timestamp_ms,ecg_filtered,ppg_dc_ir,ecg_bpm,spo2_pct,pitch_deg,roll_deg,motion_g
430916,2088,389,65.2,0.0,3.2,-1.6,1.07
430921,1700,389,65.2,0.0,3.2,-1.6,1.07
430924,1644,389,65.2,0.0,3.4,-1.7,1.09
430928,1730,389,65.2,0.0,3.4,-1.7,1.09
430941,2079,388,65.2,0.0,3.4,-1.7,1.09
430942,2112,388,65.2,0.0,3.4,-1.7,1.09
430943,2195,388,65.2,0.0,3.4,-1.7,1.09
430944,2132,388,65.2,0.0,3.4,-1.7,1.09
430958,1955,388,65.2,0.0,3.4,-1.7,1.09
430958,1959,388,65.2,0.0,3.4,-1.7,1.09
430959,2047,388,65.2,0.0,3.4,-1.7,1.09
430960,2089,388,65.2,0.0,3.4,-1.7,1.09
430975,2071,388,65.2,0.0,3.4,-1.7,1.09
430975,1980,388,65.2,0.0,3.4,-1.7,1.09
430976,1984,388,65.2,0.0,3.4,-1.7,1.09
430976,2066,388,65.2,0.0,3.4,-1.7,1.09
430989,2148,388,65.2,0.0,3.2,-1.8,1.07
430990,2105,388,65.2,0.0,3.2,-1.8,1.07
430991,2069,388,65.2,0.0,3.2,-1.8,1.07
430992,2015,388,65.2,0.0,3.2,-1.8,1.07
431008,3863,388,65.2,0.0,3.2,-1.8,1.07
431009,3932,388,65.2,0.0,3.2,-1.8,1.07
431009,3956,388,65.2,0.0,3.2,-1.8,1.07
431009,3926,388,65.2,0.0,3.2,-1.8,1.07
431022,1336,388,65.2,0.0,3.2,-1.8,1.07
431022,1333,388,65.2,0.0,3.2,-1.8,1.07
431022,1272,388,65.2,0.0,3.2,-1.8,1.07
431040,2244,388,65.2,0.0,3.2,-1.8,1.07
431041,2225,388,65.2,0.0,3.2,-1.8,1.07
431041,2325,388,65.2,0.0,3.2,-1.8,1.07
431041,2382,388,65.2,0.0,3.2,-1.8,1.07
431054,1953,388,65.2,0.0,3.1,-1.9,1.08
431054,1863,388,65.2,0.0,3.1,-1.9,1.08
431054,1853,388,65.2,0.0,3.1,-1.9,1.08
431074,2055,388,65.2,0.0,3.1,-1.9,1.08
431074,2118,388,65.2,0.0,3.1,-1.9,1.08
431077,2086,388,65.2,0.0,3.1,-1.9,1.08
431077,1973,388,65.2,0.0,3.1,-1.9,1.08
431090,1953,388,65.2,0.0,3.1,-1.9,1.08
431090,2036,388,65.2,0.0,3.1,-1.9,1.08
431091,2092,388,65.2,0.0,3.1,-1.9,1.08
431091,2053,388,65.2,0.0,3.1,-1.9,1.08
431109,1973,387,65.2,0.0,3.1,-1.8,1.08
431110,1962,387,65.2,0.0,3.1,-1.8,1.08
431110,2036,387,65.2,0.0,3.1,-1.8,1.08
431110,2074,387,65.2,0.0,3.1,-1.8,1.08
431122,2064,387,65.2,0.0,3.1,-1.8,1.08
431123,1992,387,65.2,0.0,3.1,-1.8,1.08
431123,1989,387,65.2,0.0,3.1,-1.8,1.08
431141,2042,387,65.2,0.0,3.1,-1.8,1.08
431142,2089,387,65.2,0.0,3.1,-1.8,1.08
431142,2058,387,65.2,0.0,3.1,-1.8,1.08
431142,1984,387,65.2,0.0,3.1,-1.8,1.08
431155,1993,387,65.2,0.0,3.1,-1.7,1.08
431155,2078,387,65.2,0.0,3.1,-1.7,1.08
431155,2091,387,65.2,0.0,3.1,-1.7,1.08
431175,2058,387,65.2,0.0,3.1,-1.7,1.08
431176,1999,387,65.2,0.0,3.1,-1.7,1.08
431178,1992,387,65.2,0.0,3.1,-1.7,1.08
431178,2045,387,65.2,0.0,3.1,-1.7,1.08
431191,2089,387,65.2,0.0,3.1,-1.7,1.08
431191,2065,387,65.2,0.0,3.1,-1.7,1.08
431192,2001,387,65.2,0.0,3.1,-1.7,1.08
431192,1993,387,65.2,0.0,3.1,-1.7,1.08
431210,2102,387,65.2,0.0,3.2,-1.7,1.07
431210,2128,387,65.2,0.0,3.2,-1.7,1.07
431210,2105,387,65.2,0.0,3.2,-1.7,1.07
431211,2056,387,65.2,0.0,3.2,-1.7,1.07
431223,2032,387,65.2,0.0,3.2,-1.7,1.07
431224,2107,387,65.2,0.0,3.2,-1.7,1.07
431224,2150,387,65.2,0.0,3.2,-1.7,1.07
431242,1983,387,65.2,0.0,3.2,-1.7,1.07
431243,1941,387,65.2,0.0,3.2,-1.7,1.07
431243,1939,387,65.2,0.0,3.2,-1.7,1.07
431243,2024,387,65.2,0.0,3.2,-1.7,1.07
431256,2285,386,65.2,0.0,3.2,-1.7,1.07
431256,2198,386,65.2,0.0,3.2,-1.7,1.07
431256,2161,386,65.2,0.0,3.2,-1.7,1.07
431276,2154,386,65.2,0.0,3.2,-1.7,1.07
431279,2075,386,65.2,0.0,3.2,-1.7,1.07
431279,2081,386,65.2,0.0,3.2,-1.7,1.07
431280,2064,386,65.2,0.0,3.2,-1.7,1.07
431292,2671,386,65.2,0.0,3.2,-1.7,1.07
431293,2622,386,65.2,0.0,3.2,-1.7,1.07
431293,2633,386,65.2,0.0,3.2,-1.7,1.07
431293,2642,386,65.2,0.0,3.2,-1.7,1.07
431311,2259,386,65.2,0.0,3.2,-1.7,1.07
431311,2226,386,65.2,0.0,3.2,-1.7,1.07
431311,2206,386,65.2,0.0,3.2,-1.7,1.07
431312,2239,386,65.2,0.0,3.2,-1.7,1.07
431324,1743,386,65.2,0.0,3.2,-1.7,1.07
431325,1615,386,65.2,0.0,3.2,-1.7,1.07
431325,1501,386,65.2,0.0,3.2,-1.7,1.07
431343,2446,386,65.2,0.0,3.2,-1.7,1.07
431344,2507,386,65.2,0.0,3.2,-1.7,1.07
431344,2606,386,65.2,0.0,3.2,-1.7,1.07
431344,2646,386,65.2,0.0,3.2,-1.7,1.07
431358,1868,386,65.2,0.0,3.1,-1.8,1.07
431358,1772,386,65.2,0.0,3.1,-1.8,1.07
431358,1783,386,65.2,0.0,3.1,-1.8,1.07
431377,2090,386,65.2,0.0,3.1,-1.8,1.07
431378,2123,386,65.2,0.0,3.1,-1.8,1.07
431379,2088,386,65.2,0.0,3.1,-1.8,1.07
431379,2025,386,65.2,0.0,3.1,-1.8,1.07
431392,2300,385,65.2,0.0,3.1,-1.8,1.07
431392,2336,385,65.2,0.0,3.1,-1.8,1.07
431393,2363,385,65.2,0.0,3.1,-1.8,1.07
431393,2332,385,65.2,0.0,3.1,-1.8,1.07
431410,2026,385,65.2,0.0,3.0,-1.7,1.07
431411,2021,385,65.2,0.0,3.0,-1.7,1.07
431411,2048,385,65.2,0.0,3.0,-1.7,1.07
431411,2086,385,65.2,0.0,3.0,-1.7,1.07
431424,2079,385,65.2,0.0,3.0,-1.7,1.07
431424,2043,385,65.2,0.0,3.0,-1.7,1.07
431425,2032,385,65.2,0.0,3.0,-1.7,1.07
431443,2024,385,65.2,0.0,3.0,-1.7,1.07
431444,2047,385,65.2,0.0,3.0,-1.7,1.07
431444,2048,385,65.2,0.0,3.0,-1.7,1.07
431444,2012,385,65.2,0.0,3.0,-1.7,1.07
431458,2022,385,65.2,0.0,2.9,-1.7,1.08
431458,2031,385,65.2,0.0,2.9,-1.7,1.08
431458,2071,385,65.2,0.0,2.9,-1.7,1.08
431476,2052,385,65.2,0.0,2.9,-1.7,1.08
431477,2024,385,65.2,0.0,2.9,-1.7,1.08
431477,2000,385,65.2,0.0,2.9,-1.7,1.08
431477,2034,385,65.2,0.0,2.9,-1.7,1.08
431490,2075,385,65.2,0.0,2.9,-1.7,1.08
431490,2077,385,65.2,0.0,2.9,-1.7,1.08
431491,2049,385,65.2,0.0,2.9,-1.7,1.08
431513,2128,384,65.2,0.0,3.0,-1.7,1.07
431516,2056,384,65.2,0.0,3.0,-1.7,1.07
431516,2065,384,65.2,0.0,3.0,-1.7,1.07
431516,2053,384,65.2,0.0,3.0,-1.7,1.07
431529,2031,384,65.2,0.0,3.0,-1.7,1.07
431530,2011,384,65.2,0.0,3.0,-1.7,1.07
431530,2026,384,65.2,0.0,3.0,-1.7,1.07
431530,2056,384,65.2,0.0,3.0,-1.7,1.07
431547,2548,384,65.2,0.0,3.0,-1.7,1.07
431547,2543,384,65.2,0.0,3.0,-1.7,1.07
431547,2555,384,65.2,0.0,3.0,-1.7,1.07
431547,2591,384,65.2,0.0,3.0,-1.7,1.07
431560,1915,384,65.2,0.0,3.1,-1.6,1.07
431560,1880,384,65.2,0.0,3.1,-1.6,1.07
431560,1827,384,65.2,0.0,3.1,-1.6,1.07
431579,1929,384,65.2,0.0,3.1,-1.6,1.07
431580,1933,384,65.2,0.0,3.1,-1.6,1.07
431580,1946,384,65.2,0.0,3.1,-1.6,1.07
431580,1953,384,65.2,0.0,3.1,-1.6,1.07
431593,2162,384,65.2,0.0,3.1,-1.6,1.07
431594,2117,384,65.2,0.0,3.1,-1.6,1.07
431594,2181,384,65.2,0.0,3.1,-1.6,1.07
431615,2192,383,65.2,0.0,3.1,-1.6,1.07
431618,2009,383,65.2,0.0,3.1,-1.6,1.07
431618,1954,383,65.2,0.0,3.1,-1.6,1.07
431619,1924,383,65.2,0.0,3.1,-1.6,1.07
431631,2036,383,65.2,0.0,3.1,-1.6,1.07
431632,2091,383,65.2,0.0,3.1,-1.6,1.07
431632,2085,383,65.2,0.0,3.1,-1.6,1.07
431632,2069,383,65.2,0.0,3.1,-1.6,1.07
431649,2021,383,65.2,0.0,3.1,-1.6,1.07
431649,2027,383,65.2,0.0,3.1,-1.6,1.07
431649,2089,383,65.2,0.0,3.1,-1.6,1.07
431649,2083,383,65.2,0.0,3.1,-1.6,1.07
431662,2018,383,65.2,0.0,3.1,-1.7,1.07
431662,1984,383,65.2,0.0,3.1,-1.7,1.07
431663,2012,383,65.2,0.0,3.1,-1.7,1.07
431681,2048,382,65.2,0.0,3.1,-1.7,1.07
431682,2054,382,65.2,0.0,3.1,-1.7,1.07
431682,2018,382,65.2,0.0,3.1,-1.7,1.07
431682,1986,382,65.2,0.0,3.1,-1.7,1.07
431695,2057,382,65.2,0.0,3.1,-1.7,1.07
431696,2093,382,65.2,0.0,3.1,-1.7,1.07
431696,2085,382,65.2,0.0,3.1,-1.7,1.07
431713,2032,382,65.2,0.0,3.1,-1.8,1.07
431714,2018,382,65.2,0.0,3.1,-1.8,1.07
431714,2030,382,65.2,0.0,3.1,-1.8,1.07
431714,2059,382,65.2,0.0,3.1,-1.8,1.07
431728,2014,381,65.2,0.0,3.1,-1.8,1.07
431728,1996,381,65.2,0.0,3.1,-1.8,1.07
431728,1972,381,65.2,0.0,3.1,-1.8,1.07
431747,2011,381,65.2,0.0,3.1,-1.8,1.07
431748,2041,381,65.2,0.0,3.1,-1.8,1.07
431748,2028,381,65.2,0.0,3.1,-1.8,1.07
431748,2021,381,65.2,0.0,3.1,-1.8,1.07
431761,2006,380,65.2,0.0,3.1,-1.7,1.07
431761,2021,380,65.2,0.0,3.1,-1.7,1.07
431761,2046,380,65.2,0.0,3.1,-1.7,1.07
431781,2053,380,65.2,0.0,3.1,-1.7,1.07
431781,2043,380,65.2,0.0,3.1,-1.7,1.07
431783,2001,380,65.2,0.0,3.1,-1.7,1.07
431784,2107,380,65.2,0.0,3.1,-1.7,1.07
431798,2028,380,65.2,0.0,3.1,-1.7,1.07
431798,2020,380,65.2,0.0,3.1,-1.7,1.07
431799,1998,380,65.2,0.0,3.1,-1.7,1.07
431799,1981,380,65.2,0.0,3.1,-1.7,1.07
431816,2035,379,65.2,0.0,3.1,-1.7,1.08
431817,2061,379,65.2,0.0,3.1,-1.7,1.08
431817,2068,379,65.2,0.0,3.1,-1.7,1.08
431817,2052,379,65.2,0.0,3.1,-1.7,1.08
431830,1778,379,65.2,0.0,3.1,-1.7,1.08
431830,1792,379,65.2,0.0,3.1,-1.7,1.08
431831,1805,379,65.2,0.0,3.1,-1.7,1.08
431849,2068,378,65.2,0.0,3.1,-1.7,1.08
431850,2046,378,65.2,0.0,3.1,-1.7,1.08
431850,2046,378,65.2,0.0,3.1,-1.7,1.08
431850,2060,378,65.2,0.0,3.1,-1.7,1.08
431863,2029,378,65.2,0.0,3.1,-1.6,1.07
431863,2019,378,65.2,0.0,3.1,-1.6,1.07
431863,2009,378,65.2,0.0,3.1,-1.6,1.07
431882,1987,378,65.2,0.0,3.1,-1.6,1.07
431883,2002,378,65.2,0.0,3.1,-1.6,1.07
431883,2012,378,65.2,0.0,3.1,-1.6,1.07
431883,2002,378,65.2,0.0,3.1,-1.6,1.07
431897,2021,377,65.2,0.0,3.1,-1.6,1.07
431897,2028,377,65.2,0.0,3.1,-1.6,1.07
431897,2055,377,65.2,0.0,3.1,-1.6,1.07
431917,2048,377,65.2,0.0,3.2,-1.7,1.08
431919,2031,377,65.2,0.0,3.2,-1.7,1.08
431919,2014,377,65.2,0.0,3.2,-1.7,1.08
431920,1997,377,65.2,0.0,3.2,-1.7,1.08
431933,3172,377,65.2,0.0,3.2,-1.7,1.08
431933,3068,377,65.2,0.0,3.2,-1.7,1.08
431933,3047,377,65.2,0.0,3.2,-1.7,1.08
431934,3017,377,65.2,0.0,3.2,-1.7,1.08
431950,1852,376,65.2,0.0,3.2,-1.7,1.08
431951,1885,376,65.2,0.0,3.2,-1.7,1.08
431951,1881,376,65.2,0.0,3.2,-1.7,1.08
431951,1888,376,65.2,0.0,3.2,-1.7,1.08
431963,2177,376,65.2,0.0,3.2,-1.7,1.09
431964,2176,376,65.2,0.0,3.2,-1.7,1.09
431964,2156,376,65.2,0.0,3.2,-1.7,1.09
431983,2037,376,65.2,0.0,3.2,-1.7,1.09
431986,2233,376,65.2,0.0,3.2,-1.7,1.09
431986,2278,376,65.2,0.0,3.2,-1.7,1.09
431986,2305,376,65.2,0.0,3.2,-1.7,1.09
431999,2000,376,65.2,0.0,3.2,-1.7,1.09
431999,1967,376,65.2,0.0,3.2,-1.7,1.09
432000,1940,376,65.2,0.0,3.2,-1.7,1.09
432000,1941,376,65.2,0.0,3.2,-1.7,1.09
432017,2074,376,65.2,0.0,3.1,-1.8,1.07
432018,2082,376,65.2,0.0,3.1,-1.8,1.07
432018,2067,376,65.2,0.0,3.1,-1.8,1.07
432018,2048,376,65.2,0.0,3.1,-1.8,1.07
432031,1992,376,65.2,0.0,3.1,-1.8,1.07
432031,2015,376,65.2,0.0,3.1,-1.8,1.07
432032,2011,376,65.2,0.0,3.1,-1.8,1.07
432050,2029,375,65.2,0.0,3.1,-1.8,1.07
432051,2019,375,65.2,0.0,3.1,-1.8,1.07
432051,2021,375,65.2,0.0,3.1,-1.8,1.07
432051,2039,375,65.2,0.0,3.1,-1.8,1.07
432065,2054,375,65.2,0.0,3.0,-1.8,1.07
432065,2035,375,65.2,0.0,3.0,-1.8,1.07
432065,2017,375,65.2,0.0,3.0,-1.8,1.07
432083,2022,375,65.2,0.0,3.0,-1.8,1.07
432083,2035,375,65.2,0.0,3.0,-1.8,1.07
432083,2043,375,65.2,0.0,3.0,-1.8,1.07
432083,2021,375,65.2,0.0,3.0,-1.8,1.07
432097,2017,375,65.2,0.0,3.0,-1.8,1.07
432098,2025,375,65.2,0.0,3.0,-1.8,1.07
432098,2042,375,65.2,0.0,3.0,-1.8,1.07
432117,2043,375,65.2,0.0,3.0,-1.8,1.10
432119,2030,375,65.2,0.0,3.0,-1.8,1.10
432119,2026,375,65.2,0.0,3.0,-1.8,1.10
432120,2021,375,65.2,0.0,3.0,-1.8,1.10
432132,2035,375,65.2,0.0,3.0,-1.8,1.10
432133,2045,375,65.2,0.0,3.0,-1.8,1.10
432133,2028,375,65.2,0.0,3.0,-1.8,1.10
432133,2020,375,65.2,0.0,3.0,-1.8,1.10
432150,2016,376,65.2,0.0,3.0,-1.8,1.10
432151,2035,376,65.2,0.0,3.0,-1.8,1.10
432151,2032,376,65.2,0.0,3.0,-1.8,1.10
432151,2029,376,65.2,0.0,3.0,-1.8,1.10
432165,2024,376,65.2,0.0,3.3,-1.8,1.07
432165,2026,376,65.2,0.0,3.3,-1.8,1.07
432165,2054,376,65.2,0.0,3.3,-1.8,1.07
432183,2039,376,65.2,0.0,3.3,-1.8,1.07
432183,2029,376,65.2,0.0,3.3,-1.8,1.07
432183,2024,376,65.2,0.0,3.3,-1.8,1.07
432184,2054,376,65.2,0.0,3.3,-1.8,1.07
432197,2028,376,65.2,0.0,3.3,-1.8,1.07
432198,2028,376,65.2,0.0,3.3,-1.8,1.07
432199,2005,376,65.2,0.0,3.3,-1.8,1.07
432199,1994,376,65.2,0.0,3.3,-1.8,1.07
432217,2049,376,65.2,0.0,3.0,-1.4,1.08
432217,2054,376,65.2,0.0,3.0,-1.4,1.08
432218,2061,376,65.2,0.0,3.0,-1.4,1.08
432218,2055,376,65.2,0.0,3.0,-1.4,1.08
432230,2025,376,65.2,0.0,3.0,-1.4,1.08
432231,2038,376,65.2,0.0,3.0,-1.4,1.08
432231,2049,376,65.2,0.0,3.0,-1.4,1.08
432250,2014,376,65.2,0.0,3.0,-1.4,1.08
432253,2034,376,65.2,0.0,3.0,-1.4,1.08
432253,2030,376,65.2,0.0,3.0,-1.4,1.08
432253,2030,376,65.2,0.0,3.0,-1.4,1.08
432266,2024,376,65.2,0.0,3.1,-1.5,1.07
432266,2023,376,65.2,0.0,3.1,-1.5,1.07
432267,2021,376,65.2,0.0,3.1,-1.5,1.07
432267,2011,376,65.2,0.0,3.1,-1.5,1.07
432282,2015,376,65.2,0.0,3.1,-1.5,1.07
432283,2037,376,65.2,0.0,3.1,-1.5,1.07
432283,2059,376,65.2,0.0,3.1,-1.5,1.07
432283,2035,376,65.2,0.0,3.1,-1.5,1.07
432297,2031,376,65.2,0.0,3.1,-1.5,1.07
432297,2032,376,65.2,0.0,3.1,-1.5,1.07
432297,2039,376,65.2,0.0,3.1,-1.5,1.07
432318,2035,377,65.2,0.0,3.2,-1.6,1.07
432320,2009,377,65.2,0.0,3.2,-1.6,1.07
432320,1997,377,65.2,0.0,3.2,-1.6,1.07
432321,1999,377,65.2,0.0,3.2,-1.6,1.07
432334,2133,377,65.2,0.0,3.2,-1.6,1.07
432335,2126,377,65.2,0.0,3.2,-1.6,1.07
432335,2106,377,65.2,0.0,3.2,-1.6,1.07
432335,2103,377,65.2,0.0,3.2,-1.6,1.07
432351,2002,377,65.2,0.0,3.2,-1.6,1.07
432351,2019,377,65.2,0.0,3.2,-1.6,1.07
432352,2017,377,65.2,0.0,3.2,-1.6,1.07
432352,2015,377,65.2,0.0,3.2,-1.6,1.07
432365,2065,377,65.2,0.0,3.1,-1.8,1.08
432366,2021,377,65.2,0.0,3.1,-1.8,1.08
432366,2018,377,65.2,0.0,3.1,-1.8,1.08
432366,2035,377,65.2,0.0,3.1,-1.8,1.08
432384,2027,377,65.2,0.0,3.1,-1.8,1.08
432385,2025,377,65.2,0.0,3.1,-1.8,1.08
432385,2033,377,65.2,0.0,3.1,-1.8,1.08
432385,2034,377,65.2,0.0,3.1,-1.8,1.08
432398,2047,377,65.2,0.0,3.1,-1.8,1.08
432398,2035,377,65.2,0.0,3.1,-1.8,1.08
432398,2030,377,65.2,0.0,3.1,-1.8,1.08
432418,2029,377,65.2,0.0,3.2,-1.9,1.08
432418,2035,377,65.2,0.0,3.2,-1.9,1.08
432420,2025,377,65.2,0.0,3.2,-1.9,1.08
432420,2033,377,65.2,0.0,3.2,-1.9,1.08
432434,2064,378,65.2,0.0,3.2,-1.9,1.08
432434,2061,378,65.2,0.0,3.2,-1.9,1.08
432434,2040,378,65.2,0.0,3.2,-1.9,1.08
432435,2055,378,65.2,0.0,3.2,-1.9,1.08
432450,2015,378,65.2,0.0,3.2,-1.9,1.08
432451,2016,378,65.2,0.0,3.2,-1.9,1.08
432451,2017,378,65.2,0.0,3.2,-1.9,1.08
432451,2031,378,65.2,0.0,3.2,-1.9,1.08
432465,2029,378,65.2,0.0,3.3,-1.8,1.07
432465,2015,378,65.2,0.0,3.3,-1.8,1.07
432465,2031,378,65.2,0.0,3.3,-1.8,1.07
432484,2062,378,65.2,0.0,3.3,-1.8,1.07
432485,2023,378,65.2,0.0,3.3,-1.8,1.07
432485,2021,378,65.2,0.0,3.3,-1.8,1.07
432485,2028,378,65.2,0.0,3.3,-1.8,1.07
432498,2036,378,65.2,0.0,3.3,-1.8,1.07
432498,2044,378,65.2,0.0,3.3,-1.8,1.07
432499,2029,378,65.2,0.0,3.3,-1.8,1.07
432517,2037,378,65.2,0.0,3.2,-1.8,1.08
432518,2054,378,65.2,0.0,3.2,-1.8,1.08
432518,2020,378,65.2,0.0,3.2,-1.8,1.08
432518,2027,378,65.2,0.0,3.2,-1.8,1.08
432531,2015,378,65.2,0.0,3.2,-1.8,1.08
432531,2017,378,65.2,0.0,3.2,-1.8,1.08
432531,2004,378,65.2,0.0,3.2,-1.8,1.08
432550,2074,378,65.2,0.0,3.2,-1.8,1.08
432551,2064,378,65.2,0.0,3.2,-1.8,1.08
432551,2035,378,65.2,0.0,3.2,-1.8,1.08
432551,2028,378,65.2,0.0,3.2,-1.8,1.08
432565,2041,379,65.2,0.0,3.1,-1.6,1.07
432565,2035,379,65.2,0.0,3.1,-1.6,1.07
432565,2039,379,65.2,0.0,3.1,-1.6,1.07
432583,2019,379,65.2,0.0,3.1,-1.6,1.07
432584,2023,379,65.2,0.0,3.1,-1.6,1.07
432584,2045,379,65.2,0.0,3.1,-1.6,1.07
432584,2046,379,65.2,0.0,3.1,-1.6,1.07
432597,2023,379,65.2,0.0,3.1,-1.6,1.07
432597,2046,379,65.2,0.0,3.1,-1.6,1.07
432597,2043,379,65.2,0.0,3.1,-1.6,1.07
432617,2036,379,65.2,0.0,3.1,-1.7,1.08
432619,2033,379,65.2,0.0,3.1,-1.7,1.08
432619,2037,379,65.2,0.0,3.1,-1.7,1.08
432620,2052,379,65.2,0.0,3.1,-1.7,1.08
432633,2033,379,65.2,0.0,3.1,-1.7,1.08
432634,2037,379,65.2,0.0,3.1,-1.7,1.08
432634,2028,379,65.2,0.0,3.1,-1.7,1.08
432634,2026,379,65.2,0.0,3.1,-1.7,1.08
432650,2046,379,65.2,0.0,3.1,-1.7,1.08
432651,2033,379,65.2,0.0,3.1,-1.7,1.08
432651,2022,379,65.2,0.0,3.1,-1.7,1.08
432651,2026,379,65.2,0.0,3.1,-1.7,1.08
432664,2035,379,65.2,0.0,3.2,-1.8,1.07
432665,2035,379,65.2,0.0,3.2,-1.8,1.07
432665,2042,379,65.2,0.0,3.2,-1.8,1.07
432684,2033,380,65.2,0.0,3.2,-1.8,1.07
432684,2087,380,65.2,0.0,3.2,-1.8,1.07
432684,2080,380,65.2,0.0,3.2,-1.8,1.07
432686,2145,380,65.2,0.0,3.2,-1.8,1.07
432698,2023,380,65.2,0.0,3.2,-1.8,1.07
432699,2012,380,65.2,0.0,3.2,-1.8,1.07
432699,2015,380,65.2,0.0,3.2,-1.8,1.07
432699,1994,380,65.2,0.0,3.2,-1.8,1.07
432717,2048,380,65.2,0.0,3.2,-1.8,1.07
432718,2060,380,65.2,0.0,3.2,-1.8,1.07
432718,2051,380,65.2,0.0,3.2,-1.8,1.07
432718,2059,380,65.2,0.0,3.2,-1.8,1.07
432730,2018,380,65.2,0.0,3.3,-1.8,1.08
432731,2019,380,65.2,0.0,3.3,-1.8,1.08
432731,2042,380,65.2,0.0,3.3,-1.8,1.08
432750,2373,380,65.2,0.0,3.3,-1.8,1.08
432753,2281,380,65.2,0.0,3.3,-1.8,1.08
432753,2283,380,65.2,0.0,3.3,-1.8,1.08
432754,2283,380,65.2,0.0,3.3,-1.8,1.08
432766,1922,380,65.2,0.0,3.3,-1.8,1.08
432767,1917,380,65.2,0.0,3.3,-1.8,1.08
432767,1894,380,65.2,0.0,3.3,-1.8,1.08
432768,1899,380,65.2,0.0,3.3,-1.8,1.08
432786,2122,381,65.2,0.0,3.2,-1.7,1.08
432786,2120,381,65.2,0.0,3.2,-1.7,1.08
432786,2120,381,65.2,0.0,3.2,-1.7,1.08
432787,2117,381,65.2,0.0,3.2,-1.7,1.08
432799,1995,381,65.2,0.0,3.2,-1.7,1.08
432800,2015,381,65.2,0.0,3.2,-1.7,1.08
432800,2009,381,65.2,0.0,3.2,-1.7,1.08
432819,2079,381,65.2,0.0,3.2,-1.7,1.08
432819,2035,381,65.2,0.0,3.2,-1.7,1.08
432819,2034,381,65.2,0.0,3.2,-1.7,1.08
432822,2039,381,65.2,0.0,3.2,-1.7,1.08
432834,2038,382,65.2,0.0,3.2,-1.6,1.07
432835,2033,382,65.2,0.0,3.2,-1.6,1.07
432835,2032,382,65.2,0.0,3.2,-1.6,1.07
432835,2023,382,65.2,0.0,3.2,-1.6,1.07
432852,2035,382,65.2,0.0,3.2,-1.6,1.07
432852,2038,382,65.2,0.0,3.2,-1.6,1.07
432852,2033,382,65.2,0.0,3.2,-1.6,1.07
432853,2027,382,65.2,0.0,3.2,-1.6,1.07
432865,2031,382,65.2,0.0,3.2,-1.6,1.07
432866,2035,382,65.2,0.0,3.2,-1.6,1.07
432866,2034,382,65.2,0.0,3.2,-1.6,1.07
432884,2032,382,65.2,0.0,3.2,-1.5,1.08
432885,2025,382,65.2,0.0,3.2,-1.5,1.08
432885,2025,382,65.2,0.0,3.2,-1.5,1.08
432885,2023,382,65.2,0.0,3.2,-1.5,1.08
432898,2039,382,65.2,0.0,3.2,-1.5,1.08
432899,2039,382,65.2,0.0,3.2,-1.5,1.08
432900,2033,382,65.2,0.0,3.2,-1.5,1.08
432900,2040,382,65.2,0.0,3.2,-1.5,1.08
432918,2022,383,65.2,0.0,3.2,-1.5,1.08
432918,2012,383,65.2,0.0,3.2,-1.5,1.08
432918,2030,383,65.2,0.0,3.2,-1.5,1.08
432918,2034,383,65.2,0.0,3.2,-1.5,1.08
432932,2306,383,65.2,0.0,3.2,-1.7,1.08
432932,2290,383,65.2,0.0,3.2,-1.7,1.08
432933,2295,383,65.2,0.0,3.2,-1.7,1.08
432950,2407,383,65.2,0.0,3.2,-1.7,1.08
432951,2417,383,65.2,0.0,3.2,-1.7,1.08
432951,2391,383,65.2,0.0,3.2,-1.7,1.08
432951,2409,383,65.2,0.0,3.2,-1.7,1.08
432964,1912,384,65.2,0.0,3.2,-1.7,1.08
432965,1913,384,65.2,0.0,3.2,-1.7,1.08
432965,1886,384,65.2,0.0,3.2,-1.7,1.08
432983,2037,384,65.2,0.0,3.2,-1.7,1.08
432984,2035,384,65.2,0.0,3.2,-1.7,1.08
432984,2068,384,65.2,0.0,3.2,-1.7,1.08
432984,2092,384,65.2,0.0,3.2,-1.7,1.08
432996,2019,384,65.2,0.0,3.3,-1.8,1.08
432997,2002,384,65.2,0.0,3.3,-1.8,1.08
432997,2003,384,65.2,0.0,3.3,-1.8,1.08
433017,2057,385,65.2,0.0,3.3,-1.8,1.08
433019,2049,385,65.2,0.0,3.3,-1.8,1.08
433020,2033,385,65.2,0.0,3.3,-1.8,1.08
433020,2011,385,65.2,0.0,3.3,-1.8,1.08
433034,2022,385,65.2,0.0,3.3,-1.8,1.08
433034,2045,385,65.2,0.0,3.3,-1.8,1.08
433034,2050,385,65.2,0.0,3.3,-1.8,1.08
433035,2038,385,65.2,0.0,3.3,-1.8,1.08
433053,2005,386,65.2,0.0,3.2,-1.7,1.08
433053,1976,386,65.2,0.0,3.2,-1.7,1.08
433053,2036,386,65.2,0.0,3.2,-1.7,1.08
433054,2042,386,65.2,0.0,3.2,-1.7,1.08
433066,2043,386,65.2,0.0,3.2,-1.7,1.08
433067,2022,386,65.2,0.0,3.2,-1.7,1.08
433067,2024,386,65.2,0.0,3.2,-1.7,1.08
433085,2065,386,65.2,0.0,3.2,-1.7,1.08
433086,2077,386,65.2,0.0,3.2,-1.7,1.08
433086,2064,386,65.2,0.0,3.2,-1.7,1.08
433086,2050,386,65.2,0.0,3.2,-1.7,1.08
433098,2019,386,65.2,0.0,3.0,-1.7,1.08
433099,2041,386,65.2,0.0,3.0,-1.7,1.08
433099,2044,386,65.2,0.0,3.0,-1.7,1.08
433118,2032,387,65.2,0.0,3.0,-1.7,1.08
433121,2013,387,65.2,0.0,3.0,-1.7,1.08
433122,2029,387,65.2,0.0,3.0,-1.7,1.08
433122,2042,387,65.2,0.0,3.0,-1.7,1.08
433135,2057,387,65.2,0.0,3.0,-1.7,1.08
433135,2048,387,65.2,0.0,3.0,-1.7,1.08
433135,2025,387,65.2,0.0,3.0,-1.7,1.08
433136,2054,387,65.2,0.0,3.0,-1.7,1.08
433154,2030,387,65.2,0.0,3.0,-1.6,1.08
433155,2037,387,65.2,0.0,3.0,-1.6,1.08
433155,2056,387,65.2,0.0,3.0,-1.6,1.08
433155,2048,387,65.2,0.0,3.0,-1.6,1.08
433168,1996,388,65.2,0.0,3.0,-1.6,1.08
433168,2014,388,65.2,0.0,3.0,-1.6,1.08
433168,2011,388,65.2,0.0,3.0,-1.6,1.08
433186,2027,388,65.2,0.0,3.0,-1.6,1.08
433187,2019,388,65.2,0.0,3.0,-1.6,1.08
433187,2020,388,65.2,0.0,3.0,-1.6,1.08
433187,2033,388,65.2,0.0,3.0,-1.6,1.08
433200,2056,388,65.2,0.0,3.1,-1.6,1.06
433201,2037,388,65.2,0.0,3.1,-1.6,1.06
433201,2027,388,65.2,0.0,3.1,-1.6,1.06
433218,2027,388,65.2,0.0,3.1,-1.6,1.06
433219,2040,388,65.2,0.0,3.1,-1.6,1.06
433219,2037,388,65.2,0.0,3.1,-1.6,1.06
433219,2024,388,65.2,0.0,3.1,-1.6,1.06
433233,2021,389,65.2,0.0,3.1,-1.6,1.06
433234,2030,389,65.2,0.0,3.1,-1.6,1.06
433234,2049,389,65.2,0.0,3.1,-1.6,1.06
433234,2052,389,65.2,0.0,3.1,-1.6,1.06
433253,2027,389,65.2,0.0,3.1,-1.7,1.08
433253,2025,389,65.2,0.0,3.1,-1.7,1.08
433253,2034,389,65.2,0.0,3.1,-1.7,1.08
433253,2045,389,65.2,0.0,3.1,-1.7,1.08
433266,2338,389,65.2,0.0,3.1,-1.7,1.08
433267,2367,389,65.2,0.0,3.1,-1.7,1.08
433267,2380,389,65.2,0.0,3.1,-1.7,1.08
433285,1894,389,65.2,0.0,3.1,-1.7,1.08
433286,1920,389,65.2,0.0,3.1,-1.7,1.08
433286,1892,389,65.2,0.0,3.1,-1.7,1.08
433286,1867,389,65.2,0.0,3.1,-1.7,1.08
433299,2075,389,65.2,0.0,3.2,-1.7,1.08
433299,2104,389,65.2,0.0,3.2,-1.7,1.08
433299,2124,389,65.2,0.0,3.2,-1.7,1.08
433318,2039,389,65.2,0.0,3.2,-1.7,1.08
433321,2015,389,65.2,0.0,3.2,-1.7,1.08
433321,2023,389,65.2,0.0,3.2,-1.7,1.08
433321,2043,389,65.2,0.0,3.2,-1.7,1.08
433334,2088,389,65.2,0.0,3.2,-1.7,1.08
433334,2070,389,65.2,0.0,3.2,-1.7,1.08
433334,2049,389,65.2,0.0,3.2,-1.7,1.08
433335,2043,389,65.2,0.0,3.2,-1.7,1.08
433352,2046,389,65.2,0.0,3.1,-1.8,1.07
433353,2067,389,65.2,0.0,3.1,-1.8,1.07
433353,2050,389,65.2,0.0,3.1,-1.8,1.07
433353,2030,389,65.2,0.0,3.1,-1.8,1.07
433366,2073,389,65.2,0.0,3.1,-1.8,1.07
433366,2107,389,65.2,0.0,3.1,-1.8,1.07
433366,2122,389,65.2,0.0,3.1,-1.8,1.07
433387,2048,389,65.2,0.0,3.1,-1.8,1.07
433390,2030,389,65.2,0.0,3.1,-1.8,1.07
433390,2024,389,65.2,0.0,3.1,-1.8,1.07
433390,2038,389,65.2,0.0,3.1,-1.8,1.07
433403,2044,389,65.2,0.0,3.1,-1.8,1.07
433403,2039,389,65.2,0.0,3.1,-1.8,1.07
433403,2017,389,65.2,0.0,3.1,-1.8,1.07
433403,2014,389,65.2,0.0,3.1,-1.8,1.07
433420,2029,388,65.2,0.0,3.1,-1.8,1.07
433420,2044,388,65.2,0.0,3.1,-1.8,1.07
433421,2035,388,65.2,0.0,3.1,-1.8,1.07
433421,2018,388,65.2,0.0,3.1,-1.8,1.07
433433,2029,388,65.2,0.0,3.1,-1.8,1.07
433434,2035,388,65.2,0.0,3.1,-1.8,1.07
433434,2039,388,65.2,0.0,3.1,-1.8,1.07
433452,2022,388,65.2,0.0,3.1,-1.8,1.08
433453,2004,388,65.2,0.0,3.1,-1.8,1.08
433453,1994,388,65.2,0.0,3.1,-1.8,1.08
433453,2020,388,65.2,0.0,3.1,-1.8,1.08
433466,2271,388,65.2,0.0,3.1,-1.8,1.08
433466,2306,388,65.2,0.0,3.1,-1.8,1.08
433467,2322,388,65.2,0.0,3.1,-1.8,1.08
433486,1986,388,65.2,0.0,3.1,-1.8,1.08
433486,2031,388,65.2,0.0,3.1,-1.8,1.08
433486,2026,388,65.2,0.0,3.1,-1.8,1.08
433486,2011,388,65.2,0.0,3.1,-1.8,1.08
433500,2027,388,65.2,0.0,3.0,-1.7,1.08
433501,2034,388,65.2,0.0,3.0,-1.7,1.08
433501,2044,388,65.2,0.0,3.0,-1.7,1.08
433501,2035,388,65.2,0.0,3.0,-1.7,1.08
433518,2028,388,65.2,0.0,3.0,-1.7,1.08
433519,2028,388,65.2,0.0,3.0,-1.7,1.08
433519,2049,388,65.2,0.0,3.0,-1.7,1.08
433519,2063,388,65.2,0.0,3.0,-1.7,1.08
433533,2030,388,65.2,0.0,3.0,-1.7,1.08
433533,2009,388,65.2,0.0,3.0,-1.7,1.08
433533,2008,388,65.2,0.0,3.0,-1.7,1.08
433552,2003,388,65.2,0.0,3.0,-1.7,1.08
433554,2043,388,65.2,0.0,3.0,-1.7,1.08
433554,2036,388,65.2,0.0,3.0,-1.7,1.08
433554,2027,388,65.2,0.0,3.0,-1.7,1.08
433567,2006,388,65.2,0.0,3.3,-1.5,1.42
433567,2016,388,65.2,0.0,3.3,-1.5,1.42
433567,1962,388,65.2,0.0,3.3,-1.5,1.42
433568,1981,388,65.2,0.0,3.3,-1.5,1.42
433586,2086,387,65.2,0.0,3.3,-1.5,1.42
433587,2096,387,65.2,0.0,3.3,-1.5,1.42
433587,2105,387,65.2,0.0,3.3,-1.5,1.42
433587,2122,387,65.2,0.0,3.3,-1.5,1.42
433601,2029,387,65.2,0.0,3.3,-1.5,1.42
433602,1994,387,65.2,0.0,3.3,-1.5,1.42
433602,1992,387,65.2,0.0,3.3,-1.5,1.42
433602,2001,387,65.2,0.0,3.3,-1.5,1.42
433620,2060,387,65.2,0.0,2.8,-1.7,0.97
433621,2035,387,65.2,0.0,2.8,-1.7,0.97
433621,2008,387,65.2,0.0,2.8,-1.7,0.97
433621,2008,387,65.2,0.0,2.8,-1.7,0.97
433633,2029,387,65.2,0.0,2.8,-1.7,0.97
433634,2031,387,65.2,0.0,2.8,-1.7,0.97
433634,2042,387,65.2,0.0,2.8,-1.7,0.97
433653,2038,387,65.2,0.0,2.8,-1.7,0.97
433655,2054,387,65.2,0.0,2.8,-1.7,0.97
433656,2049,387,65.2,0.0,2.8,-1.7,0.97
433656,2062,387,65.2,0.0,2.8,-1.7,0.97
433669,2592,387,65.2,0.0,2.8,-1.6,1.12
433670,2591,387,65.2,0.0,2.8,-1.6,1.12
433670,2607,387,65.2,0.0,2.8,-1.6,1.12
433670,2633,387,65.2,0.0,2.8,-1.6,1.12
433686,2073,387,65.2,0.0,2.8,-1.6,1.12
433687,2082,387,65.2,0.0,2.8,-1.6,1.12
433687,2060,387,65.2,0.0,2.8,-1.6,1.12
433687,2066,387,65.2,0.0,2.8,-1.6,1.12
433701,2021,387,65.2,0.0,2.8,-1.6,1.12
433701,2042,387,65.2,0.0,2.8,-1.6,1.12
433702,2020,387,65.2,0.0,2.8,-1.6,1.12
433702,1980,387,65.2,0.0,2.8,-1.6,1.12
433721,2023,386,65.2,0.0,3.0,-1.6,1.09
433723,2047,386,65.2,0.0,3.0,-1.6,1.09
433723,2073,386,65.2,0.0,3.0,-1.6,1.09
433723,2047,386,65.2,0.0,3.0,-1.6,1.09
433736,2036,386,65.2,0.0,3.0,-1.6,1.09
433736,2011,386,65.2,0.0,3.0,-1.6,1.09
433737,2035,386,65.2,0.0,3.0,-1.6,1.09
433737,2051,386,65.2,0.0,3.0,-1.6,1.09
433754,2255,386,65.2,0.0,3.0,-1.6,1.09
433755,2250,386,65.2,0.0,3.0,-1.6,1.09
433755,2218,386,65.2,0.0,3.0,-1.6,1.09
433755,2233,386,65.2,0.0,3.0,-1.6,1.09
433768,2304,386,65.2,0.0,3.1,-1.5,1.08
433769,2299,386,65.2,0.0,3.1,-1.5,1.08
433769,2290,386,65.2,0.0,3.1,-1.5,1.08
433786,2422,386,65.2,0.0,3.1,-1.5,1.08
433787,2536,386,65.2,0.0,3.1,-1.5,1.08
433787,2584,386,65.2,0.0,3.1,-1.5,1.08
433787,2603,386,65.2,0.0,3.1,-1.5,1.08
433801,1855,386,65.2,0.0,3.1,-1.5,1.08
433801,1840,386,65.2,0.0,3.1,-1.5,1.08
433802,1813,386,65.2,0.0,3.1,-1.5,1.08
433822,1932,386,65.2,0.0,3.1,-1.4,1.10
433824,1821,386,65.2,0.0,3.1,-1.4,1.10
433824,1991,386,65.2,0.0,3.1,-1.4,1.10
433824,2061,386,65.2,0.0,3.1,-1.4,1.10
433837,2286,386,65.2,0.0,3.1,-1.4,1.10
433838,2186,386,65.2,0.0,3.1,-1.4,1.10
433838,2153,386,65.2,0.0,3.1,-1.4,1.10
433838,2126,386,65.2,0.0,3.1,-1.4,1.10
433855,2371,385,65.2,0.0,3.1,-1.4,1.10
433855,2357,385,65.2,0.0,3.1,-1.4,1.10
433855,2357,385,65.2,0.0,3.1,-1.4,1.10
433855,2371,385,65.2,0.0,3.1,-1.4,1.10
433869,2300,385,65.2,0.0,3.1,-1.4,1.06
433869,2295,385,65.2,0.0,3.1,-1.4,1.06
433870,2291,385,65.2,0.0,3.1,-1.4,1.06
433887,2189,385,65.2,0.0,3.1,-1.4,1.06
433887,2212,385,65.2,0.0,3.1,-1.4,1.06
433887,2203,385,65.2,0.0,3.1,-1.4,1.06
433887,2175,385,65.2,0.0,3.1,-1.4,1.06
433901,1955,385,65.2,0.0,3.1,-1.4,1.06
433902,1951,385,65.2,0.0,3.1,-1.4,1.06
433902,1954,385,65.2,0.0,3.1,-1.4,1.06
433903,1942,385,65.2,0.0,3.1,-1.4,1.06
433927,2161,385,65.2,0.0,2.9,-1.7,1.08
433930,2180,385,65.2,0.0,2.9,-1.7,1.08
433930,2203,385,65.2,0.0,2.9,-1.7,1.08
433930,2207,385,65.2,0.0,2.9,-1.7,1.08
433943,1989,385,65.2,0.0,2.9,-1.7,1.08
433943,1957,385,65.2,0.0,2.9,-1.7,1.08
433944,1941,385,65.2,0.0,2.9,-1.7,1.08
433944,1954,385,65.2,0.0,2.9,-1.7,1.08
433960,1975,385,65.2,0.0,2.9,-1.7,1.08
433961,1971,385,65.2,0.0,2.9,-1.7,1.08
433961,1957,385,65.2,0.0,2.9,-1.7,1.08
433961,1941,385,65.2,0.0,2.9,-1.7,1.08
433974,2028,384,65.2,0.0,3.1,-1.8,1.08
433974,2048,384,65.2,0.0,3.1,-1.8,1.08
433974,2068,384,65.2,0.0,3.1,-1.8,1.08
433993,2119,384,65.2,0.0,3.1,-1.8,1.08
433994,2105,384,65.2,0.0,3.1,-1.8,1.08
433994,2102,384,65.2,0.0,3.1,-1.8,1.08
433994,2109,384,65.2,0.0,3.1,-1.8,1.08
434007,2194,384,65.2,0.0,3.1,-1.8,1.08
434007,2158,384,65.2,0.0,3.1,-1.8,1.08
434007,2198,384,65.2,0.0,3.1,-1.8,1.08
434027,2274,384,65.2,0.0,3.3,-1.8,1.07
434027,2303,384,65.2,0.0,3.3,-1.8,1.07
434027,2310,384,65.2,0.0,3.3,-1.8,1.07
434030,2337,384,65.2,0.0,3.3,-1.8,1.07
434043,1907,384,65.2,0.0,3.3,-1.8,1.07
434043,1927,384,65.2,0.0,3.3,-1.8,1.07
434043,1895,384,65.2,0.0,3.3,-1.8,1.07
434043,1899,384,65.2,0.0,3.3,-1.8,1.07
434060,2002,383,65.2,0.0,3.3,-1.8,1.07
434060,1992,383,65.2,0.0,3.3,-1.8,1.07
434061,1999,383,65.2,0.0,3.3,-1.8,1.07
434061,1995,383,65.2,0.0,3.3,-1.8,1.07
434073,2042,383,65.2,0.0,3.3,-1.6,1.07
434074,2000,383,65.2,0.0,3.3,-1.6,1.07
434074,2031,383,65.2,0.0,3.3,-1.6,1.07
434093,1924,383,65.2,0.0,3.3,-1.6,1.07
434095,1947,383,65.2,0.0,3.3,-1.6,1.07
434095,1944,383,65.2,0.0,3.3,-1.6,1.07
434095,1937,383,65.2,0.0,3.3,-1.6,1.07
434109,2277,383,65.2,0.0,3.3,-1.6,1.07
434109,2287,383,65.2,0.0,3.3,-1.6,1.07
434110,2298,383,65.2,0.0,3.3,-1.6,1.07
434110,2289,383,65.2,0.0,3.3,-1.6,1.07
434128,1958,383,65.2,0.0,3.1,-1.5,1.06
434128,1930,383,65.2,0.0,3.1,-1.5,1.06
434128,1948,383,65.2,0.0,3.1,-1.5,1.06
434129,1949,383,65.2,0.0,3.1,-1.5,1.06
434142,2008,382,65.2,0.0,3.1,-1.5,1.06
434143,2037,382,65.2,0.0,3.1,-1.5,1.06
434143,2057,382,65.2,0.0,3.1,-1.5,1.06
434143,2030,382,65.2,0.0,3.1,-1.5,1.06
434160,2021,382,65.2,0.0,3.1,-1.5,1.06
434161,2022,382,65.2,0.0,3.1,-1.5,1.06
434161,2023,382,65.2,0.0,3.1,-1.5,1.06
434161,2029,382,65.2,0.0,3.1,-1.5,1.06
434174,2033,382,65.2,0.0,3.1,-1.5,1.08
434174,2017,382,65.2,0.0,3.1,-1.5,1.08
434174,2041,382,65.2,0.0,3.1,-1.5,1.08
434193,2245,382,65.2,0.0,3.1,-1.5,1.08
434194,2228,382,65.2,0.0,3.1,-1.5,1.08
434194,2227,382,65.2,0.0,3.1,-1.5,1.08
434194,2251,382,65.2,0.0,3.1,-1.5,1.08
434208,1864,381,65.2,0.0,3.1,-1.5,1.08
434208,1843,381,65.2,0.0,3.1,-1.5,1.08
434208,1857,381,65.2,0.0,3.1,-1.5,1.08
434225,2161,381,65.2,0.0,3.1,-1.5,1.08
434226,2179,381,65.2,0.0,3.1,-1.5,1.08
434226,2192,381,65.2,0.0,3.1,-1.5,1.08
434226,2205,381,65.2,0.0,3.1,-1.5,1.08
434240,1983,380,65.2,0.0,3.0,-1.7,1.08
434240,1967,380,65.2,0.0,3.0,-1.7,1.08
434241,1970,380,65.2,0.0,3.0,-1.7,1.08
434241,1979,380,65.2,0.0,3.0,-1.7,1.08
434260,2030,380,65.2,0.0,3.0,-1.7,1.08
434260,2027,380,65.2,0.0,3.0,-1.7,1.08
434260,1980,380,65.2,0.0,3.0,-1.7,1.08
434260,2017,380,65.2,0.0,3.0,-1.7,1.08
434273,2013,380,65.2,0.0,3.0,-1.7,1.08
434274,2009,380,65.2,0.0,3.0,-1.7,1.08
434274,2004,380,65.2,0.0,3.0,-1.7,1.08
434293,2156,379,65.2,0.0,3.1,-1.8,1.09
434293,2121,379,65.2,0.0,3.1,-1.8,1.09
434293,2140,379,65.2,0.0,3.1,-1.8,1.09
434295,2116,379,65.2,0.0,3.1,-1.8,1.09
434308,2025,379,65.2,0.0,3.1,-1.8,1.09
434309,1987,379,65.2,0.0,3.1,-1.8,1.09
434309,2012,379,65.2,0.0,3.1,-1.8,1.09
434309,2016,379,65.2,0.0,3.1,-1.8,1.09
434325,2066,379,65.2,0.0,3.1,-1.8,1.09
434325,2071,379,65.2,0.0,3.1,-1.8,1.09
434325,2086,379,65.2,0.0,3.1,-1.8,1.09
434326,2085,379,65.2,0.0,3.1,-1.8,1.09
434339,2025,378,65.2,0.0,3.2,-1.9,1.08
434339,2027,378,65.2,0.0,3.2,-1.9,1.08
434340,2023,378,65.2,0.0,3.2,-1.9,1.08
434359,2019,378,65.2,0.0,3.2,-1.9,1.08
434359,2009,378,65.2,0.0,3.2,-1.9,1.08
434359,2014,378,65.2,0.0,3.2,-1.9,1.08
434359,2021,378,65.2,0.0,3.2,-1.9,1.08
434372,2069,377,65.2,0.0,3.2,-1.9,1.08
434373,2053,377,65.2,0.0,3.2,-1.9,1.08
434373,2052,377,65.2,0.0,3.2,-1.9,1.08
434392,2034,377,65.2,0.0,3.2,-1.9,1.08
434392,2083,377,65.2,0.0,3.2,-1.9,1.08
434392,2071,377,65.2,0.0,3.2,-1.9,1.08
434394,2050,377,65.2,0.0,3.2,-1.9,1.08
434408,2154,377,65.2,0.0,3.2,-1.6,1.07
434408,2159,377,65.2,0.0,3.2,-1.6,1.07
434408,2176,377,65.2,0.0,3.2,-1.6,1.07
434408,2168,377,65.2,0.0,3.2,-1.6,1.07
434424,2002,376,65.2,0.0,3.2,-1.6,1.07
434425,2012,376,65.2,0.0,3.2,-1.6,1.07
434425,2040,376,65.2,0.0,3.2,-1.6,1.07
434425,2047,376,65.2,0.0,3.2,-1.6,1.07
434439,2021,376,65.2,0.0,3.2,-1.6,1.07
434439,2024,376,65.2,0.0,3.2,-1.6,1.07
434440,2000,376,65.2,0.0,3.2,-1.6,1.07
434440,2022,376,65.2,0.0,3.2,-1.6,1.07
434458,2015,376,65.2,0.0,3.2,-1.6,1.07
434459,2027,376,65.2,0.0,3.2,-1.6,1.07
434459,2014,376,65.2,0.0,3.2,-1.6,1.07
434459,2014,376,65.2,0.0,3.2,-1.6,1.07
434472,2078,376,65.2,0.0,3.2,-1.7,1.07
434472,2091,376,65.2,0.0,3.2,-1.7,1.07
434472,2092,376,65.2,0.0,3.2,-1.7,1.07
434491,2004,375,65.2,0.0,3.2,-1.7,1.07
434492,2002,375,65.2,0.0,3.2,-1.7,1.07
434492,1997,375,65.2,0.0,3.2,-1.7,1.07
434492,1998,375,65.2,0.0,3.2,-1.7,1.07
434505,2057,375,65.2,0.0,3.2,-1.7,1.07
434505,2114,375,65.2,0.0,3.2,-1.7,1.07
434505,2129,375,65.2,0.0,3.2,-1.7,1.07
434525,1956,375,65.2,0.0,3.2,-1.8,1.08
434525,2080,375,65.2,0.0,3.2,-1.8,1.08
434526,2083,375,65.2,0.0,3.2,-1.8,1.08
434528,2085,375,65.2,0.0,3.2,-1.8,1.08
434541,1967,375,65.2,0.0,3.2,-1.8,1.08
434541,2023,375,65.2,0.0,3.2,-1.8,1.08
434542,2009,375,65.2,0.0,3.2,-1.8,1.08
434542,2008,375,65.2,0.0,3.2,-1.8,1.08
434564,2009,375,65.2,0.0,3.2,-1.8,1.08
434567,2185,375,65.2,0.0,3.2,-1.8,1.08
434567,2192,375,65.2,0.0,3.2,-1.8,1.08
434567,2211,375,65.2,0.0,3.2,-1.8,1.08
434580,2001,375,65.2,0.0,3.1,-1.8,1.08
434580,1991,375,65.2,0.0,3.1,-1.8,1.08
434580,1998,375,65.2,0.0,3.1,-1.8,1.08
434580,1979,375,65.2,0.0,3.1,-1.8,1.08
434597,2013,375,65.2,0.0,3.1,-1.8,1.08
434598,2019,375,65.2,0.0,3.1,-1.8,1.08
434598,2027,375,65.2,0.0,3.1,-1.8,1.08
434598,2019,375,65.2,0.0,3.1,-1.8,1.08
434611,2348,375,65.2,0.0,3.1,-1.8,1.08
434611,2332,375,65.2,0.0,3.1,-1.8,1.08
434611,2349,375,65.2,0.0,3.1,-1.8,1.08
434630,2114,375,65.2,0.0,3.2,-1.8,1.08
434631,2115,375,65.2,0.0,3.2,-1.8,1.08
434631,2083,375,65.2,0.0,3.2,-1.8,1.08
434631,2071,375,65.2,0.0,3.2,-1.8,1.08
434644,2011,375,65.2,0.0,3.2,-1.8,1.08
434644,2069,375,65.2,0.0,3.2,-1.8,1.08
434645,2059,375,65.2,0.0,3.2,-1.8,1.08
434663,2024,375,65.2,0.0,3.2,-1.8,1.08
434664,2021,375,65.2,0.0,3.2,-1.8,1.08
434664,2034,375,65.2,0.0,3.2,-1.8,1.08
434664,2059,375,65.2,0.0,3.2,-1.8,1.08
434678,2050,375,65.2,0.0,3.1,-1.8,1.07
434678,2018,375,65.2,0.0,3.1,-1.8,1.07
434678,2008,375,65.2,0.0,3.1,-1.8,1.07
434696,2106,375,65.2,0.0,3.1,-1.8,1.07
434697,2100,375,65.2,0.0,3.1,-1.8,1.07
434697,2098,375,65.2,0.0,3.1,-1.8,1.07
434697,2048,375,65.2,0.0,3.1,-1.8,1.07
434710,2223,375,65.2,0.0,3.1,-1.8,1.07
434710,2232,375,65.2,0.0,3.1,-1.8,1.07
434710,2253,375,65.2,0.0,3.1,-1.8,1.07
434730,2119,375,65.2,0.0,3.1,-1.6,1.09
434732,2108,375,65.2,0.0,3.1,-1.6,1.09
434732,2081,375,65.2,0.0,3.1,-1.6,1.09
434733,2086,375,65.2,0.0,3.1,-1.6,1.09
434746,2114,376,65.2,0.0,3.1,-1.6,1.09
434747,2094,376,65.2,0.0,3.1,-1.6,1.09
434747,2060,376,65.2,0.0,3.1,-1.6,1.09
434747,2074,376,65.2,0.0,3.1,-1.6,1.09
434763,2001,376,65.2,0.0,3.1,-1.6,1.09
434763,2009,376,65.2,0.0,3.1,-1.6,1.09
434763,2024,376,65.2,0.0,3.1,-1.6,1.09
434764,2003,376,65.2,0.0,3.1,-1.6,1.09
434777,1981,376,65.2,0.0,3.1,-1.6,1.07
434777,1998,376,65.2,0.0,3.1,-1.6,1.07
434778,2018,376,65.2,0.0,3.1,-1.6,1.07
434796,2068,376,65.2,0.0,3.1,-1.6,1.07
434797,2034,376,65.2,0.0,3.1,-1.6,1.07
434797,2028,376,65.2,0.0,3.1,-1.6,1.07
434797,1972,376,65.2,0.0,3.1,-1.6,1.07
434810,2052,376,65.2,0.0,3.1,-1.6,1.07
434810,2052,376,65.2,0.0,3.1,-1.6,1.07
434810,2040,376,65.2,0.0,3.1,-1.6,1.07
434829,1678,376,65.2,0.0,3.1,-1.6,1.07
434830,1634,376,65.2,0.0,3.1,-1.6,1.07
434830,1652,376,65.2,0.0,3.1,-1.6,1.07
434830,1640,376,65.2,0.0,3.1,-1.6,1.07
434843,2126,376,65.2,0.0,3.1,-1.7,1.09
434843,2132,376,65.2,0.0,3.1,-1.7,1.09
434843,2161,376,65.2,0.0,3.1,-1.7,1.09
434862,1991,376,65.2,0.0,3.1,-1.7,1.09
434863,1986,376,65.2,0.0,3.1,-1.7,1.09
434866,2125,376,65.2,0.0,3.1,-1.7,1.09
434867,2124,376,65.2,0.0,3.1,-1.7,1.09
434867,2161,376,65.2,0.0,3.1,-1.7,1.09
434880,2042,376,65.2,0.0,3.1,-1.7,1.09
434880,2013,376,65.2,0.0,3.1,-1.7,1.09
434881,1973,376,65.2,0.0,3.1,-1.7,1.09
434899,1921,377,65.2,0.0,3.3,-1.8,1.06
434900,1978,377,65.2,0.0,3.3,-1.8,1.06
434900,2005,377,65.2,0.0,3.3,-1.8,1.06
434900,1992,377,65.2,0.0,3.3,-1.8,1.06
434913,2112,377,65.2,0.0,3.3,-1.8,1.06
434913,2095,377,65.2,0.0,3.3,-1.8,1.06
434913,2122,377,65.2,0.0,3.3,-1.8,1.06
434931,2138,377,65.2,0.0,3.3,-1.8,1.06
434932,2103,377,65.2,0.0,3.3,-1.8,1.06
434932,2094,377,65.2,0.0,3.3,-1.8,1.06
434932,2081,377,65.2,0.0,3.3,-1.8,1.06
434945,2103,377,65.2,0.0,3.1,-1.8,1.08
434946,2181,377,65.2,0.0,3.1,-1.8,1.08
434946,2171,377,65.2,0.0,3.1,-1.8,1.08
434963,1954,377,65.2,0.0,3.1,-1.8,1.08
434964,1946,377,65.2,0.0,3.1,-1.8,1.08
434964,1968,377,65.2,0.0,3.1,-1.8,1.08
434964,1985,377,65.2,0.0,3.1,-1.8,1.08
434978,2068,377,65.2,0.0,3.1,-1.8,1.08
434978,2037,377,65.2,0.0,3.1,-1.8,1.08
434978,2026,377,65.2,0.0,3.1,-1.8,1.08
434998,2029,377,65.2,0.0,3.2,-1.8,1.08
434998,2074,377,65.2,0.0,3.2,-1.8,1.08
434998,2055,377,65.2,0.0,3.2,-1.8,1.08
435000,2006,377,65.2,0.0,3.2,-1.8,1.08
435013,2158,377,65.2,0.0,3.2,-1.8,1.08
435013,2159,377,65.2,0.0,3.2,-1.8,1.08
435013,2182,377,65.2,0.0,3.2,-1.8,1.08
435013,2182,377,65.2,0.0,3.2,-1.8,1.08
435030,1989,378,65.2,0.0,3.2,-1.8,1.08
435031,2003,378,65.2,0.0,3.2,-1.8,1.08
435031,1993,378,65.2,0.0,3.2,-1.8,1.08
435031,1999,378,65.2,0.0,3.2,-1.8,1.08
435044,2044,378,65.2,0.0,3.3,-1.8,1.08
435045,2095,378,65.2,0.0,3.3,-1.8,1.08
435045,2083,378,65.2,0.0,3.3,-1.8,1.08
435063,1936,378,65.2,0.0,3.3,-1.8,1.08
435063,1923,378,65.2,0.0,3.3,-1.8,1.08
435064,1895,378,65.2,0.0,3.3,-1.8,1.08
435067,2020,378,65.2,0.0,3.3,-1.8,1.08
435068,2013,378,65.2,0.0,3.3,-1.8,1.08
435080,2048,378,65.2,0.0,3.3,-1.8,1.08
435081,2060,378,65.2,0.0,3.3,-1.8,1.08
435081,2044,378,65.2,0.0,3.3,-1.8,1.08
435098,2016,378,65.2,0.0,3.2,-1.8,1.07
435099,2001,378,65.2,0.0,3.2,-1.8,1.07
435099,2005,378,65.2,0.0,3.2,-1.8,1.07
435099,2031,378,65.2,0.0,3.2,-1.8,1.07
435112,1520,378,65.2,0.0,3.2,-1.8,1.07
435113,1507,378,65.2,0.0,3.2,-1.8,1.07
435113,1497,378,65.2,0.0,3.2,-1.8,1.07
435131,2051,379,65.2,0.0,3.2,-1.8,1.07
435132,2040,379,65.2,0.0,3.2,-1.8,1.07
435132,2052,379,65.2,0.0,3.2,-1.8,1.07
435132,2037,379,65.2,0.0,3.2,-1.8,1.07
435146,2071,379,111.9,0.0,3.1,-1.6,1.07
435146,2074,379,111.9,0.0,3.1,-1.6,1.07
435146,2101,379,111.9,0.0,3.1,-1.6,1.07
435164,1997,379,111.9,0.0,3.1,-1.6,1.07
435165,2037,379,111.9,0.0,3.1,-1.6,1.07
435165,1981,379,111.9,0.0,3.1,-1.6,1.07
435165,2008,379,111.9,0.0,3.1,-1.6,1.07
435178,2010,379,111.9,0.0,3.1,-1.6,1.07
435179,2044,379,111.9,0.0,3.1,-1.6,1.07
435179,2046,379,111.9,0.0,3.1,-1.6,1.07
435198,2027,379,111.9,0.0,3.1,-1.6,1.08
435200,2004,379,111.9,0.0,3.1,-1.6,1.08
435200,2027,379,111.9,0.0,3.1,-1.6,1.08
435201,2042,379,111.9,0.0,3.1,-1.6,1.08
435214,2080,379,111.9,0.0,3.1,-1.6,1.08
435215,2055,379,111.9,0.0,3.1,-1.6,1.08
435215,2018,379,111.9,0.0,3.1,-1.6,1.08
435215,2047,379,111.9,0.0,3.1,-1.6,1.08
435231,2322,380,111.9,0.0,3.1,-1.6,1.08
435231,2345,380,111.9,0.0,3.1,-1.6,1.08
435231,2341,380,111.9,0.0,3.1,-1.6,1.08
435231,2307,380,111.9,0.0,3.1,-1.6,1.08
435245,1954,380,111.9,0.0,3.1,-1.7,1.08
435245,1986,380,111.9,0.0,3.1,-1.7,1.08
435245,1975,380,111.9,0.0,3.1,-1.7,1.08
435264,2096,380,111.9,0.0,3.1,-1.7,1.08
435265,2139,380,111.9,0.0,3.1,-1.7,1.08
435267,2239,380,111.9,0.0,3.1,-1.7,1.08
435268,2242,380,111.9,0.0,3.1,-1.7,1.08
435281,1983,380,111.9,0.0,3.1,-1.7,1.08
435281,1962,380,111.9,0.0,3.1,-1.7,1.08
435281,1942,380,111.9,0.0,3.1,-1.7,1.08
435282,1953,380,111.9,0.0,3.1,-1.7,1.08
435299,2035,381,111.9,0.0,3.1,-1.7,1.07
435300,2048,381,111.9,0.0,3.1,-1.7,1.07
435300,2042,381,111.9,0.0,3.1,-1.7,1.07
435300,2010,381,111.9,0.0,3.1,-1.7,1.07
435314,857,381,111.9,0.0,3.1,-1.7,1.07
435314,944,381,111.9,0.0,3.1,-1.7,1.07
435314,924,381,111.9,0.0,3.1,-1.7,1.07
435331,2243,381,111.9,0.0,3.1,-1.7,1.07
435332,2181,381,111.9,0.0,3.1,-1.7,1.07
435332,2254,381,111.9,0.0,3.1,-1.7,1.07
435332,2294,381,111.9,0.0,3.1,-1.7,1.07
435346,1985,381,111.9,0.0,3.1,-1.7,1.08
435346,1982,381,111.9,0.0,3.1,-1.7,1.08
435346,1993,381,111.9,0.0,3.1,-1.7,1.08
435366,2095,382,111.9,0.0,3.1,-1.7,1.08
435366,2118,382,111.9,0.0,3.1,-1.7,1.08
435366,2093,382,111.9,0.0,3.1,-1.7,1.08
435367,2008,382,111.9,0.0,3.1,-1.7,1.08
435379,1979,382,111.9,0.0,3.1,-1.7,1.08
435380,2026,382,111.9,0.0,3.1,-1.7,1.08
435380,2100,382,111.9,0.0,3.1,-1.7,1.08
435399,2061,382,111.9,0.0,3.1,-1.7,1.08
435400,1972,382,111.9,0.0,3.1,-1.7,1.08
435400,1942,382,111.9,0.0,3.1,-1.7,1.08
435400,2027,382,111.9,0.0,3.1,-1.7,1.08
435414,2118,383,111.9,0.0,3.1,-1.7,1.08
435414,2094,383,111.9,0.0,3.1,-1.7,1.08
435414,2020,383,111.9,0.0,3.1,-1.7,1.08
435431,1881,383,111.9,0.0,3.1,-1.7,1.08
435432,1961,383,111.9,0.0,3.1,-1.7,1.08
435432,1989,383,111.9,0.0,3.1,-1.7,1.08
435432,1971,383,111.9,0.0,3.1,-1.7,1.08
435446,2033,383,111.9,0.0,3.1,-1.7,1.07
435446,2091,383,111.9,0.0,3.1,-1.7,1.07
435446,2170,383,111.9,0.0,3.1,-1.7,1.07
435466,2117,384,111.9,0.0,3.1,-1.7,1.07
435466,2188,384,111.9,0.0,3.1,-1.7,1.07
435467,2150,384,111.9,0.0,3.1,-1.7,1.07
435468,2248,384,111.9,0.0,3.1,-1.7,1.07
435481,1979,384,111.9,0.0,3.1,-1.7,1.07
435481,2033,384,111.9,0.0,3.1,-1.7,1.07
435482,1967,384,111.9,0.0,3.1,-1.7,1.07
435482,1899,384,111.9,0.0,3.1,-1.7,1.07
435500,1993,384,111.9,0.0,3.1,-1.7,1.08
435500,2070,384,111.9,0.0,3.1,-1.7,1.08
435501,2131,384,111.9,0.0,3.1,-1.7,1.08
435501,2103,384,111.9,0.0,3.1,-1.7,1.08
435514,2000,385,111.9,0.0,3.1,-1.7,1.08
435515,1985,385,111.9,0.0,3.1,-1.7,1.08
435515,2028,385,111.9,0.0,3.1,-1.7,1.08
435531,2302,385,111.9,0.0,3.1,-1.7,1.08
435532,2269,385,111.9,0.0,3.1,-1.7,1.08
435532,2218,385,111.9,0.0,3.1,-1.7,1.08
435532,2210,385,111.9,0.0,3.1,-1.7,1.08
435546,2000,385,111.9,0.0,3.2,-1.7,1.07
435546,2068,385,111.9,0.0,3.2,-1.7,1.07
435546,2034,385,111.9,0.0,3.2,-1.7,1.07
435566,2100,386,111.9,0.0,3.2,-1.7,1.07
435566,2148,386,111.9,0.0,3.2,-1.7,1.07
435568,2266,386,111.9,0.0,3.2,-1.7,1.07
435569,2322,386,111.9,0.0,3.2,-1.7,1.07
435583,1958,386,111.9,0.0,3.2,-1.7,1.07
435584,1924,386,111.9,0.0,3.2,-1.7,1.07
435584,1894,386,111.9,0.0,3.2,-1.7,1.07
435584,1931,386,111.9,0.0,3.2,-1.7,1.07
435601,2061,386,111.9,0.0,3.2,-1.7,1.08
435601,2049,386,111.9,0.0,3.2,-1.7,1.08
435601,2006,386,111.9,0.0,3.2,-1.7,1.08
435602,1998,386,111.9,0.0,3.2,-1.7,1.08
435615,2062,387,111.9,0.0,3.2,-1.7,1.08
435616,2085,387,111.9,0.0,3.2,-1.7,1.08
435616,2072,387,111.9,0.0,3.2,-1.7,1.08
435634,2025,387,111.9,0.0,3.2,-1.7,1.08
435635,2024,387,111.9,0.0,3.2,-1.7,1.08
435635,2049,387,111.9,0.0,3.2,-1.7,1.08
435635,2068,387,111.9,0.0,3.2,-1.7,1.08
435648,2058,387,111.9,0.0,3.1,-1.7,1.07
435648,2006,387,111.9,0.0,3.1,-1.7,1.07
435648,2000,387,111.9,0.0,3.1,-1.7,1.07
435668,2194,388,111.9,0.0,3.1,-1.7,1.07
435668,2224,388,111.9,0.0,3.1,-1.7,1.07
435668,2222,388,111.9,0.0,3.1,-1.7,1.07
435670,2203,388,111.9,0.0,3.1,-1.7,1.07
435684,1948,388,111.9,0.0,3.1,-1.7,1.07
435684,1964,388,111.9,0.0,3.1,-1.7,1.07
435684,1984,388,111.9,0.0,3.1,-1.7,1.07
435684,1968,388,111.9,0.0,3.1,-1.7,1.07
435703,2016,388,111.9,0.0,3.1,-1.6,1.07
435703,2028,388,111.9,0.0,3.1,-1.6,1.07
435703,2051,388,111.9,0.0,3.1,-1.6,1.07
435703,2066,388,111.9,0.0,3.1,-1.6,1.07
435716,2143,388,111.9,0.0,3.1,-1.6,1.07
435717,2059,388,111.9,0.0,3.1,-1.6,1.07
435718,2041,388,111.9,0.0,3.1,-1.6,1.07
435735,2129,389,111.9,0.0,3.1,-1.6,1.07
435736,2128,389,111.9,0.0,3.1,-1.6,1.07
435736,2116,389,111.9,0.0,3.1,-1.6,1.07
435736,2100,389,111.9,0.0,3.1,-1.6,1.07
435749,2090,389,111.9,0.0,3.2,-1.7,1.07
435749,2110,389,111.9,0.0,3.2,-1.7,1.07
435749,2109,389,111.9,0.0,3.2,-1.7,1.07
435768,2213,389,111.9,0.0,3.2,-1.7,1.07
435769,2210,389,111.9,0.0,3.2,-1.7,1.07
435769,2200,389,111.9,0.0,3.2,-1.7,1.07
435769,2260,389,111.9,0.0,3.2,-1.7,1.07
435783,1994,389,111.9,0.0,3.2,-1.7,1.07
435783,1973,389,111.9,0.0,3.2,-1.7,1.07
435783,1956,389,111.9,0.0,3.2,-1.7,1.07
435802,1977,389,111.9,0.0,3.1,-1.7,1.07
435803,1984,389,111.9,0.0,3.1,-1.7,1.07
435805,2012,389,111.9,0.0,3.1,-1.7,1.07
435805,1994,389,111.9,0.0,3.1,-1.7,1.07
435818,2010,389,111.9,0.0,3.1,-1.7,1.07
435819,2006,389,111.9,0.0,3.1,-1.7,1.07
435819,2017,389,111.9,0.0,3.1,-1.7,1.07
435819,2027,389,111.9,0.0,3.1,-1.7,1.07
435841,1974,389,111.9,0.0,3.1,-1.7,1.07
435844,1910,388,111.9,0.0,3.1,-1.7,1.07
435844,1896,388,111.9,0.0,3.1,-1.7,1.07
435844,1902,388,111.9,0.0,3.1,-1.7,1.07
435857,2131,388,111.9,0.0,3.1,-1.7,1.09
435858,2111,388,111.9,0.0,3.1,-1.7,1.09
435858,2108,388,111.9,0.0,3.1,-1.7,1.09
435858,2086,388,111.9,0.0,3.1,-1.7,1.09
435875,2190,388,111.9,0.0,3.1,-1.7,1.09
435875,2165,388,111.9,0.0,3.1,-1.7,1.09
435875,2163,388,111.9,0.0,3.1,-1.7,1.09
435876,2172,388,111.9,0.0,3.1,-1.7,1.09
435888,2157,388,111.9,0.0,3.1,-1.7,1.09
435889,2191,388,111.9,0.0,3.1,-1.7,1.09
435889,2174,388,111.9,0.0,3.1,-1.7,1.09
435906,2096,388,111.9,0.0,3.2,-1.7,1.08
435907,2141,388,111.9,0.0,3.2,-1.7,1.08
435907,2154,388,111.9,0.0,3.2,-1.7,1.08
435907,2171,388,111.9,0.0,3.2,-1.7,1.08
435920,1991,388,111.9,0.0,3.2,-1.7,1.08
435921,2028,388,111.9,0.0,3.2,-1.7,1.08
435921,1993,388,111.9,0.0,3.2,-1.7,1.08
435940,2038,388,111.9,0.0,3.2,-1.7,1.08
435940,2027,388,111.9,0.0,3.2,-1.7,1.08
435943,1991,388,111.9,0.0,3.2,-1.7,1.08
435943,1980,388,111.9,0.0,3.2,-1.7,1.08
435956,2049,388,111.9,0.0,3.1,-1.8,1.07
435956,2036,388,111.9,0.0,3.1,-1.8,1.07
435956,2044,388,111.9,0.0,3.1,-1.8,1.07
435957,2053,388,111.9,0.0,3.1,-1.8,1.07
435973,2426,388,111.9,0.0,3.1,-1.8,1.07
435974,2393,388,111.9,0.0,3.1,-1.8,1.07
435974,2384,388,111.9,0.0,3.1,-1.8,1.07
435974,2391,388,111.9,0.0,3.1,-1.8,1.07
435987,2008,388,111.9,0.0,3.1,-1.8,1.07
435987,2022,388,111.9,0.0,3.1,-1.8,1.07
435987,1985,388,111.9,0.0,3.1,-1.8,1.07
436006,2044,387,111.9,0.0,3.1,-1.8,1.07
436007,2105,387,111.9,0.0,3.1,-1.8,1.07
436007,2127,387,111.9,0.0,3.1,-1.8,1.07
436007,2112,387,111.9,0.0,3.1,-1.8,1.07
436020,2015,387,111.9,0.0,3.1,-1.7,1.08
436020,2013,387,111.9,0.0,3.1,-1.7,1.08
436020,2019,387,111.9,0.0,3.1,-1.7,1.08
436039,2056,387,111.9,0.0,3.1,-1.7,1.08
436040,2034,387,111.9,0.0,3.1,-1.7,1.08
436040,2008,387,111.9,0.0,3.1,-1.7,1.08
436040,1998,387,111.9,0.0,3.1,-1.7,1.08
436055,1990,387,111.9,0.0,3.1,-1.7,1.08
436056,1993,387,111.9,0.0,3.1,-1.7,1.08
436057,2020,387,111.9,0.0,3.1,-1.7,1.08
436058,2001,387,111.9,0.0,3.1,-1.7,1.08
436076,2079,387,111.9,0.0,3.1,-1.6,1.08
436076,2063,387,111.9,0.0,3.1,-1.6,1.08
436076,2078,387,111.9,0.0,3.1,-1.6,1.08
436077,2086,387,111.9,0.0,3.1,-1.6,1.08
436089,2180,387,111.9,0.0,3.1,-1.6,1.08
436090,2176,387,111.9,0.0,3.1,-1.6,1.08
436090,2189,387,111.9,0.0,3.1,-1.6,1.08
436108,2081,387,111.9,0.0,3.1,-1.6,1.08
436109,2075,387,111.9,0.0,3.1,-1.6,1.08
436109,2041,387,111.9,0.0,3.1,-1.6,1.08
436109,2030,387,111.9,0.0,3.1,-1.6,1.08
436122,2019,387,111.9,0.0,3.2,-1.6,1.09
436123,2031,387,111.9,0.0,3.2,-1.6,1.09
436123,2027,387,111.9,0.0,3.2,-1.6,1.09
436142,1933,387,111.9,0.0,3.2,-1.6,1.09
436142,1913,387,111.9,0.0,3.2,-1.6,1.09
436142,1912,387,111.9,0.0,3.2,-1.6,1.09
436142,1932,387,111.9,0.0,3.2,-1.6,1.09
436155,2127,386,111.9,0.0,3.2,-1.6,1.09
436156,2111,386,111.9,0.0,3.2,-1.6,1.09
436156,2093,386,111.9,0.0,3.2,-1.6,1.09
436180,2042,386,111.9,0.0,3.1,-1.7,1.08
436182,1999,386,111.9,0.0,3.1,-1.7,1.08
436183,1984,386,111.9,0.0,3.1,-1.7,1.08
436183,1958,386,111.9,0.0,3.1,-1.7,1.08
436196,1973,386,111.9,0.0,3.1,-1.7,1.08
436196,1998,386,111.9,0.0,3.1,-1.7,1.08
436196,2033,386,111.9,0.0,3.1,-1.7,1.08
436196,2032,386,111.9,0.0,3.1,-1.7,1.08
436213,2098,386,111.9,0.0,3.1,-1.7,1.08
436213,2070,386,111.9,0.0,3.1,-1.7,1.08
436214,2090,386,111.9,0.0,3.1,-1.7,1.08
436214,2100,386,111.9,0.0,3.1,-1.7,1.08
436226,2103,386,111.9,0.0,3.1,-1.7,1.07
436227,2084,386,111.9,0.0,3.1,-1.7,1.07
436227,2094,386,111.9,0.0,3.1,-1.7,1.07
436246,2061,386,111.9,0.0,3.1,-1.7,1.07
436248,2004,386,111.9,0.0,3.1,-1.7,1.07
436248,1934,386,111.9,0.0,3.1,-1.7,1.07
436248,1908,386,111.9,0.0,3.1,-1.7,1.07
436262,2027,386,111.9,0.0,3.1,-1.7,1.07
436262,2046,386,111.9,0.0,3.1,-1.7,1.07
436263,2066,386,111.9,0.0,3.1,-1.7,1.07
436263,2069,386,111.9,0.0,3.1,-1.7,1.07
436281,1993,385,111.9,0.0,3.2,-1.7,1.07
436281,1947,385,111.9,0.0,3.2,-1.7,1.07
436281,1964,385,111.9,0.0,3.2,-1.7,1.07
436282,1984,385,111.9,0.0,3.2,-1.7,1.07
436294,1742,385,111.9,0.0,3.2,-1.7,1.07
436295,1742,385,111.9,0.0,3.2,-1.7,1.07
436295,1750,385,111.9,0.0,3.2,-1.7,1.07
436313,2063,385,111.9,0.0,3.2,-1.7,1.07
436314,2076,385,111.9,0.0,3.2,-1.7,1.07
436314,2076,385,111.9,0.0,3.2,-1.7,1.07
436314,2072,385,111.9,0.0,3.2,-1.7,1.07
436327,2059,385,111.9,0.0,3.1,-1.7,1.08
436327,2097,385,111.9,0.0,3.1,-1.7,1.08
436327,2110,385,111.9,0.0,3.1,-1.7,1.08
436346,2073,385,111.9,0.0,3.1,-1.7,1.08
436347,2087,385,111.9,0.0,3.1,-1.7,1.08
436347,2084,385,111.9,0.0,3.1,-1.7,1.08
436347,2093,385,111.9,0.0,3.1,-1.7,1.08
436361,2017,385,111.9,0.0,3.1,-1.7,1.08
436361,2029,385,111.9,0.0,3.1,-1.7,1.08
436361,2025,385,111.9,0.0,3.1,-1.7,1.08
436381,2002,385,111.9,0.0,3.2,-1.6,1.13
436381,1982,385,111.9,0.0,3.2,-1.6,1.13
436382,1990,385,111.9,0.0,3.2,-1.6,1.13
436383,2003,385,111.9,0.0,3.2,-1.6,1.13
436396,2239,385,111.9,0.0,3.2,-1.6,1.13
436396,2181,385,111.9,0.0,3.2,-1.6,1.13
436397,2180,385,111.9,0.0,3.2,-1.6,1.13
436413,2042,384,111.9,0.0,3.2,-1.6,1.13
436414,2058,384,111.9,0.0,3.2,-1.6,1.13
436414,2040,384,111.9,0.0,3.2,-1.6,1.13
436414,2020,384,111.9,0.0,3.2,-1.6,1.13
436426,2056,384,111.9,0.0,3.5,-1.5,1.04
436427,2161,384,111.9,0.0,3.5,-1.5,1.04
436427,2158,384,111.9,0.0,3.5,-1.5,1.04
436446,2125,384,111.9,0.0,3.5,-1.5,1.04
436449,2362,384,111.9,0.0,3.5,-1.5,1.04
436449,2377,384,111.9,0.0,3.5,-1.5,1.04
436450,2413,384,111.9,0.0,3.5,-1.5,1.04
436462,1955,384,111.9,0.0,3.5,-1.5,1.04
436463,1941,384,111.9,0.0,3.5,-1.5,1.04
436463,1899,384,111.9,0.0,3.5,-1.5,1.04
436463,1870,384,111.9,0.0,3.5,-1.5,1.04
436481,2030,384,111.9,0.0,3.4,-1.7,1.06
436481,2037,384,111.9,0.0,3.4,-1.7,1.06
436481,2007,384,111.9,0.0,3.4,-1.7,1.06
436481,1971,384,111.9,0.0,3.4,-1.7,1.06
436494,2296,384,111.9,0.0,3.4,-1.7,1.06
436494,2300,384,111.9,0.0,3.4,-1.7,1.06
436495,2338,384,111.9,0.0,3.4,-1.7,1.06
436513,2164,384,111.9,0.0,3.4,-1.7,1.06
436514,2132,384,111.9,0.0,3.4,-1.7,1.06
436514,2094,384,111.9,0.0,3.4,-1.7,1.06
436514,2105,384,111.9,0.0,3.4,-1.7,1.06
436527,2106,383,111.9,0.0,3.3,-1.8,1.07
436527,2206,383,111.9,0.0,3.3,-1.8,1.07
436527,2185,383,111.9,0.0,3.3,-1.8,1.07
436547,1921,383,111.9,0.0,3.3,-1.8,1.07
436547,1924,383,111.9,0.0,3.3,-1.8,1.07
436547,1953,383,111.9,0.0,3.3,-1.8,1.07
436548,1949,383,111.9,0.0,3.3,-1.8,1.07
436561,2052,383,111.9,0.0,3.3,-1.8,1.07
436562,2030,383,111.9,0.0,3.3,-1.8,1.07
436562,2063,383,111.9,0.0,3.3,-1.8,1.07
436580,2016,383,111.9,0.0,3.1,-1.8,1.08
436581,2012,383,111.9,0.0,3.1,-1.8,1.08
436581,1990,383,111.9,0.0,3.1,-1.8,1.08
436581,1968,383,111.9,0.0,3.1,-1.8,1.08
436594,2059,382,111.9,0.0,3.1,-1.8,1.08
436594,2094,382,111.9,0.0,3.1,-1.8,1.08
436594,2078,382,111.9,0.0,3.1,-1.8,1.08
436613,2119,382,111.9,0.0,3.1,-1.8,1.08
436614,2093,382,111.9,0.0,3.1,-1.8,1.08
436614,2117,382,111.9,0.0,3.1,-1.8,1.08
436614,2131,382,111.9,0.0,3.1,-1.8,1.08
436627,2065,382,111.9,0.0,3.2,-1.7,1.07
436627,2077,382,111.9,0.0,3.2,-1.7,1.07
436627,2052,382,111.9,0.0,3.2,-1.7,1.07
436647,2111,382,111.9,0.0,3.2,-1.7,1.07
436647,2190,382,111.9,0.0,3.2,-1.7,1.07
436647,2211,382,111.9,0.0,3.2,-1.7,1.07
436650,2191,381,111.9,0.0,3.2,-1.7,1.07
436663,1961,381,111.9,0.0,3.2,-1.7,1.07
436664,1968,381,111.9,0.0,3.2,-1.7,1.07
436664,1985,381,111.9,0.0,3.2,-1.7,1.07
436664,1992,381,111.9,0.0,3.2,-1.7,1.07
436682,2025,381,111.9,0.0,3.2,-1.6,1.08
436682,2012,381,111.9,0.0,3.2,-1.6,1.08
436682,2023,381,111.9,0.0,3.2,-1.6,1.08
436683,2048,381,111.9,0.0,3.2,-1.6,1.08
436695,2094,381,111.9,0.0,3.2,-1.6,1.08
436695,2073,381,111.9,0.0,3.2,-1.6,1.08
436696,2059,381,111.9,0.0,3.2,-1.6,1.08
436714,1959,380,111.9,0.0,3.2,-1.6,1.08
436715,1978,380,111.9,0.0,3.2,-1.6,1.08
436715,1982,380,111.9,0.0,3.2,-1.6,1.08
436715,1958,380,111.9,0.0,3.2,-1.6,1.08
436728,2156,380,111.9,0.0,3.3,-1.6,1.07
436729,2186,380,111.9,0.0,3.3,-1.6,1.07
436729,2202,380,111.9,0.0,3.3,-1.6,1.07
436747,2044,379,111.9,0.0,3.3,-1.6,1.07
436747,1982,379,111.9,0.0,3.3,-1.6,1.07
436748,1952,379,111.9,0.0,3.3,-1.6,1.07
436748,1924,379,111.9,0.0,3.3,-1.6,1.07
436761,2050,379,111.9,0.0,3.3,-1.6,1.07
436762,2072,379,111.9,0.0,3.3,-1.6,1.07
436762,2041,379,111.9,0.0,3.3,-1.6,1.07
436781,1975,378,111.9,0.0,3.3,-1.7,1.09
436781,1950,378,111.9,0.0,3.3,-1.7,1.09
436781,1997,378,111.9,0.0,3.3,-1.7,1.09
436783,1976,378,111.9,0.0,3.3,-1.7,1.09
436796,2302,378,111.9,0.0,3.3,-1.7,1.09
436796,2255,378,111.9,0.0,3.3,-1.7,1.09
436797,2267,378,111.9,0.0,3.3,-1.7,1.09
436797,2262,378,111.9,0.0,3.3,-1.7,1.09
436814,2092,378,111.9,0.0,3.3,-1.7,1.09
436815,2077,378,111.9,0.0,3.3,-1.7,1.09
436815,2083,378,111.9,0.0,3.3,-1.7,1.09
436815,2077,378,111.9,0.0,3.3,-1.7,1.09
436828,2102,377,111.9,0.0,3.4,-1.8,1.07
436829,2119,377,111.9,0.0,3.4,-1.8,1.07
436829,2110,377,111.9,0.0,3.4,-1.8,1.07
436845,1986,377,111.9,0.0,3.4,-1.8,1.07
436846,2018,377,111.9,0.0,3.4,-1.8,1.07
436846,2033,377,111.9,0.0,3.4,-1.8,1.07
436846,2039,377,111.9,0.0,3.4,-1.8,1.07
436860,2027,377,111.9,0.0,3.4,-1.8,1.07
436860,2019,377,111.9,0.0,3.4,-1.8,1.07
436860,2026,377,111.9,0.0,3.4,-1.8,1.07
436881,2023,376,111.9,0.0,3.2,-1.8,1.08
436883,1995,376,111.9,0.0,3.2,-1.8,1.08
436883,1986,376,111.9,0.0,3.2,-1.8,1.08
436883,1965,376,111.9,0.0,3.2,-1.8,1.08
436896,2113,376,111.9,0.0,3.2,-1.8,1.08
436897,2119,376,111.9,0.0,3.2,-1.8,1.08
436898,2073,376,111.9,0.0,3.2,-1.8,1.08
436899,2040,376,111.9,0.0,3.2,-1.8,1.08
436916,1960,376,111.9,0.0,3.2,-1.8,1.08
436916,1966,376,111.9,0.0,3.2,-1.8,1.08
436916,1972,376,111.9,0.0,3.2,-1.8,1.08
436917,1981,376,111.9,0.0,3.2,-1.8,1.08
436930,2183,376,111.9,0.0,3.2,-1.7,1.09
436930,2137,376,111.9,0.0,3.2,-1.7,1.09
436930,2153,376,111.9,0.0,3.2,-1.7,1.09
436948,2155,375,111.9,0.0,3.2,-1.7,1.09
436949,2177,375,111.9,0.0,3.2,-1.7,1.09
436949,2170,375,111.9,0.0,3.2,-1.7,1.09
436949,2162,375,111.9,0.0,3.2,-1.7,1.09
436962,2013,375,111.9,0.0,3.2,-1.7,1.09
436962,2012,375,111.9,0.0,3.2,-1.7,1.09
436962,2004,375,111.9,0.0,3.2,-1.7,1.09
436982,2029,375,111.9,0.0,3.2,-1.6,1.08
436982,2003,375,111.9,0.0,3.2,-1.6,1.08
436984,2026,375,111.9,0.0,3.2,-1.6,1.08
436984,2035,375,111.9,0.0,3.2,-1.6,1.08
436998,2018,375,111.9,0.0,3.2,-1.6,1.08
436998,2000,375,111.9,0.0,3.2,-1.6,1.08
436998,2016,375,111.9,0.0,3.2,-1.6,1.08
436999,2023,375,111.9,0.0,3.2,-1.6,1.08
437014,2138,375,111.9,0.0,3.2,-1.6,1.08
437015,2131,375,111.9,0.0,3.2,-1.6,1.08
437015,2107,375,111.9,0.0,3.2,-1.6,1.08
437015,2115,375,111.9,0.0,3.2,-1.6,1.08
437029,2081,375,111.9,0.0,3.2,-1.5,1.08
437029,2074,375,111.9,0.0,3.2,-1.5,1.08
437029,2051,375,111.9,0.0,3.2,-1.5,1.08
437048,2039,375,111.9,0.0,3.2,-1.5,1.08
437049,2020,375,111.9,0.0,3.2,-1.5,1.08
437049,2023,375,111.9,0.0,3.2,-1.5,1.08
437049,2007,375,111.9,0.0,3.2,-1.5,1.08
437062,2013,375,111.9,0.0,3.2,-1.5,1.08
437062,2014,375,111.9,0.0,3.2,-1.5,1.08
437062,2007,375,111.9,0.0,3.2,-1.5,1.08
437081,1987,375,111.9,0.0,3.3,-1.6,1.08
437082,1996,375,111.9,0.0,3.3,-1.6,1.08
437082,1984,375,111.9,0.0,3.3,-1.6,1.08
437082,1978,375,111.9,0.0,3.3,-1.6,1.08
437095,2084,375,111.9,0.0,3.3,-1.6,1.08
437095,2087,375,111.9,0.0,3.3,-1.6,1.08
437095,2097,375,111.9,0.0,3.3,-1.6,1.08
437115,2034,375,111.9,0.0,3.3,-1.6,1.08
437115,2013,375,111.9,0.0,3.3,-1.6,1.08
437116,2013,375,111.9,0.0,3.3,-1.6,1.08
437118,2006,375,111.9,0.0,3.3,-1.6,1.08
437131,2053,375,111.9,0.0,3.2,-1.8,1.06
437131,2031,375,111.9,0.0,3.2,-1.8,1.06
437131,2021,375,111.9,0.0,3.2,-1.8,1.06
437132,2014,375,111.9,0.0,3.2,-1.8,1.06
437149,1182,375,111.9,0.0,3.2,-1.8,1.06
437149,995,375,111.9,0.0,3.2,-1.8,1.06
437149,898,375,111.9,0.0,3.2,-1.8,1.06
437149,787,375,111.9,0.0,3.2,-1.8,1.06
437162,2174,376,111.9,0.0,3.2,-1.8,1.06
437162,2332,376,111.9,0.0,3.2,-1.8,1.06
437163,2453,376,111.9,0.0,3.2,-1.8,1.06
437181,1597,376,111.9,0.0,3.2,-1.8,1.06
437182,1554,376,111.9,0.0,3.2,-1.8,1.06
437182,1472,376,111.9,0.0,3.2,-1.8,1.06
437182,1438,376,111.9,0.0,3.2,-1.8,1.06
437195,2312,376,111.9,0.0,3.2,-1.8,1.08
437195,2359,376,111.9,0.0,3.2,-1.8,1.08
437195,2350,376,111.9,0.0,3.2,-1.8,1.08
437215,1882,376,111.9,0.0,3.2,-1.8,1.08
437215,1876,376,111.9,0.0,3.2,-1.8,1.08
437218,1961,376,111.9,0.0,3.2,-1.8,1.08
437218,1982,376,111.9,0.0,3.2,-1.8,1.08
437231,2412,376,111.9,0.0,3.2,-1.8,1.08
437231,2366,376,111.9,0.0,3.2,-1.8,1.08
437232,2352,376,111.9,0.0,3.2,-1.8,1.08
437232,2372,376,111.9,0.0,3.2,-1.8,1.08
437250,2157,376,111.9,0.0,3.3,-1.8,1.08
437250,2172,376,111.9,0.0,3.3,-1.8,1.08
437250,2144,376,111.9,0.0,3.3,-1.8,1.08
437250,2134,376,111.9,0.0,3.3,-1.8,1.08
437263,2048,376,111.9,0.0,3.3,-1.8,1.08
437263,2060,376,111.9,0.0,3.3,-1.8,1.08
437264,2041,376,111.9,0.0,3.3,-1.8,1.08
437282,1996,376,111.9,0.0,3.3,-1.8,1.08
437283,1986,376,111.9,0.0,3.3,-1.8,1.08
437283,2018,376,111.9,0.0,3.3,-1.8,1.08
437283,2032,376,111.9,0.0,3.3,-1.8,1.08
437297,1971,376,111.9,0.0,3.3,-1.9,1.08
437297,1938,376,111.9,0.0,3.3,-1.9,1.08
437297,1937,376,111.9,0.0,3.3,-1.9,1.08
437314,2124,376,111.9,0.0,3.3,-1.9,1.08
437315,2149,376,111.9,0.0,3.3,-1.9,1.08
437315,2128,376,111.9,0.0,3.3,-1.9,1.08
437315,2099,376,111.9,0.0,3.3,-1.9,1.08
437329,2312,377,111.9,0.0,3.3,-1.9,1.08
437329,2373,377,111.9,0.0,3.3,-1.9,1.08
437329,2425,377,111.9,0.0,3.3,-1.9,1.08
437350,2043,377,111.9,0.0,3.3,-1.9,1.08
437351,2044,377,111.9,0.0,3.3,-1.9,1.08
437352,2026,377,111.9,0.0,3.3,-1.9,1.08
437352,2032,377,111.9,0.0,3.3,-1.9,1.08
437365,2036,377,111.9,0.0,3.3,-1.9,1.08
437365,2050,377,111.9,0.0,3.3,-1.9,1.08
437365,2027,377,111.9,0.0,3.3,-1.9,1.08
437366,1996,377,111.9,0.0,3.3,-1.9,1.08
437383,1992,377,111.9,0.0,3.3,-1.9,1.08
437383,2026,377,111.9,0.0,3.3,-1.9,1.08
437383,2022,377,111.9,0.0,3.3,-1.9,1.08
437384,2009,377,111.9,0.0,3.3,-1.9,1.08
437397,2000,377,111.9,0.0,3.4,-1.9,1.08
437398,2002,377,111.9,0.0,3.4,-1.9,1.08
437398,2029,377,111.9,0.0,3.4,-1.9,1.08
437415,2020,377,111.9,0.0,3.4,-1.9,1.08
437415,1996,377,111.9,0.0,3.4,-1.9,1.08
437415,1966,377,111.9,0.0,3.4,-1.9,1.08
437415,1960,377,111.9,0.0,3.4,-1.9,1.08
437429,2202,377,111.9,0.0,3.4,-1.9,1.08
437429,2229,377,111.9,0.0,3.4,-1.9,1.08
437430,2224,377,111.9,0.0,3.4,-1.9,1.08
437449,2151,378,111.9,0.0,3.2,-1.8,1.09
437451,2175,378,111.9,0.0,3.2,-1.8,1.09
437451,2191,378,111.9,0.0,3.2,-1.8,1.09
437452,2212,378,111.9,0.0,3.2,-1.8,1.09
437464,1991,378,111.9,0.0,3.2,-1.8,1.09
437465,1974,378,111.9,0.0,3.2,-1.8,1.09
437465,1969,378,111.9,0.0,3.2,-1.8,1.09
437482,1975,378,111.9,0.0,3.2,-1.8,1.09
437483,1987,378,111.9,0.0,3.2,-1.8,1.09
437483,1994,378,111.9,0.0,3.2,-1.8,1.09
437483,1979,378,111.9,0.0,3.2,-1.8,1.09
437497,2143,378,111.9,0.0,3.1,-1.8,1.09
437497,2106,378,111.9,0.0,3.1,-1.8,1.09
437497,2145,378,111.9,0.0,3.1,-1.8,1.09
437515,2006,378,111.9,0.0,3.1,-1.8,1.09
437515,1985,378,111.9,0.0,3.1,-1.8,1.09
437515,1983,378,111.9,0.0,3.1,-1.8,1.09
437516,1972,378,111.9,0.0,3.1,-1.8,1.09
437529,2078,378,111.9,0.0,3.1,-1.8,1.09
437530,2055,378,111.9,0.0,3.1,-1.8,1.09
437530,2062,378,111.9,0.0,3.1,-1.8,1.09
437549,2151,378,111.9,0.0,3.2,-1.7,1.07
437551,2155,378,111.9,0.0,3.2,-1.7,1.07
437551,2163,378,111.9,0.0,3.2,-1.7,1.07
437551,2167,378,111.9,0.0,3.2,-1.7,1.07
437564,1989,379,111.9,0.0,3.2,-1.7,1.07
437565,1975,379,111.9,0.0,3.2,-1.7,1.07
437565,1953,379,111.9,0.0,3.2,-1.7,1.07
437582,1997,379,111.9,0.0,3.2,-1.7,1.07
437583,2010,379,111.9,0.0,3.2,-1.7,1.07
437583,2011,379,111.9,0.0,3.2,-1.7,1.07
437583,1998,379,111.9,0.0,3.2,-1.7,1.07
437596,2099,379,111.9,0.0,3.1,-1.6,1.07
437597,2081,379,111.9,0.0,3.1,-1.6,1.07
437597,2096,379,111.9,0.0,3.1,-1.6,1.07
437614,2058,379,111.9,0.0,3.1,-1.6,1.07
437615,2055,379,111.9,0.0,3.1,-1.6,1.07
437615,2036,379,111.9,0.0,3.1,-1.6,1.07
437615,2031,379,111.9,0.0,3.1,-1.6,1.07
437629,2012,379,111.9,0.0,3.1,-1.6,1.07
437629,1997,379,111.9,0.0,3.1,-1.6,1.07
437629,1963,379,111.9,0.0,3.1,-1.6,1.07
437649,2143,380,111.9,0.0,3.2,-1.5,1.07
437651,2125,380,111.9,0.0,3.2,-1.5,1.07
437651,2137,380,111.9,0.0,3.2,-1.5,1.07
437652,2142,380,111.9,0.0,3.2,-1.5,1.07
437664,2005,380,111.9,0.0,3.2,-1.5,1.07
437665,1985,380,111.9,0.0,3.2,-1.5,1.07
437665,1965,380,111.9,0.0,3.2,-1.5,1.07
437683,1975,380,111.9,0.0,3.2,-1.5,1.07
437683,1970,380,111.9,0.0,3.2,-1.5,1.07
437684,1964,380,111.9,0.0,3.2,-1.5,1.07
437684,1947,380,111.9,0.0,3.2,-1.5,1.07
437697,2019,380,111.9,0.0,3.1,-1.4,1.08
437698,2077,380,111.9,0.0,3.1,-1.4,1.08
437698,2046,380,111.9,0.0,3.1,-1.4,1.08
437717,2086,380,111.9,0.0,3.1,-1.4,1.08
437717,2056,380,111.9,0.0,3.1,-1.4,1.08
437717,2045,380,111.9,0.0,3.1,-1.4,1.08
437717,2062,380,111.9,0.0,3.1,-1.4,1.08
437730,2122,381,111.9,0.0,3.1,-1.4,1.08
437730,2151,381,111.9,0.0,3.1,-1.4,1.08
437731,2110,381,111.9,0.0,3.1,-1.4,1.08
437749,2038,381,111.9,0.0,3.1,-1.4,1.08
437750,2052,381,111.9,0.0,3.1,-1.4,1.08
437750,2039,381,111.9,0.0,3.1,-1.4,1.08
437750,2028,381,111.9,0.0,3.1,-1.4,1.08
437763,2026,381,111.9,0.0,3.0,-1.6,1.07
437763,2018,381,111.9,0.0,3.0,-1.6,1.07
437763,2033,381,111.9,0.0,3.0,-1.6,1.07
437783,2001,381,111.9,0.0,3.0,-1.6,1.07
437783,1982,381,111.9,0.0,3.0,-1.6,1.07
437786,1967,382,111.9,0.0,3.0,-1.6,1.07
437786,1972,382,111.9,0.0,3.0,-1.6,1.07
437799,2037,382,111.9,0.0,3.0,-1.6,1.07
437800,2038,382,111.9,0.0,3.0,-1.6,1.07
437800,2030,382,111.9,0.0,3.0,-1.6,1.07
437800,2026,382,111.9,0.0,3.0,-1.6,1.07
437818,1907,382,111.9,0.0,3.0,-1.7,1.08
437818,1936,382,111.9,0.0,3.0,-1.7,1.08
437818,1929,382,111.9,0.0,3.0,-1.7,1.08
437819,1932,382,111.9,0.0,3.0,-1.7,1.08
437831,2129,382,111.9,0.0,3.0,-1.7,1.08
437832,2106,382,111.9,0.0,3.0,-1.7,1.08
437832,2129,382,111.9,0.0,3.0,-1.7,1.08
437850,2203,383,111.9,0.0,3.0,-1.7,1.08
437851,2193,383,111.9,0.0,3.0,-1.7,1.08
437851,2185,383,111.9,0.0,3.0,-1.7,1.08
437851,2195,383,111.9,0.0,3.0,-1.7,1.08
437865,1989,383,111.9,0.0,3.0,-1.7,1.07
437865,1990,383,111.9,0.0,3.0,-1.7,1.07
437865,1979,383,111.9,0.0,3.0,-1.7,1.07
437883,2112,383,111.9,0.0,3.0,-1.7,1.07
437883,2170,383,111.9,0.0,3.0,-1.7,1.07
437884,2241,383,111.9,0.0,3.0,-1.7,1.07
437884,2270,383,111.9,0.0,3.0,-1.7,1.07
437898,1979,384,111.9,0.0,3.0,-1.7,1.07
437899,1955,384,111.9,0.0,3.0,-1.7,1.07
437899,1938,384,111.9,0.0,3.0,-1.7,1.07
437899,1927,384,111.9,0.0,3.0,-1.7,1.07
437917,2081,384,111.9,0.0,3.1,-1.7,1.07
437917,2063,384,111.9,0.0,3.1,-1.7,1.07
437918,2074,384,111.9,0.0,3.1,-1.7,1.07
437918,2071,384,111.9,0.0,3.1,-1.7,1.07
437931,2228,384,111.9,0.0,3.1,-1.7,1.07
437931,2238,384,111.9,0.0,3.1,-1.7,1.07
437931,2251,384,111.9,0.0,3.1,-1.7,1.07
437950,2035,385,111.9,0.0,3.1,-1.7,1.07
437951,2031,385,111.9,0.0,3.1,-1.7,1.07
437951,2026,385,111.9,0.0,3.1,-1.7,1.07
437951,2028,385,111.9,0.0,3.1,-1.7,1.07
437965,2031,385,111.9,0.0,3.1,-1.7,1.08
437965,2035,385,111.9,0.0,3.1,-1.7,1.08
437965,2042,385,111.9,0.0,3.1,-1.7,1.08
437982,2165,386,111.9,0.0,3.1,-1.7,1.08
437983,2297,386,111.9,0.0,3.1,-1.7,1.08
437983,2346,386,111.9,0.0,3.1,-1.7,1.08
437983,2402,386,111.9,0.0,3.1,-1.7,1.08
437997,2034,386,111.9,0.0,3.1,-1.7,1.08
437998,1950,386,111.9,0.0,3.1,-1.7,1.08
437998,1910,386,111.9,0.0,3.1,-1.7,1.08
438017,2297,386,111.9,0.0,3.1,-1.8,1.08
438018,2284,386,111.9,0.0,3.1,-1.8,1.08
438019,2254,386,111.9,0.0,3.1,-1.8,1.08
438020,2245,386,111.9,0.0,3.1,-1.8,1.08
438032,2184,387,111.9,0.0,3.1,-1.8,1.08
438033,2171,387,111.9,0.0,3.1,-1.8,1.08
438033,2171,387,111.9,0.0,3.1,-1.8,1.08
438033,2193,387,111.9,0.0,3.1,-1.8,1.08
438051,2205,387,111.9,0.0,3.1,-1.8,1.08
438052,2179,387,111.9,0.0,3.1,-1.8,1.08
438052,2155,387,111.9,0.0,3.1,-1.8,1.08
438052,2159,387,111.9,0.0,3.1,-1.8,1.08
438065,1988,387,111.9,0.0,3.1,-1.8,1.07
438066,2005,387,111.9,0.0,3.1,-1.8,1.07
438066,1977,387,111.9,0.0,3.1,-1.8,1.07
438084,1999,388,111.9,0.0,3.1,-1.8,1.07
438085,2001,388,111.9,0.0,3.1,-1.8,1.07
438085,2032,388,111.9,0.0,3.1,-1.8,1.07
438085,2039,388,111.9,0.0,3.1,-1.8,1.07
438098,2105,388,111.9,0.0,3.1,-1.8,1.07
438098,2068,388,111.9,0.0,3.1,-1.8,1.07
438098,2055,388,111.9,0.0,3.1,-1.8,1.07
438117,2070,388,111.9,0.0,3.0,-1.9,1.08
438118,2072,388,111.9,0.0,3.0,-1.9,1.08
438120,2042,388,111.9,0.0,3.0,-1.9,1.08
438121,2017,388,111.9,0.0,3.0,-1.9,1.08
438134,2167,388,111.9,0.0,3.0,-1.9,1.08
438135,2184,388,111.9,0.0,3.0,-1.9,1.08
438135,2199,388,111.9,0.0,3.0,-1.9,1.08
438135,2176,388,111.9,0.0,3.0,-1.9,1.08
438152,2143,388,111.9,0.0,3.0,-1.9,1.08
438152,2123,388,111.9,0.0,3.0,-1.9,1.08
438152,2178,388,111.9,0.0,3.0,-1.9,1.08
438153,2185,388,111.9,0.0,3.0,-1.9,1.08
438166,2003,388,111.9,0.0,3.1,-1.8,1.09
438166,1961,388,111.9,0.0,3.1,-1.8,1.09
438167,1978,388,111.9,0.0,3.1,-1.8,1.09
438185,1993,388,111.9,0.0,3.1,-1.8,1.09
438185,2004,388,111.9,0.0,3.1,-1.8,1.09
438185,1993,388,111.9,0.0,3.1,-1.8,1.09
438185,1982,388,111.9,0.0,3.1,-1.8,1.09
438198,2019,388,111.9,0.0,3.1,-1.8,1.09
438198,2038,388,111.9,0.0,3.1,-1.8,1.09
438198,2058,388,111.9,0.0,3.1,-1.8,1.09
438218,2101,388,111.9,0.0,3.2,-1.8,1.09
438220,2034,388,111.9,0.0,3.2,-1.8,1.09
438220,2029,388,111.9,0.0,3.2,-1.8,1.09
438221,2033,388,111.9,0.0,3.2,-1.8,1.09
438234,2117,388,111.9,0.0,3.2,-1.8,1.09
438235,2117,388,111.9,0.0,3.2,-1.8,1.09
438235,2100,388,111.9,0.0,3.2,-1.8,1.09
438235,2098,388,111.9,0.0,3.2,-1.8,1.09
438252,2158,388,111.9,0.0,3.2,-1.8,1.09
438252,2180,388,111.9,0.0,3.2,-1.8,1.09
438252,2158,388,111.9,0.0,3.2,-1.8,1.09
438252,2149,388,111.9,0.0,3.2,-1.8,1.09
438266,1981,388,111.9,0.0,3.2,-1.8,1.08
438266,1982,388,111.9,0.0,3.2,-1.8,1.08
438267,1976,388,111.9,0.0,3.2,-1.8,1.08
438286,2031,388,111.9,0.0,3.2,-1.8,1.08
438286,2018,388,111.9,0.0,3.2,-1.8,1.08
438287,2018,388,111.9,0.0,3.2,-1.8,1.08
438288,2128,388,111.9,0.0,3.2,-1.8,1.08
438300,2035,388,111.9,0.0,3.2,-1.8,1.08
438301,2008,388,111.9,0.0,3.2,-1.8,1.08
438301,1990,388,111.9,0.0,3.2,-1.8,1.08
438318,2029,388,111.9,0.0,3.2,-1.8,1.08
438319,2033,388,111.9,0.0,3.2,-1.8,1.08
438319,2037,388,111.9,0.0,3.2,-1.8,1.08
438319,2045,388,111.9,0.0,3.2,-1.8,1.08
438332,2055,388,111.9,0.0,3.2,-1.8,1.08
438332,2078,388,111.9,0.0,3.2,-1.8,1.08
438332,2078,388,111.9,0.0,3.2,-1.8,1.08
438351,1958,388,111.9,0.0,3.2,-1.8,1.08
438354,1917,388,111.9,0.0,3.2,-1.8,1.08
438355,1901,388,111.9,0.0,3.2,-1.8,1.08
438355,1893,388,111.9,0.0,3.2,-1.8,1.08
438368,2091,388,111.9,0.0,3.2,-1.8,1.08
438368,2168,388,111.9,0.0,3.2,-1.8,1.08
438369,2224,388,111.9,0.0,3.2,-1.8,1.08
438369,2225,388,111.9,0.0,3.2,-1.8,1.08
438389,1998,387,111.9,0.0,3.1,-1.7,1.08
438390,1995,387,111.9,0.0,3.1,-1.7,1.08
438391,1981,387,111.9,0.0,3.1,-1.7,1.08
438391,1971,387,111.9,0.0,3.1,-1.7,1.08
438404,2045,387,111.9,0.0,3.1,-1.7,1.08
438405,2033,387,111.9,0.0,3.1,-1.7,1.08
438405,2061,387,111.9,0.0,3.1,-1.7,1.08
438405,2041,387,111.9,0.0,3.1,-1.7,1.08
438421,1999,387,111.9,0.0,3.1,-1.7,1.08
438421,2005,387,111.9,0.0,3.1,-1.7,1.08
438421,2007,387,111.9,0.0,3.1,-1.7,1.08
438422,2014,387,111.9,0.0,3.1,-1.7,1.08
438435,2218,387,111.9,0.0,3.0,-1.8,1.07
438435,2186,387,111.9,0.0,3.0,-1.8,1.07
438435,2218,387,111.9,0.0,3.0,-1.8,1.07
438454,2069,387,111.9,0.0,3.0,-1.8,1.07
438455,2065,387,111.9,0.0,3.0,-1.8,1.07
438455,2086,387,111.9,0.0,3.0,-1.8,1.07
438455,2044,387,111.9,0.0,3.0,-1.8,1.07
438468,2033,387,111.9,0.0,3.0,-1.8,1.07
438468,2119,387,111.9,0.0,3.0,-1.8,1.07
438468,2155,387,111.9,0.0,3.0,-1.8,1.07
438488,2048,387,111.9,0.0,3.2,-1.8,1.07
438488,2086,387,111.9,0.0,3.2,-1.8,1.07
438488,2117,387,111.9,0.0,3.2,-1.8,1.07
438490,2161,387,111.9,0.0,3.2,-1.8,1.07
438504,2018,387,111.9,0.0,3.2,-1.8,1.07
438504,1993,387,111.9,0.0,3.2,-1.8,1.07
438504,1982,387,111.9,0.0,3.2,-1.8,1.07
438505,1981,387,111.9,0.0,3.2,-1.8,1.07
438521,2026,387,111.9,0.0,3.2,-1.8,1.07
438521,2034,387,111.9,0.0,3.2,-1.8,1.07
438521,2035,387,111.9,0.0,3.2,-1.8,1.07
438521,2035,387,111.9,0.0,3.2,-1.8,1.07
438535,2274,386,111.9,0.0,3.1,-1.7,1.08
438535,2268,386,111.9,0.0,3.1,-1.7,1.08
438535,2277,386,111.9,0.0,3.1,-1.7,1.08
438554,2011,386,111.9,0.0,3.1,-1.7,1.08
438555,2009,386,111.9,0.0,3.1,-1.7,1.08
438555,2001,386,111.9,0.0,3.1,-1.7,1.08
438555,2004,386,111.9,0.0,3.1,-1.7,1.08
438568,2055,386,111.9,0.0,3.1,-1.7,1.08
438568,2093,386,111.9,0.0,3.1,-1.7,1.08
438568,2116,386,111.9,0.0,3.1,-1.7,1.08
438587,1992,386,111.9,0.0,3.1,-1.7,1.08
438588,1972,386,111.9,0.0,3.1,-1.7,1.08
438591,1230,386,111.9,0.0,3.1,-1.7,1.08
438592,1201,386,111.9,0.0,3.1,-1.7,1.08
438592,1126,386,111.9,0.0,3.1,-1.7,1.08
438605,2312,386,111.9,0.0,3.1,-1.7,1.07
438606,2351,386,111.9,0.0,3.1,-1.7,1.07
438606,2431,386,111.9,0.0,3.1,-1.7,1.07
438623,1895,386,111.9,0.0,3.1,-1.7,1.07
438624,1867,386,111.9,0.0,3.1,-1.7,1.07
438624,1777,386,111.9,0.0,3.1,-1.7,1.07
438624,1719,386,111.9,0.0,3.1,-1.7,1.07
438637,2063,386,111.9,0.0,3.1,-1.7,1.07
438637,2136,386,111.9,0.0,3.1,-1.7,1.07
438637,2106,386,111.9,0.0,3.1,-1.7,1.07
438655,2098,386,111.9,0.0,3.1,-1.7,1.08
438656,2050,386,111.9,0.0,3.1,-1.7,1.08
438656,2114,386,111.9,0.0,3.1,-1.7,1.08
438656,2145,386,111.9,0.0,3.1,-1.7,1.08
438668,2128,386,111.9,0.0,3.1,-1.7,1.08
438669,2112,386,111.9,0.0,3.1,-1.7,1.08
438669,2099,386,111.9,0.0,3.1,-1.7,1.08
438688,2101,385,111.9,0.0,3.1,-1.7,1.08
438691,2307,385,111.9,0.0,3.1,-1.7,1.08
438691,2312,385,111.9,0.0,3.1,-1.7,1.08
438691,2244,385,111.9,0.0,3.1,-1.7,1.08
438704,1919,385,111.9,0.0,3.0,-1.6,1.07
438705,1967,385,111.9,0.0,3.0,-1.6,1.07
438705,2030,385,111.9,0.0,3.0,-1.6,1.07
438705,1972,385,111.9,0.0,3.0,-1.6,1.07
438722,1998,385,111.9,0.0,3.0,-1.6,1.07
438722,1986,385,111.9,0.0,3.0,-1.6,1.07
438723,2032,385,111.9,0.0,3.0,-1.6,1.07
438723,2056,385,111.9,0.0,3.0,-1.6,1.07
438736,1817,385,111.9,0.0,3.0,-1.6,1.07
438736,1777,385,111.9,0.0,3.0,-1.6,1.07
438736,1767,385,111.9,0.0,3.0,-1.6,1.07
438754,2275,385,111.9,0.0,3.0,-1.7,1.07
438755,2302,385,111.9,0.0,3.0,-1.7,1.07
438755,2293,385,111.9,0.0,3.0,-1.7,1.07
438755,2240,385,111.9,0.0,3.0,-1.7,1.07
438768,1941,385,111.9,0.0,3.0,-1.7,1.07
438768,1961,385,111.9,0.0,3.0,-1.7,1.07
438768,1999,385,111.9,0.0,3.0,-1.7,1.07
438787,2046,385,111.9,0.0,3.0,-1.7,1.07
438788,2094,385,111.9,0.0,3.0,-1.7,1.07
438788,2126,385,111.9,0.0,3.0,-1.7,1.07
438788,2159,385,111.9,0.0,3.0,-1.7,1.07
438802,2018,385,111.9,0.0,3.0,-1.8,1.08
438802,2009,385,111.9,0.0,3.0,-1.8,1.08
438802,1971,385,111.9,0.0,3.0,-1.8,1.08
438820,1989,384,111.9,0.0,3.0,-1.8,1.08
438820,2010,384,111.9,0.0,3.0,-1.8,1.08
438821,2033,384,111.9,0.0,3.0,-1.8,1.08
438821,2033,384,111.9,0.0,3.0,-1.8,1.08
438834,2190,384,111.9,0.0,3.0,-1.8,1.08
438835,2156,384,111.9,0.0,3.0,-1.8,1.08
438835,2183,384,111.9,0.0,3.0,-1.8,1.08
438855,1896,384,111.9,0.0,3.0,-1.7,1.07
438857,1918,384,111.9,0.0,3.0,-1.7,1.07
438857,1889,384,111.9,0.0,3.0,-1.7,1.07
438857,1877,384,111.9,0.0,3.0,-1.7,1.07
438870,2324,384,111.9,0.0,3.0,-1.7,1.07
438870,2375,384,111.9,0.0,3.0,-1.7,1.07
438870,2389,384,111.9,0.0,3.0,-1.7,1.07
438887,1890,384,111.9,0.0,3.0,-1.7,1.07
438887,1898,384,111.9,0.0,3.0,-1.7,1.07
438888,1899,384,111.9,0.0,3.0,-1.7,1.07
438888,1894,384,111.9,0.0,3.0,-1.7,1.07
438902,1747,384,111.9,0.0,3.1,-1.6,1.09
438902,1894,384,111.9,0.0,3.1,-1.6,1.09
438902,1919,384,111.9,0.0,3.1,-1.6,1.09
438920,1794,384,111.9,0.0,3.1,-1.6,1.09
438920,1768,384,111.9,0.0,3.1,-1.6,1.09
438920,1764,384,111.9,0.0,3.1,-1.6,1.09
438920,1713,384,111.9,0.0,3.1,-1.6,1.09
438934,2240,383,111.9,0.0,3.1,-1.6,1.09
438934,2249,383,111.9,0.0,3.1,-1.6,1.09
438935,2286,383,111.9,0.0,3.1,-1.6,1.09
438954,2077,383,111.9,0.0,3.1,-1.6,1.09
438954,2072,383,111.9,0.0,3.1,-1.6,1.09
438954,2022,383,111.9,0.0,3.1,-1.6,1.09
438954,1999,383,111.9,0.0,3.1,-1.6,1.09
438967,2008,383,111.9,0.0,2.9,-1.6,1.08
438967,2071,383,111.9,0.0,2.9,-1.6,1.08
438968,2163,383,111.9,0.0,2.9,-1.6,1.08
438986,1985,383,111.9,0.0,2.9,-1.6,1.08
438987,1989,383,111.9,0.0,2.9,-1.6,1.08
438987,2030,383,111.9,0.0,2.9,-1.6,1.08
438987,2064,383,111.9,0.0,2.9,-1.6,1.08
439000,1847,383,111.9,0.0,2.9,-1.6,1.08
439000,1841,383,111.9,0.0,2.9,-1.6,1.08
439000,1855,383,111.9,0.0,2.9,-1.6,1.08
439019,1891,382,111.9,0.0,2.8,-1.6,1.08
439020,1930,382,111.9,0.0,2.8,-1.6,1.08
439020,1918,382,111.9,0.0,2.8,-1.6,1.08
439020,1905,382,111.9,0.0,2.8,-1.6,1.08
439034,2011,382,111.9,0.0,2.8,-1.6,1.08
439034,2027,382,111.9,0.0,2.8,-1.6,1.08
439034,2053,382,111.9,0.0,2.8,-1.6,1.08
439052,2038,381,111.9,0.0,2.8,-1.6,1.08
439053,2005,381,111.9,0.0,2.8,-1.6,1.08
439053,1982,381,111.9,0.0,2.8,-1.6,1.08
439053,2010,381,111.9,0.0,2.8,-1.6,1.08
439066,2053,381,111.9,0.0,2.8,-1.6,1.06
439066,2048,381,111.9,0.0,2.8,-1.6,1.06
439066,2013,381,111.9,0.0,2.8,-1.6,1.06
439085,2013,381,111.9,0.0,2.8,-1.6,1.06
439086,2025,381,111.9,0.0,2.8,-1.6,1.06
439086,2053,381,111.9,0.0,2.8,-1.6,1.06
439086,2061,381,111.9,0.0,2.8,-1.6,1.06
439099,2030,380,111.9,0.0,2.8,-1.6,1.06
439099,2033,380,111.9,0.0,2.8,-1.6,1.06
439099,2057,380,111.9,0.0,2.8,-1.6,1.06
439119,2144,380,111.9,0.0,2.9,-1.6,1.07
439122,2038,380,111.9,0.0,2.9,-1.6,1.07
439123,2006,380,111.9,0.0,2.9,-1.6,1.07
439123,1981,380,111.9,0.0,2.9,-1.6,1.07
439135,1964,380,111.9,0.0,2.9,-1.6,1.07
439136,1989,380,111.9,0.0,2.9,-1.6,1.07
439136,1993,380,111.9,0.0,2.9,-1.6,1.07
439136,1973,380,111.9,0.0,2.9,-1.6,1.07
439153,1935,379,111.9,0.0,2.9,-1.6,1.07
439153,1932,379,111.9,0.0,2.9,-1.6,1.07
439153,1961,379,111.9,0.0,2.9,-1.6,1.07
439154,1942,379,111.9,0.0,2.9,-1.6,1.07
439166,2009,379,111.9,0.0,3.1,-1.7,1.08
439167,2040,379,111.9,0.0,3.1,-1.7,1.08
439167,1987,379,111.9,0.0,3.1,-1.7,1.08
439186,1955,378,111.9,0.0,3.1,-1.7,1.08
439186,1962,378,111.9,0.0,3.1,-1.7,1.08
439188,1959,378,111.9,0.0,3.1,-1.7,1.08
439188,1981,378,111.9,0.0,3.1,-1.7,1.08
439202,2038,378,111.9,0.0,3.1,-1.7,1.08
439202,2058,378,111.9,0.0,3.1,-1.7,1.08
439202,2061,378,111.9,0.0,3.1,-1.7,1.08
439203,2038,378,111.9,0.0,3.1,-1.7,1.08
439220,1983,378,111.9,0.0,3.2,-1.8,1.08
439221,1973,378,111.9,0.0,3.2,-1.8,1.08
439221,2025,378,111.9,0.0,3.2,-1.8,1.08
439221,2034,378,111.9,0.0,3.2,-1.8,1.08
439234,2024,377,111.9,0.0,3.2,-1.8,1.08
439234,2019,377,111.9,0.0,3.2,-1.8,1.08
439234,2028,377,111.9,0.0,3.2,-1.8,1.08
439253,2163,377,111.9,0.0,3.2,-1.8,1.08
439254,2147,377,111.9,0.0,3.2,-1.8,1.08
439254,2123,377,111.9,0.0,3.2,-1.8,1.08
439254,2120,377,111.9,0.0,3.2,-1.8,1.08
439267,1966,377,111.9,0.0,3.1,-1.7,1.07
439267,2009,377,111.9,0.0,3.1,-1.7,1.07
439267,1993,377,111.9,0.0,3.1,-1.7,1.07
439288,1915,376,111.9,0.0,3.1,-1.7,1.07
439290,1984,376,111.9,0.0,3.1,-1.7,1.07
439291,1998,376,111.9,0.0,3.1,-1.7,1.07
439291,2008,376,111.9,0.0,3.1,-1.7,1.07
439303,2048,376,111.9,0.0,3.1,-1.7,1.07
439304,2025,376,111.9,0.0,3.1,-1.7,1.07
439304,2021,376,111.9,0.0,3.1,-1.7,1.07
439304,2034,376,111.9,0.0,3.1,-1.7,1.07
439322,2025,376,111.9,0.0,3.0,-1.6,1.07
439322,2017,376,111.9,0.0,3.0,-1.6,1.07
439323,2003,376,111.9,0.0,3.0,-1.6,1.07
439323,1988,376,111.9,0.0,3.0,-1.6,1.07
439335,2014,376,111.9,0.0,3.0,-1.6,1.07
439336,1996,376,111.9,0.0,3.0,-1.6,1.07
439336,1991,376,111.9,0.0,3.0,-1.6,1.07
439354,2199,375,111.9,0.0,3.0,-1.6,1.07
439355,2143,375,111.9,0.0,3.0,-1.6,1.07
439355,2193,375,111.9,0.0,3.0,-1.6,1.07
439355,2197,375,111.9,0.0,3.0,-1.6,1.07
439368,1987,375,111.9,0.0,2.9,-1.6,1.07
439368,1977,375,111.9,0.0,2.9,-1.6,1.07
439368,1968,375,111.9,0.0,2.9,-1.6,1.07
439388,2038,375,111.9,0.0,2.9,-1.6,1.07
439391,2184,375,111.9,0.0,2.9,-1.6,1.07
439391,2182,375,111.9,0.0,2.9,-1.6,1.07
439391,2182,375,111.9,0.0,2.9,-1.6,1.07
439404,1984,375,111.9,0.0,2.9,-1.6,1.07
439405,1988,375,111.9,0.0,2.9,-1.6,1.07
439405,1982,375,111.9,0.0,2.9,-1.6,1.07
439405,1978,375,111.9,0.0,2.9,-1.6,1.07
439423,2011,375,111.9,0.0,3.1,-1.6,1.09
439423,1977,375,111.9,0.0,3.1,-1.6,1.09
439423,2016,375,111.9,0.0,3.1,-1.6,1.09
439423,2008,375,111.9,0.0,3.1,-1.6,1.09
439436,2028,375,111.9,0.0,3.1,-1.6,1.09
439436,2020,375,111.9,0.0,3.1,-1.6,1.09
439437,2026,375,111.9,0.0,3.1,-1.6,1.09
439455,2032,375,111.9,0.0,3.1,-1.6,1.09
439456,2019,375,111.9,0.0,3.1,-1.6,1.09
439459,1999,375,111.9,0.0,3.1,-1.6,1.09
439460,1984,375,111.9,0.0,3.1,-1.6,1.09
439473,2024,375,111.9,0.0,3.2,-1.6,1.08
439474,2026,375,111.9,0.0,3.2,-1.6,1.08
439474,2002,375,111.9,0.0,3.2,-1.6,1.08
439475,1995,375,111.9,0.0,3.2,-1.6,1.08
439493,2158,375,111.9,0.0,3.2,-1.6,1.08
439493,2152,375,111.9,0.0,3.2,-1.6,1.08
439493,2155,375,111.9,0.0,3.2,-1.6,1.08
439494,2160,375,111.9,0.0,3.2,-1.6,1.08
439506,1989,375,111.9,0.0,3.2,-1.6,1.08
439507,1991,375,111.9,0.0,3.2,-1.6,1.08
439507,1975,375,111.9,0.0,3.2,-1.6,1.08
439525,2037,376,111.9,0.0,3.2,-1.7,1.08
439525,2049,376,111.9,0.0,3.2,-1.7,1.08
439525,2055,376,111.9,0.0,3.2,-1.7,1.08
439525,2046,376,111.9,0.0,3.2,-1.7,1.08
439538,2005,376,111.9,0.0,3.2,-1.7,1.08
439538,1999,376,111.9,0.0,3.2,-1.7,1.08
439539,2005,376,111.9,0.0,3.2,-1.7,1.08
439557,2253,376,111.9,0.0,3.2,-1.7,1.08
439558,2220,376,111.9,0.0,3.2,-1.7,1.08
439558,2214,376,111.9,0.0,3.2,-1.7,1.08
439558,2211,376,111.9,0.0,3.2,-1.7,1.08
439572,2096,376,111.9,0.0,3.2,-1.7,1.08
439572,2097,376,111.9,0.0,3.2,-1.7,1.08
439572,2084,376,111.9,0.0,3.2,-1.7,1.08
439591,2167,376,111.9,0.0,3.2,-1.7,1.08
439591,2182,376,111.9,0.0,3.2,-1.7,1.08
439591,2195,376,111.9,0.0,3.2,-1.7,1.08
439591,2169,376,111.9,0.0,3.2,-1.7,1.08
439604,1978,376,111.9,0.0,3.2,-1.7,1.08
439605,1934,376,111.9,0.0,3.2,-1.7,1.08
439605,1946,376,111.9,0.0,3.2,-1.7,1.08
439624,2014,376,111.9,0.0,3.1,-1.6,1.08
439624,1999,376,111.9,0.0,3.1,-1.6,1.08
439624,2012,376,111.9,0.0,3.1,-1.6,1.08
439624,2002,376,111.9,0.0,3.1,-1.6,1.08
439637,2302,376,111.9,0.0,3.1,-1.6,1.08
439637,2247,376,111.9,0.0,3.1,-1.6,1.08
439637,2252,376,111.9,0.0,3.1,-1.6,1.08
439656,2070,376,111.9,0.0,3.1,-1.6,1.08
439657,2073,376,111.9,0.0,3.1,-1.6,1.08
439657,2055,376,111.9,0.0,3.1,-1.6,1.08
439657,2050,376,111.9,0.0,3.1,-1.6,1.08
439670,2074,377,111.9,0.0,3.1,-1.6,1.07
439671,2073,377,111.9,0.0,3.1,-1.6,1.07
439671,2065,377,111.9,0.0,3.1,-1.6,1.07
439689,2115,377,111.9,0.0,3.1,-1.6,1.07
439690,2146,377,111.9,0.0,3.1,-1.6,1.07
439690,2153,377,111.9,0.0,3.1,-1.6,1.07
439690,2195,377,111.9,0.0,3.1,-1.6,1.07
439703,2027,377,111.9,0.0,3.1,-1.6,1.07
439703,2001,377,111.9,0.0,3.1,-1.6,1.07
439704,1987,377,111.9,0.0,3.1,-1.6,1.07
439727,2889,377,111.9,0.0,3.1,-1.7,1.07
439730,3199,377,111.9,0.0,3.1,-1.7,1.07
439730,3259,377,111.9,0.0,3.1,-1.7,1.07
439731,3399,377,111.9,0.0,3.1,-1.7,1.07
439744,1588,377,111.9,0.0,3.1,-1.7,1.07
439744,1576,377,111.9,0.0,3.1,-1.7,1.07
439744,1521,377,111.9,0.0,3.1,-1.7,1.07
439745,1491,377,111.9,0.0,3.1,-1.7,1.07
439761,2147,377,111.9,0.0,3.1,-1.7,1.07
439762,2196,377,111.9,0.0,3.1,-1.7,1.07
439762,2200,377,111.9,0.0,3.1,-1.7,1.07
439762,2169,377,111.9,0.0,3.1,-1.7,1.07
439774,2052,377,111.9,0.0,3.1,-1.7,1.07
439775,2074,377,111.9,0.0,3.1,-1.7,1.07
439775,2080,377,111.9,0.0,3.1,-1.7,1.07
439794,2361,377,111.9,0.0,3.1,-1.7,1.07
439796,2280,377,111.9,0.0,3.1,-1.7,1.07
439796,2255,377,111.9,0.0,3.1,-1.7,1.07
439796,2268,377,111.9,0.0,3.1,-1.7,1.07
439810,2012,378,111.9,0.0,3.1,-1.7,1.07
439811,2055,378,111.9,0.0,3.1,-1.7,1.07
439811,2016,378,111.9,0.0,3.1,-1.7,1.07
439811,2002,378,111.9,0.0,3.1,-1.7,1.07
439829,1998,378,111.9,0.0,3.1,-1.6,1.07
439830,2049,378,111.9,0.0,3.1,-1.6,1.07
439830,2029,378,111.9,0.0,3.1,-1.6,1.07
439830,1990,378,111.9,0.0,3.1,-1.6,1.07
439843,1980,378,111.9,0.0,3.1,-1.6,1.07
439844,2020,378,111.9,0.0,3.1,-1.6,1.07
439844,2038,378,111.9,0.0,3.1,-1.6,1.07
439862,2053,378,111.9,0.0,3.1,-1.6,1.07
439862,1994,378,111.9,0.0,3.1,-1.6,1.07
439862,1970,378,111.9,0.0,3.1,-1.6,1.07
439862,1984,378,111.9,0.0,3.1,-1.6,1.07
439875,2218,378,111.9,0.0,3.1,-1.7,1.08
439875,2224,378,111.9,0.0,3.1,-1.7,1.08
439875,2198,378,111.9,0.0,3.1,-1.7,1.08
439894,2094,378,111.9,0.0,3.1,-1.7,1.08
439895,2132,378,111.9,0.0,3.1,-1.7,1.08
439895,2164,378,111.9,0.0,3.1,-1.7,1.08
439895,2159,378,111.9,0.0,3.1,-1.7,1.08
439909,1993,379,111.9,0.0,3.1,-1.7,1.08
439909,2024,379,111.9,0.0,3.1,-1.7,1.08
439909,2049,379,111.9,0.0,3.1,-1.7,1.08
439929,1991,379,111.9,0.0,3.0,-1.8,1.08
439930,1934,379,111.9,0.0,3.0,-1.8,1.08
439931,1800,379,111.9,0.0,3.0,-1.8,1.08
439931,1748,379,111.9,0.0,3.0,-1.8,1.08
439944,2060,379,111.9,0.0,3.0,-1.8,1.08
439944,2079,379,111.9,0.0,3.0,-1.8,1.08
439945,2116,379,111.9,0.0,3.0,-1.8,1.08
439962,2004,379,111.9,0.0,3.0,-1.8,1.08
439962,1980,379,111.9,0.0,3.0,-1.8,1.08
439962,1957,379,111.9,0.0,3.0,-1.8,1.08
439963,1971,379,111.9,0.0,3.0,-1.8,1.08
439975,2043,379,111.9,0.0,3.0,-1.8,1.07
439975,2054,379,111.9,0.0,3.0,-1.8,1.07
439976,2058,379,111.9,0.0,3.0,-1.8,1.07
439994,2065,379,111.9,0.0,3.0,-1.8,1.07
439995,2069,379,111.9,0.0,3.0,-1.8,1.07
439995,2064,379,111.9,0.0,3.0,-1.8,1.07
439995,2069,379,111.9,0.0,3.0,-1.8,1.07
440009,2013,380,111.9,0.0,3.0,-1.8,1.07
440009,2032,380,111.9,0.0,3.0,-1.8,1.07
440009,2163,380,111.9,0.0,3.0,-1.8,1.07
440029,2147,380,111.9,0.0,3.1,-1.8,1.07
440029,2235,380,111.9,0.0,3.1,-1.8,1.07
440031,2378,380,111.9,0.0,3.1,-1.8,1.07
440032,2407,380,111.9,0.0,3.1,-1.8,1.07
440044,1920,380,111.9,0.0,3.1,-1.8,1.07
440045,1917,380,111.9,0.0,3.1,-1.8,1.07
440045,1903,380,111.9,0.0,3.1,-1.8,1.07
440045,1876,380,111.9,0.0,3.1,-1.8,1.07
440062,2044,380,111.9,0.0,3.1,-1.8,1.07
440063,2052,380,111.9,0.0,3.1,-1.8,1.07
440063,2070,380,111.9,0.0,3.1,-1.8,1.07
440063,2107,380,111.9,0.0,3.1,-1.8,1.07
440076,2050,381,111.9,0.0,3.1,-1.8,1.07
440076,2052,381,111.9,0.0,3.1,-1.8,1.07
440076,2054,381,111.9,0.0,3.1,-1.8,1.07
440094,2074,381,111.9,0.0,3.1,-1.8,1.07
440095,2104,381,111.9,0.0,3.1,-1.8,1.07
440095,2070,381,111.9,0.0,3.1,-1.8,1.07
440095,2056,381,111.9,0.0,3.1,-1.8,1.07
440109,1918,381,111.9,0.0,3.1,-1.8,1.07
440109,2069,381,111.9,0.0,3.1,-1.8,1.07
440109,2059,381,111.9,0.0,3.1,-1.8,1.07
440128,2044,381,111.9,0.0,3.1,-1.7,1.07
440129,2086,381,111.9,0.0,3.1,-1.7,1.07
440129,2124,381,111.9,0.0,3.1,-1.7,1.07
440129,2143,381,111.9,0.0,3.1,-1.7,1.07
440142,2018,382,111.9,0.0,3.1,-1.7,1.07
440143,1990,382,111.9,0.0,3.1,-1.7,1.07
440143,1977,382,111.9,0.0,3.1,-1.7,1.07
440162,2060,382,111.9,0.0,3.1,-1.7,1.07
440163,2036,382,111.9,0.0,3.1,-1.7,1.07
440164,2029,382,111.9,0.0,3.1,-1.7,1.07
440166,1916,382,111.9,0.0,3.1,-1.7,1.07
440167,1909,382,111.9,0.0,3.1,-1.7,1.07
440179,2066,382,111.9,0.0,3.0,-1.7,1.07
440180,2071,382,111.9,0.0,3.0,-1.7,1.07
440180,2077,382,111.9,0.0,3.0,-1.7,1.07
440196,2155,382,111.9,0.0,3.0,-1.7,1.07
440196,2123,382,111.9,0.0,3.0,-1.7,1.07
440196,2133,382,111.9,0.0,3.0,-1.7,1.07
440196,2138,382,111.9,0.0,3.0,-1.7,1.07
440210,2102,383,111.9,0.0,3.0,-1.7,1.07
440210,2089,383,111.9,0.0,3.0,-1.7,1.07
440211,2090,383,111.9,0.0,3.0,-1.7,1.07
440228,1986,383,111.9,0.0,3.0,-1.7,1.07
440228,1961,383,111.9,0.0,3.0,-1.7,1.07
440229,1984,383,111.9,0.0,3.0,-1.7,1.07
440229,1988,383,111.9,0.0,3.0,-1.7,1.07
440241,1248,383,111.9,0.0,3.1,-1.7,1.08
440242,1404,383,111.9,0.0,3.1,-1.7,1.08
440242,1460,383,111.9,0.0,3.1,-1.7,1.08
440260,1783,383,111.9,0.0,3.1,-1.7,1.08
440261,1735,383,111.9,0.0,3.1,-1.7,1.08
440261,1725,383,111.9,0.0,3.1,-1.7,1.08
440261,1710,383,111.9,0.0,3.1,-1.7,1.08
440274,2208,384,111.9,0.0,3.1,-1.7,1.08
440274,2202,384,111.9,0.0,3.1,-1.7,1.08
440274,2229,384,111.9,0.0,3.1,-1.7,1.08
440293,2179,384,111.9,0.0,3.1,-1.7,1.08
440294,2190,384,111.9,0.0,3.1,-1.7,1.08
440294,2162,384,111.9,0.0,3.1,-1.7,1.08
440294,2134,384,111.9,0.0,3.1,-1.7,1.08
440308,1964,385,111.9,0.0,3.1,-1.7,1.08
440308,2008,385,111.9,0.0,3.1,-1.7,1.08
440308,1957,385,111.9,0.0,3.1,-1.7,1.08
440327,2002,385,111.9,0.0,3.1,-1.7,1.08
440327,1968,385,111.9,0.0,3.1,-1.7,1.08
440328,2008,385,111.9,0.0,3.1,-1.7,1.08
440328,2031,385,111.9,0.0,3.1,-1.7,1.08
440340,2067,386,111.9,0.0,3.1,-1.7,1.08
440341,2018,386,111.9,0.0,3.1,-1.7,1.08
440341,1989,386,111.9,0.0,3.1,-1.7,1.08
440360,1873,386,111.9,0.0,3.1,-1.7,1.08
440360,1914,386,111.9,0.0,3.1,-1.7,1.08
440362,1988,386,111.9,0.0,3.1,-1.7,1.08
440362,1949,386,111.9,0.0,3.1,-1.7,1.08
440375,2128,386,111.9,0.0,3.1,-1.7,1.08
440375,2160,386,111.9,0.0,3.1,-1.7,1.08
440375,2182,386,111.9,0.0,3.1,-1.7,1.08
440393,2157,387,111.9,0.0,3.1,-1.7,1.08
440394,2106,387,111.9,0.0,3.1,-1.7,1.08
440394,2080,387,111.9,0.0,3.1,-1.7,1.08
440394,2105,387,111.9,0.0,3.1,-1.7,1.08
440407,2023,387,111.9,0.0,3.1,-1.7,1.08
440408,2025,387,111.9,0.0,3.1,-1.7,1.08
440408,1987,387,111.9,0.0,3.1,-1.7,1.08
440426,1861,387,111.9,0.0,3.1,-1.7,1.08
440427,2013,387,111.9,0.0,3.1,-1.7,1.08
440427,2052,387,111.9,0.0,3.1,-1.7,1.08
440428,2059,387,111.9,0.0,3.1,-1.7,1.08
440440,2061,388,111.9,0.0,3.1,-1.7,1.08
440441,2014,388,111.9,0.0,3.1,-1.7,1.08
440441,2035,388,111.9,0.0,3.1,-1.7,1.08
440460,2069,388,111.9,0.0,3.1,-1.6,1.08
440460,2076,388,111.9,0.0,3.1,-1.6,1.08
440462,2028,388,111.9,0.0,3.1,-1.6,1.08
440463,1996,388,111.9,0.0,3.1,-1.6,1.08
440476,2168,388,111.9,0.0,3.1,-1.6,1.08
440476,2190,388,111.9,0.0,3.1,-1.6,1.08
440477,2195,388,111.9,0.0,3.1,-1.6,1.08
440477,2161,388,111.9,0.0,3.1,-1.6,1.08
440493,2101,388,111.9,0.0,3.1,-1.6,1.08
440494,2097,388,111.9,0.0,3.1,-1.6,1.08
440494,2133,388,111.9,0.0,3.1,-1.6,1.08
440494,2138,388,111.9,0.0,3.1,-1.6,1.08
440508,2010,388,111.9,0.0,3.1,-1.6,1.07
440508,1969,388,111.9,0.0,3.1,-1.6,1.07
440508,1968,388,111.9,0.0,3.1,-1.6,1.07
440526,2018,389,111.9,0.0,3.1,-1.6,1.07
440527,2048,389,111.9,0.0,3.1,-1.6,1.07
440527,2033,389,111.9,0.0,3.1,-1.6,1.07
440527,2016,389,111.9,0.0,3.1,-1.6,1.07
440540,2052,389,111.9,0.0,3.1,-1.6,1.07
440540,2057,389,111.9,0.0,3.1,-1.6,1.07
440540,2061,389,111.9,0.0,3.1,-1.6,1.07
440559,2039,389,111.9,0.0,3.1,-1.6,1.07
440560,2029,389,111.9,0.0,3.1,-1.6,1.07
440560,2032,389,111.9,0.0,3.1,-1.6,1.07
440560,2018,389,111.9,0.0,3.1,-1.6,1.07
440573,2072,389,111.9,0.0,3.1,-1.7,1.07
440573,2050,389,111.9,0.0,3.1,-1.7,1.07
440574,2035,389,111.9,0.0,3.1,-1.7,1.07
440593,2208,389,111.9,0.0,3.1,-1.7,1.07
440594,2202,389,111.9,0.0,3.1,-1.7,1.07
440596,2158,389,111.9,0.0,3.1,-1.7,1.07
440597,2137,389,111.9,0.0,3.1,-1.7,1.07
440610,2100,388,111.9,0.0,3.1,-1.7,1.07
440611,2177,388,111.9,0.0,3.1,-1.7,1.07
440611,2191,388,111.9,0.0,3.1,-1.7,1.07
440611,2246,388,111.9,0.0,3.1,-1.7,1.07
440628,1899,388,111.9,0.0,3.1,-1.7,1.07
440628,1871,388,111.9,0.0,3.1,-1.7,1.07
440629,1860,388,111.9,0.0,3.1,-1.7,1.07
440629,1886,388,111.9,0.0,3.1,-1.7,1.07
440642,2052,388,111.9,0.0,3.1,-1.7,1.07
440642,2079,388,111.9,0.0,3.1,-1.7,1.07
440642,2065,388,111.9,0.0,3.1,-1.7,1.07
440659,2144,388,111.9,0.0,3.1,-1.7,1.07
440660,2107,388,111.9,0.0,3.1,-1.7,1.07
440660,2121,388,111.9,0.0,3.1,-1.7,1.07
440660,2112,388,111.9,0.0,3.1,-1.7,1.07
440673,1998,388,111.9,0.0,3.1,-1.8,1.07
440673,1984,388,111.9,0.0,3.1,-1.8,1.07
440673,1975,388,111.9,0.0,3.1,-1.8,1.07
440691,2162,388,111.9,0.0,3.1,-1.8,1.07
440692,2184,388,111.9,0.0,3.1,-1.8,1.07
440692,2196,388,111.9,0.0,3.1,-1.8,1.07
440692,2194,388,111.9,0.0,3.1,-1.8,1.07
440706,1976,388,111.9,0.0,3.1,-1.8,1.07
440706,1970,388,111.9,0.0,3.1,-1.8,1.07
440706,1968,388,111.9,0.0,3.1,-1.8,1.07
440725,1995,388,111.9,0.0,3.1,-1.7,1.07
440726,1998,388,111.9,0.0,3.1,-1.7,1.07
440726,1990,388,111.9,0.0,3.1,-1.7,1.07
440726,1993,388,111.9,0.0,3.1,-1.7,1.07
440739,2048,388,111.9,0.0,3.1,-1.7,1.07
440739,2042,388,111.9,0.0,3.1,-1.7,1.07
440740,2042,388,111.9,0.0,3.1,-1.7,1.07
440764,2011,387,111.9,0.0,3.1,-1.7,1.07
440767,2029,387,111.9,0.0,3.1,-1.7,1.07
440767,2027,387,111.9,0.0,3.1,-1.7,1.07
440768,2025,387,111.9,0.0,3.1,-1.7,1.07
440780,1967,387,111.9,0.0,3.0,-1.7,1.08
440780,1977,387,111.9,0.0,3.0,-1.7,1.08
440781,1981,387,111.9,0.0,3.0,-1.7,1.08
440781,1975,387,111.9,0.0,3.0,-1.7,1.08
440797,2029,387,111.9,0.0,3.0,-1.7,1.08
440798,2028,387,111.9,0.0,3.0,-1.7,1.08
440798,2064,387,111.9,0.0,3.0,-1.7,1.08
440798,2029,387,111.9,0.0,3.0,-1.7,1.08
440811,2086,387,111.9,0.0,3.0,-1.7,1.08
440811,2092,387,111.9,0.0,3.0,-1.7,1.08
440811,2086,387,111.9,0.0,3.0,-1.7,1.08
440830,2080,387,111.9,0.0,3.0,-1.7,1.07
440831,2111,387,111.9,0.0,3.0,-1.7,1.07
440834,2078,387,111.9,0.0,3.0,-1.7,1.07
440835,2081,387,111.9,0.0,3.0,-1.7,1.07
440847,1990,387,111.9,0.0,3.0,-1.7,1.07
440848,1998,387,111.9,0.0,3.0,-1.7,1.07
440848,1989,387,111.9,0.0,3.0,-1.7,1.07
440848,1988,387,111.9,0.0,3.0,-1.7,1.07
440869,2037,387,111.9,0.0,3.0,-1.7,1.07
440871,2103,387,111.9,0.0,3.0,-1.7,1.07
440871,2113,387,111.9,0.0,3.0,-1.7,1.07
440872,2122,387,111.9,0.0,3.0,-1.7,1.07
440885,1995,387,111.9,0.0,3.1,-1.6,1.07
440885,2001,387,111.9,0.0,3.1,-1.6,1.07
440886,2010,387,111.9,0.0,3.1,-1.6,1.07
440886,1994,387,111.9,0.0,3.1,-1.6,1.07
440901,2049,386,111.9,0.0,3.1,-1.6,1.07
440902,2038,386,111.9,0.0,3.1,-1.6,1.07
440902,2030,386,111.9,0.0,3.1,-1.6,1.07
440902,2033,386,111.9,0.0,3.1,-1.6,1.07
440916,1773,386,111.9,0.0,3.1,-1.6,1.07
440916,1775,386,111.9,0.0,3.1,-1.6,1.07
440916,1774,386,111.9,0.0,3.1,-1.6,1.07
440935,2168,386,111.9,0.0,3.1,-1.7,1.08
440936,2144,386,111.9,0.0,3.1,-1.7,1.08
440936,2097,386,111.9,0.0,3.1,-1.7,1.08
440938,2109,386,111.9,0.0,3.1,-1.7,1.08
440951,2055,386,111.9,0.0,3.1,-1.7,1.08
440951,1997,386,111.9,0.0,3.1,-1.7,1.08
440951,1994,386,111.9,0.0,3.1,-1.7,1.08
440952,1996,386,111.9,0.0,3.1,-1.7,1.08
440973,1967,386,111.9,0.0,3.1,-1.7,1.08
440976,1873,386,111.9,0.0,3.1,-1.7,1.08
440976,1850,386,111.9,0.0,3.1,-1.7,1.08
440976,1840,386,111.9,0.0,3.1,-1.7,1.08
440989,2061,386,111.9,0.0,3.1,-1.6,1.08
440989,2089,386,111.9,0.0,3.1,-1.6,1.08
440989,2095,386,111.9,0.0,3.1,-1.6,1.08
440989,2088,386,111.9,0.0,3.1,-1.6,1.08
441006,1958,386,111.9,0.0,3.1,-1.6,1.08
441006,1970,386,111.9,0.0,3.1,-1.6,1.08
441007,1971,386,111.9,0.0,3.1,-1.6,1.08
441007,1966,386,111.9,0.0,3.1,-1.6,1.08
441019,2080,386,111.9,0.0,3.1,-1.6,1.08
441020,2086,386,111.9,0.0,3.1,-1.6,1.08
441020,2101,386,111.9,0.0,3.1,-1.6,1.08
441038,1914,386,111.9,0.0,3.0,-1.6,1.08
441039,1898,386,111.9,0.0,3.0,-1.6,1.08
441039,1897,386,111.9,0.0,3.0,-1.6,1.08
441039,1890,386,111.9,0.0,3.0,-1.6,1.08
441052,2163,386,111.9,0.0,3.0,-1.6,1.08
441053,2160,386,111.9,0.0,3.0,-1.6,1.08
441054,2156,386,111.9,0.0,3.0,-1.6,1.08
441073,1950,385,111.9,0.0,3.0,-1.6,1.08
441073,1929,385,111.9,0.0,3.0,-1.6,1.08
441073,1905,385,111.9,0.0,3.0,-1.6,1.08
441073,1914,385,111.9,0.0,3.0,-1.6,1.08
441087,2063,385,111.9,0.0,3.0,-1.6,1.08
441087,2061,385,111.9,0.0,3.0,-1.6,1.08
441088,2051,385,111.9,0.0,3.0,-1.6,1.08
441106,1999,385,111.9,0.0,3.0,-1.6,1.08
441106,1987,385,111.9,0.0,3.0,-1.6,1.08
441106,2002,385,111.9,0.0,3.0,-1.6,1.08
441106,1997,385,111.9,0.0,3.0,-1.6,1.08
441119,2083,385,111.9,0.0,3.0,-1.6,1.08
441119,2073,385,111.9,0.0,3.0,-1.6,1.08
441120,2095,385,111.9,0.0,3.0,-1.6,1.08
441138,2015,385,111.9,0.0,3.0,-1.6,1.08
441139,2026,385,111.9,0.0,3.0,-1.6,1.08
441139,2007,385,111.9,0.0,3.0,-1.6,1.08
441139,2009,385,111.9,0.0,3.0,-1.6,1.08
441152,2141,385,111.9,0.0,3.1,-1.7,1.08
441152,2142,385,111.9,0.0,3.1,-1.7,1.08
441152,2141,385,111.9,0.0,3.1,-1.7,1.08
441171,2056,385,111.9,0.0,3.1,-1.7,1.08
441172,2021,385,111.9,0.0,3.1,-1.7,1.08
441172,2050,385,111.9,0.0,3.1,-1.7,1.08
441172,2034,385,111.9,0.0,3.1,-1.7,1.08
441186,1980,385,111.9,0.0,3.1,-1.7,1.08
441186,2028,385,111.9,0.0,3.1,-1.7,1.08
441187,2029,385,111.9,0.0,3.1,-1.7,1.08
441204,1972,384,111.9,0.0,3.2,-1.8,1.07
441205,1986,384,111.9,0.0,3.2,-1.8,1.07
441205,1978,384,111.9,0.0,3.2,-1.8,1.07
441205,1992,384,111.9,0.0,3.2,-1.8,1.07
441218,1087,384,111.9,0.0,3.2,-1.8,1.07
441218,1132,384,111.9,0.0,3.2,-1.8,1.07
441219,1166,384,111.9,0.0,3.2,-1.8,1.07
441237,2127,384,111.9,0.0,3.2,-1.8,1.07
441238,2086,384,111.9,0.0,3.2,-1.8,1.07
441238,2159,384,111.9,0.0,3.2,-1.8,1.07
441238,2181,384,111.9,0.0,3.2,-1.8,1.07
441251,2015,384,111.9,0.0,3.1,-1.7,1.07
441251,1925,384,111.9,0.0,3.1,-1.7,1.07
441251,1925,384,111.9,0.0,3.1,-1.7,1.07
441271,2185,384,111.9,0.0,3.1,-1.7,1.07
441271,2201,384,111.9,0.0,3.1,-1.7,1.07
441271,2174,384,111.9,0.0,3.1,-1.7,1.07
441274,2039,383,111.9,0.0,3.1,-1.7,1.07
441287,1972,383,111.9,0.0,3.1,-1.7,1.07
441287,2015,383,111.9,0.0,3.1,-1.7,1.07
441288,2046,383,111.9,0.0,3.1,-1.7,1.07
441289,2030,383,111.9,0.0,3.1,-1.7,1.07
441307,1904,383,111.9,0.0,3.0,-1.7,1.08
441307,1899,383,111.9,0.0,3.0,-1.7,1.08
441307,1934,383,111.9,0.0,3.0,-1.7,1.08
441308,1953,383,111.9,0.0,3.0,-1.7,1.08
441320,1972,383,111.9,0.0,3.0,-1.7,1.08
441321,1951,383,111.9,0.0,3.0,-1.7,1.08
441321,1948,383,111.9,0.0,3.0,-1.7,1.08
441339,2296,383,111.9,0.0,3.0,-1.7,1.08
441340,2289,383,111.9,0.0,3.0,-1.7,1.08
441340,2286,383,111.9,0.0,3.0,-1.7,1.08
441340,2224,383,111.9,0.0,3.0,-1.7,1.08
441354,1931,382,111.9,0.0,3.1,-1.7,1.08
441354,1940,382,111.9,0.0,3.1,-1.7,1.08
441354,1968,382,111.9,0.0,3.1,-1.7,1.08
441372,1357,382,111.9,0.0,3.1,-1.7,1.08
441372,1171,382,111.9,0.0,3.1,-1.7,1.08
441372,1090,382,111.9,0.0,3.1,-1.7,1.08
441372,1022,382,111.9,0.0,3.1,-1.7,1.08
441386,2351,382,111.9,0.0,3.1,-1.7,1.08
441386,2428,382,111.9,0.0,3.1,-1.7,1.08
441386,2486,382,111.9,0.0,3.1,-1.7,1.08
441407,1705,381,111.9,0.0,3.1,-1.8,1.08
441408,1761,381,111.9,0.0,3.1,-1.8,1.08
441409,1727,381,111.9,0.0,3.1,-1.8,1.08
441409,1724,381,111.9,0.0,3.1,-1.8,1.08
441423,2074,381,111.9,0.0,3.1,-1.8,1.08
441424,2129,381,111.9,0.0,3.1,-1.8,1.08
441424,2125,381,111.9,0.0,3.1,-1.8,1.08
441425,2072,381,111.9,0.0,3.1,-1.8,1.08
441441,1892,381,111.9,0.0,3.1,-1.8,1.08
441442,1944,381,111.9,0.0,3.1,-1.8,1.08
441442,1987,381,111.9,0.0,3.1,-1.8,1.08
441442,2004,381,111.9,0.0,3.1,-1.8,1.08
441456,2063,380,111.9,0.0,3.1,-1.8,1.07
441456,2017,380,111.9,0.0,3.1,-1.8,1.07
441456,2043,380,111.9,0.0,3.1,-1.8,1.07
441474,2130,380,111.9,0.0,3.1,-1.8,1.07
441475,2128,380,111.9,0.0,3.1,-1.8,1.07
441475,2081,380,111.9,0.0,3.1,-1.8,1.07
441475,2043,380,111.9,0.0,3.1,-1.8,1.07
441488,1990,379,111.9,0.0,3.1,-1.8,1.07
441488,2050,379,111.9,0.0,3.1,-1.8,1.07
441488,2034,379,111.9,0.0,3.1,-1.8,1.07
441507,2040,379,111.9,0.0,3.2,-1.8,1.07
441508,2014,379,111.9,0.0,3.2,-1.8,1.07
441508,2038,379,111.9,0.0,3.2,-1.8,1.07
441508,2108,379,111.9,0.0,3.2,-1.8,1.07
441521,2067,379,111.9,0.0,3.2,-1.8,1.07
441521,2010,379,111.9,0.0,3.2,-1.8,1.07
441522,1983,379,111.9,0.0,3.2,-1.8,1.07
441547,2039,378,111.9,0.0,3.2,-1.8,1.07
441549,2090,378,111.9,0.0,3.2,-1.8,1.07
441549,2186,378,111.9,0.0,3.2,-1.8,1.07
441549,2051,378,111.9,0.0,3.2,-1.8,1.07
441563,1641,378,111.9,0.0,3.1,-1.7,1.07
441564,1785,378,111.9,0.0,3.1,-1.7,1.07
441564,1818,378,111.9,0.0,3.1,-1.7,1.07
441564,1881,378,111.9,0.0,3.1,-1.7,1.07
441580,2105,378,111.9,0.0,3.1,-1.7,1.07
441580,2055,378,111.9,0.0,3.1,-1.7,1.07
441580,2085,378,111.9,0.0,3.1,-1.7,1.07
441580,2058,378,111.9,0.0,3.1,-1.7,1.07
441594,2033,377,111.9,0.0,3.1,-1.7,1.07
441594,2020,377,111.9,0.0,3.1,-1.7,1.07
441595,2028,377,111.9,0.0,3.1,-1.7,1.07
441612,2144,377,111.9,0.0,3.1,-1.7,1.08
441613,2171,377,111.9,0.0,3.1,-1.7,1.08
441613,2168,377,111.9,0.0,3.1,-1.7,1.08
441613,2135,377,111.9,0.0,3.1,-1.7,1.08
441626,1980,376,111.9,0.0,3.1,-1.7,1.08
441626,2002,376,111.9,0.0,3.1,-1.7,1.08
441626,2008,376,111.9,0.0,3.1,-1.7,1.08
441647,2036,376,111.9,0.0,3.1,-1.7,1.08
441648,2013,376,111.9,0.0,3.1,-1.7,1.08
441649,2017,376,111.9,0.0,3.1,-1.7,1.08
441649,2044,376,111.9,0.0,3.1,-1.7,1.08
441662,2052,376,111.9,0.0,3.2,-1.8,1.07
441663,2033,376,111.9,0.0,3.2,-1.8,1.07
441663,2014,376,111.9,0.0,3.2,-1.8,1.07
441663,2007,376,111.9,0.0,3.2,-1.8,1.07
441679,2061,376,111.9,0.0,3.2,-1.8,1.07
441679,2071,376,111.9,0.0,3.2,-1.8,1.07
441679,2055,376,111.9,0.0,3.2,-1.8,1.07
441680,2037,376,111.9,0.0,3.2,-1.8,1.07
441693,2129,376,111.9,0.0,3.2,-1.8,1.07
441693,2155,376,111.9,0.0,3.2,-1.8,1.07
441694,2168,376,111.9,0.0,3.2,-1.8,1.07
441712,2103,375,111.9,0.0,3.1,-1.8,1.07
441713,2105,375,111.9,0.0,3.1,-1.8,1.07
441713,2106,375,111.9,0.0,3.1,-1.8,1.07
441713,2117,375,111.9,0.0,3.1,-1.8,1.07
441726,2015,375,111.9,0.0,3.1,-1.8,1.07
441727,2014,375,111.9,0.0,3.1,-1.8,1.07
441727,1979,375,111.9,0.0,3.1,-1.8,1.07
441746,2002,375,111.9,0.0,3.1,-1.8,1.07
441746,2034,375,111.9,0.0,3.1,-1.8,1.07
441748,2037,375,111.9,0.0,3.1,-1.8,1.07
441748,2028,375,111.9,0.0,3.1,-1.8,1.07
441762,2059,375,111.9,0.0,3.2,-1.8,1.08
441762,2050,375,111.9,0.0,3.2,-1.8,1.08
441762,2064,375,111.9,0.0,3.2,-1.8,1.08
441762,2049,375,111.9,0.0,3.2,-1.8,1.08
441778,2094,375,111.9,0.0,3.2,-1.8,1.08
441779,2090,375,111.9,0.0,3.2,-1.8,1.08
441779,2068,375,111.9,0.0,3.2,-1.8,1.08
441779,2078,375,111.9,0.0,3.2,-1.8,1.08
441792,2076,375,111.9,0.0,3.2,-1.8,1.08
441793,2073,375,111.9,0.0,3.2,-1.8,1.08
441793,2050,375,111.9,0.0,3.2,-1.8,1.08
441812,2156,375,111.9,0.0,3.2,-1.8,1.07
441814,2183,375,111.9,0.0,3.2,-1.8,1.07
441814,2191,375,111.9,0.0,3.2,-1.8,1.07
441814,2188,375,111.9,0.0,3.2,-1.8,1.07
441827,1985,376,111.9,0.0,3.2,-1.8,1.07
441827,1959,376,111.9,0.0,3.2,-1.8,1.07
441828,1979,376,111.9,0.0,3.2,-1.8,1.07
441845,2011,376,111.9,0.0,3.2,-1.8,1.07
441846,2034,376,111.9,0.0,3.2,-1.8,1.07
441846,2031,376,111.9,0.0,3.2,-1.8,1.07
441846,2022,376,111.9,0.0,3.2,-1.8,1.07
441859,1960,376,111.9,0.0,3.2,-1.8,1.07
441859,1961,376,111.9,0.0,3.2,-1.8,1.07
441860,1967,376,111.9,0.0,3.2,-1.8,1.07
441879,1992,376,111.9,0.0,3.2,-1.8,1.07
441879,2006,376,111.9,0.0,3.2,-1.8,1.07
441879,1995,376,111.9,0.0,3.2,-1.8,1.07
441880,2008,376,111.9,0.0,3.2,-1.8,1.07
441893,1973,376,111.9,0.0,3.2,-1.8,1.07
441894,1924,376,111.9,0.0,3.2,-1.8,1.07
441894,1916,376,111.9,0.0,3.2,-1.8,1.07
441912,2093,376,111.9,0.0,3.2,-1.8,1.08
441913,2067,376,111.9,0.0,3.2,-1.8,1.08
441913,2072,376,111.9,0.0,3.2,-1.8,1.08
441913,2062,376,111.9,0.0,3.2,-1.8,1.08
441926,2013,376,111.9,0.0,3.2,-1.8,1.08
441926,2012,376,111.9,0.0,3.2,-1.8,1.08
441926,2025,376,111.9,0.0,3.2,-1.8,1.08
441945,2030,376,111.9,0.0,3.2,-1.8,1.08
441946,2030,376,111.9,0.0,3.2,-1.8,1.08
441946,2047,376,111.9,0.0,3.2,-1.8,1.08
441946,1993,376,111.9,0.0,3.2,-1.8,1.08
441959,2098,376,111.9,0.0,3.1,-1.8,1.07
441959,2119,376,111.9,0.0,3.1,-1.8,1.07
441959,2064,376,111.9,0.0,3.1,-1.8,1.07
441979,1990,376,111.9,0.0,3.1,-1.8,1.07
441982,2021,377,111.9,0.0,3.1,-1.8,1.07
441982,2010,377,111.9,0.0,3.1,-1.8,1.07
441983,2016,377,111.9,0.0,3.1,-1.8,1.07
441995,2129,377,111.9,0.0,3.1,-1.8,1.07
441996,2131,377,111.9,0.0,3.1,-1.8,1.07
441996,2129,377,111.9,0.0,3.1,-1.8,1.07
441997,2132,377,111.9,0.0,3.1,-1.8,1.07
442015,2061,377,111.9,0.0,3.1,-1.8,1.07
442015,2055,377,111.9,0.0,3.1,-1.8,1.07
442015,2066,377,111.9,0.0,3.1,-1.8,1.07
442015,2047,377,111.9,0.0,3.1,-1.8,1.07
442028,2031,377,111.9,0.0,3.1,-1.8,1.07
442028,2008,377,111.9,0.0,3.1,-1.8,1.07
442029,2017,377,111.9,0.0,3.1,-1.8,1.07
442047,1920,377,111.9,0.0,3.1,-1.8,1.07
442048,1867,377,111.9,0.0,3.1,-1.8,1.07
442048,1906,377,111.9,0.0,3.1,-1.8,1.07
442048,1897,377,111.9,0.0,3.1,-1.8,1.07
442062,2055,377,111.9,0.0,3.1,-1.8,1.07
442062,2027,377,111.9,0.0,3.1,-1.8,1.07
442062,2039,377,111.9,0.0,3.1,-1.8,1.07
442081,2039,377,111.9,0.0,3.1,-1.8,1.07
442081,2047,377,111.9,0.0,3.1,-1.8,1.07
442082,2027,377,111.9,0.0,3.1,-1.8,1.07
442082,2040,377,111.9,0.0,3.1,-1.8,1.07
442094,2082,377,111.9,0.0,3.1,-1.8,1.07
442095,2071,377,111.9,0.0,3.1,-1.8,1.07
442096,2071,377,111.9,0.0,3.1,-1.8,1.07
442097,2064,377,111.9,0.0,3.1,-1.8,1.07
442115,1993,378,111.9,0.0,3.0,-1.8,1.07
442115,1982,378,111.9,0.0,3.0,-1.8,1.07
442116,1990,378,111.9,0.0,3.0,-1.8,1.07
442116,1977,378,111.9,0.0,3.0,-1.8,1.07
442128,2029,378,111.9,0.0,3.0,-1.8,1.07
442129,2041,378,111.9,0.0,3.0,-1.8,1.07
442129,2030,378,111.9,0.0,3.0,-1.8,1.07
442148,2007,378,111.9,0.0,3.0,-1.8,1.07
442151,2015,378,111.9,0.0,3.0,-1.8,1.07
442151,2008,378,111.9,0.0,3.0,-1.8,1.07
442151,1999,378,111.9,0.0,3.0,-1.8,1.07
442164,2040,378,111.9,0.0,3.0,-1.8,1.08
442164,1997,378,111.9,0.0,3.0,-1.8,1.08
442165,2002,378,111.9,0.0,3.0,-1.8,1.08
442165,1997,378,111.9,0.0,3.0,-1.8,1.08
442182,2075,378,111.9,0.0,3.0,-1.8,1.08
442183,2063,378,111.9,0.0,3.0,-1.8,1.08
442183,2067,378,111.9,0.0,3.0,-1.8,1.08
442183,2052,378,111.9,0.0,3.0,-1.8,1.08
442196,2032,378,111.9,0.0,3.0,-1.8,1.08
442197,2027,378,111.9,0.0,3.0,-1.8,1.08
442197,2021,378,111.9,0.0,3.0,-1.8,1.08
442215,2289,378,111.9,0.0,3.0,-1.8,1.07
442215,2285,378,111.9,0.0,3.0,-1.8,1.07
442215,2284,378,111.9,0.0,3.0,-1.8,1.07
442215,2297,378,111.9,0.0,3.0,-1.8,1.07
442228,1963,379,111.9,0.0,3.0,-1.8,1.07
442229,1953,379,111.9,0.0,3.0,-1.8,1.07
442229,1936,379,111.9,0.0,3.0,-1.8,1.07
442247,2013,379,111.9,0.0,3.0,-1.8,1.07
442248,2014,379,111.9,0.0,3.0,-1.8,1.07
442248,2027,379,111.9,0.0,3.0,-1.8,1.07
442248,2019,379,111.9,0.0,3.0,-1.8,1.07
442261,1918,379,111.9,0.0,3.0,-1.7,1.08
442262,1925,379,111.9,0.0,3.0,-1.7,1.08
442262,1926,379,111.9,0.0,3.0,-1.7,1.08
442281,2084,379,111.9,0.0,3.0,-1.7,1.08
442281,2096,379,111.9,0.0,3.0,-1.7,1.08
442281,2078,379,111.9,0.0,3.0,-1.7,1.08
442281,2054,379,111.9,0.0,3.0,-1.7,1.08
442294,2081,379,111.9,0.0,3.0,-1.7,1.08
442294,2091,379,111.9,0.0,3.0,-1.7,1.08
442295,2083,379,111.9,0.0,3.0,-1.7,1.08
442315,2091,379,111.9,0.0,3.1,-1.6,1.08
442317,2088,379,111.9,0.0,3.1,-1.6,1.08
442317,2079,379,111.9,0.0,3.1,-1.6,1.08
442317,2079,379,111.9,0.0,3.1,-1.6,1.08
442331,2037,380,111.9,0.0,3.1,-1.6,1.08
442331,2045,380,111.9,0.0,3.1,-1.6,1.08
442332,2042,380,111.9,0.0,3.1,-1.6,1.08
442332,2046,380,111.9,0.0,3.1,-1.6,1.08
442347,2025,380,111.9,0.0,3.1,-1.6,1.08
442348,2032,380,111.9,0.0,3.1,-1.6,1.08
442348,2024,380,111.9,0.0,3.1,-1.6,1.08
442348,2002,380,111.9,0.0,3.1,-1.6,1.08
442362,2030,380,111.9,0.0,3.2,-1.7,1.08
442362,2032,380,111.9,0.0,3.2,-1.7,1.08
442362,2033,380,111.9,0.0,3.2,-1.7,1.08
442381,2130,380,111.9,0.0,3.2,-1.7,1.08
442382,2113,380,111.9,0.0,3.2,-1.7,1.08
442382,2109,380,111.9,0.0,3.2,-1.7,1.08
442382,2111,380,111.9,0.0,3.2,-1.7,1.08
442395,2012,380,111.9,0.0,3.2,-1.7,1.08
442395,2016,380,111.9,0.0,3.2,-1.7,1.08
442395,1989,380,111.9,0.0,3.2,-1.7,1.08
442416,1953,381,111.9,0.0,3.2,-1.7,1.08
442418,1937,381,111.9,0.0,3.2,-1.7,1.08
442419,1908,381,111.9,0.0,3.2,-1.7,1.08
442420,1941,381,111.9,0.0,3.2,-1.7,1.08
442433,2089,381,111.9,0.0,3.2,-1.7,1.08
442433,2066,381,111.9,0.0,3.2,-1.7,1.08
442434,2096,381,111.9,0.0,3.2,-1.7,1.08
442434,2109,381,111.9,0.0,3.2,-1.7,1.08
442451,2033,381,111.9,0.0,3.2,-1.7,1.08
442451,2022,381,111.9,0.0,3.2,-1.7,1.08
442451,2071,381,111.9,0.0,3.2,-1.7,1.08
442451,2103,381,111.9,0.0,3.2,-1.7,1.08
442464,2016,381,111.9,0.0,3.2,-1.8,1.07
442464,2022,381,111.9,0.0,3.2,-1.8,1.07
442464,2009,381,111.9,0.0,3.2,-1.8,1.07
442481,2102,382,111.9,0.0,3.2,-1.8,1.07
442482,2105,382,111.9,0.0,3.2,-1.8,1.07
442482,2105,382,111.9,0.0,3.2,-1.8,1.07
442482,2119,382,111.9,0.0,3.2,-1.8,1.07
442495,1952,382,111.9,0.0,3.2,-1.8,1.07
442495,1933,382,111.9,0.0,3.2,-1.8,1.07
442495,1938,382,111.9,0.0,3.2,-1.8,1.07
442514,2127,382,111.9,0.0,3.2,-1.8,1.07
442516,2117,382,111.9,0.0,3.2,-1.8,1.07
442517,2107,382,111.9,0.0,3.2,-1.8,1.07
442518,2117,382,111.9,0.0,3.2,-1.8,1.07
442531,2045,382,111.9,0.0,3.2,-1.7,1.08
442532,2029,382,111.9,0.0,3.2,-1.7,1.08
442532,2017,382,111.9,0.0,3.2,-1.7,1.08
442533,1960,382,111.9,0.0,3.2,-1.7,1.08
442550,2120,383,111.9,0.0,3.2,-1.7,1.08
442551,2144,383,111.9,0.0,3.2,-1.7,1.08
442551,2151,383,111.9,0.0,3.2,-1.7,1.08
442551,2163,383,111.9,0.0,3.2,-1.7,1.08
442564,1972,383,111.9,0.0,3.2,-1.7,1.08
442564,1965,383,111.9,0.0,3.2,-1.7,1.08
442564,1964,383,111.9,0.0,3.2,-1.7,1.08
442582,2077,383,111.9,0.0,3.1,-1.8,1.07
442583,2063,383,111.9,0.0,3.1,-1.8,1.07
442584,2042,383,111.9,0.0,3.1,-1.8,1.07
442584,2041,383,111.9,0.0,3.1,-1.8,1.07
442597,2112,383,111.9,0.0,3.1,-1.8,1.07
442597,2103,383,111.9,0.0,3.1,-1.8,1.07
442597,2112,383,111.9,0.0,3.1,-1.8,1.07
442615,2024,384,111.9,0.0,3.1,-1.8,1.07
442616,2010,384,111.9,0.0,3.1,-1.8,1.07
442616,1992,384,111.9,0.0,3.1,-1.8,1.07
442616,1984,384,111.9,0.0,3.1,-1.8,1.07
442629,2029,384,111.9,0.0,3.1,-1.8,1.07
442630,2045,384,111.9,0.0,3.1,-1.8,1.07
442630,2046,384,111.9,0.0,3.1,-1.8,1.07
442647,2034,385,111.9,0.0,3.1,-1.8,1.07
442648,2035,385,111.9,0.0,3.1,-1.8,1.07
442648,2033,385,111.9,0.0,3.1,-1.8,1.07
442648,2057,385,111.9,0.0,3.1,-1.8,1.07
442662,2008,385,111.9,0.0,3.1,-1.8,1.07
442662,1984,385,111.9,0.0,3.1,-1.8,1.07
442662,1990,385,111.9,0.0,3.1,-1.8,1.07
442682,2108,386,111.9,0.0,3.2,-1.7,1.08
442682,2108,386,111.9,0.0,3.2,-1.7,1.08
442682,2101,386,111.9,0.0,3.2,-1.7,1.08
442682,2105,386,111.9,0.0,3.2,-1.7,1.08
442695,2232,386,111.9,0.0,3.2,-1.7,1.08
442696,2234,386,111.9,0.0,3.2,-1.7,1.08
442696,2235,386,111.9,0.0,3.2,-1.7,1.08
442721,2051,387,111.9,0.0,3.2,-1.7,1.08
442722,2059,387,111.9,0.0,3.2,-1.7,1.08
442722,2026,387,111.9,0.0,3.2,-1.7,1.08
442723,2025,387,111.9,0.0,3.2,-1.7,1.08
442735,2128,387,111.9,0.0,3.2,-1.7,1.07
442736,2140,387,111.9,0.0,3.2,-1.7,1.07
442736,2139,387,111.9,0.0,3.2,-1.7,1.07
442753,1963,387,111.9,0.0,3.2,-1.7,1.07
442754,1895,387,111.9,0.0,3.2,-1.7,1.07
442754,1927,387,111.9,0.0,3.2,-1.7,1.07
442754,1940,387,111.9,0.0,3.2,-1.7,1.07
442767,2054,387,111.9,0.0,3.2,-1.7,1.07
442767,2047,387,111.9,0.0,3.2,-1.7,1.07
442767,2044,387,111.9,0.0,3.2,-1.7,1.07
442786,2030,388,111.9,0.0,3.2,-1.7,1.08
442787,2028,388,111.9,0.0,3.2,-1.7,1.08
442787,2022,388,111.9,0.0,3.2,-1.7,1.08
442787,2010,388,111.9,0.0,3.2,-1.7,1.08
442801,2076,388,111.9,0.0,3.2,-1.7,1.08
442802,2077,388,111.9,0.0,3.2,-1.7,1.08
442802,2074,388,111.9,0.0,3.2,-1.7,1.08
442824,2075,388,111.9,0.0,3.2,-1.7,1.08
442825,2047,388,111.9,0.0,3.2,-1.7,1.08
442826,2037,388,111.9,0.0,3.2,-1.7,1.08
442826,2030,388,111.9,0.0,3.2,-1.7,1.08
442839,2137,388,111.9,0.0,3.2,-1.7,1.07
442840,2132,388,111.9,0.0,3.2,-1.7,1.07
442840,2115,388,111.9,0.0,3.2,-1.7,1.07
442840,2138,388,111.9,0.0,3.2,-1.7,1.07
442856,1844,388,111.9,0.0,3.2,-1.7,1.07
442856,1842,388,111.9,0.0,3.2,-1.7,1.07
442856,1830,388,111.9,0.0,3.2,-1.7,1.07
442856,1808,388,111.9,0.0,3.2,-1.7,1.07
442870,2081,388,111.9,0.0,3.2,-1.7,1.07
442870,2094,388,111.9,0.0,3.2,-1.7,1.07
442871,2106,388,111.9,0.0,3.2,-1.7,1.07
442889,2008,388,111.9,0.0,3.1,-1.8,1.07
442890,1996,388,111.9,0.0,3.1,-1.8,1.07
442890,2007,388,111.9,0.0,3.1,-1.8,1.07
442890,1989,388,111.9,0.0,3.1,-1.8,1.07
442903,2104,388,111.9,0.0,3.1,-1.8,1.07
442904,2093,388,111.9,0.0,3.1,-1.8,1.07
442904,2076,388,111.9,0.0,3.1,-1.8,1.07
442925,2030,388,111.9,0.0,3.1,-1.8,1.07
442928,2042,388,111.9,0.0,3.1,-1.8,1.07
442928,2049,388,111.9,0.0,3.1,-1.8,1.07
442928,2053,388,111.9,0.0,3.1,-1.8,1.07
442940,2224,388,111.9,0.0,3.2,-1.7,1.08
442941,2196,388,111.9,0.0,3.2,-1.7,1.08
442941,2197,388,111.9,0.0,3.2,-1.7,1.08
442941,2204,388,111.9,0.0,3.2,-1.7,1.08
442958,1932,388,111.9,0.0,3.2,-1.7,1.08
442958,1924,388,111.9,0.0,3.2,-1.7,1.08
442959,1900,388,111.9,0.0,3.2,-1.7,1.08
442959,1917,388,111.9,0.0,3.2,-1.7,1.08
442971,2098,388,111.9,0.0,3.2,-1.7,1.08
442972,2117,388,111.9,0.0,3.2,-1.7,1.08
442972,2131,388,111.9,0.0,3.2,-1.7,1.08
442990,1961,388,111.9,0.0,3.1,-1.7,1.08
442991,1970,388,111.9,0.0,3.1,-1.7,1.08
442991,1998,388,111.9,0.0,3.1,-1.7,1.08
442991,1997,388,111.9,0.0,3.1,-1.7,1.08
443004,2079,388,111.9,0.0,3.1,-1.7,1.08
443005,2058,388,111.9,0.0,3.1,-1.7,1.08
443005,2063,388,111.9,0.0,3.1,-1.7,1.08
443024,2049,388,111.9,0.0,3.1,-1.7,1.08
443024,2069,388,111.9,0.0,3.1,-1.7,1.08
443024,2045,388,111.9,0.0,3.1,-1.7,1.08
443025,2033,388,111.9,0.0,3.1,-1.7,1.08
443038,2056,388,111.9,0.0,3.1,-1.6,1.07
443039,2053,388,111.9,0.0,3.1,-1.6,1.07
443039,2072,388,111.9,0.0,3.1,-1.6,1.07
443056,2034,387,111.9,0.0,3.1,-1.6,1.07
443056,2027,387,111.9,0.0,3.1,-1.6,1.07
443056,2031,387,111.9,0.0,3.1,-1.6,1.07
443056,2037,387,111.9,0.0,3.1,-1.6,1.07
443070,2035,387,111.9,0.0,3.1,-1.6,1.07
443070,2030,387,111.9,0.0,3.1,-1.6,1.07
443071,2047,387,111.9,0.0,3.1,-1.6,1.07
443089,1926,387,111.9,0.0,3.1,-1.6,1.07
443090,1923,387,111.9,0.0,3.1,-1.6,1.07
443090,1906,387,111.9,0.0,3.1,-1.6,1.07
443090,1884,387,111.9,0.0,3.1,-1.6,1.07
443103,2038,387,111.9,0.0,3.1,-1.7,1.08
443103,2077,387,111.9,0.0,3.1,-1.7,1.08
443103,2065,387,111.9,0.0,3.1,-1.7,1.08
443122,2049,387,111.9,0.0,3.1,-1.7,1.08
443123,2047,387,111.9,0.0,3.1,-1.7,1.08
443123,2041,387,111.9,0.0,3.1,-1.7,1.08
443123,2029,387,111.9,0.0,3.1,-1.7,1.08
443137,2159,387,111.9,0.0,3.1,-1.7,1.08
443137,2157,387,111.9,0.0,3.1,-1.7,1.08
443137,2147,387,111.9,0.0,3.1,-1.7,1.08
443155,2070,387,111.9,0.0,3.1,-1.8,1.08
443155,2064,387,111.9,0.0,3.1,-1.8,1.08
443155,2045,387,111.9,0.0,3.1,-1.8,1.08
443156,2054,387,111.9,0.0,3.1,-1.8,1.08
443169,2018,387,111.9,0.0,3.1,-1.8,1.08
443170,2017,387,111.9,0.0,3.1,-1.8,1.08
443170,2022,387,111.9,0.0,3.1,-1.8,1.08
443188,2050,387,111.9,0.0,3.1,-1.8,1.08
443189,2047,387,111.9,0.0,3.1,-1.8,1.08
443189,2059,387,111.9,0.0,3.1,-1.8,1.08
443191,2060,387,111.9,0.0,3.1,-1.8,1.08
443203,1995,387,111.9,0.0,3.1,-1.8,1.07
443204,1990,387,111.9,0.0,3.1,-1.8,1.07
443204,1977,387,111.9,0.0,3.1,-1.8,1.07
443204,1985,387,111.9,0.0,3.1,-1.8,1.07
443222,2030,387,111.9,0.0,3.1,-1.8,1.07
443223,2028,387,111.9,0.0,3.1,-1.8,1.07
443223,2025,387,111.9,0.0,3.1,-1.8,1.07
443223,2023,387,111.9,0.0,3.1,-1.8,1.07
443237,2127,386,111.9,0.0,3.1,-1.8,1.07
443237,2118,386,111.9,0.0,3.1,-1.8,1.07
443237,2125,386,111.9,0.0,3.1,-1.8,1.07
443256,2054,386,111.9,0.0,3.3,-1.6,1.09
443258,2039,386,111.9,0.0,3.3,-1.6,1.09
443258,2038,386,111.9,0.0,3.3,-1.6,1.09
443258,2029,386,111.9,0.0,3.3,-1.6,1.09
443271,2029,386,111.9,0.0,3.3,-1.6,1.09
443272,2051,386,111.9,0.0,3.3,-1.6,1.09
443272,2033,386,111.9,0.0,3.3,-1.6,1.09
443293,1355,386,111.9,0.0,3.3,-1.6,1.09
443296,253,386,111.9,0.0,3.3,-1.6,1.09
443296,252,386,111.9,0.0,3.3,-1.6,1.09
443296,205,386,111.9,0.0,3.3,-1.6,1.09
443309,2296,386,111.9,0.0,3.3,-1.7,1.08
443309,2432,386,111.9,0.0,3.3,-1.7,1.08
443309,2594,386,111.9,0.0,3.3,-1.7,1.08
443309,2703,386,111.9,0.0,3.3,-1.7,1.08
443325,1711,386,111.9,0.0,3.3,-1.7,1.08
443325,1577,386,111.9,0.0,3.3,-1.7,1.08
443326,1532,386,111.9,0.0,3.3,-1.7,1.08
443326,1592,386,111.9,0.0,3.3,-1.7,1.08
443339,2263,386,111.9,0.0,3.3,-1.7,1.08
443340,2247,386,111.9,0.0,3.3,-1.7,1.08
443340,2189,386,111.9,0.0,3.3,-1.7,1.08
443358,2165,386,111.9,0.0,3.3,-1.7,1.08
443359,2211,386,111.9,0.0,3.3,-1.7,1.08
443359,2242,386,111.9,0.0,3.3,-1.7,1.08
443359,2214,386,111.9,0.0,3.3,-1.7,1.08
443372,1971,386,111.9,0.0,3.3,-1.7,1.08
443372,1975,386,111.9,0.0,3.3,-1.7,1.08
443372,2029,386,111.9,0.0,3.3,-1.7,1.08
443394,1983,385,111.9,0.0,3.3,-1.7,1.08
443396,1842,385,111.9,0.0,3.3,-1.7,1.08
443397,1783,385,111.9,0.0,3.3,-1.7,1.08
443397,1763,385,111.9,0.0,3.3,-1.7,1.08
443409,2084,385,111.9,0.0,3.2,-1.7,1.08
443410,2126,385,111.9,0.0,3.2,-1.7,1.08
443410,2103,385,111.9,0.0,3.2,-1.7,1.08
443410,2094,385,111.9,0.0,3.2,-1.7,1.08
443427,1959,385,111.9,0.0,3.2,-1.7,1.08
443427,1957,385,111.9,0.0,3.2,-1.7,1.08
443427,1993,385,111.9,0.0,3.2,-1.7,1.08
443427,1979,385,111.9,0.0,3.2,-1.7,1.08
443440,1970,385,111.9,0.0,3.2,-1.7,1.08
443440,1971,385,111.9,0.0,3.2,-1.7,1.08
443441,1996,385,111.9,0.0,3.2,-1.7,1.08
443459,2003,385,111.9,0.0,3.1,-1.7,1.08
443460,1979,385,111.9,0.0,3.1,-1.7,1.08
443460,1943,385,111.9,0.0,3.1,-1.7,1.08
443460,1955,385,111.9,0.0,3.1,-1.7,1.08
443473,2126,385,111.9,0.0,3.1,-1.7,1.08
443474,2172,385,111.9,0.0,3.1,-1.7,1.08
443475,2186,385,111.9,0.0,3.1,-1.7,1.08
443499,2267,384,111.9,0.0,3.1,-1.7,1.08
443500,2217,384,111.9,0.0,3.1,-1.7,1.08
443501,2225,384,111.9,0.0,3.1,-1.7,1.08
443502,2230,384,111.9,0.0,3.1,-1.7,1.08
443516,2111,384,111.9,0.0,3.0,-1.8,1.07
443516,2096,384,111.9,0.0,3.0,-1.8,1.07
443517,2096,384,111.9,0.0,3.0,-1.8,1.07
443517,2107,384,111.9,0.0,3.0,-1.8,1.07
443532,2079,384,111.9,0.0,3.0,-1.8,1.07
443533,2079,384,111.9,0.0,3.0,-1.8,1.07
443533,2060,384,111.9,0.0,3.0,-1.8,1.07
443533,2050,384,111.9,0.0,3.0,-1.8,1.07
443547,2029,384,111.9,0.0,3.0,-1.8,1.07
443547,2047,384,111.9,0.0,3.0,-1.8,1.07
443547,2050,384,111.9,0.0,3.0,-1.8,1.07
443564,1953,384,111.9,0.0,3.1,-1.8,1.07
443564,1955,384,111.9,0.0,3.1,-1.8,1.07
443565,1981,384,111.9,0.0,3.1,-1.8,1.07
443565,1987,384,111.9,0.0,3.1,-1.8,1.07
443578,2071,384,111.9,0.0,3.1,-1.8,1.07
443579,2049,384,111.9,0.0,3.1,-1.8,1.07
443579,2036,384,111.9,0.0,3.1,-1.8,1.07
443598,2159,383,111.9,0.0,3.1,-1.8,1.07
443598,2166,383,111.9,0.0,3.1,-1.8,1.07
443599,2173,383,111.9,0.0,3.1,-1.8,1.07
443600,2131,383,111.9,0.0,3.1,-1.8,1.07
443613,2044,383,111.9,0.0,3.1,-1.9,1.07
443614,2070,383,111.9,0.0,3.1,-1.9,1.07
443614,2047,383,111.9,0.0,3.1,-1.9,1.07
443614,2048,383,111.9,0.0,3.1,-1.9,1.07
443631,2036,383,111.9,0.0,3.1,-1.9,1.07
443631,2037,383,111.9,0.0,3.1,-1.9,1.07
443631,2032,383,111.9,0.0,3.1,-1.9,1.07
443631,2058,383,111.9,0.0,3.1,-1.9,1.07
443645,1947,383,111.9,0.0,3.1,-1.9,1.07
443645,1969,383,111.9,0.0,3.1,-1.9,1.07
443646,1972,383,111.9,0.0,3.1,-1.9,1.07
443662,1775,383,111.9,0.0,3.1,-1.9,1.07
443663,1808,383,111.9,0.0,3.1,-1.9,1.07
443663,1809,383,111.9,0.0,3.1,-1.9,1.07
443663,1807,383,111.9,0.0,3.1,-1.9,1.07
443677,2223,382,111.9,0.0,3.2,-1.8,1.07
443677,2219,382,111.9,0.0,3.2,-1.8,1.07
443677,2236,382,111.9,0.0,3.2,-1.8,1.07
443696,2210,382,111.9,0.0,3.2,-1.8,1.07
443697,2200,382,111.9,0.0,3.2,-1.8,1.07
443699,2187,382,111.9,0.0,3.2,-1.8,1.07
443700,2184,382,111.9,0.0,3.2,-1.8,1.07
443713,2048,382,111.9,0.0,3.2,-1.8,1.07
443713,2151,382,111.9,0.0,3.2,-1.8,1.07
443713,2144,382,111.9,0.0,3.2,-1.8,1.07
443713,2127,382,111.9,0.0,3.2,-1.8,1.07
443732,1998,381,111.9,0.0,3.1,-1.7,1.08
443732,2052,381,111.9,0.0,3.1,-1.7,1.08
443732,2078,381,111.9,0.0,3.1,-1.7,1.08
443732,2192,381,111.9,0.0,3.1,-1.7,1.08
443746,2012,381,111.9,0.0,3.1,-1.7,1.08
443746,2027,381,111.9,0.0,3.1,-1.7,1.08
443747,2037,381,111.9,0.0,3.1,-1.7,1.08
443763,1988,381,111.9,0.0,3.1,-1.7,1.08
443764,1972,381,111.9,0.0,3.1,-1.7,1.08
443764,1967,381,111.9,0.0,3.1,-1.7,1.08
443764,1983,381,111.9,0.0,3.1,-1.7,1.08
443778,2158,380,111.9,0.0,3.1,-1.8,1.08
443778,2144,380,111.9,0.0,3.1,-1.8,1.08
443778,2123,380,111.9,0.0,3.1,-1.8,1.08
443798,1957,380,111.9,0.0,3.1,-1.8,1.08
443798,1945,380,111.9,0.0,3.1,-1.8,1.08
443800,1969,380,111.9,0.0,3.1,-1.8,1.08
443801,1973,380,111.9,0.0,3.1,-1.8,1.08
443815,2301,379,111.9,0.0,3.1,-1.8,1.08
443816,2309,379,111.9,0.0,3.1,-1.8,1.08
443816,2345,379,111.9,0.0,3.1,-1.8,1.08
443816,2362,379,111.9,0.0,3.1,-1.8,1.08
443834,2043,379,111.9,0.0,3.1,-1.9,1.07
443835,2026,379,111.9,0.0,3.1,-1.9,1.07
443835,2017,379,111.9,0.0,3.1,-1.9,1.07
443835,2033,379,111.9,0.0,3.1,-1.9,1.07
443848,2049,379,111.9,0.0,3.1,-1.9,1.07
443848,2019,379,111.9,0.0,3.1,-1.9,1.07
443848,2031,379,111.9,0.0,3.1,-1.9,1.07
443867,1986,378,111.9,0.0,3.1,-1.9,1.07
443868,1998,378,111.9,0.0,3.1,-1.9,1.07
443868,2037,378,111.9,0.0,3.1,-1.9,1.07
443868,2013,378,111.9,0.0,3.1,-1.9,1.07
443881,2214,378,111.9,0.0,3.1,-1.8,1.07
443881,2209,378,111.9,0.0,3.1,-1.8,1.07
443881,2208,378,111.9,0.0,3.1,-1.8,1.07
443900,1871,378,111.9,0.0,3.1,-1.8,1.07
443901,1926,378,111.9,0.0,3.1,-1.8,1.07
443904,1981,377,111.9,0.0,3.1,-1.8,1.07
443905,1965,377,111.9,0.0,3.1,-1.8,1.07
443905,1962,377,111.9,0.0,3.1,-1.8,1.07
443918,2143,377,111.9,0.0,3.1,-1.8,1.07
443919,2127,377,111.9,0.0,3.1,-1.8,1.07
443919,2097,377,111.9,0.0,3.1,-1.8,1.07
443937,1935,377,111.9,0.0,3.2,-1.7,1.07
443937,1946,377,111.9,0.0,3.2,-1.7,1.07
443937,1974,377,111.9,0.0,3.2,-1.7,1.07
443938,1957,377,111.9,0.0,3.2,-1.7,1.07
443950,2048,377,111.9,0.0,3.2,-1.7,1.07
443951,2012,377,111.9,0.0,3.2,-1.7,1.07
443951,2058,377,111.9,0.0,3.2,-1.7,1.07
443969,2009,376,111.9,0.0,3.2,-1.7,1.07
443970,2007,376,111.9,0.0,3.2,-1.7,1.07
443970,1971,376,111.9,0.0,3.2,-1.7,1.07
443970,1966,376,111.9,0.0,3.2,-1.7,1.07
443983,2054,376,111.9,0.0,3.1,-1.6,1.07
443983,2073,376,111.9,0.0,3.1,-1.6,1.07
443983,2066,376,111.9,0.0,3.1,-1.6,1.07
444002,2154,376,111.9,0.0,3.1,-1.6,1.07
444005,2061,376,111.9,0.0,3.1,-1.6,1.07
444005,2063,376,111.9,0.0,3.1,-1.6,1.07
444005,2087,376,111.9,0.0,3.1,-1.6,1.07
444018,2067,376,111.9,0.0,3.1,-1.6,1.07
444019,2045,376,111.9,0.0,3.1,-1.6,1.07
444019,2034,376,111.9,0.0,3.1,-1.6,1.07
444019,2050,376,111.9,0.0,3.1,-1.6,1.07
444043,2010,376,111.9,0.0,3.0,-1.7,1.08
444046,2022,376,111.9,0.0,3.0,-1.7,1.08
444046,2004,376,111.9,0.0,3.0,-1.7,1.08
444046,2003,376,111.9,0.0,3.0,-1.7,1.08
444059,2132,376,111.9,0.0,3.0,-1.7,1.08
444059,2135,376,111.9,0.0,3.0,-1.7,1.08
444059,2138,376,111.9,0.0,3.0,-1.7,1.08
444060,2125,376,111.9,0.0,3.0,-1.7,1.08
444076,1995,376,111.9,0.0,3.0,-1.7,1.08
444077,2018,376,111.9,0.0,3.0,-1.7,1.08
444077,2030,376,111.9,0.0,3.0,-1.7,1.08
444077,2024,376,111.9,0.0,3.0,-1.7,1.08
444089,2022,376,111.9,0.0,3.1,-1.8,1.08
444090,2035,376,111.9,0.0,3.1,-1.8,1.08
444090,2041,376,111.9,0.0,3.1,-1.8,1.08
444109,2006,376,111.9,0.0,3.1,-1.8,1.08
444112,1962,376,111.9,0.0,3.1,-1.8,1.08
444112,1994,376,111.9,0.0,3.1,-1.8,1.08
444113,1992,376,111.9,0.0,3.1,-1.8,1.08
444127,2046,376,111.9,0.0,3.1,-1.8,1.08
444127,2081,376,111.9,0.0,3.1,-1.8,1.08
444127,2050,376,111.9,0.0,3.1,-1.8,1.08
444128,2027,376,111.9,0.0,3.1,-1.8,1.08
444148,2022,376,111.9,0.0,3.1,-1.7,1.08
444149,2037,376,111.9,0.0,3.1,-1.7,1.08
444150,2045,376,111.9,0.0,3.1,-1.7,1.08
444150,2037,376,111.9,0.0,3.1,-1.7,1.08
444163,2035,376,111.9,0.0,3.1,-1.7,1.08
444164,2027,376,111.9,0.0,3.1,-1.7,1.08
444164,2034,376,111.9,0.0,3.1,-1.7,1.08
444164,2030,376,111.9,0.0,3.1,-1.7,1.08
444180,1961,376,111.9,0.0,3.1,-1.7,1.08
444180,1918,376,111.9,0.0,3.1,-1.7,1.08
444180,1942,376,111.9,0.0,3.1,-1.7,1.08
444180,1941,376,111.9,0.0,3.1,-1.7,1.08
444194,2202,376,111.9,0.0,3.1,-1.7,1.08
444194,2185,376,111.9,0.0,3.1,-1.7,1.08
444194,2221,376,111.9,0.0,3.1,-1.7,1.08
444213,1884,376,111.9,0.0,3.1,-1.7,1.08
444214,1682,376,111.9,0.0,3.1,-1.7,1.08
444214,1582,376,111.9,0.0,3.1,-1.7,1.08
444214,1495,376,111.9,0.0,3.1,-1.7,1.08
444227,1951,376,111.9,0.0,3.1,-1.7,1.08
444228,2050,376,111.9,0.0,3.1,-1.7,1.08
444228,2132,376,111.9,0.0,3.1,-1.7,1.08
444250,1765,377,111.9,0.0,3.0,-1.6,1.07
444253,1909,377,111.9,0.0,3.0,-1.6,1.07
444254,1904,377,111.9,0.0,3.0,-1.6,1.07
444254,1867,377,111.9,0.0,3.0,-1.6,1.07
444267,2083,377,111.9,0.0,3.0,-1.6,1.07
444267,2111,377,111.9,0.0,3.0,-1.6,1.07
444268,2105,377,111.9,0.0,3.0,-1.6,1.07
444268,2080,377,111.9,0.0,3.0,-1.6,1.07
444285,2012,377,111.9,0.0,3.0,-1.6,1.07
444285,2022,377,111.9,0.0,3.0,-1.6,1.07
444285,2032,377,111.9,0.0,3.0,-1.6,1.07
444286,2023,377,111.9,0.0,3.0,-1.6,1.07
444298,1996,377,111.9,0.0,3.0,-1.6,1.07
444298,1986,377,111.9,0.0,3.0,-1.6,1.07
444299,2004,377,111.9,0.0,3.0,-1.6,1.07
444317,2165,377,111.9,0.0,3.0,-1.6,1.07
444318,2167,377,111.9,0.0,3.0,-1.6,1.07
444318,2148,377,111.9,0.0,3.0,-1.6,1.07
444318,2145,377,111.9,0.0,3.0,-1.6,1.07
444331,1997,377,111.9,0.0,3.0,-1.6,1.07
444331,2022,377,111.9,0.0,3.0,-1.6,1.07
444331,2008,377,111.9,0.0,3.0,-1.6,1.07
444350,2015,377,111.9,0.0,3.1,-1.6,1.07
444351,1999,377,111.9,0.0,3.1,-1.6,1.07
444351,2018,377,111.9,0.0,3.1,-1.6,1.07
444351,2024,377,111.9,0.0,3.1,-1.6,1.07
444365,2029,377,111.9,0.0,3.1,-1.6,1.07
444365,2012,377,111.9,0.0,3.1,-1.6,1.07
444365,2017,377,111.9,0.0,3.1,-1.6,1.07
444384,1995,378,111.9,0.0,3.1,-1.6,1.07
444384,2015,378,111.9,0.0,3.1,-1.6,1.07
444384,1994,378,111.9,0.0,3.1,-1.6,1.07
444384,1981,378,111.9,0.0,3.1,-1.6,1.07
444397,2089,378,111.9,0.0,3.2,-1.8,1.07
444397,2119,378,111.9,0.0,3.2,-1.8,1.07
444398,2129,378,111.9,0.0,3.2,-1.8,1.07
444417,2227,378,111.9,0.0,3.2,-1.8,1.07
444419,2169,378,111.9,0.0,3.2,-1.8,1.07
444419,2199,378,111.9,0.0,3.2,-1.8,1.07
444420,2208,378,111.9,0.0,3.2,-1.8,1.07
444433,2122,378,111.9,0.0,3.2,-1.8,1.07
444434,2047,378,111.9,0.0,3.2,-1.8,1.07
444434,2019,378,111.9,0.0,3.2,-1.8,1.07
444434,2019,378,111.9,0.0,3.2,-1.8,1.07
444450,2042,378,111.9,0.0,3.2,-1.8,1.07
444450,2054,378,111.9,0.0,3.2,-1.8,1.07
444450,2043,378,111.9,0.0,3.2,-1.8,1.07
444450,2023,378,111.9,0.0,3.2,-1.8,1.07
444464,2064,378,111.9,0.0,3.1,-1.7,1.08
444464,2065,378,111.9,0.0,3.1,-1.7,1.08
444464,2082,378,111.9,0.0,3.1,-1.7,1.08
444482,2089,378,111.9,0.0,3.1,-1.7,1.08
444483,2061,378,111.9,0.0,3.1,-1.7,1.08
444483,2049,378,111.9,0.0,3.1,-1.7,1.08
444483,2071,378,111.9,0.0,3.1,-1.7,1.08
444496,2163,379,111.9,0.0,3.1,-1.7,1.08
444497,2163,379,111.9,0.0,3.1,-1.7,1.08
444497,2197,379,111.9,0.0,3.1,-1.7,1.08
444517,2039,379,111.9,0.0,3.0,-1.6,1.08
444517,2047,379,111.9,0.0,3.0,-1.6,1.08
444518,2048,379,111.9,0.0,3.0,-1.6,1.08
444519,2037,379,111.9,0.0,3.0,-1.6,1.08
444533,2050,379,111.9,0.0,3.0,-1.6,1.08
444534,2017,379,111.9,0.0,3.0,-1.6,1.08
444535,1947,379,111.9,0.0,3.0,-1.6,1.08
444535,1922,379,111.9,0.0,3.0,-1.6,1.08
444551,2117,379,111.9,0.0,3.0,-1.6,1.08
444551,2110,379,111.9,0.0,3.0,-1.6,1.08
444551,2093,379,111.9,0.0,3.0,-1.6,1.08
444552,2150,379,111.9,0.0,3.0,-1.6,1.08
444565,1989,379,111.9,0.0,3.0,-1.6,1.07
444565,1971,379,111.9,0.0,3.0,-1.6,1.07
444566,1956,379,111.9,0.0,3.0,-1.6,1.07
444584,2056,379,111.9,0.0,3.0,-1.6,1.07
444585,2071,379,111.9,0.0,3.0,-1.6,1.07
444585,2073,379,111.9,0.0,3.0,-1.6,1.07
444585,2067,379,111.9,0.0,3.0,-1.6,1.07
444598,1961,380,111.9,0.0,3.0,-1.6,1.07
444598,1964,380,111.9,0.0,3.0,-1.6,1.07
444598,1985,380,111.9,0.0,3.0,-1.6,1.07
444617,2062,380,111.9,0.0,3.0,-1.7,1.08
444618,2049,380,111.9,0.0,3.0,-1.7,1.08
444618,2029,380,111.9,0.0,3.0,-1.7,1.08
444618,2013,380,111.9,0.0,3.0,-1.7,1.08
444632,2038,380,111.9,0.0,3.0,-1.7,1.08
444632,2054,380,111.9,0.0,3.0,-1.7,1.08
444632,2039,380,111.9,0.0,3.0,-1.7,1.08
444649,2017,380,111.9,0.0,3.0,-1.7,1.08
444650,2023,380,111.9,0.0,3.0,-1.7,1.08
444650,2038,380,111.9,0.0,3.0,-1.7,1.08
444650,2035,380,111.9,0.0,3.0,-1.7,1.08
444664,2020,380,111.9,0.0,3.1,-1.8,1.08
444664,2010,380,111.9,0.0,3.1,-1.8,1.08
444664,2001,380,111.9,0.0,3.1,-1.8,1.08
444684,2085,381,111.9,0.0,3.1,-1.8,1.08
444684,2076,381,111.9,0.0,3.1,-1.8,1.08
444684,2065,381,111.9,0.0,3.1,-1.8,1.08
444686,2033,381,111.9,0.0,3.1,-1.8,1.08
444699,2013,381,111.9,0.0,3.1,-1.8,1.08
444699,2009,381,111.9,0.0,3.1,-1.8,1.08
444699,2009,381,111.9,0.0,3.1,-1.8,1.08
444718,2158,381,111.9,0.0,3.2,-1.8,1.07
444719,2157,381,111.9,0.0,3.2,-1.8,1.07
444719,2174,381,111.9,0.0,3.2,-1.8,1.07
444719,2176,381,111.9,0.0,3.2,-1.8,1.07
444733,2001,381,111.9,0.0,3.2,-1.8,1.07
444733,2031,381,111.9,0.0,3.2,-1.8,1.07
444733,2005,381,111.9,0.0,3.2,-1.8,1.07
444751,2092,382,111.9,0.0,3.2,-1.8,1.07
444752,2102,382,111.9,0.0,3.2,-1.8,1.07
444752,2117,382,111.9,0.0,3.2,-1.8,1.07
444752,2108,382,111.9,0.0,3.2,-1.8,1.07
444765,2119,382,111.9,0.0,3.1,-1.7,1.08
444765,2086,382,111.9,0.0,3.1,-1.7,1.08
444765,2087,382,111.9,0.0,3.1,-1.7,1.08
444785,2100,382,111.9,0.0,3.1,-1.7,1.08
444786,2089,382,111.9,0.0,3.1,-1.7,1.08
444788,2056,382,111.9,0.0,3.1,-1.7,1.08
444788,2038,382,111.9,0.0,3.1,-1.7,1.08
444802,2142,382,111.9,0.0,3.1,-1.7,1.08
444802,2143,382,111.9,0.0,3.1,-1.7,1.08
444802,2127,382,111.9,0.0,3.1,-1.7,1.08
444803,2123,382,111.9,0.0,3.1,-1.7,1.08
444819,2018,383,111.9,0.0,3.0,-1.7,1.07
444820,2038,383,111.9,0.0,3.0,-1.7,1.07
444820,2026,383,111.9,0.0,3.0,-1.7,1.07
444820,2008,383,111.9,0.0,3.0,-1.7,1.07
444834,2075,383,111.9,0.0,3.0,-1.7,1.07
444834,2050,383,111.9,0.0,3.0,-1.7,1.07
444834,2038,383,111.9,0.0,3.0,-1.7,1.07
444853,2154,383,111.9,0.0,3.0,-1.7,1.07
444854,2196,383,111.9,0.0,3.0,-1.7,1.07
444854,2214,383,111.9,0.0,3.0,-1.7,1.07
444854,2239,383,111.9,0.0,3.0,-1.7,1.07
444867,2021,383,111.9,0.0,3.0,-1.7,1.07
444867,2023,383,111.9,0.0,3.0,-1.7,1.07
444867,2002,383,111.9,0.0,3.0,-1.7,1.07
444887,2034,384,111.9,0.0,3.0,-1.7,1.07
444890,2020,384,111.9,0.0,3.0,-1.7,1.07
444890,2036,384,111.9,0.0,3.0,-1.7,1.07
444890,2034,384,111.9,0.0,3.0,-1.7,1.07
444904,1649,384,111.9,0.0,3.0,-1.7,1.07
444904,1690,384,111.9,0.0,3.0,-1.7,1.07
444904,1705,384,111.9,0.0,3.0,-1.7,1.07
444904,1726,384,111.9,0.0,3.0,-1.7,1.07
444922,2044,385,111.9,0.0,3.1,-1.9,1.07
444923,2026,385,111.9,0.0,3.1,-1.9,1.07
444923,2014,385,111.9,0.0,3.1,-1.9,1.07
444923,2000,385,111.9,0.0,3.1,-1.9,1.07
444936,2061,385,111.9,0.0,3.1,-1.9,1.07
444936,2073,385,111.9,0.0,3.1,-1.9,1.07
444936,2067,385,111.9,0.0,3.1,-1.9,1.07
444955,2297,385,111.9,0.0,3.1,-1.9,1.07
444956,2324,385,111.9,0.0,3.1,-1.9,1.07
444956,2339,385,111.9,0.0,3.1,-1.9,1.07
444956,2359,385,111.9,0.0,3.1,-1.9,1.07
444969,1980,386,111.9,0.0,3.1,-1.9,1.08
444969,1959,386,111.9,0.0,3.1,-1.9,1.08
444969,1967,386,111.9,0.0,3.1,-1.9,1.08
444988,2052,386,111.9,0.0,3.1,-1.9,1.08
444991,2058,386,111.9,0.0,3.1,-1.9,1.08
444991,2087,386,111.9,0.0,3.1,-1.9,1.08
444992,2077,386,111.9,0.0,3.1,-1.9,1.08
445004,2034,387,111.9,0.0,3.1,-1.9,1.08
445005,2019,387,111.9,0.0,3.1,-1.9,1.08
445005,2029,387,111.9,0.0,3.1,-1.9,1.08
445005,2032,387,111.9,0.0,3.1,-1.9,1.08
445023,2072,387,111.9,0.0,3.1,-1.8,1.07
445024,2084,387,111.9,0.0,3.1,-1.8,1.07
445024,2051,387,111.9,0.0,3.1,-1.8,1.07
445024,2036,387,111.9,0.0,3.1,-1.8,1.07
445037,1824,387,111.9,0.0,3.1,-1.8,1.07
445038,1792,387,111.9,0.0,3.1,-1.8,1.07
445038,1772,387,111.9,0.0,3.1,-1.8,1.07
445056,2234,388,111.9,0.0,3.1,-1.8,1.07
445057,2222,388,111.9,0.0,3.1,-1.8,1.07
445057,2256,388,111.9,0.0,3.1,-1.8,1.07
445057,2272,388,111.9,0.0,3.1,-1.8,1.07
445070,1980,388,111.9,0.0,3.1,-1.7,1.07
445071,1958,388,111.9,0.0,3.1,-1.7,1.07
445071,1947,388,111.9,0.0,3.1,-1.7,1.07
445088,2039,388,111.9,0.0,3.1,-1.7,1.07
445089,2056,388,111.9,0.0,3.1,-1.7,1.07
445089,2059,388,111.9,0.0,3.1,-1.7,1.07
445089,2043,388,111.9,0.0,3.1,-1.7,1.07
445103,1910,388,111.9,0.0,3.1,-1.7,1.07
445103,1943,388,111.9,0.0,3.1,-1.7,1.07
445103,1950,388,111.9,0.0,3.1,-1.7,1.07
445122,1974,388,111.9,0.0,3.1,-1.7,1.08
445123,1983,388,111.9,0.0,3.1,-1.7,1.08
445123,1979,388,111.9,0.0,3.1,-1.7,1.08
445124,1988,388,111.9,0.0,3.1,-1.7,1.08
445137,2096,388,111.9,0.0,3.1,-1.7,1.08
445137,2071,388,111.9,0.0,3.1,-1.7,1.08
445137,2077,388,111.9,0.0,3.1,-1.7,1.08
445158,2108,389,111.9,0.0,3.1,-1.7,1.08
445160,2099,388,111.9,0.0,3.1,-1.7,1.08
445160,2100,388,111.9,0.0,3.1,-1.7,1.08
445161,2100,388,111.9,0.0,3.1,-1.7,1.08
445173,2028,388,111.9,0.0,3.1,-1.6,1.07
445174,2041,388,111.9,0.0,3.1,-1.6,1.07
445174,2064,388,111.9,0.0,3.1,-1.6,1.07
445174,2093,388,111.9,0.0,3.1,-1.6,1.07
445191,1996,388,111.9,0.0,3.1,-1.6,1.07
445191,1991,388,111.9,0.0,3.1,-1.6,1.07
445191,1983,388,111.9,0.0,3.1,-1.6,1.07
445191,2005,388,111.9,0.0,3.1,-1.6,1.07
445204,2088,388,111.9,0.0,3.1,-1.6,1.07
445204,2066,388,111.9,0.0,3.1,-1.6,1.07
445205,2077,388,111.9,0.0,3.1,-1.6,1.07
445223,1999,388,111.9,0.0,3.1,-1.7,1.08
445224,2010,388,111.9,0.0,3.1,-1.7,1.08
445224,2020,388,111.9,0.0,3.1,-1.7,1.08
445224,2008,388,111.9,0.0,3.1,-1.7,1.08
445237,2027,388,111.9,0.0,3.1,-1.7,1.08
445237,2015,388,111.9,0.0,3.1,-1.7,1.08
445238,2013,388,111.9,0.0,3.1,-1.7,1.08
445256,2083,388,111.9,0.0,3.1,-1.7,1.08
445257,2091,388,111.9,0.0,3.1,-1.7,1.08
445257,2094,388,111.9,0.0,3.1,-1.7,1.08
445257,2093,388,111.9,0.0,3.1,-1.7,1.08
445271,2026,388,111.9,0.0,3.2,-1.7,1.08
445272,2036,388,111.9,0.0,3.2,-1.7,1.08
445273,2000,388,111.9,0.0,3.2,-1.7,1.08
445273,2002,388,111.9,0.0,3.2,-1.7,1.08
445290,2142,388,111.9,0.0,3.2,-1.7,1.08
445291,2189,388,111.9,0.0,3.2,-1.7,1.08
445291,2166,388,111.9,0.0,3.2,-1.7,1.08
445291,2182,388,111.9,0.0,3.2,-1.7,1.08
445304,2112,388,111.9,0.0,3.2,-1.7,1.08
445304,2093,388,111.9,0.0,3.2,-1.7,1.08
445304,2086,388,111.9,0.0,3.2,-1.7,1.08
445322,2083,388,111.9,0.0,3.2,-1.7,1.08
445323,2075,388,111.9,0.0,3.2,-1.7,1.08
445323,2080,388,111.9,0.0,3.2,-1.7,1.08
445323,2066,388,111.9,0.0,3.2,-1.7,1.08
445336,2150,388,111.9,0.0,3.2,-1.7,1.07
445336,2164,388,111.9,0.0,3.2,-1.7,1.07
445336,2169,388,111.9,0.0,3.2,-1.7,1.07
445356,1985,388,111.9,0.0,3.2,-1.7,1.07
445359,1944,388,111.9,0.0,3.2,-1.7,1.07
445359,1938,388,111.9,0.0,3.2,-1.7,1.07
445359,1937,388,111.9,0.0,3.2,-1.7,1.07
445372,2051,388,111.9,0.0,3.2,-1.7,1.07
445373,2055,388,111.9,0.0,3.2,-1.7,1.07
445374,2085,388,111.9,0.0,3.2,-1.7,1.07
445375,2159,388,111.9,0.0,3.2,-1.7,1.07
445392,2034,387,111.9,0.0,3.1,-1.7,1.08
445393,2029,387,111.9,0.0,3.1,-1.7,1.08
445393,2042,387,111.9,0.0,3.1,-1.7,1.08
445393,2038,387,111.9,0.0,3.1,-1.7,1.08
445406,2064,387,111.9,0.0,3.1,-1.7,1.08
445406,2058,387,111.9,0.0,3.1,-1.7,1.08
445406,2050,387,111.9,0.0,3.1,-1.7,1.08
445425,2119,387,111.9,0.0,3.1,-1.7,1.08
445426,2123,387,111.9,0.0,3.1,-1.7,1.08
445426,2098,387,111.9,0.0,3.1,-1.7,1.08
445426,2097,387,111.9,0.0,3.1,-1.7,1.08
445439,2102,387,111.9,0.0,3.1,-1.6,1.07
445440,2101,387,111.9,0.0,3.1,-1.6,1.07
445440,2100,387,111.9,0.0,3.1,-1.6,1.07
445459,2142,387,111.9,0.0,3.1,-1.6,1.07
445461,2095,387,111.9,0.0,3.1,-1.6,1.07
445461,2083,387,111.9,0.0,3.1,-1.6,1.07
445461,2106,387,111.9,0.0,3.1,-1.6,1.07
445474,2031,387,111.9,0.0,3.1,-1.6,1.07
445474,2021,387,111.9,0.0,3.1,-1.6,1.07
445475,2059,387,111.9,0.0,3.1,-1.6,1.07
445493,2034,387,111.9,0.0,3.1,-1.7,1.08
445493,2035,387,111.9,0.0,3.1,-1.7,1.08
445494,2073,387,111.9,0.0,3.1,-1.7,1.08
445496,2157,387,111.9,0.0,3.1,-1.7,1.08
445510,1998,387,111.9,0.0,3.1,-1.7,1.08
445510,1998,387,111.9,0.0,3.1,-1.7,1.08
445511,2004,387,111.9,0.0,3.1,-1.7,1.08
445511,1974,387,111.9,0.0,3.1,-1.7,1.08
445526,2080,387,111.9,0.0,3.1,-1.7,1.08
445527,2074,387,111.9,0.0,3.1,-1.7,1.08
445527,2076,387,111.9,0.0,3.1,-1.7,1.08
445527,2073,387,111.9,0.0,3.1,-1.7,1.08
445541,2017,386,111.9,0.0,3.1,-1.7,1.07
445541,2004,386,111.9,0.0,3.1,-1.7,1.07
445541,2013,386,111.9,0.0,3.1,-1.7,1.07
445559,2150,386,111.9,0.0,3.1,-1.7,1.07
445560,2140,386,111.9,0.0,3.1,-1.7,1.07
445560,2136,386,111.9,0.0,3.1,-1.7,1.07
445560,2145,386,111.9,0.0,3.1,-1.7,1.07
445573,1989,386,111.9,0.0,3.1,-1.7,1.07
445574,2026,386,111.9,0.0,3.1,-1.7,1.07
445574,2033,386,111.9,0.0,3.1,-1.7,1.07
445594,2044,386,111.9,0.0,3.1,-1.7,1.08
445594,2089,386,111.9,0.0,3.1,-1.7,1.08
445596,2061,386,111.9,0.0,3.1,-1.7,1.08
445596,2055,386,111.9,0.0,3.1,-1.7,1.08
445610,2025,386,111.9,0.0,3.1,-1.7,1.08
445611,2032,386,111.9,0.0,3.1,-1.7,1.08
445611,2029,386,111.9,0.0,3.1,-1.7,1.08
445611,2030,386,111.9,0.0,3.1,-1.7,1.08
445627,2010,386,111.9,0.0,3.1,-1.7,1.08
445627,2043,386,111.9,0.0,3.1,-1.7,1.08
445627,2026,386,111.9,0.0,3.1,-1.7,1.08
445628,2000,386,111.9,0.0,3.1,-1.7,1.08
445641,2006,386,111.9,0.0,3.1,-1.7,1.08
445641,2005,386,111.9,0.0,3.1,-1.7,1.08
445642,2000,386,111.9,0.0,3.1,-1.7,1.08
445659,1987,386,111.9,0.0,3.1,-1.7,1.08
445660,1985,386,111.9,0.0,3.1,-1.7,1.08
445660,1987,386,111.9,0.0,3.1,-1.7,1.08
445660,1996,386,111.9,0.0,3.1,-1.7,1.08
445673,2053,385,111.9,0.0,3.1,-1.7,1.08
445673,2037,385,111.9,0.0,3.1,-1.7,1.08
445673,2050,385,111.9,0.0,3.1,-1.7,1.08
445694,2025,385,111.9,0.0,3.1,-1.6,1.08
445696,2035,385,111.9,0.0,3.1,-1.6,1.08
445696,2036,385,111.9,0.0,3.1,-1.6,1.08
445696,2022,385,111.9,0.0,3.1,-1.6,1.08
445710,2036,385,111.9,0.0,3.1,-1.6,1.08
445711,2032,385,111.9,0.0,3.1,-1.6,1.08
445711,2034,385,111.9,0.0,3.1,-1.6,1.08
445712,2035,385,111.9,0.0,3.1,-1.6,1.08
445729,2005,385,111.9,0.0,3.1,-1.6,1.08
445730,2029,385,111.9,0.0,3.1,-1.6,1.08
445730,2031,385,111.9,0.0,3.1,-1.6,1.08
445730,2032,385,111.9,0.0,3.1,-1.6,1.08
445743,2036,385,111.9,0.0,3.0,-1.6,1.08
445743,2049,385,111.9,0.0,3.0,-1.6,1.08
445743,2048,385,111.9,0.0,3.0,-1.6,1.08
445762,1961,385,111.9,0.0,3.0,-1.6,1.08
445763,1967,385,111.9,0.0,3.0,-1.6,1.08
445763,1960,385,111.9,0.0,3.0,-1.6,1.08
445763,1920,385,111.9,0.0,3.0,-1.6,1.08
445776,2106,385,111.9,0.0,3.0,-1.6,1.08
445776,2103,385,111.9,0.0,3.0,-1.6,1.08
445776,2115,385,111.9,0.0,3.0,-1.6,1.08
445795,2133,384,111.9,0.0,3.1,-1.7,1.07
445796,2096,384,111.9,0.0,3.1,-1.7,1.07
445796,2090,384,111.9,0.0,3.1,-1.7,1.07
445796,2086,384,111.9,0.0,3.1,-1.7,1.07
445810,2030,384,111.9,0.0,3.1,-1.7,1.07
445810,2035,384,111.9,0.0,3.1,-1.7,1.07
445811,2019,384,111.9,0.0,3.1,-1.7,1.07
445834,2001,384,111.9,0.0,3.1,-1.7,1.07
445837,2237,384,111.9,0.0,3.1,-1.7,1.07
445837,2272,384,111.9,0.0,3.1,-1.7,1.07
445837,2281,384,111.9,0.0,3.1,-1.7,1.07
445850,1997,384,111.9,0.0,3.1,-1.7,1.08
445850,1997,384,111.9,0.0,3.1,-1.7,1.08
445850,1977,384,111.9,0.0,3.1,-1.7,1.08
445850,1959,384,111.9,0.0,3.1,-1.7,1.08
445866,2025,384,111.9,0.0,3.1,-1.7,1.08
445867,2036,384,111.9,0.0,3.1,-1.7,1.08
445867,2036,384,111.9,0.0,3.1,-1.7,1.08
445867,2032,384,111.9,0.0,3.1,-1.7,1.08
445881,2157,383,111.9,0.0,3.1,-1.7,1.08
445881,2162,383,111.9,0.0,3.1,-1.7,1.08
445881,2169,383,111.9,0.0,3.1,-1.7,1.08
445900,2082,383,111.9,0.0,3.2,-1.8,1.08
445901,2052,383,111.9,0.0,3.2,-1.8,1.08
445901,2050,383,111.9,0.0,3.2,-1.8,1.08
445901,2058,383,111.9,0.0,3.2,-1.8,1.08
445914,2043,383,111.9,0.0,3.2,-1.8,1.08
445915,2079,383,111.9,0.0,3.2,-1.8,1.08
445915,2064,383,111.9,0.0,3.2,-1.8,1.08
445937,2078,383,111.9,0.0,3.2,-1.8,1.08
445940,2016,382,111.9,0.0,3.2,-1.8,1.08
445940,2027,382,111.9,0.0,3.2,-1.8,1.08
445940,2026,382,111.9,0.0,3.2,-1.8,1.08
445953,2034,382,111.9,0.0,3.1,-1.7,1.07
445953,1980,382,111.9,0.0,3.1,-1.7,1.07
445954,1986,382,111.9,0.0,3.1,-1.7,1.07
445954,2011,382,111.9,0.0,3.1,-1.7,1.07
445970,2476,382,111.9,0.0,3.1,-1.7,1.07
445971,2586,382,111.9,0.0,3.1,-1.7,1.07
445971,2616,382,111.9,0.0,3.1,-1.7,1.07
445971,2703,382,111.9,0.0,3.1,-1.7,1.07
445984,2064,382,111.9,0.0,3.1,-1.7,1.07
445984,1998,382,111.9,0.0,3.1,-1.7,1.07
445984,1923,382,111.9,0.0,3.1,-1.7,1.07
446003,2146,381,111.9,0.0,3.2,-1.7,1.09
446004,2165,381,111.9,0.0,3.2,-1.7,1.09
446004,2200,381,111.9,0.0,3.2,-1.7,1.09
446004,2209,381,111.9,0.0,3.2,-1.7,1.09
446017,1977,381,111.9,0.0,3.2,-1.7,1.09
446018,1943,381,111.9,0.0,3.2,-1.7,1.09
446018,1944,381,111.9,0.0,3.2,-1.7,1.09
446035,2170,381,111.9,0.0,3.2,-1.7,1.09
446036,2173,381,111.9,0.0,3.2,-1.7,1.09
446036,2153,381,111.9,0.0,3.2,-1.7,1.09
446036,2143,381,111.9,0.0,3.2,-1.7,1.09
446049,1999,380,111.9,0.0,3.2,-1.6,1.08
446050,2012,380,111.9,0.0,3.2,-1.6,1.08
446050,2018,380,111.9,0.0,3.2,-1.6,1.08
446070,1999,380,111.9,0.0,3.2,-1.6,1.08
446070,1972,380,111.9,0.0,3.2,-1.6,1.08
446070,1988,380,111.9,0.0,3.2,-1.6,1.08
446072,1995,380,111.9,0.0,3.2,-1.6,1.08
446085,1970,379,111.9,0.0,3.2,-1.6,1.08
446085,1961,379,111.9,0.0,3.2,-1.6,1.08
446085,1948,379,111.9,0.0,3.2,-1.6,1.08
446103,2077,379,111.9,0.0,3.3,-1.6,1.08
446103,2069,379,111.9,0.0,3.3,-1.6,1.08
446104,2081,379,111.9,0.0,3.3,-1.6,1.08
446104,2064,379,111.9,0.0,3.3,-1.6,1.08
446117,2074,379,111.9,0.0,3.3,-1.6,1.08
446118,2053,379,111.9,0.0,3.3,-1.6,1.08
446118,2070,379,111.9,0.0,3.3,-1.6,1.08
446135,2145,378,111.9,0.0,3.3,-1.6,1.08
446136,2124,378,111.9,0.0,3.3,-1.6,1.08
446136,2106,378,111.9,0.0,3.3,-1.6,1.08
446136,2116,378,111.9,0.0,3.3,-1.6,1.08
446150,2027,378,111.9,0.0,3.2,-1.7,1.08
446150,2020,378,111.9,0.0,3.2,-1.7,1.08
446150,2003,378,111.9,0.0,3.2,-1.7,1.08
446170,1975,377,111.9,0.0,3.2,-1.7,1.08
446170,2022,377,111.9,0.0,3.2,-1.7,1.08
446171,2033,377,111.9,0.0,3.2,-1.7,1.08
446172,2031,377,111.9,0.0,3.2,-1.7,1.08
446185,2016,377,111.9,0.0,3.2,-1.7,1.08
446186,1978,377,111.9,0.0,3.2,-1.7,1.08
446186,2004,377,111.9,0.0,3.2,-1.7,1.08
446186,2027,377,111.9,0.0,3.2,-1.7,1.08
446204,2178,377,111.9,0.0,3.2,-1.7,1.07
446205,2158,377,111.9,0.0,3.2,-1.7,1.07
446205,2141,377,111.9,0.0,3.2,-1.7,1.07
446205,2145,377,111.9,0.0,3.2,-1.7,1.07
446218,1972,377,111.9,0.0,3.2,-1.7,1.07
446219,1963,377,111.9,0.0,3.2,-1.7,1.07
446219,1954,377,111.9,0.0,3.2,-1.7,1.07
446236,2150,376,111.9,0.0,3.2,-1.7,1.07
446237,2183,376,111.9,0.0,3.2,-1.7,1.07
446237,2199,376,111.9,0.0,3.2,-1.7,1.07
446237,2203,376,111.9,0.0,3.2,-1.7,1.07
446249,2032,376,111.9,0.0,3.1,-1.7,1.08
446250,1979,376,111.9,0.0,3.1,-1.7,1.08
446250,1992,376,111.9,0.0,3.1,-1.7,1.08
446269,2040,376,111.9,0.0,3.1,-1.7,1.08
446271,2035,376,111.9,0.0,3.1,-1.7,1.08
446271,2020,376,111.9,0.0,3.1,-1.7,1.08
446272,1996,376,111.9,0.0,3.1,-1.7,1.08
446284,2218,376,111.9,0.0,3.1,-1.7,1.08
446285,2209,376,111.9,0.0,3.1,-1.7,1.08
446285,2199,376,111.9,0.0,3.1,-1.7,1.08
446306,2045,376,111.9,0.0,3.0,-1.7,1.08
446308,2050,376,111.9,0.0,3.0,-1.7,1.08
446309,2041,376,111.9,0.0,3.0,-1.7,1.08
446309,2036,376,111.9,0.0,3.0,-1.7,1.08
446321,2117,376,111.9,0.0,3.0,-1.7,1.08
446322,2116,376,111.9,0.0,3.0,-1.7,1.08
446322,2104,376,111.9,0.0,3.0,-1.7,1.08
446322,2086,376,111.9,0.0,3.0,-1.7,1.08
446339,2080,376,111.9,0.0,3.0,-1.7,1.08
446339,2091,376,111.9,0.0,3.0,-1.7,1.08
446339,2090,376,111.9,0.0,3.0,-1.7,1.08
446340,2087,376,111.9,0.0,3.0,-1.7,1.08
446352,2023,376,111.9,0.0,3.0,-1.8,1.07
446353,2016,376,111.9,0.0,3.0,-1.8,1.07
446353,2020,376,111.9,0.0,3.0,-1.8,1.07
446371,2064,376,111.9,0.0,3.0,-1.8,1.07
446372,2064,376,111.9,0.0,3.0,-1.8,1.07
446372,2049,376,111.9,0.0,3.0,-1.8,1.07
446372,2064,376,111.9,0.0,3.0,-1.8,1.07
446386,2036,376,111.9,0.0,3.0,-1.8,1.07
446387,2038,376,111.9,0.0,3.0,-1.8,1.07
446387,2028,376,111.9,0.0,3.0,-1.8,1.07
446406,2033,376,111.9,0.0,3.0,-1.7,1.07
446406,2021,376,111.9,0.0,3.0,-1.7,1.07
446408,2032,376,111.9,0.0,3.0,-1.7,1.07
446408,2035,376,111.9,0.0,3.0,-1.7,1.07
446421,2090,376,111.9,0.0,3.0,-1.7,1.07
446421,2087,376,111.9,0.0,3.0,-1.7,1.07
446422,2061,376,111.9,0.0,3.0,-1.7,1.07
446439,2189,376,111.9,0.0,3.0,-1.7,1.07
446439,2195,376,111.9,0.0,3.0,-1.7,1.07
446439,2187,376,111.9,0.0,3.0,-1.7,1.07
446439,2175,376,111.9,0.0,3.0,-1.7,1.07
446452,2001,376,111.9,0.0,3.1,-1.7,1.08
446452,1997,376,111.9,0.0,3.1,-1.7,1.08
446452,1988,376,111.9,0.0,3.1,-1.7,1.08
446471,1959,376,111.9,0.0,3.1,-1.7,1.08
446472,1947,376,111.9,0.0,3.1,-1.7,1.08
446472,1955,376,111.9,0.0,3.1,-1.7,1.08
446472,1970,376,111.9,0.0,3.1,-1.7,1.08
446486,2025,376,111.9,0.0,3.1,-1.7,1.08
446486,2021,376,111.9,0.0,3.1,-1.7,1.08
446486,2016,376,111.9,0.0,3.1,-1.7,1.08
446503,2184,377,111.9,0.0,3.1,-1.7,1.08
446504,2182,377,111.9,0.0,3.1,-1.7,1.08
446504,2178,377,111.9,0.0,3.1,-1.7,1.08
446504,2159,377,111.9,0.0,3.1,-1.7,1.08
446518,2108,377,111.9,0.0,3.1,-1.7,1.07
446518,2101,377,111.9,0.0,3.1,-1.7,1.07
446518,2130,377,111.9,0.0,3.1,-1.7,1.07
446542,2188,377,111.9,0.0,3.1,-1.7,1.07
446545,2143,377,111.9,0.0,3.1,-1.7,1.07
446545,2133,377,111.9,0.0,3.1,-1.7,1.07
446545,2137,377,111.9,0.0,3.1,-1.7,1.07
446558,2128,377,111.9,0.0,3.1,-1.8,1.08
446558,2122,377,111.9,0.0,3.1,-1.8,1.08
446558,2121,377,111.9,0.0,3.1,-1.8,1.08
446558,2148,377,111.9,0.0,3.1,-1.8,1.08
446575,2023,377,111.9,0.0,3.1,-1.8,1.08
446575,2024,377,111.9,0.0,3.1,-1.8,1.08
446576,2016,377,111.9,0.0,3.1,-1.8,1.08
446576,2009,377,111.9,0.0,3.1,-1.8,1.08
446588,2016,377,111.9,0.0,3.1,-1.8,1.08
446589,2029,377,111.9,0.0,3.1,-1.8,1.08
446589,2038,377,111.9,0.0,3.1,-1.8,1.08
446607,2026,377,111.9,0.0,3.1,-1.8,1.08
446608,2020,377,111.9,0.0,3.1,-1.8,1.08
446608,2021,377,111.9,0.0,3.1,-1.8,1.08
446608,2026,377,111.9,0.0,3.1,-1.8,1.08
446621,2145,377,111.9,0.0,3.1,-1.7,1.07
446621,2121,377,111.9,0.0,3.1,-1.7,1.07
446622,2121,377,111.9,0.0,3.1,-1.7,1.07
446641,2071,378,111.9,0.0,3.1,-1.7,1.07
446641,2082,378,111.9,0.0,3.1,-1.7,1.07
446641,2068,378,111.9,0.0,3.1,-1.7,1.07
446641,2058,378,111.9,0.0,3.1,-1.7,1.07
446655,2054,378,111.9,0.0,3.1,-1.7,1.07
446656,2042,378,111.9,0.0,3.1,-1.7,1.07
446656,2034,378,111.9,0.0,3.1,-1.7,1.07
446673,2089,378,111.9,0.0,3.2,-1.6,1.08
446673,2075,378,111.9,0.0,3.2,-1.6,1.08
446674,2098,378,111.9,0.0,3.2,-1.6,1.08
446674,2088,378,111.9,0.0,3.2,-1.6,1.08
446687,2060,378,111.9,0.0,3.2,-1.6,1.08
446688,2020,378,111.9,0.0,3.2,-1.6,1.08
446688,2005,378,111.9,0.0,3.2,-1.6,1.08
446706,2152,378,111.9,0.0,3.2,-1.6,1.08
446707,2146,378,111.9,0.0,3.2,-1.6,1.08
446707,2142,378,111.9,0.0,3.2,-1.6,1.08
446707,2127,378,111.9,0.0,3.2,-1.6,1.08
446720,1917,378,111.9,0.0,3.2,-1.6,1.07
446720,1914,378,111.9,0.0,3.2,-1.6,1.07
446720,1919,378,111.9,0.0,3.2,-1.6,1.07
446740,1982,378,111.9,0.0,3.2,-1.6,1.07
446742,1971,378,111.9,0.0,3.2,-1.6,1.07
446742,1956,378,111.9,0.0,3.2,-1.6,1.07
446743,1953,378,111.9,0.0,3.2,-1.6,1.07
446756,2137,379,111.9,0.0,3.2,-1.6,1.07
446757,2140,379,111.9,0.0,3.2,-1.6,1.07
446757,2137,379,111.9,0.0,3.2,-1.6,1.07
446757,2132,379,111.9,0.0,3.2,-1.6,1.07
446775,2131,379,111.9,0.0,3.2,-1.7,1.08
446776,2118,379,111.9,0.0,3.2,-1.7,1.08
446776,2151,379,111.9,0.0,3.2,-1.7,1.08
446776,2183,379,111.9,0.0,3.2,-1.7,1.08
446788,2018,379,111.9,0.0,3.2,-1.7,1.08
446789,2022,379,111.9,0.0,3.2,-1.7,1.08
446789,2004,379,111.9,0.0,3.2,-1.7,1.08
446808,2058,379,111.9,0.0,3.2,-1.7,1.08
446810,2035,379,111.9,0.0,3.2,-1.7,1.08
446810,2042,379,111.9,0.0,3.2,-1.7,1.08
446810,2034,379,111.9,0.0,3.2,-1.7,1.08
446823,2064,379,111.9,0.0,3.2,-1.7,1.08
446823,2035,379,111.9,0.0,3.2,-1.7,1.08
446823,2057,379,111.9,0.0,3.2,-1.7,1.08
446842,2132,379,111.9,0.0,3.2,-1.7,1.08
446842,2120,379,111.9,0.0,3.2,-1.7,1.08
446842,2113,379,111.9,0.0,3.2,-1.7,1.08
446842,2109,379,111.9,0.0,3.2,-1.7,1.08
446856,2163,380,111.9,0.0,3.2,-1.7,1.08
446856,2252,380,111.9,0.0,3.2,-1.7,1.08
446857,2286,380,111.9,0.0,3.2,-1.7,1.08
446875,1895,380,111.9,0.0,3.2,-1.7,1.08
446876,1976,380,111.9,0.0,3.2,-1.7,1.08
446876,1965,380,111.9,0.0,3.2,-1.7,1.08
446876,1968,380,111.9,0.0,3.2,-1.7,1.08
446889,2034,380,111.9,0.0,3.2,-1.7,1.08
446889,2042,380,111.9,0.0,3.2,-1.7,1.08
446889,2040,380,111.9,0.0,3.2,-1.7,1.08
446907,2059,380,111.9,0.0,3.2,-1.7,1.08
446908,2039,380,111.9,0.0,3.2,-1.7,1.08
446908,2045,380,111.9,0.0,3.2,-1.7,1.08
446908,2058,380,111.9,0.0,3.2,-1.7,1.08
446921,2202,380,111.9,0.0,3.2,-1.7,1.07
446921,2213,380,111.9,0.0,3.2,-1.7,1.07
446921,2191,380,111.9,0.0,3.2,-1.7,1.07
446940,2129,381,111.9,0.0,3.2,-1.7,1.07
446941,2142,381,111.9,0.0,3.2,-1.7,1.07
446941,2138,381,111.9,0.0,3.2,-1.7,1.07
446941,2122,381,111.9,0.0,3.2,-1.7,1.07
446955,1983,381,111.9,0.0,3.2,-1.7,1.07
446956,2034,381,111.9,0.0,3.2,-1.7,1.07
446956,2091,381,111.9,0.0,3.2,-1.7,1.07
446957,2094,381,111.9,0.0,3.2,-1.7,1.07
446975,1987,381,111.9,0.0,3.2,-1.7,1.07
446975,2019,381,111.9,0.0,3.2,-1.7,1.07
446975,2038,381,111.9,0.0,3.2,-1.7,1.07
446976,2030,381,111.9,0.0,3.2,-1.7,1.07
446988,2013,381,111.9,0.0,3.2,-1.7,1.07
446989,2021,381,111.9,0.0,3.2,-1.7,1.07
446989,2024,381,111.9,0.0,3.2,-1.7,1.07
447008,2086,382,111.9,0.0,3.2,-1.7,1.07
447008,2068,382,111.9,0.0,3.2,-1.7,1.07
447008,2058,382,111.9,0.0,3.2,-1.7,1.07
447009,2051,382,111.9,0.0,3.2,-1.7,1.07
447021,2258,382,111.9,0.0,3.2,-1.7,1.07
447021,2254,382,111.9,0.0,3.2,-1.7,1.07
447022,2275,382,111.9,0.0,3.2,-1.7,1.07
447040,2010,382,111.9,0.0,3.2,-1.7,1.07
447041,2009,382,111.9,0.0,3.2,-1.7,1.07
447041,2003,382,111.9,0.0,3.2,-1.7,1.07
447041,1991,382,111.9,0.0,3.2,-1.7,1.07
447055,2042,382,111.9,0.0,3.2,-1.7,1.07
447055,2046,382,111.9,0.0,3.2,-1.7,1.07
447055,2069,382,111.9,0.0,3.2,-1.7,1.07
447074,1954,383,111.9,0.0,3.2,-1.7,1.07
447075,1932,383,111.9,0.0,3.2,-1.7,1.07
447075,1954,383,111.9,0.0,3.2,-1.7,1.07
447075,1970,383,111.9,0.0,3.2,-1.7,1.07
447088,2065,383,111.9,0.0,3.2,-1.7,1.07
447088,2049,383,111.9,0.0,3.2,-1.7,1.07
447089,2050,383,111.9,0.0,3.2,-1.7,1.07
447110,2021,383,111.9,0.0,3.2,-1.7,1.07
447113,2023,383,111.9,0.0,3.2,-1.7,1.07
447113,2009,383,111.9,0.0,3.2,-1.7,1.07
447113,2003,383,111.9,0.0,3.2,-1.7,1.07
447126,1984,384,111.9,0.0,3.0,-1.7,1.07
447126,1995,384,111.9,0.0,3.0,-1.7,1.07
447126,2004,384,111.9,0.0,3.0,-1.7,1.07
447126,1989,384,111.9,0.0,3.0,-1.7,1.07
447143,2075,384,111.9,0.0,3.0,-1.7,1.07
447143,2073,384,111.9,0.0,3.0,-1.7,1.07
447144,2059,384,111.9,0.0,3.0,-1.7,1.07
447144,2059,384,111.9,0.0,3.0,-1.7,1.07
447156,2120,384,111.9,0.0,3.0,-1.7,1.07
447157,2137,384,111.9,0.0,3.0,-1.7,1.07
447157,2149,384,111.9,0.0,3.0,-1.7,1.07
447176,2069,385,111.9,0.0,3.1,-1.6,1.08
447178,2231,385,111.9,0.0,3.1,-1.6,1.08
447178,2244,385,111.9,0.0,3.1,-1.6,1.08
447178,2245,385,111.9,0.0,3.1,-1.6,1.08
447191,1963,385,111.9,0.0,3.1,-1.6,1.08
447192,1984,385,111.9,0.0,3.1,-1.6,1.08
447192,1972,385,111.9,0.0,3.1,-1.6,1.08
447192,1931,385,111.9,0.0,3.1,-1.6,1.08
447215,2030,386,111.9,0.0,3.1,-1.6,1.08
447217,2048,386,111.9,0.0,3.1,-1.6,1.08
447217,2051,386,111.9,0.0,3.1,-1.6,1.08
447217,2044,386,111.9,0.0,3.1,-1.6,1.08
447230,2014,386,111.9,0.0,3.1,-1.6,1.08
447230,2005,386,111.9,0.0,3.1,-1.6,1.08
447230,2024,386,111.9,0.0,3.1,-1.6,1.08
447247,2006,387,111.9,0.0,3.1,-1.6,1.08
447247,2004,387,111.9,0.0,3.1,-1.6,1.08
447248,1997,387,111.9,0.0,3.1,-1.6,1.08
447248,1990,387,111.9,0.0,3.1,-1.6,1.08
447260,2137,387,111.9,0.0,3.1,-1.6,1.08
447261,2151,387,111.9,0.0,3.1,-1.6,1.08
447261,2150,387,111.9,0.0,3.1,-1.6,1.08
447280,1953,387,111.9,0.0,3.0,-1.7,1.07
447283,1945,387,111.9,0.0,3.0,-1.7,1.07
447283,1932,387,111.9,0.0,3.0,-1.7,1.07
447283,1941,387,111.9,0.0,3.0,-1.7,1.07
447296,2119,387,111.9,0.0,3.0,-1.7,1.07
447297,2175,387,111.9,0.0,3.0,-1.7,1.07
447297,2170,387,111.9,0.0,3.0,-1.7,1.07
447297,2180,387,111.9,0.0,3.0,-1.7,1.07
447314,1989,388,111.9,0.0,3.0,-1.7,1.07
447315,1988,388,111.9,0.0,3.0,-1.7,1.07
447315,1996,388,111.9,0.0,3.0,-1.7,1.07
447315,1992,388,111.9,0.0,3.0,-1.7,1.07
447328,2064,388,111.9,0.0,3.1,-1.7,1.08
447329,2067,388,111.9,0.0,3.1,-1.7,1.08
447329,2054,388,111.9,0.0,3.1,-1.7,1.08
447346,2045,388,111.9,0.0,3.1,-1.7,1.08
447347,2042,388,111.9,0.0,3.1,-1.7,1.08
447347,2048,388,111.9,0.0,3.1,-1.7,1.08
447347,2045,388,111.9,0.0,3.1,-1.7,1.08
447360,2040,388,111.9,0.0,3.1,-1.7,1.08
447360,2005,388,111.9,0.0,3.1,-1.7,1.08
447360,2006,388,111.9,0.0,3.1,-1.7,1.08
447379,2014,388,111.9,0.0,3.1,-1.7,1.08
447380,2006,388,111.9,0.0,3.1,-1.7,1.08
447380,2012,388,111.9,0.0,3.1,-1.7,1.08
447380,2026,388,111.9,0.0,3.1,-1.7,1.08
447394,2017,388,111.9,0.0,3.1,-1.7,1.07
447394,2022,388,111.9,0.0,3.1,-1.7,1.07
447394,2035,388,111.9,0.0,3.1,-1.7,1.07
447412,1994,388,111.9,0.0,3.1,-1.7,1.07
447413,2006,388,111.9,0.0,3.1,-1.7,1.07
447413,1974,388,111.9,0.0,3.1,-1.7,1.07
447413,1983,388,111.9,0.0,3.1,-1.7,1.07
447426,1883,388,111.9,0.0,3.1,-1.7,1.07
447426,1904,388,111.9,0.0,3.1,-1.7,1.07
447426,1910,388,111.9,0.0,3.1,-1.7,1.07
447445,1988,388,111.9,0.0,3.0,-1.7,1.08
447446,1983,388,111.9,0.0,3.0,-1.7,1.08
447446,1998,388,111.9,0.0,3.0,-1.7,1.08
447446,2001,388,111.9,0.0,3.0,-1.7,1.08
447459,2093,388,111.9,0.0,3.0,-1.7,1.08
447460,2078,388,111.9,0.0,3.0,-1.7,1.08
447460,2073,388,111.9,0.0,3.0,-1.7,1.08
447479,2039,388,111.9,0.0,3.0,-1.7,1.08
447479,2027,388,111.9,0.0,3.0,-1.7,1.08
447479,2011,388,111.9,0.0,3.0,-1.7,1.08
447479,1985,388,111.9,0.0,3.0,-1.7,1.08
447493,2025,388,111.9,0.0,3.1,-1.7,1.08
447494,2051,388,111.9,0.0,3.1,-1.7,1.08
447494,2054,388,111.9,0.0,3.1,-1.7,1.08
447510,2012,388,111.9,0.0,3.1,-1.7,1.08
447511,2014,388,111.9,0.0,3.1,-1.7,1.08
447511,2021,388,111.9,0.0,3.1,-1.7,1.08
447511,2024,388,111.9,0.0,3.1,-1.7,1.08
447525,2046,388,111.9,0.0,3.1,-1.7,1.08
447525,2027,388,111.9,0.0,3.1,-1.7,1.08
447525,2016,388,111.9,0.0,3.1,-1.7,1.08
447544,1915,388,111.9,0.0,3.1,-1.7,1.08
447545,1936,388,111.9,0.0,3.1,-1.7,1.08
447545,1941,388,111.9,0.0,3.1,-1.7,1.08
447545,1921,388,111.9,0.0,3.1,-1.7,1.08
447558,2211,388,111.9,0.0,3.1,-1.6,1.07
447558,2228,388,111.9,0.0,3.1,-1.6,1.07
447558,2251,388,111.9,0.0,3.1,-1.6,1.07
447578,2103,388,111.9,0.0,3.1,-1.6,1.07
447581,2114,388,111.9,0.0,3.1,-1.6,1.07
447581,2093,388,111.9,0.0,3.1,-1.6,1.07
447581,2090,388,111.9,0.0,3.1,-1.6,1.07
447594,2038,388,111.9,0.0,3.1,-1.6,1.07
447595,2056,388,111.9,0.0,3.1,-1.6,1.07
447595,2027,388,111.9,0.0,3.1,-1.6,1.07
447595,2014,388,111.9,0.0,3.1,-1.6,1.07
447613,1998,387,111.9,0.0,3.1,-1.7,1.07
447613,2036,387,111.9,0.0,3.1,-1.7,1.07
447613,2046,387,111.9,0.0,3.1,-1.7,1.07
447614,2028,387,111.9,0.0,3.1,-1.7,1.07
447626,1970,387,111.9,0.0,3.1,-1.7,1.07
447627,1971,387,111.9,0.0,3.1,-1.7,1.07
447627,1988,387,111.9,0.0,3.1,-1.7,1.07
447645,2001,387,111.9,0.0,3.1,-1.7,1.07
447646,1973,387,111.9,0.0,3.1,-1.7,1.07
447646,1976,387,111.9,0.0,3.1,-1.7,1.07
447646,1976,387,111.9,0.0,3.1,-1.7,1.07
447659,2098,387,111.9,0.0,3.1,-1.7,1.08
447659,2097,387,111.9,0.0,3.1,-1.7,1.08
447659,2088,387,111.9,0.0,3.1,-1.7,1.08
447679,2168,387,111.9,0.0,3.1,-1.7,1.08
447679,2167,387,111.9,0.0,3.1,-1.7,1.08
447679,2190,387,111.9,0.0,3.1,-1.7,1.08
447679,2196,387,111.9,0.0,3.1,-1.7,1.08
447694,1993,387,111.9,0.0,3.1,-1.7,1.08
447695,1932,387,111.9,0.0,3.1,-1.7,1.08
447695,1928,387,111.9,0.0,3.1,-1.7,1.08
447695,1936,387,111.9,0.0,3.1,-1.7,1.08
447713,1905,387,111.9,0.0,3.0,-1.7,1.08
447714,1889,387,111.9,0.0,3.0,-1.7,1.08
447714,1870,387,111.9,0.0,3.0,-1.7,1.08
447714,1861,387,111.9,0.0,3.0,-1.7,1.08
447727,2097,387,111.9,0.0,3.0,-1.7,1.08
447727,2101,387,111.9,0.0,3.0,-1.7,1.08
447727,2118,387,111.9,0.0,3.0,-1.7,1.08
447746,2013,387,111.9,0.0,3.0,-1.7,1.08
447747,2012,387,111.9,0.0,3.0,-1.7,1.08
447747,2010,387,111.9,0.0,3.0,-1.7,1.08
447747,2012,387,111.9,0.0,3.0,-1.7,1.08
447760,2132,387,111.9,0.0,3.1,-1.6,1.08
447760,2101,387,111.9,0.0,3.1,-1.6,1.08
447760,2124,387,111.9,0.0,3.1,-1.6,1.08
447780,2134,386,111.9,0.0,3.1,-1.6,1.08
447783,2115,386,111.9,0.0,3.1,-1.6,1.08
447783,2108,386,111.9,0.0,3.1,-1.6,1.08
447784,2105,386,111.9,0.0,3.1,-1.6,1.08
447784,2098,386,111.9,0.0,3.1,-1.6,1.08
447797,2063,386,111.9,0.0,3.1,-1.6,1.08
447798,2082,386,111.9,0.0,3.1,-1.6,1.08
447799,2104,386,111.9,0.0,3.1,-1.6,1.08
447817,2043,386,111.9,0.0,3.1,-1.6,1.08
447817,2050,386,111.9,0.0,3.1,-1.6,1.08
447817,2046,386,111.9,0.0,3.1,-1.6,1.08
447817,2043,386,111.9,0.0,3.1,-1.6,1.08
447831,2034,386,111.9,0.0,3.1,-1.6,1.08
447832,1973,386,111.9,0.0,3.1,-1.6,1.08
447832,1995,386,111.9,0.0,3.1,-1.6,1.08
447848,2110,386,111.9,0.0,3.1,-1.6,1.08
447849,2089,386,111.9,0.0,3.1,-1.6,1.08
447849,2097,386,111.9,0.0,3.1,-1.6,1.08
447849,2090,386,111.9,0.0,3.1,-1.6,1.08
447863,1865,386,111.9,0.0,3.1,-1.6,1.07
447863,1857,386,111.9,0.0,3.1,-1.6,1.07
447863,1855,386,111.9,0.0,3.1,-1.6,1.07
447882,1979,386,111.9,0.0,3.1,-1.6,1.07
447883,1986,386,111.9,0.0,3.1,-1.6,1.07
447883,1984,386,111.9,0.0,3.1,-1.6,1.07
447885,1965,386,111.9,0.0,3.1,-1.6,1.07
447898,2171,386,111.9,0.0,3.1,-1.6,1.07
447899,2197,386,111.9,0.0,3.1,-1.6,1.07
447899,2218,386,111.9,0.0,3.1,-1.6,1.07
447899,2252,386,111.9,0.0,3.1,-1.6,1.07
447917,1861,385,111.9,0.0,3.2,-1.7,1.08
447918,1742,385,111.9,0.0,3.2,-1.7,1.08
447918,1689,385,111.9,0.0,3.2,-1.7,1.08
447918,1651,385,111.9,0.0,3.2,-1.7,1.08
447932,2134,385,111.9,0.0,3.2,-1.7,1.08
447932,2176,385,111.9,0.0,3.2,-1.7,1.08
447933,2208,385,111.9,0.0,3.2,-1.7,1.08
447950,1961,385,111.9,0.0,3.2,-1.7,1.08
447951,1917,385,111.9,0.0,3.2,-1.7,1.08
447951,1898,385,111.9,0.0,3.2,-1.7,1.08
447951,1890,385,111.9,0.0,3.2,-1.7,1.08
447964,2015,385,111.9,0.0,3.2,-1.6,1.08
447964,2026,385,111.9,0.0,3.2,-1.6,1.08
447964,2035,385,111.9,0.0,3.2,-1.6,1.08
447983,2005,385,111.9,0.0,3.2,-1.6,1.08
447984,1997,385,111.9,0.0,3.2,-1.6,1.08
447984,2009,385,111.9,0.0,3.2,-1.6,1.08
447984,2023,385,111.9,0.0,3.2,-1.6,1.08
447997,2076,385,111.9,0.0,3.2,-1.6,1.08
447997,2068,385,111.9,0.0,3.2,-1.6,1.08
447997,2078,385,111.9,0.0,3.2,-1.6,1.08
448017,2094,385,111.9,0.0,3.1,-1.7,1.08
448017,2119,385,111.9,0.0,3.1,-1.7,1.08
448020,2069,385,111.9,0.0,3.1,-1.7,1.08
448021,2054,385,111.9,0.0,3.1,-1.7,1.08
448033,2013,385,111.9,0.0,3.1,-1.7,1.08
448034,2016,385,111.9,0.0,3.1,-1.7,1.08
448034,2029,385,111.9,0.0,3.1,-1.7,1.08
448034,1995,385,111.9,0.0,3.1,-1.7,1.08
448051,2000,384,111.9,0.0,3.1,-1.7,1.08
448052,1997,384,111.9,0.0,3.1,-1.7,1.08
448052,2021,384,111.9,0.0,3.1,-1.7,1.08
448052,2035,384,111.9,0.0,3.1,-1.7,1.08
448065,2285,384,111.9,0.0,3.1,-1.7,1.07
448065,2266,384,111.9,0.0,3.1,-1.7,1.07
448065,2256,384,111.9,0.0,3.1,-1.7,1.07
448082,2141,384,111.9,0.0,3.1,-1.7,1.07
448083,2138,384,111.9,0.0,3.1,-1.7,1.07
448083,2142,384,111.9,0.0,3.1,-1.7,1.07
448083,2124,384,111.9,0.0,3.1,-1.7,1.07
448096,1999,384,111.9,0.0,3.1,-1.7,1.07
448096,2036,384,111.9,0.0,3.1,-1.7,1.07
448096,2025,384,111.9,0.0,3.1,-1.7,1.07
448116,1950,384,111.9,0.0,3.1,-1.7,1.07
448116,1982,384,111.9,0.0,3.1,-1.7,1.07
448117,1980,384,111.9,0.0,3.1,-1.7,1.07
448119,2258,383,111.9,0.0,3.1,-1.7,1.07
448132,2008,383,111.9,0.0,3.0,-1.6,1.08
448132,1989,383,111.9,0.0,3.0,-1.6,1.08
448133,1970,383,111.9,0.0,3.0,-1.6,1.08
448133,1950,383,111.9,0.0,3.0,-1.6,1.08
448150,2038,383,111.9,0.0,3.0,-1.6,1.08
448151,2055,383,111.9,0.0,3.0,-1.6,1.08
448151,2063,383,111.9,0.0,3.0,-1.6,1.08
448151,2062,383,111.9,0.0,3.0,-1.6,1.08
448164,1984,383,111.9,0.0,3.0,-1.6,1.08
448164,1978,383,111.9,0.0,3.0,-1.6,1.08
448164,1975,383,111.9,0.0,3.0,-1.6,1.08
448183,2179,383,111.9,0.0,3.1,-1.7,1.07
448185,2151,383,111.9,0.0,3.1,-1.7,1.07
448185,2145,383,111.9,0.0,3.1,-1.7,1.07
448185,2148,383,111.9,0.0,3.1,-1.7,1.07
448198,2151,382,111.9,0.0,3.1,-1.7,1.07
448198,2172,382,111.9,0.0,3.1,-1.7,1.07
448198,2189,382,111.9,0.0,3.1,-1.7,1.07
448216,1983,382,111.9,0.0,3.1,-1.7,1.07
448217,2014,382,111.9,0.0,3.1,-1.7,1.07
448217,1994,382,111.9,0.0,3.1,-1.7,1.07
448217,1963,382,111.9,0.0,3.1,-1.7,1.07
448232,2034,382,111.9,0.0,3.0,-1.7,1.08
448232,2040,382,111.9,0.0,3.0,-1.7,1.08
448232,2060,382,111.9,0.0,3.0,-1.7,1.08
448232,2043,382,111.9,0.0,3.0,-1.7,1.08
448250,2007,381,111.9,0.0,3.0,-1.7,1.08
448250,2000,381,111.9,0.0,3.0,-1.7,1.08
448250,2018,381,111.9,0.0,3.0,-1.7,1.08
448250,2024,381,111.9,0.0,3.0,-1.7,1.08
448263,2136,381,111.9,0.0,3.0,-1.7,1.08
448263,2109,381,111.9,0.0,3.0,-1.7,1.08
448264,2110,381,111.9,0.0,3.0,-1.7,1.08
448282,2525,380,111.9,0.0,3.1,-1.7,1.07
448283,2522,380,111.9,0.0,3.1,-1.7,1.07
448283,2544,380,111.9,0.0,3.1,-1.7,1.07
448283,2536,380,111.9,0.0,3.1,-1.7,1.07
448296,1867,380,111.9,0.0,3.1,-1.7,1.07
448296,1871,380,111.9,0.0,3.1,-1.7,1.07
448296,1770,380,111.9,0.0,3.1,-1.7,1.07
448316,1999,380,111.9,0.0,3.1,-1.7,1.07
448316,1889,380,111.9,0.0,3.1,-1.7,1.07
448316,2043,380,111.9,0.0,3.1,-1.7,1.07
448319,2150,380,111.9,0.0,3.1,-1.7,1.07
448332,1977,379,111.9,0.0,3.1,-1.7,1.08
448332,1963,379,111.9,0.0,3.1,-1.7,1.08
448333,1967,379,111.9,0.0,3.1,-1.7,1.08
448333,1987,379,111.9,0.0,3.1,-1.7,1.08
448350,2073,379,111.9,0.0,3.1,-1.7,1.08
448350,2045,379,111.9,0.0,3.1,-1.7,1.08
448350,2027,379,111.9,0.0,3.1,-1.7,1.08
448351,2043,379,111.9,0.0,3.1,-1.7,1.08
448363,2188,379,111.9,0.0,3.1,-1.7,1.08
448364,2185,379,111.9,0.0,3.1,-1.7,1.08
448364,2183,379,111.9,0.0,3.1,-1.7,1.08
448382,2121,378,111.9,0.0,3.2,-1.7,1.07
448383,2125,378,111.9,0.0,3.2,-1.7,1.07
448383,2129,378,111.9,0.0,3.2,-1.7,1.07
448383,2126,378,111.9,0.0,3.2,-1.7,1.07
448396,1996,378,111.9,0.0,3.2,-1.7,1.07
448396,1993,378,111.9,0.0,3.2,-1.7,1.07
448396,2001,378,111.9,0.0,3.2,-1.7,1.07
448416,2015,378,111.9,0.0,3.2,-1.7,1.07
448416,2018,378,111.9,0.0,3.2,-1.7,1.07
448417,2019,378,111.9,0.0,3.2,-1.7,1.07
448419,1973,378,111.9,0.0,3.2,-1.7,1.07
448432,1929,377,111.9,0.0,3.1,-1.7,1.07
448433,2047,377,111.9,0.0,3.1,-1.7,1.07
448433,2047,377,111.9,0.0,3.1,-1.7,1.07
448433,2050,377,111.9,0.0,3.1,-1.7,1.07
448450,2010,377,111.9,0.0,3.1,-1.7,1.07
448450,2013,377,111.9,0.0,3.1,-1.7,1.07
448450,1998,377,111.9,0.0,3.1,-1.7,1.07
448450,1994,377,111.9,0.0,3.1,-1.7,1.07
448464,2148,377,111.9,0.0,3.1,-1.7,1.07
448464,2149,377,111.9,0.0,3.1,-1.7,1.07
448464,2149,377,111.9,0.0,3.1,-1.7,1.07
448483,2187,377,111.9,0.0,3.1,-1.7,1.08
448484,2186,377,111.9,0.0,3.1,-1.7,1.08
448484,2173,377,111.9,0.0,3.1,-1.7,1.08
448484,2158,377,111.9,0.0,3.1,-1.7,1.08
448497,1998,377,111.9,0.0,3.1,-1.7,1.08
448497,2011,377,111.9,0.0,3.1,-1.7,1.08
448497,2028,377,111.9,0.0,3.1,-1.7,1.08
448516,2080,376,111.9,0.0,3.1,-1.7,1.08
448517,2113,376,111.9,0.0,3.1,-1.7,1.08
448517,2127,376,111.9,0.0,3.1,-1.7,1.08
448517,2290,376,111.9,0.0,3.1,-1.7,1.08
448531,1996,376,111.9,0.0,3.1,-1.6,1.09
448531,1981,376,111.9,0.0,3.1,-1.6,1.09
448531,2007,376,111.9,0.0,3.1,-1.6,1.09
448550,2018,376,111.9,0.0,3.1,-1.6,1.09
448551,2017,376,111.9,0.0,3.1,-1.6,1.09
448551,2014,376,111.9,0.0,3.1,-1.6,1.09
448551,2012,376,111.9,0.0,3.1,-1.6,1.09
448564,1814,376,111.9,0.0,3.1,-1.6,1.09
448564,1813,376,111.9,0.0,3.1,-1.6,1.09
448564,1823,376,111.9,0.0,3.1,-1.6,1.09
448582,2023,376,111.9,0.0,3.1,-1.6,1.09
448583,2008,376,111.9,0.0,3.1,-1.6,1.09
448583,2027,376,111.9,0.0,3.1,-1.6,1.09
448583,2033,376,111.9,0.0,3.1,-1.6,1.09
448596,2026,376,111.9,0.0,3.1,-1.6,1.07
448596,2026,376,111.9,0.0,3.1,-1.6,1.07
448596,2015,376,111.9,0.0,3.1,-1.6,1.07
448615,1973,376,111.9,0.0,3.1,-1.6,1.07
448616,1971,376,111.9,0.0,3.1,-1.6,1.07
448616,1936,376,111.9,0.0,3.1,-1.6,1.07
448619,1472,376,111.9,0.0,3.1,-1.6,1.07
448632,2028,376,111.9,0.0,3.1,-1.6,1.07
448632,2103,376,111.9,0.0,3.1,-1.6,1.07
448632,2140,376,111.9,0.0,3.1,-1.6,1.07
448632,2215,376,111.9,0.0,3.1,-1.6,1.07
448651,1829,376,111.9,0.0,3.0,-1.7,1.08
448651,1796,376,111.9,0.0,3.0,-1.7,1.08
448651,1773,376,111.9,0.0,3.0,-1.7,1.08
448652,1760,376,111.9,0.0,3.0,-1.7,1.08
448664,2025,376,111.9,0.0,3.0,-1.7,1.08
448665,2070,376,111.9,0.0,3.0,-1.7,1.08
448665,2060,376,111.9,0.0,3.0,-1.7,1.08
448685,1985,377,111.9,0.0,3.0,-1.7,1.08
448688,1983,377,111.9,0.0,3.0,-1.7,1.08
448688,1989,377,111.9,0.0,3.0,-1.7,1.08
448689,1990,377,111.9,0.0,3.0,-1.7,1.08
448701,2246,377,111.9,0.0,3.1,-1.6,1.08
448701,2245,377,111.9,0.0,3.1,-1.6,1.08
448702,2266,377,111.9,0.0,3.1,-1.6,1.08
448702,2268,377,111.9,0.0,3.1,-1.6,1.08
448718,1968,377,111.9,0.0,3.1,-1.6,1.08
448719,1994,377,111.9,0.0,3.1,-1.6,1.08
448719,1978,377,111.9,0.0,3.1,-1.6,1.08
448719,1984,377,111.9,0.0,3.1,-1.6,1.08
448732,2032,377,111.9,0.0,3.1,-1.6,1.08
448732,2057,377,111.9,0.0,3.1,-1.6,1.08
448733,2056,377,111.9,0.0,3.1,-1.6,1.08
448751,2022,377,111.9,0.0,3.0,-1.7,1.07
448752,2012,377,111.9,0.0,3.0,-1.7,1.07
448752,2019,377,111.9,0.0,3.0,-1.7,1.07
448752,2024,377,111.9,0.0,3.0,-1.7,1.07
448765,2038,377,111.9,0.0,3.0,-1.7,1.07
448765,1996,377,111.9,0.0,3.0,-1.7,1.07
448766,2024,377,111.9,0.0,3.0,-1.7,1.07
448785,2052,377,111.9,0.0,3.0,-1.7,1.07
448785,2008,377,111.9,0.0,3.0,-1.7,1.07
448785,2035,377,111.9,0.0,3.0,-1.7,1.07
448786,2023,377,111.9,0.0,3.0,-1.7,1.07
448799,2179,377,111.9,0.0,3.1,-1.6,1.08
448799,2214,377,111.9,0.0,3.1,-1.6,1.08
448800,2215,377,111.9,0.0,3.1,-1.6,1.08
448817,1984,378,111.9,0.0,3.1,-1.6,1.08
448818,1995,378,111.9,0.0,3.1,-1.6,1.08
448818,1996,378,111.9,0.0,3.1,-1.6,1.08
448818,2001,378,111.9,0.0,3.1,-1.6,1.08
448831,2048,378,111.9,0.0,3.1,-1.6,1.08
448831,2058,378,111.9,0.0,3.1,-1.6,1.08
448831,2045,378,111.9,0.0,3.1,-1.6,1.08
448850,2034,378,111.9,0.0,3.1,-1.6,1.08
448851,2021,378,111.9,0.0,3.1,-1.6,1.08
448851,2034,378,111.9,0.0,3.1,-1.6,1.08
448851,2042,378,111.9,0.0,3.1,-1.6,1.08
448864,2102,378,111.9,0.0,3.1,-1.6,1.08
448864,2081,378,111.9,0.0,3.1,-1.6,1.08
448864,2067,378,111.9,0.0,3.1,-1.6,1.08
448884,2256,378,111.9,0.0,3.1,-1.6,1.08
448884,2252,378,111.9,0.0,3.1,-1.6,1.08
448884,2247,378,111.9,0.0,3.1,-1.6,1.08
448884,2256,378,111.9,0.0,3.1,-1.6,1.08
448898,2014,378,111.9,0.0,3.1,-1.6,1.08
448898,2059,378,111.9,0.0,3.1,-1.6,1.08
448898,2052,378,111.9,0.0,3.1,-1.6,1.08
448915,2031,378,111.9,0.0,3.1,-1.7,1.08
448916,2020,378,111.9,0.0,3.1,-1.7,1.08
448916,2017,378,111.9,0.0,3.1,-1.7,1.08
448916,2048,378,111.9,0.0,3.1,-1.7,1.08
448930,2008,378,111.9,0.0,3.1,-1.7,1.08
448930,2013,378,111.9,0.0,3.1,-1.7,1.08
448930,1995,378,111.9,0.0,3.1,-1.7,1.08
448949,2046,379,111.9,0.0,3.1,-1.7,1.08
448950,2048,379,111.9,0.0,3.1,-1.7,1.08
448950,2042,379,111.9,0.0,3.1,-1.7,1.08
448950,2064,379,111.9,0.0,3.1,-1.7,1.08
448963,1806,379,111.9,0.0,3.0,-1.7,1.08
448963,1818,379,111.9,0.0,3.0,-1.7,1.08
448964,1813,379,111.9,0.0,3.0,-1.7,1.08
448983,2045,379,111.9,0.0,3.0,-1.7,1.08
448983,2025,379,111.9,0.0,3.0,-1.7,1.08
448983,2023,379,111.9,0.0,3.0,-1.7,1.08
448983,2046,379,111.9,0.0,3.0,-1.7,1.08
448997,2067,379,111.9,0.0,3.0,-1.7,1.08
448998,2081,379,111.9,0.0,3.0,-1.7,1.08
448998,2072,379,111.9,0.0,3.0,-1.7,1.08
449015,2017,379,111.9,0.0,3.1,-1.7,1.08
449016,2019,379,111.9,0.0,3.1,-1.7,1.08
449016,2024,379,111.9,0.0,3.1,-1.7,1.08
449016,2003,379,111.9,0.0,3.1,-1.7,1.08
449030,2022,379,111.9,0.0,3.1,-1.7,1.08
449030,2037,379,111.9,0.0,3.1,-1.7,1.08
449030,2045,379,111.9,0.0,3.1,-1.7,1.08
449049,2007,379,111.9,0.0,3.1,-1.7,1.08
449050,1994,379,111.9,0.0,3.1,-1.7,1.08
449050,1994,379,111.9,0.0,3.1,-1.7,1.08
449050,1990,379,111.9,0.0,3.1,-1.7,1.08
449063,2048,380,111.9,0.0,3.1,-1.6,1.07
449063,2052,380,111.9,0.0,3.1,-1.6,1.07
449063,2038,380,111.9,0.0,3.1,-1.6,1.07
449083,2144,380,111.9,0.0,3.1,-1.6,1.07
449083,2146,380,111.9,0.0,3.1,-1.6,1.07
449086,2114,380,111.9,0.0,3.1,-1.6,1.07
449087,2105,380,111.9,0.0,3.1,-1.6,1.07
449100,2357,380,111.9,0.0,3.1,-1.6,1.07
449100,2397,380,111.9,0.0,3.1,-1.6,1.07
449100,2444,380,111.9,0.0,3.1,-1.6,1.07
449101,2467,380,111.9,0.0,3.1,-1.6,1.07
449118,1909,380,111.9,0.0,3.1,-1.6,1.07
449119,1927,380,111.9,0.0,3.1,-1.6,1.07
449119,1909,380,111.9,0.0,3.1,-1.6,1.07
449119,1900,380,111.9,0.0,3.1,-1.6,1.07
449132,2094,380,111.9,0.0,3.1,-1.6,1.07
449132,2081,380,111.9,0.0,3.1,-1.6,1.07
449132,2075,380,111.9,0.0,3.1,-1.6,1.07
449151,2007,381,111.9,0.0,3.1,-1.6,1.07
449152,1999,381,111.9,0.0,3.1,-1.6,1.07
449152,2041,381,111.9,0.0,3.1,-1.6,1.07
449152,2041,381,111.9,0.0,3.1,-1.6,1.07
449165,1920,381,111.9,0.0,3.1,-1.6,1.07
449165,1908,381,111.9,0.0,3.1,-1.6,1.07
449165,1897,381,111.9,0.0,3.1,-1.6,1.07
449185,2041,381,111.9,0.0,3.1,-1.6,1.07
449186,2053,381,111.9,0.0,3.1,-1.6,1.07
449188,2027,381,111.9,0.0,3.1,-1.6,1.07
449189,2018,381,111.9,0.0,3.1,-1.6,1.07
449202,2551,381,111.9,0.0,3.1,-1.6,1.07
449202,2577,381,111.9,0.0,3.1,-1.6,1.07
449202,2616,381,111.9,0.0,3.1,-1.6,1.07
449202,2633,381,111.9,0.0,3.1,-1.6,1.07
449220,1983,381,111.9,0.0,3.1,-1.7,1.08
449221,1982,381,111.9,0.0,3.1,-1.7,1.08
449221,1962,381,111.9,0.0,3.1,-1.7,1.08
449221,1974,381,111.9,0.0,3.1,-1.7,1.08
449234,2072,382,111.9,0.0,3.1,-1.7,1.08
449234,2072,382,111.9,0.0,3.1,-1.7,1.08
449235,2044,382,111.9,0.0,3.1,-1.7,1.08
449253,2047,382,111.9,0.0,3.1,-1.7,1.08
449254,2049,382,111.9,0.0,3.1,-1.7,1.08
449254,2056,382,111.9,0.0,3.1,-1.7,1.08
449254,2071,382,111.9,0.0,3.1,-1.7,1.08
449268,2111,382,111.9,0.0,3.1,-1.7,1.07
449268,2078,382,111.9,0.0,3.1,-1.7,1.07
449268,2096,382,111.9,0.0,3.1,-1.7,1.07
449286,1993,382,111.9,0.0,3.1,-1.7,1.07
449287,2013,382,111.9,0.0,3.1,-1.7,1.07
449287,1969,382,111.9,0.0,3.1,-1.7,1.07
449287,1977,382,111.9,0.0,3.1,-1.7,1.07
449301,2004,383,111.9,0.0,3.1,-1.7,1.07
449302,2023,383,111.9,0.0,3.1,-1.7,1.07
449302,2013,383,111.9,0.0,3.1,-1.7,1.07
449304,1972,383,111.9,0.0,3.1,-1.7,1.07
449322,2135,383,111.9,0.0,3.1,-1.6,1.08
449322,2135,383,111.9,0.0,3.1,-1.6,1.08
449322,2151,383,111.9,0.0,3.1,-1.6,1.08
449322,2168,383,111.9,0.0,3.1,-1.6,1.08
449336,1999,383,111.9,0.0,3.1,-1.6,1.08
449336,1971,383,111.9,0.0,3.1,-1.6,1.08
449337,1977,383,111.9,0.0,3.1,-1.6,1.08
449353,1988,383,111.9,0.0,3.1,-1.6,1.08
449354,1984,383,111.9,0.0,3.1,-1.6,1.08
449354,1971,383,111.9,0.0,3.1,-1.6,1.08
449354,1943,383,111.9,0.0,3.1,-1.6,1.08
449368,2105,384,111.9,0.0,3.2,-1.7,1.08
449368,2128,384,111.9,0.0,3.2,-1.7,1.08
449368,2134,384,111.9,0.0,3.2,-1.7,1.08
449387,1995,384,111.9,0.0,3.2,-1.7,1.08
449388,1972,384,111.9,0.0,3.2,-1.7,1.08
449390,1986,384,111.9,0.0,3.2,-1.7,1.08
449391,1993,384,111.9,0.0,3.2,-1.7,1.08
449404,2080,385,111.9,0.0,3.2,-1.7,1.08
449405,2093,385,111.9,0.0,3.2,-1.7,1.08
449406,2067,385,111.9,0.0,3.2,-1.7,1.08
449406,2050,385,111.9,0.0,3.2,-1.7,1.08
449424,1982,385,111.9,0.0,3.2,-1.7,1.08
449425,1953,385,111.9,0.0,3.2,-1.7,1.08
449425,1996,385,111.9,0.0,3.2,-1.7,1.08
449425,1981,385,111.9,0.0,3.2,-1.7,1.08
449439,2094,386,111.9,0.0,3.2,-1.7,1.08
449439,2122,386,111.9,0.0,3.2,-1.7,1.08
449439,2144,386,111.9,0.0,3.2,-1.7,1.08
449457,2021,386,111.9,0.0,3.2,-1.7,1.08
449458,2031,386,111.9,0.0,3.2,-1.7,1.08
449458,2025,386,111.9,0.0,3.2,-1.7,1.08
449458,2036,386,111.9,0.0,3.2,-1.7,1.08
449471,2057,386,111.9,0.0,3.2,-1.6,1.08
449471,2056,386,111.9,0.0,3.2,-1.6,1.08
449471,2037,386,111.9,0.0,3.2,-1.6,1.08
449491,2011,387,111.9,0.0,3.2,-1.6,1.08
449491,2018,387,111.9,0.0,3.2,-1.6,1.08
449493,2032,387,111.9,0.0,3.2,-1.6,1.08
449493,2043,387,111.9,0.0,3.2,-1.6,1.08
449508,1975,387,111.9,0.0,3.2,-1.6,1.08
449508,1961,387,111.9,0.0,3.2,-1.6,1.08
449508,1963,387,111.9,0.0,3.2,-1.6,1.08
449508,1988,387,111.9,0.0,3.2,-1.6,1.08
449526,1973,387,111.9,0.0,3.1,-1.6,1.07
449527,1942,387,111.9,0.0,3.1,-1.6,1.07
449527,1952,387,111.9,0.0,3.1,-1.6,1.07
449527,1958,387,111.9,0.0,3.1,-1.6,1.07
449540,1527,388,111.9,0.0,3.1,-1.6,1.07
449540,1409,388,111.9,0.0,3.1,-1.6,1.07
449541,1322,388,111.9,0.0,3.1,-1.6,1.07
449559,2616,388,111.9,0.0,3.1,-1.6,1.07
449560,2571,388,111.9,0.0,3.1,-1.6,1.07
449560,2630,388,111.9,0.0,3.1,-1.6,1.07
449560,2682,388,111.9,0.0,3.1,-1.6,1.07
449573,1853,388,111.9,0.0,3.1,-1.6,1.07
449573,1789,388,111.9,0.0,3.1,-1.6,1.07
449573,1749,388,111.9,0.0,3.1,-1.6,1.07
449592,2039,388,111.9,0.0,3.1,-1.6,1.07
449593,2082,388,111.9,0.0,3.1,-1.6,1.07
449593,2098,388,111.9,0.0,3.1,-1.6,1.07
449593,2044,388,111.9,0.0,3.1,-1.6,1.07
449607,1950,388,111.9,0.0,3.1,-1.6,1.07
449608,2001,388,111.9,0.0,3.1,-1.6,1.07
449608,2049,388,111.9,0.0,3.1,-1.6,1.07
449609,1992,388,111.9,0.0,3.1,-1.6,1.07
449629,1999,388,111.9,0.0,2.9,-1.5,1.08
449630,1994,388,111.9,0.0,2.9,-1.5,1.08
449631,1984,388,111.9,0.0,2.9,-1.5,1.08
449631,2050,388,111.9,0.0,2.9,-1.5,1.08
449645,2290,388,111.9,0.0,2.9,-1.5,1.08
449645,2230,388,111.9,0.0,2.9,-1.5,1.08
449645,2208,388,111.9,0.0,2.9,-1.5,1.08
449645,2220,388,111.9,0.0,2.9,-1.5,1.08
449661,2193,388,111.9,0.0,2.9,-1.5,1.08
449662,2217,388,111.9,0.0,2.9,-1.5,1.08
449662,2168,388,111.9,0.0,2.9,-1.5,1.08
449662,2151,388,111.9,0.0,2.9,-1.5,1.08
449675,1985,388,111.9,0.0,2.9,-1.5,1.08
449676,2015,388,111.9,0.0,2.9,-1.5,1.08
449676,2010,388,111.9,0.0,2.9,-1.5,1.08
449695,2025,388,111.9,0.0,2.9,-1.5,1.08
449697,1979,388,111.9,0.0,2.9,-1.5,1.08
449697,2026,388,111.9,0.0,2.9,-1.5,1.08
449697,2069,388,111.9,0.0,2.9,-1.5,1.08
449710,2044,388,111.9,0.0,2.9,-1.5,1.08
449711,1995,388,111.9,0.0,2.9,-1.5,1.08
449711,1968,388,111.9,0.0,2.9,-1.5,1.08
449729,2151,388,111.9,0.0,3.0,-1.6,1.08
449730,2159,388,111.9,0.0,3.0,-1.6,1.08
449730,2130,388,111.9,0.0,3.0,-1.6,1.08
449730,2102,388,111.9,0.0,3.0,-1.6,1.08
449743,1975,388,111.9,0.0,3.0,-1.6,1.08
449744,2047,388,111.9,0.0,3.0,-1.6,1.08
449745,2077,388,111.9,0.0,3.0,-1.6,1.08
449763,2228,388,111.9,0.0,3.0,-1.6,1.08
449764,2203,388,111.9,0.0,3.0,-1.6,1.08
449764,2188,388,111.9,0.0,3.0,-1.6,1.08
449764,2210,388,111.9,0.0,3.0,-1.6,1.08
449778,1979,388,111.9,0.0,3.0,-1.7,1.07
449778,2006,388,111.9,0.0,3.0,-1.7,1.07
449778,1987,388,111.9,0.0,3.0,-1.7,1.07
449796,2017,387,111.9,0.0,3.0,-1.7,1.07
449797,2039,387,111.9,0.0,3.0,-1.7,1.07
449797,2081,387,111.9,0.0,3.0,-1.7,1.07
449797,2066,387,111.9,0.0,3.0,-1.7,1.07
449810,2026,387,111.9,0.0,3.0,-1.7,1.07
449810,2005,387,111.9,0.0,3.0,-1.7,1.07
449810,2024,387,111.9,0.0,3.0,-1.7,1.07
449830,2009,387,111.9,0.0,3.1,-1.8,1.07
449830,2010,387,111.9,0.0,3.1,-1.8,1.07
449830,1978,387,111.9,0.0,3.1,-1.8,1.07
449832,1977,387,111.9,0.0,3.1,-1.8,1.07
449846,2104,387,111.9,0.0,3.1,-1.8,1.07
449846,2136,387,111.9,0.0,3.1,-1.8,1.07
449847,2128,387,111.9,0.0,3.1,-1.8,1.07
449847,2102,387,111.9,0.0,3.1,-1.8,1.07
449864,1920,387,111.9,0.0,3.1,-1.8,1.07
449864,1929,387,111.9,0.0,3.1,-1.8,1.07
449865,1954,387,111.9,0.0,3.1,-1.8,1.07
449865,1946,387,111.9,0.0,3.1,-1.8,1.07
449877,2039,387,111.9,0.0,3.2,-1.8,1.08
449878,2039,387,111.9,0.0,3.2,-1.8,1.08
449878,2067,387,111.9,0.0,3.2,-1.8,1.08
449896,2021,387,111.9,0.0,3.2,-1.8,1.08
449897,2010,387,111.9,0.0,3.2,-1.8,1.08
449897,1985,387,111.9,0.0,3.2,-1.8,1.08
449897,1969,387,111.9,0.0,3.2,-1.8,1.08
449910,2031,387,111.9,0.0,3.2,-1.8,1.08
449910,2042,387,111.9,0.0,3.2,-1.8,1.08
449910,2034,387,111.9,0.0,3.2,-1.8,1.08
449930,1971,387,111.9,0.0,3.2,-1.7,1.08
449933,2000,387,111.9,0.0,3.2,-1.7,1.08
449933,2026,387,111.9,0.0,3.2,-1.7,1.08
449934,2043,387,111.9,0.0,3.2,-1.7,1.08
449947,2029,386,111.9,0.0,3.2,-1.7,1.08
449947,1968,386,111.9,0.0,3.2,-1.7,1.08
449948,1956,386,111.9,0.0,3.2,-1.7,1.08
449948,1974,386,111.9,0.0,3.2,-1.7,1.08
449971,1994,386,111.9,0.0,3.2,-1.7,1.08
449974,2025,386,111.9,0.0,3.2,-1.7,1.08
449974,2027,386,111.9,0.0,3.2,-1.7,1.08
449974,2007,386,111.9,0.0,3.2,-1.7,1.08
449987,1921,386,111.9,0.0,3.1,-1.7,1.08
449987,1947,386,111.9,0.0,3.1,-1.7,1.08
449987,1940,386,111.9,0.0,3.1,-1.7,1.08
449987,1907,386,111.9,0.0,3.1,-1.7,1.08
450004,2156,386,111.9,0.0,3.1,-1.7,1.08
450004,2149,386,111.9,0.0,3.1,-1.7,1.08
450005,2160,386,111.9,0.0,3.1,-1.7,1.08
450005,2178,386,111.9,0.0,3.1,-1.7,1.08
450017,1997,386,111.9,0.0,3.1,-1.7,1.08
450018,1961,386,111.9,0.0,3.1,-1.7,1.08
450018,1965,386,111.9,0.0,3.1,-1.7,1.08
450036,2002,386,111.9,0.0,3.1,-1.7,1.08
450037,2013,386,111.9,0.0,3.1,-1.7,1.08
450037,1998,386,111.9,0.0,3.1,-1.7,1.08
450037,1997,386,111.9,0.0,3.1,-1.7,1.08
450050,2062,386,111.9,0.0,3.1,-1.7,1.08
450050,2071,386,111.9,0.0,3.1,-1.7,1.08
450051,2072,386,111.9,0.0,3.1,-1.7,1.08
450076,2049,386,111.9,0.0,3.1,-1.7,1.08
450077,2028,386,111.9,0.0,3.1,-1.7,1.08
450078,2028,386,111.9,0.0,3.1,-1.7,1.08
450078,2052,386,111.9,0.0,3.1,-1.7,1.08
450090,2024,385,111.9,0.0,3.2,-1.7,1.08
450091,2007,385,111.9,0.0,3.2,-1.7,1.08
450091,1999,385,111.9,0.0,3.2,-1.7,1.08
450108,2028,385,111.9,0.0,3.2,-1.7,1.08
450108,2031,385,111.9,0.0,3.2,-1.7,1.08
450108,2042,385,111.9,0.0,3.2,-1.7,1.08
450108,2040,385,111.9,0.0,3.2,-1.7,1.08
450121,2151,385,111.9,0.0,3.2,-1.7,1.08
450121,2165,385,111.9,0.0,3.2,-1.7,1.08
450122,2131,385,111.9,0.0,3.2,-1.7,1.08
450140,2081,385,111.9,0.0,3.3,-1.7,1.09
450141,2069,385,111.9,0.0,3.3,-1.7,1.09
450141,2053,385,111.9,0.0,3.3,-1.7,1.09
450141,2047,385,111.9,0.0,3.3,-1.7,1.09
450155,2017,385,111.9,0.0,3.3,-1.7,1.09
450155,2033,385,111.9,0.0,3.3,-1.7,1.09
450155,2027,385,111.9,0.0,3.3,-1.7,1.09
450179,1930,385,111.9,0.0,3.3,-1.7,1.09
450182,1818,385,111.9,0.0,3.3,-1.7,1.09
450182,1818,385,111.9,0.0,3.3,-1.7,1.09
450182,1803,385,111.9,0.0,3.3,-1.7,1.09
450195,2081,385,111.9,0.0,3.2,-1.7,1.07
450195,2117,385,111.9,0.0,3.2,-1.7,1.07
450195,2091,385,111.9,0.0,3.2,-1.7,1.07
450196,2120,385,111.9,0.0,3.2,-1.7,1.07
450211,2048,385,111.9,0.0,3.2,-1.7,1.07
450212,1994,385,111.9,0.0,3.2,-1.7,1.07
450212,2004,385,111.9,0.0,3.2,-1.7,1.07
450212,2010,385,111.9,0.0,3.2,-1.7,1.07
450225,1964,384,111.9,0.0,3.2,-1.7,1.07
450226,1982,384,111.9,0.0,3.2,-1.7,1.07
450226,1956,384,111.9,0.0,3.2,-1.7,1.07
450245,2157,384,111.9,0.0,3.1,-1.7,1.07
450247,2142,384,111.9,0.0,3.1,-1.7,1.07
450247,2141,384,111.9,0.0,3.1,-1.7,1.07
450248,2150,384,111.9,0.0,3.1,-1.7,1.07
450261,1979,384,111.9,0.0,3.1,-1.7,1.07
450261,1936,384,111.9,0.0,3.1,-1.7,1.07
450261,1926,384,111.9,0.0,3.1,-1.7,1.07
450261,1917,384,111.9,0.0,3.1,-1.7,1.07
450279,2129,384,111.9,0.0,3.1,-1.7,1.07
450279,2145,384,111.9,0.0,3.1,-1.7,1.07
450279,2161,384,111.9,0.0,3.1,-1.7,1.07
450279,2191,384,111.9,0.0,3.1,-1.7,1.07
450293,2002,384,111.9,0.0,3.1,-1.7,1.08
450293,1988,384,111.9,0.0,3.1,-1.7,1.08
450294,1974,384,111.9,0.0,3.1,-1.7,1.08
450310,2000,384,111.9,0.0,3.1,-1.7,1.08
450311,2048,384,111.9,0.0,3.1,-1.7,1.08
450311,2064,384,111.9,0.0,3.1,-1.7,1.08
450311,2074,384,111.9,0.0,3.1,-1.7,1.08
450325,2046,383,111.9,0.0,3.1,-1.7,1.08
450325,2021,383,111.9,0.0,3.1,-1.7,1.08
450325,2036,383,111.9,0.0,3.1,-1.7,1.08
450344,1733,383,111.9,0.0,3.1,-1.7,1.08
450345,1728,383,111.9,0.0,3.1,-1.7,1.08
450345,1708,383,111.9,0.0,3.1,-1.7,1.08
450345,1687,383,111.9,0.0,3.1,-1.7,1.08
450358,2117,383,111.9,0.0,3.1,-1.7,1.08
450358,2151,383,111.9,0.0,3.1,-1.7,1.08
450358,2184,383,53.5,0.0,3.1,-1.7,1.08
450378,1943,383,53.5,0.0,3.1,-1.7,1.08
450380,1934,383,53.5,0.0,3.1,-1.7,1.08
450380,1866,383,53.5,0.0,3.1,-1.7,1.08
450380,1866,383,53.5,0.0,3.1,-1.7,1.08
450394,2084,382,53.5,0.0,3.1,-1.7,1.08
450395,2076,382,53.5,0.0,3.1,-1.7,1.08
450395,2099,382,53.5,0.0,3.1,-1.7,1.08
450396,2106,382,53.5,0.0,3.1,-1.7,1.08
450414,1990,382,53.5,0.0,3.0,-1.7,1.08
450415,2009,382,53.5,0.0,3.0,-1.7,1.08
450415,1995,382,53.5,0.0,3.0,-1.7,1.08
450415,1970,382,53.5,0.0,3.0,-1.7,1.08
450428,2089,382,53.5,0.0,3.0,-1.7,1.08
450428,2114,382,53.5,0.0,3.0,-1.7,1.08
450428,2119,382,53.5,0.0,3.0,-1.7,1.08
450447,2069,381,53.5,0.0,3.0,-1.7,1.08
450448,2071,381,53.5,0.0,3.0,-1.7,1.08
450448,2047,381,53.5,0.0,3.0,-1.7,1.08
450448,2082,381,53.5,0.0,3.0,-1.7,1.08
450461,1396,381,53.5,0.0,3.1,-1.7,1.07
450461,1146,381,53.5,0.0,3.1,-1.7,1.07
450462,999,381,53.5,0.0,3.1,-1.7,1.07
450481,3042,381,53.5,0.0,3.1,-1.7,1.07
450481,2993,381,53.5,0.0,3.1,-1.7,1.07
450484,2750,380,53.5,0.0,3.1,-1.7,1.07
450485,2752,380,53.5,0.0,3.1,-1.7,1.07
450498,1740,380,53.5,0.0,3.1,-1.7,1.07
450498,1648,380,53.5,0.0,3.1,-1.7,1.07
450498,1621,380,53.5,0.0,3.1,-1.7,1.07
450498,1730,380,53.5,0.0,3.1,-1.7,1.07
450516,2154,380,53.5,0.0,3.1,-1.7,1.08
450517,2105,380,53.5,0.0,3.1,-1.7,1.08
450517,2042,380,53.5,0.0,3.1,-1.7,1.08
450517,1984,380,53.5,0.0,3.1,-1.7,1.08
450530,2125,380,53.5,0.0,3.1,-1.7,1.08
450530,2168,380,53.5,0.0,3.1,-1.7,1.08
450530,2136,380,53.5,0.0,3.1,-1.7,1.08
450549,2080,379,53.5,0.0,3.1,-1.7,1.08
450550,2037,379,53.5,0.0,3.1,-1.7,1.08
450550,2108,379,53.5,0.0,3.1,-1.7,1.08
450550,2131,379,53.5,0.0,3.1,-1.7,1.08
450564,2225,379,53.5,0.0,3.2,-1.8,1.07
450564,2152,379,53.5,0.0,3.2,-1.8,1.07
450564,2134,379,53.5,0.0,3.2,-1.8,1.07
450583,2256,378,53.5,0.0,3.2,-1.8,1.07
450584,2317,378,53.5,0.0,3.2,-1.8,1.07
450584,2302,378,53.5,0.0,3.2,-1.8,1.07
450584,2238,378,53.5,0.0,3.2,-1.8,1.07
450597,1923,378,53.5,0.0,3.2,-1.8,1.07
450597,1968,378,53.5,0.0,3.2,-1.8,1.07
450597,2009,378,53.5,0.0,3.2,-1.8,1.07
450617,2062,378,53.5,0.0,3.3,-1.7,1.08
450618,2027,378,53.5,0.0,3.3,-1.7,1.08
450621,2044,377,53.5,0.0,3.3,-1.7,1.08
450621,2109,377,53.5,0.0,3.3,-1.7,1.08
450621,2154,377,53.5,0.0,3.3,-1.7,1.08
450634,2040,377,53.5,0.0,3.3,-1.7,1.08
450634,1974,377,53.5,0.0,3.3,-1.7,1.08
450634,1978,377,53.5,0.0,3.3,-1.7,1.08
450650,2123,377,53.5,0.0,3.3,-1.7,1.08
450651,2137,377,53.5,0.0,3.3,-1.7,1.08
450651,2098,377,53.5,0.0,3.3,-1.7,1.08
450651,2065,377,53.5,0.0,3.3,-1.7,1.08
450664,2015,377,53.5,0.0,3.1,-1.6,1.07
450665,2061,377,53.5,0.0,3.1,-1.6,1.07
450665,2087,377,53.5,0.0,3.1,-1.6,1.07
450682,2181,376,53.5,0.0,3.1,-1.6,1.07
450683,2153,376,53.5,0.0,3.1,-1.6,1.07
450683,2146,376,53.5,0.0,3.1,-1.6,1.07
450683,2183,376,53.5,0.0,3.1,-1.6,1.07
450696,2022,376,53.5,0.0,3.1,-1.6,1.07
450696,2000,376,53.5,0.0,3.1,-1.6,1.07
450697,1949,376,53.5,0.0,3.1,-1.6,1.07
450723,2136,376,53.5,0.0,3.0,-1.6,1.07
450725,2149,376,53.5,0.0,3.0,-1.6,1.07
450725,2176,376,53.5,0.0,3.0,-1.6,1.07
450725,2163,376,53.5,0.0,3.0,-1.6,1.07
450738,1973,376,53.5,0.0,3.0,-1.6,1.07
450738,1973,376,53.5,0.0,3.0,-1.6,1.07
450739,1972,376,53.5,0.0,3.0,-1.6,1.07
450739,2016,376,53.5,0.0,3.0,-1.6,1.07
450756,2056,376,53.5,0.0,3.0,-1.6,1.07
450756,2021,376,53.5,0.0,3.0,-1.6,1.07
450756,2012,376,53.5,0.0,3.0,-1.6,1.07
450756,2044,376,53.5,0.0,3.0,-1.6,1.07
450769,2182,376,53.5,0.0,3.0,-1.7,1.07
450770,2171,376,53.5,0.0,3.0,-1.7,1.07
450770,2133,376,53.5,0.0,3.0,-1.7,1.07
450788,2269,376,53.5,0.0,3.0,-1.7,1.07
450789,2268,376,53.5,0.0,3.0,-1.7,1.07
450789,2283,376,53.5,0.0,3.0,-1.7,1.07
450789,2258,376,53.5,0.0,3.0,-1.7,1.07
450803,2025,376,53.5,0.0,3.0,-1.7,1.07
450803,2018,376,53.5,0.0,3.0,-1.7,1.07
450803,2041,376,53.5,0.0,3.0,-1.7,1.07
450823,2131,376,53.5,0.0,3.1,-1.8,1.07
450823,2105,376,53.5,0.0,3.1,-1.8,1.07
450824,2077,376,53.5,0.0,3.1,-1.8,1.07
450825,2070,376,53.5,0.0,3.1,-1.8,1.07
450838,2027,376,53.5,0.0,3.1,-1.8,1.07
450838,2033,376,53.5,0.0,3.1,-1.8,1.07
450839,2006,376,53.5,0.0,3.1,-1.8,1.07
450839,1991,376,53.5,0.0,3.1,-1.8,1.07
450855,2033,376,53.5,0.0,3.1,-1.8,1.07
450856,2035,376,53.5,0.0,3.1,-1.8,1.07
450856,2043,376,53.5,0.0,3.1,-1.8,1.07
450856,2037,376,53.5,0.0,3.1,-1.8,1.07
450869,1989,376,53.5,0.0,3.1,-1.8,1.07
450869,1987,376,53.5,0.0,3.1,-1.8,1.07
450869,1993,376,53.5,0.0,3.1,-1.8,1.07
450888,2048,376,53.5,0.0,3.1,-1.8,1.07
450889,2045,376,53.5,0.0,3.1,-1.8,1.07
450889,2038,376,53.5,0.0,3.1,-1.8,1.07
450889,2030,376,53.5,0.0,3.1,-1.8,1.07
450903,2094,376,53.5,0.0,3.1,-1.8,1.07
450903,2107,376,53.5,0.0,3.1,-1.8,1.07
450903,2106,376,53.5,0.0,3.1,-1.8,1.07
450922,2131,376,53.5,0.0,3.1,-1.8,1.07
450922,2148,376,53.5,0.0,3.1,-1.8,1.07
450922,2160,376,53.5,0.0,3.1,-1.8,1.07
450922,2152,376,53.5,0.0,3.1,-1.8,1.07
450935,1978,377,53.5,0.0,3.1,-1.7,1.07
450936,1982,377,53.5,0.0,3.1,-1.7,1.07
450937,1988,377,53.5,0.0,3.1,-1.7,1.07
450961,2135,377,53.5,0.0,3.1,-1.7,1.07
450963,2174,377,53.5,0.0,3.1,-1.7,1.07
450963,2189,377,53.5,0.0,3.1,-1.7,1.07
450963,2193,377,53.5,0.0,3.1,-1.7,1.07
450976,1949,377,53.5,0.0,3.0,-1.7,1.08
450977,1958,377,53.5,0.0,3.0,-1.7,1.08
450977,1955,377,53.5,0.0,3.0,-1.7,1.08
450977,1953,377,53.5,0.0,3.0,-1.7,1.08
450994,2006,377,53.5,0.0,3.0,-1.7,1.08
450994,2016,377,53.5,0.0,3.0,-1.7,1.08
450994,2012,377,53.5,0.0,3.0,-1.7,1.08
450994,2001,377,53.5,0.0,3.0,-1.7,1.08
451007,2188,377,53.5,0.0,3.0,-1.7,1.08
451007,2160,377,53.5,0.0,3.0,-1.7,1.08
451008,2173,377,53.5,0.0,3.0,-1.7,1.08
451026,2090,377,53.5,0.0,3.0,-1.7,1.08
451027,2102,377,53.5,0.0,3.0,-1.7,1.08
451027,2105,377,53.5,0.0,3.0,-1.7,1.08
451027,2102,377,53.5,0.0,3.0,-1.7,1.08
451041,2082,377,53.5,0.0,2.9,-1.6,1.07
451041,2132,377,53.5,0.0,2.9,-1.6,1.07
451042,2150,377,53.5,0.0,2.9,-1.6,1.07
451042,2132,377,53.5,0.0,2.9,-1.6,1.07
451058,1982,377,53.5,0.0,2.9,-1.6,1.07
451059,1987,377,53.5,0.0,2.9,-1.6,1.07
451059,1987,377,53.5,0.0,2.9,-1.6,1.07
451059,1969,377,53.5,0.0,2.9,-1.6,1.07
451073,2029,378,53.5,0.0,2.9,-1.6,1.07
451074,2029,378,53.5,0.0,2.9,-1.6,1.07
451074,2031,378,53.5,0.0,2.9,-1.6,1.07
451074,2037,378,53.5,0.0,2.9,-1.6,1.07
451093,2019,378,53.5,0.0,3.0,-1.7,1.07
451093,2021,378,53.5,0.0,3.0,-1.7,1.07
451093,2016,378,53.5,0.0,3.0,-1.7,1.07
451093,1985,378,53.5,0.0,3.0,-1.7,1.07
451106,2193,378,53.5,0.0,3.0,-1.7,1.07
451106,2156,378,53.5,0.0,3.0,-1.7,1.07
451107,2166,378,53.5,0.0,3.0,-1.7,1.07
451125,2036,378,53.5,0.0,3.0,-1.7,1.07
451126,2048,378,53.5,0.0,3.0,-1.7,1.07
451126,2037,378,53.5,0.0,3.0,-1.7,1.07
451126,2029,378,53.5,0.0,3.0,-1.7,1.07
451140,2027,378,53.5,0.0,3.1,-1.8,1.06
451140,2065,378,53.5,0.0,3.1,-1.8,1.06
451140,2084,378,53.5,0.0,3.1,-1.8,1.06
451158,2022,378,53.5,0.0,3.1,-1.8,1.06
451158,2027,378,53.5,0.0,3.1,-1.8,1.06
451158,2025,378,53.5,0.0,3.1,-1.8,1.06
451159,2037,378,53.5,0.0,3.1,-1.8,1.06
451173,2022,378,53.5,0.0,3.1,-1.8,1.06
451173,2009,378,53.5,0.0,3.1,-1.8,1.06
451175,1993,378,53.5,0.0,3.1,-1.8,1.06
451176,2009,378,53.5,0.0,3.1,-1.8,1.06
451194,2016,379,53.5,0.0,3.2,-1.7,1.08
451195,1988,379,53.5,0.0,3.2,-1.7,1.08
451195,1993,379,53.5,0.0,3.2,-1.7,1.08
451195,1980,379,53.5,0.0,3.2,-1.7,1.08
451208,2178,379,53.5,0.0,3.2,-1.7,1.08
451208,2185,379,53.5,0.0,3.2,-1.7,1.08
451208,2199,379,53.5,0.0,3.2,-1.7,1.08
451226,2262,379,53.5,0.0,3.2,-1.7,1.08
451227,2238,379,53.5,0.0,3.2,-1.7,1.08
451227,2234,379,53.5,0.0,3.2,-1.7,1.08
451227,2236,379,53.5,0.0,3.2,-1.7,1.08
451240,2012,379,53.5,0.0,3.2,-1.7,1.07
451241,2072,379,53.5,0.0,3.2,-1.7,1.07
451241,2057,379,53.5,0.0,3.2,-1.7,1.07
451259,1969,379,53.5,0.0,3.2,-1.7,1.07
451260,1998,379,53.5,0.0,3.2,-1.7,1.07
451260,1990,379,53.5,0.0,3.2,-1.7,1.07
451260,2025,379,53.5,0.0,3.2,-1.7,1.07
451273,2040,379,53.5,0.0,3.2,-1.7,1.07
451273,2025,379,53.5,0.0,3.2,-1.7,1.07
451273,2033,379,53.5,0.0,3.2,-1.7,1.07
451297,2044,380,53.5,0.0,3.1,-1.7,1.07
451300,2044,380,53.5,0.0,3.1,-1.7,1.07
451300,2056,380,53.5,0.0,3.1,-1.7,1.07
451300,2080,380,53.5,0.0,3.1,-1.7,1.07
451313,2012,380,53.5,0.0,3.1,-1.7,1.07
451313,2026,380,53.5,0.0,3.1,-1.7,1.07
451314,2025,380,53.5,0.0,3.1,-1.7,1.07
451314,2000,380,53.5,0.0,3.1,-1.7,1.07
451330,2018,380,53.5,0.0,3.1,-1.7,1.07
451331,2030,380,53.5,0.0,3.1,-1.7,1.07
451331,2032,380,53.5,0.0,3.1,-1.7,1.07
451331,2037,380,53.5,0.0,3.1,-1.7,1.07
451344,2028,380,53.5,0.0,3.1,-1.7,1.07
451344,2019,380,53.5,0.0,3.1,-1.7,1.07
451344,2015,380,53.5,0.0,3.1,-1.7,1.07
451363,2204,380,53.5,0.0,3.1,-1.7,1.07
451364,2201,380,53.5,0.0,3.1,-1.7,1.07
451364,2200,380,53.5,0.0,3.1,-1.7,1.07
451364,2197,380,53.5,0.0,3.1,-1.7,1.07
451377,1988,381,53.5,0.0,3.1,-1.7,1.07
451377,2009,381,53.5,0.0,3.1,-1.7,1.07
451377,1979,381,53.5,0.0,3.1,-1.7,1.07
451398,2005,381,53.5,0.0,3.1,-1.7,1.08
451400,2018,381,53.5,0.0,3.1,-1.7,1.08
451401,2025,381,53.5,0.0,3.1,-1.7,1.08
451401,2041,381,53.5,0.0,3.1,-1.7,1.08
451414,2009,381,53.5,0.0,3.1,-1.7,1.08
451415,2049,381,53.5,0.0,3.1,-1.7,1.08
451415,2042,381,53.5,0.0,3.1,-1.7,1.08
451415,2035,381,53.5,0.0,3.1,-1.7,1.08
451432,2036,381,53.5,0.0,3.1,-1.7,1.08
451432,2010,381,53.5,0.0,3.1,-1.7,1.08
451432,1971,381,53.5,0.0,3.1,-1.7,1.08
451432,2006,381,53.5,0.0,3.1,-1.7,1.08
451445,2124,382,53.5,0.0,3.1,-1.7,1.08
451445,2128,382,53.5,0.0,3.1,-1.7,1.08
451446,2129,382,53.5,0.0,3.1,-1.7,1.08
451464,1965,382,53.5,0.0,3.1,-1.7,1.08
451465,1974,382,53.5,0.0,3.1,-1.7,1.08
451465,1957,382,53.5,0.0,3.1,-1.7,1.08
451465,1993,382,53.5,0.0,3.1,-1.7,1.08
451479,2038,382,53.5,0.0,3.1,-1.7,1.08
451479,2043,382,53.5,0.0,3.1,-1.7,1.08
451479,2033,382,53.5,0.0,3.1,-1.7,1.08
451498,1976,382,53.5,0.0,3.1,-1.8,1.08
451500,1970,382,53.5,0.0,3.1,-1.8,1.08
451500,2032,382,53.5,0.0,3.1,-1.8,1.08
451501,2021,382,53.5,0.0,3.1,-1.8,1.08
451513,2043,383,53.5,0.0,3.1,-1.8,1.08
451514,2053,383,53.5,0.0,3.1,-1.8,1.08
451514,2040,383,53.5,0.0,3.1,-1.8,1.08
451514,2045,383,53.5,0.0,3.1,-1.8,1.08
451533,2023,383,53.5,0.0,3.1,-1.8,1.08
451533,2034,383,53.5,0.0,3.1,-1.8,1.08
451533,2040,383,53.5,0.0,3.1,-1.8,1.08
451533,2045,383,53.5,0.0,3.1,-1.8,1.08
451546,2098,383,53.5,0.0,3.1,-1.6,1.08
451546,2101,383,53.5,0.0,3.1,-1.6,1.08
451547,2075,383,53.5,0.0,3.1,-1.6,1.08
451566,2102,383,53.5,0.0,3.1,-1.6,1.08
451566,2084,383,53.5,0.0,3.1,-1.6,1.08
451566,2088,383,53.5,0.0,3.1,-1.6,1.08
451567,2077,383,53.5,0.0,3.1,-1.6,1.08
451580,2023,384,53.5,0.0,3.1,-1.6,1.08
451580,2043,384,53.5,0.0,3.1,-1.6,1.08
451581,2065,384,53.5,0.0,3.1,-1.6,1.08
451598,1996,384,53.5,0.0,3.1,-1.6,1.08
451599,1976,384,53.5,0.0,3.1,-1.6,1.08
451599,1999,384,53.5,0.0,3.1,-1.6,1.08
451599,2017,384,53.5,0.0,3.1,-1.6,1.08
451612,2023,384,53.5,0.0,3.1,-1.6,1.08
451612,2011,384,53.5,0.0,3.1,-1.6,1.08
451612,2021,384,53.5,0.0,3.1,-1.6,1.08
451631,1919,385,53.5,0.0,3.1,-1.6,1.08
451632,1937,385,53.5,0.0,3.1,-1.6,1.08
451632,1937,385,53.5,0.0,3.1,-1.6,1.08
451632,1927,385,53.5,0.0,3.1,-1.6,1.08
451645,2161,385,53.5,0.0,3.1,-1.6,1.08
451645,2160,385,53.5,0.0,3.1,-1.6,1.08
451645,2170,385,53.5,0.0,3.1,-1.6,1.08
451665,2200,386,53.5,0.0,3.1,-1.7,1.08
451665,2196,386,53.5,0.0,3.1,-1.7,1.08
451665,2184,386,53.5,0.0,3.1,-1.7,1.08
451665,2189,386,53.5,0.0,3.1,-1.7,1.08
451679,1983,386,53.5,0.0,3.1,-1.7,1.08
451680,1993,386,53.5,0.0,3.1,-1.7,1.08
451680,2002,386,53.5,0.0,3.1,-1.7,1.08
451680,1971,386,53.5,0.0,3.1,-1.7,1.08
451701,2100,386,53.5,0.0,3.1,-1.7,1.08
451703,2146,386,53.5,0.0,3.1,-1.7,1.08
451703,2139,386,53.5,0.0,3.1,-1.7,1.08
451703,2135,386,53.5,0.0,3.1,-1.7,1.08
451716,2003,387,53.5,0.0,3.2,-1.8,1.08
451716,1997,387,53.5,0.0,3.2,-1.8,1.08
451716,2011,387,53.5,0.0,3.2,-1.8,1.08
451734,2043,387,53.5,0.0,3.2,-1.8,1.08
451735,2030,387,53.5,0.0,3.2,-1.8,1.08
451735,2021,387,53.5,0.0,3.2,-1.8,1.08
451735,2024,387,53.5,0.0,3.2,-1.8,1.08
451749,2082,387,53.5,0.0,3.2,-1.8,1.08
451749,2013,387,53.5,0.0,3.2,-1.8,1.08
451749,2041,387,53.5,0.0,3.2,-1.8,1.08
451768,2089,388,53.5,0.0,3.2,-1.8,1.07
451769,2088,388,53.5,0.0,3.2,-1.8,1.07
451769,2100,388,53.5,0.0,3.2,-1.8,1.07
451769,2105,388,53.5,0.0,3.2,-1.8,1.07
451782,2080,388,53.5,0.0,3.2,-1.8,1.07
451782,2051,388,53.5,0.0,3.2,-1.8,1.07
451783,2055,388,53.5,0.0,3.2,-1.8,1.07
451807,2020,388,53.5,0.0,3.2,-1.8,1.07
451809,2010,388,53.5,0.0,3.2,-1.8,1.07
451810,2001,388,53.5,0.0,3.2,-1.8,1.07
451810,2006,388,53.5,0.0,3.2,-1.8,1.07
451822,2075,388,53.5,0.0,3.1,-1.7,1.08
451823,2082,388,53.5,0.0,3.1,-1.7,1.08
451823,2086,388,53.5,0.0,3.1,-1.7,1.08
451823,2054,388,53.5,0.0,3.1,-1.7,1.08
451840,2021,388,53.5,0.0,3.1,-1.7,1.08
451840,2014,388,53.5,0.0,3.1,-1.7,1.08
451840,1978,388,53.5,0.0,3.1,-1.7,1.08
451840,2027,388,53.5,0.0,3.1,-1.7,1.08
451853,2007,388,53.5,0.0,3.1,-1.7,1.08
451853,2014,388,53.5,0.0,3.1,-1.7,1.08
451854,1997,388,53.5,0.0,3.1,-1.7,1.08
451872,2044,388,53.5,0.0,3.1,-1.7,1.08
451873,2041,388,53.5,0.0,3.1,-1.7,1.08
451873,2047,388,53.5,0.0,3.1,-1.7,1.08
451873,2009,388,53.5,0.0,3.1,-1.7,1.08
451886,2032,388,53.5,0.0,3.1,-1.7,1.08
451886,2026,388,53.5,0.0,3.1,-1.7,1.08
451886,2035,388,53.5,0.0,3.1,-1.7,1.08
451906,2172,388,53.5,0.0,3.1,-1.7,1.08
451906,2184,388,53.5,0.0,3.1,-1.7,1.08
451906,2182,388,53.5,0.0,3.1,-1.7,1.08
451906,2196,388,53.5,0.0,3.1,-1.7,1.08
451920,2004,388,53.5,0.0,3.0,-1.6,1.08
451921,2010,388,53.5,0.0,3.0,-1.6,1.08
451921,2035,388,53.5,0.0,3.0,-1.6,1.08
451921,2044,388,53.5,0.0,3.0,-1.6,1.08
451939,1986,388,53.5,0.0,3.0,-1.6,1.08
451940,1994,388,53.5,0.0,3.0,-1.6,1.08
451940,1986,388,53.5,0.0,3.0,-1.6,1.08
451940,1973,388,53.5,0.0,3.0,-1.6,1.08
451953,2105,388,53.5,0.0,3.0,-1.6,1.08
451953,2099,388,53.5,0.0,3.0,-1.6,1.08
451953,2105,388,53.5,0.0,3.0,-1.6,1.08
451972,2051,388,53.5,0.0,3.0,-1.6,1.08
451973,2047,388,53.5,0.0,3.0,-1.6,1.08
451973,2046,388,53.5,0.0,3.0,-1.6,1.08
451973,2051,388,53.5,0.0,3.0,-1.6,1.08
451986,2171,388,53.5,0.0,3.1,-1.6,1.08
451986,2167,388,53.5,0.0,3.1,-1.6,1.08
451986,2159,388,53.5,0.0,3.1,-1.6,1.08
452006,2016,388,53.5,0.0,3.1,-1.6,1.08
452006,2019,388,53.5,0.0,3.1,-1.6,1.08
452006,2026,388,53.5,0.0,3.1,-1.6,1.08
452006,2005,388,53.5,0.0,3.1,-1.6,1.08
452020,2025,387,53.5,0.0,3.1,-1.6,1.08
452020,2043,387,53.5,0.0,3.1,-1.6,1.08
452021,2060,387,53.5,0.0,3.1,-1.6,1.08
452021,2059,387,53.5,0.0,3.1,-1.6,1.08
452042,2091,387,53.5,0.0,3.2,-1.7,1.07
452043,2039,387,53.5,0.0,3.2,-1.7,1.07
452044,2041,387,53.5,0.0,3.2,-1.7,1.07
452044,2039,387,53.5,0.0,3.2,-1.7,1.07
452057,2038,387,53.5,0.0,3.2,-1.7,1.07
452058,2030,387,53.5,0.0,3.2,-1.7,1.07
452058,2027,387,53.5,0.0,3.2,-1.7,1.07
452058,2041,387,53.5,0.0,3.2,-1.7,1.07
452074,2040,387,53.5,0.0,3.2,-1.7,1.07
452074,2027,387,53.5,0.0,3.2,-1.7,1.07
452074,2023,387,53.5,0.0,3.2,-1.7,1.07
452075,2012,387,53.5,0.0,3.2,-1.7,1.07
452088,2022,387,53.5,0.0,3.2,-1.7,1.08
452088,2017,387,53.5,0.0,3.2,-1.7,1.08
452088,2010,387,53.5,0.0,3.2,-1.7,1.08
452107,2053,387,53.5,0.0,3.2,-1.7,1.08
452108,2053,387,53.5,0.0,3.2,-1.7,1.08
452108,2038,387,53.5,0.0,3.2,-1.7,1.08
452108,2046,387,53.5,0.0,3.2,-1.7,1.08
452121,2054,387,53.5,0.0,3.2,-1.7,1.08
452121,2058,387,53.5,0.0,3.2,-1.7,1.08
452122,2070,387,53.5,0.0,3.2,-1.7,1.08
452141,2049,387,53.5,0.0,3.2,-1.7,1.08
452141,2083,387,53.5,0.0,3.2,-1.7,1.08
452141,2096,387,53.5,0.0,3.2,-1.7,1.08
452142,2083,387,53.5,0.0,3.2,-1.7,1.08
452154,2001,387,53.5,0.0,3.1,-1.7,1.08
452154,1985,387,53.5,0.0,3.1,-1.7,1.08
452155,2009,387,53.5,0.0,3.1,-1.7,1.08
452173,2014,387,53.5,0.0,3.1,-1.7,1.08
452174,2015,387,53.5,0.0,3.1,-1.7,1.08
452174,2021,387,53.5,0.0,3.1,-1.7,1.08
452174,2020,387,53.5,0.0,3.1,-1.7,1.08
452188,2097,386,53.5,0.0,3.1,-1.7,1.08
452188,2082,386,53.5,0.0,3.1,-1.7,1.08
452188,2078,386,53.5,0.0,3.1,-1.7,1.08
452207,1454,386,53.5,0.0,3.1,-1.7,1.09
452209,1497,386,53.5,0.0,3.1,-1.7,1.09
452209,1505,386,53.5,0.0,3.1,-1.7,1.09
452210,1496,386,53.5,0.0,3.1,-1.7,1.09
452222,2409,386,53.5,0.0,3.1,-1.7,1.09
452223,2443,386,53.5,0.0,3.1,-1.7,1.09
452223,2493,386,53.5,0.0,3.1,-1.7,1.09
452223,2503,386,53.5,0.0,3.1,-1.7,1.09
452240,1838,386,53.5,0.0,3.1,-1.7,1.09
452241,1855,386,53.5,0.0,3.1,-1.7,1.09
452241,1858,386,53.5,0.0,3.1,-1.7,1.09
452241,1902,386,53.5,0.0,3.1,-1.7,1.09
452254,1825,386,53.5,0.0,3.1,-1.7,1.07
452254,1892,386,53.5,0.0,3.1,-1.7,1.07
452254,1898,386,53.5,0.0,3.1,-1.7,1.07
452273,1929,386,53.5,0.0,3.1,-1.7,1.07
452274,1897,386,53.5,0.0,3.1,-1.7,1.07
452274,1907,386,53.5,0.0,3.1,-1.7,1.07
452274,1906,386,53.5,0.0,3.1,-1.7,1.07
452288,2180,386,53.5,0.0,3.1,-1.7,1.07
452288,2170,386,53.5,0.0,3.1,-1.7,1.07
452288,2185,386,53.5,0.0,3.1,-1.7,1.07
452306,2108,386,53.5,0.0,3.1,-1.7,1.07
452307,2081,386,53.5,0.0,3.1,-1.7,1.07
452307,2056,386,53.5,0.0,3.1,-1.7,1.07
452307,2034,386,53.5,0.0,3.1,-1.7,1.07
452320,2017,386,53.5,0.0,3.2,-1.7,1.07
452320,2040,386,53.5,0.0,3.2,-1.7,1.07
452320,2055,386,53.5,0.0,3.2,-1.7,1.07
452340,1952,385,53.5,0.0,3.2,-1.7,1.07
452342,1926,385,53.5,0.0,3.2,-1.7,1.07
452343,1903,385,53.5,0.0,3.2,-1.7,1.07
452343,1939,385,53.5,0.0,3.2,-1.7,1.07
452356,2074,385,53.5,0.0,3.2,-1.7,1.07
452357,2062,385,53.5,0.0,3.2,-1.7,1.07
452357,2067,385,53.5,0.0,3.2,-1.7,1.07
452358,2095,385,53.5,0.0,3.2,-1.7,1.07
452376,2012,385,53.5,0.0,3.1,-1.7,1.07
452376,1985,385,53.5,0.0,3.1,-1.7,1.07
452377,1961,385,53.5,0.0,3.1,-1.7,1.07
452377,1953,385,53.5,0.0,3.1,-1.7,1.07
452389,2052,385,53.5,0.0,3.1,-1.7,1.07
452390,2083,385,53.5,0.0,3.1,-1.7,1.07
452390,2080,385,53.5,0.0,3.1,-1.7,1.07
452408,1848,385,53.5,0.0,3.1,-1.7,1.07
452409,1841,385,53.5,0.0,3.1,-1.7,1.07
452409,1857,385,53.5,0.0,3.1,-1.7,1.07
452409,1872,385,53.5,0.0,3.1,-1.7,1.07
452422,2152,385,53.5,0.0,3.2,-1.6,1.08
452422,2151,385,53.5,0.0,3.2,-1.6,1.08
452422,2168,385,53.5,0.0,3.2,-1.6,1.08
452441,2036,385,53.5,0.0,3.2,-1.6,1.08
452442,2183,385,53.5,0.0,3.2,-1.6,1.08
452442,2033,385,53.5,0.0,3.2,-1.6,1.08
452442,2005,385,53.5,0.0,3.2,-1.6,1.08
452456,2015,384,53.5,0.0,3.2,-1.6,1.08
452456,2036,384,53.5,0.0,3.2,-1.6,1.08
452456,2052,384,53.5,0.0,3.2,-1.6,1.08
452476,1991,384,53.5,0.0,3.2,-1.6,1.07
452477,1974,384,53.5,0.0,3.2,-1.6,1.07
452478,1965,384,53.5,0.0,3.2,-1.6,1.07
452478,1987,384,53.5,0.0,3.2,-1.6,1.07
452491,2078,384,53.5,0.0,3.2,-1.6,1.07
452492,2050,384,53.5,0.0,3.2,-1.6,1.07
452492,2036,384,53.5,0.0,3.2,-1.6,1.07
452492,2045,384,53.5,0.0,3.2,-1.6,1.07
452510,2279,384,53.5,0.0,3.2,-1.6,1.07
452510,2257,384,53.5,0.0,3.2,-1.6,1.07
452510,2254,384,53.5,0.0,3.2,-1.6,1.07
452510,2244,384,53.5,0.0,3.2,-1.6,1.07
452523,2128,384,53.5,0.0,3.1,-1.7,1.07
452524,2173,384,53.5,0.0,3.1,-1.7,1.07
452524,2180,384,53.5,0.0,3.1,-1.7,1.07
452541,1973,384,53.5,0.0,3.1,-1.7,1.07
452542,2002,384,53.5,0.0,3.1,-1.7,1.07
452542,2001,384,53.5,0.0,3.1,-1.7,1.07
452542,2015,384,53.5,0.0,3.1,-1.7,1.07
452556,2048,383,53.5,0.0,3.1,-1.7,1.07
452556,2038,383,53.5,0.0,3.1,-1.7,1.07
452556,2053,383,53.5,0.0,3.1,-1.7,1.07
452575,1970,383,53.5,0.0,3.1,-1.7,1.08
452576,1989,383,53.5,0.0,3.1,-1.7,1.08
452576,2003,383,53.5,0.0,3.1,-1.7,1.08
452576,2012,383,53.5,0.0,3.1,-1.7,1.08
452589,2190,383,53.5,0.0,3.1,-1.7,1.08
452589,2178,383,53.5,0.0,3.1,-1.7,1.08
452589,2161,383,53.5,0.0,3.1,-1.7,1.08
452609,2282,383,53.5,0.0,3.1,-1.7,1.08
452609,2222,383,53.5,0.0,3.1,-1.7,1.08
452611,2209,383,53.5,0.0,3.1,-1.7,1.08
452611,2210,383,53.5,0.0,3.1,-1.7,1.08
452625,1906,382,53.5,0.0,3.2,-1.7,1.07
452626,1885,382,53.5,0.0,3.2,-1.7,1.07
452626,1898,382,53.5,0.0,3.2,-1.7,1.07
452626,1915,382,53.5,0.0,3.2,-1.7,1.07
452642,2115,382,53.5,0.0,3.2,-1.7,1.07
452642,2154,382,53.5,0.0,3.2,-1.7,1.07
452643,2261,382,53.5,0.0,3.2,-1.7,1.07
452643,2152,382,53.5,0.0,3.2,-1.7,1.07
452656,2003,382,53.5,0.0,3.2,-1.7,1.07
452657,2000,382,53.5,0.0,3.2,-1.7,1.07
452657,1979,382,53.5,0.0,3.2,-1.7,1.07
452675,2033,381,53.5,0.0,3.2,-1.7,1.07
452676,2035,381,53.5,0.0,3.2,-1.7,1.07
452676,2038,381,53.5,0.0,3.2,-1.7,1.07
452676,2031,381,53.5,0.0,3.2,-1.7,1.07
452689,2098,381,53.5,0.0,3.1,-1.7,1.08
452689,2083,381,53.5,0.0,3.1,-1.7,1.08
452689,2083,381,53.5,0.0,3.1,-1.7,1.08
452708,2042,380,53.5,0.0,3.1,-1.7,1.08
452709,2046,380,53.5,0.0,3.1,-1.7,1.08
452709,2031,380,53.5,0.0,3.1,-1.7,1.08
452709,2028,380,53.5,0.0,3.1,-1.7,1.08
452722,2046,380,53.5,0.0,3.1,-1.7,1.08
452723,2057,380,53.5,0.0,3.1,-1.7,1.08
452723,2065,380,53.5,0.0,3.1,-1.7,1.08
452743,2091,380,53.5,0.0,3.2,-1.7,1.07
452745,1941,379,53.5,0.0,3.2,-1.7,1.07
452746,1923,379,53.5,0.0,3.2,-1.7,1.07
452746,1919,379,53.5,0.0,3.2,-1.7,1.07
452758,2048,379,53.5,0.0,3.2,-1.7,1.07
452759,2060,379,53.5,0.0,3.2,-1.7,1.07
452759,2053,379,53.5,0.0,3.2,-1.7,1.07
452759,2073,379,53.5,0.0,3.2,-1.7,1.07
452776,1987,379,53.5,0.0,3.2,-1.7,1.07
452776,1998,379,53.5,0.0,3.2,-1.7,1.07
452776,1966,379,53.5,0.0,3.2,-1.7,1.07
452776,2001,379,53.5,0.0,3.2,-1.7,1.07
452789,2134,378,53.5,0.0,3.2,-1.8,1.08
452789,2126,378,53.5,0.0,3.2,-1.8,1.08
452790,2113,378,53.5,0.0,3.2,-1.8,1.08
452808,1971,378,53.5,0.0,3.2,-1.8,1.08
452809,1975,378,53.5,0.0,3.2,-1.8,1.08
452809,1974,378,53.5,0.0,3.2,-1.8,1.08
452809,1967,378,53.5,0.0,3.2,-1.8,1.08
452822,2085,378,53.5,0.0,3.2,-1.8,1.08
452822,2102,378,53.5,0.0,3.2,-1.8,1.08
452822,2166,378,53.5,0.0,3.2,-1.8,1.08
452843,1871,377,53.5,0.0,3.1,-1.8,1.08
452845,1816,377,53.5,0.0,3.1,-1.8,1.08
452846,1813,377,53.5,0.0,3.1,-1.8,1.08
452846,1802,377,53.5,0.0,3.1,-1.8,1.08
452859,2088,377,53.5,0.0,3.1,-1.8,1.08
452859,2054,377,53.5,0.0,3.1,-1.8,1.08
452859,2070,377,53.5,0.0,3.1,-1.8,1.08
452860,2089,377,53.5,0.0,3.1,-1.8,1.08
452876,1968,377,53.5,0.0,3.1,-1.8,1.08
452877,1952,377,53.5,0.0,3.1,-1.8,1.08
452877,1942,377,53.5,0.0,3.1,-1.8,1.08
452877,1968,377,53.5,0.0,3.1,-1.8,1.08
452890,2142,377,53.5,0.0,3.0,-1.9,1.07
452891,2139,377,53.5,0.0,3.0,-1.9,1.07
452891,2152,377,53.5,0.0,3.0,-1.9,1.07
452910,2046,376,53.5,0.0,3.0,-1.9,1.07
452910,2076,376,53.5,0.0,3.0,-1.9,1.07
452913,2028,376,53.5,0.0,3.0,-1.9,1.07
452913,2023,376,53.5,0.0,3.0,-1.9,1.07
452926,985,376,53.5,0.0,3.0,-1.9,1.07
452926,950,376,53.5,0.0,3.0,-1.9,1.07
452926,894,376,53.5,0.0,3.0,-1.9,1.07
452927,818,376,53.5,0.0,3.0,-1.9,1.07
452944,2685,376,75.1,0.0,3.1,-1.8,1.08
452945,2693,376,75.1,0.0,3.1,-1.8,1.08
452945,2774,376,75.1,0.0,3.1,-1.8,1.08
452945,2787,376,75.1,0.0,3.1,-1.8,1.08
452958,1770,376,75.1,0.0,3.1,-1.8,1.08
452958,1709,376,75.1,0.0,3.1,-1.8,1.08
452958,1692,376,75.1,0.0,3.1,-1.8,1.08
452977,2062,376,75.1,0.0,3.1,-1.8,1.08
452978,2093,376,75.1,0.0,3.1,-1.8,1.08
452978,2077,376,75.1,0.0,3.1,-1.8,1.08
452978,2029,376,75.1,0.0,3.1,-1.8,1.08
452991,2201,375,75.1,0.0,3.1,-1.7,1.07
452991,2218,375,75.1,0.0,3.1,-1.7,1.07
452991,2257,375,75.1,0.0,3.1,-1.7,1.07
453010,2010,375,75.1,0.0,3.1,-1.7,1.07
453011,1966,375,75.1,0.0,3.1,-1.7,1.07
453011,1939,375,75.1,0.0,3.1,-1.7,1.07
453011,1961,375,75.1,0.0,3.1,-1.7,1.07
453025,2025,375,75.1,0.0,3.1,-1.7,1.07
453025,2012,375,75.1,0.0,3.1,-1.7,1.07
453025,1981,375,75.1,0.0,3.1,-1.7,1.07
453044,2093,376,75.1,0.0,3.1,-1.7,1.07
453045,2119,376,75.1,0.0,3.1,-1.7,1.07
453045,2148,376,75.1,0.0,3.1,-1.7,1.07
453045,2173,376,75.1,0.0,3.1,-1.7,1.07
453058,1991,376,75.1,0.0,3.1,-1.7,1.07
453059,1972,376,75.1,0.0,3.1,-1.7,1.07
453059,1983,376,75.1,0.0,3.1,-1.7,1.07
453078,1981,376,75.1,0.0,3.1,-1.7,1.07
453079,1967,376,75.1,0.0,3.1,-1.7,1.07
453080,1918,376,75.1,0.0,3.1,-1.7,1.07
453080,1897,376,75.1,0.0,3.1,-1.7,1.07
453094,2035,376,75.1,0.0,3.2,-1.7,1.07
453095,2055,376,75.1,0.0,3.2,-1.7,1.07
453096,2064,376,75.1,0.0,3.2,-1.7,1.07
453097,2040,376,75.1,0.0,3.2,-1.7,1.07
453114,2067,376,75.1,0.0,3.2,-1.7,1.07
453114,2051,376,75.1,0.0,3.2,-1.7,1.07
453114,2072,376,75.1,0.0,3.2,-1.7,1.07
453115,2084,376,75.1,0.0,3.2,-1.7,1.07
453127,2055,376,75.1,0.0,3.2,-1.7,1.07
453128,2020,376,75.1,0.0,3.2,-1.7,1.07
453128,2041,376,75.1,0.0,3.2,-1.7,1.07
453145,2089,376,75.1,0.0,3.2,-1.8,1.08
453146,2116,376,75.1,0.0,3.2,-1.8,1.08
453146,2086,376,75.1,0.0,3.2,-1.8,1.08
453146,2068,376,75.1,0.0,3.2,-1.8,1.08
453159,2019,376,75.1,0.0,3.2,-1.8,1.08
453159,2027,376,75.1,0.0,3.2,-1.8,1.08
453159,2037,376,75.1,0.0,3.2,-1.8,1.08
453178,1993,376,75.1,0.0,3.2,-1.8,1.08
453179,1990,376,75.1,0.0,3.2,-1.8,1.08
453182,2021,376,75.1,0.0,3.2,-1.8,1.08
453183,2103,376,75.1,0.0,3.2,-1.8,1.08
453184,2112,376,75.1,0.0,3.2,-1.8,1.08
453197,2025,376,75.1,0.0,3.1,-1.8,1.07
453198,1996,376,75.1,0.0,3.1,-1.8,1.07
453199,2018,376,75.1,0.0,3.1,-1.8,1.07
453199,2006,376,75.1,0.0,3.1,-1.8,1.07
453216,2027,377,75.1,0.0,3.1,-1.8,1.07
453216,2029,377,75.1,0.0,3.1,-1.8,1.07
453216,2022,377,75.1,0.0,3.1,-1.8,1.07
453216,2021,377,75.1,0.0,3.1,-1.8,1.07
453229,2088,377,75.1,0.0,3.1,-1.8,1.07
453230,2064,377,75.1,0.0,3.1,-1.8,1.07
453230,2097,377,75.1,0.0,3.1,-1.8,1.07
453247,1575,377,75.1,0.0,3.1,-1.8,1.07
453248,1580,377,75.1,0.0,3.1,-1.8,1.07
453248,1574,377,75.1,0.0,3.1,-1.8,1.07
453248,1566,377,75.1,0.0,3.1,-1.8,1.07
453261,2176,377,75.1,0.0,3.1,-1.8,1.07
453261,2165,377,75.1,0.0,3.1,-1.8,1.07
453261,2223,377,75.1,0.0,3.1,-1.8,1.07
453280,1944,377,75.1,0.0,3.1,-1.8,1.07
453281,1947,377,75.1,0.0,3.1,-1.8,1.07
453281,1915,377,75.1,0.0,3.1,-1.8,1.07
453281,1911,377,75.1,0.0,3.1,-1.8,1.07
453296,2050,377,75.1,0.0,3.1,-1.7,1.08
453296,2060,377,75.1,0.0,3.1,-1.7,1.08
453296,2019,377,75.1,0.0,3.1,-1.7,1.08
453296,2036,377,75.1,0.0,3.1,-1.7,1.08
453314,2038,377,75.1,0.0,3.1,-1.7,1.08
453314,2047,377,75.1,0.0,3.1,-1.7,1.08
453315,2073,377,75.1,0.0,3.1,-1.7,1.08
453315,2065,377,75.1,0.0,3.1,-1.7,1.08
453327,2007,378,75.1,0.0,3.1,-1.7,1.08
453328,2040,378,75.1,0.0,3.1,-1.7,1.08
453328,2054,378,75.1,0.0,3.1,-1.7,1.08
453347,2106,378,75.1,0.0,3.1,-1.7,1.07
453348,2164,378,75.1,0.0,3.1,-1.7,1.07
453348,2143,378,75.1,0.0,3.1,-1.7,1.07
453348,2133,378,75.1,0.0,3.1,-1.7,1.07
453361,1990,378,75.1,0.0,3.1,-1.7,1.07
453361,2008,378,75.1,0.0,3.1,-1.7,1.07
453361,2008,378,75.1,0.0,3.1,-1.7,1.07
453381,1944,378,75.1,0.0,3.1,-1.7,1.07
453381,1938,378,75.1,0.0,3.1,-1.7,1.07
453384,2056,378,75.1,0.0,3.1,-1.7,1.07
453385,2067,378,75.1,0.0,3.1,-1.7,1.07
453385,2065,378,75.1,0.0,3.1,-1.7,1.07
453398,2045,378,75.1,0.0,3.1,-1.6,1.08
453398,2018,378,75.1,0.0,3.1,-1.6,1.08
453399,2038,378,75.1,0.0,3.1,-1.6,1.08
453415,2076,378,75.1,0.0,3.1,-1.6,1.08
453416,2059,378,75.1,0.0,3.1,-1.6,1.08
453416,2043,378,75.1,0.0,3.1,-1.6,1.08
453416,2031,378,75.1,0.0,3.1,-1.6,1.08
453429,2009,378,75.1,0.0,3.1,-1.6,1.08
453430,2018,378,75.1,0.0,3.1,-1.6,1.08
453430,2024,378,75.1,0.0,3.1,-1.6,1.08
453449,2049,379,75.1,0.0,3.1,-1.6,1.08
453449,2038,379,75.1,0.0,3.1,-1.6,1.08
453449,2038,379,75.1,0.0,3.1,-1.6,1.08
453452,2035,379,75.1,0.0,3.1,-1.6,1.08
453464,1989,379,75.1,0.0,3.1,-1.6,1.08
453465,1951,379,75.1,0.0,3.1,-1.6,1.08
453465,1936,379,75.1,0.0,3.1,-1.6,1.08
453465,1938,379,75.1,0.0,3.1,-1.6,1.08
453482,2094,379,75.1,0.0,3.1,-1.6,1.08
453482,2111,379,75.1,0.0,3.1,-1.6,1.08
453482,2212,379,75.1,0.0,3.1,-1.6,1.08
453483,2119,379,75.1,0.0,3.1,-1.6,1.08
453495,2033,379,75.1,0.0,3.1,-1.7,1.07
453495,2037,379,75.1,0.0,3.1,-1.7,1.07
453496,2020,379,75.1,0.0,3.1,-1.7,1.07
453515,2066,379,75.1,0.0,3.1,-1.7,1.07
453515,2050,379,75.1,0.0,3.1,-1.7,1.07
453515,2059,379,75.1,0.0,3.1,-1.7,1.07
453516,2070,379,75.1,0.0,3.1,-1.7,1.07
453528,1629,379,75.1,0.0,3.1,-1.7,1.07
453529,1655,379,75.1,0.0,3.1,-1.7,1.07
453529,1613,379,75.1,0.0,3.1,-1.7,1.07
453549,2120,380,75.1,0.0,3.1,-1.7,1.07
453552,2046,380,75.1,0.0,3.1,-1.7,1.07
453552,2044,380,75.1,0.0,3.1,-1.7,1.07
453552,2048,380,75.1,0.0,3.1,-1.7,1.07
453565,2194,380,75.1,0.0,3.1,-1.7,1.07
453565,2164,380,75.1,0.0,3.1,-1.7,1.07
453565,2224,380,75.1,0.0,3.1,-1.7,1.07
453565,2250,380,75.1,0.0,3.1,-1.7,1.07
453582,1960,380,75.1,0.0,3.1,-1.7,1.07
453582,1953,380,75.1,0.0,3.1,-1.7,1.07
453583,1952,380,75.1,0.0,3.1,-1.7,1.07
453583,1953,380,75.1,0.0,3.1,-1.7,1.07
453595,2043,380,75.1,0.0,3.1,-1.7,1.07
453596,2075,380,75.1,0.0,3.1,-1.7,1.07
453596,2065,380,75.1,0.0,3.1,-1.7,1.07
453616,2018,380,75.1,0.0,3.1,-1.7,1.07
453617,2013,380,75.1,0.0,3.1,-1.7,1.07
453618,2014,380,75.1,0.0,3.1,-1.7,1.07
453618,2070,380,75.1,0.0,3.1,-1.7,1.07
453632,1936,381,75.1,0.0,3.1,-1.7,1.07
453633,1921,381,75.1,0.0,3.1,-1.7,1.07
453634,1978,381,75.1,0.0,3.1,-1.7,1.07
453634,1975,381,75.1,0.0,3.1,-1.7,1.07
453653,2156,381,75.1,0.0,3.1,-1.7,1.07
453653,2133,381,75.1,0.0,3.1,-1.7,1.07
453653,2121,381,75.1,0.0,3.1,-1.7,1.07
453654,2112,381,75.1,0.0,3.1,-1.7,1.07
453666,1974,381,75.1,0.0,3.1,-1.7,1.07
453666,1980,381,75.1,0.0,3.1,-1.7,1.07
453667,1973,381,75.1,0.0,3.1,-1.7,1.07
453684,2201,382,75.1,0.0,3.1,-1.7,1.07
453685,2222,382,75.1,0.0,3.1,-1.7,1.07
453685,2251,382,75.1,0.0,3.1,-1.7,1.07
453685,2274,382,75.1,0.0,3.1,-1.7,1.07
453698,2010,382,75.1,0.0,3.1,-1.7,1.07
453698,1977,382,75.1,0.0,3.1,-1.7,1.07
453698,1974,382,75.1,0.0,3.1,-1.7,1.07
453717,2040,382,75.1,0.0,3.1,-1.7,1.07
453718,2050,382,75.1,0.0,3.1,-1.7,1.07
453718,2053,382,75.1,0.0,3.1,-1.7,1.07
453718,2040,382,75.1,0.0,3.1,-1.7,1.07
453732,2030,382,75.1,0.0,3.1,-1.7,1.07
453732,2032,382,75.1,0.0,3.1,-1.7,1.07
453732,2054,382,75.1,0.0,3.1,-1.7,1.07
453752,2044,383,75.1,0.0,3.2,-1.7,1.07
453754,2034,383,75.1,0.0,3.2,-1.7,1.07
453755,2021,383,75.1,0.0,3.2,-1.7,1.07
453755,2028,383,75.1,0.0,3.2,-1.7,1.07
453768,2075,383,75.1,0.0,3.2,-1.7,1.07
453768,2070,383,75.1,0.0,3.2,-1.7,1.07
453768,2055,383,75.1,0.0,3.2,-1.7,1.07
453769,2050,383,75.1,0.0,3.2,-1.7,1.07
453785,2146,383,75.1,0.0,3.2,-1.7,1.07
453786,2156,383,75.1,0.0,3.2,-1.7,1.07
453786,2165,383,75.1,0.0,3.2,-1.7,1.07
453786,2122,383,75.1,0.0,3.2,-1.7,1.07
453799,2005,383,75.1,0.0,3.1,-1.7,1.07
453799,1996,383,75.1,0.0,3.1,-1.7,1.07
453799,2011,383,75.1,0.0,3.1,-1.7,1.07
453818,2023,384,75.1,0.0,3.1,-1.7,1.07
453821,1988,384,75.1,0.0,3.1,-1.7,1.07
453821,1991,384,75.1,0.0,3.1,-1.7,1.07
453821,1997,384,75.1,0.0,3.1,-1.7,1.07
453834,2149,384,75.1,0.0,3.1,-1.7,1.07
453834,2125,384,75.1,0.0,3.1,-1.7,1.07
453835,2129,384,75.1,0.0,3.1,-1.7,1.07
453835,2117,384,75.1,0.0,3.1,-1.7,1.07
453854,2061,385,75.1,0.0,3.1,-1.7,1.07
453854,2056,385,75.1,0.0,3.1,-1.7,1.07
453854,2047,385,75.1,0.0,3.1,-1.7,1.07
453854,2039,385,75.1,0.0,3.1,-1.7,1.07
453867,1866,385,75.1,0.0,3.1,-1.7,1.07
453867,1854,385,75.1,0.0,3.1,-1.7,1.07
453868,1841,385,75.1,0.0,3.1,-1.7,1.07
453885,2194,386,75.1,0.0,3.1,-1.7,1.07
453886,2200,386,75.1,0.0,3.1,-1.7,1.07
453886,2218,386,75.1,0.0,3.1,-1.7,1.07
453886,2228,386,75.1,0.0,3.1,-1.7,1.07
453899,1987,386,75.1,0.0,3.1,-1.7,1.08
453899,1975,386,75.1,0.0,3.1,-1.7,1.08
453900,1979,386,75.1,0.0,3.1,-1.7,1.08
453919,2160,386,75.1,0.0,3.1,-1.7,1.08
453919,2215,386,75.1,0.0,3.1,-1.7,1.08
453919,2231,386,75.1,0.0,3.1,-1.7,1.08
453920,2258,386,75.1,0.0,3.1,-1.7,1.08
453933,1880,387,75.1,0.0,3.1,-1.7,1.08
453933,1902,387,75.1,0.0,3.1,-1.7,1.08
453934,1904,387,75.1,0.0,3.1,-1.7,1.08
453952,2083,387,75.1,0.0,3.2,-1.7,1.08
453953,2045,387,75.1,0.0,3.2,-1.7,1.08
453953,2108,387,75.1,0.0,3.2,-1.7,1.08
453953,2077,387,75.1,0.0,3.2,-1.7,1.08
453966,2092,387,75.1,0.0,3.2,-1.7,1.08
453966,2092,387,75.1,0.0,3.2,-1.7,1.08
453966,2082,387,75.1,0.0,3.2,-1.7,1.08
453986,2001,388,75.1,0.0,3.2,-1.7,1.08
453986,1982,388,75.1,0.0,3.2,-1.7,1.08
453987,1987,388,75.1,0.0,3.2,-1.7,1.08
453989,1934,388,75.1,0.0,3.2,-1.7,1.08
454002,2034,388,75.1,0.0,3.1,-1.7,1.07
454002,2055,388,75.1,0.0,3.1,-1.7,1.07
454003,2054,388,75.1,0.0,3.1,-1.7,1.07
454003,2062,388,75.1,0.0,3.1,-1.7,1.07
454020,2075,388,75.1,0.0,3.1,-1.7,1.07
454021,2073,388,75.1,0.0,3.1,-1.7,1.07
454021,2095,388,75.1,0.0,3.1,-1.7,1.07
454021,2101,388,75.1,0.0,3.1,-1.7,1.07
454034,1990,388,75.1,0.0,3.1,-1.7,1.07
454034,1976,388,75.1,0.0,3.1,-1.7,1.07
454034,1968,388,75.1,0.0,3.1,-1.7,1.07
454053,1400,388,75.1,0.0,3.1,-1.7,1.07
454054,1491,388,75.1,0.0,3.1,-1.7,1.07
454054,1500,388,75.1,0.0,3.1,-1.7,1.07
454054,1507,388,75.1,0.0,3.1,-1.7,1.07
454067,2372,388,78.9,0.0,3.2,-1.8,1.08
454067,2393,388,78.9,0.0,3.2,-1.8,1.08
454067,2411,388,78.9,0.0,3.2,-1.8,1.08
454086,2224,388,78.9,0.0,3.2,-1.8,1.08
454087,2220,388,78.9,0.0,3.2,-1.8,1.08
454090,2218,388,78.9,0.0,3.2,-1.8,1.08
454091,2212,388,78.9,0.0,3.2,-1.8,1.08
454091,2258,388,78.9,0.0,3.2,-1.8,1.08
454104,2062,388,78.9,0.0,3.2,-1.8,1.08
454104,2055,388,78.9,0.0,3.2,-1.8,1.08
454105,2018,388,78.9,0.0,3.2,-1.8,1.08
454124,2098,388,78.9,0.0,3.2,-1.8,1.08
454126,2222,388,78.9,0.0,3.2,-1.8,1.08
454126,2235,388,78.9,0.0,3.2,-1.8,1.08
454126,2246,388,78.9,0.0,3.2,-1.8,1.08
454140,1957,388,78.9,0.0,3.2,-1.8,1.08
454140,1952,388,78.9,0.0,3.2,-1.8,1.08
454141,1973,388,78.9,0.0,3.2,-1.8,1.08
454141,2000,388,78.9,0.0,3.2,-1.8,1.08
454157,2050,388,78.9,0.0,3.2,-1.8,1.08
454157,2017,388,78.9,0.0,3.2,-1.8,1.08
454157,2021,388,78.9,0.0,3.2,-1.8,1.08
454158,2047,388,78.9,0.0,3.2,-1.8,1.08
454171,2381,388,78.9,0.0,3.2,-1.8,1.07
454171,2319,388,78.9,0.0,3.2,-1.8,1.07
454172,2315,388,78.9,0.0,3.2,-1.8,1.07
454190,1980,388,78.9,0.0,3.2,-1.8,1.07
454191,2019,388,78.9,0.0,3.2,-1.8,1.07
454191,2008,388,78.9,0.0,3.2,-1.8,1.07
454191,1976,388,78.9,0.0,3.2,-1.8,1.07
454204,2075,388,78.9,0.0,3.2,-1.8,1.07
454204,2111,388,78.9,0.0,3.2,-1.8,1.07
454205,2138,388,78.9,0.0,3.2,-1.8,1.07
454224,2071,388,78.9,0.0,3.1,-1.8,1.07
454224,2059,388,78.9,0.0,3.1,-1.8,1.07
454224,2046,388,78.9,0.0,3.1,-1.8,1.07
454226,2079,388,78.9,0.0,3.1,-1.8,1.07
454240,2014,388,78.9,0.0,3.1,-1.8,1.07
454240,2039,388,78.9,0.0,3.1,-1.8,1.07
454240,2007,388,78.9,0.0,3.1,-1.8,1.07
454241,1964,388,78.9,0.0,3.1,-1.8,1.07
454257,2032,387,78.9,0.0,3.1,-1.8,1.07
454257,2041,387,78.9,0.0,3.1,-1.8,1.07
454257,2038,387,78.9,0.0,3.1,-1.8,1.07
454258,2029,387,78.9,0.0,3.1,-1.8,1.07
454271,2109,387,78.9,0.0,3.2,-1.7,1.08
454271,2124,387,78.9,0.0,3.2,-1.7,1.08
454272,2152,387,78.9,0.0,3.2,-1.7,1.08
454290,2063,387,78.9,0.0,3.2,-1.7,1.08
454291,2042,387,78.9,0.0,3.2,-1.7,1.08
454291,2016,387,78.9,0.0,3.2,-1.7,1.08
454291,2024,387,78.9,0.0,3.2,-1.7,1.08
454304,2061,387,78.9,0.0,3.2,-1.7,1.08
454304,2087,387,78.9,0.0,3.2,-1.7,1.08
454304,2089,387,78.9,0.0,3.2,-1.7,1.08
454323,2014,387,78.9,0.0,3.1,-1.7,1.07
454324,2091,387,78.9,0.0,3.1,-1.7,1.07
454324,2123,387,78.9,0.0,3.1,-1.7,1.07
454324,2133,387,78.9,0.0,3.1,-1.7,1.07
454337,2023,387,78.9,0.0,3.1,-1.7,1.07
454338,2007,387,78.9,0.0,3.1,-1.7,1.07
454338,1999,387,78.9,0.0,3.1,-1.7,1.07
454362,2055,387,78.9,0.0,3.1,-1.7,1.07
454364,2084,387,78.9,0.0,3.1,-1.7,1.07
454364,2153,387,78.9,0.0,3.1,-1.7,1.07
454364,2131,387,78.9,0.0,3.1,-1.7,1.07
454377,2029,387,78.9,0.0,3.1,-1.7,1.08
454377,2034,387,78.9,0.0,3.1,-1.7,1.08
454377,2032,387,78.9,0.0,3.1,-1.7,1.08
454394,1964,387,78.9,0.0,3.1,-1.7,1.08
454394,1960,387,78.9,0.0,3.1,-1.7,1.08
454395,1985,387,78.9,0.0,3.1,-1.7,1.08
454395,1996,387,78.9,0.0,3.1,-1.7,1.08
454407,2166,387,78.9,0.0,3.1,-1.7,1.08
454408,2137,387,78.9,0.0,3.1,-1.7,1.08
454408,2140,387,78.9,0.0,3.1,-1.7,1.08
454427,2024,386,78.9,0.0,3.1,-1.7,1.08
454430,1999,386,78.9,0.0,3.1,-1.7,1.08
454430,2010,386,78.9,0.0,3.1,-1.7,1.08
454430,1985,386,78.9,0.0,3.1,-1.7,1.08
454443,2030,386,78.9,0.0,3.1,-1.7,1.08
454443,2065,386,78.9,0.0,3.1,-1.7,1.08
454444,2080,386,78.9,0.0,3.1,-1.7,1.08
454444,2080,386,78.9,0.0,3.1,-1.7,1.08
454461,1992,386,78.9,0.0,3.1,-1.7,1.08
454461,1982,386,78.9,0.0,3.1,-1.7,1.08
454461,1993,386,78.9,0.0,3.1,-1.7,1.08
454462,2002,386,78.9,0.0,3.1,-1.7,1.08
454475,1947,386,78.9,0.0,3.2,-1.7,1.07
454475,1972,386,78.9,0.0,3.2,-1.7,1.07
454475,1949,386,78.9,0.0,3.2,-1.7,1.07
454493,971,386,78.9,0.0,3.2,-1.7,1.07
454494,1088,386,78.9,0.0,3.2,-1.7,1.07
454494,1079,386,78.9,0.0,3.2,-1.7,1.07
454494,1090,386,78.9,0.0,3.2,-1.7,1.07
454507,2672,386,78.9,0.0,3.2,-1.7,1.07
454507,2666,386,78.9,0.0,3.2,-1.7,1.07
454507,2714,386,78.9,0.0,3.2,-1.7,1.07
454528,1451,386,78.9,0.0,3.2,-1.8,1.08
454530,1422,386,78.9,0.0,3.2,-1.8,1.08
454531,1362,386,78.9,0.0,3.2,-1.8,1.08
454531,1355,386,78.9,0.0,3.2,-1.8,1.08
454543,2285,385,78.9,0.0,3.2,-1.8,1.08
454544,2368,385,78.9,0.0,3.2,-1.8,1.08
454544,2262,385,78.9,0.0,3.2,-1.8,1.08
454545,2032,385,78.9,0.0,3.2,-1.8,1.08
454561,2489,385,78.9,0.0,3.2,-1.8,1.08
454562,2575,385,78.9,0.0,3.2,-1.8,1.08
454562,2644,385,78.9,0.0,3.2,-1.8,1.08
454562,2669,385,78.9,0.0,3.2,-1.8,1.08
454575,2001,385,78.9,0.0,3.2,-1.8,1.08
454576,1913,385,78.9,0.0,3.2,-1.8,1.08
454576,1883,385,78.9,0.0,3.2,-1.8,1.08
454595,2095,385,78.9,0.0,3.2,-1.8,1.08
454595,2109,385,78.9,0.0,3.2,-1.8,1.08
454595,2101,385,78.9,0.0,3.2,-1.8,1.08
454596,2099,385,78.9,0.0,3.2,-1.8,1.08
454609,2308,385,78.9,0.0,3.2,-1.8,1.08
454610,2320,385,78.9,0.0,3.2,-1.8,1.08
454610,2318,385,78.9,0.0,3.2,-1.8,1.08
454626,1971,385,78.9,0.0,3.1,-1.8,1.08
454627,1951,385,78.9,0.0,3.1,-1.8,1.08
454627,1933,385,78.9,0.0,3.1,-1.8,1.08
454627,1930,385,78.9,0.0,3.1,-1.8,1.08
454641,2055,385,78.9,0.0,3.1,-1.8,1.08
454641,2074,385,78.9,0.0,3.1,-1.8,1.08
454641,2062,385,78.9,0.0,3.1,-1.8,1.08
454660,1981,385,78.9,0.0,3.1,-1.8,1.08
454661,1980,385,78.9,0.0,3.1,-1.8,1.08
454661,1986,385,78.9,0.0,3.1,-1.8,1.08
454661,1981,385,78.9,0.0,3.1,-1.8,1.08
454674,2129,385,78.9,0.0,3.1,-1.7,1.07
454674,2107,385,78.9,0.0,3.1,-1.7,1.07
454675,2115,385,78.9,0.0,3.1,-1.7,1.07
454694,2082,384,78.9,0.0,3.1,-1.7,1.07
454694,2076,384,78.9,0.0,3.1,-1.7,1.07
454695,2052,384,78.9,0.0,3.1,-1.7,1.07
454697,2020,384,78.9,0.0,3.1,-1.7,1.07
454710,1867,384,78.9,0.0,3.1,-1.7,1.07
454711,1878,384,78.9,0.0,3.1,-1.7,1.07
454711,1884,384,78.9,0.0,3.1,-1.7,1.07
454711,1858,384,78.9,0.0,3.1,-1.7,1.07
454729,2043,384,78.9,0.0,3.1,-1.7,1.07
454729,2043,384,78.9,0.0,3.1,-1.7,1.07
454729,2051,384,78.9,0.0,3.1,-1.7,1.07
454730,2057,384,78.9,0.0,3.1,-1.7,1.07
454742,2019,384,78.9,0.0,3.1,-1.7,1.07
454743,2007,384,78.9,0.0,3.1,-1.7,1.07
454743,2021,384,78.9,0.0,3.1,-1.7,1.07
454761,1986,384,78.9,0.0,3.1,-1.7,1.07
454762,2020,384,78.9,0.0,3.1,-1.7,1.07
454762,2025,384,78.9,0.0,3.1,-1.7,1.07
454763,2008,384,78.9,0.0,3.1,-1.7,1.07
454775,2075,384,78.9,0.0,3.2,-1.8,1.06
454775,2076,384,78.9,0.0,3.2,-1.8,1.06
454776,2072,384,78.9,0.0,3.2,-1.8,1.06
454795,2022,383,78.9,0.0,3.2,-1.8,1.06
454795,2010,383,78.9,0.0,3.2,-1.8,1.06
454795,2022,383,78.9,0.0,3.2,-1.8,1.06
454796,2029,383,78.9,0.0,3.2,-1.8,1.06
454809,1952,383,78.9,0.0,3.2,-1.8,1.06
454810,1924,383,78.9,0.0,3.2,-1.8,1.06
454810,1912,383,78.9,0.0,3.2,-1.8,1.06
454828,2234,383,78.9,0.0,3.2,-1.8,1.06
454828,2236,383,78.9,0.0,3.2,-1.8,1.06
454828,2251,383,78.9,0.0,3.2,-1.8,1.06
454829,2285,383,78.9,0.0,3.2,-1.8,1.06
454842,1967,382,78.9,0.0,3.1,-1.8,1.07
454842,1907,382,78.9,0.0,3.1,-1.8,1.07
454842,1917,382,78.9,0.0,3.1,-1.8,1.07
454860,2093,382,78.9,0.0,3.1,-1.8,1.07
454861,2055,382,78.9,0.0,3.1,-1.8,1.07
454861,2054,382,78.9,0.0,3.1,-1.8,1.07
454861,2059,382,78.9,0.0,3.1,-1.8,1.07
454874,1565,382,78.9,0.0,3.1,-1.8,1.07
454874,1614,382,78.9,0.0,3.1,-1.8,1.07
454874,1616,382,78.9,0.0,3.1,-1.8,1.07
454893,2108,382,78.9,0.0,3.1,-1.8,1.07
454894,2081,382,78.9,0.0,3.1,-1.8,1.07
454894,2120,382,78.9,0.0,3.1,-1.8,1.07
454894,2113,382,78.9,0.0,3.1,-1.8,1.07
454908,2032,381,78.9,0.0,3.0,-1.8,1.08
454908,2013,381,78.9,0.0,3.0,-1.8,1.08
454908,2010,381,78.9,0.0,3.0,-1.8,1.08
454926,2157,381,78.9,0.0,3.0,-1.8,1.08
454926,2175,381,78.9,0.0,3.0,-1.8,1.08
454926,2161,381,78.9,0.0,3.0,-1.8,1.08
454927,2148,381,78.9,0.0,3.0,-1.8,1.08
454941,1944,380,78.9,0.0,3.0,-1.8,1.08
454942,1998,380,78.9,0.0,3.0,-1.8,1.08
454942,2006,380,78.9,0.0,3.0,-1.8,1.08
454943,1989,380,78.9,0.0,3.0,-1.8,1.08
454961,2001,380,78.9,0.0,3.0,-1.8,1.07
454962,2021,380,78.9,0.0,3.0,-1.8,1.07
454962,2019,380,78.9,0.0,3.0,-1.8,1.07
454962,2068,380,78.9,0.0,3.0,-1.8,1.07
454975,2056,380,78.9,0.0,3.0,-1.8,1.07
454975,2043,380,78.9,0.0,3.0,-1.8,1.07
454975,2047,380,78.9,0.0,3.0,-1.8,1.07
454994,2108,379,78.9,0.0,3.0,-1.8,1.07
454995,2108,379,78.9,0.0,3.0,-1.8,1.07
454995,2073,379,78.9,0.0,3.0,-1.8,1.07
454995,2057,379,78.9,0.0,3.0,-1.8,1.07
455009,1997,379,78.9,0.0,3.1,-1.7,1.08
455009,1997,379,78.9,0.0,3.1,-1.7,1.08
455009,2035,379,78.9,0.0,3.1,-1.7,1.08
455028,2003,378,78.9,0.0,3.1,-1.7,1.08
455029,1989,378,78.9,0.0,3.1,-1.7,1.08
455029,1986,378,78.9,0.0,3.1,-1.7,1.08
455029,1986,378,78.9,0.0,3.1,-1.7,1.08
455042,2061,378,78.9,0.0,3.1,-1.7,1.08
455043,2036,378,78.9,0.0,3.1,-1.7,1.08
455043,2026,378,78.9,0.0,3.1,-1.7,1.08
455061,2032,378,78.9,0.0,3.1,-1.7,1.08
455062,2062,378,78.9,0.0,3.1,-1.7,1.08
455062,2056,378,78.9,0.0,3.1,-1.7,1.08
455062,1990,378,78.9,0.0,3.1,-1.7,1.08
455075,2293,378,78.9,0.0,3.1,-1.7,1.08
455075,2243,378,78.9,0.0,3.1,-1.7,1.08
455075,2254,378,78.9,0.0,3.1,-1.7,1.08
455094,2025,377,78.9,0.0,3.1,-1.7,1.08
455095,2029,377,78.9,0.0,3.1,-1.7,1.08
455095,2009,377,78.9,0.0,3.1,-1.7,1.08
455095,2006,377,78.9,0.0,3.1,-1.7,1.08
455109,2240,377,78.9,0.0,3.1,-1.8,1.08
455109,2255,377,78.9,0.0,3.1,-1.8,1.08
455109,2236,377,78.9,0.0,3.1,-1.8,1.08
455128,2051,377,78.9,0.0,3.1,-1.8,1.08
455129,2040,377,78.9,0.0,3.1,-1.8,1.08
455129,2051,377,78.9,0.0,3.1,-1.8,1.08
455130,2060,377,78.9,0.0,3.1,-1.8,1.08
455142,2028,376,78.9,0.0,3.1,-1.8,1.08
455143,1968,376,78.9,0.0,3.1,-1.8,1.08
455143,2005,376,78.9,0.0,3.1,-1.8,1.08
455144,2026,376,78.9,0.0,3.1,-1.8,1.08
455163,1947,376,78.9,0.0,3.2,-1.8,1.07
455163,1953,376,78.9,0.0,3.2,-1.8,1.07
455163,1941,376,78.9,0.0,3.2,-1.8,1.07
455164,1938,376,78.9,0.0,3.2,-1.8,1.07
455177,2035,376,78.9,0.0,3.2,-1.8,1.07
455178,2054,376,78.9,0.0,3.2,-1.8,1.07
455178,2056,376,78.9,0.0,3.2,-1.8,1.07
455194,1976,376,78.9,0.0,3.2,-1.8,1.07
455195,1973,376,78.9,0.0,3.2,-1.8,1.07
455195,1964,376,78.9,0.0,3.2,-1.8,1.07
455195,1975,376,78.9,0.0,3.2,-1.8,1.07
455209,2182,376,78.9,0.0,3.1,-1.8,1.08
455209,2175,376,78.9,0.0,3.1,-1.8,1.08
455209,2174,376,78.9,0.0,3.1,-1.8,1.08
455229,2030,376,78.9,0.0,3.1,-1.8,1.08
455229,2025,376,78.9,0.0,3.1,-1.8,1.08
455231,2008,376,78.9,0.0,3.1,-1.8,1.08
455232,2018,376,78.9,0.0,3.1,-1.8,1.08
455246,2145,376,78.9,0.0,3.1,-1.8,1.08
455246,2184,376,78.9,0.0,3.1,-1.8,1.08
455247,2190,376,78.9,0.0,3.1,-1.8,1.08
455247,2198,376,78.9,0.0,3.1,-1.8,1.08
455264,1969,376,78.9,0.0,3.1,-1.8,1.07
455264,1985,376,78.9,0.0,3.1,-1.8,1.07
455264,1991,376,78.9,0.0,3.1,-1.8,1.07
455264,1985,376,78.9,0.0,3.1,-1.8,1.07
455278,2039,376,78.9,0.0,3.1,-1.8,1.07
455278,2026,376,78.9,0.0,3.1,-1.8,1.07
455279,2037,376,78.9,0.0,3.1,-1.8,1.07
455297,2056,376,78.9,0.0,3.1,-1.8,1.07
455298,2041,376,78.9,0.0,3.1,-1.8,1.07
455298,2055,376,78.9,0.0,3.1,-1.8,1.07
455298,2035,376,78.9,0.0,3.1,-1.8,1.07
455311,2098,376,78.9,0.0,3.1,-1.8,1.07
455311,2098,376,78.9,0.0,3.1,-1.8,1.07
455311,2099,376,78.9,0.0,3.1,-1.8,1.07
455331,2037,376,78.9,0.0,3.1,-1.8,1.07
455331,2036,376,78.9,0.0,3.1,-1.8,1.07
455333,2021,376,78.9,0.0,3.1,-1.8,1.07
455334,2014,376,78.9,0.0,3.1,-1.8,1.07
455348,2005,376,78.9,0.0,3.1,-1.8,1.07
455349,1990,376,78.9,0.0,3.1,-1.8,1.07
455349,1990,376,78.9,0.0,3.1,-1.8,1.07
455349,1992,376,78.9,0.0,3.1,-1.8,1.07
455367,2078,376,78.9,0.0,3.1,-1.7,1.09
455367,2088,376,78.9,0.0,3.1,-1.7,1.09
455367,2098,376,78.9,0.0,3.1,-1.7,1.09
455368,2088,376,78.9,0.0,3.1,-1.7,1.09
455380,2059,376,78.9,0.0,3.1,-1.7,1.09
455381,2047,376,78.9,0.0,3.1,-1.7,1.09
455381,2047,376,78.9,0.0,3.1,-1.7,1.09
455399,2025,377,78.9,0.0,3.1,-1.7,1.09
455400,2061,377,78.9,0.0,3.1,-1.7,1.09
455400,2034,377,78.9,0.0,3.1,-1.7,1.09
455400,2028,377,78.9,0.0,3.1,-1.7,1.09
455413,1989,377,78.9,0.0,3.1,-1.7,1.07
455413,1991,377,78.9,0.0,3.1,-1.7,1.07
455413,1998,377,78.9,0.0,3.1,-1.7,1.07
455433,1984,377,78.9,0.0,3.1,-1.7,1.07
455433,1966,377,78.9,0.0,3.1,-1.7,1.07
455433,1972,377,78.9,0.0,3.1,-1.7,1.07
455436,1988,377,78.9,0.0,3.1,-1.7,1.07
455449,2185,377,78.9,0.0,3.1,-1.7,1.07
455449,2149,377,78.9,0.0,3.1,-1.7,1.07
455449,2175,377,78.9,0.0,3.1,-1.7,1.07
455449,2183,377,78.9,0.0,3.1,-1.7,1.07
455467,2318,377,78.9,0.0,3.1,-1.6,1.08
455468,2336,377,78.9,0.0,3.1,-1.6,1.08
455468,2351,377,78.9,0.0,3.1,-1.6,1.08
455468,2367,377,78.9,0.0,3.1,-1.6,1.08
455481,1959,377,78.9,0.0,3.1,-1.6,1.08
455482,1939,377,78.9,0.0,3.1,-1.6,1.08
455482,1929,377,78.9,0.0,3.1,-1.6,1.08
455500,2054,377,78.9,0.0,3.1,-1.6,1.08
455501,2068,377,78.9,0.0,3.1,-1.6,1.08
455501,2076,377,78.9,0.0,3.1,-1.6,1.08
455501,2084,377,78.9,0.0,3.1,-1.6,1.08
455515,1981,377,78.9,0.0,3.1,-1.7,1.07
455515,1959,377,78.9,0.0,3.1,-1.7,1.07
455515,1966,377,78.9,0.0,3.1,-1.7,1.07
455532,2196,377,78.9,0.0,3.1,-1.7,1.07
455533,2200,377,78.9,0.0,3.1,-1.7,1.07
455533,2180,377,78.9,0.0,3.1,-1.7,1.07
455533,2151,377,78.9,0.0,3.1,-1.7,1.07
455547,2069,378,78.9,0.0,3.1,-1.7,1.07
455547,2090,378,78.9,0.0,3.1,-1.7,1.07
455547,2102,378,78.9,0.0,3.1,-1.7,1.07
455567,2117,378,78.9,0.0,3.1,-1.7,1.08
455567,2110,378,78.9,0.0,3.1,-1.7,1.08
455569,2112,378,78.9,0.0,3.1,-1.7,1.08
455569,2126,378,78.9,0.0,3.1,-1.7,1.08
455582,2031,378,78.9,0.0,3.1,-1.7,1.08
455582,2012,378,78.9,0.0,3.1,-1.7,1.08
455582,2030,378,78.9,0.0,3.1,-1.7,1.08
455583,1994,378,78.9,0.0,3.1,-1.7,1.08
455600,2045,378,78.9,0.0,3.1,-1.7,1.08
455600,2045,378,78.9,0.0,3.1,-1.7,1.08
455600,2031,378,78.9,0.0,3.1,-1.7,1.08
455601,2032,378,78.9,0.0,3.1,-1.7,1.08
455615,1886,378,78.9,0.0,3.2,-1.8,1.08
455615,1890,378,78.9,0.0,3.2,-1.8,1.08
455615,1913,378,78.9,0.0,3.2,-1.8,1.08
455615,1906,378,78.9,0.0,3.2,-1.8,1.08
455631,2047,378,78.9,0.0,3.2,-1.8,1.08
455632,2048,378,78.9,0.0,3.2,-1.8,1.08
455632,2056,378,78.9,0.0,3.2,-1.8,1.08
455632,2053,378,78.9,0.0,3.2,-1.8,1.08
455645,2097,379,78.9,0.0,3.2,-1.8,1.08
455646,2170,379,78.9,0.0,3.2,-1.8,1.08
455646,2187,379,78.9,0.0,3.2,-1.8,1.08
455665,2012,379,78.9,0.0,3.2,-1.8,1.08
455667,2009,379,78.9,0.0,3.2,-1.8,1.08
455667,2020,379,78.9,0.0,3.2,-1.8,1.08
455667,1971,379,78.9,0.0,3.2,-1.8,1.08
455680,2038,379,78.9,0.0,3.1,-1.7,1.07
455680,2060,379,78.9,0.0,3.1,-1.7,1.07
455680,2053,379,78.9,0.0,3.1,-1.7,1.07
455699,2026,379,78.9,0.0,3.1,-1.7,1.07
455699,2008,379,78.9,0.0,3.1,-1.7,1.07
455699,2018,379,78.9,0.0,3.1,-1.7,1.07
455699,2018,379,78.9,0.0,3.1,-1.7,1.07
455712,2213,379,78.9,0.0,3.1,-1.7,1.07
455712,2206,379,78.9,0.0,3.1,-1.7,1.07
455713,2193,379,78.9,0.0,3.1,-1.7,1.07
455732,2300,379,78.9,0.0,3.1,-1.6,1.08
455733,2304,379,78.9,0.0,3.1,-1.6,1.08
455735,2227,379,78.9,0.0,3.1,-1.6,1.08
455735,2198,379,78.9,0.0,3.1,-1.6,1.08
455748,2105,379,78.9,0.0,3.1,-1.6,1.08
455748,2123,379,78.9,0.0,3.1,-1.6,1.08
455748,2135,379,78.9,0.0,3.1,-1.6,1.08
455749,2142,379,78.9,0.0,3.1,-1.6,1.08
455766,2056,380,78.9,0.0,3.1,-1.6,1.08
455766,2058,380,78.9,0.0,3.1,-1.6,1.08
455766,2063,380,78.9,0.0,3.1,-1.6,1.08
455766,2081,380,78.9,0.0,3.1,-1.6,1.08
455779,2044,380,78.9,0.0,3.1,-1.6,1.07
455780,2029,380,78.9,0.0,3.1,-1.6,1.07
455780,2028,380,78.9,0.0,3.1,-1.6,1.07
455798,1648,380,78.9,0.0,3.1,-1.6,1.07
455799,1774,380,78.9,0.0,3.1,-1.6,1.07
455799,1816,380,78.9,0.0,3.1,-1.6,1.07
455799,1860,380,78.9,0.0,3.1,-1.6,1.07
455812,2299,380,75.1,0.0,3.1,-1.6,1.07
455812,2245,380,75.1,0.0,3.1,-1.6,1.07
455812,2246,380,75.1,0.0,3.1,-1.6,1.07
455831,2083,381,75.1,0.0,3.0,-1.8,1.08
455832,2026,381,75.1,0.0,3.0,-1.8,1.08
455832,2052,381,75.1,0.0,3.0,-1.8,1.08
455832,2055,381,75.1,0.0,3.0,-1.8,1.08
455846,2072,381,75.1,0.0,3.0,-1.8,1.08
455846,2106,381,75.1,0.0,3.0,-1.8,1.08
455846,2082,381,75.1,0.0,3.0,-1.8,1.08
455865,2008,381,75.1,0.0,3.0,-1.8,1.08
455866,2081,381,75.1,0.0,3.0,-1.8,1.08
455866,2170,381,75.1,0.0,3.0,-1.8,1.08
455866,2194,381,75.1,0.0,3.0,-1.8,1.08
455879,2026,381,75.1,0.0,2.9,-1.7,1.09
455879,1986,381,75.1,0.0,2.9,-1.7,1.09
455880,1998,381,75.1,0.0,2.9,-1.7,1.09
455897,1955,382,75.1,0.0,2.9,-1.7,1.09
455898,2003,382,75.1,0.0,2.9,-1.7,1.09
455898,1978,382,75.1,0.0,2.9,-1.7,1.09
455898,1982,382,75.1,0.0,2.9,-1.7,1.09
455911,2150,382,75.1,0.0,2.9,-1.7,1.09
455911,2144,382,75.1,0.0,2.9,-1.7,1.09
455911,2171,382,75.1,0.0,2.9,-1.7,1.09
455930,2020,382,75.1,0.0,2.9,-1.7,1.09
455931,2010,382,75.1,0.0,2.9,-1.7,1.09
455931,1995,382,75.1,0.0,2.9,-1.7,1.09
455931,1984,382,75.1,0.0,2.9,-1.7,1.09
455945,2052,382,75.1,0.0,3.2,-1.7,1.13
455945,2074,382,75.1,0.0,3.2,-1.7,1.13
455945,2048,382,75.1,0.0,3.2,-1.7,1.13
455964,1998,383,75.1,0.0,3.2,-1.7,1.13
455964,1999,383,75.1,0.0,3.2,-1.7,1.13
455964,2009,383,75.1,0.0,3.2,-1.7,1.13
455966,2101,383,75.1,0.0,3.2,-1.7,1.13
455979,2019,383,75.1,0.0,3.2,-1.7,1.13
455980,2012,383,75.1,0.0,3.2,-1.7,1.13
455980,2018,383,75.1,0.0,3.2,-1.7,1.13
455980,2024,383,75.1,0.0,3.2,-1.7,1.13
455998,2035,383,75.1,0.0,3.2,-1.7,1.09
455999,2028,383,75.1,0.0,3.2,-1.7,1.09
455999,2016,383,75.1,0.0,3.2,-1.7,1.09
455999,2034,383,75.1,0.0,3.2,-1.7,1.09
456012,2177,383,75.1,0.0,3.2,-1.7,1.09
456012,2162,383,75.1,0.0,3.2,-1.7,1.09
456012,2159,383,75.1,0.0,3.2,-1.7,1.09
456030,2275,384,75.1,0.0,3.2,-1.7,1.09
456031,2272,384,75.1,0.0,3.2,-1.7,1.09
456031,2262,384,75.1,0.0,3.2,-1.7,1.09
456031,2275,384,75.1,0.0,3.2,-1.7,1.09
456044,1959,384,75.1,0.0,3.5,-1.7,1.07
456045,1859,384,75.1,0.0,3.5,-1.7,1.07
456045,1973,384,75.1,0.0,3.5,-1.7,1.07
456064,1983,385,75.1,0.0,3.5,-1.7,1.07
456064,1982,385,75.1,0.0,3.5,-1.7,1.07
456066,2080,385,75.1,0.0,3.5,-1.7,1.07
456067,2076,385,75.1,0.0,3.5,-1.7,1.07
456080,2020,385,75.1,0.0,3.5,-1.7,1.07
456080,2020,385,75.1,0.0,3.5,-1.7,1.07
456080,2019,385,75.1,0.0,3.5,-1.7,1.07
456080,2046,385,75.1,0.0,3.5,-1.7,1.07
456099,2017,385,75.1,0.0,3.5,-1.5,1.08
456099,2019,385,75.1,0.0,3.5,-1.5,1.08
456099,2013,385,75.1,0.0,3.5,-1.5,1.08
456099,2012,385,75.1,0.0,3.5,-1.5,1.08
456113,2139,386,75.1,0.0,3.5,-1.5,1.08
456113,2134,386,75.1,0.0,3.5,-1.5,1.08
456114,2117,386,75.1,0.0,3.5,-1.5,1.08
456130,2100,386,75.1,0.0,3.5,-1.5,1.08
456131,2095,386,75.1,0.0,3.5,-1.5,1.08
456131,2101,386,75.1,0.0,3.5,-1.5,1.08
456131,2100,386,75.1,0.0,3.5,-1.5,1.08
456145,1997,386,75.1,0.0,3.3,-1.7,1.06
456145,2030,386,75.1,0.0,3.3,-1.7,1.06
456145,2017,386,75.1,0.0,3.3,-1.7,1.06
456165,2032,387,75.1,0.0,3.3,-1.7,1.06
456165,2042,387,75.1,0.0,3.3,-1.7,1.06
456165,2026,387,75.1,0.0,3.3,-1.7,1.06
456166,2054,387,75.1,0.0,3.3,-1.7,1.06
456178,2049,387,75.1,0.0,3.3,-1.7,1.06
456179,2046,387,75.1,0.0,3.3,-1.7,1.06
456179,2042,387,75.1,0.0,3.3,-1.7,1.06
456199,2060,387,75.1,0.0,3.1,-1.8,1.07
456202,2017,387,75.1,0.0,3.1,-1.8,1.07
456202,1955,387,75.1,0.0,3.1,-1.8,1.07
456202,1962,387,75.1,0.0,3.1,-1.8,1.07
456215,1967,388,75.1,0.0,3.1,-1.8,1.07
456215,1968,388,75.1,0.0,3.1,-1.8,1.07
456215,1966,388,75.1,0.0,3.1,-1.8,1.07
456216,1986,388,75.1,0.0,3.1,-1.8,1.07
456232,2136,388,75.1,0.0,3.1,-1.8,1.07
456233,2127,388,75.1,0.0,3.1,-1.8,1.07
456233,2129,388,75.1,0.0,3.1,-1.8,1.07
456233,2123,388,75.1,0.0,3.1,-1.8,1.07
456245,2010,388,75.1,0.0,2.9,-1.8,1.08
456246,2041,388,75.1,0.0,2.9,-1.8,1.08
456246,2028,388,75.1,0.0,2.9,-1.8,1.08
456265,2091,388,75.1,0.0,2.9,-1.8,1.08
456267,2230,388,75.1,0.0,2.9,-1.8,1.08
456267,2287,388,75.1,0.0,2.9,-1.8,1.08
456267,2298,388,75.1,0.0,2.9,-1.8,1.08
456280,2000,388,75.1,0.0,2.9,-1.8,1.08
456281,1994,388,75.1,0.0,2.9,-1.8,1.08
456281,1965,388,75.1,0.0,2.9,-1.8,1.08
456281,1950,388,75.1,0.0,2.9,-1.8,1.08
456299,2071,388,75.1,0.0,3.0,-1.7,1.07
456300,2064,388,75.1,0.0,3.0,-1.7,1.07
456300,2061,388,75.1,0.0,3.0,-1.7,1.07
456300,2066,388,75.1,0.0,3.0,-1.7,1.07
456314,2080,388,75.1,0.0,3.0,-1.7,1.07
456315,2076,388,75.1,0.0,3.0,-1.7,1.07
456315,2076,388,75.1,0.0,3.0,-1.7,1.07
456316,2082,388,75.1,0.0,3.0,-1.7,1.07
456333,2104,388,75.1,0.0,3.0,-1.7,1.07
456334,2084,388,75.1,0.0,3.0,-1.7,1.07
456334,2088,388,75.1,0.0,3.0,-1.7,1.07
456334,2092,388,75.1,0.0,3.0,-1.7,1.07
456347,2079,388,75.1,0.0,3.1,-1.7,1.07
456347,2069,388,75.1,0.0,3.1,-1.7,1.07
456347,2062,388,75.1,0.0,3.1,-1.7,1.07
456365,2026,388,75.1,0.0,3.1,-1.7,1.07
456366,2052,388,75.1,0.0,3.1,-1.7,1.07
456366,2076,388,75.1,0.0,3.1,-1.7,1.07
456366,2074,388,75.1,0.0,3.1,-1.7,1.07
456379,1997,388,75.1,0.0,3.1,-1.7,1.07
456379,1999,388,75.1,0.0,3.1,-1.7,1.07
456379,2019,388,75.1,0.0,3.1,-1.7,1.07
456398,2060,388,75.1,0.0,3.1,-1.7,1.07
456399,2067,388,75.1,0.0,3.1,-1.7,1.07
456399,2033,388,75.1,0.0,3.1,-1.7,1.07
456399,2026,388,75.1,0.0,3.1,-1.7,1.07
456413,1541,388,75.1,0.0,3.0,-1.6,1.07
456414,1562,388,75.1,0.0,3.0,-1.6,1.07
456414,1536,388,75.1,0.0,3.0,-1.6,1.07
456414,1548,388,75.1,0.0,3.0,-1.6,1.07
456437,1990,388,75.1,0.0,3.0,-1.6,1.07
456438,1927,388,75.1,0.0,3.0,-1.6,1.07
456439,1965,388,75.1,0.0,3.0,-1.6,1.07
456439,1980,388,75.1,0.0,3.0,-1.6,1.07
456452,2102,387,75.1,0.0,3.0,-1.6,1.08
456453,2092,387,75.1,0.0,3.0,-1.6,1.08
456453,2116,387,75.1,0.0,3.0,-1.6,1.08
456453,2138,387,75.1,0.0,3.0,-1.6,1.08
456469,2080,387,75.1,0.0,3.0,-1.6,1.08
456469,2053,387,75.1,0.0,3.0,-1.6,1.08
456470,2048,387,75.1,0.0,3.0,-1.6,1.08
456470,2071,387,75.1,0.0,3.0,-1.6,1.08
456483,2040,387,75.1,0.0,3.0,-1.6,1.08
456484,2032,387,75.1,0.0,3.0,-1.6,1.08
456484,2022,387,75.1,0.0,3.0,-1.6,1.08
456502,1981,387,75.1,0.0,3.0,-1.6,1.08
456503,2030,387,75.1,0.0,3.0,-1.6,1.08
456503,2022,387,75.1,0.0,3.0,-1.6,1.08
456503,2041,387,75.1,0.0,3.0,-1.6,1.08
456516,2115,387,75.1,0.0,3.0,-1.7,1.08
456517,2093,387,75.1,0.0,3.0,-1.7,1.08
456517,2111,387,75.1,0.0,3.0,-1.7,1.08
456536,2010,387,75.1,0.0,3.0,-1.7,1.08
456536,2014,387,75.1,0.0,3.0,-1.7,1.08
456536,1982,387,75.1,0.0,3.0,-1.7,1.08
456537,1981,387,75.1,0.0,3.0,-1.7,1.08
456549,2093,387,75.1,0.0,3.0,-1.7,1.08
456550,2106,387,75.1,0.0,3.0,-1.7,1.08
456550,2098,387,75.1,0.0,3.0,-1.7,1.08
456569,2119,387,75.1,0.0,2.9,-1.8,1.07
456569,2110,387,75.1,0.0,2.9,-1.8,1.07
456569,2123,387,75.1,0.0,2.9,-1.8,1.07
456570,2144,387,75.1,0.0,2.9,-1.8,1.07
456583,2008,387,75.1,0.0,2.9,-1.8,1.07
456583,1997,387,75.1,0.0,2.9,-1.8,1.07
456584,1983,387,75.1,0.0,2.9,-1.8,1.07
456601,2000,386,75.1,0.0,2.9,-1.8,1.07
456602,2006,386,75.1,0.0,2.9,-1.8,1.07
456602,2009,386,75.1,0.0,2.9,-1.8,1.07
456602,2003,386,75.1,0.0,2.9,-1.8,1.07
456615,2047,386,75.1,0.0,3.1,-1.8,1.08
456615,2050,386,75.1,0.0,3.1,-1.8,1.08
456615,2070,386,75.1,0.0,3.1,-1.8,1.08
456635,2386,386,75.1,0.0,3.1,-1.8,1.08
456635,2349,386,75.1,0.0,3.1,-1.8,1.08
456635,2339,386,75.1,0.0,3.1,-1.8,1.08
456637,2265,386,75.1,0.0,3.1,-1.8,1.08
456651,2058,386,75.1,0.0,3.1,-1.8,1.08
456652,2062,386,75.1,0.0,3.1,-1.8,1.08
456652,2027,386,75.1,0.0,3.1,-1.8,1.08
456652,2018,386,75.1,0.0,3.1,-1.8,1.08
456669,2016,386,75.1,0.0,3.2,-1.7,1.08
456669,2014,386,75.1,0.0,3.2,-1.7,1.08
456670,2018,386,75.1,0.0,3.2,-1.7,1.08
456670,1950,386,75.1,0.0,3.2,-1.7,1.08
456683,2024,386,75.1,0.0,3.2,-1.7,1.08
456684,2044,386,75.1,0.0,3.2,-1.7,1.08
456684,2067,386,75.1,0.0,3.2,-1.7,1.08
456703,2033,386,75.1,0.0,3.2,-1.7,1.08
456705,2009,386,75.1,0.0,3.2,-1.7,1.08
456705,1986,386,75.1,0.0,3.2,-1.7,1.08
456706,1999,386,75.1,0.0,3.2,-1.7,1.08
456718,1273,386,75.1,0.0,3.1,-1.7,1.07
456719,1412,386,75.1,0.0,3.1,-1.7,1.07
456719,1435,386,75.1,0.0,3.1,-1.7,1.07
456719,1469,386,75.1,0.0,3.1,-1.7,1.07
456738,1887,385,75.1,0.0,3.1,-1.7,1.07
456738,1863,385,75.1,0.0,3.1,-1.7,1.07
456739,1828,385,75.1,0.0,3.1,-1.7,1.07
456739,1762,385,75.1,0.0,3.1,-1.7,1.07
456753,2000,385,75.1,0.0,3.1,-1.7,1.07
456753,2042,385,75.1,0.0,3.1,-1.7,1.07
456754,2107,385,75.1,0.0,3.1,-1.7,1.07
456754,2144,385,75.1,0.0,3.1,-1.7,1.07
456771,1844,385,75.1,0.0,3.0,-1.7,1.06
456772,1793,385,75.1,0.0,3.0,-1.7,1.06
456772,1791,385,75.1,0.0,3.0,-1.7,1.06
456772,1823,385,75.1,0.0,3.0,-1.7,1.06
456785,2124,385,75.1,0.0,3.0,-1.7,1.06
456785,2106,385,75.1,0.0,3.0,-1.7,1.06
456785,2078,385,75.1,0.0,3.0,-1.7,1.06
456804,1878,385,75.1,0.0,3.0,-1.7,1.06
456805,1926,385,75.1,0.0,3.0,-1.7,1.06
456805,1914,385,75.1,0.0,3.0,-1.7,1.06
456805,1876,385,75.1,0.0,3.0,-1.7,1.06
456818,2117,385,75.1,0.0,3.1,-1.7,1.08
456818,2111,385,75.1,0.0,3.1,-1.7,1.08
456818,2138,385,75.1,0.0,3.1,-1.7,1.08
456838,2129,385,75.1,0.0,3.1,-1.7,1.08
456838,2075,385,75.1,0.0,3.1,-1.7,1.08
456838,2049,385,75.1,0.0,3.1,-1.7,1.08
456841,2026,385,75.1,0.0,3.1,-1.7,1.08
456853,1944,384,75.1,0.0,3.1,-1.7,1.08
456854,1968,384,75.1,0.0,3.1,-1.7,1.08
456854,1936,384,75.1,0.0,3.1,-1.7,1.08
456854,1915,384,75.1,0.0,3.1,-1.7,1.08
456872,1966,384,75.1,0.0,3.1,-1.7,1.08
456873,1985,384,75.1,0.0,3.1,-1.7,1.08
456873,1994,384,75.1,0.0,3.1,-1.7,1.08
456873,1972,384,75.1,0.0,3.1,-1.7,1.08
456886,2012,384,75.1,0.0,3.1,-1.7,1.08
456886,2071,384,75.1,0.0,3.1,-1.7,1.08
456886,2114,384,75.1,0.0,3.1,-1.7,1.08
456905,1909,384,75.1,0.0,3.1,-1.7,1.08
456906,1940,384,75.1,0.0,3.1,-1.7,1.08
456906,1942,384,75.1,0.0,3.1,-1.7,1.08
456906,2025,384,75.1,0.0,3.1,-1.7,1.08
456920,2074,384,75.1,0.0,3.1,-1.8,1.08
456920,2057,384,75.1,0.0,3.1,-1.8,1.08
456921,2049,384,75.1,0.0,3.1,-1.8,1.08
456921,2030,384,75.1,0.0,3.1,-1.8,1.08
456938,2018,384,75.1,0.0,3.1,-1.8,1.08
456938,2046,384,75.1,0.0,3.1,-1.8,1.08
456938,2067,384,75.1,0.0,3.1,-1.8,1.08
456939,2054,384,75.1,0.0,3.1,-1.8,1.08
456952,2175,383,75.1,0.0,3.1,-1.8,1.08
456952,2167,383,75.1,0.0,3.1,-1.8,1.08
456953,2188,383,75.1,0.0,3.1,-1.8,1.08
456971,2146,383,75.1,0.0,3.1,-1.7,1.08
456972,2136,383,75.1,0.0,3.1,-1.7,1.08
456972,2089,383,75.1,0.0,3.1,-1.7,1.08
456972,2087,383,75.1,0.0,3.1,-1.7,1.08
456985,2023,383,75.1,0.0,3.1,-1.7,1.08
456985,2024,383,75.1,0.0,3.1,-1.7,1.08
456985,2032,383,75.1,0.0,3.1,-1.7,1.08
457005,1956,383,75.1,0.0,3.1,-1.7,1.08
457005,1977,383,75.1,0.0,3.1,-1.7,1.08
457005,1993,383,75.1,0.0,3.1,-1.7,1.08
457007,2084,383,75.1,0.0,3.1,-1.7,1.08
457021,2036,383,75.1,0.0,3.2,-1.7,1.07
457022,1987,383,75.1,0.0,3.2,-1.7,1.07
457023,1972,383,75.1,0.0,3.2,-1.7,1.07
457024,1992,383,75.1,0.0,3.2,-1.7,1.07
457041,2044,382,75.1,0.0,3.2,-1.7,1.07
457042,2017,382,75.1,0.0,3.2,-1.7,1.07
457042,1989,382,75.1,0.0,3.2,-1.7,1.07
457042,1988,382,75.1,0.0,3.2,-1.7,1.07
457055,2027,382,75.1,0.0,3.2,-1.7,1.07
457055,2047,382,75.1,0.0,3.2,-1.7,1.07
457055,2033,382,75.1,0.0,3.2,-1.7,1.07
457074,2322,382,75.1,0.0,3.2,-1.7,1.07
457075,2312,382,75.1,0.0,3.2,-1.7,1.07
457075,2335,382,75.1,0.0,3.2,-1.7,1.07
457075,2350,382,75.1,0.0,3.2,-1.7,1.07
457088,2056,382,75.1,0.0,3.2,-1.7,1.07
457088,2084,382,75.1,0.0,3.2,-1.7,1.07
457088,2076,382,75.1,0.0,3.2,-1.7,1.07
457108,2063,381,75.1,0.0,3.2,-1.7,1.07
457108,2115,381,75.1,0.0,3.2,-1.7,1.07
457108,2113,381,75.1,0.0,3.2,-1.7,1.07
457108,2089,381,75.1,0.0,3.2,-1.7,1.07
457122,1962,381,75.1,0.0,3.1,-1.7,1.08
457122,1986,381,75.1,0.0,3.1,-1.7,1.08
457123,2005,381,75.1,0.0,3.1,-1.7,1.08
457141,2037,380,75.1,0.0,3.1,-1.7,1.08
457141,2010,380,75.1,0.0,3.1,-1.7,1.08
457141,2002,380,75.1,0.0,3.1,-1.7,1.08
457142,2024,380,75.1,0.0,3.1,-1.7,1.08
457154,1900,380,75.1,0.0,3.1,-1.7,1.08
457155,1893,380,75.1,0.0,3.1,-1.7,1.08
457155,1900,380,75.1,0.0,3.1,-1.7,1.08
457173,2285,380,75.1,0.0,3.2,-1.7,1.07
457174,2295,380,75.1,0.0,3.2,-1.7,1.07
457174,2318,380,75.1,0.0,3.2,-1.7,1.07
457174,2322,380,75.1,0.0,3.2,-1.7,1.07
457187,1956,380,75.1,0.0,3.2,-1.7,1.07
457187,1761,380,75.1,0.0,3.2,-1.7,1.07
457187,1962,380,75.1,0.0,3.2,-1.7,1.07
457206,2063,379,75.1,0.0,3.2,-1.7,1.07
457207,2116,379,75.1,0.0,3.2,-1.7,1.07
457207,2121,379,75.1,0.0,3.2,-1.7,1.07
457207,2143,379,75.1,0.0,3.2,-1.7,1.07
457221,2004,379,75.1,0.0,3.2,-1.7,1.08
457221,2002,379,75.1,0.0,3.2,-1.7,1.08
457222,2012,379,75.1,0.0,3.2,-1.7,1.08
457240,2049,378,75.1,0.0,3.2,-1.7,1.08
457240,2051,378,75.1,0.0,3.2,-1.7,1.08
457240,2051,378,75.1,0.0,3.2,-1.7,1.08
457240,2068,378,75.1,0.0,3.2,-1.7,1.08
457253,2173,378,75.1,0.0,3.2,-1.7,1.08
457253,2149,378,75.1,0.0,3.2,-1.7,1.08
457253,2146,378,75.1,0.0,3.2,-1.7,1.08
457273,2174,378,75.1,0.0,3.1,-1.6,1.09
457273,2186,378,75.1,0.0,3.1,-1.6,1.09
457273,2174,378,75.1,0.0,3.1,-1.6,1.09
457275,2159,378,75.1,0.0,3.1,-1.6,1.09
457289,2061,377,75.1,0.0,3.1,-1.6,1.09
457290,2061,377,75.1,0.0,3.1,-1.6,1.09
457291,2072,377,75.1,0.0,3.1,-1.6,1.09
457291,2057,377,75.1,0.0,3.1,-1.6,1.09
457307,2067,377,75.1,0.0,3.1,-1.6,1.09
457307,2095,377,75.1,0.0,3.1,-1.6,1.09
457308,2139,377,75.1,0.0,3.1,-1.6,1.09
457308,2166,377,75.1,0.0,3.1,-1.6,1.09
457321,2026,377,75.1,0.0,3.2,-1.5,1.08
457322,1992,377,75.1,0.0,3.2,-1.5,1.08
457322,1989,377,75.1,0.0,3.2,-1.5,1.08
457340,2036,377,75.1,0.0,3.2,-1.5,1.08
457341,2043,377,75.1,0.0,3.2,-1.5,1.08
457341,2047,377,75.1,0.0,3.2,-1.5,1.08
457341,2059,377,75.1,0.0,3.2,-1.5,1.08
457354,2105,376,75.1,0.0,3.2,-1.5,1.08
457354,2089,376,75.1,0.0,3.2,-1.5,1.08
457354,2105,376,75.1,0.0,3.2,-1.5,1.08
457374,2247,377,75.1,0.0,3.2,-1.5,1.08
457374,2213,377,75.1,0.0,3.2,-1.5,1.08
457374,2239,377,75.1,0.0,3.2,-1.5,1.08
457374,2229,377,75.1,0.0,3.2,-1.5,1.08
457388,2037,377,75.1,0.0,3.2,-1.5,1.08
457389,2021,377,75.1,0.0,3.2,-1.5,1.08
457389,2022,377,75.1,0.0,3.2,-1.5,1.08
457390,2008,377,75.1,0.0,3.2,-1.5,1.08
457407,2052,378,75.1,0.0,3.2,-1.5,1.08
457407,2090,378,75.1,0.0,3.2,-1.5,1.08
457407,2091,378,75.1,0.0,3.2,-1.5,1.08
457408,2103,378,75.1,0.0,3.2,-1.5,1.08
457421,2014,381,75.1,0.0,3.3,-1.6,1.07
457421,2006,381,75.1,0.0,3.3,-1.6,1.07
457421,2028,381,75.1,0.0,3.3,-1.6,1.07
457439,2025,386,75.1,0.0,3.3,-1.6,1.07
457440,2007,386,75.1,0.0,3.3,-1.6,1.07
457440,2002,386,75.1,0.0,3.3,-1.6,1.07
457440,2004,386,75.1,0.0,3.3,-1.6,1.07
457453,2339,389,75.1,0.0,3.3,-1.6,1.07
457453,2337,389,75.1,0.0,3.3,-1.6,1.07
457453,2335,389,75.1,0.0,3.3,-1.6,1.07
457474,1806,394,75.1,0.0,3.4,-1.7,1.09
457475,1854,394,75.1,0.0,3.4,-1.7,1.09
457476,1841,394,75.1,0.0,3.4,-1.7,1.09
457476,1830,394,75.1,0.0,3.4,-1.7,1.09
457490,2339,401,75.1,0.0,3.4,-1.7,1.09
457491,2354,401,75.1,0.0,3.4,-1.7,1.09
457492,2402,401,75.1,0.0,3.4,-1.7,1.09
457492,2389,401,75.1,0.0,3.4,-1.7,1.09
457509,2086,409,75.1,0.0,3.4,-1.7,1.09
457509,2105,409,75.1,0.0,3.4,-1.7,1.09
457509,2122,409,75.1,0.0,3.4,-1.7,1.09
457510,2143,409,75.1,0.0,3.4,-1.7,1.09
457522,2046,413,75.1,0.0,3.4,-1.6,1.08
457522,2032,413,75.1,0.0,3.4,-1.6,1.08
457523,2003,413,75.1,0.0,3.4,-1.6,1.08
457541,2019,423,75.1,0.0,3.4,-1.6,1.08
457542,2020,423,75.1,0.0,3.4,-1.6,1.08
457542,2017,423,75.1,0.0,3.4,-1.6,1.08
457542,2000,423,75.1,0.0,3.4,-1.6,1.08
457555,2298,428,75.1,0.0,3.4,-1.6,1.08
457555,2279,428,75.1,0.0,3.4,-1.6,1.08
457555,2262,428,75.1,0.0,3.4,-1.6,1.08
457575,2093,439,75.1,0.0,3.2,-1.5,1.07
457578,2112,438,75.1,0.0,3.2,-1.5,1.07
457578,2061,438,75.1,0.0,3.2,-1.5,1.07
457579,2051,438,75.1,0.0,3.2,-1.5,1.07
457591,2159,443,75.1,0.0,3.2,-1.5,1.07
457592,2178,443,75.1,0.0,3.2,-1.5,1.07
457592,2168,443,75.1,0.0,3.2,-1.5,1.07
457592,2151,443,75.1,0.0,3.2,-1.5,1.07
457609,2046,454,75.1,0.0,3.2,-1.5,1.07
457609,2053,454,75.1,0.0,3.2,-1.5,1.07
457609,2069,454,75.1,0.0,3.2,-1.5,1.07
457610,2062,454,75.1,0.0,3.2,-1.5,1.07
457622,2030,460,75.1,0.0,3.2,-1.4,1.08
457622,2021,460,75.1,0.0,3.2,-1.4,1.08
457623,2043,460,75.1,0.0,3.2,-1.4,1.08
457641,1449,472,75.1,0.0,3.2,-1.4,1.08
457641,1622,472,75.1,0.0,3.2,-1.4,1.08
457641,1649,472,75.1,0.0,3.2,-1.4,1.08
457641,1703,472,75.1,0.0,3.2,-1.4,1.08
457654,2654,478,49.9,0.0,3.2,-1.4,1.08
457654,2578,478,49.9,0.0,3.2,-1.4,1.08
457655,2575,478,49.9,0.0,3.2,-1.4,1.08
457675,2316,493,49.9,0.0,3.2,-1.6,1.07
457678,2280,502,49.9,0.0,3.2,-1.6,1.07
457678,2241,502,49.9,0.0,3.2,-1.6,1.07
457678,2256,502,49.9,0.0,3.2,-1.6,1.07
457691,2106,512,49.9,0.0,3.2,-1.6,1.07
457691,2115,512,49.9,0.0,3.2,-1.6,1.07
457692,2093,512,49.9,0.0,3.2,-1.6,1.07
457692,2067,512,49.9,0.0,3.2,-1.6,1.07
457709,2059,544,49.9,0.0,3.2,-1.6,1.07
457709,2086,544,49.9,0.0,3.2,-1.6,1.07
457709,2082,544,49.9,0.0,3.2,-1.6,1.07
457709,2058,544,49.9,0.0,3.2,-1.6,1.07
457722,2006,571,49.9,0.0,3.1,-1.7,1.08
457722,2028,571,49.9,0.0,3.1,-1.7,1.08
457722,2046,571,49.9,0.0,3.1,-1.7,1.08
457742,2036,668,49.9,0.0,3.1,-1.7,1.08
457742,2013,668,49.9,0.0,3.1,-1.7,1.08
457742,2008,668,49.9,0.0,3.1,-1.7,1.08
457742,2007,668,49.9,0.0,3.1,-1.7,1.08
457755,2150,751,49.9,0.0,3.1,-1.7,1.08
457755,2143,751,49.9,0.0,3.1,-1.7,1.08
457756,2126,751,49.9,0.0,3.1,-1.7,1.08
457775,2134,967,49.9,0.0,2.7,-1.9,0.97
457776,2126,967,49.9,0.0,2.7,-1.9,0.97
457778,2112,1078,49.9,0.0,2.7,-1.9,0.97
457778,2108,1078,49.9,0.0,2.7,-1.9,0.97
457791,2108,1189,49.9,0.0,2.7,-1.9,0.97
457792,2085,1189,49.9,0.0,2.7,-1.9,0.97
457792,2105,1189,49.9,0.0,2.7,-1.9,0.97
457792,2113,1189,49.9,0.0,2.7,-1.9,0.97
457809,2084,1419,49.9,0.0,2.7,-1.9,0.97
457810,2068,1419,49.9,0.0,2.7,-1.9,0.97
457810,2057,1419,49.9,0.0,2.7,-1.9,0.97
457810,2058,1419,49.9,0.0,2.7,-1.9,0.97
457823,2039,1537,49.9,0.0,2.6,-1.8,1.07
457823,2042,1537,49.9,0.0,2.6,-1.8,1.07
457823,2020,1537,49.9,0.0,2.6,-1.8,1.07
457842,2006,1775,49.9,0.0,2.6,-1.8,1.07
457842,2010,1775,49.9,0.0,2.6,-1.8,1.07
457842,2027,1775,49.9,0.0,2.6,-1.8,1.07
457842,2028,1775,49.9,0.0,2.6,-1.8,1.07
457855,2053,1895,49.9,0.0,2.6,-1.8,1.07
457855,2038,1895,49.9,0.0,2.6,-1.8,1.07
457856,2049,1895,49.9,0.0,2.6,-1.8,1.07
457876,2144,2135,49.9,0.0,2.7,-1.8,1.07
457879,2083,2255,49.9,0.0,2.7,-1.8,1.07
457880,2059,2255,49.9,0.0,2.7,-1.8,1.07
457880,2044,2255,49.9,0.0,2.7,-1.8,1.07
457893,2089,2376,49.9,0.0,2.7,-1.8,1.07
457893,2098,2376,49.9,0.0,2.7,-1.8,1.07
457894,2111,2376,49.9,0.0,2.7,-1.8,1.07
457894,2099,2376,49.9,0.0,2.7,-1.8,1.07
457911,2245,2619,49.9,0.0,2.7,-1.8,1.07
457911,2280,2619,49.9,0.0,2.7,-1.8,1.07
457911,2296,2619,49.9,0.0,2.7,-1.8,1.07
457911,2310,2619,49.9,0.0,2.7,-1.8,1.07
457924,1985,2740,49.9,0.0,2.9,-1.6,1.07
457924,1952,2740,49.9,0.0,2.9,-1.6,1.07
457924,1947,2740,49.9,0.0,2.9,-1.6,1.07
457941,2065,2984,49.9,0.0,2.9,-1.6,1.07
457942,2035,2984,49.9,0.0,2.9,-1.6,1.07
457942,2055,2984,49.9,0.0,2.9,-1.6,1.07
457942,2049,2984,49.9,0.0,2.9,-1.6,1.07
457955,2188,3106,49.9,0.0,2.9,-1.6,1.07
457955,2176,3106,49.9,0.0,2.9,-1.6,1.07
457955,2195,3106,49.9,0.0,2.9,-1.6,1.07
457975,2191,3350,49.9,0.0,2.9,-1.6,1.07
457975,2181,3350,49.9,0.0,2.9,-1.6,1.07
457975,2167,3350,49.9,0.0,2.9,-1.6,1.07
457975,2157,3350,49.9,0.0,2.9,-1.6,1.07
457989,2131,3594,49.9,0.0,3.0,-1.6,1.08
457990,2156,3594,49.9,0.0,3.0,-1.6,1.08
457990,2185,3594,49.9,0.0,3.0,-1.6,1.08
458008,1971,3836,49.9,0.0,3.0,-1.6,1.08
458008,2042,3836,49.9,0.0,3.0,-1.6,1.08
458009,2073,3836,49.9,0.0,3.0,-1.6,1.08
458009,2118,3836,49.9,0.0,3.0,-1.6,1.08
458021,2118,3957,49.9,0.0,3.0,-1.6,1.08
458022,2053,3957,49.9,0.0,3.0,-1.6,1.08
458022,2005,3957,49.9,0.0,3.0,-1.6,1.08
458040,2058,4199,49.9,0.0,3.0,-1.7,1.08
458041,2051,4199,49.9,0.0,3.0,-1.7,1.08
458041,2065,4199,49.9,0.0,3.0,-1.7,1.08
458041,2049,4199,49.9,0.0,3.0,-1.7,1.08
458054,2222,4319,49.9,0.0,3.0,-1.7,1.08
458054,2229,4319,49.9,0.0,3.0,-1.7,1.08
458054,2211,4319,49.9,0.0,3.0,-1.7,1.08
458073,2495,4559,49.9,0.0,3.0,-1.7,1.08
458074,2483,4559,49.9,0.0,3.0,-1.7,1.08
458074,2488,4559,49.9,0.0,3.0,-1.7,1.08
458074,2490,4559,49.9,0.0,3.0,-1.7,1.08
458088,1878,4797,49.9,0.0,3.1,-1.7,1.08
458088,1913,4797,49.9,0.0,3.1,-1.7,1.08
458088,1902,4797,49.9,0.0,3.1,-1.7,1.08
458112,2067,5034,49.9,0.0,3.1,-1.7,1.08
458113,2071,5034,49.9,0.0,3.1,-1.7,1.08
458114,2100,5034,49.9,0.0,3.1,-1.7,1.08
458114,2100,5034,49.9,0.0,3.1,-1.7,1.08
458127,2017,5270,49.9,0.0,3.2,-1.6,1.08
458128,1999,5270,49.9,0.0,3.2,-1.6,1.08
458128,2016,5270,49.9,0.0,3.2,-1.6,1.08
458128,1860,5270,49.9,0.0,3.2,-1.6,1.08
458144,2010,5387,49.9,0.0,3.2,-1.6,1.08
458144,1973,5387,49.9,0.0,3.2,-1.6,1.08
458145,1951,5387,49.9,0.0,3.2,-1.6,1.08
458145,1964,5387,49.9,0.0,3.2,-1.6,1.08
458158,2169,5621,49.9,0.0,3.2,-1.6,1.08
458159,2143,5621,49.9,0.0,3.2,-1.6,1.08
458159,2134,5621,49.9,0.0,3.2,-1.6,1.08
458177,2064,5853,49.9,0.0,3.2,-1.6,1.08
458178,2065,5853,49.9,0.0,3.2,-1.6,1.08
458178,2081,5853,49.9,0.0,3.2,-1.6,1.08
458178,2074,5853,49.9,0.0,3.2,-1.6,1.08
458191,2172,5968,49.9,0.0,3.2,-1.7,1.07
458191,2171,5968,49.9,0.0,3.2,-1.7,1.07
458192,2196,5968,49.9,0.0,3.2,-1.7,1.07
458211,2335,6198,49.9,0.0,3.2,-1.7,1.07
458211,2359,6198,49.9,0.0,3.2,-1.7,1.07
458211,2357,6198,49.9,0.0,3.2,-1.7,1.07
458213,2390,6198,49.9,0.0,3.2,-1.7,1.07
458226,1907,6426,49.9,0.0,3.2,-1.7,1.07
458227,1917,6426,49.9,0.0,3.2,-1.7,1.07
458227,1900,6426,49.9,0.0,3.2,-1.7,1.07
458227,1876,6426,49.9,0.0,3.2,-1.7,1.07
458244,1948,6539,49.9,0.0,3.3,-1.6,1.07
458245,1969,6539,49.9,0.0,3.3,-1.6,1.07
458245,1982,6539,49.9,0.0,3.3,-1.6,1.07
458245,1996,6539,49.9,0.0,3.3,-1.6,1.07
458259,2043,6764,49.9,0.0,3.3,-1.6,1.07
458259,2043,6764,49.9,0.0,3.3,-1.6,1.07
458259,2045,6764,49.9,0.0,3.3,-1.6,1.07
458277,2185,6987,49.9,0.0,3.3,-1.6,1.07
458278,2162,6987,49.9,0.0,3.3,-1.6,1.07
458278,2122,6987,49.9,0.0,3.3,-1.6,1.07
458278,2092,6987,49.9,0.0,3.3,-1.6,1.07
458291,2190,7098,49.9,0.0,3.2,-1.5,1.08
458291,2239,7098,49.9,0.0,3.2,-1.5,1.08
458291,2220,7098,49.9,0.0,3.2,-1.5,1.08
458311,2252,7319,49.9,0.0,3.2,-1.5,1.08
458311,2287,7319,49.9,0.0,3.2,-1.5,1.08
458311,2305,7319,49.9,0.0,3.2,-1.5,1.08
458312,2336,7319,49.9,0.0,3.2,-1.5,1.08
458324,1949,7428,49.9,0.0,3.2,-1.5,1.08
458325,1937,7428,49.9,0.0,3.2,-1.5,1.08
458325,1918,7428,49.9,0.0,3.2,-1.5,1.08
458345,1898,7646,49.9,0.0,3.3,-1.5,1.07
458347,1903,7754,49.9,0.0,3.3,-1.5,1.07
458348,1900,7754,49.9,0.0,3.3,-1.5,1.07
458348,1895,7754,49.9,0.0,3.3,-1.5,1.07
458360,2100,7862,49.9,0.0,3.3,-1.5,1.07
458361,2092,7862,49.9,0.0,3.3,-1.5,1.07
458361,2095,7862,49.9,0.0,3.3,-1.5,1.07
458361,2105,7862,49.9,0.0,3.3,-1.5,1.07
458378,2092,8076,49.9,0.0,3.3,-1.5,1.07
458378,2074,8076,49.9,0.0,3.3,-1.5,1.07
458378,2079,8076,49.9,0.0,3.3,-1.5,1.07
458379,2096,8076,49.9,0.0,3.3,-1.5,1.07
458391,2012,8183,49.9,0.0,3.3,-1.5,1.07
458392,1997,8183,49.9,0.0,3.3,-1.5,1.07
458392,1974,8183,49.9,0.0,3.3,-1.5,1.07
458411,2088,8395,49.9,0.0,3.3,-1.5,1.07
458411,2095,8395,49.9,0.0,3.3,-1.5,1.07
458414,2094,8501,49.9,0.0,3.3,-1.5,1.07
458415,2072,8501,49.9,0.0,3.3,-1.5,1.07
458427,1988,8606,49.9,0.0,3.3,-1.5,1.07
458428,1996,8606,49.9,0.0,3.3,-1.5,1.07
458428,2029,8606,49.9,0.0,3.3,-1.5,1.07
458428,2033,8606,49.9,0.0,3.3,-1.5,1.07
458446,1921,8815,49.9,0.0,3.2,-1.6,1.08
458447,1912,8815,49.9,0.0,3.2,-1.6,1.08
458447,1915,8815,49.9,0.0,3.2,-1.6,1.08
458447,1916,8815,49.9,0.0,3.2,-1.6,1.08
458460,2346,8919,49.9,0.0,3.2,-1.6,1.08
458460,2276,8919,49.9,0.0,3.2,-1.6,1.08
458460,2247,8919,49.9,0.0,3.2,-1.6,1.08
458478,2121,9126,49.9,0.0,3.2,-1.6,1.08
458479,2137,9126,49.9,0.0,3.2,-1.6,1.08
458479,2128,9126,49.9,0.0,3.2,-1.6,1.08
458479,2132,9126,49.9,0.0,3.2,-1.6,1.08
458492,2168,9229,49.9,0.0,3.3,-1.6,1.07
458492,2188,9229,49.9,0.0,3.3,-1.6,1.07
458492,2183,9229,49.9,0.0,3.3,-1.6,1.07
458511,2152,9433,49.9,0.0,3.3,-1.6,1.07
458512,2162,9433,49.9,0.0,3.3,-1.6,1.07
458512,2122,9433,49.9,0.0,3.3,-1.6,1.07
458512,2179,9433,49.9,0.0,3.3,-1.6,1.07
458527,1990,9636,49.9,0.0,3.3,-1.6,1.07
458527,1970,9636,49.9,0.0,3.3,-1.6,1.07
458528,1970,9636,49.9,0.0,3.3,-1.6,1.07
458528,1965,9636,49.9,0.0,3.3,-1.6,1.07
458551,1790,9838,49.9,0.0,3.3,-1.7,1.08
458552,1699,9838,49.9,0.0,3.3,-1.7,1.08
458553,1658,9838,49.9,0.0,3.3,-1.7,1.08
458553,1644,9838,49.9,0.0,3.3,-1.7,1.08
458567,2125,10038,49.9,0.0,3.3,-1.7,1.08
458567,2148,10038,49.9,0.0,3.3,-1.7,1.08
458567,2179,10038,56.7,0.0,3.3,-1.7,1.08
458583,1962,10137,56.7,0.0,3.3,-1.7,1.08
458583,1920,10137,56.7,0.0,3.3,-1.7,1.08
458584,1887,10137,56.7,0.0,3.3,-1.7,1.08
458597,2140,10335,56.7,0.0,3.3,-1.7,1.07
458597,2160,10335,56.7,0.0,3.3,-1.7,1.07
458598,2183,10335,56.7,0.0,3.3,-1.7,1.07
458617,2176,10530,56.7,0.0,3.3,-1.7,1.07
458617,2141,10530,56.7,0.0,3.3,-1.7,1.07
458617,2130,10530,56.7,0.0,3.3,-1.7,1.07
458630,2033,10628,56.7,0.0,3.3,-1.7,1.07
458630,2047,10628,56.7,0.0,3.3,-1.7,1.07
458630,2045,10628,56.7,0.0,3.3,-1.7,1.07
458649,2108,10821,56.7,0.0,3.3,-1.7,1.07
458650,2119,10821,56.7,0.0,3.3,-1.7,1.07
458650,2150,10821,56.7,0.0,3.3,-1.7,1.07
458650,2183,10821,56.7,0.0,3.3,-1.7,1.07
458664,2034,11014,56.7,0.0,3.2,-1.5,1.08
458665,1977,11014,56.7,0.0,3.2,-1.5,1.08
458665,1964,11014,56.7,0.0,3.2,-1.5,1.08
458682,1718,11109,56.7,0.0,3.2,-1.5,1.08
458682,1895,11109,56.7,0.0,3.2,-1.5,1.08
458683,1931,11109,56.7,0.0,3.2,-1.5,1.08
458697,2163,11299,56.7,0.0,3.2,-1.5,1.08
458697,2088,11299,56.7,0.0,3.2,-1.5,1.08
458697,2090,11299,56.7,0.0,3.2,-1.5,1.08
458715,2347,11487,56.7,0.0,3.2,-1.5,1.12
458715,2323,11487,56.7,0.0,3.2,-1.5,1.12
458716,2293,11487,56.7,0.0,3.2,-1.5,1.12
458728,1937,11581,56.7,0.0,3.2,-1.5,1.12
458729,1967,11581,56.7,0.0,3.2,-1.5,1.12
458729,2010,11581,56.7,0.0,3.2,-1.5,1.12
458748,1970,11767,56.7,0.0,3.2,-1.5,1.12
458750,2154,11767,56.7,0.0,3.2,-1.5,1.12
458750,2190,11767,56.7,0.0,3.2,-1.5,1.12
458750,2247,11767,56.7,0.0,3.2,-1.5,1.12
458764,2013,11952,56.7,0.0,3.3,-1.5,1.07
458765,1966,11952,56.7,0.0,3.3,-1.5,1.07
458765,1924,11952,56.7,0.0,3.3,-1.5,1.07
458781,2072,12044,56.7,0.0,3.3,-1.5,1.07
458781,2093,12044,56.7,0.0,3.3,-1.5,1.07
458782,2094,12044,56.7,0.0,3.3,-1.5,1.07
458795,2074,12227,56.7,0.0,3.3,-1.5,1.07
458796,2057,12227,56.7,0.0,3.3,-1.5,1.07
458796,2059,12227,56.7,0.0,3.3,-1.5,1.07
458816,2108,12409,56.7,0.0,3.4,-1.6,1.08
458817,2108,12409,56.7,0.0,3.4,-1.6,1.08
458818,2094,12409,56.7,0.0,3.4,-1.6,1.08
458818,2057,12409,56.7,0.0,3.4,-1.6,1.08
458831,2599,12499,56.7,0.0,3.4,-1.6,1.08
458831,2745,12499,56.7,0.0,3.4,-1.6,1.08
458831,2810,12499,56.7,0.0,3.4,-1.6,1.08
458850,1723,12678,56.7,0.0,3.4,-1.6,1.08
458850,1746,12678,56.7,0.0,3.4,-1.6,1.08
458851,1717,12678,56.7,0.0,3.4,-1.6,1.08
458864,2108,12856,56.7,0.0,3.3,-1.7,1.08
458865,2129,12856,56.7,0.0,3.3,-1.7,1.08
458865,2170,12856,56.7,0.0,3.3,-1.7,1.08
458881,2051,12945,56.7,0.0,3.3,-1.7,1.08
458882,2001,12945,56.7,0.0,3.3,-1.7,1.08
458882,1970,12945,56.7,0.0,3.3,-1.7,1.08
458896,2272,13120,56.7,0.0,3.3,-1.7,1.08
458896,2311,13120,56.7,0.0,3.3,-1.7,1.08
458896,2314,13120,56.7,0.0,3.3,-1.7,1.08
458917,2108,13294,56.7,0.0,3.3,-1.8,1.08
458919,2072,13294,56.7,0.0,3.3,-1.8,1.08
458920,2070,13294,56.7,0.0,3.3,-1.8,1.08
458920,2097,13294,56.7,0.0,3.3,-1.8,1.08
458934,2282,13466,56.7,0.0,3.3,-1.8,1.08
458934,2260,13466,56.7,0.0,3.3,-1.8,1.08
458934,2230,13466,56.7,0.0,3.3,-1.8,1.08
458950,2074,13552,56.7,0.0,3.3,-1.8,1.08
458950,2147,13552,56.7,0.0,3.3,-1.8,1.08
458951,2152,13552,56.7,0.0,3.3,-1.8,1.08
458964,2001,13722,56.7,0.0,3.3,-1.6,1.07
458965,1965,13722,56.7,0.0,3.3,-1.6,1.07
458965,1975,13722,56.7,0.0,3.3,-1.6,1.07
458983,2048,13890,56.7,0.0,3.3,-1.6,1.07
458984,2045,13890,56.7,0.0,3.3,-1.6,1.07
458984,2021,13890,56.7,0.0,3.3,-1.6,1.07
458997,2231,13974,56.7,0.0,3.3,-1.6,1.07
458997,2241,13974,56.7,0.0,3.3,-1.6,1.07
458997,2259,13974,56.7,0.0,3.3,-1.6,1.07
459017,2153,14140,56.7,0.0,3.3,-1.6,1.07
459017,2113,14140,56.7,0.0,3.3,-1.6,1.07
459018,2091,14140,56.7,0.0,3.3,-1.6,1.07
459031,2367,14223,56.7,0.0,3.3,-1.6,1.08
459031,2464,14223,56.7,0.0,3.3,-1.6,1.08
459031,2511,14223,56.7,0.0,3.3,-1.6,1.08
459049,1902,14388,56.7,0.0,3.3,-1.6,1.08
459050,1971,14388,56.7,0.0,3.3,-1.6,1.08
459050,1974,14388,56.7,0.0,3.3,-1.6,1.08
459064,2051,14551,56.7,0.0,3.3,-1.6,1.08
459064,2041,14551,56.7,0.0,3.3,-1.6,1.08
459064,2048,14551,56.7,0.0,3.3,-1.6,1.08
459083,2039,14713,56.7,0.0,3.2,-1.6,1.08
459084,2012,14713,56.7,0.0,3.2,-1.6,1.08
459084,2004,14713,56.7,0.0,3.2,-1.6,1.08
459097,2234,14794,56.7,0.0,3.2,-1.6,1.08
459097,2234,14794,56.7,0.0,3.2,-1.6,1.08
459097,2232,14794,56.7,0.0,3.2,-1.6,1.08
459117,2214,14954,56.7,0.0,3.2,-1.6,1.08
459117,2208,14954,56.7,0.0,3.2,-1.6,1.08
459118,2209,14954,56.7,0.0,3.2,-1.6,1.08
459130,2041,15034,56.7,0.0,3.3,-1.6,1.07
459131,2038,15034,56.7,0.0,3.3,-1.6,1.07
459131,2027,15034,56.7,0.0,3.3,-1.6,1.07
459149,2091,15193,56.7,0.0,3.3,-1.6,1.07
459150,2231,15193,56.7,0.0,3.3,-1.6,1.07
459150,2292,15193,56.7,0.0,3.3,-1.6,1.07
459164,1982,15350,56.7,0.0,3.3,-1.6,1.07
459164,1957,15350,56.7,0.0,3.3,-1.6,1.07
459164,1923,15350,56.7,0.0,3.3,-1.6,1.07
459182,2051,15506,56.7,0.0,3.3,-1.6,1.07
459183,2073,15506,56.7,0.0,3.3,-1.6,1.07
459183,2079,15506,56.7,0.0,3.3,-1.6,1.07
459196,2088,15584,56.7,0.0,3.3,-1.5,1.08
459196,2066,15584,56.7,0.0,3.3,-1.5,1.08
459196,2062,15584,56.7,0.0,3.3,-1.5,1.08
459216,2425,15738,56.7,0.0,3.3,-1.5,1.08
459217,2380,15738,56.7,0.0,3.3,-1.5,1.08
459218,2371,15738,56.7,0.0,3.3,-1.5,1.08
459218,2336,15738,56.7,0.0,3.3,-1.5,1.08
459231,1595,15815,56.7,0.0,3.3,-1.5,1.08
459231,1491,15815,56.7,0.0,3.3,-1.5,1.08
459231,1446,15815,56.7,0.0,3.3,-1.5,1.08
459252,2682,15968,56.7,0.0,3.3,-1.6,1.07
459254,2664,16043,56.7,0.0,3.3,-1.6,1.07
459255,2692,16043,56.7,0.0,3.3,-1.6,1.07
459255,2724,16043,56.7,0.0,3.3,-1.6,1.07
459268,1774,16119,56.7,0.0,3.3,-1.6,1.07
459268,1720,16119,56.7,0.0,3.3,-1.6,1.07
459268,1688,16119,56.7,0.0,3.3,-1.6,1.07
459269,1731,16119,56.7,0.0,3.3,-1.6,1.07
459285,2088,16269,56.7,0.0,3.3,-1.6,1.07
459286,2090,16269,56.7,0.0,3.3,-1.6,1.07
459286,2052,16269,56.7,0.0,3.3,-1.6,1.07
459299,2108,16344,56.7,0.0,3.2,-1.6,1.07
459299,2107,16344,56.7,0.0,3.2,-1.6,1.07
459299,2144,16344,56.7,0.0,3.2,-1.6,1.07
459319,2077,16492,56.7,0.0,3.2,-1.6,1.07
459319,2045,16492,56.7,0.0,3.2,-1.6,1.07
459319,2042,16492,56.7,0.0,3.2,-1.6,1.07
459333,2175,16639,56.7,0.0,3.2,-1.6,1.07
459333,2200,16639,56.7,0.0,3.2,-1.6,1.07
459333,2225,16639,56.7,0.0,3.2,-1.6,1.07
459353,2087,16786,56.7,0.0,3.2,-1.5,1.08
459353,2054,16786,56.7,0.0,3.2,-1.5,1.08
459354,2064,16786,56.7,0.0,3.2,-1.5,1.08
459366,2021,16858,56.7,0.0,3.2,-1.5,1.08
459366,2038,16858,56.7,0.0,3.2,-1.5,1.08
459367,2017,16858,56.7,0.0,3.2,-1.5,1.08
459386,2192,17003,56.7,0.0,3.2,-1.5,1.08
459386,2252,17003,56.7,0.0,3.2,-1.5,1.08
459386,2296,17003,56.7,0.0,3.2,-1.5,1.08
459399,2264,17075,56.7,0.0,3.3,-1.5,1.08
459399,2198,17075,56.7,0.0,3.3,-1.5,1.08
459399,2147,17075,56.7,0.0,3.3,-1.5,1.08
459418,2158,17218,56.7,0.0,3.3,-1.5,1.08
459419,2196,17218,56.7,0.0,3.3,-1.5,1.08
459419,2215,17218,56.7,0.0,3.3,-1.5,1.08
459433,2155,17360,56.7,0.0,3.3,-1.5,1.08
459433,2132,17360,56.7,0.0,3.3,-1.5,1.08
459433,2127,17360,56.7,0.0,3.3,-1.5,1.08
459458,2057,17501,56.7,0.0,3.3,-1.6,1.08
459461,2069,17571,56.7,0.0,3.3,-1.6,1.08
459461,2048,17571,56.7,0.0,3.3,-1.6,1.08
459462,2017,17571,56.7,0.0,3.3,-1.6,1.08
459474,1997,17641,56.7,0.0,3.3,-1.6,1.08
459475,2029,17641,56.7,0.0,3.3,-1.6,1.08
459475,2043,17641,56.7,0.0,3.3,-1.6,1.08
459492,2107,17780,56.7,0.0,3.3,-1.6,1.08
459492,2076,17780,56.7,0.0,3.3,-1.6,1.08
459492,2079,17780,56.7,0.0,3.3,-1.6,1.08
459505,2008,17848,56.7,0.0,3.3,-1.6,1.07
459505,2019,17848,56.7,0.0,3.3,-1.6,1.07
459505,2011,17848,56.7,0.0,3.3,-1.6,1.07
459523,2000,17986,56.7,0.0,3.3,-1.6,1.07
459524,1993,17986,56.7,0.0,3.3,-1.6,1.07
459524,2027,17986,56.7,0.0,3.3,-1.6,1.07
459537,2351,18054,56.7,0.0,3.3,-1.6,1.07
459538,2302,18054,56.7,0.0,3.3,-1.6,1.07
459538,2279,18054,56.7,0.0,3.3,-1.6,1.07
459558,2066,18188,56.7,0.0,3.2,-1.6,1.07
459560,2095,18255,56.7,0.0,3.2,-1.6,1.07
459560,2088,18255,56.7,0.0,3.2,-1.6,1.07
459561,2057,18255,56.7,0.0,3.2,-1.6,1.07
459573,2280,18322,56.7,0.0,3.2,-1.6,1.07
459574,2318,18322,56.7,0.0,3.2,-1.6,1.07
459574,2326,18322,56.7,0.0,3.2,-1.6,1.07
459590,2030,18388,56.7,0.0,3.2,-1.6,1.07
459590,2107,18388,56.7,0.0,3.2,-1.6,1.07
459591,2101,18388,56.7,0.0,3.2,-1.6,1.07
459604,2005,18520,56.7,0.0,3.2,-1.6,1.08
459604,2023,18520,56.7,0.0,3.2,-1.6,1.08
459605,2027,18520,56.7,0.0,3.2,-1.6,1.08
459624,2052,18650,56.7,0.0,3.2,-1.6,1.08
459624,2013,18650,56.7,0.0,3.2,-1.6,1.08
459626,2008,18650,56.7,0.0,3.2,-1.6,1.08
459626,2036,18650,56.7,0.0,3.2,-1.6,1.08
459639,2173,18715,56.7,0.0,3.2,-1.6,1.08
459639,2126,18715,56.7,0.0,3.2,-1.6,1.08
459639,2093,18715,56.7,0.0,3.2,-1.6,1.08
459657,2175,18844,56.7,0.0,3.2,-1.6,1.08
459657,2186,18844,56.7,0.0,3.2,-1.6,1.08
459658,2203,18844,56.7,0.0,3.2,-1.6,1.08
459671,2020,18972,56.7,0.0,3.2,-1.6,1.08
459672,1991,18972,56.7,0.0,3.2,-1.6,1.08
459672,2000,18972,56.7,0.0,3.2,-1.6,1.08
459689,2025,19036,56.7,0.0,3.2,-1.6,1.08
459689,2045,19036,56.7,0.0,3.2,-1.6,1.08
459689,2026,19036,56.7,0.0,3.2,-1.6,1.08
459703,2026,19162,56.7,0.0,3.2,-1.6,1.08
459703,2018,19162,56.7,0.0,3.2,-1.6,1.08
459703,2029,19162,56.7,0.0,3.2,-1.6,1.08
459722,2045,19288,56.7,0.0,3.2,-1.6,1.08
459723,2031,19288,56.7,0.0,3.2,-1.6,1.08
459723,2015,19288,56.7,0.0,3.2,-1.6,1.08
459736,2137,19351,56.7,0.0,3.2,-1.6,1.08
459736,2148,19351,56.7,0.0,3.2,-1.6,1.08
459736,2142,19351,56.7,0.0,3.2,-1.6,1.08
459756,2423,19475,56.7,0.0,3.2,-1.6,1.08
459758,2354,19475,56.7,0.0,3.2,-1.6,1.08
459758,2336,19475,56.7,0.0,3.2,-1.6,1.08
459758,2352,19475,56.7,0.0,3.2,-1.6,1.08
459772,2156,19599,56.7,0.0,3.2,-1.6,1.08
459773,2179,19599,56.7,0.0,3.2,-1.6,1.08
459774,2180,19599,56.7,0.0,3.2,-1.6,1.08
459774,2201,19599,56.7,0.0,3.2,-1.6,1.08
459792,2195,19721,56.7,0.0,3.2,-1.6,1.08
459792,2249,19721,56.7,0.0,3.2,-1.6,1.08
459793,2242,19721,56.7,0.0,3.2,-1.6,1.08
459805,1974,19782,56.7,0.0,3.2,-1.6,1.08
459806,1967,19782,56.7,0.0,3.2,-1.6,1.08
459806,1973,19782,56.7,0.0,3.2,-1.6,1.08
459822,2074,19903,56.7,0.0,3.2,-1.6,1.08
459823,2054,19903,56.7,0.0,3.2,-1.6,1.08
459823,2048,19903,56.7,0.0,3.2,-1.6,1.08
459836,2072,19964,56.7,0.0,3.3,-1.6,1.07
459836,2083,19964,56.7,0.0,3.3,-1.6,1.07
459836,2064,19964,56.7,0.0,3.3,-1.6,1.07
459854,2147,20083,56.7,0.0,3.3,-1.6,1.07
459855,2141,20083,56.7,0.0,3.3,-1.6,1.07
459855,2144,20083,56.7,0.0,3.3,-1.6,1.07
459868,1976,20143,56.7,0.0,3.3,-1.6,1.07
459868,1988,20143,56.7,0.0,3.3,-1.6,1.07
459868,1973,20143,56.7,0.0,3.3,-1.6,1.07
459890,1986,20261,56.7,0.0,3.3,-1.6,1.08
459893,2202,20320,56.7,0.0,3.3,-1.6,1.08
459894,2251,20320,56.7,0.0,3.3,-1.6,1.08
459894,2262,20320,56.7,0.0,3.3,-1.6,1.08
459907,1971,20378,56.7,0.0,3.3,-1.6,1.08
459907,1943,20378,56.7,0.0,3.3,-1.6,1.08
459908,1933,20378,56.7,0.0,3.3,-1.6,1.08
459908,1945,20378,56.7,0.0,3.3,-1.6,1.08
459925,2038,20495,56.7,0.0,3.3,-1.6,1.08
459925,2030,20495,56.7,0.0,3.3,-1.6,1.08
459925,2016,20495,56.7,0.0,3.3,-1.6,1.08
459938,2021,20553,56.7,0.0,3.2,-1.5,1.07
459938,2027,20553,56.7,0.0,3.2,-1.5,1.07
459938,2033,20553,56.7,0.0,3.2,-1.5,1.07
459957,2055,20668,56.7,0.0,3.2,-1.5,1.07
459958,2036,20668,56.7,0.0,3.2,-1.5,1.07
459958,2039,20668,56.7,0.0,3.2,-1.5,1.07
459971,2046,20782,56.7,0.0,3.2,-1.5,1.07
459972,2063,20782,56.7,0.0,3.2,-1.5,1.07
459972,2064,20782,56.7,0.0,3.2,-1.5,1.07
459991,2111,20896,56.7,0.0,3.2,-1.6,1.08
459991,2148,20896,56.7,0.0,3.2,-1.6,1.08
459991,2168,20896,56.7,0.0,3.2,-1.6,1.08
460004,2022,20952,56.7,0.0,3.2,-1.6,1.08
460005,2021,20952,56.7,0.0,3.2,-1.6,1.08
460005,1993,20952,56.7,0.0,3.2,-1.6,1.08
460023,2042,21064,56.7,0.0,3.2,-1.6,1.08
460024,2044,21064,56.7,0.0,3.2,-1.6,1.08
460024,2053,21064,56.7,0.0,3.2,-1.6,1.08
460036,2177,21120,56.7,0.0,3.2,-1.6,1.08
460037,2131,21120,56.7,0.0,3.2,-1.6,1.08
460037,2158,21120,56.7,0.0,3.2,-1.6,1.08
460056,1988,21231,56.7,0.0,3.2,-1.6,1.08
460057,1986,21231,56.7,0.0,3.2,-1.6,1.08
460059,2004,21286,56.7,0.0,3.2,-1.6,1.08
460059,1988,21286,56.7,0.0,3.2,-1.6,1.08
460072,2266,21341,56.7,0.0,3.2,-1.6,1.08
460073,2287,21341,56.7,0.0,3.2,-1.6,1.08
460074,2365,21341,56.7,0.0,3.2,-1.6,1.08
460074,2375,21341,56.7,0.0,3.2,-1.6,1.08
460093,2154,21450,56.7,0.0,3.3,-1.6,1.07
460093,2157,21450,56.7,0.0,3.3,-1.6,1.07
460095,2203,21450,56.7,0.0,3.3,-1.6,1.07
460095,2219,21450,56.7,0.0,3.3,-1.6,1.07
460108,1962,21505,56.7,0.0,3.3,-1.6,1.07
460108,1973,21505,56.7,0.0,3.3,-1.6,1.07
460108,1949,21505,56.7,0.0,3.3,-1.6,1.07
460126,2010,21613,56.7,0.0,3.3,-1.6,1.07
460127,2014,21613,56.7,0.0,3.3,-1.6,1.07
460127,2025,21613,56.7,0.0,3.3,-1.6,1.07
460140,2061,21720,56.7,0.0,3.3,-1.6,1.08
460141,2040,21720,56.7,0.0,3.3,-1.6,1.08
460141,2029,21720,56.7,0.0,3.3,-1.6,1.08
460159,2135,21826,56.7,0.0,3.3,-1.6,1.08
460160,2134,21826,56.7,0.0,3.3,-1.6,1.08
460160,2128,21826,56.7,0.0,3.3,-1.6,1.08
460173,2264,21879,56.7,0.0,3.3,-1.6,1.08
460174,2267,21879,56.7,0.0,3.3,-1.6,1.08
460174,2288,21879,56.7,0.0,3.3,-1.6,1.08
460198,2187,21984,56.7,0.0,3.3,-1.6,1.08
460201,2148,22036,56.7,0.0,3.3,-1.6,1.08
460201,2102,22036,56.7,0.0,3.3,-1.6,1.08
460201,2101,22036,56.7,0.0,3.3,-1.6,1.08
460214,2002,22087,56.7,0.0,3.3,-1.6,1.08
460214,2009,22087,56.7,0.0,3.3,-1.6,1.08
460214,2009,22087,56.7,0.0,3.3,-1.6,1.08
460231,2088,22189,56.7,0.0,3.3,-1.6,1.08
460231,2087,22189,56.7,0.0,3.3,-1.6,1.08
460232,2110,22189,56.7,0.0,3.3,-1.6,1.08
460244,2013,22240,56.7,0.0,3.3,-1.5,1.07
460245,2027,22240,56.7,0.0,3.3,-1.5,1.07
460245,1999,22240,56.7,0.0,3.3,-1.5,1.07
460263,1997,22341,56.7,0.0,3.3,-1.5,1.07
460264,2013,22341,56.7,0.0,3.3,-1.5,1.07
460264,2026,22341,56.7,0.0,3.3,-1.5,1.07
460277,2103,22391,56.7,0.0,3.3,-1.5,1.07
460277,2073,22391,56.7,0.0,3.3,-1.5,1.07
460277,2059,22391,56.7,0.0,3.3,-1.5,1.07
460301,838,22540,56.7,0.0,3.2,-1.5,1.08
460303,1307,22540,56.7,0.0,3.2,-1.5,1.08
460303,1491,22540,56.7,0.0,3.2,-1.5,1.08
460304,1646,22540,56.7,0.0,3.2,-1.5,1.08
460317,2418,22589,49.9,0.0,3.2,-1.5,1.08
460317,2413,22589,49.9,0.0,3.2,-1.5,1.08
460318,2432,22589,49.9,0.0,3.2,-1.5,1.08
460334,2019,22687,49.9,0.0,3.2,-1.5,1.08
460335,1976,22687,49.9,0.0,3.2,-1.5,1.08
460335,1990,22687,49.9,0.0,3.2,-1.5,1.08
460348,2033,22784,49.9,0.0,3.2,-1.6,1.08
460349,2080,22784,49.9,0.0,3.2,-1.6,1.08
460349,2058,22784,49.9,0.0,3.2,-1.6,1.08
460365,1970,22832,49.9,0.0,3.2,-1.6,1.08
460365,1947,22832,49.9,0.0,3.2,-1.6,1.08
460365,1979,22832,49.9,0.0,3.2,-1.6,1.08
460379,2157,22928,49.9,0.0,3.2,-1.6,1.08
460379,2130,22928,49.9,0.0,3.2,-1.6,1.08
460379,2088,22928,49.9,0.0,3.2,-1.6,1.08
460400,2012,23024,49.9,0.0,3.1,-1.6,1.08
460402,2042,23024,49.9,0.0,3.1,-1.6,1.08
460402,2070,23024,49.9,0.0,3.1,-1.6,1.08
460402,2043,23024,49.9,0.0,3.1,-1.6,1.08
460415,2013,23071,49.9,0.0,3.1,-1.6,1.08
460416,1999,23071,49.9,0.0,3.1,-1.6,1.08
460416,2051,23071,49.9,0.0,3.1,-1.6,1.08
460433,2174,23166,49.9,0.0,3.1,-1.6,1.08
460433,2160,23166,49.9,0.0,3.1,-1.6,1.08
460433,2126,23166,49.9,0.0,3.1,-1.6,1.08
460446,1965,23213,49.9,0.0,3.1,-1.7,1.07
460446,1994,23213,49.9,0.0,3.1,-1.7,1.07
460446,2014,23213,49.9,0.0,3.1,-1.7,1.07
460465,2034,23306,49.9,0.0,3.1,-1.7,1.07
460466,2005,23306,49.9,0.0,3.1,-1.7,1.07
460466,2007,23306,49.9,0.0,3.1,-1.7,1.07
460479,2005,23399,49.9,0.0,3.1,-1.7,1.07
460480,2014,23399,49.9,0.0,3.1,-1.7,1.07
460480,2003,23399,49.9,0.0,3.1,-1.7,1.07
460500,2166,23491,49.9,0.0,3.2,-1.7,1.07
460502,2096,23491,49.9,0.0,3.2,-1.7,1.07
460502,2110,23491,49.9,0.0,3.2,-1.7,1.07
460502,2119,23491,49.9,0.0,3.2,-1.7,1.07
460515,2100,23537,49.9,0.0,3.2,-1.7,1.07
460515,2066,23537,49.9,0.0,3.2,-1.7,1.07
460515,2074,23537,49.9,0.0,3.2,-1.7,1.07
460532,2189,23627,49.9,0.0,3.2,-1.7,1.07
460533,2248,23627,49.9,0.0,3.2,-1.7,1.07
460533,2224,23627,49.9,0.0,3.2,-1.7,1.07
460546,1973,23672,49.9,0.0,3.2,-1.7,1.07
460546,1976,23672,49.9,0.0,3.2,-1.7,1.07
460546,1983,23672,49.9,0.0,3.2,-1.7,1.07
460565,2049,23762,49.9,0.0,3.2,-1.7,1.07
460566,2028,23762,49.9,0.0,3.2,-1.7,1.07
460566,2017,23762,49.9,0.0,3.2,-1.7,1.07
460579,2087,23851,49.9,0.0,3.2,-1.7,1.07
460580,2107,23851,49.9,0.0,3.2,-1.7,1.07
460580,2099,23851,49.9,0.0,3.2,-1.7,1.07
460599,2022,23939,49.9,0.0,3.2,-1.7,1.07
460599,2009,23939,49.9,0.0,3.2,-1.7,1.07
460600,2004,23939,49.9,0.0,3.2,-1.7,1.07
460612,2180,23983,49.9,0.0,3.2,-1.7,1.07
460613,2215,23983,49.9,0.0,3.2,-1.7,1.07
460614,2227,23983,49.9,0.0,3.2,-1.7,1.07
460614,2239,23983,49.9,0.0,3.2,-1.7,1.07
460632,2055,24070,49.9,0.0,3.2,-1.7,1.07
460632,2091,24070,49.9,0.0,3.2,-1.7,1.07
460632,2086,24070,49.9,0.0,3.2,-1.7,1.07
460645,2047,24114,49.9,0.0,3.2,-1.7,1.07
460645,2019,24114,49.9,0.0,3.2,-1.7,1.07
460645,2021,24114,49.9,0.0,3.2,-1.7,1.07
460664,2026,24200,49.9,0.0,3.3,-1.7,1.08
460665,2022,24200,49.9,0.0,3.3,-1.7,1.08
460665,2011,24200,49.9,0.0,3.3,-1.7,1.08
460678,2023,24285,49.9,0.0,3.3,-1.7,1.08
460679,2013,24285,49.9,0.0,3.3,-1.7,1.08
460679,2033,24285,49.9,0.0,3.3,-1.7,1.08
460697,2197,24370,49.9,0.0,3.3,-1.7,1.08
460698,2194,24370,49.9,0.0,3.3,-1.7,1.08
460698,2174,24370,49.9,0.0,3.3,-1.7,1.08
460699,2185,24370,49.9,0.0,3.3,-1.7,1.08
460712,2091,24413,49.9,0.0,3.3,-1.6,1.08
460712,2104,24413,49.9,0.0,3.3,-1.6,1.08
460712,2105,24413,49.9,0.0,3.3,-1.6,1.08
460735,2083,24497,49.9,0.0,3.3,-1.6,1.08
460738,2102,24539,49.9,0.0,3.3,-1.6,1.08
460738,2105,24539,49.9,0.0,3.3,-1.6,1.08
460739,2100,24539,49.9,0.0,3.3,-1.6,1.08
460751,2015,24581,49.9,0.0,3.2,-1.6,1.08
460751,2093,24581,49.9,0.0,3.2,-1.6,1.08
460752,2120,24581,49.9,0.0,3.2,-1.6,1.08
460768,1967,24664,49.9,0.0,3.2,-1.6,1.08
460769,1960,24664,49.9,0.0,3.2,-1.6,1.08
460769,1946,24664,49.9,0.0,3.2,-1.6,1.08
460781,2048,24705,49.9,0.0,3.2,-1.6,1.08
460782,2039,24705,49.9,0.0,3.2,-1.6,1.08
460782,2057,24705,49.9,0.0,3.2,-1.6,1.08
460801,1975,24787,49.9,0.0,3.2,-1.6,1.08
460803,1981,24787,49.9,0.0,3.2,-1.6,1.08
460804,2008,24787,49.9,0.0,3.2,-1.6,1.08
460804,1984,24787,49.9,0.0,3.2,-1.6,1.08
460817,2040,24868,49.9,0.0,3.2,-1.6,1.07
460818,2036,24868,49.9,0.0,3.2,-1.6,1.07
460818,2029,24868,49.9,0.0,3.2,-1.6,1.07
460834,2037,24908,49.9,0.0,3.2,-1.6,1.07
460835,2031,24908,49.9,0.0,3.2,-1.6,1.07
460835,2045,24908,49.9,0.0,3.2,-1.6,1.07
460849,2018,24988,49.9,0.0,3.2,-1.6,1.07
460849,2019,24988,49.9,0.0,3.2,-1.6,1.07
460849,2001,24988,49.9,0.0,3.2,-1.6,1.07
460869,1970,25066,49.9,0.0,3.2,-1.6,1.08
460869,1978,25066,49.9,0.0,3.2,-1.6,1.08
460869,1983,25066,49.9,0.0,3.2,-1.6,1.08
460882,2067,25105,49.9,0.0,3.2,-1.6,1.08
460882,2051,25105,49.9,0.0,3.2,-1.6,1.08
460883,2054,25105,49.9,0.0,3.2,-1.6,1.08
460901,2035,25183,49.9,0.0,3.2,-1.6,1.08
460902,2029,25183,49.9,0.0,3.2,-1.6,1.08
460902,2022,25183,49.9,0.0,3.2,-1.6,1.08
460915,2081,25221,49.9,0.0,3.2,-1.7,1.07
460915,2092,25221,49.9,0.0,3.2,-1.7,1.07
460915,2104,25221,49.9,0.0,3.2,-1.7,1.07
460934,2228,25298,49.9,0.0,3.2,-1.7,1.07
460935,2229,25298,49.9,0.0,3.2,-1.7,1.07
460935,2225,25298,49.9,0.0,3.2,-1.7,1.07
460949,1954,25374,49.9,0.0,3.2,-1.7,1.07
460950,1962,25374,49.9,0.0,3.2,-1.7,1.07
460950,1951,25374,49.9,0.0,3.2,-1.7,1.07
460950,1930,25374,49.9,0.0,3.2,-1.7,1.07
460969,1979,25449,49.9,0.0,3.2,-1.7,1.07
460969,1989,25449,49.9,0.0,3.2,-1.7,1.07
460969,2001,25449,49.9,0.0,3.2,-1.7,1.07
460982,2064,25487,49.9,0.0,3.2,-1.7,1.07
460983,2032,25487,49.9,0.0,3.2,-1.7,1.07
460983,2026,25487,49.9,0.0,3.2,-1.7,1.07
461001,2041,25561,49.9,0.0,3.2,-1.7,1.07
461002,2037,25561,49.9,0.0,3.2,-1.7,1.07
461002,2047,25561,49.9,0.0,3.2,-1.7,1.07
461015,2032,25599,49.9,0.0,3.2,-1.6,1.07
461015,2021,25599,49.9,0.0,3.2,-1.6,1.07
461015,2063,25599,49.9,0.0,3.2,-1.6,1.07
461034,2103,25673,49.9,0.0,3.2,-1.6,1.07
461035,2138,25673,49.9,0.0,3.2,-1.6,1.07
461035,2163,25673,49.9,0.0,3.2,-1.6,1.07
461048,1983,25746,49.9,0.0,3.2,-1.6,1.07
461049,1994,25746,49.9,0.0,3.2,-1.6,1.07
461049,1996,25746,49.9,0.0,3.2,-1.6,1.07
461069,1979,25819,49.9,0.0,3.2,-1.7,1.08
461071,1963,25819,49.9,0.0,3.2,-1.7,1.08
461071,1976,25819,49.9,0.0,3.2,-1.7,1.08
461071,2013,25819,49.9,0.0,3.2,-1.7,1.08
461084,2036,25856,49.9,0.0,3.2,-1.7,1.08
461085,2006,25856,49.9,0.0,3.2,-1.7,1.08
461086,1977,25856,49.9,0.0,3.2,-1.7,1.08
461087,1979,25856,49.9,0.0,3.2,-1.7,1.08
461104,2065,25928,49.9,0.0,3.2,-1.7,1.08
461104,2050,25928,49.9,0.0,3.2,-1.7,1.08
461104,2035,25928,49.9,0.0,3.2,-1.7,1.08
461118,1952,26000,49.9,0.0,3.2,-1.7,1.08
461118,1967,26000,49.9,0.0,3.2,-1.7,1.08
461118,1965,26000,49.9,0.0,3.2,-1.7,1.08
461136,2101,26071,49.9,0.0,3.2,-1.7,1.08
461137,2085,26071,49.9,0.0,3.2,-1.7,1.08
461137,2083,26071,49.9,0.0,3.2,-1.7,1.08
461149,2010,26106,49.9,0.0,3.2,-1.7,1.08
461150,2004,26106,49.9,0.0,3.2,-1.7,1.08
461150,2009,26106,49.9,0.0,3.2,-1.7,1.08
461170,1953,26177,49.9,0.0,3.2,-1.7,1.07
461172,2001,26177,49.9,0.0,3.2,-1.7,1.07
461172,2073,26177,49.9,0.0,3.2,-1.7,1.07
461172,2076,26177,49.9,0.0,3.2,-1.7,1.07
461187,1995,26247,49.9,0.0,3.2,-1.7,1.07
461187,1986,26247,49.9,0.0,3.2,-1.7,1.07
461187,1975,26247,49.9,0.0,3.2,-1.7,1.07
461204,2129,26281,49.9,0.0,3.2,-1.7,1.07
461204,2113,26281,49.9,0.0,3.2,-1.7,1.07
461204,2104,26281,49.9,0.0,3.2,-1.7,1.07
461218,248,26350,49.9,0.0,3.2,-1.6,1.07
461218,263,26350,49.9,0.0,3.2,-1.6,1.07
461218,204,26350,49.9,0.0,3.2,-1.6,1.07
461219,154,26350,49.9,0.0,3.2,-1.6,1.07
461235,3410,26419,56.7,0.0,3.2,-1.6,1.07
461236,3391,26419,56.7,0.0,3.2,-1.6,1.07
461236,3467,26419,56.7,0.0,3.2,-1.6,1.07
461248,1528,26453,56.7,0.0,3.2,-1.6,1.07
461249,1457,26453,56.7,0.0,3.2,-1.6,1.07
461249,1270,26453,56.7,0.0,3.2,-1.6,1.07
461268,1911,26521,56.7,0.0,3.2,-1.6,1.07
461270,1958,26521,56.7,0.0,3.2,-1.6,1.07
461270,2038,26521,56.7,0.0,3.2,-1.6,1.07
461270,1991,26521,56.7,0.0,3.2,-1.6,1.07
461283,2073,26554,56.7,0.0,3.2,-1.7,1.07
461284,1997,26554,56.7,0.0,3.2,-1.7,1.07
461284,2108,26554,56.7,0.0,3.2,-1.7,1.07
461307,2158,26655,56.7,0.0,3.2,-1.7,1.07
461308,2122,26655,56.7,0.0,3.2,-1.7,1.07
461309,1974,26655,56.7,0.0,3.2,-1.7,1.07
461309,1932,26655,56.7,0.0,3.2,-1.7,1.07
461321,2053,26688,56.7,0.0,3.2,-1.6,1.08
461322,2179,26688,56.7,0.0,3.2,-1.6,1.08
461322,2135,26688,56.7,0.0,3.2,-1.6,1.08
461339,1913,26755,56.7,0.0,3.2,-1.6,1.08
461339,1872,26755,56.7,0.0,3.2,-1.6,1.08
461339,1964,26755,56.7,0.0,3.2,-1.6,1.08
461352,2245,26788,56.7,0.0,3.2,-1.6,1.08
461352,2199,26788,56.7,0.0,3.2,-1.6,1.08
461353,2095,26788,56.7,0.0,3.2,-1.6,1.08
461371,1924,26853,56.7,0.0,3.2,-1.6,1.08
461372,2015,26853,56.7,0.0,3.2,-1.6,1.08
461372,2139,26853,56.7,0.0,3.2,-1.6,1.08
461386,2069,26919,56.7,0.0,3.2,-1.6,1.09
461386,1955,26919,56.7,0.0,3.2,-1.6,1.09
461386,1937,26919,56.7,0.0,3.2,-1.6,1.09
461405,2028,26983,56.7,0.0,3.2,-1.6,1.09
461406,2083,26983,56.7,0.0,3.2,-1.6,1.09
461406,2061,26983,56.7,0.0,3.2,-1.6,1.09
461419,2048,27015,56.7,0.0,3.2,-1.6,1.09
461419,2043,27015,56.7,0.0,3.2,-1.6,1.09
461419,2088,27015,56.7,0.0,3.2,-1.6,1.09
461438,1618,27079,56.7,0.0,3.3,-1.6,1.07
461439,1606,27079,56.7,0.0,3.3,-1.6,1.07
461439,1514,27079,56.7,0.0,3.3,-1.6,1.07
461452,2132,27110,56.7,0.0,3.3,-1.6,1.07
461452,2283,27110,56.7,0.0,3.3,-1.6,1.07
461452,2425,27110,56.7,0.0,3.3,-1.6,1.07
461471,1971,27172,56.7,0.0,3.3,-1.6,1.07
461472,1964,27172,56.7,0.0,3.3,-1.6,1.07
461473,1998,27172,56.7,0.0,3.3,-1.6,1.07
461475,2376,27203,56.7,0.0,3.3,-1.6,1.07
461488,1982,27234,56.7,0.0,3.3,-1.6,1.08
461488,1990,27234,56.7,0.0,3.3,-1.6,1.08
461489,1900,27234,56.7,0.0,3.3,-1.6,1.08
461505,1985,27295,56.7,0.0,3.3,-1.6,1.08
461506,2007,27295,56.7,0.0,3.3,-1.6,1.08
461506,2113,27295,56.7,0.0,3.3,-1.6,1.08
461518,2290,27325,56.7,0.0,3.3,-1.6,1.08
461519,2191,27325,56.7,0.0,3.3,-1.6,1.08
461519,2103,27325,56.7,0.0,3.3,-1.6,1.08
461538,2192,27385,56.7,0.0,3.3,-1.6,1.08
461540,2258,27385,56.7,0.0,3.3,-1.6,1.08
461540,2293,27385,56.7,0.0,3.3,-1.6,1.08
461541,2197,27385,56.7,0.0,3.3,-1.6,1.08
461553,2032,27415,56.7,0.0,3.3,-1.6,1.08
461554,2074,27415,56.7,0.0,3.3,-1.6,1.08
461554,2178,27415,56.7,0.0,3.3,-1.6,1.08
461572,2035,27474,56.7,0.0,3.3,-1.6,1.08
461572,2021,27474,56.7,0.0,3.3,-1.6,1.08
461572,1982,27474,56.7,0.0,3.3,-1.6,1.08
461586,1963,27533,56.7,0.0,3.3,-1.7,1.08
461587,2032,27533,56.7,0.0,3.3,-1.7,1.08
461587,2057,27533,56.7,0.0,3.3,-1.7,1.08
461604,2106,27592,56.7,0.0,3.3,-1.7,1.08
461605,2024,27592,56.7,0.0,3.3,-1.7,1.08
461605,2026,27592,56.7,0.0,3.3,-1.7,1.08
461617,2186,27621,56.7,0.0,3.3,-1.7,1.08
461618,2216,27621,56.7,0.0,3.3,-1.7,1.08
461618,2156,27621,56.7,0.0,3.3,-1.7,1.08
461638,2228,27680,56.7,0.0,3.2,-1.6,1.08
461640,2222,27680,56.7,0.0,3.2,-1.6,1.08
461641,2272,27680,56.7,0.0,3.2,-1.6,1.08
461641,2295,27680,56.7,0.0,3.2,-1.6,1.08
461654,2145,27737,56.7,0.0,3.2,-1.6,1.08
461655,2128,27737,56.7,0.0,3.2,-1.6,1.08
461655,2146,27737,56.7,0.0,3.2,-1.6,1.08
461671,1962,27766,56.7,0.0,3.2,-1.6,1.08
461671,2012,27766,56.7,0.0,3.2,-1.6,1.08
461671,1962,27766,56.7,0.0,3.2,-1.6,1.08
461685,1968,27823,56.7,0.0,3.2,-1.6,1.08
461685,1993,27823,56.7,0.0,3.2,-1.6,1.08
461685,2060,27823,56.7,0.0,3.2,-1.6,1.08
461706,2057,27880,56.7,0.0,3.2,-1.6,1.08
461708,2019,27880,56.7,0.0,3.2,-1.6,1.08
461708,1944,27880,56.7,0.0,3.2,-1.6,1.08
461709,1967,27880,56.7,0.0,3.2,-1.6,1.08
461721,2311,27909,56.7,0.0,3.2,-1.6,1.08
461722,2310,27909,56.7,0.0,3.2,-1.6,1.08
461722,2257,27909,56.7,0.0,3.2,-1.6,1.08
461740,1940,27965,56.7,0.0,3.2,-1.5,1.08
461740,1948,27965,56.7,0.0,3.2,-1.5,1.08
461740,2000,27965,56.7,0.0,3.2,-1.5,1.08
461754,2218,28020,56.7,0.0,3.2,-1.5,1.08
461754,2210,28020,56.7,0.0,3.2,-1.5,1.08
461754,2186,28020,56.7,0.0,3.2,-1.5,1.08
461771,1915,28048,56.7,0.0,3.2,-1.5,1.08
461772,1936,28048,56.7,0.0,3.2,-1.5,1.08
461772,1969,28048,56.7,0.0,3.2,-1.5,1.08
461786,2045,28103,56.7,0.0,3.1,-1.5,1.08
461787,2001,28103,56.7,0.0,3.1,-1.5,1.08
461787,2003,28103,56.7,0.0,3.1,-1.5,1.08
461809,2003,28157,56.7,0.0,3.1,-1.5,1.08
461811,1957,28157,56.7,0.0,3.1,-1.5,1.08
461812,1912,28157,56.7,0.0,3.1,-1.5,1.08
461813,1942,28157,56.7,0.0,3.1,-1.5,1.08
461826,2020,28211,56.7,0.0,3.1,-1.5,1.08
461827,2021,28211,56.7,0.0,3.1,-1.5,1.08
461827,2020,28211,56.7,0.0,3.1,-1.5,1.08
461844,2095,28265,56.7,0.0,3.1,-1.5,1.08
461844,2054,28265,56.7,0.0,3.1,-1.5,1.08
461844,2071,28265,56.7,0.0,3.1,-1.5,1.08
461857,2261,28292,56.7,0.0,3.1,-1.5,1.08
461857,2266,28292,56.7,0.0,3.1,-1.5,1.08
461857,2236,28292,56.7,0.0,3.1,-1.5,1.08
461875,2113,28345,56.7,0.0,3.1,-1.5,1.08
461876,2143,28345,56.7,0.0,3.1,-1.5,1.08
461876,2181,28345,56.7,0.0,3.1,-1.5,1.08
461888,2017,28372,56.7,0.0,3.2,-1.5,1.07
461889,1985,28372,56.7,0.0,3.2,-1.5,1.07
461889,1969,28372,56.7,0.0,3.2,-1.5,1.07
461909,1954,28424,56.7,0.0,3.2,-1.5,1.07
461910,1962,28424,56.7,0.0,3.2,-1.5,1.07
461911,1952,28424,56.7,0.0,3.2,-1.5,1.07
461911,1925,28424,56.7,0.0,3.2,-1.5,1.07
461925,2049,28477,56.7,0.0,3.2,-1.5,1.07
461925,2042,28477,56.7,0.0,3.2,-1.5,1.07
461925,2069,28477,56.7,0.0,3.2,-1.5,1.07
461944,2183,28529,56.7,0.0,3.2,-1.6,1.08
461944,2135,28529,56.7,0.0,3.2,-1.6,1.08
461944,2095,28529,56.7,0.0,3.2,-1.6,1.08
461957,2054,28554,56.7,0.0,3.2,-1.6,1.08
461957,2091,28554,56.7,0.0,3.2,-1.6,1.08
461957,2091,28554,56.7,0.0,3.2,-1.6,1.08
461976,2006,28606,56.7,0.0,3.2,-1.6,1.08
461977,2000,28606,56.7,0.0,3.2,-1.6,1.08
461977,2015,28606,56.7,0.0,3.2,-1.6,1.08
461989,2042,28631,56.7,0.0,3.2,-1.6,1.08
461990,2033,28631,56.7,0.0,3.2,-1.6,1.08
461990,2022,28631,56.7,0.0,3.2,-1.6,1.08
462010,1953,28682,56.7,0.0,3.2,-1.6,1.08
462013,2002,28707,56.7,0.0,3.2,-1.6,1.08
462013,2102,28707,56.7,0.0,3.2,-1.6,1.08
462013,2107,28707,56.7,0.0,3.2,-1.6,1.08
462026,2041,28732,56.7,0.0,3.2,-1.6,1.08
462027,2008,28732,56.7,0.0,3.2,-1.6,1.08
462028,2013,28732,56.7,0.0,3.2,-1.6,1.08
462028,1981,28732,56.7,0.0,3.2,-1.6,1.08
462047,2000,28781,56.7,0.0,3.2,-1.6,1.08
462047,2014,28781,56.7,0.0,3.2,-1.6,1.08
462047,2028,28781,56.7,0.0,3.2,-1.6,1.08
462060,2117,28806,56.7,0.0,3.2,-1.6,1.08
462060,2109,28806,56.7,0.0,3.2,-1.6,1.08
462060,2107,28806,56.7,0.0,3.2,-1.6,1.08
462079,2096,28854,56.7,0.0,3.2,-1.6,1.08
462080,2094,28854,56.7,0.0,3.2,-1.6,1.08
462080,2099,28854,56.7,0.0,3.2,-1.6,1.08
462093,2048,28902,56.7,0.0,3.2,-1.5,1.08
462094,2046,28902,56.7,0.0,3.2,-1.5,1.08
462094,2030,28902,56.7,0.0,3.2,-1.5,1.08
462113,2034,28949,56.7,0.0,3.2,-1.5,1.08
462113,2080,28949,56.7,0.0,3.2,-1.5,1.08
462113,2089,28949,56.7,0.0,3.2,-1.5,1.08
462126,2007,28972,56.7,0.0,3.2,-1.5,1.08
462126,2010,28972,56.7,0.0,3.2,-1.5,1.08
462126,1998,28972,56.7,0.0,3.2,-1.5,1.08
462146,1553,29018,56.7,0.0,3.2,-1.5,1.08
462146,1672,29018,56.7,0.0,3.2,-1.5,1.08
462146,1707,29018,56.7,0.0,3.2,-1.5,1.08
462159,2503,29042,56.7,0.0,3.2,-1.5,1.08
462160,2432,29042,56.7,0.0,3.2,-1.5,1.08
462160,2446,29042,56.7,0.0,3.2,-1.5,1.08
462178,2312,29088,56.7,0.0,3.2,-1.5,1.08
462179,2302,29088,56.7,0.0,3.2,-1.5,1.08
462179,2250,29088,56.7,0.0,3.2,-1.5,1.08
462192,1914,29134,56.7,0.0,3.2,-1.5,1.07
462193,1974,29134,56.7,0.0,3.2,-1.5,1.07
462193,2016,29134,56.7,0.0,3.2,-1.5,1.07
462210,2015,29156,56.7,0.0,3.2,-1.5,1.07
462211,1960,29156,56.7,0.0,3.2,-1.5,1.07
462211,1971,29156,56.7,0.0,3.2,-1.5,1.07
462224,2043,29202,56.7,0.0,3.2,-1.5,1.07
462225,2070,29202,56.7,0.0,3.2,-1.5,1.07
462225,2048,29202,56.7,0.0,3.2,-1.5,1.07
462246,1991,29247,56.7,0.0,3.2,-1.5,1.08
462248,1968,29247,56.7,0.0,3.2,-1.5,1.08
462248,1989,29247,56.7,0.0,3.2,-1.5,1.08
462249,2009,29247,56.7,0.0,3.2,-1.5,1.08
462262,2045,29292,56.7,0.0,3.2,-1.5,1.08
462263,2003,29292,56.7,0.0,3.2,-1.5,1.08
462263,2015,29292,56.7,0.0,3.2,-1.5,1.08
462279,2166,29314,56.7,0.0,3.2,-1.5,1.08
462280,2173,29314,56.7,0.0,3.2,-1.5,1.08
462280,2152,29314,56.7,0.0,3.2,-1.5,1.08
462293,1988,29358,56.7,0.0,3.3,-1.6,1.07
462294,2000,29358,56.7,0.0,3.3,-1.6,1.07
462294,2019,29358,56.7,0.0,3.3,-1.6,1.07
462310,2059,29380,56.7,0.0,3.3,-1.6,1.07
462311,2041,29380,56.7,0.0,3.3,-1.6,1.07
462311,2011,29380,56.7,0.0,3.3,-1.6,1.07
462324,2011,29424,56.7,0.0,3.3,-1.6,1.07
462325,2027,29424,56.7,0.0,3.3,-1.6,1.07
462325,2029,29424,56.7,0.0,3.3,-1.6,1.07
462345,2012,29467,56.7,0.0,3.3,-1.5,1.07
462347,1991,29467,56.7,0.0,3.3,-1.5,1.07
462348,1996,29467,56.7,0.0,3.3,-1.5,1.07
462349,2020,29467,56.7,0.0,3.3,-1.5,1.07
462363,2239,29510,56.7,0.0,3.3,-1.5,1.07
462363,2185,29510,56.7,0.0,3.3,-1.5,1.07
462363,2187,29510,56.7,0.0,3.3,-1.5,1.07
462383,2046,29552,56.7,0.0,3.3,-1.5,1.07
462384,2070,29552,56.7,0.0,3.3,-1.5,1.07
462385,2065,29552,56.7,0.0,3.3,-1.5,1.07
462385,2044,29552,56.7,0.0,3.3,-1.5,1.07
462398,2245,29574,56.7,0.0,3.2,-1.5,1.07
462398,2203,29574,56.7,0.0,3.2,-1.5,1.07
462398,2220,29574,56.7,0.0,3.2,-1.5,1.07
462416,2167,29616,56.7,0.0,3.2,-1.5,1.07
462417,2153,29616,56.7,0.0,3.2,-1.5,1.07
462417,2128,29616,56.7,0.0,3.2,-1.5,1.07
462429,1982,29636,56.7,0.0,3.2,-1.5,1.07
462430,2009,29636,56.7,0.0,3.2,-1.5,1.07
462430,2001,29636,56.7,0.0,3.2,-1.5,1.07
462449,1991,29678,56.7,0.0,3.3,-1.5,1.08
462452,1993,29699,56.7,0.0,3.3,-1.5,1.08
462452,2007,29699,56.7,0.0,3.3,-1.5,1.08
462453,2035,29699,56.7,0.0,3.3,-1.5,1.08
462466,2088,29719,56.7,0.0,3.3,-1.5,1.08
462466,2032,29719,56.7,0.0,3.3,-1.5,1.08
462466,2024,29719,56.7,0.0,3.3,-1.5,1.08
462488,2019,29760,56.7,0.0,3.3,-1.5,1.08
462491,1988,29781,56.7,0.0,3.3,-1.5,1.08
462491,1987,29781,56.7,0.0,3.3,-1.5,1.08
462491,1967,29781,56.7,0.0,3.3,-1.5,1.08
462504,2089,29801,56.7,0.0,3.3,-1.6,1.08
462504,2094,29801,56.7,0.0,3.3,-1.6,1.08
462504,2110,29801,56.7,0.0,3.3,-1.6,1.08
462521,2112,29841,56.7,0.0,3.3,-1.6,1.08
462521,2086,29841,56.7,0.0,3.3,-1.6,1.08
462522,2070,29841,56.7,0.0,3.3,-1.6,1.08
462534,2024,29861,56.7,0.0,3.3,-1.6,1.08
462535,2040,29861,56.7,0.0,3.3,-1.6,1.08
462535,2033,29861,56.7,0.0,3.3,-1.6,1.08
462554,2108,29901,56.7,0.0,3.2,-1.5,1.08
462556,2101,29901,56.7,0.0,3.2,-1.5,1.08
462556,2112,29901,56.7,0.0,3.2,-1.5,1.08
462557,2133,29901,56.7,0.0,3.2,-1.5,1.08
462569,2010,29921,56.7,0.0,3.2,-1.5,1.08
462570,1990,29921,56.7,0.0,3.2,-1.5,1.08
462570,1973,29921,56.7,0.0,3.2,-1.5,1.08
462593,1824,29980,56.7,0.0,3.2,-1.5,1.08
462595,2171,29980,56.7,0.0,3.2,-1.5,1.08
462595,2209,29980,56.7,0.0,3.2,-1.5,1.08
462595,2219,29980,56.7,0.0,3.2,-1.5,1.08
462608,2042,29999,56.7,0.0,3.2,-1.6,1.08
462608,2037,29999,56.7,0.0,3.2,-1.6,1.08
462608,2026,29999,56.7,0.0,3.2,-1.6,1.08
462625,2118,30038,56.7,0.0,3.2,-1.6,1.08
462625,2091,30038,56.7,0.0,3.2,-1.6,1.08
462625,2099,30038,56.7,0.0,3.2,-1.6,1.08
462638,2136,30057,56.7,0.0,3.2,-1.6,1.08
462638,2139,30057,56.7,0.0,3.2,-1.6,1.08
462639,2123,30057,56.7,0.0,3.2,-1.6,1.08
462657,2217,30094,56.7,0.0,3.2,-1.6,1.08
462658,2206,30094,56.7,0.0,3.2,-1.6,1.08
462658,2225,30094,56.7,0.0,3.2,-1.6,1.08
462672,1976,30130,56.7,0.0,3.2,-1.6,1.08
462672,1956,30130,56.7,0.0,3.2,-1.6,1.08
462673,1940,30130,56.7,0.0,3.2,-1.6,1.08
462695,2094,30166,56.7,0.0,3.2,-1.6,1.08
462697,2062,30166,56.7,0.0,3.2,-1.6,1.08
462697,2093,30166,56.7,0.0,3.2,-1.6,1.08
462697,2086,30166,56.7,0.0,3.2,-1.6,1.08
462710,1988,30202,56.7,0.0,3.3,-1.6,1.08
462711,1991,30202,56.7,0.0,3.3,-1.6,1.08
462711,2011,30202,56.7,0.0,3.3,-1.6,1.08
462727,2039,30220,56.7,0.0,3.3,-1.6,1.08
462727,2021,30220,56.7,0.0,3.3,-1.6,1.08
462727,2004,30220,56.7,0.0,3.3,-1.6,1.08
462741,2055,30255,56.7,0.0,3.3,-1.6,1.08
462741,2070,30255,56.7,0.0,3.3,-1.6,1.08
462741,2072,30255,56.7,0.0,3.3,-1.6,1.08
462761,2129,30290,56.7,0.0,3.3,-1.6,1.08
462761,2094,30290,56.7,0.0,3.3,-1.6,1.08
462763,2087,30290,56.7,0.0,3.3,-1.6,1.08
462764,2042,30290,56.7,0.0,3.3,-1.6,1.08
462777,2106,30308,56.7,0.0,3.3,-1.6,1.08
462777,2117,30308,56.7,0.0,3.3,-1.6,1.08
462777,2095,30308,56.7,0.0,3.3,-1.6,1.08
462796,2040,30342,56.7,0.0,3.3,-1.6,1.08
462796,2056,30342,56.7,0.0,3.3,-1.6,1.08
462797,2058,30342,56.7,0.0,3.3,-1.6,1.08
462810,2022,30377,56.7,0.0,3.2,-1.6,1.07
462810,2042,30377,56.7,0.0,3.2,-1.6,1.07
462811,2008,30377,56.7,0.0,3.2,-1.6,1.07
462827,2018,30394,56.7,0.0,3.2,-1.6,1.07
462828,2020,30394,56.7,0.0,3.2,-1.6,1.07
462828,1999,30394,56.7,0.0,3.2,-1.6,1.07
462842,2040,30429,56.7,0.0,3.2,-1.6,1.07
462842,2034,30429,56.7,0.0,3.2,-1.6,1.07
462842,2050,30429,56.7,0.0,3.2,-1.6,1.07
462862,2252,30464,56.7,0.0,3.3,-1.6,1.08
462862,2227,30464,56.7,0.0,3.3,-1.6,1.08
462863,2205,30464,56.7,0.0,3.3,-1.6,1.08
462875,2056,30481,56.7,0.0,3.3,-1.6,1.08
462876,2082,30481,56.7,0.0,3.3,-1.6,1.08
462876,2097,30481,56.7,0.0,3.3,-1.6,1.08
462895,2017,30514,56.7,0.0,3.3,-1.6,1.08
462895,2019,30514,56.7,0.0,3.3,-1.6,1.08
462895,2030,30514,56.7,0.0,3.3,-1.6,1.08
462908,2032,30531,56.7,0.0,3.3,-1.6,1.08
462908,2027,30531,56.7,0.0,3.3,-1.6,1.08
462908,2019,30531,56.7,0.0,3.3,-1.6,1.08
462927,2021,30564,56.7,0.0,3.3,-1.6,1.08
462928,2014,30564,56.7,0.0,3.3,-1.6,1.08
462928,2027,30564,56.7,0.0,3.3,-1.6,1.08
462941,2081,30597,56.7,0.0,3.3,-1.6,1.08
462942,2067,30597,56.7,0.0,3.3,-1.6,1.08
462942,2067,30597,56.7,0.0,3.3,-1.6,1.08
462961,2085,30630,56.7,0.0,3.2,-1.6,1.07
462963,2079,30630,56.7,0.0,3.2,-1.6,1.07
462963,2060,30630,56.7,0.0,3.2,-1.6,1.07
462964,2065,30630,56.7,0.0,3.2,-1.6,1.07
462976,2173,30646,56.7,0.0,3.2,-1.6,1.07
462977,2198,30646,56.7,0.0,3.2,-1.6,1.07
462977,2233,30646,56.7,0.0,3.2,-1.6,1.07
462995,2095,30678,56.7,0.0,3.2,-1.6,1.07
462995,2104,30678,56.7,0.0,3.2,-1.6,1.07
462995,2106,30678,56.7,0.0,3.2,-1.6,1.07
463008,2029,30694,56.7,0.0,3.2,-1.6,1.07
463008,2032,30694,56.7,0.0,3.2,-1.6,1.07
463008,2029,30694,56.7,0.0,3.2,-1.6,1.07
463027,2027,30726,56.7,0.0,3.2,-1.6,1.07
463028,2016,30726,56.7,0.0,3.2,-1.6,1.07
463028,2020,30726,56.7,0.0,3.2,-1.6,1.07
463041,2073,30757,56.7,0.0,3.2,-1.6,1.07
463042,2077,30757,56.7,0.0,3.2,-1.6,1.07
463042,2071,30757,56.7,0.0,3.2,-1.6,1.07
463061,2353,30789,56.7,0.0,3.2,-1.6,1.08
463063,2317,30789,56.7,0.0,3.2,-1.6,1.08
463063,2288,30789,56.7,0.0,3.2,-1.6,1.08
463064,2288,30789,56.7,0.0,3.2,-1.6,1.08
463076,1908,30804,56.7,0.0,3.2,-1.6,1.08
463077,1918,30804,56.7,0.0,3.2,-1.6,1.08
463077,1911,30804,56.7,0.0,3.2,-1.6,1.08
463094,2109,30835,56.7,0.0,3.2,-1.6,1.08
463095,2155,30835,56.7,0.0,3.2,-1.6,1.08
463095,2166,30835,56.7,0.0,3.2,-1.6,1.08
463108,1999,30851,56.7,0.0,3.3,-1.7,1.08
463108,1956,30851,56.7,0.0,3.3,-1.7,1.08
463109,1983,30851,56.7,0.0,3.3,-1.7,1.08
463109,1982,30851,56.7,0.0,3.3,-1.7,1.08
463127,2041,30882,56.7,0.0,3.3,-1.7,1.08
463128,2030,30882,56.7,0.0,3.3,-1.7,1.08
463128,2016,30882,56.7,0.0,3.3,-1.7,1.08
463141,2087,30912,56.7,0.0,3.3,-1.7,1.08
463142,2087,30912,56.7,0.0,3.3,-1.7,1.08
463142,2098,30912,56.7,0.0,3.3,-1.7,1.08
463160,2029,30942,56.7,0.0,3.3,-1.7,1.08
463161,2021,30942,56.7,0.0,3.3,-1.7,1.08
463161,2006,30942,56.7,0.0,3.3,-1.7,1.08
463174,2019,30958,56.7,0.0,3.3,-1.7,1.08
463174,2060,30958,56.7,0.0,3.3,-1.7,1.08
463174,2082,30958,56.7,0.0,3.3,-1.7,1.08
463194,1979,30987,56.7,0.0,3.3,-1.7,1.08
463195,2105,30987,56.7,0.0,3.3,-1.7,1.08
463196,2107,30987,56.7,0.0,3.3,-1.7,1.08
463196,2135,30987,56.7,0.0,3.3,-1.7,1.08
463209,2005,31016,56.7,0.0,3.3,-1.7,1.08
463210,2002,31016,56.7,0.0,3.3,-1.7,1.08
463210,1986,31016,56.7,0.0,3.3,-1.7,1.08
463227,2041,31030,56.7,0.0,3.3,-1.6,1.08
463227,2028,31030,56.7,0.0,3.3,-1.6,1.08
463227,2038,31030,56.7,0.0,3.3,-1.6,1.08
463241,2254,31058,56.7,0.0,3.3,-1.6,1.08
463242,2242,31058,56.7,0.0,3.3,-1.6,1.08
463242,2225,31058,56.7,0.0,3.3,-1.6,1.08
463260,2027,31086,56.7,0.0,3.3,-1.6,1.08
463261,2041,31086,56.7,0.0,3.3,-1.6,1.08
463261,2036,31086,56.7,0.0,3.3,-1.6,1.08
463274,1993,31099,56.7,0.0,3.2,-1.7,1.07
463274,2036,31099,56.7,0.0,3.2,-1.7,1.07
463274,2083,31099,56.7,0.0,3.2,-1.7,1.07
463293,1961,31126,56.7,0.0,3.2,-1.7,1.07
463294,1951,31126,56.7,0.0,3.2,-1.7,1.07
463294,1947,31126,56.7,0.0,3.2,-1.7,1.07
463306,2009,31139,56.7,0.0,3.2,-1.7,1.07
463307,2020,31139,56.7,0.0,3.2,-1.7,1.07
463307,2040,31139,56.7,0.0,3.2,-1.7,1.07
463326,2048,31166,56.7,0.0,3.2,-1.7,1.08
463329,1986,31179,56.7,0.0,3.2,-1.7,1.08
463330,1975,31179,56.7,0.0,3.2,-1.7,1.08
463330,1985,31179,56.7,0.0,3.2,-1.7,1.08
463343,2034,31192,56.7,0.0,3.2,-1.7,1.08
463344,2031,31192,56.7,0.0,3.2,-1.7,1.08
463344,2014,31192,56.7,0.0,3.2,-1.7,1.08
463361,2194,31218,56.7,0.0,3.2,-1.7,1.08
463361,2188,31218,56.7,0.0,3.2,-1.7,1.08
463362,2196,31218,56.7,0.0,3.2,-1.7,1.08
463362,2199,31218,56.7,0.0,3.2,-1.7,1.08
463374,2005,31231,56.7,0.0,3.2,-1.7,1.07
463375,2063,31231,56.7,0.0,3.2,-1.7,1.07
463375,2076,31231,56.7,0.0,3.2,-1.7,1.07
463393,1950,31257,56.7,0.0,3.2,-1.7,1.07
463394,1961,31257,56.7,0.0,3.2,-1.7,1.07
463394,1958,31257,56.7,0.0,3.2,-1.7,1.07
463406,2056,31270,56.7,0.0,3.2,-1.7,1.07
463407,2073,31270,56.7,0.0,3.2,-1.7,1.07
463407,2085,31270,56.7,0.0,3.2,-1.7,1.07
463426,2103,31296,56.7,0.0,3.3,-1.7,1.08
463429,1996,31309,56.7,0.0,3.3,-1.7,1.08
463430,1976,31309,56.7,0.0,3.3,-1.7,1.08
463431,1969,31309,56.7,0.0,3.3,-1.7,1.08
463432,1975,31309,56.7,0.0,3.3,-1.7,1.08
463444,2293,31321,56.7,0.0,3.3,-1.7,1.08
463445,2244,31321,56.7,0.0,3.3,-1.7,1.08
463445,2225,31321,56.7,0.0,3.3,-1.7,1.08
463462,2302,31347,56.7,0.0,3.3,-1.7,1.08
463462,2292,31347,56.7,0.0,3.3,-1.7,1.08
463463,2297,31347,56.7,0.0,3.3,-1.7,1.08
463475,2027,31360,56.7,0.0,3.2,-1.6,1.07
463476,2041,31360,56.7,0.0,3.2,-1.6,1.07
463476,2033,31360,56.7,0.0,3.2,-1.6,1.07
463493,1977,31386,56.7,0.0,3.2,-1.6,1.07
463494,2001,31386,56.7,0.0,3.2,-1.6,1.07
463494,2005,31386,56.7,0.0,3.2,-1.6,1.07
463506,1993,31398,56.7,0.0,3.2,-1.6,1.07
463507,1987,31398,56.7,0.0,3.2,-1.6,1.07
463507,1978,31398,56.7,0.0,3.2,-1.6,1.07
463528,2024,31423,56.7,0.0,3.3,-1.7,1.07
463531,1944,31435,56.7,0.0,3.3,-1.7,1.07
463531,1917,31435,56.7,0.0,3.3,-1.7,1.07
463532,1915,31435,56.7,0.0,3.3,-1.7,1.07
463545,2016,31447,56.7,0.0,3.3,-1.7,1.07
463546,2012,31447,56.7,0.0,3.3,-1.7,1.07
463547,2056,31447,56.7,0.0,3.3,-1.7,1.07
463547,2024,31447,56.7,0.0,3.3,-1.7,1.07
463564,2005,31471,56.7,0.0,3.3,-1.7,1.07
463564,2006,31471,56.7,0.0,3.3,-1.7,1.07
463565,2007,31471,56.7,0.0,3.3,-1.7,1.07
463578,2065,31495,56.7,0.0,3.2,-1.7,1.07
463578,2053,31495,56.7,0.0,3.2,-1.7,1.07
463579,2047,31495,56.7,0.0,3.2,-1.7,1.07
463594,2037,31507,56.7,0.0,3.2,-1.7,1.07
463595,2105,31507,56.7,0.0,3.2,-1.7,1.07
463595,2117,31507,56.7,0.0,3.2,-1.7,1.07
463608,1995,31531,56.7,0.0,3.2,-1.7,1.07
463609,2005,31531,56.7,0.0,3.2,-1.7,1.07
463609,1988,31531,56.7,0.0,3.2,-1.7,1.07
463626,2093,31543,56.7,0.0,3.2,-1.7,1.07
463626,2049,31543,56.7,0.0,3.2,-1.7,1.07
463626,2079,31543,56.7,0.0,3.2,-1.7,1.07
463640,2692,31566,56.7,0.0,3.3,-1.7,1.08
463641,2668,31566,56.7,0.0,3.3,-1.7,1.08
463641,2669,31566,56.7,0.0,3.3,-1.7,1.08
463659,2101,31590,56.7,0.0,3.3,-1.7,1.08
463660,2127,31590,56.7,0.0,3.3,-1.7,1.08
463660,2102,31590,56.7,0.0,3.3,-1.7,1.08
463673,1988,31602,56.7,0.0,3.3,-1.7,1.08
463673,1991,31602,56.7,0.0,3.3,-1.7,1.08
463673,2031,31602,56.7,0.0,3.3,-1.7,1.08
463692,1993,31625,56.7,0.0,3.3,-1.6,1.08
463693,1954,31625,56.7,0.0,3.3,-1.6,1.08
463693,1944,31625,56.7,0.0,3.3,-1.6,1.08
463706,2043,31637,56.7,0.0,3.3,-1.6,1.08
463706,2070,31637,56.7,0.0,3.3,-1.6,1.08
463706,2059,31637,56.7,0.0,3.3,-1.6,1.08
463726,2124,31660,56.7,0.0,3.3,-1.6,1.08
463726,2072,31660,56.7,0.0,3.3,-1.6,1.08
463727,2071,31660,56.7,0.0,3.3,-1.6,1.08
463729,1997,31671,56.7,0.0,3.3,-1.6,1.08
463743,2113,31683,56.7,0.0,3.3,-1.6,1.08
463743,2077,31683,56.7,0.0,3.3,-1.6,1.08
463743,2059,31683,56.7,0.0,3.3,-1.6,1.08
463760,2207,31706,56.7,0.0,3.3,-1.6,1.08
463760,2222,31706,56.7,0.0,3.3,-1.6,1.08
463761,2235,31706,56.7,0.0,3.3,-1.6,1.08
463773,1957,31717,56.7,0.0,3.3,-1.6,1.08
463774,1939,31717,56.7,0.0,3.3,-1.6,1.08
463774,1930,31717,56.7,0.0,3.3,-1.6,1.08
463792,2038,31739,56.7,0.0,3.3,-1.6,1.08
463793,2044,31739,56.7,0.0,3.3,-1.6,1.08
463793,2037,31739,56.7,0.0,3.3,-1.6,1.08
463805,2002,31750,56.7,0.0,3.3,-1.6,1.08
463806,2000,31750,56.7,0.0,3.3,-1.6,1.08
463806,2012,31750,56.7,0.0,3.3,-1.6,1.08
463825,2001,31772,56.7,0.0,3.3,-1.6,1.08
463828,1989,31782,56.7,0.0,3.3,-1.6,1.08
463829,2004,31782,56.7,0.0,3.3,-1.6,1.08
463829,2005,31782,56.7,0.0,3.3,-1.6,1.08
463842,2239,31792,56.7,0.0,3.3,-1.6,1.08
463842,2238,31792,56.7,0.0,3.3,-1.6,1.08
463842,2228,31792,56.7,0.0,3.3,-1.6,1.08
463859,1993,31812,56.7,0.0,3.3,-1.6,1.08
463860,1997,31812,56.7,0.0,3.3,-1.6,1.08
463860,2006,31812,56.7,0.0,3.3,-1.6,1.08
463873,1988,31822,56.7,0.0,3.3,-1.6,1.08
463873,2026,31822,56.7,0.0,3.3,-1.6,1.08
463874,2021,31822,56.7,0.0,3.3,-1.6,1.08
463874,1999,31822,56.7,0.0,3.3,-1.6,1.08
463892,2368,31842,56.7,0.0,3.2,-1.6,1.08
463893,2406,31842,56.7,0.0,3.2,-1.6,1.08
463893,2423,31842,56.7,0.0,3.2,-1.6,1.08
463906,1990,31861,56.7,0.0,3.2,-1.6,1.08
463907,1953,31861,56.7,0.0,3.2,-1.6,1.08
463907,1915,31861,56.7,0.0,3.2,-1.6,1.08
463924,2163,31871,56.7,0.0,3.2,-1.6,1.08
463925,2158,31871,56.7,0.0,3.2,-1.6,1.08
463925,2196,31871,56.7,0.0,3.2,-1.6,1.08
463938,2023,31890,56.7,0.0,3.3,-1.6,1.08
463939,1991,31890,56.7,0.0,3.3,-1.6,1.08
463939,1967,31890,56.7,0.0,3.3,-1.6,1.08
463959,2239,31909,56.7,0.0,3.3,-1.6,1.08
463961,2252,31909,56.7,0.0,3.3,-1.6,1.08
463961,2275,31909,56.7,0.0,3.3,-1.6,1.08
463961,2249,31909,56.7,0.0,3.3,-1.6,1.08
463974,1914,31919,56.7,0.0,3.3,-1.6,1.08
463975,1956,31919,56.7,0.0,3.3,-1.6,1.08
463975,1986,31919,56.7,0.0,3.3,-1.6,1.08
463993,2058,31938,56.7,0.0,3.3,-1.6,1.08
463994,2032,31938,56.7,0.0,3.3,-1.6,1.08
463994,2017,31938,56.7,0.0,3.3,-1.6,1.08
464007,2022,31957,56.7,0.0,3.3,-1.6,1.08
464008,2028,31957,56.7,0.0,3.3,-1.6,1.08
464008,2041,31957,56.7,0.0,3.3,-1.6,1.08
464026,2166,31976,56.7,0.0,3.3,-1.6,1.08
464027,2122,31976,56.7,0.0,3.3,-1.6,1.08
464027,2106,31976,56.7,0.0,3.3,-1.6,1.08
464039,1981,31986,56.7,0.0,3.3,-1.7,1.07
464040,1994,31986,56.7,0.0,3.3,-1.7,1.07
464040,1976,31986,56.7,0.0,3.3,-1.7,1.07
464060,2452,32005,56.7,0.0,3.3,-1.7,1.07
464062,2415,32005,56.7,0.0,3.3,-1.7,1.07
464062,2430,32005,56.7,0.0,3.3,-1.7,1.07
464063,2444,32005,56.7,0.0,3.3,-1.7,1.07
464076,1947,32024,56.7,0.0,3.3,-1.7,1.07
464077,1931,32024,56.7,0.0,3.3,-1.7,1.07
464077,1900,32024,56.7,0.0,3.3,-1.7,1.07
464077,1906,32024,56.7,0.0,3.3,-1.7,1.07
464096,2152,32042,56.7,0.0,3.3,-1.7,1.07
464096,2179,32042,56.7,0.0,3.3,-1.7,1.07
464096,2149,32042,56.7,0.0,3.3,-1.7,1.07
464109,1993,32052,56.7,0.0,3.3,-1.7,1.07
464109,1998,32052,56.7,0.0,3.3,-1.7,1.07
464109,2012,32052,56.7,0.0,3.3,-1.7,1.07
464128,2044,32070,56.7,0.0,3.3,-1.7,1.07
464129,2017,32070,56.7,0.0,3.3,-1.7,1.07
464129,2017,32070,56.7,0.0,3.3,-1.7,1.07
464141,2016,32079,56.7,0.0,3.2,-1.7,1.08
464142,2042,32079,56.7,0.0,3.2,-1.7,1.08
464142,2025,32079,56.7,0.0,3.2,-1.7,1.08
464161,2080,32098,56.7,0.0,3.2,-1.7,1.08
464163,2063,32098,56.7,0.0,3.2,-1.7,1.08
464163,2090,32098,56.7,0.0,3.2,-1.7,1.08
464163,2089,32098,56.7,0.0,3.2,-1.7,1.08
464177,2178,32116,56.7,0.0,3.2,-1.7,1.08
464178,2167,32116,56.7,0.0,3.2,-1.7,1.08
464179,2166,32116,56.7,0.0,3.2,-1.7,1.08
464179,2208,32116,56.7,0.0,3.2,-1.7,1.08
464197,2247,32134,56.7,0.0,3.3,-1.7,1.08
464197,2278,32134,56.7,0.0,3.3,-1.7,1.08
464197,2268,32134,56.7,0.0,3.3,-1.7,1.08
464210,1984,32143,56.7,0.0,3.3,-1.7,1.08
464210,1997,32143,56.7,0.0,3.3,-1.7,1.08
464211,1978,32143,56.7,0.0,3.3,-1.7,1.08
464229,2038,32161,56.7,0.0,3.3,-1.7,1.08
464230,2006,32161,56.7,0.0,3.3,-1.7,1.08
464230,2036,32161,56.7,0.0,3.3,-1.7,1.08
464242,2285,32170,56.7,0.0,3.3,-1.7,1.08
464243,2257,32170,56.7,0.0,3.3,-1.7,1.08
464243,2230,32170,56.7,0.0,3.3,-1.7,1.08
464262,2023,32188,56.7,0.0,3.3,-1.7,1.08
464265,2053,32197,56.7,0.0,3.3,-1.7,1.08
464265,2047,32197,56.7,0.0,3.3,-1.7,1.08
464266,2055,32197,56.7,0.0,3.3,-1.7,1.08
464278,2137,32206,56.7,0.0,3.3,-1.7,1.08
464279,2135,32206,56.7,0.0,3.3,-1.7,1.08
464279,2164,32206,56.7,0.0,3.3,-1.7,1.08
464279,2176,32206,56.7,0.0,3.3,-1.7,1.08
464300,2102,32223,56.7,0.0,3.3,-1.6,1.08
464301,2076,32223,56.7,0.0,3.3,-1.6,1.08
464301,2102,32223,56.7,0.0,3.3,-1.6,1.08
464302,2096,32223,56.7,0.0,3.3,-1.6,1.08
464315,2019,32241,56.7,0.0,3.3,-1.6,1.08
464316,2065,32241,56.7,0.0,3.3,-1.6,1.08
464316,2069,32241,56.7,0.0,3.3,-1.6,1.08
464331,1961,32250,56.7,0.0,3.3,-1.6,1.08
464332,1980,32250,56.7,0.0,3.3,-1.6,1.08
464332,1990,32250,56.7,0.0,3.3,-1.6,1.08
464345,2102,32268,56.7,0.0,3.3,-1.6,1.08
464346,2071,32268,56.7,0.0,3.3,-1.6,1.08
464346,2073,32268,56.7,0.0,3.3,-1.6,1.08
464363,2169,32277,56.7,0.0,3.3,-1.6,1.08
464364,2178,32277,56.7,0.0,3.3,-1.6,1.08
464364,2163,32277,56.7,0.0,3.3,-1.6,1.08
464378,2072,32294,56.7,0.0,3.3,-1.6,1.08
464378,2061,32294,56.7,0.0,3.3,-1.6,1.08
464378,2100,32294,56.7,0.0,3.3,-1.6,1.08
464398,2188,32311,56.7,0.0,3.3,-1.6,1.07
464400,2177,32311,56.7,0.0,3.3,-1.6,1.07
464401,2188,32311,56.7,0.0,3.3,-1.6,1.07
464401,2220,32311,56.7,0.0,3.3,-1.6,1.07
464413,1970,32320,56.7,0.0,3.3,-1.6,1.07
464414,1969,32320,56.7,0.0,3.3,-1.6,1.07
464414,1959,32320,56.7,0.0,3.3,-1.6,1.07
464431,1925,32336,56.7,0.0,3.3,-1.6,1.07
464432,1868,32336,56.7,0.0,3.3,-1.6,1.07
464432,1928,32336,56.7,0.0,3.3,-1.6,1.07
464432,1920,32336,56.7,0.0,3.3,-1.6,1.07
464446,2101,32352,56.7,0.0,3.3,-1.6,1.07
464446,2051,32352,56.7,0.0,3.3,-1.6,1.07
464447,2081,32352,56.7,0.0,3.3,-1.6,1.07
464465,2248,32367,56.7,0.0,3.3,-1.6,1.07
464465,2224,32367,56.7,0.0,3.3,-1.6,1.07
464466,2205,32367,56.7,0.0,3.3,-1.6,1.07
464478,2013,32374,56.7,0.0,3.3,-1.6,1.07
464479,2021,32374,56.7,0.0,3.3,-1.6,1.07
464479,2043,32374,56.7,0.0,3.3,-1.6,1.07
464498,2099,32389,56.7,0.0,3.3,-1.6,1.07
464500,2092,32389,56.7,0.0,3.3,-1.6,1.07
464500,2093,32389,56.7,0.0,3.3,-1.6,1.07
464501,2101,32389,56.7,0.0,3.3,-1.6,1.07
464513,1983,32396,56.7,0.0,3.3,-1.6,1.07
464514,1991,32396,56.7,0.0,3.3,-1.6,1.07
464514,1979,32396,56.7,0.0,3.3,-1.6,1.07
464531,1998,32411,56.7,0.0,3.3,-1.6,1.07
464532,2005,32411,56.7,0.0,3.3,-1.6,1.07
464532,2030,32411,56.7,0.0,3.3,-1.6,1.07
464546,2162,32425,56.7,0.0,3.3,-1.6,1.08
464546,2130,32425,56.7,0.0,3.3,-1.6,1.08
464546,2124,32425,56.7,0.0,3.3,-1.6,1.08
464565,2089,32440,56.7,0.0,3.3,-1.6,1.08
464565,2095,32440,56.7,0.0,3.3,-1.6,1.08
464566,2081,32440,56.7,0.0,3.3,-1.6,1.08
464578,2336,32447,56.7,0.0,3.3,-1.6,1.08
464579,2371,32447,56.7,0.0,3.3,-1.6,1.08
464579,2364,32447,56.7,0.0,3.3,-1.6,1.08
464580,2451,32447,56.7,0.0,3.3,-1.6,1.08
464599,2059,32462,56.7,0.0,3.3,-1.5,1.07
464599,2074,32462,56.7,0.0,3.3,-1.5,1.07
464599,2072,32462,56.7,0.0,3.3,-1.5,1.07
464612,2015,32469,56.7,0.0,3.3,-1.5,1.07
464612,2032,32469,56.7,0.0,3.3,-1.5,1.07
464612,2029,32469,56.7,0.0,3.3,-1.5,1.07
464631,1997,32484,56.7,0.0,3.3,-1.5,1.07
464632,1970,32484,56.7,0.0,3.3,-1.5,1.07
464632,1978,32484,56.7,0.0,3.3,-1.5,1.07
464645,2138,32498,56.7,0.0,3.3,-1.6,1.08
464646,2127,32498,56.7,0.0,3.3,-1.6,1.08
464646,2109,32498,56.7,0.0,3.3,-1.6,1.08
464665,2096,32513,56.7,0.0,3.3,-1.6,1.08
464666,2087,32513,56.7,0.0,3.3,-1.6,1.08
464667,2075,32513,56.7,0.0,3.3,-1.6,1.08
464667,2058,32513,56.7,0.0,3.3,-1.6,1.08
464680,2339,32520,56.7,0.0,3.3,-1.6,1.08
464681,2336,32520,56.7,0.0,3.3,-1.6,1.08
464682,2335,32520,56.7,0.0,3.3,-1.6,1.08
464683,2349,32520,56.7,0.0,3.3,-1.6,1.08
464700,2094,32534,56.7,0.0,3.3,-1.7,1.08
464701,2079,32534,56.7,0.0,3.3,-1.7,1.08
464701,2063,32534,56.7,0.0,3.3,-1.7,1.08
464715,1986,32549,56.7,0.0,3.3,-1.7,1.08
464715,2006,32549,56.7,0.0,3.3,-1.7,1.08
464715,2014,32549,56.7,0.0,3.3,-1.7,1.08
464732,1952,32556,56.7,0.0,3.3,-1.7,1.08
464733,1940,32556,56.7,0.0,3.3,-1.7,1.08
464733,1937,32556,56.7,0.0,3.3,-1.7,1.08
464746,2085,32570,56.7,0.0,3.4,-1.7,1.07
464747,2070,32570,56.7,0.0,3.4,-1.7,1.07
464747,2060,32570,56.7,0.0,3.4,-1.7,1.07
464766,2028,32584,56.7,0.0,3.4,-1.7,1.07
464768,2030,32584,56.7,0.0,3.4,-1.7,1.07
464768,2025,32584,56.7,0.0,3.4,-1.7,1.07
464769,2027,32584,56.7,0.0,3.4,-1.7,1.07
464782,2155,32590,56.7,0.0,3.4,-1.7,1.07
464782,2131,32590,56.7,0.0,3.4,-1.7,1.07
464783,2149,32590,56.7,0.0,3.4,-1.7,1.07
464801,562,32604,56.7,0.0,3.3,-1.7,1.08
464802,542,32604,56.7,0.0,3.3,-1.7,1.08
464802,476,32604,56.7,0.0,3.3,-1.7,1.08
464802,412,32604,56.7,0.0,3.3,-1.7,1.08
464816,2772,32618,56.7,0.0,3.3,-1.7,1.08
464816,2902,32618,56.7,0.0,3.3,-1.7,1.08
464816,3028,32618,56.7,0.0,3.3,-1.7,1.08
464834,1703,32632,56.7,0.0,3.3,-1.7,1.08
464835,1667,32632,56.7,0.0,3.3,-1.7,1.08
464835,1576,32632,56.7,0.0,3.3,-1.7,1.08
464847,2153,32638,56.7,0.0,3.3,-1.6,1.08
464848,2204,32638,56.7,0.0,3.3,-1.6,1.08
464848,2298,32638,56.7,0.0,3.3,-1.6,1.08
464867,2098,32652,56.7,0.0,3.3,-1.6,1.08
464869,1986,32652,56.7,0.0,3.3,-1.6,1.08
464869,1962,32652,56.7,0.0,3.3,-1.6,1.08
464869,2032,32652,56.7,0.0,3.3,-1.6,1.08
464883,2288,32666,56.7,0.0,3.3,-1.6,1.08
464884,2246,32666,56.7,0.0,3.3,-1.6,1.08
464884,2145,32666,56.7,0.0,3.3,-1.6,1.08
464901,2041,32672,56.7,0.0,3.3,-1.7,1.07
464901,2106,32672,56.7,0.0,3.3,-1.7,1.07
464902,2160,32672,56.7,0.0,3.3,-1.7,1.07
464915,2025,32686,56.7,0.0,3.3,-1.7,1.07
464916,1939,32686,56.7,0.0,3.3,-1.7,1.07
464916,1934,32686,56.7,0.0,3.3,-1.7,1.07
464935,2015,32699,56.7,0.0,3.3,-1.7,1.07
464935,2060,32699,56.7,0.0,3.3,-1.7,1.07
464935,2039,32699,56.7,0.0,3.3,-1.7,1.07
464948,1954,32706,56.7,0.0,3.3,-1.6,1.08
464949,1926,32706,56.7,0.0,3.3,-1.6,1.08
464949,1991,32706,56.7,0.0,3.3,-1.6,1.08
464967,2115,32720,56.7,0.0,3.3,-1.6,1.08
464968,2072,32720,56.7,0.0,3.3,-1.6,1.08
464968,2022,32720,56.7,0.0,3.3,-1.6,1.08
464980,2041,32726,56.7,0.0,3.3,-1.6,1.08
464981,2071,32726,56.7,0.0,3.3,-1.6,1.08
464981,2135,32726,56.7,0.0,3.3,-1.6,1.08
465000,2012,32740,56.7,0.0,3.2,-1.6,1.08
465003,1999,32746,56.7,0.0,3.2,-1.6,1.08
465003,1976,32746,56.7,0.0,3.2,-1.6,1.08
465004,2011,32746,56.7,0.0,3.2,-1.6,1.08
465016,2058,32752,56.7,0.0,3.2,-1.6,1.08
465017,2133,32752,56.7,0.0,3.2,-1.6,1.08
465017,2108,32752,56.7,0.0,3.2,-1.6,1.08
465034,1926,32765,56.7,0.0,3.2,-1.6,1.08
465035,1961,32765,56.7,0.0,3.2,-1.6,1.08
465035,1989,32765,56.7,0.0,3.2,-1.6,1.08
465036,1919,32765,56.7,0.0,3.2,-1.6,1.08
465049,1981,32770,56.7,0.0,3.2,-1.6,1.07
465049,1970,32770,56.7,0.0,3.2,-1.6,1.07
465050,2023,32770,56.7,0.0,3.2,-1.6,1.07
465067,2087,32782,56.7,0.0,3.2,-1.6,1.07
465067,2084,32782,56.7,0.0,3.2,-1.6,1.07
465067,2043,32782,56.7,0.0,3.2,-1.6,1.07
465080,2106,32787,56.7,0.0,3.2,-1.6,1.07
465080,2122,32787,56.7,0.0,3.2,-1.6,1.07
465080,2163,32787,56.7,0.0,3.2,-1.6,1.07
465100,2123,32798,56.7,0.0,3.2,-1.5,1.07
465103,2048,32804,56.7,0.0,3.2,-1.5,1.07
465103,2041,32804,56.7,0.0,3.2,-1.5,1.07
465104,2055,32804,56.7,0.0,3.2,-1.5,1.07
465116,2019,32809,56.7,0.0,3.2,-1.5,1.07
465117,2063,32809,56.7,0.0,3.2,-1.5,1.07
465117,2037,32809,56.7,0.0,3.2,-1.5,1.07
465134,1992,32820,56.7,0.0,3.2,-1.5,1.07
465134,2013,32820,56.7,0.0,3.2,-1.5,1.07
465135,2039,32820,56.7,0.0,3.2,-1.5,1.07
465147,2091,32825,56.7,0.0,3.3,-1.5,1.07
465148,2020,32825,56.7,0.0,3.3,-1.5,1.07
465149,2016,32825,56.7,0.0,3.3,-1.5,1.07
465149,2015,32825,56.7,0.0,3.3,-1.5,1.07
465168,2100,32836,56.7,0.0,3.3,-1.5,1.07
465168,2061,32836,56.7,0.0,3.3,-1.5,1.07
465168,2047,32836,56.7,0.0,3.3,-1.5,1.07
465181,2092,32841,56.7,0.0,3.3,-1.5,1.07
465181,2113,32841,56.7,0.0,3.3,-1.5,1.07
465182,2141,32841,56.7,0.0,3.3,-1.5,1.07
465200,2262,32852,56.7,0.0,3.2,-1.6,1.07
465201,2254,32852,56.7,0.0,3.2,-1.6,1.07
465201,2249,32852,56.7,0.0,3.2,-1.6,1.07
465214,1943,32863,56.7,0.0,3.2,-1.6,1.07
465215,1956,32863,56.7,0.0,3.2,-1.6,1.07
465215,1931,32863,56.7,0.0,3.2,-1.6,1.07
465234,1945,32874,56.7,0.0,3.2,-1.6,1.07
465234,1948,32874,56.7,0.0,3.2,-1.6,1.07
465235,1971,32874,56.7,0.0,3.2,-1.6,1.07
465235,1984,32874,56.7,0.0,3.2,-1.6,1.07
465248,2052,32880,56.7,0.0,3.3,-1.5,1.08
465248,2024,32880,56.7,0.0,3.3,-1.5,1.08
465248,2029,32880,56.7,0.0,3.3,-1.5,1.08
465267,2088,32891,56.7,0.0,3.3,-1.5,1.08
465268,2098,32891,56.7,0.0,3.3,-1.5,1.08
465268,2074,32891,56.7,0.0,3.3,-1.5,1.08
465280,2055,32897,56.7,0.0,3.3,-1.5,1.08
465281,2065,32897,56.7,0.0,3.3,-1.5,1.08
465281,2097,32897,56.7,0.0,3.3,-1.5,1.08
465300,2204,32908,56.7,0.0,3.3,-1.6,1.07
465303,2161,32913,56.7,0.0,3.3,-1.6,1.07
465303,2141,32913,56.7,0.0,3.3,-1.6,1.07
465303,2149,32913,56.7,0.0,3.3,-1.6,1.07
465316,1974,32918,56.7,0.0,3.3,-1.6,1.07
465317,2046,32918,56.7,0.0,3.3,-1.6,1.07
465317,2088,32918,56.7,0.0,3.3,-1.6,1.07
465333,1886,32929,56.7,0.0,3.3,-1.6,1.07
465334,1896,32929,56.7,0.0,3.3,-1.6,1.07
465334,1923,32929,56.7,0.0,3.3,-1.6,1.07
465347,2087,32935,56.7,0.0,3.3,-1.6,1.08
465348,2070,32935,56.7,0.0,3.3,-1.6,1.08
465348,2050,32935,56.7,0.0,3.3,-1.6,1.08
465367,2044,32945,56.7,0.0,3.3,-1.6,1.08
465367,2066,32945,56.7,0.0,3.3,-1.6,1.08
465367,2051,32945,56.7,0.0,3.3,-1.6,1.08
465380,2087,32950,56.7,0.0,3.3,-1.6,1.08
465380,2065,32950,56.7,0.0,3.3,-1.6,1.08
465381,2079,32950,56.7,0.0,3.3,-1.6,1.08
465400,2139,32961,56.7,0.0,3.2,-1.6,1.08
465403,2112,32966,56.7,0.0,3.2,-1.6,1.08
465403,2094,32966,56.7,0.0,3.2,-1.6,1.08
465403,2065,32966,56.7,0.0,3.2,-1.6,1.08
465416,1973,32971,56.7,0.0,3.2,-1.6,1.08
465417,2042,32971,56.7,0.0,3.2,-1.6,1.08
465417,2060,32971,56.7,0.0,3.2,-1.6,1.08
465434,1970,32982,56.7,0.0,3.2,-1.6,1.08
465435,1950,32982,56.7,0.0,3.2,-1.6,1.08
465435,1976,32982,56.7,0.0,3.2,-1.6,1.08
465447,2104,32987,56.7,0.0,3.2,-1.6,1.08
465448,2077,32987,56.7,0.0,3.2,-1.6,1.08
465448,2059,32987,56.7,0.0,3.2,-1.6,1.08
465468,2006,32998,56.7,0.0,3.2,-1.6,1.08
465470,2022,33003,56.7,0.0,3.2,-1.6,1.08
465471,2032,33003,56.7,0.0,3.2,-1.6,1.08
465471,2021,33003,56.7,0.0,3.2,-1.6,1.08
465484,2478,33008,56.7,0.0,3.2,-1.6,1.08
465484,2460,33008,56.7,0.0,3.2,-1.6,1.08
465485,2475,33008,56.7,0.0,3.2,-1.6,1.08
465485,2451,33008,56.7,0.0,3.2,-1.6,1.08
465503,1987,33019,56.7,0.0,3.2,-1.6,1.07
465503,1972,33019,56.7,0.0,3.2,-1.6,1.07
465503,1960,33019,56.7,0.0,3.2,-1.6,1.07
465516,2035,33024,56.7,0.0,3.2,-1.6,1.07
465517,2060,33024,56.7,0.0,3.2,-1.6,1.07
465517,2113,33024,56.7,0.0,3.2,-1.6,1.07
465535,1906,33035,56.7,0.0,3.2,-1.6,1.07
465536,1897,33035,56.7,0.0,3.2,-1.6,1.07
465536,1904,33035,56.7,0.0,3.2,-1.6,1.07
465548,2100,33040,56.7,0.0,3.2,-1.6,1.08
465549,2090,33040,56.7,0.0,3.2,-1.6,1.08
465549,2072,33040,56.7,0.0,3.2,-1.6,1.08
465568,1972,33051,56.7,0.0,3.2,-1.6,1.08
465571,2022,33056,56.7,0.0,3.2,-1.6,1.08
465572,2044,33056,56.7,0.0,3.2,-1.6,1.08
465572,2045,33056,56.7,0.0,3.2,-1.6,1.08
465585,2146,33061,56.7,0.0,3.2,-1.6,1.08
465585,2124,33061,56.7,0.0,3.2,-1.6,1.08
465585,2129,33061,56.7,0.0,3.2,-1.6,1.08
465603,2460,33071,56.7,0.0,3.3,-1.6,1.07
465604,2444,33071,56.7,0.0,3.3,-1.6,1.07
465604,2416,33071,56.7,0.0,3.3,-1.6,1.07
465616,1964,33077,56.7,0.0,3.3,-1.6,1.07
465617,2082,33077,56.7,0.0,3.3,-1.6,1.07
465617,2141,33077,56.7,0.0,3.3,-1.6,1.07
465636,1588,33087,56.7,0.0,3.3,-1.6,1.07
465636,1618,33087,56.7,0.0,3.3,-1.6,1.07
465638,1701,33087,56.7,0.0,3.3,-1.6,1.07
465638,1690,33087,56.7,0.0,3.3,-1.6,1.07
465652,2125,33096,56.7,0.0,3.3,-1.6,1.07
465652,2125,33096,56.7,0.0,3.3,-1.6,1.07
465652,2149,33096,56.7,0.0,3.3,-1.6,1.07
465668,2074,33100,56.7,0.0,3.3,-1.6,1.07
465669,2043,33100,56.7,0.0,3.3,-1.6,1.07
465669,2003,33100,56.7,0.0,3.3,-1.6,1.07
465683,2686,33109,56.7,0.0,3.3,-1.6,1.07
465684,2678,33109,56.7,0.0,3.3,-1.6,1.07
465684,2703,33109,56.7,0.0,3.3,-1.6,1.07
465702,2180,33117,56.7,0.0,3.2,-1.6,1.08
465703,2206,33117,56.7,0.0,3.2,-1.6,1.08
465703,2170,33117,56.7,0.0,3.2,-1.6,1.08
465715,1950,33121,56.7,0.0,3.2,-1.6,1.08
465716,1990,33121,56.7,0.0,3.2,-1.6,1.08
465716,1986,33121,56.7,0.0,3.2,-1.6,1.08
465717,1969,33121,56.7,0.0,3.2,-1.6,1.08
465735,1931,33129,56.7,0.0,3.2,-1.6,1.08
465736,1948,33129,56.7,0.0,3.2,-1.6,1.08
465736,2005,33129,56.7,0.0,3.2,-1.6,1.08
465748,2083,33133,56.7,0.0,3.2,-1.6,1.08
465749,2049,33133,56.7,0.0,3.2,-1.6,1.08
465749,2015,33133,56.7,0.0,3.2,-1.6,1.08
465768,2052,33142,56.7,0.0,3.2,-1.6,1.08
465769,2074,33142,56.7,0.0,3.2,-1.6,1.08
465769,2081,33142,56.7,0.0,3.2,-1.6,1.08
465783,2073,33150,56.7,0.0,3.2,-1.6,1.08
465783,2045,33150,56.7,0.0,3.2,-1.6,1.08
465784,2061,33150,56.7,0.0,3.2,-1.6,1.08
465808,2042,33158,56.7,0.0,3.2,-1.6,1.08
465810,2048,33162,56.7,0.0,3.2,-1.6,1.08
465811,2010,33162,56.7,0.0,3.2,-1.6,1.08
465811,1988,33162,56.7,0.0,3.2,-1.6,1.08
465823,2590,33166,56.7,0.0,3.2,-1.6,1.08
465824,2597,33166,56.7,0.0,3.2,-1.6,1.08
465824,2614,33166,56.7,0.0,3.2,-1.6,1.08
465841,2456,33175,56.7,0.0,3.2,-1.6,1.08
465841,2457,33175,56.7,0.0,3.2,-1.6,1.08
465842,2443,33175,56.7,0.0,3.2,-1.6,1.08
465855,1878,33179,56.7,0.0,3.3,-1.6,1.07
465856,1881,33179,56.7,0.0,3.3,-1.6,1.07
465856,1846,33179,56.7,0.0,3.3,-1.6,1.07
465857,1812,33179,56.7,0.0,3.3,-1.6,1.07
465873,1867,33188,56.7,0.0,3.3,-1.6,1.07
465874,1891,33188,56.7,0.0,3.3,-1.6,1.07
465874,1889,33188,56.7,0.0,3.3,-1.6,1.07
465886,2066,33192,56.7,0.0,3.3,-1.6,1.07
465887,2035,33192,56.7,0.0,3.3,-1.6,1.07
465887,2021,33192,56.7,0.0,3.3,-1.6,1.07
465907,2029,33200,56.7,0.0,3.3,-1.6,1.07
465910,2041,33205,56.7,0.0,3.3,-1.6,1.07
465910,2005,33205,56.7,0.0,3.3,-1.6,1.07
465910,1963,33205,56.7,0.0,3.3,-1.6,1.07
465923,2261,33209,56.7,0.0,3.3,-1.6,1.07
465924,2306,33209,56.7,0.0,3.3,-1.6,1.07
465924,2343,33209,56.7,0.0,3.3,-1.6,1.07
465924,2325,33209,56.7,0.0,3.3,-1.6,1.07
465941,2085,33217,56.7,0.0,3.3,-1.6,1.07
465942,2078,33217,56.7,0.0,3.3,-1.6,1.07
465942,2109,33217,56.7,0.0,3.3,-1.6,1.07
465955,2014,33221,56.7,0.0,3.3,-1.6,1.07
465956,2003,33221,56.7,0.0,3.3,-1.6,1.07
465956,1961,33221,56.7,0.0,3.3,-1.6,1.07
465956,1943,33221,56.7,0.0,3.3,-1.6,1.07
465975,1901,33229,56.7,0.0,3.3,-1.6,1.07
465975,1924,33229,56.7,0.0,3.3,-1.6,1.07
465975,1905,33229,56.7,0.0,3.3,-1.6,1.07
465988,2100,33233,56.7,0.0,3.3,-1.6,1.07
465988,2074,33233,56.7,0.0,3.3,-1.6,1.07
465988,2105,33233,56.7,0.0,3.3,-1.6,1.07
466007,2126,33241,56.7,0.0,3.3,-1.6,1.08
466008,2106,33241,56.7,0.0,3.3,-1.6,1.08
466008,2065,33241,56.7,0.0,3.3,-1.6,1.08
466021,2171,33250,56.7,0.0,3.3,-1.6,1.08
466022,2201,33250,56.7,0.0,3.3,-1.6,1.08
466022,2238,33250,56.7,0.0,3.3,-1.6,1.08
466040,2096,33257,56.7,0.0,3.3,-1.6,1.08
466041,2059,33257,56.7,0.0,3.3,-1.6,1.08
466041,2049,33257,56.7,0.0,3.3,-1.6,1.08
466054,1996,33261,56.7,0.0,3.3,-1.6,1.07
466055,2014,33261,56.7,0.0,3.3,-1.6,1.07
466055,2004,33261,56.7,0.0,3.3,-1.6,1.07
466055,1971,33261,56.7,0.0,3.3,-1.6,1.07
466075,1882,33269,56.7,0.0,3.3,-1.6,1.07
466075,1905,33269,56.7,0.0,3.3,-1.6,1.07
466075,1928,33269,56.7,0.0,3.3,-1.6,1.07
466088,2091,33273,56.7,0.0,3.3,-1.6,1.07
466088,2054,33273,56.7,0.0,3.3,-1.6,1.07
466089,2021,33273,56.7,0.0,3.3,-1.6,1.07
466108,2043,33281,56.7,0.0,3.2,-1.6,1.08
466111,2039,33285,56.7,0.0,3.2,-1.6,1.08
466111,2020,33285,56.7,0.0,3.2,-1.6,1.08
466111,1977,33285,56.7,0.0,3.2,-1.6,1.08
466124,2235,33289,56.7,0.0,3.2,-1.6,1.08
466124,2234,33289,56.7,0.0,3.2,-1.6,1.08
466125,2267,33289,56.7,0.0,3.2,-1.6,1.08
466141,2239,33297,56.7,0.0,3.2,-1.6,1.08
466142,2211,33297,56.7,0.0,3.2,-1.6,1.08
466142,2203,33297,56.7,0.0,3.2,-1.6,1.08
466155,1951,33301,56.7,0.0,3.3,-1.6,1.07
466155,1984,33301,56.7,0.0,3.3,-1.6,1.07
466155,1961,33301,56.7,0.0,3.3,-1.6,1.07
466175,1956,33309,56.7,0.0,3.3,-1.6,1.07
466175,1936,33309,56.7,0.0,3.3,-1.6,1.07
466175,1955,33309,56.7,0.0,3.3,-1.6,1.07
466189,2047,33317,56.7,0.0,3.3,-1.6,1.07
466190,2037,33317,56.7,0.0,3.3,-1.6,1.07
466190,2003,33317,56.7,0.0,3.3,-1.6,1.07
466207,2114,33321,56.7,0.0,3.4,-1.6,1.08
466208,2129,33321,56.7,0.0,3.4,-1.6,1.08
466208,2138,33321,56.7,0.0,3.4,-1.6,1.08
466221,2358,33328,56.7,0.0,3.4,-1.6,1.08
466222,2334,33328,56.7,0.0,3.4,-1.6,1.08
466222,2327,33328,56.7,0.0,3.4,-1.6,1.08
466241,2070,33336,56.7,0.0,3.4,-1.6,1.08
466243,2117,33336,56.7,0.0,3.4,-1.6,1.08
466243,2100,33336,56.7,0.0,3.4,-1.6,1.08
466244,2059,33336,56.7,0.0,3.4,-1.6,1.08
466256,1974,33339,56.7,0.0,3.3,-1.6,1.07
466256,1998,33339,56.7,0.0,3.3,-1.6,1.07
466257,2036,33339,56.7,0.0,3.3,-1.6,1.07
466275,1999,33346,56.7,0.0,3.3,-1.6,1.07
466275,1940,33346,56.7,0.0,3.3,-1.6,1.07
466276,1972,33346,56.7,0.0,3.3,-1.6,1.07
466290,2042,33352,56.7,0.0,3.3,-1.6,1.07
466290,2059,33352,56.7,0.0,3.3,-1.6,1.07
466290,2050,33352,56.7,0.0,3.3,-1.6,1.07
466308,2170,33358,56.7,0.0,3.3,-1.6,1.07
466309,2118,33358,56.7,0.0,3.3,-1.6,1.07
466309,2155,33358,56.7,0.0,3.3,-1.6,1.07
466321,1995,33361,56.7,0.0,3.3,-1.5,1.07
466322,1997,33361,56.7,0.0,3.3,-1.5,1.07
466322,1947,33361,56.7,0.0,3.3,-1.5,1.07
466340,2099,33366,56.7,0.0,3.3,-1.5,1.07
466341,2125,33366,56.7,0.0,3.3,-1.5,1.07
466341,2162,33366,56.7,0.0,3.3,-1.5,1.07
466354,2007,33369,56.7,0.0,3.3,-1.5,1.07
466354,1974,33369,56.7,0.0,3.3,-1.5,1.07
466354,1961,33369,56.7,0.0,3.3,-1.5,1.07
466374,1938,33375,56.7,0.0,3.3,-1.4,1.08
466376,1958,33375,56.7,0.0,3.3,-1.4,1.08
466377,1961,33375,56.7,0.0,3.3,-1.4,1.08
466378,1949,33375,56.7,0.0,3.3,-1.4,1.08
466392,1926,33380,56.7,0.0,3.3,-1.4,1.08
466392,1992,33380,56.7,0.0,3.3,-1.4,1.08
466393,2035,33380,56.7,0.0,3.3,-1.4,1.08
466414,1935,33386,56.7,0.0,3.3,-1.4,1.08
466416,1913,33386,56.7,0.0,3.3,-1.4,1.08
466416,1899,33386,56.7,0.0,3.3,-1.4,1.08
466416,1920,33386,56.7,0.0,3.3,-1.4,1.08
466430,2060,33392,56.7,0.0,3.4,-1.6,1.07
466430,2052,33392,56.7,0.0,3.4,-1.6,1.07
466430,2032,33392,56.7,0.0,3.4,-1.6,1.07
466446,2154,33396,56.7,0.0,3.4,-1.6,1.07
466447,2154,33396,56.7,0.0,3.4,-1.6,1.07
466447,2170,33396,56.7,0.0,3.4,-1.6,1.07
466460,2216,33402,56.7,0.0,3.4,-1.6,1.07
466461,2217,33402,56.7,0.0,3.4,-1.6,1.07
466461,2206,33402,56.7,0.0,3.4,-1.6,1.07
466480,2080,33408,56.7,0.0,3.4,-1.6,1.08
466482,2147,33408,56.7,0.0,3.4,-1.6,1.08
466482,2141,33408,56.7,0.0,3.4,-1.6,1.08
466482,2123,33408,56.7,0.0,3.4,-1.6,1.08
466496,1967,33412,56.7,0.0,3.4,-1.6,1.08
466496,1970,33412,56.7,0.0,3.4,-1.6,1.08
466496,1991,33412,56.7,0.0,3.4,-1.6,1.08
466520,2017,33421,56.7,0.0,3.4,-1.6,1.08
466522,2010,33421,56.7,0.0,3.4,-1.6,1.08
466522,2014,33421,56.7,0.0,3.4,-1.6,1.08
466523,2080,33421,56.7,0.0,3.4,-1.6,1.08
466535,2033,33425,56.7,0.0,3.4,-1.7,1.07
466536,1978,33425,56.7,0.0,3.4,-1.7,1.07
466536,1970,33425,56.7,0.0,3.4,-1.7,1.07
466553,1970,33431,56.7,0.0,3.4,-1.7,1.07
466553,1983,33431,56.7,0.0,3.4,-1.7,1.07
466553,2004,33431,56.7,0.0,3.4,-1.7,1.07
466566,2097,33434,56.7,0.0,3.4,-1.7,1.07
466566,2089,33434,56.7,0.0,3.4,-1.7,1.07
466567,2097,33434,56.7,0.0,3.4,-1.7,1.07
466585,2289,33441,56.7,0.0,3.2,-1.6,1.08
466586,2289,33441,56.7,0.0,3.2,-1.6,1.08
466586,2277,33441,56.7,0.0,3.2,-1.6,1.08
466600,2105,33447,56.7,0.0,3.2,-1.6,1.08
466600,2132,33447,56.7,0.0,3.2,-1.6,1.08
466600,2146,33447,56.7,0.0,3.2,-1.6,1.08
466618,2104,33453,56.7,0.0,3.2,-1.6,1.08
466619,2197,33453,56.7,0.0,3.2,-1.6,1.08
466619,2215,33453,56.7,0.0,3.2,-1.6,1.08
466632,2030,33456,56.7,0.0,3.3,-1.5,1.07
466632,2017,33456,56.7,0.0,3.3,-1.5,1.07
466632,2009,33456,56.7,0.0,3.3,-1.5,1.07
466652,2060,33463,56.7,0.0,3.3,-1.5,1.07
466652,2029,33463,56.7,0.0,3.3,-1.5,1.07
466654,1996,33463,56.7,0.0,3.3,-1.5,1.07
466655,1978,33463,56.7,0.0,3.3,-1.5,1.07
466669,2113,33469,56.7,0.0,3.3,-1.5,1.07
466669,2090,33469,56.7,0.0,3.3,-1.5,1.07
466669,2085,33469,56.7,0.0,3.3,-1.5,1.07
466685,2023,33472,56.7,0.0,3.3,-1.5,1.07
466685,2037,33472,56.7,0.0,3.3,-1.5,1.07
466685,2025,33472,56.7,0.0,3.3,-1.5,1.07
466699,2090,33479,56.7,0.0,3.4,-1.5,1.08
466699,2100,33479,56.7,0.0,3.4,-1.5,1.08
466699,2118,33479,56.7,0.0,3.4,-1.5,1.08
466718,2012,33485,56.7,0.0,3.4,-1.5,1.08
466719,2044,33485,56.7,0.0,3.4,-1.5,1.08
466719,2024,33485,56.7,0.0,3.4,-1.5,1.08
466731,1998,33488,56.7,0.0,3.4,-1.5,1.08
466732,2036,33488,56.7,0.0,3.4,-1.5,1.08
466732,2027,33488,56.7,0.0,3.4,-1.5,1.08
466752,2039,33495,56.7,0.0,3.3,-1.5,1.08
466754,1896,33495,56.7,0.0,3.3,-1.5,1.08
466754,1866,33495,56.7,0.0,3.3,-1.5,1.08
466754,1869,33495,56.7,0.0,3.3,-1.5,1.08
466768,2268,33501,56.7,0.0,3.3,-1.5,1.08
466769,2220,33501,56.7,0.0,3.3,-1.5,1.08
466769,2218,33501,56.7,0.0,3.3,-1.5,1.08
466770,2209,33501,56.7,0.0,3.3,-1.5,1.08
466785,2083,33505,56.7,0.0,3.3,-1.5,1.08
466786,2078,33505,56.7,0.0,3.3,-1.5,1.08
466786,2064,33505,56.7,0.0,3.3,-1.5,1.08
466799,2101,33511,56.7,0.0,3.2,-1.6,1.07
466800,2132,33511,56.7,0.0,3.2,-1.6,1.07
466800,2137,33511,56.7,0.0,3.2,-1.6,1.07
466817,1963,33517,56.7,0.0,3.2,-1.6,1.07
466818,1965,33517,56.7,0.0,3.2,-1.6,1.07
466818,1949,33517,56.7,0.0,3.2,-1.6,1.07
466830,2068,33521,56.7,0.0,3.2,-1.6,1.07
466831,2053,33521,56.7,0.0,3.2,-1.6,1.07
466831,2051,33521,56.7,0.0,3.2,-1.6,1.07
466851,2051,33526,56.7,0.0,3.2,-1.6,1.07
466853,1999,33526,56.7,0.0,3.2,-1.6,1.07
466853,1973,33526,56.7,0.0,3.2,-1.6,1.07
466854,2011,33526,56.7,0.0,3.2,-1.6,1.07
466867,2096,33532,56.7,0.0,3.2,-1.6,1.07
466868,2079,33532,56.7,0.0,3.2,-1.6,1.07
466869,2060,33532,56.7,0.0,3.2,-1.6,1.07
466870,2026,33532,56.7,0.0,3.2,-1.6,1.07
466886,2062,33536,56.7,0.0,3.2,-1.6,1.07
466887,2062,33536,56.7,0.0,3.2,-1.6,1.07
466887,2043,33536,56.7,0.0,3.2,-1.6,1.07
466900,2081,33539,56.7,0.0,3.2,-1.6,1.07
466900,2090,33539,56.7,0.0,3.2,-1.6,1.07
466900,2095,33539,56.7,0.0,3.2,-1.6,1.07
466918,1986,33543,56.7,0.0,3.2,-1.6,1.08
466918,1993,33543,56.7,0.0,3.2,-1.6,1.08
466919,2039,33543,56.7,0.0,3.2,-1.6,1.08
466931,2022,33545,56.7,0.0,3.2,-1.6,1.08
466931,2027,33545,56.7,0.0,3.2,-1.6,1.08
466932,2024,33545,56.7,0.0,3.2,-1.6,1.08
466952,2047,33549,56.7,0.0,3.2,-1.6,1.08
466953,1971,33549,56.7,0.0,3.2,-1.6,1.08
466954,1959,33549,56.7,0.0,3.2,-1.6,1.08
466954,1957,33549,56.7,0.0,3.2,-1.6,1.08
466968,2182,33554,56.7,0.0,3.3,-1.6,1.07
466968,2139,33554,56.7,0.0,3.3,-1.6,1.07
466968,2142,33554,56.7,0.0,3.3,-1.6,1.07
466985,2315,33556,56.7,0.0,3.3,-1.6,1.07
466985,2320,33556,56.7,0.0,3.3,-1.6,1.07
466985,2321,33556,56.7,0.0,3.3,-1.6,1.07
466999,1963,33560,56.7,0.0,3.3,-1.6,1.07
466999,2025,33560,56.7,0.0,3.3,-1.6,1.07
466999,2045,33560,56.7,0.0,3.3,-1.6,1.07
467018,1899,33565,56.7,0.0,3.4,-1.8,1.07
467019,1985,33565,56.7,0.0,3.4,-1.8,1.07
467019,2018,33565,56.7,0.0,3.4,-1.8,1.07
467031,2053,33568,56.7,0.0,3.4,-1.8,1.07
467032,2048,33568,56.7,0.0,3.4,-1.8,1.07
467032,2035,33568,56.7,0.0,3.4,-1.8,1.07
467051,2019,33573,56.7,0.0,3.4,-1.8,1.07
467053,2029,33573,56.7,0.0,3.4,-1.8,1.07
467053,2020,33573,56.7,0.0,3.4,-1.8,1.07
467053,2011,33573,56.7,0.0,3.4,-1.8,1.07
467067,2274,33578,56.7,0.0,3.5,-1.8,1.08
467068,2253,33578,56.7,0.0,3.5,-1.8,1.08
467068,2250,33578,56.7,0.0,3.5,-1.8,1.08
467084,2173,33580,56.7,0.0,3.5,-1.8,1.08
467084,2167,33580,56.7,0.0,3.5,-1.8,1.08
467085,2153,33580,56.7,0.0,3.5,-1.8,1.08
467098,1962,33586,56.7,0.0,3.5,-1.8,1.08
467099,2022,33586,56.7,0.0,3.5,-1.8,1.08
467099,2033,33586,56.7,0.0,3.5,-1.8,1.08
467118,1983,33591,56.7,0.0,3.4,-1.6,1.07
467120,2113,33591,56.7,0.0,3.4,-1.6,1.07
467120,2130,33591,56.7,0.0,3.4,-1.6,1.07
467121,2149,33591,56.7,0.0,3.4,-1.6,1.07
467133,2016,33593,56.7,0.0,3.4,-1.6,1.07
467133,1995,33593,56.7,0.0,3.4,-1.6,1.07
467134,1975,33593,56.7,0.0,3.4,-1.6,1.07
467152,2008,33598,56.7,0.0,3.4,-1.6,1.07
467152,2037,33598,56.7,0.0,3.4,-1.6,1.07
467152,2037,33598,56.7,0.0,3.4,-1.6,1.07
467166,2008,33603,56.7,0.0,3.3,-1.6,1.07
467166,1968,33603,56.7,0.0,3.3,-1.6,1.07
467166,1972,33603,56.7,0.0,3.3,-1.6,1.07
467184,2208,33605,56.7,0.0,3.3,-1.6,1.07
467184,2217,33605,56.7,0.0,3.3,-1.6,1.07
467184,2214,33605,56.7,0.0,3.3,-1.6,1.07
467198,1936,33610,56.7,0.0,3.3,-1.6,1.07
467198,1937,33610,56.7,0.0,3.3,-1.6,1.07
467198,1947,33610,56.7,0.0,3.3,-1.6,1.07
467217,1883,33615,56.7,0.0,3.3,-1.6,1.07
467218,1900,33615,56.7,0.0,3.3,-1.6,1.07
467218,1875,33615,56.7,0.0,3.3,-1.6,1.07
467230,2064,33617,56.7,0.0,3.4,-1.7,1.07
467231,2055,33617,56.7,0.0,3.4,-1.7,1.07
467231,2059,33617,56.7,0.0,3.4,-1.7,1.07
467250,2053,33622,56.7,0.0,3.4,-1.7,1.07
467252,2019,33622,56.7,0.0,3.4,-1.7,1.07
467253,1980,33622,56.7,0.0,3.4,-1.7,1.07
467253,1966,33622,56.7,0.0,3.4,-1.7,1.07
467266,2137,33627,56.7,0.0,3.4,-1.7,1.07
467267,2125,33627,56.7,0.0,3.4,-1.7,1.07
467267,2133,33627,56.7,0.0,3.4,-1.7,1.07
467284,2134,33629,56.7,0.0,3.5,-1.6,1.08
467285,2133,33629,56.7,0.0,3.5,-1.6,1.08
467285,2121,33629,56.7,0.0,3.5,-1.6,1.08
467298,1978,33634,56.7,0.0,3.5,-1.6,1.08
467299,2012,33634,56.7,0.0,3.5,-1.6,1.08
467299,2053,33634,56.7,0.0,3.5,-1.6,1.08
467300,2083,33634,56.7,0.0,3.5,-1.6,1.08
467318,1909,33639,56.7,0.0,3.5,-1.6,1.08
467318,1930,33639,56.7,0.0,3.5,-1.6,1.08
467318,1931,33639,56.7,0.0,3.5,-1.6,1.08
467331,2135,33642,56.7,0.0,3.5,-1.6,1.08
467331,2094,33642,56.7,0.0,3.5,-1.6,1.08
467331,2096,33642,56.7,0.0,3.5,-1.6,1.08
467350,2069,33647,56.7,0.0,3.5,-1.6,1.08
467351,2048,33647,56.7,0.0,3.5,-1.6,1.08
467351,2040,33647,56.7,0.0,3.5,-1.6,1.08
467364,2346,33649,56.7,0.0,3.5,-1.6,1.08
467364,2351,33649,56.7,0.0,3.5,-1.6,1.08
467364,2378,33649,56.7,0.0,3.5,-1.6,1.08
467385,2020,33654,56.7,0.0,3.4,-1.5,1.07
467387,2029,33657,56.7,0.0,3.4,-1.5,1.07
467388,1997,33657,56.7,0.0,3.4,-1.5,1.07
467388,2002,33657,56.7,0.0,3.4,-1.5,1.07
467400,2159,33659,56.7,0.0,3.4,-1.5,1.07
467401,2199,33659,56.7,0.0,3.4,-1.5,1.07
467402,2215,33659,56.7,0.0,3.4,-1.5,1.07
467403,2186,33659,56.7,0.0,3.4,-1.5,1.07
467419,1970,33664,56.7,0.0,3.4,-1.5,1.07
467420,2022,33664,56.7,0.0,3.4,-1.5,1.07
467420,2037,33664,56.7,0.0,3.4,-1.5,1.07
467432,2044,33666,56.7,0.0,3.3,-1.6,1.08
467433,2008,33666,56.7,0.0,3.3,-1.6,1.08
467433,2017,33666,56.7,0.0,3.3,-1.6,1.08
467452,1994,33670,56.7,0.0,3.3,-1.6,1.08
467455,2020,33672,56.7,0.0,3.3,-1.6,1.08
467455,1988,33672,56.7,0.0,3.3,-1.6,1.08
467455,1998,33672,56.7,0.0,3.3,-1.6,1.08
467468,2034,33673,56.7,0.0,3.3,-1.6,1.08
467468,2053,33673,56.7,0.0,3.3,-1.6,1.08
467469,2071,33673,56.7,0.0,3.3,-1.6,1.08
467486,2068,33676,56.7,0.0,3.3,-1.6,1.07
467487,2057,33676,56.7,0.0,3.3,-1.6,1.07
467487,2056,33676,56.7,0.0,3.3,-1.6,1.07
467500,2075,33678,56.7,0.0,3.3,-1.6,1.07
467500,2103,33678,56.7,0.0,3.3,-1.6,1.07
467500,2093,33678,56.7,0.0,3.3,-1.6,1.07
467519,2001,33681,56.7,0.0,3.3,-1.6,1.07
467520,2052,33681,56.7,0.0,3.3,-1.6,1.07
467520,2059,33681,56.7,0.0,3.3,-1.6,1.07
467522,2032,33681,56.7,0.0,3.3,-1.6,1.07
467536,2011,33683,56.7,0.0,3.4,-1.6,1.08
467536,1995,33683,56.7,0.0,3.4,-1.6,1.08
467536,2004,33683,56.7,0.0,3.4,-1.6,1.08
467552,2019,33685,56.7,0.0,3.4,-1.6,1.08
467553,2025,33685,56.7,0.0,3.4,-1.6,1.08
467553,2009,33685,56.7,0.0,3.4,-1.6,1.08
467566,2049,33688,56.7,0.0,3.4,-1.6,1.08
467567,2049,33688,56.7,0.0,3.4,-1.6,1.08
467567,2079,33688,56.7,0.0,3.4,-1.6,1.08
467587,2233,33691,56.7,0.0,3.4,-1.6,1.07
467589,2159,33691,56.7,0.0,3.4,-1.6,1.07
467589,2136,33691,56.7,0.0,3.4,-1.6,1.07
467589,2139,33691,56.7,0.0,3.4,-1.6,1.07
467602,2029,33693,56.7,0.0,3.4,-1.6,1.07
467602,2033,33693,56.7,0.0,3.4,-1.6,1.07
467602,2030,33693,56.7,0.0,3.4,-1.6,1.07
467620,2063,33697,56.7,0.0,3.4,-1.6,1.07
467621,2076,33697,56.7,0.0,3.4,-1.6,1.07
467621,2081,33697,56.7,0.0,3.4,-1.6,1.07
467634,2018,33700,56.7,0.0,3.5,-1.7,1.08
467635,1999,33700,56.7,0.0,3.5,-1.7,1.08
467635,1986,33700,56.7,0.0,3.5,-1.7,1.08
467652,2037,33702,56.7,0.0,3.5,-1.7,1.08
467653,2025,33702,56.7,0.0,3.5,-1.7,1.08
467653,2027,33702,56.7,0.0,3.5,-1.7,1.08
467667,2023,33706,56.7,0.0,3.5,-1.7,1.08
467667,2015,33706,56.7,0.0,3.5,-1.7,1.08
467668,2018,33706,56.7,0.0,3.5,-1.7,1.08
467669,2050,33706,56.7,0.0,3.5,-1.7,1.08
467686,2091,33710,56.7,0.0,3.6,-1.8,1.08
467687,2076,33710,56.7,0.0,3.6,-1.8,1.08
467687,2062,33710,56.7,0.0,3.6,-1.8,1.08
467700,2217,33711,56.7,0.0,3.6,-1.8,1.08
467701,2318,33711,56.7,0.0,3.6,-1.8,1.08
467701,2362,33711,56.7,0.0,3.6,-1.8,1.08
467701,2367,33711,56.7,0.0,3.6,-1.8,1.08
467719,1859,33715,56.7,0.0,3.6,-1.8,1.08
467720,1956,33715,56.7,0.0,3.6,-1.8,1.08
467720,1962,33715,56.7,0.0,3.6,-1.8,1.08
467732,2039,33717,56.7,0.0,3.4,-1.7,1.09
467733,2043,33717,56.7,0.0,3.4,-1.7,1.09
467733,2048,33717,56.7,0.0,3.4,-1.7,1.09
467752,2022,33720,56.7,0.0,3.4,-1.7,1.09
467755,1968,33722,56.7,0.0,3.4,-1.7,1.09
467755,1952,33722,56.7,0.0,3.4,-1.7,1.09
467755,1975,33722,56.7,0.0,3.4,-1.7,1.09
467768,2106,33723,56.7,0.0,3.4,-1.7,1.09
467769,2099,33723,56.7,0.0,3.4,-1.7,1.09
467769,2095,33723,56.7,0.0,3.4,-1.7,1.09
467787,2114,33726,56.7,0.0,3.2,-1.5,1.07
467787,2088,33726,56.7,0.0,3.2,-1.5,1.07
467788,2096,33726,56.7,0.0,3.2,-1.5,1.07
467801,2146,33728,56.7,0.0,3.2,-1.5,1.07
467801,2140,33728,56.7,0.0,3.2,-1.5,1.07
467801,2154,33728,56.7,0.0,3.2,-1.5,1.07
467819,1963,33731,56.7,0.0,3.2,-1.5,1.07
467820,2078,33731,56.7,0.0,3.2,-1.5,1.07
467820,2108,33731,56.7,0.0,3.2,-1.5,1.07
467833,2021,33734,56.7,0.0,3.1,-1.3,1.08
467834,2007,33734,56.7,0.0,3.1,-1.3,1.08
467834,1994,33734,56.7,0.0,3.1,-1.3,1.08
467851,2173,33736,56.7,0.0,3.1,-1.3,1.08
467852,2136,33736,56.7,0.0,3.1,-1.3,1.08
467852,2137,33736,56.7,0.0,3.1,-1.3,1.08
467865,2293,33739,56.7,0.0,3.1,-1.3,1.08
467866,2304,33739,56.7,0.0,3.1,-1.3,1.08
467866,2290,33739,56.7,0.0,3.1,-1.3,1.08
467887,2537,33743,56.7,0.0,3.1,-1.4,1.08
467889,2428,33743,56.7,0.0,3.1,-1.4,1.08
467889,2391,33743,56.7,0.0,3.1,-1.4,1.08
467890,2359,33743,56.7,0.0,3.1,-1.4,1.08
467903,2256,33746,56.7,0.0,3.1,-1.4,1.08
467904,2281,33746,56.7,0.0,3.1,-1.4,1.08
467904,2289,33746,56.7,0.0,3.1,-1.4,1.08
467920,2064,33748,56.7,0.0,3.1,-1.4,1.08
467921,2104,33748,56.7,0.0,3.1,-1.4,1.08
467921,2097,33748,56.7,0.0,3.1,-1.4,1.08
467934,1999,33751,56.7,0.0,3.3,-1.7,1.08
467935,1975,33751,56.7,0.0,3.3,-1.7,1.08
467935,1993,33751,56.7,0.0,3.3,-1.7,1.08
467951,2105,33753,56.7,0.0,3.3,-1.7,1.08
467952,2075,33753,56.7,0.0,3.3,-1.7,1.08
467952,2063,33753,56.7,0.0,3.3,-1.7,1.08
467965,2057,33756,56.7,0.0,3.3,-1.7,1.08
467966,2078,33756,56.7,0.0,3.3,-1.7,1.08
467966,2071,33756,56.7,0.0,3.3,-1.7,1.08
467986,1948,33760,56.7,0.0,3.5,-1.9,1.08
467989,1942,33760,56.7,0.0,3.5,-1.9,1.08
467989,1954,33760,56.7,0.0,3.5,-1.9,1.08
467990,1964,33760,56.7,0.0,3.5,-1.9,1.08
468004,2571,33762,56.7,0.0,3.5,-1.9,1.08
468005,2559,33762,56.7,0.0,3.5,-1.9,1.08
468006,2554,33762,56.7,0.0,3.5,-1.9,1.08
468006,2560,33762,56.7,0.0,3.5,-1.9,1.08
468023,2045,33764,56.7,0.0,3.5,-1.9,1.08
468024,2050,33764,56.7,0.0,3.5,-1.9,1.08
468024,2030,33764,56.7,0.0,3.5,-1.9,1.08
468036,1993,33765,56.7,0.0,3.6,-1.8,1.08
468037,2020,33765,56.7,0.0,3.6,-1.8,1.08
468037,2037,33765,56.7,0.0,3.6,-1.8,1.08
468054,2019,33766,56.7,0.0,3.6,-1.8,1.08
468054,1971,33766,56.7,0.0,3.6,-1.8,1.08
468054,1947,33766,56.7,0.0,3.6,-1.8,1.08
468067,2315,33767,56.7,0.0,3.6,-1.8,1.08
468067,2314,33767,56.7,0.0,3.6,-1.8,1.08
468067,2301,33767,56.7,0.0,3.6,-1.8,1.08
468087,2583,33768,56.7,0.0,3.6,-1.8,1.08
468087,2557,33768,56.7,0.0,3.6,-1.8,1.08
468087,2552,33768,56.7,0.0,3.6,-1.8,1.08
468100,1859,33769,56.7,0.0,3.3,-1.5,1.08
468101,1914,33769,56.7,0.0,3.3,-1.5,1.08
468101,1882,33769,56.7,0.0,3.3,-1.5,1.08
468120,2025,33771,56.7,0.0,3.3,-1.5,1.08
468120,2172,33771,56.7,0.0,3.3,-1.5,1.08
468120,2244,33771,56.7,0.0,3.3,-1.5,1.08
468134,1976,33772,56.7,0.0,3.3,-1.5,1.08
468135,1940,33772,56.7,0.0,3.3,-1.5,1.08
468135,1886,33772,56.7,0.0,3.3,-1.5,1.08
468153,2050,33773,56.7,0.0,3.0,-1.3,1.07
468153,2083,33773,56.7,0.0,3.0,-1.3,1.07
468154,2108,33773,56.7,0.0,3.0,-1.3,1.07
468166,2167,33773,56.7,0.0,3.0,-1.3,1.07
468167,2120,33773,56.7,0.0,3.0,-1.3,1.07
468167,2129,33773,56.7,0.0,3.0,-1.3,1.07
468185,2244,33775,56.7,0.0,3.0,-1.3,1.07
468186,2268,33775,56.7,0.0,3.0,-1.3,1.07
468186,2257,33775,56.7,0.0,3.0,-1.3,1.07
468199,1936,33776,56.7,0.0,3.0,-1.3,1.07
468199,1931,33776,56.7,0.0,3.0,-1.3,1.07
468199,1959,33776,56.7,0.0,3.0,-1.3,1.07
468219,2029,33777,56.7,0.0,3.0,-1.3,1.07
468219,1998,33777,56.7,0.0,3.0,-1.3,1.07
468219,2014,33777,56.7,0.0,3.0,-1.3,1.07
468233,1994,33779,56.7,0.0,3.0,-1.3,1.07
468233,1999,33779,56.7,0.0,3.0,-1.3,1.07
468234,2012,33779,56.7,0.0,3.0,-1.3,1.07
468234,1981,33779,56.7,0.0,3.0,-1.3,1.07
468251,2020,33780,56.7,0.0,3.0,-1.3,1.07
468251,2027,33780,56.7,0.0,3.0,-1.3,1.07
468251,2024,33780,56.7,0.0,3.0,-1.3,1.07
468265,2121,33782,56.7,0.0,3.2,-1.6,1.08
468265,2100,33782,56.7,0.0,3.2,-1.6,1.08
468265,2083,33782,56.7,0.0,3.2,-1.6,1.08
468284,2127,33783,56.7,0.0,3.2,-1.6,1.08
468285,2145,33783,56.7,0.0,3.2,-1.6,1.08
468285,2143,33783,56.7,0.0,3.2,-1.6,1.08
468298,1979,33784,56.7,0.0,3.2,-1.6,1.08
468298,1962,33784,56.7,0.0,3.2,-1.6,1.08
468298,1958,33784,56.7,0.0,3.2,-1.6,1.08
468317,2013,33786,56.7,0.0,3.5,-1.9,1.07
468318,2008,33786,56.7,0.0,3.5,-1.9,1.07
468318,2005,33786,56.7,0.0,3.5,-1.9,1.07
468330,2074,33787,56.7,0.0,3.5,-1.9,1.07
468331,2063,33787,56.7,0.0,3.5,-1.9,1.07
468331,2086,33787,56.7,0.0,3.5,-1.9,1.07
468350,2051,33789,56.7,0.0,3.5,-1.9,1.07
468353,2014,33789,56.7,0.0,3.5,-1.9,1.07
468354,2001,33789,56.7,0.0,3.5,-1.9,1.07
468354,1999,33789,56.7,0.0,3.5,-1.9,1.07
468367,2253,33790,56.7,0.0,3.3,-1.8,1.07
468367,2240,33790,56.7,0.0,3.3,-1.8,1.07
468367,2236,33790,56.7,0.0,3.3,-1.8,1.07
468385,232,33792,56.7,0.0,3.3,-1.8,1.07
468385,253,33792,56.7,0.0,3.3,-1.8,1.07
468386,196,33792,56.7,0.0,3.3,-1.8,1.07
468386,142,33792,56.7,0.0,3.3,-1.8,1.07
468398,2782,33793,56.7,0.0,3.3,-1.8,1.07
468399,2920,33793,56.7,0.0,3.3,-1.8,1.07
468399,3037,33793,56.7,0.0,3.3,-1.8,1.07
468417,1509,33794,56.7,0.0,3.2,-1.6,1.07
468418,1474,33794,56.7,0.0,3.2,-1.6,1.07
468418,1359,33794,56.7,0.0,3.2,-1.6,1.07
468431,2158,33796,56.7,0.0,3.2,-1.6,1.07
468432,2246,33796,56.7,0.0,3.2,-1.6,1.07
468432,2352,33796,56.7,0.0,3.2,-1.6,1.07
468449,2194,33797,56.7,0.0,3.2,-1.6,1.07
468450,2062,33797,56.7,0.0,3.2,-1.6,1.07
468450,2011,33797,56.7,0.0,3.2,-1.6,1.07
468464,2085,33799,56.7,0.0,3.0,-1.5,1.07
468464,2182,33799,56.7,0.0,3.0,-1.5,1.07
468465,2155,33799,56.7,0.0,3.0,-1.5,1.07
468484,2081,33800,56.7,0.0,3.0,-1.5,1.07
468486,2029,33800,56.7,0.0,3.0,-1.5,1.07
468486,2104,33800,56.7,0.0,3.0,-1.5,1.07
468486,2192,33800,56.7,0.0,3.0,-1.5,1.07
468499,2035,33801,56.7,0.0,3.0,-1.5,1.07
468500,1919,33801,56.7,0.0,3.0,-1.5,1.07
468500,1897,33801,56.7,0.0,3.0,-1.5,1.07
468518,2012,33803,56.7,0.0,3.1,-1.4,1.08
468519,2080,33803,56.7,0.0,3.1,-1.4,1.08
468519,2074,33803,56.7,0.0,3.1,-1.4,1.08
468532,1992,33805,56.7,0.0,3.1,-1.4,1.08
468533,1946,33805,56.7,0.0,3.1,-1.4,1.08
468533,2002,33805,56.7,0.0,3.1,-1.4,1.08
468551,2068,33807,56.7,0.0,3.1,-1.4,1.08
468552,2066,33807,56.7,0.0,3.1,-1.4,1.08
468552,1988,33807,56.7,0.0,3.1,-1.4,1.08
468564,2059,33808,56.7,0.0,3.3,-1.5,1.07
468565,2111,33808,56.7,0.0,3.3,-1.5,1.07
468565,2181,33808,56.7,0.0,3.3,-1.5,1.07
468585,2351,33809,56.7,0.0,3.3,-1.5,1.07
468587,2278,33809,56.7,0.0,3.3,-1.5,1.07
468587,2239,33809,56.7,0.0,3.3,-1.5,1.07
468587,2280,33809,56.7,0.0,3.3,-1.5,1.07
468602,2153,33809,56.7,0.0,3.3,-1.5,1.07
468602,2173,33809,56.7,0.0,3.3,-1.5,1.07
468602,2108,33809,56.7,0.0,3.3,-1.5,1.07
468619,1880,33810,56.7,0.0,3.3,-1.6,1.08
468620,1941,33810,56.7,0.0,3.3,-1.6,1.08
468620,2005,33810,56.7,0.0,3.3,-1.6,1.08
468634,2069,33809,56.7,0.0,3.3,-1.6,1.08
468634,1988,33809,56.7,0.0,3.3,-1.6,1.08
468634,1965,33809,56.7,0.0,3.3,-1.6,1.08
468653,2028,33809,56.7,0.0,3.3,-1.6,1.08
468654,2068,33809,56.7,0.0,3.3,-1.6,1.08
468654,2046,33809,56.7,0.0,3.3,-1.6,1.08
468667,2070,33809,56.7,0.0,3.2,-1.7,1.08
468667,2055,33809,56.7,0.0,3.2,-1.7,1.08
468667,2096,33809,56.7,0.0,3.2,-1.7,1.08
468686,2303,33809,56.7,0.0,3.2,-1.7,1.08
468690,2201,33809,56.7,0.0,3.2,-1.7,1.08
468690,2137,33809,56.7,0.0,3.2,-1.7,1.08
468690,2111,33809,56.7,0.0,3.2,-1.7,1.08
468704,2386,33808,56.7,0.0,3.2,-1.7,1.08
468705,2506,33808,56.7,0.0,3.2,-1.7,1.08
468705,2501,33808,56.7,0.0,3.2,-1.7,1.08
468706,2537,33808,56.7,0.0,3.2,-1.7,1.08
468724,2026,33808,56.7,0.0,3.2,-1.7,1.08
468725,2072,33808,56.7,0.0,3.2,-1.7,1.08
468725,2094,33808,56.7,0.0,3.2,-1.7,1.08
468737,2019,33808,56.7,0.0,3.2,-1.7,1.08
468738,1988,33808,56.7,0.0,3.2,-1.7,1.08
468738,1988,33808,56.7,0.0,3.2,-1.7,1.08
468738,2008,33808,56.7,0.0,3.2,-1.7,1.08
468756,1964,33809,56.7,0.0,3.2,-1.7,1.08
468757,1921,33809,56.7,0.0,3.2,-1.7,1.08
468757,1885,33809,56.7,0.0,3.2,-1.7,1.08
468770,2161,33809,56.7,0.0,3.3,-1.6,1.07
468771,2171,33809,56.7,0.0,3.3,-1.6,1.07
468771,2186,33809,56.7,0.0,3.3,-1.6,1.07
468788,1954,33809,56.7,0.0,3.3,-1.6,1.07
468789,1929,33809,56.7,0.0,3.3,-1.6,1.07
468789,1921,33809,56.7,0.0,3.3,-1.6,1.07
468803,2399,33810,56.7,0.0,3.3,-1.6,1.07
468803,2462,33810,56.7,0.0,3.3,-1.6,1.07
468804,2486,33810,56.7,0.0,3.3,-1.6,1.07
468824,2045,33810,56.7,0.0,3.3,-1.7,1.08
468826,2062,33810,56.7,0.0,3.3,-1.7,1.08
468826,2049,33810,56.7,0.0,3.3,-1.7,1.08
468826,2083,33810,56.7,0.0,3.3,-1.7,1.08
468839,2001,33810,56.7,0.0,3.3,-1.7,1.08
468839,2013,33810,56.7,0.0,3.3,-1.7,1.08
468839,1982,33810,56.7,0.0,3.3,-1.7,1.08
468857,1930,33811,56.7,0.0,3.3,-1.7,1.08
468857,1928,33811,56.7,0.0,3.3,-1.7,1.08
468857,1938,33811,56.7,0.0,3.3,-1.7,1.08
468871,2093,33812,56.7,0.0,3.4,-1.7,1.07
468871,2074,33812,56.7,0.0,3.4,-1.7,1.07
468871,2055,33812,56.7,0.0,3.4,-1.7,1.07
468888,1930,33812,56.7,0.0,3.4,-1.7,1.07
468889,1966,33812,56.7,0.0,3.4,-1.7,1.07
468889,1960,33812,56.7,0.0,3.4,-1.7,1.07
468903,2049,33812,56.7,0.0,3.4,-1.7,1.07
468903,2060,33812,56.7,0.0,3.4,-1.7,1.07
468903,2074,33812,56.7,0.0,3.4,-1.7,1.07
468923,2321,33813,56.7,0.0,3.4,-1.7,1.08
468925,2356,33813,56.7,0.0,3.4,-1.7,1.08
468925,2345,33813,56.7,0.0,3.4,-1.7,1.08
468926,2344,33813,56.7,0.0,3.4,-1.7,1.08
468938,1905,33813,56.7,0.0,3.4,-1.7,1.08
468939,1877,33813,56.7,0.0,3.4,-1.7,1.08
468940,1892,33813,56.7,0.0,3.4,-1.7,1.08
468940,1863,33813,56.7,0.0,3.4,-1.7,1.08
468959,1865,33814,56.7,0.0,3.4,-1.7,1.08
468959,1881,33814,56.7,0.0,3.4,-1.7,1.08
468959,1895,33814,56.7,0.0,3.4,-1.7,1.08
468973,2074,33814,56.7,0.0,3.4,-1.8,1.08
468973,2033,33814,56.7,0.0,3.4,-1.8,1.08
468974,2010,33814,56.7,0.0,3.4,-1.8,1.08
468974,2088,33814,56.7,0.0,3.4,-1.8,1.08
468991,2121,33815,56.7,0.0,3.4,-1.8,1.08
468992,2080,33815,56.7,0.0,3.4,-1.8,1.08
468992,2043,33815,56.7,0.0,3.4,-1.8,1.08
469005,2056,33816,56.7,0.0,3.4,-1.8,1.08
469005,2085,33816,56.7,0.0,3.4,-1.8,1.08
469005,2095,33816,56.7,0.0,3.4,-1.8,1.08
469024,2064,33817,56.7,0.0,3.4,-1.8,1.08
469025,2041,33817,56.7,0.0,3.4,-1.8,1.08
469025,2046,33817,56.7,0.0,3.4,-1.8,1.08
469037,2010,33817,56.7,0.0,3.3,-1.7,1.07
469038,2022,33817,56.7,0.0,3.3,-1.7,1.07
469038,1984,33817,56.7,0.0,3.3,-1.7,1.07
469057,1962,33818,56.7,0.0,3.3,-1.7,1.07
469060,1954,33819,56.7,0.0,3.3,-1.7,1.07
469061,1981,33819,56.7,0.0,3.3,-1.7,1.07
469061,2202,33819,56.7,0.0,3.3,-1.7,1.07
469075,2022,33819,56.7,0.0,3.3,-1.7,1.07
469075,1969,33819,56.7,0.0,3.3,-1.7,1.07
469075,1973,33819,56.7,0.0,3.3,-1.7,1.07
469097,2026,33820,56.7,0.0,3.3,-1.7,1.08
469099,2017,33821,56.7,0.0,3.3,-1.7,1.08
469100,1991,33821,56.7,0.0,3.3,-1.7,1.08
469100,1975,33821,56.7,0.0,3.3,-1.7,1.08
469112,2041,33821,56.7,0.0,3.3,-1.7,1.08
469113,2042,33821,56.7,0.0,3.3,-1.7,1.08
469113,2039,33821,56.7,0.0,3.3,-1.7,1.08
469130,2213,33823,56.7,0.0,3.3,-1.7,1.08
469130,2189,33823,56.7,0.0,3.3,-1.7,1.08
469130,2191,33823,56.7,0.0,3.3,-1.7,1.08
469143,2093,33823,56.7,0.0,3.2,-1.6,1.07
469143,2102,33823,56.7,0.0,3.2,-1.6,1.07
469143,2088,33823,56.7,0.0,3.2,-1.6,1.07
469162,2056,33825,56.7,0.0,3.2,-1.6,1.07
469163,2084,33825,56.7,0.0,3.2,-1.6,1.07
469163,2108,33825,56.7,0.0,3.2,-1.6,1.07
469176,2012,33825,56.7,0.0,3.2,-1.6,1.07
469176,2004,33825,56.7,0.0,3.2,-1.6,1.07
469176,1984,33825,56.7,0.0,3.2,-1.6,1.07
469198,1971,33825,56.7,0.0,3.2,-1.6,1.07
469201,2159,33826,56.7,0.0,3.2,-1.6,1.07
469201,2290,33826,56.7,0.0,3.2,-1.6,1.07
469201,2332,33826,56.7,0.0,3.2,-1.6,1.07
469214,2034,33825,56.7,0.0,3.2,-1.6,1.07
469214,2029,33825,56.7,0.0,3.2,-1.6,1.07
469215,1988,33825,56.7,0.0,3.2,-1.6,1.07
469231,2106,33825,56.7,0.0,3.2,-1.6,1.07
469232,2102,33825,56.7,0.0,3.2,-1.6,1.07
469232,2114,33825,56.7,0.0,3.2,-1.6,1.07
469244,2234,33824,56.7,0.0,3.2,-1.6,1.08
469245,2245,33824,56.7,0.0,3.2,-1.6,1.08
469245,2225,33824,56.7,0.0,3.2,-1.6,1.08
469264,2001,33823,56.7,0.0,3.2,-1.6,1.08
469267,2029,33823,56.7,0.0,3.2,-1.6,1.08
469267,2038,33823,56.7,0.0,3.2,-1.6,1.08
469267,2025,33823,56.7,0.0,3.2,-1.6,1.08
469281,1996,33822,56.7,0.0,3.2,-1.6,1.08
469281,2064,33822,56.7,0.0,3.2,-1.6,1.08
469282,2088,33822,56.7,0.0,3.2,-1.6,1.08
469299,1974,33822,56.7,0.0,3.2,-1.5,1.08
469300,2002,33822,56.7,0.0,3.2,-1.5,1.08
469301,1977,33822,56.7,0.0,3.2,-1.5,1.08
469302,2060,33822,56.7,0.0,3.2,-1.5,1.08
469315,1999,33821,56.7,0.0,3.2,-1.5,1.08
469315,2007,33821,56.7,0.0,3.2,-1.5,1.08
469315,1984,33821,56.7,0.0,3.2,-1.5,1.08
469333,2053,33820,56.7,0.0,3.2,-1.5,1.08
469334,2027,33820,56.7,0.0,3.2,-1.5,1.08
469334,2032,33820,56.7,0.0,3.2,-1.5,1.08
469346,2041,33820,56.7,0.0,3.2,-1.6,1.08
469347,2042,33820,56.7,0.0,3.2,-1.6,1.08
469347,2021,33820,56.7,0.0,3.2,-1.6,1.08
469366,2248,33820,56.7,0.0,3.2,-1.6,1.08
469369,2208,33820,56.7,0.0,3.2,-1.6,1.08
469369,2188,33820,56.7,0.0,3.2,-1.6,1.08
469369,2209,33820,56.7,0.0,3.2,-1.6,1.08
469382,2024,33819,56.7,0.0,3.2,-1.6,1.08
469383,2061,33819,56.7,0.0,3.2,-1.6,1.08
469384,2095,33819,56.7,0.0,3.2,-1.6,1.08
469385,2134,33819,56.7,0.0,3.2,-1.6,1.08
469403,2139,33819,56.7,0.0,3.3,-1.7,1.07
469404,2164,33819,56.7,0.0,3.3,-1.7,1.07
469404,2153,33819,56.7,0.0,3.3,-1.7,1.07
469404,2129,33819,56.7,0.0,3.3,-1.7,1.07
469417,1979,33819,56.7,0.0,3.3,-1.7,1.07
469418,1976,33819,56.7,0.0,3.3,-1.7,1.07
469418,1956,33819,56.7,0.0,3.3,-1.7,1.07
469436,1975,33819,56.7,0.0,3.3,-1.7,1.07
469437,1981,33819,56.7,0.0,3.3,-1.7,1.07
469437,2005,33819,56.7,0.0,3.3,-1.7,1.07
469450,2092,33819,56.7,0.0,3.3,-1.6,1.08
469451,2066,33819,56.7,0.0,3.3,-1.6,1.08
469451,2071,33819,56.7,0.0,3.3,-1.6,1.08
469469,2148,33820,56.7,0.0,3.3,-1.6,1.08
469470,2154,33820,56.7,0.0,3.3,-1.6,1.08
469470,2169,33820,56.7,0.0,3.3,-1.6,1.08
469482,2025,33820,56.7,0.0,3.3,-1.6,1.08
469483,2025,33820,56.7,0.0,3.3,-1.6,1.08
469483,2032,33820,56.7,0.0,3.3,-1.6,1.08
469502,2143,33820,56.7,0.0,3.3,-1.6,1.08
469504,2255,33820,56.7,0.0,3.3,-1.6,1.08
469504,2259,33820,56.7,0.0,3.3,-1.6,1.08
469504,2248,33820,56.7,0.0,3.3,-1.6,1.08
469519,1924,33820,56.7,0.0,3.3,-1.6,1.08
469519,1945,33820,56.7,0.0,3.3,-1.6,1.08
469519,1920,33820,56.7,0.0,3.3,-1.6,1.08
469542,2045,33820,56.7,0.0,3.3,-1.6,1.08
469543,2119,33820,56.7,0.0,3.3,-1.6,1.08
469544,2160,33820,56.7,0.0,3.3,-1.6,1.08
469544,2192,33820,56.7,0.0,3.3,-1.6,1.08
469556,2008,33820,56.7,0.0,3.3,-1.5,1.07
469557,1976,33820,56.7,0.0,3.3,-1.5,1.07
469557,1957,33820,56.7,0.0,3.3,-1.5,1.07
469574,2066,33820,56.7,0.0,3.3,-1.5,1.07
469575,2059,33820,56.7,0.0,3.3,-1.5,1.07
469575,2054,33820,56.7,0.0,3.3,-1.5,1.07
469588,1945,33820,56.7,0.0,3.3,-1.5,1.07
469589,1938,33820,56.7,0.0,3.3,-1.5,1.07
469589,1944,33820,56.7,0.0,3.3,-1.5,1.07
469606,2096,33820,56.7,0.0,3.2,-1.6,1.08
469607,2095,33820,56.7,0.0,3.2,-1.6,1.08
469607,2093,33820,56.7,0.0,3.2,-1.6,1.08
469621,1971,33820,56.7,0.0,3.2,-1.6,1.08
469621,1985,33820,56.7,0.0,3.2,-1.6,1.08
469622,2039,33820,56.7,0.0,3.2,-1.6,1.08
469640,1971,33821,56.7,0.0,3.2,-1.6,1.08
469641,1964,33821,56.7,0.0,3.2,-1.6,1.08
469641,1973,33821,56.7,0.0,3.2,-1.6,1.08
469654,2045,33821,56.7,0.0,3.4,-1.6,1.08
469655,2028,33821,56.7,0.0,3.4,-1.6,1.08
469655,1997,33821,56.7,0.0,3.4,-1.6,1.08
469656,1986,33821,56.7,0.0,3.4,-1.6,1.08
469674,2038,33822,56.7,0.0,3.4,-1.6,1.08
469675,2024,33822,56.7,0.0,3.4,-1.6,1.08
469675,2055,33822,56.7,0.0,3.4,-1.6,1.08
469689,2080,33823,56.7,0.0,3.4,-1.6,1.08
469689,2079,33823,56.7,0.0,3.4,-1.6,1.08
469689,2072,33823,56.7,0.0,3.4,-1.6,1.08
469707,2118,33824,56.7,0.0,3.4,-1.6,1.08
469708,2123,33824,56.7,0.0,3.4,-1.6,1.08
469708,2113,33824,56.7,0.0,3.4,-1.6,1.08
469720,1948,33824,56.7,0.0,3.0,-1.4,1.06
469721,2037,33824,56.7,0.0,3.0,-1.4,1.06
469721,2062,33824,56.7,0.0,3.0,-1.4,1.06
469741,2395,33825,56.7,0.0,3.0,-1.4,1.06
469741,2424,33825,56.7,0.0,3.0,-1.4,1.06
469741,2441,33825,56.7,0.0,3.0,-1.4,1.06
469754,1972,33826,56.7,0.0,3.0,-1.4,1.06
469754,1923,33826,56.7,0.0,3.0,-1.4,1.06
469755,1874,33826,56.7,0.0,3.0,-1.4,1.06
469780,1864,33828,56.7,0.0,3.0,-1.4,1.09
469782,1877,33828,56.7,0.0,3.0,-1.4,1.09
469782,1946,33828,56.7,0.0,3.0,-1.4,1.09
469782,1961,33828,56.7,0.0,3.0,-1.4,1.09
469795,2015,33828,56.7,0.0,3.0,-1.4,1.09
469796,2012,33828,56.7,0.0,3.0,-1.4,1.09
469796,2039,33828,56.7,0.0,3.0,-1.4,1.09
469813,2094,33829,56.7,0.0,3.0,-1.4,1.09
469813,2055,33829,56.7,0.0,3.0,-1.4,1.09
469813,2025,33829,56.7,0.0,3.0,-1.4,1.09
469827,2116,33829,56.7,0.0,3.3,-1.7,1.07
469827,2138,33829,56.7,0.0,3.3,-1.7,1.07
469827,2159,33829,56.7,0.0,3.3,-1.7,1.07
469844,2139,33828,56.7,0.0,3.3,-1.7,1.07
469845,2134,33828,56.7,0.0,3.3,-1.7,1.07
469845,2116,33828,56.7,0.0,3.3,-1.7,1.07
469859,1974,33828,56.7,0.0,3.3,-1.7,1.07
469859,1984,33828,56.7,0.0,3.3,-1.7,1.07
469860,1974,33828,56.7,0.0,3.3,-1.7,1.07
469860,1949,33828,56.7,0.0,3.3,-1.7,1.07
469880,1986,33827,56.7,0.0,3.4,-1.8,1.08
469880,2005,33827,56.7,0.0,3.4,-1.8,1.08
469880,2041,33827,56.7,0.0,3.4,-1.8,1.08
469893,2047,33826,56.7,0.0,3.4,-1.8,1.08
469893,2005,33826,56.7,0.0,3.4,-1.8,1.08
469893,2009,33826,56.7,0.0,3.4,-1.8,1.08
469912,2023,33825,56.7,0.0,3.4,-1.8,1.08
469913,2046,33825,56.7,0.0,3.4,-1.8,1.08
469913,2036,33825,56.7,0.0,3.4,-1.8,1.08
469926,2063,33824,56.7,0.0,3.4,-1.5,1.09
469927,2063,33824,56.7,0.0,3.4,-1.5,1.09
469927,2057,33824,56.7,0.0,3.4,-1.5,1.09
469944,2234,33824,56.7,0.0,3.4,-1.5,1.09
469945,2236,33824,56.7,0.0,3.4,-1.5,1.09
469945,2183,33824,56.7,0.0,3.4,-1.5,1.09
469959,1926,33823,56.7,0.0,3.4,-1.5,1.09
469960,1932,33823,56.7,0.0,3.4,-1.5,1.09
469960,1942,33823,56.7,0.0,3.4,-1.5,1.09
469960,1910,33823,56.7,0.0,3.4,-1.5,1.09
469980,1963,33823,56.7,0.0,3.2,-1.3,1.09
469980,1948,33823,56.7,0.0,3.2,-1.3,1.09
469981,1966,33823,56.7,0.0,3.2,-1.3,1.09
469982,1984,33823,56.7,0.0,3.2,-1.3,1.09
469995,2008,33823,56.7,0.0,3.2,-1.3,1.09
469996,1995,33823,56.7,0.0,3.2,-1.3,1.09
469996,1994,33823,56.7,0.0,3.2,-1.3,1.09
469997,2009,33823,56.7,0.0,3.2,-1.3,1.09
470014,2073,33823,56.7,0.0,3.2,-1.3,1.09
470014,2043,33823,56.7,0.0,3.2,-1.3,1.09
470014,2036,33823,56.7,0.0,3.2,-1.3,1.09
470028,2102,33823,56.7,0.0,3.2,-1.3,1.07
470028,2107,33823,56.7,0.0,3.2,-1.3,1.07
470029,2110,33823,56.7,0.0,3.2,-1.3,1.07
470046,2721,33823,56.7,0.0,3.2,-1.3,1.07
470047,2746,33823,56.7,0.0,3.2,-1.3,1.07
470047,2777,33823,56.7,0.0,3.2,-1.3,1.07
470059,1796,33823,56.7,0.0,3.2,-1.3,1.07
470060,1776,33823,56.7,0.0,3.2,-1.3,1.07
470060,1700,33823,56.7,0.0,3.2,-1.3,1.07
470079,1957,33823,56.7,0.0,3.3,-1.6,1.08
470081,1912,33823,56.7,0.0,3.3,-1.6,1.08
470082,2057,33823,56.7,0.0,3.3,-1.6,1.08
470082,2154,33823,56.7,0.0,3.3,-1.6,1.08
470097,1968,33823,56.7,0.0,3.3,-1.6,1.08
470097,1891,33823,56.7,0.0,3.3,-1.6,1.08
470097,1914,33823,56.7,0.0,3.3,-1.6,1.08
470118,2059,33823,56.7,0.0,3.3,-1.6,1.08
470120,2026,33823,56.7,0.0,3.3,-1.6,1.08
470121,1972,33823,56.7,0.0,3.3,-1.6,1.08
470121,1937,33823,56.7,0.0,3.3,-1.6,1.08
470134,1796,33823,56.7,0.0,3.5,-1.8,1.08
470134,1888,33823,56.7,0.0,3.5,-1.8,1.08
470135,1937,33823,56.7,0.0,3.5,-1.8,1.08
470136,1939,33823,56.7,0.0,3.5,-1.8,1.08
470153,2048,33823,56.7,0.0,3.5,-1.8,1.08
470154,2052,33823,56.7,0.0,3.5,-1.8,1.08
470154,2084,33823,56.7,0.0,3.5,-1.8,1.08
470167,2128,33823,56.7,0.0,3.5,-1.8,1.08
470168,2081,33823,56.7,0.0,3.5,-1.8,1.08
470168,2049,33823,56.7,0.0,3.5,-1.8,1.08
470184,2045,33824,56.7,0.0,3.6,-1.7,1.08
470185,2104,33824,56.7,0.0,3.6,-1.7,1.08
470185,2109,33824,56.7,0.0,3.6,-1.7,1.08
470199,1983,33824,56.7,0.0,3.6,-1.7,1.08
470199,1948,33824,56.7,0.0,3.6,-1.7,1.08
470199,1969,33824,56.7,0.0,3.6,-1.7,1.08
470218,2006,33824,56.7,0.0,3.6,-1.7,1.08
470219,2011,33824,56.7,0.0,3.6,-1.7,1.08
470219,1969,33824,56.7,0.0,3.6,-1.7,1.08
470232,194,33825,56.7,0.0,3.4,-1.6,1.08
470232,284,33825,56.7,0.0,3.4,-1.6,1.08
470232,290,33825,56.7,0.0,3.4,-1.6,1.08
470232,265,33825,56.7,0.0,3.4,-1.6,1.08
470254,2273,33825,32.3,0.0,3.4,-1.6,1.08
470256,1611,33826,32.3,0.0,3.4,-1.6,1.08
470256,1626,33826,32.3,0.0,3.4,-1.6,1.08
470257,1607,33826,32.3,0.0,3.4,-1.6,1.08
470270,2061,33826,32.3,0.0,3.2,-1.5,1.07
470270,2023,33826,32.3,0.0,3.2,-1.5,1.07
470271,2100,33826,32.3,0.0,3.2,-1.5,1.07
470287,2303,33827,32.3,0.0,3.2,-1.5,1.07
470288,2324,33827,32.3,0.0,3.2,-1.5,1.07
470288,2204,33827,32.3,0.0,3.2,-1.5,1.07
470301,1822,33827,32.3,0.0,3.2,-1.5,1.07
470301,1901,33827,32.3,0.0,3.2,-1.5,1.07
470301,1994,33827,32.3,0.0,3.2,-1.5,1.07
470320,2003,33828,32.3,0.0,3.2,-1.5,1.07
470321,1918,33828,32.3,0.0,3.2,-1.5,1.07
470321,1829,33828,32.3,0.0,3.2,-1.5,1.07
470334,2154,33828,32.3,0.0,3.2,-1.6,1.08
470334,2197,33828,32.3,0.0,3.2,-1.6,1.08
470334,2203,33828,32.3,0.0,3.2,-1.6,1.08
470353,2248,33829,32.3,0.0,3.2,-1.6,1.08
470354,2168,33829,32.3,0.0,3.2,-1.6,1.08
470354,2196,33829,32.3,0.0,3.2,-1.6,1.08
470367,2093,33830,32.3,0.0,3.2,-1.6,1.08
470368,2137,33830,32.3,0.0,3.2,-1.6,1.08
470368,2028,33830,32.3,0.0,3.2,-1.6,1.08
470388,2140,33832,32.3,0.0,3.3,-1.5,1.07
470390,2151,33832,32.3,0.0,3.3,-1.5,1.07
470390,2207,33832,32.3,0.0,3.3,-1.5,1.07
470390,2240,33832,32.3,0.0,3.3,-1.5,1.07
470403,1981,33832,32.3,0.0,3.3,-1.5,1.07
470404,1951,33832,32.3,0.0,3.3,-1.5,1.07
470404,1984,33832,32.3,0.0,3.3,-1.5,1.07
470421,2046,33833,32.3,0.0,3.3,-1.5,1.07
470421,2055,33833,32.3,0.0,3.3,-1.5,1.07
470421,1999,33833,32.3,0.0,3.3,-1.5,1.07
470435,1957,33834,32.3,0.0,3.4,-1.6,1.08
470435,1977,33834,32.3,0.0,3.4,-1.6,1.08
470435,2046,33834,32.3,0.0,3.4,-1.6,1.08
470452,2320,33834,32.3,0.0,3.4,-1.6,1.08
470453,2245,33834,32.3,0.0,3.4,-1.6,1.08
470453,2176,33834,32.3,0.0,3.4,-1.6,1.08
470466,2107,33834,32.3,0.0,3.4,-1.6,1.08
470467,2199,33834,32.3,0.0,3.4,-1.6,1.08
470467,2205,33834,32.3,0.0,3.4,-1.6,1.08
470486,2103,33834,32.3,0.0,3.4,-1.6,1.08
470488,2083,33834,32.3,0.0,3.4,-1.6,1.08
470488,2107,33834,32.3,0.0,3.4,-1.6,1.08
470489,2159,33834,32.3,0.0,3.4,-1.6,1.08
470501,2004,33833,32.3,0.0,3.4,-1.6,1.08
470502,1972,33833,32.3,0.0,3.4,-1.6,1.08
470502,1931,33833,32.3,0.0,3.4,-1.6,1.08
470520,1984,33833,32.3,0.0,3.4,-1.6,1.08
470520,2038,33833,32.3,0.0,3.4,-1.6,1.08
470521,2043,33833,32.3,0.0,3.4,-1.6,1.08
470533,2084,33832,32.3,0.0,3.3,-1.5,1.08
470534,2025,33832,32.3,0.0,3.3,-1.5,1.08
470534,2049,33832,32.3,0.0,3.3,-1.5,1.08
470552,2154,33831,32.3,0.0,3.3,-1.5,1.08
470553,2141,33831,32.3,0.0,3.3,-1.5,1.08
470553,2101,33831,32.3,0.0,3.3,-1.5,1.08
470567,1886,33831,32.3,0.0,3.3,-1.5,1.08
470567,1954,33831,32.3,0.0,3.3,-1.5,1.08
470567,1979,33831,32.3,0.0,3.3,-1.5,1.08
470586,2153,33830,32.3,0.0,3.3,-1.6,1.08
470587,2120,33830,32.3,0.0,3.3,-1.6,1.08
470587,2104,33830,32.3,0.0,3.3,-1.6,1.08
470600,1974,33830,32.3,0.0,3.3,-1.6,1.08
470600,2002,33830,32.3,0.0,3.3,-1.6,1.08
470600,1988,33830,32.3,0.0,3.3,-1.6,1.08
470619,1985,33829,32.3,0.0,3.3,-1.6,1.08
470621,1959,33829,32.3,0.0,3.3,-1.6,1.08
470621,1987,33829,32.3,0.0,3.3,-1.6,1.08
470621,2026,33829,32.3,0.0,3.3,-1.6,1.08
470635,2065,33829,32.3,0.0,3.2,-1.7,1.12
470635,2020,33829,32.3,0.0,3.2,-1.7,1.12
470636,2012,33829,32.3,0.0,3.2,-1.7,1.12
470652,2270,33829,32.3,0.0,3.2,-1.7,1.12
470652,2257,33829,32.3,0.0,3.2,-1.7,1.12
470653,2251,33829,32.3,0.0,3.2,-1.7,1.12
470667,1971,33829,32.3,0.0,3.2,-1.7,1.12
470668,1998,33829,32.3,0.0,3.2,-1.7,1.12
470668,1991,33829,32.3,0.0,3.2,-1.7,1.12
470669,2035,33829,32.3,0.0,3.2,-1.7,1.12
470687,2095,33829,32.3,0.0,3.3,-1.6,1.07
470687,2074,33829,32.3,0.0,3.3,-1.6,1.07
470688,2073,33829,32.3,0.0,3.3,-1.6,1.07
470700,1985,33829,32.3,0.0,3.3,-1.6,1.07
470701,1994,33829,32.3,0.0,3.3,-1.6,1.07
470701,2001,33829,32.3,0.0,3.3,-1.6,1.07
470720,2009,33829,32.3,0.0,3.3,-1.6,1.07
470723,1989,33829,32.3,0.0,3.3,-1.6,1.07
470723,2026,33829,32.3,0.0,3.3,-1.6,1.07
470723,2025,33829,32.3,0.0,3.3,-1.6,1.07
470736,2018,33830,32.3,0.0,3.5,-1.7,1.07
470737,2006,33830,32.3,0.0,3.5,-1.7,1.07
470737,1998,33830,32.3,0.0,3.5,-1.7,1.07
470753,1986,33830,32.3,0.0,3.5,-1.7,1.07
470754,1986,33830,32.3,0.0,3.5,-1.7,1.07
470754,1992,33830,32.3,0.0,3.5,-1.7,1.07
470754,1996,33830,32.3,0.0,3.5,-1.7,1.07
470769,2099,33830,32.3,0.0,3.5,-1.7,1.07
470769,2097,33830,32.3,0.0,3.5,-1.7,1.07
470769,2105,33830,32.3,0.0,3.5,-1.7,1.07
470789,2112,33830,32.3,0.0,3.4,-1.6,1.08
470789,2093,33830,32.3,0.0,3.4,-1.6,1.08
470789,2098,33830,32.3,0.0,3.4,-1.6,1.08
470802,1975,33830,32.3,0.0,3.4,-1.6,1.08
470802,1992,33830,32.3,0.0,3.4,-1.6,1.08
470802,1990,33830,32.3,0.0,3.4,-1.6,1.08
470821,1886,33830,32.3,0.0,3.4,-1.6,1.08
470822,1878,33830,32.3,0.0,3.4,-1.6,1.08
470822,1880,33830,32.3,0.0,3.4,-1.6,1.08
470835,2081,33830,32.3,0.0,3.2,-1.5,1.08
470836,2065,33830,32.3,0.0,3.2,-1.5,1.08
470836,2049,33830,32.3,0.0,3.2,-1.5,1.08
470836,2047,33830,32.3,0.0,3.2,-1.5,1.08
470855,2079,33831,32.3,0.0,3.2,-1.5,1.08
470855,2055,33831,32.3,0.0,3.2,-1.5,1.08
470856,2048,33831,32.3,0.0,3.2,-1.5,1.08
470868,2231,33831,32.3,0.0,3.2,-1.5,1.08
470869,2214,33831,32.3,0.0,3.2,-1.5,1.08
470869,2218,33831,32.3,0.0,3.2,-1.5,1.08
470890,2218,33831,32.3,0.0,3.2,-1.5,1.08
470893,2167,33831,32.3,0.0,3.2,-1.5,1.08
470893,2144,33831,32.3,0.0,3.2,-1.5,1.08
470893,2132,33831,32.3,0.0,3.2,-1.5,1.08
470906,2088,33832,32.3,0.0,3.2,-1.5,1.08
470906,2105,33832,32.3,0.0,3.2,-1.5,1.08
470906,2102,33832,32.3,0.0,3.2,-1.5,1.08
470923,2008,33832,32.3,0.0,3.2,-1.5,1.08
470923,2125,33832,32.3,0.0,3.2,-1.5,1.08
470924,2171,33832,32.3,0.0,3.2,-1.5,1.08
470936,2077,33833,32.3,0.0,3.2,-1.6,1.07
470937,2038,33833,32.3,0.0,3.2,-1.6,1.07
470938,1978,33833,32.3,0.0,3.2,-1.6,1.07
470938,1946,33833,32.3,0.0,3.2,-1.6,1.07
470957,2018,33833,32.3,0.0,3.2,-1.6,1.07
470958,1951,33833,32.3,0.0,3.2,-1.6,1.07
470958,1913,33833,32.3,0.0,3.2,-1.6,1.07
470958,1880,33833,32.3,0.0,3.2,-1.6,1.07
470971,2001,33834,32.3,0.0,3.2,-1.6,1.07
470972,2020,33834,32.3,0.0,3.2,-1.6,1.07
470972,2036,33834,32.3,0.0,3.2,-1.6,1.07
470993,2118,33835,32.3,0.0,3.3,-1.7,1.07
470995,2041,33835,32.3,0.0,3.3,-1.7,1.07
470995,2010,33835,32.3,0.0,3.3,-1.7,1.07
470996,2016,33835,32.3,0.0,3.3,-1.7,1.07
471008,2038,33836,32.3,0.0,3.3,-1.7,1.07
471009,2064,33836,32.3,0.0,3.3,-1.7,1.07
471009,2067,33836,32.3,0.0,3.3,-1.7,1.07
471025,2058,33837,32.3,0.0,3.3,-1.7,1.07
471026,2054,33837,32.3,0.0,3.3,-1.7,1.07
471026,2060,33837,32.3,0.0,3.3,-1.7,1.07
471039,2007,33837,32.3,0.0,3.3,-1.7,1.08
471039,1995,33837,32.3,0.0,3.3,-1.7,1.08
471039,2004,33837,32.3,0.0,3.3,-1.7,1.08
471058,2064,33838,32.3,0.0,3.3,-1.7,1.08
471059,2098,33838,32.3,0.0,3.3,-1.7,1.08
471059,2118,33838,32.3,0.0,3.3,-1.7,1.08
471073,2047,33838,32.3,0.0,3.3,-1.7,1.08
471074,2002,33838,32.3,0.0,3.3,-1.7,1.08
471074,2028,33838,32.3,0.0,3.3,-1.7,1.08
471074,2020,33838,32.3,0.0,3.3,-1.7,1.08
471093,2083,33838,32.3,0.0,3.3,-1.6,1.08
471094,2091,33838,32.3,0.0,3.3,-1.6,1.08
471094,2085,33838,32.3,0.0,3.3,-1.6,1.08
471107,2014,33838,32.3,0.0,3.3,-1.6,1.08
471107,2005,33838,32.3,0.0,3.3,-1.6,1.08
471107,2016,33838,32.3,0.0,3.3,-1.6,1.08
471125,2066,33837,32.3,0.0,3.3,-1.6,1.08
471126,2051,33837,32.3,0.0,3.3,-1.6,1.08
471126,2060,33837,32.3,0.0,3.3,-1.6,1.08
471138,2007,33836,32.3,0.0,3.3,-1.5,1.08
471139,2006,33836,32.3,0.0,3.3,-1.5,1.08
471139,2005,33836,32.3,0.0,3.3,-1.5,1.08
471158,1986,33835,32.3,0.0,3.3,-1.5,1.08
471160,1992,33835,32.3,0.0,3.3,-1.5,1.08
471160,1984,33835,32.3,0.0,3.3,-1.5,1.08
471161,1987,33835,32.3,0.0,3.3,-1.5,1.08
471175,2034,33834,32.3,0.0,3.3,-1.5,1.08
471175,2017,33834,32.3,0.0,3.3,-1.5,1.08
471175,2036,33834,32.3,0.0,3.3,-1.5,1.08
471176,2019,33834,32.3,0.0,3.3,-1.5,1.08
471194,2129,33833,32.3,0.0,3.3,-1.5,1.07
471194,2107,33833,32.3,0.0,3.3,-1.5,1.07
471194,2105,33833,32.3,0.0,3.3,-1.5,1.07
471207,2017,33832,32.3,0.0,3.3,-1.5,1.07
471207,2033,33832,32.3,0.0,3.3,-1.5,1.07
471207,2032,33832,32.3,0.0,3.3,-1.5,1.07
471226,2062,33832,32.3,0.0,3.3,-1.5,1.07
471227,2057,33832,32.3,0.0,3.3,-1.5,1.07
471227,2038,33832,32.3,0.0,3.3,-1.5,1.07
471239,2007,33831,32.3,0.0,3.3,-1.5,1.08
471240,2001,33831,32.3,0.0,3.3,-1.5,1.08
471240,1995,33831,32.3,0.0,3.3,-1.5,1.08
471259,1919,33831,32.3,0.0,3.3,-1.5,1.08
471260,1896,33831,32.3,0.0,3.3,-1.5,1.08
471260,1898,33831,32.3,0.0,3.3,-1.5,1.08
471274,2072,33832,32.3,0.0,3.3,-1.5,1.08
471274,2086,33832,32.3,0.0,3.3,-1.5,1.08
471274,2073,33832,32.3,0.0,3.3,-1.5,1.08
471294,2050,33832,32.3,0.0,3.4,-1.6,1.08
471296,2024,33832,32.3,0.0,3.4,-1.6,1.08
471296,2010,33832,32.3,0.0,3.4,-1.6,1.08
471297,2001,33832,32.3,0.0,3.4,-1.6,1.08
471309,2134,33832,32.3,0.0,3.4,-1.6,1.08
471310,2136,33832,32.3,0.0,3.4,-1.6,1.08
471310,2136,33832,32.3,0.0,3.4,-1.6,1.08
471327,2099,33832,32.3,0.0,3.4,-1.6,1.08
471328,2086,33832,32.3,0.0,3.4,-1.6,1.08
471328,2100,33832,32.3,0.0,3.4,-1.6,1.08
471340,1977,33832,32.3,0.0,3.3,-1.6,1.08
471341,2000,33832,32.3,0.0,3.3,-1.6,1.08
471341,1987,33832,32.3,0.0,3.3,-1.6,1.08
471360,1971,33832,32.3,0.0,3.3,-1.6,1.08
471363,2005,33832,32.3,0.0,3.3,-1.6,1.08
471363,2017,33832,32.3,0.0,3.3,-1.6,1.08
471364,2056,33832,32.3,0.0,3.3,-1.6,1.08
471376,2015,33832,32.3,0.0,3.3,-1.6,1.08
471377,1996,33832,32.3,0.0,3.3,-1.6,1.08
471377,1959,33832,32.3,0.0,3.3,-1.6,1.08
471395,2032,33832,32.3,0.0,3.3,-1.6,1.07
471395,2026,33832,32.3,0.0,3.3,-1.6,1.07
471396,2022,33832,32.3,0.0,3.3,-1.6,1.07
471408,2109,33832,32.3,0.0,3.3,-1.6,1.07
471409,2139,33832,32.3,0.0,3.3,-1.6,1.07
471409,2120,33832,32.3,0.0,3.3,-1.6,1.07
471427,2063,33832,32.3,0.0,3.3,-1.6,1.07
471428,2039,33832,32.3,0.0,3.3,-1.6,1.07
471428,2019,33832,32.3,0.0,3.3,-1.6,1.07
471441,2005,33832,32.3,0.0,3.3,-1.5,1.07
471442,2007,33832,32.3,0.0,3.3,-1.5,1.07
471442,2020,33832,32.3,0.0,3.3,-1.5,1.07
471460,2010,33832,32.3,0.0,3.3,-1.5,1.07
471460,2003,33832,32.3,0.0,3.3,-1.5,1.07
471461,1993,33832,32.3,0.0,3.3,-1.5,1.07
471474,2064,33832,32.3,0.0,3.3,-1.5,1.07
471475,2071,33832,32.3,0.0,3.3,-1.5,1.07
471475,2065,33832,32.3,0.0,3.3,-1.5,1.07
471494,2027,33832,32.3,0.0,3.3,-1.5,1.08
471494,2021,33832,32.3,0.0,3.3,-1.5,1.08
471494,2031,33832,32.3,0.0,3.3,-1.5,1.08
471507,2071,33832,32.3,0.0,3.3,-1.5,1.08
471507,2071,33832,32.3,0.0,3.3,-1.5,1.08
471507,2062,33832,32.3,0.0,3.3,-1.5,1.08
471526,2120,33833,32.3,0.0,3.3,-1.5,1.08
471527,2110,33833,32.3,0.0,3.3,-1.5,1.08
471527,2119,33833,32.3,0.0,3.3,-1.5,1.08
471539,1995,33833,32.3,0.0,3.3,-1.5,1.07
471540,1997,33833,32.3,0.0,3.3,-1.5,1.07
471540,1980,33833,32.3,0.0,3.3,-1.5,1.07
471560,1968,33834,32.3,0.0,3.3,-1.5,1.07
471563,1974,33834,32.3,0.0,3.3,-1.5,1.07
471563,1984,33834,32.3,0.0,3.3,-1.5,1.07
471563,1979,33834,32.3,0.0,3.3,-1.5,1.07
471576,2055,33834,32.3,0.0,3.3,-1.5,1.07
471577,2043,33834,32.3,0.0,3.3,-1.5,1.07
471577,2045,33834,32.3,0.0,3.3,-1.5,1.07
471595,2048,33835,32.3,0.0,3.4,-1.5,1.09
471595,2043,33835,32.3,0.0,3.4,-1.5,1.09
471595,2035,33835,32.3,0.0,3.4,-1.5,1.09
471608,2010,33836,32.3,0.0,3.4,-1.5,1.09
471608,2017,33836,32.3,0.0,3.4,-1.5,1.09
471609,2012,33836,32.3,0.0,3.4,-1.5,1.09
471627,2080,33837,32.3,0.0,3.4,-1.5,1.09
471628,2074,33837,32.3,0.0,3.4,-1.5,1.09
471628,2077,33837,32.3,0.0,3.4,-1.5,1.09
471641,1974,33838,32.3,0.0,3.3,-1.5,1.07
471642,2006,33838,32.3,0.0,3.3,-1.5,1.07
471642,1988,33838,32.3,0.0,3.3,-1.5,1.07
471659,1977,33839,32.3,0.0,3.3,-1.5,1.07
471660,1980,33839,32.3,0.0,3.3,-1.5,1.07
471660,1988,33839,32.3,0.0,3.3,-1.5,1.07
471674,1867,33840,32.3,0.0,3.3,-1.5,1.07
471674,1861,33840,32.3,0.0,3.3,-1.5,1.07
471674,1861,33840,32.3,0.0,3.3,-1.5,1.07
471695,2020,33841,32.3,0.0,3.2,-1.6,1.08
471697,2003,33841,32.3,0.0,3.2,-1.6,1.08
471697,1986,33841,32.3,0.0,3.2,-1.6,1.08
471697,1999,33841,32.3,0.0,3.2,-1.6,1.08
471711,2053,33841,32.3,0.0,3.2,-1.6,1.08
471711,2049,33841,32.3,0.0,3.2,-1.6,1.08
471712,2059,33841,32.3,0.0,3.2,-1.6,1.08
471728,2078,33841,32.3,0.0,3.2,-1.6,1.08
471728,2071,33841,32.3,0.0,3.2,-1.6,1.08
471728,2068,33841,32.3,0.0,3.2,-1.6,1.08
471742,1989,33841,32.3,0.0,3.2,-1.6,1.08
471742,1999,33841,32.3,0.0,3.2,-1.6,1.08
471743,2020,33841,32.3,0.0,3.2,-1.6,1.08
471761,2007,33840,32.3,0.0,3.2,-1.6,1.08
471762,1981,33840,32.3,0.0,3.2,-1.6,1.08
471762,2006,33840,32.3,0.0,3.2,-1.6,1.08
471775,2097,33840,32.3,0.0,3.2,-1.6,1.08
471775,2102,33840,32.3,0.0,3.2,-1.6,1.08
471775,2084,33840,32.3,0.0,3.2,-1.6,1.08
471795,2049,33839,32.3,0.0,3.2,-1.6,1.08
471795,2039,33839,32.3,0.0,3.2,-1.6,1.08
471796,2044,33839,32.3,0.0,3.2,-1.6,1.08
471808,1976,33839,32.3,0.0,3.2,-1.6,1.08
471809,1957,33839,32.3,0.0,3.2,-1.6,1.08
471809,1931,33839,32.3,0.0,3.2,-1.6,1.08
471828,2152,33838,32.3,0.0,3.2,-1.6,1.08
471828,2160,33838,32.3,0.0,3.2,-1.6,1.08
471828,2173,33838,32.3,0.0,3.2,-1.6,1.08
471842,1984,33838,32.3,0.0,3.2,-1.6,1.08
471842,1973,33838,32.3,0.0,3.2,-1.6,1.08
471842,1951,33838,32.3,0.0,3.2,-1.6,1.08
471860,1998,33838,32.3,0.0,3.2,-1.6,1.08
471861,1981,33838,32.3,0.0,3.2,-1.6,1.08
471861,1988,33838,32.3,0.0,3.2,-1.6,1.08
471874,2029,33838,32.3,0.0,3.2,-1.6,1.08
471874,2009,33838,32.3,0.0,3.2,-1.6,1.08
471874,1984,33838,32.3,0.0,3.2,-1.6,1.08
471894,2151,33838,32.3,0.0,3.2,-1.6,1.08
471894,2140,33838,32.3,0.0,3.2,-1.6,1.08
471894,2123,33838,32.3,0.0,3.2,-1.6,1.08
471907,2384,33838,32.3,0.0,3.2,-1.5,1.07
471908,2425,33838,32.3,0.0,3.2,-1.5,1.07
471908,2457,33838,32.3,0.0,3.2,-1.5,1.07
471909,2483,33838,32.3,0.0,3.2,-1.5,1.07
471927,1939,33838,32.3,0.0,3.2,-1.5,1.07
471927,1927,33838,32.3,0.0,3.2,-1.5,1.07
471927,1899,33838,32.3,0.0,3.2,-1.5,1.07
471941,2031,33839,32.3,0.0,3.2,-1.5,1.07
471941,2051,33839,32.3,0.0,3.2,-1.5,1.07
471941,2066,33839,32.3,0.0,3.2,-1.5,1.07
471958,2009,33839,32.3,0.0,3.1,-1.6,1.07
471959,1976,33839,32.3,0.0,3.1,-1.6,1.07
471959,1978,33839,32.3,0.0,3.1,-1.6,1.07
471972,234,33839,32.3,0.0,3.1,-1.6,1.07
471973,316,33839,32.3,0.0,3.1,-1.6,1.07
471973,284,33839,32.3,0.0,3.1,-1.6,1.07
471973,246,33839,32.3,0.0,3.1,-1.6,1.07
471993,2155,33840,33.4,0.0,3.1,-1.6,1.07
471994,1957,33840,33.4,0.0,3.1,-1.6,1.07
471995,1997,33840,33.4,0.0,3.1,-1.6,1.07
471995,1959,33840,33.4,0.0,3.1,-1.6,1.07
472007,1965,33840,33.4,0.0,3.2,-1.7,1.08
472008,1945,33840,33.4,0.0,3.2,-1.7,1.08
472008,2028,33840,33.4,0.0,3.2,-1.7,1.08
472027,2057,33840,33.4,0.0,3.2,-1.7,1.08
472027,2049,33840,33.4,0.0,3.2,-1.7,1.08
472028,1958,33840,33.4,0.0,3.2,-1.7,1.08
472041,1954,33841,33.4,0.0,3.2,-1.7,1.08
472041,2009,33841,33.4,0.0,3.2,-1.7,1.08
472042,2095,33841,33.4,0.0,3.2,-1.7,1.08
472059,2054,33841,33.4,0.0,3.2,-1.6,1.08
472060,1960,33841,33.4,0.0,3.2,-1.6,1.08
472060,1916,33841,33.4,0.0,3.2,-1.6,1.08
472073,2044,33841,33.4,0.0,3.2,-1.6,1.08
472073,2112,33841,33.4,0.0,3.2,-1.6,1.08
472073,2108,33841,33.4,0.0,3.2,-1.6,1.08
472092,2066,33842,33.4,0.0,3.2,-1.6,1.08
472093,2030,33842,33.4,0.0,3.2,-1.6,1.08
472093,2075,33842,33.4,0.0,3.2,-1.6,1.08
472106,2195,33842,33.4,0.0,3.2,-1.6,1.07
472106,2222,33842,33.4,0.0,3.2,-1.6,1.07
472106,2152,33842,33.4,0.0,3.2,-1.6,1.07
472130,1927,33843,33.4,0.0,3.2,-1.6,1.07
472132,1981,33843,33.4,0.0,3.2,-1.6,1.07
472132,2047,33843,33.4,0.0,3.2,-1.6,1.07
472133,2020,33843,33.4,0.0,3.2,-1.6,1.07
472145,2061,33844,33.4,0.0,3.3,-1.6,1.08
472146,2024,33844,33.4,0.0,3.3,-1.6,1.08
472146,2065,33844,33.4,0.0,3.3,-1.6,1.08
472162,2059,33845,33.4,0.0,3.3,-1.6,1.08
472163,2053,33845,33.4,0.0,3.3,-1.6,1.08
472163,1989,33845,33.4,0.0,3.3,-1.6,1.08
472176,1981,33845,33.4,0.0,3.3,-1.6,1.08
472176,2019,33845,33.4,0.0,3.3,-1.6,1.08
472176,2065,33845,33.4,0.0,3.3,-1.6,1.08
472195,2091,33846,33.4,0.0,3.3,-1.6,1.08
472196,2031,33846,33.4,0.0,3.3,-1.6,1.08
472196,2002,33846,33.4,0.0,3.3,-1.6,1.08
472210,2108,33847,33.4,0.0,3.3,-1.6,1.08
472210,2153,33847,33.4,0.0,3.3,-1.6,1.08
472210,2148,33847,33.4,0.0,3.3,-1.6,1.08
472228,2039,33848,33.4,0.0,3.3,-1.6,1.08
472228,2010,33848,33.4,0.0,3.3,-1.6,1.08
472228,2045,33848,33.4,0.0,3.3,-1.6,1.08
472242,2009,33849,33.4,0.0,3.3,-1.6,1.08
472242,2039,33849,33.4,0.0,3.3,-1.6,1.08
472242,1992,33849,33.4,0.0,3.3,-1.6,1.08
472261,1983,33851,33.4,0.0,3.3,-1.6,1.08
472262,2010,33851,33.4,0.0,3.3,-1.6,1.08
472262,2054,33851,33.4,0.0,3.3,-1.6,1.08
472275,2053,33852,33.4,0.0,3.3,-1.6,1.08
472275,1996,33852,33.4,0.0,3.3,-1.6,1.08
472275,1979,33852,33.4,0.0,3.3,-1.6,1.08
472294,2108,33853,33.4,0.0,3.3,-1.6,1.08
472295,2150,33853,33.4,0.0,3.3,-1.6,1.08
472295,2138,33853,33.4,0.0,3.3,-1.6,1.08
472307,2204,33854,33.4,0.0,3.3,-1.6,1.07
472308,2197,33854,33.4,0.0,3.3,-1.6,1.07
472308,2226,33854,33.4,0.0,3.3,-1.6,1.07
472327,2238,33855,33.4,0.0,3.3,-1.6,1.07
472330,2325,33855,33.4,0.0,3.3,-1.6,1.07
472330,2306,33855,33.4,0.0,3.3,-1.6,1.07
472330,2259,33855,33.4,0.0,3.3,-1.6,1.07
472343,1935,33855,33.4,0.0,3.3,-1.6,1.07
472343,1959,33855,33.4,0.0,3.3,-1.6,1.07
472343,1947,33855,33.4,0.0,3.3,-1.6,1.07
472362,2050,33855,33.4,0.0,3.3,-1.6,1.07
472362,2039,33855,33.4,0.0,3.3,-1.6,1.07
472363,2067,33855,33.4,0.0,3.3,-1.6,1.07
472375,2191,33855,33.4,0.0,3.3,-1.6,1.07
472376,2140,33855,33.4,0.0,3.3,-1.6,1.07
472376,2082,33855,33.4,0.0,3.3,-1.6,1.07
472395,2051,33854,33.4,0.0,3.3,-1.6,1.07
472395,2083,33854,33.4,0.0,3.3,-1.6,1.07
472395,2106,33854,33.4,0.0,3.3,-1.6,1.07
472409,2071,33854,33.4,0.0,3.3,-1.6,1.08
472409,2029,33854,33.4,0.0,3.3,-1.6,1.08
472410,2020,33854,33.4,0.0,3.3,-1.6,1.08
472426,2042,33854,33.4,0.0,3.3,-1.6,1.08
472427,2049,33854,33.4,0.0,3.3,-1.6,1.08
472427,2022,33854,33.4,0.0,3.3,-1.6,1.08
472440,2003,33853,33.4,0.0,3.3,-1.6,1.08
472441,1986,33853,33.4,0.0,3.3,-1.6,1.08
472441,2026,33853,33.4,0.0,3.3,-1.6,1.08
472461,1990,33853,33.4,0.0,3.3,-1.5,1.07
472463,1975,33853,33.4,0.0,3.3,-1.5,1.07
472463,1945,33853,33.4,0.0,3.3,-1.5,1.07
472463,1939,33853,33.4,0.0,3.3,-1.5,1.07
472476,1990,33853,33.4,0.0,3.3,-1.5,1.07
472477,2046,33853,33.4,0.0,3.3,-1.5,1.07
472478,2033,33853,33.4,0.0,3.3,-1.5,1.07
472479,2001,33853,33.4,0.0,3.3,-1.5,1.07
472496,2086,33854,33.4,0.0,3.3,-1.5,1.07
472497,2089,33854,33.4,0.0,3.3,-1.5,1.07
472497,2100,33854,33.4,0.0,3.3,-1.5,1.07
472510,2122,33854,33.4,0.0,3.3,-1.6,1.08
472511,2103,33854,33.4,0.0,3.3,-1.6,1.08
472511,2090,33854,33.4,0.0,3.3,-1.6,1.08
472528,2101,33855,33.4,0.0,3.3,-1.6,1.08
472529,2104,33855,33.4,0.0,3.3,-1.6,1.08
472529,2120,33855,33.4,0.0,3.3,-1.6,1.08
472542,1979,33855,33.4,0.0,3.3,-1.6,1.08
472542,1968,33855,33.4,0.0,3.3,-1.6,1.08
472542,1984,33855,33.4,0.0,3.3,-1.6,1.08
472561,1918,33856,33.4,0.0,3.3,-1.6,1.08
472562,1905,33856,33.4,0.0,3.3,-1.6,1.08
472562,1875,33856,33.4,0.0,3.3,-1.6,1.08
472574,2149,33857,33.4,0.0,3.3,-1.7,1.08
472575,2160,33857,33.4,0.0,3.3,-1.7,1.08
472575,2174,33857,33.4,0.0,3.3,-1.7,1.08
472594,2342,33858,33.4,0.0,3.3,-1.7,1.08
472597,2146,33858,33.4,0.0,3.3,-1.7,1.08
472597,2101,33858,33.4,0.0,3.3,-1.7,1.08
472598,2101,33858,33.4,0.0,3.3,-1.7,1.08
472610,2341,33858,33.4,0.0,3.3,-1.7,1.08
472611,2356,33858,33.4,0.0,3.3,-1.7,1.08
472611,2327,33858,33.4,0.0,3.3,-1.7,1.08
472628,2089,33859,33.4,0.0,3.3,-1.6,1.08
472629,2100,33859,33.4,0.0,3.3,-1.6,1.08
472629,2107,33859,33.4,0.0,3.3,-1.6,1.08
472641,2004,33860,33.4,0.0,3.3,-1.6,1.08
472642,2000,33860,33.4,0.0,3.3,-1.6,1.08
472642,1995,33860,33.4,0.0,3.3,-1.6,1.08
472662,2002,33860,33.4,0.0,3.3,-1.6,1.08
472664,2003,33860,33.4,0.0,3.3,-1.6,1.08
472664,1991,33860,33.4,0.0,3.3,-1.6,1.08
472664,1988,33860,33.4,0.0,3.3,-1.6,1.08
472678,2020,33861,33.4,0.0,3.3,-1.6,1.07
472679,2012,33861,33.4,0.0,3.3,-1.6,1.07
472679,2013,33861,33.4,0.0,3.3,-1.6,1.07
472679,2006,33861,33.4,0.0,3.3,-1.6,1.07
472698,2045,33862,33.4,0.0,3.3,-1.6,1.07
472700,2015,33862,33.4,0.0,3.3,-1.6,1.07
472700,2015,33862,33.4,0.0,3.3,-1.6,1.07
472701,2021,33862,33.4,0.0,3.3,-1.6,1.07
472713,2104,33862,33.4,0.0,3.2,-1.6,1.08
472714,2102,33862,33.4,0.0,3.2,-1.6,1.08
472714,2104,33862,33.4,0.0,3.2,-1.6,1.08
472730,2084,33863,33.4,0.0,3.2,-1.6,1.08
472731,2092,33863,33.4,0.0,3.2,-1.6,1.08
472731,2080,33863,33.4,0.0,3.2,-1.6,1.08
472744,1987,33864,33.4,0.0,3.2,-1.6,1.08
472744,1989,33864,33.4,0.0,3.2,-1.6,1.08
472744,2001,33864,33.4,0.0,3.2,-1.6,1.08
472763,1991,33865,33.4,0.0,3.2,-1.6,1.08
472764,1972,33865,33.4,0.0,3.2,-1.6,1.08
472764,1973,33865,33.4,0.0,3.2,-1.6,1.08
472777,2029,33866,33.4,0.0,3.2,-1.5,1.07
472778,2025,33866,33.4,0.0,3.2,-1.5,1.07
472778,2025,33866,33.4,0.0,3.2,-1.5,1.07
472796,1994,33867,33.4,0.0,3.2,-1.5,1.07
472796,1989,33867,33.4,0.0,3.2,-1.5,1.07
472797,1998,33867,33.4,0.0,3.2,-1.5,1.07
472810,2033,33868,33.4,0.0,3.2,-1.5,1.07
472811,2033,33868,33.4,0.0,3.2,-1.5,1.07
472811,2030,33868,33.4,0.0,3.2,-1.5,1.07
472829,2016,33870,33.4,0.0,3.3,-1.5,1.08
472830,2015,33870,33.4,0.0,3.3,-1.5,1.08
472830,2017,33870,33.4,0.0,3.3,-1.5,1.08
472843,2019,33870,33.4,0.0,3.3,-1.5,1.08
472843,2019,33870,33.4,0.0,3.3,-1.5,1.08
472843,2018,33870,33.4,0.0,3.3,-1.5,1.08
472862,2003,33872,33.4,0.0,3.3,-1.5,1.08
472863,2016,33872,33.4,0.0,3.3,-1.5,1.08
472863,2012,33872,33.4,0.0,3.3,-1.5,1.08
472876,1991,33873,33.4,0.0,3.3,-1.6,1.08
472876,1999,33873,33.4,0.0,3.3,-1.6,1.08
472876,2001,33873,33.4,0.0,3.3,-1.6,1.08
472896,2011,33874,33.4,0.0,3.3,-1.6,1.08
472897,2012,33874,33.4,0.0,3.3,-1.6,1.08
472899,2013,33874,33.4,0.0,3.3,-1.6,1.08
472900,2007,33874,33.4,0.0,3.3,-1.6,1.08
472912,2186,33874,33.4,0.0,3.3,-1.6,1.08
472913,2170,33874,33.4,0.0,3.3,-1.6,1.08
472913,2174,33874,33.4,0.0,3.3,-1.6,1.08
472930,2095,33874,33.4,0.0,3.3,-1.6,1.08
472930,2091,33874,33.4,0.0,3.3,-1.6,1.08
472931,2106,33874,33.4,0.0,3.3,-1.6,1.08
472943,1994,33874,33.4,0.0,3.3,-1.6,1.08
472943,2000,33874,33.4,0.0,3.3,-1.6,1.08
472944,2008,33874,33.4,0.0,3.3,-1.6,1.08
472961,1980,33874,33.4,0.0,3.3,-1.6,1.08
472962,1975,33874,33.4,0.0,3.3,-1.6,1.08
472962,1967,33874,33.4,0.0,3.3,-1.6,1.08
472974,2037,33874,33.4,0.0,3.3,-1.6,1.08
472975,2045,33874,33.4,0.0,3.3,-1.6,1.08
472975,2053,33874,33.4,0.0,3.3,-1.6,1.08
472995,1984,33873,33.4,0.0,3.2,-1.6,1.08
472998,2002,33873,33.4,0.0,3.2,-1.6,1.08
472998,2006,33873,33.4,0.0,3.2,-1.6,1.08
472999,2013,33873,33.4,0.0,3.2,-1.6,1.08
473011,2104,33873,33.4,0.0,3.2,-1.6,1.08
473012,2097,33873,33.4,0.0,3.2,-1.6,1.08
473013,2094,33873,33.4,0.0,3.2,-1.6,1.08
473013,2094,33873,33.4,0.0,3.2,-1.6,1.08
473029,2011,33872,33.4,0.0,3.2,-1.6,1.08
473030,2009,33872,33.4,0.0,3.2,-1.6,1.08
473030,2001,33872,33.4,0.0,3.2,-1.6,1.08
473044,2009,33872,33.4,0.0,3.1,-1.6,1.07
473044,2021,33872,33.4,0.0,3.1,-1.6,1.07
473044,2028,33872,33.4,0.0,3.1,-1.6,1.07
473045,2026,33872,33.4,0.0,3.1,-1.6,1.07
473061,1989,33872,33.4,0.0,3.1,-1.6,1.07
473062,1985,33872,33.4,0.0,3.1,-1.6,1.07
473062,1974,33872,33.4,0.0,3.1,-1.6,1.07
473074,2066,33872,33.4,0.0,3.1,-1.6,1.07
473075,2044,33872,33.4,0.0,3.1,-1.6,1.07
473075,2046,33872,33.4,0.0,3.1,-1.6,1.07
473094,2116,33873,33.4,0.0,3.1,-1.6,1.07
473097,2055,33873,33.4,0.0,3.1,-1.6,1.07
473097,2057,33873,33.4,0.0,3.1,-1.6,1.07
473097,2052,33873,33.4,0.0,3.1,-1.6,1.07
473110,2138,33874,33.4,0.0,3.2,-1.6,1.08
473110,2124,33874,33.4,0.0,3.2,-1.6,1.08
473111,2133,33874,33.4,0.0,3.2,-1.6,1.08
473128,2033,33874,33.4,0.0,3.2,-1.6,1.08
473128,2027,33874,33.4,0.0,3.2,-1.6,1.08
473129,2014,33874,33.4,0.0,3.2,-1.6,1.08
473129,2015,33874,33.4,0.0,3.2,-1.6,1.08
473142,2015,33875,33.4,0.0,3.2,-1.6,1.08
473143,2026,33875,33.4,0.0,3.2,-1.6,1.08
473143,2020,33875,33.4,0.0,3.2,-1.6,1.08
473161,1988,33875,33.4,0.0,3.2,-1.6,1.07
473161,1979,33875,33.4,0.0,3.2,-1.6,1.07
473162,2001,33875,33.4,0.0,3.2,-1.6,1.07
473174,2056,33876,33.4,0.0,3.2,-1.6,1.07
473175,2051,33876,33.4,0.0,3.2,-1.6,1.07
473176,2046,33876,33.4,0.0,3.2,-1.6,1.07
473176,2034,33876,33.4,0.0,3.2,-1.6,1.07
473194,2039,33876,33.4,0.0,3.2,-1.6,1.07
473194,2037,33876,33.4,0.0,3.2,-1.6,1.07
473194,2037,33876,33.4,0.0,3.2,-1.6,1.07
473208,2110,33877,33.4,0.0,3.2,-1.6,1.08
473208,2106,33877,33.4,0.0,3.2,-1.6,1.08
473208,2119,33877,33.4,0.0,3.2,-1.6,1.08
473226,2071,33877,33.4,0.0,3.2,-1.6,1.08
473227,2101,33877,33.4,0.0,3.2,-1.6,1.08
473227,2088,33877,33.4,0.0,3.2,-1.6,1.08
473239,2024,33878,33.4,0.0,3.2,-1.6,1.08
473240,2020,33878,33.4,0.0,3.2,-1.6,1.08
473240,2028,33878,33.4,0.0,3.2,-1.6,1.08
473260,2009,33878,33.4,0.0,3.3,-1.6,1.08
473261,1982,33878,33.4,0.0,3.3,-1.6,1.08
473262,2003,33878,33.4,0.0,3.3,-1.6,1.08
473262,2022,33878,33.4,0.0,3.3,-1.6,1.08
473277,1994,33879,33.4,0.0,3.3,-1.6,1.08
473277,2002,33879,33.4,0.0,3.3,-1.6,1.08
473278,1987,33879,33.4,0.0,3.3,-1.6,1.08
473278,1993,33879,33.4,0.0,3.3,-1.6,1.08
473294,2047,33879,33.4,0.0,3.3,-1.6,1.08
473294,2041,33879,33.4,0.0,3.3,-1.6,1.08
473295,1989,33879,33.4,0.0,3.3,-1.6,1.08
473295,2001,33879,33.4,0.0,3.3,-1.6,1.08
473308,2031,33880,33.4,0.0,3.3,-1.6,1.07
473309,2051,33880,33.4,0.0,3.3,-1.6,1.07
473309,2036,33880,33.4,0.0,3.3,-1.6,1.07
473326,1998,33881,33.4,0.0,3.3,-1.6,1.07
473326,2067,33881,33.4,0.0,3.3,-1.6,1.07
473326,2063,33881,33.4,0.0,3.3,-1.6,1.07
473339,1999,33881,33.4,0.0,3.3,-1.6,1.07
473339,2013,33881,33.4,0.0,3.3,-1.6,1.07
473339,2014,33881,33.4,0.0,3.3,-1.6,1.07
473358,2016,33882,33.4,0.0,3.3,-1.6,1.07
473359,2010,33882,33.4,0.0,3.3,-1.6,1.07
473359,2011,33882,33.4,0.0,3.3,-1.6,1.07
473372,2154,33883,33.4,0.0,3.3,-1.6,1.07
473372,2143,33883,33.4,0.0,3.3,-1.6,1.07
473372,2148,33883,33.4,0.0,3.3,-1.6,1.07
473392,1960,33884,33.4,0.0,3.3,-1.6,1.07
473395,1979,33884,33.4,0.0,3.3,-1.6,1.07
473396,1985,33884,33.4,0.0,3.3,-1.6,1.07
473397,1955,33884,33.4,0.0,3.3,-1.6,1.07
473410,2042,33885,33.4,0.0,3.2,-1.6,1.08
473411,2032,33885,33.4,0.0,3.2,-1.6,1.08
473411,2056,33885,33.4,0.0,3.2,-1.6,1.08
473427,2059,33886,33.4,0.0,3.2,-1.6,1.08
473428,2086,33886,33.4,0.0,3.2,-1.6,1.08
473428,2050,33886,33.4,0.0,3.2,-1.6,1.08
473441,2008,33887,33.4,0.0,3.2,-1.6,1.08
473441,2018,33887,33.4,0.0,3.2,-1.6,1.08
473442,2015,33887,33.4,0.0,3.2,-1.6,1.08
473443,2005,33887,33.4,0.0,3.2,-1.6,1.08
473460,1988,33888,33.4,0.0,3.2,-1.6,1.08
473460,2001,33888,33.4,0.0,3.2,-1.6,1.08
473460,2005,33888,33.4,0.0,3.2,-1.6,1.08
473473,1946,33889,33.4,0.0,3.2,-1.5,1.08
473474,1948,33889,33.4,0.0,3.2,-1.5,1.08
473474,1944,33889,33.4,0.0,3.2,-1.5,1.08
473497,2065,33890,33.4,0.0,3.2,-1.5,1.08
473499,1991,33890,33.4,0.0,3.2,-1.5,1.08
473499,1969,33890,33.4,0.0,3.2,-1.5,1.08
473500,1962,33890,33.4,0.0,3.2,-1.5,1.08
473512,2013,33890,33.4,0.0,3.3,-1.5,1.08
473513,2018,33890,33.4,0.0,3.3,-1.5,1.08
473513,2019,33890,33.4,0.0,3.3,-1.5,1.08
473529,2025,33890,33.4,0.0,3.3,-1.5,1.08
473530,2014,33890,33.4,0.0,3.3,-1.5,1.08
473530,2003,33890,33.4,0.0,3.3,-1.5,1.08
473542,2000,33889,33.4,0.0,3.3,-1.5,1.08
473543,2022,33889,33.4,0.0,3.3,-1.5,1.08
473543,2035,33889,33.4,0.0,3.3,-1.5,1.08
473562,2020,33888,33.4,0.0,3.3,-1.5,1.08
473565,2013,33888,33.4,0.0,3.3,-1.5,1.08
473565,2027,33888,33.4,0.0,3.3,-1.5,1.08
473565,2014,33888,33.4,0.0,3.3,-1.5,1.08
473578,2094,33888,33.4,0.0,3.3,-1.6,1.07
473578,2058,33888,33.4,0.0,3.3,-1.6,1.07
473578,2066,33888,33.4,0.0,3.3,-1.6,1.07
473595,2098,33887,33.4,0.0,3.3,-1.6,1.07
473595,2094,33887,33.4,0.0,3.3,-1.6,1.07
473596,2106,33887,33.4,0.0,3.3,-1.6,1.07
473608,2026,33886,33.4,0.0,3.3,-1.6,1.07
473609,2026,33886,33.4,0.0,3.3,-1.6,1.07
473609,2018,33886,33.4,0.0,3.3,-1.6,1.07
473628,2043,33886,33.4,0.0,3.3,-1.6,1.08
473630,2049,33886,33.4,0.0,3.3,-1.6,1.08
473630,2038,33886,33.4,0.0,3.3,-1.6,1.08
473630,2041,33886,33.4,0.0,3.3,-1.6,1.08
473643,2014,33885,33.4,0.0,3.3,-1.6,1.08
473643,2003,33885,33.4,0.0,3.3,-1.6,1.08
473644,2015,33885,33.4,0.0,3.3,-1.6,1.08
473662,2011,33885,33.4,0.0,3.3,-1.6,1.08
473662,2008,33885,33.4,0.0,3.3,-1.6,1.08
473662,1999,33885,33.4,0.0,3.3,-1.6,1.08
473676,2065,33885,33.4,0.0,3.3,-1.7,1.08
473676,2051,33885,33.4,0.0,3.3,-1.7,1.08
473677,2043,33885,33.4,0.0,3.3,-1.7,1.08
473677,2029,33885,33.4,0.0,3.3,-1.7,1.08
473695,2024,33885,33.4,0.0,3.3,-1.7,1.08
473695,2029,33885,33.4,0.0,3.3,-1.7,1.08
473695,2033,33885,33.4,0.0,3.3,-1.7,1.08
473708,459,33885,33.4,0.0,3.3,-1.7,1.08
473709,260,33885,33.4,0.0,3.3,-1.7,1.08
473709,211,33885,33.4,0.0,3.3,-1.7,1.08
473709,156,33885,33.4,0.0,3.3,-1.7,1.08
473727,3066,33885,33.8,0.0,3.3,-1.7,1.08
473728,3201,33885,33.8,0.0,3.3,-1.7,1.08
473728,3343,33885,33.8,0.0,3.3,-1.7,1.08
473740,1806,33885,33.8,0.0,3.3,-1.6,1.07
473741,1700,33885,33.8,0.0,3.3,-1.6,1.07
473741,1512,33885,33.8,0.0,3.3,-1.6,1.07
473760,2127,33886,33.8,0.0,3.3,-1.6,1.07
473763,2176,33886,33.8,0.0,3.3,-1.6,1.07
473763,2309,33886,33.8,0.0,3.3,-1.6,1.07
473763,2224,33886,33.8,0.0,3.3,-1.6,1.07
473776,1929,33886,33.8,0.0,3.3,-1.6,1.07
473777,1904,33886,33.8,0.0,3.3,-1.6,1.07
473777,1998,33886,33.8,0.0,3.3,-1.6,1.07
473777,2087,33886,33.8,0.0,3.3,-1.6,1.07
473798,2131,33886,33.8,0.0,3.3,-1.6,1.08
473799,1985,33886,33.8,0.0,3.3,-1.6,1.08
473800,1938,33886,33.8,0.0,3.3,-1.6,1.08
473800,2023,33886,33.8,0.0,3.3,-1.6,1.08
473813,1441,33886,33.8,0.0,3.3,-1.6,1.08
473814,1424,33886,33.8,0.0,3.3,-1.6,1.08
473814,1341,33886,33.8,0.0,3.3,-1.6,1.08
473830,2304,33886,33.8,0.0,3.3,-1.6,1.08
473830,2362,33886,33.8,0.0,3.3,-1.6,1.08
473830,2497,33886,33.8,0.0,3.3,-1.6,1.08
473844,1985,33886,33.8,0.0,3.3,-1.7,1.08
473844,1868,33886,33.8,0.0,3.3,-1.7,1.08
473844,1769,33886,33.8,0.0,3.3,-1.7,1.08
473863,1962,33886,33.8,0.0,3.3,-1.7,1.08
473864,2078,33886,33.8,0.0,3.3,-1.7,1.08
473864,2110,33886,33.8,0.0,3.3,-1.7,1.08
473877,2072,33886,33.8,0.0,3.3,-1.7,1.08
473877,1969,33886,33.8,0.0,3.3,-1.7,1.08
473877,2003,33886,33.8,0.0,3.3,-1.7,1.08
473902,2050,33887,33.8,0.0,3.3,-1.6,1.08
473904,2049,33887,33.8,0.0,3.3,-1.6,1.08
473905,1941,33887,33.8,0.0,3.3,-1.6,1.08
473905,1853,33887,33.8,0.0,3.3,-1.6,1.08
473917,1975,33887,33.8,0.0,3.3,-1.6,1.08
473918,2101,33887,33.8,0.0,3.3,-1.6,1.08
473918,2126,33887,33.8,0.0,3.3,-1.6,1.08
473935,2097,33887,33.8,0.0,3.3,-1.6,1.08
473935,2005,33887,33.8,0.0,3.3,-1.6,1.08
473935,2034,33887,33.8,0.0,3.3,-1.6,1.08
473948,2133,33888,33.8,0.0,3.4,-1.6,1.08
473948,2178,33888,33.8,0.0,3.4,-1.6,1.08
473948,2101,33888,33.8,0.0,3.4,-1.6,1.08
473967,1995,33888,33.8,0.0,3.4,-1.6,1.08
473968,2036,33888,33.8,0.0,3.4,-1.6,1.08
473968,2140,33888,33.8,0.0,3.4,-1.6,1.08
473981,2092,33889,33.8,0.0,3.4,-1.6,1.08
473981,2014,33889,33.8,0.0,3.4,-1.6,1.08
473981,1941,33889,33.8,0.0,3.4,-1.6,1.08
474002,1949,33889,33.8,0.0,3.3,-1.6,1.08
474005,2050,33890,33.8,0.0,3.3,-1.6,1.08
474005,2070,33890,33.8,0.0,3.3,-1.6,1.08
474006,2002,33890,33.8,0.0,3.3,-1.6,1.08
474018,2004,33890,33.8,0.0,3.3,-1.6,1.08
474019,2038,33890,33.8,0.0,3.3,-1.6,1.08
474019,2087,33890,33.8,0.0,3.3,-1.6,1.08
474036,2048,33891,33.8,0.0,3.3,-1.6,1.08
474036,1997,33891,33.8,0.0,3.3,-1.6,1.08
474036,1935,33891,33.8,0.0,3.3,-1.6,1.08
474049,2030,33892,33.8,0.0,3.3,-1.6,1.08
474049,2076,33892,33.8,0.0,3.3,-1.6,1.08
474049,2101,33892,33.8,0.0,3.3,-1.6,1.08
474068,2103,33893,33.8,0.0,3.3,-1.6,1.08
474069,2027,33893,33.8,0.0,3.3,-1.6,1.08
474069,2056,33893,33.8,0.0,3.3,-1.6,1.08
474083,2026,33893,33.8,0.0,3.3,-1.6,1.08
474083,2047,33893,33.8,0.0,3.3,-1.6,1.08
474083,1998,33893,33.8,0.0,3.3,-1.6,1.08
474101,1956,33893,33.8,0.0,3.3,-1.6,1.08
474102,1983,33893,33.8,0.0,3.3,-1.6,1.08
474102,2037,33893,33.8,0.0,3.3,-1.6,1.08
474116,2120,33893,33.8,0.0,3.3,-1.6,1.08
474116,2055,33893,33.8,0.0,3.3,-1.6,1.08
474116,1997,33893,33.8,0.0,3.3,-1.6,1.08
474135,2055,33892,33.8,0.0,3.3,-1.6,1.08
474136,2097,33892,33.8,0.0,3.3,-1.6,1.08
474136,2116,33892,33.8,0.0,3.3,-1.6,1.08
474148,2125,33892,33.8,0.0,3.3,-1.6,1.08
474149,2121,33892,33.8,0.0,3.3,-1.6,1.08
474149,2135,33892,33.8,0.0,3.3,-1.6,1.08
474168,2035,33890,33.8,0.0,3.3,-1.6,1.08
474170,2058,33890,33.8,0.0,3.3,-1.6,1.08
474170,2019,33890,33.8,0.0,3.3,-1.6,1.08
474171,1965,33890,33.8,0.0,3.3,-1.6,1.08
474185,1988,33889,33.8,0.0,3.3,-1.6,1.08
474185,2044,33889,33.8,0.0,3.3,-1.6,1.08
474185,2059,33889,33.8,0.0,3.3,-1.6,1.08
474186,2011,33889,33.8,0.0,3.3,-1.6,1.08
474205,1915,33887,33.8,0.0,3.3,-1.6,1.08
474206,1944,33887,33.8,0.0,3.3,-1.6,1.08
474206,1996,33887,33.8,0.0,3.3,-1.6,1.08
474219,2061,33887,33.8,0.0,3.3,-1.6,1.08
474219,2031,33887,33.8,0.0,3.3,-1.6,1.08
474219,1993,33887,33.8,0.0,3.3,-1.6,1.08
474237,1996,33886,33.8,0.0,3.3,-1.6,1.08
474238,2048,33886,33.8,0.0,3.3,-1.6,1.08
474238,2059,33886,33.8,0.0,3.3,-1.6,1.08
474250,2121,33885,33.8,0.0,3.3,-1.6,1.08
474251,2089,33885,33.8,0.0,3.3,-1.6,1.08
474251,2090,33885,33.8,0.0,3.3,-1.6,1.08
474270,2131,33884,33.8,0.0,3.3,-1.6,1.08
474273,2139,33884,33.8,0.0,3.3,-1.6,1.08
474274,2094,33884,33.8,0.0,3.3,-1.6,1.08
474274,2057,33884,33.8,0.0,3.3,-1.6,1.08
474288,2205,33884,33.8,0.0,3.3,-1.6,1.08
474289,2261,33884,33.8,0.0,3.3,-1.6,1.08
474290,2296,33884,33.8,0.0,3.3,-1.6,1.08
474290,2263,33884,33.8,0.0,3.3,-1.6,1.08
474308,1988,33883,33.8,0.0,3.3,-1.6,1.08
474309,2016,33883,33.8,0.0,3.3,-1.6,1.08
474310,2038,33883,33.8,0.0,3.3,-1.6,1.08
474310,2058,33883,33.8,0.0,3.3,-1.6,1.08
474324,2013,33883,33.8,0.0,3.3,-1.6,1.08
474324,1999,33883,33.8,0.0,3.3,-1.6,1.08
474324,2013,33883,33.8,0.0,3.3,-1.6,1.08
474343,1926,33883,33.8,0.0,3.3,-1.6,1.08
474343,1932,33883,33.8,0.0,3.3,-1.6,1.08
474343,1893,33883,33.8,0.0,3.3,-1.6,1.08
474356,2020,33883,33.8,0.0,3.3,-1.6,1.08
474356,2029,33883,33.8,0.0,3.3,-1.6,1.08
474356,2070,33883,33.8,0.0,3.3,-1.6,1.08
474376,2027,33883,33.8,0.0,3.3,-1.6,1.08
474376,1994,33883,33.8,0.0,3.3,-1.6,1.08
474376,1984,33883,33.8,0.0,3.3,-1.6,1.08
474389,2037,33883,33.8,0.0,3.3,-1.6,1.08
474390,2052,33883,33.8,0.0,3.3,-1.6,1.08
474390,2049,33883,33.8,0.0,3.3,-1.6,1.08
474408,2085,33883,33.8,0.0,3.2,-1.6,1.08
474409,2062,33883,33.8,0.0,3.2,-1.6,1.08
474409,2067,33883,33.8,0.0,3.2,-1.6,1.08
474412,2067,33883,33.8,0.0,3.2,-1.6,1.08
474425,2018,33882,33.8,0.0,3.2,-1.6,1.08
474425,2008,33882,33.8,0.0,3.2,-1.6,1.08
474425,1976,33882,33.8,0.0,3.2,-1.6,1.08
474442,2006,33882,33.8,0.0,3.2,-1.6,1.08
474442,2027,33882,33.8,0.0,3.2,-1.6,1.08
474442,2043,33882,33.8,0.0,3.2,-1.6,1.08
474455,2075,33882,33.8,0.0,3.2,-1.7,1.07
474455,2041,33882,33.8,0.0,3.2,-1.7,1.07
474456,2057,33882,33.8,0.0,3.2,-1.7,1.07
474475,2094,33882,33.8,0.0,3.2,-1.7,1.07
474475,2094,33882,33.8,0.0,3.2,-1.7,1.07
474475,2079,33882,33.8,0.0,3.2,-1.7,1.07
474488,2068,33882,33.8,0.0,3.2,-1.7,1.07
474488,2063,33882,33.8,0.0,3.2,-1.7,1.07
474488,2106,33882,33.8,0.0,3.2,-1.7,1.07
474508,2012,33882,33.8,0.0,3.3,-1.6,1.08
474511,1952,33882,33.8,0.0,3.3,-1.6,1.08
474511,1934,33882,33.8,0.0,3.3,-1.6,1.08
474512,1927,33882,33.8,0.0,3.3,-1.6,1.08
474524,1995,33882,33.8,0.0,3.3,-1.6,1.08
474525,2057,33882,33.8,0.0,3.3,-1.6,1.08
474525,2048,33882,33.8,0.0,3.3,-1.6,1.08
474525,2029,33882,33.8,0.0,3.3,-1.6,1.08
474542,1988,33883,33.8,0.0,3.3,-1.6,1.08
474543,2010,33883,33.8,0.0,3.3,-1.6,1.08
474544,2027,33883,33.8,0.0,3.3,-1.6,1.08
474544,2019,33883,33.8,0.0,3.3,-1.6,1.08
474557,2035,33883,33.8,0.0,3.2,-1.6,1.07
474558,2034,33883,33.8,0.0,3.2,-1.6,1.07
474558,2049,33883,33.8,0.0,3.2,-1.6,1.07
474582,2017,33884,33.8,0.0,3.2,-1.6,1.07
474584,2019,33884,33.8,0.0,3.2,-1.6,1.07
474584,2008,33884,33.8,0.0,3.2,-1.6,1.07
474584,2045,33884,33.8,0.0,3.2,-1.6,1.07
474597,2075,33884,33.8,0.0,3.3,-1.6,1.07
474597,2070,33884,33.8,0.0,3.3,-1.6,1.07
474597,2059,33884,33.8,0.0,3.3,-1.6,1.07
474614,2131,33885,33.8,0.0,3.3,-1.6,1.07
474614,2120,33885,33.8,0.0,3.3,-1.6,1.07
474615,2150,33885,33.8,0.0,3.3,-1.6,1.07
474627,2085,33885,33.8,94.0,3.3,-1.6,1.07
474628,2092,33885,33.8,94.0,3.3,-1.6,1.07
474628,2065,33885,33.8,94.0,3.3,-1.6,1.07
474647,2124,33886,33.8,94.0,3.3,-1.6,1.07
474650,2209,33886,33.8,94.0,3.3,-1.6,1.07
474650,2225,33886,33.8,94.0,3.3,-1.6,1.07
474650,2228,33886,33.8,94.0,3.3,-1.6,1.07
474663,1957,33887,33.8,94.0,3.3,-1.6,1.08
474664,1954,33887,33.8,94.0,3.3,-1.6,1.08
474665,1949,33887,33.8,94.0,3.3,-1.6,1.08
474665,1953,33887,33.8,94.0,3.3,-1.6,1.08
474682,1995,33888,33.8,94.0,3.3,-1.6,1.08
474682,2014,33888,33.8,94.0,3.3,-1.6,1.08
474683,2022,33888,33.8,94.0,3.3,-1.6,1.08
474695,2392,33888,33.8,94.0,3.3,-1.6,1.08
474696,2366,33888,33.8,94.0,3.3,-1.6,1.08
474696,2365,33888,33.8,94.0,3.3,-1.6,1.08
474715,2022,33888,33.8,94.0,3.3,-1.6,1.07
474717,2057,33888,33.8,94.0,3.3,-1.6,1.07
474717,2038,33888,33.8,94.0,3.3,-1.6,1.07
474717,2052,33888,33.8,94.0,3.3,-1.6,1.07
474731,1010,33887,33.8,94.0,3.3,-1.6,1.07
474731,938,33887,33.8,94.0,3.3,-1.6,1.07
474732,863,33887,33.8,94.0,3.3,-1.6,1.07
474747,2681,33887,33.8,94.0,3.3,-1.6,1.07
474748,2778,33887,33.8,94.0,3.3,-1.6,1.07
474748,2885,33887,33.8,94.0,3.3,-1.6,1.07
474761,1842,33886,33.8,94.0,3.3,-1.7,1.07
474762,1779,33886,33.8,94.0,3.3,-1.7,1.07
474762,1628,33886,33.8,94.0,3.3,-1.7,1.07
474782,1954,33884,33.8,94.0,3.3,-1.7,1.07
474783,1995,33884,33.8,94.0,3.3,-1.7,1.07
474784,2123,33884,33.8,94.0,3.3,-1.7,1.07
474784,2088,33884,33.8,94.0,3.3,-1.7,1.07
474797,1992,33884,33.8,94.0,3.3,-1.7,1.07
474798,1908,33884,33.8,94.0,3.3,-1.7,1.07
474799,2017,33884,33.8,94.0,3.3,-1.7,1.07
474799,2093,33884,33.8,94.0,3.3,-1.7,1.07
474817,2157,33883,33.8,94.0,3.3,-1.6,1.08
474818,2034,33883,33.8,94.0,3.3,-1.6,1.08
474818,1963,33883,33.8,94.0,3.3,-1.6,1.08
474831,2133,33881,33.8,94.0,3.3,-1.6,1.08
474832,2263,33881,33.8,94.0,3.3,-1.6,1.08
474832,2215,33881,33.8,94.0,3.3,-1.6,1.08
474850,2167,33880,33.8,94.0,3.3,-1.6,1.08
474851,2132,33880,33.8,94.0,3.3,-1.6,1.08
474851,2215,33880,33.8,94.0,3.3,-1.6,1.08
474863,2066,33880,33.8,94.0,3.3,-1.6,1.07
474864,2048,33880,33.8,94.0,3.3,-1.6,1.07
474864,1921,33880,33.8,94.0,3.3,-1.6,1.07
474883,1833,33879,33.8,94.0,3.3,-1.6,1.07
474885,1870,33879,33.8,94.0,3.3,-1.6,1.07
474885,1962,33879,33.8,94.0,3.3,-1.6,1.07
474885,1949,33879,33.8,94.0,3.3,-1.6,1.07
474898,2078,33879,33.8,94.0,3.3,-1.6,1.07
474899,1999,33879,33.8,94.0,3.3,-1.6,1.07
474900,2067,33879,33.8,94.0,3.3,-1.6,1.07
474917,2160,33878,33.8,94.0,3.3,-1.6,1.07
474917,2130,33878,33.8,94.0,3.3,-1.6,1.07
474918,2018,33878,33.8,94.0,3.3,-1.6,1.07
474931,2049,33878,33.8,94.0,3.3,-1.5,1.07
474932,2117,33878,33.8,94.0,3.3,-1.5,1.07
474932,2210,33878,33.8,94.0,3.3,-1.5,1.07
474950,2169,33878,33.8,94.0,3.3,-1.5,1.07
474950,2071,33878,33.8,94.0,3.3,-1.5,1.07
474951,2021,33878,33.8,94.0,3.3,-1.5,1.07
474963,1988,33878,33.8,94.0,3.3,-1.5,1.07
474964,2069,33878,33.8,94.0,3.3,-1.5,1.07
474964,2057,33878,33.8,94.0,3.3,-1.5,1.07
474982,1987,33878,33.8,94.0,3.3,-1.5,1.07
474983,1946,33878,33.8,94.0,3.3,-1.5,1.07
474983,2001,33878,33.8,94.0,3.3,-1.5,1.07
474995,2151,33878,33.8,94.0,3.3,-1.5,1.08
474996,2111,33878,33.8,94.0,3.3,-1.5,1.08
474996,2028,33878,33.8,94.0,3.3,-1.5,1.08
475015,1942,33878,33.8,94.0,3.3,-1.5,1.08
475018,2000,33878,33.8,94.0,3.3,-1.5,1.08
475018,2076,33878,33.8,94.0,3.3,-1.5,1.08
475018,2063,33878,33.8,94.0,3.3,-1.5,1.08
475032,2015,33878,33.8,94.0,3.3,-1.5,1.08
475033,1974,33878,33.8,94.0,3.3,-1.5,1.08
475033,2019,33878,33.8,94.0,3.3,-1.5,1.08
475034,2089,33878,33.8,94.0,3.3,-1.5,1.08
475052,1118,33878,33.8,94.0,3.4,-1.6,1.08
475052,1018,33878,33.8,94.0,3.4,-1.6,1.08
475052,940,33878,33.8,94.0,3.4,-1.6,1.08
475066,2403,33878,32.3,94.0,3.4,-1.6,1.08
475066,2477,33878,32.3,94.0,3.4,-1.6,1.08
475066,2554,33878,32.3,94.0,3.4,-1.6,1.08
475084,1890,33878,32.3,94.0,3.4,-1.6,1.08
475085,1838,33878,32.3,94.0,3.4,-1.6,1.08
475085,1787,33878,32.3,94.0,3.4,-1.6,1.08
475097,2052,33878,32.3,94.0,3.3,-1.6,1.08
475098,2135,33878,32.3,94.0,3.3,-1.6,1.08
475098,2140,33878,32.3,94.0,3.3,-1.6,1.08
475117,2033,33878,32.3,94.0,3.3,-1.6,1.08
475120,1975,33878,32.3,94.0,3.3,-1.6,1.08
475120,1993,33878,32.3,94.0,3.3,-1.6,1.08
475120,2039,33878,32.3,94.0,3.3,-1.6,1.08
475133,2122,33878,32.3,94.0,3.3,-1.6,1.08
475133,2077,33878,32.3,94.0,3.3,-1.6,1.08
475134,2037,33878,32.3,94.0,3.3,-1.6,1.08
475152,2001,33878,32.3,94.0,3.2,-1.6,1.08
475153,2079,33878,32.3,94.0,3.2,-1.6,1.08
475153,2075,33878,32.3,94.0,3.2,-1.6,1.08
475155,2053,33878,32.3,94.0,3.2,-1.6,1.08
475168,2042,33879,32.3,94.0,3.2,-1.6,1.08
475169,2032,33879,32.3,94.0,3.2,-1.6,1.08
475170,2136,33879,32.3,94.0,3.2,-1.6,1.08
475170,2152,33879,32.3,94.0,3.2,-1.6,1.08
475187,1991,33879,32.3,94.0,3.2,-1.6,1.08
475187,1957,33879,32.3,94.0,3.2,-1.6,1.08
475187,1966,33879,32.3,94.0,3.2,-1.6,1.08
475201,2055,33880,32.3,94.0,3.2,-1.6,1.08
475201,2060,33880,32.3,94.0,3.2,-1.6,1.08
475201,2033,33880,32.3,94.0,3.2,-1.6,1.08
475219,2001,33881,32.3,94.0,3.2,-1.6,1.08
475220,2009,33881,32.3,94.0,3.2,-1.6,1.08
475220,2041,33881,32.3,94.0,3.2,-1.6,1.08
475232,2127,33881,32.3,94.0,3.2,-1.6,1.08
475233,2101,33881,32.3,94.0,3.2,-1.6,1.08
475233,2067,33881,32.3,94.0,3.2,-1.6,1.08
475253,2118,33882,32.3,94.0,3.3,-1.7,1.07
475255,2139,33882,32.3,94.0,3.3,-1.7,1.07
475255,2128,33882,32.3,94.0,3.3,-1.7,1.07
475256,2123,33882,32.3,94.0,3.3,-1.7,1.07
475269,2158,33883,32.3,94.0,3.3,-1.7,1.07
475270,2185,33883,32.3,94.0,3.3,-1.7,1.07
475270,2227,33883,32.3,94.0,3.3,-1.7,1.07
475286,1978,33883,32.3,94.0,3.3,-1.7,1.07
475287,1957,33883,32.3,94.0,3.3,-1.7,1.07
475287,1924,33883,32.3,94.0,3.3,-1.7,1.07
475300,2014,33884,32.3,94.0,3.3,-1.7,1.07
475301,2033,33884,32.3,94.0,3.3,-1.7,1.07
475301,2072,33884,32.3,94.0,3.3,-1.7,1.07
475319,2043,33884,32.3,94.0,3.3,-1.7,1.07
475320,1998,33884,32.3,94.0,3.3,-1.7,1.07
475320,2027,33884,32.3,94.0,3.3,-1.7,1.07
475332,2016,33884,32.3,94.0,3.3,-1.7,1.07
475333,2036,33884,32.3,94.0,3.3,-1.7,1.07
475333,2032,33884,32.3,94.0,3.3,-1.7,1.07
475352,2152,33884,32.3,94.0,3.3,-1.7,1.07
475354,2152,33884,32.3,94.0,3.3,-1.7,1.07
475355,2109,33884,32.3,94.0,3.3,-1.7,1.07
475356,2143,33884,32.3,94.0,3.3,-1.7,1.07
475370,2061,33883,32.3,94.0,3.3,-1.7,1.07
475370,2039,33883,32.3,94.0,3.3,-1.7,1.07
475370,2037,33883,32.3,94.0,3.3,-1.7,1.07
475386,2019,33882,32.3,94.0,3.3,-1.7,1.07
475387,2036,33882,32.3,94.0,3.3,-1.7,1.07
475387,2026,33882,32.3,94.0,3.3,-1.7,1.07
475400,2011,33881,32.3,94.0,3.3,-1.6,1.08
475401,1997,33881,32.3,94.0,3.3,-1.6,1.08
475401,2025,33881,32.3,94.0,3.3,-1.6,1.08
475418,2061,33880,32.3,94.0,3.3,-1.6,1.08
475419,2043,33880,32.3,94.0,3.3,-1.6,1.08
475419,2019,33880,32.3,94.0,3.3,-1.6,1.08
475432,1988,33879,32.3,94.0,3.3,-1.6,1.08
475432,2001,33879,32.3,94.0,3.3,-1.6,1.08
475433,2020,33879,32.3,94.0,3.3,-1.6,1.08
475451,2050,33878,32.3,94.0,3.3,-1.6,1.08
475452,2007,33878,32.3,94.0,3.3,-1.6,1.08
475452,2003,33878,32.3,94.0,3.3,-1.6,1.08
475465,2031,33878,32.3,94.0,3.3,-1.7,1.08
475466,2049,33878,32.3,94.0,3.3,-1.7,1.08
475466,2039,33878,32.3,94.0,3.3,-1.7,1.08
475484,1998,33878,32.3,94.0,3.3,-1.7,1.08
475485,2001,33878,32.3,94.0,3.3,-1.7,1.08
475485,2015,33878,32.3,94.0,3.3,-1.7,1.08
475498,2059,33877,32.3,94.0,3.3,-1.7,1.08
475499,2045,33877,32.3,94.0,3.3,-1.7,1.08
475499,2027,33877,32.3,94.0,3.3,-1.7,1.08
475518,2061,33877,32.3,94.0,3.3,-1.7,1.08
475519,2076,33877,32.3,94.0,3.3,-1.7,1.08
475519,2086,33877,32.3,94.0,3.3,-1.7,1.08
475532,2099,33877,32.3,94.0,3.3,-1.7,1.08
475532,2098,33877,32.3,94.0,3.3,-1.7,1.08
475532,2092,33877,32.3,94.0,3.3,-1.7,1.08
475551,2013,33877,32.3,94.0,3.3,-1.7,1.08
475552,2040,33877,32.3,94.0,3.3,-1.7,1.08
475552,2060,33877,32.3,94.0,3.3,-1.7,1.08
475565,2004,33877,32.3,94.0,3.3,-1.7,1.08
475565,2006,33877,32.3,94.0,3.3,-1.7,1.08
475565,2019,33877,32.3,94.0,3.3,-1.7,1.08
475584,2050,33878,32.3,94.0,3.3,-1.7,1.08
475585,2035,33878,32.3,94.0,3.3,-1.7,1.08
475585,2010,33878,32.3,94.0,3.3,-1.7,1.08
475598,2014,33878,32.3,94.0,3.3,-1.7,1.08
475599,2030,33878,32.3,94.0,3.3,-1.7,1.08
475599,2042,33878,32.3,94.0,3.3,-1.7,1.08
475616,1175,33878,32.3,94.0,3.3,-1.7,1.08
475617,1206,33878,32.3,94.0,3.3,-1.7,1.08
475617,1211,33878,32.3,94.0,3.3,-1.7,1.08
475630,2429,33878,32.3,94.0,3.3,-1.7,1.08
475631,2445,33878,32.3,94.0,3.3,-1.7,1.08
475631,2475,33878,32.3,94.0,3.3,-1.7,1.08
475651,2133,33878,32.3,94.0,3.3,-1.7,1.08
475652,2143,33878,32.3,94.0,3.3,-1.7,1.08
475653,2080,33878,32.3,94.0,3.3,-1.7,1.08
475653,2087,33878,32.3,94.0,3.3,-1.7,1.08
475665,2013,33878,32.3,94.0,3.3,-1.6,1.08
475666,2026,33878,32.3,94.0,3.3,-1.6,1.08
475666,2031,33878,32.3,94.0,3.3,-1.6,1.08
475683,1978,33878,32.3,94.0,3.3,-1.6,1.08
475684,1989,33878,32.3,94.0,3.3,-1.6,1.08
475684,2035,33878,32.3,94.0,3.3,-1.6,1.08
475698,2071,33878,32.3,94.0,3.3,-1.6,1.08
475698,2012,33878,32.3,94.0,3.3,-1.6,1.08
475698,1974,33878,32.3,94.0,3.3,-1.6,1.08
475718,1977,33878,32.3,94.0,3.3,-1.7,1.07
475719,2031,33878,32.3,94.0,3.3,-1.7,1.07
475720,2057,33878,32.3,94.0,3.3,-1.7,1.07
475720,2006,33878,32.3,94.0,3.3,-1.7,1.07
475733,2195,33879,32.3,94.0,3.3,-1.7,1.07
475734,2185,33879,32.3,94.0,3.3,-1.7,1.07
475734,2245,33879,32.3,94.0,3.3,-1.7,1.07
475752,2049,33879,32.3,94.0,3.3,-1.7,1.07
475752,2023,33879,32.3,94.0,3.3,-1.7,1.07
475752,1958,33879,32.3,94.0,3.3,-1.7,1.07
475765,1977,33879,32.3,94.0,3.4,-1.7,1.08
475765,2003,33879,32.3,94.0,3.4,-1.7,1.08
475766,2075,33879,32.3,94.0,3.4,-1.7,1.08
475784,2054,33880,32.3,94.0,3.4,-1.7,1.08
475784,1997,33880,32.3,94.0,3.4,-1.7,1.08
475785,1972,33880,32.3,94.0,3.4,-1.7,1.08
475798,2122,33880,32.3,94.0,3.4,-1.7,1.08
475799,2143,33880,32.3,94.0,3.4,-1.7,1.08
475799,2119,33880,32.3,94.0,3.4,-1.7,1.08
475817,2047,33881,32.3,94.0,3.4,-1.7,1.08
475817,1996,33881,32.3,94.0,3.4,-1.7,1.08
475818,2071,33881,32.3,94.0,3.4,-1.7,1.08
475819,2094,33881,32.3,94.0,3.4,-1.7,1.08
475832,2109,33882,32.3,94.0,3.4,-1.7,1.08
475832,2065,33882,32.3,94.0,3.4,-1.7,1.08
475832,2055,33882,32.3,94.0,3.4,-1.7,1.08
475850,2028,33882,32.3,94.0,3.4,-1.7,1.08
475851,2061,33882,32.3,94.0,3.4,-1.7,1.08
475851,2041,33882,32.3,94.0,3.4,-1.7,1.08
475864,1953,33883,32.3,94.0,3.4,-1.8,1.08
475864,1991,33883,32.3,94.0,3.4,-1.8,1.08
475864,2031,33883,32.3,94.0,3.4,-1.8,1.08
475883,2046,33884,32.3,94.0,3.4,-1.8,1.08
475884,2033,33884,32.3,94.0,3.4,-1.8,1.08
475884,1999,33884,32.3,94.0,3.4,-1.8,1.08
475897,1988,33885,32.3,94.0,3.4,-1.8,1.08
475898,2022,33885,32.3,94.0,3.4,-1.8,1.08
475898,2053,33885,32.3,94.0,3.4,-1.8,1.08
475918,2016,33886,32.3,94.0,3.4,-1.7,1.08
475920,1986,33886,32.3,94.0,3.4,-1.7,1.08
475920,1970,33886,32.3,94.0,3.4,-1.7,1.08
475920,2008,33886,32.3,94.0,3.4,-1.7,1.08
475934,2191,33886,32.3,94.0,3.4,-1.7,1.08
475934,2150,33886,32.3,94.0,3.4,-1.7,1.08
475935,2122,33886,32.3,94.0,3.4,-1.7,1.08
475952,2002,33885,32.3,94.0,3.4,-1.7,1.08
475952,2031,33885,32.3,94.0,3.4,-1.7,1.08
475952,2044,33885,32.3,94.0,3.4,-1.7,1.08
475965,1984,33885,32.3,94.0,3.3,-1.6,1.08
475965,1981,33885,32.3,94.0,3.3,-1.6,1.08
475966,1971,33885,32.3,94.0,3.3,-1.6,1.08
475984,2015,33884,32.3,94.0,3.3,-1.6,1.08
475985,2041,33884,32.3,94.0,3.3,-1.6,1.08
475985,2026,33884,32.3,94.0,3.3,-1.6,1.08
475998,2069,33883,32.3,94.0,3.3,-1.6,1.08
475999,2046,33883,32.3,94.0,3.3,-1.6,1.08
475999,2077,33883,32.3,94.0,3.3,-1.6,1.08
476017,2095,33882,32.3,94.0,3.3,-1.6,1.07
476018,2068,33882,32.3,94.0,3.3,-1.6,1.07
476018,2045,33882,32.3,94.0,3.3,-1.6,1.07
476031,2077,33881,32.3,94.0,3.3,-1.6,1.07
476031,2101,33881,32.3,94.0,3.3,-1.6,1.07
476031,2111,33881,32.3,94.0,3.3,-1.6,1.07
476055,2066,33880,32.3,94.0,3.3,-1.6,1.07
476058,2031,33880,32.3,94.0,3.3,-1.6,1.07
476058,2025,33880,32.3,94.0,3.3,-1.6,1.07
476058,2038,33880,32.3,94.0,3.3,-1.6,1.07
476071,2090,33879,32.3,94.0,3.3,-1.6,1.08
476071,2082,33879,32.3,94.0,3.3,-1.6,1.08
476071,2068,33879,32.3,94.0,3.3,-1.6,1.08
476088,2029,33879,32.3,94.0,3.3,-1.6,1.08
476088,2014,33879,32.3,94.0,3.3,-1.6,1.08
476088,2041,33879,32.3,94.0,3.3,-1.6,1.08
476101,2022,33878,32.3,94.0,3.3,-1.6,1.08
476101,2002,33878,32.3,94.0,3.3,-1.6,1.08
476102,1989,33878,32.3,94.0,3.3,-1.6,1.08
476120,2034,33878,32.3,94.0,3.3,-1.7,1.08
476121,2037,33878,32.3,94.0,3.3,-1.7,1.08
476121,2012,33878,32.3,94.0,3.3,-1.7,1.08
476134,2047,33878,32.3,94.0,3.3,-1.7,1.08
476134,2047,33878,32.3,94.0,3.3,-1.7,1.08
476134,2043,33878,32.3,94.0,3.3,-1.7,1.08
476154,2092,33878,32.3,94.0,3.3,-1.7,1.08
476154,2072,33878,32.3,94.0,3.3,-1.7,1.08
476154,2061,33878,32.3,94.0,3.3,-1.7,1.08
476168,1987,33878,32.3,94.0,3.3,-1.7,1.08
476169,2039,33878,32.3,94.0,3.3,-1.7,1.08
476169,2049,33878,32.3,94.0,3.3,-1.7,1.08
476186,2021,33878,32.3,94.0,3.3,-1.7,1.08
476187,2021,33878,32.3,94.0,3.3,-1.7,1.08
476187,2018,33878,32.3,94.0,3.3,-1.7,1.08
476199,2023,33878,32.3,94.0,3.3,-1.7,1.08
476200,2024,33878,32.3,94.0,3.3,-1.7,1.08
476200,2012,33878,32.3,94.0,3.3,-1.7,1.08
476219,2035,33878,32.3,94.0,3.3,-1.7,1.08
476221,2027,33878,32.3,94.0,3.3,-1.7,1.08
476221,2032,33878,32.3,94.0,3.3,-1.7,1.08
476221,2022,33878,32.3,94.0,3.3,-1.7,1.08
476234,2020,33878,32.3,94.0,3.3,-1.7,1.07
476234,2006,33878,32.3,94.0,3.3,-1.7,1.07
476234,2007,33878,32.3,94.0,3.3,-1.7,1.07
476253,2061,33878,32.3,94.0,3.3,-1.7,1.07
476253,2030,33878,32.3,94.0,3.3,-1.7,1.07
476254,2041,33878,32.3,94.0,3.3,-1.7,1.07
476268,1992,33878,32.3,94.0,3.3,-1.7,1.07
476268,2011,33878,32.3,94.0,3.3,-1.7,1.07
476268,2036,33878,32.3,94.0,3.3,-1.7,1.07
476286,2010,33879,32.3,94.0,3.3,-1.7,1.07
476286,2007,33879,32.3,94.0,3.3,-1.7,1.07
476286,2005,33879,32.3,94.0,3.3,-1.7,1.07
476299,2026,33879,32.3,94.0,3.3,-1.7,1.07
476299,2018,33879,32.3,94.0,3.3,-1.7,1.07
476300,2019,33879,32.3,94.0,3.3,-1.7,1.07
476319,2016,33879,32.3,94.0,3.3,-1.7,1.07
476321,2011,33879,32.3,94.0,3.3,-1.7,1.07
476321,1985,33879,32.3,94.0,3.3,-1.7,1.07
476321,2021,33879,32.3,94.0,3.3,-1.7,1.07
476334,2049,33879,32.3,94.0,3.2,-1.7,1.08
476334,2045,33879,32.3,94.0,3.2,-1.7,1.08
476334,2042,33879,32.3,94.0,3.2,-1.7,1.08
476352,2095,33879,32.3,94.0,3.2,-1.7,1.08
476353,2075,33879,32.3,94.0,3.2,-1.7,1.08
476353,2107,33879,32.3,94.0,3.2,-1.7,1.08
476367,1967,33880,32.3,94.3,3.2,-1.7,1.08
476367,1987,33880,32.3,94.3,3.2,-1.7,1.08
476368,1961,33880,32.3,94.3,3.2,-1.7,1.08
476386,1768,33880,32.3,94.3,3.2,-1.7,1.08
476386,1759,33880,32.3,94.3,3.2,-1.7,1.08
476386,1758,33880,32.3,94.3,3.2,-1.7,1.08
476399,2078,33881,32.3,94.3,3.2,-1.7,1.08
476399,2083,33881,32.3,94.3,3.2,-1.7,1.08
476399,2092,33881,32.3,94.3,3.2,-1.7,1.08
476418,2044,33882,32.3,94.3,3.2,-1.7,1.08
476419,2037,33882,32.3,94.3,3.2,-1.7,1.08
476419,2015,33882,32.3,94.3,3.2,-1.7,1.08
476431,2034,33882,32.3,94.3,3.3,-1.7,1.07
476432,2045,33882,32.3,94.3,3.3,-1.7,1.07
476432,2062,33882,32.3,94.3,3.3,-1.7,1.07
476451,2158,33883,32.3,94.3,3.3,-1.7,1.07
476453,2161,33883,32.3,94.3,3.3,-1.7,1.07
476453,2163,33883,32.3,94.3,3.3,-1.7,1.07
476453,2184,33883,32.3,94.3,3.3,-1.7,1.07
476467,1993,33884,32.3,94.3,3.3,-1.7,1.07
476468,1993,33884,32.3,94.3,3.3,-1.7,1.07
476468,1967,33884,32.3,94.3,3.3,-1.7,1.07
476487,1695,33885,32.3,94.3,3.3,-1.7,1.08
476487,1691,33885,32.3,94.3,3.3,-1.7,1.08
476487,1695,33885,32.3,94.3,3.3,-1.7,1.08
476501,2163,33885,32.3,94.3,3.3,-1.7,1.08
476501,2139,33885,32.3,94.3,3.3,-1.7,1.08
476501,2144,33885,32.3,94.3,3.3,-1.7,1.08
476519,2003,33886,32.3,94.3,3.3,-1.7,1.08
476520,2012,33886,32.3,94.3,3.3,-1.7,1.08
476520,1987,33886,32.3,94.3,3.3,-1.7,1.08
476532,2090,33886,32.3,94.3,3.3,-1.6,1.08
476533,2106,33886,32.3,94.3,3.3,-1.6,1.08
476533,2143,33886,32.3,94.3,3.3,-1.6,1.08
476552,2192,33886,32.3,94.3,3.3,-1.6,1.08
476555,2170,33886,32.3,94.3,3.3,-1.6,1.08
476555,2158,33886,32.3,94.3,3.3,-1.6,1.08
476555,2149,33886,32.3,94.3,3.3,-1.6,1.08
476568,2001,33885,32.3,94.3,3.3,-1.6,1.08
476568,2013,33885,32.3,94.3,3.3,-1.6,1.08
476568,1978,33885,32.3,94.3,3.3,-1.6,1.08
476586,1919,33884,32.3,94.3,3.3,-1.6,1.08
476587,1916,33884,32.3,94.3,3.3,-1.6,1.08
476588,1963,33884,32.3,94.3,3.3,-1.6,1.08
476588,1966,33884,32.3,94.3,3.3,-1.6,1.08
476601,2041,33884,32.3,94.3,3.3,-1.6,1.08
476601,1960,33884,32.3,94.3,3.3,-1.6,1.08
476602,2040,33884,32.3,94.3,3.3,-1.6,1.08
476620,2041,33883,32.3,94.3,3.3,-1.6,1.08
476620,2049,33883,32.3,94.3,3.3,-1.6,1.08
476620,2022,33883,32.3,94.3,3.3,-1.6,1.08
476633,2018,33882,32.3,94.3,3.3,-1.6,1.07
476634,2025,33882,32.3,94.3,3.3,-1.6,1.07
476635,2060,33882,32.3,94.3,3.3,-1.6,1.07
476636,2065,33882,32.3,94.3,3.3,-1.6,1.07
476652,2132,33881,32.3,94.3,3.3,-1.6,1.07
476653,2108,33881,32.3,94.3,3.3,-1.6,1.07
476653,2119,33881,32.3,94.3,3.3,-1.6,1.07
476666,2017,33881,32.3,94.3,3.3,-1.6,1.07
476667,2026,33881,32.3,94.3,3.3,-1.6,1.07
476667,1996,33881,32.3,94.3,3.3,-1.6,1.07
476685,1955,33880,32.3,94.3,3.3,-1.6,1.07
476686,1971,33880,32.3,94.3,3.3,-1.6,1.07
476686,2016,33880,32.3,94.3,3.3,-1.6,1.07
476699,2083,33880,32.3,94.3,3.2,-1.5,1.08
476699,2044,33880,32.3,94.3,3.2,-1.5,1.08
476699,2023,33880,32.3,94.3,3.2,-1.5,1.08
476719,2009,33880,32.3,94.3,3.2,-1.5,1.08
476720,2042,33880,32.3,94.3,3.2,-1.5,1.08
476721,2038,33880,32.3,94.3,3.2,-1.5,1.08
476721,2003,33880,32.3,94.3,3.2,-1.5,1.08
476735,2262,33881,32.3,94.3,3.2,-1.5,1.08
476735,2262,33881,32.3,94.3,3.2,-1.5,1.08
476736,2303,33881,32.3,94.3,3.2,-1.5,1.08
476752,2036,33881,32.3,94.3,3.2,-1.6,1.07
476753,2026,33881,32.3,94.3,3.2,-1.6,1.07
476753,2000,33881,32.3,94.3,3.2,-1.6,1.07
476767,2022,33881,32.3,94.3,3.2,-1.6,1.07
476767,2037,33881,32.3,94.3,3.2,-1.6,1.07
476768,2060,33881,32.3,94.3,3.2,-1.6,1.07
476787,2016,33882,32.3,94.6,3.2,-1.6,1.07
476787,1979,33882,32.3,94.6,3.2,-1.6,1.07
476787,1982,33882,32.3,94.6,3.2,-1.6,1.07
476800,2027,33882,32.3,94.6,3.2,-1.7,1.08
476800,2047,33882,32.3,94.6,3.2,-1.7,1.08
476800,2028,33882,32.3,94.6,3.2,-1.7,1.08
476819,1975,33883,32.3,94.6,3.2,-1.7,1.08
476820,1972,33883,32.3,94.6,3.2,-1.7,1.08
476820,2018,33883,32.3,94.6,3.2,-1.7,1.08
476832,2106,33883,32.3,94.6,3.2,-1.7,1.08
476833,2074,33883,32.3,94.6,3.2,-1.7,1.08
476833,2051,33883,32.3,94.6,3.2,-1.7,1.08
476852,2217,33883,32.3,94.6,3.3,-1.6,1.09
476855,2226,33884,32.3,94.6,3.3,-1.6,1.09
476855,2256,33884,32.3,94.6,3.3,-1.6,1.09
476855,2226,33884,32.3,94.6,3.3,-1.6,1.09
476868,1938,33884,32.3,94.6,3.3,-1.6,1.09
476869,1956,33884,32.3,94.6,3.3,-1.6,1.09
476870,2112,33884,32.3,94.6,3.3,-1.6,1.09
476871,2154,33884,32.3,94.6,3.3,-1.6,1.09
476888,1978,33884,32.3,94.6,3.3,-1.6,1.09
476888,1960,33884,32.3,94.6,3.3,-1.6,1.09
476888,1957,33884,32.3,94.6,3.3,-1.6,1.09
476901,2043,33885,32.3,94.6,3.3,-1.5,1.08
476902,2034,33885,32.3,94.6,3.3,-1.5,1.08
476902,2028,33885,32.3,94.6,3.3,-1.5,1.08
476920,2165,33886,32.3,94.6,3.3,-1.5,1.08
476921,2141,33886,32.3,94.6,3.3,-1.5,1.08
476921,2134,33886,32.3,94.6,3.3,-1.5,1.08
476934,2115,33887,32.3,94.6,3.3,-1.5,1.08
476935,2118,33887,32.3,94.6,3.3,-1.5,1.08
476935,2116,33887,32.3,94.6,3.3,-1.5,1.08
476954,2161,33888,32.3,94.6,3.3,-1.4,1.08
476956,2160,33888,32.3,94.6,3.3,-1.4,1.08
476956,2176,33888,32.3,94.6,3.3,-1.4,1.08
476956,2175,33888,32.3,94.6,3.3,-1.4,1.08
476969,1976,33888,32.3,94.6,3.3,-1.4,1.08
476969,2025,33888,32.3,94.6,3.3,-1.4,1.08
476970,1990,33888,32.3,94.6,3.3,-1.4,1.08
476987,1873,33889,32.3,94.6,3.3,-1.4,1.08
476988,1864,33889,32.3,94.6,3.3,-1.4,1.08
476989,1859,33889,32.3,94.6,3.3,-1.4,1.08
476991,2186,33889,32.3,94.6,3.3,-1.4,1.08
477006,1940,33891,32.3,94.6,3.3,-1.5,1.07
477006,1941,33891,32.3,94.6,3.3,-1.5,1.07
477006,1940,33891,32.3,94.6,3.3,-1.5,1.07
477022,2074,33892,32.3,94.6,3.3,-1.5,1.07
477022,2050,33892,32.3,94.6,3.3,-1.5,1.07
477022,2070,33892,32.3,94.6,3.3,-1.5,1.07
477036,2570,33893,32.3,94.6,3.3,-1.5,1.07
477036,2558,33893,32.3,94.6,3.3,-1.5,1.07
477036,2548,33893,32.3,94.6,3.3,-1.5,1.07
477055,2137,33895,32.3,94.6,3.3,-1.5,1.07
477055,2151,33895,32.3,94.6,3.3,-1.5,1.07
477055,2157,33895,32.3,94.6,3.3,-1.5,1.07
477068,2016,33896,32.3,94.6,3.3,-1.6,1.08
477068,1994,33896,32.3,94.6,3.3,-1.6,1.08
477068,1985,33896,32.3,94.6,3.3,-1.6,1.08
477087,1975,33898,32.3,94.6,3.3,-1.6,1.08
477088,1972,33898,32.3,94.6,3.3,-1.6,1.08
477088,1957,33898,32.3,94.6,3.3,-1.6,1.08
477101,2042,33898,32.3,94.6,3.3,-1.6,1.08
477101,2040,33898,32.3,94.6,3.3,-1.6,1.08
477101,2043,33898,32.3,94.6,3.3,-1.6,1.08
477124,1969,33900,32.3,94.6,3.3,-1.6,1.07
477126,1895,33900,32.3,94.6,3.3,-1.6,1.07
477126,1869,33900,32.3,94.6,3.3,-1.6,1.07
477126,1861,33900,32.3,94.6,3.3,-1.6,1.07
477139,2044,33901,32.3,94.6,3.3,-1.6,1.07
477139,2042,33901,32.3,94.6,3.3,-1.6,1.07
477140,2038,33901,32.3,94.6,3.3,-1.6,1.07
477156,2108,33901,32.3,94.6,3.3,-1.6,1.07
477157,2117,33901,32.3,94.6,3.3,-1.6,1.07
477157,2108,33901,32.3,94.6,3.3,-1.6,1.07
477169,1985,33901,32.3,94.6,3.3,-1.6,1.07
477170,2041,33901,32.3,94.6,3.3,-1.6,1.07
477170,2095,33901,32.3,94.6,3.3,-1.6,1.07
477189,1928,33901,32.3,94.6,3.3,-1.6,1.07
477192,2533,33901,32.3,94.6,3.3,-1.6,1.07
477193,2597,33901,32.3,94.6,3.3,-1.6,1.07
477193,2615,33901,32.3,94.6,3.3,-1.6,1.07
477206,1910,33901,32.3,94.6,3.3,-1.6,1.07
477206,1886,33901,32.3,94.6,3.3,-1.6,1.07
477206,1808,33901,32.3,94.6,3.3,-1.6,1.07
477225,2047,33900,32.3,94.6,3.2,-1.6,1.08
477225,2056,33900,32.3,94.6,3.2,-1.6,1.08
477225,2095,33900,32.3,94.6,3.2,-1.6,1.08
477238,2046,33900,32.3,94.6,3.2,-1.6,1.08
477239,2007,33900,32.3,94.6,3.2,-1.6,1.08
477240,1977,33900,32.3,94.6,3.2,-1.6,1.08
477240,1994,33900,32.3,94.6,3.2,-1.6,1.08
477258,2298,33900,36.9,94.6,3.2,-1.6,1.08
477259,2280,33900,36.9,94.6,3.2,-1.6,1.08
477259,2240,33900,36.9,94.6,3.2,-1.6,1.08
477272,2155,33900,36.9,94.6,3.3,-1.6,1.08
477273,2191,33900,36.9,94.6,3.3,-1.6,1.08
477273,2227,33900,36.9,94.6,3.3,-1.6,1.08
477290,2360,33901,36.9,94.6,3.3,-1.6,1.08
477291,2393,33901,36.9,94.6,3.3,-1.6,1.08
477291,2390,33901,36.9,94.6,3.3,-1.6,1.08
477305,1916,33901,36.9,94.6,3.3,-1.6,1.08
477305,1930,33901,36.9,94.6,3.3,-1.6,1.08
477305,1912,33901,36.9,94.6,3.3,-1.6,1.08
477325,2066,33902,36.9,94.6,3.3,-1.5,1.08
477326,2034,33902,36.9,94.6,3.3,-1.5,1.08
477327,2066,33902,36.9,94.6,3.3,-1.5,1.08
477327,2088,33902,36.9,94.6,3.3,-1.5,1.08
477340,2037,33902,36.9,94.6,3.3,-1.5,1.08
477340,1995,33902,36.9,94.6,3.3,-1.5,1.08
477340,1975,33902,36.9,94.6,3.3,-1.5,1.08
477357,2058,33903,36.9,94.6,3.3,-1.5,1.08
477358,2090,33903,36.9,94.6,3.3,-1.5,1.08
477358,2091,33903,36.9,94.6,3.3,-1.5,1.08
477370,2062,33904,36.9,94.6,3.2,-1.6,1.07
477371,2043,33904,36.9,94.6,3.2,-1.6,1.07
477371,2073,33904,36.9,94.6,3.2,-1.6,1.07
477390,2019,33905,36.9,94.6,3.2,-1.6,1.07
477393,1609,33906,36.9,94.6,3.2,-1.6,1.07
477393,1524,33906,36.9,94.6,3.2,-1.6,1.07
477394,1492,33906,36.9,94.6,3.2,-1.6,1.07
477406,2131,33906,36.9,94.6,3.2,-1.6,1.07
477407,2169,33906,36.9,94.6,3.2,-1.6,1.07
477407,2210,33906,36.9,94.6,3.2,-1.6,1.07
477425,1949,33907,36.9,94.6,3.2,-1.6,1.08
477425,1920,33907,36.9,94.6,3.2,-1.6,1.08
477426,1910,33907,36.9,94.6,3.2,-1.6,1.08
477438,2138,33908,36.9,94.6,3.2,-1.6,1.08
477439,2149,33908,36.9,94.6,3.2,-1.6,1.08
477440,2140,33908,36.9,94.6,3.2,-1.6,1.08
477440,2111,33908,36.9,94.6,3.2,-1.6,1.08
477459,2075,33908,36.9,94.6,3.2,-1.6,1.08
477459,2074,33908,36.9,94.6,3.2,-1.6,1.08
477459,2096,33908,36.9,94.6,3.2,-1.6,1.08
477473,2082,33909,36.9,94.6,3.2,-1.5,1.07
477473,2078,33909,36.9,94.6,3.2,-1.5,1.07
477473,2055,33909,36.9,94.6,3.2,-1.5,1.07
477490,2068,33910,36.9,94.6,3.2,-1.5,1.07
477491,2105,33910,36.9,94.6,3.2,-1.5,1.07
477491,2109,33910,36.9,94.6,3.2,-1.5,1.07
477505,1997,33911,36.9,94.6,3.2,-1.5,1.07
477505,1984,33911,36.9,94.6,3.2,-1.5,1.07
477505,1993,33911,36.9,94.6,3.2,-1.5,1.07
477524,2026,33912,36.9,94.6,3.3,-1.6,1.07
477526,2043,33912,36.9,94.6,3.3,-1.6,1.07
477526,2034,33912,36.9,94.6,3.3,-1.6,1.07
477526,2019,33912,36.9,94.6,3.3,-1.6,1.07
477540,2008,33912,36.9,94.6,3.3,-1.6,1.07
477540,2028,33912,36.9,94.6,3.3,-1.6,1.07
477540,2023,33912,36.9,94.6,3.3,-1.6,1.07
477559,2095,33913,36.9,94.6,3.3,-1.6,1.07
477559,2065,33913,36.9,94.6,3.3,-1.6,1.07
477559,2068,33913,36.9,94.6,3.3,-1.6,1.07
477573,2229,33914,36.9,94.6,3.4,-1.6,1.08
477574,2245,33914,36.9,94.6,3.4,-1.6,1.08
477574,2239,33914,36.9,94.6,3.4,-1.6,1.08
477591,1992,33916,36.9,94.6,3.4,-1.6,1.08
477592,1988,33916,36.9,94.6,3.4,-1.6,1.08
477592,1985,33916,36.9,94.6,3.4,-1.6,1.08
477605,2036,33916,36.9,94.6,3.4,-1.6,1.08
477605,2024,33916,36.9,94.6,3.4,-1.6,1.08
477605,2034,33916,36.9,94.6,3.4,-1.6,1.08
477624,1999,33918,36.9,94.6,3.4,-1.6,1.08
477625,2010,33918,36.9,94.6,3.4,-1.6,1.08
477625,2005,33918,36.9,94.6,3.4,-1.6,1.08
477637,2037,33919,36.9,94.6,3.3,-1.6,1.08
477638,2024,33919,36.9,94.6,3.3,-1.6,1.08
477638,2046,33919,36.9,94.6,3.3,-1.6,1.08
477658,2018,33920,36.9,94.6,3.3,-1.6,1.08
477661,2014,33921,36.9,94.6,3.3,-1.6,1.08
477661,2013,33921,36.9,94.6,3.3,-1.6,1.08
477662,2009,33921,36.9,94.6,3.3,-1.6,1.08
477674,2141,33922,36.9,94.6,3.3,-1.6,1.08
477675,2138,33922,36.9,94.6,3.3,-1.6,1.08
477675,2136,33922,36.9,94.6,3.3,-1.6,1.08
477693,2062,33922,36.9,94.6,3.2,-1.7,1.08
477693,2070,33922,36.9,94.6,3.2,-1.7,1.08
477693,2063,33922,36.9,94.6,3.2,-1.7,1.08
477706,2008,33923,36.9,94.6,3.2,-1.7,1.08
477706,2023,33923,36.9,94.6,3.2,-1.7,1.08
477707,2014,33923,36.9,94.6,3.2,-1.7,1.08
477725,2004,33923,36.9,94.6,3.2,-1.7,1.08
477726,2006,33923,36.9,94.6,3.2,-1.7,1.08
477726,2008,33923,36.9,94.6,3.2,-1.7,1.08
477739,2086,33922,36.9,94.6,3.3,-1.6,1.08
477739,2074,33922,36.9,94.6,3.3,-1.6,1.08
477739,2078,33922,36.9,94.6,3.3,-1.6,1.08
477758,2018,33922,36.9,94.6,3.3,-1.6,1.08
477759,2015,33922,36.9,94.6,3.3,-1.6,1.08
477759,2015,33922,36.9,94.6,3.3,-1.6,1.08
477773,661,33921,36.9,94.6,3.3,-1.6,1.08
477773,349,33921,36.9,94.6,3.3,-1.6,1.08
477774,225,33921,36.9,94.6,3.3,-1.6,1.08
477774,177,33921,36.9,94.6,3.3,-1.6,1.08
477792,3262,33920,36.9,94.6,3.3,-1.6,1.08
477793,3261,33920,36.9,94.6,3.3,-1.6,1.08
477793,3380,33920,36.9,94.6,3.3,-1.6,1.08
477806,1615,33920,36.9,94.6,3.3,-1.6,1.08
477806,1549,33920,36.9,94.6,3.3,-1.6,1.08
477807,1381,33920,36.9,94.6,3.3,-1.6,1.08
477824,2046,33919,36.9,94.6,3.3,-1.6,1.08
477825,2148,33919,36.9,94.6,3.3,-1.6,1.08
477825,2296,33919,36.9,94.6,3.3,-1.6,1.08
477838,2109,33919,36.9,94.6,3.3,-1.7,1.07
477838,1946,33919,36.9,94.6,3.3,-1.7,1.07
477838,1847,33919,36.9,94.6,3.3,-1.7,1.07
477857,2006,33919,36.9,94.6,3.3,-1.7,1.07
477860,2109,33919,36.9,94.6,3.3,-1.7,1.07
477860,2108,33919,36.9,94.6,3.3,-1.7,1.07
477860,1960,33919,36.9,94.6,3.3,-1.7,1.07
477873,1940,33919,36.9,94.6,3.3,-1.7,1.07
477873,2038,33919,36.9,94.6,3.3,-1.7,1.07
477874,2145,33919,36.9,94.6,3.3,-1.7,1.07
477890,2119,33919,36.9,94.6,3.3,-1.7,1.07
477891,2058,33919,36.9,94.6,3.3,-1.7,1.07
477891,1994,33919,36.9,94.6,3.3,-1.7,1.07
477904,1961,33920,36.9,94.6,3.3,-1.7,1.07
477905,2104,33920,36.9,94.6,3.3,-1.7,1.07
477905,2082,33920,36.9,94.6,3.3,-1.7,1.07
477923,1987,33920,36.9,94.6,3.3,-1.7,1.07
477924,1915,33920,36.9,94.6,3.3,-1.7,1.07
477924,2015,33920,36.9,94.6,3.3,-1.7,1.07
477937,2148,33920,36.9,94.6,3.3,-1.7,1.07
477937,2107,33920,36.9,94.6,3.3,-1.7,1.07
477937,2007,33920,36.9,94.6,3.3,-1.7,1.07
477956,1933,33921,36.9,94.6,3.3,-1.7,1.08
477957,2011,33921,36.9,94.6,3.3,-1.7,1.08
477957,2119,33921,36.9,94.6,3.3,-1.7,1.08
477970,2099,33921,36.9,94.6,3.3,-1.7,1.08
477971,2017,33921,36.9,94.6,3.3,-1.7,1.08
477971,2013,33921,36.9,94.6,3.3,-1.7,1.08
477988,2010,33921,36.9,94.6,3.3,-1.7,1.08
477989,2099,33921,36.9,94.6,3.3,-1.7,1.08
477989,2079,33921,36.9,94.6,3.3,-1.7,1.08
478003,2024,33922,36.9,94.6,3.4,-1.7,1.08
478003,1964,33922,36.9,94.6,3.4,-1.7,1.08
478003,2036,33922,36.9,94.6,3.4,-1.7,1.08
478023,2095,33922,36.9,94.6,3.4,-1.7,1.08
478025,2108,33922,36.9,94.6,3.4,-1.7,1.08
478025,2001,33922,36.9,94.6,3.4,-1.7,1.08
478025,1969,33922,36.9,94.6,3.4,-1.7,1.08
478038,1985,33922,36.9,94.6,3.4,-1.7,1.08
478039,2075,33922,36.9,94.6,3.4,-1.7,1.08
478039,2054,33922,36.9,94.6,3.4,-1.7,1.08
478057,2085,33923,36.9,94.6,3.3,-1.7,1.08
478057,2048,33923,36.9,94.6,3.3,-1.7,1.08
478057,2107,33923,36.9,94.6,3.3,-1.7,1.08
478071,2091,33923,36.9,94.6,3.3,-1.7,1.08
478071,2070,33923,36.9,94.6,3.3,-1.7,1.08
478071,1986,33923,36.9,94.6,3.3,-1.7,1.08
478088,1974,33923,36.9,94.6,3.3,-1.7,1.08
478089,2033,33923,36.9,94.6,3.3,-1.7,1.08
478089,2103,33923,36.9,94.6,3.3,-1.7,1.08
478102,2076,33924,36.9,94.6,3.3,-1.7,1.07
478103,2002,33924,36.9,94.6,3.3,-1.7,1.07
478103,1962,33924,36.9,94.6,3.3,-1.7,1.07
478123,2019,33924,36.9,94.6,3.3,-1.7,1.07
478125,2068,33924,36.9,94.6,3.3,-1.7,1.07
478126,2050,33924,36.9,94.6,3.3,-1.7,1.07
478126,1988,33924,36.9,94.6,3.3,-1.7,1.07
478138,1930,33924,36.9,94.6,3.3,-1.7,1.07
478139,1976,33924,36.9,94.6,3.3,-1.7,1.07
478139,2029,33924,36.9,94.6,3.3,-1.7,1.07
478157,2150,33925,36.9,94.6,3.2,-1.6,1.08
478157,2075,33925,36.9,94.6,3.2,-1.6,1.08
478157,2056,33925,36.9,94.6,3.2,-1.6,1.08
478171,2071,33926,36.9,94.6,3.2,-1.6,1.08
478171,2102,33926,36.9,94.6,3.2,-1.6,1.08
478172,2089,33926,36.9,94.6,3.2,-1.6,1.08
478189,1985,33926,36.9,94.6,3.2,-1.6,1.08
478190,1971,33926,36.9,94.6,3.2,-1.6,1.08
478190,2011,33926,36.9,94.6,3.2,-1.6,1.08
478202,2084,33927,36.9,94.6,3.2,-1.6,1.07
478203,2055,33927,36.9,94.6,3.2,-1.6,1.07
478203,2004,33927,36.9,94.6,3.2,-1.6,1.07
478222,1983,33928,36.9,94.6,3.2,-1.6,1.07
478224,2027,33928,36.9,94.6,3.2,-1.6,1.07
478224,2066,33928,36.9,94.6,3.2,-1.6,1.07
478225,2052,33928,36.9,94.6,3.2,-1.6,1.07
478237,1967,33928,36.9,94.6,3.2,-1.6,1.07
478238,1948,33928,36.9,94.6,3.2,-1.6,1.07
478238,1982,33928,36.9,94.6,3.2,-1.6,1.07
478256,2172,33928,36.9,94.6,3.3,-1.6,1.07
478257,2158,33928,36.9,94.6,3.3,-1.6,1.07
478257,2129,33928,36.9,94.6,3.3,-1.6,1.07
478271,1970,33928,36.9,94.6,3.3,-1.6,1.07
478271,2178,33928,36.9,94.6,3.3,-1.6,1.07
478272,2198,33928,36.9,94.6,3.3,-1.6,1.07
478290,1865,33927,36.9,94.6,3.3,-1.6,1.07
478290,1878,33927,36.9,94.6,3.3,-1.6,1.07
478291,1867,33927,36.9,94.6,3.3,-1.6,1.07
478303,2055,33926,36.9,94.6,3.2,-1.7,1.08
478304,2063,33926,36.9,94.6,3.2,-1.7,1.08
478304,2071,33926,36.9,94.6,3.2,-1.7,1.08
478323,2031,33925,36.9,94.6,3.2,-1.7,1.08
478323,2018,33925,36.9,94.6,3.2,-1.7,1.08
478323,2018,33925,36.9,94.6,3.2,-1.7,1.08
478336,1998,33924,36.9,94.6,3.2,-1.7,1.08
478336,1996,33924,36.9,94.6,3.2,-1.7,1.08
478336,1983,33924,36.9,94.6,3.2,-1.7,1.08
478355,2031,33923,36.9,94.6,3.2,-1.7,1.08
478356,2032,33923,36.9,94.6,3.2,-1.7,1.08
478356,2045,33923,36.9,94.6,3.2,-1.7,1.08
478369,2043,33921,36.9,94.6,3.3,-1.6,1.08
478370,2010,33921,36.9,94.6,3.3,-1.6,1.08
478370,2042,33921,36.9,94.6,3.3,-1.6,1.08
478387,1823,33920,36.9,94.6,3.3,-1.6,1.08
478388,1846,33920,36.9,94.6,3.3,-1.6,1.08
478388,1846,33920,36.9,94.6,3.3,-1.6,1.08
478402,2109,33919,36.9,94.6,3.3,-1.6,1.08
478403,2073,33919,36.9,94.6,3.3,-1.6,1.08
478404,2090,33919,36.9,94.6,3.3,-1.6,1.08
478404,2100,33919,36.9,94.6,3.3,-1.6,1.08
478422,1999,33918,36.9,94.6,3.3,-1.6,1.08
478423,1975,33918,36.9,94.6,3.3,-1.6,1.08
478423,1964,33918,36.9,94.6,3.3,-1.6,1.08
478436,2008,33917,36.9,94.6,3.3,-1.6,1.08
478436,2032,33917,36.9,94.6,3.3,-1.6,1.08
478436,2019,33917,36.9,94.6,3.3,-1.6,1.08
478456,2079,33917,36.9,94.6,3.3,-1.6,1.08
478457,2055,33917,36.9,94.6,3.3,-1.6,1.08
478459,2051,33916,36.9,94.6,3.3,-1.6,1.08
478459,2075,33916,36.9,94.6,3.3,-1.6,1.08
478472,2083,33916,36.9,94.6,3.3,-1.7,1.07
478472,2065,33916,36.9,94.6,3.3,-1.7,1.07
478472,2039,33916,36.9,94.6,3.3,-1.7,1.07
478489,2006,33915,36.9,94.6,3.3,-1.7,1.07
478489,2030,33915,36.9,94.6,3.3,-1.7,1.07
478489,2039,33915,36.9,94.6,3.3,-1.7,1.07
478502,2049,33915,36.9,94.6,3.3,-1.7,1.07
478502,2027,33915,36.9,94.6,3.3,-1.7,1.07
478502,2038,33915,36.9,94.6,3.3,-1.7,1.07
478523,2055,33915,36.9,94.6,3.3,-1.7,1.08
478524,2040,33915,36.9,94.6,3.3,-1.7,1.08
478525,2019,33915,36.9,94.6,3.3,-1.7,1.08
478525,2022,33915,36.9,94.6,3.3,-1.7,1.08
478539,2046,33914,36.9,94.6,3.3,-1.7,1.08
478539,2063,33914,36.9,94.6,3.3,-1.7,1.08
478539,2058,33914,36.9,94.6,3.3,-1.7,1.08
478555,2009,33914,36.9,94.6,3.3,-1.7,1.08
478556,1997,33914,36.9,94.6,3.3,-1.7,1.08
478556,2017,33914,36.9,94.6,3.3,-1.7,1.08
478570,2052,33913,36.9,94.6,3.4,-1.6,1.06
478570,2033,33913,36.9,94.6,3.4,-1.6,1.06
478570,2021,33913,36.9,94.6,3.4,-1.6,1.06
478571,2046,33913,36.9,94.6,3.4,-1.6,1.06
478588,2011,33913,36.9,94.6,3.4,-1.6,1.06
478589,2026,33913,36.9,94.6,3.4,-1.6,1.06
478589,2033,33913,36.9,94.6,3.4,-1.6,1.06
478602,2007,33912,36.9,94.6,3.4,-1.6,1.06
478602,1997,33912,36.9,94.6,3.4,-1.6,1.06
478602,2004,33912,36.9,94.6,3.4,-1.6,1.06
478621,1988,33912,36.9,94.6,3.4,-1.6,1.06
478622,2006,33912,36.9,94.6,3.4,-1.6,1.06
478622,1990,33912,36.9,94.6,3.4,-1.6,1.06
478635,2074,33911,36.9,94.6,3.4,-1.6,1.08
478635,2050,33911,36.9,94.6,3.4,-1.6,1.08
478635,2092,33911,36.9,94.6,3.4,-1.6,1.08
478655,2055,33911,36.9,94.6,3.4,-1.6,1.08
478658,2015,33911,36.9,94.6,3.4,-1.6,1.08
478658,1998,33911,36.9,94.6,3.4,-1.6,1.08
478659,2010,33911,36.9,94.6,3.4,-1.6,1.08
478672,2068,33910,36.9,94.6,3.4,-1.7,1.07
478673,2066,33910,36.9,94.6,3.4,-1.7,1.07
478673,2056,33910,36.9,94.6,3.4,-1.7,1.07
478690,2013,33910,36.9,94.6,3.4,-1.7,1.07
478690,1989,33910,36.9,94.6,3.4,-1.7,1.07
478690,2025,33910,36.9,94.6,3.4,-1.7,1.07
478703,2037,33910,36.9,94.6,3.4,-1.7,1.07
478703,2024,33910,36.9,94.6,3.4,-1.7,1.07
478704,2017,33910,36.9,94.6,3.4,-1.7,1.07
478720,2026,33910,36.9,94.6,3.4,-1.7,1.07
478721,2022,33910,36.9,94.6,3.4,-1.7,1.07
478721,2021,33910,36.9,94.6,3.4,-1.7,1.07
478721,1983,33910,36.9,94.6,3.4,-1.7,1.07
478734,2101,33910,36.9,94.6,3.3,-1.5,1.08
478734,2106,33910,36.9,94.6,3.3,-1.5,1.08
478735,2126,33910,36.9,94.6,3.3,-1.5,1.08
478753,2096,33910,36.9,94.6,3.3,-1.5,1.08
478754,2087,33910,36.9,94.6,3.3,-1.5,1.08
478754,2083,33910,36.9,94.6,3.3,-1.5,1.08
478768,2006,33910,36.9,94.6,3.3,-1.5,1.08
478768,1986,33910,36.9,94.6,3.3,-1.5,1.08
478768,2019,33910,36.9,94.6,3.3,-1.5,1.08
478769,1997,33910,36.9,94.6,3.3,-1.5,1.08
478786,2015,33910,36.9,94.6,3.3,-1.5,1.08
478787,2017,33910,36.9,94.6,3.3,-1.5,1.08
478787,2033,33910,36.9,94.6,3.3,-1.5,1.08
478801,2129,33910,36.9,94.6,3.3,-1.5,1.08
478801,2107,33910,36.9,94.6,3.3,-1.5,1.08
478802,2092,33910,36.9,94.6,3.3,-1.5,1.08
478820,2071,33910,36.9,94.6,3.3,-1.5,1.08
478821,2075,33910,36.9,94.6,3.3,-1.5,1.08
478821,2072,33910,36.9,94.6,3.3,-1.5,1.08
478834,2053,33910,36.9,94.6,3.4,-1.6,1.07
478834,2049,33910,36.9,94.6,3.4,-1.6,1.07
478834,2059,33910,36.9,94.6,3.4,-1.6,1.07
478853,2025,33909,36.9,94.6,3.4,-1.6,1.07
478854,2019,33909,36.9,94.6,3.4,-1.6,1.07
478854,2006,33909,36.9,94.6,3.4,-1.6,1.07
478867,2032,33908,36.9,94.6,3.4,-1.6,1.07
478868,2030,33908,36.9,94.6,3.4,-1.6,1.07
478868,2042,33908,36.9,94.6,3.4,-1.6,1.07
478886,2021,33907,36.9,94.6,3.3,-1.7,1.07
478886,1999,33907,36.9,94.6,3.3,-1.7,1.07
478887,1992,33907,36.9,94.6,3.3,-1.7,1.07
478900,2114,33904,36.9,94.6,3.3,-1.7,1.07
478901,2109,33904,36.9,94.6,3.3,-1.7,1.07
478901,2111,33904,36.9,94.6,3.3,-1.7,1.07
478922,2055,33902,36.9,94.6,3.3,-1.7,1.07
478923,2041,33902,36.9,94.6,3.3,-1.7,1.07
478924,2038,33902,36.9,94.6,3.3,-1.7,1.07
478924,2045,33902,36.9,94.6,3.3,-1.7,1.07
478937,2032,33899,36.9,94.6,3.4,-1.6,1.08
478938,2028,33899,36.9,94.6,3.4,-1.6,1.08
478938,2023,33899,36.9,94.6,3.4,-1.6,1.08
478954,2108,33898,36.9,94.6,3.4,-1.6,1.08
478954,2116,33898,36.9,94.6,3.4,-1.6,1.08
478954,2119,33898,36.9,94.6,3.4,-1.6,1.08
478968,2006,33896,36.9,94.6,3.4,-1.6,1.08
478968,2001,33896,36.9,94.6,3.4,-1.6,1.08
478968,1994,33896,36.9,94.6,3.4,-1.6,1.08
478987,2022,33894,36.9,94.6,3.4,-1.6,1.07
478988,2039,33894,36.9,94.6,3.4,-1.6,1.07
478988,2032,33894,36.9,94.6,3.4,-1.6,1.07
479001,2012,33893,36.9,94.6,3.4,-1.6,1.07
479002,2008,33893,36.9,94.6,3.4,-1.6,1.07
479002,1994,33893,36.9,94.6,3.4,-1.6,1.07
479025,2017,33891,36.9,94.6,3.4,-1.6,1.07
479028,2007,33890,36.9,94.6,3.4,-1.6,1.07
479028,2016,33890,36.9,94.6,3.4,-1.6,1.07
479029,2016,33890,36.9,94.6,3.4,-1.6,1.07
479041,2092,33889,36.9,94.6,3.3,-1.6,1.07
479042,2084,33889,36.9,94.6,3.3,-1.6,1.07
479042,2083,33889,36.9,94.6,3.3,-1.6,1.07
479058,2113,33888,36.9,94.6,3.3,-1.6,1.07
479059,2109,33888,36.9,94.6,3.3,-1.6,1.07
479059,2100,33888,36.9,94.6,3.3,-1.6,1.07
479072,2034,33887,36.9,94.6,3.3,-1.6,1.07
479072,2037,33887,36.9,94.6,3.3,-1.6,1.07
479072,2045,33887,36.9,94.6,3.3,-1.6,1.07
479091,2028,33886,36.9,94.6,3.3,-1.7,1.08
479092,2112,33886,36.9,94.6,3.3,-1.7,1.08
479092,2126,33886,36.9,94.6,3.3,-1.7,1.08
479105,2026,33885,36.9,94.6,3.3,-1.7,1.08
479105,2019,33885,36.9,94.6,3.3,-1.7,1.08
479106,1999,33885,36.9,94.6,3.3,-1.7,1.08
479129,1862,33883,36.9,94.6,3.3,-1.7,1.08
479131,1840,33883,36.9,94.6,3.3,-1.7,1.08
479132,1858,33883,36.9,94.6,3.3,-1.7,1.08
479132,1844,33883,36.9,94.6,3.3,-1.7,1.08
479144,1737,33882,36.9,94.6,3.4,-1.7,1.08
479145,1831,33882,36.9,94.6,3.4,-1.7,1.08
479145,1866,33882,36.9,94.6,3.4,-1.7,1.08
479161,2004,33881,36.9,94.6,3.4,-1.7,1.08
479162,1964,33881,36.9,94.6,3.4,-1.7,1.08
479162,1961,33881,36.9,94.6,3.4,-1.7,1.08
479174,2038,33880,36.9,94.6,3.4,-1.7,1.08
479175,2051,33880,36.9,94.6,3.4,-1.7,1.08
479175,2071,33880,36.9,94.6,3.4,-1.7,1.08
479193,2050,33879,36.9,94.6,3.3,-1.6,1.07
479194,2043,33879,36.9,94.6,3.3,-1.6,1.07
479194,2041,33879,36.9,94.6,3.3,-1.6,1.07
479207,2022,33878,36.9,94.6,3.3,-1.6,1.07
479208,2027,33878,36.9,94.6,3.3,-1.6,1.07
479208,2028,33878,36.9,94.6,3.3,-1.6,1.07
479227,1980,33876,36.9,94.6,3.3,-1.6,1.07
479227,1969,33876,36.9,94.6,3.3,-1.6,1.07
479227,1964,33876,36.9,94.6,3.3,-1.6,1.07
479240,2844,33876,36.9,94.6,3.3,-1.7,1.08
479241,2715,33876,36.9,94.6,3.3,-1.7,1.08
479241,2705,33876,36.9,94.6,3.3,-1.7,1.08
479259,1988,33875,36.9,94.6,3.3,-1.7,1.08
479260,2012,33875,36.9,94.6,3.3,-1.7,1.08
479260,1958,33875,36.9,94.6,3.3,-1.7,1.08
479272,2162,33874,36.9,94.6,3.3,-1.7,1.08
479273,2222,33874,36.9,94.6,3.3,-1.7,1.08
479273,2231,33874,36.9,94.6,3.3,-1.7,1.08
479292,2124,33873,36.9,94.6,3.3,-1.7,1.08
479295,2159,33873,36.9,94.6,3.3,-1.7,1.08
479295,2139,33873,36.9,94.6,3.3,-1.7,1.08
479295,2165,33873,36.9,94.6,3.3,-1.7,1.08
479308,2032,33872,36.9,94.6,3.3,-1.7,1.08
479308,2032,33872,36.9,94.6,3.3,-1.7,1.08
479308,1979,33872,36.9,94.6,3.3,-1.7,1.08
479326,1977,33872,36.9,94.6,3.3,-1.7,1.08
479327,1996,33872,36.9,94.6,3.3,-1.7,1.08
479328,2048,33872,36.9,94.6,3.3,-1.7,1.08
479330,2032,33872,36.9,94.6,3.3,-1.7,1.08
479343,2035,33872,36.9,94.6,3.3,-1.7,1.08
479343,1988,33872,36.9,94.6,3.3,-1.7,1.08
479343,2022,33872,36.9,94.6,3.3,-1.7,1.08
479363,2110,33871,36.9,94.6,3.3,-1.6,1.08
479364,2096,33871,36.9,94.6,3.3,-1.6,1.08
479366,2003,33871,36.9,94.6,3.3,-1.6,1.08
479366,1947,33871,36.9,94.6,3.3,-1.6,1.08
479379,2390,33871,36.9,94.6,3.3,-1.6,1.08
479379,2420,33871,36.9,94.6,3.3,-1.6,1.08
479379,2431,33871,36.9,94.6,3.3,-1.6,1.08
479396,2249,33870,36.9,94.6,3.3,-1.6,1.08
479396,2230,33870,36.9,94.6,3.3,-1.6,1.08
479397,2229,33870,36.9,94.6,3.3,-1.6,1.08
479409,1979,33870,36.9,94.6,3.4,-1.6,1.08
479410,2000,33870,36.9,94.6,3.4,-1.6,1.08
479410,1970,33870,36.9,94.6,3.4,-1.6,1.08
479429,1990,33870,36.9,94.6,3.4,-1.6,1.08
479431,1989,33870,36.9,94.6,3.4,-1.6,1.08
479431,1969,33870,36.9,94.6,3.4,-1.6,1.08
479431,2141,33870,36.9,94.6,3.4,-1.6,1.08
479444,2090,33869,36.9,94.6,3.4,-1.6,1.08
479445,2021,33869,36.9,94.6,3.4,-1.6,1.08
479445,2024,33869,36.9,94.6,3.4,-1.6,1.08
479463,2052,33868,36.9,94.6,3.4,-1.6,1.08
479464,2071,33868,36.9,94.6,3.4,-1.6,1.08
479464,2047,33868,36.9,94.6,3.4,-1.6,1.08
479477,2099,33866,36.9,94.6,3.4,-1.6,1.08
479478,2085,33866,36.9,94.6,3.4,-1.6,1.08
479478,2125,33866,36.9,94.6,3.4,-1.6,1.08
479495,2083,33864,36.9,94.6,3.4,-1.6,1.08
479496,2057,33864,36.9,94.6,3.4,-1.6,1.08
479496,2023,33864,36.9,94.6,3.4,-1.6,1.08
479508,2008,33863,36.9,94.6,3.3,-1.6,1.08
479509,2035,33863,36.9,94.6,3.3,-1.6,1.08
479509,2052,33863,36.9,94.6,3.3,-1.6,1.08
479528,1982,33860,36.9,94.6,3.3,-1.6,1.08
479530,1945,33860,36.9,94.6,3.3,-1.6,1.08
479530,1940,33860,36.9,94.6,3.3,-1.6,1.08
479530,1972,33860,36.9,94.6,3.3,-1.6,1.08
479543,2061,33858,36.9,94.6,3.3,-1.6,1.08
479543,2032,33858,36.9,94.6,3.3,-1.6,1.08
479544,2008,33858,36.9,94.6,3.3,-1.6,1.08
479563,2004,33856,36.9,94.6,3.3,-1.6,1.07
479563,2024,33856,36.9,94.6,3.3,-1.6,1.07
479563,2028,33856,36.9,94.6,3.3,-1.6,1.07
479577,2779,33853,36.9,94.6,3.3,-1.6,1.07
479578,2724,33853,36.9,94.6,3.3,-1.6,1.07
479578,2732,33853,36.9,94.6,3.3,-1.6,1.07
479595,2344,33851,36.9,94.6,3.3,-1.6,1.07
479596,2386,33851,36.9,94.6,3.3,-1.6,1.07
479596,2347,33851,36.9,94.6,3.3,-1.6,1.07
479608,1930,33850,36.9,94.6,3.3,-1.6,1.07
479609,1948,33850,36.9,94.6,3.3,-1.6,1.07
479609,1988,33850,36.9,94.6,3.3,-1.6,1.07
479628,2064,33848,36.9,94.6,3.3,-1.6,1.07
479630,2004,33848,36.9,94.6,3.3,-1.6,1.07
479630,1986,33848,36.9,94.6,3.3,-1.6,1.07
479630,2024,33848,36.9,94.6,3.3,-1.6,1.07
479643,2096,33847,36.9,94.6,3.3,-1.6,1.07
479644,2069,33847,36.9,94.6,3.3,-1.6,1.07
479644,2019,33847,36.9,94.6,3.3,-1.6,1.07
479663,2040,33845,36.9,94.6,3.3,-1.5,1.08
479663,2061,33845,36.9,94.6,3.3,-1.5,1.08
479663,2095,33845,36.9,94.6,3.3,-1.5,1.08
479677,266,33844,36.9,94.6,3.3,-1.5,1.08
479677,247,33844,36.9,94.6,3.3,-1.5,1.08
479678,179,33844,36.9,94.6,3.3,-1.5,1.08
479696,2935,33842,36.9,94.6,3.3,-1.5,1.08
479696,2874,33842,36.9,94.6,3.3,-1.5,1.08
479696,2993,33842,36.9,94.6,3.3,-1.5,1.08
479709,1692,33842,36.9,94.6,3.3,-1.5,1.08
479710,1633,33842,36.9,94.6,3.3,-1.5,1.08
479710,1483,33842,36.9,94.6,3.3,-1.5,1.08
479728,1932,33840,36.9,94.6,3.3,-1.5,1.08
479729,2074,33840,36.9,94.6,3.3,-1.5,1.08
479729,2207,33840,36.9,94.6,3.3,-1.5,1.08
479741,1990,33840,36.9,94.6,3.3,-1.5,1.08
479742,1885,33840,36.9,94.6,3.3,-1.5,1.08
479742,1850,33840,36.9,94.6,3.3,-1.5,1.08
479762,2065,33838,36.9,94.6,3.3,-1.5,1.08
479764,2139,33838,36.9,94.6,3.3,-1.5,1.08
479765,2096,33838,36.9,94.6,3.3,-1.5,1.08
479765,1947,33838,36.9,94.6,3.3,-1.5,1.08
479777,1909,33837,36.9,94.6,3.3,-1.5,1.08
479778,2028,33837,36.9,94.6,3.3,-1.5,1.08
479778,2145,33837,36.9,94.6,3.3,-1.5,1.08
479795,2389,33836,36.9,94.6,3.3,-1.5,1.08
479795,2281,33836,36.9,94.6,3.3,-1.5,1.08
479795,2262,33836,36.9,94.6,3.3,-1.5,1.08
479808,1925,33835,36.9,94.6,3.3,-1.5,1.08
479809,2031,33835,36.9,94.6,3.3,-1.5,1.08
479809,1947,33835,36.9,94.6,3.3,-1.5,1.08
479828,1978,33834,36.9,94.6,3.2,-1.6,1.07
479830,1957,33834,36.9,94.6,3.2,-1.6,1.07
479830,2080,33834,36.9,94.6,3.2,-1.6,1.07
479831,2162,33834,36.9,94.6,3.2,-1.6,1.07
479844,2077,33833,36.9,94.6,3.2,-1.6,1.07
479844,1950,33833,36.9,94.6,3.2,-1.6,1.07
479845,1936,33833,36.9,94.6,3.2,-1.6,1.07
479861,2418,33832,36.9,94.6,3.2,-1.6,1.07
479861,2453,33832,36.9,94.6,3.2,-1.6,1.07
479862,2401,33832,36.9,94.6,3.2,-1.6,1.07
479875,1868,33831,36.9,94.6,3.2,-1.6,1.08
479875,1882,33831,36.9,94.6,3.2,-1.6,1.08
479876,1948,33831,36.9,94.6,3.2,-1.6,1.08
479894,2199,33831,36.9,94.6,3.2,-1.6,1.08
479895,2165,33831,36.9,94.6,3.2,-1.6,1.08
479895,2100,33831,36.9,94.6,3.2,-1.6,1.08
479907,1967,33830,36.9,94.6,3.2,-1.6,1.08
479908,2010,33830,36.9,94.6,3.2,-1.6,1.08
479908,2052,33830,36.9,94.6,3.2,-1.6,1.08
479927,2045,33830,36.9,94.6,3.2,-1.6,1.08
479929,1983,33830,36.9,94.6,3.2,-1.6,1.08
479929,1966,33830,36.9,94.6,3.2,-1.6,1.08
479929,2032,33830,36.9,94.6,3.2,-1.6,1.08
479942,2105,33829,36.9,94.6,3.3,-1.5,1.08
479943,2068,33829,36.9,94.6,3.3,-1.5,1.08
479943,2023,33829,36.9,94.6,3.3,-1.5,1.08
479961,1722,33829,36.9,94.6,3.3,-1.5,1.08
479961,1786,33829,36.9,94.6,3.3,-1.5,1.08
479961,1821,33829,36.9,94.6,3.3,-1.5,1.08
479975,2172,33829,36.9,94.6,3.3,-1.5,1.08
479975,2120,33829,36.9,94.6,3.3,-1.5,1.08
479976,2124,33829,36.9,94.6,3.3,-1.5,1.08
479992,2122,33829,36.9,94.6,3.3,-1.6,1.08
479993,2110,33829,36.9,94.6,3.3,-1.6,1.08
479993,2055,33829,36.9,94.6,3.3,-1.6,1.08
480006,1975,33828,36.9,94.6,3.3,-1.6,1.08
480007,1997,33828,36.9,94.6,3.3,-1.6,1.08
480007,2050,33828,36.9,94.6,3.3,-1.6,1.08
480026,2066,33828,36.9,94.6,3.3,-1.6,1.08
480028,2003,33828,36.9,94.6,3.3,-1.6,1.08
480028,1967,33828,36.9,94.6,3.3,-1.6,1.08
480028,1970,33828,36.9,94.6,3.3,-1.6,1.08
480041,2036,33828,36.9,94.6,3.3,-1.6,1.07
480041,2052,33828,36.9,94.6,3.3,-1.6,1.07
480041,2016,33828,36.9,94.6,3.3,-1.6,1.07
480060,305,33827,36.9,94.6,3.3,-1.6,1.07
480060,353,33827,36.9,94.6,3.3,-1.6,1.07
480060,374,33827,36.9,94.6,3.3,-1.6,1.07
480074,3420,33826,36.9,94.6,3.3,-1.6,1.07
480075,3425,33826,36.9,94.6,3.3,-1.6,1.07
480075,3545,33826,36.9,94.6,3.3,-1.6,1.07
480093,1728,33824,36.9,94.6,3.3,-1.6,1.07
480094,1734,33824,36.9,94.6,3.3,-1.6,1.07
480094,1575,33824,36.9,94.6,3.3,-1.6,1.07
480107,2086,33822,36.9,94.6,3.3,-1.6,1.07
480107,2189,33822,36.9,94.6,3.3,-1.6,1.07
480107,2378,33822,36.9,94.6,3.3,-1.6,1.07
480126,2156,33820,36.9,94.6,3.3,-1.6,1.07
480128,1961,33820,36.9,94.6,3.3,-1.6,1.07
480128,1844,33820,36.9,94.6,3.3,-1.6,1.07
480128,1938,33820,36.9,94.6,3.3,-1.6,1.07
480141,2134,33818,36.9,94.6,3.3,-1.6,1.08
480141,2161,33818,36.9,94.6,3.3,-1.6,1.08
480141,1984,33818,36.9,94.6,3.3,-1.6,1.08
480160,1971,33816,36.9,94.6,3.3,-1.6,1.08
480160,2064,33816,36.9,94.6,3.3,-1.6,1.08
480161,2235,33816,36.9,94.6,3.3,-1.6,1.08
480174,1624,33813,36.9,94.6,3.3,-1.6,1.08
480175,1284,33813,36.9,94.6,3.3,-1.6,1.08
480175,1086,33813,36.9,94.6,3.3,-1.6,1.08
480194,2997,33811,36.9,94.6,3.3,-1.6,1.08
480194,3145,33811,36.9,94.6,3.3,-1.6,1.08
480194,3232,33811,36.9,94.6,3.3,-1.6,1.08
480207,1696,33810,36.9,94.6,3.3,-1.6,1.08
480208,1560,33810,36.9,94.6,3.3,-1.6,1.08
480208,1504,33810,36.9,94.6,3.3,-1.6,1.08
480226,2133,33808,36.9,94.6,3.3,-1.6,1.08
480227,2209,33808,36.9,94.6,3.3,-1.6,1.08
480227,2187,33808,36.9,94.6,3.3,-1.6,1.08
480239,1963,33807,36.9,94.6,3.3,-1.6,1.08
480240,1913,33807,36.9,94.6,3.3,-1.6,1.08
480240,1953,33807,36.9,94.6,3.3,-1.6,1.08
480259,2109,33805,36.9,94.6,3.3,-1.6,1.08
480262,2066,33804,36.9,94.6,3.3,-1.6,1.08
480263,2016,33804,36.9,94.6,3.3,-1.6,1.08
480263,1966,33804,36.9,94.6,3.3,-1.6,1.08
480275,2062,33804,36.9,94.6,3.3,-1.6,1.08
480276,2133,33804,36.9,94.6,3.3,-1.6,1.08
480276,2139,33804,36.9,94.6,3.3,-1.6,1.08
480293,2145,33802,36.9,94.6,3.3,-1.6,1.08
480294,2134,33802,36.9,94.6,3.3,-1.6,1.08
480294,2194,33802,36.9,94.6,3.3,-1.6,1.08
480306,2067,33802,36.9,94.6,3.4,-1.6,1.07
480307,2055,33802,36.9,94.6,3.4,-1.6,1.07
480307,1981,33802,36.9,94.6,3.4,-1.6,1.07
480326,1987,33800,36.9,94.6,3.4,-1.6,1.07
480326,2019,33800,36.9,94.6,3.4,-1.6,1.07
480327,2083,33800,36.9,94.6,3.4,-1.6,1.07
480339,2110,33800,36.9,94.6,3.4,-1.6,1.07
480339,2055,33800,36.9,94.6,3.4,-1.6,1.07
480340,1996,33800,36.9,94.6,3.4,-1.6,1.07
480358,2024,33798,36.9,94.6,3.4,-1.6,1.08
480359,2068,33798,36.9,94.6,3.4,-1.6,1.08
480359,2080,33798,36.9,94.6,3.4,-1.6,1.08
480373,2019,33797,36.9,94.6,3.4,-1.6,1.08
480373,2111,33797,36.9,94.6,3.4,-1.6,1.08
480373,2198,33797,36.9,94.6,3.4,-1.6,1.08
480391,1922,33796,36.9,94.6,3.4,-1.6,1.08
480392,1942,33796,36.9,94.6,3.4,-1.6,1.08
480392,1879,33796,36.9,94.6,3.4,-1.6,1.08
480395,2188,33795,36.9,94.6,3.4,-1.6,1.08
480408,1955,33795,36.9,94.6,3.4,-1.7,1.08
480408,2022,33795,36.9,94.6,3.4,-1.7,1.08
480408,2028,33795,36.9,94.6,3.4,-1.7,1.08
480425,2026,33794,36.9,94.6,3.4,-1.7,1.08
480426,1983,33794,36.9,94.6,3.4,-1.7,1.08
480426,2012,33794,36.9,94.6,3.4,-1.7,1.08
480439,2269,33793,36.9,94.6,3.4,-1.7,1.08
480439,2283,33793,36.9,94.6,3.4,-1.7,1.08
480439,2219,33793,36.9,94.6,3.4,-1.7,1.08
480458,2009,33792,36.9,94.6,3.4,-1.7,1.08
480459,2036,33792,36.9,94.6,3.4,-1.7,1.08
480459,2105,33792,36.9,94.6,3.4,-1.7,1.08
480473,2036,33791,36.9,94.6,3.4,-1.6,1.08
480473,2043,33791,36.9,94.6,3.4,-1.6,1.08
480473,2032,33791,36.9,94.6,3.4,-1.6,1.08
480490,1973,33791,36.9,94.6,3.4,-1.6,1.08
480491,2025,33791,36.9,94.6,3.4,-1.6,1.08
480491,2028,33791,36.9,94.6,3.4,-1.6,1.08
480505,2025,33790,36.9,94.6,3.4,-1.6,1.08
480505,1989,33790,36.9,94.6,3.4,-1.6,1.08
480506,2007,33790,36.9,94.6,3.4,-1.6,1.08
480524,2087,33790,36.9,94.6,3.4,-1.6,1.07
480525,2088,33790,36.9,94.6,3.4,-1.6,1.07
480525,2032,33790,36.9,94.6,3.4,-1.6,1.07
480538,2023,33789,36.9,94.6,3.4,-1.6,1.07
480538,2037,33789,36.9,94.6,3.4,-1.6,1.07
480539,2086,33789,36.9,94.6,3.4,-1.6,1.07
480557,2090,33789,36.9,94.6,3.4,-1.6,1.07
480558,2041,33789,36.9,94.6,3.4,-1.6,1.07
480558,2009,33789,36.9,94.6,3.4,-1.6,1.07
480572,1995,33789,36.9,94.6,3.4,-1.7,1.07
480572,2039,33789,36.9,94.6,3.4,-1.7,1.07
480572,2027,33789,36.9,94.6,3.4,-1.7,1.07
480589,2011,33789,36.9,94.6,3.4,-1.7,1.07
480590,1997,33789,36.9,94.6,3.4,-1.7,1.07
480590,2010,33789,36.9,94.6,3.4,-1.7,1.07
480603,2078,33789,36.9,94.6,3.4,-1.7,1.07
480604,2086,33789,36.9,94.6,3.4,-1.7,1.07
480604,2042,33789,36.9,94.6,3.4,-1.7,1.07
480625,1995,33789,36.9,94.6,3.4,-1.6,1.08
480627,2009,33789,36.9,94.6,3.4,-1.6,1.08
480627,2039,33789,36.9,94.6,3.4,-1.6,1.08
480627,2050,33789,36.9,94.6,3.4,-1.6,1.08
480640,2118,33789,36.9,94.6,3.4,-1.6,1.08
480641,2083,33789,36.9,94.6,3.4,-1.6,1.08
480641,2106,33789,36.9,94.6,3.4,-1.6,1.08
480658,2078,33789,36.9,94.6,3.4,-1.6,1.08
480658,2084,33789,36.9,94.6,3.4,-1.6,1.08
480658,2076,33789,36.9,94.6,3.4,-1.6,1.08
480672,1983,33789,36.9,94.6,3.3,-1.6,1.08
480672,2000,33789,36.9,94.6,3.3,-1.6,1.08
480673,2030,33789,36.9,94.6,3.3,-1.6,1.08
480689,2061,33789,36.9,94.6,3.3,-1.6,1.08
480690,2023,33789,36.9,94.6,3.3,-1.6,1.08
480690,2005,33789,36.9,94.6,3.3,-1.6,1.08
480703,2010,33787,36.9,94.6,3.3,-1.6,1.08
480704,2035,33787,36.9,94.6,3.3,-1.6,1.08
480704,2035,33787,36.9,94.6,3.3,-1.6,1.08
480725,2026,33786,36.9,94.6,3.3,-1.6,1.08
480726,1993,33786,36.9,94.6,3.3,-1.6,1.08
480727,1988,33786,36.9,94.6,3.3,-1.6,1.08
480727,2043,33786,36.9,94.6,3.3,-1.6,1.08
480741,2032,33783,36.9,94.6,3.3,-1.6,1.08
480742,2004,33783,36.9,94.6,3.3,-1.6,1.08
480742,1995,33783,36.9,94.6,3.3,-1.6,1.08
480758,2212,33782,36.9,94.6,3.3,-1.6,1.08
480758,2221,33782,36.9,94.6,3.3,-1.6,1.08
480759,2229,33782,36.9,94.6,3.3,-1.6,1.08
480772,1968,33780,36.9,94.6,3.4,-1.6,1.08
480773,1959,33780,36.9,94.6,3.4,-1.6,1.08
480773,1954,33780,36.9,94.6,3.4,-1.6,1.08
480791,1970,33777,36.9,94.6,3.4,-1.6,1.08
480792,1968,33777,36.9,94.6,3.4,-1.6,1.08
480792,1967,33777,36.9,94.6,3.4,-1.6,1.08
480805,2033,33776,36.9,94.6,3.4,-1.6,1.08
480805,2032,33776,36.9,94.6,3.4,-1.6,1.08
480805,2048,33776,36.9,94.6,3.4,-1.6,1.08
480824,2047,33774,36.9,94.6,3.4,-1.6,1.08
480826,1989,33774,36.9,94.6,3.4,-1.6,1.08
480826,2016,33774,36.9,94.6,3.4,-1.6,1.08
480826,2007,33774,36.9,94.6,3.4,-1.6,1.08
480839,2075,33773,36.9,94.6,3.3,-1.7,1.09
480840,2082,33773,36.9,94.6,3.3,-1.7,1.09
480840,2086,33773,36.9,94.6,3.3,-1.7,1.09
480863,1996,33770,36.9,94.6,3.3,-1.7,1.09
480865,2006,33770,36.9,94.6,3.3,-1.7,1.09
480865,2011,33770,36.9,94.6,3.3,-1.7,1.09
480865,2025,33770,36.9,94.6,3.3,-1.7,1.09
480878,1146,33770,36.9,94.6,3.3,-1.7,1.07
480878,1118,33770,36.9,94.6,3.3,-1.7,1.07
480879,1093,33770,36.9,94.6,3.3,-1.7,1.07
480895,2486,33768,36.9,94.6,3.3,-1.7,1.07
480896,2462,33768,36.9,94.6,3.3,-1.7,1.07
480896,2526,33768,36.9,94.6,3.3,-1.7,1.07
480908,1912,33768,36.9,94.6,3.3,-1.7,1.07
480909,1866,33768,36.9,94.6,3.3,-1.7,1.07
480909,1800,33768,36.9,94.6,3.3,-1.7,1.07
480928,1964,33767,36.9,94.6,3.3,-1.7,1.07
480931,1995,33766,36.9,94.6,3.3,-1.7,1.07
480932,2067,33766,36.9,94.6,3.3,-1.7,1.07
480932,2052,33766,36.9,94.6,3.3,-1.7,1.07
480945,1994,33766,36.9,94.6,3.2,-1.6,1.07
480945,1980,33766,36.9,94.6,3.2,-1.6,1.07
480945,2043,33766,36.9,94.6,3.2,-1.6,1.07
480963,2357,33765,36.9,94.6,3.2,-1.6,1.07
480963,2302,33765,36.9,94.6,3.2,-1.6,1.07
480963,2214,33765,36.9,94.6,3.2,-1.6,1.07
480976,1980,33764,36.9,94.6,3.2,-1.6,1.07
480976,2036,33764,36.9,94.6,3.2,-1.6,1.07
480977,2073,33764,36.9,94.6,3.2,-1.6,1.07
480995,2113,33763,36.9,94.6,3.2,-1.5,1.08
480996,2055,33763,36.9,94.6,3.2,-1.5,1.08
480996,2046,33763,36.9,94.6,3.2,-1.5,1.08
481008,2025,33763,36.9,94.6,3.2,-1.5,1.08
481009,2066,33763,36.9,94.6,3.2,-1.5,1.08
481009,2031,33763,36.9,94.6,3.2,-1.5,1.08
481028,1978,33762,36.9,94.6,3.2,-1.5,1.08
481031,1970,33761,36.9,94.6,3.2,-1.5,1.08
481031,2025,33761,36.9,94.6,3.2,-1.5,1.08
481031,2050,33761,36.9,94.6,3.2,-1.5,1.08
481044,2041,33761,36.9,94.6,3.4,-1.5,1.06
481044,1995,33761,36.9,94.6,3.4,-1.5,1.06
481044,1989,33761,36.9,94.6,3.4,-1.5,1.06
481061,2069,33760,36.9,94.6,3.4,-1.5,1.06
481062,2093,33760,36.9,94.6,3.4,-1.5,1.06
481062,2072,33760,36.9,94.6,3.4,-1.5,1.06
481075,2175,33759,36.9,94.6,3.4,-1.5,1.06
481075,2210,33759,36.9,94.6,3.4,-1.5,1.06
481076,2266,33759,36.9,94.6,3.4,-1.5,1.06
481100,2071,33759,36.9,94.6,3.4,-1.6,1.07
481102,2068,33758,36.9,94.6,3.4,-1.6,1.07
481103,2000,33758,36.9,94.6,3.4,-1.6,1.07
481103,2000,33758,36.9,94.6,3.4,-1.6,1.07
481115,2157,33758,36.9,94.6,3.4,-1.6,1.07
481116,2194,33758,36.9,94.6,3.4,-1.6,1.07
481116,2184,33758,36.9,94.6,3.4,-1.6,1.07
481132,1944,33758,36.9,94.6,3.4,-1.6,1.07
481133,1948,33758,36.9,94.6,3.4,-1.6,1.07
481133,2000,33758,36.9,94.6,3.4,-1.6,1.07
481145,2148,33757,36.9,94.6,3.3,-1.7,1.08
481146,2118,33757,36.9,94.6,3.3,-1.7,1.08
481146,2072,33757,36.9,94.6,3.3,-1.7,1.08
481165,2037,33757,36.9,99.5,3.3,-1.7,1.08
481167,2068,33757,36.9,99.5,3.3,-1.7,1.08
481167,2098,33757,36.9,99.5,3.3,-1.7,1.08
481168,2076,33757,36.9,99.5,3.3,-1.7,1.08
481182,1982,33757,36.9,99.5,3.3,-1.7,1.08
481182,2009,33757,36.9,99.5,3.3,-1.7,1.08
481182,2030,33757,36.9,99.5,3.3,-1.7,1.08
481205,2087,33757,36.9,99.5,3.2,-1.6,1.08
481207,2044,33757,36.9,99.5,3.2,-1.6,1.08
481207,2011,33757,36.9,99.5,3.2,-1.6,1.08
481207,1999,33757,36.9,99.5,3.2,-1.6,1.08
481221,2064,33757,36.9,99.5,3.2,-1.6,1.08
481221,2075,33757,36.9,99.5,3.2,-1.6,1.08
481221,2060,33757,36.9,99.5,3.2,-1.6,1.08
481237,2094,33757,36.9,99.5,3.2,-1.6,1.08
481237,2091,33757,36.9,99.5,3.2,-1.6,1.08
481238,2098,33757,36.9,99.5,3.2,-1.6,1.08
481251,2011,33757,36.9,99.5,3.3,-1.6,1.08
481251,2012,33757,36.9,99.5,3.3,-1.6,1.08
481252,1991,33757,36.9,99.5,3.3,-1.6,1.08
481272,2011,33758,36.9,99.5,3.3,-1.6,1.08
481273,2038,33758,36.9,99.5,3.3,-1.6,1.08
481274,2120,33758,36.9,99.5,3.3,-1.6,1.08
481274,2129,33758,36.9,99.5,3.3,-1.6,1.08
481287,2011,33758,36.9,99.5,3.3,-1.6,1.08
481287,1990,33758,36.9,99.5,3.3,-1.6,1.08
481287,2003,33758,36.9,99.5,3.3,-1.6,1.08
481311,2012,33757,36.9,99.5,3.4,-1.6,1.07
481313,1992,33757,36.9,99.5,3.4,-1.6,1.07
481313,1995,33757,36.9,99.5,3.4,-1.6,1.07
481314,2045,33757,36.9,99.5,3.4,-1.6,1.07
481326,2084,33756,36.9,99.5,3.4,-1.6,1.07
481327,2067,33756,36.9,99.5,3.4,-1.6,1.07
481327,2053,33756,36.9,99.5,3.4,-1.6,1.07
481343,2059,33755,36.9,99.5,3.4,-1.6,1.07
481344,2047,33755,36.9,99.5,3.4,-1.6,1.07
481344,2056,33755,36.9,99.5,3.4,-1.6,1.07
481356,2043,33754,36.9,99.5,3.4,-1.7,1.08
481357,2039,33754,36.9,99.5,3.4,-1.7,1.08
481357,2020,33754,36.9,99.5,3.4,-1.7,1.08
481376,2124,33753,36.9,99.5,3.4,-1.7,1.08
481380,2104,33752,36.9,99.5,3.4,-1.7,1.08
481380,2109,33752,36.9,99.5,3.4,-1.7,1.08
481381,2058,33752,36.9,99.5,3.4,-1.7,1.08
481394,2064,33751,36.9,99.5,3.4,-1.7,1.08
481394,2175,33751,36.9,99.5,3.4,-1.7,1.08
481395,2173,33751,36.9,99.5,3.4,-1.7,1.08
481414,2076,33749,36.9,99.5,3.4,-1.8,1.08
481416,2124,33749,36.9,99.5,3.4,-1.8,1.08
481416,2121,33749,36.9,99.5,3.4,-1.8,1.08
481416,2104,33749,36.9,99.5,3.4,-1.8,1.08
481430,1990,33748,36.9,99.5,3.4,-1.8,1.08
481430,2014,33748,36.9,99.5,3.4,-1.8,1.08
481430,2018,33748,36.9,99.5,3.4,-1.8,1.08
481446,2024,33747,36.9,99.5,3.4,-1.8,1.08
481447,2003,33747,36.9,99.5,3.4,-1.8,1.08
481447,2024,33747,36.9,99.5,3.4,-1.8,1.08
481460,2086,33745,36.9,99.5,3.2,-1.6,1.07
481461,2088,33745,36.9,99.5,3.2,-1.6,1.07
481461,2063,33745,36.9,99.5,3.2,-1.6,1.07
481480,2008,33744,36.9,99.5,3.2,-1.6,1.07
481483,2026,33744,36.9,99.5,3.2,-1.6,1.07
481483,1989,33744,36.9,99.5,3.2,-1.6,1.07
481483,2042,33744,36.9,99.5,3.2,-1.6,1.07
481496,2420,33744,36.9,99.5,3.2,-1.6,1.07
481497,2463,33744,36.9,99.5,3.2,-1.6,1.07
481498,2505,33744,36.9,99.5,3.2,-1.6,1.07
481498,2537,33744,36.9,99.5,3.2,-1.6,1.07
481517,2013,33743,36.9,99.5,3.3,-1.4,1.05
481517,2001,33743,36.9,99.5,3.3,-1.4,1.05
481517,1968,33743,36.9,99.5,3.3,-1.4,1.05
481531,2024,33742,36.9,99.5,3.3,-1.4,1.05
481531,2067,33742,36.9,99.5,3.3,-1.4,1.05
481531,2062,33742,36.9,99.5,3.3,-1.4,1.05
481549,1999,33742,36.9,99.5,3.3,-1.4,1.05
481550,1961,33742,36.9,99.5,3.3,-1.4,1.05
481550,1962,33742,36.9,99.5,3.3,-1.4,1.05
481562,2095,33742,36.9,99.5,3.3,-1.4,1.07
481563,2112,33742,36.9,99.5,3.3,-1.4,1.07
481563,2084,33742,36.9,99.5,3.3,-1.4,1.07
481582,2153,33742,36.9,99.5,3.3,-1.4,1.07
481584,2111,33742,36.9,99.5,3.3,-1.4,1.07
481584,2128,33742,36.9,99.5,3.3,-1.4,1.07
481584,2136,33742,36.9,99.5,3.3,-1.4,1.07
481598,2229,33741,36.9,99.5,3.3,-1.4,1.07
481599,2200,33741,36.9,99.5,3.3,-1.4,1.07
481599,2204,33741,36.9,99.5,3.3,-1.4,1.07
481621,2061,33741,36.9,99.5,3.4,-1.7,1.07
481623,2076,33741,36.9,99.5,3.4,-1.7,1.07
481623,2054,33741,36.9,99.5,3.4,-1.7,1.07
481624,2023,33741,36.9,99.5,3.4,-1.7,1.07
481636,2200,33741,36.9,99.5,3.4,-1.7,1.07
481637,2247,33741,36.9,99.5,3.4,-1.7,1.07
481637,2269,33741,36.9,99.5,3.4,-1.7,1.07
481653,1942,33741,36.9,99.5,3.4,-1.7,1.07
481654,1938,33741,36.9,99.5,3.4,-1.7,1.07
481654,1961,33741,36.9,99.5,3.4,-1.7,1.07
481666,2236,33741,36.9,99.5,3.4,-1.6,1.10
481667,2199,33741,36.9,99.5,3.4,-1.6,1.10
481667,2183,33741,36.9,99.5,3.4,-1.6,1.10
481686,2273,33741,36.9,99.5,3.4,-1.6,1.10
481689,2072,33740,36.9,99.5,3.4,-1.6,1.10
481689,2044,33740,36.9,99.5,3.4,-1.6,1.10
481689,2054,33740,36.9,99.5,3.4,-1.6,1.10
481702,2878,33740,36.9,99.5,3.4,-1.6,1.10
481702,2788,33740,36.9,99.5,3.4,-1.6,1.10
481703,2771,33740,36.9,99.5,3.4,-1.6,1.10
481725,2277,33740,36.9,99.5,3.6,-1.9,0.97
481728,2210,33740,36.9,99.5,3.6,-1.9,0.97
481728,2163,33740,36.9,99.5,3.6,-1.9,0.97
481728,2112,33740,36.9,99.5,3.6,-1.9,0.97
481741,2189,33741,36.9,99.5,3.6,-1.9,0.97
481741,2228,33741,36.9,99.5,3.6,-1.9,0.97
481741,2230,33741,36.9,99.5,3.6,-1.9,0.97
481758,2297,33741,36.9,99.5,3.6,-1.9,0.97
481758,2273,33741,36.9,99.5,3.6,-1.9,0.97
481759,2292,33741,36.9,99.5,3.6,-1.9,0.97
481771,1956,33741,36.9,99.5,3.3,-1.9,1.10
481771,1963,33741,36.9,99.5,3.3,-1.9,1.10
481772,1928,33741,36.9,99.5,3.3,-1.9,1.10
481790,1975,33742,36.9,99.5,3.3,-1.9,1.10
481791,1978,33742,36.9,99.5,3.3,-1.9,1.10
481791,2028,33742,36.9,99.5,3.3,-1.9,1.10
481804,554,33743,36.9,99.5,3.3,-1.9,1.10
481804,650,33743,36.9,99.5,3.3,-1.9,1.10
481804,597,33743,36.9,99.5,3.3,-1.9,1.10
481826,1740,33744,36.9,99.5,3.4,-1.6,1.08
481828,1538,33744,36.9,99.5,3.4,-1.6,1.08
481829,1616,33744,36.9,99.5,3.4,-1.6,1.08
481829,1607,33744,36.9,99.5,3.4,-1.6,1.08
481841,2314,33745,34.0,99.5,3.4,-1.6,1.08
481842,2249,33745,34.0,99.5,3.4,-1.6,1.08
481842,2345,33745,34.0,99.5,3.4,-1.6,1.08
481858,2042,33746,34.0,99.5,3.4,-1.6,1.08
481859,2027,33746,34.0,99.5,3.4,-1.6,1.08
481859,1885,33746,34.0,99.5,3.4,-1.6,1.08
481871,1943,33747,34.0,99.5,3.5,-1.5,1.06
481872,2015,33747,34.0,99.5,3.5,-1.5,1.06
481872,2152,33747,34.0,99.5,3.5,-1.5,1.06
481891,2082,33748,34.0,99.5,3.5,-1.5,1.06
481893,1958,33748,34.0,99.5,3.5,-1.5,1.06
481893,1887,33748,34.0,99.5,3.5,-1.5,1.06
481893,1960,33748,34.0,99.5,3.5,-1.5,1.06
481907,2241,33749,34.0,99.5,3.5,-1.5,1.06
481908,2170,33749,34.0,99.5,3.5,-1.5,1.06
481908,2021,33749,34.0,99.5,3.5,-1.5,1.06
481924,2025,33750,34.0,99.5,3.5,-1.5,1.06
481925,2073,33750,34.0,99.5,3.5,-1.5,1.06
481925,2173,33750,34.0,99.5,3.5,-1.5,1.06
481938,2557,33750,34.0,99.5,3.3,-1.6,1.07
481939,2469,33750,34.0,99.5,3.3,-1.6,1.07
481939,2409,33750,34.0,99.5,3.3,-1.6,1.07
481958,2015,33750,34.0,99.5,3.3,-1.6,1.07
481959,2117,33750,34.0,99.5,3.3,-1.6,1.07
481960,2070,33750,34.0,99.5,3.3,-1.6,1.07
481960,1948,33750,34.0,99.5,3.3,-1.6,1.07
481973,1927,33749,34.0,99.5,3.3,-1.6,1.07
481973,2023,33749,34.0,99.5,3.3,-1.6,1.07
481973,2110,33749,34.0,99.5,3.3,-1.6,1.07
481991,1972,33748,34.0,99.5,3.3,-1.6,1.07
481992,1863,33748,34.0,99.5,3.3,-1.6,1.07
481992,1823,33748,34.0,99.5,3.3,-1.6,1.07
482005,2122,33748,34.0,99.5,3.3,-1.5,1.08
482005,2191,33748,34.0,99.5,3.3,-1.5,1.08
482005,2175,33748,34.0,99.5,3.3,-1.5,1.08
482024,2007,33747,34.0,99.5,3.3,-1.5,1.08
482027,1961,33746,34.0,99.5,3.3,-1.5,1.08
482028,2014,33746,34.0,99.5,3.3,-1.5,1.08
482029,2087,33746,34.0,99.5,3.3,-1.5,1.08
482042,2354,33746,34.0,99.5,3.3,-1.5,1.08
482043,2222,33746,34.0,99.5,3.3,-1.5,1.08
482043,2219,33746,34.0,99.5,3.3,-1.5,1.08
482061,1362,33746,34.0,99.5,3.3,-1.7,1.07
482062,1457,33746,34.0,99.5,3.3,-1.7,1.07
482062,1421,33746,34.0,99.5,3.3,-1.7,1.07
482074,2301,33745,34.0,99.5,3.3,-1.7,1.07
482075,2311,33745,34.0,99.5,3.3,-1.7,1.07
482075,2444,33745,34.0,99.5,3.3,-1.7,1.07
482093,2017,33745,34.0,99.5,3.3,-1.7,1.07
482094,2015,33745,34.0,99.5,3.3,-1.7,1.07
482094,1878,33745,34.0,99.5,3.3,-1.7,1.07
482107,1965,33745,34.0,99.5,3.4,-1.7,1.08
482108,2057,33745,34.0,99.5,3.4,-1.7,1.08
482108,2148,33745,34.0,99.5,3.4,-1.7,1.08
482126,2109,33746,34.0,99.5,3.4,-1.7,1.08
482127,1999,33746,34.0,99.5,3.4,-1.7,1.08
482127,1963,33746,34.0,99.5,3.4,-1.7,1.08
482140,2171,33746,34.0,99.5,3.4,-1.7,1.08
482140,2268,33746,34.0,99.5,3.4,-1.7,1.08
482140,2233,33746,34.0,99.5,3.4,-1.7,1.08
482160,2167,33747,34.0,99.5,3.4,-1.6,1.09
482162,2103,33747,34.0,99.5,3.4,-1.6,1.09
482162,2184,33747,34.0,99.5,3.4,-1.6,1.09
482162,2266,33747,34.0,99.5,3.4,-1.6,1.09
482175,2163,33747,34.0,99.5,3.4,-1.6,1.09
482176,2079,33747,34.0,99.5,3.4,-1.6,1.09
482176,2047,33747,34.0,99.5,3.4,-1.6,1.09
482193,1972,33747,34.0,99.5,3.4,-1.6,1.09
482193,2055,33747,34.0,99.5,3.4,-1.6,1.09
482193,2005,33747,34.0,99.5,3.4,-1.6,1.09
482207,1993,33748,34.0,99.5,3.3,-1.5,1.07
482207,1965,33748,34.0,99.5,3.3,-1.5,1.07
482208,2036,33748,34.0,99.5,3.3,-1.5,1.07
482224,2149,33748,34.0,99.5,3.3,-1.5,1.07
482225,2119,33748,34.0,99.5,3.3,-1.5,1.07
482225,2020,33748,34.0,99.5,3.3,-1.5,1.07
482238,2006,33749,34.0,99.5,3.3,-1.5,1.07
482239,2072,33749,34.0,99.5,3.3,-1.5,1.07
482239,2146,33749,34.0,99.5,3.3,-1.5,1.07
482260,2150,33749,34.0,99.5,3.3,-1.5,1.07
482262,2051,33749,34.0,99.5,3.3,-1.5,1.07
482263,2021,33749,34.0,99.5,3.3,-1.5,1.07
482263,2088,33749,34.0,99.5,3.3,-1.5,1.07
482277,2371,33749,34.0,99.5,3.3,-1.5,1.07
482278,2366,33749,34.0,99.5,3.3,-1.5,1.07
482278,2305,33749,34.0,99.5,3.3,-1.5,1.07
482294,1861,33749,34.0,99.5,3.3,-1.5,1.07
482294,1919,33749,34.0,99.5,3.3,-1.5,1.07
482294,1968,33749,34.0,99.5,3.3,-1.5,1.07
482308,2073,33750,34.0,99.5,3.3,-1.5,1.08
482308,1997,33750,34.0,99.5,3.3,-1.5,1.08
482308,2007,33750,34.0,99.5,3.3,-1.5,1.08
482324,2093,33750,34.0,99.5,3.3,-1.5,1.08
482325,2112,33750,34.0,99.5,3.3,-1.5,1.08
482325,2051,33750,34.0,99.5,3.3,-1.5,1.08
482338,2151,33750,34.0,99.5,3.3,-1.5,1.08
482339,2169,33750,34.0,99.5,3.3,-1.5,1.08
482339,2216,33750,34.0,99.5,3.3,-1.5,1.08
482358,2137,33751,34.0,99.5,3.3,-1.5,1.08
482360,2113,33751,34.0,99.5,3.3,-1.5,1.08
482360,2054,33751,34.0,99.5,3.3,-1.5,1.08
482360,2051,33751,34.0,99.5,3.3,-1.5,1.08
482373,1993,33752,34.0,99.5,3.2,-1.7,1.08
482374,2041,33752,34.0,99.5,3.2,-1.7,1.08
482374,2026,33752,34.0,99.5,3.2,-1.7,1.08
482393,1931,33752,34.0,99.5,3.2,-1.7,1.08
482396,2056,33753,34.0,99.5,3.2,-1.7,1.08
482396,2120,33753,34.0,99.5,3.2,-1.7,1.08
482396,2161,33753,34.0,99.5,3.2,-1.7,1.08
482409,2012,33753,34.0,99.5,3.2,-1.7,1.08
482409,1950,33753,34.0,99.5,3.2,-1.7,1.08
482410,1972,33753,34.0,99.5,3.2,-1.7,1.08
482427,2068,33754,34.0,99.5,3.3,-1.7,1.07
482428,2094,33754,34.0,99.5,3.3,-1.7,1.07
482428,2067,33754,34.0,99.5,3.3,-1.7,1.07
482441,2012,33755,34.0,99.5,3.3,-1.7,1.07
482441,2003,33755,34.0,99.5,3.3,-1.7,1.07
482441,2045,33755,34.0,99.5,3.3,-1.7,1.07
482460,2175,33756,34.0,99.5,3.3,-1.7,1.07
482462,2132,33756,34.0,99.5,3.3,-1.7,1.07
482462,2119,33756,34.0,99.5,3.3,-1.7,1.07
482462,2097,33756,34.0,99.5,3.3,-1.7,1.07
482476,2263,33758,34.0,99.5,3.3,-1.6,1.07
482476,2331,33758,34.0,99.5,3.3,-1.6,1.07
482477,2340,33758,34.0,99.5,3.3,-1.6,1.07
482496,1928,33758,34.0,99.5,3.3,-1.6,1.07
482498,1958,33758,34.0,99.5,3.3,-1.6,1.07
482498,1978,33758,34.0,99.5,3.3,-1.6,1.07
482499,1985,33758,34.0,99.5,3.3,-1.6,1.07
482512,2049,33759,34.0,99.5,3.1,-1.4,1.09
482513,2032,33759,34.0,99.5,3.1,-1.4,1.09
482513,2030,33759,34.0,99.5,3.1,-1.4,1.09
482529,2004,33759,34.0,99.5,3.1,-1.4,1.09
482530,1976,33759,34.0,99.5,3.1,-1.4,1.09
482530,1991,33759,34.0,99.5,3.1,-1.4,1.09
482543,235,33758,34.0,99.5,3.1,-1.4,1.09
482543,257,33758,34.0,99.5,3.1,-1.4,1.09
482543,216,33758,34.0,99.5,3.1,-1.4,1.09
482561,2755,33757,52.2,99.5,3.1,-1.4,1.09
482562,2628,33757,52.2,99.5,3.1,-1.4,1.09
482562,2722,33757,52.2,99.5,3.1,-1.4,1.09
482576,1891,33756,52.2,99.5,3.3,-1.5,1.09
482577,1851,33756,52.2,99.5,3.3,-1.5,1.09
482577,1704,33756,52.2,99.5,3.3,-1.5,1.09
482598,1919,33755,52.2,99.5,3.3,-1.5,1.09
482600,2041,33755,52.2,99.5,3.3,-1.5,1.09
482600,2158,33755,52.2,99.5,3.3,-1.5,1.09
482601,2123,33755,52.2,99.5,3.3,-1.5,1.09
482613,1949,33754,52.2,99.5,3.4,-1.5,1.08
482614,1901,33754,52.2,99.5,3.4,-1.5,1.08
482614,2021,33754,52.2,99.5,3.4,-1.5,1.08
482631,2112,33753,52.2,99.5,3.4,-1.5,1.08
482632,2079,33753,52.2,99.5,3.4,-1.5,1.08
482632,1934,33753,52.2,99.5,3.4,-1.5,1.08
482645,1934,33752,52.2,99.5,3.4,-1.5,1.08
482646,2040,33752,52.2,99.5,3.4,-1.5,1.08
482646,2153,33752,52.2,99.5,3.4,-1.5,1.08
482664,2123,33752,52.2,99.5,3.4,-1.5,1.08
482664,2013,33752,52.2,99.5,3.4,-1.5,1.08
482664,1953,33752,52.2,99.5,3.4,-1.5,1.08
482678,2030,33751,52.2,99.5,3.3,-1.6,1.07
482679,2138,33751,52.2,99.5,3.3,-1.6,1.07
482680,2108,33751,52.2,99.5,3.3,-1.6,1.07
482680,1990,33751,52.2,99.5,3.3,-1.6,1.07
482697,1985,33751,52.2,99.5,3.3,-1.6,1.07
482698,2078,33751,52.2,99.5,3.3,-1.6,1.07
482698,2167,33751,52.2,99.5,3.3,-1.6,1.07
482711,2074,33751,52.2,99.5,3.3,-1.6,1.07
482711,1929,33751,52.2,99.5,3.3,-1.6,1.07
482711,1917,33751,52.2,99.5,3.3,-1.6,1.07
482712,1995,33751,52.2,99.5,3.3,-1.6,1.07
482731,2301,33751,52.2,99.5,3.2,-1.6,1.08
482731,2357,33751,52.2,99.5,3.2,-1.6,1.08
482731,2288,33751,52.2,99.5,3.2,-1.6,1.08
482745,2036,33751,52.2,99.5,3.2,-1.6,1.08
482745,2060,33751,52.2,99.5,3.2,-1.6,1.08
482746,2101,33751,52.2,99.5,3.2,-1.6,1.08
482762,2086,33751,52.2,99.5,3.2,-1.6,1.08
482763,2017,33751,52.2,99.5,3.2,-1.6,1.08
482763,2004,33751,52.2,99.5,3.2,-1.6,1.08
482776,2137,33751,52.2,99.5,3.2,-1.6,1.07
482777,2203,33751,52.2,99.5,3.2,-1.6,1.07
482777,2164,33751,52.2,99.5,3.2,-1.6,1.07
482796,1985,33751,52.2,99.5,3.2,-1.6,1.07
482798,1966,33751,52.2,99.5,3.2,-1.6,1.07
482799,2024,33751,52.2,99.5,3.2,-1.6,1.07
482800,2074,33751,52.2,99.5,3.2,-1.6,1.07
482812,2051,33751,52.2,99.5,3.2,-1.6,1.07
482813,1991,33751,52.2,99.5,3.2,-1.6,1.07
482813,1999,33751,52.2,99.5,3.2,-1.6,1.07
482831,1995,33751,52.2,99.5,3.2,-1.6,1.08
482832,2028,33751,52.2,99.5,3.2,-1.6,1.08
482832,1994,33751,52.2,99.5,3.2,-1.6,1.08
482846,2686,33751,52.2,99.5,3.2,-1.6,1.08
482847,2540,33751,52.2,99.5,3.2,-1.6,1.08
482847,2554,33751,52.2,99.5,3.2,-1.6,1.08
482862,2000,33751,52.2,99.5,3.2,-1.6,1.08
482863,2003,33751,52.2,99.5,3.2,-1.6,1.08
482863,1923,33751,52.2,99.5,3.2,-1.6,1.08
482876,2050,33751,52.2,99.5,3.3,-1.6,1.07
482877,2106,33751,52.2,99.5,3.3,-1.6,1.07
482877,2176,33751,52.2,99.5,3.3,-1.6,1.07
482896,2207,33751,52.2,99.5,3.3,-1.6,1.07
482898,2206,33751,52.2,99.5,3.3,-1.6,1.07
482898,2148,33751,52.2,99.5,3.3,-1.6,1.07
482898,2217,33751,52.2,99.5,3.3,-1.6,1.07
482911,2055,33751,52.2,99.5,3.3,-1.6,1.07
482911,2022,33751,52.2,99.5,3.3,-1.6,1.07
482912,1918,33751,52.2,99.5,3.3,-1.6,1.07
482931,1936,33751,52.2,99.5,3.3,-1.6,1.07
482934,1962,33751,52.2,99.5,3.3,-1.6,1.07
482934,2034,33751,52.2,99.5,3.3,-1.6,1.07
482934,2023,33751,52.2,99.5,3.3,-1.6,1.07
482948,2051,33751,52.2,99.5,3.3,-1.6,1.07
482948,1985,33751,52.2,99.5,3.3,-1.6,1.07
482948,2052,33751,52.2,99.5,3.3,-1.6,1.07
482965,2118,33752,52.2,99.5,3.3,-1.6,1.07
482966,2100,33752,52.2,99.5,3.3,-1.6,1.07
482966,2020,33752,52.2,99.5,3.3,-1.6,1.07
482979,1993,33752,52.2,99.5,3.3,-1.6,1.07
482979,2056,33752,52.2,99.5,3.3,-1.6,1.07
482979,2117,33752,52.2,99.5,3.3,-1.6,1.07
482996,2253,33752,52.2,99.5,3.3,-1.6,1.07
482997,2209,33752,52.2,99.5,3.3,-1.6,1.07
482997,2206,33752,52.2,99.5,3.3,-1.6,1.07
483009,2005,33753,52.2,99.5,3.3,-1.6,1.07
483010,2044,33753,52.2,99.5,3.3,-1.6,1.07
483010,2010,33753,52.2,99.5,3.3,-1.6,1.07
483031,1966,33753,52.2,99.5,3.3,-1.5,1.08
483034,1892,33754,52.2,99.5,3.3,-1.5,1.08
483034,1960,33754,52.2,99.5,3.3,-1.5,1.08
483035,2011,33754,52.2,99.5,3.3,-1.5,1.08
483047,2107,33754,52.2,99.5,3.3,-1.5,1.08
483048,2007,33754,52.2,99.5,3.3,-1.5,1.08
483048,2001,33754,52.2,99.5,3.3,-1.5,1.08
483065,2124,33754,52.2,99.5,3.3,-1.5,1.08
483065,2158,33754,52.2,99.5,3.3,-1.5,1.08
483065,2131,33754,52.2,99.5,3.3,-1.5,1.08
483078,2020,33754,52.2,99.5,3.3,-1.5,1.08
483078,2028,33754,52.2,99.5,3.3,-1.5,1.08
483079,2094,33754,52.2,99.5,3.3,-1.5,1.08
483096,2126,33754,52.2,99.5,3.3,-1.5,1.08
483097,2104,33754,52.2,99.5,3.3,-1.5,1.08
483097,2045,33754,52.2,99.5,3.3,-1.5,1.08
483109,1985,33753,52.2,99.5,3.3,-1.5,1.08
483110,2054,33753,52.2,99.5,3.3,-1.5,1.08
483110,2071,33753,52.2,99.5,3.3,-1.5,1.08
483129,2041,33752,52.2,99.5,3.3,-1.5,1.08
483131,1942,33752,52.2,99.5,3.3,-1.5,1.08
483131,1936,33752,52.2,99.5,3.3,-1.5,1.08
483131,1983,33752,52.2,99.5,3.3,-1.5,1.08
483145,2378,33750,52.2,99.5,3.3,-1.5,1.08
483146,2273,33750,52.2,99.5,3.3,-1.5,1.08
483146,2213,33750,52.2,99.5,3.3,-1.5,1.08
483147,2195,33750,52.2,99.5,3.3,-1.5,1.08
483166,2109,33748,52.2,99.5,3.3,-1.5,1.08
483166,2127,33748,52.2,99.5,3.3,-1.5,1.08
483166,2099,33748,52.2,99.5,3.3,-1.5,1.08
483179,2147,33747,52.2,99.5,3.3,-1.5,1.08
483179,2166,33747,52.2,99.5,3.3,-1.5,1.08
483179,2190,33747,52.2,99.5,3.3,-1.5,1.08
483198,2136,33745,52.2,99.5,3.3,-1.4,1.08
483199,2127,33745,52.2,99.5,3.3,-1.4,1.08
483199,2094,33745,52.2,99.5,3.3,-1.4,1.08
483211,1976,33744,52.2,99.5,3.3,-1.4,1.08
483212,2023,33744,52.2,99.5,3.3,-1.4,1.08
483212,2037,33744,52.2,99.5,3.3,-1.4,1.08
483231,1989,33743,52.2,99.5,3.3,-1.4,1.08
483234,1937,33742,52.2,99.5,3.3,-1.4,1.08
483234,1937,33742,52.2,99.5,3.3,-1.4,1.08
483235,1979,33742,52.2,99.5,3.3,-1.4,1.08
483248,2055,33741,52.2,99.5,3.4,-1.6,1.08
483249,2031,33741,52.2,99.5,3.4,-1.6,1.08
483249,1990,33741,52.2,99.5,3.4,-1.6,1.08
483266,2025,33740,52.2,99.5,3.4,-1.6,1.08
483267,2039,33740,52.2,99.5,3.4,-1.6,1.08
483267,2056,33740,52.2,99.5,3.4,-1.6,1.08
483280,1998,33740,52.2,99.5,3.4,-1.6,1.08
483280,1972,33740,52.2,99.5,3.4,-1.6,1.08
483280,1983,33740,52.2,99.5,3.4,-1.6,1.08
483299,2093,33739,52.2,99.5,3.3,-1.6,1.08
483302,2065,33739,52.2,99.5,3.3,-1.6,1.08
483302,2057,33739,52.2,99.5,3.3,-1.6,1.08
483302,2028,33739,52.2,99.5,3.3,-1.6,1.08
483315,2003,33739,52.2,99.5,3.3,-1.6,1.08
483315,2030,33739,52.2,99.5,3.3,-1.6,1.08
483315,2068,33739,52.2,99.5,3.3,-1.6,1.08
483333,1988,33739,52.2,99.5,3.3,-1.6,1.08
483333,1946,33739,52.2,99.5,3.3,-1.6,1.08
483333,1970,33739,52.2,99.5,3.3,-1.6,1.08
483334,1982,33739,52.2,99.5,3.3,-1.6,1.08
483347,2086,33738,52.2,99.5,3.2,-1.6,1.07
483348,2057,33738,52.2,99.5,3.2,-1.6,1.07
483348,2039,33738,52.2,99.5,3.2,-1.6,1.07
483366,2080,33738,52.2,99.5,3.2,-1.6,1.07
483366,2088,33738,52.2,99.5,3.2,-1.6,1.07
483366,2104,33738,52.2,99.5,3.2,-1.6,1.07
483379,2015,33737,52.2,99.5,3.2,-1.6,1.07
483379,2022,33737,52.2,99.5,3.2,-1.6,1.07
483380,1996,33737,52.2,99.5,3.2,-1.6,1.07
483398,2051,33737,52.2,99.5,3.1,-1.5,1.08
483399,2044,33737,52.2,99.5,3.1,-1.5,1.08
483399,2046,33737,52.2,99.5,3.1,-1.5,1.08
483412,2017,33736,52.2,99.5,3.1,-1.5,1.08
483413,2019,33736,52.2,99.5,3.1,-1.5,1.08
483413,2021,33736,52.2,99.5,3.1,-1.5,1.08
483430,2015,33736,52.2,99.5,3.1,-1.5,1.08
483431,1999,33736,52.2,99.5,3.1,-1.5,1.08
483431,1990,33736,52.2,99.5,3.1,-1.5,1.08
483445,2027,33735,52.2,99.5,3.2,-1.5,1.08
483445,2033,33735,52.2,99.5,3.2,-1.5,1.08
483445,2044,33735,52.2,99.5,3.2,-1.5,1.08
483464,2052,33734,52.2,99.5,3.2,-1.5,1.08
483465,2043,33734,52.2,99.5,3.2,-1.5,1.08
483465,2040,33734,52.2,99.5,3.2,-1.5,1.08
483478,2033,33734,52.2,99.5,3.2,-1.5,1.08
483479,2044,33734,52.2,99.5,3.2,-1.5,1.08
483480,2040,33734,52.2,99.5,3.2,-1.5,1.08
483480,2037,33734,52.2,99.5,3.2,-1.5,1.08
483499,2167,33733,52.2,99.5,3.3,-1.5,1.08
483500,2171,33733,52.2,99.5,3.3,-1.5,1.08
483500,2173,33733,52.2,99.5,3.3,-1.5,1.08
483514,1988,33733,52.2,99.5,3.3,-1.5,1.08
483514,1981,33733,52.2,99.5,3.3,-1.5,1.08
483514,1973,33733,52.2,99.5,3.3,-1.5,1.08
483532,2004,33733,52.2,99.5,3.3,-1.5,1.08
483533,2008,33733,52.2,99.5,3.3,-1.5,1.08
483533,2020,33733,52.2,99.5,3.3,-1.5,1.08
483546,1373,33733,52.2,99.5,3.2,-1.5,1.08
483546,1432,33733,52.2,99.5,3.2,-1.5,1.08
483546,1435,33733,52.2,99.5,3.2,-1.5,1.08
483566,2124,33733,52.2,99.5,3.2,-1.5,1.08
483568,1954,33733,52.2,99.5,3.2,-1.5,1.08
483568,1971,33733,52.2,99.5,3.2,-1.5,1.08
483568,1967,33733,52.2,99.5,3.2,-1.5,1.08
483582,2104,33733,52.2,99.5,3.2,-1.5,1.08
483583,2077,33733,52.2,99.5,3.2,-1.5,1.08
483583,2107,33733,52.2,99.5,3.2,-1.5,1.08
483600,2093,33733,52.2,99.5,3.1,-1.5,1.08
483601,2101,33733,52.2,99.5,3.1,-1.5,1.08
483601,2056,33733,52.2,99.5,3.1,-1.5,1.08
483614,1973,33733,52.2,99.5,3.1,-1.5,1.08
483615,1997,33733,52.2,99.5,3.1,-1.5,1.08
483615,2044,33733,52.2,99.5,3.1,-1.5,1.08
483633,2044,33733,52.2,99.5,3.1,-1.5,1.08
483634,2010,33733,52.2,99.5,3.1,-1.5,1.08
483634,1979,33733,52.2,99.5,3.1,-1.5,1.08
483647,2084,33733,52.2,99.5,3.1,-1.4,1.08
483647,2111,33733,52.2,99.5,3.1,-1.4,1.08
483647,2088,33733,52.2,99.5,3.1,-1.4,1.08
483666,2100,33732,52.2,99.5,3.1,-1.4,1.08
483668,2044,33732,52.2,99.5,3.1,-1.4,1.08
483669,2025,33732,52.2,99.5,3.1,-1.4,1.08
483670,2049,33732,52.2,99.5,3.1,-1.4,1.08
483684,2165,33731,52.2,99.5,3.1,-1.4,1.08
483685,2118,33731,52.2,99.5,3.1,-1.4,1.08
483685,2092,33731,52.2,99.5,3.1,-1.4,1.08
483703,2344,33729,52.2,99.5,3.2,-1.5,1.08
483703,2374,33729,52.2,99.5,3.2,-1.5,1.08
483703,2357,33729,52.2,99.5,3.2,-1.5,1.08
483716,1940,33727,52.2,99.5,3.2,-1.5,1.08
483716,1950,33727,52.2,99.5,3.2,-1.5,1.08
483717,1947,33727,52.2,99.5,3.2,-1.5,1.08
483735,2032,33725,52.2,99.5,3.2,-1.5,1.08
483736,2060,33725,52.2,99.5,3.2,-1.5,1.08
483736,2082,33725,52.2,99.5,3.2,-1.5,1.08
483749,1990,33724,52.2,99.5,3.3,-1.6,1.07
483749,1982,33724,52.2,99.5,3.3,-1.6,1.07
483749,2000,33724,52.2,99.5,3.3,-1.6,1.07
483768,2001,33722,52.2,99.5,3.3,-1.6,1.07
483769,1981,33722,52.2,99.5,3.3,-1.6,1.07
483769,2004,33722,52.2,99.5,3.3,-1.6,1.07
483783,2046,33720,52.2,99.5,3.3,-1.6,1.07
483783,2055,33720,52.2,99.5,3.3,-1.6,1.07
483783,2065,33720,52.2,99.5,3.3,-1.6,1.07
483802,2101,33718,52.2,99.5,3.4,-1.6,1.08
483803,2086,33718,52.2,99.5,3.4,-1.6,1.08
483803,2078,33718,52.2,99.5,3.4,-1.6,1.08
483815,1997,33717,52.2,99.5,3.4,-1.6,1.08
483816,2035,33717,52.2,99.5,3.4,-1.6,1.08
483816,2044,33717,52.2,99.5,3.4,-1.6,1.08
483835,1984,33715,52.2,99.5,3.4,-1.6,1.08
483837,2045,33715,52.2,99.5,3.4,-1.6,1.08
483837,2057,33715,52.2,99.5,3.4,-1.6,1.08
483837,2060,33715,52.2,99.5,3.4,-1.6,1.08
483851,2005,33714,52.2,99.5,3.4,-1.6,1.08
483851,2028,33714,52.2,99.5,3.4,-1.6,1.08
483852,2008,33714,52.2,99.5,3.4,-1.6,1.08
483868,2140,33713,52.2,99.5,3.4,-1.6,1.08
483868,2127,33713,52.2,99.5,3.4,-1.6,1.08
483868,2119,33713,52.2,99.5,3.4,-1.6,1.08
483882,1955,33712,52.2,99.5,3.4,-1.6,1.08
483882,1955,33712,52.2,99.5,3.4,-1.6,1.08
483882,1956,33712,52.2,99.5,3.4,-1.6,1.08
483903,2187,33711,52.2,99.5,3.3,-1.5,1.07
483905,2140,33711,52.2,99.5,3.3,-1.5,1.07
483905,2128,33711,52.2,99.5,3.3,-1.5,1.07
483905,2115,33711,52.2,99.5,3.3,-1.5,1.07
483918,1979,33710,52.2,99.5,3.3,-1.5,1.07
483918,1967,33710,52.2,99.5,3.3,-1.5,1.07
483919,1962,33710,52.2,99.5,3.3,-1.5,1.07
483935,2048,33709,52.2,99.5,3.3,-1.5,1.07
483936,2043,33709,52.2,99.5,3.3,-1.5,1.07
483936,2062,33709,52.2,99.5,3.3,-1.5,1.07
483948,2058,33709,52.2,99.5,3.3,-1.5,1.07
483949,2046,33709,52.2,99.5,3.3,-1.5,1.07
483949,2041,33709,52.2,99.5,3.3,-1.5,1.07
483969,2110,33707,52.2,99.5,3.3,-1.5,1.07
483972,1966,33707,52.2,99.5,3.3,-1.5,1.07
483972,1943,33707,52.2,99.5,3.3,-1.5,1.07
483972,1938,33707,52.2,99.5,3.3,-1.5,1.07
483985,2058,33706,52.2,99.5,3.3,-1.5,1.07
483985,2067,33706,52.2,99.5,3.3,-1.5,1.07
483985,2072,33706,52.2,99.5,3.3,-1.5,1.07
484004,2085,33705,52.2,99.5,3.3,-1.6,1.07
484004,2071,33705,52.2,99.5,3.3,-1.6,1.07
484004,2061,33705,52.2,99.5,3.3,-1.6,1.07
484017,2122,33704,52.2,99.5,3.3,-1.6,1.07
484017,2153,33704,52.2,99.5,3.3,-1.6,1.07
484018,2168,33704,52.2,99.5,3.3,-1.6,1.07
484036,2048,33703,52.2,99.5,3.3,-1.6,1.07
484037,2151,33703,52.2,99.5,3.3,-1.6,1.07
484037,2175,33703,52.2,99.5,3.3,-1.6,1.07
484051,1995,33702,52.2,99.5,3.3,-1.7,1.08
484051,1965,33702,52.2,99.5,3.3,-1.7,1.08
484051,1972,33702,52.2,99.5,3.3,-1.7,1.08
484068,2194,33701,52.2,99.5,3.3,-1.7,1.08
484069,2154,33701,52.2,99.5,3.3,-1.7,1.08
484069,2152,33701,52.2,99.5,3.3,-1.7,1.08
484082,2260,33700,52.2,99.5,3.3,-1.7,1.08
484083,2245,33700,52.2,99.5,3.3,-1.7,1.08
484083,2240,33700,52.2,99.5,3.3,-1.7,1.08
484103,2229,33700,52.2,99.5,3.3,-1.7,1.08
484105,2217,33700,52.2,99.5,3.3,-1.7,1.08
484105,2220,33700,52.2,99.5,3.3,-1.7,1.08
484105,2211,33700,52.2,99.5,3.3,-1.7,1.08
484118,2175,33699,52.2,99.5,3.3,-1.7,1.08
484118,2187,33699,52.2,99.5,3.3,-1.7,1.08
484119,2213,33699,52.2,99.5,3.3,-1.7,1.08
484137,2103,33699,52.2,99.5,3.3,-1.7,1.08
484138,2121,33699,52.2,99.5,3.3,-1.7,1.08
484138,2112,33699,52.2,99.5,3.3,-1.7,1.08
484151,1983,33698,52.2,99.5,3.3,-1.7,1.08
484152,1995,33698,52.2,99.5,3.3,-1.7,1.08
484152,2010,33698,52.2,99.5,3.3,-1.7,1.08
484171,2024,33698,52.2,99.5,3.3,-1.7,1.08
484171,1987,33698,52.2,99.5,3.3,-1.7,1.08
484171,1979,33698,52.2,99.5,3.3,-1.7,1.08
484184,2017,33698,52.2,99.5,3.3,-1.7,1.08
484185,2022,33698,52.2,99.5,3.3,-1.7,1.08
484185,2023,33698,52.2,99.5,3.3,-1.7,1.08
484203,2205,33698,52.2,99.5,3.3,-1.6,1.07
484204,2171,33698,52.2,99.5,3.3,-1.6,1.07
484204,2194,33698,52.2,99.5,3.3,-1.6,1.07
484216,2067,33697,52.2,99.5,3.3,-1.6,1.07
484217,2114,33697,52.2,99.5,3.3,-1.6,1.07
484217,2088,33697,52.2,99.5,3.3,-1.6,1.07
484236,1992,33697,52.2,99.5,3.3,-1.6,1.07
484239,2121,33696,52.2,99.5,3.3,-1.6,1.07
484239,2170,33696,52.2,99.5,3.3,-1.6,1.07
484239,2117,33696,52.2,99.5,3.3,-1.6,1.07
484252,1950,33696,52.2,99.5,3.3,-1.6,1.07
484252,1951,33696,52.2,99.5,3.3,-1.6,1.07
484252,1977,33696,52.2,99.5,3.3,-1.6,1.07
484270,2037,33694,52.2,99.5,3.3,-1.6,1.07
484270,2047,33694,52.2,99.5,3.3,-1.6,1.07
484270,2013,33694,52.2,99.5,3.3,-1.6,1.07
484283,2099,33693,52.2,99.5,3.3,-1.6,1.07
484284,2110,33693,52.2,99.5,3.3,-1.6,1.07
484284,2114,33693,52.2,99.5,3.3,-1.6,1.07
484303,2397,33690,52.2,99.5,3.3,-1.5,1.07
484305,2328,33690,52.2,99.5,3.3,-1.5,1.07
484305,2282,33690,52.2,99.5,3.3,-1.5,1.07
484305,2320,33690,52.2,99.5,3.3,-1.5,1.07
484318,2224,33688,52.2,99.5,3.3,-1.5,1.07
484318,2274,33688,52.2,99.5,3.3,-1.5,1.07
484319,2276,33688,52.2,99.5,3.3,-1.5,1.07
484336,1864,33685,52.2,99.5,3.3,-1.5,1.07
484337,2017,33685,52.2,99.5,3.3,-1.5,1.07
484337,2068,33685,52.2,99.5,3.3,-1.5,1.07
484350,2082,33682,52.2,99.5,3.3,-1.6,1.08
484351,2030,33682,52.2,99.5,3.3,-1.6,1.08
484351,2037,33682,52.2,99.5,3.3,-1.6,1.08
484370,2064,33679,52.2,99.5,3.3,-1.6,1.08
484372,2044,33679,52.2,99.5,3.3,-1.6,1.08
484372,2018,33679,52.2,99.5,3.3,-1.6,1.08
484372,2023,33679,52.2,99.5,3.3,-1.6,1.08
484386,2052,33678,52.2,99.5,3.3,-1.6,1.08
484386,2062,33678,52.2,99.5,3.3,-1.6,1.08
484386,2049,33678,52.2,99.5,3.3,-1.6,1.08
484404,2026,33676,52.2,99.5,3.3,-1.6,1.07
484404,2028,33676,52.2,99.5,3.3,-1.6,1.07
484404,2040,33676,52.2,99.5,3.3,-1.6,1.07
484417,2184,33674,52.2,99.5,3.3,-1.6,1.07
484417,2212,33674,52.2,99.5,3.3,-1.6,1.07
484418,2215,33674,52.2,99.5,3.3,-1.6,1.07
484437,2004,33672,52.2,99.5,3.3,-1.6,1.07
484440,2084,33671,52.2,99.5,3.3,-1.6,1.07
484440,2088,33671,52.2,99.5,3.3,-1.6,1.07
484440,2072,33671,52.2,99.5,3.3,-1.6,1.07
484453,2035,33670,52.2,99.5,3.4,-1.6,1.08
484453,2020,33670,52.2,99.5,3.4,-1.6,1.08
484453,2038,33670,52.2,99.5,3.4,-1.6,1.08
484472,1989,33669,52.2,99.5,3.4,-1.6,1.08
484472,1959,33669,52.2,99.5,3.4,-1.6,1.08
484473,1960,33669,52.2,99.5,3.4,-1.6,1.08
484473,1980,33669,52.2,99.5,3.4,-1.6,1.08
484486,2125,33668,52.2,99.5,3.4,-1.6,1.08
484487,2108,33668,52.2,99.5,3.4,-1.6,1.08
484487,2100,33668,52.2,99.5,3.4,-1.6,1.08
484505,2136,33667,52.2,99.5,3.4,-1.6,1.07
484505,2123,33667,52.2,99.5,3.4,-1.6,1.07
484505,2130,33667,52.2,99.5,3.4,-1.6,1.07
484519,2109,33666,52.2,99.5,3.4,-1.6,1.07
484519,2105,33666,52.2,99.5,3.4,-1.6,1.07
484520,2109,33666,52.2,99.5,3.4,-1.6,1.07
484536,1996,33665,52.2,99.5,3.4,-1.6,1.07
484537,2069,33665,52.2,99.5,3.4,-1.6,1.07
484537,2086,33665,52.2,99.5,3.4,-1.6,1.07
484550,2013,33663,52.2,99.5,3.3,-1.6,1.07
484551,2016,33663,52.2,99.5,3.3,-1.6,1.07
484551,2019,33663,52.2,99.5,3.3,-1.6,1.07
484571,2031,33662,52.2,99.5,3.3,-1.6,1.07
484573,2015,33662,52.2,99.5,3.3,-1.6,1.07
484573,1995,33662,52.2,99.5,3.3,-1.6,1.07
484573,2003,33662,52.2,99.5,3.3,-1.6,1.07
484586,2250,33661,52.2,99.5,3.3,-1.6,1.07
484587,2218,33661,52.2,99.5,3.3,-1.6,1.07
484587,2213,33661,52.2,99.5,3.3,-1.6,1.07
484605,2083,33659,52.2,99.5,3.3,-1.6,1.07
484606,2063,33659,52.2,99.5,3.3,-1.6,1.07
484606,2069,33659,52.2,99.5,3.3,-1.6,1.07
484620,2096,33658,52.2,99.5,3.3,-1.6,1.07
484620,2106,33658,52.2,99.5,3.3,-1.6,1.07
484620,2117,33658,52.2,99.5,3.3,-1.6,1.07
484638,2053,33656,52.2,99.5,3.3,-1.6,1.07
484639,2060,33656,52.2,99.5,3.3,-1.6,1.07
484639,2057,33656,52.2,99.5,3.3,-1.6,1.07
484651,2025,33656,52.2,99.5,3.3,-1.6,1.07
484652,2024,33656,52.2,99.5,3.3,-1.6,1.07
484652,2021,33656,52.2,99.5,3.3,-1.6,1.07
484671,2016,33654,52.2,99.5,3.3,-1.6,1.07
484673,2002,33654,52.2,99.5,3.3,-1.6,1.07
484673,2006,33654,52.2,99.5,3.3,-1.6,1.07
484674,2005,33654,52.2,99.5,3.3,-1.6,1.07
484686,2037,33654,52.2,99.5,3.3,-1.6,1.07
484687,2035,33654,52.2,99.5,3.3,-1.6,1.07
484687,2031,33654,52.2,99.5,3.3,-1.6,1.07
484705,2102,33653,52.2,99.5,3.3,-1.6,1.08
484705,2103,33653,52.2,99.5,3.3,-1.6,1.08
484706,2109,33653,52.2,99.5,3.3,-1.6,1.08
484720,2183,33652,52.2,99.5,3.3,-1.6,1.08
484720,2193,33652,52.2,99.5,3.3,-1.6,1.08
484720,2198,33652,52.2,99.5,3.3,-1.6,1.08
484738,2154,33651,52.2,99.5,3.3,-1.6,1.08
484739,2189,33651,52.2,99.5,3.3,-1.6,1.08
484739,2196,33651,52.2,99.5,3.3,-1.6,1.08
484752,2007,33651,52.2,99.5,3.3,-1.6,1.07
484752,2001,33651,52.2,99.5,3.3,-1.6,1.07
484752,2000,33651,52.2,99.5,3.3,-1.6,1.07
484771,2031,33651,52.2,99.5,3.3,-1.6,1.07
484773,2010,33651,52.2,99.5,3.3,-1.6,1.07
484773,2008,33651,52.2,99.5,3.3,-1.6,1.07
484774,2004,33651,52.2,99.5,3.3,-1.6,1.07
484786,2062,33650,52.2,99.5,3.3,-1.6,1.07
484787,2046,33650,52.2,99.5,3.3,-1.6,1.07
484787,2040,33650,52.2,99.5,3.3,-1.6,1.07
484805,2071,33650,52.2,99.5,3.3,-1.6,1.07
484805,2056,33650,52.2,99.5,3.3,-1.6,1.07
484806,2069,33650,52.2,99.5,3.3,-1.6,1.07
484819,2119,33650,52.2,99.5,3.3,-1.6,1.07
484820,2115,33650,52.2,99.5,3.3,-1.6,1.07
484820,2116,33650,52.2,99.5,3.3,-1.6,1.07
484841,2082,33649,52.2,99.5,3.3,-1.6,1.07
484842,2088,33649,52.2,99.5,3.3,-1.6,1.07
484843,2071,33649,52.2,99.5,3.3,-1.6,1.07
484843,2066,33649,52.2,99.5,3.3,-1.6,1.07
484855,2004,33648,52.2,99.5,3.3,-1.6,1.07
484856,2021,33648,52.2,99.5,3.3,-1.6,1.07
484856,2019,33648,52.2,99.5,3.3,-1.6,1.07
484873,2013,33646,52.2,99.5,3.3,-1.6,1.07
484874,1988,33646,52.2,99.5,3.3,-1.6,1.07
484874,1997,33646,52.2,99.5,3.3,-1.6,1.07
484888,2041,33643,52.2,99.5,3.3,-1.6,1.07
484888,2034,33643,52.2,99.5,3.3,-1.6,1.07
484888,2025,33643,52.2,99.5,3.3,-1.6,1.07
484907,2063,33641,52.2,99.5,3.3,-1.7,1.08
484908,2045,33641,52.2,99.5,3.3,-1.7,1.08
484908,2051,33641,52.2,99.5,3.3,-1.7,1.08
484921,2033,33639,52.2,99.5,3.3,-1.7,1.08
484921,2020,33639,52.2,99.5,3.3,-1.7,1.08
484921,2010,33639,52.2,99.5,3.3,-1.7,1.08
484946,2181,33636,52.2,99.5,3.3,-1.7,1.08
484949,2078,33635,52.2,99.5,3.3,-1.7,1.08
484949,2086,33635,52.2,99.5,3.3,-1.7,1.08
484949,2104,33635,52.2,99.5,3.3,-1.7,1.08
484962,2018,33633,52.2,99.5,3.3,-1.7,1.07
484962,2019,33633,52.2,99.5,3.3,-1.7,1.07
484962,2034,33633,52.2,99.5,3.3,-1.7,1.07
484979,2124,33630,52.2,99.5,3.3,-1.7,1.07
484979,2131,33630,52.2,99.5,3.3,-1.7,1.07
484979,2131,33630,52.2,99.5,3.3,-1.7,1.07
484992,2019,33629,52.2,99.5,3.3,-1.7,1.07
484992,2015,33629,52.2,99.5,3.3,-1.7,1.07
484993,2000,33629,52.2,99.5,3.3,-1.7,1.07
485011,2021,33627,52.2,99.5,3.3,-1.7,1.08
485012,2012,33627,52.2,99.5,3.3,-1.7,1.08
485012,2024,33627,52.2,99.5,3.3,-1.7,1.08
485025,2034,33626,52.2,99.5,3.3,-1.7,1.08
485026,2033,33626,52.2,99.5,3.3,-1.7,1.08
485026,2020,33626,52.2,99.5,3.3,-1.7,1.08
485027,2027,33626,52.2,99.5,3.3,-1.7,1.08
485052,2027,33623,52.2,99.5,3.3,-1.7,1.08
485053,2015,33623,52.2,99.5,3.3,-1.7,1.08
485054,2023,33623,52.2,99.5,3.3,-1.7,1.08
485054,1988,33623,52.2,99.5,3.3,-1.7,1.08
485067,2081,33621,52.2,99.5,3.3,-1.7,1.08
485068,2088,33621,52.2,99.5,3.3,-1.7,1.08
485068,2092,33621,52.2,99.5,3.3,-1.7,1.08
485084,2033,33620,52.2,99.5,3.3,-1.7,1.08
485084,2022,33620,52.2,99.5,3.3,-1.7,1.08
485084,2000,33620,52.2,99.5,3.3,-1.7,1.08
485098,2105,33619,52.2,99.5,3.3,-1.7,1.08
485098,2128,33619,52.2,99.5,3.3,-1.7,1.08
485098,2139,33619,52.2,99.5,3.3,-1.7,1.08
485117,2031,33618,52.2,99.5,3.3,-1.7,1.07
485118,2085,33618,52.2,99.5,3.3,-1.7,1.07
485118,2062,33618,52.2,99.5,3.3,-1.7,1.07
485131,1987,33617,52.2,99.5,3.3,-1.7,1.07
485132,2003,33617,52.2,99.5,3.3,-1.7,1.07
485132,2024,33617,52.2,99.5,3.3,-1.7,1.07
485133,1992,33617,52.2,99.5,3.3,-1.7,1.07
485151,2000,33615,52.2,99.5,3.3,-1.7,1.07
485151,2022,33615,52.2,99.5,3.3,-1.7,1.07
485152,2019,33615,52.2,99.5,3.3,-1.7,1.07
485152,1976,33615,52.2,99.5,3.3,-1.7,1.07
485165,2019,33615,52.2,99.5,3.4,-1.7,1.08
485165,2000,33615,52.2,99.5,3.4,-1.7,1.08
485166,2021,33615,52.2,99.5,3.4,-1.7,1.08
485184,2092,33613,52.2,99.5,3.4,-1.7,1.08
485184,2079,33613,52.2,99.5,3.4,-1.7,1.08
485184,2075,33613,52.2,99.5,3.4,-1.7,1.08
485198,2042,33612,52.2,99.5,3.4,-1.7,1.08
485198,2046,33612,52.2,99.5,3.4,-1.7,1.08
485198,2042,33612,52.2,99.5,3.4,-1.7,1.08
485216,2028,33610,52.2,99.5,3.4,-1.7,1.08
485217,2033,33610,52.2,99.5,3.4,-1.7,1.08
485217,2021,33610,52.2,99.5,3.4,-1.7,1.08
485229,2057,33610,52.2,99.5,3.4,-1.6,1.07
485230,2045,33610,52.2,99.5,3.4,-1.6,1.07
485230,2042,33610,52.2,99.5,3.4,-1.6,1.07
485249,2038,33608,52.2,99.5,3.4,-1.6,1.07
485251,2034,33608,52.2,99.5,3.4,-1.6,1.07
485251,2032,33608,52.2,99.5,3.4,-1.6,1.07
485251,2038,33608,52.2,99.5,3.4,-1.6,1.07
485264,2030,33608,52.2,99.5,3.4,-1.6,1.07
485264,2038,33608,52.2,99.5,3.4,-1.6,1.07
485265,2028,33608,52.2,99.5,3.4,-1.6,1.07
485283,1967,33607,52.2,99.5,3.4,-1.5,1.08
485283,1978,33607,52.2,99.5,3.4,-1.5,1.08
485283,1951,33607,52.2,99.5,3.4,-1.5,1.08
485297,2041,33606,52.2,99.5,3.4,-1.5,1.08
485297,2101,33606,52.2,99.5,3.4,-1.5,1.08
485298,2124,33606,52.2,99.5,3.4,-1.5,1.08
485319,2071,33605,52.2,99.5,3.4,-1.5,1.08
485320,2130,33605,52.2,99.5,3.4,-1.5,1.08
485321,2129,33605,52.2,99.5,3.4,-1.5,1.08
485321,2126,33605,52.2,99.5,3.4,-1.5,1.08
485333,2014,33605,52.2,99.5,3.2,-1.5,1.09
485334,2051,33605,52.2,99.5,3.2,-1.5,1.09
485334,2011,33605,52.2,99.5,3.2,-1.5,1.09
485351,2018,33605,52.2,99.5,3.2,-1.5,1.09
485352,2029,33605,52.2,99.5,3.2,-1.5,1.09
485352,2032,33605,52.2,99.5,3.2,-1.5,1.09
485364,2120,33604,52.2,99.3,3.2,-1.5,1.09
485365,2110,33604,52.2,99.3,3.2,-1.5,1.09
485365,2098,33604,52.2,99.3,3.2,-1.5,1.09
485385,237,33604,52.2,99.3,3.1,-1.7,1.08
485387,601,33604,52.2,99.3,3.1,-1.7,1.08
485388,674,33604,52.2,99.3,3.1,-1.7,1.08
485388,661,33604,52.2,99.3,3.1,-1.7,1.08
485401,3045,33604,52.2,99.3,3.1,-1.7,1.08
485401,3035,33604,52.2,99.3,3.1,-1.7,1.08
485401,3105,33604,52.2,99.3,3.1,-1.7,1.08
485418,1832,33604,52.2,99.3,3.1,-1.7,1.08
485418,1805,33604,52.2,99.3,3.1,-1.7,1.08
485418,1717,33604,52.2,99.3,3.1,-1.7,1.08
485431,2091,33604,52.2,99.3,3.3,-1.7,1.07
485431,2173,33604,52.2,99.3,3.3,-1.7,1.07
485431,2239,33604,52.2,99.3,3.3,-1.7,1.07
485450,2053,33603,52.2,99.3,3.3,-1.7,1.07
485451,1960,33603,52.2,99.3,3.3,-1.7,1.07
485451,1941,33603,52.2,99.3,3.3,-1.7,1.07
485463,2007,33602,52.2,99.3,3.3,-1.7,1.07
485464,2073,33602,52.2,99.3,3.3,-1.7,1.07
485464,2013,33602,52.2,99.3,3.3,-1.7,1.07
485485,2007,33601,52.2,99.3,3.4,-1.6,1.08
485487,1955,33600,52.2,99.3,3.4,-1.6,1.08
485488,2017,33600,52.2,99.3,3.4,-1.6,1.08
485488,2083,33600,52.2,99.3,3.4,-1.6,1.08
485501,2087,33599,52.2,99.3,3.4,-1.6,1.08
485502,1994,33599,52.2,99.3,3.4,-1.6,1.08
485502,1986,33599,52.2,99.3,3.4,-1.6,1.08
485502,2057,33599,52.2,99.3,3.4,-1.6,1.08
485519,2114,33596,52.2,99.3,3.4,-1.6,1.08
485520,2083,33596,52.2,99.3,3.4,-1.6,1.08
485520,2011,33596,52.2,99.3,3.4,-1.6,1.08
485532,1966,33595,52.2,99.3,3.4,-1.6,1.09
485533,2037,33595,52.2,99.3,3.4,-1.6,1.09
485533,2084,33595,52.2,99.3,3.4,-1.6,1.09
485550,2052,33592,52.2,99.3,3.4,-1.6,1.09
485551,1978,33592,52.2,99.3,3.4,-1.6,1.09
485551,1968,33592,52.2,99.3,3.4,-1.6,1.09
485563,2063,33591,52.2,99.3,3.4,-1.6,1.09
485564,2106,33591,52.2,99.3,3.4,-1.6,1.09
485564,2078,33591,52.2,99.3,3.4,-1.6,1.09
485584,1959,33589,52.2,99.3,3.4,-1.5,1.08
485587,1955,33588,52.2,99.3,3.4,-1.5,1.08
485588,2006,33588,52.2,99.3,3.4,-1.5,1.08
485588,2039,33588,52.2,99.3,3.4,-1.5,1.08
485601,2523,33587,52.2,99.3,3.4,-1.5,1.08
485601,2479,33587,52.2,99.3,3.4,-1.5,1.08
485601,2485,33587,52.2,99.3,3.4,-1.5,1.08
485602,2565,33587,52.2,99.3,3.4,-1.5,1.08
485619,2186,33585,52.2,99.3,3.4,-1.5,1.08
485620,2202,33585,52.2,99.3,3.4,-1.5,1.08
485620,2184,33585,52.2,99.3,3.4,-1.5,1.08
485633,1986,33584,52.2,99.3,3.3,-1.5,1.07
485633,2013,33584,52.2,99.3,3.3,-1.5,1.07
485633,2083,33584,52.2,99.3,3.3,-1.5,1.07
485652,2039,33582,52.2,99.3,3.3,-1.5,1.07
485653,1981,33582,52.2,99.3,3.3,-1.5,1.07
485653,1981,33582,52.2,99.3,3.3,-1.5,1.07
485667,281,33582,52.2,99.3,3.3,-1.5,1.07
485667,406,33582,52.2,99.3,3.3,-1.5,1.07
485667,347,33582,52.2,99.3,3.3,-1.5,1.07
485685,2443,33581,52.2,99.3,3.3,-1.6,1.07
485685,2379,33581,52.2,99.3,3.3,-1.6,1.07
485686,2530,33581,52.2,99.3,3.3,-1.6,1.07
485698,1899,33580,52.2,99.3,3.3,-1.6,1.07
485699,1836,33580,52.2,99.3,3.3,-1.6,1.07
485699,1657,33580,52.2,99.3,3.3,-1.6,1.07
485719,1898,33579,52.2,99.3,3.3,-1.6,1.07
485721,2074,33579,52.2,99.3,3.3,-1.6,1.07
485721,2205,33579,52.2,99.3,3.3,-1.6,1.07
485721,2112,33579,52.2,99.3,3.3,-1.6,1.07
485735,1906,33578,52.2,99.3,3.3,-1.7,1.07
485736,1883,33578,52.2,99.3,3.3,-1.7,1.07
485736,2048,33578,52.2,99.3,3.3,-1.7,1.07
485752,2199,33578,52.2,99.3,3.3,-1.7,1.07
485752,2081,33578,52.2,99.3,3.3,-1.7,1.07
485752,1916,33578,52.2,99.3,3.3,-1.7,1.07
485766,2163,33577,52.2,99.3,3.3,-1.7,1.07
485766,2294,33577,52.2,99.3,3.3,-1.7,1.07
485766,2397,33577,52.2,99.3,3.3,-1.7,1.07
485783,2101,33577,52.2,99.3,3.3,-1.8,1.08
485784,1970,33577,52.2,99.3,3.3,-1.8,1.08
485784,1940,33577,52.2,99.3,3.3,-1.8,1.08
485797,2017,33576,52.2,99.3,3.3,-1.8,1.08
485798,2188,33576,52.2,99.3,3.3,-1.8,1.08
485798,2148,33576,52.2,99.3,3.3,-1.8,1.08
485817,1877,33575,52.2,99.3,3.3,-1.8,1.08
485820,1990,33575,52.2,99.3,3.3,-1.8,1.08
485820,2108,33575,52.2,99.3,3.3,-1.8,1.08
485820,2220,33575,52.2,99.3,3.3,-1.8,1.08
485833,2070,33574,52.2,99.3,3.3,-1.7,1.07
485834,1941,33574,52.2,99.3,3.3,-1.7,1.07
485834,1908,33574,52.2,99.3,3.3,-1.7,1.07
485851,2053,33574,52.2,99.3,3.3,-1.7,1.07
485851,2117,33574,52.2,99.3,3.3,-1.7,1.07
485852,2097,33574,52.2,99.3,3.3,-1.7,1.07
485865,1942,33573,52.2,99.3,3.3,-1.7,1.07
485866,1916,33573,52.2,99.3,3.3,-1.7,1.07
485866,1995,33573,52.2,99.3,3.3,-1.7,1.07
485884,2162,33572,52.2,99.3,3.3,-1.6,1.08
485885,2128,33572,52.2,99.3,3.3,-1.6,1.08
485885,2014,33572,52.2,99.3,3.3,-1.6,1.08
485898,1919,33572,52.2,99.2,3.3,-1.6,1.08
485898,2016,33572,52.2,99.2,3.3,-1.6,1.08
485898,2097,33572,52.2,99.2,3.3,-1.6,1.08
485918,2039,33572,52.2,99.2,3.3,-1.6,1.08
485918,1938,33572,52.2,99.2,3.3,-1.6,1.08
485918,1994,33572,52.2,99.2,3.3,-1.6,1.08
485931,2056,33572,52.2,99.2,3.3,-1.6,1.07
485931,2089,33572,52.2,99.2,3.3,-1.6,1.07
485931,2064,33572,52.2,99.2,3.3,-1.6,1.07
485957,1852,33572,52.2,99.2,3.3,-1.6,1.07
485959,1918,33572,52.2,99.2,3.3,-1.6,1.07
485959,1997,33572,52.2,99.2,3.3,-1.6,1.07
485959,2060,33572,52.2,99.2,3.3,-1.6,1.07
485972,2093,33572,52.2,99.2,3.2,-1.6,1.08
485972,2029,33572,52.2,99.2,3.2,-1.6,1.08
485972,2000,33572,52.2,99.2,3.2,-1.6,1.08
485989,2019,33572,52.2,99.2,3.2,-1.6,1.08
485990,2069,33572,52.2,99.2,3.2,-1.6,1.08
485990,2055,33572,52.2,99.2,3.2,-1.6,1.08
486002,2017,33572,52.2,99.2,3.2,-1.6,1.08
486003,2003,33572,52.2,99.2,3.2,-1.6,1.08
486003,2062,33572,52.2,99.2,3.2,-1.6,1.08
486022,2140,33573,52.2,99.2,3.2,-1.6,1.08
486025,2115,33572,52.2,99.2,3.2,-1.6,1.08
486025,2049,33572,52.2,99.2,3.2,-1.6,1.08
486025,2037,33572,52.2,99.2,3.2,-1.6,1.08
486038,2036,33572,52.2,99.2,3.3,-1.6,1.08
486039,2191,33572,52.2,99.2,3.3,-1.6,1.08
486039,2190,33572,52.2,99.2,3.3,-1.6,1.08
486056,1939,33571,52.2,99.2,3.3,-1.6,1.08
486057,1916,33571,52.2,99.2,3.3,-1.6,1.08
486057,1940,33571,52.2,99.2,3.3,-1.6,1.08
486069,2023,33571,52.2,99.2,3.3,-1.6,1.08
486070,2023,33571,52.2,99.2,3.3,-1.6,1.08
486070,1994,33571,52.2,99.2,3.3,-1.6,1.08
486088,2004,33569,52.2,99.2,3.3,-1.7,1.08
486089,2020,33569,52.2,99.2,3.3,-1.7,1.08
486089,2073,33569,52.2,99.2,3.3,-1.7,1.08
486102,2068,33568,52.2,99.2,3.3,-1.7,1.08
486102,2034,33568,52.2,99.2,3.3,-1.7,1.08
486102,2035,33568,52.2,99.2,3.3,-1.7,1.08
486121,2081,33566,52.2,99.2,3.3,-1.7,1.08
486122,2094,33566,52.2,99.2,3.3,-1.7,1.08
486122,2085,33566,52.2,99.2,3.3,-1.7,1.08
486135,2005,33564,52.2,99.2,3.2,-1.7,1.07
486136,2001,33564,52.2,99.2,3.2,-1.7,1.07
486136,2014,33564,52.2,99.2,3.2,-1.7,1.07
486155,2019,33562,52.2,99.2,3.2,-1.7,1.07
486155,2010,33562,52.2,99.2,3.2,-1.7,1.07
486157,1982,33562,52.2,99.2,3.2,-1.7,1.07
486157,1982,33562,52.2,99.2,3.2,-1.7,1.07
486170,2029,33561,52.2,99.2,3.2,-1.7,1.07
486170,2027,33561,52.2,99.2,3.2,-1.7,1.07
486170,2031,33561,52.2,99.2,3.2,-1.7,1.07
486188,2064,33560,52.2,99.2,3.2,-1.6,1.08
486189,2059,33560,52.2,99.2,3.2,-1.6,1.08
486189,2067,33560,52.2,99.2,3.2,-1.6,1.08
486202,1241,33559,52.2,99.2,3.2,-1.6,1.08
486202,1173,33559,52.2,99.2,3.2,-1.6,1.08
486202,1113,33559,52.2,99.2,3.2,-1.6,1.08
486221,2385,33558,83.3,99.2,3.2,-1.6,1.08
486222,2364,33558,83.3,99.2,3.2,-1.6,1.08
486222,2439,33558,83.3,99.2,3.2,-1.6,1.08
486235,1962,33557,83.3,99.2,3.2,-1.5,1.07
486236,1907,33557,83.3,99.2,3.2,-1.5,1.07
486236,1826,33557,83.3,99.2,3.2,-1.5,1.07
486254,1961,33556,83.3,99.2,3.2,-1.5,1.07
486255,2048,33556,83.3,99.2,3.2,-1.5,1.07
486255,2101,33556,83.3,99.2,3.2,-1.5,1.07
486268,2282,33556,83.3,99.2,3.2,-1.5,1.07
486268,2196,33556,83.3,99.2,3.2,-1.5,1.07
486268,2175,33556,83.3,99.2,3.2,-1.5,1.07
486290,2202,33555,83.3,99.2,3.2,-1.6,1.07
486292,2132,33555,83.3,99.2,3.2,-1.6,1.07
486293,2087,33555,83.3,99.2,3.2,-1.6,1.07
486293,1987,33555,83.3,99.2,3.2,-1.6,1.07
486306,937,33555,83.3,99.2,3.2,-1.6,1.07
486306,1039,33555,83.3,99.2,3.2,-1.6,1.07
486306,1074,33555,83.3,99.2,3.2,-1.6,1.07
486323,2422,33555,83.3,99.2,3.2,-1.6,1.07
486323,2310,33555,83.3,99.2,3.2,-1.6,1.07
486323,2360,33555,83.3,99.2,3.2,-1.6,1.07
486336,1935,33554,83.3,99.2,3.2,-1.6,1.07
486336,1953,33554,83.3,99.2,3.2,-1.6,1.07
486337,1825,33554,83.3,99.2,3.2,-1.6,1.07
486355,1852,33554,83.3,99.2,3.2,-1.6,1.07
486356,1890,33554,83.3,99.2,3.2,-1.6,1.07
486356,2066,33554,83.3,99.2,3.2,-1.6,1.07
486369,2159,33554,83.3,99.2,3.2,-1.6,1.07
486370,2016,33554,83.3,99.2,3.2,-1.6,1.07
486371,1925,33554,83.3,99.2,3.2,-1.6,1.07
486371,1988,33554,83.3,99.2,3.2,-1.6,1.07
486391,2085,33553,83.3,99.2,3.2,-1.6,1.08
486393,2085,33553,83.3,99.1,3.2,-1.6,1.08
486394,1990,33553,83.3,99.1,3.2,-1.6,1.08
486394,1917,33553,83.3,99.1,3.2,-1.6,1.08
486406,2418,33553,83.3,99.1,3.2,-1.6,1.08
486407,2472,33553,83.3,99.1,3.2,-1.6,1.08
486407,2495,33553,83.3,99.1,3.2,-1.6,1.08
486424,2183,33552,83.3,99.1,3.2,-1.6,1.08
486425,2120,33552,83.3,99.1,3.2,-1.6,1.08
486425,2162,33552,83.3,99.1,3.2,-1.6,1.08
486437,2029,33552,83.3,99.1,3.2,-1.6,1.08
486438,2048,33552,83.3,99.1,3.2,-1.6,1.08
486438,1964,33552,83.3,99.1,3.2,-1.6,1.08
486456,1843,33552,83.3,99.1,3.2,-1.6,1.08
486457,1837,33552,83.3,99.1,3.2,-1.6,1.08
486457,1957,33552,83.3,99.1,3.2,-1.6,1.08
486470,2169,33552,83.3,99.1,3.2,-1.6,1.08
486470,2076,33552,83.3,99.1,3.2,-1.6,1.08
486470,2024,33552,83.3,99.1,3.2,-1.6,1.08
486490,2080,33551,83.3,99.1,3.2,-1.6,1.08
486490,2099,33551,83.3,99.1,3.2,-1.6,1.08
486490,2139,33551,83.3,99.1,3.2,-1.6,1.08
486504,2040,33551,83.3,99.1,3.2,-1.6,1.07
486504,1997,33551,83.3,99.1,3.2,-1.6,1.07
486505,2025,33551,83.3,99.1,3.2,-1.6,1.07
486522,2210,33551,83.3,99.1,3.2,-1.6,1.07
486523,2213,33551,83.3,99.1,3.2,-1.6,1.07
486523,2156,33551,83.3,99.1,3.2,-1.6,1.07
486536,1939,33552,83.3,99.1,3.2,-1.6,1.07
486536,1968,33552,83.3,99.1,3.2,-1.6,1.07
486536,2030,33552,83.3,99.1,3.2,-1.6,1.07
486555,2039,33552,83.3,99.1,3.2,-1.7,1.07
486557,1983,33552,83.3,99.1,3.2,-1.7,1.07
486557,1953,33552,83.3,99.1,3.2,-1.7,1.07
486558,1980,33552,83.3,99.1,3.2,-1.7,1.07
486570,2079,33553,83.3,99.1,3.2,-1.7,1.07
486571,2059,33553,83.3,99.1,3.2,-1.7,1.07
486571,2032,33553,83.3,99.1,3.2,-1.7,1.07
486588,1996,33553,83.3,99.1,3.2,-1.7,1.07
486589,2048,33553,83.3,99.1,3.2,-1.7,1.07
486589,2065,33553,83.3,99.1,3.2,-1.7,1.07
486602,2093,33554,83.3,99.1,3.3,-1.6,1.07
486603,2049,33554,83.3,99.1,3.3,-1.6,1.07
486603,2025,33554,83.3,99.1,3.3,-1.6,1.07
486621,2094,33553,83.3,99.1,3.3,-1.6,1.07
486621,2126,33553,83.3,99.1,3.3,-1.6,1.07
486621,2122,33553,83.3,99.1,3.3,-1.6,1.07
486635,1995,33553,83.3,99.1,3.3,-1.6,1.07
486635,1971,33553,83.3,99.1,3.3,-1.6,1.07
486636,1985,33553,83.3,99.1,3.3,-1.6,1.07
486655,1988,33552,83.3,99.1,3.4,-1.6,1.08
486657,1987,33552,83.3,99.1,3.4,-1.6,1.08
486657,1945,33552,83.3,99.1,3.4,-1.6,1.08
486658,1927,33552,83.3,99.1,3.4,-1.6,1.08
486670,2111,33551,83.3,99.1,3.4,-1.6,1.08
486671,2107,33551,83.3,99.1,3.4,-1.6,1.08
486671,2099,33551,83.3,99.1,3.4,-1.6,1.08
486689,2066,33550,83.3,99.1,3.4,-1.6,1.08
486689,2039,33550,83.3,99.1,3.4,-1.6,1.08
486689,2028,33550,83.3,99.1,3.4,-1.6,1.08
486703,2784,33548,83.3,99.1,3.4,-1.6,1.07
486703,2810,33548,83.3,99.1,3.4,-1.6,1.07
486703,2821,33548,83.3,99.1,3.4,-1.6,1.07
486721,2368,33547,83.3,99.1,3.4,-1.6,1.07
486722,2400,33547,83.3,99.1,3.4,-1.6,1.07
486722,2412,33547,83.3,99.1,3.4,-1.6,1.07
486735,1972,33546,83.3,99.1,3.4,-1.6,1.07
486735,1965,33546,83.3,99.1,3.4,-1.6,1.07
486735,1963,33546,83.3,99.1,3.4,-1.6,1.07
486754,2045,33545,83.3,99.1,3.4,-1.6,1.07
486755,2021,33545,83.3,99.1,3.4,-1.6,1.07
486755,2026,33545,83.3,99.1,3.4,-1.6,1.07
486767,2081,33544,83.3,99.1,3.3,-1.6,1.07
486768,2089,33544,83.3,99.1,3.3,-1.6,1.07
486769,2060,33544,83.3,99.1,3.3,-1.6,1.07
486770,2039,33544,83.3,99.1,3.3,-1.6,1.07
486788,2087,33543,83.3,99.1,3.3,-1.6,1.07
486789,2070,33543,83.3,99.1,3.3,-1.6,1.07
486789,2087,33543,83.3,99.1,3.3,-1.6,1.07
486803,2214,33543,83.3,99.1,3.3,-1.6,1.07
486803,2198,33543,83.3,99.1,3.3,-1.6,1.07
486803,2225,33543,83.3,99.1,3.3,-1.6,1.07
486827,2041,33543,83.3,99.1,3.3,-1.6,1.08
486828,2054,33543,83.3,99.1,3.3,-1.6,1.08
486829,2033,33543,83.3,99.1,3.3,-1.6,1.08
486829,2015,33543,83.3,99.1,3.3,-1.6,1.08
486842,2116,33543,83.3,99.1,3.3,-1.6,1.08
486843,2147,33543,83.3,99.1,3.3,-1.6,1.08
486843,2140,33543,83.3,99.1,3.3,-1.6,1.08
486859,2022,33543,83.3,99.1,3.3,-1.6,1.08
486859,2045,33543,83.3,99.1,3.3,-1.6,1.08
486860,2067,33543,83.3,99.1,3.3,-1.6,1.08
486874,2035,33543,83.3,99.1,3.3,-1.6,1.07
486874,2016,33543,83.3,99.1,3.3,-1.6,1.07
486874,2017,33543,83.3,99.1,3.3,-1.6,1.07
486892,2029,33543,83.3,99.1,3.3,-1.6,1.07
486893,2010,33543,83.3,99.1,3.3,-1.6,1.07
486893,2017,33543,83.3,99.1,3.3,-1.6,1.07
486906,2053,33543,83.3,99.1,3.3,-1.6,1.07
486906,2048,33543,83.3,99.1,3.3,-1.6,1.07
486906,2030,33543,83.3,99.1,3.3,-1.6,1.07
486925,2050,33543,83.3,99.1,3.3,-1.6,1.07
486927,2054,33543,83.3,99.1,3.3,-1.6,1.07
486927,2060,33543,83.3,99.1,3.3,-1.6,1.07
486928,2055,33543,83.3,99.1,3.3,-1.6,1.07
486941,2041,33543,83.3,99.1,3.3,-1.6,1.07
486941,2040,33543,83.3,99.1,3.3,-1.6,1.07
486942,2047,33543,83.3,99.1,3.3,-1.6,1.07
486958,2050,33543,83.3,99.1,3.3,-1.6,1.07
486958,2033,33543,83.3,99.1,3.3,-1.6,1.07
486958,2022,33543,83.3,99.1,3.3,-1.6,1.07
486972,1990,33543,83.3,99.1,3.3,-1.6,1.07
486972,2005,33543,83.3,99.1,3.3,-1.6,1.07
486973,2006,33543,83.3,99.1,3.3,-1.6,1.07
486992,2045,33543,83.3,99.1,3.3,-1.6,1.07
486992,2020,33543,83.3,99.1,3.3,-1.6,1.07
486992,2010,33543,83.3,99.1,3.3,-1.6,1.07
487005,2045,33543,83.3,99.1,3.3,-1.6,1.07
487005,2047,33543,83.3,99.1,3.3,-1.6,1.07
487006,2036,33543,83.3,99.1,3.3,-1.6,1.07
487024,239,33543,83.3,99.1,3.3,-1.6,1.07
487025,261,33543,83.3,99.1,3.3,-1.6,1.07
487025,218,33543,83.3,99.1,3.3,-1.6,1.07
487038,2341,33543,77.9,99.1,3.3,-1.6,1.07
487038,2459,33543,77.9,99.1,3.3,-1.6,1.07
487038,2627,33543,77.9,99.1,3.3,-1.6,1.07
487057,1578,33544,77.9,99.1,3.3,-1.6,1.07
487060,1749,33544,77.9,99.1,3.3,-1.6,1.07
487061,1683,33544,77.9,99.1,3.3,-1.6,1.07
487062,1738,33544,77.9,99.1,3.3,-1.6,1.07
487075,2113,33544,77.9,99.1,3.3,-1.6,1.07
487076,2204,33544,77.9,99.1,3.3,-1.6,1.07
487077,2143,33544,77.9,99.1,3.3,-1.6,1.07
487077,1996,33544,77.9,99.1,3.3,-1.6,1.07
487095,1910,33545,77.9,99.1,3.4,-1.6,1.08
487095,2014,33545,77.9,99.1,3.4,-1.6,1.08
487096,2122,33545,77.9,99.1,3.4,-1.6,1.08
487108,2179,33545,77.9,99.1,3.4,-1.6,1.08
487109,2045,33545,77.9,99.1,3.4,-1.6,1.08
487109,2004,33545,77.9,99.1,3.4,-1.6,1.08
487127,249,33546,77.9,99.1,3.4,-1.6,1.08
487128,441,33546,77.9,99.1,3.4,-1.6,1.08
487128,330,33546,77.9,99.1,3.4,-1.6,1.08
487141,3206,33547,77.9,99.1,3.3,-1.6,1.07
487142,3171,33547,77.9,99.1,3.3,-1.6,1.07
487142,3401,33547,77.9,99.1,3.3,-1.6,1.07
487160,2019,33548,77.9,99.1,3.3,-1.6,1.07
487161,1962,33548,77.9,99.1,3.3,-1.6,1.07
487161,1677,33548,77.9,99.1,3.3,-1.6,1.07
487174,1928,33549,77.9,99.1,3.3,-1.6,1.07
487174,2153,33549,77.9,99.1,3.3,-1.6,1.07
487175,2392,33549,77.9,99.1,3.3,-1.6,1.07
487199,2206,33549,77.9,99.1,3.4,-1.7,1.08
487202,2026,33549,77.9,99.1,3.4,-1.7,1.08
487202,1930,33549,77.9,99.1,3.4,-1.7,1.08
487202,2154,33549,77.9,99.1,3.4,-1.7,1.08
487215,2219,33549,77.9,99.1,3.4,-1.7,1.08
487215,2144,33549,77.9,99.1,3.4,-1.7,1.08
487216,1879,33549,77.9,99.1,3.4,-1.7,1.08
487232,1822,33548,77.9,99.1,3.4,-1.7,1.08
487233,2019,33548,77.9,99.1,3.4,-1.7,1.08
487233,2233,33548,77.9,99.1,3.4,-1.7,1.08
487245,2219,33548,77.9,99.1,3.3,-1.6,1.08
487246,1970,33548,77.9,99.1,3.3,-1.6,1.08
487246,1878,33548,77.9,99.1,3.3,-1.6,1.08
487265,2014,33547,77.9,99.1,3.3,-1.6,1.08
487267,2186,33547,77.9,99.1,3.3,-1.6,1.08
487267,2157,33547,77.9,99.1,3.3,-1.6,1.08
487268,1922,33547,77.9,99.1,3.3,-1.6,1.08
487281,1878,33545,77.9,99.1,3.3,-1.6,1.08
487282,2021,33545,77.9,99.1,3.3,-1.6,1.08
487283,2192,33545,77.9,99.1,3.3,-1.6,1.08
487300,2353,33544,77.9,99.1,3.3,-1.6,1.07
487301,2170,33544,77.9,99.1,3.3,-1.6,1.07
487301,2116,33544,77.9,99.1,3.3,-1.6,1.07
487314,2000,33543,77.9,99.1,3.3,-1.6,1.07
487314,2140,33543,77.9,99.1,3.3,-1.6,1.07
487314,2067,33543,77.9,99.1,3.3,-1.6,1.07
487334,1945,33543,77.9,99.1,3.3,-1.6,1.07
487334,1899,33543,77.9,99.1,3.3,-1.6,1.07
487336,2022,33543,77.9,99.1,3.3,-1.6,1.07
487337,2176,33543,77.9,99.1,3.3,-1.6,1.07
487351,2121,33542,77.9,99.1,3.3,-1.6,1.07
487351,1938,33542,77.9,99.1,3.3,-1.6,1.07
487351,1889,33542,77.9,99.1,3.3,-1.6,1.07
487367,2144,33542,77.9,99.1,3.3,-1.6,1.07
487367,2263,33542,77.9,99.1,3.3,-1.6,1.07
487368,2207,33542,77.9,99.1,3.3,-1.6,1.07
487381,2037,33541,77.9,99.1,3.3,-1.6,1.07
487381,1995,33541,77.9,99.1,3.3,-1.6,1.07
487382,2144,33541,77.9,99.1,3.3,-1.6,1.07
487399,2217,33541,77.9,99.1,3.3,-1.6,1.07
487400,2095,33541,77.9,99.1,3.3,-1.6,1.07
487400,1985,33541,77.9,99.1,3.3,-1.6,1.07
487413,1924,33541,77.9,99.1,3.3,-1.6,1.07
487413,2042,33541,77.9,99.1,3.3,-1.6,1.07
487413,2148,33541,77.9,99.1,3.3,-1.6,1.07
487439,2059,33541,77.9,99.1,3.3,-1.6,1.07
487442,2040,33541,77.9,99.1,3.3,-1.6,1.07
487442,1999,33541,77.9,99.1,3.3,-1.6,1.07
487443,2102,33541,77.9,99.1,3.3,-1.6,1.07
487465,2135,33542,77.9,98.8,3.3,-1.6,1.07
487468,2076,33542,77.9,98.8,3.3,-1.6,1.07
487468,1945,33542,77.9,98.8,3.3,-1.6,1.07
487469,1905,33542,77.9,98.8,3.3,-1.6,1.07
487481,2093,33542,77.9,98.8,3.3,-1.6,1.07
487482,2191,33542,77.9,98.8,3.3,-1.6,1.07
487482,2165,33542,77.9,98.8,3.3,-1.6,1.07
487499,1969,33542,77.9,98.8,3.3,-1.6,1.07
487500,1969,33542,77.9,98.8,3.3,-1.6,1.07
487500,2084,33542,77.9,98.8,3.3,-1.6,1.07
487512,2112,33542,77.9,98.8,3.3,-1.7,1.08
487513,2087,33542,77.9,98.8,3.3,-1.7,1.08
487513,1962,33542,77.9,98.8,3.3,-1.7,1.08
487533,1944,33542,77.9,98.8,3.3,-1.7,1.08
487535,2004,33542,77.9,98.8,3.3,-1.7,1.08
487536,2114,33542,77.9,98.8,3.3,-1.7,1.08
487536,2072,33542,77.9,98.8,3.3,-1.7,1.08
487549,2087,33542,77.9,98.8,3.3,-1.7,1.08
487550,2014,33542,77.9,98.8,3.3,-1.7,1.08
487551,2055,33542,77.9,98.8,3.3,-1.7,1.08
487552,2121,33542,77.9,98.8,3.3,-1.7,1.08
487570,2114,33542,77.9,98.8,3.3,-1.7,1.08
487570,2017,33542,77.9,98.8,3.3,-1.7,1.08
487570,1987,33542,77.9,98.8,3.3,-1.7,1.08
487583,2044,33542,77.9,98.8,3.3,-1.7,1.08
487583,2121,33542,77.9,98.8,3.3,-1.7,1.08
487583,2098,33542,77.9,98.8,3.3,-1.7,1.08
487602,2214,33542,77.9,98.8,3.3,-1.7,1.08
487603,2210,33542,77.9,98.8,3.3,-1.7,1.08
487603,2269,33542,77.9,98.8,3.3,-1.7,1.08
487615,2055,33542,77.9,98.8,3.3,-1.6,1.08
487616,2021,33542,77.9,98.8,3.3,-1.6,1.08
487616,1926,33542,77.9,98.8,3.3,-1.6,1.08
487636,1928,33542,77.9,98.8,3.3,-1.6,1.08
487639,1973,33543,77.9,98.8,3.3,-1.6,1.08
487639,2044,33543,77.9,98.8,3.3,-1.6,1.08
487640,2070,33543,77.9,98.8,3.3,-1.6,1.08
487652,2002,33543,77.9,98.8,3.3,-1.6,1.08
487653,1966,33543,77.9,98.8,3.3,-1.6,1.08
487653,2019,33543,77.9,98.8,3.3,-1.6,1.08
487671,2115,33543,77.9,98.8,3.3,-1.6,1.07
487671,2095,33543,77.9,98.8,3.3,-1.6,1.07
487671,2017,33543,77.9,98.8,3.3,-1.6,1.07
487684,1961,33544,77.9,98.8,3.3,-1.6,1.07
487684,2027,33544,77.9,98.8,3.3,-1.6,1.07
487684,2087,33544,77.9,98.8,3.3,-1.6,1.07
487703,2145,33545,77.9,98.8,3.3,-1.6,1.07
487704,2069,33545,77.9,98.8,3.3,-1.6,1.07
487704,2049,33545,77.9,98.8,3.3,-1.6,1.07
487716,2009,33545,77.9,98.8,3.2,-1.6,1.08
487717,2070,33545,77.9,98.8,3.2,-1.6,1.08
487717,2072,33545,77.9,98.8,3.2,-1.6,1.08
487737,1984,33546,77.9,98.8,3.2,-1.6,1.08
487740,2006,33546,77.9,98.8,3.2,-1.6,1.08
487740,2141,33546,77.9,98.8,3.2,-1.6,1.08
487741,2243,33546,77.9,98.8,3.2,-1.6,1.08
487754,2043,33547,77.9,98.8,3.2,-1.6,1.08
487755,1972,33547,77.9,98.8,3.2,-1.6,1.08
487755,1933,33547,77.9,98.8,3.2,-1.6,1.08
487773,2033,33547,77.9,98.8,3.2,-1.6,1.08
487773,2079,33547,77.9,98.8,3.2,-1.6,1.08
487773,2085,33547,77.9,98.8,3.2,-1.6,1.08
487786,2027,33547,77.9,98.8,3.2,-1.6,1.08
487786,1993,33547,77.9,98.8,3.2,-1.6,1.08
487786,2026,33547,77.9,98.8,3.2,-1.6,1.08
487806,2110,33546,77.9,98.8,3.2,-1.6,1.08
487809,2091,33546,77.9,98.8,3.2,-1.6,1.08
487809,2049,33546,77.9,98.8,3.2,-1.6,1.08
487809,2026,33546,77.9,98.8,3.2,-1.6,1.08
487822,2026,33545,77.9,98.8,3.2,-1.6,1.07
487822,2066,33545,77.9,98.8,3.2,-1.6,1.07
487822,2061,33545,77.9,98.8,3.2,-1.6,1.07
487839,2010,33544,77.9,98.8,3.2,-1.6,1.07
487840,2011,33544,77.9,98.8,3.2,-1.6,1.07
487840,2067,33544,77.9,98.8,3.2,-1.6,1.07
487853,2047,33543,77.9,98.8,3.2,-1.6,1.07
487854,2008,33543,77.9,98.8,3.2,-1.6,1.07
487854,1975,33543,77.9,98.8,3.2,-1.6,1.07
487873,1986,33541,77.9,98.8,3.2,-1.7,1.08
487874,1986,33541,77.9,98.8,3.2,-1.7,1.08
487875,2042,33541,77.9,98.8,3.2,-1.7,1.08
487875,2030,33541,77.9,98.8,3.2,-1.7,1.08
487889,2081,33540,77.9,98.8,3.2,-1.7,1.08
487889,2053,33540,77.9,98.8,3.2,-1.7,1.08
487889,2059,33540,77.9,98.8,3.2,-1.7,1.08
487905,2087,33540,77.9,98.8,3.2,-1.7,1.08
487905,2082,33540,77.9,98.8,3.2,-1.7,1.08
487906,2061,33540,77.9,98.8,3.2,-1.7,1.08
487919,1992,33539,77.9,98.8,3.2,-1.6,1.08
487919,2011,33539,77.9,98.8,3.2,-1.6,1.08
487920,2039,33539,77.9,98.8,3.2,-1.6,1.08
487938,1992,33538,77.9,98.8,3.2,-1.6,1.08
487939,1979,33538,77.9,98.8,3.2,-1.6,1.08
487939,1960,33538,77.9,98.8,3.2,-1.6,1.08
487952,1661,33538,77.9,98.8,3.2,-1.6,1.08
487952,1751,33538,77.9,98.8,3.2,-1.6,1.08
487952,1791,33538,77.9,98.8,3.2,-1.6,1.08
487975,1849,33537,77.9,98.8,3.3,-1.7,1.07
487978,1873,33537,77.9,98.8,3.3,-1.7,1.07
487978,1918,33537,77.9,98.8,3.3,-1.7,1.07
487978,1931,33537,77.9,98.8,3.3,-1.7,1.07
487991,2086,33537,77.9,98.8,3.3,-1.7,1.07
487991,2073,33537,77.9,98.8,3.3,-1.7,1.07
487991,2054,33537,77.9,98.8,3.3,-1.7,1.07
488008,2056,33537,77.9,98.8,3.3,-1.7,1.07
488008,2060,33537,77.9,98.8,3.3,-1.7,1.07
488008,2050,33537,77.9,98.8,3.3,-1.7,1.07
488021,2076,33537,77.9,98.8,3.3,-1.6,1.08
488021,2071,33537,77.9,98.8,3.3,-1.6,1.08
488021,2096,33537,77.9,98.8,3.3,-1.6,1.08
488040,2032,33537,77.9,98.8,3.3,-1.6,1.08
488041,1990,33537,77.9,98.8,3.3,-1.6,1.08
488041,1945,33537,77.9,98.8,3.3,-1.6,1.08
488054,1970,33537,77.9,98.8,3.3,-1.6,1.08
488054,2018,33537,77.9,98.8,3.3,-1.6,1.08
488054,2055,33537,77.9,98.8,3.3,-1.6,1.08
488075,2008,33537,77.9,98.7,3.4,-1.6,1.08
488078,1970,33538,77.9,98.7,3.4,-1.6,1.08
488078,1962,33538,77.9,98.7,3.4,-1.6,1.08
488078,1983,33538,77.9,98.7,3.4,-1.6,1.08
488091,2072,33538,77.9,98.7,3.4,-1.6,1.08
488091,2065,33538,77.9,98.7,3.4,-1.6,1.08
488092,2036,33538,77.9,98.7,3.4,-1.6,1.08
488109,2029,33538,77.9,98.7,3.4,-1.6,1.08
488109,2042,33538,77.9,98.7,3.4,-1.6,1.08
488110,2068,33538,77.9,98.7,3.4,-1.6,1.08
488122,2082,33538,77.9,98.7,3.4,-1.6,1.07
488123,2015,33538,77.9,98.7,3.4,-1.6,1.07
488123,2038,33538,77.9,98.7,3.4,-1.6,1.07
488141,2201,33538,77.9,98.7,3.4,-1.6,1.07
488142,2273,33538,77.9,98.7,3.4,-1.6,1.07
488142,2296,33538,77.9,98.7,3.4,-1.6,1.07
488155,2003,33538,77.9,98.7,3.4,-1.6,1.07
488155,1965,33538,77.9,98.7,3.4,-1.6,1.07
488156,1917,33538,77.9,98.7,3.4,-1.6,1.07
488175,2070,33538,77.9,98.7,3.3,-1.7,1.07
488178,2058,33539,77.9,98.7,3.3,-1.7,1.07
488178,2050,33539,77.9,98.7,3.3,-1.7,1.07
488179,2063,33539,77.9,98.7,3.3,-1.7,1.07
488191,2024,33539,77.9,98.7,3.3,-1.7,1.07
488192,2024,33539,77.9,98.7,3.3,-1.7,1.07
488192,2011,33539,77.9,98.7,3.3,-1.7,1.07
488209,2108,33539,77.9,98.7,3.3,-1.7,1.07
488210,2100,33539,77.9,98.7,3.3,-1.7,1.07
488210,2112,33539,77.9,98.7,3.3,-1.7,1.07
488222,2055,33540,77.9,98.7,3.3,-1.5,1.08
488223,2038,33540,77.9,98.7,3.3,-1.5,1.08
488223,2026,33540,77.9,98.7,3.3,-1.5,1.08
488241,2041,33541,77.9,98.7,3.3,-1.5,1.08
488242,2044,33541,77.9,98.7,3.3,-1.5,1.08
488242,2045,33541,77.9,98.7,3.3,-1.5,1.08
488255,2031,33541,77.9,98.7,3.3,-1.5,1.08
488255,2026,33541,77.9,98.7,3.3,-1.5,1.08
488256,2043,33541,77.9,98.7,3.3,-1.5,1.08
488274,2015,33542,77.9,98.7,3.3,-1.5,1.08
488275,2027,33542,77.9,98.7,3.3,-1.5,1.08
488275,2021,33542,77.9,98.7,3.3,-1.5,1.08
488288,2062,33543,77.9,98.7,3.2,-1.5,1.08
488289,2052,33543,77.9,98.7,3.2,-1.5,1.08
488289,2062,33543,77.9,98.7,3.2,-1.5,1.08
488307,2091,33545,77.9,98.7,3.2,-1.5,1.08
488308,2088,33545,77.9,98.7,3.2,-1.5,1.08
488308,2076,33545,77.9,98.7,3.2,-1.5,1.08
488320,2060,33545,77.9,98.7,3.2,-1.5,1.08
488321,2098,33545,77.9,98.7,3.2,-1.5,1.08
488321,2102,33545,77.9,98.7,3.2,-1.5,1.08
488340,2039,33547,77.9,98.7,3.2,-1.6,1.08
488342,2094,33547,77.9,98.7,3.2,-1.6,1.08
488342,2098,33547,77.9,98.7,3.2,-1.6,1.08
488342,2106,33547,77.9,98.7,3.2,-1.6,1.08
488356,2020,33547,77.9,98.7,3.2,-1.6,1.08
488356,1995,33547,77.9,98.7,3.2,-1.6,1.08
488357,2001,33547,77.9,98.7,3.2,-1.6,1.08
488373,2022,33547,77.9,98.7,3.2,-1.6,1.08
488373,2040,33547,77.9,98.7,3.2,-1.6,1.08
488374,2041,33547,77.9,98.7,3.2,-1.6,1.08
488387,2562,33547,77.9,98.7,3.4,-1.7,1.08
488388,2512,33547,77.9,98.7,3.4,-1.7,1.08
488388,2500,33547,77.9,98.7,3.4,-1.7,1.08
488406,2035,33546,77.9,98.7,3.4,-1.7,1.08
488407,2057,33546,77.9,98.7,3.4,-1.7,1.08
488407,2028,33546,77.9,98.7,3.4,-1.7,1.08
488420,2016,33546,77.9,98.7,3.4,-1.7,1.08
488420,2028,33546,77.9,98.7,3.4,-1.7,1.08
488420,2054,33546,77.9,98.7,3.4,-1.7,1.08
488439,2059,33544,77.9,98.7,3.4,-1.7,1.08
488440,2022,33544,77.9,98.7,3.4,-1.7,1.08
488440,1999,33544,77.9,98.7,3.4,-1.7,1.08
488453,2069,33544,77.9,98.7,3.5,-1.6,1.08
488453,2098,33544,77.9,98.7,3.5,-1.6,1.08
488453,2089,33544,77.9,98.7,3.5,-1.6,1.08
488472,2062,33543,77.9,98.7,3.5,-1.6,1.08
488475,1980,33542,77.9,98.7,3.5,-1.6,1.08
488475,1983,33542,77.9,98.7,3.5,-1.6,1.08
488475,2004,33542,77.9,98.7,3.5,-1.6,1.08
488488,2054,33542,77.9,98.7,3.5,-1.6,1.08
488488,2031,33542,77.9,98.7,3.5,-1.6,1.08
488489,2016,33542,77.9,98.7,3.5,-1.6,1.08
488507,2004,33541,77.9,98.7,3.4,-1.6,1.07
488507,2019,33541,77.9,98.7,3.4,-1.6,1.07
488507,2033,33541,77.9,98.7,3.4,-1.6,1.07
488520,2025,33541,77.9,98.7,3.4,-1.6,1.07
488521,2028,33541,77.9,98.7,3.4,-1.6,1.07
488521,2081,33541,77.9,98.7,3.4,-1.6,1.07
488539,2028,33540,77.9,98.7,3.4,-1.6,1.07
488540,2036,33540,77.9,98.7,3.4,-1.6,1.07
488540,2002,33540,77.9,98.7,3.4,-1.6,1.07
488552,2024,33540,77.9,98.7,3.2,-1.5,1.07
488553,2031,33540,77.9,98.7,3.2,-1.5,1.07
488553,2051,33540,77.9,98.7,3.2,-1.5,1.07
488572,2072,33540,77.9,98.7,3.2,-1.5,1.07
488575,2003,33540,77.9,98.7,3.2,-1.5,1.07
488575,2007,33540,77.9,98.7,3.2,-1.5,1.07
488575,2014,33540,77.9,98.7,3.2,-1.5,1.07
488588,2025,33540,77.9,98.7,3.2,-1.5,1.07
488588,2035,33540,77.9,98.7,3.2,-1.5,1.07
488589,2019,33540,77.9,98.7,3.2,-1.5,1.07
488606,2089,33540,77.9,98.7,3.2,-1.6,1.07
488607,2045,33540,77.9,98.7,3.2,-1.6,1.07
488607,2106,33540,77.9,98.7,3.2,-1.6,1.07
488608,2109,33540,77.9,98.7,3.2,-1.6,1.07
488621,2231,33540,77.9,98.7,3.2,-1.6,1.07
488622,2205,33540,77.9,98.7,3.2,-1.6,1.07
488622,2212,33540,77.9,98.7,3.2,-1.6,1.07
488640,2022,33541,77.9,98.7,3.2,-1.6,1.07
488641,1920,33541,77.9,98.7,3.2,-1.6,1.07
488641,2058,33541,77.9,98.7,3.2,-1.6,1.07
488653,2080,33541,77.9,98.7,3.4,-1.7,1.07
488654,2060,33541,77.9,98.7,3.4,-1.7,1.07
488654,2058,33541,77.9,98.7,3.4,-1.7,1.07
488654,2062,33541,77.9,98.7,3.4,-1.7,1.07
488672,2088,33541,77.9,98.7,3.4,-1.7,1.07
488673,2051,33541,77.9,98.7,3.4,-1.7,1.07
488673,2067,33541,77.9,98.7,3.4,-1.7,1.07
488686,2133,33540,77.9,98.7,3.4,-1.7,1.07
488687,2150,33540,77.9,98.7,3.4,-1.7,1.07
488687,2110,33540,77.9,98.7,3.4,-1.7,1.07
488706,2436,33540,77.9,98.7,3.5,-1.7,1.07
488708,2411,33540,77.9,98.7,3.5,-1.7,1.07
488708,2439,33540,77.9,98.7,3.5,-1.7,1.07
488708,2449,33540,77.9,98.7,3.5,-1.7,1.07
488721,1978,33540,77.9,98.7,3.5,-1.7,1.07
488722,2022,33540,77.9,98.7,3.5,-1.7,1.07
488722,2026,33540,77.9,98.7,3.5,-1.7,1.07
488740,1965,33540,77.9,98.7,3.5,-1.7,1.07
488740,1988,33540,77.9,98.7,3.5,-1.7,1.07
488740,1977,33540,77.9,98.7,3.5,-1.7,1.07
488753,2104,33540,77.9,98.7,3.3,-1.6,1.08
488754,2048,33540,77.9,98.7,3.3,-1.6,1.08
488755,2038,33540,77.9,98.7,3.3,-1.6,1.08
488756,2018,33540,77.9,98.7,3.3,-1.6,1.08
488773,2094,33541,77.9,98.7,3.3,-1.6,1.08
488773,2055,33541,77.9,98.7,3.3,-1.6,1.08
488773,2050,33541,77.9,98.7,3.3,-1.6,1.08
488787,2163,33541,77.9,98.7,3.3,-1.6,1.08
488787,2179,33541,77.9,98.7,3.3,-1.6,1.08
488787,2151,33541,77.9,98.7,3.3,-1.6,1.08
488805,2314,33541,77.9,98.7,3.3,-1.6,1.08
488806,2314,33541,77.9,98.7,3.3,-1.6,1.08
488806,2376,33541,77.9,98.7,3.3,-1.6,1.08
488818,1974,33541,77.9,98.7,3.1,-1.6,1.07
488819,1949,33541,77.9,98.7,3.1,-1.6,1.07
488819,1895,33541,77.9,98.7,3.1,-1.6,1.07
488839,1869,33542,77.9,98.6,3.1,-1.6,1.07
488841,2055,33542,77.9,98.6,3.1,-1.6,1.07
488842,2235,33542,77.9,98.6,3.1,-1.6,1.07
488842,2288,33542,77.9,98.6,3.1,-1.6,1.07
488856,1957,33542,77.9,98.6,3.1,-1.6,1.07
488856,1927,33542,77.9,98.6,3.1,-1.6,1.07
488857,1937,33542,77.9,98.6,3.1,-1.6,1.07
488874,429,33543,77.9,98.6,3.3,-1.5,1.08
488875,539,33543,77.9,98.6,3.3,-1.5,1.08
488875,542,33543,77.9,98.6,3.3,-1.5,1.08
488888,2996,33543,77.9,98.6,3.3,-1.5,1.08
488888,3021,33543,77.9,98.6,3.3,-1.5,1.08
488888,3146,33543,77.9,98.6,3.3,-1.5,1.08
488907,2112,33544,77.9,98.6,3.3,-1.5,1.08
488908,2049,33544,77.9,98.6,3.3,-1.5,1.08
488908,1901,33544,77.9,98.6,3.3,-1.5,1.08
488920,1984,33544,77.9,98.6,3.5,-1.4,1.07
488921,2138,33544,77.9,98.6,3.5,-1.4,1.07
488921,2288,33544,77.9,98.6,3.5,-1.4,1.07
488940,2068,33544,77.9,98.6,3.5,-1.4,1.07
488943,2463,33544,77.9,98.6,3.5,-1.4,1.07
488944,2486,33544,77.9,98.6,3.5,-1.4,1.07
488944,2641,33544,77.9,98.6,3.5,-1.4,1.07
488957,2023,33544,77.9,98.6,3.5,-1.4,1.07
488957,1941,33544,77.9,98.6,3.5,-1.4,1.07
488957,1750,33544,77.9,98.6,3.5,-1.4,1.07
488981,1606,33543,77.9,98.6,3.5,-1.5,1.07
488983,2134,33542,77.9,98.6,3.5,-1.5,1.07
488984,2312,33542,77.9,98.6,3.5,-1.5,1.07
488984,2284,33542,77.9,98.6,3.5,-1.5,1.07
488996,1980,33541,77.9,98.6,3.5,-1.5,1.07
488997,1915,33541,77.9,98.6,3.5,-1.5,1.07
488997,2016,33541,77.9,98.6,3.5,-1.5,1.07
489013,2179,33540,77.9,98.6,3.5,-1.5,1.07
489013,2134,33540,77.9,98.6,3.5,-1.5,1.07
489013,2001,33540,77.9,98.6,3.5,-1.5,1.07
489027,2261,33539,77.9,98.6,3.4,-1.7,1.07
489027,2364,33539,77.9,98.6,3.4,-1.7,1.07
489027,2460,33539,77.9,98.6,3.4,-1.7,1.07
489046,2323,33537,77.9,98.6,3.4,-1.7,1.07
489047,2220,33537,77.9,98.6,3.4,-1.7,1.07
489047,2159,33537,77.9,98.6,3.4,-1.7,1.07
489060,1941,33536,77.9,98.6,3.4,-1.7,1.07
489060,2073,33536,77.9,98.6,3.4,-1.7,1.07
489060,2016,33536,77.9,98.6,3.4,-1.7,1.07
489080,1866,33535,77.9,98.6,3.1,-1.7,1.08
489083,2110,33534,77.9,98.6,3.1,-1.7,1.08
489083,2230,33534,77.9,98.6,3.1,-1.7,1.08
489083,2353,33534,77.9,98.6,3.1,-1.7,1.08
489096,2059,33533,77.9,98.6,3.1,-1.7,1.08
489097,1933,33533,77.9,98.6,3.1,-1.7,1.08
489097,1869,33533,77.9,98.6,3.1,-1.7,1.08
489114,2037,33532,77.9,98.6,3.1,-1.7,1.08
489114,2127,33532,77.9,98.6,3.1,-1.7,1.08
489114,2125,33532,77.9,98.6,3.1,-1.7,1.08
489127,2024,33532,77.9,98.6,3.1,-1.6,1.07
489127,1960,33532,77.9,98.6,3.1,-1.6,1.07
489127,2018,33532,77.9,98.6,3.1,-1.6,1.07
489145,2091,33531,77.9,98.6,3.1,-1.6,1.07
489146,2079,33531,77.9,98.6,3.1,-1.6,1.07
489146,2004,33531,77.9,98.6,3.1,-1.6,1.07
489158,1960,33531,77.9,98.6,3.1,-1.6,1.07
489159,2011,33531,77.9,98.6,3.1,-1.6,1.07
489159,2086,33531,77.9,98.6,3.1,-1.6,1.07
489180,2054,33530,77.9,98.6,3.3,-1.6,1.08
489183,2131,33530,77.9,98.6,3.3,-1.6,1.08
489183,2070,33530,77.9,98.6,3.3,-1.6,1.08
489183,2134,33530,77.9,98.6,3.3,-1.6,1.08
489196,2053,33530,77.9,98.6,3.3,-1.6,1.08
489196,2052,33530,77.9,98.6,3.3,-1.6,1.08
489197,1977,33530,77.9,98.6,3.3,-1.6,1.08
489214,1920,33529,77.9,98.6,3.3,-1.6,1.08
489214,1961,33529,77.9,98.6,3.3,-1.6,1.08
489214,2073,33529,77.9,98.6,3.3,-1.6,1.08
489227,2146,33529,77.9,98.6,3.4,-1.5,1.07
489228,2073,33529,77.9,98.6,3.4,-1.5,1.07
489228,2007,33529,77.9,98.6,3.4,-1.5,1.07
489247,2048,33529,77.9,98.6,3.4,-1.5,1.07
489247,2109,33529,77.9,98.6,3.4,-1.5,1.07
489247,2105,33529,77.9,98.6,3.4,-1.5,1.07
489260,1999,33528,77.9,98.6,3.4,-1.5,1.07
489260,1972,33528,77.9,98.6,3.4,-1.5,1.07
489260,2007,33528,77.9,98.6,3.4,-1.5,1.07
489279,2042,33528,77.9,98.6,3.4,-1.6,1.08
489280,2043,33528,77.9,98.6,3.4,-1.6,1.08
489280,1997,33528,77.9,98.6,3.4,-1.6,1.08
489293,1997,33527,77.9,98.6,3.4,-1.6,1.08
489294,2030,33527,77.9,98.6,3.4,-1.6,1.08
489294,2073,33527,77.9,98.6,3.4,-1.6,1.08
489311,2078,33527,77.9,98.6,3.4,-1.6,1.08
489312,2020,33527,77.9,98.6,3.4,-1.6,1.08
489313,1986,33527,77.9,98.6,3.4,-1.6,1.08
489313,2004,33527,77.9,98.6,3.4,-1.6,1.08
489327,2067,33527,77.9,98.6,3.3,-1.6,1.08
489328,2061,33527,77.9,98.6,3.3,-1.6,1.08
489328,2017,33527,77.9,98.6,3.3,-1.6,1.08
489346,1964,33527,77.9,98.6,3.3,-1.6,1.08
489346,1986,33527,77.9,98.6,3.3,-1.6,1.08
489346,2028,33527,77.9,98.6,3.3,-1.6,1.08
489359,2047,33526,77.9,98.6,3.3,-1.6,1.08
489359,2015,33526,77.9,98.6,3.3,-1.6,1.08
489360,2000,33526,77.9,98.6,3.3,-1.6,1.08
489379,1982,33526,77.9,98.6,3.3,-1.6,1.08
489379,2008,33526,77.9,98.6,3.3,-1.6,1.08
489379,1998,33526,77.9,98.6,3.3,-1.6,1.08
489393,2031,33526,77.9,98.6,3.1,-1.6,1.08
489393,2007,33526,77.9,98.6,3.1,-1.6,1.08
489393,2033,33526,77.9,98.6,3.1,-1.6,1.08
489410,2062,33526,77.9,98.6,3.1,-1.6,1.08
489411,2056,33526,77.9,98.6,3.1,-1.6,1.08
489411,2046,33526,77.9,98.6,3.1,-1.6,1.08
489425,2049,33527,77.9,98.6,3.1,-1.6,1.08
489425,2059,33527,77.9,98.6,3.1,-1.6,1.08
489425,2096,33527,77.9,98.6,3.1,-1.6,1.08
489444,2111,33527,77.9,98.6,3.0,-1.6,1.08
489445,2052,33527,77.9,98.6,3.0,-1.6,1.08
489445,2058,33527,77.9,98.6,3.0,-1.6,1.08
489457,2010,33527,77.9,98.6,3.0,-1.6,1.08
489458,2043,33527,77.9,98.6,3.0,-1.6,1.08
489458,2039,33527,77.9,98.6,3.0,-1.6,1.08
489478,1963,33527,77.9,98.6,3.0,-1.6,1.08
489480,1939,33527,77.9,98.6,3.0,-1.6,1.08
489480,1952,33527,77.9,98.6,3.0,-1.6,1.08
489480,1978,33527,77.9,98.6,3.0,-1.6,1.08
489494,2054,33528,77.9,98.6,3.2,-1.6,1.08
489495,2026,33528,77.9,98.6,3.2,-1.6,1.08
489495,2002,33528,77.9,98.6,3.2,-1.6,1.08
489511,2074,33528,77.9,98.6,3.2,-1.6,1.08
489511,2087,33528,77.9,98.6,3.2,-1.6,1.08
489511,2073,33528,77.9,98.6,3.2,-1.6,1.08
489525,2078,33527,77.9,98.6,3.2,-1.6,1.08
489525,2079,33527,77.9,98.6,3.2,-1.6,1.08
489525,2092,33527,77.9,98.6,3.2,-1.6,1.08
489544,2394,33526,77.9,98.6,3.0,-1.5,1.11
489545,2421,33526,77.9,98.6,3.0,-1.5,1.11
489545,2404,33526,77.9,98.6,3.0,-1.5,1.11
489557,1949,33525,77.9,98.6,3.0,-1.5,1.11
489558,1944,33525,77.9,98.6,3.0,-1.5,1.11
489558,1937,33525,77.9,98.6,3.0,-1.5,1.11
489577,2026,33523,77.9,98.6,3.0,-1.5,1.11
489579,1977,33523,77.9,98.6,3.0,-1.5,1.11
489580,1979,33523,77.9,98.6,3.0,-1.5,1.11
489581,2001,33523,77.9,98.6,3.0,-1.5,1.11
489595,2018,33521,77.9,98.6,3.2,-1.5,1.06
489596,2010,33521,77.9,98.6,3.2,-1.5,1.06
489597,1994,33521,77.9,98.6,3.2,-1.5,1.06
489597,2021,33521,77.9,98.6,3.2,-1.5,1.06
489614,2093,33519,77.9,98.6,3.2,-1.5,1.06
489615,2055,33519,77.9,98.6,3.2,-1.5,1.06
489615,2048,33519,77.9,98.6,3.2,-1.5,1.06
489627,2036,33518,77.9,98.6,3.2,-1.5,1.06
489628,2082,33518,77.9,98.6,3.2,-1.5,1.06
489628,2074,33518,77.9,98.6,3.2,-1.5,1.06
489647,2065,33516,77.9,98.6,3.3,-1.5,1.07
489649,2050,33516,77.9,98.6,3.3,-1.5,1.07
489649,2033,33516,77.9,98.6,3.3,-1.5,1.07
489649,2039,33516,77.9,98.6,3.3,-1.5,1.07
489663,2069,33515,77.9,98.6,3.3,-1.5,1.07
489663,2054,33515,77.9,98.6,3.3,-1.5,1.07
489663,2044,33515,77.9,98.6,3.3,-1.5,1.07
489679,1977,33514,77.9,98.6,3.3,-1.5,1.07
489680,2010,33514,77.9,98.6,3.3,-1.5,1.07
489680,2035,33514,77.9,98.6,3.3,-1.5,1.07
489681,2029,33514,77.9,98.6,3.3,-1.5,1.07
489696,1999,33513,77.9,98.6,3.3,-1.8,1.08
489696,1976,33513,77.9,98.6,3.3,-1.8,1.08
489697,2002,33513,77.9,98.6,3.3,-1.8,1.08
489698,2011,33513,77.9,98.6,3.3,-1.8,1.08
489715,2043,33512,77.9,98.6,3.3,-1.8,1.08
489715,2023,33512,77.9,98.6,3.3,-1.8,1.08
489715,2016,33512,77.9,98.6,3.3,-1.8,1.08
489728,2023,33512,77.9,98.6,3.3,-1.8,1.08
489728,2026,33512,77.9,98.6,3.3,-1.8,1.08
489728,2011,33512,77.9,98.6,3.3,-1.8,1.08
489747,2099,33511,77.9,98.6,3.3,-1.8,1.08
489748,2094,33511,77.9,98.6,3.3,-1.8,1.08
489748,2098,33511,77.9,98.6,3.3,-1.8,1.08
489761,2013,33510,77.9,98.6,3.3,-1.8,1.08
489762,2015,33510,77.9,98.6,3.3,-1.8,1.08
489762,2023,33510,77.9,98.6,3.3,-1.8,1.08
489779,1981,33510,77.9,98.6,3.3,-1.8,1.08
489780,1999,33510,77.9,98.6,3.3,-1.8,1.08
489780,2005,33510,77.9,98.6,3.3,-1.8,1.08
489781,1950,33510,77.9,98.6,3.3,-1.8,1.08
489794,798,33509,77.9,98.6,3.3,-1.7,1.08
489795,947,33509,77.9,98.6,3.3,-1.7,1.08
489795,996,33509,77.9,98.6,3.3,-1.7,1.08
489817,1500,33508,77.9,98.6,3.3,-1.7,1.08
489819,1435,33508,77.9,98.6,3.3,-1.7,1.08
489819,1481,33508,77.9,98.6,3.3,-1.7,1.08
489819,1490,33508,77.9,98.6,3.3,-1.7,1.08
489833,2276,33508,83.3,98.6,3.3,-1.5,1.08
489833,2215,33508,83.3,98.6,3.3,-1.5,1.08
489834,2269,33508,83.3,98.6,3.3,-1.5,1.08
489849,2063,33507,83.3,98.6,3.3,-1.5,1.08
489850,2059,33507,83.3,98.6,3.3,-1.5,1.08
489850,2002,33507,83.3,98.6,3.3,-1.5,1.08
489863,2115,33506,83.3,98.6,3.3,-1.5,1.08
489864,2163,33506,83.3,98.6,3.3,-1.5,1.08
489864,2241,33506,83.3,98.6,3.3,-1.5,1.08
489883,2051,33505,83.3,98.6,3.3,-1.5,1.08
489885,2029,33505,83.3,98.6,3.3,-1.5,1.08
489885,1984,33505,83.3,98.6,3.3,-1.5,1.08
489886,2013,33505,83.3,98.6,3.3,-1.5,1.08
489898,2076,33505,83.3,98.6,3.1,-1.4,1.07
489898,2081,33505,83.3,98.6,3.1,-1.4,1.07
489899,2046,33505,83.3,98.6,3.1,-1.4,1.07
489917,1967,33504,83.3,98.6,3.1,-1.4,1.07
489917,1999,33504,83.3,98.6,3.1,-1.4,1.07
489918,2053,33504,83.3,98.6,3.1,-1.4,1.07
489932,2582,33504,83.3,98.6,3.1,-1.4,1.07
489932,2431,33504,83.3,98.6,3.1,-1.4,1.07
489932,2406,33504,83.3,98.6,3.1,-1.4,1.07
489949,1981,33503,83.3,98.6,3.1,-1.5,1.08
489950,2056,33503,83.3,98.6,3.1,-1.5,1.08
489950,2047,33503,83.3,98.6,3.1,-1.5,1.08
489963,2094,33503,83.3,98.6,3.1,-1.5,1.08
489964,2071,33503,83.3,98.6,3.1,-1.5,1.08
489964,2149,33503,83.3,98.6,3.1,-1.5,1.08
489983,2127,33503,83.3,98.6,3.1,-1.5,1.08
489985,2127,33503,83.3,98.6,3.1,-1.5,1.08
489985,2025,33503,83.3,98.6,3.1,-1.5,1.08
489986,2009,33503,83.3,98.6,3.1,-1.5,1.08
489998,2019,33503,83.3,98.6,3.3,-1.6,1.08
489999,2072,33503,83.3,98.6,3.3,-1.6,1.08
489999,2047,33503,83.3,98.6,3.3,-1.6,1.08
490017,1999,33503,83.3,98.6,3.3,-1.6,1.08
490017,1982,33503,83.3,98.6,3.3,-1.6,1.08
490017,2011,33503,83.3,98.6,3.3,-1.6,1.08
490018,2063,33503,83.3,98.6,3.3,-1.6,1.08
490032,2184,33503,83.3,98.6,3.3,-1.6,1.08
490033,2093,33503,83.3,98.6,3.3,-1.6,1.08
490034,2046,33503,83.3,98.6,3.3,-1.6,1.08
490034,2082,33503,83.3,98.6,3.3,-1.6,1.08
490052,2107,33503,83.3,98.6,3.4,-1.7,1.07
490053,2088,33503,83.3,98.6,3.4,-1.7,1.07
490053,2039,33503,83.3,98.6,3.4,-1.7,1.07
490065,2056,33503,83.3,98.6,3.4,-1.7,1.07
490066,2093,33503,83.3,98.6,3.4,-1.7,1.07
490066,2131,33503,83.3,98.6,3.4,-1.7,1.07
490085,2081,33503,83.3,98.6,3.4,-1.7,1.07
490087,2025,33503,83.3,98.6,3.4,-1.7,1.07
490087,2013,33503,83.3,98.6,3.4,-1.7,1.07
490088,2045,33503,83.3,98.6,3.4,-1.7,1.07
490101,2059,33502,83.3,98.6,3.3,-1.7,1.09
490102,2036,33502,83.3,98.6,3.3,-1.7,1.09
490102,2010,33502,83.3,98.6,3.3,-1.7,1.09
490118,1985,33501,83.3,98.6,3.3,-1.7,1.09
490118,2029,33501,83.3,98.6,3.3,-1.7,1.09
490118,2046,33501,83.3,98.6,3.3,-1.7,1.09
490132,2019,33500,83.3,98.6,3.3,-1.7,1.09
490132,1985,33500,83.3,98.6,3.3,-1.7,1.09
490132,1978,33500,83.3,98.6,3.3,-1.7,1.09
490152,2038,33497,83.3,98.6,3.4,-1.7,1.06
490152,2062,33497,83.3,98.6,3.4,-1.7,1.06
490152,2053,33497,83.3,98.6,3.4,-1.7,1.06
490165,2085,33496,83.3,98.6,3.4,-1.7,1.06
490165,2065,33496,83.3,98.6,3.4,-1.7,1.06
490166,2097,33496,83.3,98.6,3.4,-1.7,1.06
490184,2069,33494,83.3,98.6,3.4,-1.7,1.06
490185,2048,33494,83.3,98.6,3.4,-1.7,1.06
490185,2004,33494,83.3,98.6,3.4,-1.7,1.06
490198,2000,33493,83.3,98.6,3.2,-1.6,1.09
490198,2025,33493,83.3,98.6,3.2,-1.6,1.09
490198,2047,33493,83.3,98.6,3.2,-1.6,1.09
490223,2106,33490,83.3,98.6,3.2,-1.6,1.09
490224,2138,33490,83.3,98.6,3.2,-1.6,1.09
490225,2138,33490,83.3,98.6,3.2,-1.6,1.09
490225,2176,33490,83.3,98.6,3.2,-1.6,1.09
490237,2030,33489,83.3,98.6,3.2,-1.5,1.08
490238,2019,33489,83.3,98.6,3.2,-1.5,1.08
490238,1983,33489,83.3,98.6,3.2,-1.5,1.08
490254,2021,33487,83.3,98.6,3.2,-1.5,1.08
490255,2033,33487,83.3,98.6,3.2,-1.5,1.08
490255,2075,33487,83.3,98.6,3.2,-1.5,1.08
490268,2066,33486,83.3,98.6,3.2,-1.5,1.08
490268,2033,33486,83.3,98.6,3.2,-1.5,1.08
490268,2022,33486,83.3,98.6,3.2,-1.5,1.08
490287,2073,33485,83.3,98.6,3.2,-1.5,1.08
490290,2077,33484,83.3,98.6,3.2,-1.5,1.08
490290,2064,33484,83.3,98.6,3.2,-1.5,1.08
490290,2037,33484,83.3,98.6,3.2,-1.5,1.08
490303,2215,33483,83.3,98.6,3.2,-1.5,1.08
490304,2268,33483,83.3,98.6,3.2,-1.5,1.08
490304,2324,33483,83.3,98.6,3.2,-1.5,1.08
490326,2053,33482,83.3,98.6,3.2,-1.5,1.08
490328,2070,33482,83.3,98.6,3.2,-1.5,1.08
490329,2068,33482,83.3,98.6,3.2,-1.5,1.08
490329,2056,33482,83.3,98.6,3.2,-1.5,1.08
490341,2032,33481,83.3,98.6,3.3,-1.6,1.08
490342,2052,33481,83.3,98.6,3.3,-1.6,1.08
490342,2020,33481,83.3,98.6,3.3,-1.6,1.08
490358,1977,33481,83.3,98.6,3.3,-1.6,1.08
490358,1984,33481,83.3,98.6,3.3,-1.6,1.08
490358,2008,33481,83.3,98.6,3.3,-1.6,1.08
490372,2087,33480,83.3,98.6,3.3,-1.6,1.08
490372,2050,33480,83.3,98.6,3.3,-1.6,1.08
490372,2027,33480,83.3,98.6,3.3,-1.6,1.08
490391,1994,33479,83.3,98.6,3.3,-1.6,1.08
490392,2019,33479,83.3,98.6,3.3,-1.6,1.08
490392,2022,33479,83.3,98.6,3.3,-1.6,1.08
490405,2121,33479,83.3,98.6,3.4,-1.7,1.08
490405,2101,33479,83.3,98.6,3.4,-1.7,1.08
490405,2112,33479,83.3,98.6,3.4,-1.7,1.08
490427,2100,33478,83.3,98.6,3.4,-1.7,1.08
490430,2076,33478,83.3,98.6,3.4,-1.7,1.08
490430,2045,33478,83.3,98.6,3.4,-1.7,1.08
490430,2024,33478,83.3,98.6,3.4,-1.7,1.08
490443,2088,33477,83.3,98.6,3.4,-1.7,1.08
490443,2142,33477,83.3,98.6,3.4,-1.7,1.08
490444,2150,33477,83.3,98.6,3.4,-1.7,1.08
490460,1985,33476,83.3,98.6,3.4,-1.7,1.08
490461,1966,33476,83.3,98.6,3.4,-1.7,1.08
490461,1970,33476,83.3,98.6,3.4,-1.7,1.08
490473,2049,33476,83.3,98.6,3.4,-1.7,1.08
490474,2050,33476,83.3,98.6,3.4,-1.7,1.08
490474,2036,33476,83.3,98.6,3.4,-1.7,1.08
490493,2021,33476,83.3,98.6,3.4,-1.7,1.08
490495,2024,33476,83.3,98.6,3.4,-1.7,1.08
490495,2034,33476,83.3,98.6,3.4,-1.7,1.08
490495,2042,33476,83.3,98.6,3.4,-1.7,1.08
490509,2080,33475,83.3,98.6,3.3,-1.6,1.07
490510,2052,33475,83.3,98.6,3.3,-1.6,1.07
490510,2061,33475,83.3,98.6,3.3,-1.6,1.07
490526,2044,33475,83.3,98.6,3.3,-1.6,1.07
490526,2050,33475,83.3,98.6,3.3,-1.6,1.07
490527,2031,33475,83.3,98.6,3.3,-1.6,1.07
490541,2018,33475,83.3,98.6,3.3,-1.6,1.07
490541,2023,33475,83.3,98.6,3.3,-1.6,1.07
490541,2024,33475,83.3,98.6,3.3,-1.6,1.07
490560,2002,33475,83.3,98.6,3.3,-1.4,1.07
490561,1990,33475,83.3,98.6,3.3,-1.4,1.07
490561,1979,33475,83.3,98.6,3.3,-1.4,1.07
490574,2034,33475,83.3,98.6,3.3,-1.4,1.07
490574,2037,33475,83.3,98.6,3.3,-1.4,1.07
490574,2039,33475,83.3,98.6,3.3,-1.4,1.07
490593,2045,33475,83.3,98.6,3.3,-1.4,1.07
490594,2022,33475,83.3,98.6,3.3,-1.4,1.07
490594,2021,33475,83.3,98.6,3.3,-1.4,1.07
490607,253,33475,83.3,98.6,3.2,-1.4,1.08
490607,281,33475,83.3,98.6,3.2,-1.4,1.08
490607,220,33475,83.3,98.6,3.2,-1.4,1.08
490627,2981,33476,74.3,98.6,3.2,-1.4,1.08
490628,2836,33476,74.3,98.6,3.2,-1.4,1.08
490630,2495,33476,74.3,98.6,3.2,-1.4,1.08
490631,2523,33476,74.3,98.6,3.2,-1.4,1.08
490643,1885,33476,74.3,98.6,3.2,-1.4,1.08
490644,1779,33476,74.3,98.6,3.2,-1.4,1.08
490644,1777,33476,74.3,98.6,3.2,-1.4,1.08
490662,1987,33476,74.3,98.6,3.2,-1.5,1.08
490663,2123,33476,74.3,98.6,3.2,-1.5,1.08
490663,2064,33476,74.3,98.6,3.2,-1.5,1.08
490676,1944,33476,74.3,98.6,3.2,-1.5,1.08
490676,1926,33476,74.3,98.6,3.2,-1.5,1.08
490676,2063,33476,74.3,98.6,3.2,-1.5,1.08
490694,2138,33475,74.3,98.6,3.2,-1.5,1.08
490695,2080,33475,74.3,98.6,3.2,-1.5,1.08
490695,1936,33475,74.3,98.6,3.2,-1.5,1.08
490708,934,33474,74.3,98.6,3.3,-1.6,1.08
490709,1050,33474,74.3,98.6,3.3,-1.6,1.08
490709,1110,33474,74.3,98.6,3.3,-1.6,1.08
490726,2463,33473,74.3,98.6,3.3,-1.6,1.08
490727,2297,33473,74.3,98.6,3.3,-1.6,1.08
490727,2351,33473,74.3,98.6,3.3,-1.6,1.08
490741,1964,33472,74.3,98.6,3.3,-1.6,1.08
490741,2015,33472,74.3,98.6,3.3,-1.6,1.08
490741,1878,33472,74.3,98.6,3.3,-1.6,1.08
490761,1883,33470,74.3,98.6,3.2,-1.6,1.08
490763,2001,33470,74.3,98.6,3.2,-1.6,1.08
490763,2272,33470,74.3,98.6,3.2,-1.6,1.08
490764,2247,33470,74.3,98.6,3.2,-1.6,1.08
490777,2019,33469,74.3,98.6,3.2,-1.6,1.08
490777,1879,33469,74.3,98.6,3.2,-1.6,1.08
490777,1923,33469,74.3,98.6,3.2,-1.6,1.08
490795,2122,33468,74.3,98.6,3.2,-1.6,1.08
490795,2164,33468,74.3,98.6,3.2,-1.6,1.08
490795,2046,33468,74.3,98.6,3.2,-1.6,1.08
490809,1902,33466,74.3,98.6,3.2,-1.6,1.07
490809,1934,33466,74.3,98.6,3.2,-1.6,1.07
490810,2075,33466,74.3,98.6,3.2,-1.6,1.07
490826,2241,33466,74.3,98.6,3.2,-1.6,1.07
490827,2130,33466,74.3,98.6,3.2,-1.6,1.07
490827,2025,33466,74.3,98.6,3.2,-1.6,1.07
490840,1943,33465,74.3,98.6,3.2,-1.6,1.07
490841,2065,33465,74.3,98.6,3.2,-1.6,1.07
490841,2086,33465,74.3,98.6,3.2,-1.6,1.07
490861,2020,33465,74.3,98.6,3.2,-1.7,1.09
490863,1936,33465,74.3,98.6,3.2,-1.7,1.09
490863,2028,33465,74.3,98.6,3.2,-1.7,1.09
490863,2133,33465,74.3,98.6,3.2,-1.7,1.09
490876,2105,33464,74.3,98.6,3.2,-1.7,1.09
490877,2020,33464,74.3,98.6,3.2,-1.7,1.09
490877,1932,33464,74.3,98.6,3.2,-1.7,1.09
490901,2136,33464,74.3,98.6,3.2,-1.7,1.09
490902,2304,33464,74.3,98.6,3.2,-1.7,1.09
490902,2341,33464,74.3,98.6,3.2,-1.7,1.09
490903,2280,33464,74.3,98.6,3.2,-1.7,1.09
490915,1959,33464,74.3,98.6,3.3,-1.6,1.08
490916,1958,33464,74.3,98.6,3.3,-1.6,1.08
490916,2029,33464,74.3,98.6,3.3,-1.6,1.08
490932,2162,33464,74.3,98.6,3.3,-1.6,1.08
490933,2089,33464,74.3,98.6,3.3,-1.6,1.08
490933,2033,33464,74.3,98.6,3.3,-1.6,1.08
490946,1970,33464,74.3,98.6,3.3,-1.6,1.08
490946,2038,33464,74.3,98.6,3.3,-1.6,1.08
490946,2036,33464,74.3,98.6,3.3,-1.6,1.08
490965,2215,33464,74.3,98.6,3.3,-1.6,1.09
490966,2166,33464,74.3,98.6,3.3,-1.6,1.09
490966,2210,33464,74.3,98.6,3.3,-1.6,1.09
490980,2015,33464,74.3,98.6,3.3,-1.6,1.09
490981,2018,33464,74.3,98.6,3.3,-1.6,1.09
490981,1939,33464,74.3,98.6,3.3,-1.6,1.09
491000,1857,33464,74.3,98.6,3.3,-1.6,1.09
491000,1881,33464,74.3,98.6,3.3,-1.6,1.09
491001,1967,33464,74.3,98.6,3.3,-1.6,1.09
491013,2140,33464,74.3,98.6,3.3,-1.6,1.08
491014,2048,33464,74.3,98.6,3.3,-1.6,1.08
491014,2006,33464,74.3,98.6,3.3,-1.6,1.08
491032,2062,33464,74.3,98.6,3.3,-1.6,1.08
491033,2127,33464,74.3,98.6,3.3,-1.6,1.08
491033,2139,33464,74.3,98.6,3.3,-1.6,1.08
491045,2115,33464,74.3,98.6,3.3,-1.6,1.08
491046,2076,33464,74.3,98.6,3.3,-1.6,1.08
491046,2053,33464,74.3,98.6,3.3,-1.6,1.08
491066,2194,33464,74.3,98.6,3.3,-1.6,1.08
491066,2187,33464,74.3,98.6,3.3,-1.6,1.08
491066,2131,33464,74.3,98.6,3.3,-1.6,1.08
491080,1947,33464,74.3,98.6,3.2,-1.6,1.08
491080,1973,33464,74.3,98.6,3.2,-1.6,1.08
491080,2038,33464,74.3,98.6,3.2,-1.6,1.08
491098,2033,33464,74.3,98.6,3.2,-1.6,1.08
491099,1966,33464,74.3,98.6,3.2,-1.6,1.08
491099,1938,33464,74.3,98.6,3.2,-1.6,1.08
491112,2096,33465,74.3,98.6,3.2,-1.6,1.08
491112,2140,33465,74.3,98.6,3.2,-1.6,1.08
491112,2135,33465,74.3,98.6,3.2,-1.6,1.08
491131,2279,33466,74.3,98.6,3.1,-1.6,1.08
491133,2180,33466,74.3,98.6,3.1,-1.6,1.08
491133,2196,33466,74.3,98.6,3.1,-1.6,1.08
491134,2231,33466,74.3,98.6,3.1,-1.6,1.08
491147,1861,33466,74.3,98.6,3.1,-1.6,1.08
491148,1841,33466,74.3,98.6,3.1,-1.6,1.08
491148,1832,33466,74.3,98.6,3.1,-1.6,1.08
491165,2447,33467,74.3,98.6,3.1,-1.6,1.08
491165,2583,33467,74.3,98.6,3.1,-1.6,1.08
491165,2581,33467,74.3,98.6,3.1,-1.6,1.08
491179,1881,33468,74.3,98.6,3.2,-1.6,1.07
491179,1839,33468,74.3,98.6,3.2,-1.6,1.07
491179,1804,33468,74.3,98.6,3.2,-1.6,1.07
491198,2067,33469,74.3,98.6,3.2,-1.6,1.07
491198,2094,33469,74.3,98.6,3.2,-1.6,1.07
491198,2106,33469,74.3,98.6,3.2,-1.6,1.07
491211,2021,33470,74.3,98.6,3.2,-1.6,1.07
491211,2000,33470,74.3,98.6,3.2,-1.6,1.07
491212,1993,33470,74.3,98.6,3.2,-1.6,1.07
491230,2098,33471,74.3,98.6,3.2,-1.6,1.07
491231,2084,33471,74.3,98.6,3.2,-1.6,1.07
491231,2082,33471,74.3,98.6,3.2,-1.6,1.07
491243,2057,33471,74.3,98.6,3.2,-1.7,1.09
491244,2099,33471,74.3,98.6,3.2,-1.7,1.09
491244,2115,33471,74.3,98.6,3.2,-1.7,1.09
491263,2069,33471,74.3,98.6,3.2,-1.7,1.09
491266,2241,33471,74.3,98.6,3.2,-1.7,1.09
491266,2217,33471,74.3,98.6,3.2,-1.7,1.09
491266,2228,33471,74.3,98.6,3.2,-1.7,1.09
491279,1972,33471,74.3,98.6,3.2,-1.7,1.09
491280,1994,33471,74.3,98.6,3.2,-1.7,1.09
491280,1967,33471,74.3,98.6,3.2,-1.7,1.09
491298,1939,33470,74.3,98.6,3.3,-1.6,1.08
491299,1895,33470,74.3,98.6,3.3,-1.6,1.08
491299,1930,33470,74.3,98.6,3.3,-1.6,1.08
491311,2044,33470,74.3,98.6,3.3,-1.6,1.08
491312,2030,33470,74.3,98.6,3.3,-1.6,1.08
491312,2017,33470,74.3,98.6,3.3,-1.6,1.08
491331,2355,33469,74.3,98.6,3.3,-1.6,1.08
491331,2361,33469,74.3,98.6,3.3,-1.6,1.08
491331,2368,33469,74.3,98.6,3.3,-1.6,1.08
491344,2085,33469,74.3,98.6,3.1,-1.6,1.08
491344,2185,33469,74.3,98.6,3.1,-1.6,1.08
491344,2214,33469,74.3,98.6,3.1,-1.6,1.08
491363,1748,33468,74.3,98.6,3.1,-1.6,1.08
491364,1936,33468,74.3,98.6,3.1,-1.6,1.08
491364,1975,33468,74.3,98.6,3.1,-1.6,1.08
491377,2091,33468,74.3,98.6,3.1,-1.6,1.08
491378,2057,33468,74.3,98.6,3.1,-1.6,1.08
491378,2090,33468,74.3,98.6,3.1,-1.6,1.08
491396,2159,33468,74.3,98.6,3.1,-1.7,1.06
491397,2101,33468,74.3,98.6,3.1,-1.7,1.06
491399,2000,33468,74.3,98.6,3.1,-1.7,1.06
491400,1979,33468,74.3,98.6,3.1,-1.7,1.06
491413,2451,33467,74.3,98.6,3.1,-1.7,1.06
491414,2365,33467,74.3,98.6,3.1,-1.7,1.06
491414,2355,33467,74.3,98.6,3.1,-1.7,1.06
491438,2073,33468,74.3,98.6,3.1,-1.7,1.06
491439,2002,33468,74.3,98.6,3.1,-1.7,1.06
491440,1997,33468,74.3,98.6,3.1,-1.7,1.06
491440,2002,33468,74.3,98.6,3.1,-1.7,1.06
491452,2082,33468,74.3,98.6,3.2,-1.8,1.07
491453,2076,33468,74.3,98.6,3.2,-1.8,1.07
491453,2077,33468,74.3,98.6,3.2,-1.8,1.07
491470,2135,33468,74.3,98.6,3.2,-1.8,1.07
491470,2135,33468,74.3,98.6,3.2,-1.8,1.07
491470,2133,33468,74.3,98.6,3.2,-1.8,1.07
491483,1978,33469,74.3,98.6,3.2,-1.8,1.07
491483,1995,33469,74.3,98.6,3.2,-1.8,1.07
491483,2001,33469,74.3,98.6,3.2,-1.8,1.07
491502,2020,33469,74.3,98.6,3.2,-1.7,1.06
491503,2026,33469,74.3,98.6,3.2,-1.7,1.06
491503,2028,33469,74.3,98.6,3.2,-1.7,1.06
491517,1999,33470,74.3,98.6,3.2,-1.7,1.06
491517,2019,33470,74.3,98.6,3.2,-1.7,1.06
491518,2007,33470,74.3,98.6,3.2,-1.7,1.06
491535,2014,33470,74.3,98.6,3.2,-1.7,1.06
491535,2017,33470,74.3,98.6,3.2,-1.7,1.06
491536,2016,33470,74.3,98.6,3.2,-1.7,1.06
491537,2024,33470,74.3,98.6,3.2,-1.7,1.06
491551,2017,33470,74.3,98.6,3.2,-1.8,1.08
491551,1998,33470,74.3,98.6,3.2,-1.8,1.08
491551,1968,33470,74.3,98.6,3.2,-1.8,1.08
491568,2065,33471,74.3,98.6,3.2,-1.8,1.08
491568,2051,33471,74.3,98.6,3.2,-1.8,1.08
491569,2050,33471,74.3,98.6,3.2,-1.8,1.08
491581,2008,33471,74.3,98.6,3.2,-1.8,1.08
491582,2024,33471,74.3,98.6,3.2,-1.8,1.08
491582,2021,33471,74.3,98.6,3.2,-1.8,1.08
491601,2018,33471,74.3,98.6,3.2,-1.8,1.08
491603,2018,33471,74.3,98.6,3.2,-1.8,1.08
491603,2020,33471,74.3,98.6,3.2,-1.8,1.08
491603,2030,33471,74.3,98.6,3.2,-1.8,1.08
491617,2037,33471,74.3,98.6,3.2,-1.7,1.06
491617,2024,33471,74.3,98.6,3.2,-1.7,1.06
491617,2022,33471,74.3,98.6,3.2,-1.7,1.06
491636,1974,33472,74.3,98.6,3.2,-1.7,1.06
491637,1991,33472,74.3,98.6,3.2,-1.7,1.06
491637,1988,33472,74.3,98.6,3.2,-1.7,1.06
491650,2183,33472,74.3,98.6,3.2,-1.7,1.06
491651,2161,33472,74.3,98.6,3.2,-1.7,1.06
491652,2152,33472,74.3,98.6,3.2,-1.7,1.06
491653,2124,33472,74.3,98.6,3.2,-1.7,1.06
491671,2058,33473,74.3,98.6,3.3,-1.6,1.10
491672,2038,33473,74.3,98.6,3.3,-1.6,1.10
491672,2039,33473,74.3,98.6,3.3,-1.6,1.10
491685,2047,33473,74.3,98.6,3.3,-1.6,1.10
491686,2054,33473,74.3,98.6,3.3,-1.6,1.10
491686,2072,33473,74.3,98.6,3.3,-1.6,1.10
491702,2027,33474,74.3,98.6,3.3,-1.6,1.10
491703,2024,33474,74.3,98.6,3.3,-1.6,1.10
491703,2046,33474,74.3,98.6,3.3,-1.6,1.10
491716,2036,33474,74.3,98.6,3.4,-1.6,1.02
491717,2028,33474,74.3,98.6,3.4,-1.6,1.02
491717,2021,33474,74.3,98.6,3.4,-1.6,1.02
491737,2022,33475,74.3,98.6,3.4,-1.6,1.02
491739,2001,33475,74.3,98.6,3.4,-1.6,1.02
491739,1996,33475,74.3,98.6,3.4,-1.6,1.02
491740,1998,33475,74.3,98.6,3.4,-1.6,1.02
491753,2127,33476,74.3,98.6,3.4,-1.6,1.02
491753,2113,33476,74.3,98.6,3.4,-1.6,1.02
491753,2125,33476,74.3,98.6,3.4,-1.6,1.02
491771,2106,33477,74.3,98.6,3.4,-1.8,1.07
491772,2084,33477,74.3,98.6,3.4,-1.8,1.07
491772,2086,33477,74.3,98.6,3.4,-1.8,1.07
491786,2072,33477,74.3,98.6,3.4,-1.8,1.07
491786,2065,33477,74.3,98.6,3.4,-1.8,1.07
491786,2078,33477,74.3,98.6,3.4,-1.8,1.07
491803,2030,33478,74.3,98.6,3.4,-1.8,1.07
491804,2041,33478,74.3,98.6,3.4,-1.8,1.07
491804,2050,33478,74.3,98.6,3.4,-1.8,1.07
491817,2020,33477,74.3,98.6,3.5,-1.8,1.07
491818,2036,33477,74.3,98.6,3.5,-1.8,1.07
491818,2026,33477,74.3,98.6,3.5,-1.8,1.07
491837,2011,33476,74.3,98.6,3.5,-1.8,1.07
491839,1993,33476,74.3,98.6,3.5,-1.8,1.07
491839,2017,33476,74.3,98.6,3.5,-1.8,1.07
491840,2022,33476,74.3,98.6,3.5,-1.8,1.07
491853,2074,33476,74.3,98.6,3.5,-1.8,1.07
491853,2046,33476,74.3,98.6,3.5,-1.8,1.07
491854,2048,33476,74.3,98.6,3.5,-1.8,1.07
491872,2078,33474,74.3,98.6,3.3,-1.5,1.06
491872,2072,33474,74.3,98.6,3.3,-1.5,1.06
491872,2063,33474,74.3,98.6,3.3,-1.5,1.06
491886,1985,33473,74.3,98.6,3.3,-1.5,1.06
491887,1969,33473,74.3,98.6,3.3,-1.5,1.06
491888,1955,33473,74.3,98.6,3.3,-1.5,1.06
491889,1975,33473,74.3,98.6,3.3,-1.5,1.06
491905,2069,33471,74.3,98.6,3.3,-1.5,1.06
491906,2085,33471,74.3,98.6,3.3,-1.5,1.06
491906,2083,33471,74.3,98.6,3.3,-1.5,1.06
491918,2011,33470,74.3,98.6,3.1,-1.5,1.08
491919,2029,33470,74.3,98.6,3.1,-1.5,1.08
491919,2017,33470,74.3,98.6,3.1,-1.5,1.08
491938,1995,33469,74.3,98.6,3.1,-1.5,1.08
491940,1991,33469,74.3,98.6,3.1,-1.5,1.08
491940,2007,33469,74.3,98.6,3.1,-1.5,1.08
491941,2007,33469,74.3,98.6,3.1,-1.5,1.08
491954,2041,33468,74.3,98.6,3.1,-1.5,1.08
491955,2037,33468,74.3,98.6,3.1,-1.5,1.08
491955,2042,33468,74.3,98.6,3.1,-1.5,1.08
491972,2034,33467,74.3,98.6,3.0,-1.6,1.09
491972,2033,33467,74.3,98.6,3.0,-1.6,1.09
491973,2015,33467,74.3,98.6,3.0,-1.6,1.09
491986,2133,33466,74.3,98.6,3.0,-1.6,1.09
491987,2153,33466,74.3,98.6,3.0,-1.6,1.09
491987,2169,33466,74.3,98.6,3.0,-1.6,1.09
492006,2068,33465,74.3,98.6,3.0,-1.6,1.09
492006,2065,33465,74.3,98.6,3.0,-1.6,1.09
492006,2049,33465,74.3,98.6,3.0,-1.6,1.09
492019,2025,33465,74.3,98.6,3.2,-1.6,1.07
492019,2037,33465,74.3,98.6,3.2,-1.6,1.07
492019,2045,33465,74.3,98.6,3.2,-1.6,1.07
492038,2025,33464,74.3,98.6,3.2,-1.6,1.07
492039,2003,33464,74.3,98.6,3.2,-1.6,1.07
492039,2012,33464,74.3,98.6,3.2,-1.6,1.07
492052,2067,33464,74.3,98.6,3.2,-1.6,1.07
492052,2070,33464,74.3,98.6,3.2,-1.6,1.07
492052,2058,33464,74.3,98.6,3.2,-1.6,1.07
492071,2053,33463,74.3,98.6,3.2,-1.6,1.09
492072,2053,33463,74.3,98.6,3.2,-1.6,1.09
492072,2061,33463,74.3,98.6,3.2,-1.6,1.09
492086,2411,33463,74.3,98.6,3.2,-1.6,1.09
492086,2459,33463,74.3,98.6,3.2,-1.6,1.09
492086,2469,33463,74.3,98.6,3.2,-1.6,1.09
492109,1937,33463,74.3,98.6,3.2,-1.6,1.09
492110,1974,33463,74.3,98.6,3.2,-1.6,1.09
492110,1966,33463,74.3,98.6,3.2,-1.6,1.09
492111,1962,33463,74.3,98.6,3.2,-1.6,1.09
492124,2063,33462,74.3,98.6,3.3,-1.6,1.08
492124,2116,33462,74.3,98.6,3.3,-1.6,1.08
492125,2126,33462,74.3,98.6,3.3,-1.6,1.08
492140,2025,33462,74.3,98.6,3.3,-1.6,1.08
492141,2001,33462,74.3,98.6,3.3,-1.6,1.08
492141,1999,33462,74.3,98.6,3.3,-1.6,1.08
492155,2119,33461,74.3,98.6,3.3,-1.6,1.08
492155,2112,33461,74.3,98.6,3.3,-1.6,1.08
492155,2097,33461,74.3,98.6,3.3,-1.6,1.08
492174,1991,33460,74.3,98.6,3.4,-1.6,1.08
492175,2004,33460,74.3,98.6,3.4,-1.6,1.08
492175,2027,33460,74.3,98.6,3.4,-1.6,1.08
492188,2123,33460,74.3,98.6,3.4,-1.6,1.08
492188,2099,33460,74.3,98.6,3.4,-1.6,1.08
492188,2100,33460,74.3,98.6,3.4,-1.6,1.08
492207,2071,33460,74.3,98.6,3.4,-1.6,1.08
492209,2075,33460,74.3,98.6,3.4,-1.6,1.08
492209,2089,33460,74.3,98.6,3.4,-1.6,1.08
492209,2083,33460,74.3,98.6,3.4,-1.6,1.08
492222,2017,33459,74.3,98.6,3.4,-1.7,1.07
492222,2015,33459,74.3,98.6,3.4,-1.7,1.07
492222,2025,33459,74.3,98.6,3.4,-1.7,1.07
492240,2034,33459,74.3,98.6,3.4,-1.7,1.07
492241,2028,33459,74.3,98.6,3.4,-1.7,1.07
492241,2020,33459,74.3,98.6,3.4,-1.7,1.07
492254,2008,33459,74.3,98.6,3.4,-1.7,1.07
492255,2019,33459,74.3,98.6,3.4,-1.7,1.07
492255,2006,33459,74.3,98.6,3.4,-1.7,1.07
492275,1711,33459,74.3,98.6,3.2,-1.8,1.08
492275,1745,33459,74.3,98.6,3.2,-1.8,1.08
492275,1761,33459,74.3,98.6,3.2,-1.8,1.08
492288,2329,33459,74.3,98.6,3.2,-1.8,1.08
492289,2311,33459,74.3,98.6,3.2,-1.8,1.08
492289,2327,33459,74.3,98.6,3.2,-1.8,1.08
492308,2082,33459,74.3,98.6,3.2,-1.8,1.08
492308,2075,33459,74.3,98.6,3.2,-1.8,1.08
492308,2051,33459,74.3,98.6,3.2,-1.8,1.08
492321,2008,33459,74.3,98.6,3.1,-1.6,1.07
492321,2037,33459,74.3,98.6,3.1,-1.6,1.07
492321,2052,33459,74.3,98.6,3.1,-1.6,1.07
492340,2026,33459,74.3,98.6,3.1,-1.6,1.07
492341,1966,33459,74.3,98.6,3.1,-1.6,1.07
492341,1952,33459,74.3,98.6,3.1,-1.6,1.07
492355,2022,33459,74.3,98.6,3.1,-1.6,1.07
492355,2032,33459,74.3,98.6,3.1,-1.6,1.07
492355,2024,33459,74.3,98.6,3.1,-1.6,1.07
492374,2016,33458,74.3,98.6,3.1,-1.7,1.08
492375,2012,33458,74.3,98.6,3.1,-1.7,1.08
492375,2021,33458,74.3,98.6,3.1,-1.7,1.08
492388,2108,33457,74.3,98.6,3.1,-1.7,1.08
492388,2084,33457,74.3,98.6,3.1,-1.7,1.08
492388,2071,33457,74.3,98.6,3.1,-1.7,1.08
492407,2093,33456,74.3,98.6,3.1,-1.7,1.08
492408,2109,33456,74.3,98.6,3.1,-1.7,1.08
492408,2134,33456,74.3,98.6,3.1,-1.7,1.08
492421,1979,33455,74.3,98.6,3.3,-1.6,1.08
492421,1965,33455,74.3,98.6,3.3,-1.6,1.08
492421,1964,33455,74.3,98.6,3.3,-1.6,1.08
492440,2023,33452,74.3,98.6,3.3,-1.6,1.08
492443,2027,33451,74.3,98.6,3.3,-1.6,1.08
492443,2032,33451,74.3,98.6,3.3,-1.6,1.08
492443,2015,33451,74.3,98.6,3.3,-1.6,1.08
492456,2022,33450,74.3,98.6,3.3,-1.6,1.08
492457,2012,33450,74.3,98.6,3.3,-1.6,1.08
492458,1991,33450,74.3,98.6,3.3,-1.6,1.08
492459,1993,33450,74.3,98.6,3.3,-1.6,1.08
492478,1954,33447,74.3,98.6,3.3,-1.6,1.08
492479,1942,33447,74.3,98.6,3.3,-1.6,1.08
492480,1968,33447,74.3,98.6,3.3,-1.6,1.08
492482,2050,33446,74.3,98.6,3.3,-1.6,1.08
492496,2053,33445,74.3,98.6,3.3,-1.6,1.08
492496,2040,33445,74.3,98.6,3.3,-1.6,1.08
492496,2034,33445,74.3,98.6,3.3,-1.6,1.08
492514,2014,33443,74.3,98.6,3.3,-1.6,1.08
492514,2023,33443,74.3,98.6,3.3,-1.6,1.08
492514,2025,33443,74.3,98.6,3.3,-1.6,1.08
492527,2099,33442,74.3,98.6,3.3,-1.6,1.08
492527,2094,33442,74.3,98.6,3.3,-1.6,1.08
492527,2106,33442,74.3,98.6,3.3,-1.6,1.08
492544,2020,33441,74.3,98.6,3.3,-1.6,1.08
492544,2035,33441,74.3,98.6,3.3,-1.6,1.08
492545,2051,33441,74.3,98.6,3.3,-1.6,1.08
492557,2025,33440,74.3,98.6,3.3,-1.6,1.08
492558,2024,33440,74.3,98.6,3.3,-1.6,1.08
492558,2022,33440,74.3,98.6,3.3,-1.6,1.08
492577,2105,33439,74.3,98.6,3.3,-1.6,1.08
492577,2085,33439,74.3,98.6,3.3,-1.6,1.08
492577,2082,33439,74.3,98.6,3.3,-1.6,1.08
492590,2000,33438,74.3,98.6,3.2,-1.6,1.07
492591,2006,33438,74.3,98.6,3.2,-1.6,1.07
492591,1996,33438,74.3,98.6,3.2,-1.6,1.07
492610,2020,33437,74.3,98.6,3.2,-1.6,1.07
492610,2009,33437,74.3,98.6,3.2,-1.6,1.07
492610,2021,33437,74.3,98.6,3.2,-1.6,1.07
492624,2047,33437,74.3,98.6,3.2,-1.6,1.07
492624,2035,33437,74.3,98.6,3.2,-1.6,1.07
492624,2023,33437,74.3,98.6,3.2,-1.6,1.07
492643,1990,33436,74.3,98.6,3.0,-1.6,1.08
492644,1997,33436,74.3,98.6,3.0,-1.6,1.08
492644,2014,33436,74.3,98.6,3.0,-1.6,1.08
492657,2037,33436,74.3,98.6,3.0,-1.6,1.08
492657,2023,33436,74.3,98.6,3.0,-1.6,1.08
492657,2020,33436,74.3,98.6,3.0,-1.6,1.08
492677,2030,33434,74.3,98.6,3.0,-1.6,1.08
492677,2036,33434,74.3,98.6,3.0,-1.6,1.08
492677,2029,33434,74.3,98.6,3.0,-1.6,1.08
492690,2310,33434,74.3,98.6,3.1,-1.6,1.08
492691,2311,33434,74.3,98.6,3.1,-1.6,1.08
492691,2325,33434,74.3,98.6,3.1,-1.6,1.08
492710,2092,33433,74.3,98.6,3.1,-1.6,1.08
492710,2105,33433,74.3,98.6,3.1,-1.6,1.08
492710,2082,33433,74.3,98.6,3.1,-1.6,1.08
492724,1982,33432,74.3,98.6,3.1,-1.6,1.08
492724,2017,33432,74.3,98.6,3.1,-1.6,1.08
492724,1984,33432,74.3,98.6,3.1,-1.6,1.08
492743,1929,33431,74.3,98.6,3.2,-1.5,1.07
492744,1900,33431,74.3,98.6,3.2,-1.5,1.07
492744,1888,33431,74.3,98.6,3.2,-1.5,1.07
492757,2046,33431,74.3,98.6,3.2,-1.5,1.07
492757,2066,33431,74.3,98.6,3.2,-1.5,1.07
492757,2058,33431,74.3,98.6,3.2,-1.5,1.07
492776,2009,33430,74.3,98.6,3.2,-1.5,1.07
492777,1993,33430,74.3,98.6,3.2,-1.5,1.07
492777,2015,33430,74.3,98.6,3.2,-1.5,1.07
492790,2059,33430,74.3,98.6,3.3,-1.6,1.08
492790,2091,33430,74.3,98.6,3.3,-1.6,1.08
492790,2049,33430,74.3,98.6,3.3,-1.6,1.08
492814,2095,33429,74.3,98.6,3.3,-1.6,1.08
492816,2063,33429,74.3,98.6,3.3,-1.6,1.08
492816,2065,33429,74.3,98.6,3.3,-1.6,1.08
492816,2062,33429,74.3,98.6,3.3,-1.6,1.08
492829,2128,33429,74.3,98.6,3.4,-1.6,1.08
492829,2103,33429,74.3,98.6,3.4,-1.6,1.08
492830,2131,33429,74.3,98.6,3.4,-1.6,1.08
492846,2114,33429,74.3,98.6,3.4,-1.6,1.08
492847,2122,33429,74.3,98.6,3.4,-1.6,1.08
492847,2106,33429,74.3,98.6,3.4,-1.6,1.08
492859,2006,33429,74.3,98.6,3.4,-1.6,1.08
492860,2019,33429,74.3,98.6,3.4,-1.6,1.08
492860,2014,33429,74.3,98.6,3.4,-1.6,1.08
492879,2044,33429,74.3,98.6,3.4,-1.6,1.08
492882,2028,33429,74.3,98.6,3.4,-1.6,1.08
492882,2037,33429,74.3,98.6,3.4,-1.6,1.08
492882,2040,33429,74.3,98.6,3.4,-1.6,1.08
492895,2006,33430,74.3,98.6,3.3,-1.6,1.08
492895,2002,33430,74.3,98.6,3.3,-1.6,1.08
492896,1989,33430,74.3,98.6,3.3,-1.6,1.08
492917,1993,33430,74.3,98.6,3.3,-1.6,1.08
492919,2015,33430,74.3,98.6,3.3,-1.6,1.08
492919,2018,33430,74.3,98.6,3.3,-1.6,1.08
492920,2012,33430,74.3,98.6,3.3,-1.6,1.08
492933,2036,33430,74.3,98.6,3.2,-1.6,1.07
492934,2017,33430,74.3,98.6,3.2,-1.6,1.07
492934,2045,33430,74.3,98.6,3.2,-1.6,1.07
492949,2259,33430,74.3,98.6,3.2,-1.6,1.07
492950,2257,33430,74.3,98.6,3.2,-1.6,1.07
492950,2234,33430,74.3,98.6,3.2,-1.6,1.07
492964,1951,33430,74.3,98.6,3.2,-1.6,1.07
492964,1955,33430,74.3,98.6,3.2,-1.6,1.07
492964,1956,33430,74.3,98.6,3.2,-1.6,1.07
492982,2037,33428,74.3,98.6,3.2,-1.6,1.07
492983,2032,33428,74.3,98.6,3.2,-1.6,1.07
492983,2040,33428,74.3,98.6,3.2,-1.6,1.07
492995,2045,33428,74.3,98.6,3.1,-1.6,1.08
492996,2040,33428,74.3,98.6,3.1,-1.6,1.08
492996,2009,33428,74.3,98.6,3.1,-1.6,1.08
493016,2014,33426,74.3,98.6,3.1,-1.6,1.08
493018,2008,33426,74.3,98.6,3.1,-1.6,1.08
493018,2032,33426,74.3,98.6,3.1,-1.6,1.08
493019,2031,33426,74.3,98.6,3.1,-1.6,1.08
493032,1976,33423,74.3,98.6,3.1,-1.6,1.08
493033,1976,33423,74.3,98.6,3.1,-1.6,1.08
493034,1991,33423,74.3,98.6,3.1,-1.6,1.08
493034,2001,33423,74.3,98.6,3.1,-1.6,1.08
493052,2009,33421,74.3,98.6,3.3,-1.6,1.08
493052,1987,33421,74.3,98.6,3.3,-1.6,1.08
493052,1996,33421,74.3,98.6,3.3,-1.6,1.08
493065,2044,33420,74.3,98.6,3.3,-1.6,1.08
493065,2077,33420,74.3,98.6,3.3,-1.6,1.08
493066,2066,33420,74.3,98.6,3.3,-1.6,1.08
493084,2026,33418,74.3,98.6,3.3,-1.6,1.08
493085,2027,33418,74.3,98.6,3.3,-1.6,1.08
493085,2047,33418,74.3,98.6,3.3,-1.6,1.08
493097,2054,33418,74.3,98.6,3.4,-1.6,1.07
493098,2072,33418,74.3,98.6,3.4,-1.6,1.07
493098,2043,33418,74.3,98.6,3.4,-1.6,1.07
493118,2051,33416,74.3,98.6,3.4,-1.6,1.07
493121,2029,33416,74.3,98.6,3.4,-1.6,1.07
493121,2060,33416,74.3,98.6,3.4,-1.6,1.07
493121,2033,33416,74.3,98.6,3.4,-1.6,1.07
493135,2169,33415,74.3,98.6,3.3,-1.8,1.09
493135,2140,33415,74.3,98.6,3.3,-1.8,1.09
493135,2145,33415,74.3,98.6,3.3,-1.8,1.09
493152,2016,33414,74.3,98.6,3.3,-1.8,1.09
493152,2014,33414,74.3,98.6,3.3,-1.8,1.09
493153,1995,33414,74.3,98.6,3.3,-1.8,1.09
493165,2050,33414,74.3,98.6,3.3,-1.8,1.09
493166,2094,33414,74.3,98.6,3.3,-1.8,1.09
493166,2108,33414,74.3,98.6,3.3,-1.8,1.09
493183,2012,33413,74.3,98.6,3.3,-1.8,1.09
493184,2002,33413,74.3,98.6,3.3,-1.8,1.09
493184,1991,33413,74.3,98.6,3.3,-1.8,1.09
493196,2029,33413,74.3,98.6,3.2,-1.7,1.07
493197,2035,33413,74.3,98.6,3.2,-1.7,1.07
493197,2037,33413,74.3,98.6,3.2,-1.7,1.07
493216,2036,33412,74.3,98.6,3.2,-1.7,1.07
493220,2005,33412,74.3,98.6,3.2,-1.7,1.07
493221,2002,33412,74.3,98.6,3.2,-1.7,1.07
493221,2012,33412,74.3,98.6,3.2,-1.7,1.07
493235,2003,33412,74.3,98.6,3.1,-1.5,1.08
493236,1986,33412,74.3,98.6,3.1,-1.5,1.08
493236,2018,33412,74.3,98.6,3.1,-1.5,1.08
493253,2072,33411,74.3,98.6,3.1,-1.5,1.08
493253,2074,33411,74.3,98.6,3.1,-1.5,1.08
493253,2076,33411,74.3,98.6,3.1,-1.5,1.08
493266,2112,33411,74.3,98.6,3.1,-1.5,1.08
493267,2136,33411,74.3,98.6,3.1,-1.5,1.08
493267,2135,33411,74.3,98.6,3.1,-1.5,1.08
493283,2002,33410,74.3,98.6,3.1,-1.5,1.08
493284,1997,33410,74.3,98.6,3.1,-1.5,1.08
493284,1983,33410,74.3,98.6,3.1,-1.5,1.08
493296,2025,33410,74.3,98.6,3.1,-1.5,1.07
493297,1977,33410,74.3,98.6,3.1,-1.5,1.07
493297,2010,33410,74.3,98.6,3.1,-1.5,1.07
493315,2049,33409,74.3,98.6,3.1,-1.5,1.07
493316,2032,33409,74.3,98.6,3.1,-1.5,1.07
493316,2001,33409,74.3,98.6,3.1,-1.5,1.07
493329,2171,33409,74.3,98.6,3.1,-1.5,1.07
493329,2189,33409,74.3,98.6,3.1,-1.5,1.07
493329,2203,33409,74.3,98.6,3.1,-1.5,1.07
493352,2211,33408,74.3,98.6,3.1,-1.3,1.07
493353,2174,33408,74.3,98.6,3.1,-1.3,1.07
493354,2172,33408,74.3,98.6,3.1,-1.3,1.07
493354,2200,33408,74.3,98.6,3.1,-1.3,1.07
493366,1924,33407,74.3,98.6,3.1,-1.3,1.07
493367,1829,33407,74.3,98.6,3.1,-1.3,1.07
493367,1803,33407,74.3,98.6,3.1,-1.3,1.07
493384,2203,33407,74.3,98.6,3.1,-1.3,1.07
493384,2223,33407,74.3,98.6,3.1,-1.3,1.07
493384,2255,33407,74.3,98.6,3.1,-1.3,1.07
493397,2033,33407,74.3,98.6,3.5,-1.4,1.06
493397,2002,33407,74.3,98.6,3.5,-1.4,1.06
493398,1966,33407,74.3,98.6,3.5,-1.4,1.06
493416,2039,33407,74.3,98.7,3.5,-1.4,1.06
493417,2069,33407,74.3,98.7,3.5,-1.4,1.06
493417,2082,33407,74.3,98.7,3.5,-1.4,1.06
493431,2123,33407,74.3,98.7,3.5,-1.4,1.06
493431,2064,33407,74.3,98.7,3.5,-1.4,1.06
493431,2042,33407,74.3,98.7,3.5,-1.4,1.06
493451,2091,33408,74.3,98.7,3.5,-1.5,1.07
493452,2119,33408,74.3,98.7,3.5,-1.5,1.07
493453,2077,33408,74.3,98.7,3.5,-1.5,1.07
493453,2047,33408,74.3,98.7,3.5,-1.5,1.07
493465,2080,33408,74.3,98.7,3.5,-1.5,1.07
493466,2285,33408,74.3,98.7,3.5,-1.5,1.07
493466,2333,33408,74.3,98.7,3.5,-1.5,1.07
493485,1751,33408,74.3,98.7,3.5,-1.5,1.07
493485,1767,33408,74.3,98.7,3.5,-1.5,1.07
493485,1771,33408,74.3,98.7,3.5,-1.5,1.07
493498,2199,33409,74.3,98.7,3.3,-1.6,1.08
493498,2187,33409,74.3,98.7,3.3,-1.6,1.08
493498,2207,33409,74.3,98.7,3.3,-1.6,1.08
493517,2147,33409,74.3,98.7,3.3,-1.6,1.08
493518,2109,33409,74.3,98.7,3.3,-1.6,1.08
493518,2081,33409,74.3,98.7,3.3,-1.6,1.08
493531,2459,33410,74.3,98.7,3.3,-1.6,1.08
493532,2472,33410,74.3,98.7,3.3,-1.6,1.08
493532,2482,33410,74.3,98.7,3.3,-1.6,1.08
493551,2256,33410,74.3,98.7,3.2,-1.6,1.08
493551,2241,33410,74.3,98.7,3.2,-1.6,1.08
493551,2236,33410,74.3,98.7,3.2,-1.6,1.08
493564,1961,33410,74.3,98.7,3.2,-1.6,1.08
493565,1973,33410,74.3,98.7,3.2,-1.6,1.08
493565,1963,33410,74.3,98.7,3.2,-1.6,1.08
493587,2010,33410,74.3,98.7,3.2,-1.6,1.08
493589,2042,33409,74.3,98.7,3.2,-1.6,1.08
493590,2087,33409,74.3,98.7,3.2,-1.6,1.08
493590,2100,33409,74.3,98.7,3.2,-1.6,1.08
493602,2039,33409,74.3,98.7,3.4,-1.5,1.07
493603,2011,33409,74.3,98.7,3.4,-1.5,1.07
493603,2001,33409,74.3,98.7,3.4,-1.5,1.07
493620,2015,33407,74.3,98.7,3.4,-1.5,1.07
493620,2022,33407,74.3,98.7,3.4,-1.5,1.07
493620,2009,33407,74.3,98.7,3.4,-1.5,1.07
493633,2140,33406,74.3,98.7,3.4,-1.5,1.07
493633,2121,33406,74.3,98.7,3.4,-1.5,1.07
493633,2151,33406,74.3,98.7,3.4,-1.5,1.07
493652,2106,33405,74.3,98.7,3.5,-1.6,1.08
493653,2082,33405,74.3,98.7,3.5,-1.6,1.08
493653,2064,33405,74.3,98.7,3.5,-1.6,1.08
493666,2028,33404,74.3,98.7,3.5,-1.6,1.08
493666,2085,33404,74.3,98.7,3.5,-1.6,1.08
493666,2101,33404,74.3,98.7,3.5,-1.6,1.08
493686,2234,33402,74.3,98.7,3.5,-1.6,1.08
493689,2219,33402,74.3,98.7,3.5,-1.6,1.08
493689,2207,33402,74.3,98.7,3.5,-1.6,1.08
493690,2233,33402,74.3,98.7,3.5,-1.6,1.08
493702,1966,33401,74.3,98.7,3.4,-1.6,1.08
493703,1971,33401,74.3,98.7,3.4,-1.6,1.08
493704,1946,33401,74.3,98.7,3.4,-1.6,1.08
493704,1939,33401,74.3,98.7,3.4,-1.6,1.08
493721,1986,33400,74.3,98.7,3.4,-1.6,1.08
493721,1992,33400,74.3,98.7,3.4,-1.6,1.08
493721,1987,33400,74.3,98.7,3.4,-1.6,1.08
493734,2051,33400,74.3,98.7,3.4,-1.6,1.08
493735,2039,33400,74.3,98.7,3.4,-1.6,1.08
493735,2063,33400,74.3,98.7,3.4,-1.6,1.08
493753,2136,33399,74.3,98.7,3.4,-1.6,1.08
493754,2108,33399,74.3,98.7,3.4,-1.6,1.08
493754,2086,33399,74.3,98.7,3.4,-1.6,1.08
493766,2108,33399,74.3,98.7,3.2,-1.6,1.08
493767,2170,33399,74.3,98.7,3.2,-1.6,1.08
493767,2209,33399,74.3,98.7,3.2,-1.6,1.08
493787,2352,33399,74.3,98.7,3.2,-1.6,1.08
493790,2658,33399,74.3,98.7,3.2,-1.6,1.08
493790,2659,33399,74.3,98.7,3.2,-1.6,1.08
493791,2700,33399,74.3,98.7,3.2,-1.6,1.08
493803,1825,33399,74.3,98.7,3.2,-1.6,1.08
493804,1775,33399,74.3,98.7,3.2,-1.6,1.08
493804,1740,33399,74.3,98.7,3.2,-1.6,1.08
493805,1689,33399,74.3,98.7,3.2,-1.6,1.08
493823,2038,33400,74.3,98.7,3.2,-1.6,1.08
493824,2084,33400,74.3,98.7,3.2,-1.6,1.08
493824,2090,33400,74.3,98.7,3.2,-1.6,1.08
493836,2032,33400,74.3,98.7,3.2,-1.6,1.08
493837,1988,33400,74.3,98.7,3.2,-1.6,1.08
493837,2010,33400,74.3,98.7,3.2,-1.6,1.08
493856,2076,33400,74.3,98.7,3.2,-1.6,1.08
493859,2073,33401,74.3,98.7,3.2,-1.6,1.08
493859,2009,33401,74.3,98.7,3.2,-1.6,1.08
493859,1983,33401,74.3,98.7,3.2,-1.6,1.08
493872,1994,33401,74.3,98.7,3.3,-1.6,1.07
493872,2041,33401,74.3,98.7,3.3,-1.6,1.07
493872,2038,33401,74.3,98.7,3.3,-1.6,1.07
493891,2114,33402,74.3,98.7,3.3,-1.6,1.07
493892,2074,33402,74.3,98.7,3.3,-1.6,1.07
493892,2094,33402,74.3,98.7,3.3,-1.6,1.07
493905,2025,33402,74.3,98.7,3.3,-1.6,1.07
493905,2033,33402,74.3,98.7,3.3,-1.6,1.07
493906,2104,33402,74.3,98.7,3.3,-1.6,1.07
493907,2081,33402,74.3,98.7,3.3,-1.6,1.07
493925,1960,33403,74.3,98.7,3.3,-1.8,1.08
493925,2019,33403,74.3,98.7,3.3,-1.8,1.08
493925,2022,33403,74.3,98.7,3.3,-1.8,1.08
493939,2034,33404,74.3,98.7,3.3,-1.8,1.08
493939,1996,33404,74.3,98.7,3.3,-1.8,1.08
493940,2025,33404,74.3,98.7,3.3,-1.8,1.08
493956,2062,33404,74.3,98.7,3.3,-1.8,1.08
493957,2060,33404,74.3,98.7,3.3,-1.8,1.08
493957,2013,33404,74.3,98.7,3.3,-1.8,1.08
493970,2031,33405,74.3,98.7,3.3,-1.8,1.08
493971,2076,33405,74.3,98.7,3.3,-1.8,1.08
493971,2122,33405,74.3,98.7,3.3,-1.8,1.08
493991,2085,33406,74.3,98.7,3.3,-1.8,1.08
493992,2053,33406,74.3,98.7,3.3,-1.8,1.08
493993,2007,33406,74.3,98.7,3.3,-1.8,1.08
493993,2002,33406,74.3,98.7,3.3,-1.8,1.08
494006,2048,33407,74.3,98.7,3.3,-1.8,1.08
494006,2093,33407,74.3,98.7,3.3,-1.8,1.08
494006,2107,33407,74.3,98.7,3.3,-1.8,1.08
494026,1939,33409,74.3,98.7,3.3,-1.6,1.06
494026,1983,33409,74.3,98.7,3.3,-1.6,1.06
494026,2092,33409,74.3,98.7,3.3,-1.6,1.06
494040,2052,33410,74.3,98.7,3.3,-1.6,1.06
494041,2003,33410,74.3,98.7,3.3,-1.6,1.06
494041,1985,33410,74.3,98.7,3.3,-1.6,1.06
494058,2022,33412,74.3,98.7,3.3,-1.6,1.06
494059,2021,33412,74.3,98.7,3.3,-1.6,1.06
494059,2053,33412,74.3,98.7,3.3,-1.6,1.06
494071,2038,33413,74.3,98.7,3.1,-1.4,1.07
494072,2020,33413,74.3,98.7,3.1,-1.4,1.07
494072,2045,33413,74.3,98.7,3.1,-1.4,1.07
494091,2059,33415,74.3,98.7,3.1,-1.4,1.07
494093,2047,33415,74.3,98.7,3.1,-1.4,1.07
494093,2022,33415,74.3,98.7,3.1,-1.4,1.07
494094,2000,33415,74.3,98.7,3.1,-1.4,1.07
494107,2105,33417,74.3,98.7,3.1,-1.4,1.07
494108,2131,33417,74.3,98.7,3.1,-1.4,1.07
494108,2130,33417,74.3,98.7,3.1,-1.4,1.07
494124,2014,33419,74.3,98.7,3.0,-1.5,1.07
494125,1984,33419,74.3,98.7,3.0,-1.5,1.07
494125,1998,33419,74.3,98.7,3.0,-1.5,1.07
494139,2054,33421,74.3,98.7,3.0,-1.5,1.07
494139,2048,33421,74.3,98.7,3.0,-1.5,1.07
494140,2031,33421,74.3,98.7,3.0,-1.5,1.07
494161,2010,33423,74.3,98.7,3.0,-1.5,1.07
494163,2026,33423,74.3,98.7,3.0,-1.5,1.07
494163,2041,33423,74.3,98.7,3.0,-1.5,1.07
494163,2036,33423,74.3,98.7,3.0,-1.5,1.07
494176,2023,33424,74.3,98.7,3.1,-1.6,1.08
494176,2015,33424,74.3,98.7,3.1,-1.6,1.08
494176,2028,33424,74.3,98.7,3.1,-1.6,1.08
494194,2361,33426,74.3,98.7,3.1,-1.6,1.08
494195,2318,33426,74.3,98.7,3.1,-1.6,1.08
494195,2299,33426,74.3,98.7,3.1,-1.6,1.08
494209,1921,33427,74.3,98.7,3.1,-1.6,1.08
494209,1942,33427,74.3,98.7,3.1,-1.6,1.08
494209,1934,33427,74.3,98.7,3.1,-1.6,1.08
494228,2173,33428,74.3,98.7,3.2,-1.6,1.07
494230,2175,33428,74.3,98.7,3.2,-1.6,1.07
494230,2232,33428,74.3,98.7,3.2,-1.6,1.07
494230,2252,33428,74.3,98.7,3.2,-1.6,1.07
494243,1974,33428,74.3,98.7,3.2,-1.6,1.07
494244,1961,33428,74.3,98.7,3.2,-1.6,1.07
494244,1950,33428,74.3,98.7,3.2,-1.6,1.07
494262,2015,33428,74.3,98.7,3.2,-1.6,1.07
494262,2027,33428,74.3,98.7,3.2,-1.6,1.07
494262,2025,33428,74.3,98.7,3.2,-1.6,1.07
494275,2033,33429,74.3,98.7,3.4,-1.7,1.09
494276,2017,33429,74.3,98.7,3.4,-1.7,1.09
494276,1981,33429,74.3,98.7,3.4,-1.7,1.09
494277,2015,33429,74.3,98.7,3.4,-1.7,1.09
494295,908,33430,74.3,98.7,3.4,-1.7,1.09
494295,960,33430,74.3,98.7,3.4,-1.7,1.09
494295,936,33430,74.3,98.7,3.4,-1.7,1.09
494309,2641,33431,74.3,98.7,3.4,-1.7,1.09
494309,2631,33431,74.3,98.7,3.4,-1.7,1.09
494309,2669,33431,74.3,98.7,3.4,-1.7,1.09
494327,2028,33432,74.3,98.7,3.4,-1.7,1.09
494328,1995,33432,74.3,98.7,3.4,-1.7,1.09
494328,1889,33432,74.3,98.7,3.4,-1.7,1.09
494340,2005,33433,74.3,98.7,3.3,-1.7,1.08
494341,2093,33433,74.3,98.7,3.3,-1.7,1.08
494341,2152,33433,74.3,98.7,3.3,-1.7,1.08
494361,2065,33434,74.3,98.7,3.3,-1.7,1.08
494362,1988,33434,74.3,98.7,3.3,-1.7,1.08
494363,1963,33434,74.3,98.7,3.3,-1.7,1.08
494363,2041,33434,74.3,98.7,3.3,-1.7,1.08
494376,2158,33436,74.3,98.7,3.3,-1.7,1.08
494377,2080,33436,74.3,98.7,3.3,-1.7,1.08
494377,1994,33436,74.3,98.7,3.3,-1.7,1.08
494394,1984,33437,74.3,98.7,3.3,-1.6,1.07
494394,2050,33437,74.3,98.7,3.3,-1.6,1.07
494395,2089,33437,74.3,98.7,3.3,-1.6,1.07
494408,2123,33439,74.3,98.7,3.3,-1.6,1.07
494409,2054,33439,74.3,98.7,3.3,-1.6,1.07
494409,2049,33439,74.3,98.7,3.3,-1.6,1.07
494427,2105,33441,74.3,98.7,3.3,-1.6,1.07
494428,2172,33441,74.3,98.7,3.3,-1.6,1.07
494428,2136,33441,74.3,98.7,3.3,-1.6,1.07
494440,1977,33442,74.3,98.7,3.3,-1.5,1.07
494441,1970,33442,74.3,98.7,3.3,-1.5,1.07
494441,2028,33442,74.3,98.7,3.3,-1.5,1.07
494461,2087,33444,74.3,98.7,3.3,-1.5,1.07
494462,2065,33444,74.3,98.7,3.3,-1.5,1.07
494463,1997,33444,74.3,98.7,3.3,-1.5,1.07
494463,1998,33444,74.3,98.7,3.3,-1.5,1.07
494476,2102,33447,74.3,98.7,3.3,-1.5,1.07
494477,2113,33447,74.3,98.7,3.3,-1.5,1.07
494477,2082,33447,74.3,98.7,3.3,-1.5,1.07
494494,2024,33448,74.3,98.7,3.3,-1.7,1.05
494495,1999,33448,74.3,98.7,3.3,-1.7,1.05
494495,2059,33448,74.3,98.7,3.3,-1.7,1.05
494508,2150,33450,74.3,98.7,3.3,-1.7,1.05
494509,2136,33450,74.3,98.7,3.3,-1.7,1.05
494509,2091,33450,74.3,98.7,3.3,-1.7,1.05
494527,2028,33452,74.3,98.7,3.3,-1.7,1.05
494528,2075,33452,74.3,98.7,3.3,-1.7,1.05
494528,2100,33452,74.3,98.7,3.3,-1.7,1.05
494540,2046,33453,74.3,98.7,3.4,-1.8,1.08
494541,2002,33453,74.3,98.7,3.4,-1.8,1.08
494541,1966,33453,74.3,98.7,3.4,-1.8,1.08
494560,2031,33455,74.3,98.7,3.4,-1.8,1.08
494562,2079,33455,74.3,98.7,3.4,-1.8,1.08
494562,2035,33455,74.3,98.7,3.4,-1.8,1.08
494562,2001,33455,74.3,98.7,3.4,-1.8,1.08
494576,2022,33458,74.3,98.7,3.4,-1.8,1.08
494577,2050,33458,74.3,98.7,3.4,-1.8,1.08
494578,2069,33458,74.3,98.7,3.4,-1.8,1.08
494578,2046,33458,74.3,98.7,3.4,-1.8,1.08
494597,2006,33460,74.3,98.7,3.3,-1.7,1.08
494597,1999,33460,74.3,98.7,3.3,-1.7,1.08
494597,2034,33460,74.3,98.7,3.3,-1.7,1.08
494610,2218,33461,74.3,98.7,3.3,-1.7,1.08
494610,2198,33461,74.3,98.7,3.3,-1.7,1.08
494611,2172,33461,74.3,98.7,3.3,-1.7,1.08
494629,2033,33464,74.3,98.7,3.3,-1.7,1.08
494630,2062,33464,74.3,98.7,3.3,-1.7,1.08
494630,2075,33464,74.3,98.7,3.3,-1.7,1.08
494642,2036,33465,74.3,98.7,2.9,-1.6,1.07
494643,2011,33465,74.3,98.7,2.9,-1.6,1.07
494643,2011,33465,74.3,98.7,2.9,-1.6,1.07
494662,1998,33468,74.3,98.7,2.9,-1.6,1.07
494665,1992,33470,74.3,98.7,2.9,-1.6,1.07
494665,1974,33470,74.3,98.7,2.9,-1.6,1.07
494666,1946,33470,74.3,98.7,2.9,-1.6,1.07
494678,2051,33471,74.3,98.7,2.9,-1.6,1.07
494678,2070,33471,74.3,98.7,2.9,-1.6,1.07
494679,2084,33471,74.3,98.7,2.9,-1.6,1.07
494696,2083,33474,74.3,98.7,2.7,-1.6,1.09
494697,2051,33474,74.3,98.7,2.7,-1.6,1.09
494697,2047,33474,74.3,98.7,2.7,-1.6,1.09
494710,2018,33476,74.3,98.7,2.7,-1.6,1.09
494710,2032,33476,74.3,98.7,2.7,-1.6,1.09
494711,2007,33476,74.3,98.7,2.7,-1.6,1.09
494734,1988,33479,74.3,98.7,2.7,-1.6,1.09
494736,1998,33480,74.3,98.7,2.7,-1.6,1.09
494737,2005,33480,74.3,98.7,2.7,-1.6,1.09
494737,2014,33480,74.3,98.7,2.7,-1.6,1.09
494750,2152,33481,74.3,98.7,2.9,-1.4,1.07
494750,2136,33481,74.3,98.7,2.9,-1.4,1.07
494750,2140,33481,74.3,98.7,2.9,-1.4,1.07
494767,2039,33484,74.3,98.7,2.9,-1.4,1.07
494767,2075,33484,74.3,98.7,2.9,-1.4,1.07
494767,2053,33484,74.3,98.7,2.9,-1.4,1.07
494780,2005,33485,74.3,98.7,2.9,-1.4,1.07
494780,2007,33485,74.3,98.7,2.9,-1.4,1.07
494781,2037,33485,74.3,98.7,2.9,-1.4,1.07
494799,2050,33487,74.3,98.7,3.2,-1.4,1.09
494800,2024,33487,74.3,98.7,3.2,-1.4,1.09
494800,2001,33487,74.3,98.7,3.2,-1.4,1.09
494813,250,33488,74.3,98.7,3.2,-1.4,1.09
494814,281,33488,74.3,98.7,3.2,-1.4,1.09
494815,262,33488,74.3,98.7,3.2,-1.4,1.09
494815,261,33488,74.3,98.7,3.2,-1.4,1.09
494834,2439,33490,75.6,98.7,3.2,-1.4,1.09
494834,2374,33490,75.6,98.7,3.2,-1.4,1.09
494835,2363,33490,75.6,98.7,3.2,-1.4,1.09
494835,2306,33490,75.6,98.7,3.2,-1.4,1.09
494849,2071,33492,75.6,98.7,3.5,-1.6,1.06
494850,2023,33492,75.6,98.7,3.5,-1.6,1.06
494850,2083,33492,75.6,98.7,3.5,-1.6,1.06
494867,2026,33493,75.6,98.7,3.5,-1.6,1.06
494867,2084,33493,75.6,98.7,3.5,-1.6,1.06
494867,2013,33493,75.6,98.7,3.5,-1.6,1.06
494880,1950,33494,75.6,98.7,3.5,-1.6,1.06
494880,1990,33494,75.6,98.7,3.5,-1.6,1.06
494880,2083,33494,75.6,98.7,3.5,-1.6,1.06
494899,2123,33496,75.6,98.7,3.4,-1.6,1.06
494900,2037,33496,75.6,98.7,3.4,-1.6,1.06
494900,1958,33496,75.6,98.7,3.4,-1.6,1.06
494913,1996,33497,75.6,98.7,3.4,-1.6,1.06
494913,2092,33497,75.6,98.7,3.4,-1.6,1.06
494913,2113,33497,75.6,98.7,3.4,-1.6,1.06
494933,2063,33499,75.6,98.7,3.4,-1.6,1.06
494933,2003,33499,75.6,98.7,3.4,-1.6,1.06
494933,2022,33499,75.6,98.7,3.4,-1.6,1.06
494947,2065,33501,75.6,98.7,3.2,-1.7,1.08
494947,2154,33501,75.6,98.7,3.2,-1.7,1.08
494947,2100,33501,75.6,98.7,3.2,-1.7,1.08
494966,1927,33504,75.6,98.7,3.2,-1.7,1.08
494967,1966,33504,75.6,98.7,3.2,-1.7,1.08
494967,2047,33504,75.6,98.7,3.2,-1.7,1.08
494979,2083,33505,75.6,98.7,3.2,-1.7,1.08
494980,2013,33505,75.6,98.7,3.2,-1.7,1.08
494980,1978,33505,75.6,98.7,3.2,-1.7,1.08
494999,1981,33508,75.6,98.7,3.0,-1.7,1.05
495001,2062,33508,75.6,98.7,3.0,-1.7,1.05
495001,2068,33508,75.6,98.7,3.0,-1.7,1.05
495002,2019,33508,75.6,98.7,3.0,-1.7,1.05
495015,2020,33510,75.6,98.7,3.0,-1.7,1.05
495015,2052,33510,75.6,98.7,3.0,-1.7,1.05
495016,2101,33510,75.6,98.7,3.0,-1.7,1.05
495031,2185,33512,75.6,98.7,3.0,-1.7,1.05
495032,2120,33512,75.6,98.7,3.0,-1.7,1.05
495032,2095,33512,75.6,98.7,3.0,-1.7,1.05
495045,2007,33514,75.6,98.7,2.9,-1.7,1.06
495046,2041,33514,75.6,98.7,2.9,-1.7,1.06
495046,2038,33514,75.6,98.7,2.9,-1.7,1.06
495066,1993,33517,75.6,98.7,2.9,-1.7,1.06
495067,2046,33517,75.6,98.7,2.9,-1.7,1.06
495068,2081,33517,75.6,98.7,2.9,-1.7,1.06
495068,2130,33517,75.6,98.7,2.9,-1.7,1.06
495081,2037,33518,75.6,98.7,2.9,-1.7,1.06
495081,2009,33518,75.6,98.7,2.9,-1.7,1.06
495082,1972,33518,75.6,98.7,2.9,-1.7,1.06
495100,2011,33521,75.6,98.7,3.0,-1.8,1.10
495100,2063,33521,75.6,98.7,3.0,-1.8,1.10
495100,2066,33521,75.6,98.7,3.0,-1.8,1.10
495114,244,33524,75.6,98.7,3.0,-1.8,1.10
495114,234,33524,75.6,98.7,3.0,-1.8,1.10
495114,203,33524,75.6,98.7,3.0,-1.8,1.10
495131,3049,33525,75.6,98.7,3.0,-1.8,1.10
495132,2980,33525,75.6,98.7,3.0,-1.8,1.10
495132,3047,33525,75.6,98.7,3.0,-1.8,1.10
495145,1668,33527,75.6,98.7,3.1,-1.7,1.08
495146,1646,33527,75.6,98.7,3.1,-1.7,1.08
495146,1509,33527,75.6,98.7,3.1,-1.7,1.08
495165,1939,33530,75.6,98.7,3.1,-1.7,1.08
495167,2080,33530,75.6,98.7,3.1,-1.7,1.08
495168,2252,33530,75.6,98.7,3.1,-1.7,1.08
495169,2221,33530,75.6,98.7,3.1,-1.7,1.08
495182,1944,33532,75.6,98.7,3.1,-1.7,1.08
495182,1891,33532,75.6,98.7,3.1,-1.7,1.08
495182,1985,33532,75.6,98.7,3.1,-1.7,1.08
495201,2141,33535,75.6,98.7,3.1,-1.7,1.07
495201,2091,33535,75.6,98.7,3.1,-1.7,1.07
495201,1952,33535,75.6,98.7,3.1,-1.7,1.07
495215,1940,33538,75.6,98.7,3.1,-1.7,1.07
495215,2010,33538,75.6,98.7,3.1,-1.7,1.07
495215,2137,33538,75.6,98.7,3.1,-1.7,1.07
495232,2103,33540,75.6,98.7,3.1,-1.7,1.07
495233,1991,33540,75.6,98.7,3.1,-1.7,1.07
495233,1938,33540,75.6,98.7,3.1,-1.7,1.07
495246,2025,33543,75.6,98.7,3.0,-1.3,1.04
495247,2113,33543,75.6,98.7,3.0,-1.3,1.04
495247,2099,33543,75.6,98.7,3.0,-1.3,1.04
495266,1960,33546,75.6,98.7,3.0,-1.3,1.04
495268,2082,33546,75.6,98.7,3.0,-1.3,1.04
495268,2181,33546,75.6,98.7,3.0,-1.3,1.04
495268,2285,33546,75.6,98.7,3.0,-1.3,1.04
495281,2088,33548,75.6,98.7,3.0,-1.3,1.04
495282,1977,33548,75.6,98.7,3.0,-1.3,1.04
495282,1912,33548,75.6,98.7,3.0,-1.3,1.04
495301,2032,33551,75.6,98.7,3.3,-1.5,1.08
495301,2096,33551,75.6,98.7,3.3,-1.5,1.08
495304,2087,33553,75.6,98.7,3.3,-1.5,1.08
495304,1996,33553,75.6,98.7,3.3,-1.5,1.08
495317,2082,33555,75.6,98.7,3.3,-1.5,1.08
495318,2090,33555,75.6,98.7,3.3,-1.5,1.08
495319,2149,33555,75.6,98.7,3.3,-1.5,1.08
495319,2122,33555,75.6,98.7,3.3,-1.5,1.08
495336,2134,33558,75.6,98.7,3.3,-1.5,1.08
495337,2069,33558,75.6,98.7,3.3,-1.5,1.08
495337,2111,33558,75.6,98.7,3.3,-1.5,1.08
495349,2103,33559,75.6,98.7,3.3,-1.5,1.08
495350,2104,33559,75.6,98.7,3.3,-1.5,1.08
495350,2035,33559,75.6,98.7,3.3,-1.5,1.08
495369,1987,33562,75.6,98.7,3.3,-1.5,1.08
495371,2011,33562,75.6,98.7,3.3,-1.5,1.08
495371,2074,33562,75.6,98.7,3.3,-1.5,1.08
495371,2073,33562,75.6,98.7,3.3,-1.5,1.08
495385,2017,33564,75.6,98.7,3.3,-1.5,1.08
495385,1979,33564,75.6,98.7,3.3,-1.5,1.08
495385,2018,33564,75.6,98.7,3.3,-1.5,1.08
495404,2006,33566,75.6,98.7,3.2,-1.7,1.03
495404,2002,33566,75.6,98.7,3.2,-1.7,1.03
495404,1928,33566,75.6,98.7,3.2,-1.7,1.03
495417,2000,33567,75.6,98.7,3.2,-1.7,1.03
495418,2029,33567,75.6,98.7,3.2,-1.7,1.03
495418,2105,33567,75.6,98.7,3.2,-1.7,1.03
495437,2132,33569,75.6,98.7,3.2,-1.7,1.03
495437,2039,33569,75.6,98.7,3.2,-1.7,1.03
495438,2021,33569,75.6,98.7,3.2,-1.7,1.03
495450,2034,33570,75.6,98.7,3.1,-1.7,1.08
495450,2085,33570,75.6,98.7,3.1,-1.7,1.08
495451,2084,33570,75.6,98.7,3.1,-1.7,1.08
495469,2025,33572,75.6,98.7,3.1,-1.7,1.08
495470,1975,33572,75.6,98.7,3.1,-1.7,1.08
495470,2010,33572,75.6,98.7,3.1,-1.7,1.08
495483,2069,33574,75.6,98.7,3.1,-1.7,1.08
495484,2083,33574,75.6,98.7,3.1,-1.7,1.08
495484,2030,33574,75.6,98.7,3.1,-1.7,1.08
495503,1979,33576,75.6,98.7,3.1,-1.5,1.07
495505,2006,33576,75.6,98.7,3.1,-1.5,1.07
495506,2061,33576,75.6,98.7,3.1,-1.5,1.07
495506,2055,33576,75.6,98.7,3.1,-1.5,1.07
495520,2016,33578,75.6,98.7,3.1,-1.5,1.07
495520,1982,33578,75.6,98.7,3.1,-1.5,1.07
495520,2002,33578,75.6,98.7,3.1,-1.5,1.07
495538,2170,33580,75.6,98.7,3.1,-1.5,1.07
495539,2143,33580,75.6,98.7,3.1,-1.5,1.07
495539,2096,33580,75.6,98.7,3.1,-1.5,1.07
495552,2028,33583,75.6,98.7,3.3,-1.7,1.00
495553,2058,33583,75.6,98.7,3.3,-1.7,1.00
495553,2091,33583,75.6,98.7,3.3,-1.7,1.00
495569,2144,33584,75.6,98.7,3.3,-1.7,1.00
495570,2105,33584,75.6,98.7,3.3,-1.7,1.00
495570,2089,33584,75.6,98.7,3.3,-1.7,1.00
495583,2000,33587,75.6,98.7,3.3,-1.7,1.00
495584,2034,33587,75.6,98.7,3.3,-1.7,1.00
495584,2021,33587,75.6,98.7,3.3,-1.7,1.00
495604,2020,33590,75.6,98.7,3.0,-1.7,1.10
495606,1999,33590,75.6,98.7,3.0,-1.7,1.10
495606,2025,33590,75.6,98.7,3.0,-1.7,1.10
495606,2049,33590,75.6,98.7,3.0,-1.7,1.10
495619,2036,33592,75.6,98.7,3.0,-1.7,1.10
495620,2023,33592,75.6,98.7,3.0,-1.7,1.10
495620,2008,33592,75.6,98.7,3.0,-1.7,1.10
495639,2020,33594,75.6,98.7,3.0,-1.7,1.10
495639,2051,33594,75.6,98.7,3.0,-1.7,1.10
495639,2041,33594,75.6,98.7,3.0,-1.7,1.10
495654,2024,33597,75.6,98.7,3.2,-1.7,1.06
495654,1999,33597,75.6,98.7,3.2,-1.7,1.06
495654,2018,33597,75.6,98.7,3.2,-1.7,1.06
495672,2082,33600,75.6,98.7,3.2,-1.7,1.06
495673,2077,33600,75.6,98.7,3.2,-1.7,1.06
495673,2048,33600,75.6,98.7,3.2,-1.7,1.06
495686,1991,33601,75.6,98.7,3.2,-1.7,1.06
495686,2022,33601,75.6,98.7,3.2,-1.7,1.06
495686,2046,33601,75.6,98.7,3.2,-1.7,1.06
495705,2018,33604,75.6,98.7,3.2,-1.7,1.06
495707,1996,33604,75.6,98.7,3.2,-1.7,1.06
495707,1985,33604,75.6,98.7,3.2,-1.7,1.06
495707,1991,33604,75.6,98.7,3.2,-1.7,1.06
495720,2168,33606,75.6,98.7,3.3,-1.7,1.08
495721,2113,33606,75.6,98.7,3.3,-1.7,1.08
495721,2092,33606,75.6,98.7,3.3,-1.7,1.08
495739,2078,33609,75.6,98.7,3.3,-1.7,1.08
495739,2088,33609,75.6,98.7,3.3,-1.7,1.08
495740,2093,33609,75.6,98.7,3.3,-1.7,1.08
495753,2244,33612,75.6,98.7,3.3,-1.7,1.08
495754,2221,33612,75.6,98.7,3.3,-1.7,1.08
495754,2215,33612,75.6,98.7,3.3,-1.7,1.08
495772,2162,33615,75.6,98.7,3.2,-1.7,1.09
495773,2149,33615,75.6,98.7,3.2,-1.7,1.09
495773,2162,33615,75.6,98.7,3.2,-1.7,1.09
495785,1973,33616,75.6,98.7,3.2,-1.7,1.09
495786,1993,33616,75.6,98.7,3.2,-1.7,1.09
495786,2003,33616,75.6,98.7,3.2,-1.7,1.09
495805,1985,33619,75.6,98.7,3.2,-1.7,1.09
495807,1966,33619,75.6,98.7,3.2,-1.7,1.09
495807,1962,33619,75.6,98.7,3.2,-1.7,1.09
495807,1955,33619,75.6,98.7,3.2,-1.7,1.09
495820,2060,33621,75.6,98.7,3.2,-1.6,1.08
495820,2056,33621,75.6,98.7,3.2,-1.6,1.08
495820,2058,33621,75.6,98.7,3.2,-1.6,1.08
495839,2230,33624,75.6,98.7,3.2,-1.6,1.08
495839,2190,33624,75.6,98.7,3.2,-1.6,1.08
495840,2187,33624,75.6,98.7,3.2,-1.6,1.08
495853,2232,33628,75.6,98.7,3.2,-1.6,1.08
495854,2233,33628,75.6,98.7,3.2,-1.6,1.08
495855,2233,33628,75.6,98.7,3.2,-1.6,1.08
495855,2232,33628,75.6,98.7,3.2,-1.6,1.08
495873,2237,33631,75.6,98.7,3.1,-1.6,1.07
495874,2241,33631,75.6,98.7,3.1,-1.6,1.07
495874,2222,33631,75.6,98.7,3.1,-1.6,1.07
495887,1964,33633,75.6,98.7,3.1,-1.6,1.07
495887,1968,33633,75.6,98.7,3.1,-1.6,1.07
495887,1970,33633,75.6,98.7,3.1,-1.6,1.07
495905,2017,33637,75.6,98.7,3.1,-1.6,1.07
495906,2004,33637,75.6,98.7,3.1,-1.6,1.07
495906,2001,33637,75.6,98.7,3.1,-1.6,1.07
495918,2145,33638,75.6,98.7,3.2,-1.6,1.08
495919,2113,33638,75.6,98.7,3.2,-1.6,1.08
495919,2097,33638,75.6,98.7,3.2,-1.6,1.08
495938,2032,33642,75.6,98.7,3.2,-1.6,1.08
495941,2035,33643,75.6,98.7,3.2,-1.6,1.08
495941,2045,33643,75.6,98.7,3.2,-1.6,1.08
495942,2034,33643,75.6,98.7,3.2,-1.6,1.08
495954,2070,33644,75.6,98.7,3.2,-1.6,1.08
495955,2065,33644,75.6,98.7,3.2,-1.6,1.08
495955,2064,33644,75.6,98.7,3.2,-1.6,1.08
495976,2082,33647,75.6,98.7,3.3,-1.6,1.08
495978,2063,33647,75.6,98.7,3.3,-1.6,1.08
495978,2052,33647,75.6,98.7,3.3,-1.6,1.08
495978,2070,33647,75.6,98.7,3.3,-1.6,1.08
495992,2164,33649,75.6,98.7,3.3,-1.6,1.08
495992,2161,33649,75.6,98.7,3.3,-1.6,1.08
495992,2164,33649,75.6,98.7,3.3,-1.6,1.08
496008,2021,33650,75.6,98.7,3.3,-1.6,1.08
496008,2141,33650,75.6,98.7,3.3,-1.6,1.08
496009,2177,33650,75.6,98.7,3.3,-1.6,1.08
496022,2023,33652,75.6,98.7,3.3,-1.5,1.09
496022,2005,33652,75.6,98.7,3.3,-1.5,1.09
496023,2002,33652,75.6,98.7,3.3,-1.5,1.09
496041,1813,33654,75.6,98.7,3.3,-1.5,1.09
496042,1938,33654,75.6,98.7,3.3,-1.5,1.09
496042,1989,33654,75.6,98.7,3.3,-1.5,1.09
496055,1202,33655,75.6,98.7,3.3,-1.5,1.09
496055,1175,33655,75.6,98.7,3.3,-1.5,1.09
496055,1138,33655,75.6,98.7,3.3,-1.5,1.09
496074,2878,33657,75.6,98.7,3.3,-1.5,1.09
496075,2823,33657,75.6,98.7,3.3,-1.5,1.09
496075,2874,33657,75.6,98.7,3.3,-1.5,1.09
496088,1739,33658,75.6,98.7,3.4,-1.7,1.07
496088,1900,33658,75.6,98.7,3.4,-1.7,1.07
496088,1848,33658,75.6,98.7,3.4,-1.7,1.07
496108,1563,33660,75.6,98.7,3.4,-1.7,1.07
496108,1732,33660,75.6,98.7,3.4,-1.7,1.07
496108,1851,33660,75.6,98.7,3.4,-1.7,1.07
496122,2222,33663,75.6,98.7,3.4,-1.7,1.07
496122,2059,33663,75.6,98.7,3.4,-1.7,1.07
496122,2031,33663,75.6,98.7,3.4,-1.7,1.07
496139,2065,33664,75.6,98.7,3.4,-1.7,1.07
496140,2154,33664,75.6,98.7,3.4,-1.7,1.07
496140,2093,33664,75.6,98.7,3.4,-1.7,1.07
496153,2019,33667,75.6,98.7,3.2,-1.8,1.09
496154,1999,33667,75.6,98.7,3.2,-1.8,1.09
496154,2100,33667,75.6,98.7,3.2,-1.8,1.09
496173,2343,33669,75.6,98.7,3.2,-1.8,1.09
496175,2252,33669,75.6,98.7,3.2,-1.8,1.09
496176,2129,33669,75.6,98.7,3.2,-1.8,1.09
496176,2089,33669,75.6,98.7,3.2,-1.8,1.09
496189,2153,33671,75.6,98.7,3.2,-1.8,1.09
496190,2246,33671,75.6,98.7,3.2,-1.8,1.09
496190,2208,33671,75.6,98.7,3.2,-1.8,1.09
496213,2026,33675,75.6,98.7,3.2,-1.6,1.07
496215,2019,33675,75.6,98.7,3.2,-1.6,1.07
496215,2099,33675,75.6,98.7,3.2,-1.6,1.07
496215,2155,33675,75.6,98.7,3.2,-1.6,1.07
496228,2065,33676,75.6,98.7,3.2,-1.6,1.07
496228,2059,33676,75.6,98.7,3.2,-1.6,1.07
496229,2065,33676,75.6,98.7,3.2,-1.6,1.07
496245,2020,33678,75.6,98.7,3.2,-1.6,1.07
496246,2070,33678,75.6,98.7,3.2,-1.6,1.07
496246,2037,33678,75.6,98.7,3.2,-1.6,1.07
496259,1988,33680,75.6,98.7,3.2,-1.5,1.08
496259,1980,33680,75.6,98.7,3.2,-1.5,1.08
496259,2047,33680,75.6,98.7,3.2,-1.5,1.08
496278,2104,33682,75.6,98.7,3.2,-1.5,1.08
496281,2049,33683,75.6,98.7,3.2,-1.5,1.08
496281,1976,33683,75.6,98.7,3.2,-1.5,1.08
496281,1974,33683,75.6,98.7,3.2,-1.5,1.08
496294,2098,33685,75.6,98.7,3.2,-1.5,1.08
496294,2154,33685,75.6,98.7,3.2,-1.5,1.08
496295,2080,33685,75.6,98.7,3.2,-1.5,1.08
496313,2070,33687,75.6,98.7,3.3,-1.5,1.07
496313,2052,33687,75.6,98.7,3.3,-1.5,1.07
496313,2108,33687,75.6,98.7,3.3,-1.5,1.07
496326,2060,33689,75.6,98.7,3.3,-1.5,1.07
496327,2030,33689,75.6,98.7,3.3,-1.5,1.07
496327,1967,33689,75.6,98.7,3.3,-1.5,1.07
496346,1974,33691,75.6,98.7,3.3,-1.5,1.07
496346,2033,33691,75.6,98.7,3.3,-1.5,1.07
496346,2075,33691,75.6,98.7,3.3,-1.5,1.07
496360,2048,33694,75.6,98.7,3.2,-1.5,1.08
496360,1986,33694,75.6,98.7,3.2,-1.5,1.08
496360,1974,33694,75.6,98.7,3.2,-1.5,1.08
496377,2067,33695,75.6,98.7,3.2,-1.5,1.08
496378,2067,33695,75.6,98.7,3.2,-1.5,1.08
496378,2053,33695,75.6,98.7,3.2,-1.5,1.08
496391,2043,33698,75.6,98.7,3.2,-1.5,1.08
496392,2042,33698,75.6,98.7,3.2,-1.5,1.08
496392,2071,33698,75.6,98.7,3.2,-1.5,1.08
496412,2172,33701,75.6,98.7,3.3,-1.6,1.07
496414,2151,33701,75.6,98.7,3.3,-1.6,1.07
496414,2100,33701,75.6,98.7,3.3,-1.6,1.07
496414,2083,33701,75.6,98.7,3.3,-1.6,1.07
496427,2003,33703,75.6,98.7,3.3,-1.6,1.07
496427,2038,33703,75.6,98.7,3.3,-1.6,1.07
496428,2007,33703,75.6,98.7,3.3,-1.6,1.07
496445,1996,33706,75.6,98.7,3.3,-1.6,1.07
496446,1974,33706,75.6,98.7,3.3,-1.6,1.07
496446,2037,33706,75.6,98.7,3.3,-1.6,1.07
496460,2083,33709,75.6,98.7,3.2,-1.7,1.08
496460,2054,33709,75.6,98.7,3.2,-1.7,1.08
496461,2012,33709,75.6,98.7,3.2,-1.7,1.08
496478,2026,33710,75.6,98.7,3.2,-1.7,1.08
496478,2065,33710,75.6,98.7,3.2,-1.7,1.08
496479,2097,33710,75.6,98.7,3.2,-1.7,1.08
496493,2056,33713,75.6,98.7,3.2,-1.7,1.08
496493,1962,33713,75.6,98.7,3.2,-1.7,1.08
496494,1996,33713,75.6,98.7,3.2,-1.7,1.08
496495,2029,33713,75.6,98.7,3.2,-1.7,1.08
496512,2170,33717,75.6,98.7,3.2,-1.7,1.08
496512,2139,33717,75.6,98.7,3.2,-1.7,1.08
496512,2113,33717,75.6,98.7,3.2,-1.7,1.08
496525,1987,33718,75.6,98.7,3.2,-1.6,1.07
496525,2022,33718,75.6,98.7,3.2,-1.6,1.07
496525,2015,33718,75.6,98.7,3.2,-1.6,1.07
496544,2016,33721,75.6,98.7,3.2,-1.6,1.07
496545,1988,33721,75.6,98.7,3.2,-1.6,1.07
496545,1981,33721,75.6,98.7,3.2,-1.6,1.07
496558,2035,33722,75.6,98.7,3.2,-1.6,1.07
496558,2048,33722,75.6,98.7,3.2,-1.6,1.07
496558,2039,33722,75.6,98.7,3.2,-1.6,1.07
496578,2112,33724,75.6,98.7,3.3,-1.5,1.08
496581,2022,33726,75.6,98.7,3.3,-1.5,1.08
496581,2042,33726,75.6,98.7,3.3,-1.5,1.08
496581,2065,33726,75.6,98.7,3.3,-1.5,1.08
496594,2091,33726,75.6,98.7,3.3,-1.5,1.08
496595,2063,33726,75.6,98.7,3.3,-1.5,1.08
496596,2070,33726,75.6,98.7,3.3,-1.5,1.08
496596,2088,33726,75.6,98.7,3.3,-1.5,1.08
496614,1966,33728,75.6,98.7,3.3,-1.5,1.08
496614,1973,33728,75.6,98.7,3.3,-1.5,1.08
496614,1925,33728,75.6,98.7,3.3,-1.5,1.08
496627,2034,33729,75.6,98.7,3.3,-1.6,1.07
496627,2051,33729,75.6,98.7,3.3,-1.6,1.07
496627,2068,33729,75.6,98.7,3.3,-1.6,1.07
496646,2041,33730,75.6,98.7,3.3,-1.6,1.07
496647,2017,33730,75.6,98.7,3.3,-1.6,1.07
496647,2012,33730,75.6,98.7,3.3,-1.6,1.07
496660,2050,33732,75.6,98.7,3.3,-1.6,1.07
496661,2066,33732,75.6,98.7,3.3,-1.6,1.07
496661,2048,33732,75.6,98.7,3.3,-1.6,1.07
496680,2084,33734,75.6,98.7,3.3,-1.7,1.07
496682,2031,33734,75.6,98.7,3.3,-1.7,1.07
496682,2034,33734,75.6,98.7,3.3,-1.7,1.07
496682,2034,33734,75.6,98.7,3.3,-1.7,1.07
496695,2017,33735,75.6,98.7,3.3,-1.7,1.07
496696,1996,33735,75.6,98.7,3.3,-1.7,1.07
496697,2004,33735,75.6,98.7,3.3,-1.7,1.07
496697,2009,33735,75.6,98.7,3.3,-1.7,1.07
496715,2068,33737,75.6,98.7,3.3,-1.7,1.07
496716,2063,33737,75.6,98.7,3.3,-1.7,1.07
496716,2039,33737,75.6,98.7,3.3,-1.7,1.07
496729,2097,33739,75.6,98.7,3.3,-1.8,1.08
496730,2111,33739,75.6,98.7,3.3,-1.8,1.08
496730,2128,33739,75.6,98.7,3.3,-1.8,1.08
496748,2004,33740,75.6,98.7,3.3,-1.8,1.08
496748,1994,33740,75.6,98.7,3.3,-1.8,1.08
496748,1987,33740,75.6,98.7,3.3,-1.8,1.08
496762,2033,33742,75.6,98.7,3.3,-1.8,1.08
496762,2045,33742,75.6,98.7,3.3,-1.8,1.08
496762,2044,33742,75.6,98.7,3.3,-1.8,1.08
496782,2018,33744,75.6,98.7,3.4,-1.7,1.08
496784,2011,33744,75.6,98.7,3.4,-1.7,1.08
496784,2020,33744,75.6,98.7,3.4,-1.7,1.08
496784,2027,33744,75.6,98.7,3.4,-1.7,1.08
496797,2075,33745,75.6,98.7,3.4,-1.7,1.08
496797,2063,33745,75.6,98.7,3.4,-1.7,1.08
496798,2053,33745,75.6,98.7,3.4,-1.7,1.08
496815,2067,33748,75.6,98.7,3.4,-1.7,1.08
496815,2080,33748,75.6,98.7,3.4,-1.7,1.08
496815,2080,33748,75.6,98.7,3.4,-1.7,1.08
496829,2042,33750,75.6,98.7,3.3,-1.5,1.07
496829,2109,33750,75.6,98.7,3.3,-1.5,1.07
496829,2126,33750,75.6,98.7,3.3,-1.5,1.07
496846,2001,33751,75.6,98.7,3.3,-1.5,1.07
496847,1968,33751,75.6,98.7,3.3,-1.5,1.07
496847,1957,33751,75.6,98.7,3.3,-1.5,1.07
496861,2080,33753,75.6,98.7,3.3,-1.5,1.07
496861,2036,33753,75.6,98.7,3.3,-1.5,1.07
496861,2042,33753,75.6,98.7,3.3,-1.5,1.07
496881,2101,33755,75.6,98.7,3.2,-1.6,1.07
496883,2073,33755,75.6,98.7,3.2,-1.6,1.07
496883,2067,33755,75.6,98.7,3.2,-1.6,1.07
496883,2077,33755,75.6,98.7,3.2,-1.6,1.07
496897,2013,33757,75.6,98.7,3.2,-1.6,1.07
496897,2017,33757,75.6,98.7,3.2,-1.6,1.07
496897,1990,33757,75.6,98.7,3.2,-1.6,1.07
496916,2037,33759,75.6,98.7,3.2,-1.6,1.07
496917,2042,33759,75.6,98.7,3.2,-1.6,1.07
496917,2060,33759,75.6,98.7,3.2,-1.6,1.07
496920,2050,33760,75.6,98.7,3.2,-1.6,1.07
496933,2208,33761,75.6,98.7,3.6,-2.0,1.10
496934,2193,33761,75.6,98.7,3.6,-2.0,1.10
496934,2198,33761,75.6,98.7,3.6,-2.0,1.10
496950,2123,33763,75.6,98.7,3.6,-2.0,1.10
496951,2155,33763,75.6,98.7,3.6,-2.0,1.10
496951,2134,33763,75.6,98.7,3.6,-2.0,1.10
496964,1974,33764,75.6,98.7,3.6,-2.0,1.10
496964,1980,33764,75.6,98.7,3.6,-2.0,1.10
496964,1999,33764,75.6,98.7,3.6,-2.0,1.10
496983,2053,33767,75.6,98.7,3.6,-2.0,1.10
496984,1997,33767,75.6,98.7,3.6,-2.0,1.10
496984,1983,33767,75.6,98.7,3.6,-2.0,1.10
496996,2048,33768,75.6,98.7,3.5,-1.9,1.07
496997,2058,33768,75.6,98.7,3.5,-1.9,1.07
496997,2058,33768,75.6,98.7,3.5,-1.9,1.07
497016,2018,33771,75.6,98.7,3.5,-1.9,1.07
497019,2010,33772,75.6,98.7,3.5,-1.9,1.07
497020,2018,33772,75.6,98.7,3.5,-1.9,1.07
497020,2028,33772,75.6,98.7,3.5,-1.9,1.07
497033,2499,33773,75.6,98.7,3.5,-1.9,1.07
497034,2499,33773,75.6,98.7,3.5,-1.9,1.07
497035,2502,33773,75.6,98.7,3.5,-1.9,1.07
497036,2484,33773,75.6,98.7,3.5,-1.9,1.07
497053,1980,33776,75.6,98.7,3.2,-1.8,1.07
497054,1987,33776,75.6,98.7,3.2,-1.8,1.07
497054,1951,33776,75.6,98.7,3.2,-1.8,1.07
497068,2037,33779,75.6,98.7,3.2,-1.8,1.07
497068,2064,33779,75.6,98.7,3.2,-1.8,1.07
497068,2080,33779,75.6,98.7,3.2,-1.8,1.07
497085,2043,33781,75.6,98.7,3.2,-1.8,1.07
497086,1968,33781,75.6,98.7,3.2,-1.8,1.07
497086,2000,33781,75.6,98.7,3.2,-1.8,1.07
497099,2017,33783,75.6,98.7,3.1,-1.7,1.07
497100,2052,33783,75.6,98.7,3.1,-1.7,1.07
497100,2040,33783,75.6,98.7,3.1,-1.7,1.07
497120,2006,33786,75.6,98.7,3.1,-1.7,1.07
497121,1993,33786,75.6,98.7,3.1,-1.7,1.07
497122,2014,33786,75.6,98.7,3.1,-1.7,1.07
497122,2041,33786,75.6,98.7,3.1,-1.7,1.07
497135,2178,33788,75.6,98.7,3.1,-1.7,1.07
497136,2135,33788,75.6,98.7,3.1,-1.7,1.07
497137,2113,33788,75.6,98.7,3.1,-1.7,1.07
497138,2115,33788,75.6,98.7,3.1,-1.7,1.07
497156,2088,33790,75.6,98.7,3.2,-1.4,1.08
497157,2078,33790,75.6,98.7,3.2,-1.4,1.08
497157,2053,33790,75.6,98.7,3.2,-1.4,1.08
497170,2042,33792,75.6,98.7,3.2,-1.4,1.08
497171,2064,33792,75.6,98.7,3.2,-1.4,1.08
497171,2073,33792,75.6,98.7,3.2,-1.4,1.08
497188,2034,33794,75.6,98.7,3.2,-1.4,1.08
497189,2027,33794,75.6,98.7,3.2,-1.4,1.08
497189,2050,33794,75.6,98.7,3.2,-1.4,1.08
497201,2020,33795,75.6,98.7,3.4,-1.4,1.09
497202,2022,33795,75.6,98.7,3.4,-1.4,1.09
497202,2017,33795,75.6,98.7,3.4,-1.4,1.09
497222,2024,33797,75.6,98.7,3.4,-1.4,1.09
497223,2007,33797,75.6,98.7,3.4,-1.4,1.09
497224,1988,33797,75.6,98.7,3.4,-1.4,1.09
497224,2028,33797,75.6,98.7,3.4,-1.4,1.09
497239,2164,33798,75.6,98.7,3.4,-1.4,1.09
497239,2128,33798,75.6,98.7,3.4,-1.4,1.09
497239,2124,33798,75.6,98.7,3.4,-1.4,1.09
497257,1983,33800,75.6,98.7,3.4,-1.7,1.08
497258,2046,33800,75.6,98.7,3.4,-1.7,1.08
497258,2039,33800,75.6,98.7,3.4,-1.7,1.08
497271,2106,33800,75.6,98.7,3.4,-1.7,1.08
497271,2109,33800,75.6,98.7,3.4,-1.7,1.08
497271,2136,33800,75.6,98.7,3.4,-1.7,1.08
497290,2096,33802,75.6,98.7,3.4,-1.7,1.08
497291,2077,33802,75.6,98.7,3.4,-1.7,1.08
497291,2051,33802,75.6,98.7,3.4,-1.7,1.08
497303,2011,33803,75.6,98.7,3.3,-1.8,1.08
497304,2041,33803,75.6,98.7,3.3,-1.8,1.08
497304,2057,33803,75.6,98.7,3.3,-1.8,1.08
497324,2027,33805,75.6,98.7,3.3,-1.8,1.08
497327,2002,33806,75.6,98.7,3.3,-1.8,1.08
497327,2001,33806,75.6,98.7,3.3,-1.8,1.08
497327,2012,33806,75.6,98.7,3.3,-1.8,1.08
497340,2139,33807,75.6,98.7,3.3,-1.8,1.08
497341,2114,33807,75.6,98.7,3.3,-1.8,1.08
497341,2082,33807,75.6,98.7,3.3,-1.8,1.08
497359,1989,33810,75.6,98.7,3.2,-1.8,1.07
497359,2002,33810,75.6,98.7,3.2,-1.8,1.07
497359,2014,33810,75.6,98.7,3.2,-1.8,1.07
497372,2060,33811,75.6,98.7,3.2,-1.8,1.07
497372,2036,33811,75.6,98.7,3.2,-1.8,1.07
497372,2045,33811,75.6,98.7,3.2,-1.8,1.07
497391,2134,33813,75.6,98.7,3.2,-1.8,1.07
497392,2137,33813,75.6,98.7,3.2,-1.8,1.07
497392,2115,33813,75.6,98.7,3.2,-1.8,1.07
497404,2007,33815,75.6,98.7,3.2,-1.6,1.08
497405,2003,33815,75.6,98.7,3.2,-1.6,1.08
497405,2005,33815,75.6,98.7,3.2,-1.6,1.08
497425,2030,33817,75.6,98.7,3.2,-1.6,1.08
497428,2014,33818,75.6,98.7,3.2,-1.6,1.08
497428,2009,33818,75.6,98.7,3.2,-1.6,1.08
497428,2002,33818,75.6,98.7,3.2,-1.6,1.08
497441,1998,33820,75.6,98.7,3.2,-1.6,1.08
497441,1998,33820,75.6,98.7,3.2,-1.6,1.08
497442,2000,33820,75.6,98.7,3.2,-1.6,1.08
497460,2006,33822,75.6,98.7,3.3,-1.6,1.06
497460,1961,33822,75.6,98.7,3.3,-1.6,1.06
497461,1994,33822,75.6,98.7,3.3,-1.6,1.06
497473,2013,33823,75.6,98.7,3.3,-1.6,1.06
497474,1983,33823,75.6,98.7,3.3,-1.6,1.06
497474,1979,33823,75.6,98.7,3.3,-1.6,1.06
497492,2177,33826,75.6,98.7,3.3,-1.6,1.06
497493,2183,33826,75.6,98.7,3.3,-1.6,1.06
497493,2207,33826,75.6,98.7,3.3,-1.6,1.06
497506,1990,33828,75.6,98.7,3.4,-1.6,1.07
497507,1985,33828,75.6,98.7,3.4,-1.6,1.07
497507,1980,33828,75.6,98.7,3.4,-1.6,1.07
497524,1983,33830,75.6,98.7,3.4,-1.6,1.07
497525,1969,33830,75.6,98.7,3.4,-1.6,1.07
497525,1958,33830,75.6,98.7,3.4,-1.6,1.07
497539,2050,33832,75.6,98.7,3.4,-1.6,1.07
497539,2043,33832,75.6,98.7,3.4,-1.6,1.07
497539,2048,33832,75.6,98.7,3.4,-1.6,1.07
497562,2029,33835,75.6,98.7,3.5,-1.6,1.07
497565,2011,33836,75.6,98.7,3.5,-1.6,1.07
497566,1979,33836,75.6,98.7,3.5,-1.6,1.07
497566,1995,33836,75.6,98.7,3.5,-1.6,1.07
497578,2222,33838,75.6,98.7,3.5,-1.6,1.07
497579,2210,33838,75.6,98.7,3.5,-1.6,1.07
497579,2213,33838,75.6,98.7,3.5,-1.6,1.07
497595,2279,33839,75.6,98.7,3.5,-1.6,1.07
497595,2276,33839,75.6,98.7,3.5,-1.6,1.07
497595,2275,33839,75.6,98.7,3.5,-1.6,1.07
497609,1956,33842,75.6,98.7,3.3,-1.5,1.08
497609,1951,33842,75.6,98.7,3.3,-1.5,1.08
497609,1957,33842,75.6,98.7,3.3,-1.5,1.08
497628,1967,33845,75.6,98.7,3.3,-1.5,1.08
497629,1967,33845,75.6,98.7,3.3,-1.5,1.08
497629,1992,33845,75.6,98.7,3.3,-1.5,1.08
497642,2053,33847,75.6,98.7,3.3,-1.5,1.08
497642,2043,33847,75.6,98.7,3.3,-1.5,1.08
497642,2024,33847,75.6,98.7,3.3,-1.5,1.08
497661,2016,33850,75.6,98.7,3.1,-1.5,1.08
497662,2039,33850,75.6,98.7,3.1,-1.5,1.08
497662,2041,33850,75.6,98.7,3.1,-1.5,1.08
497676,2104,33853,75.6,98.7,3.1,-1.5,1.08
497676,2071,33853,75.6,98.7,3.1,-1.5,1.08
497677,2081,33853,75.6,98.7,3.1,-1.5,1.08
497693,2063,33855,75.6,98.7,3.1,-1.5,1.08
497694,2066,33855,75.6,98.7,3.1,-1.5,1.08
497694,2048,33855,75.6,98.7,3.1,-1.5,1.08
497707,2015,33858,75.6,98.7,3.1,-1.5,1.09
497708,2019,33858,75.6,98.7,3.1,-1.5,1.09
497708,2037,33858,75.6,98.7,3.1,-1.5,1.09
497727,2042,33861,75.6,98.7,3.1,-1.5,1.09
497729,2029,33861,75.6,98.7,3.1,-1.5,1.09
497729,2009,33861,75.6,98.7,3.1,-1.5,1.09
497729,2019,33861,75.6,98.7,3.1,-1.5,1.09
497742,2050,33863,75.6,98.7,3.1,-1.5,1.09
497742,2051,33863,75.6,98.7,3.1,-1.5,1.09
497743,2033,33863,75.6,98.7,3.1,-1.5,1.09
497762,2068,33865,75.6,98.7,3.3,-1.5,1.08
497762,2051,33865,75.6,98.7,3.3,-1.5,1.08
497763,2068,33865,75.6,98.7,3.3,-1.5,1.08
497776,1588,33867,75.6,98.7,3.3,-1.5,1.08
497777,1599,33867,75.6,98.7,3.3,-1.5,1.08
497777,1587,33867,75.6,98.7,3.3,-1.5,1.08
497794,2200,33868,75.6,98.7,3.3,-1.5,1.08
497794,2179,33868,75.6,98.7,3.3,-1.5,1.08
497794,2218,33868,75.6,98.7,3.3,-1.5,1.08
497808,2006,33870,75.6,98.7,3.4,-1.5,1.09
497808,1973,33870,75.6,98.7,3.4,-1.5,1.09
497808,1939,33870,75.6,98.7,3.4,-1.5,1.09
497827,2007,33872,75.6,98.7,3.4,-1.5,1.09
497829,2046,33872,75.6,98.7,3.4,-1.5,1.09
497829,2074,33872,75.6,98.7,3.4,-1.5,1.09
497830,2070,33872,75.6,98.7,3.4,-1.5,1.09
497842,2018,33873,75.6,98.7,3.4,-1.5,1.09
497843,2036,33873,75.6,98.7,3.4,-1.5,1.09
497843,2059,33873,75.6,98.7,3.4,-1.5,1.09
497861,2081,33876,75.6,98.7,3.4,-1.5,1.07
497862,2039,33876,75.6,98.7,3.4,-1.5,1.07
497862,2003,33876,75.6,98.7,3.4,-1.5,1.07
497876,2030,33878,75.6,98.7,3.4,-1.5,1.07
497876,2008,33878,75.6,98.7,3.4,-1.5,1.07
497876,2045,33878,75.6,98.7,3.4,-1.5,1.07
497894,2258,33879,75.6,98.7,3.4,-1.5,1.07
497894,2211,33879,75.6,98.7,3.4,-1.5,1.07
497895,2250,33879,75.6,98.7,3.4,-1.5,1.07
497895,2277,33879,75.6,98.7,3.4,-1.5,1.07
497909,1995,33882,75.6,98.7,3.3,-1.5,1.07
497909,1969,33882,75.6,98.7,3.3,-1.5,1.07
497910,1955,33882,75.6,98.7,3.3,-1.5,1.07
497927,1900,33884,75.6,98.7,3.3,-1.5,1.07
497928,1936,33884,75.6,98.7,3.3,-1.5,1.07
497928,1947,33884,75.6,98.7,3.3,-1.5,1.07
497940,2048,33886,75.6,98.7,3.3,-1.5,1.07
497941,2019,33886,75.6,98.7,3.3,-1.5,1.07
497941,2011,33886,75.6,98.7,3.3,-1.5,1.07
497961,2047,33889,75.6,98.7,3.1,-1.4,1.08
497964,2031,33890,75.6,98.7,3.1,-1.4,1.08
497964,2007,33890,75.6,98.7,3.1,-1.4,1.08
497964,1978,33890,75.6,98.7,3.1,-1.4,1.08
497977,2374,33891,75.6,98.7,3.1,-1.4,1.08
497978,2379,33891,75.6,98.7,3.1,-1.4,1.08
497978,2393,33891,75.6,98.7,3.1,-1.4,1.08
497979,2339,33891,75.6,98.7,3.1,-1.4,1.08
497996,1988,33894,75.6,98.7,3.1,-1.4,1.08
497996,1981,33894,75.6,98.7,3.1,-1.4,1.08
497996,2016,33894,75.6,98.7,3.1,-1.4,1.08
498009,2065,33896,75.6,98.7,3.2,-1.5,1.07
498009,2046,33896,75.6,98.7,3.2,-1.5,1.07
498010,2033,33896,75.6,98.7,3.2,-1.5,1.07
498028,1980,33899,75.6,98.7,3.2,-1.5,1.07
498029,1994,33899,75.6,98.7,3.2,-1.5,1.07
498029,2014,33899,75.6,98.7,3.2,-1.5,1.07
498041,2056,33900,75.6,98.7,3.2,-1.5,1.07
498042,2024,33900,75.6,98.7,3.2,-1.5,1.07
498042,2017,33900,75.6,98.7,3.2,-1.5,1.07
498061,2026,33903,75.6,98.7,3.3,-1.4,1.08
498064,2022,33904,75.6,98.7,3.3,-1.4,1.08
498064,2014,33904,75.6,98.7,3.3,-1.4,1.08
498064,1986,33904,75.6,98.7,3.3,-1.4,1.08
498077,2401,33906,75.6,98.7,3.3,-1.4,1.08
498078,2376,33906,75.6,98.7,3.3,-1.4,1.08
498078,2389,33906,75.6,98.7,3.3,-1.4,1.08
498095,2217,33908,75.6,98.7,3.3,-1.4,1.08
498096,2195,33908,75.6,98.7,3.3,-1.4,1.08
498096,2175,33908,75.6,98.7,3.3,-1.4,1.08
498109,1963,33910,75.6,98.7,3.4,-1.5,1.09
498109,1992,33910,75.6,98.7,3.4,-1.5,1.09
498109,1974,33910,75.6,98.7,3.4,-1.5,1.09
498128,2041,33912,75.6,98.7,3.4,-1.5,1.09
498128,2005,33912,75.6,98.7,3.4,-1.5,1.09
498129,2027,33912,75.6,98.7,3.4,-1.5,1.09
498141,2038,33914,75.6,98.7,3.4,-1.5,1.09
498142,2039,33914,75.6,98.7,3.4,-1.5,1.09
498142,2014,33914,75.6,98.7,3.4,-1.5,1.09
498160,2095,33917,75.6,98.7,3.4,-1.5,1.09
498161,2088,33917,75.6,98.7,3.4,-1.5,1.09
498161,2112,33917,75.6,98.7,3.4,-1.5,1.09
498174,2167,33920,75.6,98.7,3.3,-1.5,1.07
498175,2150,33920,75.6,98.7,3.3,-1.5,1.07
498175,2139,33920,75.6,98.7,3.3,-1.5,1.07
498194,2350,33922,75.6,98.7,3.3,-1.5,1.07
498196,2386,33922,75.6,98.7,3.3,-1.5,1.07
498197,2372,33922,75.6,98.7,3.3,-1.5,1.07
498198,2336,33922,75.6,98.7,3.3,-1.5,1.07
498211,2109,33924,75.6,98.7,3.0,-1.7,1.06
498212,2158,33924,75.6,98.7,3.0,-1.7,1.06
498212,2195,33924,75.6,98.7,3.0,-1.7,1.06
498229,1933,33927,75.6,98.7,3.0,-1.7,1.06
498230,1897,33927,75.6,98.7,3.0,-1.7,1.06
498230,1908,33927,75.6,98.7,3.0,-1.7,1.06
498242,2081,33928,75.6,98.7,3.0,-1.7,1.06
498243,2079,33928,75.6,98.7,3.0,-1.7,1.06
498243,2071,33928,75.6,98.7,3.0,-1.7,1.06
498259,2033,33931,75.6,98.7,3.0,-1.7,1.06
498260,2024,33931,75.6,98.7,3.0,-1.7,1.06
498260,2012,33931,75.6,98.7,3.0,-1.7,1.06
498272,2038,33932,75.6,98.7,2.8,-1.6,1.07
498273,2050,33932,75.6,98.7,2.8,-1.6,1.07
498273,2045,33932,75.6,98.7,2.8,-1.6,1.07
498292,2039,33935,75.6,98.7,2.8,-1.6,1.07
498295,2030,33936,75.6,98.7,2.8,-1.6,1.07
498295,2030,33936,75.6,98.7,2.8,-1.6,1.07
498296,2050,33936,75.6,98.7,2.8,-1.6,1.07
498308,2035,33937,75.6,98.7,2.8,-1.6,1.07
498309,2016,33937,75.6,98.7,2.8,-1.6,1.07
498309,2004,33937,75.6,98.7,2.8,-1.6,1.07
498331,2048,33939,75.6,98.7,3.0,-1.6,1.08
498333,2027,33939,75.6,98.7,3.0,-1.6,1.08
498334,2032,33939,75.6,98.7,3.0,-1.6,1.08
498334,2011,33939,75.6,98.7,3.0,-1.6,1.08
498346,2021,33940,75.6,98.7,3.0,-1.6,1.08
498347,2027,33940,75.6,98.7,3.0,-1.6,1.08
498347,2042,33940,75.6,98.7,3.0,-1.6,1.08
498364,2039,33941,75.6,98.7,3.0,-1.6,1.08
498364,2028,33941,75.6,98.7,3.0,-1.6,1.08
498364,2018,33941,75.6,98.7,3.0,-1.6,1.08
498377,2024,33942,75.6,98.7,3.3,-1.7,1.08
498377,2029,33942,75.6,98.7,3.3,-1.7,1.08
498377,2030,33942,75.6,98.7,3.3,-1.7,1.08
498396,2013,33943,75.6,98.7,3.3,-1.7,1.08
498397,1991,33943,75.6,98.7,3.3,-1.7,1.08
498397,2014,33943,75.6,98.7,3.3,-1.7,1.08
498410,2043,33943,75.6,98.7,3.3,-1.7,1.08
498410,2062,33943,75.6,98.7,3.3,-1.7,1.08
498410,2065,33943,75.6,98.7,3.3,-1.7,1.08
498431,2029,33944,75.6,98.7,3.4,-1.6,1.08
498434,2057,33945,75.6,98.7,3.4,-1.6,1.08
498434,2062,33945,75.6,98.7,3.4,-1.6,1.08
498434,2070,33945,75.6,98.7,3.4,-1.6,1.08
498447,2021,33945,75.6,98.7,3.4,-1.6,1.08
498447,2029,33945,75.6,98.7,3.4,-1.6,1.08
498447,2018,33945,75.6,98.7,3.4,-1.6,1.08
498464,2039,33946,75.6,98.7,3.4,-1.6,1.08
498464,2036,33946,75.6,98.7,3.4,-1.6,1.08
498465,2029,33946,75.6,98.7,3.4,-1.6,1.08
498477,2011,33947,75.6,98.7,3.4,-1.6,1.10
498478,2019,33947,75.6,98.7,3.4,-1.6,1.10
498478,2014,33947,75.6,98.7,3.4,-1.6,1.10
498497,2044,33949,75.6,98.7,3.4,-1.6,1.10
498499,2034,33949,75.6,98.7,3.4,-1.6,1.10
498499,2031,33949,75.6,98.7,3.4,-1.6,1.10
498500,2038,33949,75.6,98.7,3.4,-1.6,1.10
498513,2026,33950,75.6,98.7,3.4,-1.6,1.10
498513,2021,33950,75.6,98.7,3.4,-1.6,1.10
498514,2017,33950,75.6,98.7,3.4,-1.6,1.10
498530,2030,33951,75.6,98.7,3.4,-1.6,1.07
498531,2036,33951,75.6,98.7,3.4,-1.6,1.07
498532,2029,33951,75.6,98.7,3.4,-1.6,1.07
498533,2052,33951,75.6,98.7,3.4,-1.6,1.07
498546,2015,33952,75.6,98.7,3.4,-1.6,1.07
498547,2023,33952,75.6,98.7,3.4,-1.6,1.07
498547,2023,33952,75.6,98.7,3.4,-1.6,1.07
498565,2038,33953,75.6,98.7,3.4,-1.6,1.07
498565,2022,33953,75.6,98.7,3.4,-1.6,1.07
498565,2030,33953,75.6,98.7,3.4,-1.6,1.07
498578,2022,33954,75.6,98.7,3.3,-1.6,1.07
498578,2018,33954,75.6,98.7,3.3,-1.6,1.07
498578,2034,33954,75.6,98.7,3.3,-1.6,1.07
498597,2020,33955,75.6,98.7,3.3,-1.6,1.07
498598,2016,33955,75.6,98.7,3.3,-1.6,1.07
498598,2014,33955,75.6,98.7,3.3,-1.6,1.07
498611,2037,33956,75.6,98.7,3.3,-1.6,1.07
498611,2050,33956,75.6,98.7,3.3,-1.6,1.07
498611,2039,33956,75.6,98.7,3.3,-1.6,1.07
498631,2029,33957,75.6,98.7,3.1,-1.8,1.04
498634,2004,33957,75.6,98.7,3.1,-1.8,1.04
498634,2018,33957,75.6,98.7,3.1,-1.8,1.04
498634,2017,33957,75.6,98.7,3.1,-1.8,1.04
498647,2034,33958,75.6,98.7,3.1,-1.8,1.04
498648,2031,33958,75.6,98.7,3.1,-1.8,1.04
498648,2026,33958,75.6,98.7,3.1,-1.8,1.04
498649,2034,33958,75.6,98.7,3.1,-1.8,1.04
498666,2032,33959,75.6,98.7,3.1,-1.8,1.04
498666,2040,33959,75.6,98.7,3.1,-1.8,1.04
498666,2033,33959,75.6,98.7,3.1,-1.8,1.04
498679,2079,33960,75.6,98.7,3.0,-1.7,1.07
498679,2091,33960,75.6,98.7,3.0,-1.7,1.07
498680,2085,33960,75.6,98.7,3.0,-1.7,1.07
498698,256,33961,75.6,98.7,3.0,-1.7,1.07
498699,275,33961,75.6,98.7,3.0,-1.7,1.07
498699,216,33961,75.6,98.7,3.0,-1.7,1.07
498713,3120,33962,75.6,98.7,3.0,-1.7,1.07
498713,3064,33962,75.6,98.7,3.0,-1.7,1.07
498713,3221,33962,75.6,98.7,3.0,-1.7,1.07
498730,1822,33963,75.6,98.7,3.0,-1.7,1.07
498731,1798,33963,75.6,98.7,3.0,-1.7,1.07
498731,1615,33963,75.6,98.7,3.0,-1.7,1.07
498744,2016,33964,75.6,98.7,3.0,-1.6,1.09
498745,2166,33964,75.6,98.7,3.0,-1.6,1.09
498745,2319,33964,75.6,98.7,3.0,-1.6,1.09
498765,2136,33966,75.6,98.7,3.0,-1.6,1.09
498767,1955,33966,75.6,98.7,3.0,-1.6,1.09
498767,1874,33966,75.6,98.7,3.0,-1.6,1.09
498768,2035,33966,75.6,98.7,3.0,-1.6,1.09
498781,2161,33966,75.6,98.7,3.0,-1.6,1.09
498781,2115,33966,75.6,98.7,3.0,-1.6,1.09
498781,1906,33966,75.6,98.7,3.0,-1.6,1.09
498800,1890,33968,75.6,98.7,3.1,-1.6,1.06
498800,2013,33968,75.6,98.7,3.1,-1.6,1.06
498800,2140,33968,75.6,98.7,3.1,-1.6,1.06
498814,2109,33970,75.6,98.7,3.1,-1.6,1.06
498814,1951,33970,75.6,98.7,3.1,-1.6,1.06
498814,1895,33970,75.6,98.7,3.1,-1.6,1.06
498832,2012,33971,75.6,98.7,3.1,-1.6,1.06
498833,2138,33971,75.6,98.7,3.1,-1.6,1.06
498833,2106,33971,75.6,98.7,3.1,-1.6,1.06
498845,1980,33972,75.6,98.7,3.1,-1.5,1.07
498846,1939,33972,75.6,98.7,3.1,-1.5,1.07
498846,2026,33972,75.6,98.7,3.1,-1.5,1.07
498866,2138,33973,75.6,98.7,3.1,-1.5,1.07
498868,2115,33973,75.6,98.7,3.1,-1.5,1.07
498868,1979,33973,75.6,98.7,3.1,-1.5,1.07
498868,1938,33973,75.6,98.7,3.1,-1.5,1.07
498882,2023,33973,75.6,98.7,3.1,-1.5,1.07
498883,2128,33973,75.6,98.7,3.1,-1.5,1.07
498883,2098,33973,75.6,98.7,3.1,-1.5,1.07
498900,1999,33973,75.6,98.7,3.1,-1.5,1.08
498900,1941,33973,75.6,98.7,3.1,-1.5,1.08
498901,2016,33973,75.6,98.7,3.1,-1.5,1.08
498914,2113,33973,75.6,98.7,3.1,-1.5,1.08
498915,2086,33973,75.6,98.7,3.1,-1.5,1.08
498915,1982,33973,75.6,98.7,3.1,-1.5,1.08
498933,1948,33973,75.6,98.7,3.1,-1.5,1.08
498934,2019,33973,75.6,98.7,3.1,-1.5,1.08
498934,2103,33973,75.6,98.7,3.1,-1.5,1.08
498946,2093,33974,75.6,98.7,3.2,-1.7,1.08
498947,1995,33974,75.6,98.7,3.2,-1.7,1.08
498947,1953,33974,75.6,98.7,3.2,-1.7,1.08
498967,2033,33974,75.6,98.7,3.2,-1.7,1.08
498969,2106,33974,75.6,98.7,3.2,-1.7,1.08
498969,2076,33974,75.6,98.7,3.2,-1.7,1.08
498970,1988,33974,75.6,98.7,3.2,-1.7,1.08
498984,1940,33974,75.6,98.7,3.2,-1.7,1.08
498984,1995,33974,75.6,98.7,3.2,-1.7,1.08
498985,2097,33974,75.6,98.7,3.2,-1.7,1.08
499002,2073,33975,75.6,98.7,3.3,-1.7,1.07
499003,1993,33975,75.6,98.7,3.3,-1.7,1.07
499003,1973,33975,75.6,98.7,3.3,-1.7,1.07
499016,1754,33975,75.6,98.7,3.3,-1.7,1.07
499017,1747,33975,75.6,98.7,3.3,-1.7,1.07
499017,1741,33975,75.6,98.7,3.3,-1.7,1.07
499036,2043,33976,75.6,98.7,3.3,-1.7,1.07
499036,2009,33976,75.6,98.7,3.3,-1.7,1.07
499036,2075,33976,75.6,98.7,3.3,-1.7,1.07
499049,2084,33977,75.6,98.7,3.3,-1.5,1.10
499049,2052,33977,75.6,98.7,3.3,-1.5,1.10
499049,1973,33977,75.6,98.7,3.3,-1.5,1.10
499068,1969,33978,75.6,98.7,3.3,-1.5,1.10
499069,2037,33978,75.6,98.7,3.3,-1.5,1.10
499069,2103,33978,75.6,98.7,3.3,-1.5,1.10
499082,2074,33979,75.6,98.7,3.3,-1.5,1.10
499083,1989,33979,75.6,98.7,3.3,-1.5,1.10
499083,1965,33979,75.6,98.7,3.3,-1.5,1.10
499102,1990,33980,75.6,98.7,3.3,-1.6,1.06
499102,2087,33980,75.6,98.7,3.3,-1.6,1.06
499102,2057,33980,75.6,98.7,3.3,-1.6,1.06
499115,1984,33981,75.6,98.7,3.3,-1.6,1.06
499116,1963,33981,75.6,98.7,3.3,-1.6,1.06
499116,2021,33981,75.6,98.7,3.3,-1.6,1.06
499134,2104,33982,75.6,98.7,3.3,-1.6,1.06
499135,2070,33982,75.6,98.7,3.3,-1.6,1.06
499135,2008,33982,75.6,98.7,3.3,-1.6,1.06
499147,1980,33982,75.6,98.7,3.2,-1.6,1.08
499148,2041,33982,75.6,98.7,3.2,-1.6,1.08
499148,2087,33982,75.6,98.7,3.2,-1.6,1.08
499168,2067,33984,75.6,98.7,3.2,-1.6,1.08
499171,2000,33984,75.6,98.7,3.2,-1.6,1.08
499171,1994,33984,75.6,98.7,3.2,-1.6,1.08
499171,2063,33984,75.6,98.7,3.2,-1.6,1.08
499184,2076,33985,75.6,98.7,3.2,-1.6,1.08
499184,2060,33985,75.6,98.7,3.2,-1.6,1.08
499185,1997,33985,75.6,98.7,3.2,-1.6,1.08
499202,1982,33986,75.6,98.7,3.2,-1.5,1.08
499203,1988,33986,75.6,98.7,3.2,-1.5,1.08
499203,2028,33986,75.6,98.7,3.2,-1.5,1.08
499216,2020,33986,75.6,98.7,3.2,-1.5,1.08
499216,1992,33986,75.6,98.7,3.2,-1.5,1.08
499216,1977,33986,75.6,98.7,3.2,-1.5,1.08
499235,2024,33988,75.6,98.7,3.2,-1.5,1.08
499237,2063,33988,75.6,98.7,3.2,-1.5,1.08
499237,2042,33988,75.6,98.7,3.2,-1.5,1.08
499237,1996,33988,75.6,98.7,3.2,-1.5,1.08
499251,2010,33989,75.6,98.7,3.3,-1.6,1.06
499251,2034,33989,75.6,98.7,3.3,-1.6,1.06
499251,2073,33989,75.6,98.7,3.3,-1.6,1.06
499269,2045,33990,75.6,98.7,3.3,-1.6,1.06
499269,2011,33990,75.6,98.7,3.3,-1.6,1.06
499270,1987,33990,75.6,98.7,3.3,-1.6,1.06
499271,2031,33990,75.6,98.7,3.3,-1.6,1.06
499285,2058,33991,75.6,98.7,3.3,-1.6,1.06
499285,2053,33991,75.6,98.7,3.3,-1.6,1.06
499285,2021,33991,75.6,98.7,3.3,-1.6,1.06
499303,1987,33993,75.6,98.7,3.3,-1.6,1.09
499304,2030,33993,75.6,98.7,3.3,-1.6,1.09
499304,2021,33993,75.6,98.7,3.3,-1.6,1.09
499304,2008,33993,75.6,98.7,3.3,-1.6,1.09
499317,1992,33994,75.6,98.7,3.3,-1.6,1.09
499317,1989,33994,75.6,98.7,3.3,-1.6,1.09
499318,2029,33994,75.6,98.7,3.3,-1.6,1.09
499336,2039,33996,75.6,98.7,3.3,-1.6,1.09
499337,2037,33996,75.6,98.7,3.3,-1.6,1.09
499337,2002,33996,75.6,98.7,3.3,-1.6,1.09
499350,1996,33998,75.6,98.7,3.2,-1.6,1.07
499351,2035,33998,75.6,98.7,3.2,-1.6,1.07
499351,2065,33998,75.6,98.7,3.2,-1.6,1.07
499369,2050,33999,75.6,98.7,3.2,-1.6,1.07
499369,2016,33999,75.6,98.7,3.2,-1.6,1.07
499370,2001,33999,75.6,98.7,3.2,-1.6,1.07
499384,2029,34001,75.6,98.7,3.2,-1.6,1.07
499385,2055,34001,75.6,98.7,3.2,-1.6,1.07
499385,2047,34001,75.6,98.7,3.2,-1.6,1.07
499386,2022,34001,75.6,98.7,3.2,-1.6,1.07
499405,2015,34002,75.6,98.7,3.2,-1.8,1.08
499405,2039,34002,75.6,98.7,3.2,-1.8,1.08
499406,2056,34002,75.6,98.7,3.2,-1.8,1.08
499418,2039,34003,75.6,98.7,3.2,-1.8,1.08
499419,2012,34003,75.6,98.7,3.2,-1.8,1.08
499419,2005,34003,75.6,98.7,3.2,-1.8,1.08
499437,2032,34004,75.6,98.7,3.2,-1.8,1.08
499438,2038,34004,75.6,98.7,3.2,-1.8,1.08
499438,2046,34004,75.6,98.7,3.2,-1.8,1.08
499451,2025,34004,75.6,98.7,3.2,-1.7,1.08
499452,2039,34004,75.6,98.7,3.2,-1.7,1.08
499452,2030,34004,75.6,98.7,3.2,-1.7,1.08
499470,2070,34005,75.6,98.7,3.2,-1.7,1.08
499471,2047,34005,75.6,98.7,3.2,-1.7,1.08
499471,2027,34005,75.6,98.7,3.2,-1.7,1.08
499484,2019,34005,75.6,98.7,3.2,-1.7,1.08
499485,2032,34005,75.6,98.7,3.2,-1.7,1.08
499485,2066,34005,75.6,98.7,3.2,-1.7,1.08
499504,2048,34005,75.6,98.7,3.3,-1.6,1.07
499506,2034,34005,75.6,98.7,3.3,-1.6,1.07
499506,2021,34005,75.6,98.7,3.3,-1.6,1.07
499507,2046,34005,75.6,98.7,3.3,-1.6,1.07
499520,2302,34006,75.6,98.7,3.3,-1.6,1.07
499521,2262,34006,75.6,98.7,3.3,-1.6,1.07
499521,2242,34006,75.6,98.7,3.3,-1.6,1.07
499536,1968,34006,75.6,98.7,3.3,-1.6,1.07
499537,1998,34006,75.6,98.7,3.3,-1.6,1.07
499537,1995,34006,75.6,98.7,3.3,-1.6,1.07
499550,2050,34007,75.6,98.7,3.3,-1.7,1.08
499551,2044,34007,75.6,98.7,3.3,-1.7,1.08
499551,2051,34007,75.6,98.7,3.3,-1.7,1.08
499570,2053,34008,75.6,98.7,3.3,-1.7,1.08
499572,2048,34008,75.6,98.7,3.3,-1.7,1.08
499572,2032,34008,75.6,98.7,3.3,-1.7,1.08
499572,2035,34008,75.6,98.7,3.3,-1.7,1.08
499585,2044,34008,75.6,98.7,3.3,-1.7,1.08
499585,2035,34008,75.6,98.7,3.3,-1.7,1.08
499585,2050,34008,75.6,98.7,3.3,-1.7,1.08
499605,2031,34009,75.6,98.7,3.3,-1.7,1.08
499605,2026,34009,75.6,98.7,3.3,-1.7,1.08
499605,2027,34009,75.6,98.7,3.3,-1.7,1.08
499618,2315,34010,75.6,98.7,3.3,-1.7,1.08
499619,2289,34010,75.6,98.7,3.3,-1.7,1.08
499620,2240,34010,75.6,98.7,3.3,-1.7,1.08
499621,2214,34010,75.6,98.7,3.3,-1.7,1.08
499640,2043,34012,75.6,98.7,3.3,-1.7,1.08
499642,2060,34012,75.6,98.7,3.3,-1.7,1.08
499642,2069,34012,75.6,98.7,3.3,-1.7,1.08
499643,2048,34012,75.6,98.7,3.3,-1.7,1.08
499655,2015,34013,75.6,98.7,3.2,-1.6,1.08
499655,2016,34013,75.6,98.7,3.2,-1.6,1.08
499656,2028,34013,75.6,98.7,3.2,-1.6,1.08
499672,2033,34015,75.6,98.7,3.2,-1.6,1.08
499673,2025,34015,75.6,98.7,3.2,-1.6,1.08
499673,2041,34015,75.6,98.7,3.2,-1.6,1.08
499685,2043,34016,75.6,98.7,3.2,-1.6,1.08
499686,2032,34016,75.6,98.7,3.2,-1.6,1.08
499686,2045,34016,75.6,98.7,3.2,-1.6,1.08
499706,2026,34017,75.6,98.7,3.2,-1.7,1.08
499708,2035,34018,75.6,98.7,3.2,-1.7,1.08
499709,2041,34018,75.6,98.7,3.2,-1.7,1.08
499709,2032,34018,75.6,98.7,3.2,-1.7,1.08
499722,2017,34019,75.6,98.7,3.2,-1.7,1.08
499723,2014,34019,75.6,98.7,3.2,-1.7,1.08
499723,2021,34019,75.6,98.7,3.2,-1.7,1.08
499739,2037,34020,75.6,98.7,3.2,-1.7,1.08
499740,2040,34020,75.6,98.7,3.2,-1.7,1.08
499740,2022,34020,75.6,98.7,3.2,-1.7,1.08
499753,2029,34021,75.6,98.7,3.2,-1.6,1.07
499753,2037,34021,75.6,98.7,3.2,-1.6,1.07
499753,2041,34021,75.6,98.7,3.2,-1.6,1.07
499771,2035,34023,75.6,98.7,3.2,-1.6,1.07
499772,2033,34023,75.6,98.7,3.2,-1.6,1.07
499772,2033,34023,75.6,98.7,3.2,-1.6,1.07
499784,2034,34024,75.6,98.7,3.2,-1.6,1.07
499785,2043,34024,75.6,98.7,3.2,-1.6,1.07
499785,2040,34024,75.6,98.7,3.2,-1.6,1.07
499805,2029,34025,75.6,98.7,3.2,-1.6,1.09
499807,2030,34025,75.6,98.7,3.2,-1.6,1.09
499807,2035,34025,75.6,98.7,3.2,-1.6,1.09
499807,2043,34025,75.6,98.7,3.2,-1.6,1.09
499821,2046,34027,75.6,98.7,3.2,-1.6,1.09
499822,2048,34027,75.6,98.7,3.2,-1.6,1.09
499822,2034,34027,75.6,98.7,3.2,-1.6,1.09
499839,2020,34029,75.6,98.7,3.2,-1.6,1.09
499839,2035,34029,75.6,98.7,3.2,-1.6,1.09
499839,2043,34029,75.6,98.7,3.2,-1.6,1.09
499852,2028,34030,75.6,98.7,3.2,-1.6,1.08
499852,2034,34030,75.6,98.7,3.2,-1.6,1.08
499852,2037,34030,75.6,98.7,3.2,-1.6,1.08
499870,2039,34032,75.6,98.7,3.2,-1.6,1.08
499871,2044,34032,75.6,98.7,3.2,-1.6,1.08
499871,2035,34032,75.6,98.7,3.2,-1.6,1.08
499883,2029,34033,75.6,98.7,3.2,-1.6,1.08
499884,2036,34033,75.6,98.7,3.2,-1.6,1.08
499884,2041,34033,75.6,98.7,3.2,-1.6,1.08
499905,2037,34036,75.6,98.7,3.4,-1.6,1.07
499908,2047,34037,75.6,98.7,3.4,-1.6,1.07
499908,2016,34037,75.6,98.7,3.4,-1.6,1.07
499908,2025,34037,75.6,98.7,3.4,-1.6,1.07
499921,2042,34038,75.6,98.7,3.4,-1.6,1.07
499921,2040,34038,75.6,98.7,3.4,-1.6,1.07
499922,2029,34038,75.6,98.7,3.4,-1.6,1.07
499939,2040,34041,75.6,98.7,3.4,-1.6,1.07
499939,2037,34041,75.6,98.7,3.4,-1.6,1.07
499939,2042,34041,75.6,98.7,3.4,-1.6,1.07
499952,2044,34042,75.6,98.7,3.2,-1.6,1.08
499952,2031,34042,75.6,98.7,3.2,-1.6,1.08
499952,2033,34042,75.6,98.7,3.2,-1.6,1.08
499971,2035,34044,75.6,98.7,3.2,-1.6,1.08
499972,2039,34044,75.6,98.7,3.2,-1.6,1.08
499972,2039,34044,75.6,98.7,3.2,-1.6,1.08
499984,2033,34045,75.6,98.7,3.2,-1.6,1.08
499985,2036,34045,75.6,98.7,3.2,-1.6,1.08
499985,2039,34045,75.6,98.7,3.2,-1.6,1.08
500004,2040,34047,75.6,98.7,3.2,-1.7,1.10
500006,2039,34047,75.6,98.7,3.2,-1.7,1.10
500006,2034,34047,75.6,98.7,3.2,-1.7,1.10
500006,2029,34047,75.6,98.7,3.2,-1.7,1.10
500020,2035,34048,75.6,98.7,3.2,-1.7,1.10
500021,2057,34048,75.6,98.7,3.2,-1.7,1.10
500021,1992,34048,75.6,98.7,3.2,-1.7,1.10
500022,1994,34048,75.6,98.7,3.2,-1.7,1.10
500043,2036,34048,75.6,98.7,3.2,-1.7,1.10
500045,2040,34048,75.6,98.7,3.2,-1.7,1.10
500045,2037,34048,75.6,98.7,3.2,-1.7,1.10
500045,2046,34048,75.6,98.7,3.2,-1.7,1.10
500058,2021,34049,75.6,98.7,3.2,-1.6,1.07
500059,2021,34049,75.6,98.7,3.2,-1.6,1.07
500059,2025,34049,75.6,98.7,3.2,-1.6,1.07
500075,2009,34049,75.6,98.7,3.2,-1.6,1.07
500075,2029,34049,75.6,98.7,3.2,-1.6,1.07
500075,2023,34049,75.6,98.7,3.2,-1.6,1.07
500089,2040,34050,75.6,98.7,3.2,-1.6,1.07
500089,2033,34050,75.6,98.7,3.2,-1.6,1.07
500089,2044,34050,75.6,98.7,3.2,-1.6,1.07
500108,2039,34050,75.6,98.7,3.3,-1.6,1.08
500109,2039,34050,75.6,98.7,3.3,-1.6,1.08
500109,2017,34050,75.6,98.7,3.3,-1.6,1.08
500122,2041,34051,75.6,98.7,3.3,-1.6,1.08
500122,2043,34051,75.6,98.7,3.3,-1.6,1.08
500122,2036,34051,75.6,98.7,3.3,-1.6,1.08
500145,2058,34052,75.6,98.7,3.3,-1.6,1.08
500147,1992,34052,75.6,98.7,3.3,-1.6,1.08
500148,2002,34052,75.6,98.7,3.3,-1.6,1.08
500148,1995,34052,75.6,98.7,3.3,-1.6,1.08
500160,2043,34053,75.6,98.7,3.3,-1.6,1.09
500161,2020,34053,75.6,98.7,3.3,-1.6,1.09
500161,2034,34053,75.6,98.7,3.3,-1.6,1.09
500178,2037,34054,75.6,98.7,3.3,-1.6,1.09
500178,2033,34054,75.6,98.7,3.3,-1.6,1.09
500178,2040,34054,75.6,98.7,3.3,-1.6,1.09
500191,2032,34055,75.6,98.7,3.3,-1.6,1.09
500191,2036,34055,75.6,98.7,3.3,-1.6,1.09
500191,2037,34055,75.6,98.7,3.3,-1.6,1.09
500210,2039,34056,75.6,98.7,3.2,-1.7,1.08
500211,2042,34056,75.6,98.7,3.2,-1.7,1.08
500211,2038,34056,75.6,98.7,3.2,-1.7,1.08
500224,2034,34057,75.6,98.7,3.2,-1.7,1.08
500224,2036,34057,75.6,98.7,3.2,-1.7,1.08
500224,2049,34057,75.6,98.7,3.2,-1.7,1.08
500243,2022,34058,75.6,98.7,3.2,-1.7,1.08
500244,2050,34058,75.6,98.7,3.2,-1.7,1.08
500244,2038,34058,75.6,98.7,3.2,-1.7,1.08
500257,2032,34060,75.6,98.7,3.2,-1.6,1.08
500258,2024,34060,75.6,98.7,3.2,-1.6,1.08
500258,2030,34060,75.6,98.7,3.2,-1.6,1.08
500275,2029,34061,75.6,98.7,3.2,-1.6,1.08
500276,2034,34061,75.6,98.7,3.2,-1.6,1.08
500276,2036,34061,75.6,98.7,3.2,-1.6,1.08
500289,2043,34062,75.6,98.7,3.2,-1.6,1.08
500290,2040,34062,75.6,98.7,3.2,-1.6,1.08
500290,2035,34062,75.6,98.7,3.2,-1.6,1.08
500309,2041,34063,75.6,98.7,3.2,-1.6,1.08
500311,2036,34063,75.6,98.7,3.2,-1.6,1.08
500311,2053,34063,75.6,98.7,3.2,-1.6,1.08
500311,2038,34063,75.6,98.7,3.2,-1.6,1.08
500324,2036,34064,75.6,98.7,3.3,-1.6,1.07
500324,2040,34064,75.6,98.7,3.3,-1.6,1.07
500324,2038,34064,75.6,98.7,3.3,-1.6,1.07
500343,2039,34065,75.6,98.7,3.3,-1.6,1.07
500344,2030,34065,75.6,98.7,3.3,-1.6,1.07
500344,2043,34065,75.6,98.7,3.3,-1.6,1.07
500357,2066,34067,75.6,98.7,3.3,-1.6,1.07
500358,2038,34067,75.6,98.7,3.3,-1.6,1.07
500358,2034,34067,75.6,98.7,3.3,-1.6,1.07
500375,2025,34067,75.6,98.7,3.3,-1.6,1.08
500375,2021,34067,75.6,98.7,3.3,-1.6,1.08
500375,2023,34067,75.6,98.7,3.3,-1.6,1.08
500389,2036,34069,75.6,98.7,3.3,-1.6,1.08
500389,2043,34069,75.6,98.7,3.3,-1.6,1.08
500389,2043,34069,75.6,98.7,3.3,-1.6,1.08
500408,2035,34070,75.6,98.7,3.3,-1.6,1.08
500409,2037,34070,75.6,98.7,3.3,-1.6,1.08
500409,2037,34070,75.6,98.7,3.3,-1.6,1.08
500421,2039,34071,75.6,98.7,3.4,-1.6,1.09
500422,2031,34071,75.6,98.7,3.4,-1.6,1.09
500422,2031,34071,75.6,98.7,3.4,-1.6,1.09
500442,1234,34073,75.6,98.7,3.4,-1.6,1.09
500443,1446,34073,75.6,98.7,3.4,-1.6,1.09
500444,1524,34073,75.6,98.7,3.4,-1.6,1.09
500444,1522,34073,75.6,98.7,3.4,-1.6,1.09
500458,2337,34075,75.6,98.7,3.4,-1.6,1.09
500458,2309,34075,75.6,98.7,3.4,-1.6,1.09
500458,2322,34075,75.6,98.7,3.4,-1.6,1.09
500475,2016,34076,75.6,98.7,3.4,-1.4,1.07
500475,2002,34076,75.6,98.7,3.4,-1.4,1.07
500475,1982,34076,75.6,98.7,3.4,-1.4,1.07
500489,2043,34078,75.6,98.7,3.4,-1.4,1.07
500489,2053,34078,75.6,98.7,3.4,-1.4,1.07
500490,2073,34078,75.6,98.7,3.4,-1.4,1.07
500508,2012,34080,75.6,98.7,3.4,-1.4,1.07
500509,2004,34080,75.6,98.7,3.4,-1.4,1.07
500509,2012,34080,75.6,98.7,3.4,-1.4,1.07
500521,2055,34081,75.6,98.7,3.3,-1.5,1.08
500522,2062,34081,75.6,98.7,3.3,-1.5,1.08
500522,2043,34081,75.6,98.7,3.3,-1.5,1.08
500542,2144,34083,75.6,98.7,3.3,-1.5,1.08
500543,2101,34083,75.6,98.7,3.3,-1.5,1.08
500544,2110,34083,75.6,98.7,3.3,-1.5,1.08
500544,2095,34083,75.6,98.7,3.3,-1.5,1.08
500558,349,34085,75.6,98.7,3.3,-1.5,1.08
500558,313,34085,75.6,98.7,3.3,-1.5,1.08
500558,250,34085,75.6,98.7,3.3,-1.5,1.08
500559,218,34085,75.6,98.7,3.3,-1.5,1.08
500577,2731,34086,75.6,98.7,3.3,-1.5,1.08
500578,2680,34086,75.6,98.7,3.3,-1.5,1.08
500578,2727,34086,75.6,98.7,3.3,-1.5,1.08
500590,1734,34087,75.6,98.7,3.3,-1.5,1.08
500591,1714,34087,75.6,98.7,3.3,-1.5,1.08
500591,1628,34087,75.6,98.7,3.3,-1.5,1.08
500610,1979,34087,75.6,98.7,3.3,-1.5,1.08
500612,2024,34087,75.6,98.7,3.3,-1.5,1.08
500612,2106,34087,75.6,98.7,3.3,-1.5,1.08
500612,2060,34087,75.6,98.7,3.3,-1.5,1.08
500625,1982,34087,75.6,98.7,3.3,-1.5,1.09
500625,1955,34087,75.6,98.7,3.3,-1.5,1.09
500625,2038,34087,75.6,98.7,3.3,-1.5,1.09
500643,2110,34087,75.6,98.7,3.3,-1.5,1.09
500644,2088,34087,75.6,98.7,3.3,-1.5,1.09
500644,2006,34087,75.6,98.7,3.3,-1.5,1.09
500658,1976,34088,75.6,98.7,3.3,-1.5,1.09
500658,2017,34088,75.6,98.7,3.3,-1.5,1.09
500659,2088,34088,75.6,98.7,3.3,-1.5,1.09
500677,2106,34088,75.6,98.7,3.4,-1.4,1.09
500677,2000,34088,75.6,98.7,3.4,-1.4,1.09
500678,1977,34088,75.6,98.7,3.4,-1.4,1.09
500690,2044,34088,75.6,98.7,3.4,-1.4,1.09
500691,2099,34088,75.6,98.7,3.4,-1.4,1.09
500691,2038,34088,75.6,98.7,3.4,-1.4,1.09
500709,1991,34089,75.6,98.7,3.4,-1.4,1.09
500710,1958,34089,75.6,98.7,3.4,-1.4,1.09
500710,2029,34089,75.6,98.7,3.4,-1.4,1.09
500722,2095,34089,75.6,98.7,3.2,-1.4,1.07
500723,2068,34089,75.6,98.7,3.2,-1.4,1.07
500723,2013,34089,75.6,98.7,3.2,-1.4,1.07
500742,1989,34090,75.6,98.7,3.2,-1.4,1.07
500745,2039,34090,75.6,98.7,3.2,-1.4,1.07
500745,2080,34090,75.6,98.7,3.2,-1.4,1.07
500746,2065,34090,75.6,98.7,3.2,-1.4,1.07
500758,2023,34090,75.6,98.7,3.2,-1.4,1.07
500759,2004,34090,75.6,98.7,3.2,-1.4,1.07
500759,2058,34090,75.6,98.7,3.2,-1.4,1.07
500777,2134,34091,75.6,98.7,3.2,-1.5,1.08
500778,2112,34091,75.6,98.7,3.2,-1.5,1.08
500778,2062,34091,75.6,98.7,3.2,-1.5,1.08
500790,1985,34092,75.6,98.7,3.2,-1.5,1.08
500791,2037,34092,75.6,98.7,3.2,-1.5,1.08
500791,2063,34092,75.6,98.7,3.2,-1.5,1.08
500810,2058,34093,75.6,98.7,3.2,-1.5,1.08
500810,2012,34093,75.6,98.7,3.2,-1.5,1.08
500810,2000,34093,75.6,98.7,3.2,-1.5,1.08
500823,2047,34094,75.6,98.7,3.1,-1.5,1.08
500823,2081,34094,75.6,98.7,3.1,-1.5,1.08
500823,2060,34094,75.6,98.7,3.1,-1.5,1.08
500842,2039,34095,75.6,98.7,3.1,-1.5,1.08
500843,1999,34095,75.6,98.7,3.1,-1.5,1.08
500843,2035,34095,75.6,98.7,3.1,-1.5,1.08
500857,2060,34096,75.6,98.7,3.1,-1.5,1.08
500857,2052,34096,75.6,98.7,3.1,-1.5,1.08
500857,2009,34096,75.6,98.7,3.1,-1.5,1.08
500876,2003,34097,75.6,98.7,3.5,-1.6,1.08
500878,2018,34097,75.6,98.7,3.5,-1.6,1.08
500879,2054,34097,75.6,98.7,3.5,-1.6,1.08
500880,2042,34097,75.6,98.7,3.5,-1.6,1.08
500893,2023,34098,75.6,98.7,3.5,-1.6,1.08
500893,2033,34098,75.6,98.7,3.5,-1.6,1.08
500893,2057,34098,75.6,98.7,3.5,-1.6,1.08
500912,2034,34099,75.6,98.7,3.5,-1.6,1.08
500912,2056,34099,75.6,98.7,3.5,-1.6,1.08
500912,2019,34099,75.6,98.7,3.5,-1.6,1.08
500926,2018,34100,75.6,98.7,3.4,-1.5,1.08
500926,2048,34100,75.6,98.7,3.4,-1.5,1.08
500927,2069,34100,75.6,98.7,3.4,-1.5,1.08
500943,2010,34101,75.6,98.7,3.4,-1.5,1.08
500944,1988,34101,75.6,98.7,3.4,-1.5,1.08
500944,1984,34101,75.6,98.7,3.4,-1.5,1.08
500958,2031,34102,75.6,98.7,3.4,-1.5,1.08
500958,2059,34102,75.6,98.7,3.4,-1.5,1.08
500958,2039,34102,75.6,98.7,3.4,-1.5,1.08
500977,2018,34103,75.6,98.7,3.4,-1.6,1.08
500978,2016,34103,75.6,98.7,3.4,-1.6,1.08
500978,2033,34103,75.6,98.7,3.4,-1.6,1.08
500991,2066,34104,75.6,98.7,3.4,-1.6,1.08
500991,2055,34104,75.6,98.7,3.4,-1.6,1.08
500991,2018,34104,75.6,98.7,3.4,-1.6,1.08
501011,2021,34105,75.6,98.7,3.4,-1.6,1.08
501014,2046,34106,75.6,98.7,3.4,-1.6,1.08
501015,2048,34106,75.6,98.7,3.4,-1.6,1.08
501015,2043,34106,75.6,98.7,3.4,-1.6,1.08
501027,2032,34107,75.6,98.7,3.2,-1.6,1.07
501028,2028,34107,75.6,98.7,3.2,-1.6,1.07
501028,2049,34107,75.6,98.7,3.2,-1.6,1.07
501045,2055,34108,75.6,98.7,3.2,-1.6,1.07
501045,2010,34108,75.6,98.7,3.2,-1.6,1.07
501046,1989,34108,75.6,98.7,3.2,-1.6,1.07
501058,2007,34109,75.6,98.7,3.2,-1.6,1.07
501059,2028,34109,75.6,98.7,3.2,-1.6,1.07
501059,2043,34109,75.6,98.7,3.2,-1.6,1.07
501077,2040,34111,75.6,98.7,3.1,-1.5,1.07
501078,2018,34111,75.6,98.7,3.1,-1.5,1.07
501078,2010,34111,75.6,98.7,3.1,-1.5,1.07
501091,2044,34111,75.6,98.7,3.1,-1.5,1.07
501091,2054,34111,75.6,98.7,3.1,-1.5,1.07
501092,2057,34111,75.6,98.7,3.1,-1.5,1.07
501111,2040,34113,75.6,98.7,3.1,-1.5,1.07
501111,2027,34113,75.6,98.7,3.1,-1.5,1.07
501111,2046,34113,75.6,98.7,3.1,-1.5,1.07
501125,2041,34115,75.6,98.7,3.2,-1.2,1.09
501125,2047,34115,75.6,98.7,3.2,-1.2,1.09
501126,2039,34115,75.6,98.7,3.2,-1.2,1.09
501142,2061,34116,75.6,98.7,3.2,-1.2,1.09
501143,2033,34116,75.6,98.7,3.2,-1.2,1.09
501143,2048,34116,75.6,98.7,3.2,-1.2,1.09
501157,2030,34118,75.6,98.7,3.2,-1.2,1.09
501157,2017,34118,75.6,98.7,3.2,-1.2,1.09
501157,2015,34118,75.6,98.7,3.2,-1.2,1.09
501176,2036,34119,75.6,98.7,3.2,-1.2,1.09
501178,2042,34119,75.6,98.7,3.2,-1.2,1.09
501178,2017,34119,75.6,98.7,3.2,-1.2,1.09
501178,2021,34119,75.6,98.7,3.2,-1.2,1.09
501191,2041,34119,75.6,98.7,3.4,-1.5,1.07
501191,2050,34119,75.6,98.7,3.4,-1.5,1.07
501191,2058,34119,75.6,98.7,3.4,-1.5,1.07
501210,2069,34120,75.6,98.7,3.4,-1.5,1.07
501211,2033,34120,75.6,98.7,3.4,-1.5,1.07
501211,2036,34120,75.6,98.7,3.4,-1.5,1.07
501211,2038,34120,75.6,98.7,3.4,-1.5,1.07
501225,2047,34120,75.6,98.7,3.4,-1.5,1.07
501226,2046,34120,75.6,98.7,3.4,-1.5,1.07
501226,2034,34120,75.6,98.7,3.4,-1.5,1.07
501244,2035,34121,75.6,98.7,3.3,-1.7,1.08
501245,2040,34121,75.6,98.7,3.3,-1.7,1.08
501245,2048,34121,75.6,98.7,3.3,-1.7,1.08
501257,2024,34121,75.6,98.7,3.3,-1.7,1.08
501258,2007,34121,75.6,98.7,3.3,-1.7,1.08
501258,2014,34121,75.6,98.7,3.3,-1.7,1.08
501276,2035,34121,75.6,98.7,3.3,-1.7,1.08
501277,2043,34121,75.6,98.7,3.3,-1.7,1.08
501277,2046,34121,75.6,98.7,3.3,-1.7,1.08
501289,2044,34121,75.6,98.7,3.3,-2.0,1.01
501290,2043,34121,75.6,98.7,3.3,-2.0,1.01
501290,2049,34121,75.6,98.7,3.3,-2.0,1.01
501309,2034,34122,75.6,98.7,3.3,-2.0,1.01
501312,2046,34122,75.6,98.7,3.3,-2.0,1.01
501312,2038,34122,75.6,98.7,3.3,-2.0,1.01
501312,2023,34122,75.6,98.7,3.3,-2.0,1.01
501326,2028,34122,75.6,98.7,3.3,-2.0,1.01
501326,2049,34122,75.6,98.7,3.3,-2.0,1.01
501326,2049,34122,75.6,98.7,3.3,-2.0,1.01
501345,2040,34123,75.6,98.7,3.1,-1.8,1.08
501345,2036,34123,75.6,98.7,3.1,-1.8,1.08
501345,2042,34123,75.6,98.7,3.1,-1.8,1.08
501358,528,34123,75.6,98.7,3.1,-1.8,1.08
501358,479,34123,75.6,98.7,3.1,-1.8,1.08
501359,374,34123,75.6,98.7,3.1,-1.8,1.08
501377,2753,34124,65.3,98.7,3.1,-1.8,1.08
501378,2674,34124,65.3,98.7,3.1,-1.8,1.08
501378,2791,34124,65.3,98.7,3.1,-1.8,1.08
501390,1802,34125,65.3,98.7,3.2,-1.4,1.08
501391,1751,34125,65.3,98.7,3.2,-1.4,1.08
501391,1570,34125,65.3,98.7,3.2,-1.4,1.08
501410,1940,34126,65.3,98.7,3.2,-1.4,1.08
501413,2034,34127,65.3,98.7,3.2,-1.4,1.08
501413,2160,34127,65.3,98.7,3.2,-1.4,1.08
501413,2107,34127,65.3,98.7,3.2,-1.4,1.08
501426,1968,34127,65.3,98.7,3.2,-1.4,1.08
501426,1917,34127,65.3,98.7,3.2,-1.4,1.08
501427,2034,34127,65.3,98.7,3.2,-1.4,1.08
501445,2134,34128,65.3,98.7,3.2,-1.5,1.09
501445,2106,34128,65.3,98.7,3.2,-1.5,1.09
501445,1965,34128,65.3,98.7,3.2,-1.5,1.09
501458,1916,34129,65.3,98.7,3.2,-1.5,1.09
501458,2024,34129,65.3,98.7,3.2,-1.5,1.09
501459,2146,34129,65.3,98.7,3.2,-1.5,1.09
501478,2109,34130,65.3,98.7,3.2,-1.5,1.09
501478,1970,34130,65.3,98.7,3.2,-1.5,1.09
501480,1947,34130,65.3,98.7,3.2,-1.5,1.09
501480,2025,34130,65.3,98.7,3.2,-1.5,1.09
501493,2143,34131,65.3,98.7,3.2,-1.7,1.08
501494,2110,34131,65.3,98.7,3.2,-1.7,1.08
501494,1976,34131,65.3,98.7,3.2,-1.7,1.08
501510,1950,34132,65.3,98.7,3.2,-1.7,1.08
501510,2041,34132,65.3,98.7,3.2,-1.7,1.08
501510,2135,34132,65.3,98.7,3.2,-1.7,1.08
501524,2097,34133,65.3,98.7,3.2,-1.7,1.08
501524,1991,34133,65.3,98.7,3.2,-1.7,1.08
501524,1955,34133,65.3,98.7,3.2,-1.7,1.08
501544,2037,34134,65.3,98.7,3.1,-1.8,1.09
501546,2118,34134,65.3,98.7,3.1,-1.8,1.09
501546,2094,34134,65.3,98.7,3.1,-1.8,1.09
501547,1985,34134,65.3,98.7,3.1,-1.8,1.09
501559,2155,34135,65.3,98.7,3.1,-1.8,1.09
501560,2254,34135,65.3,98.7,3.1,-1.8,1.09
501560,2310,34135,65.3,98.7,3.1,-1.8,1.09
501578,2046,34136,65.3,98.7,3.1,-1.8,1.09
501578,1960,34136,65.3,98.7,3.1,-1.8,1.09
501578,1920,34136,65.3,98.7,3.1,-1.8,1.09
501591,2037,34137,65.3,98.7,3.3,-1.9,1.09
501592,2120,34137,65.3,98.7,3.3,-1.9,1.09
501592,2111,34137,65.3,98.7,3.3,-1.9,1.09
501610,2019,34138,65.3,98.7,3.3,-1.9,1.09
501611,1982,34138,65.3,98.7,3.3,-1.9,1.09
501611,2028,34138,65.3,98.7,3.3,-1.9,1.09
501624,2104,34140,65.3,98.7,3.3,-1.9,1.09
501625,2090,34140,65.3,98.7,3.3,-1.9,1.09
501625,2019,34140,65.3,98.7,3.3,-1.9,1.09
501643,1983,34142,65.3,98.7,3.3,-1.9,1.09
501644,2016,34142,65.3,98.7,3.3,-1.9,1.09
501644,2090,34142,65.3,98.7,3.3,-1.9,1.09
501656,2061,34143,65.3,98.7,3.6,-1.7,1.08
501657,2009,34143,65.3,98.7,3.6,-1.7,1.08
501657,1972,34143,65.3,98.7,3.6,-1.7,1.08
501677,2047,34145,65.3,98.7,3.6,-1.7,1.08
501679,2093,34145,65.3,98.7,3.6,-1.7,1.08
501679,2088,34145,65.3,98.7,3.6,-1.7,1.08
501679,2042,34145,65.3,98.7,3.6,-1.7,1.08
501693,1991,34147,65.3,98.7,3.6,-1.7,1.08
501694,2043,34147,65.3,98.7,3.6,-1.7,1.08
501694,2077,34147,65.3,98.7,3.6,-1.7,1.08
501711,2091,34148,65.3,98.7,3.4,-1.5,1.08
501711,2022,34148,65.3,98.7,3.4,-1.5,1.08
501711,1999,34148,65.3,98.7,3.4,-1.5,1.08
501725,2033,34150,65.3,98.7,3.4,-1.5,1.08
501725,2079,34150,65.3,98.7,3.4,-1.5,1.08
501725,2074,34150,65.3,98.7,3.4,-1.5,1.08
501744,2022,34151,65.3,98.7,3.4,-1.5,1.08
501745,2000,34151,65.3,98.7,3.4,-1.5,1.08
501745,2032,34151,65.3,98.7,3.4,-1.5,1.08
501757,2066,34152,65.3,98.7,3.3,-1.5,1.07
501758,2066,34152,65.3,98.7,3.3,-1.5,1.07
501758,2021,34152,65.3,98.7,3.3,-1.5,1.07
501778,1991,34153,65.3,98.7,3.3,-1.5,1.07
501780,2039,34153,65.3,98.7,3.3,-1.5,1.07
501780,2075,34153,65.3,98.7,3.3,-1.5,1.07
501780,2068,34153,65.3,98.7,3.3,-1.5,1.07
501794,2025,34154,65.3,98.7,3.3,-1.5,1.07
501795,2007,34154,65.3,98.7,3.3,-1.5,1.07
501795,2025,34154,65.3,98.7,3.3,-1.5,1.07
501812,2072,34154,65.3,98.7,3.0,-1.5,1.08
501813,2067,34154,65.3,98.7,3.0,-1.5,1.08
501813,2032,34154,65.3,98.7,3.0,-1.5,1.08
501826,2017,34154,65.3,98.7,3.0,-1.5,1.08
501826,2033,34154,65.3,98.7,3.0,-1.5,1.08
501826,2064,34154,65.3,98.7,3.0,-1.5,1.08
501845,2065,34154,65.3,98.7,3.0,-1.5,1.08
501847,2020,34154,65.3,98.7,3.0,-1.5,1.08
501847,2018,34154,65.3,98.7,3.0,-1.5,1.08
501847,2019,34154,65.3,98.7,3.0,-1.5,1.08
501860,2051,34154,65.3,98.7,2.8,-1.6,1.06
501860,2051,34154,65.3,98.7,2.8,-1.6,1.06
501860,2018,34154,65.3,98.7,2.8,-1.6,1.06
501879,2033,34154,65.3,98.7,2.8,-1.6,1.06
501879,2062,34154,65.3,98.7,2.8,-1.6,1.06
501879,2081,34154,65.3,98.7,2.8,-1.6,1.06
501893,2049,34154,65.3,98.7,2.8,-1.6,1.06
501893,2023,34154,65.3,98.7,2.8,-1.6,1.06
501894,2011,34154,65.3,98.7,2.8,-1.6,1.06
501912,2020,34154,65.3,98.7,3.1,-1.7,1.08
501912,2057,34154,65.3,98.7,3.1,-1.7,1.08
501912,2059,34154,65.3,98.7,3.1,-1.7,1.08
501925,2035,34154,65.3,98.7,3.1,-1.7,1.08
501925,2044,34154,65.3,98.7,3.1,-1.7,1.08
501925,2008,34154,65.3,98.7,3.1,-1.7,1.08
501944,2056,34155,65.3,98.7,3.1,-1.7,1.08
501945,2058,34155,65.3,98.7,3.1,-1.7,1.08
501945,2033,34155,65.3,98.7,3.1,-1.7,1.08
501957,2006,34155,65.3,98.7,3.2,-1.6,1.09
501958,2027,34155,65.3,98.7,3.2,-1.6,1.09
501958,2046,34155,65.3,98.7,3.2,-1.6,1.09
501978,2057,34156,65.3,98.7,3.2,-1.6,1.09
501981,2033,34156,65.3,98.7,3.2,-1.6,1.09
501981,2021,34156,65.3,98.7,3.2,-1.6,1.09
501981,2051,34156,65.3,98.7,3.2,-1.6,1.09
501994,2067,34157,65.3,98.7,3.2,-1.6,1.09
501995,2058,34157,65.3,98.7,3.2,-1.6,1.09
501995,2040,34157,65.3,98.7,3.2,-1.6,1.09
502012,2027,34158,65.3,98.7,3.3,-1.7,1.07
502013,2037,34158,65.3,98.7,3.3,-1.7,1.07
502013,2062,34158,65.3,98.7,3.3,-1.7,1.07
502025,2045,34158,65.3,98.7,3.3,-1.7,1.07
502026,2037,34158,65.3,98.7,3.3,-1.7,1.07
502026,2032,34158,65.3,98.7,3.3,-1.7,1.07
502045,2034,34159,65.3,98.7,3.3,-1.7,1.07
502047,2054,34159,65.3,98.7,3.3,-1.7,1.07
502047,2065,34159,65.3,98.7,3.3,-1.7,1.07
502047,2060,34159,65.3,98.7,3.3,-1.7,1.07
502060,2019,34159,65.3,98.7,3.3,-1.5,1.08
502060,2035,34159,65.3,98.7,3.3,-1.5,1.08
502060,2060,34159,65.3,98.7,3.3,-1.5,1.08
502079,2026,34160,65.3,98.7,3.3,-1.5,1.08
502079,2006,34160,65.3,98.7,3.3,-1.5,1.08
502079,2003,34160,65.3,98.7,3.3,-1.5,1.08
502093,2050,34160,65.3,98.7,3.3,-1.5,1.08
502093,2035,34160,65.3,98.7,3.3,-1.5,1.08
502093,2056,34160,65.3,98.7,3.3,-1.5,1.08
502112,2033,34161,65.3,98.7,3.3,-1.5,1.09
502113,2020,34161,65.3,98.7,3.3,-1.5,1.09
502113,2036,34161,65.3,98.7,3.3,-1.5,1.09
502125,2050,34162,65.3,98.7,3.3,-1.5,1.09
502126,2057,34162,65.3,98.7,3.3,-1.5,1.09
502126,2044,34162,65.3,98.7,3.3,-1.5,1.09
502145,2036,34162,65.3,98.7,3.3,-1.5,1.09
502147,2040,34162,65.3,98.7,3.3,-1.5,1.09
502147,2013,34162,65.3,98.7,3.3,-1.5,1.09
502147,2047,34162,65.3,98.7,3.3,-1.5,1.09
502160,2029,34163,65.3,98.7,3.2,-1.5,1.08
502160,2025,34163,65.3,98.7,3.2,-1.5,1.08
502160,2031,34163,65.3,98.7,3.2,-1.5,1.08
502179,2038,34164,65.3,98.7,3.2,-1.5,1.08
502179,2022,34164,65.3,98.7,3.2,-1.5,1.08
502180,2027,34164,65.3,98.7,3.2,-1.5,1.08
502193,2030,34165,65.3,98.7,3.2,-1.5,1.08
502194,2041,34165,65.3,98.7,3.2,-1.5,1.08
502194,2045,34165,65.3,98.7,3.2,-1.5,1.08
502212,2022,34166,65.3,98.7,3.2,-1.5,1.07
502213,2038,34166,65.3,98.7,3.2,-1.5,1.07
502213,1995,34166,65.3,98.7,3.2,-1.5,1.07
502225,2045,34166,65.3,98.7,3.2,-1.5,1.07
502226,2055,34166,65.3,98.7,3.2,-1.5,1.07
502226,2049,34166,65.3,98.7,3.2,-1.5,1.07
502245,2045,34168,65.3,98.7,3.2,-1.5,1.07
502247,2042,34168,65.3,98.7,3.2,-1.5,1.07
502247,2008,34168,65.3,98.7,3.2,-1.5,1.07
502247,2050,34168,65.3,98.7,3.2,-1.5,1.07
502261,2036,34169,65.3,98.7,3.3,-1.7,1.07
502261,2036,34169,65.3,98.7,3.3,-1.7,1.07
502261,2032,34169,65.3,98.7,3.3,-1.7,1.07
502279,2227,34170,65.3,98.7,3.3,-1.7,1.07
502279,2224,34170,65.3,98.7,3.3,-1.7,1.07
502280,2232,34170,65.3,98.7,3.3,-1.7,1.07
502293,1951,34171,65.3,98.7,3.3,-1.7,1.07
502294,1974,34171,65.3,98.7,3.3,-1.7,1.07
502294,1974,34171,65.3,98.7,3.3,-1.7,1.07
502312,2044,34173,65.3,98.7,3.3,-1.7,1.07
502313,2077,34173,65.3,98.7,3.3,-1.7,1.07
502313,2055,34173,65.3,98.7,3.3,-1.7,1.07
502325,2038,34173,65.3,98.7,3.3,-1.7,1.07
502326,2039,34173,65.3,98.7,3.3,-1.7,1.07
502326,2029,34173,65.3,98.7,3.3,-1.7,1.07
502345,2039,34175,65.3,98.7,3.3,-1.7,1.07
502347,2046,34175,65.3,98.7,3.3,-1.7,1.07
502347,2050,34175,65.3,98.7,3.3,-1.7,1.07
502347,2045,34175,65.3,98.7,3.3,-1.7,1.07
502361,2029,34176,65.3,98.7,3.3,-1.5,1.07
502361,2034,34176,65.3,98.7,3.3,-1.5,1.07
502361,2077,34176,65.3,98.7,3.3,-1.5,1.07
502379,2120,34176,65.3,98.7,3.3,-1.5,1.07
502379,2106,34176,65.3,98.7,3.3,-1.5,1.07
502379,2111,34176,65.3,98.7,3.3,-1.5,1.07
502393,2017,34176,65.3,98.7,3.3,-1.5,1.07
502394,2040,34176,65.3,98.7,3.3,-1.5,1.07
502394,2020,34176,65.3,98.7,3.3,-1.5,1.07
502413,2033,34176,65.3,98.7,3.3,-1.5,1.08
502413,2028,34176,65.3,98.7,3.3,-1.5,1.08
502413,2040,34176,65.3,98.7,3.3,-1.5,1.08
502426,2055,34176,65.3,98.7,3.3,-1.5,1.08
502426,2048,34176,65.3,98.7,3.3,-1.5,1.08
502426,2041,34176,65.3,98.7,3.3,-1.5,1.08
502445,2038,34176,65.3,98.7,3.3,-1.5,1.08
502446,2043,34176,65.3,98.7,3.3,-1.5,1.08
502446,2053,34176,65.3,98.7,3.3,-1.5,1.08
502458,2053,34176,65.3,98.7,3.2,-1.6,1.09
502459,2038,34176,65.3,98.7,3.2,-1.6,1.09
502459,2039,34176,65.3,98.7,3.2,-1.6,1.09
502478,1983,34176,65.3,98.7,3.2,-1.6,1.09
502482,2033,34176,65.3,98.7,3.2,-1.6,1.09
502483,2023,34176,65.3,98.7,3.2,-1.6,1.09
502484,2020,34176,65.3,98.7,3.2,-1.6,1.09
502484,2022,34176,65.3,98.7,3.2,-1.6,1.09
502497,2055,34177,65.3,98.7,3.2,-1.6,1.09
502498,2042,34177,65.3,98.7,3.2,-1.6,1.09
502498,2052,34177,65.3,98.7,3.2,-1.6,1.09
502516,2036,34177,65.3,98.7,3.2,-1.5,1.07
502516,2034,34177,65.3,98.7,3.2,-1.5,1.07
502516,2062,34177,65.3,98.7,3.2,-1.5,1.07
502530,2058,34177,65.3,98.7,3.2,-1.5,1.07
502530,2076,34177,65.3,98.7,3.2,-1.5,1.07
502530,2066,34177,65.3,98.7,3.2,-1.5,1.07
502547,2036,34178,65.3,98.7,3.2,-1.5,1.07
502548,2044,34178,65.3,98.7,3.2,-1.5,1.07
502548,2039,34178,65.3,98.7,3.2,-1.5,1.07
502561,2032,34178,65.3,98.7,3.2,-1.6,1.08
502562,2022,34178,65.3,98.7,3.2,-1.6,1.08
502562,2026,34178,65.3,98.7,3.2,-1.6,1.08
502582,1987,34179,65.3,98.7,3.2,-1.6,1.08
502584,2040,34179,65.3,98.7,3.2,-1.6,1.08
502585,2029,34179,65.3,98.7,3.2,-1.6,1.08
502585,2032,34179,65.3,98.7,3.2,-1.6,1.08
502598,2025,34179,65.3,98.7,3.2,-1.6,1.08
502598,2034,34179,65.3,98.7,3.2,-1.6,1.08
502599,2013,34179,65.3,98.7,3.2,-1.6,1.08
502616,2034,34180,65.3,98.7,3.2,-1.6,1.08
502617,2037,34180,65.3,98.7,3.2,-1.6,1.08
502617,2034,34180,65.3,98.7,3.2,-1.6,1.08
502630,2053,34181,65.3,98.7,3.2,-1.6,1.08
502631,2057,34181,65.3,98.7,3.2,-1.6,1.08
502631,2043,34181,65.3,98.7,3.2,-1.6,1.08
502649,2033,34181,65.3,98.7,3.2,-1.6,1.08
502650,2038,34181,65.3,98.7,3.2,-1.6,1.08
502650,2044,34181,65.3,98.7,3.2,-1.6,1.08
502662,2038,34182,65.3,98.7,3.2,-1.5,1.08
502663,2038,34182,65.3,98.7,3.2,-1.5,1.08
502663,2019,34182,65.3,98.7,3.2,-1.5,1.08
502683,1979,34183,65.3,98.7,3.2,-1.5,1.08
502685,2048,34183,65.3,98.7,3.2,-1.5,1.08
502685,2049,34183,65.3,98.7,3.2,-1.5,1.08
502686,2014,34183,65.3,98.7,3.2,-1.5,1.08
502701,2031,34183,65.3,98.7,3.2,-1.5,1.08
502701,2010,34183,65.3,98.7,3.2,-1.5,1.08
502701,2037,34183,65.3,98.7,3.2,-1.5,1.08
502718,2047,34184,65.3,98.7,3.1,-1.5,1.07
502718,2047,34184,65.3,98.7,3.1,-1.5,1.07
502719,2026,34184,65.3,98.7,3.1,-1.5,1.07
502732,2049,34184,65.3,98.7,3.1,-1.5,1.07
502732,2049,34184,65.3,98.7,3.1,-1.5,1.07
502733,2053,34184,65.3,98.7,3.1,-1.5,1.07
502752,2042,34185,65.3,98.7,3.1,-1.5,1.07
502754,2046,34185,65.3,98.7,3.1,-1.5,1.07
502754,2043,34185,65.3,98.7,3.1,-1.5,1.07
502754,2063,34185,65.3,98.7,3.1,-1.5,1.07
502767,2043,34186,65.3,98.7,3.1,-1.6,1.08
502767,2047,34186,65.3,98.7,3.1,-1.6,1.08
502767,2049,34186,65.3,98.7,3.1,-1.6,1.08
502786,2007,34187,65.3,97.7,3.1,-1.6,1.08
502787,1982,34187,65.3,97.7,3.1,-1.6,1.08
502787,2018,34187,65.3,97.7,3.1,-1.6,1.08
502800,2060,34187,65.3,97.7,3.1,-1.6,1.08
502801,2077,34187,65.3,97.7,3.1,-1.6,1.08
502801,2075,34187,65.3,97.7,3.1,-1.6,1.08
502819,2070,34188,65.3,97.7,3.2,-1.6,1.09
502819,2051,34188,65.3,97.7,3.2,-1.6,1.09
502819,2052,34188,65.3,97.7,3.2,-1.6,1.09
502832,2036,34189,65.3,97.7,3.2,-1.6,1.09
502832,2037,34189,65.3,97.7,3.2,-1.6,1.09
502833,2034,34189,65.3,97.7,3.2,-1.6,1.09
502851,2036,34190,65.3,97.7,3.2,-1.6,1.09
502852,2023,34190,65.3,97.7,3.2,-1.6,1.09
502852,2015,34190,65.3,97.7,3.2,-1.6,1.09
502864,2060,34191,65.3,97.7,3.3,-1.6,1.08
502865,2076,34191,65.3,97.7,3.3,-1.6,1.08
502865,2062,34191,65.3,97.7,3.3,-1.6,1.08
502884,2042,34192,65.3,97.7,3.3,-1.6,1.08
502886,2040,34192,65.3,97.7,3.3,-1.6,1.08
502886,2043,34192,65.3,97.7,3.3,-1.6,1.08
502887,2033,34192,65.3,97.7,3.3,-1.6,1.08
502901,2071,34193,65.3,97.7,3.3,-1.6,1.08
502901,2050,34193,65.3,97.7,3.3,-1.6,1.08
502902,2063,34193,65.3,97.7,3.3,-1.6,1.08
502903,2057,34193,65.3,97.7,3.3,-1.6,1.08
502921,2027,34194,65.3,97.7,3.4,-1.5,1.08
502921,2026,34194,65.3,97.7,3.4,-1.5,1.08
502922,2032,34194,65.3,97.7,3.4,-1.5,1.08
502934,2026,34195,65.3,97.7,3.4,-1.5,1.08
502935,2027,34195,65.3,97.7,3.4,-1.5,1.08
502935,2051,34195,65.3,97.7,3.4,-1.5,1.08
502953,2051,34196,65.3,97.7,3.4,-1.5,1.08
502954,2044,34196,65.3,97.7,3.4,-1.5,1.08
502954,2049,34196,65.3,97.7,3.4,-1.5,1.08
502966,2046,34197,65.3,97.7,3.3,-1.7,1.08
502967,2041,34197,65.3,97.7,3.3,-1.7,1.08
502967,2042,34197,65.3,97.7,3.3,-1.7,1.08
502986,2047,34197,65.3,97.7,3.3,-1.7,1.08
502989,2047,34197,65.3,97.7,3.3,-1.7,1.08
502990,2032,34197,65.3,97.7,3.3,-1.7,1.08
502990,2046,34197,65.3,97.7,3.3,-1.7,1.08
503003,2044,34197,65.3,97.7,3.3,-1.7,1.08
503004,2041,34197,65.3,97.7,3.3,-1.7,1.08
503004,2031,34197,65.3,97.7,3.3,-1.7,1.08
503006,2038,34197,65.3,97.7,3.3,-1.7,1.08
503024,2047,34197,65.3,97.7,3.1,-1.8,1.07
503024,2029,34197,65.3,97.7,3.1,-1.8,1.07
503024,2050,34197,65.3,97.7,3.1,-1.8,1.07
503037,2047,34197,65.3,97.7,3.1,-1.8,1.07
503037,2071,34197,65.3,97.7,3.1,-1.8,1.07
503037,2072,34197,65.3,97.7,3.1,-1.8,1.07
503056,2126,34197,65.3,97.7,3.1,-1.8,1.07
503057,2106,34197,65.3,97.7,3.1,-1.8,1.07
503057,2111,34197,65.3,97.7,3.1,-1.8,1.07
503070,2014,34197,65.3,97.7,3.2,-1.8,1.08
503071,2032,34197,65.3,97.7,3.2,-1.8,1.08
503071,2028,34197,65.3,97.7,3.2,-1.8,1.08
503090,2042,34197,65.3,97.7,3.2,-1.8,1.08
503090,2038,34197,65.3,97.7,3.2,-1.8,1.08
503093,2037,34197,65.3,97.7,3.2,-1.8,1.08
503093,1995,34197,65.3,97.7,3.2,-1.8,1.08
503106,2301,34197,65.3,97.7,3.2,-1.8,1.08
503106,2238,34197,65.3,97.7,3.2,-1.8,1.08
503106,2216,34197,65.3,97.7,3.2,-1.8,1.08
503124,2200,34198,65.3,97.7,3.3,-1.6,1.08
503124,2196,34198,65.3,97.7,3.3,-1.6,1.08
503125,2183,34198,65.3,97.7,3.3,-1.6,1.08
503138,2111,34198,65.3,97.7,3.3,-1.6,1.08
503138,2126,34198,65.3,97.7,3.3,-1.6,1.08
503139,2129,34198,65.3,97.7,3.3,-1.6,1.08
503156,2067,34198,65.3,97.7,3.3,-1.6,1.08
503157,2066,34198,65.3,97.7,3.3,-1.6,1.08
503157,2048,34198,65.3,97.7,3.3,-1.6,1.08
503170,2038,34199,65.3,97.7,3.2,-1.6,1.08
503171,2054,34199,65.3,97.7,3.2,-1.6,1.08
503171,2045,34199,65.3,97.7,3.2,-1.6,1.08
503191,2035,34199,65.3,97.7,3.2,-1.6,1.08
503192,2018,34199,65.3,97.7,3.2,-1.6,1.08
503193,2036,34199,65.3,97.7,3.2,-1.6,1.08
503193,2041,34199,65.3,97.7,3.2,-1.6,1.08
503206,2063,34200,65.3,97.7,3.2,-1.6,1.08
503206,2052,34200,65.3,97.7,3.2,-1.6,1.08
503206,2041,34200,65.3,97.7,3.2,-1.6,1.08
503224,2077,34200,65.3,97.7,3.4,-1.6,1.07
503225,2085,34200,65.3,97.7,3.4,-1.6,1.07
503225,2078,34200,65.3,97.7,3.4,-1.6,1.07
503239,2026,34201,65.3,97.7,3.4,-1.6,1.07
503239,2023,34201,65.3,97.7,3.4,-1.6,1.07
503239,2024,34201,65.3,97.7,3.4,-1.6,1.07
503256,2045,34201,65.3,97.7,3.4,-1.6,1.07
503257,2043,34201,65.3,97.7,3.4,-1.6,1.07
503257,2039,34201,65.3,97.7,3.4,-1.6,1.07
503270,2042,34202,65.3,97.7,3.4,-1.5,1.08
503271,2050,34202,65.3,97.7,3.4,-1.5,1.08
503271,2059,34202,65.3,97.7,3.4,-1.5,1.08
503290,2041,34202,65.3,97.7,3.4,-1.5,1.08
503292,2031,34202,65.3,97.7,3.4,-1.5,1.08
503292,2036,34202,65.3,97.7,3.4,-1.5,1.08
503292,2029,34202,65.3,97.7,3.4,-1.5,1.08
503305,2042,34203,65.3,97.7,3.4,-1.5,1.08
503305,2041,34203,65.3,97.7,3.4,-1.5,1.08
503306,2035,34203,65.3,97.7,3.4,-1.5,1.08
503323,2028,34203,65.3,97.7,3.4,-1.7,1.08
503324,2043,34203,65.3,97.7,3.4,-1.7,1.08
503324,2045,34203,65.3,97.7,3.4,-1.7,1.08
503338,2040,34204,65.3,97.7,3.4,-1.7,1.08
503338,2041,34204,65.3,97.7,3.4,-1.7,1.08
503338,2030,34204,65.3,97.7,3.4,-1.7,1.08
503356,2057,34204,65.3,97.7,3.4,-1.7,1.08
503357,2052,34204,65.3,97.7,3.4,-1.7,1.08
503357,2062,34204,65.3,97.7,3.4,-1.7,1.08
503358,2058,34204,65.3,97.7,3.4,-1.7,1.08
503371,2040,34205,65.3,97.6,3.4,-1.7,1.08
503372,2040,34205,65.3,97.6,3.4,-1.7,1.08
503372,2044,34205,65.3,97.6,3.4,-1.7,1.08
503389,2055,34206,65.3,97.6,3.4,-1.7,1.08
503390,2045,34206,65.3,97.6,3.4,-1.7,1.08
503390,2052,34206,65.3,97.6,3.4,-1.7,1.08
503402,2047,34206,65.3,97.6,3.4,-1.7,1.08
503403,2041,34206,65.3,97.6,3.4,-1.7,1.08
503403,2049,34206,65.3,97.6,3.4,-1.7,1.08
503422,2039,34207,65.3,97.6,3.4,-1.7,1.08
503424,2043,34207,65.3,97.6,3.4,-1.7,1.08
503424,2046,34207,65.3,97.6,3.4,-1.7,1.08
503424,2043,34207,65.3,97.6,3.4,-1.7,1.08
503438,2034,34208,65.3,97.6,3.3,-1.6,1.08
503438,2038,34208,65.3,97.6,3.3,-1.6,1.08
503438,2021,34208,65.3,97.6,3.3,-1.6,1.08
503455,2049,34209,65.3,97.6,3.3,-1.6,1.08
503456,2055,34209,65.3,97.6,3.3,-1.6,1.08
503456,2052,34209,65.3,97.6,3.3,-1.6,1.08
503470,2041,34210,65.3,97.6,3.3,-1.6,1.08
503471,2031,34210,65.3,97.6,3.3,-1.6,1.08
503471,2046,34210,65.3,97.6,3.3,-1.6,1.08
503471,2049,34210,65.3,97.6,3.3,-1.6,1.08
503489,2046,34211,65.3,97.6,3.3,-1.5,1.08
503490,2045,34211,65.3,97.6,3.3,-1.5,1.08
503490,2047,34211,65.3,97.6,3.3,-1.5,1.08
503503,2071,34211,65.3,97.6,3.3,-1.5,1.08
503504,2104,34211,65.3,97.6,3.3,-1.5,1.08
503504,2097,34211,65.3,97.6,3.3,-1.5,1.08
503522,2039,34212,65.3,97.6,3.3,-1.5,1.08
503523,1987,34212,65.3,97.6,3.3,-1.5,1.08
503523,2032,34212,65.3,97.6,3.3,-1.5,1.08
503535,2042,34213,65.3,97.6,3.3,-1.4,1.08
503536,2058,34213,65.3,97.6,3.3,-1.4,1.08
503536,2064,34213,65.3,97.6,3.3,-1.4,1.08
503555,2046,34214,65.3,97.6,3.3,-1.4,1.08
503558,2057,34214,65.3,97.6,3.3,-1.4,1.08
503558,2054,34214,65.3,97.6,3.3,-1.4,1.08
503558,2054,34214,65.3,97.6,3.3,-1.4,1.08
503571,2052,34214,65.3,97.6,3.3,-1.4,1.08
503572,2052,34214,65.3,97.6,3.3,-1.4,1.08
503572,2045,34214,65.3,97.6,3.3,-1.4,1.08
503590,2052,34215,65.3,97.6,3.3,-1.5,1.08
503590,2046,34215,65.3,97.6,3.3,-1.5,1.08
503591,2051,34215,65.3,97.6,3.3,-1.5,1.08
503604,2034,34215,65.3,97.6,3.3,-1.5,1.08
503604,2029,34215,65.3,97.6,3.3,-1.5,1.08
503605,2034,34215,65.3,97.6,3.3,-1.5,1.08
503622,2054,34215,65.3,97.6,3.3,-1.5,1.08
503623,2050,34215,65.3,97.6,3.3,-1.5,1.08
503623,2056,34215,65.3,97.6,3.3,-1.5,1.08
503636,2044,34214,65.3,97.6,3.4,-1.6,1.08
503637,2036,34214,65.3,97.6,3.4,-1.6,1.08
503637,2029,34214,65.3,97.6,3.4,-1.6,1.08
503638,2032,34214,65.3,97.6,3.4,-1.6,1.08
503656,2048,34214,65.3,97.6,3.4,-1.6,1.08
503657,2040,34214,65.3,97.6,3.4,-1.6,1.08
503657,2033,34214,65.3,97.6,3.4,-1.6,1.08
503670,2053,34214,65.3,97.6,3.4,-1.6,1.08
503670,2053,34214,65.3,97.6,3.4,-1.6,1.08
503670,2058,34214,65.3,97.6,3.4,-1.6,1.08
503689,2048,34214,65.3,97.6,3.4,-1.5,1.07
503690,2030,34214,65.3,97.6,3.4,-1.5,1.07
503690,2041,34214,65.3,97.6,3.4,-1.5,1.07
503703,2041,34214,65.3,97.6,3.4,-1.5,1.07
503703,2044,34214,65.3,97.6,3.4,-1.5,1.07
503703,2039,34214,65.3,97.6,3.4,-1.5,1.07
503722,2025,34214,65.3,97.6,3.4,-1.5,1.07
503723,2036,34214,65.3,97.6,3.4,-1.5,1.07
503723,1997,34214,65.3,97.6,3.4,-1.5,1.07
503737,2050,34215,65.3,97.6,3.3,-1.6,1.07
503737,2032,34215,65.3,97.6,3.3,-1.6,1.07
503738,2036,34215,65.3,97.6,3.3,-1.6,1.07
503739,2025,34215,65.3,97.6,3.3,-1.6,1.07
503756,2057,34215,65.3,97.6,3.3,-1.6,1.07
503756,2063,34215,65.3,97.6,3.3,-1.6,1.07
503757,2065,34215,65.3,97.6,3.3,-1.6,1.07
503769,2048,34215,65.3,97.6,3.3,-1.6,1.07
503770,2043,34215,65.3,97.6,3.3,-1.6,1.07
503770,2043,34215,65.3,97.6,3.3,-1.6,1.07
503788,2050,34216,65.3,97.6,3.3,-1.6,1.07
503789,2046,34216,65.3,97.6,3.3,-1.6,1.07
503789,2045,34216,65.3,97.6,3.3,-1.6,1.07
503801,2033,34216,65.3,97.6,3.3,-1.6,1.08
503802,2038,34216,65.3,97.6,3.3,-1.6,1.08
503802,2031,34216,65.3,97.6,3.3,-1.6,1.08
503821,2048,34217,65.3,97.6,3.3,-1.6,1.08
503823,2047,34217,65.3,97.6,3.3,-1.6,1.08
503823,2060,34217,65.3,97.6,3.3,-1.6,1.08
503824,2045,34217,65.3,97.6,3.3,-1.6,1.08
503837,2038,34217,65.3,97.6,3.3,-1.6,1.08
503838,2046,34217,65.3,97.6,3.3,-1.6,1.08
503838,2036,34217,65.3,97.6,3.3,-1.6,1.08
503856,2046,34218,65.3,97.6,3.4,-1.5,1.08
503856,2057,34218,65.3,97.6,3.4,-1.5,1.08
503856,2057,34218,65.3,97.6,3.4,-1.5,1.08
503869,2075,34218,65.3,97.6,3.4,-1.5,1.08
503870,2039,34218,65.3,97.6,3.4,-1.5,1.08
503870,2038,34218,65.3,97.6,3.4,-1.5,1.08
503889,2041,34218,65.3,97.6,3.4,-1.5,1.08
503889,2046,34218,65.3,97.6,3.4,-1.5,1.08
503889,2048,34218,65.3,97.6,3.4,-1.5,1.08
503902,2033,34219,65.3,97.6,3.3,-1.6,1.08
503902,2027,34219,65.3,97.6,3.3,-1.6,1.08
503902,2038,34219,65.3,97.6,3.3,-1.6,1.08
503921,2031,34219,65.3,97.6,3.3,-1.6,1.08
503922,2025,34219,65.3,97.6,3.3,-1.6,1.08
503922,2026,34219,65.3,97.6,3.3,-1.6,1.08
503936,2043,34220,65.3,97.6,3.3,-1.6,1.08
503936,2069,34220,65.3,97.6,3.3,-1.6,1.08
503936,2062,34220,65.3,97.6,3.3,-1.6,1.08
503955,2043,34220,65.3,97.6,3.2,-1.6,1.07
503957,2051,34220,65.3,97.6,3.2,-1.6,1.07
503958,2060,34220,65.3,97.6,3.2,-1.6,1.07
503958,2034,34220,65.3,97.6,3.2,-1.6,1.07
503971,2038,34220,65.3,97.6,3.2,-1.6,1.07
503971,2058,34220,65.3,97.6,3.2,-1.6,1.07
503971,2044,34220,65.3,97.6,3.2,-1.6,1.07
503989,2044,34221,65.3,97.0,3.2,-1.6,1.07
503989,2049,34221,65.3,97.0,3.2,-1.6,1.07
503989,2044,34221,65.3,97.0,3.2,-1.6,1.07
504002,2016,34221,65.3,97.0,3.2,-1.6,1.08
504002,2039,34221,65.3,97.0,3.2,-1.6,1.08
504002,2037,34221,65.3,97.0,3.2,-1.6,1.08
504021,584,34222,65.3,97.0,3.2,-1.6,1.08
504022,571,34222,65.3,97.0,3.2,-1.6,1.08
504022,509,34222,65.3,97.0,3.2,-1.6,1.08
504035,2759,34223,65.3,97.0,3.2,-1.6,1.08
504036,2774,34223,65.3,97.0,3.2,-1.6,1.08
504036,2910,34223,65.3,97.0,3.2,-1.6,1.08
504053,1836,34223,65.3,97.0,3.2,-1.6,1.08
504054,1805,34223,65.3,97.0,3.2,-1.6,1.08
504054,1654,34223,65.3,97.0,3.2,-1.6,1.08
504067,2036,34224,65.3,97.0,3.2,-1.6,1.08
504068,2156,34224,65.3,97.0,3.2,-1.6,1.08
504068,2274,34224,65.3,97.0,3.2,-1.6,1.08
504088,2121,34225,65.3,97.0,3.2,-1.6,1.08
504090,1985,34225,65.3,97.0,3.2,-1.6,1.08
504090,1925,34225,65.3,97.0,3.2,-1.6,1.08
504090,2030,34225,65.3,97.0,3.2,-1.6,1.08
504103,2162,34226,65.3,97.0,3.2,-1.6,1.08
504104,2140,34226,65.3,97.0,3.2,-1.6,1.08
504104,2009,34226,65.3,97.0,3.2,-1.6,1.08
504122,1933,34227,65.3,97.0,3.2,-1.6,1.07
504122,2024,34227,65.3,97.0,3.2,-1.6,1.07
504123,2136,34227,65.3,97.0,3.2,-1.6,1.07
504136,2113,34228,65.3,97.0,3.2,-1.6,1.07
504137,2001,34228,65.3,97.0,3.2,-1.6,1.07
504137,1948,34228,65.3,97.0,3.2,-1.6,1.07
504153,2037,34228,65.3,97.0,3.2,-1.6,1.07
504154,2130,34228,65.3,97.0,3.2,-1.6,1.07
504154,2111,34228,65.3,97.0,3.2,-1.6,1.07
504167,2003,34229,65.3,97.0,3.2,-1.6,1.09
504168,1969,34229,65.3,97.0,3.2,-1.6,1.09
504168,2035,34229,65.3,97.0,3.2,-1.6,1.09
504188,2115,34229,65.3,97.0,3.2,-1.6,1.09
504190,2107,34229,65.3,97.0,3.2,-1.6,1.09
504190,1991,34229,65.3,97.0,3.2,-1.6,1.09
504190,1944,34229,65.3,97.0,3.2,-1.6,1.09
504203,2029,34229,65.3,97.0,3.2,-1.6,1.09
504204,2128,34229,65.3,97.0,3.2,-1.6,1.09
504204,2085,34229,65.3,97.0,3.2,-1.6,1.09
504221,2027,34229,65.3,97.0,3.2,-1.7,1.08
504222,1982,34229,65.3,97.0,3.2,-1.7,1.08
504222,2044,34229,65.3,97.0,3.2,-1.7,1.08
504236,2113,34229,65.3,97.0,3.2,-1.7,1.08
504236,2091,34229,65.3,97.0,3.2,-1.7,1.08
504236,1978,34229,65.3,97.0,3.2,-1.7,1.08
504254,1976,34229,65.3,97.0,3.2,-1.7,1.08
504255,2029,34229,65.3,97.0,3.2,-1.7,1.08
504255,2104,34229,65.3,97.0,3.2,-1.7,1.08
504267,2093,34229,65.3,97.0,3.2,-1.4,1.06
504268,2012,34229,65.3,97.0,3.2,-1.4,1.06
504268,1986,34229,65.3,97.0,3.2,-1.4,1.06
504288,2034,34229,65.3,97.0,3.2,-1.4,1.06
504289,2086,34229,65.3,97.0,3.2,-1.4,1.06
504290,2090,34229,65.3,97.0,3.2,-1.4,1.06
504290,2001,34229,65.3,97.0,3.2,-1.4,1.06
504303,2001,34229,65.3,97.0,3.2,-1.4,1.06
504303,2038,34229,65.3,97.0,3.2,-1.4,1.06
504304,2112,34229,65.3,97.0,3.2,-1.4,1.06
504321,2047,34229,65.3,97.0,3.3,-1.5,1.08
504322,1995,34229,65.3,97.0,3.3,-1.5,1.08
504322,1963,34229,65.3,97.0,3.3,-1.5,1.08
504336,2036,34230,65.3,97.0,3.3,-1.5,1.08
504336,2082,34230,65.3,97.0,3.3,-1.5,1.08
504336,2081,34230,65.3,97.0,3.3,-1.5,1.08
504354,2032,34230,65.3,97.0,3.3,-1.5,1.08
504355,2001,34230,65.3,97.0,3.3,-1.5,1.08
504355,2042,34230,65.3,97.0,3.3,-1.5,1.08
504368,2082,34231,65.3,97.0,3.3,-1.4,1.07
504368,2076,34231,65.3,97.0,3.3,-1.4,1.07
504368,2030,34231,65.3,97.0,3.3,-1.4,1.07
504387,1201,34231,65.3,97.0,3.3,-1.4,1.07
504388,1340,34231,65.3,97.0,3.3,-1.4,1.07
504388,1390,34231,65.3,97.0,3.3,-1.4,1.07
504401,905,34231,65.3,97.0,3.3,-1.4,1.07
504401,721,34231,65.3,97.0,3.3,-1.4,1.07
504401,654,34231,65.3,97.0,3.3,-1.4,1.07
504422,2820,34232,65.3,97.0,3.4,-1.5,1.07
504424,2428,34232,65.3,96.8,3.4,-1.5,1.07
504425,2371,34232,65.3,96.8,3.4,-1.5,1.07
504426,2303,34232,65.3,96.8,3.4,-1.5,1.07
504439,1927,34233,65.3,96.8,3.4,-1.5,1.07
504440,1914,34233,65.3,96.8,3.4,-1.5,1.07
504440,1901,34233,65.3,96.8,3.4,-1.5,1.07
504457,2065,34233,65.3,96.8,3.4,-1.5,1.07
504457,2080,34233,65.3,96.8,3.4,-1.5,1.07
504457,2067,34233,65.3,96.8,3.4,-1.5,1.07
504470,1966,34233,65.3,96.8,3.2,-1.4,1.08
504470,2007,34233,65.3,96.8,3.2,-1.4,1.08
504471,2055,34233,65.3,96.8,3.2,-1.4,1.08
504487,2085,34233,65.3,96.8,3.2,-1.4,1.08
504488,2070,34233,65.3,96.8,3.2,-1.4,1.08
504488,2020,34233,65.3,96.8,3.2,-1.4,1.08
504500,2006,34234,65.3,96.8,3.2,-1.4,1.08
504501,2040,34234,65.3,96.8,3.2,-1.4,1.08
504501,2074,34234,65.3,96.8,3.2,-1.4,1.08
504521,2052,34234,65.3,96.8,3.2,-1.4,1.08
504523,2006,34234,65.3,96.8,3.2,-1.4,1.08
504524,1990,34234,65.3,96.8,3.2,-1.4,1.08
504524,2033,34234,65.3,96.8,3.2,-1.4,1.08
504537,2067,34234,65.3,96.8,3.1,-1.4,1.07
504537,2070,34234,65.3,96.8,3.1,-1.4,1.07
504537,2038,34234,65.3,96.8,3.1,-1.4,1.07
504555,2013,34234,65.3,96.8,3.1,-1.4,1.07
504556,2050,34234,65.3,96.8,3.1,-1.4,1.07
504556,2075,34234,65.3,96.8,3.1,-1.4,1.07
504569,2061,34234,65.3,96.8,3.1,-1.4,1.07
504569,2029,34234,65.3,96.8,3.1,-1.4,1.07
504569,2024,34234,65.3,96.8,3.1,-1.4,1.07
504588,2053,34235,65.3,96.8,3.2,-1.4,1.07
504589,2069,34235,65.3,96.8,3.2,-1.4,1.07
504589,2066,34235,65.3,96.8,3.2,-1.4,1.07
504601,2028,34235,65.3,96.8,3.2,-1.4,1.07
504602,2022,34235,65.3,96.8,3.2,-1.4,1.07
504602,2044,34235,65.3,96.8,3.2,-1.4,1.07
504621,2055,34235,65.3,96.8,3.2,-1.4,1.07
504624,2040,34235,65.3,96.8,3.2,-1.4,1.07
504624,2018,34235,65.3,96.8,3.2,-1.4,1.07
504624,2008,34235,65.3,96.8,3.2,-1.4,1.07
504637,2064,34235,65.3,96.8,3.3,-1.5,1.09
504638,2092,34235,65.3,96.8,3.3,-1.5,1.09
504638,2079,34235,65.3,96.8,3.3,-1.5,1.09
504658,2029,34236,65.3,96.8,3.3,-1.5,1.09
504658,2017,34236,65.3,96.8,3.3,-1.5,1.09
504658,2038,34236,65.3,96.8,3.3,-1.5,1.09
504671,2066,34236,65.3,96.8,3.3,-1.5,1.09
504671,2056,34236,65.3,96.8,3.3,-1.5,1.09
504671,2036,34236,65.3,96.8,3.3,-1.5,1.09
504690,2029,34236,65.3,96.8,3.3,-1.6,1.09
504691,2052,34236,65.3,96.8,3.3,-1.6,1.09
504691,2060,34236,65.3,96.8,3.3,-1.6,1.09
504704,2044,34237,65.3,96.8,3.3,-1.6,1.09
504705,2032,34237,65.3,96.8,3.3,-1.6,1.09
504705,2023,34237,65.3,96.8,3.3,-1.6,1.09
504723,2056,34237,65.3,96.8,3.3,-1.6,1.09
504724,2065,34237,65.3,96.8,3.3,-1.6,1.09
504724,2058,34237,65.3,96.8,3.3,-1.6,1.09
504737,2031,34237,65.3,96.8,3.3,-1.6,1.14
504737,2028,34237,65.3,96.8,3.3,-1.6,1.14
504737,2049,34237,65.3,96.8,3.3,-1.6,1.14
504756,2048,34237,65.3,96.8,3.3,-1.6,1.14
504757,2064,34237,65.3,96.8,3.3,-1.6,1.14
504759,2067,34237,65.3,96.8,3.3,-1.6,1.14
504760,2065,34237,65.3,96.8,3.3,-1.6,1.14
504774,2071,34237,65.3,96.8,3.3,-1.6,1.14
504774,2051,34237,65.3,96.8,3.3,-1.6,1.14
504774,2029,34237,65.3,96.8,3.3,-1.6,1.14
504791,2040,34236,65.3,96.8,3.4,-1.5,1.08
504791,2044,34236,65.3,96.8,3.4,-1.5,1.08
504792,2050,34236,65.3,96.8,3.4,-1.5,1.08
504805,2046,34235,65.3,96.8,3.4,-1.5,1.08
504806,2042,34235,65.3,96.8,3.4,-1.5,1.08
504806,2044,34235,65.3,96.8,3.4,-1.5,1.08
504824,1989,34234,65.3,96.8,3.4,-1.5,1.08
504825,2047,34234,65.3,96.8,3.4,-1.5,1.08
504825,2054,34234,65.3,96.8,3.4,-1.5,1.08
504838,2079,34233,65.3,96.8,3.3,-1.2,1.09
504838,2039,34233,65.3,96.8,3.3,-1.2,1.09
504838,2064,34233,65.3,96.8,3.3,-1.2,1.09
504857,2043,34232,65.3,96.8,3.3,-1.2,1.09
504859,2044,34232,65.3,96.8,3.3,-1.2,1.09
504859,2052,34232,65.3,96.8,3.3,-1.2,1.09
504859,2039,34232,65.3,96.8,3.3,-1.2,1.09
504873,2038,34231,65.3,96.8,3.3,-1.2,1.09
504874,2036,34231,65.3,96.8,3.3,-1.2,1.09
504874,2052,34231,65.3,96.8,3.3,-1.2,1.09
504875,2043,34231,65.3,96.8,3.3,-1.2,1.09
504893,2025,34230,65.3,96.8,3.1,-1.2,1.09
504893,2024,34230,65.3,96.8,3.1,-1.2,1.09
504893,2049,34230,65.3,96.8,3.1,-1.2,1.09
504906,2052,34230,65.3,96.8,3.1,-1.2,1.09
504907,2048,34230,65.3,96.8,3.1,-1.2,1.09
504907,2043,34230,65.3,96.8,3.1,-1.2,1.09
504925,2033,34229,65.3,96.8,3.1,-1.2,1.09
504926,2044,34229,65.3,96.8,3.1,-1.2,1.09
504926,2053,34229,65.3,96.8,3.1,-1.2,1.09
504939,1135,34228,65.3,96.8,3.1,-1.5,1.11
504939,736,34228,65.3,96.8,3.1,-1.5,1.11
504939,579,34228,65.3,96.8,3.1,-1.5,1.11
504959,3070,34228,91.9,96.8,3.1,-1.5,1.11
504961,3090,34227,91.9,96.8,3.1,-1.5,1.11
504962,3161,34227,91.9,96.8,3.1,-1.5,1.11
504962,3222,34227,91.9,96.8,3.1,-1.5,1.11
504974,1641,34227,91.9,96.8,3.1,-1.5,1.11
504975,1542,34227,91.9,96.8,3.1,-1.5,1.11
504975,1466,34227,91.9,96.8,3.1,-1.5,1.11
504993,2124,34226,91.9,96.8,3.3,-1.4,1.08
504994,2200,34226,91.9,96.8,3.3,-1.4,1.08
504995,2210,34226,91.9,96.8,3.3,-1.4,1.08
504996,2103,34226,91.9,96.8,3.3,-1.4,1.08
505009,1960,34226,91.9,96.8,3.3,-1.4,1.08
505009,1975,34226,91.9,96.8,3.3,-1.4,1.08
505010,2049,34226,91.9,96.8,3.3,-1.4,1.08
505026,2110,34225,91.9,96.8,3.3,-1.4,1.08
505027,2046,34225,91.9,96.8,3.3,-1.4,1.08
505027,1983,34225,91.9,96.8,3.3,-1.4,1.08
505040,2039,34225,91.9,96.8,3.6,-1.7,1.05
505040,2166,34225,91.9,96.8,3.6,-1.7,1.05
505041,2191,34225,91.9,96.8,3.6,-1.7,1.05
505059,2046,34224,91.9,96.8,3.6,-1.7,1.05
505060,1991,34224,91.9,96.8,3.6,-1.7,1.05
505060,2008,34224,91.9,96.8,3.6,-1.7,1.05
505073,2090,34223,91.9,96.8,3.6,-1.7,1.05
505074,2102,34223,91.9,96.8,3.6,-1.7,1.05
505074,2056,34223,91.9,96.8,3.6,-1.7,1.05
505093,1991,34222,91.9,96.8,3.5,-1.8,1.08
505093,1999,34222,91.9,96.8,3.5,-1.8,1.08
505093,2061,34222,91.9,96.8,3.5,-1.8,1.08
505106,2795,34221,91.9,96.8,3.5,-1.8,1.08
505107,2691,34221,91.9,96.8,3.5,-1.8,1.08
505107,2648,34221,91.9,96.8,3.5,-1.8,1.08
505126,2051,34220,91.9,96.8,3.5,-1.8,1.08
505126,2116,34220,91.9,96.8,3.5,-1.8,1.08
505126,2113,34220,91.9,96.8,3.5,-1.8,1.08
505139,2214,34219,91.9,96.8,3.4,-1.9,1.08
505139,2231,34219,91.9,96.8,3.4,-1.9,1.08
505139,2290,34219,91.9,96.8,3.4,-1.9,1.08
505158,2042,34218,91.9,96.8,3.4,-1.9,1.08
505161,2064,34217,91.9,96.8,3.4,-1.9,1.08
505161,1998,34217,91.9,96.8,3.4,-1.9,1.08
505162,1994,34217,91.9,96.8,3.4,-1.9,1.08
505174,2071,34217,91.9,96.8,3.4,-1.9,1.08
505175,2107,34217,91.9,96.8,3.4,-1.9,1.08
505175,2088,34217,91.9,96.8,3.4,-1.9,1.08
505193,2012,34215,91.9,96.8,3.4,-1.6,1.07
505194,1998,34215,91.9,96.8,3.4,-1.6,1.07
505194,2013,34215,91.9,96.8,3.4,-1.6,1.07
505206,2100,34215,91.9,96.8,3.4,-1.6,1.07
505207,2082,34215,91.9,96.8,3.4,-1.6,1.07
505207,2029,34215,91.9,96.8,3.4,-1.6,1.07
505226,2036,34213,91.9,96.8,3.4,-1.6,1.07
505226,2082,34213,91.9,96.8,3.4,-1.6,1.07
505226,2126,34213,91.9,96.8,3.4,-1.6,1.07
505239,2077,34213,91.9,96.8,3.5,-1.4,1.07
505240,2026,34213,91.9,96.8,3.5,-1.4,1.07
505240,2000,34213,91.9,96.8,3.5,-1.4,1.07
505259,2066,34212,91.9,96.8,3.5,-1.4,1.07
505259,2101,34212,91.9,96.8,3.5,-1.4,1.07
505259,2091,34212,91.9,96.8,3.5,-1.4,1.07
505273,2026,34211,91.9,96.8,3.5,-1.4,1.07
505273,2003,34211,91.9,96.8,3.5,-1.4,1.07
505274,2027,34211,91.9,96.8,3.5,-1.4,1.07
505291,2079,34211,91.9,96.8,3.5,-1.4,1.07
505292,2088,34211,91.9,96.8,3.5,-1.4,1.07
505292,2016,34211,91.9,96.8,3.5,-1.4,1.07
505304,2033,34211,91.9,96.8,3.2,-1.6,1.10
505305,2059,34211,91.9,96.8,3.2,-1.6,1.10
505305,2098,34211,91.9,96.8,3.2,-1.6,1.10
505325,2078,34211,91.9,96.8,3.2,-1.6,1.10
505326,2035,34211,91.9,96.8,3.2,-1.6,1.10
505327,2017,34211,91.9,96.8,3.2,-1.6,1.10
505327,2048,34211,91.9,96.8,3.2,-1.6,1.10
505341,2592,34211,91.9,96.8,3.2,-1.6,1.10
505341,2609,34211,91.9,96.8,3.2,-1.6,1.10
505341,2601,34211,91.9,96.8,3.2,-1.6,1.10
505359,1860,34211,91.9,96.8,3.2,-1.7,1.08
505359,1889,34211,91.9,96.8,3.2,-1.7,1.08
505359,1886,34211,91.9,96.8,3.2,-1.7,1.08
505373,2081,34210,91.9,96.8,3.2,-1.7,1.08
505373,2075,34210,91.9,96.8,3.2,-1.7,1.08
505373,2113,34210,91.9,96.8,3.2,-1.7,1.08
505392,2071,34209,91.9,96.8,3.2,-1.7,1.08
505393,2064,34209,91.9,96.8,3.2,-1.7,1.08
505393,2013,34209,91.9,96.8,3.2,-1.7,1.08
505405,2090,34208,91.9,96.8,3.3,-1.7,1.07
505406,2101,34208,91.9,96.8,3.3,-1.7,1.07
505406,2159,34208,91.9,96.8,3.3,-1.7,1.07
505425,2134,34207,91.9,96.8,3.3,-1.7,1.07
505427,2078,34207,91.9,96.8,3.3,-1.7,1.07
505427,2059,34207,91.9,96.8,3.3,-1.7,1.07
505428,2087,34207,91.9,96.8,3.3,-1.7,1.07
505441,2096,34206,91.9,96.8,3.3,-1.7,1.07
505442,2096,34206,91.9,96.8,3.3,-1.7,1.07
505442,2033,34206,91.9,96.8,3.3,-1.7,1.07
505459,2019,34206,91.9,96.8,3.3,-1.7,1.09
505459,2063,34206,91.9,96.8,3.3,-1.7,1.09
505460,2099,34206,91.9,96.8,3.3,-1.7,1.09
505460,2052,34206,91.9,96.8,3.3,-1.7,1.09
505474,2019,34205,91.9,96.8,3.3,-1.7,1.09
505475,1998,34205,91.9,96.8,3.3,-1.7,1.09
505475,2023,34205,91.9,96.8,3.3,-1.7,1.09
505493,2051,34205,91.9,96.8,3.3,-1.7,1.09
505493,2028,34205,91.9,96.8,3.3,-1.7,1.09
505493,2003,34205,91.9,96.8,3.3,-1.7,1.09
505506,2010,34205,91.9,96.8,3.2,-1.6,1.08
505506,2038,34205,91.9,96.8,3.2,-1.6,1.08
505506,2057,34205,91.9,96.8,3.2,-1.6,1.08
505525,2077,34205,91.9,96.8,3.2,-1.6,1.08
505526,2052,34205,91.9,96.8,3.2,-1.6,1.08
505526,2042,34205,91.9,96.8,3.2,-1.6,1.08
505538,2016,34205,91.9,96.8,3.2,-1.6,1.08
505539,2041,34205,91.9,96.8,3.2,-1.6,1.08
505539,2057,34205,91.9,96.8,3.2,-1.6,1.08
505558,2031,34204,91.9,96.8,3.1,-1.4,1.07
505561,2037,34204,91.9,96.8,3.1,-1.4,1.07
505561,2031,34204,91.9,96.8,3.1,-1.4,1.07
505562,2054,34204,91.9,96.8,3.1,-1.4,1.07
505575,2029,34205,91.9,96.8,3.1,-1.4,1.07
505576,2028,34205,91.9,96.8,3.1,-1.4,1.07
505577,2024,34205,91.9,96.8,3.1,-1.4,1.07
505577,2027,34205,91.9,96.8,3.1,-1.4,1.07
505594,2060,34205,91.9,96.8,3.1,-1.4,1.07
505595,2060,34205,91.9,96.8,3.1,-1.4,1.07
505595,2034,34205,91.9,96.8,3.1,-1.4,1.07
505607,2020,34205,91.9,96.8,3.2,-1.5,1.07
505608,2039,34205,91.9,96.8,3.2,-1.5,1.07
505608,2060,34205,91.9,96.8,3.2,-1.5,1.07
505626,2047,34205,91.9,96.8,3.2,-1.5,1.07
505627,2031,34205,91.9,96.8,3.2,-1.5,1.07
505627,2018,34205,91.9,96.8,3.2,-1.5,1.07
505640,2047,34205,91.9,96.8,3.2,-1.5,1.07
505641,2043,34205,91.9,96.8,3.2,-1.5,1.07
505641,2032,34205,91.9,96.8,3.2,-1.5,1.07
505660,2026,34205,91.9,96.8,3.3,-1.5,1.07
505660,2016,34205,91.9,96.8,3.3,-1.5,1.07
505660,2029,34205,91.9,96.8,3.3,-1.5,1.07
505673,2064,34205,91.9,96.8,3.3,-1.5,1.07
505673,2059,34205,91.9,96.8,3.3,-1.5,1.07
505674,2040,34205,91.9,96.8,3.3,-1.5,1.07
505675,2031,34205,91.9,96.8,3.3,-1.5,1.07
