timestamp_ms,sample_seq,ecg_raw,ecg_cleaned,ppg_dc_ir,ecg_bpm,spo2_pct,pitch_deg,roll_deg,motion_g,signal_quality
1790977966056,1,1978.5,-163.4962616978063,31951.806988148084,72.0,98.0,1.5,-0.8,0.98,GOOD
1790977966056,2,2043.8,-178.38808520902282,31951.582171129,72.0,98.0,1.5,-0.8,0.98,GOOD
1790977966056,3,2041.1,-149.61225565497472,32021.384526814003,72.0,98.0,1.5,-0.8,0.98,GOOD
1790977966056,4,2042.9,-93.85450404281285,31987.021746911232,72.0,98.0,1.5,-0.8,0.98,GOOD
1790977966056,5,2054.2,-38.31496464094268,32036.834219182023,72.0,98.0,1.5,-0.8,0.98,GOOD
1790977966056,6,2054.3,-3.3541675329682503,31992.27148925845,72.0,98.0,1.5,-0.8,0.98,GOOD
1790977966056,7,2061.2,4.628835105126953,31996.604094913524,72.0,98.0,1.5,-0.8,0.98,GOOD
1790977966056,8,2055.6,-5.520225312818646,31985.89306546937,72.0,98.0,1.5,-0.8,0.98,GOOD
1790977966056,9,2046.5,-16.782271389581595,31969.45018378063,72.0,98.0,1.5,-0.8,0.98,GOOD
1790977966056,10,2035.3,-19.06852119030452,32046.09138764984,72.0,98.0,1.5,-0.8,0.98,GOOD
1790977966056,11,2062.6,-15.544000255534042,32030.815183690775,72.0,98.0,1.5,-0.8,0.98,GOOD
1790977966056,12,2051.4,-13.88761012034438,32016.344111627473,72.0,98.0,1.5,-0.8,0.98,GOOD
1790977966056,13,2054.6,-16.42649429077649,31973.757946747475,72.0,98.0,1.5,-0.8,0.98,GOOD
1790977966056,14,2049.7,-18.367131940164903,32016.900721242568,72.0,98.0,1.5,-0.8,0.98,GOOD
1790977966056,15,2049.8,-14.628118980373376,31982.670795996313,72.0,98.0,1.5,-0.8,0.98,GOOD
1790977966056,16,2033.2,-8.73779755724384,32017.523716941032,72.0,98.0,1.5,-0.8,0.98,GOOD
1790977966056,17,2034.0,-9.936663392140645,31951.60567630267,72.0,98.0,1.5,-0.8,0.98,GOOD
1790977966056,18,2052.5,-19.42444397693866,31978.85254133888,72.0,98.0,1.5,-0.8,0.98,GOOD
1790977966056,19,2070.6,-25.806551997640454,31998.48449962503,72.0,98.0,1.5,-0.8,0.98,GOOD
1790977966056,20,2094.5,-17.86972542111073,31977.825824626583,72.0,98.0,1.5,-0.8,0.98,GOOD
1790977966056,21,2118.3,3.409983129867823,32046.895742376597,72.0,98.0,1.5,-0.8,0.98,GOOD
1790977966056,22,2141.6,28.48714899191977,31982.30333270089,72.0,98.0,1.5,-0.8,0.98,GOOD
1790977966056,23,2164.4,50.85602824635002,31959.92888302637,72.0,98.0,1.5,-0.8,0.98,GOOD
1790977966056,24,2186.5,71.93499962938527,32033.10444236833,72.0,98.0,1.5,-0.8,0.98,GOOD
1790977966056,25,2207.8,95.28209374154075,31991.289502576812,72.0,98.0,1.5,-0.8,0.98,GOOD
1790977971220,26,2359.9,124.84527907690162,32021.818668427837,72.0,98.0,1.5,-0.8,0.96,GOOD
1790977971220,27,2353.7,166.44815389954584,31987.094128871395,72.0,98.0,1.5,-0.8,0.96,GOOD
1790977971220,28,2345.7,215.70842627784015,31999.7778876179,72.0,98.0,1.5,-0.8,0.96,GOOD
1790977971220,29,2336.0,256.2014869852849,32027.763535911152,72.0,98.0,1.5,-0.8,0.96,GOOD
1790977971220,30,2324.7,276.71517177437454,32023.34340444778,72.0,98.0,1.5,-0.8,0.96,GOOD
1790977971220,31,2311.8,275.567940315718,31958.38659472329,72.0,98.0,1.5,-0.8,0.96,GOOD
1790977971220,32,2297.4,255.60547207727083,32043.599451592047,72.0,98.0,1.5,-0.8,0.96,GOOD
1790977971220,33,2281.6,225.2332140822569,31954.629027201194,72.0,98.0,1.5,-0.8,0.96,GOOD
1790977971220,34,2264.4,196.90137074470042,32048.793207603372,72.0,98.0,1.5,-0.8,0.96,GOOD
1790977971220,35,2246.1,178.18979582577163,32045.06050806513,72.0,98.0,1.5,-0.8,0.96,GOOD
1790977971220,36,2226.6,165.3553464201455,31977.767163999495,72.0,98.0,1.5,-0.8,0.96,GOOD
1790977971220,37,2206.1,148.80985536653097,32011.37266596473,72.0,98.0,1.5,-0.8,0.96,GOOD
1790977971220,38,2184.6,124.59660985731617,31952.106329331196,72.0,98.0,1.5,-0.8,0.96,GOOD
1790977971220,39,2162.5,97.87768143623866,31982.010376813574,72.0,98.0,1.5,-0.8,0.96,GOOD
1790977971220,40,2139.6,75.04156336008802,32013.028638562144,72.0,98.0,1.5,-0.8,0.96,GOOD
1790977971220,41,2116.3,55.55978080620008,31990.515967050334,72.0,98.0,1.5,-0.8,0.96,GOOD
1790977971220,42,2092.5,33.863999592694384,31981.151900039367,72.0,98.0,1.5,-0.8,0.96,GOOD
1790977971220,43,2068.5,7.545390650475754,32016.00375363601,72.0,98.0,1.5,-0.8,0.96,GOOD
1790977971220,44,2053.5,-19.193585031845554,31980.180945812153,72.0,98.0,1.5,-0.8,0.96,GOOD
1790977971220,45,2051.9,-40.06896527051749,32036.553279238196,72.0,98.0,1.5,-0.8,0.96,GOOD
1790977971220,46,2033.1,-53.47426178943917,31996.227160950966,72.0,98.0,1.5,-0.8,0.96,GOOD
1790977971220,47,2045.9,-62.93998622171084,32038.111662443538,72.0,98.0,1.5,-0.8,0.96,GOOD
1790977971220,48,2056.7,-69.66425069978294,32016.339410442426,72.0,98.0,1.5,-0.8,0.96,GOOD
1790977971220,49,2047.4,-70.47009593197184,32044.811736528598,72.0,98.0,1.5,-0.8,0.96,GOOD
1790977971220,50,2046.3,-65.11091477197076,31966.264617126402,72.0,98.0,1.5,-0.8,0.96,GOOD
1790977976381,51,2053.2,-58.22983168740902,32002.608133221656,72.0,98.0,1.5,-0.8,0.99,GOOD
1790977976381,52,2033.8,-54.84247436509624,32034.701006156683,72.0,98.0,1.5,-0.8,0.99,GOOD
1790977976381,53,2041.5,-57.12838376414907,32031.933977416225,72.0,98.0,1.5,-0.8,0.99,GOOD
1790977976381,54,2036.6,-62.427278969714045,32013.710424482524,72.0,98.0,1.5,-0.8,0.99,GOOD
1790977976381,55,2047.1,-65.48743254852317,32048.39580497011,72.0,98.0,1.5,-0.8,0.99,GOOD
1790977976381,56,2053.7,-63.65871527471365,31996.390453144086,72.0,98.0,1.5,-0.8,0.99,GOOD
1790977976381,57,2036.5,-58.989630221601985,31995.612263640563,72.0,98.0,1.5,-0.8,0.99,GOOD
1790977976381,58,2052.3,-55.48284523683282,32027.22150102507,72.0,98.0,1.5,-0.8,0.99,GOOD
1790977976381,59,2034.0,-54.32842634369665,32012.33484437791,72.0,98.0,1.5,-0.8,0.99,GOOD
1790977976381,60,2033.2,-54.79200037122343,32025.77612053448,72.0,98.0,1.5,-0.8,0.99,GOOD
1790977976381,61,2049.5,-56.24733844945193,32016.611660929062,72.0,98.0,1.5,-0.8,0.99,GOOD
1790977976381,62,2040.9,-57.00959259149465,31956.222392725023,72.0,98.0,1.5,-0.8,0.99,GOOD
1790977976381,63,2034.4,-56.51749918329881,32030.905324030355,72.0,98.0,1.5,-0.8,0.99,GOOD
1790977976381,64,2054.5,-55.35385762991033,32003.046224730675,72.0,98.0,1.5,-0.8,0.99,GOOD
1790977976381,65,2033.4,-52.97496342458337,32026.896731070272,72.0,98.0,1.5,-0.8,0.99,GOOD
1790977976381,66,2059.2,-49.644142800334485,32036.266882879732,72.0,98.0,1.5,-0.8,0.99,GOOD
1790977976381,67,2034.5,-46.74562663652594,32019.30798690561,72.0,98.0,1.5,-0.8,0.99,GOOD
1790977976381,68,2060.2,-44.90829695585025,31971.67125882799,72.0,98.0,1.5,-0.8,0.99,GOOD
1790977976381,69,2055.9,-42.861469865219604,31962.453347595405,72.0,98.0,1.5,-0.8,0.99,GOOD
1790977976381,70,2054.8,-39.14971647571117,32018.08679966867,72.0,98.0,1.5,-0.8,0.99,GOOD
1790977976381,71,2043.2,-35.458349342072125,32035.892724484598,72.0,98.0,1.5,-0.8,0.99,GOOD
1790977976381,72,2058.1,-34.09782335515986,31986.167682404262,72.0,98.0,1.5,-0.8,0.99,GOOD
1790977976381,73,2052.7,-34.23595693021504,32043.95713470818,72.0,98.0,1.5,-0.8,0.99,GOOD
1790977976381,74,2054.1,-34.12385591352189,31951.17349009104,72.0,98.0,1.5,-0.8,0.99,GOOD
1790977976381,75,2050.0,-33.68768342644445,32027.06207083518,72.0,98.0,1.5,-0.8,0.99,GOOD
1790977981544,76,2042.1,-33.69293612441861,32019.624231411115,72.0,98.0,1.5,-0.8,1.0,GOOD
1790977981544,77,2053.8,-34.28821151951361,32043.113950542232,72.0,98.0,1.5,-0.8,1.0,GOOD
1790977981544,78,2049.3,-34.5570438439865,31969.038098930127,72.0,98.0,1.5,-0.8,1.0,GOOD
1790977981544,79,2039.6,-34.52282302608013,31990.24259602915,72.0,98.0,1.5,-0.8,1.0,GOOD
1790977981544,80,2043.7,-35.578245751964765,31952.006915642796,72.0,98.0,1.5,-0.8,1.0,GOOD
1790977981544,81,2060.2,-36.647258612022675,32008.273660259467,72.0,98.0,1.5,-0.8,1.0,GOOD
1790977981544,82,2045.8,-34.9440355744955,32001.57980402106,72.0,98.0,1.5,-0.8,1.0,GOOD
1790977981544,83,2053.9,-31.144055179874247,31956.319735783225,72.0,98.0,1.5,-0.8,1.0,GOOD
1790977981544,84,2039.6,-28.591909800204785,31970.78863742716,72.0,98.0,1.5,-0.8,1.0,GOOD
1790977981544,85,2047.9,-28.927211373514968,32007.134620058958,72.0,98.0,1.5,-0.8,1.0,GOOD
1790977981544,86,2038.8,-31.019765133835758,32011.04808538201,72.0,98.0,1.5,-0.8,1.0,GOOD
1790977981544,87,2042.6,-33.01297201890757,31969.537181649484,72.0,98.0,1.5,-0.8,1.0,GOOD
1790977981544,88,2046.5,-33.9585447402535,31991.89218080036,72.0,98.0,1.5,-0.8,1.0,GOOD
1790977981544,89,2036.4,-33.93351565531691,31959.688068535273,72.0,98.0,1.5,-0.8,1.0,GOOD
1790977981544,90,2051.1,-33.466364116852304,32047.1629979323,72.0,98.0,1.5,-0.8,1.0,GOOD
1790977981544,91,2047.4,-31.989651837880483,31953.373965842187,72.0,98.0,1.5,-0.8,1.0,GOOD
1790977981544,92,2044.2,-29.052834296031428,31955.17111929698,72.0,98.0,1.5,-0.8,1.0,GOOD
1790977981544,93,2054.7,-25.9048704839452,31981.45499813063,72.0,98.0,1.5,-0.8,1.0,GOOD
1790977981544,94,2062.9,-22.944712483703107,31971.457476466712,72.0,98.0,1.5,-0.8,1.0,GOOD
1790977981544,95,2035.3,-20.219440968387442,32039.921948300125,72.0,98.0,1.5,-0.8,1.0,GOOD
1790977981544,96,2037.5,-19.96270458097534,31961.072569481516,72.0,98.0,1.5,-0.8,1.0,GOOD
1790977981544,97,2046.4,-22.82129604746219,32017.517060370574,72.0,98.0,1.5,-0.8,1.0,GOOD
1790977981544,98,2048.9,-25.596737105033142,31972.419123562024,72.0,98.0,1.5,-0.8,1.0,GOOD
1790977981544,99,2045.6,-26.13197775924147,31977.558769031086,72.0,98.0,1.5,-0.8,1.0,GOOD
1790977981544,100,2056.4,-24.818414028713583,31954.182454344253,72.0,98.0,1.5,-0.8,1.0,GOOD
1790977986705,101,2051.6,-21.6791183988931,31995.489924743102,72.0,98.0,1.5,-0.8,0.97,GOOD
1790977986705,102,2054.8,-16.954480731095416,32028.011345060626,72.0,98.0,1.5,-0.8,0.97,GOOD
1790977986705,103,2050.0,-12.750873504092402,32039.573173033317,72.0,98.0,1.5,-0.8,0.97,GOOD
1790977986705,104,2036.8,-11.9847702260276,31951.241082833872,72.0,98.0,1.5,-0.8,0.97,GOOD
1790977986705,105,2040.0,-15.793958928327546,32005.64505300708,72.0,98.0,1.5,-0.8,0.97,GOOD
1790977986705,106,2057.5,-20.78763566756824,31972.162438512594,72.0,98.0,1.5,-0.8,0.97,GOOD
1790977986705,107,2043.7,-21.946140655668515,31995.020482035416,72.0,98.0,1.5,-0.8,0.97,GOOD
1790977986705,108,2052.1,-19.113491347850637,31983.748365251806,72.0,98.0,1.5,-0.8,0.97,GOOD
1790977986705,109,2085.8,-14.278070712111077,32045.4918966547,72.0,98.0,1.5,-0.8,0.97,GOOD
1790977986705,110,2118.1,-4.83873308281221,32023.04107035481,72.0,98.0,1.5,-0.8,0.97,GOOD
1790977986705,111,2147.9,13.521211283400618,32026.4574904289,72.0,98.0,1.5,-0.8,0.97,GOOD
1790977986705,112,2174.2,40.706174870955095,32000.204201091256,72.0,98.0,1.5,-0.8,0.97,GOOD
1790977986705,113,2196.0,72.09579177153866,31976.550017280526,72.0,98.0,1.5,-0.8,0.97,GOOD
1790977986705,114,2212.6,101.81355887370555,32009.360485834215,72.0,98.0,1.5,-0.8,0.97,GOOD
1790977986705,115,2223.3,125.48016815840458,31979.64585047939,72.0,98.0,1.5,-0.8,0.97,GOOD
1790977986705,116,2227.9,141.42874067174682,32008.38993887062,72.0,98.0,1.5,-0.8,0.97,GOOD
1790977986705,117,2226.0,150.20436089240548,31998.391510057998,72.0,98.0,1.5,-0.8,0.97,GOOD
1790977986705,118,2217.9,152.92579824901367,32027.146031030858,72.0,98.0,1.5,-0.8,0.97,GOOD
1790977986705,119,2203.7,149.93290333692005,31962.822275305913,72.0,98.0,1.5,-0.8,0.97,GOOD
1790977986705,120,2184.0,140.82834912740753,31953.365513431898,72.0,98.0,1.5,-0.8,0.97,GOOD
1790977986705,121,2159.5,125.50764245591473,31984.90667413719,72.0,98.0,1.5,-0.8,0.97,GOOD
1790977986705,122,2131.1,104.76925513007654,32022.89161006222,72.0,98.0,1.5,-0.8,0.97,GOOD
1790977986705,123,2099.7,79.81695024578015,31953.678165310972,72.0,98.0,1.5,-0.8,0.97,GOOD
1790977986705,124,2066.5,51.47409667586255,31967.22390063468,72.0,98.0,1.5,-0.8,0.97,GOOD
1790977986705,125,2035.0,20.321892548180767,31963.053312137035,72.0,98.0,1.5,-0.8,0.97,GOOD
1790977991869,126,1936.7,-15.095994064188561,32036.22632821413,72.0,98.0,1.5,-0.8,0.99,GOOD
1790977991869,127,1790.6,-63.36923696191367,31995.796070576278,72.0,98.0,1.5,-0.8,0.99,GOOD
1790977991869,128,1708.2,-135.49820477801217,31953.065350395264,72.0,98.0,1.5,-0.8,0.99,GOOD
1790977991869,129,1709.8,-226.58773601985848,32028.670556504396,72.0,98.0,1.5,-0.8,0.99,GOOD
1790977991869,130,1795.1,-308.1589666628887,31982.35729317016,72.0,98.0,1.5,-0.8,0.99,GOOD
1790977991869,131,1943.0,-342.41873127001674,32045.403354249687,72.0,98.0,1.5,-0.8,0.99,GOOD
1790977991869,132,2038.6,-305.50962887686455,31959.87523786036,72.0,98.0,1.5,-0.8,0.99,GOOD
1790977991869,133,2060.4,-207.2203436203758,32049.20531091176,72.0,98.0,1.5,-0.8,0.99,GOOD
1790977991869,134,2043.6,-90.52388887049887,32027.97889058365,72.0,98.0,1.5,-0.8,0.99,GOOD
1790977991869,135,2036.9,-4.099782926498652,32028.622169895083,72.0,98.0,1.5,-0.8,0.99,GOOD
1790977991869,136,2034.0,28.59823669374795,31964.24028980056,72.0,98.0,1.5,-0.8,0.99,GOOD
1790977991869,137,2056.5,18.275373062967223,31964.878071652663,72.0,98.0,1.5,-0.8,0.99,GOOD
1790977991869,138,2061.1,-4.891410077853171,32042.43611971397,72.0,98.0,1.5,-0.8,0.99,GOOD
1790977991869,139,2049.9,-16.291580964535783,31970.17540663168,72.0,98.0,1.5,-0.8,0.99,GOOD
1790977991869,140,2056.0,-11.84340618346198,31995.21402612795,72.0,98.0,1.5,-0.8,0.99,GOOD
1790977991869,141,2060.0,-1.629058004188411,31962.629300676046,72.0,98.0,1.5,-0.8,0.99,GOOD
1790977991869,142,2057.2,4.5449079691191505,32016.987459864078,72.0,98.0,1.5,-0.8,0.99,GOOD
1790977991869,143,2055.4,4.557164202065764,31997.724446591503,72.0,98.0,1.5,-0.8,0.99,GOOD
1790977991869,144,2054.6,2.684312378576425,31984.256076991536,72.0,98.0,1.5,-0.8,0.99,GOOD
1790977991869,145,2060.0,3.155693128155523,32028.254349421335,72.0,98.0,1.5,-0.8,0.99,GOOD
1790977991869,146,2048.0,4.976155182631534,32004.455345229617,72.0,98.0,1.5,-0.8,0.99,GOOD
1790977991869,147,2055.1,4.098965141386856,31953.576620434502,72.0,98.0,1.5,-0.8,0.99,GOOD
1790977991869,148,2035.2,-0.37811161983172176,32049.862558542478,72.0,98.0,1.5,-0.8,0.99,GOOD
1790977991869,149,2065.5,-4.490402861923858,31982.013746511155,72.0,98.0,1.5,-0.8,0.99,GOOD
1790977991869,150,2089.6,-2.263557238383988,32003.2846841155,72.0,98.0,1.5,-0.8,0.99,GOOD
1790977997032,151,2363.7,19.119168950362056,32011.68492446371,72.0,98.0,1.5,-0.8,1.03,GOOD
1790977997032,152,2366.7,78.40454499429671,31965.872506705226,72.0,98.0,1.5,-0.8,1.03,GOOD
1790977997032,153,2368.0,170.6889912042437,31996.095003443275,72.0,98.0,1.5,-0.8,1.03,GOOD
1790977997032,154,2367.4,260.58620621285775,31959.124901815227,72.0,98.0,1.5,-0.8,1.03,GOOD
1790977997032,155,2365.0,318.1467597351884,32033.246316523237,72.0,98.0,1.5,-0.8,1.03,GOOD
1790977997032,156,2360.8,335.3503391649535,31963.849704736956,72.0,98.0,1.5,-0.8,1.03,GOOD
1790977997032,157,2354.9,319.0247674582969,31952.110715520943,72.0,98.0,1.5,-0.8,1.03,GOOD
1790977997032,158,2347.2,286.8683538423617,32013.052871961125,72.0,98.0,1.5,-0.8,1.03,GOOD
1790977997032,159,2337.8,259.9452436665227,32009.477865733537,72.0,98.0,1.5,-0.8,1.03,GOOD
1790977997032,160,2326.7,248.59251590140974,32000.82339428469,72.0,98.0,1.5,-0.8,1.03,GOOD
1790977997032,161,2314.1,245.53082145176003,31974.597725562595,72.0,98.0,1.5,-0.8,1.03,GOOD
1790977997032,162,2299.9,236.33954490514066,31951.02659604799,72.0,98.0,1.5,-0.8,1.03,GOOD
1790977997032,163,2284.4,216.13212907731392,31975.004723402515,72.0,98.0,1.5,-0.8,1.03,GOOD
1790977997032,164,2267.4,192.89932950832934,31983.7495891758,72.0,98.0,1.5,-0.8,1.03,GOOD
1790977997032,165,2249.3,175.11790637061378,31966.082649158194,72.0,98.0,1.5,-0.8,1.03,GOOD
1790977997032,166,2229.9,160.86254288427173,32041.700025626724,72.0,98.0,1.5,-0.8,1.03,GOOD
1790977997032,167,2209.6,141.93744601457837,31996.69734977668,72.0,98.0,1.5,-0.8,1.03,GOOD
1790977997032,168,2188.3,115.83370430333979,31956.778042583443,72.0,98.0,1.5,-0.8,1.03,GOOD
1790977997032,169,2166.3,88.91345610177754,32014.904169470043,72.0,98.0,1.5,-0.8,1.03,GOOD
1790977997032,170,2143.5,67.40430946513447,32001.477466518645,72.0,98.0,1.5,-0.8,1.03,GOOD
1790977997032,171,2120.3,49.250792598155215,31960.009303557577,72.0,98.0,1.5,-0.8,1.03,GOOD
1790977997032,172,2096.6,27.605701316531597,31989.775110523882,72.0,98.0,1.5,-0.8,1.03,GOOD
1790977997032,173,2072.6,0.3851587105099006,31969.208626581236,72.0,98.0,1.5,-0.8,1.03,GOOD
1790977997032,174,2048.5,-27.235234798472778,32044.214630995164,72.0,98.0,1.5,-0.8,1.03,GOOD
1790977997032,175,2057.9,-48.73552596379191,31988.14765064149,72.0,98.0,1.5,-0.8,1.03,GOOD
1790978002194,176,2049.2,-61.95700687397712,32035.910478034115,72.0,98.0,1.5,-0.8,0.99,GOOD
1790978002194,177,2046.6,-69.95402853967872,31965.553487738507,72.0,98.0,1.5,-0.8,0.99,GOOD
1790978002194,178,2061.0,-75.34424663187463,31972.425334331045,72.0,98.0,1.5,-0.8,0.99,GOOD
1790978002194,179,2058.9,-75.6871299915222,31956.47517471627,72.0,98.0,1.5,-0.8,0.99,GOOD
1790978002194,180,2049.2,-69.63576655190766,31976.403344652048,72.0,98.0,1.5,-0.8,0.99,GOOD
1790978002194,181,2050.8,-62.5772357271029,32025.123885883466,72.0,98.0,1.5,-0.8,0.99,GOOD
1790978002194,182,2044.1,-61.00870620940551,32014.44358206619,72.0,98.0,1.5,-0.8,0.99,GOOD
1790978002194,183,2059.6,-64.9689392597256,31999.726427959078,72.0,98.0,1.5,-0.8,0.99,GOOD
1790978002194,184,2042.6,-68.82578323612627,32010.61305122185,72.0,98.0,1.5,-0.8,0.99,GOOD
1790978002194,185,2061.5,-68.32142267994554,31985.54604759327,72.0,98.0,1.5,-0.8,0.99,GOOD
1790978002194,186,2047.1,-64.28678593692362,31972.738227777238,72.0,98.0,1.5,-0.8,0.99,GOOD
1790978002194,187,2052.1,-60.783177933345776,31954.203754960712,72.0,98.0,1.5,-0.8,0.99,GOOD
1790978002194,188,2052.4,-60.38806182091521,32013.574621663574,72.0,98.0,1.5,-0.8,0.99,GOOD
1790978002194,189,2057.4,-61.11159401951477,32036.39439544832,72.0,98.0,1.5,-0.8,0.99,GOOD
1790978002194,190,2062.9,-59.49193685559503,32032.17194132907,72.0,98.0,1.5,-0.8,0.99,GOOD
1790978002194,191,2053.3,-55.31979872340706,32031.31991002612,72.0,98.0,1.5,-0.8,0.99,GOOD
1790978002194,192,2035.9,-52.5897336570202,32018.55978013048,72.0,98.0,1.5,-0.8,0.99,GOOD
1790978002194,193,2043.7,-54.93316654847259,32005.856935792155,72.0,98.0,1.5,-0.8,0.99,GOOD
1790978002194,194,2053.6,-60.08333568687482,32000.76148099058,72.0,98.0,1.5,-0.8,0.99,GOOD
1790978002194,195,2047.7,-62.750294639697955,32022.708313681884,72.0,98.0,1.5,-0.8,0.99,GOOD
1790978002194,196,2039.8,-61.8997654031664,32000.75598283984,72.0,98.0,1.5,-0.8,0.99,GOOD
1790978002194,197,2049.8,-60.141801384781765,31968.95654527909,72.0,98.0,1.5,-0.8,0.99,GOOD
1790978002194,198,2049.4,-58.44910767470538,32044.578119736605,72.0,98.0,1.5,-0.8,0.99,GOOD
1790978002194,199,2037.0,-56.87611239651295,32035.33376055772,72.0,98.0,1.5,-0.8,0.99,GOOD
1790978002194,200,2054.6,-56.31569361986078,31965.161238440778,72.0,98.0,1.5,-0.8,0.99,GOOD
1790978007357,201,2050.8,-55.88643976114905,31969.047143478325,72.0,98.0,1.5,-0.8,1.02,GOOD
1790978007357,202,2051.2,-53.81676606603516,31990.064962444147,72.0,98.0,1.5,-0.8,1.02,GOOD
1790978007357,203,2052.3,-50.52634177791442,32003.29150736262,72.0,98.0,1.5,-0.8,1.02,GOOD
1790978007357,204,2057.6,-47.37264406072198,31968.41803087157,72.0,98.0,1.5,-0.8,1.02,GOOD
1790978007357,205,2042.2,-45.446842782384,32025.449063544344,72.0,98.0,1.5,-0.8,1.02,GOOD
1790978007357,206,2060.1,-45.21927690452319,32000.43908539667,72.0,98.0,1.5,-0.8,1.02,GOOD
1790978007357,207,2058.9,-44.8763848479817,32003.534165094134,72.0,98.0,1.5,-0.8,1.02,GOOD
1790978007357,208,2058.8,-42.42286562658593,31989.368617470518,72.0,98.0,1.5,-0.8,1.02,GOOD
1790978007357,209,2060.7,-38.861162519048456,31990.533467229103,72.0,98.0,1.5,-0.8,1.02,GOOD
1790978007357,210,2051.6,-36.4422022812125,31950.3982607883,72.0,98.0,1.5,-0.8,1.02,GOOD
1790978007357,211,2048.7,-36.38270173146956,32003.83730028192,72.0,98.0,1.5,-0.8,1.02,GOOD
1790978007357,212,2062.3,-37.77756642297844,31982.03525102929,72.0,98.0,1.5,-0.8,1.02,GOOD
1790978007357,213,2042.8,-38.74373907989675,31987.416513280805,72.0,98.0,1.5,-0.8,1.02,GOOD
1790978007357,214,2058.5,-39.322170438416535,31981.169538463942,72.0,98.0,1.5,-0.8,1.02,GOOD
1790978007357,215,2042.1,-40.271010029566554,32021.85099502745,72.0,98.0,1.5,-0.8,1.02,GOOD
1790978007357,216,2056.3,-41.02926013353287,31999.992042551665,72.0,98.0,1.5,-0.8,1.02,GOOD
1790978007357,217,2038.5,-40.93848002078331,32009.95408318124,72.0,98.0,1.5,-0.8,1.02,GOOD
1790978007357,218,2047.1,-40.762354855836335,32037.482332038508,72.0,98.0,1.5,-0.8,1.02,GOOD
1790978007357,219,2038.3,-41.81725581793049,32039.306055406334,72.0,98.0,1.5,-0.8,1.02,GOOD
1790978007357,220,2043.2,-44.02401039535402,31969.580693736654,72.0,98.0,1.5,-0.8,1.02,GOOD
1790978007357,221,2034.1,-46.104441407260246,31990.431284033017,72.0,98.0,1.5,-0.8,1.02,GOOD
1790978007357,222,2034.8,-47.2409897154184,32035.391626860972,72.0,98.0,1.5,-0.8,1.02,GOOD
1790978007357,223,2051.8,-47.05979144119854,31975.049739368973,72.0,98.0,1.5,-0.8,1.02,GOOD
1790978007357,224,2056.8,-44.52487511863207,31973.425418677365,72.0,98.0,1.5,-0.8,1.02,GOOD
1790978007357,225,2058.4,-39.240157447470025,32013.94701173619,72.0,98.0,1.5,-0.8,1.02,GOOD
1790978012521,226,2046.0,-33.0167401523298,32032.149883868064,72.0,98.0,1.5,-0.8,1.0,GOOD
1790978012521,227,2055.1,-28.288001937571043,32043.157121204233,72.0,98.0,1.5,-0.8,1.0,GOOD
1790978012521,228,2053.9,-25.86829277018857,31971.332395064623,72.0,98.0,1.5,-0.8,1.0,GOOD
1790978012521,229,2033.9,-26.285436778935683,32036.958288884834,72.0,98.0,1.5,-0.8,1.0,GOOD
1790978012521,230,2041.0,-30.56592647120312,31964.73116517357,72.0,98.0,1.5,-0.8,1.0,GOOD
1790978012521,231,2052.6,-36.095791046639306,32030.14404193037,72.0,98.0,1.5,-0.8,1.0,GOOD
1790978012521,232,2057.1,-37.221733676296964,32048.792367634214,72.0,98.0,1.5,-0.8,1.0,GOOD
1790978012521,233,2048.7,-32.74183711419148,32016.86332935063,72.0,98.0,1.5,-0.8,1.0,GOOD
1790978012521,234,2037.1,-27.842047387832284,32018.401430920243,72.0,98.0,1.5,-0.8,1.0,GOOD
1790978012521,235,2048.4,-27.130440662534035,32010.234102420407,72.0,98.0,1.5,-0.8,1.0,GOOD
1790978012521,236,2051.0,-29.02542042587624,31972.120781553996,72.0,98.0,1.5,-0.8,1.0,GOOD
1790978012521,237,2061.6,-29.014778830895025,31965.70393496613,72.0,98.0,1.5,-0.8,1.0,GOOD
1790978012521,238,2068.4,-25.090089252064804,31980.671557304588,72.0,98.0,1.5,-0.8,1.0,GOOD
1790978012521,239,2101.5,-17.111031431042687,32039.044403155378,72.0,98.0,1.5,-0.8,1.0,GOOD
1790978012521,240,2132.8,-3.447790953716666,31973.436367090282,72.0,98.0,1.5,-0.8,1.0,GOOD
1790978012521,241,2161.0,17.9547621406732,32008.282799985616,72.0,98.0,1.5,-0.8,1.0,GOOD
1790978012521,242,2185.3,45.80529199323726,31955.913351856863,72.0,98.0,1.5,-0.8,1.0,GOOD
1790978012521,243,2204.7,75.47223374077257,32021.016474298514,72.0,98.0,1.5,-0.8,1.0,GOOD
1790978012521,244,2218.5,102.01749142529653,32047.275340102166,72.0,98.0,1.5,-0.8,1.0,GOOD
1790978012521,245,2226.3,122.34388479973475,32045.599853161482,72.0,98.0,1.5,-0.8,1.0,GOOD
1790978012521,246,2227.8,135.52042265460895,32030.697659330715,72.0,98.0,1.5,-0.8,1.0,GOOD
1790978012521,247,2222.9,141.86834850894826,31978.055445221144,72.0,98.0,1.5,-0.8,1.0,GOOD
1790978012521,248,2211.8,141.87420560395776,32016.33697764536,72.0,98.0,1.5,-0.8,1.0,GOOD
1790978012521,249,2194.9,135.7323972353756,31952.736363332602,72.0,98.0,1.5,-0.8,1.0,GOOD
1790978012521,250,2172.8,123.5691414377432,32027.768404568298,72.0,98.0,1.5,-0.8,1.0,GOOD
1790978017682,251,3243.0,148.96051484352614,32004.08984228282,72.0,98.0,1.5,-0.8,0.97,GOOD
1790978017682,252,3199.4,308.33064152063866,31960.530872333922,72.0,98.0,1.5,-0.8,0.97,GOOD
1790978017682,253,2994.1,598.7443991173923,32029.942666034487,72.0,98.0,1.5,-0.8,0.97,GOOD
1790978017682,254,2655.9,855.4031238453588,31985.06257950774,72.0,98.0,1.5,-0.8,0.97,GOOD
1790978017682,255,2232.4,915.2387831257689,31986.472475033286,72.0,98.0,1.5,-0.8,0.97,GOOD
1790978017682,256,1945.6,730.0356860461669,31966.204816570276,72.0,98.0,1.5,-0.8,0.97,GOOD
1790978017682,257,1797.0,361.69431779446217,31979.052960499383,72.0,98.0,1.5,-0.8,0.97,GOOD
1790978017682,258,1710.5,-53.05867832043114,32027.88996080849,72.0,98.0,1.5,-0.8,0.97,GOOD
1790978017682,259,1707.6,-369.9790870793637,32036.920881720605,72.0,98.0,1.5,-0.8,0.97,GOOD
1790978017682,260,1788.8,-509.73981184052275,31955.20401963307,72.0,98.0,1.5,-0.8,0.97,GOOD
1790978017682,261,1934.1,-486.6939885810836,32041.82914370627,72.0,98.0,1.5,-0.8,0.97,GOOD
1790978017682,262,2046.2,-376.4666433839689,31954.49042296056,72.0,98.0,1.5,-0.8,0.97,GOOD
1790978017682,263,2036.5,-254.8073972371504,31967.382863462655,72.0,98.0,1.5,-0.8,0.97,GOOD
1790978017682,264,2043.3,-158.56246139511651,32002.72731525579,72.0,98.0,1.5,-0.8,0.97,GOOD
1790978017682,265,2041.3,-89.56648472562573,32029.7980027179,72.0,98.0,1.5,-0.8,0.97,GOOD
1790978017682,266,2061.1,-45.5517567665829,31964.88924128807,72.0,98.0,1.5,-0.8,0.97,GOOD
1790978017682,267,2051.3,-35.604380900564436,31986.65935352423,72.0,98.0,1.5,-0.8,0.97,GOOD
1790978017682,268,2042.5,-59.997037216710865,31969.412400415582,72.0,98.0,1.5,-0.8,0.97,GOOD
1790978017682,269,2033.4,-92.29040544150585,31974.400989325328,72.0,98.0,1.5,-0.8,0.97,GOOD
1790978017682,270,2050.0,-99.80784446257456,31964.19298097573,72.0,98.0,1.5,-0.8,0.97,GOOD
1790978017682,271,2044.4,-79.84042210411448,32021.754512735723,72.0,98.0,1.5,-0.8,0.97,GOOD
1790978017682,272,2049.0,-61.366113188016655,32003.005140837533,72.0,98.0,1.5,-0.8,0.97,GOOD
1790978017682,273,2045.3,-66.29358847854022,31994.507717499266,72.0,98.0,1.5,-0.8,0.97,GOOD
1790978017682,274,2061.8,-81.72590556444749,32023.48660481195,72.0,98.0,1.5,-0.8,0.97,GOOD
1790978017682,275,2047.9,-80.89593955572377,32044.16385742276,72.0,98.0,1.5,-0.8,0.97,GOOD
1790978022844,276,2317.9,-51.2236335806499,31999.624189266287,72.0,98.0,1.5,-0.8,1.02,GOOD
1790978022844,277,2330.1,7.389091383132804,31950.421317493885,72.0,98.0,1.5,-0.8,1.02,GOOD
1790978022844,278,2340.7,82.05980436843927,32047.335685433056,72.0,98.0,1.5,-0.8,1.02,GOOD
1790978022844,279,2349.6,152.87976851646366,32043.36780661318,72.0,98.0,1.5,-0.8,1.02,GOOD
1790978022844,280,2356.8,211.1933158942977,31959.579499956344,72.0,98.0,1.5,-0.8,1.02,GOOD
1790978022844,281,2362.2,250.8757396825756,31957.203182255667,72.0,98.0,1.5,-0.8,1.02,GOOD
1790978022844,282,2365.9,259.43812900818267,32025.195212633746,72.0,98.0,1.5,-0.8,1.02,GOOD
1790978022844,283,2367.8,237.61803628305702,31997.38710371855,72.0,98.0,1.5,-0.8,1.02,GOOD
1790978022844,284,2367.8,210.4198585162129,32002.45475351753,72.0,98.0,1.5,-0.8,1.02,GOOD
1790978022844,285,2366.0,204.13127024837218,32015.729250564997,72.0,98.0,1.5,-0.8,1.02,GOOD
1790978022844,286,2362.4,217.30299869517802,32043.7118326218,72.0,98.0,1.5,-0.8,1.02,GOOD
1790978022844,287,2357.1,225.27469857872103,31997.922877318593,72.0,98.0,1.5,-0.8,1.02,GOOD
1790978022844,288,2349.9,212.4090561725123,32008.975040031928,72.0,98.0,1.5,-0.8,1.02,GOOD
1790978022844,289,2341.1,189.6215987463805,32043.554892404438,72.0,98.0,1.5,-0.8,1.02,GOOD
1790978022844,290,2330.6,176.57634044036945,31951.907886200785,72.0,98.0,1.5,-0.8,1.02,GOOD
1790978022844,291,2318.5,175.20983664030643,31970.275819055416,72.0,98.0,1.5,-0.8,1.02,GOOD
1790978022844,292,2304.8,169.6010607309954,32032.234531208225,72.0,98.0,1.5,-0.8,1.02,GOOD
1790978022844,293,2289.7,149.1826137077386,32000.54956121323,72.0,98.0,1.5,-0.8,1.02,GOOD
1790978022844,294,2273.2,122.24250143341295,32005.321019490617,72.0,98.0,1.5,-0.8,1.02,GOOD
1790978022844,295,2255.5,103.13007807776711,32014.615256554844,72.0,98.0,1.5,-0.8,1.02,GOOD
1790978022844,296,2236.5,92.9239184245098,31995.786568206164,72.0,98.0,1.5,-0.8,1.02,GOOD
1790978022844,297,2216.5,79.6366301240021,31954.69301290278,72.0,98.0,1.5,-0.8,1.02,GOOD
1790978022844,298,2195.5,55.441791746934236,31983.648946738864,72.0,98.0,1.5,-0.8,1.02,GOOD
1790978022844,299,2173.7,26.442772122136414,31976.261236068047,72.0,98.0,1.5,-0.8,1.02,GOOD
1790978022844,300,2151.2,3.1931293724197767,32022.672802977926,72.0,98.0,1.5,-0.8,1.02,GOOD
1790978028005,301,2053.8,-16.214568469753836,31980.990258744932,72.0,98.0,1.5,-0.8,1.03,GOOD
1790978028005,302,2057.2,-45.57597624696176,31975.80256846012,72.0,98.0,1.5,-0.8,1.03,GOOD
1790978028005,303,2035.2,-88.2632622229757,31963.562621595625,72.0,98.0,1.5,-0.8,1.03,GOOD
1790978028005,304,2046.4,-129.1662629621251,32043.411792750358,72.0,98.0,1.5,-0.8,1.03,GOOD
1790978028005,305,2059.8,-151.59528029734878,31979.972341897224,72.0,98.0,1.5,-0.8,1.03,GOOD
1790978028005,306,2063.0,-151.57773337169786,31975.02007758409,72.0,98.0,1.5,-0.8,1.03,GOOD
1790978028005,307,2056.5,-138.60441970750315,32027.21249950578,72.0,98.0,1.5,-0.8,1.03,GOOD
1790978028005,308,2047.4,-126.22386484363078,31990.65187689585,72.0,98.0,1.5,-0.8,1.03,GOOD
1790978028005,309,2062.4,-120.91781525450983,32021.24798769132,72.0,98.0,1.5,-0.8,1.03,GOOD
1790978028005,310,2049.6,-120.54638300024584,32048.021139762044,72.0,98.0,1.5,-0.8,1.03,GOOD
1790978028005,311,2035.4,-122.22025739689812,31995.23777088841,72.0,98.0,1.5,-0.8,1.03,GOOD
1790978028005,312,2050.7,-125.44833908711963,31978.645404555133,72.0,98.0,1.5,-0.8,1.03,GOOD
1790978028005,313,2058.6,-127.67178578747775,31968.365911116874,72.0,98.0,1.5,-0.8,1.03,GOOD
1790978028005,314,2060.0,-125.59835547598568,32023.73322750978,72.0,98.0,1.5,-0.8,1.03,GOOD
1790978028005,315,2044.2,-120.6097007095727,32037.920934769078,72.0,98.0,1.5,-0.8,1.03,GOOD
1790978028005,316,2059.0,-116.48632943840369,32012.303437207167,72.0,98.0,1.5,-0.8,1.03,GOOD
1790978028005,317,2039.0,-114.19380583327009,32033.402960449614,72.0,98.0,1.5,-0.8,1.03,GOOD
1790978028005,318,2061.9,-112.75808452828933,32048.902807716986,72.0,98.0,1.5,-0.8,1.03,GOOD
1790978028005,319,2062.5,-111.14647807765583,31989.85064900848,72.0,98.0,1.5,-0.8,1.03,GOOD
1790978028005,320,2033.3,-109.81738171244139,31950.566011087136,72.0,98.0,1.5,-0.8,1.03,GOOD
1790978028005,321,2046.6,-110.79631519288901,31994.535122632227,72.0,98.0,1.5,-0.8,1.03,GOOD
1790978028005,322,2051.5,-112.4155839856782,31988.536022007742,72.0,98.0,1.5,-0.8,1.03,GOOD
1790978028005,323,2056.1,-110.61915063979015,32040.649651195912,72.0,98.0,1.5,-0.8,1.03,GOOD
1790978028005,324,2051.9,-106.26650302937217,31956.921728511017,72.0,98.0,1.5,-0.8,1.03,GOOD
1790978028005,325,2046.7,-103.67966324302046,31953.060971694104,72.0,98.0,1.5,-0.8,1.03,GOOD
1790978033168,326,2033.1,-104.42248250115668,31970.03511240487,72.0,98.0,1.5,-0.8,0.99,GOOD
1790978033168,327,2033.0,-106.53228968625595,32049.79088036519,72.0,98.0,1.5,-0.8,0.99,GOOD
1790978033168,328,2045.5,-107.7092567911189,31964.906987926668,72.0,98.0,1.5,-0.8,0.99,GOOD
1790978033168,329,2042.1,-107.72711773703826,31964.298013062344,72.0,98.0,1.5,-0.8,0.99,GOOD
1790978033168,330,2039.4,-108.07452592090758,32034.551661052417,72.0,98.0,1.5,-0.8,0.99,GOOD
1790978033168,331,2043.5,-108.32970070783051,32043.791646831207,72.0,98.0,1.5,-0.8,0.99,GOOD
1790978033168,332,2033.3,-105.72550319367572,32037.440869337504,72.0,98.0,1.5,-0.8,0.99,GOOD
1790978033168,333,2034.9,-100.7167628451519,31977.93289083523,72.0,98.0,1.5,-0.8,0.99,GOOD
1790978033168,334,2060.4,-97.02889345841015,32021.48415008444,72.0,98.0,1.5,-0.8,0.99,GOOD
1790978033168,335,2052.0,-95.47629968425778,32014.35681322154,72.0,98.0,1.5,-0.8,0.99,GOOD
1790978033168,336,2034.4,-94.10148917432082,31999.484209568982,72.0,98.0,1.5,-0.8,0.99,GOOD
1790978033168,337,2048.0,-91.37278768254839,32024.47786626565,72.0,98.0,1.5,-0.8,0.99,GOOD
1790978033168,338,2045.3,-86.79135526436328,31950.181229880796,72.0,98.0,1.5,-0.8,0.99,GOOD
1790978033168,339,2055.2,-82.6060795432966,31962.28065322924,72.0,98.0,1.5,-0.8,0.99,GOOD
1790978033168,340,2062.7,-81.4094136348428,32002.862888221298,72.0,98.0,1.5,-0.8,0.99,GOOD
1790978033168,341,2057.0,-80.9298225654513,31970.069051507893,72.0,98.0,1.5,-0.8,0.99,GOOD
1790978033168,342,2033.1,-77.68187619877156,32042.730822577,72.0,98.0,1.5,-0.8,0.99,GOOD
1790978033168,343,2059.3,-72.80201324369438,31969.371392459583,72.0,98.0,1.5,-0.8,0.99,GOOD
1790978033168,344,2041.7,-70.2419156235451,31981.127751516946,72.0,98.0,1.5,-0.8,0.99,GOOD
1790978033168,345,2051.8,-72.73970128803384,31952.647948782444,72.0,98.0,1.5,-0.8,0.99,GOOD
1790978033168,346,2047.5,-77.91467407094248,32039.83662898753,72.0,98.0,1.5,-0.8,0.99,GOOD
1790978033168,347,2038.5,-79.46845356528948,32001.48367916342,72.0,98.0,1.5,-0.8,0.99,GOOD
1790978033168,348,2037.9,-75.79709201244015,31958.502506485132,72.0,98.0,1.5,-0.8,0.99,GOOD
1790978033168,349,2033.7,-72.54424509859342,31966.01871166456,72.0,98.0,1.5,-0.8,0.99,GOOD
1790978033168,350,2052.3,-74.45394657663627,32019.95837959418,72.0,98.0,1.5,-0.8,0.99,GOOD
1790978038329,351,2045.8,-78.30380654670111,32032.005991763297,72.0,98.0,1.5,-0.8,0.98,GOOD
1790978038329,352,2047.0,-77.22963731529276,31956.43460031102,72.0,98.0,1.5,-0.8,0.98,GOOD
1790978038329,353,2044.3,-69.94240483204558,31975.522210112675,72.0,98.0,1.5,-0.8,0.98,GOOD
1790978038329,354,2041.8,-62.44765752787987,32007.89648588086,72.0,98.0,1.5,-0.8,0.98,GOOD
1790978038329,355,2039.2,-61.40434777436318,31975.40647759933,72.0,98.0,1.5,-0.8,0.98,GOOD
1790978038329,356,2052.1,-65.9786762886734,32019.40408554267,72.0,98.0,1.5,-0.8,0.98,GOOD
1790978038329,357,2039.1,-68.68124044029656,31972.653721613868,72.0,98.0,1.5,-0.8,0.98,GOOD
1790978038329,358,2039.9,-65.64744327980497,32014.976615809832,72.0,98.0,1.5,-0.8,0.98,GOOD
1790978038329,359,2040.3,-60.97525366716233,31952.027760749406,72.0,98.0,1.5,-0.8,0.98,GOOD
1790978038329,360,2056.7,-59.416441936604315,31965.9678236867,72.0,98.0,1.5,-0.8,0.98,GOOD
1790978038329,361,2041.9,-60.16623077196115,32044.656119991945,72.0,98.0,1.5,-0.8,0.98,GOOD
1790978038329,362,2044.0,-59.59167591443921,32012.799092334015,72.0,98.0,1.5,-0.8,0.98,GOOD
1790978038329,363,2044.4,-56.14859876829118,32008.331353043326,72.0,98.0,1.5,-0.8,0.98,GOOD
1790978038329,364,2058.4,-51.41620858652385,32036.792328984073,72.0,98.0,1.5,-0.8,0.98,GOOD
1790978038329,365,2061.1,-47.821011519436226,32025.24376679327,72.0,98.0,1.5,-0.8,0.98,GOOD
1790978038329,366,2056.2,-45.758351641343594,32014.78782687892,72.0,98.0,1.5,-0.8,0.98,GOOD
1790978038329,367,2052.9,-43.44568158347661,31961.489188090454,72.0,98.0,1.5,-0.8,0.98,GOOD
1790978038329,368,2060.4,-39.36946650217054,31976.591896586375,72.0,98.0,1.5,-0.8,0.98,GOOD
1790978038329,369,2064.3,-34.51463041498393,32040.031092385267,72.0,98.0,1.5,-0.8,0.98,GOOD
1790978038329,370,2097.6,-30.395629704247003,31988.984049546587,72.0,98.0,1.5,-0.8,0.98,GOOD
1790978038329,371,2129.1,-23.693836378162867,32006.80652844095,72.0,98.0,1.5,-0.8,0.98,GOOD
1790978038329,372,2157.8,-7.376134642301416,32032.489832946216,72.0,98.0,1.5,-0.8,0.98,GOOD
1790978038329,373,2182.6,20.871377228556124,32008.151376445632,72.0,98.0,1.5,-0.8,0.98,GOOD
1790978038329,374,2202.6,54.762280820152185,32019.612024807422,72.0,98.0,1.5,-0.8,0.98,GOOD
1790978038329,375,2217.1,84.56678477995257,31973.748836906496,72.0,98.0,1.5,-0.8,0.98,GOOD
1790978043493,376,1857.8,90.39690484016013,32005.7479665769,72.0,98.0,1.5,-0.8,0.99,GOOD
1790978043493,377,1951.8,44.91978469464304,32010.524523216118,72.0,98.0,1.5,-0.8,0.99,GOOD
1790978043493,378,2198.9,-31.867547714259207,32022.315406295347,72.0,98.0,1.5,-0.8,0.99,GOOD
1790978043493,379,2626.6,-53.5934409556197,31951.921339894674,72.0,98.0,1.5,-0.8,0.99,GOOD
1790978043493,380,2972.9,60.4254018822695,31983.659018696155,72.0,98.0,1.5,-0.8,0.99,GOOD
1790978043493,381,3189.4,318.9422949399285,31956.00700216432,72.0,98.0,1.5,-0.8,0.99,GOOD
1790978043493,382,3245.6,653.5970648515676,32039.811124599637,72.0,98.0,1.5,-0.8,0.99,GOOD
1790978043493,383,3133.6,953.0163157659258,32000.70045404419,72.0,98.0,1.5,-0.8,0.99,GOOD
1790978043493,384,2869.1,1108.6387422024477,31978.76114173742,72.0,98.0,1.5,-0.8,0.99,GOOD
1790978043493,385,2489.3,1057.6815641741723,32037.910171054536,72.0,98.0,1.5,-0.8,0.99,GOOD
1790978043493,386,2047.8,808.0257732712262,31984.898013979895,72.0,98.0,1.5,-0.8,0.99,GOOD
1790978043493,387,1879.2,435.2106626766841,31987.80395220588,72.0,98.0,1.5,-0.8,0.99,GOOD
1790978043493,388,1752.4,51.59218619155911,32037.506968283393,72.0,98.0,1.5,-0.8,0.99,GOOD
1790978043493,389,1698.7,-252.01805260048582,32005.5207740467,72.0,98.0,1.5,-0.8,0.99,GOOD
1790978043493,390,1731.4,-441.63859608367767,31975.862895072336,72.0,98.0,1.5,-0.8,0.99,GOOD
1790978043493,391,1842.4,-516.7804088215422,31959.345892564692,72.0,98.0,1.5,-0.8,0.99,GOOD
1790978043493,392,2004.3,-484.00441527991137,31975.312761674457,72.0,98.0,1.5,-0.8,0.99,GOOD
1790978043493,393,2062.1,-367.9036226750816,31998.317501087815,72.0,98.0,1.5,-0.8,0.99,GOOD
1790978043493,394,2048.6,-225.77811418271142,31971.051883665885,72.0,98.0,1.5,-0.8,0.99,GOOD
1790978043493,395,2033.8,-121.77672781479436,31955.884572241725,72.0,98.0,1.5,-0.8,0.99,GOOD
1790978043493,396,2061.4,-79.58448558056837,31992.297587814017,72.0,98.0,1.5,-0.8,0.99,GOOD
1790978043493,397,2056.8,-76.33878831067445,31995.5277427793,72.0,98.0,1.5,-0.8,0.99,GOOD
1790978043493,398,2039.3,-83.04995097133735,32047.101258116203,72.0,98.0,1.5,-0.8,0.99,GOOD
1790978043493,399,2046.8,-91.53375037540388,31963.093431906447,72.0,98.0,1.5,-0.8,0.99,GOOD
1790978043493,400,2061.4,-101.67221745294788,31996.114621744106,72.0,98.0,1.5,-0.8,0.99,GOOD
1790978048657,401,2231.3,-99.74764303010669,31998.104905060405,72.0,98.0,1.5,-0.8,1.0,GOOD
1790978048657,402,2250.5,-63.498836500624535,32038.846069196446,72.0,98.0,1.5,-0.8,1.0,GOOD
1790978048657,403,2268.6,5.616202365547899,31965.654886135864,72.0,98.0,1.5,-0.8,1.0,GOOD
1790978048657,404,2285.4,76.86337027636141,31969.66896817125,72.0,98.0,1.5,-0.8,1.0,GOOD
1790978048657,405,2300.9,124.84269976045235,32049.451290546418,72.0,98.0,1.5,-0.8,1.0,GOOD
1790978048657,406,2315.0,147.96381133467813,32040.456005418288,72.0,98.0,1.5,-0.8,1.0,GOOD
1790978048657,407,2327.5,156.92520781537692,31975.81459503637,72.0,98.0,1.5,-0.8,1.0,GOOD
1790978048657,408,2338.4,160.94985494360265,32042.968133692622,72.0,98.0,1.5,-0.8,1.0,GOOD
1790978048657,409,2347.7,164.3660454402817,32003.058950579474,72.0,98.0,1.5,-0.8,1.0,GOOD
1790978048657,410,2355.3,169.30409347933076,31958.593926556343,72.0,98.0,1.5,-0.8,1.0,GOOD
1790978048657,411,2361.2,176.56998237787792,31974.50555963242,72.0,98.0,1.5,-0.8,1.0,GOOD
1790978048657,412,2365.2,184.29459356371643,32001.86836817503,72.0,98.0,1.5,-0.8,1.0,GOOD
1790978048657,413,2367.5,188.89192879228324,32047.527151965533,72.0,98.0,1.5,-0.8,1.0,GOOD
1790978048657,414,2367.9,188.7564229796481,32001.740881567926,72.0,98.0,1.5,-0.8,1.0,GOOD
1790978048657,415,2366.6,185.87307827157485,31981.488753049336,72.0,98.0,1.5,-0.8,1.0,GOOD
1790978048657,416,2363.4,182.86899937478853,31954.221068731636,72.0,98.0,1.5,-0.8,1.0,GOOD
1790978048657,417,2358.4,179.51768717569382,31964.626860006996,72.0,98.0,1.5,-0.8,1.0,GOOD
1790978048657,418,2351.7,173.50179154157095,31982.785034411758,72.0,98.0,1.5,-0.8,1.0,GOOD
1790978048657,419,2343.2,164.07909278595963,31959.39662185455,72.0,98.0,1.5,-0.8,1.0,GOOD
1790978048657,420,2333.1,153.21548290433572,31982.732096537613,72.0,98.0,1.5,-0.8,1.0,GOOD
1790978048657,421,2321.3,142.65064105157498,32040.43020178277,72.0,98.0,1.5,-0.8,1.0,GOOD
1790978048657,422,2308.0,131.34828945606125,31995.99132944772,72.0,98.0,1.5,-0.8,1.0,GOOD
1790978048657,423,2293.2,117.11007473388933,32016.16955231864,72.0,98.0,1.5,-0.8,1.0,GOOD
1790978048657,424,2277.0,99.94699127156903,32038.965062762196,72.0,98.0,1.5,-0.8,1.0,GOOD
1790978048657,425,2259.5,82.22708542768234,32037.68328739958,72.0,98.0,1.5,-0.8,1.0,GOOD
1790978053820,426,2055.4,58.07786252058272,32008.779755366748,72.0,98.0,1.5,-0.8,1.03,GOOD
1790978053820,427,2046.3,10.202340046933873,31971.272249094873,72.0,98.0,1.5,-0.8,1.03,GOOD
1790978053820,428,2040.3,-62.666684367864896,31981.55322655115,72.0,98.0,1.5,-0.8,1.03,GOOD
1790978053820,429,2055.4,-133.86836104870935,31972.88509904594,72.0,98.0,1.5,-0.8,1.03,GOOD
1790978053820,430,2058.3,-177.15773816202525,32032.12749130056,72.0,98.0,1.5,-0.8,1.03,GOOD
1790978053820,431,2042.0,-187.22365333513784,32042.016237339267,72.0,98.0,1.5,-0.8,1.03,GOOD
1790978053820,432,2050.1,-175.61969315711508,31978.83350252251,72.0,98.0,1.5,-0.8,1.03,GOOD
1790978053820,433,2048.9,-158.39648510435555,32046.234110974565,72.0,98.0,1.5,-0.8,1.03,GOOD
1790978053820,434,2036.8,-147.6250400170117,31951.627986551095,72.0,98.0,1.5,-0.8,1.03,GOOD
1790978053820,435,2044.1,-147.79364114208417,32002.731064349613,72.0,98.0,1.5,-0.8,1.03,GOOD
1790978053820,436,2056.4,-153.30392166860722,32013.358464492067,72.0,98.0,1.5,-0.8,1.03,GOOD
1790978053820,437,2043.7,-154.69171779141357,31987.954873545732,72.0,98.0,1.5,-0.8,1.03,GOOD
1790978053820,438,2060.3,-149.362850791938,31979.56083650177,72.0,98.0,1.5,-0.8,1.03,GOOD
1790978053820,439,2058.0,-141.4844484214729,32020.761953859892,72.0,98.0,1.5,-0.8,1.03,GOOD
1790978053820,440,2052.7,-135.53707366151264,32028.618665223865,72.0,98.0,1.5,-0.8,1.03,GOOD
1790978053820,441,2058.8,-132.70556363188285,31967.081046738003,72.0,98.0,1.5,-0.8,1.03,GOOD
1790978053820,442,2058.2,-130.53460827834328,32034.015017929163,72.0,98.0,1.5,-0.8,1.03,GOOD
1790978053820,443,2037.5,-127.83444508476066,31996.235611170458,72.0,98.0,1.5,-0.8,1.03,GOOD
1790978053820,444,2046.6,-127.45416628547092,32014.612091113693,72.0,98.0,1.5,-0.8,1.03,GOOD
1790978053820,445,2047.9,-130.46714359769558,31972.015788675868,72.0,98.0,1.5,-0.8,1.03,GOOD
1790978053820,446,2046.3,-133.43449734854792,31960.514533143654,72.0,98.0,1.5,-0.8,1.03,GOOD
1790978053820,447,2047.9,-133.16020854134504,32022.277438983576,72.0,98.0,1.5,-0.8,1.03,GOOD
1790978053820,448,2034.6,-130.15543308868536,32033.86075448045,72.0,98.0,1.5,-0.8,1.03,GOOD
1790978053820,449,2045.7,-127.39059001580947,31975.374635776032,72.0,98.0,1.5,-0.8,1.03,GOOD
1790978053820,450,2056.4,-125.80048961657005,31982.06539333187,72.0,98.0,1.5,-0.8,1.03,GOOD
1790978058981,451,2056.6,-123.10969008325984,31975.795043932212,72.0,98.0,1.5,-0.8,0.99,GOOD
1790978058981,452,2037.1,-118.69433180404494,32011.846257672216,72.0,98.0,1.5,-0.8,0.99,GOOD
1790978058981,453,2049.1,-114.98763618802334,32047.271812766852,72.0,98.0,1.5,-0.8,0.99,GOOD
1790978058981,454,2053.7,-112.8504716942728,32019.003810554754,72.0,98.0,1.5,-0.8,0.99,GOOD
1790978058981,455,2044.0,-111.23654555188261,32006.62722064524,72.0,98.0,1.5,-0.8,0.99,GOOD
1790978058981,456,2057.9,-109.97712596873527,31978.886378996616,72.0,98.0,1.5,-0.8,0.99,GOOD
1790978058981,457,2062.9,-107.87876233359202,31969.788669104782,72.0,98.0,1.5,-0.8,0.99,GOOD
1790978058981,458,2041.9,-103.62962081343304,31958.34586558933,72.0,98.0,1.5,-0.8,0.99,GOOD
1790978058981,459,2039.9,-99.87189536451385,32032.499246022868,72.0,98.0,1.5,-0.8,0.99,GOOD
1790978058981,460,2057.7,-99.30329871061772,32042.26969218229,72.0,98.0,1.5,-0.8,0.99,GOOD
1790978058981,461,2033.1,-100.82548463966094,31963.99087714249,72.0,98.0,1.5,-0.8,0.99,GOOD
1790978058981,462,2049.0,-102.90193664627228,32025.687633776215,72.0,98.0,1.5,-0.8,0.99,GOOD
1790978058981,463,2055.2,-103.50440665180261,31980.11776745915,72.0,98.0,1.5,-0.8,0.99,GOOD
1790978058981,464,2060.2,-99.68906808119664,31965.0219390807,72.0,98.0,1.5,-0.8,0.99,GOOD
1790978058981,465,2061.4,-91.89706615945155,32043.80488062767,72.0,98.0,1.5,-0.8,0.99,GOOD
1790978058981,466,2062.9,-83.89696106756804,31995.824809860744,72.0,98.0,1.5,-0.8,0.99,GOOD
1790978058981,467,2044.5,-79.16207015408973,32040.49411326591,72.0,98.0,1.5,-0.8,0.99,GOOD
1790978058981,468,2050.6,-78.95052292816253,31991.089294124988,72.0,98.0,1.5,-0.8,0.99,GOOD
1790978058981,469,2049.9,-81.36621395785674,32001.563945444817,72.0,98.0,1.5,-0.8,0.99,GOOD
1790978058981,470,2040.9,-83.78598477161529,31958.19518333448,72.0,98.0,1.5,-0.8,0.99,GOOD
1790978058981,471,2045.5,-85.87589097005363,31969.379190931217,72.0,98.0,1.5,-0.8,0.99,GOOD
1790978058981,472,2059.3,-86.99483115666374,31980.549516633495,72.0,98.0,1.5,-0.8,0.99,GOOD
1790978058981,473,2043.8,-85.15377431089246,31955.160537197968,72.0,98.0,1.5,-0.8,0.99,GOOD
1790978058981,474,2048.2,-80.97150720015374,32038.884854561195,72.0,98.0,1.5,-0.8,0.99,GOOD
1790978058981,475,2046.5,-77.26580718202888,32045.126246212996,72.0,98.0,1.5,-0.8,0.99,GOOD
1790978064138,476,2057.1,-75.18507854807049,32047.86663689187,72.0,98.0,1.5,-0.8,1.01,GOOD
1790978064138,477,2056.0,-73.64383478904904,32045.989528818624,72.0,98.0,1.5,-0.8,1.01,GOOD
1790978064138,478,2037.3,-71.95997827881638,32044.754831081707,72.0,98.0,1.5,-0.8,1.01,GOOD
1790978064138,479,2045.9,-71.09565191992917,32010.63850661472,72.0,98.0,1.5,-0.8,1.01,GOOD
1790978064138,480,2054.3,-70.84472486224502,32030.476441501676,72.0,98.0,1.5,-0.8,1.01,GOOD
1790978064138,481,2059.5,-69.33933435738389,31991.914588249638,72.0,98.0,1.5,-0.8,1.01,GOOD
1790978064138,482,2059.5,-66.03405453976207,32001.885661029177,72.0,98.0,1.5,-0.8,1.01,GOOD
1790978064138,483,2060.2,-61.658699004843754,31962.104948260534,72.0,98.0,1.5,-0.8,1.01,GOOD
1790978064138,484,2059.8,-56.64518806684148,31998.98383205296,72.0,98.0,1.5,-0.8,1.01,GOOD
1790978064138,485,2040.6,-52.50891368278797,32000.08162223476,72.0,98.0,1.5,-0.8,1.01,GOOD
1790978064138,486,2043.7,-52.53321822137568,31991.07513248159,72.0,98.0,1.5,-0.8,1.01,GOOD
1790978064138,487,2052.2,-57.20420887913238,32004.75250248603,72.0,98.0,1.5,-0.8,1.01,GOOD
1790978064138,488,2037.6,-62.49364768844177,32008.660041810956,72.0,98.0,1.5,-0.8,1.01,GOOD
1790978064138,489,2055.3,-64.50305984778527,31967.19930230716,72.0,98.0,1.5,-0.8,1.01,GOOD
1790978064138,490,2043.4,-62.172408686841464,31978.36934393061,72.0,98.0,1.5,-0.8,1.01,GOOD
1790978064138,491,2057.3,-57.37748281818297,32045.74939894858,72.0,98.0,1.5,-0.8,1.01,GOOD
1790978064138,492,2061.8,-52.641712708335646,32002.75424863709,72.0,98.0,1.5,-0.8,1.01,GOOD
1790978064138,493,2036.0,-49.28790751445403,32035.262024130974,72.0,98.0,1.5,-0.8,1.01,GOOD
1790978064138,494,2038.3,-48.78511806164421,32021.458820891774,72.0,98.0,1.5,-0.8,1.01,GOOD
1790978064138,495,2060.6,-50.325863807228345,32024.826371677605,72.0,98.0,1.5,-0.8,1.01,GOOD
1790978064138,496,2042.4,-50.64950083185673,31953.941986540427,72.0,98.0,1.5,-0.8,1.01,GOOD
1790978064138,497,2055.1,-49.491905889486546,31977.36965690388,72.0,98.0,1.5,-0.8,1.01,GOOD
1790978064138,498,2057.5,-47.81315694348001,31964.660132357047,72.0,98.0,1.5,-0.8,1.01,GOOD
1790978064138,499,2059.3,-44.16802585927172,31969.17431323701,72.0,98.0,1.5,-0.8,1.01,GOOD
1790978064138,500,2059.9,-38.169527951158656,32038.986609739615,72.0,98.0,1.5,-0.8,1.01,GOOD
1790978069297,501,2066.7,-32.18277263890791,31951.07944192633,72.0,98.0,1.5,-0.8,0.98,GOOD
1790978069297,502,2047.1,-29.076684501914485,31956.775436071075,72.0,98.0,1.5,-0.8,0.98,GOOD
1790978069297,503,2034.1,-30.892812664752725,31961.500928201327,72.0,98.0,1.5,-0.8,0.98,GOOD
1790978069297,504,2036.4,-37.060425786803634,32044.33671409956,72.0,98.0,1.5,-0.8,0.98,GOOD
1790978069297,505,2044.8,-43.58749083496748,31986.875651279806,72.0,98.0,1.5,-0.8,0.98,GOOD
1790978069297,506,2005.9,-48.350788596528815,32008.719845584503,72.0,98.0,1.5,-0.8,0.98,GOOD
1790978069297,507,1883.5,-59.456296671731636,32041.39623609956,72.0,98.0,1.5,-0.8,0.98,GOOD
1790978069297,508,1850.2,-90.47472470964699,32044.613590624576,72.0,98.0,1.5,-0.8,0.98,GOOD
1790978069297,509,1924.2,-137.52399568244834,31973.12450133219,72.0,98.0,1.5,-0.8,0.98,GOOD
1790978069297,510,2099.8,-168.39129037636013,31982.755367549173,72.0,98.0,1.5,-0.8,0.98,GOOD
1790978069297,511,2537.5,-133.36096110008268,32017.097528064238,72.0,98.0,1.5,-0.8,0.98,GOOD
1790978069297,512,2906.5,16.229468596361738,31972.968240526825,72.0,98.0,1.5,-0.8,0.98,GOOD
1790978069297,513,3154.8,290.3768621843792,32048.78732300687,72.0,98.0,1.5,-0.8,0.98,GOOD
1790978069297,514,3247.8,631.5417296273347,31978.93146861429,72.0,98.0,1.5,-0.8,0.98,GOOD
1790978069297,515,3172.2,937.590531524572,31964.566440727947,72.0,98.0,1.5,-0.8,0.98,GOOD
1790978069297,516,2938.7,1110.7863810480153,32028.47521315441,72.0,98.0,1.5,-0.8,0.98,GOOD
1790978069297,517,2580.2,1094.9390812054232,32048.303202292896,72.0,98.0,1.5,-0.8,0.98,GOOD
1790978069297,518,2146.8,889.6336831875748,32015.278581757764,72.0,98.0,1.5,-0.8,0.98,GOOD
1790978069297,519,1914.1,548.1503117898199,32000.879755088616,72.0,98.0,1.5,-0.8,0.98,GOOD
1790978069297,520,1774.9,164.16794808800523,32033.511562939868,72.0,98.0,1.5,-0.8,0.98,GOOD
1790978069297,521,1703.2,-166.9013158631259,32043.029142034688,72.0,98.0,1.5,-0.8,0.98,GOOD
1790978069297,522,1716.9,-389.25984580905623,31958.74286710945,72.0,98.0,1.5,-0.8,0.98,GOOD
1790978069297,523,1812.4,-488.98177682008463,31984.5029892463,72.0,98.0,1.5,-0.8,0.98,GOOD
1790978069297,524,1966.3,-475.2487902759797,32035.541334028418,72.0,98.0,1.5,-0.8,0.98,GOOD
1790978069297,525,2052.0,-376.03701869280405,32045.738749405715,72.0,98.0,1.5,-0.8,0.98,GOOD
1790978074459,526,2057.2,-241.7029228434942,31996.2795215477,72.0,98.0,1.5,-0.8,1.04,GOOD
1790978074459,527,2081.3,-127.24329333545896,32030.264666936775,72.0,98.0,1.5,-0.8,1.04,GOOD
1790978074459,528,2105.2,-58.79600941121914,31979.007369469182,72.0,98.0,1.5,-0.8,1.04,GOOD
1790978074459,529,2128.7,-27.198413573202227,32041.289794336353,72.0,98.0,1.5,-0.8,1.04,GOOD
1790978074459,530,2151.8,-12.581171389023467,31978.303227857792,72.0,98.0,1.5,-0.8,1.04,GOOD
1790978074459,531,2174.3,-2.5333089183888546,32004.80850925765,72.0,98.0,1.5,-0.8,1.04,GOOD
1790978074459,532,2196.1,9.122502649305929,32011.93956928385,72.0,98.0,1.5,-0.8,1.04,GOOD
1790978074459,533,2217.1,27.08500152963228,32025.059088042963,72.0,98.0,1.5,-0.8,1.04,GOOD
1790978074459,534,2237.1,52.49555891023733,31996.757802494165,72.0,98.0,1.5,-0.8,1.04,GOOD
1790978074459,535,2256.0,79.93174170991733,32038.386859438582,72.0,98.0,1.5,-0.8,1.04,GOOD
1790978074459,536,2273.7,101.72902130663417,31951.644069435104,72.0,98.0,1.5,-0.8,1.04,GOOD
1790978074459,537,2290.1,115.9566793375447,32023.921691527612,72.0,98.0,1.5,-0.8,1.04,GOOD
1790978074459,538,2305.2,127.72661789327933,31996.631131391434,72.0,98.0,1.5,-0.8,1.04,GOOD
1790978074459,539,2318.8,142.06606418661136,31976.004452146142,72.0,98.0,1.5,-0.8,1.04,GOOD
1790978074459,540,2330.9,157.79531023276206,32003.632211837295,72.0,98.0,1.5,-0.8,1.04,GOOD
1790978074459,541,2341.4,170.0184005630873,32040.593632670116,72.0,98.0,1.5,-0.8,1.04,GOOD
1790978074459,542,2350.2,177.02803120798808,31962.369606725595,72.0,98.0,1.5,-0.8,1.04,GOOD
1790978074459,543,2357.2,182.11072571797303,32003.556173158253,72.0,98.0,1.5,-0.8,1.04,GOOD
1790978074459,544,2362.6,188.48696722243506,32041.185224344033,72.0,98.0,1.5,-0.8,1.04,GOOD
1790978074459,545,2366.1,194.904233371555,31957.457465912725,72.0,98.0,1.5,-0.8,1.04,GOOD
1790978074459,546,2367.8,197.7082179676823,31961.993179416168,72.0,98.0,1.5,-0.8,1.04,GOOD
1790978074459,547,2367.7,195.95887085619697,31952.11599432252,72.0,98.0,1.5,-0.8,1.04,GOOD
1790978074459,548,2365.8,192.42973220064505,32003.836804474435,72.0,98.0,1.5,-0.8,1.04,GOOD
1790978074459,549,2362.1,189.55479347045792,31999.825774971243,72.0,98.0,1.5,-0.8,1.04,GOOD
1790978074459,550,2356.6,186.26304095359725,31998.49075024901,72.0,98.0,1.5,-0.8,1.04,GOOD
1790978079621,551,2068.3,168.77902474767524,32004.330445512172,72.0,98.0,1.5,-0.8,0.98,GOOD
1790978079621,552,2058.2,111.88865266415404,31990.24115538211,72.0,98.0,1.5,-0.8,0.98,GOOD
1790978079621,553,2060.9,17.098757470566454,32014.49431986252,72.0,98.0,1.5,-0.8,0.98,GOOD
1790978079621,554,2061.2,-76.75632204301685,31985.938473157712,72.0,98.0,1.5,-0.8,0.98,GOOD
1790978079621,555,2056.3,-137.3835171728852,32004.95630343295,72.0,98.0,1.5,-0.8,0.98,GOOD
1790978079621,556,2040.1,-160.37342518298,31998.070940338326,72.0,98.0,1.5,-0.8,0.98,GOOD
1790978079621,557,2053.5,-155.65713789176186,32015.797391151184,72.0,98.0,1.5,-0.8,0.98,GOOD
1790978079621,558,2045.6,-137.30673353502283,32005.864656921844,72.0,98.0,1.5,-0.8,0.98,GOOD
1790978079621,559,2060.0,-120.81971410557846,32014.135562356896,72.0,98.0,1.5,-0.8,0.98,GOOD
1790978079621,560,2040.7,-116.76394557667923,32020.033496572985,72.0,98.0,1.5,-0.8,0.98,GOOD
1790978079621,561,2052.7,-123.07985160524905,31990.960847610797,72.0,98.0,1.5,-0.8,0.98,GOOD
1790978079621,562,2053.1,-127.85333488502955,31987.443943152823,72.0,98.0,1.5,-0.8,0.98,GOOD
1790978079621,563,2042.6,-123.7316998696793,31978.452103901785,72.0,98.0,1.5,-0.8,0.98,GOOD
1790978079621,564,2050.9,-116.6273339879582,32015.718606348735,72.0,98.0,1.5,-0.8,0.98,GOOD
1790978079621,565,2033.2,-115.92872401997339,31999.81345097635,72.0,98.0,1.5,-0.8,0.98,GOOD
1790978079621,566,2035.7,-122.05726719977773,31984.066916923355,72.0,98.0,1.5,-0.8,0.98,GOOD
1790978079621,567,2045.3,-126.73624575904122,32001.88541812746,72.0,98.0,1.5,-0.8,0.98,GOOD
1790978079621,568,2048.5,-123.39654055447359,32026.96508319511,72.0,98.0,1.5,-0.8,0.98,GOOD
1790978079621,569,2035.0,-115.97990193251212,31985.42614524515,72.0,98.0,1.5,-0.8,0.98,GOOD
1790978079621,570,2056.8,-112.56909001521807,31989.67777529717,72.0,98.0,1.5,-0.8,0.98,GOOD
1790978079621,571,2050.4,-112.63435712569446,31956.165267802513,72.0,98.0,1.5,-0.8,0.98,GOOD
1790978079621,572,2056.4,-109.3095381255948,31961.85223118987,72.0,98.0,1.5,-0.8,0.98,GOOD
1790978079621,573,2033.3,-101.70896735059397,32006.88154074452,72.0,98.0,1.5,-0.8,0.98,GOOD
1790978079621,574,2040.4,-97.05093884962744,31984.252780933286,72.0,98.0,1.5,-0.8,0.98,GOOD
1790978079621,575,2062.6,-99.29088703941265,32015.492249346567,72.0,98.0,1.5,-0.8,0.98,GOOD
1790978084785,576,2053.7,-102.48354361249093,32017.123854782854,72.0,98.0,1.5,-0.8,0.99,GOOD
1790978084785,577,2059.7,-99.56490060394881,32024.434404468022,72.0,98.0,1.5,-0.8,0.99,GOOD
1790978084785,578,2054.1,-90.95840561420965,32037.117854496493,72.0,98.0,1.5,-0.8,0.99,GOOD
1790978084785,579,2048.0,-83.14598496235553,31951.737833640374,72.0,98.0,1.5,-0.8,0.99,GOOD
1790978084785,580,2062.3,-81.34599085707458,32019.85143678827,72.0,98.0,1.5,-0.8,0.99,GOOD
1790978084785,581,2039.8,-84.117969242532,32032.06868188646,72.0,98.0,1.5,-0.8,0.99,GOOD
1790978084785,582,2033.2,-87.51746571666776,31975.619754920135,72.0,98.0,1.5,-0.8,0.99,GOOD
1790978084785,583,2056.4,-89.40715716863767,32002.194877300717,72.0,98.0,1.5,-0.8,0.99,GOOD
1790978084785,584,2047.0,-88.7514239895106,31952.73953007766,72.0,98.0,1.5,-0.8,0.99,GOOD
1790978084785,585,2038.6,-87.15387587218316,32043.571679458375,72.0,98.0,1.5,-0.8,0.99,GOOD
1790978084785,586,2041.1,-87.08120875671005,32034.567743831245,72.0,98.0,1.5,-0.8,0.99,GOOD
1790978084785,587,2036.8,-87.4219437256261,32038.528208067943,72.0,98.0,1.5,-0.8,0.99,GOOD
1790978084785,588,2059.3,-85.49684416333332,32026.82705589017,72.0,98.0,1.5,-0.8,0.99,GOOD
1790978084785,589,2049.1,-81.04764329769714,32045.122680695047,72.0,98.0,1.5,-0.8,0.99,GOOD
1790978084785,590,2046.6,-76.74644052336566,32022.823559080345,72.0,98.0,1.5,-0.8,0.99,GOOD
1790978084785,591,2048.7,-74.51109643093474,32010.465582500325,72.0,98.0,1.5,-0.8,0.99,GOOD
1790978084785,592,2058.3,-72.35762577391151,31960.16574641344,72.0,98.0,1.5,-0.8,0.99,GOOD
1790978084785,593,2055.0,-68.1505219840102,31969.288578638538,72.0,98.0,1.5,-0.8,0.99,GOOD
1790978084785,594,2051.1,-63.86842309234191,32006.34865270986,72.0,98.0,1.5,-0.8,0.99,GOOD
1790978084785,595,2061.1,-62.12467514736065,31996.46461941016,72.0,98.0,1.5,-0.8,0.99,GOOD
1790978084785,596,2058.2,-61.36041048350716,31971.501039573915,72.0,98.0,1.5,-0.8,0.99,GOOD
1790978084785,597,2059.8,-58.681328551764,31990.02486017296,72.0,98.0,1.5,-0.8,0.99,GOOD
1790978084785,598,2037.7,-55.35213307135013,32048.112716835978,72.0,98.0,1.5,-0.8,0.99,GOOD
1790978084785,599,2048.6,-55.47823358084227,32025.31681970851,72.0,98.0,1.5,-0.8,0.99,GOOD
1790978084785,600,2034.0,-59.96144372795929,31989.350830293977,72.0,98.0,1.5,-0.8,0.99,GOOD
1790978089946,601,2034.0,-65.81595963766298,32009.916256005294,72.0,98.0,1.5,-0.8,0.98,GOOD
1790978089946,602,2042.7,-69.73334981237835,32047.82310251066,72.0,98.0,1.5,-0.8,0.98,GOOD
1790978089946,603,2057.8,-69.26514444244461,31976.67009403142,72.0,98.0,1.5,-0.8,0.98,GOOD
1790978089946,604,2043.9,-64.40863805997031,31955.679072323575,72.0,98.0,1.5,-0.8,0.98,GOOD
1790978089946,605,2045.2,-58.55257367154764,32000.82955004762,72.0,98.0,1.5,-0.8,0.98,GOOD
1790978089946,606,2061.9,-53.96342546775869,31975.761669410236,72.0,98.0,1.5,-0.8,0.98,GOOD
1790978089946,607,2059.5,-49.25040330315015,32011.322803467538,72.0,98.0,1.5,-0.8,0.98,GOOD
1790978089946,608,2040.1,-44.73463524070854,32023.189841579693,72.0,98.0,1.5,-0.8,0.98,GOOD
1790978089946,609,2057.4,-43.399659275695896,32047.20659609131,72.0,98.0,1.5,-0.8,0.98,GOOD
1790978089946,610,2037.8,-45.10658083353472,31977.928285317525,72.0,98.0,1.5,-0.8,0.98,GOOD
1790978089946,611,2037.5,-47.67865606495232,31985.788584380054,72.0,98.0,1.5,-0.8,0.98,GOOD
1790978089946,612,2060.7,-49.62247609020598,31951.232647568246,72.0,98.0,1.5,-0.8,0.98,GOOD
1790978089946,613,2046.8,-49.152650740624416,32027.75275145925,72.0,98.0,1.5,-0.8,0.98,GOOD
1790978089946,614,2048.5,-46.492193246776445,31992.45659425253,72.0,98.0,1.5,-0.8,0.98,GOOD
1790978089946,615,2042.2,-43.810820302829285,31950.35120269657,72.0,98.0,1.5,-0.8,0.98,GOOD
1790978089946,616,2045.1,-42.039223977076134,31968.428002564047,72.0,98.0,1.5,-0.8,0.98,GOOD
1790978089946,617,2047.1,-41.16460250900541,31994.91468980088,72.0,98.0,1.5,-0.8,0.98,GOOD
1790978089946,618,2060.3,-40.669036934344255,31953.656410020292,72.0,98.0,1.5,-0.8,0.98,GOOD
1790978089946,619,2060.5,-38.838052064844945,32019.83506145457,72.0,98.0,1.5,-0.8,0.98,GOOD
1790978089946,620,2062.0,-34.1603399137139,32045.433482179556,72.0,98.0,1.5,-0.8,0.98,GOOD
1790978089946,621,2057.0,-27.56488652523737,32039.919534090553,72.0,98.0,1.5,-0.8,0.98,GOOD
1790978089946,622,2048.7,-22.592113289981018,32032.241783553858,72.0,98.0,1.5,-0.8,0.98,GOOD
1790978089946,623,2059.2,-22.213144810447936,32027.70825508633,72.0,98.0,1.5,-0.8,0.98,GOOD
1790978089946,624,2055.9,-25.089266196350138,31971.21890395156,72.0,98.0,1.5,-0.8,0.98,GOOD
1790978089946,625,2036.0,-28.017131591288432,32041.20912289131,72.0,98.0,1.5,-0.8,0.98,GOOD
1790978095230,626,2039.9,-30.462042918830036,31955.924729960032,72.0,98.0,1.5,-0.8,0.99,GOOD
1790978095230,627,2061.8,-32.254172257874,32044.228882333082,72.0,98.0,1.5,-0.8,0.99,GOOD
1790978095230,628,2061.2,-31.354167547426474,31983.850555513032,72.0,98.0,1.5,-0.8,0.99,GOOD
1790978095230,629,2039.5,-28.067510092019315,31984.19754798406,72.0,98.0,1.5,-0.8,0.99,GOOD
1790978095230,630,2060.4,-25.116195008759906,32038.2146173429,72.0,98.0,1.5,-0.8,0.99,GOOD
1790978095230,631,2051.8,-22.51409513357514,31970.30185260707,72.0,98.0,1.5,-0.8,0.99,GOOD
1790978095230,632,2037.3,-20.27863582316783,31990.593143973027,72.0,98.0,1.5,-0.8,0.99,GOOD
1790978095230,633,2039.0,-21.672594534574593,31957.874765661516,72.0,98.0,1.5,-0.8,0.99,GOOD
1790978095230,634,2048.0,-26.88374239749668,32019.35351331559,72.0,98.0,1.5,-0.8,0.99,GOOD
1790978095230,635,2044.2,-30.824295593472446,32036.667415291126,72.0,98.0,1.5,-0.8,0.99,GOOD
1790978095230,636,2033.7,-30.522196205740244,32018.14182762901,72.0,98.0,1.5,-0.8,0.99,GOOD
1790978095230,637,2054.1,-27.922083255997425,31986.72361978473,72.0,98.0,1.5,-0.8,0.99,GOOD
1790978095230,638,2056.9,-24.71146128023182,31957.591711025816,72.0,98.0,1.5,-0.8,0.99,GOOD
1790978095230,639,2040.3,-21.278228436965236,32042.56344204482,72.0,98.0,1.5,-0.8,0.99,GOOD
1790978095230,640,2035.4,-19.369464345264802,31990.053028011123,72.0,98.0,1.5,-0.8,0.99,GOOD
1790978095230,641,2057.1,-19.324201386691648,31958.679990415778,72.0,98.0,1.5,-0.8,0.99,GOOD
1790978095230,642,2063.4,-18.08830419842504,32040.423745168984,72.0,98.0,1.5,-0.8,0.99,GOOD
1790978095230,643,2087.5,-12.964054914103464,32002.929631422874,72.0,98.0,1.5,-0.8,0.99,GOOD
1790978095230,644,2111.3,-2.5658978976598705,32021.273638856717,72.0,98.0,1.5,-0.8,0.99,GOOD
1790978095230,645,2134.7,14.687640334508664,31970.08985031047,72.0,98.0,1.5,-0.8,0.99,GOOD
1790978095230,646,2157.7,38.48044296762367,32038.8269566498,72.0,98.0,1.5,-0.8,0.99,GOOD
1790978095230,647,2180.0,64.99726148326376,32016.29272118747,72.0,98.0,1.5,-0.8,0.99,GOOD
1790978095230,648,2201.6,89.5623529710554,31974.103528921558,72.0,98.0,1.5,-0.8,0.99,GOOD
1790978095230,649,2222.3,110.37536198244626,32009.0066481601,72.0,98.0,1.5,-0.8,0.99,GOOD
1790978095230,650,2242.0,129.10132030619502,31981.98491210294,72.0,98.0,1.5,-0.8,0.99,GOOD
1790978100392,651,2351.2,151.3973753020823,32004.693414184992,72.0,98.0,1.5,-0.8,0.99,GOOD
1790978100392,652,2342.7,183.9723173775516,32037.494855724315,72.0,98.0,1.5,-0.8,0.99,GOOD
1790978100392,653,2332.4,222.0648919386669,32024.40988902549,72.0,98.0,1.5,-0.8,0.99,GOOD
1790978100392,654,2320.6,250.06868480939067,32020.085124322315,72.0,98.0,1.5,-0.8,0.99,GOOD
1790978100392,655,2307.2,258.7946183782143,32010.53745805414,72.0,98.0,1.5,-0.8,0.99,GOOD
1790978100392,656,2292.3,249.89467753562224,31989.047941237564,72.0,98.0,1.5,-0.8,0.99,GOOD
1790978100392,657,2276.0,228.81281709076623,32041.31110989299,72.0,98.0,1.5,-0.8,0.99,GOOD
1790978100392,658,2258.5,201.97719628149835,32025.797597650635,72.0,98.0,1.5,-0.8,0.99,GOOD
1790978100392,659,2239.7,176.22790387733033,31990.708625101313,72.0,98.0,1.5,-0.8,0.99,GOOD
1790978100392,660,2219.9,155.6805433295669,31966.346884794377,72.0,98.0,1.5,-0.8,0.99,GOOD
1790978100392,661,2199.1,138.66890672727106,31980.73180834601,72.0,98.0,1.5,-0.8,0.99,GOOD
1790978100392,662,2177.4,119.95636088206894,31996.865706839413,72.0,98.0,1.5,-0.8,0.99,GOOD
1790978100392,663,2155.0,96.74431209473796,32046.148577196243,72.0,98.0,1.5,-0.8,0.99,GOOD
1790978100392,664,2131.9,71.386992013466,32042.234027887604,72.0,98.0,1.5,-0.8,0.99,GOOD
1790978100392,665,2108.4,47.70853694143986,32010.857246691954,72.0,98.0,1.5,-0.8,0.99,GOOD
1790978100392,666,2084.6,26.090966301629933,32018.85885562247,72.0,98.0,1.5,-0.8,0.99,GOOD
1790978100392,667,2060.6,3.684329308439494,32032.01446144749,72.0,98.0,1.5,-0.8,0.99,GOOD
1790978100392,668,2039.9,-21.0010833673451,31962.316217728512,72.0,98.0,1.5,-0.8,0.99,GOOD
1790978100392,669,2055.6,-44.155778156177114,31971.348501909473,72.0,98.0,1.5,-0.8,0.99,GOOD
1790978100392,670,2053.3,-58.64477414886115,31975.392646154647,72.0,98.0,1.5,-0.8,0.99,GOOD
1790978100392,671,2050.1,-62.12200155311323,31957.40646586956,72.0,98.0,1.5,-0.8,0.99,GOOD
1790978100392,672,2034.7,-60.30685372767331,32016.05766158421,72.0,98.0,1.5,-0.8,0.99,GOOD
1790978100392,673,2047.5,-59.5476928468638,31982.747997991748,72.0,98.0,1.5,-0.8,0.99,GOOD
1790978100392,674,2041.4,-60.22144571295106,32009.44395021179,72.0,98.0,1.5,-0.8,0.99,GOOD
1790978100392,675,2046.8,-59.933984965198455,31969.47718639102,72.0,98.0,1.5,-0.8,0.99,GOOD
1790978105553,676,2049.1,-58.30060708143652,31951.370605043012,72.0,98.0,1.5,-0.8,1.0,GOOD
1790978105553,677,2054.0,-56.037507312138736,31954.180570510318,72.0,98.0,1.5,-0.8,1.0,GOOD
1790978105553,678,2038.4,-53.677317325066745,32023.251299640542,72.0,98.0,1.5,-0.8,1.0,GOOD
1790978105553,679,2042.8,-52.109843161719965,32033.526918823707,72.0,98.0,1.5,-0.8,1.0,GOOD
1790978105553,680,2038.5,-51.930512982409525,32049.325434993338,72.0,98.0,1.5,-0.8,1.0,GOOD
1790978105553,681,2035.4,-53.27113715843124,32049.29817869351,72.0,98.0,1.5,-0.8,1.0,GOOD
1790978105553,682,2037.2,-55.99123626894409,31993.466521129987,72.0,98.0,1.5,-0.8,1.0,GOOD
1790978105553,683,2040.6,-58.389261920328686,31998.775045333117,72.0,98.0,1.5,-0.8,1.0,GOOD
1790978105553,684,2059.1,-57.307869944728836,32006.827535662,72.0,98.0,1.5,-0.8,1.0,GOOD
1790978105553,685,2042.9,-51.634568268703795,32030.30299738176,72.0,98.0,1.5,-0.8,1.0,GOOD
1790978105553,686,2048.6,-44.896250731254824,31967.815846003337,72.0,98.0,1.5,-0.8,1.0,GOOD
1790978105553,687,2034.8,-41.62141204556366,32032.123274623627,72.0,98.0,1.5,-0.8,1.0,GOOD
1790978105553,688,2036.0,-42.82386097001884,31966.921570727245,72.0,98.0,1.5,-0.8,1.0,GOOD
1790978105553,689,2052.9,-45.69676040867539,32025.589211105762,72.0,98.0,1.5,-0.8,1.0,GOOD
1790978105553,690,2042.1,-46.47195603713648,31996.256726243268,72.0,98.0,1.5,-0.8,1.0,GOOD
1790978105553,691,2041.8,-44.84626208149548,31955.276073444413,72.0,98.0,1.5,-0.8,1.0,GOOD
1790978105553,692,2053.6,-42.5878786362437,31990.528624464507,72.0,98.0,1.5,-0.8,1.0,GOOD
1790978105553,693,2035.0,-40.038087435362314,32019.29967594623,72.0,98.0,1.5,-0.8,1.0,GOOD
1790978105553,694,2060.7,-37.383910616648905,31954.804405012284,72.0,98.0,1.5,-0.8,1.0,GOOD
1790978105553,695,2053.6,-34.5532637313314,31967.60003056546,72.0,98.0,1.5,-0.8,1.0,GOOD
1790978105553,696,2052.3,-31.418400978097285,32038.343526558067,72.0,98.0,1.5,-0.8,1.0,GOOD
1790978105553,697,2041.3,-29.308587030306274,31952.87443121376,72.0,98.0,1.5,-0.8,1.0,GOOD
1790978105553,698,2047.2,-29.13027723057393,31974.572981219157,72.0,98.0,1.5,-0.8,1.0,GOOD
1790978105553,699,2047.4,-30.016592225809884,31983.25631707123,72.0,98.0,1.5,-0.8,1.0,GOOD
1790978105553,700,2050.7,-30.832677697700476,31950.504052793436,72.0,98.0,1.5,-0.8,1.0,GOOD
1790978110717,701,2039.0,-31.4957891056108,32032.609856791412,72.0,98.0,1.5,-0.8,0.99,GOOD
1790978110717,702,2044.6,-32.21453785273594,32025.835059212008,72.0,98.0,1.5,-0.8,0.99,GOOD
1790978110717,703,2054.9,-31.77045542301421,31977.435791812073,72.0,98.0,1.5,-0.8,0.99,GOOD
1790978110717,704,2034.4,-29.538792200525727,31994.140015143214,72.0,98.0,1.5,-0.8,0.99,GOOD
1790978110717,705,2041.1,-28.28587667921949,31975.916168395266,72.0,98.0,1.5,-0.8,0.99,GOOD
1790978110717,706,2043.2,-29.828181142870605,32025.86315027714,72.0,98.0,1.5,-0.8,0.99,GOOD
1790978110717,707,2040.6,-31.740725961641534,32049.89650886518,72.0,98.0,1.5,-0.8,0.99,GOOD
1790978110717,708,2059.5,-30.940389525410065,31974.99435508408,72.0,98.0,1.5,-0.8,0.99,GOOD
1790978110717,709,2060.5,-26.258470141347715,31979.613891499623,72.0,98.0,1.5,-0.8,0.99,GOOD
1790978110717,710,2051.1,-19.571679498879945,31984.22334250522,72.0,98.0,1.5,-0.8,0.99,GOOD
1790978110717,711,2061.5,-14.386591738970534,32027.099752197897,72.0,98.0,1.5,-0.8,0.99,GOOD
1790978110717,712,2054.2,-11.601305914194928,31960.14811026581,72.0,98.0,1.5,-0.8,0.99,GOOD
1790978110717,713,2042.5,-10.717805345339784,32016.60861357582,72.0,98.0,1.5,-0.8,0.99,GOOD
1790978110717,714,2036.1,-12.98972243555355,32043.088063763877,72.0,98.0,1.5,-0.8,0.99,GOOD
1790978110717,715,2057.7,-18.096022107922565,32047.40269687791,72.0,98.0,1.5,-0.8,0.99,GOOD
1790978110717,716,2044.1,-22.047570531100007,32024.513188849138,72.0,98.0,1.5,-0.8,0.99,GOOD
1790978110717,717,2035.8,-22.74798213800297,32004.90799811832,72.0,98.0,1.5,-0.8,0.99,GOOD
1790978110717,718,2042.8,-22.118820146658205,32045.840942250616,72.0,98.0,1.5,-0.8,0.99,GOOD
1790978110717,719,2059.9,-20.933990201869626,32006.28286289153,72.0,98.0,1.5,-0.8,0.99,GOOD
1790978110717,720,2045.4,-18.32245843331811,32036.3801692571,72.0,98.0,1.5,-0.8,0.99,GOOD
1790978110717,721,2061.0,-14.9739209286202,32039.78801315088,72.0,98.0,1.5,-0.8,0.99,GOOD
1790978110717,722,2048.8,-11.722843522580499,31998.513941893354,72.0,98.0,1.5,-0.8,0.99,GOOD
1790978110717,723,2058.8,-8.5066499504298,32041.358686254476,72.0,98.0,1.5,-0.8,0.99,GOOD
1790978110717,724,2046.4,-6.0970591493211455,32031.909958809258,72.0,98.0,1.5,-0.8,0.99,GOOD
1790978110717,725,2045.3,-6.23543915502146,31966.40758913181,72.0,98.0,1.5,-0.8,0.99,GOOD
1790978115880,726,2049.3,-9.209412999802831,32035.31016485571,72.0,98.0,1.5,-0.8,1.02,GOOD
1790978115880,727,2053.9,-12.122869633146513,31964.68700753298,72.0,98.0,1.5,-0.8,1.02,GOOD
1790978115880,728,2039.3,-12.45643321024464,32045.688448179415,72.0,98.0,1.5,-0.8,1.02,GOOD
1790978115880,729,2037.6,-11.869894981810518,31955.041510155188,72.0,98.0,1.5,-0.8,1.02,GOOD
1790978115880,730,2056.0,-12.472072150206893,32045.947069166294,72.0,98.0,1.5,-0.8,1.02,GOOD
1790978115880,731,2049.1,-12.813345993476853,32005.66576469996,72.0,98.0,1.5,-0.8,1.02,GOOD
1790978115880,732,2082.8,-9.966173578555976,32031.72184114253,72.0,98.0,1.5,-0.8,1.02,GOOD
1790978115880,733,2115.3,-0.49228579188427535,31967.09717930053,72.0,98.0,1.5,-0.8,1.02,GOOD
1790978115880,734,2145.4,18.548203313538313,32034.105693244674,72.0,98.0,1.5,-0.8,1.02,GOOD
1790978115880,735,2172.0,45.87003483456811,32033.228239216078,72.0,98.0,1.5,-0.8,1.02,GOOD
1790978115880,736,2194.3,76.51908757051396,32007.04678835155,72.0,98.0,1.5,-0.8,1.02,GOOD
1790978115880,737,2211.3,105.58024137207762,31955.381801577078,72.0,98.0,1.5,-0.8,1.02,GOOD
1790978115880,738,2222.6,129.7410299825539,32008.08028527483,72.0,98.0,1.5,-0.8,1.02,GOOD
1790978115880,739,2227.7,147.10006767789838,31999.960653192986,72.0,98.0,1.5,-0.8,1.02,GOOD
1790978115880,740,2226.4,156.95713807449297,32021.181821305345,72.0,98.0,1.5,-0.8,1.02,GOOD
1790978115880,741,2218.9,159.78005505607592,32025.519343865508,72.0,98.0,1.5,-0.8,1.02,GOOD
1790978115880,742,2205.2,156.61370944683148,32026.562463628183,72.0,98.0,1.5,-0.8,1.02,GOOD
1790978115880,743,2186.0,148.06539080049782,31985.44063918793,72.0,98.0,1.5,-0.8,1.02,GOOD
1790978115880,744,2161.9,133.96066023106016,32039.136997418685,72.0,98.0,1.5,-0.8,1.02,GOOD
1790978115880,745,2133.8,114.09645526344096,31985.820316321653,72.0,98.0,1.5,-0.8,1.02,GOOD
1790978115880,746,2102.6,89.11284884364419,31996.24718647745,72.0,98.0,1.5,-0.8,1.02,GOOD
1790978115880,747,2069.5,60.41060316614622,32023.24977293636,72.0,98.0,1.5,-0.8,1.02,GOOD
1790978115880,748,2053.7,30.04834349070308,32035.57432530752,72.0,98.0,1.5,-0.8,1.02,GOOD
1790978115880,749,2061.3,2.0818219029632945,32028.997326397213,72.0,98.0,1.5,-0.8,1.02,GOOD
1790978115880,750,2055.8,-18.012034477327795,32008.23426374702,72.0,98.0,1.5,-0.8,1.02,GOOD
1790978121040,751,1765.8,-39.07786399865533,31983.21074465124,72.0,98.0,1.5,-0.8,0.97,GOOD
1790978121040,752,1701.0,-91.09333806299621,32036.823109465407,72.0,98.0,1.5,-0.8,0.97,GOOD
1790978121040,753,1722.0,-183.98245981329137,31992.634584266532,72.0,98.0,1.5,-0.8,0.97,GOOD
1790978121040,754,1823.7,-279.45978525140714,32012.0792143736,72.0,98.0,1.5,-0.8,0.97,GOOD
1790978121040,755,1980.8,-324.25804961122117,31977.272558558496,72.0,98.0,1.5,-0.8,0.97,GOOD
1790978121040,756,2039.0,-290.2527451701016,31985.350074651342,72.0,98.0,1.5,-0.8,0.97,GOOD
1790978121040,757,2037.3,-191.8204698128068,32049.085324138618,72.0,98.0,1.5,-0.8,0.97,GOOD
1790978121040,758,2045.9,-76.94560653323043,31970.566642278052,72.0,98.0,1.5,-0.8,0.97,GOOD
1790978121040,759,2060.2,6.405765603668716,31978.940527394803,72.0,98.0,1.5,-0.8,0.97,GOOD
1790978121040,760,2047.2,37.18882507614664,32049.601948091746,72.0,98.0,1.5,-0.8,0.97,GOOD
1790978121040,761,2047.9,25.33315363420491,31997.599871634808,72.0,98.0,1.5,-0.8,0.97,GOOD
1790978121040,762,2048.6,0.26992403859836767,32014.69622485684,72.0,98.0,1.5,-0.8,0.97,GOOD
1790978121040,763,2054.2,-11.484820968924954,32009.358139703363,72.0,98.0,1.5,-0.8,0.97,GOOD
1790978121040,764,2061.8,-5.461123857756073,31979.622040998336,72.0,98.0,1.5,-0.8,0.97,GOOD
1790978121040,765,2040.1,3.756552809814938,32013.609672846367,72.0,98.0,1.5,-0.8,0.97,GOOD
1790978121040,766,2049.7,3.2866417518648463,32007.01078664942,72.0,98.0,1.5,-0.8,0.97,GOOD
1790978121040,767,2034.8,-3.710106076537267,31965.95007033435,72.0,98.0,1.5,-0.8,0.97,GOOD
1790978121040,768,2055.1,-6.190732288513681,31986.804986192954,72.0,98.0,1.5,-0.8,0.97,GOOD
1790978121040,769,2062.9,-0.8978847161205987,32039.62350912623,72.0,98.0,1.5,-0.8,0.97,GOOD
1790978121040,770,2041.6,4.781574827236622,32024.78247062546,72.0,98.0,1.5,-0.8,0.97,GOOD
1790978121040,771,2035.2,2.818586643292713,32046.011054900013,72.0,98.0,1.5,-0.8,0.97,GOOD
1790978121040,772,2057.2,-3.6461427203676484,32009.16806713948,72.0,98.0,1.5,-0.8,0.97,GOOD
1790978121040,773,2070.9,-3.432013944472433,31974.98863546465,72.0,98.0,1.5,-0.8,0.97,GOOD
1790978121040,774,2094.9,7.413367956842814,32007.836682132274,72.0,98.0,1.5,-0.8,0.97,GOOD
1790978121040,775,2118.6,22.869419630088345,31999.512977115046,72.0,98.0,1.5,-0.8,0.97,GOOD
1790978126205,776,2367.5,47.62994847254474,31955.873434347544,72.0,98.0,1.5,-0.8,0.97,GOOD
1790978126205,777,2368.0,103.6983350758219,31958.9983237944,72.0,98.0,1.5,-0.8,0.97,GOOD
1790978126205,778,2366.6,192.106323813365,31961.175946015446,72.0,98.0,1.5,-0.8,0.97,GOOD
1790978126205,779,2363.5,277.0499235924037,31965.61955657075,72.0,98.0,1.5,-0.8,0.97,GOOD
1790978126205,780,2358.5,325.00565412025327,31961.66634074983,72.0,98.0,1.5,-0.8,0.97,GOOD
1790978126205,781,2351.8,330.45946859075946,32030.961084257826,72.0,98.0,1.5,-0.8,0.97,GOOD
1790978126205,782,2343.4,308.3127055497941,31967.761378816045,72.0,98.0,1.5,-0.8,0.97,GOOD
1790978126205,783,2333.3,279.1422198769702,32020.175941698708,72.0,98.0,1.5,-0.8,0.97,GOOD
1790978126205,784,2321.6,256.99077229347597,31966.921523741403,72.0,98.0,1.5,-0.8,0.97,GOOD
1790978126205,785,2308.3,243.93510230813905,31988.545644167923,72.0,98.0,1.5,-0.8,0.97,GOOD
1790978126205,786,2293.5,233.39137266497923,32021.533669588323,72.0,98.0,1.5,-0.8,0.97,GOOD
1790978126205,787,2277.4,218.7269422385898,32036.246764997046,72.0,98.0,1.5,-0.8,0.97,GOOD
1790978126205,788,2259.9,199.27128075971467,32033.742183590675,72.0,98.0,1.5,-0.8,0.97,GOOD
1790978126205,789,2241.2,178.77320569052517,31995.253301742752,72.0,98.0,1.5,-0.8,0.97,GOOD
1790978126205,790,2221.5,159.6138024333689,32037.78561221035,72.0,98.0,1.5,-0.8,0.97,GOOD
1790978126205,791,2200.7,140.13641588190507,31998.775433743853,72.0,98.0,1.5,-0.8,0.97,GOOD
1790978126205,792,2179.1,117.6841736539616,31983.26172003252,72.0,98.0,1.5,-0.8,0.97,GOOD
1790978126205,793,2156.8,92.67527459542931,31984.000814166455,72.0,98.0,1.5,-0.8,0.97,GOOD
1790978126205,794,2133.8,68.25165420941096,31964.823148574294,72.0,98.0,1.5,-0.8,0.97,GOOD
1790978126205,795,2110.3,46.20658221169973,32031.58020552557,72.0,98.0,1.5,-0.8,0.97,GOOD
1790978126205,796,2086.5,24.769582346300233,32017.980179790324,72.0,98.0,1.5,-0.8,0.97,GOOD
1790978126205,797,2062.5,1.1422717194027032,32026.504107976623,72.0,98.0,1.5,-0.8,0.97,GOOD
1790978126205,798,2046.9,-24.347266180237288,31967.746184847565,72.0,98.0,1.5,-0.8,0.97,GOOD
1790978126205,799,2057.8,-46.7099814024048,32018.372294127093,72.0,98.0,1.5,-0.8,0.97,GOOD
1790978126205,800,2058.6,-59.7682705352142,31967.662661723378,72.0,98.0,1.5,-0.8,0.97,GOOD
1790978131367,801,2058.0,-62.55629333116449,31977.470709769066,72.0,98.0,1.5,-0.8,1.0,GOOD
1790978131367,802,2048.4,-60.41548009973088,31999.536702997917,72.0,98.0,1.5,-0.8,1.0,GOOD
1790978131367,803,2048.7,-58.87102418330271,32025.090550827023,72.0,98.0,1.5,-0.8,1.0,GOOD
1790978131367,804,2050.2,-58.878798960875265,31980.42913301347,72.0,98.0,1.5,-0.8,1.0,GOOD
1790978131367,805,2036.8,-59.291074557386764,31998.143555800572,72.0,98.0,1.5,-0.8,1.0,GOOD
1790978131367,806,2033.5,-61.159387825959925,32023.813286297558,72.0,98.0,1.5,-0.8,1.0,GOOD
1790978131367,807,2053.9,-65.07405517617534,31982.08518593033,72.0,98.0,1.5,-0.8,1.0,GOOD
1790978131367,808,2041.5,-67.82309511268322,32013.918998041845,72.0,98.0,1.5,-0.8,1.0,GOOD
1790978131367,809,2051.3,-66.5391561347372,31984.863153268296,72.0,98.0,1.5,-0.8,1.0,GOOD
1790978131367,810,2057.6,-61.46115666694041,32033.3485085297,72.0,98.0,1.5,-0.8,1.0,GOOD
1790978131367,811,2040.0,-55.20358502125253,32004.9579327894,72.0,98.0,1.5,-0.8,1.0,GOOD
1790978131367,812,2046.4,-52.013784607319145,31996.38379072337,72.0,98.0,1.5,-0.8,1.0,GOOD
1790978131367,813,2044.2,-53.37265373734563,31972.749763851953,72.0,98.0,1.5,-0.8,1.0,GOOD
1790978131367,814,2051.9,-55.931282808884696,32006.483807753022,72.0,98.0,1.5,-0.8,1.0,GOOD
1790978131367,815,2035.8,-56.53074748582365,32044.883335668448,72.0,98.0,1.5,-0.8,1.0,GOOD
1790978131367,816,2043.3,-55.8728751422503,32028.46987155806,72.0,98.0,1.5,-0.8,1.0,GOOD
1790978131367,817,2054.2,-55.32345048078313,32015.050989382748,72.0,98.0,1.5,-0.8,1.0,GOOD
1790978131367,818,2058.1,-53.71126876220174,32022.504146947795,72.0,98.0,1.5,-0.8,1.0,GOOD
1790978131367,819,2053.2,-49.90311729394091,31993.53675461333,72.0,98.0,1.5,-0.8,1.0,GOOD
1790978131367,820,2061.0,-44.76600593324638,31979.922010439113,72.0,98.0,1.5,-0.8,1.0,GOOD
1790978131367,821,2058.1,-39.65965109818582,31992.119102232886,72.0,98.0,1.5,-0.8,1.0,GOOD
1790978131367,822,2035.6,-36.888226539044766,32049.064859972124,72.0,98.0,1.5,-0.8,1.0,GOOD
1790978131367,823,2043.1,-39.281931641733166,32011.97648619423,72.0,98.0,1.5,-0.8,1.0,GOOD
1790978131367,824,2034.8,-45.90877029054564,31982.045682881773,72.0,98.0,1.5,-0.8,1.0,GOOD
1790978131367,825,2055.3,-51.710061159736924,32045.936107844835,72.0,98.0,1.5,-0.8,1.0,GOOD
1790978136531,826,2042.2,-52.63613500235891,31970.391871587446,72.0,98.0,1.5,-0.8,1.03,GOOD
1790978136531,827,2036.3,-49.948356572892806,31968.644840570825,72.0,98.0,1.5,-0.8,1.03,GOOD
1790978136531,828,2054.8,-47.36857149905147,32049.407201531514,72.0,98.0,1.5,-0.8,1.03,GOOD
1790978136531,829,2036.6,-45.70749270628254,31958.69897454931,72.0,98.0,1.5,-0.8,1.03,GOOD
1790978136531,830,2052.2,-44.29808085485523,32009.88294272062,72.0,98.0,1.5,-0.8,1.03,GOOD
1790978136531,831,2060.6,-42.261750781836504,32030.151500734475,72.0,98.0,1.5,-0.8,1.03,GOOD
1790978136531,832,2055.4,-38.39233695412062,31959.132489839874,72.0,98.0,1.5,-0.8,1.03,GOOD
1790978136531,833,2062.8,-33.43401716289304,31984.97061281886,72.0,98.0,1.5,-0.8,1.03,GOOD
1790978136531,834,2060.5,-28.948773918730605,31997.687607038162,72.0,98.0,1.5,-0.8,1.03,GOOD
1790978136531,835,2049.9,-25.943586508609876,32033.692152192747,72.0,98.0,1.5,-0.8,1.03,GOOD
1790978136531,836,2061.0,-25.24357733352688,31964.812109358983,72.0,98.0,1.5,-0.8,1.03,GOOD
1790978136531,837,2033.3,-27.087890063894477,31972.253326282425,72.0,98.0,1.5,-0.8,1.03,GOOD
1790978136531,838,2047.2,-31.47563777678934,31972.045809084495,72.0,98.0,1.5,-0.8,1.03,GOOD
1790978136531,839,2057.8,-36.197174557217295,32010.6215917748,72.0,98.0,1.5,-0.8,1.03,GOOD
1790978136531,840,2048.1,-37.37774390083341,31983.918761029254,72.0,98.0,1.5,-0.8,1.03,GOOD
1790978136531,841,2036.1,-35.48350181799553,32025.862446200645,72.0,98.0,1.5,-0.8,1.03,GOOD
1790978136531,842,2054.3,-34.0151432868433,31995.15070871177,72.0,98.0,1.5,-0.8,1.03,GOOD
1790978136531,843,2053.3,-33.18152271064767,32018.817009102866,72.0,98.0,1.5,-0.8,1.03,GOOD
1790978136531,844,2038.3,-31.98870747354839,31971.166763594836,72.0,98.0,1.5,-0.8,1.03,GOOD
1790978136531,845,2045.6,-31.742523166330223,31962.41379225085,72.0,98.0,1.5,-0.8,1.03,GOOD
1790978136531,846,2061.9,-32.04294783870672,32007.452432133246,72.0,98.0,1.5,-0.8,1.03,GOOD
1790978136531,847,2051.4,-30.15941767607875,32000.614077167447,72.0,98.0,1.5,-0.8,1.03,GOOD
1790978136531,848,2060.7,-26.14067052808348,31979.73467097964,72.0,98.0,1.5,-0.8,1.03,GOOD
1790978136531,849,2050.0,-22.487057202042017,32032.961187890145,72.0,98.0,1.5,-0.8,1.03,GOOD
1790978136531,850,2039.7,-21.2527428287016,32006.558635451427,72.0,98.0,1.5,-0.8,1.03,GOOD
1790978141695,851,2054.2,-22.84179683156171,31990.192786614414,72.0,98.0,1.5,-0.8,0.98,GOOD
1790978141695,852,2045.3,-25.323325984763656,31983.12252937534,72.0,98.0,1.5,-0.8,0.98,GOOD
1790978141695,853,2043.4,-27.217589898070703,31978.951415898307,72.0,98.0,1.5,-0.8,0.98,GOOD
1790978141695,854,2049.7,-28.592927418288948,32027.23054209895,72.0,98.0,1.5,-0.8,0.98,GOOD
1790978141695,855,2047.9,-28.653039053280814,31952.021917937233,72.0,98.0,1.5,-0.8,0.98,GOOD
1790978141695,856,2055.2,-26.521008573973262,31951.305160623793,72.0,98.0,1.5,-0.8,0.98,GOOD
1790978141695,857,2038.7,-23.54246545514575,32035.235045130386,72.0,98.0,1.5,-0.8,0.98,GOOD
1790978141695,858,2046.8,-22.461476335212243,31966.501765984904,72.0,98.0,1.5,-0.8,0.98,GOOD
1790978141695,859,2059.1,-23.26177154155966,31982.24665957361,72.0,98.0,1.5,-0.8,0.98,GOOD
1790978141695,860,2052.7,-22.75180113194539,32030.9906196323,72.0,98.0,1.5,-0.8,0.98,GOOD
1790978141695,861,2066.4,-19.35343645129032,31964.65844987424,72.0,98.0,1.5,-0.8,0.98,GOOD
1790978141695,862,2099.7,-12.659288632159539,32042.067192568815,72.0,98.0,1.5,-0.8,0.98,GOOD
1790978141695,863,2131.1,-0.12035477433679986,32011.914390121474,72.0,98.0,1.5,-0.8,0.98,GOOD
1790978141695,864,2159.5,20.48420643285682,32035.696883399,72.0,98.0,1.5,-0.8,0.98,GOOD
1790978141695,865,2184.0,47.79330644185325,31959.30576073555,72.0,98.0,1.5,-0.8,0.98,GOOD
1790978141695,866,2203.7,77.69534830463058,32015.057419583725,72.0,98.0,1.5,-0.8,0.98,GOOD
1790978141695,867,2217.9,105.39356643361134,31966.644445333295,72.0,98.0,1.5,-0.8,0.98,GOOD
1790978141695,868,2226.0,126.91038593939751,31964.387338448134,72.0,98.0,1.5,-0.8,0.98,GOOD
1790978141695,869,2227.9,140.32470937051247,32035.502684579493,72.0,98.0,1.5,-0.8,0.98,GOOD
1790978141695,870,2223.3,146.10743379917355,31969.15283089721,72.0,98.0,1.5,-0.8,0.98,GOOD
1790978141695,871,2212.6,145.84624606677232,32026.475747206343,72.0,98.0,1.5,-0.8,0.98,GOOD
1790978141695,872,2196.0,140.36856438468286,32040.707488714208,72.0,98.0,1.5,-0.8,0.98,GOOD
1790978141695,873,2174.2,129.19830729955402,32022.834856797374,72.0,98.0,1.5,-0.8,0.98,GOOD
1790978141695,874,2147.9,111.77240981087729,31952.71190994909,72.0,98.0,1.5,-0.8,0.98,GOOD
1790978141695,875,2118.1,88.74689551442184,31952.549657910306,72.0,98.0,1.5,-0.8,0.98,GOOD
1790978146856,876,2997.7,97.65653160792769,32008.317072834052,72.0,98.0,1.5,-0.8,1.0,GOOD
1790978146856,877,2661.0,207.94193309616486,31961.51210005483,72.0,98.0,1.5,-0.8,1.0,GOOD
1790978146856,878,2238.3,381.74390889850287,31955.892700573917,72.0,98.0,1.5,-0.8,1.0,GOOD
1790978146856,879,1947.8,459.0168801745301,31966.2285774958,72.0,98.0,1.5,-0.8,1.0,GOOD
1790978146856,880,1798.6,348.27625645879397,32020.298815454396,72.0,98.0,1.5,-0.8,1.0,GOOD
1790978146856,881,1711.2,97.94090045655102,31967.13926480423,72.0,98.0,1.5,-0.8,1.0,GOOD
1790978146856,882,1707.0,-186.2038284128442,31989.09609940598,72.0,98.0,1.5,-0.8,1.0,GOOD
1790978146856,883,1787.2,-401.7740917743134,31950.196127103463,72.0,98.0,1.5,-0.8,1.0,GOOD
1790978146856,884,1932.0,-475.7267143181045,31955.05307388168,72.0,98.0,1.5,-0.8,1.0,GOOD
1790978146856,885,2034.6,-397.553670045976,31956.998376990647,72.0,98.0,1.5,-0.8,1.0,GOOD
1790978146856,886,2055.1,-236.41759287843539,31997.67086967661,72.0,98.0,1.5,-0.8,1.0,GOOD
1790978146856,887,2037.1,-95.47511724553445,31992.77733770201,72.0,98.0,1.5,-0.8,1.0,GOOD
1790978146856,888,2039.7,-31.025225100276945,32039.8497692031,72.0,98.0,1.5,-0.8,1.0,GOOD
1790978146856,889,2060.3,-22.686803670158096,32044.478547818897,72.0,98.0,1.5,-0.8,1.0,GOOD
1790978146856,890,2051.8,-23.67318872239861,31958.973290905164,72.0,98.0,1.5,-0.8,1.0,GOOD
1790978146856,891,2062.7,-19.369569380121277,32025.53654792147,72.0,98.0,1.5,-0.8,1.0,GOOD
1790978146856,892,2043.2,-24.227836697439514,31963.12957550789,72.0,98.0,1.5,-0.8,1.0,GOOD
1790978146856,893,2033.6,-42.574413044713324,32001.77622502597,72.0,98.0,1.5,-0.8,1.0,GOOD
1790978146856,894,2035.8,-56.40680805767633,31989.90132501527,72.0,98.0,1.5,-0.8,1.0,GOOD
1790978146856,895,2048.2,-50.39721194425536,32047.605366452193,72.0,98.0,1.5,-0.8,1.0,GOOD
1790978146856,896,2048.3,-34.23148475972421,32016.644209185557,72.0,98.0,1.5,-0.8,1.0,GOOD
1790978146856,897,2061.8,-29.05898716171426,32049.619981450607,72.0,98.0,1.5,-0.8,1.0,GOOD
1790978146856,898,2040.7,-38.071458057811356,32033.04026917595,72.0,98.0,1.5,-0.8,1.0,GOOD
1790978146856,899,2040.2,-44.73234965598074,31954.18750564122,72.0,98.0,1.5,-0.8,1.0,GOOD
1790978146856,900,2034.3,-38.094310605168886,32040.67358099522,72.0,98.0,1.5,-0.8,1.0,GOOD
1790978152016,901,2333.8,-16.33796256416712,31954.797679366984,72.0,98.0,1.5,-0.8,0.99,GOOD
1790978152016,902,2343.8,30.709938835185,32028.75916888703,72.0,98.0,1.5,-0.8,0.99,GOOD
1790978152016,903,2352.2,106.28606246144413,32016.49998958757,72.0,98.0,1.5,-0.8,0.99,GOOD
1790978152016,904,2358.8,191.54213750445535,32011.283127713963,72.0,98.0,1.5,-0.8,0.99,GOOD
1790978152016,905,2363.7,263.4488765476508,31976.57509465486,72.0,98.0,1.5,-0.8,0.99,GOOD
1790978152016,906,2366.7,303.0397944166182,32014.93552347921,72.0,98.0,1.5,-0.8,0.99,GOOD
1790978152016,907,2368.0,300.29931369804353,31985.1441194476,72.0,98.0,1.5,-0.8,0.99,GOOD
1790978152016,908,2367.4,269.1002995762358,32043.23828306065,72.0,98.0,1.5,-0.8,0.99,GOOD
1790978152016,909,2365.0,241.75673176230316,32019.06308283246,72.0,98.0,1.5,-0.8,0.99,GOOD
1790978152016,910,2360.8,238.77555636116904,31999.11312566592,72.0,98.0,1.5,-0.8,0.99,GOOD
1790978152016,911,2354.9,249.6002885398765,31982.84952787438,72.0,98.0,1.5,-0.8,0.99,GOOD
1790978152016,912,2347.2,249.48576119972125,31969.30887424809,72.0,98.0,1.5,-0.8,0.99,GOOD
1790978152016,913,2337.8,230.64038865565973,31999.90984417104,72.0,98.0,1.5,-0.8,0.99,GOOD
1790978152016,914,2326.7,208.39552886419077,31989.407810527457,72.0,98.0,1.5,-0.8,0.99,GOOD
1790978152016,915,2314.1,197.85897629299313,31968.079842369105,72.0,98.0,1.5,-0.8,0.99,GOOD
1790978152016,916,2299.9,194.33735859658734,31971.881744358736,72.0,98.0,1.5,-0.8,0.99,GOOD
1790978152016,917,2284.4,182.12735348343057,32001.14455702734,72.0,98.0,1.5,-0.8,0.99,GOOD
1790978152016,918,2267.4,156.7497570418217,31967.793877183925,72.0,98.0,1.5,-0.8,0.99,GOOD
1790978152016,919,2249.3,129.93888292374547,31994.09335788897,72.0,98.0,1.5,-0.8,0.99,GOOD
1790978152016,920,2229.9,112.7351339157646,32016.296672226283,72.0,98.0,1.5,-0.8,0.99,GOOD
1790978152016,921,2209.6,101.24507333249424,31987.099969582516,72.0,98.0,1.5,-0.8,0.99,GOOD
1790978152016,922,2188.3,83.43254616708138,32000.816271135147,72.0,98.0,1.5,-0.8,0.99,GOOD
1790978152016,923,2166.3,55.75614531538541,32017.60575440194,72.0,98.0,1.5,-0.8,0.99,GOOD
1790978152016,924,2143.5,26.889836867649148,32037.586550724292,72.0,98.0,1.5,-0.8,0.99,GOOD
1790978152016,925,2120.3,5.23961390936991,31982.53268880083,72.0,98.0,1.5,-0.8,0.99,GOOD
1790978157180,926,2046.4,-13.591211840708834,32004.69558756007,72.0,98.0,1.5,-0.8,1.02,GOOD
1790978157180,927,2050.1,-41.45905917037617,31956.17619506271,72.0,98.0,1.5,-0.8,1.02,GOOD
1790978157180,928,2062.9,-77.44802853410108,31966.176394695776,72.0,98.0,1.5,-0.8,1.02,GOOD
1790978157180,929,2041.7,-105.90168025382243,31992.199536154825,72.0,98.0,1.5,-0.8,1.02,GOOD
1790978157180,930,2057.5,-116.74723105608265,31974.293074628975,72.0,98.0,1.5,-0.8,1.02,GOOD
1790978157180,931,2051.0,-113.59442569506216,32020.01369795144,72.0,98.0,1.5,-0.8,1.02,GOOD
1790978157180,932,2046.0,-106.25819942822991,31985.12551103725,72.0,98.0,1.5,-0.8,1.02,GOOD
1790978157180,933,2045.6,-102.55996352222536,32038.246734496523,72.0,98.0,1.5,-0.8,1.02,GOOD
1790978157180,934,2037.8,-103.67847246272598,32032.936754698992,72.0,98.0,1.5,-0.8,1.02,GOOD
1790978157180,935,2045.9,-106.28738750423173,31951.66248188368,72.0,98.0,1.5,-0.8,1.02,GOOD
1790978157180,936,2057.5,-106.753041028189,31956.766104675302,72.0,98.0,1.5,-0.8,1.02,GOOD
1790978157180,937,2044.7,-103.87553410062047,31988.728925917945,72.0,98.0,1.5,-0.8,1.02,GOOD
1790978157180,938,2054.9,-99.7507349419709,32046.80351275534,72.0,98.0,1.5,-0.8,1.02,GOOD
1790978157180,939,2045.4,-96.61625011683199,32007.912899286435,72.0,98.0,1.5,-0.8,1.02,GOOD
1790978157180,940,2038.5,-95.29349311657714,32007.67853546751,72.0,98.0,1.5,-0.8,1.02,GOOD
1790978157180,941,2037.6,-96.1907228891883,32003.722568766796,72.0,98.0,1.5,-0.8,1.02,GOOD
1790978157180,942,2060.3,-97.64721429160473,31991.631947124126,72.0,98.0,1.5,-0.8,1.02,GOOD
1790978157180,943,2043.1,-96.75801168032324,32019.9349927516,72.0,98.0,1.5,-0.8,1.02,GOOD
1790978157180,944,2048.4,-93.94886292275666,32043.34510414747,72.0,98.0,1.5,-0.8,1.02,GOOD
1790978157180,945,2035.0,-92.05629206066055,32011.86111774677,72.0,98.0,1.5,-0.8,1.02,GOOD
1790978157180,946,2059.9,-91.24785277659204,31992.011550887146,72.0,98.0,1.5,-0.8,1.02,GOOD
1790978157180,947,2050.1,-88.91099448868985,32012.781875320357,72.0,98.0,1.5,-0.8,1.02,GOOD
1790978157180,948,2055.2,-84.56262293291672,31951.94162192749,72.0,98.0,1.5,-0.8,1.02,GOOD
1790978157180,949,2054.1,-80.75930702777245,32048.101732380353,72.0,98.0,1.5,-0.8,1.02,GOOD
1790978157180,950,2035.4,-79.51661546404927,31962.617752803068,72.0,98.0,1.5,-0.8,1.02,GOOD
1790978162341,951,2042.4,-80.94111639899104,31985.566293189902,72.0,98.0,1.5,-0.8,1.04,GOOD
1790978162341,952,2048.3,-82.91935162655156,31970.272111242844,72.0,98.0,1.5,-0.8,1.04,GOOD
1790978162341,953,2035.0,-83.60347197381253,32038.113920911663,72.0,98.0,1.5,-0.8,1.04,GOOD
1790978162341,954,2042.8,-84.31747669735785,32012.223050297263,72.0,98.0,1.5,-0.8,1.04,GOOD
1790978162341,955,2037.7,-85.93933758481221,32033.353355948708,72.0,98.0,1.5,-0.8,1.04,GOOD
1790978162341,956,2041.4,-86.38322991508844,31983.915413266826,72.0,98.0,1.5,-0.8,1.04,GOOD
1790978162341,957,2037.5,-84.07771013745648,32027.91324490314,72.0,98.0,1.5,-0.8,1.04,GOOD
1790978162341,958,2062.9,-79.72940516267732,32028.57727569259,72.0,98.0,1.5,-0.8,1.04,GOOD
1790978162341,959,2051.5,-74.6727063590845,32043.93050920033,72.0,98.0,1.5,-0.8,1.04,GOOD
1790978162341,960,2046.0,-70.54343222473922,32018.472029514127,72.0,98.0,1.5,-0.8,1.04,GOOD
1790978162341,961,2052.7,-67.99894653729854,32029.341782869247,72.0,98.0,1.5,-0.8,1.04,GOOD
1790978162341,962,2051.3,-65.35452589756164,32039.054930924372,72.0,98.0,1.5,-0.8,1.04,GOOD
1790978162341,963,2044.2,-62.528922273559395,31985.114545637072,72.0,98.0,1.5,-0.8,1.04,GOOD
1790978162341,964,2040.7,-62.73442718144694,31969.657156441877,72.0,98.0,1.5,-0.8,1.04,GOOD
1790978162341,965,2041.5,-66.98395933037143,32047.106212667637,72.0,98.0,1.5,-0.8,1.04,GOOD
1790978162341,966,2035.1,-71.52629214182505,31958.688182206937,72.0,98.0,1.5,-0.8,1.04,GOOD
1790978162341,967,2057.9,-71.87044140689574,32016.573341795174,72.0,98.0,1.5,-0.8,1.04,GOOD
1790978162341,968,2038.2,-67.58329954289886,31953.084715783163,72.0,98.0,1.5,-0.8,1.04,GOOD
1790978162341,969,2039.1,-63.56154731854185,31987.331144562915,72.0,98.0,1.5,-0.8,1.04,GOOD
1790978162341,970,2059.2,-63.1243113596739,31978.754251387123,72.0,98.0,1.5,-0.8,1.04,GOOD
1790978162341,971,2055.8,-62.264949115942905,32039.82428901432,72.0,98.0,1.5,-0.8,1.04,GOOD
1790978162341,972,2055.9,-56.93493512368007,31958.839237491055,72.0,98.0,1.5,-0.8,1.04,GOOD
1790978162341,973,2053.6,-49.72833846668226,31951.877007025716,72.0,98.0,1.5,-0.8,1.04,GOOD
1790978162341,974,2035.4,-46.42203066025755,31978.935059624004,72.0,98.0,1.5,-0.8,1.04,GOOD
1790978162341,975,2046.6,-49.611947921184054,31981.083972633776,72.0,98.0,1.5,-0.8,1.04,GOOD
1790978167504,976,2047.5,-55.26521284381448,31991.76287614597,72.0,98.0,1.5,-0.8,0.97,GOOD
1790978167504,977,2044.8,-57.44616882834604,31990.536800435704,72.0,98.0,1.5,-0.8,0.97,GOOD
1790978167504,978,2033.8,-55.98900346073203,32028.602522373392,72.0,98.0,1.5,-0.8,0.97,GOOD
1790978167504,979,2062.3,-54.30452224289171,31987.516430288757,72.0,98.0,1.5,-0.8,0.97,GOOD
1790978167504,980,2041.0,-52.96523378045612,32028.562533115353,72.0,98.0,1.5,-0.8,0.97,GOOD
1790978167504,981,2057.1,-50.71731329377253,31971.924572234573,72.0,98.0,1.5,-0.8,0.97,GOOD
1790978167504,982,2046.6,-47.155276396293786,31979.473074830614,72.0,98.0,1.5,-0.8,0.97,GOOD
1790978167504,983,2060.1,-42.89614853163859,31994.332581192462,72.0,98.0,1.5,-0.8,0.97,GOOD
1790978167504,984,2036.9,-40.160415700236676,32003.518786471923,72.0,98.0,1.5,-0.8,0.97,GOOD
1790978167504,985,2054.0,-40.96123205611053,31958.781747905974,72.0,98.0,1.5,-0.8,0.97,GOOD
1790978167504,986,2059.3,-43.020209027772616,32015.27958511812,72.0,98.0,1.5,-0.8,0.97,GOOD
1790978167504,987,2053.4,-41.88021343827068,31954.829832408097,72.0,98.0,1.5,-0.8,0.97,GOOD
1790978167504,988,2055.4,-37.54195158559823,32021.20683374124,72.0,98.0,1.5,-0.8,0.97,GOOD
1790978167504,989,2036.5,-34.41846986490668,32036.907479930775,72.0,98.0,1.5,-0.8,0.97,GOOD
1790978167504,990,2060.5,-35.28082784843997,32029.790946010147,72.0,98.0,1.5,-0.8,0.97,GOOD
1790978167504,991,2055.2,-37.38212641180989,32038.56904441926,72.0,98.0,1.5,-0.8,0.97,GOOD
1790978167504,992,2066.6,-36.22379117408039,32028.332468923683,72.0,98.0,1.5,-0.8,0.97,GOOD
1790978167504,993,2099.8,-29.696998847886842,32039.690569642244,72.0,98.0,1.5,-0.8,0.97,GOOD
1790978167504,994,2131.2,-16.265166958410624,31976.221519985527,72.0,98.0,1.5,-0.8,0.97,GOOD
1790978167504,995,2159.6,4.966275604601126,31972.705357690407,72.0,98.0,1.5,-0.8,0.97,GOOD
1790978167504,996,2184.1,32.31530342602519,31977.503590420052,72.0,98.0,1.5,-0.8,0.97,GOOD
1790978167504,997,2203.8,62.22038522332876,31993.994578753438,72.0,98.0,1.5,-0.8,0.97,GOOD
1790978167504,998,2217.9,90.35639150314404,32028.74587569498,72.0,98.0,1.5,-0.8,0.97,GOOD
1790978167504,999,2226.0,112.4916731711835,32034.315755830634,72.0,98.0,1.5,-0.8,0.97,GOOD
1790978167504,1000,2227.9,126.14331806859074,31963.731803370127,72.0,98.0,1.5,-0.8,0.97,GOOD
1790978172667,1001,2179.3,130.02089690922898,31956.489900793917,72.0,98.0,1.5,-0.8,1.02,GOOD
1790978172667,1002,2609.2,139.76612855177524,32000.678781131053,72.0,98.0,1.5,-0.8,1.02,GOOD
1790978172667,1003,2960.2,209.5481894178066,31984.927616598445,72.0,98.0,1.5,-0.8,1.02,GOOD
1790978172667,1004,3183.2,387.6807948526011,31978.744724030934,72.0,98.0,1.5,-0.8,1.02,GOOD
1790978172667,1005,3246.7,648.7464643471666,31963.563500941396,72.0,98.0,1.5,-0.8,1.02,GOOD
1790978172667,1006,3141.9,904.5355252021237,32009.23595883555,72.0,98.0,1.5,-0.8,1.02,GOOD
1790978172667,1007,2883.4,1057.7967015268,31989.123289283136,72.0,98.0,1.5,-0.8,1.02,GOOD
1790978172667,1008,2507.6,1038.6097084056498,31967.68048924964,72.0,98.0,1.5,-0.8,1.02,GOOD
1790978172667,1009,2067.2,825.8572818970448,32026.493409149618,72.0,98.0,1.5,-0.8,1.02,GOOD
1790978172667,1010,1886.0,465.5474489126685,31971.751542014477,72.0,98.0,1.5,-0.8,1.02,GOOD
1790978172667,1011,1756.6,67.23312020572845,32027.557108604502,72.0,98.0,1.5,-0.8,1.02,GOOD
1790978172667,1012,1699.2,-255.0252652776499,32045.15281944569,72.0,98.0,1.5,-0.8,1.02,GOOD
1790978172667,1013,1728.2,-447.73371797234495,31986.033600147464,72.0,98.0,1.5,-0.8,1.02,GOOD
1790978172667,1014,1836.3,-516.2808078692774,32027.981824945644,72.0,98.0,1.5,-0.8,1.02,GOOD
1790978172667,1015,1996.7,-485.23611723499863,32035.755053265388,72.0,98.0,1.5,-0.8,1.02,GOOD
1790978172667,1016,2040.1,-382.9692539188632,31998.927315979625,72.0,98.0,1.5,-0.8,1.02,GOOD
1790978172667,1017,2057.6,-251.84184427609898,32007.176379735163,72.0,98.0,1.5,-0.8,1.02,GOOD
1790978172667,1018,2043.0,-142.18998772626864,32012.02666620241,72.0,98.0,1.5,-0.8,1.02,GOOD
1790978172667,1019,2048.5,-84.65586001022056,31970.423003229647,72.0,98.0,1.5,-0.8,1.02,GOOD
1790978172667,1020,2035.0,-76.54994027177497,32002.114848386827,72.0,98.0,1.5,-0.8,1.02,GOOD
1790978172667,1021,2034.9,-94.34607584186531,32036.74810231659,72.0,98.0,1.5,-0.8,1.02,GOOD
1790978172667,1022,2057.5,-113.28330779554767,32024.255981524868,72.0,98.0,1.5,-0.8,1.02,GOOD
1790978172667,1023,2045.3,-119.71501513516215,32015.564953613986,72.0,98.0,1.5,-0.8,1.02,GOOD
1790978172667,1024,2047.4,-114.83105855972309,31981.43181947293,72.0,98.0,1.5,-0.8,1.02,GOOD
1790978172667,1025,2044.2,-107.21958564629819,32021.777674678007,72.0,98.0,1.5,-0.8,1.02,GOOD
1790978177831,1026,2265.9,-93.46712873472117,31964.819168737715,72.0,98.0,1.5,-0.8,0.99,GOOD
1790978177831,1027,2283.0,-53.68722585906557,31998.709731665782,72.0,98.0,1.5,-0.8,0.99,GOOD
1790978177831,1028,2298.7,16.429048114545143,31976.99391441806,72.0,98.0,1.5,-0.8,0.99,GOOD
1790978177831,1029,2312.9,91.72791210184589,32007.856456433852,72.0,98.0,1.5,-0.8,0.99,GOOD
1790978177831,1030,2325.7,147.52701821386177,31969.2415559727,72.0,98.0,1.5,-0.8,0.99,GOOD
1790978177831,1031,2336.9,176.81234299108837,31984.263902417402,72.0,98.0,1.5,-0.8,0.99,GOOD
1790978177831,1032,2346.4,183.7542349162464,32001.20642534424,72.0,98.0,1.5,-0.8,0.99,GOOD
1790978177831,1033,2354.3,178.45883395426688,32010.98001706061,72.0,98.0,1.5,-0.8,0.99,GOOD
1790978177831,1034,2360.4,173.27836799400876,32040.935033484187,72.0,98.0,1.5,-0.8,0.99,GOOD
1790978177831,1035,2364.7,175.92483393768646,32016.698609036197,72.0,98.0,1.5,-0.8,0.99,GOOD
1790978177831,1036,2367.3,184.18795228145962,32004.079019334884,72.0,98.0,1.5,-0.8,0.99,GOOD
1790978177831,1037,2368.0,189.7239570792066,32040.494282880263,72.0,98.0,1.5,-0.8,0.99,GOOD
1790978177831,1038,2366.9,187.8116385071088,31964.302186600173,72.0,98.0,1.5,-0.8,0.99,GOOD
1790978177831,1039,2364.0,181.7070433972919,31979.79582862577,72.0,98.0,1.5,-0.8,0.99,GOOD
1790978177831,1040,2359.3,176.92441645694402,31959.570316749734,72.0,98.0,1.5,-0.8,0.99,GOOD
1790978177831,1041,2352.8,173.68080362126958,31958.15202137239,72.0,98.0,1.5,-0.8,0.99,GOOD
1790978177831,1042,2344.6,167.3770137564747,32015.00560125499,72.0,98.0,1.5,-0.8,0.99,GOOD
1790978177831,1043,2334.7,155.56657428532563,32026.567908648205,72.0,98.0,1.5,-0.8,0.99,GOOD
1790978177831,1044,2323.2,141.37769475049458,32005.30033156019,72.0,98.0,1.5,-0.8,0.99,GOOD
1790978177831,1045,2310.1,128.9875820578008,31995.78155308686,72.0,98.0,1.5,-0.8,0.99,GOOD
1790978177831,1046,2295.5,117.90005599576686,31994.95990462493,72.0,98.0,1.5,-0.8,0.99,GOOD
1790978177831,1047,2279.6,103.96280184277151,31952.944289805826,72.0,98.0,1.5,-0.8,0.99,GOOD
1790978177831,1048,2262.3,85.33826237496143,32000.287254639316,72.0,98.0,1.5,-0.8,0.99,GOOD
1790978177831,1049,2243.8,64.97750109086167,31980.812625472576,72.0,98.0,1.5,-0.8,0.99,GOOD
1790978177831,1050,2224.1,46.45089758909523,32027.05109960389,72.0,98.0,1.5,-0.8,0.99,GOOD
1790978182990,1051,2048.2,23.11980189925542,32010.343802027277,72.0,98.0,1.5,-0.8,1.01,GOOD
1790978182990,1052,2045.3,-21.37043926478995,31997.089696932257,72.0,98.0,1.5,-0.8,1.01,GOOD
1790978182990,1053,2061.0,-85.83539097733157,32024.29877740387,72.0,98.0,1.5,-0.8,1.01,GOOD
1790978182990,1054,2045.2,-144.39258753205192,32017.348142889754,72.0,98.0,1.5,-0.8,1.01,GOOD
1790978182990,1055,2034.6,-177.7848987179361,31986.876961059592,72.0,98.0,1.5,-0.8,1.01,GOOD
1790978182990,1056,2041.6,-187.19574840049395,32019.583648062115,72.0,98.0,1.5,-0.8,1.01,GOOD
1790978182990,1057,2059.0,-181.04560305765375,31989.87157138207,72.0,98.0,1.5,-0.8,1.01,GOOD
1790978182990,1058,2046.6,-167.64342104743508,31979.497539842214,72.0,98.0,1.5,-0.8,1.01,GOOD
1790978182990,1059,2041.1,-156.16723620866443,31961.228377137137,72.0,98.0,1.5,-0.8,1.01,GOOD
1790978182990,1060,2034.1,-152.96460373226319,31987.7594274522,72.0,98.0,1.5,-0.8,1.01,GOOD
1790978182990,1061,2036.5,-156.56377923680702,32011.902924356647,72.0,98.0,1.5,-0.8,1.01,GOOD
1790978182990,1062,2054.1,-160.08409462312784,32036.65081186127,72.0,98.0,1.5,-0.8,1.01,GOOD
1790978182990,1063,2048.2,-158.38130946009744,31989.748684614162,72.0,98.0,1.5,-0.8,1.01,GOOD
1790978182990,1064,2047.1,-152.74080336768526,32046.46219452879,72.0,98.0,1.5,-0.8,1.01,GOOD
1790978182990,1065,2033.9,-148.015311758249,31985.23518059591,72.0,98.0,1.5,-0.8,1.01,GOOD
1790978182990,1066,2046.1,-146.24735472490892,32032.01397140421,72.0,98.0,1.5,-0.8,1.01,GOOD
1790978182990,1067,2039.1,-145.52356974297015,31984.60689076887,72.0,98.0,1.5,-0.8,1.01,GOOD
1790978182990,1068,2051.4,-143.97549127900368,31983.767043261203,72.0,98.0,1.5,-0.8,1.01,GOOD
1790978182990,1069,2054.1,-141.31722605689035,32045.09409464319,72.0,98.0,1.5,-0.8,1.01,GOOD
1790978182990,1070,2035.2,-138.0748584894949,32014.842353066728,72.0,98.0,1.5,-0.8,1.01,GOOD
1790978182990,1071,2051.2,-135.1883622265692,31967.080272436044,72.0,98.0,1.5,-0.8,1.01,GOOD
1790978182990,1072,2035.4,-132.76420715133804,31996.250526369047,72.0,98.0,1.5,-0.8,1.01,GOOD
1790978182990,1073,2043.4,-131.16841167826203,31953.110663070867,72.0,98.0,1.5,-0.8,1.01,GOOD
1790978182990,1074,2049.9,-130.9314697081203,32003.448627151814,72.0,98.0,1.5,-0.8,1.01,GOOD
1790978182990,1075,2051.6,-130.25494957271076,32004.378335396486,72.0,98.0,1.5,-0.8,1.01,GOOD
1790978188155,1076,2056.5,-126.64612252802584,31954.885784629205,72.0,98.0,1.5,-0.8,0.97,GOOD
1790978188155,1077,2059.1,-119.77103649304725,31959.759784541886,72.0,98.0,1.5,-0.8,0.97,GOOD
1790978188155,1078,2051.4,-112.17723353023769,32022.42768257985,72.0,98.0,1.5,-0.8,0.97,GOOD
1790978188155,1079,2045.8,-107.91182854273293,32039.618372574547,72.0,98.0,1.5,-0.8,0.97,GOOD
1790978188155,1080,2038.1,-108.9569236128031,31960.897629711922,72.0,98.0,1.5,-0.8,0.97,GOOD
1790978188155,1081,2059.4,-112.55252426876743,32038.25817115508,72.0,98.0,1.5,-0.8,0.97,GOOD
1790978188155,1082,2037.5,-114.01765115935672,31986.57429480039,72.0,98.0,1.5,-0.8,0.97,GOOD
1790978188155,1083,2052.8,-112.47232933572779,31971.567973044774,72.0,98.0,1.5,-0.8,0.97,GOOD
1790978188155,1084,2061.8,-109.32572177132616,31958.327645902118,72.0,98.0,1.5,-0.8,0.97,GOOD
1790978188155,1085,2042.9,-105.07538734505385,31962.060784240686,72.0,98.0,1.5,-0.8,0.97,GOOD
1790978188155,1086,2046.1,-101.46084612684842,31995.34042739299,72.0,98.0,1.5,-0.8,0.97,GOOD
1790978188155,1087,2058.4,-99.59531988953394,31973.104100482517,72.0,98.0,1.5,-0.8,0.97,GOOD
1790978188155,1088,2052.8,-97.81062088466813,31960.80727141132,72.0,98.0,1.5,-0.8,0.97,GOOD
1790978188155,1089,2054.4,-95.36860572401531,31988.051737764486,72.0,98.0,1.5,-0.8,0.97,GOOD
1790978188155,1090,2049.1,-93.30610334463861,32029.037495027205,72.0,98.0,1.5,-0.8,0.97,GOOD
1790978188155,1091,2043.5,-92.2365616972281,32028.93185202322,72.0,98.0,1.5,-0.8,0.97,GOOD
1790978188155,1092,2059.6,-91.59259948366397,31974.106562181598,72.0,98.0,1.5,-0.8,0.97,GOOD
1790978188155,1093,2058.6,-89.8134007099564,31968.97152490021,72.0,98.0,1.5,-0.8,0.97,GOOD
1790978188155,1094,2043.3,-86.9899255135988,32001.23785532387,72.0,98.0,1.5,-0.8,0.97,GOOD
1790978188155,1095,2045.7,-85.55063737766088,32022.505938946535,72.0,98.0,1.5,-0.8,0.97,GOOD
1790978188155,1096,2060.5,-85.49655782438012,31980.423128790793,72.0,98.0,1.5,-0.8,0.97,GOOD
1790978188155,1097,2049.7,-84.11626826619135,31979.986912145403,72.0,98.0,1.5,-0.8,0.97,GOOD
1790978188155,1098,2061.7,-80.99867225688266,32020.697167887043,72.0,98.0,1.5,-0.8,0.97,GOOD
1790978188155,1099,2052.1,-77.77135074588762,31982.474800637,72.0,98.0,1.5,-0.8,0.97,GOOD
1790978188155,1100,2035.1,-76.02233419145614,31966.018744607696,72.0,98.0,1.5,-0.8,0.97,GOOD
1790978193319,1101,2052.7,-76.63959453588078,31999.989579592737,72.0,98.0,1.5,-0.8,1.0,GOOD
1790978193319,1102,2049.3,-77.979584029282,32041.525370130494,72.0,98.0,1.5,-0.8,1.0,GOOD
1790978193319,1103,2053.1,-77.900462349672,32010.494867689195,72.0,98.0,1.5,-0.8,1.0,GOOD
1790978193319,1104,2047.3,-76.48906785303646,32003.082740273792,72.0,98.0,1.5,-0.8,1.0,GOOD
1790978193319,1105,2057.8,-74.10006898696717,32027.229923575807,72.0,98.0,1.5,-0.8,1.0,GOOD
1790978193319,1106,2060.6,-70.00069059562868,32002.82853556829,72.0,98.0,1.5,-0.8,1.0,GOOD
1790978193319,1107,2054.2,-64.67430156558784,31993.768170983167,72.0,98.0,1.5,-0.8,1.0,GOOD
1790978193319,1108,2060.8,-60.58009851179873,31962.069803162303,72.0,98.0,1.5,-0.8,1.0,GOOD
1790978193319,1109,2036.9,-59.570478992021144,32010.055499088314,72.0,98.0,1.5,-0.8,1.0,GOOD
1790978193319,1110,2036.7,-62.069838801587395,32049.78667324966,72.0,98.0,1.5,-0.8,1.0,GOOD
1790978193319,1111,2049.8,-66.44177698452103,31958.457979397263,72.0,98.0,1.5,-0.8,1.0,GOOD
1790978193319,1112,2051.1,-69.03179348263208,31969.63358537337,72.0,98.0,1.5,-0.8,1.0,GOOD
1790978193319,1113,2059.7,-67.71488868063796,32048.74532039604,72.0,98.0,1.5,-0.8,1.0,GOOD
1790978193319,1114,2033.4,-63.901596137410436,31958.941090102697,72.0,98.0,1.5,-0.8,1.0,GOOD
1790978193319,1115,2059.0,-60.20389570539362,32000.319462450847,72.0,98.0,1.5,-0.8,1.0,GOOD
1790978193319,1116,2041.5,-57.35363579047328,31980.06086343666,72.0,98.0,1.5,-0.8,1.0,GOOD
1790978193319,1117,2046.5,-55.78925461285494,31959.84357776949,72.0,98.0,1.5,-0.8,1.0,GOOD
1790978193319,1118,2036.4,-56.890124022130955,31976.85035081798,72.0,98.0,1.5,-0.8,1.0,GOOD
1790978193319,1119,2049.7,-59.57282858650321,31970.024678391022,72.0,98.0,1.5,-0.8,1.0,GOOD
1790978193319,1120,2057.2,-59.77293954176998,32039.914930373372,72.0,98.0,1.5,-0.8,1.0,GOOD
1790978193319,1121,2046.7,-55.507231435925014,32042.37458989084,72.0,98.0,1.5,-0.8,1.0,GOOD
1790978193319,1122,2073.4,-49.08816241515994,32034.465436176728,72.0,98.0,1.5,-0.8,1.0,GOOD
1790978193319,1123,2106.4,-40.895609459091325,31967.440335683754,72.0,98.0,1.5,-0.8,1.0,GOOD
1790978193319,1124,2137.3,-26.474986401842735,32024.498410753178,72.0,98.0,1.5,-0.8,1.0,GOOD
1790978193319,1125,2165.0,-2.806032895031094,31952.901455871186,72.0,98.0,1.5,-0.8,1.0,GOOD
1790978198482,1126,2035.1,21.565527555737013,32007.06323518581,72.0,98.0,1.5,-0.8,0.96,GOOD
1790978198482,1127,1931.5,22.524997382215627,31963.215536373165,72.0,98.0,1.5,-0.8,0.96,GOOD
1790978198482,1128,1851.8,-20.25728939722267,31977.403432557232,72.0,98.0,1.5,-0.8,0.96,GOOD
1790978198482,1129,1878.5,-97.93305014327251,31962.559511218235,72.0,98.0,1.5,-0.8,0.96,GOOD
1790978198482,1130,1997.0,-172.04598372435862,31966.469441613972,72.0,98.0,1.5,-0.8,0.96,GOOD
1790978198482,1131,2342.7,-188.331257673478,31969.58267726729,72.0,98.0,1.5,-0.8,0.96,GOOD
1790978198482,1132,2750.2,-91.85628221151777,31991.091683927356,72.0,98.0,1.5,-0.8,0.96,GOOD
1790978198482,1133,3059.1,141.56084764795142,32007.438461895275,72.0,98.0,1.5,-0.8,0.96,GOOD
1790978198482,1134,3226.0,472.325710767873,31996.571465288187,72.0,98.0,1.5,-0.8,0.96,GOOD
1790978198482,1135,3227.5,806.6275641460825,31956.32534725768,72.0,98.0,1.5,-0.8,0.96,GOOD
1790978198482,1136,3063.2,1042.6924388881916,32004.79591895981,72.0,98.0,1.5,-0.8,0.96,GOOD
1790978198482,1137,2756.4,1110.9980758621086,31972.32240498097,72.0,98.0,1.5,-0.8,0.96,GOOD
1790978198482,1138,2350.1,990.1871262039484,31980.527684748493,72.0,98.0,1.5,-0.8,0.96,GOOD
1790978198482,1139,1991.1,706.8217929820656,32015.878271219448,72.0,98.0,1.5,-0.8,0.96,GOOD
1790978198482,1140,1831.8,331.942591993101,31990.30131916619,72.0,98.0,1.5,-0.8,0.96,GOOD
1790978198482,1141,1725.9,-36.366363146692194,31956.189316249856,72.0,98.0,1.5,-0.8,0.96,GOOD
1790978198482,1142,1699.8,-315.8382461912971,32015.906742262516,72.0,98.0,1.5,-0.8,0.96,GOOD
1790978198482,1143,1759.8,-470.8085713916522,31968.556471375978,72.0,98.0,1.5,-0.8,0.96,GOOD
1790978198482,1144,1891.0,-503.98808160066017,32029.32814495266,72.0,98.0,1.5,-0.8,0.96,GOOD
1790978198482,1145,2040.1,-438.42099226601005,32042.787964413583,72.0,98.0,1.5,-0.8,0.96,GOOD
1790978198482,1146,2060.2,-314.08590621721487,32032.002168540977,72.0,98.0,1.5,-0.8,0.96,GOOD
1790978198482,1147,2056.2,-184.9336223845177,31951.48052175939,72.0,98.0,1.5,-0.8,0.96,GOOD
1790978198482,1148,2062.7,-94.97917319671068,31986.516266838953,72.0,98.0,1.5,-0.8,0.96,GOOD
1790978198482,1149,2056.4,-55.17638848626086,32037.873308183847,72.0,98.0,1.5,-0.8,0.96,GOOD
1790978198482,1150,2046.1,-52.147781805662255,31998.78655431858,72.0,98.0,1.5,-0.8,0.96,GOOD
1790978203645,1151,2170.6,-63.57623366060103,31996.183999365843,72.0,98.0,1.5,-0.8,1.02,GOOD
1790978203645,1152,2192.5,-62.47522768688493,32023.229497966666,72.0,98.0,1.5,-0.8,1.02,GOOD
1790978203645,1153,2213.6,-33.27111141035931,32039.795110542265,72.0,98.0,1.5,-0.8,1.02,GOOD
1790978203645,1154,2233.8,15.952181225576052,32035.51421914247,72.0,98.0,1.5,-0.8,1.02,GOOD
1790978203645,1155,2252.9,65.95611928073889,31964.584647524127,72.0,98.0,1.5,-0.8,1.02,GOOD
1790978203645,1156,2270.8,101.42859305693827,32031.646777601276,72.0,98.0,1.5,-0.8,1.02,GOOD
1790978203645,1157,2287.5,118.10204475868059,31993.377976848336,72.0,98.0,1.5,-0.8,1.02,GOOD
1790978203645,1158,2302.8,124.00467888635944,32035.9290805177,72.0,98.0,1.5,-0.8,1.02,GOOD
1790978203645,1159,2316.6,131.4223074713625,31986.014990926888,72.0,98.0,1.5,-0.8,1.02,GOOD
1790978203645,1160,2329.0,145.45600242865444,31966.495945465304,72.0,98.0,1.5,-0.8,1.02,GOOD
1790978203645,1161,2339.7,161.10009795574712,31957.502953456034,72.0,98.0,1.5,-0.8,1.02,GOOD
1790978203645,1162,2348.8,171.4261252784457,32031.02565096653,72.0,98.0,1.5,-0.8,1.02,GOOD
1790978203645,1163,2356.2,176.16907923136853,31969.485437652384,72.0,98.0,1.5,-0.8,1.02,GOOD
1790978203645,1164,2361.8,180.50091140305364,31991.838213052313,72.0,98.0,1.5,-0.8,1.02,GOOD
1790978203645,1165,2365.6,187.06473595900582,31990.706680845462,72.0,98.0,1.5,-0.8,1.02,GOOD
1790978203645,1166,2367.7,192.50666582634926,32015.33671999161,72.0,98.0,1.5,-0.8,1.02,GOOD
1790978203645,1167,2367.9,192.5583823253054,32049.864031967212,72.0,98.0,1.5,-0.8,1.02,GOOD
1790978203645,1168,2366.3,187.97511949551307,32045.8629341152,72.0,98.0,1.5,-0.8,1.02,GOOD
1790978203645,1169,2362.9,183.24630408346997,32029.048900062066,72.0,98.0,1.5,-0.8,1.02,GOOD
1790978203645,1170,2357.7,180.3821115221636,32046.450284482926,72.0,98.0,1.5,-0.8,1.02,GOOD
1790978203645,1171,2350.7,176.4688858768909,31971.30332805268,72.0,98.0,1.5,-0.8,1.02,GOOD
1790978203645,1172,2342.0,167.9575560939025,31969.44618684247,72.0,98.0,1.5,-0.8,1.02,GOOD
1790978203645,1173,2331.7,155.44853147432912,32004.381796519323,72.0,98.0,1.5,-0.8,1.02,GOOD
1790978203645,1174,2319.7,142.596496714004,32007.165695908796,72.0,98.0,1.5,-0.8,1.02,GOOD
1790978203645,1175,2306.2,131.10696766884075,32037.945363045346,72.0,98.0,1.5,-0.8,1.02,GOOD
1790978208809,1176,2033.9,108.6684665918723,31983.528863235442,72.0,98.0,1.5,-0.8,0.99,GOOD
1790978208809,1177,2037.6,50.79389487750407,32036.640094390194,72.0,98.0,1.5,-0.8,0.99,GOOD
1790978208809,1178,2056.5,-39.817077684061914,31995.677768572008,72.0,98.0,1.5,-0.8,0.99,GOOD
1790978208809,1179,2046.5,-124.23018034391785,31995.764088203745,72.0,98.0,1.5,-0.8,0.99,GOOD
1790978208809,1180,2040.4,-173.3068036199658,32047.724069083364,72.0,98.0,1.5,-0.8,0.99,GOOD
1790978208809,1181,2054.7,-186.42350519251175,31962.488787244478,72.0,98.0,1.5,-0.8,0.99,GOOD
1790978208809,1182,2035.5,-175.24035124781102,31970.0473658447,72.0,98.0,1.5,-0.8,0.99,GOOD
1790978208809,1183,2052.2,-155.046986031193,31983.612297003834,72.0,98.0,1.5,-0.8,0.99,GOOD
1790978208809,1184,2057.8,-139.70797883845358,32007.132152128746,72.0,98.0,1.5,-0.8,0.99,GOOD
1790978208809,1185,2047.2,-135.1914115614463,32049.16881109914,72.0,98.0,1.5,-0.8,0.99,GOOD
1790978208809,1186,2040.1,-138.68956103914422,31952.50003800829,72.0,98.0,1.5,-0.8,0.99,GOOD
1790978208809,1187,2037.7,-142.69435439957448,31987.749668127086,72.0,98.0,1.5,-0.8,0.99,GOOD
1790978208809,1188,2033.5,-142.61960258201327,31996.521814093252,72.0,98.0,1.5,-0.8,0.99,GOOD
1790978208809,1189,2053.6,-140.6697390223818,31964.00766568445,72.0,98.0,1.5,-0.8,0.99,GOOD
1790978208809,1190,2039.2,-140.37758190194756,32034.16856774527,72.0,98.0,1.5,-0.8,0.99,GOOD
1790978208809,1191,2039.7,-141.26489463890113,31996.630542755163,72.0,98.0,1.5,-0.8,0.99,GOOD
1790978208809,1192,2046.8,-139.3784948006993,32034.73421498173,72.0,98.0,1.5,-0.8,0.99,GOOD
1790978208809,1193,2038.3,-132.8271493080308,32006.14451774143,72.0,98.0,1.5,-0.8,0.99,GOOD
1790978208809,1194,2047.1,-126.23845311898495,32001.988318576907,72.0,98.0,1.5,-0.8,0.99,GOOD
1790978208809,1195,2053.5,-124.50727838727546,31957.56383036136,72.0,98.0,1.5,-0.8,0.99,GOOD
1790978208809,1196,2061.5,-124.73997462119236,32013.290058890256,72.0,98.0,1.5,-0.8,0.99,GOOD
1790978208809,1197,2055.3,-120.37803607813048,31980.356660356454,72.0,98.0,1.5,-0.8,0.99,GOOD
1790978208809,1198,2040.6,-111.44014241014975,31977.642143358542,72.0,98.0,1.5,-0.8,0.99,GOOD
1790978208809,1199,2044.1,-105.55147110019233,31972.51951642648,72.0,98.0,1.5,-0.8,0.99,GOOD
1790978208809,1200,2053.0,-107.44443078007053,31980.71488351327,72.0,98.0,1.5,-0.8,0.99,GOOD
1790978213970,1201,2045.5,-112.80835581181513,31998.572705988405,72.0,98.0,1.5,-0.8,1.0,GOOD
1790978213970,1202,2059.3,-114.11485692338456,31993.002140955137,72.0,98.0,1.5,-0.8,1.0,GOOD
1790978213970,1203,2039.9,-108.99580964126325,32044.97533656482,72.0,98.0,1.5,-0.8,1.0,GOOD
1790978213970,1204,2058.4,-102.20601632013954,32041.944902124345,72.0,98.0,1.5,-0.8,1.0,GOOD
1790978213970,1205,2053.1,-98.82939222040575,32046.85050787549,72.0,98.0,1.5,-0.8,1.0,GOOD
1790978213970,1206,2035.8,-99.16160121156388,31966.73327535775,72.0,98.0,1.5,-0.8,1.0,GOOD
1790978213970,1207,2050.3,-100.60813214149843,31999.647557677927,72.0,98.0,1.5,-0.8,1.0,GOOD
1790978213970,1208,2040.7,-100.31621759050405,31959.728406744747,72.0,98.0,1.5,-0.8,1.0,GOOD
1790978213970,1209,2047.3,-98.43342415878183,31987.410112613677,72.0,98.0,1.5,-0.8,1.0,GOOD
1790978213970,1210,2041.2,-97.71430802197608,32048.668511274238,72.0,98.0,1.5,-0.8,1.0,GOOD
1790978213970,1211,2061.2,-97.87510989942942,31973.57609986079,72.0,98.0,1.5,-0.8,1.0,GOOD
1790978213970,1212,2046.3,-95.21944329350758,31992.91420928391,72.0,98.0,1.5,-0.8,1.0,GOOD
1790978213970,1213,2053.4,-88.98681694422875,31961.536738649946,72.0,98.0,1.5,-0.8,1.0,GOOD
1790978213970,1214,2062.8,-82.48802217585927,32024.410733824836,72.0,98.0,1.5,-0.8,1.0,GOOD
1790978213970,1215,2046.4,-78.6292461622737,32037.64655643613,72.0,98.0,1.5,-0.8,1.0,GOOD
1790978213970,1216,2046.0,-78.37679649786548,32008.945493370087,72.0,98.0,1.5,-0.8,1.0,GOOD
1790978213970,1217,2036.1,-80.5680512459571,32045.697456714217,72.0,98.0,1.5,-0.8,1.0,GOOD
1790978213970,1218,2046.6,-82.77360193713092,32034.430278009968,72.0,98.0,1.5,-0.8,1.0,GOOD
1790978213970,1219,2062.9,-82.96534659165398,31962.043299111025,72.0,98.0,1.5,-0.8,1.0,GOOD
1790978213970,1220,2048.2,-80.46457567188698,31988.39317215475,72.0,98.0,1.5,-0.8,1.0,GOOD
1790978213970,1221,2054.5,-76.55048741965575,32026.522843424907,72.0,98.0,1.5,-0.8,1.0,GOOD
1790978213970,1222,2048.2,-72.43480087744996,31975.26501008441,72.0,98.0,1.5,-0.8,1.0,GOOD
1790978213970,1223,2061.6,-68.16369028327497,32034.16590607811,72.0,98.0,1.5,-0.8,1.0,GOOD
1790978213970,1224,2050.0,-64.58643845070176,32009.694275288857,72.0,98.0,1.5,-0.8,1.0,GOOD
1790978213970,1225,2063.0,-63.07466112871242,31995.349318870558,72.0,98.0,1.5,-0.8,1.0,GOOD
1790978219130,1226,2034.6,-63.527684562133295,32047.522314318063,72.0,98.0,1.5,-0.8,0.96,GOOD
1790978219130,1227,2059.5,-64.43685043517104,31972.244173418378,72.0,98.0,1.5,-0.8,0.96,GOOD
1790978219130,1228,2057.1,-63.59627031021792,32011.31944084406,72.0,98.0,1.5,-0.8,0.96,GOOD
1790978219130,1229,2056.6,-60.496808237615845,31993.06422021621,72.0,98.0,1.5,-0.8,0.96,GOOD
1790978219130,1230,2036.8,-58.25378698154298,32009.574005438066,72.0,98.0,1.5,-0.8,0.96,GOOD
1790978219130,1231,2053.7,-59.0240564239681,32047.558456625076,72.0,98.0,1.5,-0.8,0.96,GOOD
1790978219130,1232,2047.1,-60.24584580269428,32004.761191109887,72.0,98.0,1.5,-0.8,0.96,GOOD
1790978219130,1233,2056.8,-59.09449509221799,32029.810531921346,72.0,98.0,1.5,-0.8,0.96,GOOD
1790978219130,1234,2061.8,-55.998082414760866,31968.14010819126,72.0,98.0,1.5,-0.8,0.96,GOOD
1790978219130,1235,2033.6,-53.194201535563685,32013.68794060197,72.0,98.0,1.5,-0.8,0.96,GOOD
1790978219130,1236,2051.0,-52.63333919984869,31984.39346817071,72.0,98.0,1.5,-0.8,0.96,GOOD
1790978219130,1237,2044.7,-53.35202591966831,31966.18167799653,72.0,98.0,1.5,-0.8,0.96,GOOD
1790978219130,1238,2061.0,-52.874294520732604,31951.43553199783,72.0,98.0,1.5,-0.8,0.96,GOOD
1790978219130,1239,2055.2,-50.69502246424504,31989.70459423444,72.0,98.0,1.5,-0.8,0.96,GOOD
1790978219130,1240,2059.2,-47.51527536810208,31952.039528013196,72.0,98.0,1.5,-0.8,0.96,GOOD
1790978219130,1241,2044.0,-44.02059363913393,31990.338236030297,72.0,98.0,1.5,-0.8,0.96,GOOD
1790978219130,1242,2045.4,-41.56452703514384,31979.505330578242,72.0,98.0,1.5,-0.8,0.96,GOOD
1790978219130,1243,2051.1,-41.5205647271647,31990.178509042384,72.0,98.0,1.5,-0.8,0.96,GOOD
1790978219130,1244,2054.8,-43.274799304950285,31978.84556277614,72.0,98.0,1.5,-0.8,0.96,GOOD
1790978219130,1245,2062.5,-44.0975055135669,31976.849462550123,72.0,98.0,1.5,-0.8,0.96,GOOD
1790978219130,1246,2036.2,-42.17000917120825,31966.98692488952,72.0,98.0,1.5,-0.8,0.96,GOOD
1790978219130,1247,2051.8,-39.14303643599098,32031.471122583684,72.0,98.0,1.5,-0.8,0.96,GOOD
1790978219130,1248,2053.0,-37.243107625141754,31998.66357940735,72.0,98.0,1.5,-0.8,0.96,GOOD
1790978219130,1249,2035.8,-37.37101459918323,31989.60953526661,72.0,98.0,1.5,-0.8,0.96,GOOD
1790978219130,1250,2037.8,-40.280576922075355,31981.37386307479,72.0,98.0,1.5,-0.8,0.96,GOOD
1790978224293,1251,2104.1,-41.72556738921092,32000.34196913584,72.0,98.0,1.5,-0.8,1.02,GOOD
1790978224293,1252,2071.1,-33.817716630965094,32016.206657744333,72.0,98.0,1.5,-0.8,1.02,GOOD
1790978224293,1253,2035.3,-20.24330252433541,31994.849112693293,72.0,98.0,1.5,-0.8,1.02,GOOD
1790978224293,1254,2047.2,-14.485801708776522,32029.899878605072,72.0,98.0,1.5,-0.8,1.02,GOOD
1790978224293,1255,2035.9,-20.342890616408766,31971.182535887387,72.0,98.0,1.5,-0.8,1.02,GOOD
1790978224293,1256,2033.5,-31.015274588127056,32020.758283149917,72.0,98.0,1.5,-0.8,1.02,GOOD
1790978224293,1257,2025.4,-40.951974007367625,32038.50821983542,72.0,98.0,1.5,-0.8,1.02,GOOD
1790978224293,1258,1895.5,-53.392958032047645,32041.583767852713,72.0,98.0,1.5,-0.8,1.02,GOOD
1790978224293,1259,1848.3,-80.70268127057405,32030.38091392005,72.0,98.0,1.5,-0.8,1.02,GOOD
1790978224293,1260,1909.3,-124.82572930975468,32034.237491063643,72.0,98.0,1.5,-0.8,1.02,GOOD
1790978224293,1261,2045.6,-160.26028366141406,32045.322302731794,72.0,98.0,1.5,-0.8,1.02,GOOD
1790978224293,1262,2482.9,-139.5190114354907,32041.9087283894,72.0,98.0,1.5,-0.8,1.02,GOOD
1790978224293,1263,2864.1,-9.002204968998036,32039.056815949214,72.0,98.0,1.5,-0.8,1.02,GOOD
1790978224293,1264,3130.6,251.28703206474705,32036.176591981723,72.0,98.0,1.5,-0.8,1.02,GOOD
1790978224293,1265,3245.1,591.2605919743891,31998.85882583551,72.0,98.0,1.5,-0.8,1.02,GOOD
1790978224293,1266,3191.5,909.7819788808665,32010.36729075719,72.0,98.0,1.5,-0.8,1.02,GOOD
1790978224293,1267,2977.3,1105.190628145744,32013.317867386028,72.0,98.0,1.5,-0.8,1.02,GOOD
1790978224293,1268,2632.5,1114.947887773197,32019.35405801328,72.0,98.0,1.5,-0.8,1.02,GOOD
1790978224293,1269,2205.7,932.2518370825899,32013.58728647879,72.0,98.0,1.5,-0.8,1.02,GOOD
1790978224293,1270,1935.6,604.7125075233907,31956.679248043667,72.0,98.0,1.5,-0.8,1.02,GOOD
1790978224293,1271,1789.8,221.67515121731265,32030.697365941458,72.0,98.0,1.5,-0.8,1.02,GOOD
1790978224293,1272,1707.9,-120.51227745882635,32018.220800847113,72.0,98.0,1.5,-0.8,1.02,GOOD
1790978224293,1273,1710.1,-359.7921898152744,32013.913769683768,72.0,98.0,1.5,-0.8,1.02,GOOD
1790978224293,1274,1795.9,-476.6063245964416,32049.082083803616,72.0,98.0,1.5,-0.8,1.02,GOOD
1790978224293,1275,1944.1,-477.2709929777008,32012.721101866122,72.0,98.0,1.5,-0.8,1.02,GOOD
1790978229456,1276,2049.1,-387.23008706836896,32030.421632637826,72.0,98.0,1.5,-0.8,1.01,GOOD
1790978229456,1277,2060.2,-254.2317115853664,31984.417013521703,72.0,98.0,1.5,-0.8,1.01,GOOD
1790978229456,1278,2084.3,-134.0088906113025,31982.91833276119,72.0,98.0,1.5,-0.8,1.01,GOOD
1790978229456,1279,2108.1,-57.56564310977658,31974.79068297074,72.0,98.0,1.5,-0.8,1.01,GOOD
1790978229456,1280,2131.6,-20.05524208323535,32012.75151787914,72.0,98.0,1.5,-0.8,1.01,GOOD
1790978229456,1281,2154.6,-2.584998663029493,31983.747327333385,72.0,98.0,1.5,-0.8,1.01,GOOD
1790978229456,1282,2177.1,7.945474265077558,31952.00685829051,72.0,98.0,1.5,-0.8,1.01,GOOD
1790978229456,1283,2198.8,18.418941598834422,31955.26948202849,72.0,98.0,1.5,-0.8,1.01,GOOD
1790978229456,1284,2219.6,34.4539113581971,32012.10858009508,72.0,98.0,1.5,-0.8,1.01,GOOD
1790978229456,1285,2239.4,58.53315016484973,31973.015022469324,72.0,98.0,1.5,-0.8,1.01,GOOD
1790978229456,1286,2258.2,86.00873356310979,31991.691523669775,72.0,98.0,1.5,-0.8,1.01,GOOD
1790978229456,1287,2275.8,108.56630710549982,32008.925860909436,72.0,98.0,1.5,-0.8,1.01,GOOD
1790978229456,1288,2292.1,122.98412903878669,32038.644492303487,72.0,98.0,1.5,-0.8,1.01,GOOD
1790978229456,1289,2307.0,134.02772245999284,31992.021850831996,72.0,98.0,1.5,-0.8,1.01,GOOD
1790978229456,1290,2320.4,147.60928543086354,32011.63194053042,72.0,98.0,1.5,-0.8,1.01,GOOD
1790978229456,1291,2332.3,163.3227994925014,32000.51608054247,72.0,98.0,1.5,-0.8,1.01,GOOD
1790978229456,1292,2342.5,175.87552814460355,32042.162139358366,72.0,98.0,1.5,-0.8,1.01,GOOD
1790978229456,1293,2351.1,182.64740280253866,32013.20944813377,72.0,98.0,1.5,-0.8,1.01,GOOD
1790978229456,1294,2358.0,186.84996385060424,32010.051198213263,72.0,98.0,1.5,-0.8,1.01,GOOD
1790978229456,1295,2363.1,192.5585355102566,32006.165687584937,72.0,98.0,1.5,-0.8,1.01,GOOD
1790978229456,1296,2366.4,199.05068172405015,32043.63731586116,72.0,98.0,1.5,-0.8,1.01,GOOD
1790978229456,1297,2367.9,202.13809627050068,32039.285458854152,72.0,98.0,1.5,-0.8,1.01,GOOD
1790978229456,1298,2367.6,200.08594009507817,32019.135771353238,72.0,98.0,1.5,-0.8,1.01,GOOD
1790978229456,1299,2365.5,195.74292759802609,32042.572536709427,72.0,98.0,1.5,-0.8,1.01,GOOD
1790978229456,1300,2361.5,192.3408595040259,32034.244562555024,72.0,98.0,1.5,-0.8,1.01,GOOD
1790978234619,1301,2078.2,178.24326058383963,32013.333076079878,72.0,98.0,1.5,-0.8,1.02,GOOD
1790978234619,1302,2054.1,125.1525257707869,31958.062911290654,72.0,98.0,1.5,-0.8,1.02,GOOD
1790978234619,1303,2045.6,29.394164225206517,32015.963972677655,72.0,98.0,1.5,-0.8,1.02,GOOD
1790978234619,1304,2054.4,-70.87332247342921,32000.121223634167,72.0,98.0,1.5,-0.8,1.02,GOOD
1790978234619,1305,2054.3,-137.7460916640495,31974.790679801266,72.0,98.0,1.5,-0.8,1.02,GOOD
1790978234619,1306,2036.2,-162.1420973077225,32021.44038046384,72.0,98.0,1.5,-0.8,1.02,GOOD
1790978234619,1307,2048.7,-155.65420116188022,32015.310318034677,72.0,98.0,1.5,-0.8,1.02,GOOD
1790978234619,1308,2052.4,-135.6304730452221,32017.951121075992,72.0,98.0,1.5,-0.8,1.02,GOOD
1790978234619,1309,2044.2,-117.95068607008943,31990.82136802877,72.0,98.0,1.5,-0.8,1.02,GOOD
1790978234619,1310,2060.6,-112.21371735182093,32000.486877746956,72.0,98.0,1.5,-0.8,1.02,GOOD
1790978234619,1311,2046.2,-115.82639162226334,31986.033797166172,72.0,98.0,1.5,-0.8,1.02,GOOD
1790978234619,1312,2046.2,-119.00654159205324,31954.902918190117,72.0,98.0,1.5,-0.8,1.02,GOOD
1790978234619,1313,2037.5,-117.00318941608582,32044.18743252016,72.0,98.0,1.5,-0.8,1.02,GOOD
1790978234619,1314,2047.1,-113.62501229439354,32019.140804884475,72.0,98.0,1.5,-0.8,1.02,GOOD
1790978234619,1315,2035.8,-114.46947982188603,31989.084177902474,72.0,98.0,1.5,-0.8,1.02,GOOD
1790978234619,1316,2061.0,-118.49798814011051,31993.03915988801,72.0,98.0,1.5,-0.8,1.02,GOOD
1790978234619,1317,2045.9,-118.28340752347695,32028.836348195582,72.0,98.0,1.5,-0.8,1.02,GOOD
1790978234619,1318,2053.9,-110.42768235255008,32035.41796246413,72.0,98.0,1.5,-0.8,1.02,GOOD
1790978234619,1319,2056.9,-100.45582646391324,32013.059404274707,72.0,98.0,1.5,-0.8,1.02,GOOD
1790978234619,1320,2043.6,-95.74609079495515,31985.01913361957,72.0,98.0,1.5,-0.8,1.02,GOOD
1790978234619,1321,2046.4,-97.95919637209283,32013.86333849143,72.0,98.0,1.5,-0.8,1.02,GOOD
1790978234619,1322,2044.2,-101.79406562717324,31963.626409975426,72.0,98.0,1.5,-0.8,1.02,GOOD
1790978234619,1323,2042.1,-101.77164869799456,32046.42992364801,72.0,98.0,1.5,-0.8,1.02,GOOD
1790978234619,1324,2053.1,-98.75619598539518,32011.415992854916,72.0,98.0,1.5,-0.8,1.02,GOOD
1790978234619,1325,2056.1,-96.34746765704654,32030.20053507809,72.0,98.0,1.5,-0.8,1.02,GOOD
1790978239783,1326,2048.6,-95.062441341665,31983.146808925605,72.0,98.0,1.5,-0.8,0.99,GOOD
1790978239783,1327,2047.4,-92.80626526380681,32024.008817475766,72.0,98.0,1.5,-0.8,0.99,GOOD
1790978239783,1328,2060.2,-88.08889798084684,31957.53509405266,72.0,98.0,1.5,-0.8,0.99,GOOD
1790978239783,1329,2038.1,-82.9780344865184,32030.964238360448,72.0,98.0,1.5,-0.8,0.99,GOOD
1790978239783,1330,2060.8,-81.75208499903493,31959.274669862138,72.0,98.0,1.5,-0.8,0.99,GOOD
1790978239783,1331,2033.5,-84.61242183835684,31973.240211171993,72.0,98.0,1.5,-0.8,0.99,GOOD
1790978239783,1332,2041.0,-87.63592588024255,32014.993193761748,72.0,98.0,1.5,-0.8,0.99,GOOD
1790978239783,1333,2044.6,-87.90636154157781,32048.71714614452,72.0,98.0,1.5,-0.8,0.99,GOOD
1790978239783,1334,2058.4,-85.20554826626659,32010.238173384074,72.0,98.0,1.5,-0.8,0.99,GOOD
1790978239783,1335,2048.3,-81.60948824946854,31985.085871522366,72.0,98.0,1.5,-0.8,0.99,GOOD
1790978239783,1336,2048.8,-79.11000762175871,31989.249701737383,72.0,98.0,1.5,-0.8,0.99,GOOD
1790978239783,1337,2050.6,-76.83310162071791,31992.185920711818,72.0,98.0,1.5,-0.8,0.99,GOOD
1790978239783,1338,2046.3,-73.15207698850656,32022.01924361106,72.0,98.0,1.5,-0.8,0.99,GOOD
1790978239783,1339,2060.1,-69.29938118196264,31950.631611122135,72.0,98.0,1.5,-0.8,0.99,GOOD
1790978239783,1340,2048.9,-67.60428810607931,31960.51885274547,72.0,98.0,1.5,-0.8,0.99,GOOD
1790978239783,1341,2059.4,-67.77079048036033,31987.212001680724,72.0,98.0,1.5,-0.8,0.99,GOOD
1790978239783,1342,2033.3,-67.49505673429427,31979.029448462825,72.0,98.0,1.5,-0.8,0.99,GOOD
1790978239783,1343,2061.0,-65.76175975647483,32016.48198877255,72.0,98.0,1.5,-0.8,0.99,GOOD
1790978239783,1344,2037.2,-63.850687091742564,31966.579473119888,72.0,98.0,1.5,-0.8,0.99,GOOD
1790978239783,1345,2043.6,-64.36529320156981,31968.613664872973,72.0,98.0,1.5,-0.8,0.99,GOOD
1790978239783,1346,2036.6,-67.92393696692231,32032.04684917332,72.0,98.0,1.5,-0.8,0.99,GOOD
1790978239783,1347,2041.1,-71.00775165348232,32000.63214389354,72.0,98.0,1.5,-0.8,0.99,GOOD
1790978239783,1348,2043.3,-70.34387994074446,31969.004353162378,72.0,98.0,1.5,-0.8,0.99,GOOD
1790978239783,1349,2042.0,-66.99073093902118,31952.983539103636,72.0,98.0,1.5,-0.8,0.99,GOOD
1790978239783,1350,2048.0,-64.14477766947746,32047.612754153917,72.0,98.0,1.5,-0.8,0.99,GOOD
1790978244943,1351,2047.2,-62.486889448328114,32036.135042961425,72.0,98.0,1.5,-0.8,1.01,GOOD
1790978244943,1352,2042.8,-60.19972927754867,32048.17044633117,72.0,98.0,1.5,-0.8,1.01,GOOD
1790978244943,1353,2054.1,-56.45412485023817,32026.987681702274,72.0,98.0,1.5,-0.8,1.01,GOOD
1790978244943,1354,2038.7,-52.74710126060107,31976.472753660324,72.0,98.0,1.5,-0.8,1.01,GOOD
1790978244943,1355,2055.7,-51.24209858945476,32003.031732144893,72.0,98.0,1.5,-0.8,1.01,GOOD
1790978244943,1356,2053.2,-51.1218416964534,31990.0606372841,72.0,98.0,1.5,-0.8,1.01,GOOD
1790978244943,1357,2042.6,-49.741570958125095,32019.39717685875,72.0,98.0,1.5,-0.8,1.01,GOOD
1790978244943,1358,2046.3,-47.29874111178456,32049.86357389037,72.0,98.0,1.5,-0.8,1.01,GOOD
1790978244943,1359,2040.0,-46.00886429181888,31958.486596530493,72.0,98.0,1.5,-0.8,1.01,GOOD
1790978244943,1360,2047.6,-46.86945314885414,32019.669697574624,72.0,98.0,1.5,-0.8,1.01,GOOD
1790978244943,1361,2059.5,-47.98300661077603,31953.191138768798,72.0,98.0,1.5,-0.8,1.01,GOOD
1790978244943,1362,2048.5,-46.216654679417296,32012.22836108734,72.0,98.0,1.5,-0.8,1.01,GOOD
1790978244943,1363,2040.5,-42.05722295980503,32002.862333145727,72.0,98.0,1.5,-0.8,1.01,GOOD
1790978244943,1364,2056.8,-38.71344798168997,32012.841592191053,72.0,98.0,1.5,-0.8,1.01,GOOD
1790978244943,1365,2041.6,-37.4288857782888,31975.854900423816,72.0,98.0,1.5,-0.8,1.01,GOOD
1790978244943,1366,2037.3,-38.36314744419191,32046.53401725262,72.0,98.0,1.5,-0.8,1.01,GOOD
1790978244943,1367,2051.7,-40.83698456326011,32045.47552405443,72.0,98.0,1.5,-0.8,1.01,GOOD
1790978244943,1368,2044.3,-41.857612583130404,31962.55748497006,72.0,98.0,1.5,-0.8,1.01,GOOD
1790978244943,1369,2034.9,-40.43473261920563,31985.204437883654,72.0,98.0,1.5,-0.8,1.01,GOOD
1790978244943,1370,2053.6,-38.77815708526108,31986.693162611868,72.0,98.0,1.5,-0.8,1.01,GOOD
1790978244943,1371,2037.1,-37.76088728178672,32027.37948270555,72.0,98.0,1.5,-0.8,1.01,GOOD
1790978244943,1372,2038.6,-37.31451324072569,31963.068067022512,72.0,98.0,1.5,-0.8,1.01,GOOD
1790978244943,1373,2055.5,-37.01561927333667,31986.85444286209,72.0,98.0,1.5,-0.8,1.01,GOOD
1790978244943,1374,2051.2,-34.81030092405274,32030.787955253738,72.0,98.0,1.5,-0.8,1.01,GOOD
1790978244943,1375,2056.8,-30.153249744659064,32024.740073341374,72.0,98.0,1.5,-0.8,1.01,GOOD
1790978250106,1376,2219.9,-18.555991363309904,32019.195307056485,72.0,98.0,1.5,-0.8,0.99,GOOD
1790978250106,1377,2206.8,12.300319714406635,32035.323684721974,72.0,98.0,1.5,-0.8,0.99,GOOD
1790978250106,1378,2188.1,60.82534040591926,31964.709989720297,72.0,98.0,1.5,-0.8,0.99,GOOD
1790978250106,1379,2164.4,103.90821515886604,32038.629730258326,72.0,98.0,1.5,-0.8,0.99,GOOD
1790978250106,1380,2136.7,121.88267951410386,31959.476377386844,72.0,98.0,1.5,-0.8,0.99,GOOD
1790978250106,1381,2105.7,111.09686756598992,31990.56784323133,72.0,98.0,1.5,-0.8,0.99,GOOD
1790978250106,1382,2072.8,77.97894869489835,32033.04543282508,72.0,98.0,1.5,-0.8,0.99,GOOD
1790978250106,1383,2056.3,34.84343595073067,31997.928539252953,72.0,98.0,1.5,-0.8,0.99,GOOD
1790978250106,1384,2056.3,-2.982325521915366,31999.869557021855,72.0,98.0,1.5,-0.8,0.99,GOOD
1790978250106,1385,2040.3,-24.986062263272444,32028.561310268044,72.0,98.0,1.5,-0.8,0.99,GOOD
1790978250106,1386,2046.3,-32.620597537225535,31959.25666446067,72.0,98.0,1.5,-0.8,0.99,GOOD
1790978250106,1387,2032.7,-34.90324294953349,32045.04122646282,72.0,98.0,1.5,-0.8,0.99,GOOD
1790978250106,1388,1900.4,-43.43452147575091,31973.342618126015,72.0,98.0,1.5,-0.8,0.99,GOOD
1790978250106,1389,1848.0,-71.34611286585717,31976.621708119354,72.0,98.0,1.5,-0.8,0.99,GOOD
1790978250106,1390,1904.1,-118.09889243486342,31953.954251437077,72.0,98.0,1.5,-0.8,0.99,GOOD
1790978250106,1391,2038.1,-157.14891268384736,32000.4408996609,72.0,98.0,1.5,-0.8,0.99,GOOD
1790978250106,1392,2462.1,-141.94957174513414,31973.150623316502,72.0,98.0,1.5,-0.8,0.99,GOOD
1790978250106,1393,2847.7,-18.92997866996146,31990.087150926112,72.0,98.0,1.5,-0.8,0.99,GOOD
1790978250106,1394,3120.9,235.1185395206378,31972.006009733203,72.0,98.0,1.5,-0.8,0.99,GOOD
1790978250106,1395,3243.4,574.1542554105225,32033.24543842985,72.0,98.0,1.5,-0.8,0.99,GOOD
1790978250106,1396,3198.1,897.4175224884019,31950.209132487707,72.0,98.0,1.5,-0.8,0.99,GOOD
1790978250106,1397,2991.2,1100.29945905678,31992.15383161628,72.0,98.0,1.5,-0.8,0.99,GOOD
1790978250106,1398,2651.8,1117.7777051217001,32005.991829917784,72.0,98.0,1.5,-0.8,0.99,GOOD
1790978250106,1399,2227.7,942.4703469749185,31953.022635545,72.0,98.0,1.5,-0.8,0.99,GOOD
1790978250106,1400,1943.8,621.0795481095837,32025.451486370155,72.0,98.0,1.5,-0.8,0.99,GOOD
1790978255269,1401,2042.9,249.91583876597835,31994.28263400266,72.0,98.0,1.5,-0.8,0.97,GOOD
1790978255269,1402,2058.5,-50.6775069858338,32037.908998953186,72.0,98.0,1.5,-0.8,0.97,GOOD
1790978255269,1403,2048.2,-207.15365132417907,32040.909738667142,72.0,98.0,1.5,-0.8,0.97,GOOD
1790978255269,1404,2051.1,-230.98437434598014,32033.684231454852,72.0,98.0,1.5,-0.8,0.97,GOOD
1790978255269,1405,2050.9,-179.42172329091864,32045.036475249693,72.0,98.0,1.5,-0.8,0.97,GOOD
1790978255269,1406,2056.5,-111.32623266799116,32031.814288206177,72.0,98.0,1.5,-0.8,0.97,GOOD
1790978255269,1407,2058.4,-69.8467690301853,31978.672166766555,72.0,98.0,1.5,-0.8,0.97,GOOD
1790978255269,1408,2082.5,-68.37809217507686,32000.355791807844,72.0,98.0,1.5,-0.8,0.97,GOOD
1790978255269,1409,2106.3,-85.63681227606287,32008.169073676087,72.0,98.0,1.5,-0.8,0.97,GOOD
1790978255269,1410,2129.9,-87.87389105456138,31967.762648061034,72.0,98.0,1.5,-0.8,0.97,GOOD
1790978255269,1411,2152.9,-62.39592846137491,32011.04463066906,72.0,98.0,1.5,-0.8,0.97,GOOD
1790978255269,1412,2175.4,-25.497796295722047,32039.604079739885,72.0,98.0,1.5,-0.8,0.97,GOOD
1790978255269,1413,2197.2,1.5279217352573307,31983.06182393165,72.0,98.0,1.5,-0.8,0.97,GOOD
1790978255269,1414,2218.1,16.600006895915055,31991.755335245492,72.0,98.0,1.5,-0.8,0.97,GOOD
1790978255269,1415,2238.0,33.4432709613487,32000.26349144193,72.0,98.0,1.5,-0.8,0.97,GOOD
1790978255269,1416,2256.9,59.536790504808835,31995.978434515695,72.0,98.0,1.5,-0.8,0.97,GOOD
1790978255269,1417,2274.5,86.1945386107668,32031.680708401207,72.0,98.0,1.5,-0.8,0.97,GOOD
1790978255269,1418,2290.9,101.96563104617907,32006.764147581955,72.0,98.0,1.5,-0.8,0.97,GOOD
1790978255269,1419,2305.9,108.74747078278776,32017.273198925835,72.0,98.0,1.5,-0.8,0.97,GOOD
1790978255269,1420,2319.4,118.53891577181503,31950.87028531359,72.0,98.0,1.5,-0.8,0.97,GOOD
1790978255269,1421,2331.4,136.6814833149016,31982.60400794826,72.0,98.0,1.5,-0.8,0.97,GOOD
1790978255269,1422,2341.8,155.10501097345468,32018.27507404327,72.0,98.0,1.5,-0.8,0.97,GOOD
1790978255269,1423,2350.5,163.86979534547325,32015.913459678486,72.0,98.0,1.5,-0.8,0.97,GOOD
1790978255269,1424,2357.5,164.27562160334168,31953.700144585044,72.0,98.0,1.5,-0.8,0.97,GOOD
1790978255269,1425,2362.8,166.10259215656743,31988.18079484425,72.0,98.0,1.5,-0.8,0.97,GOOD
1790978260433,1426,2192.1,167.13748559835386,32040.569882978125,72.0,98.0,1.5,-0.8,0.97,GOOD
1790978260433,1427,2170.2,145.07021353420527,32015.536145414182,72.0,98.0,1.5,-0.8,0.97,GOOD
1790978260433,1428,2147.6,88.45273504195845,31997.12917771293,72.0,98.0,1.5,-0.8,0.97,GOOD
1790978260433,1429,2124.4,17.223659522915337,31981.030987957034,72.0,98.0,1.5,-0.8,0.97,GOOD
1790978260433,1430,2100.8,-41.29059604522439,31957.42169754222,72.0,98.0,1.5,-0.8,0.97,GOOD
1790978260433,1431,2076.8,-76.08281504558875,32011.527760855177,72.0,98.0,1.5,-0.8,0.97,GOOD
1790978260433,1432,2052.7,-93.12005754807588,32015.480406922954,72.0,98.0,1.5,-0.8,0.97,GOOD
1790978260433,1433,2046.3,-104.82026377992392,31961.535490996757,72.0,98.0,1.5,-0.8,0.97,GOOD
1790978260433,1434,2043.3,-118.20553321907835,31979.66609848455,72.0,98.0,1.5,-0.8,0.97,GOOD
1790978260433,1435,2054.6,-130.89456261608458,31988.570082376667,72.0,98.0,1.5,-0.8,0.97,GOOD
1790978260433,1436,2033.2,-137.3680430077505,32026.973188928263,72.0,98.0,1.5,-0.8,0.97,GOOD
1790978260433,1437,2044.5,-136.95274494040063,32049.54191278137,72.0,98.0,1.5,-0.8,0.97,GOOD
1790978260433,1438,2046.8,-133.21656767802912,31968.622630681184,72.0,98.0,1.5,-0.8,0.97,GOOD
1790978260433,1439,2053.3,-129.20257810510788,32031.12903927441,72.0,98.0,1.5,-0.8,0.97,GOOD
1790978260433,1440,2039.8,-126.4045301032059,32008.117739306283,72.0,98.0,1.5,-0.8,0.97,GOOD
1790978260433,1441,2041.8,-125.0118218065001,31986.80775070652,72.0,98.0,1.5,-0.8,0.97,GOOD
1790978260433,1442,2035.6,-124.01002750594269,31980.47943416897,72.0,98.0,1.5,-0.8,0.97,GOOD
1790978260433,1443,2033.4,-123.18040587519448,32024.91375360925,72.0,98.0,1.5,-0.8,0.97,GOOD
1790978260433,1444,2048.2,-123.43329928868567,32019.57679444651,72.0,98.0,1.5,-0.8,0.97,GOOD
1790978260433,1445,2048.4,-123.81973953246815,32045.32211713167,72.0,98.0,1.5,-0.8,0.97,GOOD
1790978260433,1446,2053.6,-121.48545130064488,31967.715508812114,72.0,98.0,1.5,-0.8,0.97,GOOD
1790978260433,1447,2049.4,-115.05418906225597,32049.301023747463,72.0,98.0,1.5,-0.8,0.97,GOOD
1790978260433,1448,2059.1,-106.38103615108757,32023.53221717167,72.0,98.0,1.5,-0.8,0.97,GOOD
1790978260433,1449,2051.9,-99.35444084698074,31981.256337094193,72.0,98.0,1.5,-0.8,0.97,GOOD
1790978260433,1450,2045.4,-97.21828303911792,32011.235713479524,72.0,98.0,1.5,-0.8,0.97,GOOD
1790978265597,1451,2060.0,-99.06557752971199,32047.13615013096,72.0,98.0,1.5,-0.8,1.01,GOOD
1790978265597,1452,2056.1,-99.59219425465801,32048.186830843297,72.0,98.0,1.5,-0.8,1.01,GOOD
1790978265597,1453,2051.7,-95.95201781176374,31971.944560992826,72.0,98.0,1.5,-0.8,1.01,GOOD
1790978265597,1454,2045.3,-91.79753567008689,32046.78468179334,72.0,98.0,1.5,-0.8,1.01,GOOD
1790978265597,1455,2034.0,-92.09596482648051,32046.425719949944,72.0,98.0,1.5,-0.8,1.01,GOOD
1790978265597,1456,2059.3,-96.27820053936135,31978.447707952368,72.0,98.0,1.5,-0.8,1.01,GOOD
1790978265597,1457,2060.5,-97.83301714486174,31992.501619568135,72.0,98.0,1.5,-0.8,1.01,GOOD
1790978265597,1458,2037.4,-93.46199058019612,32036.948315267637,72.0,98.0,1.5,-0.8,1.01,GOOD
1790978265597,1459,2035.4,-88.69535758118491,31990.22566154895,72.0,98.0,1.5,-0.8,1.01,GOOD
1790978265597,1460,2055.1,-88.58350321284749,31998.987879278848,72.0,98.0,1.5,-0.8,1.01,GOOD
1790978265597,1461,2052.0,-90.24242134036501,31995.20213002583,72.0,98.0,1.5,-0.8,1.01,GOOD
1790978265597,1462,2061.6,-88.69476412473563,32005.137279202216,72.0,98.0,1.5,-0.8,1.01,GOOD
1790978265597,1463,2050.8,-83.1663982282875,31984.701071308475,72.0,98.0,1.5,-0.8,1.01,GOOD
1790978265597,1464,2048.9,-77.00077717741975,31990.314933415142,72.0,98.0,1.5,-0.8,1.01,GOOD
1790978265597,1465,2040.8,-74.37759090590393,32008.664477526407,72.0,98.0,1.5,-0.8,1.01,GOOD
1790978265597,1466,2050.7,-76.239081821122,31967.293958448226,72.0,98.0,1.5,-0.8,1.01,GOOD
1790978265597,1467,2056.9,-78.99471618483959,31964.689985167035,72.0,98.0,1.5,-0.8,1.01,GOOD
1790978265597,1468,2037.2,-79.00662693249224,32046.26711924933,72.0,98.0,1.5,-0.8,1.01,GOOD
1790978265597,1469,2036.9,-77.47271450393089,32004.002092366212,72.0,98.0,1.5,-0.8,1.01,GOOD
1790978265597,1470,2048.1,-77.09571248449053,31996.646529471094,72.0,98.0,1.5,-0.8,1.01,GOOD
1790978265597,1471,2042.0,-77.53847093048266,31969.58286285478,72.0,98.0,1.5,-0.8,1.01,GOOD
1790978265597,1472,2046.0,-77.40988343772874,31981.593369222934,72.0,98.0,1.5,-0.8,1.01,GOOD
1790978265597,1473,2059.8,-75.37251026225826,31974.680627515667,72.0,98.0,1.5,-0.8,1.01,GOOD
1790978265597,1474,2050.4,-70.26311029519668,31963.82348585484,72.0,98.0,1.5,-0.8,1.01,GOOD
1790978265597,1475,2033.8,-64.62041783019993,32007.617907531687,72.0,98.0,1.5,-0.8,1.01,GOOD
1790978270757,1476,2034.3,-63.524051317089814,32044.525354942914,72.0,98.0,1.5,-0.8,1.03,GOOD
1790978270757,1477,2055.4,-66.98085973118492,31979.515408820054,72.0,98.0,1.5,-0.8,1.03,GOOD
1790978270757,1478,2034.1,-69.7854031954202,31964.15767600292,72.0,98.0,1.5,-0.8,1.03,GOOD
1790978270757,1479,2049.7,-69.28450056571356,32020.871779490713,72.0,98.0,1.5,-0.8,1.03,GOOD
1790978270757,1480,2056.6,-65.98642240179319,32013.459160833387,72.0,98.0,1.5,-0.8,1.03,GOOD
1790978270757,1481,2039.7,-61.0287740199789,31989.291942940945,72.0,98.0,1.5,-0.8,1.03,GOOD
1790978270757,1482,2040.9,-57.38936491733136,32033.98164062804,72.0,98.0,1.5,-0.8,1.03,GOOD
1790978270757,1483,2049.7,-56.73384916325685,31976.55933109478,72.0,98.0,1.5,-0.8,1.03,GOOD
1790978270757,1484,2056.4,-56.50934377671927,32031.01280516486,72.0,98.0,1.5,-0.8,1.03,GOOD
1790978270757,1485,2057.7,-53.97912110169067,32012.209117756232,72.0,98.0,1.5,-0.8,1.03,GOOD
1790978270757,1486,2060.0,-49.33359112562783,32008.14067394938,72.0,98.0,1.5,-0.8,1.03,GOOD
1790978270757,1487,2061.0,-44.05411498546425,32039.777969246014,72.0,98.0,1.5,-0.8,1.03,GOOD
1790978270757,1488,2037.8,-40.093697740193676,32015.949674551754,72.0,98.0,1.5,-0.8,1.03,GOOD
1790978270757,1489,2038.8,-40.2671689823934,31992.451736259452,72.0,98.0,1.5,-0.8,1.03,GOOD
1790978270757,1490,2051.5,-44.755609838110786,32028.055804635416,72.0,98.0,1.5,-0.8,1.03,GOOD
1790978270757,1491,2036.0,-49.88780424978573,31995.35594528779,72.0,98.0,1.5,-0.8,1.03,GOOD
1790978270757,1492,2052.6,-52.52678560023362,32012.832385928734,72.0,98.0,1.5,-0.8,1.03,GOOD
1790978270757,1493,2061.2,-50.8019956276728,32005.030907179636,72.0,98.0,1.5,-0.8,1.03,GOOD
1790978270757,1494,2045.1,-44.6829819177627,32017.9630392501,72.0,98.0,1.5,-0.8,1.03,GOOD
1790978270757,1495,2056.0,-38.13784661726845,32022.37084458332,72.0,98.0,1.5,-0.8,1.03,GOOD
1790978270757,1496,2040.5,-35.194412705023446,32018.18126223202,72.0,98.0,1.5,-0.8,1.03,GOOD
1790978270757,1497,2044.8,-36.31042418298582,31995.864057279297,72.0,98.0,1.5,-0.8,1.03,GOOD
1790978270757,1498,2041.5,-39.36642808594898,31960.831728831185,72.0,98.0,1.5,-0.8,1.03,GOOD
1790978270757,1499,2054.9,-41.32238795701953,32038.62830233033,72.0,98.0,1.5,-0.8,1.03,GOOD
1790978270757,1500,2055.6,-40.12950224406194,31959.649165393377,72.0,98.0,1.5,-0.8,1.03,GOOD
