timestamp_ms,sample_seq,ecg_raw,ecg_cleaned,ppg_dc_ir,ecg_bpm,spo2_pct,pitch_deg,roll_deg,motion_g,signal_quality
1790984859008,1,1934.0,-101.33345807681175,32000.0,84.2,98.0,-1.2,-0.3,1.08,GOOD
1790984859008,2,2037.0,-102.77060517193388,32000.0,84.2,98.0,-1.2,-0.3,1.08,GOOD
1790984859008,3,1978.0,-73.80310626144544,32000.0,84.2,98.0,-1.2,-0.3,1.08,GOOD
1790984859008,4,2010.0,-33.33000335666347,32000.0,84.2,98.0,-1.2,-0.3,1.08,GOOD
1790984859008,5,2013.0,-2.322141952992716,32000.0,84.2,98.0,-1.2,-0.3,1.08,GOOD
1790984859008,6,2031.0,15.216030185094104,32000.0,84.2,98.0,-1.2,-0.3,1.08,GOOD
1790984859008,7,2038.0,24.67356675323727,32000.0,84.2,98.0,-1.2,-0.3,1.08,GOOD
1790984859008,8,2029.0,29.519454022976515,32000.0,84.2,98.0,-1.2,-0.3,1.08,GOOD
1790984859008,9,2206.0,37.71640043857545,32000.0,84.2,98.0,-1.2,-0.3,1.08,GOOD
1790984859008,10,2231.0,67.63754488752144,32000.0,84.2,98.0,-1.2,-0.3,1.08,GOOD
1790984859008,11,2259.0,125.71656712609729,32000.0,84.2,98.0,-1.2,-0.3,1.08,GOOD
1790984859008,12,2283.0,192.86834623872582,32000.0,84.2,98.0,-1.2,-0.3,1.08,GOOD
1790984859008,13,2893.0,270.3501841670729,32000.0,84.2,98.0,-1.2,-0.3,1.08,GOOD
1790984859008,14,2880.0,400.60457559040424,32000.0,84.2,98.0,-1.2,-0.3,1.08,GOOD
1790984859008,15,2911.0,586.6660694899035,32000.0,84.2,98.0,-1.2,-0.3,1.08,GOOD
1790984859008,16,2939.0,763.958341894277,32000.0,84.2,98.0,-1.2,-0.3,1.08,GOOD
1790984859008,17,1937.0,840.1468311588258,32000.0,84.2,98.0,-1.2,-0.3,1.08,GOOD
1790984859008,18,1922.0,716.9172620392776,32000.0,84.2,98.0,-1.2,-0.3,1.08,GOOD
1790984859008,19,1836.0,397.3580324989507,32000.0,84.2,98.0,-1.2,-0.3,1.08,GOOD
1790984859008,20,2051.0,35.43715024695349,32000.0,84.2,98.0,-1.2,-0.3,1.08,GOOD
1790984859008,21,2081.0,-199.5719064510487,32000.0,84.2,98.0,-1.2,-0.3,1.08,GOOD
1790984859008,22,2127.0,-241.36856019121697,32000.0,84.2,98.0,-1.2,-0.3,1.08,GOOD
1790984859008,23,2101.0,-136.7667133871817,32000.0,84.2,98.0,-1.2,-0.3,1.08,GOOD
1790984859008,24,1991.0,2.29505765129546,32000.0,84.2,98.0,-1.2,-0.3,1.08,GOOD
1790984859008,25,1977.0,69.88486270001889,32000.0,84.2,98.0,-1.2,-0.3,1.08,GOOD
1790984859262,26,2008.0,36.03156935615403,32000.0,84.2,98.0,-1.1,-0.2,1.09,GOOD
1790984859262,27,2038.0,-41.24380229907578,32000.0,84.2,98.0,-1.1,-0.2,1.09,GOOD
1790984859262,28,2003.0,-86.78700744053243,32000.0,84.2,98.0,-1.1,-0.2,1.09,GOOD
1790984859262,29,1977.0,-81.76399120925045,32000.0,84.2,98.0,-1.1,-0.2,1.09,GOOD
1790984859262,30,1958.0,-62.91192063630748,32000.0,84.2,98.0,-1.1,-0.2,1.09,GOOD
1790984859262,31,1990.0,-65.6671581366557,32000.0,84.2,98.0,-1.1,-0.2,1.09,GOOD
1790984859262,32,2022.0,-84.02932843690985,32000.0,84.2,98.0,-1.1,-0.2,1.09,GOOD
1790984859262,33,1991.0,-89.03847411557965,32000.0,84.2,98.0,-1.1,-0.2,1.09,GOOD
1790984859262,34,1934.0,-74.68398773975389,32000.0,84.2,98.0,-1.1,-0.2,1.09,GOOD
1790984859262,35,2029.0,-62.015906540378595,32000.0,84.2,98.0,-1.1,-0.2,1.09,GOOD
1790984859262,36,2020.0,-62.23547958013671,32000.0,84.2,98.0,-1.1,-0.2,1.09,GOOD
1790984859262,37,2070.0,-63.7463846952859,32000.0,84.2,98.0,-1.1,-0.2,1.09,GOOD
1790984859262,38,2095.0,-48.863061784432354,32000.0,84.2,98.0,-1.1,-0.2,1.09,GOOD
1790984859262,39,2049.0,-14.568678761660507,32000.0,84.2,98.0,-1.1,-0.2,1.09,GOOD
1790984859262,40,2028.0,16.949048462768104,32000.0,84.2,98.0,-1.1,-0.2,1.09,GOOD
1790984859262,41,2031.0,20.633030579622623,32000.0,84.2,98.0,-1.1,-0.2,1.09,GOOD
1790984859262,42,2145.0,2.8626698374815835,32000.0,84.2,98.0,-1.1,-0.2,1.09,GOOD
1790984859262,43,2139.0,-3.0885079804416984,32000.0,84.2,98.0,-1.1,-0.2,1.09,GOOD
1790984859262,44,2109.0,19.736289478950198,32000.0,84.2,98.0,-1.1,-0.2,1.09,GOOD
1790984859262,45,2087.0,51.868426556987586,32000.0,84.2,98.0,-1.1,-0.2,1.09,GOOD
1790984859262,46,2067.0,65.21374709604913,32000.0,84.2,98.0,-1.1,-0.2,1.09,GOOD
1790984859262,47,2074.0,52.01048707240807,32000.0,84.2,98.0,-1.1,-0.2,1.09,GOOD
1790984859262,48,2056.0,25.612607519626135,32000.0,84.2,98.0,-1.1,-0.2,1.09,GOOD
1790984859262,49,1976.0,0.3697929041316126,32000.0,84.2,98.0,-1.1,-0.2,1.09,GOOD
1790984859262,50,2241.0,-12.613825350279368,32000.0,84.2,98.0,-1.1,-0.2,1.09,GOOD
1790984859263,51,2257.0,7.198899614845836,32000.0,84.2,98.0,-1.1,-0.2,1.09,GOOD
1790984859263,52,2287.0,66.44368738222035,32000.0,84.2,98.0,-1.1,-0.2,1.09,GOOD
1790984859263,53,2302.0,140.39005040576876,32000.0,84.2,98.0,-1.1,-0.2,1.09,GOOD
1790984859263,54,2280.0,201.69903817180415,32000.0,84.2,98.0,-1.1,-0.2,1.09,GOOD
1790984859263,55,2278.0,236.29695165698269,32000.0,84.2,98.0,-1.1,-0.2,1.09,GOOD
1790984859263,56,2287.0,240.09789601813608,32000.0,84.2,98.0,-1.1,-0.2,1.09,GOOD
1790984859263,57,2326.0,222.5461978426362,32000.0,84.2,98.0,-1.1,-0.2,1.09,GOOD
1790984859263,58,2306.0,203.85084598892348,32000.0,84.2,98.0,-1.1,-0.2,1.09,GOOD
1790984859263,59,2368.0,201.58737652483268,32000.0,84.2,98.0,-1.1,-0.2,1.09,GOOD
1790984859263,60,2364.0,220.13596514338894,32000.0,84.2,98.0,-1.1,-0.2,1.09,GOOD
1790984859263,61,2364.0,246.9736277655764,32000.0,84.2,98.0,-1.1,-0.2,1.09,GOOD
1790984859263,62,2403.0,264.2237689916271,32000.0,84.2,98.0,-1.1,-0.2,1.09,GOOD
1790984859263,63,2371.0,267.9764770259475,32000.0,84.2,98.0,-1.1,-0.2,1.09,GOOD
1790984859263,64,2333.0,264.21209868633844,32000.0,84.2,98.0,-1.1,-0.2,1.09,GOOD
1790984859263,65,2296.0,253.35461321601096,32000.0,84.2,98.0,-1.1,-0.2,1.09,GOOD
1790984859263,66,2258.0,229.77792539427602,32000.0,84.2,98.0,-1.1,-0.2,1.09,GOOD
1790984859263,67,2191.0,188.81272914287368,32000.0,84.2,98.0,-1.1,-0.2,1.09,GOOD
1790984859263,68,2194.0,134.60406367488264,32000.0,84.2,98.0,-1.1,-0.2,1.09,GOOD
1790984859263,69,2146.0,82.29889521388156,32000.0,84.2,98.0,-1.1,-0.2,1.09,GOOD
1790984859263,70,2130.0,44.34505322328973,32000.0,84.2,98.0,-1.1,-0.2,1.09,GOOD
1790984859263,71,2081.0,17.900652298332346,32000.0,84.2,98.0,-1.1,-0.2,1.09,GOOD
1790984859263,72,2118.0,-6.317935768069606,32000.0,84.2,98.0,-1.1,-0.2,1.09,GOOD
1790984859263,73,2107.0,-28.188007014945537,32000.0,84.2,98.0,-1.1,-0.2,1.09,GOOD
1790984859263,74,2011.0,-43.96743393397625,32000.0,84.2,98.0,-1.1,-0.2,1.09,GOOD
1790984859263,75,1986.0,-60.62269578700415,32000.0,84.2,98.0,-1.1,-0.2,1.09,GOOD
1790984859379,76,2003.0,-85.54136455899956,32000.0,84.2,98.0,-1.3,-0.2,1.08,GOOD
1790984859379,77,2008.0,-113.42725189060474,32000.0,84.2,98.0,-1.3,-0.2,1.08,GOOD
1790984859379,78,1972.0,-135.9210429839024,32000.0,84.2,98.0,-1.3,-0.2,1.08,GOOD
1790984859379,79,1941.0,-151.64397497754126,32000.0,84.2,98.0,-1.3,-0.2,1.08,GOOD
1790984859379,80,1924.0,-162.93739143935923,32000.0,84.2,98.0,-1.3,-0.2,1.08,GOOD
1790984859379,81,1922.0,-172.20131365669081,32000.0,84.2,98.0,-1.3,-0.2,1.08,GOOD
1790984859379,82,1879.0,-184.222474472866,32000.0,84.2,98.0,-1.3,-0.2,1.08,GOOD
1790984859379,83,1877.0,-204.00841106078792,32000.0,84.2,98.0,-1.3,-0.2,1.08,GOOD
1790984859379,84,1838.0,-228.54231358860318,32000.0,84.2,98.0,-1.3,-0.2,1.08,GOOD
1790984859379,85,1806.0,-249.81107042781392,32000.0,84.2,98.0,-1.3,-0.2,1.08,GOOD
1790984859379,86,1930.0,-260.6465773783021,32000.0,84.2,98.0,-1.3,-0.2,1.08,GOOD
1790984859379,87,1952.0,-252.37650923831603,32000.0,84.2,98.0,-1.3,-0.2,1.08,GOOD
1790984859379,88,1949.0,-224.21465224910798,32000.0,84.2,98.0,-1.3,-0.2,1.08,GOOD
1790984859379,89,1944.0,-188.71517647641897,32000.0,84.2,98.0,-1.3,-0.2,1.08,GOOD
1790984859379,90,1888.0,-159.71224757266566,32000.0,84.2,98.0,-1.3,-0.2,1.08,GOOD
1790984859379,91,1920.0,-146.34438595614586,32000.0,84.2,98.0,-1.3,-0.2,1.08,GOOD
1790984859379,92,1935.0,-150.0217018520662,32000.0,84.2,98.0,-1.3,-0.2,1.08,GOOD
1790984859379,93,1915.0,-163.19026769698885,32000.0,84.2,98.0,-1.3,-0.2,1.08,GOOD
1790984859379,94,1958.0,-173.6289095308756,32000.0,84.2,98.0,-1.3,-0.2,1.08,GOOD
1790984859379,95,1901.0,-170.5072078763053,32000.0,84.2,98.0,-1.3,-0.2,1.08,GOOD
1790984859379,96,1876.0,-158.1287841625848,32000.0,84.2,98.0,-1.3,-0.2,1.08,GOOD
1790984859379,97,1954.0,-151.70891625806922,32000.0,84.2,98.0,-1.3,-0.2,1.08,GOOD
1790984859379,98,1997.0,-151.54061616393523,32000.0,84.2,98.0,-1.3,-0.2,1.08,GOOD
1790984859379,99,1975.0,-143.9484343809371,32000.0,84.2,98.0,-1.3,-0.2,1.08,GOOD
1790984859379,100,1985.0,-123.07411092796744,32000.0,84.2,98.0,-1.3,-0.2,1.08,GOOD
1790984859380,101,1893.0,-98.89180728100752,32000.0,84.2,98.0,-1.3,-0.2,1.08,GOOD
1790984859380,102,1893.0,-91.7892050587062,32000.0,84.2,98.0,-1.3,-0.2,1.08,GOOD
1790984859380,103,1896.0,-112.78292061120891,32000.0,84.2,98.0,-1.3,-0.2,1.08,GOOD
1790984859380,104,1899.0,-148.4460723517826,32000.0,84.2,98.0,-1.3,-0.2,1.08,GOOD
1790984859380,105,1975.0,-171.29050800379542,32000.0,84.2,98.0,-1.3,-0.2,1.08,GOOD
1790984859380,106,1980.0,-161.06155718773255,32000.0,84.2,98.0,-1.3,-0.2,1.08,GOOD
1790984859380,107,1993.0,-122.71408388132924,32000.0,84.2,98.0,-1.3,-0.2,1.08,GOOD
1790984859380,108,1990.0,-81.81984269374773,32000.0,84.2,98.0,-1.3,-0.2,1.08,GOOD
1790984859380,109,1987.0,-58.43530054113759,32000.0,84.2,98.0,-1.3,-0.2,1.08,GOOD
1790984859380,110,1964.0,-53.893404959744835,32000.0,84.2,98.0,-1.3,-0.2,1.08,GOOD
1790984859380,111,1960.0,-59.50254509661471,32000.0,84.2,98.0,-1.3,-0.2,1.08,GOOD
1790984859380,112,2005.0,-66.39472157166963,32000.0,84.2,98.0,-1.3,-0.2,1.08,GOOD
1790984859380,113,2028.0,-67.2337087872223,32000.0,84.2,98.0,-1.3,-0.2,1.08,GOOD
1790984859380,114,2013.0,-59.0290716580599,32000.0,84.2,98.0,-1.3,-0.2,1.08,GOOD
1790984859380,115,1988.0,-46.21588298388432,32000.0,84.2,98.0,-1.3,-0.2,1.08,GOOD
1790984859380,116,1787.0,-43.9660813477265,32000.0,84.2,98.0,-1.3,-0.2,1.08,GOOD
1790984859380,117,1808.0,-73.46421708745574,32000.0,84.2,98.0,-1.3,-0.2,1.08,GOOD
1790984859380,118,1797.0,-135.2215240096186,32000.0,84.2,98.0,-1.3,-0.2,1.08,GOOD
1790984859380,119,2020.0,-193.4315545960073,32000.0,84.2,98.0,-1.3,-0.2,1.08,GOOD
1790984859380,120,1995.0,-202.27556252534163,32000.0,84.2,98.0,-1.3,-0.2,1.08,GOOD
1790984859380,121,2013.0,-151.25446283844138,32000.0,84.2,98.0,-1.3,-0.2,1.08,GOOD
1790984859380,122,2033.0,-72.25891720038959,32000.0,84.2,98.0,-1.3,-0.2,1.08,GOOD
1790984859380,123,2017.0,-4.86856793137731,32000.0,84.2,98.0,-1.3,-0.2,1.08,GOOD
1790984859380,124,1982.0,25.035627746995473,32000.0,84.2,98.0,-1.3,-0.2,1.08,GOOD
1790984859380,125,1983.0,13.043493554902682,32000.0,84.2,98.0,-1.3,-0.2,1.08,GOOD
1790984859512,126,1999.0,-18.731908884846032,32000.0,84.2,98.0,-1.3,-0.3,1.08,GOOD
1790984859512,127,2061.0,-37.19077690135487,32000.0,84.2,98.0,-1.3,-0.3,1.08,GOOD
1790984859512,128,2031.0,-27.119912111652603,32000.0,84.2,98.0,-1.3,-0.3,1.08,GOOD
1790984859512,129,2023.0,-3.561931100581276,32000.0,84.2,98.0,-1.3,-0.3,1.08,GOOD
1790984859512,130,1996.0,9.275394784733395,32000.0,84.2,98.0,-1.3,-0.3,1.08,GOOD
1790984859512,131,1959.0,3.3476682597965643,32000.0,84.2,98.0,-1.3,-0.3,1.08,GOOD
1790984859512,132,1872.0,-17.762136245424283,32000.0,84.2,98.0,-1.3,-0.3,1.08,GOOD
1790984859512,133,1976.0,-48.28339202256187,32000.0,84.2,98.0,-1.3,-0.3,1.08,GOOD
1790984859512,134,1954.0,-75.30912613661224,32000.0,84.2,98.0,-1.3,-0.3,1.08,GOOD
1790984859512,135,1900.0,-89.3299276894522,32000.0,84.2,98.0,-1.3,-0.3,1.08,GOOD
1790984859512,136,1921.0,-94.17612138860073,32000.0,84.2,98.0,-1.3,-0.3,1.08,GOOD
1790984859512,137,1941.0,-92.10396946295903,32000.0,84.2,98.0,-1.3,-0.3,1.08,GOOD
1790984859512,138,2011.0,-79.4732693344906,32000.0,84.2,98.0,-1.3,-0.3,1.08,GOOD
1790984859512,139,1990.0,-58.41263518393696,32000.0,84.2,98.0,-1.3,-0.3,1.08,GOOD
1790984859512,140,1999.0,-37.90716865095303,32000.0,84.2,98.0,-1.3,-0.3,1.08,GOOD
1790984859512,141,2018.0,-21.677455119594327,32000.0,84.2,98.0,-1.3,-0.3,1.08,GOOD
1790984859512,142,2017.0,-4.939926919012871,32000.0,84.2,98.0,-1.3,-0.3,1.08,GOOD
1790984859512,143,1995.0,10.812094194190866,32000.0,84.2,98.0,-1.3,-0.3,1.08,GOOD
1790984859512,144,1969.0,13.629818335851827,32000.0,84.2,98.0,-1.3,-0.3,1.08,GOOD
1790984859512,145,2035.0,0.82120579398819,32000.0,84.2,98.0,-1.3,-0.3,1.08,GOOD
1790984859512,146,2060.0,-9.008219505699653,32000.0,84.2,98.0,-1.3,-0.3,1.08,GOOD
1790984859512,147,2074.0,3.0358879655415603,32000.0,84.2,98.0,-1.3,-0.3,1.08,GOOD
1790984859512,148,2037.0,31.151967071648613,32000.0,84.2,98.0,-1.3,-0.3,1.08,GOOD
1790984859512,149,2069.0,53.86682176141993,32000.0,84.2,98.0,-1.3,-0.3,1.08,GOOD
1790984859512,150,2059.0,60.739777958476466,32000.0,84.2,98.0,-1.3,-0.3,1.08,GOOD
1790984859619,151,2051.0,57.54000123408747,32000.0,85.1,98.0,-1.4,-0.3,1.07,GOOD
1790984859619,152,2042.0,52.09543295095763,32000.0,85.1,98.0,-1.4,-0.3,1.07,GOOD
1790984859619,153,1860.0,39.784693574577986,32000.0,85.1,98.0,-1.4,-0.3,1.07,GOOD
1790984859619,154,1859.0,3.9842048177168943,32000.0,85.1,98.0,-1.4,-0.3,1.07,GOOD
1790984859619,155,1839.0,-57.00399483295158,32000.0,85.1,98.0,-1.4,-0.3,1.07,GOOD
1790984859619,156,1868.0,-118.85662301908357,32000.0,85.1,98.0,-1.4,-0.3,1.07,GOOD
1790984859619,157,1990.0,-151.6195236172745,32000.0,85.1,98.0,-1.4,-0.3,1.07,GOOD
1790984859619,158,2000.0,-137.45955174568837,32000.0,85.1,98.0,-1.4,-0.3,1.07,GOOD
1790984859619,159,1994.0,-84.97017693437219,32000.0,85.1,98.0,-1.4,-0.3,1.07,GOOD
1790984859619,160,1957.0,-27.036154733448413,32000.0,85.1,98.0,-1.4,-0.3,1.07,GOOD
1790984859619,161,1978.0,6.6481872733910885,32000.0,85.1,98.0,-1.4,-0.3,1.07,GOOD
1790984859619,162,1989.0,10.528739140755068,32000.0,85.1,98.0,-1.4,-0.3,1.07,GOOD
1790984859619,163,1972.0,-2.0481777548219013,32000.0,85.1,98.0,-1.4,-0.3,1.07,GOOD
1790984859619,164,1933.0,-17.45977980473325,32000.0,85.1,98.0,-1.4,-0.3,1.07,GOOD
1790984859619,165,1912.0,-31.14569327542657,32000.0,85.1,98.0,-1.4,-0.3,1.07,GOOD
1790984859619,166,1927.0,-43.565020027978896,32000.0,85.1,98.0,-1.4,-0.3,1.07,GOOD
1790984859619,167,2068.0,-49.18985532635982,32000.0,85.1,98.0,-1.4,-0.3,1.07,GOOD
1790984859619,168,2053.0,-35.1824049220519,32000.0,85.1,98.0,-1.4,-0.3,1.07,GOOD
1790984859619,169,2072.0,0.7460420842421627,32000.0,85.1,98.0,-1.4,-0.3,1.07,GOOD
1790984859619,170,2088.0,45.82127138871292,32000.0,85.1,98.0,-1.4,-0.3,1.07,GOOD
1790984859619,171,2733.0,111.30828344368749,32000.0,85.1,98.0,-1.4,-0.3,1.07,GOOD
1790984859619,172,2751.0,243.10651384496333,32000.0,85.1,98.0,-1.4,-0.3,1.07,GOOD
1790984859619,173,2765.0,440.6401252835598,32000.0,85.1,98.0,-1.4,-0.3,1.07,GOOD
1790984859619,174,2783.0,632.5337841627838,32000.0,85.1,98.0,-1.4,-0.3,1.07,GOOD
1790984859619,175,2521.0,750.8634824430105,32000.0,85.1,98.0,-1.4,-0.3,1.07,GOOD
1790984859702,176,2486.0,759.2640935343309,32000.0,85.1,98.0,-1.3,-0.4,1.08,GOOD
1790984859702,177,2433.0,659.9739640024617,32000.0,85.1,98.0,-1.3,-0.4,1.08,GOOD
1790984859702,178,1837.0,483.44717895008046,32000.0,85.1,98.0,-1.3,-0.4,1.08,GOOD
1790984859702,179,1851.0,253.3853557896835,32000.0,85.1,98.0,-1.3,-0.4,1.08,GOOD
1790984859702,180,1844.0,18.034789627798283,32000.0,85.1,98.0,-1.3,-0.4,1.08,GOOD
1790984859702,181,1816.0,-153.5889420571749,32000.0,85.1,98.0,-1.3,-0.4,1.08,GOOD
1790984859702,182,1988.0,-237.8465726181472,32000.0,85.1,98.0,-1.3,-0.4,1.08,GOOD
1790984859702,183,2020.0,-244.82565476852312,32000.0,85.1,98.0,-1.3,-0.4,1.08,GOOD
1790984859702,184,2040.0,-185.94253783496737,32000.0,85.1,98.0,-1.3,-0.4,1.08,GOOD
1790984859702,185,1703.0,-101.45591098345555,32000.0,85.1,98.0,-1.3,-0.4,1.08,GOOD
1790984859702,186,1642.0,-70.50333068513994,32000.0,85.1,98.0,-1.3,-0.4,1.08,GOOD
1790984859702,187,1591.0,-144.27670589126478,32000.0,85.1,98.0,-1.3,-0.4,1.08,GOOD
1790984859702,188,1602.0,-289.16546026466494,32000.0,85.1,98.0,-1.3,-0.4,1.08,GOOD
1790984859702,189,2116.0,-401.29669818045556,32000.0,85.1,98.0,-1.3,-0.4,1.08,GOOD
1790984859702,190,2124.0,-372.9283342139346,32000.0,85.1,98.0,-1.3,-0.4,1.08,GOOD
1790984859702,191,2106.0,-201.61994763739654,32000.0,85.1,98.0,-1.3,-0.4,1.08,GOOD
1790984859702,192,2102.0,-1.8470809572550628,32000.0,85.1,98.0,-1.3,-0.4,1.08,GOOD
1790984859702,193,2026.0,118.74225597642791,32000.0,85.1,98.0,-1.3,-0.4,1.08,GOOD
1790984859702,194,2036.0,135.45292712092916,32000.0,85.1,98.0,-1.3,-0.4,1.08,GOOD
1790984859702,195,2034.0,87.62333288738648,32000.0,85.1,98.0,-1.3,-0.4,1.08,GOOD
1790984859702,196,2008.0,29.081064261625713,32000.0,85.1,98.0,-1.3,-0.4,1.08,GOOD
1790984859702,197,2076.0,-7.74555503804986,32000.0,85.1,98.0,-1.3,-0.4,1.08,GOOD
1790984859702,198,2069.0,-12.998125668620068,32000.0,85.1,98.0,-1.3,-0.4,1.08,GOOD
1790984859702,199,2080.0,6.82976043379544,32000.0,85.1,98.0,-1.3,-0.4,1.08,GOOD
1790984859702,200,2052.0,33.22803373917189,32000.0,85.1,98.0,-1.3,-0.4,1.08,GOOD
1790984859896,201,1949.0,44.615779218176094,32000.0,85.1,98.0,-1.3,-0.4,1.09,GOOD
1790984859896,202,1963.0,27.21135991663319,32000.0,85.1,98.0,-1.3,-0.4,1.09,GOOD
1790984859896,203,1962.0,-11.590818291241721,32000.0,85.1,98.0,-1.3,-0.4,1.09,GOOD
1790984859896,204,1969.0,-49.21722540038535,32000.0,85.1,98.0,-1.3,-0.4,1.09,GOOD
1790984859896,205,2188.0,-61.63175326282541,32000.0,85.1,98.0,-1.3,-0.4,1.09,GOOD
1790984859896,206,2141.0,-29.964047739358683,32000.0,85.1,98.0,-1.3,-0.4,1.09,GOOD
1790984859896,207,2167.0,37.45667575564339,32000.0,85.1,98.0,-1.3,-0.4,1.09,GOOD
1790984859896,208,2014.0,100.41284370434016,32000.0,85.1,98.0,-1.3,-0.4,1.09,GOOD
1790984859896,209,2145.0,124.19726597747564,32000.0,85.1,98.0,-1.3,-0.4,1.09,GOOD
1790984859896,210,2139.0,112.74526581690375,32000.0,85.1,98.0,-1.3,-0.4,1.09,GOOD
1790984859896,211,2132.0,92.97071906818397,32000.0,85.1,98.0,-1.3,-0.4,1.09,GOOD
1790984859896,212,2273.0,87.29110258975427,32000.0,85.1,98.0,-1.3,-0.4,1.09,GOOD
1790984859896,213,2252.0,111.87088452324467,32000.0,85.1,98.0,-1.3,-0.4,1.09,GOOD
1790984859896,214,2309.0,164.38680007184809,32000.0,85.1,98.0,-1.3,-0.4,1.09,GOOD
1790984859896,215,2294.0,219.2667466382706,32000.0,85.1,98.0,-1.3,-0.4,1.09,GOOD
1790984859896,216,2324.0,253.45401197838004,32000.0,85.1,98.0,-1.3,-0.4,1.09,GOOD
1790984859896,217,2330.0,265.15298885021855,32000.0,85.1,98.0,-1.3,-0.4,1.09,GOOD
1790984859896,218,2215.0,263.0936623540995,32000.0,85.1,98.0,-1.3,-0.4,1.09,GOOD
1790984859896,219,2256.0,248.1717674180966,32000.0,85.1,98.0,-1.3,-0.4,1.09,GOOD
1790984859896,220,2372.0,226.1748325853087,32000.0,85.1,98.0,-1.3,-0.4,1.09,GOOD
1790984859896,221,2373.0,217.64312816982925,32000.0,85.1,98.0,-1.3,-0.4,1.09,GOOD
1790984859896,222,2372.0,232.8616604605008,32000.0,85.1,98.0,-1.3,-0.4,1.09,GOOD
1790984859896,223,2391.0,262.7600905043869,32000.0,85.1,98.0,-1.3,-0.4,1.09,GOOD
1790984859896,224,2438.0,295.99584071750553,32000.0,85.1,98.0,-1.3,-0.4,1.09,GOOD
1790984859896,225,2423.0,323.4097904506284,32000.0,85.1,98.0,-1.3,-0.4,1.09,GOOD
1790984859897,226,2396.0,333.7474196936041,32000.0,85.1,98.0,-1.3,-0.4,1.09,GOOD
1790984859897,227,2322.0,320.2146074223343,32000.0,85.1,98.0,-1.3,-0.4,1.09,GOOD
1790984859897,228,2315.0,288.37718991567147,32000.0,85.1,98.0,-1.3,-0.4,1.09,GOOD
1790984859897,229,2343.0,253.11553655368036,32000.0,85.1,98.0,-1.3,-0.4,1.09,GOOD
1790984859897,230,2290.0,224.4331792434574,32000.0,85.1,98.0,-1.3,-0.4,1.09,GOOD
1790984859897,231,2092.0,191.05845959026487,32000.0,85.1,98.0,-1.3,-0.4,1.09,GOOD
1790984859897,232,2120.0,134.49928453314794,32000.0,85.1,98.0,-1.3,-0.4,1.09,GOOD
1790984859897,233,2118.0,65.14740240247633,32000.0,85.1,98.0,-1.3,-0.4,1.09,GOOD
1790984859897,234,2113.0,11.858868522327665,32000.0,85.1,98.0,-1.3,-0.4,1.09,GOOD
1790984859897,235,1916.0,-24.68863271749434,32000.0,85.1,98.0,-1.3,-0.4,1.09,GOOD
1790984859897,236,2007.0,-67.14186351298903,32000.0,85.1,98.0,-1.3,-0.4,1.09,GOOD
1790984859897,237,2012.0,-112.13571239304203,32000.0,85.1,98.0,-1.3,-0.4,1.09,GOOD
1790984859897,238,2004.0,-134.41111040593665,32000.0,85.1,98.0,-1.3,-0.4,1.09,GOOD
1790984859897,239,1963.0,-133.18949347299161,32000.0,85.1,98.0,-1.3,-0.4,1.09,GOOD
1790984859897,240,1943.0,-131.58266775983947,32000.0,85.1,98.0,-1.3,-0.4,1.09,GOOD
1790984859897,241,1859.0,-145.80724970852722,32000.0,85.1,98.0,-1.3,-0.4,1.09,GOOD
1790984859897,242,1871.0,-174.99138229969725,32000.0,85.1,98.0,-1.3,-0.4,1.09,GOOD
1790984859897,243,1992.0,-202.24232576477752,32000.0,85.1,98.0,-1.3,-0.4,1.09,GOOD
1790984859897,244,1978.0,-206.32287815277812,32000.0,85.1,98.0,-1.3,-0.4,1.09,GOOD
1790984859897,245,1969.0,-185.95729431454396,32000.0,85.1,98.0,-1.3,-0.4,1.09,GOOD
1790984859897,246,1867.0,-161.77885539271597,32000.0,85.1,98.0,-1.3,-0.4,1.09,GOOD
1790984859897,247,1904.0,-152.68353761737507,32000.0,85.1,98.0,-1.3,-0.4,1.09,GOOD
1790984859897,248,1879.0,-161.42036493168422,32000.0,85.1,98.0,-1.3,-0.4,1.09,GOOD
1790984859897,249,1823.0,-184.40150090621805,32000.0,85.1,98.0,-1.3,-0.4,1.09,GOOD
1790984859897,250,1894.0,-216.48261393153632,32000.0,85.1,98.0,-1.3,-0.4,1.09,GOOD
1790984860015,251,1929.0,-237.44715480786857,32000.0,85.1,98.0,-1.3,-0.4,1.08,GOOD
1790984860015,252,1937.0,-225.409579058616,32000.0,85.1,98.0,-1.3,-0.4,1.08,GOOD
1790984860015,253,1947.0,-186.5320428668524,32000.0,85.1,98.0,-1.3,-0.4,1.08,GOOD
1790984860015,254,1896.0,-149.9158003421042,32000.0,85.1,98.0,-1.3,-0.4,1.08,GOOD
1790984860015,255,1879.0,-139.33888362421953,32000.0,85.1,98.0,-1.3,-0.4,1.08,GOOD
1790984860015,256,1881.0,-153.85070257587586,32000.0,85.1,98.0,-1.3,-0.4,1.08,GOOD
1790984860015,257,1880.0,-173.99173405613976,32000.0,85.1,98.0,-1.3,-0.4,1.08,GOOD
1790984860015,258,1946.0,-183.05799308168952,32000.0,85.1,98.0,-1.3,-0.4,1.08,GOOD
1790984860015,259,1924.0,-176.89810098363972,32000.0,85.1,98.0,-1.3,-0.4,1.08,GOOD
1790984860015,260,1932.0,-161.4483235913603,32000.0,85.1,98.0,-1.3,-0.4,1.08,GOOD
1790984860015,261,1927.0,-144.09172835890178,32000.0,85.1,98.0,-1.3,-0.4,1.08,GOOD
1790984860015,262,2007.0,-125.13923801683816,32000.0,85.1,98.0,-1.3,-0.4,1.08,GOOD
1790984860015,263,2003.0,-101.74244055215324,32000.0,85.1,98.0,-1.3,-0.4,1.08,GOOD
1790984860015,264,1977.0,-79.22339102139641,32000.0,85.1,98.0,-1.3,-0.4,1.08,GOOD
1790984860015,265,1985.0,-67.05679033645934,32000.0,85.1,98.0,-1.3,-0.4,1.08,GOOD
1790984860015,266,1982.0,-63.91042488662665,32000.0,85.1,98.0,-1.3,-0.4,1.08,GOOD
1790984860015,267,1978.0,-62.15371666767799,32000.0,85.1,98.0,-1.3,-0.4,1.08,GOOD
1790984860015,268,1943.0,-63.021239877763726,32000.0,85.1,98.0,-1.3,-0.4,1.08,GOOD
1790984860015,269,1997.0,-71.28863899863325,32000.0,85.1,98.0,-1.3,-0.4,1.08,GOOD
1790984860015,270,1991.0,-80.01560328259862,32000.0,85.1,98.0,-1.3,-0.4,1.08,GOOD
1790984860015,271,1899.0,-81.09086250364865,32000.0,85.1,98.0,-1.3,-0.4,1.08,GOOD
1790984860015,272,2000.0,-78.97031334045558,32000.0,85.1,98.0,-1.3,-0.4,1.08,GOOD
1790984860015,273,1957.0,-77.6078625396852,32000.0,85.1,98.0,-1.3,-0.4,1.08,GOOD
1790984860015,274,1955.0,-77.64370202587041,32000.0,85.1,98.0,-1.3,-0.4,1.08,GOOD
1790984860015,275,1966.0,-80.70580741886361,32000.0,85.1,98.0,-1.3,-0.4,1.08,GOOD
1790984860312,276,1963.0,-81.9664758665086,-47.0,85.8,98.0,-1.3,-0.3,1.09,GOOD
1790984860312,277,2054.0,-73.04000836179681,-45.0,85.8,98.0,-1.3,-0.3,1.09,GOOD
1790984860312,278,2053.0,-50.72704745668445,-41.0,85.8,98.0,-1.3,-0.3,1.09,GOOD
1790984860312,279,2068.0,-21.260860397962038,-39.0,85.8,98.0,-1.3,-0.3,1.09,GOOD
1790984860312,280,2057.0,5.057619765854891,-39.0,85.8,98.0,-1.3,-0.3,1.09,GOOD
1790984860312,281,1935.0,18.91641043420323,-34.0,85.8,98.0,-1.3,-0.3,1.09,GOOD
1790984860312,282,2009.0,11.99377321804825,-35.0,85.8,98.0,-1.3,-0.3,1.09,GOOD
1790984860312,283,1998.0,-11.520838391474513,-31.0,85.8,98.0,-1.3,-0.3,1.09,GOOD
1790984860312,284,2015.0,-35.52975280336191,-31.0,85.8,98.0,-1.3,-0.3,1.09,GOOD
1790984860312,285,1984.0,-48.59868394557355,-31.0,85.8,98.0,-1.3,-0.3,1.09,GOOD
1790984860312,286,2018.0,-47.217944849380366,-28.0,85.8,98.0,-1.3,-0.3,1.09,GOOD
1790984860312,287,1988.0,-34.60088118690457,-26.0,85.8,98.0,-1.3,-0.3,1.09,GOOD
1790984860312,288,1988.0,-23.04216277447708,-23.0,85.8,98.0,-1.3,-0.3,1.09,GOOD
1790984860312,289,1888.0,-28.343284460279428,-20.0,85.8,98.0,-1.3,-0.3,1.09,GOOD
1790984860312,290,1900.0,-55.9718875258812,-19.0,85.8,98.0,-1.3,-0.3,1.09,GOOD
1790984860312,291,1887.0,-92.69560973598331,-19.0,85.8,98.0,-1.3,-0.3,1.09,GOOD
1790984860312,292,1863.0,-120.99152382372996,-15.0,85.8,98.0,-1.3,-0.3,1.09,GOOD
1790984860312,293,2051.0,-131.17639029172244,-12.0,85.8,98.0,-1.3,-0.3,1.09,GOOD
1790984860312,294,2061.0,-112.28193716563156,-8.0,85.8,98.0,-1.3,-0.3,1.09,GOOD
1790984860312,295,2086.0,-61.31135226604472,-3.0,85.8,98.0,-1.3,-0.3,1.09,GOOD
1790984860312,296,2061.0,3.115358122164716,0.0,85.8,98.0,-1.3,-0.3,1.09,GOOD
1790984860312,297,2044.0,54.07975370982967,1.0,85.8,98.0,-1.3,-0.3,1.09,GOOD
1790984860312,298,2016.0,72.09932329209174,3.0,85.8,98.0,-1.3,-0.3,1.09,GOOD
1790984860312,299,2052.0,56.00829756469815,7.0,85.8,98.0,-1.3,-0.3,1.09,GOOD
1790984860312,300,2033.0,25.913185616283247,7.0,85.8,98.0,-1.3,-0.3,1.09,GOOD
1790984860313,301,2036.0,5.907097456325836,32000.0,85.8,98.0,-1.3,-0.3,1.09,GOOD
1790984860313,302,2026.0,4.272190110271578,32000.0,85.8,98.0,-1.3,-0.3,1.09,GOOD
1790984860313,303,2021.0,11.731694427788423,32000.0,85.8,98.0,-1.3,-0.3,1.09,GOOD
1790984860313,304,2041.0,15.12539980710455,32000.0,85.8,98.0,-1.3,-0.3,1.09,GOOD
1790984860313,305,2052.0,12.525931022643968,32000.0,85.8,98.0,-1.3,-0.3,1.09,GOOD
1790984860313,306,2054.0,12.577825357781265,32000.0,85.8,98.0,-1.3,-0.3,1.09,GOOD
1790984860313,307,2054.0,20.789502281437738,32000.0,85.8,98.0,-1.3,-0.3,1.09,GOOD
1790984860313,308,2085.0,33.791327839380656,32000.0,85.8,98.0,-1.3,-0.3,1.09,GOOD
1790984860313,309,2074.0,45.14596479994723,32000.0,85.8,98.0,-1.3,-0.3,1.09,GOOD
1790984860313,310,2085.0,51.29781449683219,32000.0,85.8,98.0,-1.3,-0.3,1.09,GOOD
1790984860313,311,2080.0,54.01949213855701,32000.0,85.8,98.0,-1.3,-0.3,1.09,GOOD
1790984860313,312,2005.0,54.31914778760083,32000.0,85.8,98.0,-1.3,-0.3,1.09,GOOD
1790984860313,313,1890.0,40.9408768986982,32000.0,85.8,98.0,-1.3,-0.3,1.09,GOOD
1790984860313,314,1977.0,3.254720822069261,32000.0,85.8,98.0,-1.3,-0.3,1.09,GOOD
1790984860313,315,1978.0,-43.20430694576773,32000.0,85.8,98.0,-1.3,-0.3,1.09,GOOD
1790984860313,316,1972.0,-71.63974911271866,32000.0,85.8,98.0,-1.3,-0.3,1.09,GOOD
1790984860313,317,2012.0,-72.8727761360642,32000.0,85.8,98.0,-1.3,-0.3,1.09,GOOD
1790984860313,318,2008.0,-52.85546213313403,32000.0,85.8,98.0,-1.3,-0.3,1.09,GOOD
1790984860313,319,2012.0,-24.606555849961527,32000.0,85.8,98.0,-1.3,-0.3,1.09,GOOD
1790984860313,320,2016.0,-3.456337776725997,32000.0,85.8,98.0,-1.3,-0.3,1.09,GOOD
1790984860313,321,2004.0,3.2383353700976216,32000.0,85.8,98.0,-1.3,-0.3,1.09,GOOD
1790984860313,322,2013.0,-0.48312421596487365,32000.0,85.8,98.0,-1.3,-0.3,1.09,GOOD
1790984860313,323,2007.0,-5.359839417313427,32000.0,85.8,98.0,-1.3,-0.3,1.09,GOOD
1790984860313,324,1989.0,-6.966655787015219,32000.0,85.8,98.0,-1.3,-0.3,1.09,GOOD
1790984860313,325,2011.0,-8.339571025914314,32000.0,85.8,98.0,-1.3,-0.3,1.09,GOOD
1790984860465,326,2093.0,-8.037112693828568,32000.0,85.8,98.0,-1.3,-0.4,1.08,GOOD
1790984860465,327,2076.0,3.5120575587228196,32000.0,85.8,98.0,-1.3,-0.4,1.08,GOOD
1790984860465,328,2092.0,28.467030097358744,32000.0,85.8,98.0,-1.3,-0.4,1.08,GOOD
1790984860465,329,2105.0,57.383053489911305,32000.0,85.8,98.0,-1.3,-0.4,1.08,GOOD
1790984860465,330,2814.0,108.1969958421896,32000.0,85.8,98.0,-1.3,-0.4,1.08,GOOD
1790984860465,331,2822.0,237.64889588325076,32000.0,85.8,98.0,-1.3,-0.4,1.08,GOOD
1790984860465,332,2839.0,449.9765478138409,32000.0,85.8,98.0,-1.3,-0.4,1.08,GOOD
1790984860465,333,2862.0,664.8963266655444,32000.0,85.8,98.0,-1.3,-0.4,1.08,GOOD
1790984860465,334,2619.0,801.6948021802252,32000.0,85.8,98.0,-1.3,-0.4,1.08,GOOD
1790984860465,335,2539.0,816.425194991606,32000.0,85.8,98.0,-1.3,-0.4,1.08,GOOD
1790984860465,336,2506.0,710.7395120348956,32000.0,85.8,98.0,-1.3,-0.4,1.08,GOOD
1790984860465,337,1628.0,512.1315419374732,32000.0,85.8,98.0,-1.3,-0.4,1.08,GOOD
1790984860465,338,1658.0,230.06979441272344,32000.0,85.8,98.0,-1.3,-0.4,1.08,GOOD
1790984860465,339,1640.0,-86.7370395935037,32000.0,85.8,98.0,-1.3,-0.4,1.08,GOOD
1790984860465,340,1600.0,-340.66967682316414,32000.0,85.8,98.0,-1.3,-0.4,1.08,GOOD
1790984860465,341,1907.0,-476.4997655358274,32000.0,85.8,98.0,-1.3,-0.4,1.08,GOOD
1790984860465,342,1916.0,-484.44257424909887,32000.0,85.8,98.0,-1.3,-0.4,1.08,GOOD
1790984860465,343,1947.0,-380.8275800702738,32000.0,85.8,98.0,-1.3,-0.4,1.08,GOOD
1790984860465,344,1920.0,-225.5605150419585,32000.0,85.8,98.0,-1.3,-0.4,1.08,GOOD
1790984860465,345,1917.0,-100.29018194315678,32000.0,85.8,98.0,-1.3,-0.4,1.08,GOOD
1790984860465,346,1909.0,-59.97047672879795,32000.0,85.8,98.0,-1.3,-0.4,1.08,GOOD
1790984860465,347,1920.0,-96.45058975660706,32000.0,85.8,98.0,-1.3,-0.4,1.08,GOOD
1790984860465,348,1960.0,-147.38911520364994,32000.0,85.8,98.0,-1.3,-0.4,1.08,GOOD
1790984860465,349,2042.0,-152.12917918020986,32000.0,85.8,98.0,-1.3,-0.4,1.08,GOOD
1790984860465,350,2022.0,-104.4113045398004,32000.0,85.8,98.0,-1.3,-0.4,1.08,GOOD
1790984860559,351,1999.0,-50.5775248111226,32000.0,85.8,98.0,-1.3,-0.3,1.08,GOOD
1790984860559,352,2046.0,-29.727528813718084,32000.0,85.8,98.0,-1.3,-0.3,1.08,GOOD
1790984860559,353,2120.0,-27.158188586446165,32000.0,85.8,98.0,-1.3,-0.3,1.08,GOOD
1790984860559,354,2094.0,-6.551660261047597,32000.0,85.8,98.0,-1.3,-0.3,1.08,GOOD
1790984860559,355,2056.0,30.136374969735325,32000.0,85.8,98.0,-1.3,-0.3,1.08,GOOD
1790984860559,356,1970.0,44.797752126247794,32000.0,85.8,98.0,-1.3,-0.3,1.08,GOOD
1790984860559,357,1984.0,16.23173251713782,32000.0,85.8,98.0,-1.3,-0.3,1.08,GOOD
1790984860559,358,1995.0,-32.03375508842553,32000.0,85.8,98.0,-1.3,-0.3,1.08,GOOD
1790984860559,359,1965.0,-63.69356961953687,32000.0,85.8,98.0,-1.3,-0.3,1.08,GOOD
1790984860559,360,1964.0,-72.52124590651768,32000.0,85.8,98.0,-1.3,-0.3,1.08,GOOD
1790984860559,361,1970.0,-75.7785647553946,32000.0,85.8,98.0,-1.3,-0.3,1.08,GOOD
1790984860559,362,2012.0,-80.51482892683265,32000.0,85.8,98.0,-1.3,-0.3,1.08,GOOD
1790984860559,363,2046.0,-75.11647641601462,32000.0,85.8,98.0,-1.3,-0.3,1.08,GOOD
1790984860559,364,2192.0,-44.75894603997289,32000.0,85.8,98.0,-1.3,-0.3,1.08,GOOD
1790984860559,365,2168.0,11.720327616846866,32000.0,85.8,98.0,-1.3,-0.3,1.08,GOOD
1790984860559,366,2165.0,73.40412626291632,32000.0,85.8,98.0,-1.3,-0.3,1.08,GOOD
1790984860559,367,2194.0,116.00905594660041,32000.0,85.8,98.0,-1.3,-0.3,1.08,GOOD
1790984860559,368,1934.0,126.98926694259134,32000.0,85.8,98.0,-1.3,-0.3,1.08,GOOD
1790984860559,369,1887.0,91.32090321177007,32000.0,85.8,98.0,-1.3,-0.3,1.08,GOOD
1790984860559,370,1817.0,4.300959483055076,32000.0,85.8,98.0,-1.3,-0.3,1.08,GOOD
1790984860559,371,1795.0,-107.7166151211242,32000.0,85.8,98.0,-1.3,-0.3,1.08,GOOD
1790984860559,372,2388.0,-182.57848892191907,32000.0,85.8,98.0,-1.3,-0.3,1.08,GOOD
1790984860559,373,2424.0,-139.27014778013444,32000.0,85.8,98.0,-1.3,-0.3,1.08,GOOD
1790984860559,374,2428.0,32.534865195223055,32000.0,85.8,98.0,-1.3,-0.3,1.08,GOOD
1790984860559,375,2319.0,236.38874174181402,32000.0,85.8,98.0,-1.3,-0.3,1.08,GOOD
1790984860561,376,2322.0,367.17589051704584,32000.0,85.8,98.0,-1.3,-0.3,1.08,GOOD
1790984860561,377,2316.0,391.08422316127735,32000.0,85.8,98.0,-1.3,-0.3,1.08,GOOD
1790984860561,378,2334.0,338.7308459847676,32000.0,85.8,98.0,-1.3,-0.3,1.08,GOOD
1790984860561,379,2363.0,267.13147996862153,32000.0,85.8,98.0,-1.3,-0.3,1.08,GOOD
1790984860561,380,2378.0,226.94455542610677,32000.0,85.8,98.0,-1.3,-0.3,1.08,GOOD
1790984860561,381,2359.0,235.68720400564553,32000.0,85.8,98.0,-1.3,-0.3,1.08,GOOD
1790984860561,382,2368.0,269.57954343294386,32000.0,85.8,98.0,-1.3,-0.3,1.08,GOOD
1790984860561,383,2379.0,291.42750865016933,32000.0,85.8,98.0,-1.3,-0.3,1.08,GOOD
1790984860561,384,2377.0,286.8548559198949,32000.0,85.8,98.0,-1.3,-0.3,1.08,GOOD
1790984860561,385,2346.0,269.41349307342136,32000.0,85.8,98.0,-1.3,-0.3,1.08,GOOD
1790984860561,386,2307.0,255.611988303438,32000.0,85.8,98.0,-1.3,-0.3,1.08,GOOD
1790984860561,387,2153.0,238.50601447834907,32000.0,85.8,98.0,-1.3,-0.3,1.08,GOOD
1790984860561,388,2167.0,194.0830949790671,32000.0,85.8,98.0,-1.3,-0.3,1.08,GOOD
1790984860561,389,2167.0,121.38534705387792,32000.0,85.8,98.0,-1.3,-0.3,1.08,GOOD
1790984860561,390,2165.0,53.544760870135484,32000.0,85.8,98.0,-1.3,-0.3,1.08,GOOD
1790984860561,391,2051.0,16.20030981706831,32000.0,85.8,98.0,-1.3,-0.3,1.08,GOOD
1790984860561,392,2089.0,0.799364294257848,32000.0,85.8,98.0,-1.3,-0.3,1.08,GOOD
1790984860561,393,2093.0,-12.125381973293475,32000.0,85.8,98.0,-1.3,-0.3,1.08,GOOD
1790984860561,394,2063.0,-29.651470692314646,32000.0,85.8,98.0,-1.3,-0.3,1.08,GOOD
1790984860561,395,1971.0,-52.27957326945179,32000.0,85.8,98.0,-1.3,-0.3,1.08,GOOD
1790984860561,396,1988.0,-78.68724591003019,32000.0,85.8,98.0,-1.3,-0.3,1.08,GOOD
1790984860561,397,1963.0,-103.31119085692872,32000.0,85.8,98.0,-1.3,-0.3,1.08,GOOD
1790984860561,398,1859.0,-128.3205961685537,32000.0,85.8,98.0,-1.3,-0.3,1.08,GOOD
1790984860561,399,1872.0,-165.862872675832,32000.0,85.8,98.0,-1.3,-0.3,1.08,GOOD
1790984860561,400,1954.0,-208.5944193483777,32000.0,85.8,98.0,-1.3,-0.3,1.08,GOOD
1790984860793,401,1948.0,-226.2702254985546,32000.0,85.8,98.0,-1.3,-0.3,1.08,GOOD
1790984860793,402,1797.0,-213.50005696321844,32000.0,85.8,98.0,-1.3,-0.3,1.08,GOOD
1790984860793,403,1813.0,-204.7723115618178,32000.0,85.8,98.0,-1.3,-0.3,1.08,GOOD
1790984860793,404,1809.0,-224.53397466779398,32000.0,85.8,98.0,-1.3,-0.3,1.08,GOOD
1790984860793,405,1812.0,-259.67055435214274,32000.0,85.8,98.0,-1.3,-0.3,1.08,GOOD
1790984860793,406,1974.0,-279.52206796761936,32000.0,85.8,98.0,-1.3,-0.3,1.08,GOOD
1790984860793,407,1977.0,-258.596825497498,32000.0,85.8,98.0,-1.3,-0.3,1.08,GOOD
1790984860793,408,1994.0,-199.65774294651058,32000.0,85.8,98.0,-1.3,-0.3,1.08,GOOD
1790984860793,409,1978.0,-134.00814959134905,32000.0,85.8,98.0,-1.3,-0.3,1.08,GOOD
1790984860793,410,1935.0,-91.83370374299781,32000.0,85.8,98.0,-1.3,-0.3,1.08,GOOD
1790984860793,411,1899.0,-85.50074676176303,32000.0,85.8,98.0,-1.3,-0.3,1.08,GOOD
1790984860793,412,1929.0,-108.32958205226788,32000.0,85.8,98.0,-1.3,-0.3,1.08,GOOD
1790984860793,413,1951.0,-138.23750758892555,32000.0,85.8,98.0,-1.3,-0.3,1.08,GOOD
1790984860793,414,1959.0,-153.27094176875534,32000.0,85.8,98.0,-1.3,-0.3,1.08,GOOD
1790984860793,415,1952.0,-147.21237432244376,32000.0,85.8,98.0,-1.3,-0.3,1.08,GOOD
1790984860793,416,1948.0,-129.1013579343948,32000.0,85.8,98.0,-1.3,-0.3,1.08,GOOD
1790984860793,417,1946.0,-112.30551040336445,32000.0,85.8,98.0,-1.3,-0.3,1.08,GOOD
1790984860793,418,2014.0,-102.54674891117429,32000.0,85.8,98.0,-1.3,-0.3,1.08,GOOD
1790984860793,419,2017.0,-93.61257180187295,32000.0,85.8,98.0,-1.3,-0.3,1.08,GOOD
1790984860793,420,2007.0,-78.87013903351327,32000.0,85.8,98.0,-1.3,-0.3,1.08,GOOD
1790984860793,421,1917.0,-64.5926724172574,32000.0,85.8,98.0,-1.3,-0.3,1.08,GOOD
1790984860793,422,1935.0,-64.55602899139895,32000.0,85.8,98.0,-1.3,-0.3,1.08,GOOD
1790984860793,423,1944.0,-81.57216302492058,32000.0,85.8,98.0,-1.3,-0.3,1.08,GOOD
1790984860793,424,1951.0,-103.81654132641887,32000.0,85.8,98.0,-1.3,-0.3,1.08,GOOD
1790984860793,425,1928.0,-119.2998380459514,32000.0,85.8,98.0,-1.3,-0.3,1.08,GOOD
1790984860893,426,1915.0,-124.49064085073783,32000.0,85.8,98.0,-1.3,-0.3,1.08,GOOD
1790984860893,427,1915.0,-122.37708012740882,32000.0,85.8,98.0,-1.3,-0.3,1.08,GOOD
1790984860893,428,1985.0,-116.33223995492006,32000.0,85.8,98.0,-1.3,-0.3,1.08,GOOD
1790984860893,429,1991.0,-105.66726105118182,32000.0,85.8,98.0,-1.3,-0.3,1.08,GOOD
1790984860893,430,1984.0,-89.97706448556957,32000.0,85.8,98.0,-1.3,-0.3,1.08,GOOD
1790984860893,431,1971.0,-72.69573451023948,32000.0,85.8,98.0,-1.3,-0.3,1.08,GOOD
1790984860893,432,1833.0,-63.44189677190576,32000.0,85.8,98.0,-1.3,-0.3,1.08,GOOD
1790984860893,433,1832.0,-78.55764368851298,32000.0,85.8,98.0,-1.3,-0.3,1.08,GOOD
1790984860893,434,1785.0,-123.96571938253447,32000.0,85.8,98.0,-1.3,-0.3,1.08,GOOD
1790984860893,435,1778.0,-184.1244545779644,32000.0,85.8,98.0,-1.3,-0.3,1.08,GOOD
1790984860893,436,2033.0,-224.57140431238,32000.0,85.8,98.0,-1.3,-0.3,1.08,GOOD
1790984860893,437,2054.0,-204.76515460586145,32000.0,85.8,98.0,-1.3,-0.3,1.08,GOOD
1790984860893,438,2072.0,-121.59931353225898,32000.0,85.8,98.0,-1.3,-0.3,1.08,GOOD
1790984860893,439,2002.0,-23.959852499345438,32000.0,85.8,98.0,-1.3,-0.3,1.08,GOOD
1790984860893,440,1991.0,35.54525628599819,32000.0,85.8,98.0,-1.3,-0.3,1.08,GOOD
1790984860893,441,1998.0,42.274963248724205,32000.0,85.8,98.0,-1.3,-0.3,1.08,GOOD
1790984860893,442,2005.0,16.57645394037476,32000.0,85.8,98.0,-1.3,-0.3,1.08,GOOD
1790984860893,443,2011.0,-13.153871643985998,32000.0,85.8,98.0,-1.3,-0.3,1.08,GOOD
1790984860893,444,2008.0,-29.322318735172097,32000.0,85.8,98.0,-1.3,-0.3,1.08,GOOD
1790984860893,445,1980.0,-29.19418493441389,32000.0,85.8,98.0,-1.3,-0.3,1.08,GOOD
1790984860893,446,2005.0,-21.099018907897143,32000.0,85.8,98.0,-1.3,-0.3,1.08,GOOD
1790984860893,447,1974.0,-15.511864024424817,32000.0,85.8,98.0,-1.3,-0.3,1.08,GOOD
1790984860893,448,2035.0,-16.580803170544243,32000.0,85.8,98.0,-1.3,-0.3,1.08,GOOD
1790984860893,449,2023.0,-17.91744192071421,32000.0,85.8,98.0,-1.3,-0.3,1.08,GOOD
1790984860893,450,2031.0,-11.00398710461121,32000.0,85.8,98.0,-1.3,-0.3,1.08,GOOD
1790984861133,451,2006.0,2.225127678006696,32000.0,86.4,98.0,-1.4,-0.3,1.08,GOOD
1790984861133,452,2023.0,12.042974380901024,32000.0,86.4,98.0,-1.4,-0.3,1.08,GOOD
1790984861133,453,2019.0,12.739706443793485,32000.0,86.4,98.0,-1.4,-0.3,1.08,GOOD
1790984861133,454,2001.0,6.554205097780219,32000.0,86.4,98.0,-1.4,-0.3,1.08,GOOD
1790984861133,455,2000.0,-1.3021669820920554,32000.0,86.4,98.0,-1.4,-0.3,1.08,GOOD
1790984861133,456,1991.0,-7.114961386940283,32000.0,86.4,98.0,-1.4,-0.3,1.08,GOOD
1790984861133,457,1946.0,-12.751744527359964,32000.0,86.4,98.0,-1.4,-0.3,1.08,GOOD
1790984861133,458,1993.0,-22.89889454073564,32000.0,86.4,98.0,-1.4,-0.3,1.08,GOOD
1790984861133,459,2000.0,-33.440645480241166,32000.0,86.4,98.0,-1.4,-0.3,1.08,GOOD
1790984861133,460,1999.0,-34.72642741458735,32000.0,86.4,98.0,-1.4,-0.3,1.08,GOOD
1790984861133,461,2038.0,-24.079888287968686,32000.0,86.4,98.0,-1.4,-0.3,1.08,GOOD
1790984861133,462,2027.0,-5.796027941562051,32000.0,86.4,98.0,-1.4,-0.3,1.08,GOOD
1790984861133,463,2030.0,12.152832557729594,32000.0,86.4,98.0,-1.4,-0.3,1.08,GOOD
1790984861133,464,2064.0,23.92710498423584,32000.0,86.4,98.0,-1.4,-0.3,1.08,GOOD
1790984861133,465,2059.0,32.02869750151199,32000.0,86.4,98.0,-1.4,-0.3,1.08,GOOD
1790984861133,466,2039.0,39.63467259735974,32000.0,86.4,98.0,-1.4,-0.3,1.08,GOOD
1790984861133,467,2053.0,44.26716812533513,32000.0,86.4,98.0,-1.4,-0.3,1.08,GOOD
1790984861133,468,1991.0,42.022019091372954,32000.0,86.4,98.0,-1.4,-0.3,1.08,GOOD
1790984861133,469,2100.0,34.045948461297385,32000.0,86.4,98.0,-1.4,-0.3,1.08,GOOD
1790984861133,470,2070.0,30.68726569368565,32000.0,86.4,98.0,-1.4,-0.3,1.08,GOOD
1790984861133,471,2016.0,36.54944733619827,32000.0,86.4,98.0,-1.4,-0.3,1.08,GOOD
1790984861133,472,2012.0,40.05516890166054,32000.0,86.4,98.0,-1.4,-0.3,1.08,GOOD
1790984861133,473,2023.0,33.201109597198375,32000.0,86.4,98.0,-1.4,-0.3,1.08,GOOD
1790984861133,474,2005.0,20.58132406125638,32000.0,86.4,98.0,-1.4,-0.3,1.08,GOOD
1790984861133,475,1944.0,4.805890292864136,32000.0,86.4,98.0,-1.4,-0.3,1.08,GOOD
1790984861135,476,1894.0,-18.812075587731634,32000.0,86.4,98.0,-1.4,-0.3,1.08,GOOD
1790984861135,477,1882.0,-51.590440099974124,32000.0,86.4,98.0,-1.4,-0.3,1.08,GOOD
1790984861135,478,1823.0,-87.85515496028131,32000.0,86.4,98.0,-1.4,-0.3,1.08,GOOD
1790984861135,479,1776.0,-125.44495174005286,32000.0,86.4,98.0,-1.4,-0.3,1.08,GOOD
1790984861135,480,1773.0,-165.79836517641718,32000.0,86.4,98.0,-1.4,-0.3,1.08,GOOD
1790984861135,481,1753.0,-203.280719183876,32000.0,86.4,98.0,-1.4,-0.3,1.08,GOOD
1790984861135,482,2050.0,-216.5770548169858,32000.0,86.4,98.0,-1.4,-0.3,1.08,GOOD
1790984861135,483,2043.0,-176.7031172213168,32000.0,86.4,98.0,-1.4,-0.3,1.08,GOOD
1790984861135,484,2034.0,-88.18330233236719,32000.0,86.4,98.0,-1.4,-0.3,1.08,GOOD
1790984861135,485,2007.0,2.296487010596506,32000.0,86.4,98.0,-1.4,-0.3,1.08,GOOD
1790984861135,486,2021.0,56.457610011468276,32000.0,86.4,98.0,-1.4,-0.3,1.08,GOOD
1790984861135,487,2036.0,70.97340538930102,32000.0,86.4,98.0,-1.4,-0.3,1.08,GOOD
1790984861135,488,2029.0,60.83801866211172,32000.0,86.4,98.0,-1.4,-0.3,1.08,GOOD
1790984861135,489,2030.0,42.24995798656006,32000.0,86.4,98.0,-1.4,-0.3,1.08,GOOD
1790984861135,490,2286.0,39.04456338314303,32000.0,86.4,98.0,-1.4,-0.3,1.08,GOOD
1790984861135,491,2301.0,82.45892219652454,32000.0,86.4,98.0,-1.4,-0.3,1.08,GOOD
1790984861135,492,2280.0,170.05418618252693,32000.0,86.4,98.0,-1.4,-0.3,1.08,GOOD
1790984861135,493,2913.0,280.3971270704533,32000.0,86.4,98.0,-1.4,-0.3,1.08,GOOD
1790984861135,494,2910.0,431.37233278472405,32000.0,86.4,98.0,-1.4,-0.3,1.08,GOOD
1790984861135,495,2928.0,625.790972292893,32000.0,86.4,98.0,-1.4,-0.3,1.08,GOOD
1790984861135,496,2928.0,803.6759691673037,32000.0,86.4,98.0,-1.4,-0.3,1.08,GOOD
1790984861135,497,2100.0,878.3065135941171,32000.0,86.4,98.0,-1.4,-0.3,1.08,GOOD
1790984861135,498,2066.0,767.4167741882379,32000.0,86.4,98.0,-1.4,-0.3,1.08,GOOD
1790984861135,499,1998.0,482.0511415577541,32000.0,86.4,98.0,-1.4,-0.3,1.08,GOOD
1790984861135,500,1990.0,154.36588201008647,32000.0,86.4,98.0,-1.4,-0.3,1.08,GOOD
1790984861136,501,2011.0,-83.26836711252103,32000.0,86.4,98.0,-1.4,-0.3,1.08,GOOD
1790984861136,502,2021.0,-177.7894088837395,32000.0,86.4,98.0,-1.4,-0.3,1.08,GOOD
1790984861136,503,2013.0,-152.01298868835383,32000.0,86.4,98.0,-1.4,-0.3,1.08,GOOD
1790984861136,504,2000.0,-77.7056480376976,32000.0,86.4,98.0,-1.4,-0.3,1.08,GOOD
1790984861136,505,1993.0,-27.269789761271454,32000.0,86.4,98.0,-1.4,-0.3,1.08,GOOD
1790984861136,506,2014.0,-27.09967345041377,32000.0,86.4,98.0,-1.4,-0.3,1.08,GOOD
1790984861136,507,2014.0,-51.50496168442894,32000.0,86.4,98.0,-1.4,-0.3,1.08,GOOD
1790984861136,508,2005.0,-63.44927389606613,32000.0,86.4,98.0,-1.4,-0.3,1.08,GOOD
1790984861136,509,1993.0,-55.65564575799162,32000.0,86.4,98.0,-1.4,-0.3,1.08,GOOD
1790984861136,510,1974.0,-48.93058123167976,32000.0,86.4,98.0,-1.4,-0.3,1.08,GOOD
1790984861136,511,1987.0,-59.176381048298865,32000.0,86.4,98.0,-1.4,-0.3,1.08,GOOD
1790984861136,512,2010.0,-75.82529790739869,32000.0,86.4,98.0,-1.4,-0.3,1.08,GOOD
1790984861136,513,2015.0,-77.01458567988158,32000.0,86.4,98.0,-1.4,-0.3,1.08,GOOD
1790984861136,514,2000.0,-59.9178334997006,32000.0,86.4,98.0,-1.4,-0.3,1.08,GOOD
1790984861136,515,2043.0,-42.024437278069946,32000.0,86.4,98.0,-1.4,-0.3,1.08,GOOD
1790984861136,516,2035.0,-34.779646600570985,32000.0,86.4,98.0,-1.4,-0.3,1.08,GOOD
1790984861136,517,2058.0,-31.79241963491411,32000.0,86.4,98.0,-1.4,-0.3,1.08,GOOD
1790984861136,518,2106.0,-19.763275706795078,32000.0,86.4,98.0,-1.4,-0.3,1.08,GOOD
1790984861136,519,2080.0,4.933213716776459,32000.0,86.4,98.0,-1.4,-0.3,1.08,GOOD
1790984861136,520,2076.0,28.22469953972498,32000.0,86.4,98.0,-1.4,-0.3,1.08,GOOD
1790984861136,521,2073.0,34.68878940218292,32000.0,86.4,98.0,-1.4,-0.3,1.08,GOOD
1790984861136,522,2105.0,28.402827597149212,32000.0,86.4,98.0,-1.4,-0.3,1.08,GOOD
1790984861136,523,2130.0,26.933481755405804,32000.0,86.4,98.0,-1.4,-0.3,1.08,GOOD
1790984861136,524,2104.0,38.091108458955155,32000.0,86.4,98.0,-1.4,-0.3,1.08,GOOD
1790984861136,525,2071.0,49.93215855169245,32000.0,86.4,98.0,-1.4,-0.3,1.08,GOOD
1790984861324,526,1997.0,44.70526488361556,32000.0,86.4,98.0,-1.3,-0.2,1.08,GOOD
1790984861324,527,2029.0,18.78963579989844,32000.0,86.4,98.0,-1.3,-0.2,1.08,GOOD
1790984861324,528,1932.0,-16.587880181560568,32000.0,86.4,98.0,-1.3,-0.2,1.08,GOOD
1790984861324,529,1928.0,-53.69728327655585,32000.0,86.4,98.0,-1.3,-0.2,1.08,GOOD
1790984861324,530,2157.0,-81.83715013426999,32000.0,86.4,98.0,-1.3,-0.2,1.08,GOOD
1790984861324,531,2148.0,-74.00391692572339,32000.0,86.4,98.0,-1.3,-0.2,1.08,GOOD
1790984861324,532,2153.0,-21.75494338759609,32000.0,86.4,98.0,-1.3,-0.2,1.08,GOOD
1790984861324,533,2159.0,46.50562351198843,32000.0,86.4,98.0,-1.3,-0.2,1.08,GOOD
1790984861324,534,2220.0,101.8334339938782,32000.0,86.4,98.0,-1.3,-0.2,1.08,GOOD
1790984861324,535,2170.0,133.84555962107618,32000.0,86.4,98.0,-1.3,-0.2,1.08,GOOD
1790984861324,536,2196.0,140.8470224525306,32000.0,86.4,98.0,-1.3,-0.2,1.08,GOOD
1790984861324,537,2373.0,137.51815647635038,32000.0,86.4,98.0,-1.3,-0.2,1.08,GOOD
1790984861324,538,2261.0,151.89158098337128,32000.0,86.4,98.0,-1.3,-0.2,1.08,GOOD
1790984861324,539,2358.0,188.70725189977767,32000.0,86.4,98.0,-1.3,-0.2,1.08,GOOD
1790984861324,540,2324.0,228.11037273461574,32000.0,86.4,98.0,-1.3,-0.2,1.08,GOOD
1790984861324,541,2363.0,254.35157858753823,32000.0,86.4,98.0,-1.3,-0.2,1.08,GOOD
1790984861324,542,2375.0,264.6911979162884,32000.0,86.4,98.0,-1.3,-0.2,1.08,GOOD
1790984861324,543,2386.0,267.34246122286015,32000.0,86.4,98.0,-1.3,-0.2,1.08,GOOD
1790984861324,544,2299.0,268.1216379243949,32000.0,86.4,98.0,-1.3,-0.2,1.08,GOOD
1790984861324,545,2284.0,259.7917807523014,32000.0,86.4,98.0,-1.3,-0.2,1.08,GOOD
1790984861324,546,2251.0,234.0861444999374,32000.0,86.4,98.0,-1.3,-0.2,1.08,GOOD
1790984861324,547,2199.0,192.64419868539915,32000.0,86.4,98.0,-1.3,-0.2,1.08,GOOD
1790984861324,548,2079.0,139.35315438389404,32000.0,86.4,98.0,-1.3,-0.2,1.08,GOOD
1790984861324,549,2065.0,76.54822531987504,32000.0,86.4,98.0,-1.3,-0.2,1.08,GOOD
1790984861324,550,2029.0,12.811873587708366,32000.0,86.4,98.0,-1.3,-0.2,1.08,GOOD
1790984861556,551,2027.0,-40.349463416443136,32000.0,86.4,98.0,-1.3,-0.3,1.08,GOOD
1790984861556,552,2068.0,-76.18750999336181,32000.0,86.4,98.0,-1.3,-0.3,1.08,GOOD
1790984861556,553,2101.0,-88.82777839367327,32000.0,86.4,98.0,-1.3,-0.3,1.08,GOOD
1790984861556,554,2075.0,-76.2648186520202,32000.0,86.4,98.0,-1.3,-0.3,1.08,GOOD
1790984861556,555,1971.0,-54.019871779409826,32000.0,86.4,98.0,-1.3,-0.3,1.08,GOOD
1790984861556,556,1985.0,-49.0876489799872,32000.0,86.4,98.0,-1.3,-0.3,1.08,GOOD
1790984861556,557,1980.0,-71.7945960689342,32000.0,86.4,98.0,-1.3,-0.3,1.08,GOOD
1790984861556,558,1996.0,-107.04785119937624,32000.0,86.4,98.0,-1.3,-0.3,1.08,GOOD
1790984861556,559,1964.0,-134.1482983283702,32000.0,86.4,98.0,-1.3,-0.3,1.08,GOOD
1790984861556,560,1944.0,-144.75845463539235,32000.0,86.4,98.0,-1.3,-0.3,1.08,GOOD
1790984861556,561,1953.0,-144.206023574626,32000.0,86.4,98.0,-1.3,-0.3,1.08,GOOD
1790984861556,562,1900.0,-144.2243091219874,32000.0,86.4,98.0,-1.3,-0.3,1.08,GOOD
1790984861556,563,1912.0,-155.06580595650456,32000.0,86.4,98.0,-1.3,-0.3,1.08,GOOD
1790984861556,564,1886.0,-175.55458690051296,32000.0,86.4,98.0,-1.3,-0.3,1.08,GOOD
1790984861556,565,1876.0,-194.41351219981132,32000.0,86.4,98.0,-1.3,-0.3,1.08,GOOD
1790984861556,566,1884.0,-203.96879346285306,32000.0,86.4,98.0,-1.3,-0.3,1.08,GOOD
1790984861556,567,1885.0,-205.55991129719712,32000.0,86.4,98.0,-1.3,-0.3,1.08,GOOD
1790984861556,568,1880.0,-204.99900949727208,32000.0,86.4,98.0,-1.3,-0.3,1.08,GOOD
1790984861556,569,1871.0,-205.6197883801754,32000.0,86.4,98.0,-1.3,-0.3,1.08,GOOD
1790984861556,570,1915.0,-203.57829389139,32000.0,86.4,98.0,-1.3,-0.3,1.08,GOOD
1790984861556,571,1920.0,-192.25177932256696,32000.0,86.4,98.0,-1.3,-0.3,1.08,GOOD
1790984861556,572,1923.0,-173.3775554302822,32000.0,86.4,98.0,-1.3,-0.3,1.08,GOOD
1790984861556,573,1865.0,-159.15308130166034,32000.0,86.4,98.0,-1.3,-0.3,1.08,GOOD
1790984861556,574,1874.0,-159.44100470585335,32000.0,86.4,98.0,-1.3,-0.3,1.08,GOOD
1790984861556,575,1857.0,-170.68984964831634,32000.0,86.4,98.0,-1.3,-0.3,1.08,GOOD
1790984861557,576,1871.0,-182.51348723764934,32000.0,86.4,98.0,-1.3,-0.3,1.08,GOOD
1790984861557,577,1874.0,-189.62021397605469,32000.0,86.4,98.0,-1.3,-0.3,1.08,GOOD
1790984861557,578,1893.0,-191.11687130684118,32000.0,86.4,98.0,-1.3,-0.3,1.08,GOOD
1790984861557,579,1898.0,-185.0538116014132,32000.0,86.4,98.0,-1.3,-0.3,1.08,GOOD
1790984861557,580,1893.0,-170.63757141683513,32000.0,86.4,98.0,-1.3,-0.3,1.08,GOOD
1790984861557,581,1954.0,-150.95965977604334,32000.0,86.4,98.0,-1.3,-0.3,1.08,GOOD
1790984861557,582,1977.0,-128.60547090844685,32000.0,86.4,98.0,-1.3,-0.3,1.08,GOOD
1790984861557,583,1969.0,-105.36568177752542,32000.0,86.4,98.0,-1.3,-0.3,1.08,GOOD
1790984861557,584,1969.0,-84.95247081860073,32000.0,86.4,98.0,-1.3,-0.3,1.08,GOOD
1790984861557,585,1928.0,-71.11759150627745,32000.0,86.4,98.0,-1.3,-0.3,1.08,GOOD
1790984861557,586,1932.0,-67.6399259489319,32000.0,86.4,98.0,-1.3,-0.3,1.08,GOOD
1790984861557,587,1936.0,-75.96601803893574,32000.0,86.4,98.0,-1.3,-0.3,1.08,GOOD
1790984861557,588,1940.0,-90.59786710848115,32000.0,86.4,98.0,-1.3,-0.3,1.08,GOOD
1790984861557,589,1981.0,-100.00337733995539,32000.0,86.4,98.0,-1.3,-0.3,1.08,GOOD
1790984861557,590,1958.0,-94.2800478055021,32000.0,86.4,98.0,-1.3,-0.3,1.08,GOOD
1790984861557,591,1956.0,-76.60522838217068,32000.0,86.4,98.0,-1.3,-0.3,1.08,GOOD
1790984861557,592,1949.0,-61.42643402615822,32000.0,86.4,98.0,-1.3,-0.3,1.08,GOOD
1790984861557,593,2016.0,-56.03495005762486,32000.0,86.4,98.0,-1.3,-0.3,1.08,GOOD
1790984861557,594,2015.0,-51.97121744782006,32000.0,86.4,98.0,-1.3,-0.3,1.08,GOOD
1790984861557,595,2004.0,-39.851577279585804,32000.0,86.4,98.0,-1.3,-0.3,1.08,GOOD
1790984861557,596,1989.0,-23.287285688600367,32000.0,86.4,98.0,-1.3,-0.3,1.08,GOOD
1790984861557,597,1987.0,-12.70963309960344,32000.0,86.4,98.0,-1.3,-0.3,1.08,GOOD
1790984861557,598,1996.0,-13.38489665898452,32000.0,86.4,98.0,-1.3,-0.3,1.08,GOOD
1790984861557,599,1992.0,-21.684059334680136,32000.0,86.4,98.0,-1.3,-0.3,1.08,GOOD
1790984861557,600,1878.0,-34.058182853351944,32000.0,86.4,98.0,-1.3,-0.3,1.08,GOOD
1790984861688,601,1860.0,-55.460795334603134,32000.0,87.1,98.0,-1.3,-0.2,1.08,GOOD
1790984861688,602,1896.0,-86.75888500370904,32000.0,87.1,98.0,-1.3,-0.2,1.08,GOOD
1790984861688,603,1915.0,-114.98674403175548,32000.0,87.1,98.0,-1.3,-0.2,1.08,GOOD
1790984861688,604,2027.0,-123.38746475699244,32000.0,87.1,98.0,-1.3,-0.2,1.08,GOOD
1790984861688,605,2018.0,-101.2181192307004,32000.0,87.1,98.0,-1.3,-0.2,1.08,GOOD
1790984861688,606,2021.0,-53.66816475287043,32000.0,87.1,98.0,-1.3,-0.2,1.08,GOOD
1790984861688,607,2028.0,-2.452035614742841,32000.0,87.1,98.0,-1.3,-0.2,1.08,GOOD
1790984861688,608,2025.0,31.209880634184884,32000.0,87.1,98.0,-1.3,-0.2,1.08,GOOD
1790984861688,609,2010.0,38.547363492328714,32000.0,87.1,98.0,-1.3,-0.2,1.08,GOOD
1790984861688,610,1920.0,21.855734520018366,32000.0,87.1,98.0,-1.3,-0.2,1.08,GOOD
1790984861688,611,2033.0,-5.859417168301555,32000.0,87.1,98.0,-1.3,-0.2,1.08,GOOD
1790984861688,612,2035.0,-21.259985642308767,32000.0,87.1,98.0,-1.3,-0.2,1.08,GOOD
1790984861688,613,2041.0,-12.22487263576908,32000.0,87.1,98.0,-1.3,-0.2,1.08,GOOD
1790984861688,614,2040.0,8.550367385215702,32000.0,87.1,98.0,-1.3,-0.2,1.08,GOOD
1790984861688,615,2055.0,26.086618499328587,32000.0,87.1,98.0,-1.3,-0.2,1.08,GOOD
1790984861688,616,2073.0,39.857682664268694,32000.0,87.1,98.0,-1.3,-0.2,1.08,GOOD
1790984861688,617,2048.0,52.829745707032316,32000.0,87.1,98.0,-1.3,-0.2,1.08,GOOD
1790984861688,618,1981.0,57.21282271526791,32000.0,87.1,98.0,-1.3,-0.2,1.08,GOOD
1790984861688,619,1960.0,40.81681540983125,32000.0,87.1,98.0,-1.3,-0.2,1.08,GOOD
1790984861688,620,1944.0,5.961748248068674,32000.0,87.1,98.0,-1.3,-0.2,1.08,GOOD
1790984861688,621,1887.0,-32.58873259049967,32000.0,87.1,98.0,-1.3,-0.2,1.08,GOOD
1790984861688,622,1776.0,-70.36645230390766,32000.0,87.1,98.0,-1.3,-0.2,1.08,GOOD
1790984861688,623,1887.0,-111.48917728877005,32000.0,87.1,98.0,-1.3,-0.2,1.08,GOOD
1790984861688,624,1880.0,-144.9482015307587,32000.0,87.1,98.0,-1.3,-0.2,1.08,GOOD
1790984861688,625,1981.0,-150.56499203405616,32000.0,87.1,98.0,-1.3,-0.2,1.08,GOOD
1790984861689,626,1975.0,-121.73179913029965,32000.0,87.1,98.0,-1.3,-0.2,1.08,GOOD
1790984861689,627,1991.0,-71.11443250945473,32000.0,87.1,98.0,-1.3,-0.2,1.08,GOOD
1790984861689,628,1987.0,-21.93478707267821,32000.0,87.1,98.0,-1.3,-0.2,1.08,GOOD
1790984861689,629,2003.0,8.502054115747342,32000.0,87.1,98.0,-1.3,-0.2,1.08,GOOD
1790984861689,630,1888.0,13.429305367739996,32000.0,87.1,98.0,-1.3,-0.2,1.08,GOOD
1790984861689,631,1996.0,-4.298973023110542,32000.0,87.1,98.0,-1.3,-0.2,1.08,GOOD
1790984861689,632,1989.0,-25.08549046514407,32000.0,87.1,98.0,-1.3,-0.2,1.08,GOOD
1790984861689,633,1992.0,-28.58686687581753,32000.0,87.1,98.0,-1.3,-0.2,1.08,GOOD
1790984861689,634,1964.0,-17.64413012023863,32000.0,87.1,98.0,-1.3,-0.2,1.08,GOOD
1790984861689,635,1977.0,-7.216876753658053,32000.0,87.1,98.0,-1.3,-0.2,1.08,GOOD
1790984861689,636,2010.0,-2.317137995210936,32000.0,87.1,98.0,-1.3,-0.2,1.08,GOOD
1790984861689,637,2130.0,7.396300796377943,32000.0,87.1,98.0,-1.3,-0.2,1.08,GOOD
1790984861689,638,2137.0,35.908873152789745,32000.0,87.1,98.0,-1.3,-0.2,1.08,GOOD
1790984861689,639,2153.0,81.80124036555692,32000.0,87.1,98.0,-1.3,-0.2,1.08,GOOD
1790984861689,640,2803.0,154.2140649326274,32000.0,87.1,98.0,-1.3,-0.2,1.08,GOOD
1790984861689,641,2809.0,296.01899691974126,32000.0,87.1,98.0,-1.3,-0.2,1.08,GOOD
1790984861689,642,2837.0,505.823096142184,32000.0,87.1,98.0,-1.3,-0.2,1.08,GOOD
1790984861689,643,2862.0,706.7583667426538,32000.0,87.1,98.0,-1.3,-0.2,1.08,GOOD
1790984861689,644,2115.0,806.0222201918399,32000.0,87.1,98.0,-1.3,-0.2,1.08,GOOD
1790984861689,645,2148.0,729.5230737634886,32000.0,87.1,98.0,-1.3,-0.2,1.08,GOOD
1790984861689,646,2073.0,492.3209559701531,32000.0,87.1,98.0,-1.3,-0.2,1.08,GOOD
1790984861689,647,2038.0,212.1410679173168,32000.0,87.1,98.0,-1.3,-0.2,1.08,GOOD
1790984861689,648,1903.0,-4.14573962219403,32000.0,87.1,98.0,-1.3,-0.2,1.08,GOOD
1790984861689,649,2031.0,-116.15398881667754,32000.0,87.1,98.0,-1.3,-0.2,1.08,GOOD
1790984861689,650,2004.0,-127.52937680273659,32000.0,87.1,98.0,-1.3,-0.2,1.08,GOOD
1790984861764,651,1985.0,-81.6060822496083,32000.0,87.1,98.0,-1.2,-0.2,1.08,GOOD
1790984861764,652,1916.0,-45.45614348569836,32000.0,87.1,98.0,-1.2,-0.2,1.08,GOOD
1790984861764,653,1955.0,-53.72358709912414,32000.0,87.1,98.0,-1.2,-0.2,1.08,GOOD
1790984861764,654,1973.0,-82.54089876795706,32000.0,87.1,98.0,-1.2,-0.2,1.08,GOOD
1790984861764,655,1983.0,-92.88843518850422,32000.0,87.1,98.0,-1.2,-0.2,1.08,GOOD
1790984861764,656,1935.0,-81.80221267031632,32000.0,87.1,98.0,-1.2,-0.2,1.08,GOOD
1790984861764,657,1953.0,-75.28704576196273,32000.0,87.1,98.0,-1.2,-0.2,1.08,GOOD
1790984861764,658,1970.0,-83.68409047575801,32000.0,87.1,98.0,-1.2,-0.2,1.08,GOOD
1790984861764,659,2027.0,-87.77641241010807,32000.0,87.1,98.0,-1.2,-0.2,1.08,GOOD
1790984861764,660,2014.0,-69.4528834852701,32000.0,87.1,98.0,-1.2,-0.2,1.08,GOOD
1790984861764,661,1961.0,-40.58444745283388,32000.0,87.1,98.0,-1.2,-0.2,1.08,GOOD
1790984861764,662,2019.0,-27.13212077118894,32000.0,87.1,98.0,-1.2,-0.2,1.08,GOOD
1790984861764,663,2034.0,-30.78034757216386,32000.0,87.1,98.0,-1.2,-0.2,1.08,GOOD
1790984861764,664,2045.0,-30.71111684668147,32000.0,87.1,98.0,-1.2,-0.2,1.08,GOOD
1790984861764,665,2024.0,-17.106202780674238,32000.0,87.1,98.0,-1.2,-0.2,1.08,GOOD
1790984861764,666,2086.0,1.3430859817476761,32000.0,87.1,98.0,-1.2,-0.2,1.08,GOOD
1790984861764,667,2091.0,16.65077902928441,32000.0,87.1,98.0,-1.2,-0.2,1.08,GOOD
1790984861764,668,2104.0,29.925064074007782,32000.0,87.1,98.0,-1.2,-0.2,1.08,GOOD
1790984861764,669,2120.0,45.18408050988023,32000.0,87.1,98.0,-1.2,-0.2,1.08,GOOD
1790984861764,670,2097.0,62.6511052847562,32000.0,87.1,98.0,-1.2,-0.2,1.08,GOOD
1790984861764,671,2064.0,73.71099622092356,32000.0,87.1,98.0,-1.2,-0.2,1.08,GOOD
1790984861764,672,2067.0,68.06312862021568,32000.0,87.1,98.0,-1.2,-0.2,1.08,GOOD
1790984861764,673,1978.0,45.02764723202018,32000.0,87.1,98.0,-1.2,-0.2,1.08,GOOD
1790984861764,674,1945.0,9.54815411196875,32000.0,87.1,98.0,-1.2,-0.2,1.08,GOOD
1790984861764,675,1959.0,-30.983104423721702,32000.0,87.1,98.0,-1.2,-0.2,1.08,GOOD
1790984862363,676,1945.0,-65.63071533272108,-25.0,88.7,98.0,-1.3,-0.2,1.09,GOOD
1790984862363,677,2071.0,-83.05863460596296,-27.0,88.7,98.0,-1.3,-0.2,1.09,GOOD
1790984862363,678,2078.0,-72.41238277213509,-32.0,88.7,98.0,-1.3,-0.2,1.09,GOOD
1790984862363,679,2106.0,-32.91269683019863,-33.0,88.7,98.0,-1.3,-0.2,1.09,GOOD
1790984862363,680,2080.0,18.069128207102704,-35.0,88.7,98.0,-1.3,-0.2,1.09,GOOD
1790984862363,681,2282.0,64.82588701174055,-37.0,88.7,98.0,-1.3,-0.2,1.09,GOOD
1790984862363,682,2283.0,111.71540834217916,-37.0,88.7,98.0,-1.3,-0.2,1.09,GOOD
1790984862363,683,2293.0,163.54222061559602,-37.0,88.7,98.0,-1.3,-0.2,1.09,GOOD
1790984862363,684,2310.0,210.74543337305738,-39.0,88.7,98.0,-1.3,-0.2,1.09,GOOD
1790984862363,685,2368.0,247.69108415880504,-62.0,88.7,98.0,-1.3,-0.2,1.09,GOOD
1790984862363,686,2344.0,276.4040885036013,-60.0,88.7,98.0,-1.3,-0.2,1.09,GOOD
1790984862363,687,2340.0,292.3039486972091,-57.0,88.7,98.0,-1.3,-0.2,1.09,GOOD
1790984862363,688,2369.0,291.11124947562644,-52.0,88.7,98.0,-1.3,-0.2,1.09,GOOD
1790984862363,689,2405.0,284.20130496106606,-48.0,88.7,98.0,-1.3,-0.2,1.09,GOOD
1790984862363,690,2371.0,286.70804961441183,-47.0,88.7,98.0,-1.3,-0.2,1.09,GOOD
1790984862363,691,2360.0,295.778560592124,-43.0,88.7,98.0,-1.3,-0.2,1.09,GOOD
1790984862363,692,2364.0,297.1748269984146,-40.0,88.7,98.0,-1.3,-0.2,1.09,GOOD
1790984862363,693,2137.0,277.244292876434,-42.0,88.7,98.0,-1.3,-0.2,1.09,GOOD
1790984862363,694,2152.0,224.31572934305757,-37.0,88.7,98.0,-1.3,-0.2,1.09,GOOD
1790984862363,695,2131.0,146.97867025017484,-36.0,88.7,98.0,-1.3,-0.2,1.09,GOOD
1790984862363,696,1940.0,67.02090568806406,-33.0,88.7,98.0,-1.3,-0.2,1.09,GOOD
1790984862363,697,1992.0,-10.645384050633155,-32.0,88.7,98.0,-1.3,-0.2,1.09,GOOD
1790984862363,698,1979.0,-80.59746086657977,-28.0,88.7,98.0,-1.3,-0.2,1.09,GOOD
1790984862363,699,1969.0,-125.11676091153664,-25.0,88.7,98.0,-1.3,-0.2,1.09,GOOD
1790984862363,700,1976.0,-139.42539610313702,-21.0,88.7,98.0,-1.3,-0.2,1.09,GOOD
1790984862364,701,1972.0,-135.17618176852466,32000.0,88.7,98.0,-1.3,-0.2,1.09,GOOD
1790984862364,702,1947.0,-126.91797085596178,32000.0,88.7,98.0,-1.3,-0.2,1.09,GOOD
1790984862364,703,2058.0,-120.25972828241245,32000.0,88.7,98.0,-1.3,-0.2,1.09,GOOD
1790984862364,704,2046.0,-107.03580819103915,32000.0,88.7,98.0,-1.3,-0.2,1.09,GOOD
1790984862364,705,2070.0,-81.88673978624186,32000.0,88.7,98.0,-1.3,-0.2,1.09,GOOD
1790984862364,706,1872.0,-60.35040709690416,32000.0,88.7,98.0,-1.3,-0.2,1.09,GOOD
1790984862364,707,1865.0,-69.5994470591724,32000.0,88.7,98.0,-1.3,-0.2,1.09,GOOD
1790984862364,708,1851.0,-116.15251373966133,32000.0,88.7,98.0,-1.3,-0.2,1.09,GOOD
1790984862364,709,2027.0,-169.92098917747967,32000.0,88.7,98.0,-1.3,-0.2,1.09,GOOD
1790984862364,710,2028.0,-189.33754354471643,32000.0,88.7,98.0,-1.3,-0.2,1.09,GOOD
1790984862364,711,2063.0,-159.22835649422495,32000.0,88.7,98.0,-1.3,-0.2,1.09,GOOD
1790984862364,712,2072.0,-97.0819130402742,32000.0,88.7,98.0,-1.3,-0.2,1.09,GOOD
1790984862364,713,2048.0,-32.73845849699973,32000.0,88.7,98.0,-1.3,-0.2,1.09,GOOD
1790984862364,714,2023.0,5.069352112951809,32000.0,88.7,98.0,-1.3,-0.2,1.09,GOOD
1790984862364,715,2039.0,2.8417744502102673,32000.0,88.7,98.0,-1.3,-0.2,1.09,GOOD
1790984862364,716,2054.0,-24.004401814859158,32000.0,88.7,98.0,-1.3,-0.2,1.09,GOOD
1790984862364,717,2005.0,-46.71766391591902,32000.0,88.7,98.0,-1.3,-0.2,1.09,GOOD
1790984862364,718,2066.0,-51.06290516950335,32000.0,88.7,98.0,-1.3,-0.2,1.09,GOOD
1790984862364,719,2034.0,-42.06717701810377,32000.0,88.7,98.0,-1.3,-0.2,1.09,GOOD
1790984862364,720,1952.0,-37.189281683714526,32000.0,88.7,98.0,-1.3,-0.2,1.09,GOOD
1790984862364,721,1994.0,-50.87320442131066,32000.0,88.7,98.0,-1.3,-0.2,1.09,GOOD
1790984862364,722,2002.0,-73.1970456068183,32000.0,88.7,98.0,-1.3,-0.2,1.09,GOOD
1790984862364,723,1981.0,-84.33902083874216,32000.0,88.7,98.0,-1.3,-0.2,1.09,GOOD
1790984862364,724,1969.0,-84.55592130398708,32000.0,88.7,98.0,-1.3,-0.2,1.09,GOOD
1790984862364,725,1981.0,-86.45301507750507,32000.0,88.7,98.0,-1.3,-0.2,1.09,GOOD
1790984862365,726,1984.0,-91.96707469998026,32000.0,88.7,98.0,-1.3,-0.2,1.09,GOOD
1790984862365,727,2007.0,-92.17037102052197,32000.0,88.7,98.0,-1.3,-0.2,1.09,GOOD
1790984862365,728,1950.0,-84.07384228078925,32000.0,88.7,98.0,-1.3,-0.2,1.09,GOOD
1790984862365,729,1916.0,-80.05084601615778,32000.0,88.7,98.0,-1.3,-0.2,1.09,GOOD
1790984862365,730,1917.0,-93.14084684255532,32000.0,88.7,98.0,-1.3,-0.2,1.09,GOOD
1790984862365,731,1997.0,-115.08152646123119,32000.0,88.7,98.0,-1.3,-0.2,1.09,GOOD
1790984862365,732,2017.0,-121.74156006997359,32000.0,88.7,98.0,-1.3,-0.2,1.09,GOOD
1790984862365,733,1987.0,-103.23421757447555,32000.0,88.7,98.0,-1.3,-0.2,1.09,GOOD
1790984862365,734,1983.0,-75.38837095457075,32000.0,88.7,98.0,-1.3,-0.2,1.09,GOOD
1790984862365,735,2452.0,-39.11326343858617,32000.0,88.7,98.0,-1.3,-0.2,1.09,GOOD
1790984862365,736,2493.0,43.78159177730891,32000.0,88.7,98.0,-1.3,-0.2,1.09,GOOD
1790984862365,737,2545.0,186.5610414125378,32000.0,88.7,98.0,-1.3,-0.2,1.09,GOOD
1790984862365,738,2555.0,342.3096503958408,32000.0,88.7,98.0,-1.3,-0.2,1.09,GOOD
1790984862365,739,3053.0,478.8252192304483,32000.0,88.7,98.0,-1.3,-0.2,1.09,GOOD
1790984862365,740,3023.0,617.3619413803151,32000.0,88.7,98.0,-1.3,-0.2,1.09,GOOD
1790984862365,741,3049.0,761.5076365673244,32000.0,88.7,98.0,-1.3,-0.2,1.09,GOOD
1790984862365,742,3096.0,874.2406868951239,32000.0,88.7,98.0,-1.3,-0.2,1.09,GOOD
1790984862365,743,2006.0,896.4649580610804,32000.0,88.7,98.0,-1.3,-0.2,1.09,GOOD
1790984862365,744,1966.0,742.2337874352464,32000.0,88.7,98.0,-1.3,-0.2,1.09,GOOD
1790984862365,745,1841.0,404.70569724492344,32000.0,88.7,98.0,-1.3,-0.2,1.09,GOOD
1790984862365,746,1954.0,18.038356640943114,32000.0,88.7,98.0,-1.3,-0.2,1.09,GOOD
1790984862365,747,1986.0,-263.6708540460371,32000.0,88.7,98.0,-1.3,-0.2,1.09,GOOD
1790984862365,748,2026.0,-365.18664416365,32000.0,88.7,98.0,-1.3,-0.2,1.09,GOOD
1790984862365,749,1998.0,-305.82157560587837,32000.0,88.7,98.0,-1.3,-0.2,1.09,GOOD
1790984862365,750,2000.0,-178.1529222272687,32000.0,88.7,98.0,-1.3,-0.2,1.09,GOOD
1790984862570,751,1990.0,-87.10243847877365,32000.0,88.7,98.0,-1.3,-0.2,1.08,GOOD
1790984862570,752,2031.0,-78.53711961413826,32000.0,88.7,98.0,-1.3,-0.2,1.08,GOOD
1790984862570,753,2048.0,-115.9609641891873,32000.0,88.7,98.0,-1.3,-0.2,1.08,GOOD
1790984862570,754,2032.0,-134.31665660194324,32000.0,88.7,98.0,-1.3,-0.2,1.08,GOOD
1790984862570,755,1978.0,-114.92657022717107,32000.0,88.7,98.0,-1.3,-0.2,1.08,GOOD
1790984862570,756,1965.0,-95.64924782971008,32000.0,88.7,98.0,-1.3,-0.2,1.08,GOOD
1790984862570,757,1939.0,-113.04062972043329,32000.0,88.7,98.0,-1.3,-0.2,1.08,GOOD
1790984862570,758,1974.0,-155.80367669014134,32000.0,88.7,98.0,-1.3,-0.2,1.08,GOOD
1790984862570,759,1958.0,-182.55859881627399,32000.0,88.7,98.0,-1.3,-0.2,1.08,GOOD
1790984862570,760,1920.0,-176.31029448997194,32000.0,88.7,98.0,-1.3,-0.2,1.08,GOOD
1790984862570,761,1903.0,-163.3315047939801,32000.0,88.7,98.0,-1.3,-0.2,1.08,GOOD
1790984862570,762,1939.0,-171.7540361880711,32000.0,88.7,98.0,-1.3,-0.2,1.08,GOOD
1790984862570,763,1976.0,-191.773399152453,32000.0,88.7,98.0,-1.3,-0.2,1.08,GOOD
1790984862570,764,2073.0,-188.6096054628673,32000.0,88.7,98.0,-1.3,-0.2,1.08,GOOD
1790984862570,765,2023.0,-146.92489995563227,32000.0,88.7,98.0,-1.3,-0.2,1.08,GOOD
1790984862570,766,2000.0,-94.17862914534724,32000.0,88.7,98.0,-1.3,-0.2,1.08,GOOD
1790984862570,767,2059.0,-66.8462607444198,32000.0,88.7,98.0,-1.3,-0.2,1.08,GOOD
1790984862570,768,2168.0,-60.825647205842536,32000.0,88.7,98.0,-1.3,-0.2,1.08,GOOD
1790984862570,769,2048.0,-47.361394852497234,32000.0,88.7,98.0,-1.3,-0.2,1.08,GOOD
1790984862570,770,2120.0,-22.406241678577317,32000.0,88.7,98.0,-1.3,-0.2,1.08,GOOD
1790984862570,771,2156.0,0.36150015599892615,32000.0,88.7,98.0,-1.3,-0.2,1.08,GOOD
1790984862570,772,2177.0,18.025266263466406,32000.0,88.7,98.0,-1.3,-0.2,1.08,GOOD
1790984862570,773,2195.0,34.459438006368444,32000.0,88.7,98.0,-1.3,-0.2,1.08,GOOD
1790984862570,774,2165.0,51.50118988658865,32000.0,88.7,98.0,-1.3,-0.2,1.08,GOOD
1790984862570,775,2124.0,64.89375390419707,32000.0,88.7,98.0,-1.3,-0.2,1.08,GOOD
1790984862573,776,2109.0,64.51181909073229,32000.0,88.7,98.0,-1.3,-0.2,1.08,GOOD
1790984862573,777,2115.0,45.867129755445,32000.0,88.7,98.0,-1.3,-0.2,1.08,GOOD
1790984862573,778,2140.0,18.566058067894353,32000.0,88.7,98.0,-1.3,-0.2,1.08,GOOD
1790984862573,779,2097.0,-1.752321434336789,32000.0,88.7,98.0,-1.3,-0.2,1.08,GOOD
1790984862573,780,2187.0,-5.270331266751291,32000.0,88.7,98.0,-1.3,-0.2,1.08,GOOD
1790984862573,781,2193.0,11.121483704062637,32000.0,88.7,98.0,-1.3,-0.2,1.08,GOOD
1790984862573,782,2351.0,46.4312216316282,32000.0,88.7,98.0,-1.3,-0.2,1.08,GOOD
1790984862573,783,2376.0,98.62913966942828,32000.0,88.7,98.0,-1.3,-0.2,1.08,GOOD
1790984862573,784,2369.0,160.7373917737852,32000.0,88.7,98.0,-1.3,-0.2,1.08,GOOD
1790984862573,785,2337.0,215.3790551636008,32000.0,88.7,98.0,-1.3,-0.2,1.08,GOOD
1790984862573,786,2413.0,248.645287805638,32000.0,88.7,98.0,-1.3,-0.2,1.08,GOOD
1790984862573,787,2428.0,262.9091848046215,32000.0,88.7,98.0,-1.3,-0.2,1.08,GOOD
1790984862573,788,2441.0,267.2911135288205,32000.0,88.7,98.0,-1.3,-0.2,1.08,GOOD
1790984862573,789,2363.0,265.37760928370653,32000.0,88.7,98.0,-1.3,-0.2,1.08,GOOD
1790984862573,790,2365.0,256.769450769337,32000.0,88.7,98.0,-1.3,-0.2,1.08,GOOD
1790984862573,791,2332.0,242.49752978584104,32000.0,88.7,98.0,-1.3,-0.2,1.08,GOOD
1790984862573,792,2338.0,222.40101880117166,32000.0,88.7,98.0,-1.3,-0.2,1.08,GOOD
1790984862573,793,2197.0,189.71378912590433,32000.0,88.7,98.0,-1.3,-0.2,1.08,GOOD
1790984862573,794,2186.0,137.90190730985842,32000.0,88.7,98.0,-1.3,-0.2,1.08,GOOD
1790984862573,795,2132.0,76.1163264412259,32000.0,88.7,98.0,-1.3,-0.2,1.08,GOOD
1790984862573,796,2138.0,23.35030072690317,32000.0,88.7,98.0,-1.3,-0.2,1.08,GOOD
1790984862573,797,2004.0,-17.69887778774554,32000.0,88.7,98.0,-1.3,-0.2,1.08,GOOD
1790984862573,798,2011.0,-62.64316734004624,32000.0,88.7,98.0,-1.3,-0.2,1.08,GOOD
1790984862573,799,2001.0,-114.90219788413467,32000.0,88.7,98.0,-1.3,-0.2,1.08,GOOD
1790984862573,800,1968.0,-157.21014354579353,32000.0,88.7,98.0,-1.3,-0.2,1.08,GOOD
1790984862732,801,1851.0,-183.39038537090838,32000.0,88.7,98.0,-1.3,-0.2,1.09,GOOD
1790984862732,802,1878.0,-209.32898188431034,32000.0,88.7,98.0,-1.3,-0.2,1.09,GOOD
1790984862732,803,1907.0,-242.5266744738642,32000.0,88.7,98.0,-1.3,-0.2,1.09,GOOD
1790984862732,804,1889.0,-269.69604844323305,32000.0,88.7,98.0,-1.3,-0.2,1.09,GOOD
1790984862732,805,1912.0,-277.8530951572367,32000.0,88.7,98.0,-1.3,-0.2,1.09,GOOD
1790984862732,806,1897.0,-266.67154312189183,32000.0,88.7,98.0,-1.3,-0.2,1.09,GOOD
1790984862732,807,1832.0,-249.2349775194613,32000.0,88.7,98.0,-1.3,-0.2,1.09,GOOD
1790984862732,808,1933.0,-241.75283380641034,32000.0,88.7,98.0,-1.3,-0.2,1.09,GOOD
1790984862732,809,1925.0,-242.4091693682018,32000.0,88.7,98.0,-1.3,-0.2,1.09,GOOD
1790984862732,810,1915.0,-238.0911720611298,32000.0,88.7,98.0,-1.3,-0.2,1.09,GOOD
1790984862732,811,1907.0,-225.70815614093306,32000.0,88.7,98.0,-1.3,-0.2,1.09,GOOD
1790984862732,812,1936.0,-209.93583838248153,32000.0,88.7,98.0,-1.3,-0.2,1.09,GOOD
1790984862732,813,1949.0,-194.80375839038453,32000.0,88.7,98.0,-1.3,-0.2,1.09,GOOD
1790984862732,814,1967.0,-182.8313231693755,32000.0,88.7,98.0,-1.3,-0.2,1.09,GOOD
1790984862732,815,1893.0,-176.15051490886748,32000.0,88.7,98.0,-1.3,-0.2,1.09,GOOD
1790984862732,816,1887.0,-177.3721431179178,32000.0,88.7,98.0,-1.3,-0.2,1.09,GOOD
1790984862732,817,1899.0,-185.24122302064518,32000.0,88.7,98.0,-1.3,-0.2,1.09,GOOD
1790984862732,818,1875.0,-195.4350865645727,32000.0,88.7,98.0,-1.3,-0.2,1.09,GOOD
1790984862732,819,1938.0,-205.4152710852883,32000.0,88.7,98.0,-1.3,-0.2,1.09,GOOD
1790984862732,820,1921.0,-209.20066523072376,32000.0,88.7,98.0,-1.3,-0.2,1.09,GOOD
1790984862732,821,1915.0,-200.01348318462095,32000.0,88.7,98.0,-1.3,-0.2,1.09,GOOD
1790984862732,822,1796.0,-185.76787560523542,32000.0,88.7,98.0,-1.3,-0.2,1.09,GOOD
1790984862732,823,1792.0,-188.42277043485439,32000.0,88.7,98.0,-1.3,-0.2,1.09,GOOD
1790984862732,824,1791.0,-218.8200903013294,32000.0,88.7,98.0,-1.3,-0.2,1.09,GOOD
1790984862732,825,1761.0,-263.15162006900846,32000.0,88.7,98.0,-1.3,-0.2,1.09,GOOD
1790984862840,826,1945.0,-292.2130617379095,32000.0,88.7,98.0,-1.3,-0.3,1.08,GOOD
1790984862840,827,1951.0,-276.324544575034,32000.0,88.7,98.0,-1.3,-0.3,1.08,GOOD
1790984862840,828,1981.0,-214.21819614931752,32000.0,88.7,98.0,-1.3,-0.3,1.08,GOOD
1790984862840,829,2001.0,-139.0164193091452,32000.0,88.7,98.0,-1.3,-0.3,1.08,GOOD
1790984862840,830,1983.0,-83.04166567170601,32000.0,88.7,98.0,-1.3,-0.3,1.08,GOOD
1790984862840,831,1984.0,-56.64281563902424,32000.0,88.7,98.0,-1.3,-0.3,1.08,GOOD
1790984862840,832,1991.0,-52.69865193850316,32000.0,88.7,98.0,-1.3,-0.3,1.08,GOOD
1790984862840,833,1962.0,-59.175751494693316,32000.0,88.7,98.0,-1.3,-0.3,1.08,GOOD
1790984862840,834,1960.0,-70.08234148977026,32000.0,88.7,98.0,-1.3,-0.3,1.08,GOOD
1790984862840,835,1926.0,-83.96465905801519,32000.0,88.7,98.0,-1.3,-0.3,1.08,GOOD
1790984862840,836,1944.0,-97.8171403128166,32000.0,88.7,98.0,-1.3,-0.3,1.08,GOOD
1790984862840,837,1964.0,-105.67572447314467,32000.0,88.7,98.0,-1.3,-0.3,1.08,GOOD
1790984862840,838,1963.0,-103.4854389515924,32000.0,88.7,98.0,-1.3,-0.3,1.08,GOOD
1790984862840,839,1939.0,-95.6127895259169,32000.0,88.7,98.0,-1.3,-0.3,1.08,GOOD
1790984862840,840,1916.0,-91.46420538782462,32000.0,88.7,98.0,-1.3,-0.3,1.08,GOOD
1790984862840,841,1891.0,-96.44214332018903,32000.0,88.7,98.0,-1.3,-0.3,1.08,GOOD
1790984862840,842,1914.0,-108.47334311874218,32000.0,88.7,98.0,-1.3,-0.3,1.08,GOOD
1790984862840,843,1908.0,-120.84886493866577,32000.0,88.7,98.0,-1.3,-0.3,1.08,GOOD
1790984862840,844,2001.0,-124.83760809944768,32000.0,88.7,98.0,-1.3,-0.3,1.08,GOOD
1790984862840,845,1981.0,-111.7958109478176,32000.0,88.7,98.0,-1.3,-0.3,1.08,GOOD
1790984862840,846,1970.0,-83.59340757902649,32000.0,88.7,98.0,-1.3,-0.3,1.08,GOOD
1790984862840,847,1985.0,-54.53716320192074,32000.0,88.7,98.0,-1.3,-0.3,1.08,GOOD
1790984862840,848,2032.0,-34.37423671631045,32000.0,88.7,98.0,-1.3,-0.3,1.08,GOOD
1790984862840,849,2028.0,-21.412840109681785,32000.0,88.7,98.0,-1.3,-0.3,1.08,GOOD
1790984862840,850,2015.0,-12.347784793025555,32000.0,88.7,98.0,-1.3,-0.3,1.08,GOOD
1790984862935,851,2004.0,-6.803167815327446,32000.0,88.7,98.0,-1.2,-0.3,1.09,GOOD
1790984862935,852,1983.0,-5.161195849926888,32000.0,88.7,98.0,-1.2,-0.3,1.09,GOOD
1790984862935,853,1994.0,-8.628345547635298,32000.0,88.7,98.0,-1.2,-0.3,1.09,GOOD
1790984862935,854,2003.0,-17.045894464149228,32000.0,88.7,98.0,-1.2,-0.3,1.09,GOOD
1790984862935,855,1954.0,-27.739007775410577,32000.0,88.7,98.0,-1.2,-0.3,1.09,GOOD
1790984862935,856,1958.0,-38.617364172584715,32000.0,88.7,98.0,-1.2,-0.3,1.09,GOOD
1790984862935,857,1957.0,-47.08807401993536,32000.0,88.7,98.0,-1.2,-0.3,1.09,GOOD
1790984862935,858,1972.0,-50.65970224553266,32000.0,88.7,98.0,-1.2,-0.3,1.09,GOOD
1790984862935,859,1971.0,-50.85699279950135,32000.0,88.7,98.0,-1.2,-0.3,1.09,GOOD
1790984862935,860,1928.0,-52.072980015023006,32000.0,88.7,98.0,-1.2,-0.3,1.09,GOOD
1790984862935,861,1973.0,-55.36168554926487,32000.0,88.7,98.0,-1.2,-0.3,1.09,GOOD
1790984862935,862,1972.0,-54.69448689797781,32000.0,88.7,98.0,-1.2,-0.3,1.09,GOOD
1790984862935,863,2030.0,-44.4683533059641,32000.0,88.7,98.0,-1.2,-0.3,1.09,GOOD
1790984862935,864,2033.0,-26.16430368932517,32000.0,88.7,98.0,-1.2,-0.3,1.09,GOOD
1790984862935,865,2017.0,-5.766011279914052,32000.0,88.7,98.0,-1.2,-0.3,1.09,GOOD
1790984862935,866,2090.0,13.585994358959812,32000.0,88.7,98.0,-1.2,-0.3,1.09,GOOD
1790984862935,867,2091.0,36.034907221183275,32000.0,88.7,98.0,-1.2,-0.3,1.09,GOOD
1790984862935,868,2087.0,61.33056826904402,32000.0,88.7,98.0,-1.2,-0.3,1.09,GOOD
1790984862935,869,2081.0,78.84828343040323,32000.0,88.7,98.0,-1.2,-0.3,1.09,GOOD
1790984862935,870,1965.0,78.08376467782149,32000.0,88.7,98.0,-1.2,-0.3,1.09,GOOD
1790984862935,871,1996.0,56.1401360286531,32000.0,88.7,98.0,-1.2,-0.3,1.09,GOOD
1790984862935,872,2009.0,23.859905715507253,32000.0,88.7,98.0,-1.2,-0.3,1.09,GOOD
1790984862935,873,2011.0,-1.4160322706027362,32000.0,88.7,98.0,-1.2,-0.3,1.09,GOOD
1790984862935,874,1861.0,-18.99200156758458,32000.0,88.7,98.0,-1.2,-0.3,1.09,GOOD
1790984862935,875,1969.0,-40.04088322323086,32000.0,88.7,98.0,-1.2,-0.3,1.09,GOOD
1790984863011,876,1962.0,-58.5420326206444,32000.0,89.6,98.0,-1.2,-0.3,1.08,GOOD
1790984863011,877,1981.0,-59.99263623297405,32000.0,89.6,98.0,-1.2,-0.3,1.08,GOOD
1790984863011,878,1972.0,-48.30273604835913,32000.0,89.6,98.0,-1.2,-0.3,1.08,GOOD
1790984863011,879,1971.0,-36.484478788178194,32000.0,89.6,98.0,-1.2,-0.3,1.08,GOOD
1790984863011,880,1945.0,-29.6949797648947,32000.0,89.6,98.0,-1.2,-0.3,1.08,GOOD
1790984863011,881,2010.0,-25.219346210071226,32000.0,89.6,98.0,-1.2,-0.3,1.08,GOOD
1790984863011,882,2003.0,-18.109478814413176,32000.0,89.6,98.0,-1.2,-0.3,1.08,GOOD
1790984863011,883,1993.0,-9.27933150038509,32000.0,89.6,98.0,-1.2,-0.3,1.08,GOOD
1790984863011,884,2088.0,-0.15185193979548472,32000.0,89.6,98.0,-1.2,-0.3,1.08,GOOD
1790984863011,885,2088.0,18.428407185268544,32000.0,89.6,98.0,-1.2,-0.3,1.08,GOOD
1790984863011,886,1972.0,46.17987400334769,32000.0,89.6,98.0,-1.2,-0.3,1.08,GOOD
1790984863011,887,2090.0,63.544883384374174,32000.0,89.6,98.0,-1.2,-0.3,1.08,GOOD
1790984863011,888,2661.0,87.67960066354524,32000.0,89.6,98.0,-1.2,-0.3,1.08,GOOD
1790984863011,889,2721.0,185.39012871885365,32000.0,89.6,98.0,-1.2,-0.3,1.08,GOOD
1790984863011,890,2789.0,374.62837879060345,32000.0,89.6,98.0,-1.2,-0.3,1.08,GOOD
1790984863011,891,2832.0,589.3484889228525,32000.0,89.6,98.0,-1.2,-0.3,1.08,GOOD
1790984863011,892,2447.0,741.6747434427488,32000.0,89.6,98.0,-1.2,-0.3,1.08,GOOD
1790984863011,893,2369.0,759.1991225407785,32000.0,89.6,98.0,-1.2,-0.3,1.08,GOOD
1790984863011,894,2310.0,631.1159241153371,32000.0,89.6,98.0,-1.2,-0.3,1.08,GOOD
1790984863011,895,2275.0,431.90425553095105,32000.0,89.6,98.0,-1.2,-0.3,1.08,GOOD
1790984863011,896,1812.0,240.85395599007848,32000.0,89.6,98.0,-1.2,-0.3,1.08,GOOD
1790984863011,897,1829.0,74.05413953184625,32000.0,89.6,98.0,-1.2,-0.3,1.08,GOOD
1790984863011,898,1805.0,-72.6202999271845,32000.0,89.6,98.0,-1.2,-0.3,1.08,GOOD
1790984863011,899,2001.0,-178.23075838551,32000.0,89.6,98.0,-1.2,-0.3,1.08,GOOD
1790984863011,900,1979.0,-219.55770739497015,32000.0,89.6,98.0,-1.2,-0.3,1.08,GOOD
1790984863188,901,2018.0,-196.74193256544018,32000.0,89.6,98.0,-1.3,-0.3,1.08,GOOD
1790984863188,902,2031.0,-129.3676944889334,32000.0,89.6,98.0,-1.3,-0.3,1.08,GOOD
1790984863188,903,1989.0,-49.62753282683611,32000.0,89.6,98.0,-1.3,-0.3,1.08,GOOD
1790984863188,904,1943.0,-1.6809382858389235,32000.0,89.6,98.0,-1.3,-0.3,1.08,GOOD
1790984863188,905,1937.0,-14.874125332936618,32000.0,89.6,98.0,-1.3,-0.3,1.08,GOOD
1790984863188,906,2000.0,-67.4527676438093,32000.0,89.6,98.0,-1.3,-0.3,1.08,GOOD
1790984863188,907,2011.0,-102.95645550643101,32000.0,89.6,98.0,-1.3,-0.3,1.08,GOOD
1790984863188,908,2000.0,-91.09307866493103,32000.0,89.6,98.0,-1.3,-0.3,1.08,GOOD
1790984863188,909,1973.0,-55.989074658269296,32000.0,89.6,98.0,-1.3,-0.3,1.08,GOOD
1790984863188,910,2064.0,-35.228900378328674,32000.0,89.6,98.0,-1.3,-0.3,1.08,GOOD
1790984863188,911,2086.0,-30.18817500554388,32000.0,89.6,98.0,-1.3,-0.3,1.08,GOOD
1790984863188,912,2105.0,-15.659833822918287,32000.0,89.6,98.0,-1.3,-0.3,1.08,GOOD
1790984863188,913,2089.0,17.92181673955363,32000.0,89.6,98.0,-1.3,-0.3,1.08,GOOD
1790984863188,914,1936.0,46.41706678298277,32000.0,89.6,98.0,-1.3,-0.3,1.08,GOOD
1790984863188,915,1920.0,33.566095296782905,32000.0,89.6,98.0,-1.3,-0.3,1.08,GOOD
1790984863188,916,1951.0,-23.024652102642236,32000.0,89.6,98.0,-1.3,-0.3,1.08,GOOD
1790984863188,917,2088.0,-78.24013332559596,32000.0,89.6,98.0,-1.3,-0.3,1.08,GOOD
1790984863188,918,2064.0,-85.88013244395175,32000.0,89.6,98.0,-1.3,-0.3,1.08,GOOD
1790984863188,919,2041.0,-47.805011660051846,32000.0,89.6,98.0,-1.3,-0.3,1.08,GOOD
1790984863188,920,2033.0,-2.8853397942067955,32000.0,89.6,98.0,-1.3,-0.3,1.08,GOOD
1790984863188,921,2128.0,23.96275008687915,32000.0,89.6,98.0,-1.3,-0.3,1.08,GOOD
1790984863188,922,2135.0,39.93584426896321,32000.0,89.6,98.0,-1.3,-0.3,1.08,GOOD
1790984863188,923,2117.0,56.57373638594909,32000.0,89.6,98.0,-1.3,-0.3,1.08,GOOD
1790984863188,924,2174.0,73.63158478081536,32000.0,89.6,98.0,-1.3,-0.3,1.08,GOOD
1790984863188,925,2189.0,92.01410567114192,32000.0,89.6,98.0,-1.3,-0.3,1.08,GOOD
1790984863266,926,2219.0,115.20577784023929,32000.0,89.6,98.0,-1.2,-0.3,1.08,GOOD
1790984863266,927,2231.0,140.043398836439,32000.0,89.6,98.0,-1.2,-0.3,1.08,GOOD
1790984863266,928,2289.0,162.26024897390437,32000.0,89.6,98.0,-1.2,-0.3,1.08,GOOD
1790984863266,929,2290.0,184.0439221864812,32000.0,89.6,98.0,-1.2,-0.3,1.08,GOOD
1790984863266,930,2274.0,206.63932804296002,32000.0,89.6,98.0,-1.2,-0.3,1.08,GOOD
1790984863266,931,2273.0,223.14300978391458,32000.0,89.6,98.0,-1.2,-0.3,1.08,GOOD
1790984863266,932,2352.0,229.43588376540623,32000.0,89.6,98.0,-1.2,-0.3,1.08,GOOD
1790984863266,933,2362.0,233.86473638486848,32000.0,89.6,98.0,-1.2,-0.3,1.08,GOOD
1790984863266,934,2334.0,244.46583971120572,32000.0,89.6,98.0,-1.2,-0.3,1.08,GOOD
1790984863266,935,2354.0,258.07308341106796,32000.0,89.6,98.0,-1.2,-0.3,1.08,GOOD
1790984863266,936,2389.0,270.12819315017134,32000.0,89.6,98.0,-1.2,-0.3,1.08,GOOD
1790984863266,937,2361.0,278.9355663034036,32000.0,89.6,98.0,-1.2,-0.3,1.08,GOOD
1790984863266,938,2349.0,279.30445580877245,32000.0,89.6,98.0,-1.2,-0.3,1.08,GOOD
1790984863266,939,2322.0,267.74758059304224,32000.0,89.6,98.0,-1.2,-0.3,1.08,GOOD
1790984863266,940,2317.0,249.27363432155045,32000.0,89.6,98.0,-1.2,-0.3,1.08,GOOD
1790984863266,941,2340.0,232.02604891164847,32000.0,89.6,98.0,-1.2,-0.3,1.08,GOOD
1790984863266,942,2338.0,220.08165344976433,32000.0,89.6,98.0,-1.2,-0.3,1.08,GOOD
1790984863266,943,2332.0,212.1514287202238,32000.0,89.6,98.0,-1.2,-0.3,1.08,GOOD
1790984863266,944,2212.0,201.99095987883064,32000.0,89.6,98.0,-1.2,-0.3,1.08,GOOD
1790984863266,945,2149.0,178.15627381859002,32000.0,89.6,98.0,-1.2,-0.3,1.08,GOOD
1790984863266,946,2067.0,130.66796806987708,32000.0,89.6,98.0,-1.2,-0.3,1.08,GOOD
1790984863266,947,2032.0,59.789993163109735,32000.0,89.6,98.0,-1.2,-0.3,1.08,GOOD
1790984863266,948,2038.0,-20.330353835627363,32000.0,89.6,98.0,-1.2,-0.3,1.08,GOOD
1790984863266,949,2030.0,-84.96343830580787,32000.0,89.6,98.0,-1.2,-0.3,1.08,GOOD
1790984863266,950,2041.0,-114.96063955635115,32000.0,89.6,98.0,-1.2,-0.3,1.08,GOOD
1790984863464,951,1995.0,-113.5021546148229,32000.0,89.6,98.0,-1.3,-0.3,1.08,GOOD
1790984863464,952,1988.0,-103.79517871971177,32000.0,89.6,98.0,-1.3,-0.3,1.08,GOOD
1790984863464,953,1957.0,-107.50147319428648,32000.0,89.6,98.0,-1.3,-0.3,1.08,GOOD
1790984863464,954,1963.0,-126.69618424564257,32000.0,89.6,98.0,-1.3,-0.3,1.08,GOOD
1790984863464,955,1867.0,-151.28977941923796,32000.0,89.6,98.0,-1.3,-0.3,1.08,GOOD
1790984863464,956,1874.0,-177.0034507106074,32000.0,89.6,98.0,-1.3,-0.3,1.08,GOOD
1790984863464,957,1827.0,-205.84144711618507,32000.0,89.6,98.0,-1.3,-0.3,1.08,GOOD
1790984863464,958,1911.0,-234.10500332392613,32000.0,89.6,98.0,-1.3,-0.3,1.08,GOOD
1790984863464,959,1896.0,-248.9774095609418,32000.0,89.6,98.0,-1.3,-0.3,1.08,GOOD
1790984863464,960,1891.0,-242.23530778691514,32000.0,89.6,98.0,-1.3,-0.3,1.08,GOOD
1790984863464,961,1912.0,-220.63151114203612,32000.0,89.6,98.0,-1.3,-0.3,1.08,GOOD
1790984863464,962,1818.0,-200.52815654566348,32000.0,89.6,98.0,-1.3,-0.3,1.08,GOOD
1790984863464,963,1812.0,-200.11829822602675,32000.0,89.6,98.0,-1.3,-0.3,1.08,GOOD
1790984863464,964,1800.0,-224.11019107339126,32000.0,89.6,98.0,-1.3,-0.3,1.08,GOOD
1790984863464,965,1877.0,-253.55266484200456,32000.0,89.6,98.0,-1.3,-0.3,1.08,GOOD
1790984863464,966,1925.0,-261.03256364099894,32000.0,89.6,98.0,-1.3,-0.3,1.08,GOOD
1790984863464,967,1935.0,-235.49681403810806,32000.0,89.6,98.0,-1.3,-0.3,1.08,GOOD
1790984863464,968,1916.0,-191.5137766031625,32000.0,89.6,98.0,-1.3,-0.3,1.08,GOOD
1790984863464,969,1914.0,-153.3003316552381,32000.0,89.6,98.0,-1.3,-0.3,1.08,GOOD
1790984863464,970,1909.0,-134.12212987571564,32000.0,89.6,98.0,-1.3,-0.3,1.08,GOOD
1790984863464,971,1910.0,-132.89755362424822,32000.0,89.6,98.0,-1.3,-0.3,1.08,GOOD
1790984863464,972,1933.0,-140.68887338140837,32000.0,89.6,98.0,-1.3,-0.3,1.08,GOOD
1790984863464,973,1921.0,-146.6343678275793,32000.0,89.6,98.0,-1.3,-0.3,1.08,GOOD
1790984863464,974,1798.0,-149.56926428212154,32000.0,89.6,98.0,-1.3,-0.3,1.08,GOOD
1790984863464,975,1920.0,-157.2249950687538,32000.0,89.6,98.0,-1.3,-0.3,1.08,GOOD
1790984863583,976,1982.0,-162.6647012405179,32000.0,89.6,98.0,-1.3,-0.4,1.09,GOOD
1790984863583,977,1984.0,-149.21072547421298,32000.0,89.6,98.0,-1.3,-0.4,1.09,GOOD
1790984863583,978,1988.0,-117.97302236890309,32000.0,89.6,98.0,-1.3,-0.4,1.09,GOOD
1790984863583,979,1955.0,-83.93622754503558,32000.0,89.6,98.0,-1.3,-0.4,1.09,GOOD
1790984863583,980,1978.0,-59.26941873121901,32000.0,89.6,98.0,-1.3,-0.4,1.09,GOOD
1790984863583,981,1968.0,-49.53677413655052,32000.0,89.6,98.0,-1.3,-0.4,1.09,GOOD
1790984863583,982,1885.0,-58.06834526032599,32000.0,89.6,98.0,-1.3,-0.4,1.09,GOOD
1790984863583,983,1930.0,-83.67140402006504,32000.0,89.6,98.0,-1.3,-0.4,1.09,GOOD
1790984863583,984,1931.0,-109.95415012687653,32000.0,89.6,98.0,-1.3,-0.4,1.09,GOOD
1790984863583,985,1945.0,-117.78838528555049,32000.0,89.6,98.0,-1.3,-0.4,1.09,GOOD
1790984863583,986,1953.0,-107.62243820832629,32000.0,89.6,98.0,-1.3,-0.4,1.09,GOOD
1790984863583,987,1956.0,-93.14200886460308,32000.0,89.6,98.0,-1.3,-0.4,1.09,GOOD
1790984863583,988,1953.0,-82.68516367369341,32000.0,89.6,98.0,-1.3,-0.4,1.09,GOOD
1790984863583,989,1974.0,-74.14236427422615,32000.0,89.6,98.0,-1.3,-0.4,1.09,GOOD
1790984863583,990,1957.0,-63.77433824805433,32000.0,89.6,98.0,-1.3,-0.4,1.09,GOOD
1790984863583,991,1916.0,-57.183956152169834,32000.0,89.6,98.0,-1.3,-0.4,1.09,GOOD
1790984863583,992,1911.0,-64.38845128446087,32000.0,89.6,98.0,-1.3,-0.4,1.09,GOOD
1790984863583,993,1901.0,-83.8732227319465,32000.0,89.6,98.0,-1.3,-0.4,1.09,GOOD
1790984863583,994,1926.0,-101.82612257103868,32000.0,89.6,98.0,-1.3,-0.4,1.09,GOOD
1790984863583,995,1910.0,-107.74059336294007,32000.0,89.6,98.0,-1.3,-0.4,1.09,GOOD
1790984863583,996,1891.0,-105.20696685802946,32000.0,89.6,98.0,-1.3,-0.4,1.09,GOOD
1790984863583,997,1890.0,-104.667346724058,32000.0,89.6,98.0,-1.3,-0.4,1.09,GOOD
1790984863583,998,2044.0,-102.7847419424664,32000.0,89.6,98.0,-1.3,-0.4,1.09,GOOD
1790984863583,999,2052.0,-80.51306186010605,32000.0,89.6,98.0,-1.3,-0.4,1.09,GOOD
1790984863583,1000,2064.0,-33.044565218150396,32000.0,89.6,98.0,-1.3,-0.4,1.09,GOOD
1790984863686,1001,1977.0,15.84826613318442,32000.0,90.7,98.0,-1.3,-0.3,1.09,GOOD
1790984863686,1002,1978.0,38.32347213328761,32000.0,90.7,98.0,-1.3,-0.3,1.09,GOOD
1790984863686,1003,1974.0,28.82245733873038,32000.0,90.7,98.0,-1.3,-0.3,1.09,GOOD
1790984863686,1004,1970.0,2.209190087804151,32000.0,90.7,98.0,-1.3,-0.3,1.09,GOOD
1790984863686,1005,1984.0,-24.322206146727293,32000.0,90.7,98.0,-1.3,-0.3,1.09,GOOD
1790984863686,1006,1999.0,-38.5775508867686,32000.0,90.7,98.0,-1.3,-0.3,1.09,GOOD
1790984863686,1007,1997.0,-34.673117977999766,32000.0,90.7,98.0,-1.3,-0.3,1.09,GOOD
1790984863686,1008,1762.0,-27.011219976399587,32000.0,90.7,98.0,-1.3,-0.3,1.09,GOOD
1790984863686,1009,1849.0,-46.12164559717024,32000.0,90.7,98.0,-1.3,-0.3,1.09,GOOD
1790984863686,1010,1827.0,-96.1866403920817,32000.0,90.7,98.0,-1.3,-0.3,1.09,GOOD
1790984863686,1011,1827.0,-148.25185176562525,32000.0,90.7,98.0,-1.3,-0.3,1.09,GOOD
1790984863686,1012,2040.0,-170.30862154005118,32000.0,90.7,98.0,-1.3,-0.3,1.09,GOOD
1790984863686,1013,2023.0,-139.59548804452936,32000.0,90.7,98.0,-1.3,-0.3,1.09,GOOD
1790984863686,1014,2016.0,-65.25269782003858,32000.0,90.7,98.0,-1.3,-0.3,1.09,GOOD
1790984863686,1015,1998.0,9.142794924744464,32000.0,90.7,98.0,-1.3,-0.3,1.09,GOOD
1790984863686,1016,2085.0,52.073313085533286,32000.0,90.7,98.0,-1.3,-0.3,1.09,GOOD
1790984863686,1017,2081.0,68.3521772162641,32000.0,90.7,98.0,-1.3,-0.3,1.09,GOOD
1790984863686,1018,2087.0,75.77810099562186,32000.0,90.7,98.0,-1.3,-0.3,1.09,GOOD
1790984863686,1019,2070.0,82.54605278070207,32000.0,90.7,98.0,-1.3,-0.3,1.09,GOOD
1790984863686,1020,1980.0,84.92213214975907,32000.0,90.7,98.0,-1.3,-0.3,1.09,GOOD
1790984863686,1021,2096.0,77.30910952048097,32000.0,90.7,98.0,-1.3,-0.3,1.09,GOOD
1790984863686,1022,2029.0,64.9697221776556,32000.0,90.7,98.0,-1.3,-0.3,1.09,GOOD
1790984863686,1023,1936.0,50.75952768887944,32000.0,90.7,98.0,-1.3,-0.3,1.09,GOOD
1790984863686,1024,1932.0,25.80585834962938,32000.0,90.7,98.0,-1.3,-0.3,1.09,GOOD
1790984863686,1025,1922.0,-8.47329875187697,32000.0,90.7,98.0,-1.3,-0.3,1.09,GOOD
1790984863688,1026,1922.0,-38.986619422892666,32000.0,90.7,98.0,-1.3,-0.3,1.09,GOOD
1790984863688,1027,1934.0,-59.22275091366386,32000.0,90.7,98.0,-1.3,-0.3,1.09,GOOD
1790984863688,1028,1950.0,-68.4612186001972,32000.0,90.7,98.0,-1.3,-0.3,1.09,GOOD
1790984863688,1029,1943.0,-65.12129878964649,32000.0,90.7,98.0,-1.3,-0.3,1.09,GOOD
1790984863688,1030,1952.0,-50.56382206062953,32000.0,90.7,98.0,-1.3,-0.3,1.09,GOOD
1790984863688,1031,1980.0,-31.71150814101319,32000.0,90.7,98.0,-1.3,-0.3,1.09,GOOD
1790984863688,1032,1947.0,-17.631153508718675,32000.0,90.7,98.0,-1.3,-0.3,1.09,GOOD
1790984863688,1033,1947.0,-14.959610128491805,32000.0,90.7,98.0,-1.3,-0.3,1.09,GOOD
1790984863688,1034,1933.0,-21.78236729664367,32000.0,90.7,98.0,-1.3,-0.3,1.09,GOOD
1790984863688,1035,2008.0,-26.57932880790922,32000.0,90.7,98.0,-1.3,-0.3,1.09,GOOD
1790984863688,1036,2028.0,-17.64122045344248,32000.0,90.7,98.0,-1.3,-0.3,1.09,GOOD
1790984863688,1037,2022.0,4.271525842194588,32000.0,90.7,98.0,-1.3,-0.3,1.09,GOOD
1790984863688,1038,1991.0,25.940838360548984,32000.0,90.7,98.0,-1.3,-0.3,1.09,GOOD
1790984863688,1039,1993.0,36.90864505941415,32000.0,90.7,98.0,-1.3,-0.3,1.09,GOOD
1790984863688,1040,1951.0,36.11595316661792,32000.0,90.7,98.0,-1.3,-0.3,1.09,GOOD
1790984863688,1041,1897.0,21.93782290054864,32000.0,90.7,98.0,-1.3,-0.3,1.09,GOOD
1790984863688,1042,2454.0,13.171030694657242,32000.0,90.7,98.0,-1.3,-0.3,1.09,GOOD
1790984863688,1043,2496.0,68.87470111683405,32000.0,90.7,98.0,-1.3,-0.3,1.09,GOOD
1790984863688,1044,2536.0,214.65850555646324,32000.0,90.7,98.0,-1.3,-0.3,1.09,GOOD
1790984863688,1045,2576.0,395.26037402385725,32000.0,90.7,98.0,-1.3,-0.3,1.09,GOOD
1790984863688,1046,3162.0,563.9070084691124,32000.0,90.7,98.0,-1.3,-0.3,1.09,GOOD
1790984863688,1047,3122.0,734.9151796911274,32000.0,90.7,98.0,-1.3,-0.3,1.09,GOOD
1790984863688,1048,3117.0,905.3621492118159,32000.0,90.7,98.0,-1.3,-0.3,1.09,GOOD
1790984863688,1049,1815.0,978.2196581527846,32000.0,90.7,98.0,-1.3,-0.3,1.09,GOOD
1790984863688,1050,1820.0,820.6253286421257,32000.0,90.7,98.0,-1.3,-0.3,1.09,GOOD
1790984863980,1051,1734.0,440.94396873734223,-620.0,90.7,98.0,-1.3,-0.3,1.08,GOOD
1790984863980,1052,1665.0,6.062667850259281,-618.0,90.7,98.0,-1.3,-0.3,1.08,GOOD
1790984863980,1053,2020.0,-320.46102430310634,-616.0,90.7,98.0,-1.3,-0.3,1.08,GOOD
1790984863980,1054,2072.0,-438.1437912368839,-614.0,90.7,98.0,-1.3,-0.3,1.08,GOOD
1790984863980,1055,2112.0,-330.65088240875406,-612.0,90.7,98.0,-1.3,-0.3,1.08,GOOD
1790984863980,1056,2053.0,-103.76173282579416,-609.0,90.7,98.0,-1.3,-0.3,1.08,GOOD
1790984863980,1057,1928.0,75.26354753784628,-608.0,90.7,98.0,-1.3,-0.3,1.08,GOOD
1790984863980,1058,1956.0,101.07360308409534,-605.0,90.7,98.0,-1.3,-0.3,1.08,GOOD
1790984863980,1059,2017.0,8.894678775221035,-602.0,90.7,98.0,-1.3,-0.3,1.08,GOOD
1790984863980,1060,2051.0,-78.02235188729594,-599.0,90.7,98.0,-1.3,-0.3,1.08,GOOD
1790984863980,1061,1923.0,-87.72795168080742,-601.0,90.7,98.0,-1.3,-0.3,1.08,GOOD
1790984863980,1062,1893.0,-59.64947756979191,-600.0,90.7,98.0,-1.3,-0.3,1.08,GOOD
1790984863980,1063,1898.0,-64.19231528235773,-600.0,90.7,98.0,-1.3,-0.3,1.08,GOOD
1790984863980,1064,2045.0,-103.54102679343994,-598.0,90.7,98.0,-1.3,-0.3,1.08,GOOD
1790984863980,1065,2048.0,-119.33604006309949,-598.0,90.7,98.0,-1.3,-0.3,1.08,GOOD
1790984863980,1066,2004.0,-80.6302228339492,-600.0,90.7,98.0,-1.3,-0.3,1.08,GOOD
1790984863980,1067,1869.0,-28.726604337092276,-598.0,90.7,98.0,-1.3,-0.3,1.08,GOOD
1790984863980,1068,2025.0,-18.67482369373039,-595.0,90.7,98.0,-1.3,-0.3,1.08,GOOD
1790984863980,1069,2070.0,-43.04669900639193,-595.0,90.7,98.0,-1.3,-0.3,1.08,GOOD
1790984863980,1070,2094.0,-51.170534787489984,-597.0,90.7,98.0,-1.3,-0.3,1.08,GOOD
1790984863980,1071,2157.0,-17.395311103300827,-594.0,90.7,98.0,-1.3,-0.3,1.08,GOOD
1790984863980,1072,2107.0,41.33126315831796,-596.0,90.7,98.0,-1.3,-0.3,1.08,GOOD
1790984863980,1073,2115.0,88.76083267680394,-596.0,90.7,98.0,-1.3,-0.3,1.08,GOOD
1790984863980,1074,2156.0,104.30105974816615,-596.0,90.7,98.0,-1.3,-0.3,1.08,GOOD
1790984863980,1075,2163.0,100.55485648875762,-599.0,90.7,98.0,-1.3,-0.3,1.08,GOOD
1790984863981,1076,2144.0,99.00387814936462,32000.0,90.7,98.0,-1.3,-0.3,1.08,GOOD
1790984863981,1077,2099.0,102.3709404194658,32000.0,90.7,98.0,-1.3,-0.3,1.08,GOOD
1790984863981,1078,2109.0,99.24028901670113,32000.0,90.7,98.0,-1.3,-0.3,1.08,GOOD
1790984863981,1079,2132.0,85.58002986303012,32000.0,90.7,98.0,-1.3,-0.3,1.08,GOOD
1790984863981,1080,2141.0,71.2202775866702,32000.0,90.7,98.0,-1.3,-0.3,1.08,GOOD
1790984863981,1081,2185.0,68.64806613012588,32000.0,90.7,98.0,-1.3,-0.3,1.08,GOOD
1790984863981,1082,2077.0,78.88803380239449,32000.0,90.7,98.0,-1.3,-0.3,1.08,GOOD
1790984863981,1083,2101.0,86.82122023292162,32000.0,90.7,98.0,-1.3,-0.3,1.08,GOOD
1790984863981,1084,2136.0,80.96565288492069,32000.0,90.7,98.0,-1.3,-0.3,1.08,GOOD
1790984863981,1085,2152.0,69.050464817235,32000.0,90.7,98.0,-1.3,-0.3,1.08,GOOD
1790984863981,1086,2399.0,73.3957860884299,32000.0,90.7,98.0,-1.3,-0.3,1.08,GOOD
1790984863981,1087,2367.0,118.93119004671917,32000.0,90.7,98.0,-1.3,-0.3,1.08,GOOD
1790984863981,1088,2363.0,200.70244024873358,32000.0,90.7,98.0,-1.3,-0.3,1.08,GOOD
1790984863981,1089,2418.0,280.5728230636671,32000.0,90.7,98.0,-1.3,-0.3,1.08,GOOD
1790984863981,1090,2452.0,331.57824105275233,32000.0,90.7,98.0,-1.3,-0.3,1.08,GOOD
1790984863981,1091,2402.0,351.53453982591316,32000.0,90.7,98.0,-1.3,-0.3,1.08,GOOD
1790984863981,1092,2393.0,346.2599408231288,32000.0,90.7,98.0,-1.3,-0.3,1.08,GOOD
1790984863981,1093,2392.0,327.19111485865506,32000.0,90.7,98.0,-1.3,-0.3,1.08,GOOD
1790984863981,1094,2431.0,310.0530903998889,32000.0,90.7,98.0,-1.3,-0.3,1.08,GOOD
1790984863981,1095,2454.0,303.8880395628588,32000.0,90.7,98.0,-1.3,-0.3,1.08,GOOD
1790984863981,1096,2413.0,305.23195935383694,32000.0,90.7,98.0,-1.3,-0.3,1.08,GOOD
1790984863981,1097,2301.0,300.7656977176805,32000.0,90.7,98.0,-1.3,-0.3,1.08,GOOD
1790984863981,1098,2313.0,279.03953205381464,32000.0,90.7,98.0,-1.3,-0.3,1.08,GOOD
1790984863981,1099,2302.0,243.27638865611462,32000.0,90.7,98.0,-1.3,-0.3,1.08,GOOD
1790984863981,1100,2162.0,198.7988810908503,32000.0,90.7,98.0,-1.3,-0.3,1.08,GOOD
1790984864253,1101,2080.0,137.19708111707155,-600.0,90.7,98.0,-1.3,-0.3,1.09,GOOD
1790984864253,1102,2034.0,56.704935442278135,-600.0,90.7,98.0,-1.3,-0.3,1.09,GOOD
1790984864253,1103,2021.0,-22.175979353515945,-602.0,90.7,98.0,-1.3,-0.3,1.09,GOOD
1790984864253,1104,2008.0,-79.52488039998943,-600.0,90.7,98.0,-1.3,-0.3,1.09,GOOD
1790984864253,1105,2026.0,-114.19324778357038,-600.0,90.7,98.0,-1.3,-0.3,1.09,GOOD
1790984864253,1106,1987.0,-133.813151649217,-598.0,90.7,98.0,-1.3,-0.3,1.09,GOOD
1790984864253,1107,1968.0,-143.0651768002092,-599.0,90.7,98.0,-1.3,-0.3,1.09,GOOD
1790984864253,1108,1998.0,-143.01705583786298,-596.0,90.7,98.0,-1.3,-0.3,1.09,GOOD
1790984864253,1109,2023.0,-135.1609197626457,-592.0,90.7,98.0,-1.3,-0.3,1.09,GOOD
1790984864253,1110,2024.0,-125.71665429574728,-586.0,90.7,98.0,-1.3,-0.3,1.09,GOOD
1790984864253,1111,2011.0,-121.1642625388254,-582.0,90.7,98.0,-1.3,-0.3,1.09,GOOD
1790984864253,1112,1854.0,-125.2737006367848,-578.0,90.7,98.0,-1.3,-0.3,1.09,GOOD
1790984864253,1113,1852.0,-144.69277332417067,-573.0,90.7,98.0,-1.3,-0.3,1.09,GOOD
1790984864253,1114,1871.0,-181.06587875039824,-568.0,90.7,98.0,-1.3,-0.3,1.09,GOOD
1790984864253,1115,1882.0,-223.02122880114592,-562.0,90.7,98.0,-1.3,-0.3,1.09,GOOD
1790984864253,1116,1901.0,-254.4541527324419,-559.0,90.7,98.0,-1.3,-0.3,1.09,GOOD
1790984864253,1117,1886.0,-261.6932023991875,-553.0,90.7,98.0,-1.3,-0.3,1.09,GOOD
1790984864253,1118,1892.0,-241.97918636844832,-548.0,90.7,98.0,-1.3,-0.3,1.09,GOOD
1790984864253,1119,1866.0,-211.88296149570454,-546.0,90.7,98.0,-1.3,-0.3,1.09,GOOD
1790984864253,1120,1890.0,-196.30852796689027,-542.0,90.7,98.0,-1.3,-0.3,1.09,GOOD
1790984864253,1121,1894.0,-202.90264230818678,-541.0,90.7,98.0,-1.3,-0.3,1.09,GOOD
1790984864253,1122,1911.0,-214.01178078176275,-537.0,90.7,98.0,-1.3,-0.3,1.09,GOOD
1790984864253,1123,1769.0,-214.2934812204639,-533.0,90.7,98.0,-1.3,-0.3,1.09,GOOD
1790984864253,1124,1759.0,-216.6096936531792,-527.0,90.7,98.0,-1.3,-0.3,1.09,GOOD
1790984864253,1125,1812.0,-239.00957006862885,-523.0,90.7,98.0,-1.3,-0.3,1.09,GOOD
1790984864254,1126,1825.0,-271.90400016329,32000.0,90.7,98.0,-1.3,-0.3,1.09,GOOD
1790984864254,1127,1832.0,-290.09416161982307,32000.0,90.7,98.0,-1.3,-0.3,1.09,GOOD
1790984864254,1128,2029.0,-272.34182918700094,32000.0,90.7,98.0,-1.3,-0.3,1.09,GOOD
1790984864254,1129,2030.0,-208.9574283576721,32000.0,90.7,98.0,-1.3,-0.3,1.09,GOOD
1790984864254,1130,2022.0,-121.31702676384883,32000.0,90.7,98.0,-1.3,-0.3,1.09,GOOD
1790984864254,1131,2014.0,-52.633901767101705,32000.0,90.7,98.0,-1.3,-0.3,1.09,GOOD
1790984864254,1132,2011.0,-23.59375264432914,32000.0,90.7,98.0,-1.3,-0.3,1.09,GOOD
1790984864254,1133,1998.0,-22.531031326193492,32000.0,90.7,98.0,-1.3,-0.3,1.09,GOOD
1790984864254,1134,1986.0,-32.9230166148777,32000.0,90.7,98.0,-1.3,-0.3,1.09,GOOD
1790984864254,1135,1939.0,-50.46392565045796,32000.0,90.7,98.0,-1.3,-0.3,1.09,GOOD
1790984864254,1136,1957.0,-75.20595945751778,32000.0,90.7,98.0,-1.3,-0.3,1.09,GOOD
1790984864254,1137,1968.0,-97.44441352105466,32000.0,90.7,98.0,-1.3,-0.3,1.09,GOOD
1790984864254,1138,1962.0,-104.17211371064971,32000.0,90.7,98.0,-1.3,-0.3,1.09,GOOD
1790984864254,1139,1937.0,-97.4222732587863,32000.0,90.7,98.0,-1.3,-0.3,1.09,GOOD
1790984864254,1140,1929.0,-92.38308541484338,32000.0,90.7,98.0,-1.3,-0.3,1.09,GOOD
1790984864254,1141,1955.0,-96.96387252782327,32000.0,90.7,98.0,-1.3,-0.3,1.09,GOOD
1790984864254,1142,2023.0,-100.6768002683537,32000.0,90.7,98.0,-1.3,-0.3,1.09,GOOD
1790984864254,1143,2019.0,-88.0442784983326,32000.0,90.7,98.0,-1.3,-0.3,1.09,GOOD
1790984864254,1144,2004.0,-60.695962666149576,32000.0,90.7,98.0,-1.3,-0.3,1.09,GOOD
1790984864254,1145,1883.0,-40.48114451754402,32000.0,90.7,98.0,-1.3,-0.3,1.09,GOOD
1790984864254,1146,1901.0,-48.66917682667817,32000.0,90.7,98.0,-1.3,-0.3,1.09,GOOD
1790984864254,1147,1893.0,-82.44084956620935,32000.0,90.7,98.0,-1.3,-0.3,1.09,GOOD
1790984864254,1148,1816.0,-123.25387869177783,32000.0,90.7,98.0,-1.3,-0.3,1.09,GOOD
1790984864254,1149,2001.0,-154.23911837005068,32000.0,90.7,98.0,-1.3,-0.3,1.09,GOOD
1790984864254,1150,2019.0,-154.29088672633475,32000.0,90.7,98.0,-1.3,-0.3,1.09,GOOD
1790984864255,1151,2056.0,-112.36329754667119,32000.0,90.7,98.0,-1.3,-0.3,1.09,GOOD
1790984864255,1152,2037.0,-48.07152303839404,32000.0,90.7,98.0,-1.3,-0.3,1.09,GOOD
1790984864255,1153,1979.0,4.241329362709313,32000.0,90.7,98.0,-1.3,-0.3,1.09,GOOD
1790984864255,1154,1969.0,20.5281514797681,32000.0,90.7,98.0,-1.3,-0.3,1.09,GOOD
1790984864255,1155,1962.0,1.1150555159149396,32000.0,90.7,98.0,-1.3,-0.3,1.09,GOOD
1790984864255,1156,2018.0,-31.31382011514814,32000.0,90.7,98.0,-1.3,-0.3,1.09,GOOD
1790984864255,1157,2024.0,-49.993203880777905,32000.0,90.7,98.0,-1.3,-0.3,1.09,GOOD
1790984864255,1158,2006.0,-44.76344327193455,32000.0,90.7,98.0,-1.3,-0.3,1.09,GOOD
1790984864255,1159,1991.0,-26.946815091567043,32000.0,90.7,98.0,-1.3,-0.3,1.09,GOOD
1790984864255,1160,2065.0,-10.586560434340418,32000.0,90.7,98.0,-1.3,-0.3,1.09,GOOD
1790984864255,1161,2048.0,2.5863187635337104,32000.0,90.7,98.0,-1.3,-0.3,1.09,GOOD
1790984864255,1162,1958.0,10.534368010064963,32000.0,90.7,98.0,-1.3,-0.3,1.09,GOOD
1790984864255,1163,1991.0,4.607281059129332,32000.0,90.7,98.0,-1.3,-0.3,1.09,GOOD
1790984864255,1164,2038.0,-10.306530595209608,32000.0,90.7,98.0,-1.3,-0.3,1.09,GOOD
1790984864255,1165,2017.0,-17.485456946653095,32000.0,90.7,98.0,-1.3,-0.3,1.09,GOOD
1790984864255,1166,2034.0,-13.112195076570812,32000.0,90.7,98.0,-1.3,-0.3,1.09,GOOD
1790984864255,1167,2041.0,-4.2636451159943185,32000.0,90.7,98.0,-1.3,-0.3,1.09,GOOD
1790984864255,1168,1938.0,2.062507111968919,32000.0,90.7,98.0,-1.3,-0.3,1.09,GOOD
1790984864255,1169,1911.0,-4.944164282102569,32000.0,90.7,98.0,-1.3,-0.3,1.09,GOOD
1790984864255,1170,1919.0,-31.474444252320954,32000.0,90.7,98.0,-1.3,-0.3,1.09,GOOD
1790984864255,1171,1927.0,-67.43911120519721,32000.0,90.7,98.0,-1.3,-0.3,1.09,GOOD
1790984864255,1172,1943.0,-95.50372194645696,32000.0,90.7,98.0,-1.3,-0.3,1.09,GOOD
1790984864255,1173,1948.0,-103.88672491388462,32000.0,90.7,98.0,-1.3,-0.3,1.09,GOOD
1790984864255,1174,1953.0,-91.69376248386612,32000.0,90.7,98.0,-1.3,-0.3,1.09,GOOD
1790984864255,1175,1968.0,-68.74693946901597,32000.0,90.7,98.0,-1.3,-0.3,1.09,GOOD
1790984864331,1176,1968.0,-48.52789061136648,32000.0,90.4,98.0,-1.3,-0.4,1.09,GOOD
1790984864331,1177,1939.0,-40.17682926782577,32000.0,90.4,98.0,-1.3,-0.4,1.09,GOOD
1790984864331,1178,1923.0,-44.851691112716566,32000.0,90.4,98.0,-1.3,-0.4,1.09,GOOD
1790984864331,1179,1938.0,-55.617813192560604,32000.0,90.4,98.0,-1.3,-0.4,1.09,GOOD
1790984864331,1180,1982.0,-61.705166913311736,32000.0,90.4,98.0,-1.3,-0.4,1.09,GOOD
1790984864331,1181,1987.0,-56.826037537668604,32000.0,90.4,98.0,-1.3,-0.4,1.09,GOOD
1790984864331,1182,2001.0,-43.23174941090284,32000.0,90.4,98.0,-1.3,-0.4,1.09,GOOD
1790984864331,1183,2256.0,-15.832895302290135,32000.0,90.4,98.0,-1.3,-0.4,1.09,GOOD
1790984864331,1184,2339.0,48.01346253990928,32000.0,90.4,98.0,-1.3,-0.4,1.09,GOOD
1790984864331,1185,2362.0,153.32363031223628,32000.0,90.4,98.0,-1.3,-0.4,1.09,GOOD
1790984864331,1186,2393.0,265.9632663100945,32000.0,90.4,98.0,-1.3,-0.4,1.09,GOOD
1790984864331,1187,2957.0,370.9451313068247,32000.0,90.4,98.0,-1.3,-0.4,1.09,GOOD
1790984864331,1188,2959.0,505.8831110600757,32000.0,90.4,98.0,-1.3,-0.4,1.09,GOOD
1790984864331,1189,2977.0,680.5475349645761,32000.0,90.4,98.0,-1.3,-0.4,1.09,GOOD
1790984864331,1190,2979.0,839.5078959061075,32000.0,90.4,98.0,-1.3,-0.4,1.09,GOOD
1790984864331,1191,1763.0,886.8810458875816,32000.0,90.4,98.0,-1.3,-0.4,1.09,GOOD
1790984864331,1192,1766.0,711.0925156717977,32000.0,90.4,98.0,-1.3,-0.4,1.09,GOOD
1790984864331,1193,1719.0,322.99258629521205,32000.0,90.4,98.0,-1.3,-0.4,1.09,GOOD
1790984864331,1194,1687.0,-102.74761700768875,32000.0,90.4,98.0,-1.3,-0.4,1.09,GOOD
1790984864331,1195,2036.0,-389.4440638370196,32000.0,90.4,98.0,-1.3,-0.4,1.09,GOOD
1790984864331,1196,1990.0,-453.1833073201742,32000.0,90.4,98.0,-1.3,-0.4,1.09,GOOD
1790984864331,1197,2055.0,-323.4720499122412,32000.0,90.4,98.0,-1.3,-0.4,1.09,GOOD
1790984864331,1198,1870.0,-130.65159580580587,32000.0,90.4,98.0,-1.3,-0.4,1.09,GOOD
1790984864331,1199,1827.0,-17.560465817769284,32000.0,90.4,98.0,-1.3,-0.4,1.09,GOOD
1790984864331,1200,1838.0,-39.8593545997188,32000.0,90.4,98.0,-1.3,-0.4,1.09,GOOD
1790984864617,1201,1871.0,-138.787524286417,32000.0,90.4,98.0,-1.4,-0.4,1.09,GOOD
1790984864617,1202,2025.0,-210.36370259368607,32000.0,90.4,98.0,-1.4,-0.4,1.09,GOOD
1790984864617,1203,1991.0,-198.16077904654173,32000.0,90.4,98.0,-1.4,-0.4,1.09,GOOD
1790984864617,1204,1966.0,-130.6092358822823,32000.0,90.4,98.0,-1.4,-0.4,1.09,GOOD
1790984864617,1205,1971.0,-73.15456018005591,32000.0,90.4,98.0,-1.4,-0.4,1.09,GOOD
1790984864617,1206,1927.0,-55.471009765386235,32000.0,90.4,98.0,-1.4,-0.4,1.09,GOOD
1790984864617,1207,1935.0,-64.33548737270479,32000.0,90.4,98.0,-1.4,-0.4,1.09,GOOD
1790984864617,1208,1910.0,-80.57772739328327,32000.0,90.4,98.0,-1.4,-0.4,1.09,GOOD
1790984864617,1209,1900.0,-99.6112736253382,32000.0,90.4,98.0,-1.4,-0.4,1.09,GOOD
1790984864617,1210,2051.0,-116.74093844720159,32000.0,90.4,98.0,-1.4,-0.4,1.09,GOOD
1790984864617,1211,2096.0,-108.80237171411065,32000.0,90.4,98.0,-1.4,-0.4,1.09,GOOD
1790984864617,1212,2091.0,-59.86584769472262,32000.0,90.4,98.0,-1.4,-0.4,1.09,GOOD
1790984864617,1213,2061.0,8.127901310257275,32000.0,90.4,98.0,-1.4,-0.4,1.09,GOOD
1790984864617,1214,2003.0,53.45835266071653,32000.0,90.4,98.0,-1.4,-0.4,1.09,GOOD
1790984864617,1215,2013.0,52.95878794648549,32000.0,90.4,98.0,-1.4,-0.4,1.09,GOOD
1790984864617,1216,2045.0,20.45458997322446,32000.0,90.4,98.0,-1.4,-0.4,1.09,GOOD
1790984864617,1217,2038.0,-10.236379635418801,32000.0,90.4,98.0,-1.4,-0.4,1.09,GOOD
1790984864617,1218,2009.0,-20.533777524570645,32000.0,90.4,98.0,-1.4,-0.4,1.09,GOOD
1790984864617,1219,1991.0,-18.215121369572312,32000.0,90.4,98.0,-1.4,-0.4,1.09,GOOD
1790984864617,1220,2004.0,-17.993876804226268,32000.0,90.4,98.0,-1.4,-0.4,1.09,GOOD
1790984864617,1221,2151.0,-18.046652179379812,32000.0,90.4,98.0,-1.4,-0.4,1.09,GOOD
1790984864617,1222,2156.0,-0.4089174563945823,32000.0,90.4,98.0,-1.4,-0.4,1.09,GOOD
1790984864617,1223,2133.0,39.820315912965,32000.0,90.4,98.0,-1.4,-0.4,1.09,GOOD
1790984864617,1224,2101.0,82.12868996130366,32000.0,90.4,98.0,-1.4,-0.4,1.09,GOOD
1790984864617,1225,2206.0,108.52060116768155,32000.0,90.4,98.0,-1.4,-0.4,1.09,GOOD
1790984864619,1226,2241.0,124.33937672548598,32000.0,90.4,98.0,-1.4,-0.4,1.09,GOOD
1790984864619,1227,2256.0,142.1158775783702,32000.0,90.4,98.0,-1.4,-0.4,1.09,GOOD
1790984864619,1228,2314.0,166.3146882122445,32000.0,90.4,98.0,-1.4,-0.4,1.09,GOOD
1790984864619,1229,2231.0,195.57287659226375,32000.0,90.4,98.0,-1.4,-0.4,1.09,GOOD
1790984864619,1230,2235.0,218.97612506038752,32000.0,90.4,98.0,-1.4,-0.4,1.09,GOOD
1790984864619,1231,2324.0,225.55190540492168,32000.0,90.4,98.0,-1.4,-0.4,1.09,GOOD
1790984864619,1232,2301.0,220.9177814165552,32000.0,90.4,98.0,-1.4,-0.4,1.09,GOOD
1790984864619,1233,2286.0,215.639711841497,32000.0,90.4,98.0,-1.4,-0.4,1.09,GOOD
1790984864619,1234,2271.0,213.5442654818217,32000.0,90.4,98.0,-1.4,-0.4,1.09,GOOD
1790984864619,1235,2340.0,217.64781357777971,32000.0,90.4,98.0,-1.4,-0.4,1.09,GOOD
1790984864619,1236,2383.0,230.77981649828493,32000.0,90.4,98.0,-1.4,-0.4,1.09,GOOD
1790984864619,1237,2391.0,249.4268354530408,32000.0,90.4,98.0,-1.4,-0.4,1.09,GOOD
1790984864619,1238,2380.0,266.1101745746475,32000.0,90.4,98.0,-1.4,-0.4,1.09,GOOD
1790984864619,1239,2183.0,271.2131989643634,32000.0,90.4,98.0,-1.4,-0.4,1.09,GOOD
1790984864619,1240,2173.0,249.2422902303102,32000.0,90.4,98.0,-1.4,-0.4,1.09,GOOD
1790984864619,1241,2143.0,193.21624980118983,32000.0,90.4,98.0,-1.4,-0.4,1.09,GOOD
1790984864619,1242,2147.0,117.48668711660933,32000.0,90.4,98.0,-1.4,-0.4,1.09,GOOD
1790984864619,1243,2124.0,47.218158879184685,32000.0,90.4,98.0,-1.4,-0.4,1.09,GOOD
1790984864619,1244,2182.0,7.5288037257107305,32000.0,90.4,98.0,-1.4,-0.4,1.09,GOOD
1790984864619,1245,2164.0,10.999605042850078,32000.0,90.4,98.0,-1.4,-0.4,1.09,GOOD
1790984864619,1246,2162.0,41.34092128266747,32000.0,90.4,98.0,-1.4,-0.4,1.09,GOOD
1790984864619,1247,1970.0,56.919521093660386,32000.0,90.4,98.0,-1.4,-0.4,1.09,GOOD
1790984864619,1248,1947.0,23.118262553042957,32000.0,90.4,98.0,-1.4,-0.4,1.09,GOOD
1790984864619,1249,1950.0,-50.49944237343195,32000.0,90.4,98.0,-1.4,-0.4,1.09,GOOD
1790984864619,1250,1931.0,-121.16289254750149,32000.0,90.4,98.0,-1.4,-0.4,1.09,GOOD
1790984864831,1251,1926.0,-163.5586674849572,32000.0,90.4,98.0,-1.4,-0.2,1.09,GOOD
1790984864831,1252,1929.0,-183.10901834141572,32000.0,90.4,98.0,-1.4,-0.2,1.09,GOOD
1790984864831,1253,1929.0,-189.51042933411884,32000.0,90.4,98.0,-1.4,-0.2,1.09,GOOD
1790984864831,1254,1915.0,-184.70159220636276,32000.0,90.4,98.0,-1.4,-0.2,1.09,GOOD
1790984864831,1255,1880.0,-173.74145573005933,32000.0,90.4,98.0,-1.4,-0.2,1.09,GOOD
1790984864831,1256,1899.0,-169.38664912101257,32000.0,90.4,98.0,-1.4,-0.2,1.09,GOOD
1790984864831,1257,1889.0,-178.61553974469672,32000.0,90.4,98.0,-1.4,-0.2,1.09,GOOD
1790984864831,1258,1875.0,-194.66740815733567,32000.0,90.4,98.0,-1.4,-0.2,1.09,GOOD
1790984864831,1259,1884.0,-205.11469871997218,32000.0,90.4,98.0,-1.4,-0.2,1.09,GOOD
1790984864831,1260,1887.0,-203.01198312903895,32000.0,90.4,98.0,-1.4,-0.2,1.09,GOOD
1790984864831,1261,1898.0,-192.6821795928655,32000.0,90.4,98.0,-1.4,-0.2,1.09,GOOD
1790984864831,1262,1912.0,-183.36788754496132,32000.0,90.4,98.0,-1.4,-0.2,1.09,GOOD
1790984864831,1263,1938.0,-176.18798308332933,32000.0,90.4,98.0,-1.4,-0.2,1.09,GOOD
1790984864831,1264,1927.0,-164.18176265472738,32000.0,90.4,98.0,-1.4,-0.2,1.09,GOOD
1790984864831,1265,1914.0,-146.35377865929496,32000.0,90.4,98.0,-1.4,-0.2,1.09,GOOD
1790984864831,1266,1917.0,-132.33659527358316,32000.0,90.4,98.0,-1.4,-0.2,1.09,GOOD
1790984864831,1267,1802.0,-134.76180959577266,32000.0,90.4,98.0,-1.4,-0.2,1.09,GOOD
1790984864831,1268,1764.0,-162.2740587999735,32000.0,90.4,98.0,-1.4,-0.2,1.09,GOOD
1790984864831,1269,1796.0,-207.43072262211277,32000.0,90.4,98.0,-1.4,-0.2,1.09,GOOD
1790984864831,1270,1815.0,-245.6710195915098,32000.0,90.4,98.0,-1.4,-0.2,1.09,GOOD
1790984864831,1271,1817.0,-259.83196981002476,32000.0,90.4,98.0,-1.4,-0.2,1.09,GOOD
1790984864831,1272,1802.0,-254.13673491599928,32000.0,90.4,98.0,-1.4,-0.2,1.09,GOOD
1790984864831,1273,1810.0,-240.68541912020407,32000.0,90.4,98.0,-1.4,-0.2,1.09,GOOD
1790984864831,1274,1934.0,-221.11246768468504,32000.0,90.4,98.0,-1.4,-0.2,1.09,GOOD
1790984864831,1275,1918.0,-188.4267926849929,32000.0,90.4,98.0,-1.4,-0.2,1.09,GOOD
1790984864832,1276,1942.0,-146.94972181314824,32000.0,90.4,98.0,-1.4,-0.2,1.09,GOOD
1790984864832,1277,1950.0,-110.75961881586169,32000.0,90.4,98.0,-1.4,-0.2,1.09,GOOD
1790984864832,1278,1988.0,-83.45899945497283,32000.0,90.4,98.0,-1.4,-0.2,1.09,GOOD
1790984864832,1279,1956.0,-60.805907823563444,32000.0,90.4,98.0,-1.4,-0.2,1.09,GOOD
1790984864832,1280,1951.0,-46.06486075233407,32000.0,90.4,98.0,-1.4,-0.2,1.09,GOOD
1790984864832,1281,1978.0,-44.56352127968729,32000.0,90.4,98.0,-1.4,-0.2,1.09,GOOD
1790984864832,1282,1974.0,-50.090733908966186,32000.0,90.4,98.0,-1.4,-0.2,1.09,GOOD
1790984864832,1283,1958.0,-52.0395918316393,32000.0,90.4,98.0,-1.4,-0.2,1.09,GOOD
1790984864832,1284,1949.0,-49.16676120220068,32000.0,90.4,98.0,-1.4,-0.2,1.09,GOOD
1790984864832,1285,1922.0,-48.71351527908246,32000.0,90.4,98.0,-1.4,-0.2,1.09,GOOD
1790984864832,1286,2050.0,-52.06222934235353,32000.0,90.4,98.0,-1.4,-0.2,1.09,GOOD
1790984864832,1287,2068.0,-44.978470416071886,32000.0,90.4,98.0,-1.4,-0.2,1.09,GOOD
1790984864832,1288,2065.0,-16.32025740373427,32000.0,90.4,98.0,-1.4,-0.2,1.09,GOOD
1790984864832,1289,1942.0,18.710108000254053,32000.0,90.4,98.0,-1.4,-0.2,1.09,GOOD
1790984864832,1290,1936.0,30.45554270896765,32000.0,90.4,98.0,-1.4,-0.2,1.09,GOOD
1790984864832,1291,1949.0,8.15749552635495,32000.0,90.4,98.0,-1.4,-0.2,1.09,GOOD
1790984864832,1292,1958.0,-30.497157183597604,32000.0,90.4,98.0,-1.4,-0.2,1.09,GOOD
1790984864832,1293,1919.0,-62.94256791382443,32000.0,90.4,98.0,-1.4,-0.2,1.09,GOOD
1790984864832,1294,1884.0,-81.43011428288293,32000.0,90.4,98.0,-1.4,-0.2,1.09,GOOD
1790984864832,1295,1876.0,-90.50081145403321,32000.0,90.4,98.0,-1.4,-0.2,1.09,GOOD
1790984864832,1296,2049.0,-90.46792950994549,32000.0,90.4,98.0,-1.4,-0.2,1.09,GOOD
1790984864832,1297,2039.0,-71.37359155444375,32000.0,90.4,98.0,-1.4,-0.2,1.09,GOOD
1790984864832,1298,2064.0,-32.241968915237734,32000.0,90.4,98.0,-1.4,-0.2,1.09,GOOD
1790984864832,1299,2038.0,12.526771000270049,32000.0,90.4,98.0,-1.4,-0.2,1.09,GOOD
1790984864832,1300,2031.0,48.4810269489018,32000.0,90.4,98.0,-1.4,-0.2,1.09,GOOD
1790984865012,1301,2039.0,66.53082559119852,32000.0,92.4,98.0,-1.4,-0.4,1.08,GOOD
1790984865012,1302,2026.0,62.97776961802467,32000.0,92.4,98.0,-1.4,-0.4,1.08,GOOD
1790984865012,1303,2033.0,43.61222027612268,32000.0,92.4,98.0,-1.4,-0.4,1.08,GOOD
1790984865012,1304,2123.0,27.92881415380843,32000.0,92.4,98.0,-1.4,-0.4,1.08,GOOD
1790984865012,1305,2092.0,37.43708552546459,32000.0,92.4,98.0,-1.4,-0.4,1.08,GOOD
1790984865012,1306,2067.0,67.67484468722147,32000.0,92.4,98.0,-1.4,-0.4,1.08,GOOD
1790984865012,1307,2067.0,90.60637978460034,32000.0,92.4,98.0,-1.4,-0.4,1.08,GOOD
1790984865012,1308,1851.0,81.50169379772231,32000.0,92.4,98.0,-1.4,-0.4,1.08,GOOD
1790984865012,1309,1777.0,27.51714648011221,32000.0,92.4,98.0,-1.4,-0.4,1.08,GOOD
1790984865012,1310,1864.0,-58.405644301999445,32000.0,92.4,98.0,-1.4,-0.4,1.08,GOOD
1790984865012,1311,1884.0,-133.74420034254842,32000.0,92.4,98.0,-1.4,-0.4,1.08,GOOD
1790984865012,1312,1942.0,-165.10506483314475,32000.0,92.4,98.0,-1.4,-0.4,1.08,GOOD
1790984865012,1313,1970.0,-150.05602168876254,32000.0,92.4,98.0,-1.4,-0.4,1.08,GOOD
1790984865012,1314,1957.0,-103.53315542886335,32000.0,92.4,98.0,-1.4,-0.4,1.08,GOOD
1790984865012,1315,1960.0,-48.83149248315021,32000.0,92.4,98.0,-1.4,-0.4,1.08,GOOD
1790984865012,1316,1976.0,-9.931856192431598,32000.0,92.4,98.0,-1.4,-0.4,1.08,GOOD
1790984865012,1317,1954.0,0.8278081772254691,32000.0,92.4,98.0,-1.4,-0.4,1.08,GOOD
1790984865012,1318,1974.0,-10.939319979087031,32000.0,92.4,98.0,-1.4,-0.4,1.08,GOOD
1790984865012,1319,2102.0,-20.2755980296885,32000.0,92.4,98.0,-1.4,-0.4,1.08,GOOD
1790984865012,1320,2091.0,0.30556423454496606,32000.0,92.4,98.0,-1.4,-0.4,1.08,GOOD
1790984865012,1321,2082.0,47.421034762823346,32000.0,92.4,98.0,-1.4,-0.4,1.08,GOOD
1790984865012,1322,2093.0,90.20040369031396,32000.0,92.4,98.0,-1.4,-0.4,1.08,GOOD
1790984865012,1323,1976.0,105.07969176772065,32000.0,92.4,98.0,-1.4,-0.4,1.08,GOOD
1790984865012,1324,1997.0,88.25661220098272,32000.0,92.4,98.0,-1.4,-0.4,1.08,GOOD
1790984865012,1325,1994.0,53.20280719417294,32000.0,92.4,98.0,-1.4,-0.4,1.08,GOOD
1790984865013,1326,2738.0,49.06793497473092,32000.0,92.4,98.0,-1.4,-0.4,1.08,GOOD
1790984865013,1327,2627.0,146.76598143366505,32000.0,92.4,98.0,-1.4,-0.4,1.08,GOOD
1790984865013,1328,2840.0,349.1671083160948,32000.0,92.4,98.0,-1.4,-0.4,1.08,GOOD
1790984865013,1329,2869.0,581.0211837738211,32000.0,92.4,98.0,-1.4,-0.4,1.08,GOOD
1790984865013,1330,2342.0,750.4905826862852,32000.0,92.4,98.0,-1.4,-0.4,1.08,GOOD
1790984865013,1331,2247.0,765.3502791138774,32000.0,92.4,98.0,-1.4,-0.4,1.08,GOOD
1790984865013,1332,2198.0,603.1846383025684,32000.0,92.4,98.0,-1.4,-0.4,1.08,GOOD
1790984865013,1333,2182.0,358.33781154500525,32000.0,92.4,98.0,-1.4,-0.4,1.08,GOOD
1790984865013,1334,1919.0,144.42893006067627,32000.0,92.4,98.0,-1.4,-0.4,1.08,GOOD
1790984865013,1335,1935.0,4.351598650134163,32000.0,92.4,98.0,-1.4,-0.4,1.08,GOOD
1790984865013,1336,1906.0,-72.27066025025192,32000.0,92.4,98.0,-1.4,-0.4,1.08,GOOD
1790984865013,1337,2001.0,-106.42530602524144,32000.0,92.4,98.0,-1.4,-0.4,1.08,GOOD
1790984865013,1338,2006.0,-115.1428810979637,32000.0,92.4,98.0,-1.4,-0.4,1.08,GOOD
1790984865013,1339,2034.0,-105.2184056019898,32000.0,92.4,98.0,-1.4,-0.4,1.08,GOOD
1790984865013,1340,2026.0,-75.87491858470364,32000.0,92.4,98.0,-1.4,-0.4,1.08,GOOD
1790984865013,1341,1924.0,-37.90427926761555,32000.0,92.4,98.0,-1.4,-0.4,1.08,GOOD
1790984865013,1342,1978.0,-19.790788984913757,32000.0,92.4,98.0,-1.4,-0.4,1.08,GOOD
1790984865013,1343,1987.0,-36.35769832350198,32000.0,92.4,98.0,-1.4,-0.4,1.08,GOOD
1790984865013,1344,1977.0,-69.14139555129584,32000.0,92.4,98.0,-1.4,-0.4,1.08,GOOD
1790984865013,1345,2000.0,-88.08926389000325,32000.0,92.4,98.0,-1.4,-0.4,1.08,GOOD
1790984865013,1346,1986.0,-78.64299926685891,32000.0,92.4,98.0,-1.4,-0.4,1.08,GOOD
1790984865013,1347,1927.0,-56.14805054059566,32000.0,92.4,98.0,-1.4,-0.4,1.08,GOOD
1790984865013,1348,1987.0,-49.68888733616644,32000.0,92.4,98.0,-1.4,-0.4,1.08,GOOD
1790984865013,1349,2023.0,-62.385388287325135,32000.0,92.4,98.0,-1.4,-0.4,1.08,GOOD
1790984865013,1350,2008.0,-69.38267729587724,32000.0,92.4,98.0,-1.4,-0.4,1.08,GOOD
1790984865103,1351,1950.0,-57.71489549688668,32000.0,92.4,98.0,-1.3,-0.4,1.08,GOOD
1790984865103,1352,1978.0,-41.82167906479857,32000.0,92.4,98.0,-1.3,-0.4,1.08,GOOD
1790984865103,1353,1990.0,-38.770053159806054,32000.0,92.4,98.0,-1.3,-0.4,1.08,GOOD
1790984865103,1354,1993.0,-48.51398735354775,32000.0,92.4,98.0,-1.3,-0.4,1.08,GOOD
1790984865103,1355,2126.0,-53.221593459737434,32000.0,92.4,98.0,-1.3,-0.4,1.08,GOOD
1790984865103,1356,2104.0,-30.195447134959473,32000.0,92.4,98.0,-1.3,-0.4,1.08,GOOD
1790984865103,1357,2078.0,17.89529707391634,32000.0,92.4,98.0,-1.3,-0.4,1.08,GOOD
1790984865103,1358,2090.0,59.85456004971756,32000.0,92.4,98.0,-1.3,-0.4,1.08,GOOD
1790984865103,1359,1977.0,69.34557283394966,32000.0,92.4,98.0,-1.3,-0.4,1.08,GOOD
1790984865103,1360,2014.0,43.61320153253768,32000.0,92.4,98.0,-1.3,-0.4,1.08,GOOD
1790984865103,1361,2005.0,2.9708048824059166,32000.0,92.4,98.0,-1.3,-0.4,1.08,GOOD
1790984865103,1362,2118.0,-22.601302057754033,32000.0,92.4,98.0,-1.3,-0.4,1.08,GOOD
1790984865103,1363,2181.0,-13.265120417222162,32000.0,92.4,98.0,-1.3,-0.4,1.08,GOOD
1790984865103,1364,2200.0,30.410116456333498,32000.0,92.4,98.0,-1.3,-0.4,1.08,GOOD
1790984865103,1365,2207.0,89.66936294807508,32000.0,92.4,98.0,-1.3,-0.4,1.08,GOOD
1790984865103,1366,2254.0,144.3402239628816,32000.0,92.4,98.0,-1.3,-0.4,1.08,GOOD
1790984865103,1367,2251.0,184.78379767762124,32000.0,92.4,98.0,-1.3,-0.4,1.08,GOOD
1790984865103,1368,2258.0,206.73134924098278,32000.0,92.4,98.0,-1.3,-0.4,1.08,GOOD
1790984865103,1369,2276.0,210.493690411283,32000.0,92.4,98.0,-1.3,-0.4,1.08,GOOD
1790984865103,1370,2284.0,206.32776623081702,32000.0,92.4,98.0,-1.3,-0.4,1.08,GOOD
1790984865103,1371,2316.0,208.11386637327553,32000.0,92.4,98.0,-1.3,-0.4,1.08,GOOD
1790984865103,1372,2296.0,220.01807275501497,32000.0,92.4,98.0,-1.3,-0.4,1.08,GOOD
1790984865103,1373,2310.0,233.04638298134387,32000.0,92.4,98.0,-1.3,-0.4,1.08,GOOD
1790984865103,1374,2442.0,242.53695290797097,32000.0,92.4,98.0,-1.3,-0.4,1.08,GOOD
1790984865103,1375,2439.0,260.5693041258841,32000.0,92.4,98.0,-1.3,-0.4,1.08,GOOD
1790984865185,1376,2412.0,293.1435345013691,32000.0,92.4,98.0,-1.3,-0.4,1.08,GOOD
1790984865185,1377,2397.0,324.4639782017301,32000.0,92.4,98.0,-1.3,-0.4,1.08,GOOD
1790984865185,1378,2367.0,335.6276840173839,32000.0,92.4,98.0,-1.3,-0.4,1.08,GOOD
1790984865185,1379,2384.0,321.64626421298414,32000.0,92.4,98.0,-1.3,-0.4,1.08,GOOD
1790984865185,1380,2374.0,292.4623343390612,32000.0,92.4,98.0,-1.3,-0.4,1.08,GOOD
1790984865185,1381,2347.0,263.2984627318481,32000.0,92.4,98.0,-1.3,-0.4,1.08,GOOD
1790984865185,1382,2097.0,233.22306553067438,32000.0,92.4,98.0,-1.3,-0.4,1.08,GOOD
1790984865185,1383,2095.0,180.88646587495555,32000.0,92.4,98.0,-1.3,-0.4,1.08,GOOD
1790984865185,1384,2054.0,98.61289431324805,32000.0,92.4,98.0,-1.3,-0.4,1.08,GOOD
1790984865185,1385,1949.0,4.014651288117571,32000.0,92.4,98.0,-1.3,-0.4,1.08,GOOD
1790984865185,1386,1957.0,-84.40250389167014,32000.0,92.4,98.0,-1.3,-0.4,1.08,GOOD
1790984865185,1387,1953.0,-149.75845953999448,32000.0,92.4,98.0,-1.3,-0.4,1.08,GOOD
1790984865185,1388,1948.0,-178.67104290648803,32000.0,92.4,98.0,-1.3,-0.4,1.08,GOOD
1790984865185,1389,1985.0,-176.62327309997417,32000.0,92.4,98.0,-1.3,-0.4,1.08,GOOD
1790984865185,1390,1949.0,-163.19857710672625,32000.0,92.4,98.0,-1.3,-0.4,1.08,GOOD
1790984865185,1391,1944.0,-155.34786568036446,32000.0,92.4,98.0,-1.3,-0.4,1.08,GOOD
1790984865185,1392,1925.0,-156.80423809405835,32000.0,92.4,98.0,-1.3,-0.4,1.08,GOOD
1790984865185,1393,1993.0,-158.66111790603657,32000.0,92.4,98.0,-1.3,-0.4,1.08,GOOD
1790984865185,1394,1981.0,-152.11339142712407,32000.0,92.4,98.0,-1.3,-0.4,1.08,GOOD
1790984865185,1395,1965.0,-141.0585975143187,32000.0,92.4,98.0,-1.3,-0.4,1.08,GOOD
1790984865185,1396,1885.0,-138.41598355068908,32000.0,92.4,98.0,-1.3,-0.4,1.08,GOOD
1790984865185,1397,1889.0,-150.4320809470207,32000.0,92.4,98.0,-1.3,-0.4,1.08,GOOD
1790984865185,1398,1880.0,-170.5037922498945,32000.0,92.4,98.0,-1.3,-0.4,1.08,GOOD
1790984865185,1399,1764.0,-194.71791152306128,32000.0,92.4,98.0,-1.3,-0.4,1.08,GOOD
1790984865185,1400,1878.0,-226.81038604865816,32000.0,92.4,98.0,-1.3,-0.4,1.08,GOOD
1790984865376,1401,1915.0,-253.2507485804122,32000.0,92.4,98.0,-1.2,-0.3,1.08,GOOD
1790984865376,1402,1905.0,-249.4317879988563,32000.0,92.4,98.0,-1.2,-0.3,1.08,GOOD
1790984865376,1403,1897.0,-216.55912045436727,32000.0,92.4,98.0,-1.2,-0.3,1.08,GOOD
1790984865376,1404,1833.0,-182.48473221235076,32000.0,92.4,98.0,-1.2,-0.3,1.08,GOOD
1790984865376,1405,1828.0,-173.96121087581992,32000.0,92.4,98.0,-1.2,-0.3,1.08,GOOD
1790984865376,1406,1818.0,-194.59212186707578,32000.0,92.4,98.0,-1.2,-0.3,1.08,GOOD
1790984865376,1407,1816.0,-225.5521962744104,32000.0,92.4,98.0,-1.2,-0.3,1.08,GOOD
1790984865376,1408,1866.0,-244.55883039657866,32000.0,92.4,98.0,-1.2,-0.3,1.08,GOOD
1790984865376,1409,1875.0,-240.3702589381985,32000.0,92.4,98.0,-1.2,-0.3,1.08,GOOD
1790984865376,1410,1886.0,-217.68655898858245,32000.0,92.4,98.0,-1.2,-0.3,1.08,GOOD
1790984865376,1411,1865.0,-191.35639706094446,32000.0,92.4,98.0,-1.2,-0.3,1.08,GOOD
1790984865376,1412,1971.0,-169.19619109192334,32000.0,92.4,98.0,-1.2,-0.3,1.08,GOOD
1790984865376,1413,1969.0,-144.426731016786,32000.0,92.4,98.0,-1.2,-0.3,1.08,GOOD
1790984865376,1414,1972.0,-113.1060062717355,32000.0,92.4,98.0,-1.2,-0.3,1.08,GOOD
1790984865376,1415,1987.0,-84.02621092866966,32000.0,92.4,98.0,-1.2,-0.3,1.08,GOOD
1790984865376,1416,1987.0,-64.2496378469083,32000.0,92.4,98.0,-1.2,-0.3,1.08,GOOD
1790984865376,1417,1979.0,-53.125028150228395,32000.0,92.4,98.0,-1.2,-0.3,1.08,GOOD
1790984865376,1418,1985.0,-48.70519406254489,32000.0,92.4,98.0,-1.2,-0.3,1.08,GOOD
1790984865376,1419,1996.0,-48.655792197068635,32000.0,92.4,98.0,-1.2,-0.3,1.08,GOOD
1790984865376,1420,1963.0,-50.46159566950922,32000.0,92.4,98.0,-1.2,-0.3,1.08,GOOD
1790984865376,1421,1960.0,-54.15623075347254,32000.0,92.4,98.0,-1.2,-0.3,1.08,GOOD
1790984865376,1422,1937.0,-60.77937578389118,32000.0,92.4,98.0,-1.2,-0.3,1.08,GOOD
1790984865376,1423,1959.0,-69.30731389806319,32000.0,92.4,98.0,-1.2,-0.3,1.08,GOOD
1790984865376,1424,1925.0,-77.80605213368906,32000.0,92.4,98.0,-1.2,-0.3,1.08,GOOD
1790984865376,1425,1910.0,-86.79943569293354,32000.0,92.4,98.0,-1.2,-0.3,1.08,GOOD
1790984865455,1426,1899.0,-97.68489989752268,32000.0,92.4,98.0,-1.2,-0.3,1.08,GOOD
1790984865455,1427,1887.0,-109.05653029927828,32000.0,92.4,98.0,-1.2,-0.3,1.08,GOOD
1790984865455,1428,1922.0,-117.657160153353,32000.0,92.4,98.0,-1.2,-0.3,1.08,GOOD
1790984865455,1429,1957.0,-118.54383170408565,32000.0,92.4,98.0,-1.2,-0.3,1.08,GOOD
1790984865455,1430,1947.0,-107.9190191738025,32000.0,92.4,98.0,-1.2,-0.3,1.08,GOOD
1790984865455,1431,1980.0,-88.03170295046651,32000.0,92.4,98.0,-1.2,-0.3,1.08,GOOD
1790984865455,1432,1950.0,-65.38487500820321,32000.0,92.4,98.0,-1.2,-0.3,1.08,GOOD
1790984865455,1433,1945.0,-48.83336964422793,32000.0,92.4,98.0,-1.2,-0.3,1.08,GOOD
1790984865455,1434,1907.0,-46.95182304712287,32000.0,92.4,98.0,-1.2,-0.3,1.08,GOOD
1790984865455,1435,1927.0,-60.21018079629995,32000.0,92.4,98.0,-1.2,-0.3,1.08,GOOD
1790984865455,1436,1915.0,-78.43182559078627,32000.0,92.4,98.0,-1.2,-0.3,1.08,GOOD
1790984865455,1437,1891.0,-91.33662691596544,32000.0,92.4,98.0,-1.2,-0.3,1.08,GOOD
1790984865455,1438,1889.0,-98.36047005184588,32000.0,92.4,98.0,-1.2,-0.3,1.08,GOOD
1790984865455,1439,2016.0,-98.52078953100511,32000.0,92.4,98.0,-1.2,-0.3,1.08,GOOD
1790984865455,1440,2007.0,-82.1917113816067,32000.0,92.4,98.0,-1.2,-0.3,1.08,GOOD
1790984865455,1441,1928.0,-51.59105311870571,32000.0,92.4,98.0,-1.2,-0.3,1.08,GOOD
1790984865455,1442,1960.0,-27.31139581958655,32000.0,92.4,98.0,-1.2,-0.3,1.08,GOOD
1790984865455,1443,1983.0,-19.298977208337945,32000.0,92.4,98.0,-1.2,-0.3,1.08,GOOD
1790984865455,1444,1969.0,-19.943835178957045,32000.0,92.4,98.0,-1.2,-0.3,1.08,GOOD
1790984865455,1445,1910.0,-26.054897313155752,32000.0,92.4,98.0,-1.2,-0.3,1.08,GOOD
1790984865455,1446,1918.0,-40.677374791246095,32000.0,92.4,98.0,-1.2,-0.3,1.08,GOOD
1790984865455,1447,2019.0,-54.536121809743506,32000.0,92.4,98.0,-1.2,-0.3,1.08,GOOD
1790984865455,1448,1991.0,-49.87343316614714,32000.0,92.4,98.0,-1.2,-0.3,1.08,GOOD
1790984865455,1449,1970.0,-28.579335746143727,32000.0,92.4,98.0,-1.2,-0.3,1.08,GOOD
1790984865455,1450,2001.0,-9.647185223366519,32000.0,92.4,98.0,-1.2,-0.3,1.08,GOOD
1790984865606,1451,1975.0,-0.8889608062152017,32000.0,94.9,98.0,-1.1,-0.2,1.08,GOOD
1790984865606,1452,1963.0,1.0146949878700284,32000.0,94.9,98.0,-1.1,-0.2,1.08,GOOD
1790984865606,1453,1999.0,-1.5787730815708516,32000.0,94.9,98.0,-1.1,-0.2,1.08,GOOD
1790984865606,1454,2000.0,-4.976421600278153,32000.0,94.9,98.0,-1.1,-0.2,1.08,GOOD
1790984865606,1455,2000.0,-4.735475978610697,32000.0,94.9,98.0,-1.1,-0.2,1.08,GOOD
1790984865606,1456,2001.0,0.40887093558430654,32000.0,94.9,98.0,-1.1,-0.2,1.08,GOOD
1790984865606,1457,1933.0,6.384873648000069,32000.0,94.9,98.0,-1.1,-0.2,1.08,GOOD
1790984865606,1458,1942.0,3.538526518405108,32000.0,94.9,98.0,-1.1,-0.2,1.08,GOOD
1790984865606,1459,1917.0,-13.413005990345225,32000.0,94.9,98.0,-1.1,-0.2,1.08,GOOD
1790984865606,1460,1930.0,-38.04022534517904,32000.0,94.9,98.0,-1.1,-0.2,1.08,GOOD
1790984865606,1461,1940.0,-57.539633662039165,32000.0,94.9,98.0,-1.1,-0.2,1.08,GOOD
1790984865606,1462,1924.0,-63.005800737770706,32000.0,94.9,98.0,-1.1,-0.2,1.08,GOOD
1790984865606,1463,1926.0,-57.255561650622006,32000.0,94.9,98.0,-1.1,-0.2,1.08,GOOD
1790984865606,1464,1954.0,-48.99006744179904,32000.0,94.9,98.0,-1.1,-0.2,1.08,GOOD
1790984865606,1465,1953.0,-41.821260668738915,32000.0,94.9,98.0,-1.1,-0.2,1.08,GOOD
1790984865606,1466,1942.0,-35.395534415364224,32000.0,94.9,98.0,-1.1,-0.2,1.08,GOOD
1790984865606,1467,2248.0,-18.169733916309134,32000.0,94.9,98.0,-1.1,-0.2,1.08,GOOD
1790984865606,1468,2294.0,37.83184467887616,32000.0,94.9,98.0,-1.1,-0.2,1.08,GOOD
1790984865606,1469,2334.0,139.02148750399363,32000.0,94.9,98.0,-1.1,-0.2,1.08,GOOD
1790984865606,1470,2391.0,252.4254444334694,32000.0,94.9,98.0,-1.1,-0.2,1.08,GOOD
1790984865606,1471,3179.0,375.52293500331325,32000.0,94.9,98.0,-1.1,-0.2,1.08,GOOD
1790984865606,1472,3149.0,561.6485619842362,32000.0,94.9,98.0,-1.1,-0.2,1.08,GOOD
1790984865606,1473,3160.0,808.8392298610929,32000.0,94.9,98.0,-1.1,-0.2,1.08,GOOD
1790984865606,1474,3186.0,1028.7353096736292,32000.0,94.9,98.0,-1.1,-0.2,1.08,GOOD
1790984865606,1475,1891.0,1107.0120030338562,32000.0,94.9,98.0,-1.1,-0.2,1.08,GOOD
1790984865682,1476,1906.0,930.1464785358578,32000.0,94.9,98.0,-1.2,-0.2,1.08,GOOD
1790984865682,1477,1826.0,514.3004393796496,32000.0,94.9,98.0,-1.2,-0.2,1.08,GOOD
1790984865682,1478,1899.0,52.06994935511516,32000.0,94.9,98.0,-1.2,-0.2,1.08,GOOD
1790984865682,1479,1930.0,-265.1847866648426,32000.0,94.9,98.0,-1.2,-0.2,1.08,GOOD
1790984865682,1480,1943.0,-365.511796279529,32000.0,94.9,98.0,-1.2,-0.2,1.08,GOOD
1790984865682,1481,1958.0,-290.2976816241839,32000.0,94.9,98.0,-1.2,-0.2,1.08,GOOD
1790984865682,1482,1909.0,-152.77112455343737,32000.0,94.9,98.0,-1.2,-0.2,1.08,GOOD
1790984865682,1483,1894.0,-67.8712273068214,32000.0,94.9,98.0,-1.2,-0.2,1.08,GOOD
1790984865682,1484,1938.0,-76.10316812130381,32000.0,94.9,98.0,-1.2,-0.2,1.08,GOOD
1790984865682,1485,2023.0,-123.2790563380747,32000.0,94.9,98.0,-1.2,-0.2,1.08,GOOD
1790984865682,1486,2015.0,-131.86424531914733,32000.0,94.9,98.0,-1.2,-0.2,1.08,GOOD
1790984865682,1487,1976.0,-89.22096934071509,32000.0,94.9,98.0,-1.2,-0.2,1.08,GOOD
1790984865682,1488,1955.0,-47.55304358985184,32000.0,94.9,98.0,-1.2,-0.2,1.08,GOOD
1790984865682,1489,2044.0,-44.72977734167021,32000.0,94.9,98.0,-1.2,-0.2,1.08,GOOD
1790984865682,1490,2056.0,-58.365054391171,32000.0,94.9,98.0,-1.2,-0.2,1.08,GOOD
1790984865682,1491,2080.0,-47.64653460938289,32000.0,94.9,98.0,-1.2,-0.2,1.08,GOOD
1790984865682,1492,2010.0,-11.567382656368357,32000.0,94.9,98.0,-1.2,-0.2,1.08,GOOD
1790984865682,1493,1992.0,12.780718018045985,32000.0,94.9,98.0,-1.2,-0.2,1.08,GOOD
1790984865682,1494,1979.0,-0.6594051251649784,32000.0,94.9,98.0,-1.2,-0.2,1.08,GOOD
1790984865682,1495,2061.0,-34.15844871348311,32000.0,94.9,98.0,-1.2,-0.2,1.08,GOOD
1790984865682,1496,2047.0,-49.03412795602526,32000.0,94.9,98.0,-1.2,-0.2,1.08,GOOD
1790984865682,1497,2008.0,-34.64027190052406,32000.0,94.9,98.0,-1.2,-0.2,1.08,GOOD
1790984865682,1498,1972.0,-17.724042002829936,32000.0,94.9,98.0,-1.2,-0.2,1.08,GOOD
1790984865682,1499,1999.0,-22.103273048407672,32000.0,94.9,98.0,-1.2,-0.2,1.08,GOOD
1790984865682,1500,2034.0,-39.31385783835397,32000.0,94.9,98.0,-1.2,-0.2,1.08,GOOD
1790984865758,1501,2010.0,-47.05757185899701,32000.0,94.9,98.0,-1.3,-0.2,1.09,GOOD
1790984865758,1502,1934.0,-43.51328333435398,32000.0,94.9,98.0,-1.3,-0.2,1.09,GOOD
1790984865758,1503,1905.0,-48.312021887788816,32000.0,94.9,98.0,-1.3,-0.2,1.09,GOOD
1790984865758,1504,2052.0,-66.98869058545337,32000.0,94.9,98.0,-1.3,-0.2,1.09,GOOD
1790984865758,1505,2212.0,-69.66003729682303,32000.0,94.9,98.0,-1.3,-0.2,1.09,GOOD
1790984865758,1506,2207.0,-25.07846602879915,32000.0,94.9,98.0,-1.3,-0.2,1.09,GOOD
1790984865758,1507,2177.0,54.51337898059066,32000.0,94.9,98.0,-1.3,-0.2,1.09,GOOD
1790984865758,1508,2211.0,128.70094560671942,32000.0,94.9,98.0,-1.3,-0.2,1.09,GOOD
1790984865758,1509,2201.0,172.49998144159576,32000.0,94.9,98.0,-1.3,-0.2,1.09,GOOD
1790984865758,1510,2192.0,182.73688545072463,32000.0,94.9,98.0,-1.3,-0.2,1.09,GOOD
1790984865758,1511,2211.0,167.31103911832128,32000.0,94.9,98.0,-1.3,-0.2,1.09,GOOD
1790984865758,1512,2271.0,147.08963921550236,32000.0,94.9,98.0,-1.3,-0.2,1.09,GOOD
1790984865758,1513,2277.0,147.1024613526279,32000.0,94.9,98.0,-1.3,-0.2,1.09,GOOD
1790984865758,1514,2287.0,172.45275834943942,32000.0,94.9,98.0,-1.3,-0.2,1.09,GOOD
1790984865758,1515,2260.0,202.95271031082962,32000.0,94.9,98.0,-1.3,-0.2,1.09,GOOD
1790984865758,1516,2262.0,215.54274025312358,32000.0,94.9,98.0,-1.3,-0.2,1.09,GOOD
1790984865758,1517,2217.0,205.1086833092382,32000.0,94.9,98.0,-1.3,-0.2,1.09,GOOD
1790984865758,1518,2198.0,181.64736650563174,32000.0,94.9,98.0,-1.3,-0.2,1.09,GOOD
1790984865758,1519,2357.0,162.30573173915712,32000.0,94.9,98.0,-1.3,-0.2,1.09,GOOD
1790984865758,1520,2381.0,167.00463880997236,32000.0,94.9,98.0,-1.3,-0.2,1.09,GOOD
1790984865758,1521,2366.0,198.68957238025845,32000.0,94.9,98.0,-1.3,-0.2,1.09,GOOD
1790984865758,1522,2291.0,235.1304953625018,32000.0,94.9,98.0,-1.3,-0.2,1.09,GOOD
1790984865758,1523,2322.0,254.14953574246718,32000.0,94.9,98.0,-1.3,-0.2,1.09,GOOD
1790984865758,1524,2327.0,252.9152684377366,32000.0,94.9,98.0,-1.3,-0.2,1.09,GOOD
1790984865758,1525,2342.0,238.9382646036867,32000.0,94.9,98.0,-1.3,-0.2,1.09,GOOD
1790984865838,1526,2066.0,208.6867988107187,32000.0,94.9,98.0,-1.3,-0.3,1.09,GOOD
1790984865838,1527,2046.0,147.40079056573143,32000.0,94.9,98.0,-1.3,-0.3,1.09,GOOD
1790984865838,1528,2035.0,61.82583254885622,32000.0,94.9,98.0,-1.3,-0.3,1.09,GOOD
1790984865838,1529,2040.0,-16.875204729251422,32000.0,94.9,98.0,-1.3,-0.3,1.09,GOOD
1790984865838,1530,2055.0,-70.29025954960261,32000.0,94.9,98.0,-1.3,-0.3,1.09,GOOD
1790984865838,1531,2063.0,-97.96823935375815,32000.0,94.9,98.0,-1.3,-0.3,1.09,GOOD
1790984865838,1532,2028.0,-100.50429260798867,32000.0,94.9,98.0,-1.3,-0.3,1.09,GOOD
1790984865838,1533,1865.0,-89.48434503812206,32000.0,94.9,98.0,-1.3,-0.3,1.09,GOOD
1790984865838,1534,1878.0,-95.62150318340689,32000.0,94.9,98.0,-1.3,-0.3,1.09,GOOD
1790984865838,1535,1892.0,-137.35986107180983,32000.0,94.9,98.0,-1.3,-0.3,1.09,GOOD
1790984865838,1536,1896.0,-196.56878211037144,32000.0,94.9,98.0,-1.3,-0.3,1.09,GOOD
1790984865838,1537,1869.0,-239.69684653883087,32000.0,94.9,98.0,-1.3,-0.3,1.09,GOOD
1790984865838,1538,1761.0,-252.54027477464763,32000.0,94.9,98.0,-1.3,-0.3,1.09,GOOD
1790984865838,1539,1873.0,-248.33259534617372,32000.0,94.9,98.0,-1.3,-0.3,1.09,GOOD
1790984865838,1540,1965.0,-239.5235405700549,32000.0,94.9,98.0,-1.3,-0.3,1.09,GOOD
1790984865838,1541,1964.0,-222.60216783441265,32000.0,94.9,98.0,-1.3,-0.3,1.09,GOOD
1790984865838,1542,1949.0,-194.20509150839354,32000.0,94.9,98.0,-1.3,-0.3,1.09,GOOD
1790984865838,1543,1922.0,-158.60303784905608,32000.0,94.9,98.0,-1.3,-0.3,1.09,GOOD
1790984865838,1544,1963.0,-125.21887513952073,32000.0,94.9,98.0,-1.3,-0.3,1.09,GOOD
1790984865838,1545,1955.0,-106.89725610842422,32000.0,94.9,98.0,-1.3,-0.3,1.09,GOOD
1790984865838,1546,1969.0,-110.80600408852591,32000.0,94.9,98.0,-1.3,-0.3,1.09,GOOD
1790984865838,1547,1964.0,-126.1028279115445,32000.0,94.9,98.0,-1.3,-0.3,1.09,GOOD
1790984865838,1548,1797.0,-136.6884071015927,32000.0,94.9,98.0,-1.3,-0.3,1.09,GOOD
1790984865838,1549,1797.0,-148.7450070374516,32000.0,94.9,98.0,-1.3,-0.3,1.09,GOOD
1790984865838,1550,1787.0,-179.70553009490553,32000.0,94.9,98.0,-1.3,-0.3,1.09,GOOD
1790984865966,1551,1913.0,-224.4004064988505,32000.0,94.9,98.0,-1.4,-0.2,1.08,GOOD
1790984865966,1552,1887.0,-252.44674103038608,32000.0,94.9,98.0,-1.4,-0.2,1.08,GOOD
1790984865966,1553,1896.0,-240.0758913993156,32000.0,94.9,98.0,-1.4,-0.2,1.08,GOOD
1790984865966,1554,1899.0,-194.6435157656342,32000.0,94.9,98.0,-1.4,-0.2,1.08,GOOD
1790984865966,1555,1882.0,-147.2641258992974,32000.0,94.9,98.0,-1.4,-0.2,1.08,GOOD
1790984865966,1556,1869.0,-128.93343522542287,32000.0,94.9,98.0,-1.4,-0.2,1.08,GOOD
1790984865966,1557,1874.0,-144.62162947128792,32000.0,94.9,98.0,-1.4,-0.2,1.08,GOOD
1790984865966,1558,2092.0,-160.39511450577322,32000.0,94.9,98.0,-1.4,-0.2,1.08,GOOD
1790984865966,1559,2105.0,-130.19782528969893,32000.0,94.9,98.0,-1.4,-0.2,1.08,GOOD
1790984865966,1560,2098.0,-52.138050471870784,32000.0,94.9,98.0,-1.4,-0.2,1.08,GOOD
1790984865966,1561,2084.0,26.267792487574727,32000.0,94.9,98.0,-1.4,-0.2,1.08,GOOD
1790984865966,1562,1907.0,59.845807468581555,32000.0,94.9,98.0,-1.4,-0.2,1.08,GOOD
1790984865966,1563,1890.0,34.72819854145962,32000.0,94.9,98.0,-1.4,-0.2,1.08,GOOD
1790984865966,1564,1835.0,-32.52577445981488,32000.0,94.9,98.0,-1.4,-0.2,1.08,GOOD
1790984865966,1565,1837.0,-111.35378410139823,32000.0,94.9,98.0,-1.4,-0.2,1.08,GOOD
1790984865966,1566,1883.0,-175.5340179765054,32000.0,94.9,98.0,-1.4,-0.2,1.08,GOOD
1790984865966,1567,1932.0,-203.87206490099166,32000.0,94.9,98.0,-1.4,-0.2,1.08,GOOD
1790984865966,1568,1915.0,-187.2512009960435,32000.0,94.9,98.0,-1.4,-0.2,1.08,GOOD
1790984865966,1569,1889.0,-143.39044607050613,32000.0,94.9,98.0,-1.4,-0.2,1.08,GOOD
1790984865966,1570,1879.0,-106.88903380102072,32000.0,94.9,98.0,-1.4,-0.2,1.08,GOOD
1790984865966,1571,1887.0,-99.3028651528387,32000.0,94.9,98.0,-1.4,-0.2,1.08,GOOD
1790984865966,1572,1872.0,-115.01620463135087,32000.0,94.9,98.0,-1.4,-0.2,1.08,GOOD
1790984865966,1573,1790.0,-137.5347507735459,32000.0,94.9,98.0,-1.4,-0.2,1.08,GOOD
1790984865966,1574,1773.0,-160.318521500629,32000.0,94.9,98.0,-1.4,-0.2,1.08,GOOD
1790984865966,1575,1751.0,-185.51058736501005,32000.0,94.9,98.0,-1.4,-0.2,1.08,GOOD
1790984866064,1576,1989.0,-204.0620992772719,32000.0,94.9,98.0,-1.2,-0.3,1.09,GOOD
1790984866064,1577,1967.0,-190.96366872011498,32000.0,94.9,98.0,-1.2,-0.3,1.09,GOOD
1790984866064,1578,1985.0,-137.91173450670925,32000.0,94.9,98.0,-1.2,-0.3,1.09,GOOD
1790984866064,1579,1979.0,-68.47929748202827,32000.0,94.9,98.0,-1.2,-0.3,1.09,GOOD
1790984866064,1580,2063.0,-8.295581803451803,32000.0,94.9,98.0,-1.2,-0.3,1.09,GOOD
1790984866064,1581,2073.0,33.44018449055126,32000.0,94.9,98.0,-1.2,-0.3,1.09,GOOD
1790984866064,1582,2079.0,56.38665671592784,32000.0,94.9,98.0,-1.2,-0.3,1.09,GOOD
1790984866064,1583,2095.0,66.01270297860393,32000.0,94.9,98.0,-1.2,-0.3,1.09,GOOD
1790984866064,1584,2022.0,71.9469355615868,32000.0,94.9,98.0,-1.2,-0.3,1.09,GOOD
1790984866064,1585,2009.0,74.55644094539588,32000.0,94.9,98.0,-1.2,-0.3,1.09,GOOD
1790984866064,1586,2008.0,64.5565042471242,32000.0,94.9,98.0,-1.2,-0.3,1.09,GOOD
1790984866064,1587,2013.0,39.84086967363226,32000.0,94.9,98.0,-1.2,-0.3,1.09,GOOD
1790984866064,1588,1939.0,9.002328347175492,32000.0,94.9,98.0,-1.2,-0.3,1.09,GOOD
1790984866064,1589,1934.0,-18.305113416406364,32000.0,94.9,98.0,-1.2,-0.3,1.09,GOOD
1790984866064,1590,1929.0,-36.423369341375064,32000.0,94.9,98.0,-1.2,-0.3,1.09,GOOD
1790984866064,1591,1917.0,-47.04972412526736,32000.0,94.9,98.0,-1.2,-0.3,1.09,GOOD
1790984866064,1592,2050.0,-53.520829211042425,32000.0,94.9,98.0,-1.2,-0.3,1.09,GOOD
1790984866064,1593,2008.0,-48.39021424277552,32000.0,94.9,98.0,-1.2,-0.3,1.09,GOOD
1790984866064,1594,1961.0,-27.264896429990106,32000.0,94.9,98.0,-1.2,-0.3,1.09,GOOD
1790984866064,1595,2053.0,0.3598158174602748,32000.0,94.9,98.0,-1.2,-0.3,1.09,GOOD
1790984866064,1596,1834.0,18.3153931144388,32000.0,94.9,98.0,-1.2,-0.3,1.09,GOOD
1790984866064,1597,1822.0,1.2663521007948066,32000.0,94.9,98.0,-1.2,-0.3,1.09,GOOD
1790984866064,1598,1738.0,-62.37079129971315,32000.0,94.9,98.0,-1.2,-0.3,1.09,GOOD
1790984866064,1599,1992.0,-136.83510500765905,32000.0,94.9,98.0,-1.2,-0.3,1.09,GOOD
1790984866064,1600,2001.0,-161.60572833845157,32000.0,94.9,98.0,-1.2,-0.3,1.09,GOOD
1790984866364,1601,2007.0,-116.72826199379458,32000.0,96.3,98.0,-1.3,-0.3,1.08,GOOD
1790984866364,1602,2020.0,-40.55330229510228,32000.0,96.3,98.0,-1.3,-0.3,1.08,GOOD
1790984866364,1603,1945.0,19.522491655000167,32000.0,96.3,98.0,-1.3,-0.3,1.08,GOOD
1790984866364,1604,1946.0,40.72821947885757,32000.0,96.3,98.0,-1.3,-0.3,1.08,GOOD
1790984866364,1605,1863.0,22.665608827948134,32000.0,96.3,98.0,-1.3,-0.3,1.08,GOOD
1790984866364,1606,1938.0,-19.544084490322447,32000.0,96.3,98.0,-1.3,-0.3,1.08,GOOD
1790984866364,1607,1880.0,-61.8745423939965,32000.0,96.3,98.0,-1.3,-0.3,1.08,GOOD
1790984866364,1608,1921.0,-85.34018027480369,32000.0,96.3,98.0,-1.3,-0.3,1.08,GOOD
1790984866364,1609,1926.0,-85.2838931272667,32000.0,96.3,98.0,-1.3,-0.3,1.08,GOOD
1790984866364,1610,1928.0,-68.60599819292304,32000.0,96.3,98.0,-1.3,-0.3,1.08,GOOD
1790984866364,1611,2412.0,-30.239156563014706,32000.0,96.3,98.0,-1.3,-0.3,1.08,GOOD
1790984866364,1612,2440.0,62.4932038610518,32000.0,96.3,98.0,-1.3,-0.3,1.08,GOOD
1790984866364,1613,2484.0,215.5196731436976,32000.0,96.3,98.0,-1.3,-0.3,1.08,GOOD
1790984866364,1614,3196.0,405.41382485890693,32000.0,96.3,98.0,-1.3,-0.3,1.08,GOOD
1790984866364,1615,3173.0,639.53440354637,32000.0,96.3,98.0,-1.3,-0.3,1.08,GOOD
1790984866364,1616,3166.0,896.8978186424846,32000.0,96.3,98.0,-1.3,-0.3,1.08,GOOD
1790984866364,1617,3175.0,1094.2227764056292,32000.0,96.3,98.0,-1.3,-0.3,1.08,GOOD
1790984866364,1618,1893.0,1132.95468387799,32000.0,96.3,98.0,-1.3,-0.3,1.08,GOOD
1790984866364,1619,1934.0,923.3312117470529,32000.0,96.3,98.0,-1.3,-0.3,1.08,GOOD
1790984866364,1620,1861.0,502.3943486063884,32000.0,96.3,98.0,-1.3,-0.3,1.08,GOOD
1790984866364,1621,1783.0,55.44873659827194,32000.0,96.3,98.0,-1.3,-0.3,1.08,GOOD
1790984866364,1622,1919.0,-257.5265092108261,32000.0,96.3,98.0,-1.3,-0.3,1.08,GOOD
1790984866364,1623,2081.0,-369.4010754790693,32000.0,96.3,98.0,-1.3,-0.3,1.08,GOOD
1790984866364,1624,2092.0,-288.4223916560628,32000.0,96.3,98.0,-1.3,-0.3,1.08,GOOD
1790984866364,1625,2049.0,-110.05591197729903,32000.0,96.3,98.0,-1.3,-0.3,1.08,GOOD
1790984866365,1626,1892.0,26.64921016661794,32000.0,96.3,98.0,-1.3,-0.3,1.08,GOOD
1790984866365,1627,1912.0,39.65338139080746,32000.0,96.3,98.0,-1.3,-0.3,1.08,GOOD
1790984866365,1628,1943.0,-38.84114321404654,32000.0,96.3,98.0,-1.3,-0.3,1.08,GOOD
1790984866365,1629,1958.0,-115.97406786177383,32000.0,96.3,98.0,-1.3,-0.3,1.08,GOOD
1790984866365,1630,1908.0,-141.10687709712187,32000.0,96.3,98.0,-1.3,-0.3,1.08,GOOD
1790984866365,1631,1859.0,-136.51587856818645,32000.0,96.3,98.0,-1.3,-0.3,1.08,GOOD
1790984866365,1632,1887.0,-141.11050316528213,32000.0,96.3,98.0,-1.3,-0.3,1.08,GOOD
1790984866365,1633,1909.0,-156.69959401999805,32000.0,96.3,98.0,-1.3,-0.3,1.08,GOOD
1790984866365,1634,2091.0,-153.37667608719897,32000.0,96.3,98.0,-1.3,-0.3,1.08,GOOD
1790984866365,1635,2072.0,-109.83210532424378,32000.0,96.3,98.0,-1.3,-0.3,1.08,GOOD
1790984866365,1636,2045.0,-44.00581086843841,32000.0,96.3,98.0,-1.3,-0.3,1.08,GOOD
1790984866365,1637,2056.0,6.261481914391952,32000.0,96.3,98.0,-1.3,-0.3,1.08,GOOD
1790984866365,1638,2084.0,28.94460095924835,32000.0,96.3,98.0,-1.3,-0.3,1.08,GOOD
1790984866365,1639,2072.0,37.57819748983526,32000.0,96.3,98.0,-1.3,-0.3,1.08,GOOD
1790984866365,1640,2029.0,38.40664967168306,32000.0,96.3,98.0,-1.3,-0.3,1.08,GOOD
1790984866365,1641,1905.0,21.05753215622665,32000.0,96.3,98.0,-1.3,-0.3,1.08,GOOD
1790984866365,1642,1928.0,-20.915890596799215,32000.0,96.3,98.0,-1.3,-0.3,1.08,GOOD
1790984866365,1643,1949.0,-70.23316433021687,32000.0,96.3,98.0,-1.3,-0.3,1.08,GOOD
1790984866365,1644,1909.0,-103.12468200032846,32000.0,96.3,98.0,-1.3,-0.3,1.08,GOOD
1790984866365,1645,2103.0,-110.57321621926539,32000.0,96.3,98.0,-1.3,-0.3,1.08,GOOD
1790984866365,1646,2094.0,-86.74430533575311,32000.0,96.3,98.0,-1.3,-0.3,1.08,GOOD
1790984866365,1647,2116.0,-32.61736281531991,32000.0,96.3,98.0,-1.3,-0.3,1.08,GOOD
1790984866365,1648,2153.0,32.89988851741147,32000.0,96.3,98.0,-1.3,-0.3,1.08,GOOD
1790984866365,1649,2175.0,88.90835688518322,32000.0,96.3,98.0,-1.3,-0.3,1.08,GOOD
1790984866365,1650,2143.0,122.10646039624478,32000.0,96.3,98.0,-1.3,-0.3,1.08,GOOD
1790984866479,1651,2139.0,127.45551205720919,32000.0,96.3,98.0,-1.2,-0.3,1.08,GOOD
1790984866479,1652,2177.0,115.86588083135578,32000.0,96.3,98.0,-1.2,-0.3,1.08,GOOD
1790984866479,1653,2053.0,103.31681031076737,32000.0,96.3,98.0,-1.2,-0.3,1.08,GOOD
1790984866479,1654,1986.0,84.61992518998868,32000.0,96.3,98.0,-1.2,-0.3,1.08,GOOD
1790984866479,1655,1975.0,43.8620252843128,32000.0,96.3,98.0,-1.2,-0.3,1.08,GOOD
1790984866479,1656,2322.0,0.5840138812809981,32000.0,96.3,98.0,-1.2,-0.3,1.08,GOOD
1790984866479,1657,2359.0,10.935970423031277,32000.0,96.3,98.0,-1.2,-0.3,1.08,GOOD
1790984866479,1658,2426.0,98.85055287190177,32000.0,96.3,98.0,-1.2,-0.3,1.08,GOOD
1790984866479,1659,2447.0,225.8377130773588,32000.0,96.3,98.0,-1.2,-0.3,1.08,GOOD
1790984866479,1660,2341.0,333.628069330108,32000.0,96.3,98.0,-1.2,-0.3,1.08,GOOD
1790984866479,1661,2308.0,378.9683121623644,32000.0,96.3,98.0,-1.2,-0.3,1.08,GOOD
1790984866479,1662,2329.0,354.07574436657103,32000.0,96.3,98.0,-1.2,-0.3,1.08,GOOD
1790984866479,1663,2366.0,293.6585498986473,32000.0,96.3,98.0,-1.2,-0.3,1.08,GOOD
1790984866479,1664,2396.0,246.20481979136173,32000.0,96.3,98.0,-1.2,-0.3,1.08,GOOD
1790984866479,1665,2373.0,237.24015354451714,32000.0,96.3,98.0,-1.2,-0.3,1.08,GOOD
1790984866479,1666,2329.0,255.65131936229128,32000.0,96.3,98.0,-1.2,-0.3,1.08,GOOD
1790984866479,1667,2337.0,271.0861226722501,32000.0,96.3,98.0,-1.2,-0.3,1.08,GOOD
1790984866479,1668,2161.0,258.1654955157608,32000.0,96.3,98.0,-1.2,-0.3,1.08,GOOD
1790984866479,1669,2151.0,206.08265545485804,32000.0,96.3,98.0,-1.2,-0.3,1.08,GOOD
1790984866479,1670,2090.0,127.35705728273753,32000.0,96.3,98.0,-1.2,-0.3,1.08,GOOD
1790984866479,1671,2039.0,48.83070352115164,32000.0,96.3,98.0,-1.2,-0.3,1.08,GOOD
1790984866479,1672,2293.0,-4.1668027841184205,32000.0,96.3,98.0,-1.2,-0.3,1.08,GOOD
1790984866479,1673,2311.0,-5.9441580369767895,32000.0,96.3,98.0,-1.2,-0.3,1.08,GOOD
1790984866479,1674,2359.0,49.119119113174854,32000.0,96.3,98.0,-1.2,-0.3,1.08,GOOD
1790984866479,1675,2121.0,123.64331659033732,32000.0,96.3,98.0,-1.2,-0.3,1.08,GOOD
1790984866481,1676,2065.0,158.94854741693769,32000.0,96.3,98.0,-1.2,-0.3,1.08,GOOD
1790984866481,1677,2065.0,124.52865820711656,32000.0,96.3,98.0,-1.2,-0.3,1.08,GOOD
1790984866481,1678,2066.0,41.46039951861425,32000.0,96.3,98.0,-1.2,-0.3,1.08,GOOD
1790984866481,1679,1782.0,-56.17556921346197,32000.0,96.3,98.0,-1.2,-0.3,1.08,GOOD
1790984866481,1680,1880.0,-152.14921878899605,32000.0,96.3,98.0,-1.2,-0.3,1.08,GOOD
1790984866481,1681,1830.0,-226.56654339776765,32000.0,96.3,98.0,-1.2,-0.3,1.08,GOOD
1790984866481,1682,1840.0,-263.1095766814463,32000.0,96.3,98.0,-1.2,-0.3,1.08,GOOD
1790984866481,1683,1902.0,-273.2496921944402,32000.0,96.3,98.0,-1.2,-0.3,1.08,GOOD
1790984866481,1684,1929.0,-270.2410776205055,32000.0,96.3,98.0,-1.2,-0.3,1.08,GOOD
1790984866481,1685,1913.0,-250.47147112909954,32000.0,96.3,98.0,-1.2,-0.3,1.08,GOOD
1790984866481,1686,1876.0,-214.98377212167574,32000.0,96.3,98.0,-1.2,-0.3,1.08,GOOD
1790984866481,1687,1981.0,-179.13541389985988,32000.0,96.3,98.0,-1.2,-0.3,1.08,GOOD
1790984866481,1688,2001.0,-155.0735146526943,32000.0,96.3,98.0,-1.2,-0.3,1.08,GOOD
1790984866481,1689,1976.0,-142.68862725861928,32000.0,96.3,98.0,-1.2,-0.3,1.08,GOOD
1790984866481,1690,1932.0,-136.36178604939727,32000.0,96.3,98.0,-1.2,-0.3,1.08,GOOD
1790984866481,1691,1975.0,-128.41151445024906,32000.0,96.3,98.0,-1.2,-0.3,1.08,GOOD
1790984866481,1692,1966.0,-116.02601050021059,32000.0,96.3,98.0,-1.2,-0.3,1.08,GOOD
1790984866481,1693,1976.0,-108.97501153817498,32000.0,96.3,98.0,-1.2,-0.3,1.08,GOOD
1790984866481,1694,1835.0,-121.42793244913373,32000.0,96.3,98.0,-1.2,-0.3,1.08,GOOD
1790984866481,1695,1826.0,-155.4660600055843,32000.0,96.3,98.0,-1.2,-0.3,1.08,GOOD
1790984866481,1696,1772.0,-196.72601105880173,32000.0,96.3,98.0,-1.2,-0.3,1.08,GOOD
1790984866481,1697,1768.0,-232.86888184934128,32000.0,96.3,98.0,-1.2,-0.3,1.08,GOOD
1790984866481,1698,1984.0,-258.22251728640765,32000.0,96.3,98.0,-1.2,-0.3,1.08,GOOD
1790984866481,1699,2008.0,-254.23186741396574,32000.0,96.3,98.0,-1.2,-0.3,1.08,GOOD
1790984866481,1700,2014.0,-204.70668591166526,32000.0,96.3,98.0,-1.2,-0.3,1.08,GOOD
1790984866595,1701,2003.0,-124.40193091463154,32000.0,96.3,98.0,-1.3,-0.3,1.09,GOOD
1790984866595,1702,1851.0,-55.78882169790645,32000.0,96.3,98.0,-1.3,-0.3,1.09,GOOD
1790984866595,1703,1868.0,-44.48357993070939,32000.0,96.3,98.0,-1.3,-0.3,1.09,GOOD
1790984866595,1704,1874.0,-96.59431246491164,32000.0,96.3,98.0,-1.3,-0.3,1.09,GOOD
1790984866595,1705,1875.0,-167.35635777523333,32000.0,96.3,98.0,-1.3,-0.3,1.09,GOOD
1790984866595,1706,1823.0,-209.24804338625967,32000.0,96.3,98.0,-1.3,-0.3,1.09,GOOD
1790984866595,1707,1808.0,-214.54996460547437,32000.0,96.3,98.0,-1.3,-0.3,1.09,GOOD
1790984866595,1708,1807.0,-207.87850229188268,32000.0,96.3,98.0,-1.3,-0.3,1.09,GOOD
1790984866595,1709,1803.0,-212.23466772135282,32000.0,96.3,98.0,-1.3,-0.3,1.09,GOOD
1790984866595,1710,2093.0,-216.62099549992567,32000.0,96.3,98.0,-1.3,-0.3,1.09,GOOD
1790984866595,1711,2086.0,-179.65902198067698,32000.0,96.3,98.0,-1.3,-0.3,1.09,GOOD
1790984866595,1712,2076.0,-89.93560173749574,32000.0,96.3,98.0,-1.3,-0.3,1.09,GOOD
1790984866595,1713,2115.0,9.715836015512632,32000.0,96.3,98.0,-1.3,-0.3,1.09,GOOD
1790984866595,1714,2039.0,72.95438143501687,32000.0,96.3,98.0,-1.3,-0.3,1.09,GOOD
1790984866595,1715,1992.0,81.801633791703,32000.0,96.3,98.0,-1.3,-0.3,1.09,GOOD
1790984866595,1716,2015.0,46.97545305012138,32000.0,96.3,98.0,-1.3,-0.3,1.09,GOOD
1790984866595,1717,1785.0,-7.8340356573143115,32000.0,96.3,98.0,-1.3,-0.3,1.09,GOOD
1790984866595,1718,1705.0,-77.71707787666712,32000.0,96.3,98.0,-1.3,-0.3,1.09,GOOD
1790984866595,1719,1825.0,-161.47344657561285,32000.0,96.3,98.0,-1.3,-0.3,1.09,GOOD
1790984866595,1720,1814.0,-230.39266409196003,32000.0,96.3,98.0,-1.3,-0.3,1.09,GOOD
1790984866595,1721,1983.0,-251.53496984816977,32000.0,96.3,98.0,-1.3,-0.3,1.09,GOOD
1790984866595,1722,1951.0,-215.46122871295668,32000.0,96.3,98.0,-1.3,-0.3,1.09,GOOD
1790984866595,1723,1961.0,-141.55440792855705,32000.0,96.3,98.0,-1.3,-0.3,1.09,GOOD
1790984866595,1724,1975.0,-67.65119481260047,32000.0,96.3,98.0,-1.3,-0.3,1.09,GOOD
1790984866595,1725,1945.0,-23.97651409223,32000.0,96.3,98.0,-1.3,-0.3,1.09,GOOD
1790984866783,1726,1922.0,-20.55397423113034,32000.0,97.0,98.0,-1.3,-0.3,1.08,GOOD
1790984866783,1727,1916.0,-46.46586075774224,32000.0,97.0,98.0,-1.3,-0.3,1.08,GOOD
1790984866783,1728,1982.0,-73.64701229319579,32000.0,97.0,98.0,-1.3,-0.3,1.08,GOOD
1790984866783,1729,1969.0,-77.54378513477859,32000.0,97.0,98.0,-1.3,-0.3,1.08,GOOD
1790984866783,1730,1950.0,-60.808807415290005,32000.0,97.0,98.0,-1.3,-0.3,1.08,GOOD
1790984866783,1731,1910.0,-47.13760572767654,32000.0,97.0,98.0,-1.3,-0.3,1.08,GOOD
1790984866783,1732,1893.0,-51.89729590244316,32000.0,97.0,98.0,-1.3,-0.3,1.08,GOOD
1790984866783,1733,1951.0,-67.2627581446886,32000.0,97.0,98.0,-1.3,-0.3,1.08,GOOD
1790984866783,1734,1970.0,-74.15970960892923,32000.0,97.0,98.0,-1.3,-0.3,1.08,GOOD
1790984866783,1735,1962.0,-65.61083374717468,32000.0,97.0,98.0,-1.3,-0.3,1.08,GOOD
1790984866783,1736,1946.0,-51.89969248403561,32000.0,97.0,98.0,-1.3,-0.3,1.08,GOOD
1790984866783,1737,2003.0,-40.62447024301835,32000.0,97.0,98.0,-1.3,-0.3,1.08,GOOD
1790984866783,1738,2011.0,-26.06145380462409,32000.0,97.0,98.0,-1.3,-0.3,1.08,GOOD
1790984866783,1739,1969.0,-6.7555244619861305,32000.0,97.0,98.0,-1.3,-0.3,1.08,GOOD
1790984866783,1740,1929.0,2.6127590217226935,32000.0,97.0,98.0,-1.3,-0.3,1.08,GOOD
1790984866783,1741,1904.0,-10.623285883098346,32000.0,97.0,98.0,-1.3,-0.3,1.08,GOOD
1790984866783,1742,1893.0,-40.15317771977936,32000.0,97.0,98.0,-1.3,-0.3,1.08,GOOD
1790984866783,1743,2072.0,-62.31940911244745,32000.0,97.0,98.0,-1.3,-0.3,1.08,GOOD
1790984866783,1744,2063.0,-51.5628504694018,32000.0,97.0,98.0,-1.3,-0.3,1.08,GOOD
1790984866783,1745,2047.0,-8.938305837007992,32000.0,97.0,98.0,-1.3,-0.3,1.08,GOOD
1790984866783,1746,2038.0,37.62201590838275,32000.0,97.0,98.0,-1.3,-0.3,1.08,GOOD
1790984866783,1747,1911.0,62.06422680125973,32000.0,97.0,98.0,-1.3,-0.3,1.08,GOOD
1790984866783,1748,1891.0,49.72403813861959,32000.0,97.0,98.0,-1.3,-0.3,1.08,GOOD
1790984866783,1749,1926.0,3.548907954043357,32000.0,97.0,98.0,-1.3,-0.3,1.08,GOOD
1790984866783,1750,1930.0,-50.62573675502075,32000.0,97.0,98.0,-1.3,-0.3,1.08,GOOD
1790984866898,1751,1854.0,-87.41667838828141,32000.0,97.0,98.0,-1.3,-0.3,1.08,GOOD
1790984866898,1752,1849.0,-103.02435612082368,32000.0,97.0,98.0,-1.3,-0.3,1.08,GOOD
1790984866898,1753,1864.0,-106.24426896701131,32000.0,97.0,98.0,-1.3,-0.3,1.08,GOOD
1790984866898,1754,2119.0,-95.90343486611293,32000.0,97.0,98.0,-1.3,-0.3,1.08,GOOD
1790984866898,1755,2133.0,-56.11005825300688,32000.0,97.0,98.0,-1.3,-0.3,1.08,GOOD
1790984866898,1756,2133.0,15.532421561171226,32000.0,97.0,98.0,-1.3,-0.3,1.08,GOOD
1790984866898,1757,2158.0,96.64006751744022,32000.0,97.0,98.0,-1.3,-0.3,1.08,GOOD
1790984866898,1758,2248.0,167.52567083137149,32000.0,97.0,98.0,-1.3,-0.3,1.08,GOOD
1790984866898,1759,2258.0,221.0653576450386,32000.0,97.0,98.0,-1.3,-0.3,1.08,GOOD
1790984866898,1760,2240.0,250.28108216672172,32000.0,97.0,98.0,-1.3,-0.3,1.08,GOOD
1790984866898,1761,3158.0,289.94117307879884,32000.0,97.0,98.0,-1.3,-0.3,1.08,GOOD
1790984866898,1762,3162.0,436.14861492785474,32000.0,97.0,98.0,-1.3,-0.3,1.08,GOOD
1790984866898,1763,3196.0,710.9015855491327,32000.0,97.0,98.0,-1.3,-0.3,1.08,GOOD
1790984866898,1764,3211.0,999.2906781171855,32000.0,97.0,98.0,-1.3,-0.3,1.08,GOOD
1790984866898,1765,1745.0,1128.3135790267863,32000.0,97.0,98.0,-1.3,-0.3,1.08,GOOD
1790984866898,1766,1693.0,938.9514099496346,32000.0,97.0,98.0,-1.3,-0.3,1.08,GOOD
1790984866898,1767,1611.0,452.2595880423308,32000.0,97.0,98.0,-1.3,-0.3,1.08,GOOD
1790984866898,1768,1946.0,-81.92034876614534,32000.0,97.0,98.0,-1.3,-0.3,1.08,GOOD
1790984866898,1769,1979.0,-411.03707257468517,32000.0,97.0,98.0,-1.3,-0.3,1.08,GOOD
1790984866898,1770,2035.0,-455.5377930792861,32000.0,97.0,98.0,-1.3,-0.3,1.08,GOOD
1790984866898,1771,2020.0,-297.12523470942415,32000.0,97.0,98.0,-1.3,-0.3,1.08,GOOD
1790984866898,1772,2065.0,-84.22013856467689,32000.0,97.0,98.0,-1.3,-0.3,1.08,GOOD
1790984866898,1773,2042.0,57.05097710488892,32000.0,97.0,98.0,-1.3,-0.3,1.08,GOOD
1790984866898,1774,2081.0,79.8710375059606,32000.0,97.0,98.0,-1.3,-0.3,1.08,GOOD
1790984866898,1775,2105.0,31.48216057883527,32000.0,97.0,98.0,-1.3,-0.3,1.08,GOOD
1790984866979,1776,1979.0,-7.3864836361969815,32000.0,97.0,98.0,-1.3,-0.3,1.08,GOOD
1790984866979,1777,1958.0,-10.823918549106473,32000.0,97.0,98.0,-1.3,-0.3,1.08,GOOD
1790984866979,1778,1915.0,-16.074540214737304,32000.0,97.0,98.0,-1.3,-0.3,1.08,GOOD
1790984866979,1779,2017.0,-53.715907757169276,32000.0,97.0,98.0,-1.3,-0.3,1.08,GOOD
1790984866979,1780,2037.0,-99.20481046718359,32000.0,97.0,98.0,-1.3,-0.3,1.08,GOOD
1790984866979,1781,2012.0,-105.12959941742679,32000.0,97.0,98.0,-1.3,-0.3,1.08,GOOD
1790984866979,1782,2010.0,-64.8286958413384,32000.0,97.0,98.0,-1.3,-0.3,1.08,GOOD
1790984866979,1783,1878.0,-24.183399241284768,32000.0,97.0,98.0,-1.3,-0.3,1.08,GOOD
1790984866979,1784,1901.0,-33.787905585652524,32000.0,97.0,98.0,-1.3,-0.3,1.08,GOOD
1790984866979,1785,1923.0,-90.46233443838307,32000.0,97.0,98.0,-1.3,-0.3,1.08,GOOD
1790984866979,1786,1923.0,-141.42913737611806,32000.0,97.0,98.0,-1.3,-0.3,1.08,GOOD
1790984866979,1787,2025.0,-146.13131035216406,32000.0,97.0,98.0,-1.3,-0.3,1.08,GOOD
1790984866979,1788,2030.0,-108.48704670230455,32000.0,97.0,98.0,-1.3,-0.3,1.08,GOOD
1790984866979,1789,2060.0,-59.469921488191595,32000.0,97.0,98.0,-1.3,-0.3,1.08,GOOD
1790984866979,1790,2079.0,-21.43348895962967,32000.0,97.0,98.0,-1.3,-0.3,1.08,GOOD
1790984866979,1791,2168.0,11.689498256447612,32000.0,97.0,98.0,-1.3,-0.3,1.08,GOOD
1790984866979,1792,2192.0,55.251523316941515,32000.0,97.0,98.0,-1.3,-0.3,1.08,GOOD
1790984866979,1793,2151.0,102.4213807036308,32000.0,97.0,98.0,-1.3,-0.3,1.08,GOOD
1790984866979,1794,2137.0,127.83721726366417,32000.0,97.0,98.0,-1.3,-0.3,1.08,GOOD
1790984866979,1795,2103.0,121.4146477011876,32000.0,97.0,98.0,-1.3,-0.3,1.08,GOOD
1790984866979,1796,2073.0,97.24752299601087,32000.0,97.0,98.0,-1.3,-0.3,1.08,GOOD
1790984866979,1797,2022.0,68.8522072982641,32000.0,97.0,98.0,-1.3,-0.3,1.08,GOOD
1790984866979,1798,1997.0,35.09339886578755,32000.0,97.0,98.0,-1.3,-0.3,1.08,GOOD
1790984866979,1799,2071.0,-3.2082270923391683,32000.0,97.0,98.0,-1.3,-0.3,1.08,GOOD
1790984866979,1800,2144.0,-25.61152703888526,32000.0,97.0,98.0,-1.3,-0.3,1.08,GOOD
1790984867283,1801,2164.0,-9.603652152977796,-112.0,97.0,98.0,-1.3,-0.3,1.09,GOOD
1790984867283,1802,2154.0,38.81919106336612,-104.0,97.0,98.0,-1.3,-0.3,1.09,GOOD
1790984867283,1803,2447.0,100.44897430951958,-100.0,97.0,98.0,-1.3,-0.3,1.09,GOOD
1790984867283,1804,2423.0,175.1192496803127,-95.0,97.0,98.0,-1.3,-0.3,1.09,GOOD
1790984867283,1805,2490.0,262.2934798829724,-93.0,97.0,98.0,-1.3,-0.3,1.09,GOOD
1790984867283,1806,2495.0,343.74381042625737,-90.0,97.0,98.0,-1.3,-0.3,1.09,GOOD
1790984867283,1807,2353.0,397.58767684912095,-83.0,97.0,98.0,-1.3,-0.3,1.09,GOOD
1790984867283,1808,2309.0,401.91460175923396,-81.0,97.0,98.0,-1.3,-0.3,1.09,GOOD
1790984867283,1809,2328.0,352.6835975008506,-82.0,97.0,98.0,-1.3,-0.3,1.09,GOOD
1790984867283,1810,2332.0,279.9910377789778,-81.0,97.0,98.0,-1.3,-0.3,1.09,GOOD
1790984867283,1811,2383.0,224.81232725242631,-81.0,97.0,98.0,-1.3,-0.3,1.09,GOOD
1790984867283,1812,2359.0,209.24287846898338,-84.0,97.0,98.0,-1.3,-0.3,1.09,GOOD
1790984867283,1813,2307.0,223.75962340540025,-86.0,97.0,98.0,-1.3,-0.3,1.09,GOOD
1790984867283,1814,1988.0,225.79016397606534,-87.0,97.0,98.0,-1.3,-0.3,1.09,GOOD
1790984867283,1815,2004.0,167.45009318427537,-89.0,97.0,98.0,-1.3,-0.3,1.09,GOOD
1790984867283,1816,1918.0,48.516913216120294,-89.0,97.0,98.0,-1.3,-0.3,1.09,GOOD
1790984867283,1817,1973.0,-80.50004618167785,-93.0,97.0,98.0,-1.3,-0.3,1.09,GOOD
1790984867283,1818,1999.0,-167.1228016274755,-97.0,97.0,98.0,-1.3,-0.3,1.09,GOOD
1790984867283,1819,2023.0,-188.91071524532606,-99.0,97.0,98.0,-1.3,-0.3,1.09,GOOD
1790984867283,1820,1895.0,-164.06843082066092,-100.0,97.0,98.0,-1.3,-0.3,1.09,GOOD
1790984867283,1821,1859.0,-139.6197094292975,-102.0,97.0,98.0,-1.3,-0.3,1.09,GOOD
1790984867283,1822,1810.0,-151.52227276399145,-103.0,97.0,98.0,-1.3,-0.3,1.09,GOOD
1790984867283,1823,1806.0,-198.65511499018373,-106.0,97.0,98.0,-1.3,-0.3,1.09,GOOD
1790984867283,1824,1767.0,-256.015879820854,-112.0,97.0,98.0,-1.3,-0.3,1.09,GOOD
1790984867283,1825,1817.0,-298.35298244232433,-115.0,97.0,98.0,-1.3,-0.3,1.09,GOOD
1790984867284,1826,1805.0,-312.1606334303542,32000.0,97.0,98.0,-1.3,-0.3,1.09,GOOD
1790984867284,1827,1832.0,-300.53700887851755,32000.0,97.0,98.0,-1.3,-0.3,1.09,GOOD
1790984867284,1828,1906.0,-274.58567038086653,32000.0,97.0,98.0,-1.3,-0.3,1.09,GOOD
1790984867284,1829,1916.0,-239.56500646778323,32000.0,97.0,98.0,-1.3,-0.3,1.09,GOOD
1790984867284,1830,1902.0,-200.17676750832615,32000.0,97.0,98.0,-1.3,-0.3,1.09,GOOD
1790984867284,1831,2093.0,-160.12872740933642,32000.0,97.0,98.0,-1.3,-0.3,1.09,GOOD
1790984867284,1832,2065.0,-112.31091424283692,32000.0,97.0,98.0,-1.3,-0.3,1.09,GOOD
1790984867284,1833,2098.0,-56.259317328487086,32000.0,97.0,98.0,-1.3,-0.3,1.09,GOOD
1790984867284,1834,2120.0,-5.458973820734507,32000.0,97.0,98.0,-1.3,-0.3,1.09,GOOD
1790984867284,1835,2010.0,27.732406019277047,32000.0,97.0,98.0,-1.3,-0.3,1.09,GOOD
1790984867284,1836,1967.0,30.750618610055128,32000.0,97.0,98.0,-1.3,-0.3,1.09,GOOD
1790984867284,1837,1932.0,-2.9635371443527685,32000.0,97.0,98.0,-1.3,-0.3,1.09,GOOD
1790984867284,1838,1934.0,-59.4017133681632,32000.0,97.0,98.0,-1.3,-0.3,1.09,GOOD
1790984867284,1839,1915.0,-112.74123281074189,32000.0,97.0,98.0,-1.3,-0.3,1.09,GOOD
1790984867284,1840,1914.0,-144.83000130204834,32000.0,97.0,98.0,-1.3,-0.3,1.09,GOOD
1790984867284,1841,1873.0,-155.23408959728258,32000.0,97.0,98.0,-1.3,-0.3,1.09,GOOD
1790984867284,1842,1833.0,-158.60505611782793,32000.0,97.0,98.0,-1.3,-0.3,1.09,GOOD
1790984867284,1843,1848.0,-169.4834650209716,32000.0,97.0,98.0,-1.3,-0.3,1.09,GOOD
1790984867284,1844,1908.0,-184.7918113506646,32000.0,97.0,98.0,-1.3,-0.3,1.09,GOOD
1790984867284,1845,1947.0,-186.7926036878695,32000.0,97.0,98.0,-1.3,-0.3,1.09,GOOD
1790984867284,1846,2090.0,-159.9593008966224,32000.0,97.0,98.0,-1.3,-0.3,1.09,GOOD
1790984867284,1847,2063.0,-102.28732891269564,32000.0,97.0,98.0,-1.3,-0.3,1.09,GOOD
1790984867284,1848,2052.0,-33.15587294473316,32000.0,97.0,98.0,-1.3,-0.3,1.09,GOOD
1790984867284,1849,2093.0,19.839125675612372,32000.0,97.0,98.0,-1.3,-0.3,1.09,GOOD
1790984867284,1850,2020.0,44.313777228793136,32000.0,97.0,98.0,-1.3,-0.3,1.09,GOOD
1790984867285,1851,1977.0,38.607720554267445,32000.0,97.0,98.0,-1.3,-0.3,1.09,GOOD
1790984867285,1852,1958.0,6.026420165168371,32000.0,97.0,98.0,-1.3,-0.3,1.09,GOOD
1790984867285,1853,1811.0,-43.469435072296136,32000.0,97.0,98.0,-1.3,-0.3,1.09,GOOD
1790984867285,1854,1818.0,-102.12499718447076,32000.0,97.0,98.0,-1.3,-0.3,1.09,GOOD
1790984867285,1855,1712.0,-164.76381287927225,32000.0,97.0,98.0,-1.3,-0.3,1.09,GOOD
1790984867285,1856,1756.0,-224.40511196397406,32000.0,97.0,98.0,-1.3,-0.3,1.09,GOOD
1790984867285,1857,2091.0,-257.07629554149804,32000.0,97.0,98.0,-1.3,-0.3,1.09,GOOD
1790984867285,1858,2120.0,-220.83296914973124,32000.0,97.0,98.0,-1.3,-0.3,1.09,GOOD
1790984867285,1859,2185.0,-109.03137737759495,32000.0,97.0,98.0,-1.3,-0.3,1.09,GOOD
1790984867285,1860,2193.0,30.409300332117283,32000.0,97.0,98.0,-1.3,-0.3,1.09,GOOD
1790984867285,1861,2135.0,140.6651746361342,32000.0,97.0,98.0,-1.3,-0.3,1.09,GOOD
1790984867285,1862,2098.0,186.9114748606967,32000.0,97.0,98.0,-1.3,-0.3,1.09,GOOD
1790984867285,1863,2076.0,166.55264482163216,32000.0,97.0,98.0,-1.3,-0.3,1.09,GOOD
1790984867285,1864,1966.0,104.90676506050694,32000.0,97.0,98.0,-1.3,-0.3,1.09,GOOD
1790984867285,1865,1981.0,33.331130166101744,32000.0,97.0,98.0,-1.3,-0.3,1.09,GOOD
1790984867285,1866,1949.0,-24.43317136709595,32000.0,97.0,98.0,-1.3,-0.3,1.09,GOOD
1790984867285,1867,1906.0,-61.064702648334666,32000.0,97.0,98.0,-1.3,-0.3,1.09,GOOD
1790984867285,1868,1848.0,-88.62070045807059,32000.0,97.0,98.0,-1.3,-0.3,1.09,GOOD
1790984867285,1869,1913.0,-116.93438067239234,32000.0,97.0,98.0,-1.3,-0.3,1.09,GOOD
1790984867285,1870,1854.0,-138.47499974980792,32000.0,97.0,98.0,-1.3,-0.3,1.09,GOOD
1790984867285,1871,2204.0,-133.48924559373967,32000.0,97.0,98.0,-1.3,-0.3,1.09,GOOD
1790984867285,1872,2171.0,-79.68286752366845,32000.0,97.0,98.0,-1.3,-0.3,1.09,GOOD
1790984867285,1873,2188.0,15.508226695585233,32000.0,97.0,98.0,-1.3,-0.3,1.09,GOOD
1790984867285,1874,2226.0,111.6154185922957,32000.0,97.0,98.0,-1.3,-0.3,1.09,GOOD
1790984867285,1875,1982.0,171.03104784682557,32000.0,97.0,98.0,-1.3,-0.3,1.09,GOOD
1790984867663,1876,1942.0,165.09728215742487,32000.0,97.3,98.0,-1.3,-0.3,1.08,GOOD
1790984867663,1877,1887.0,88.10297915271303,32000.0,97.3,98.0,-1.3,-0.3,1.08,GOOD
1790984867663,1878,1895.0,-23.7544839518795,32000.0,97.3,98.0,-1.3,-0.3,1.08,GOOD
1790984867663,1879,1950.0,-115.87531998909934,32000.0,97.3,98.0,-1.3,-0.3,1.08,GOOD
1790984867663,1880,1979.0,-149.60629330813632,32000.0,97.3,98.0,-1.3,-0.3,1.08,GOOD
1790984867663,1881,1952.0,-125.51933615187326,32000.0,97.3,98.0,-1.3,-0.3,1.08,GOOD
1790984867663,1882,1844.0,-84.33424456719104,32000.0,97.3,98.0,-1.3,-0.3,1.08,GOOD
1790984867663,1883,1853.0,-71.98601826075704,32000.0,97.3,98.0,-1.3,-0.3,1.08,GOOD
1790984867663,1884,1873.0,-96.87131260883191,32000.0,97.3,98.0,-1.3,-0.3,1.08,GOOD
1790984867663,1885,1892.0,-130.6999156714108,32000.0,97.3,98.0,-1.3,-0.3,1.08,GOOD
1790984867663,1886,1825.0,-149.4268432065897,32000.0,97.3,98.0,-1.3,-0.3,1.08,GOOD
1790984867663,1887,1811.0,-155.82463561796214,32000.0,97.3,98.0,-1.3,-0.3,1.08,GOOD
1790984867663,1888,1823.0,-161.8266907465254,32000.0,97.3,98.0,-1.3,-0.3,1.08,GOOD
1790984867663,1889,2244.0,-152.58722543827025,32000.0,97.3,98.0,-1.3,-0.3,1.08,GOOD
1790984867663,1890,2281.0,-85.96706490995685,32000.0,97.3,98.0,-1.3,-0.3,1.08,GOOD
1790984867663,1891,2282.0,44.25733464245119,32000.0,97.3,98.0,-1.3,-0.3,1.08,GOOD
1790984867663,1892,2256.0,184.3973146035161,32000.0,97.3,98.0,-1.3,-0.3,1.08,GOOD
1790984867663,1893,2778.0,300.5631863037493,32000.0,97.3,98.0,-1.3,-0.3,1.08,GOOD
1790984867663,1894,2834.0,423.30659322811897,32000.0,97.3,98.0,-1.3,-0.3,1.08,GOOD
1790984867663,1895,2856.0,570.7381527797502,32000.0,97.3,98.0,-1.3,-0.3,1.08,GOOD
1790984867663,1896,2535.0,693.0895357283464,32000.0,97.3,98.0,-1.3,-0.3,1.08,GOOD
1790984867663,1897,2456.0,726.2897406159658,32000.0,97.3,98.0,-1.3,-0.3,1.08,GOOD
1790984867663,1898,2385.0,657.3784267353574,32000.0,97.3,98.0,-1.3,-0.3,1.08,GOOD
1790984867663,1899,2304.0,520.7700076749434,32000.0,97.3,98.0,-1.3,-0.3,1.08,GOOD
1790984867663,1900,1802.0,341.81089726117744,32000.0,97.3,98.0,-1.3,-0.3,1.08,GOOD
1790984867664,1901,1977.0,132.71972816852897,32000.0,97.3,98.0,-1.3,-0.3,1.08,GOOD
1790984867664,1902,1967.0,-49.371124402841545,32000.0,97.3,98.0,-1.3,-0.3,1.08,GOOD
1790984867664,1903,1953.0,-139.94751752172112,32000.0,97.3,98.0,-1.3,-0.3,1.08,GOOD
1790984867664,1904,2063.0,-148.44436066750472,32000.0,97.3,98.0,-1.3,-0.3,1.08,GOOD
1790984867664,1905,2085.0,-120.51080478714829,32000.0,97.3,98.0,-1.3,-0.3,1.08,GOOD
1790984867664,1906,2094.0,-76.49057146785714,32000.0,97.3,98.0,-1.3,-0.3,1.08,GOOD
1790984867664,1907,2069.0,-21.460728794752058,32000.0,97.3,98.0,-1.3,-0.3,1.08,GOOD
1790984867664,1908,2022.0,26.052274972124714,32000.0,97.3,98.0,-1.3,-0.3,1.08,GOOD
1790984867664,1909,2035.0,36.49375002866942,32000.0,97.3,98.0,-1.3,-0.3,1.08,GOOD
1790984867664,1910,2071.0,4.957227774832177,32000.0,97.3,98.0,-1.3,-0.3,1.08,GOOD
1790984867664,1911,1900.0,-40.74353637161772,32000.0,97.3,98.0,-1.3,-0.3,1.08,GOOD
1790984867664,1912,1874.0,-78.64499353211545,32000.0,97.3,98.0,-1.3,-0.3,1.08,GOOD
1790984867664,1913,1860.0,-110.06017036775495,32000.0,97.3,98.0,-1.3,-0.3,1.08,GOOD
1790984867664,1914,2050.0,-137.13871611314482,32000.0,97.3,98.0,-1.3,-0.3,1.08,GOOD
1790984867664,1915,2057.0,-146.2755962213561,32000.0,97.3,98.0,-1.3,-0.3,1.08,GOOD
1790984867664,1916,2085.0,-121.50366940272006,32000.0,97.3,98.0,-1.3,-0.3,1.08,GOOD
1790984867664,1917,2060.0,-64.51638019040689,32000.0,97.3,98.0,-1.3,-0.3,1.08,GOOD
1790984867664,1918,2132.0,4.0193259071080885,32000.0,97.3,98.0,-1.3,-0.3,1.08,GOOD
1790984867664,1919,2154.0,56.787154940601496,32000.0,97.3,98.0,-1.3,-0.3,1.08,GOOD
1790984867664,1920,2058.0,73.35094279755091,32000.0,97.3,98.0,-1.3,-0.3,1.08,GOOD
1790984867664,1921,2210.0,59.01653782246373,32000.0,97.3,98.0,-1.3,-0.3,1.08,GOOD
1790984867664,1922,2024.0,45.515673170694164,32000.0,97.3,98.0,-1.3,-0.3,1.08,GOOD
1790984867664,1923,1945.0,41.23559359065389,32000.0,97.3,98.0,-1.3,-0.3,1.08,GOOD
1790984867664,1924,1938.0,16.13318986320062,32000.0,97.3,98.0,-1.3,-0.3,1.08,GOOD
1790984867664,1925,1927.0,-43.6822121835034,32000.0,97.3,98.0,-1.3,-0.3,1.08,GOOD
1790984867766,1926,2361.0,-96.07264072744202,-154.0,97.3,98.0,-1.3,-0.3,1.08,GOOD
1790984867766,1927,2361.0,-67.02217962968075,-151.0,97.3,98.0,-1.3,-0.3,1.08,GOOD
1790984867766,1928,2359.0,59.81562686386422,-150.0,97.3,98.0,-1.3,-0.3,1.08,GOOD
1790984867766,1929,2330.0,211.0439601263338,-149.0,97.3,98.0,-1.3,-0.3,1.08,GOOD
1790984867766,1930,2223.0,302.01973994807383,-143.0,97.3,98.0,-1.3,-0.3,1.08,GOOD
1790984867766,1931,2231.0,301.24670483923865,-141.0,97.3,98.0,-1.3,-0.3,1.08,GOOD
1790984867766,1932,2240.0,237.10882069253475,-144.0,97.3,98.0,-1.3,-0.3,1.08,GOOD
1790984867766,1933,2258.0,166.9907445023363,-144.0,97.3,98.0,-1.3,-0.3,1.08,GOOD
1790984867766,1934,2360.0,134.73330596934082,-146.0,97.3,98.0,-1.3,-0.3,1.08,GOOD
1790984867766,1935,2345.0,151.65829389058086,-145.0,97.3,98.0,-1.3,-0.3,1.08,GOOD
1790984867766,1936,2361.0,197.185663604849,-144.0,97.3,98.0,-1.3,-0.3,1.08,GOOD
1790984867766,1937,2370.0,239.58917160563811,-144.0,97.3,98.0,-1.3,-0.3,1.08,GOOD
1790984867766,1938,2324.0,260.9682916549681,-144.0,97.3,98.0,-1.3,-0.3,1.08,GOOD
1790984867766,1939,2320.0,258.7825103789404,-143.0,97.3,98.0,-1.3,-0.3,1.08,GOOD
1790984867766,1940,2283.0,238.29074306878024,-144.0,97.3,98.0,-1.3,-0.3,1.08,GOOD
1790984867766,1941,2243.0,206.25083074115938,-145.0,97.3,98.0,-1.3,-0.3,1.08,GOOD
1790984867766,1942,2230.0,167.62510582198672,-144.0,97.3,98.0,-1.3,-0.3,1.08,GOOD
1790984867766,1943,2245.0,130.75086234839068,-146.0,97.3,98.0,-1.3,-0.3,1.08,GOOD
1790984867766,1944,2227.0,106.25330628000748,-145.0,97.3,98.0,-1.3,-0.3,1.08,GOOD
1790984867766,1945,1916.0,84.1457564423306,-144.0,97.3,98.0,-1.3,-0.3,1.08,GOOD
1790984867766,1946,1916.0,29.99296386140324,-145.0,97.3,98.0,-1.3,-0.3,1.08,GOOD
1790984867766,1947,1890.0,-65.65272621864565,-144.0,97.3,98.0,-1.3,-0.3,1.08,GOOD
1790984867766,1948,2022.0,-162.59830097843914,-143.0,97.3,98.0,-1.3,-0.3,1.08,GOOD
1790984867766,1949,2018.0,-212.60469863708892,-141.0,97.3,98.0,-1.3,-0.3,1.08,GOOD
1790984867766,1950,2001.0,-203.23627774601093,-141.0,97.3,98.0,-1.3,-0.3,1.08,GOOD
1790984867768,1951,1985.0,-160.35336351487638,32000.0,97.3,98.0,-1.3,-0.3,1.08,GOOD
1790984867768,1952,1771.0,-127.83963113784779,32000.0,97.3,98.0,-1.3,-0.3,1.08,GOOD
1790984867768,1953,1789.0,-145.6374102413385,32000.0,97.3,98.0,-1.3,-0.3,1.08,GOOD
1790984867768,1954,1795.0,-214.7909133451938,32000.0,97.3,98.0,-1.3,-0.3,1.08,GOOD
1790984867768,1955,1770.0,-293.4555740807734,32000.0,97.3,98.0,-1.3,-0.3,1.08,GOOD
1790984867768,1956,2116.0,-329.03347257983006,32000.0,97.3,98.0,-1.3,-0.3,1.08,GOOD
1790984867768,1957,2101.0,-282.56979453748863,32000.0,97.3,98.0,-1.3,-0.3,1.08,GOOD
1790984867768,1958,2096.0,-168.03235934090597,32000.0,97.3,98.0,-1.3,-0.3,1.08,GOOD
1790984867768,1959,2086.0,-51.226346432159005,32000.0,97.3,98.0,-1.3,-0.3,1.08,GOOD
1790984867768,1960,1956.0,12.55286230367156,32000.0,97.3,98.0,-1.3,-0.3,1.08,GOOD
1790984867768,1961,1955.0,7.67098911208628,32000.0,97.3,98.0,-1.3,-0.3,1.08,GOOD
1790984867768,1962,1939.0,-47.46594844765067,32000.0,97.3,98.0,-1.3,-0.3,1.08,GOOD
1790984867768,1963,1940.0,-115.33663042369086,32000.0,97.3,98.0,-1.3,-0.3,1.08,GOOD
1790984867768,1964,1657.0,-174.90440591862708,32000.0,97.3,98.0,-1.3,-0.3,1.08,GOOD
1790984867768,1965,1672.0,-236.82756910109248,32000.0,97.3,98.0,-1.3,-0.3,1.08,GOOD
1790984867768,1966,1658.0,-307.61068587527654,32000.0,97.3,98.0,-1.3,-0.3,1.08,GOOD
1790984867768,1967,1899.0,-362.23711874448543,32000.0,97.3,98.0,-1.3,-0.3,1.08,GOOD
1790984867768,1968,1913.0,-365.86163662249726,32000.0,97.3,98.0,-1.3,-0.3,1.08,GOOD
1790984867768,1969,1941.0,-310.38909324712074,32000.0,97.3,98.0,-1.3,-0.3,1.08,GOOD
1790984867768,1970,1951.0,-220.8597680088883,32000.0,97.3,98.0,-1.3,-0.3,1.08,GOOD
1790984867768,1971,2014.0,-130.52324105652224,32000.0,97.3,98.0,-1.3,-0.3,1.08,GOOD
1790984867768,1972,2003.0,-65.61347043243919,32000.0,97.3,98.0,-1.3,-0.3,1.08,GOOD
1790984867768,1973,1997.0,-41.369528768672474,32000.0,97.3,98.0,-1.3,-0.3,1.08,GOOD
1790984867768,1974,2034.0,-48.830860424563255,32000.0,97.3,98.0,-1.3,-0.3,1.08,GOOD
1790984867768,1975,2035.0,-56.15738770886612,32000.0,97.3,98.0,-1.3,-0.3,1.08,GOOD
1790984867876,1976,2012.0,-43.38150196239003,32000.0,97.3,98.0,-1.3,-0.3,1.08,GOOD
1790984867876,1977,1982.0,-25.797276397332073,32000.0,97.3,98.0,-1.3,-0.3,1.08,GOOD
1790984867876,1978,1985.0,-28.795290426604996,32000.0,97.3,98.0,-1.3,-0.3,1.08,GOOD
1790984867876,1979,1975.0,-52.404418473824904,32000.0,97.3,98.0,-1.3,-0.3,1.08,GOOD
1790984867876,1980,1969.0,-74.19216892262997,32000.0,97.3,98.0,-1.3,-0.3,1.08,GOOD
1790984867876,1981,1964.0,-79.4021032568383,32000.0,97.3,98.0,-1.3,-0.3,1.08,GOOD
1790984867876,1982,1944.0,-76.15131238447675,32000.0,97.3,98.0,-1.3,-0.3,1.08,GOOD
1790984867876,1983,1933.0,-81.27047754462781,32000.0,97.3,98.0,-1.3,-0.3,1.08,GOOD
1790984867876,1984,1954.0,-96.57802521656417,32000.0,97.3,98.0,-1.3,-0.3,1.08,GOOD
1790984867876,1985,1950.0,-106.56694323177922,32000.0,97.3,98.0,-1.3,-0.3,1.08,GOOD
1790984867876,1986,1873.0,-104.23854469626353,32000.0,97.3,98.0,-1.3,-0.3,1.08,GOOD
1790984867876,1987,1865.0,-105.34058874637498,32000.0,97.3,98.0,-1.3,-0.3,1.08,GOOD
1790984867876,1988,1886.0,-123.62528907939085,32000.0,97.3,98.0,-1.3,-0.3,1.08,GOOD
1790984867876,1989,1910.0,-147.98082686697603,32000.0,97.3,98.0,-1.3,-0.3,1.08,GOOD
1790984867876,1990,2006.0,-153.3910583538343,32000.0,97.3,98.0,-1.3,-0.3,1.08,GOOD
1790984867876,1991,2000.0,-125.58976773401088,32000.0,97.3,98.0,-1.3,-0.3,1.08,GOOD
1790984867876,1992,1987.0,-77.5893256871618,32000.0,97.3,98.0,-1.3,-0.3,1.08,GOOD
1790984867876,1993,1973.0,-38.56330438923342,32000.0,97.3,98.0,-1.3,-0.3,1.08,GOOD
1790984867876,1994,2006.0,-23.222598571108414,32000.0,97.3,98.0,-1.3,-0.3,1.08,GOOD
1790984867876,1995,2019.0,-22.281155765347243,32000.0,97.3,98.0,-1.3,-0.3,1.08,GOOD
1790984867876,1996,2010.0,-21.537918339737857,32000.0,97.3,98.0,-1.3,-0.3,1.08,GOOD
1790984867876,1997,1997.0,-18.292690036332665,32000.0,97.3,98.0,-1.3,-0.3,1.08,GOOD
1790984867876,1998,2026.0,-15.629960020661324,32000.0,97.3,98.0,-1.3,-0.3,1.08,GOOD
1790984867876,1999,2039.0,-11.481186382770872,32000.0,97.3,98.0,-1.3,-0.3,1.08,GOOD
1790984867876,2000,2039.0,-2.558342423792478,32000.0,97.3,98.0,-1.3,-0.3,1.08,GOOD
1790984867990,2001,2026.0,7.74690352290268,32000.0,96.5,98.0,-1.3,-0.3,1.08,GOOD
1790984867990,2002,2069.0,14.944589214895998,32000.0,96.5,98.0,-1.3,-0.3,1.08,GOOD
1790984867990,2003,2080.0,22.186931591487717,32000.0,96.5,98.0,-1.3,-0.3,1.08,GOOD
1790984867990,2004,2097.0,34.77010194177756,32000.0,96.5,98.0,-1.3,-0.3,1.08,GOOD
1790984867990,2005,2084.0,50.741861758330984,32000.0,96.5,98.0,-1.3,-0.3,1.08,GOOD
1790984867990,2006,1917.0,56.39320254126814,32000.0,96.5,98.0,-1.3,-0.3,1.08,GOOD
1790984867990,2007,1848.0,30.2969955003047,32000.0,96.5,98.0,-1.3,-0.3,1.08,GOOD
1790984867990,2008,1907.0,-29.929135484290654,32000.0,96.5,98.0,-1.3,-0.3,1.08,GOOD
1790984867990,2009,2119.0,-86.17829825168936,32000.0,96.5,98.0,-1.3,-0.3,1.08,GOOD
1790984867990,2010,2159.0,-88.70584809673836,32000.0,96.5,98.0,-1.3,-0.3,1.08,GOOD
1790984867990,2011,2155.0,-28.154215224224547,32000.0,96.5,98.0,-1.3,-0.3,1.08,GOOD
1790984867990,2012,2139.0,59.16794215067928,32000.0,96.5,98.0,-1.3,-0.3,1.08,GOOD
1790984867990,2013,1767.0,115.99591427986388,32000.0,96.5,98.0,-1.3,-0.3,1.08,GOOD
1790984867990,2014,1783.0,86.93809165186514,32000.0,96.5,98.0,-1.3,-0.3,1.08,GOOD
1790984867990,2015,1774.0,-29.99175368696548,32000.0,96.5,98.0,-1.3,-0.3,1.08,GOOD
1790984867990,2016,1791.0,-169.59432723310516,32000.0,96.5,98.0,-1.3,-0.3,1.08,GOOD
1790984867990,2017,1994.0,-254.5778892319634,32000.0,96.5,98.0,-1.3,-0.3,1.08,GOOD
1790984867990,2018,1948.0,-243.30374435168048,32000.0,96.5,98.0,-1.3,-0.3,1.08,GOOD
1790984867990,2019,2001.0,-156.44462366981014,32000.0,96.5,98.0,-1.3,-0.3,1.08,GOOD
1790984867990,2020,1986.0,-58.08352693658099,32000.0,96.5,98.0,-1.3,-0.3,1.08,GOOD
1790984867990,2021,2041.0,3.602013249276962,32000.0,96.5,98.0,-1.3,-0.3,1.08,GOOD
1790984867990,2022,2041.0,24.85852445537264,32000.0,96.5,98.0,-1.3,-0.3,1.08,GOOD
1790984867990,2023,2066.0,29.44903070645792,32000.0,96.5,98.0,-1.3,-0.3,1.08,GOOD
1790984867990,2024,2073.0,38.30541470755302,32000.0,96.5,98.0,-1.3,-0.3,1.08,GOOD
1790984867990,2025,1943.0,48.75542578772817,32000.0,96.5,98.0,-1.3,-0.3,1.08,GOOD
1790984868101,2026,2022.0,42.497939493809014,32000.0,96.5,98.0,-1.3,-0.3,1.08,GOOD
1790984868101,2027,2002.0,19.00213798338657,32000.0,96.5,98.0,-1.3,-0.3,1.08,GOOD
1790984868101,2028,2092.0,1.4486336351147524,32000.0,96.5,98.0,-1.3,-0.3,1.08,GOOD
1790984868101,2029,2114.0,10.073061845641929,32000.0,96.5,98.0,-1.3,-0.3,1.08,GOOD
1790984868101,2030,2145.0,45.20342587002368,32000.0,96.5,98.0,-1.3,-0.3,1.08,GOOD
1790984868101,2031,2140.0,89.74219066470988,32000.0,96.5,98.0,-1.3,-0.3,1.08,GOOD
1790984868101,2032,2907.0,154.8162162422166,32000.0,96.5,98.0,-1.3,-0.3,1.08,GOOD
1790984868101,2033,2925.0,300.14750214324,32000.0,96.5,98.0,-1.3,-0.3,1.08,GOOD
1790984868101,2034,2963.0,534.44366794481,32000.0,96.5,98.0,-1.3,-0.3,1.08,GOOD
1790984868101,2035,3000.0,772.6914947001887,32000.0,96.5,98.0,-1.3,-0.3,1.08,GOOD
1790984868101,2036,2356.0,910.8020749658749,32000.0,96.5,98.0,-1.3,-0.3,1.08,GOOD
1790984868101,2037,2252.0,866.7479931863589,32000.0,96.5,98.0,-1.3,-0.3,1.08,GOOD
1790984868101,2038,2212.0,641.5054087971469,32000.0,96.5,98.0,-1.3,-0.3,1.08,GOOD
1790984868101,2039,2032.0,342.83007142912527,32000.0,96.5,98.0,-1.3,-0.3,1.08,GOOD
1790984868101,2040,2070.0,88.81973328248492,32000.0,96.5,98.0,-1.3,-0.3,1.08,GOOD
1790984868101,2041,2082.0,-55.0095111343989,32000.0,96.5,98.0,-1.3,-0.3,1.08,GOOD
1790984868101,2042,2065.0,-82.80930759265611,32000.0,96.5,98.0,-1.3,-0.3,1.08,GOOD
1790984868101,2043,1783.0,-57.970367731165446,32000.0,96.5,98.0,-1.3,-0.3,1.08,GOOD
1790984868101,2044,1785.0,-70.72174607019919,32000.0,96.5,98.0,-1.3,-0.3,1.08,GOOD
1790984868101,2045,1817.0,-147.2578357909057,32000.0,96.5,98.0,-1.3,-0.3,1.08,GOOD
1790984868101,2046,2029.0,-226.34125203554368,32000.0,96.5,98.0,-1.3,-0.3,1.08,GOOD
1790984868101,2047,2007.0,-238.45837053535115,32000.0,96.5,98.0,-1.3,-0.3,1.08,GOOD
1790984868101,2048,2015.0,-181.52431101023635,32000.0,96.5,98.0,-1.3,-0.3,1.08,GOOD
1790984868101,2049,2020.0,-105.43514961442683,32000.0,96.5,98.0,-1.3,-0.3,1.08,GOOD
1790984868101,2050,2072.0,-47.83671414610572,32000.0,96.5,98.0,-1.3,-0.3,1.08,GOOD
1790984868202,2051,2047.0,-14.380609947660517,32000.0,96.5,98.0,-1.3,-0.3,1.08,GOOD
1790984868202,2052,2041.0,-1.8455688024769676,32000.0,96.5,98.0,-1.3,-0.3,1.08,GOOD
1790984868202,2053,2040.0,-7.302742949294608,32000.0,96.5,98.0,-1.3,-0.3,1.08,GOOD
1790984868202,2054,2036.0,-20.972867547348887,32000.0,96.5,98.0,-1.3,-0.3,1.08,GOOD
1790984868202,2055,2024.0,-30.817203998322285,32000.0,96.5,98.0,-1.3,-0.3,1.08,GOOD
1790984868202,2056,1989.0,-35.17401612366087,32000.0,96.5,98.0,-1.3,-0.3,1.08,GOOD
1790984868202,2057,1946.0,-44.0435724030931,32000.0,96.5,98.0,-1.3,-0.3,1.08,GOOD
1790984868202,2058,2079.0,-60.287994737377,32000.0,96.5,98.0,-1.3,-0.3,1.08,GOOD
1790984868202,2059,2074.0,-66.11996652540094,32000.0,96.5,98.0,-1.3,-0.3,1.08,GOOD
1790984868202,2060,2087.0,-47.00762111951433,32000.0,96.5,98.0,-1.3,-0.3,1.08,GOOD
1790984868202,2061,2055.0,-13.903105093606047,32000.0,96.5,98.0,-1.3,-0.3,1.08,GOOD
1790984868202,2062,1960.0,7.673720887834218,32000.0,96.5,98.0,-1.3,-0.3,1.08,GOOD
1790984868202,2063,1981.0,-1.1380189893042827,32000.0,96.5,98.0,-1.3,-0.3,1.08,GOOD
1790984868202,2064,1996.0,-34.432562137497264,32000.0,96.5,98.0,-1.3,-0.3,1.08,GOOD
1790984868202,2065,2136.0,-62.22063811082059,32000.0,96.5,98.0,-1.3,-0.3,1.08,GOOD
1790984868202,2066,2126.0,-55.43215054763623,32000.0,96.5,98.0,-1.3,-0.3,1.08,GOOD
1790984868202,2067,2116.0,-13.861368260816691,32000.0,96.5,98.0,-1.3,-0.3,1.08,GOOD
1790984868202,2068,2117.0,35.814106499242094,32000.0,96.5,98.0,-1.3,-0.3,1.08,GOOD
1790984868202,2069,2331.0,77.38301958782544,32000.0,96.5,98.0,-1.3,-0.3,1.08,GOOD
1790984868202,2070,2336.0,121.92155827298316,32000.0,96.5,98.0,-1.3,-0.3,1.08,GOOD
1790984868202,2071,2322.0,175.6069402025803,32000.0,96.5,98.0,-1.3,-0.3,1.08,GOOD
1790984868202,2072,2330.0,223.90647694078535,32000.0,96.5,98.0,-1.3,-0.3,1.08,GOOD
1790984868202,2073,2156.0,248.79232186840753,32000.0,96.5,98.0,-1.3,-0.3,1.08,GOOD
1790984868202,2074,2129.0,233.0159111743689,32000.0,96.5,98.0,-1.3,-0.3,1.08,GOOD
1790984868202,2075,2113.0,172.27396997484064,32000.0,96.5,98.0,-1.3,-0.3,1.08,GOOD
1790984868300,2076,2094.0,89.93143998098587,32000.0,96.5,98.0,-1.3,-0.3,1.09,GOOD
1790984868300,2077,2233.0,25.96739347108648,32000.0,96.5,98.0,-1.3,-0.3,1.09,GOOD
1790984868300,2078,2248.0,15.930090657035286,32000.0,96.5,98.0,-1.3,-0.3,1.09,GOOD
1790984868300,2079,2255.0,61.50436725048913,32000.0,96.5,98.0,-1.3,-0.3,1.09,GOOD
1790984868300,2080,2260.0,124.9838840064094,32000.0,96.5,98.0,-1.3,-0.3,1.09,GOOD
1790984868300,2081,2499.0,176.85730242886746,32000.0,96.5,98.0,-1.3,-0.3,1.09,GOOD
1790984868300,2082,2463.0,226.35305233129213,32000.0,96.5,98.0,-1.3,-0.3,1.09,GOOD
1790984868300,2083,2470.0,284.4852705170224,32000.0,96.5,98.0,-1.3,-0.3,1.09,GOOD
1790984868300,2084,2452.0,336.73861996606234,32000.0,96.5,98.0,-1.3,-0.3,1.09,GOOD
1790984868300,2085,2196.0,354.79515179378086,32000.0,96.5,98.0,-1.3,-0.3,1.09,GOOD
1790984868300,2086,2185.0,310.64309694842564,32000.0,96.5,98.0,-1.3,-0.3,1.09,GOOD
1790984868300,2087,2166.0,209.63844930551926,32000.0,96.5,98.0,-1.3,-0.3,1.09,GOOD
1790984868300,2088,2186.0,100.13454363878853,32000.0,96.5,98.0,-1.3,-0.3,1.09,GOOD
1790984868300,2089,2029.0,23.013773791817933,32000.0,96.5,98.0,-1.3,-0.3,1.09,GOOD
1790984868300,2090,2046.0,-21.950265545601212,32000.0,96.5,98.0,-1.3,-0.3,1.09,GOOD
1790984868300,2091,2025.0,-51.92178353245937,32000.0,96.5,98.0,-1.3,-0.3,1.09,GOOD
1790984868300,2092,2030.0,-75.58652291794264,32000.0,96.5,98.0,-1.3,-0.3,1.09,GOOD
1790984868300,2093,1881.0,-100.96230006135241,32000.0,96.5,98.0,-1.3,-0.3,1.09,GOOD
1790984868300,2094,1879.0,-138.91095075602135,32000.0,96.5,98.0,-1.3,-0.3,1.09,GOOD
1790984868300,2095,1879.0,-185.3912312131721,32000.0,96.5,98.0,-1.3,-0.3,1.09,GOOD
1790984868300,2096,1847.0,-223.7543818602278,32000.0,96.5,98.0,-1.3,-0.3,1.09,GOOD
1790984868300,2097,1992.0,-243.07004026342142,32000.0,96.5,98.0,-1.3,-0.3,1.09,GOOD
1790984868300,2098,1981.0,-236.05170933471808,32000.0,96.5,98.0,-1.3,-0.3,1.09,GOOD
1790984868300,2099,2004.0,-201.71337340486085,32000.0,96.5,98.0,-1.3,-0.3,1.09,GOOD
1790984868300,2100,2018.0,-152.5523434054213,32000.0,96.5,98.0,-1.3,-0.3,1.09,GOOD
1790984868495,2101,2077.0,-103.71222269108142,32000.0,96.5,98.0,-1.2,-0.3,1.07,GOOD
1790984868495,2102,1926.0,-71.43639882416562,32000.0,96.5,98.0,-1.2,-0.3,1.07,GOOD
1790984868495,2103,2040.0,-70.32731683331366,32000.0,96.5,98.0,-1.2,-0.3,1.07,GOOD
1790984868495,2104,2060.0,-87.6728193494001,32000.0,96.5,98.0,-1.2,-0.3,1.07,GOOD
1790984868495,2105,1883.0,-98.79820033149855,32000.0,96.5,98.0,-1.2,-0.3,1.07,GOOD
1790984868495,2106,1872.0,-110.96644751248755,32000.0,96.5,98.0,-1.2,-0.3,1.07,GOOD
1790984868495,2107,1851.0,-143.10309897589815,32000.0,96.5,98.0,-1.2,-0.3,1.07,GOOD
1790984868495,2108,1836.0,-190.51794805716617,32000.0,96.5,98.0,-1.2,-0.3,1.07,GOOD
1790984868495,2109,1724.0,-239.4944480193144,32000.0,96.5,98.0,-1.2,-0.3,1.07,GOOD
1790984868495,2110,1716.0,-284.8294281008921,32000.0,96.5,98.0,-1.2,-0.3,1.07,GOOD
1790984868495,2111,1695.0,-323.28041787720906,32000.0,96.5,98.0,-1.2,-0.3,1.07,GOOD
1790984868495,2112,1936.0,-341.2667368937108,32000.0,96.5,98.0,-1.2,-0.3,1.07,GOOD
1790984868495,2113,1922.0,-319.0292585372015,32000.0,96.5,98.0,-1.2,-0.3,1.07,GOOD
1790984868495,2114,1964.0,-257.1396115361581,32000.0,96.5,98.0,-1.2,-0.3,1.07,GOOD
1790984868495,2115,1985.0,-179.6464019155855,32000.0,96.5,98.0,-1.2,-0.3,1.07,GOOD
1790984868495,2116,1943.0,-110.83639518416149,32000.0,96.5,98.0,-1.2,-0.3,1.07,GOOD
1790984868495,2117,1910.0,-71.81578326216797,32000.0,96.5,98.0,-1.2,-0.3,1.07,GOOD
1790984868495,2118,1887.0,-76.45058162620039,32000.0,96.5,98.0,-1.2,-0.3,1.07,GOOD
1790984868495,2119,2001.0,-110.24928082931754,32000.0,96.5,98.0,-1.2,-0.3,1.07,GOOD
1790984868495,2120,2029.0,-131.56296835700613,32000.0,96.5,98.0,-1.2,-0.3,1.07,GOOD
1790984868495,2121,2010.0,-112.69298125354062,32000.0,96.5,98.0,-1.2,-0.3,1.07,GOOD
1790984868495,2122,1996.0,-69.0791110098162,32000.0,96.5,98.0,-1.2,-0.3,1.07,GOOD
1790984868495,2123,1843.0,-41.125186396219796,32000.0,96.5,98.0,-1.2,-0.3,1.07,GOOD
1790984868495,2124,1826.0,-59.57727271866427,32000.0,96.5,98.0,-1.2,-0.3,1.07,GOOD
1790984868495,2125,1837.0,-118.05585823575151,32000.0,96.5,98.0,-1.2,-0.3,1.07,GOOD
1790984868496,2126,1808.0,-180.43814701350914,32000.0,96.5,98.0,-1.2,-0.3,1.07,GOOD
1790984868496,2127,1985.0,-213.33517329462643,32000.0,96.5,98.0,-1.2,-0.3,1.07,GOOD
1790984868496,2128,1984.0,-199.1343596235273,32000.0,96.5,98.0,-1.2,-0.3,1.07,GOOD
1790984868496,2129,2022.0,-143.70814345547524,32000.0,96.5,98.0,-1.2,-0.3,1.07,GOOD
1790984868496,2130,1768.0,-84.52074692807007,32000.0,96.5,98.0,-1.2,-0.3,1.07,GOOD
1790984868496,2131,1769.0,-70.4492615036041,32000.0,96.5,98.0,-1.2,-0.3,1.07,GOOD
1790984868496,2132,1735.0,-117.34414541849921,32000.0,96.5,98.0,-1.2,-0.3,1.07,GOOD
1790984868496,2133,1708.0,-197.26986522164628,32000.0,96.5,98.0,-1.2,-0.3,1.07,GOOD
1790984868496,2134,2091.0,-257.8590313261315,32000.0,96.5,98.0,-1.2,-0.3,1.07,GOOD
1790984868496,2135,2141.0,-237.92330466617818,32000.0,96.5,98.0,-1.2,-0.3,1.07,GOOD
1790984868496,2136,2141.0,-122.56833672261007,32000.0,96.5,98.0,-1.2,-0.3,1.07,GOOD
1790984868496,2137,1925.0,19.306044260501764,32000.0,96.5,98.0,-1.2,-0.3,1.07,GOOD
1790984868496,2138,1917.0,95.23018389612999,32000.0,96.5,98.0,-1.2,-0.3,1.07,GOOD
1790984868496,2139,1912.0,72.67932847973121,32000.0,96.5,98.0,-1.2,-0.3,1.07,GOOD
1790984868496,2140,1938.0,-8.131666818091023,32000.0,96.5,98.0,-1.2,-0.3,1.07,GOOD
1790984868496,2141,2078.0,-79.1653324852544,32000.0,96.5,98.0,-1.2,-0.3,1.07,GOOD
1790984868496,2142,2050.0,-89.92275026236265,32000.0,96.5,98.0,-1.2,-0.3,1.07,GOOD
1790984868496,2143,2037.0,-40.660038498398464,32000.0,96.5,98.0,-1.2,-0.3,1.07,GOOD
1790984868496,2144,2042.0,23.792501003433564,32000.0,96.5,98.0,-1.2,-0.3,1.07,GOOD
1790984868496,2145,1886.0,55.133646772490906,32000.0,96.5,98.0,-1.2,-0.3,1.07,GOOD
1790984868496,2146,1905.0,30.715097700374255,32000.0,96.5,98.0,-1.2,-0.3,1.07,GOOD
1790984868496,2147,1895.0,-30.999082461069637,32000.0,96.5,98.0,-1.2,-0.3,1.07,GOOD
1790984868496,2148,1905.0,-87.01533311822209,32000.0,96.5,98.0,-1.2,-0.3,1.07,GOOD
1790984868496,2149,2083.0,-105.5422598307962,32000.0,96.5,98.0,-1.2,-0.3,1.07,GOOD
1790984868496,2150,2073.0,-76.87286988016123,32000.0,96.5,98.0,-1.2,-0.3,1.07,GOOD
1790984868672,2151,2001.0,-19.66490590983269,32000.0,97.4,98.0,-1.4,-0.3,1.09,GOOD
1790984868672,2152,2039.0,30.317129507792504,32000.0,97.4,98.0,-1.4,-0.3,1.09,GOOD
1790984868672,2153,2010.0,55.1394903562062,32000.0,97.4,98.0,-1.4,-0.3,1.09,GOOD
1790984868672,2154,2003.0,56.088415485871984,32000.0,97.4,98.0,-1.4,-0.3,1.09,GOOD
1790984868672,2155,2025.0,38.2903853810197,32000.0,97.4,98.0,-1.4,-0.3,1.09,GOOD
1790984868672,2156,1647.0,0.05453781871291841,32000.0,97.4,98.0,-1.4,-0.3,1.09,GOOD
1790984868672,2157,1748.0,-69.8663153140747,32000.0,97.4,98.0,-1.4,-0.3,1.09,GOOD
1790984868672,2158,1744.0,-157.740884946921,32000.0,97.4,98.0,-1.4,-0.3,1.09,GOOD
1790984868672,2159,1744.0,-226.40796872061645,32000.0,97.4,98.0,-1.4,-0.3,1.09,GOOD
1790984868672,2160,1939.0,-254.73905283956094,32000.0,97.4,98.0,-1.4,-0.3,1.09,GOOD
1790984868672,2161,2008.0,-229.33574482457362,32000.0,97.4,98.0,-1.4,-0.3,1.09,GOOD
1790984868672,2162,2021.0,-145.94731015882795,32000.0,97.4,98.0,-1.4,-0.3,1.09,GOOD
1790984868672,2163,2007.0,-35.89133425148645,32000.0,97.4,98.0,-1.4,-0.3,1.09,GOOD
1790984868672,2164,1863.0,43.742839443449604,32000.0,97.4,98.0,-1.4,-0.3,1.09,GOOD
1790984868672,2165,1888.0,50.304925839674496,32000.0,97.4,98.0,-1.4,-0.3,1.09,GOOD
1790984868672,2166,1885.0,-5.533100374321286,32000.0,97.4,98.0,-1.4,-0.3,1.09,GOOD
1790984868672,2167,1887.0,-70.66178900518193,32000.0,97.4,98.0,-1.4,-0.3,1.09,GOOD
1790984868672,2168,1925.0,-102.09285075377527,32000.0,97.4,98.0,-1.4,-0.3,1.09,GOOD
1790984868672,2169,1906.0,-94.80595140864344,32000.0,97.4,98.0,-1.4,-0.3,1.09,GOOD
1790984868672,2170,1922.0,-71.11163257030017,32000.0,97.4,98.0,-1.4,-0.3,1.09,GOOD
1790984868672,2171,2164.0,-43.13525862515264,32000.0,97.4,98.0,-1.4,-0.3,1.09,GOOD
1790984868672,2172,2178.0,7.164112157122009,32000.0,97.4,98.0,-1.4,-0.3,1.09,GOOD
1790984868672,2173,2177.0,87.70539235532848,32000.0,97.4,98.0,-1.4,-0.3,1.09,GOOD
1790984868672,2174,2216.0,171.4724073930301,32000.0,97.4,98.0,-1.4,-0.3,1.09,GOOD
1790984868672,2175,2781.0,252.37149675247446,32000.0,97.4,98.0,-1.4,-0.3,1.09,GOOD
1790984868772,2176,2790.0,372.3654366790299,32000.0,97.4,98.0,-1.3,-0.2,1.08,GOOD
1790984868772,2177,2746.0,539.2107794293138,32000.0,97.4,98.0,-1.3,-0.2,1.08,GOOD
1790984868772,2178,2877.0,697.5220512999633,32000.0,97.4,98.0,-1.3,-0.2,1.08,GOOD
1790984868772,2179,2486.0,792.7601751153512,32000.0,97.4,98.0,-1.3,-0.2,1.08,GOOD
1790984868772,2180,2416.0,783.7228360530219,32000.0,97.4,98.0,-1.3,-0.2,1.08,GOOD
1790984868772,2181,2333.0,659.5357218834017,32000.0,97.4,98.0,-1.3,-0.2,1.08,GOOD
1790984868772,2182,2265.0,472.64375069932345,32000.0,97.4,98.0,-1.3,-0.2,1.08,GOOD
1790984868772,2183,2044.0,292.92878074296766,32000.0,97.4,98.0,-1.3,-0.2,1.08,GOOD
1790984868772,2184,2093.0,156.30866024723903,32000.0,97.4,98.0,-1.3,-0.2,1.08,GOOD
1790984868772,2185,2102.0,72.5321295142831,32000.0,97.4,98.0,-1.3,-0.2,1.08,GOOD
1790984868772,2186,2094.0,35.01700039528761,32000.0,97.4,98.0,-1.3,-0.2,1.08,GOOD
1790984868772,2187,1904.0,14.24476627932717,32000.0,97.4,98.0,-1.3,-0.2,1.08,GOOD
1790984868772,2188,1894.0,-21.813877764895487,32000.0,97.4,98.0,-1.3,-0.2,1.08,GOOD
1790984868772,2189,1903.0,-72.41654696325709,32000.0,97.4,98.0,-1.3,-0.2,1.08,GOOD
1790984868772,2190,2052.0,-108.51752468015091,32000.0,97.4,98.0,-1.3,-0.2,1.08,GOOD
1790984868772,2191,1989.0,-112.31297589786209,32000.0,97.4,98.0,-1.3,-0.2,1.08,GOOD
1790984868772,2192,1939.0,-98.28006584862035,32000.0,97.4,98.0,-1.3,-0.2,1.08,GOOD
1790984868772,2193,1942.0,-87.76254447144215,32000.0,97.4,98.0,-1.3,-0.2,1.08,GOOD
1790984868772,2194,2069.0,-76.43811308563227,32000.0,97.4,98.0,-1.3,-0.2,1.08,GOOD
1790984868772,2195,2055.0,-50.32532148223946,32000.0,97.4,98.0,-1.3,-0.2,1.08,GOOD
1790984868772,2196,2059.0,-19.46503140414333,32000.0,97.4,98.0,-1.3,-0.2,1.08,GOOD
1790984868772,2197,2076.0,-2.5012371531562225,32000.0,97.4,98.0,-1.3,-0.2,1.08,GOOD
1790984868772,2198,2123.0,7.971730724810916,32000.0,97.4,98.0,-1.3,-0.2,1.08,GOOD
1790984868772,2199,2132.0,32.24739482929915,32000.0,97.4,98.0,-1.3,-0.2,1.08,GOOD
1790984868772,2200,2120.0,66.74876651520394,32000.0,97.4,98.0,-1.3,-0.2,1.08,GOOD
1790984868848,2201,1876.0,76.91399182588383,32000.0,97.4,98.0,-1.4,-0.2,1.08,GOOD
1790984868848,2202,1876.0,30.776900846902606,32000.0,97.4,98.0,-1.4,-0.2,1.08,GOOD
1790984868848,2203,1902.0,-54.56625712409952,32000.0,97.4,98.0,-1.4,-0.2,1.08,GOOD
1790984868848,2204,1906.0,-126.30824461899915,32000.0,97.4,98.0,-1.4,-0.2,1.08,GOOD
1790984868848,2205,1743.0,-164.56038142218188,32000.0,97.4,98.0,-1.4,-0.2,1.08,GOOD
1790984868848,2206,1769.0,-195.02207638323483,32000.0,97.4,98.0,-1.4,-0.2,1.08,GOOD
1790984868848,2207,1801.0,-230.5914420371982,32000.0,97.4,98.0,-1.4,-0.2,1.08,GOOD
1790984868848,2208,2017.0,-243.18171243053098,32000.0,97.4,98.0,-1.4,-0.2,1.08,GOOD
1790984868848,2209,2105.0,-199.3910296941305,32000.0,97.4,98.0,-1.4,-0.2,1.08,GOOD
1790984868848,2210,2112.0,-104.64300160621706,32000.0,97.4,98.0,-1.4,-0.2,1.08,GOOD
1790984868848,2211,2123.0,-0.5680614216404081,32000.0,97.4,98.0,-1.4,-0.2,1.08,GOOD
1790984868848,2212,2538.0,93.69738239398026,32000.0,97.4,98.0,-1.4,-0.2,1.08,GOOD
1790984868848,2213,2521.0,204.12582969508009,32000.0,97.4,98.0,-1.4,-0.2,1.08,GOOD
1790984868848,2214,2531.0,333.832619885621,32000.0,97.4,98.0,-1.4,-0.2,1.08,GOOD
1790984868848,2215,2512.0,438.8069070931866,32000.0,97.4,98.0,-1.4,-0.2,1.08,GOOD
1790984868848,2216,2156.0,476.2283434602502,32000.0,97.4,98.0,-1.4,-0.2,1.08,GOOD
1790984868848,2217,2130.0,423.4587269917695,32000.0,97.4,98.0,-1.4,-0.2,1.08,GOOD
1790984868848,2218,2117.0,295.3667548651032,32000.0,97.4,98.0,-1.4,-0.2,1.08,GOOD
1790984868848,2219,2314.0,155.95630741361572,32000.0,97.4,98.0,-1.4,-0.2,1.08,GOOD
1790984868848,2220,2329.0,78.33810030351398,32000.0,97.4,98.0,-1.4,-0.2,1.08,GOOD
1790984868848,2221,2313.0,91.41374872197093,32000.0,97.4,98.0,-1.4,-0.2,1.08,GOOD
1790984868848,2222,2232.0,161.86949334994574,32000.0,97.4,98.0,-1.4,-0.2,1.08,GOOD
1790984868848,2223,2128.0,221.22373976233408,32000.0,97.4,98.0,-1.4,-0.2,1.08,GOOD
1790984868848,2224,2163.0,216.1036026806232,32000.0,97.4,98.0,-1.4,-0.2,1.08,GOOD
1790984868848,2225,2168.0,150.60634961718483,32000.0,97.4,98.0,-1.4,-0.2,1.08,GOOD
1790984869042,2226,2226.0,79.33524072255545,32000.0,97.4,98.0,-1.4,-0.3,1.09,GOOD
1790984869042,2227,2209.0,53.86632635353206,32000.0,97.4,98.0,-1.4,-0.3,1.09,GOOD
1790984869042,2228,2182.0,77.16845338237427,32000.0,97.4,98.0,-1.4,-0.3,1.09,GOOD
1790984869042,2229,2152.0,108.1054685503099,32000.0,97.4,98.0,-1.4,-0.3,1.09,GOOD
1790984869042,2230,2422.0,119.91742220664275,32000.0,97.4,98.0,-1.4,-0.3,1.09,GOOD
1790984869042,2231,2443.0,138.94392058257927,32000.0,97.4,98.0,-1.4,-0.3,1.09,GOOD
1790984869042,2232,2349.0,192.38958912113242,32000.0,97.4,98.0,-1.4,-0.3,1.09,GOOD
1790984869042,2233,1939.0,239.94127582831467,32000.0,97.4,98.0,-1.4,-0.3,1.09,GOOD
1790984869042,2234,1888.0,203.77272603206353,32000.0,97.4,98.0,-1.4,-0.3,1.09,GOOD
1790984869042,2235,1842.0,64.0504620825052,32000.0,97.4,98.0,-1.4,-0.3,1.09,GOOD
1790984869042,2236,1819.0,-117.73941149193693,32000.0,97.4,98.0,-1.4,-0.3,1.09,GOOD
1790984869042,2237,1769.0,-266.5003695226476,32000.0,97.4,98.0,-1.4,-0.3,1.09,GOOD
1790984869042,2238,1796.0,-343.59049956408853,32000.0,97.4,98.0,-1.4,-0.3,1.09,GOOD
1790984869042,2239,1760.0,-351.5762910123907,32000.0,97.4,98.0,-1.4,-0.3,1.09,GOOD
1790984869042,2240,1745.0,-326.18424784735566,32000.0,97.4,98.0,-1.4,-0.3,1.09,GOOD
1790984869042,2241,1806.0,-307.393957474747,32000.0,97.4,98.0,-1.4,-0.3,1.09,GOOD
1790984869042,2242,1847.0,-302.8337245790109,32000.0,97.4,98.0,-1.4,-0.3,1.09,GOOD
1790984869042,2243,1889.0,-290.5488008263492,32000.0,97.4,98.0,-1.4,-0.3,1.09,GOOD
1790984869042,2244,2040.0,-248.70290478351254,32000.0,97.4,98.0,-1.4,-0.3,1.09,GOOD
1790984869042,2245,2005.0,-176.61504716858468,32000.0,97.4,98.0,-1.4,-0.3,1.09,GOOD
1790984869042,2246,2018.0,-101.70301866039243,32000.0,97.4,98.0,-1.4,-0.3,1.09,GOOD
1790984869042,2247,2019.0,-54.46628774966405,32000.0,97.4,98.0,-1.4,-0.3,1.09,GOOD
1790984869042,2248,1998.0,-38.154865771187715,32000.0,97.4,98.0,-1.4,-0.3,1.09,GOOD
1790984869042,2249,1809.0,-46.00429091874273,32000.0,97.4,98.0,-1.4,-0.3,1.09,GOOD
1790984869042,2250,1761.0,-86.5225344409815,32000.0,97.4,98.0,-1.4,-0.3,1.09,GOOD
1790984869182,2251,1761.0,-161.72219990361828,32000.0,97.4,98.0,-1.3,-0.3,1.08,GOOD
1790984869182,2252,1765.0,-244.60147151873582,32000.0,97.4,98.0,-1.3,-0.3,1.08,GOOD
1790984869182,2253,1688.0,-303.7944867003579,32000.0,97.4,98.0,-1.3,-0.3,1.08,GOOD
1790984869182,2254,1726.0,-330.3622772930637,32000.0,97.4,98.0,-1.3,-0.3,1.08,GOOD
1790984869182,2255,1719.0,-331.25389181822607,32000.0,97.4,98.0,-1.3,-0.3,1.08,GOOD
1790984869182,2256,1699.0,-320.1316741053057,32000.0,97.4,98.0,-1.3,-0.3,1.08,GOOD
1790984869182,2257,2267.0,-290.91703157013694,32000.0,97.4,98.0,-1.3,-0.3,1.08,GOOD
1790984869182,2258,2254.0,-199.51183044329636,32000.0,97.4,98.0,-1.3,-0.3,1.08,GOOD
1790984869182,2259,2241.0,-36.49593050903704,32000.0,97.4,98.0,-1.3,-0.3,1.08,GOOD
1790984869182,2260,1783.0,115.2452256961208,32000.0,97.4,98.0,-1.3,-0.3,1.08,GOOD
1790984869182,2261,1903.0,155.623774339285,32000.0,97.4,98.0,-1.3,-0.3,1.08,GOOD
1790984869182,2262,1906.0,75.0558190442132,32000.0,97.4,98.0,-1.3,-0.3,1.08,GOOD
1790984869182,2263,1899.0,-52.3554685502005,32000.0,97.4,98.0,-1.3,-0.3,1.08,GOOD
1790984869182,2264,1956.0,-151.6424659510745,32000.0,97.4,98.0,-1.3,-0.3,1.08,GOOD
1790984869182,2265,1963.0,-180.41238681674446,32000.0,97.4,98.0,-1.3,-0.3,1.08,GOOD
1790984869182,2266,1976.0,-136.62847606006017,32000.0,97.4,98.0,-1.3,-0.3,1.08,GOOD
1790984869182,2267,1819.0,-70.51638338416326,32000.0,97.4,98.0,-1.3,-0.3,1.08,GOOD
1790984869182,2268,1809.0,-52.0775702433974,32000.0,97.4,98.0,-1.3,-0.3,1.08,GOOD
1790984869182,2269,1823.0,-101.32380742993473,32000.0,97.4,98.0,-1.3,-0.3,1.08,GOOD
1790984869182,2270,1839.0,-169.31759689249137,32000.0,97.4,98.0,-1.3,-0.3,1.08,GOOD
1790984869182,2271,2197.0,-186.82014284882666,32000.0,97.4,98.0,-1.3,-0.3,1.08,GOOD
1790984869182,2272,2147.0,-118.39418682441756,32000.0,97.4,98.0,-1.3,-0.3,1.08,GOOD
1790984869182,2273,2153.0,1.7760442332663864,32000.0,97.4,98.0,-1.3,-0.3,1.08,GOOD
1790984869182,2274,2145.0,104.46675802086449,32000.0,97.4,98.0,-1.3,-0.3,1.08,GOOD
1790984869182,2275,1842.0,147.5741757724201,32000.0,97.4,98.0,-1.3,-0.3,1.08,GOOD
1790984869183,2276,1780.0,112.64785576075354,32000.0,97.4,98.0,-1.3,-0.3,1.08,GOOD
1790984869183,2277,1797.0,5.764219049653718,32000.0,97.4,98.0,-1.3,-0.3,1.08,GOOD
1790984869183,2278,1848.0,-124.79407257103946,32000.0,97.4,98.0,-1.3,-0.3,1.08,GOOD
1790984869183,2279,1872.0,-216.5142944605225,32000.0,97.4,98.0,-1.3,-0.3,1.08,GOOD
1790984869183,2280,1904.0,-232.89635723708687,32000.0,97.4,98.0,-1.3,-0.3,1.08,GOOD
1790984869183,2281,1890.0,-182.2136414779683,32000.0,97.4,98.0,-1.3,-0.3,1.08,GOOD
1790984869183,2282,1707.0,-118.89081754779828,32000.0,97.4,98.0,-1.3,-0.3,1.08,GOOD
1790984869183,2283,1756.0,-107.23178544428097,32000.0,97.4,98.0,-1.3,-0.3,1.08,GOOD
1790984869183,2284,1803.0,-154.83894643910094,32000.0,97.4,98.0,-1.3,-0.3,1.08,GOOD
1790984869183,2285,1827.0,-207.08740578686945,32000.0,97.4,98.0,-1.3,-0.3,1.08,GOOD
1790984869183,2286,2238.0,-200.7753347832783,32000.0,97.4,98.0,-1.3,-0.3,1.08,GOOD
1790984869183,2287,2205.0,-104.3043370306824,32000.0,97.4,98.0,-1.3,-0.3,1.08,GOOD
1790984869183,2288,2199.0,48.00585113360686,32000.0,97.4,98.0,-1.3,-0.3,1.08,GOOD
1790984869183,2289,2215.0,180.21027020509572,32000.0,97.4,98.0,-1.3,-0.3,1.08,GOOD
1790984869183,2290,2167.0,250.82786014570013,32000.0,97.4,98.0,-1.3,-0.3,1.08,GOOD
1790984869183,2291,2152.0,263.1549769899275,32000.0,97.4,98.0,-1.3,-0.3,1.08,GOOD
1790984869183,2292,2134.0,233.44901674594846,32000.0,97.4,98.0,-1.3,-0.3,1.08,GOOD
1790984869183,2293,2135.0,182.99604725667427,32000.0,97.4,98.0,-1.3,-0.3,1.08,GOOD
1790984869183,2294,2029.0,133.91787520194794,32000.0,97.4,98.0,-1.3,-0.3,1.08,GOOD
1790984869183,2295,2007.0,96.19735236241505,32000.0,97.4,98.0,-1.3,-0.3,1.08,GOOD
1790984869183,2296,1966.0,65.42907998103499,32000.0,97.4,98.0,-1.3,-0.3,1.08,GOOD
1790984869183,2297,1869.0,28.755184856955157,32000.0,97.4,98.0,-1.3,-0.3,1.08,GOOD
1790984869183,2298,1981.0,-20.247769707028297,32000.0,97.4,98.0,-1.3,-0.3,1.08,GOOD
1790984869183,2299,1972.0,-61.80588670696948,32000.0,97.4,98.0,-1.3,-0.3,1.08,GOOD
1790984869183,2300,1979.0,-69.97795588292283,32000.0,97.4,98.0,-1.3,-0.3,1.08,GOOD
1790984869325,2301,1841.0,-52.726707425949535,32000.0,97.6,98.0,-1.3,-0.2,1.09,GOOD
1790984869325,2302,1855.0,-45.873994258829526,32000.0,97.6,98.0,-1.3,-0.2,1.09,GOOD
1790984869325,2303,1871.0,-68.37228061129416,32000.0,97.6,98.0,-1.3,-0.2,1.09,GOOD
1790984869325,2304,1891.0,-103.23745482820735,32000.0,97.6,98.0,-1.3,-0.2,1.09,GOOD
1790984869325,2305,1909.0,-123.2927400353838,32000.0,97.6,98.0,-1.3,-0.2,1.09,GOOD
1790984869325,2306,1910.0,-117.21644843956825,32000.0,97.6,98.0,-1.3,-0.2,1.09,GOOD
1790984869325,2307,1897.0,-94.02353702081017,32000.0,97.6,98.0,-1.3,-0.2,1.09,GOOD
1790984869325,2308,2032.0,-67.26904533524316,32000.0,97.6,98.0,-1.3,-0.2,1.09,GOOD
1790984869325,2309,2027.0,-37.378952083913276,32000.0,97.6,98.0,-1.3,-0.2,1.09,GOOD
1790984869325,2310,2039.0,-1.800019401667325,32000.0,97.6,98.0,-1.3,-0.2,1.09,GOOD
1790984869325,2311,2011.0,31.979511588282755,32000.0,97.6,98.0,-1.3,-0.2,1.09,GOOD
1790984869325,2312,2022.0,54.58371827261662,32000.0,97.6,98.0,-1.3,-0.2,1.09,GOOD
1790984869325,2313,2013.0,62.161658549328294,32000.0,97.6,98.0,-1.3,-0.2,1.09,GOOD
1790984869325,2314,2023.0,56.06409224537786,32000.0,97.6,98.0,-1.3,-0.2,1.09,GOOD
1790984869325,2315,2867.0,76.3756581445609,32000.0,97.6,98.0,-1.3,-0.2,1.09,GOOD
1790984869325,2316,2859.0,207.41596205327383,32000.0,97.6,98.0,-1.3,-0.2,1.09,GOOD
1790984869325,2317,2836.0,457.44681622648227,32000.0,97.6,98.0,-1.3,-0.2,1.09,GOOD
1790984869325,2318,2862.0,715.5617310161674,32000.0,97.6,98.0,-1.3,-0.2,1.09,GOOD
1790984869325,2319,2603.0,870.6293986452479,32000.0,97.6,98.0,-1.3,-0.2,1.09,GOOD
1790984869325,2320,2508.0,873.6387990246469,32000.0,97.6,98.0,-1.3,-0.2,1.09,GOOD
1790984869325,2321,2434.0,739.6024895948608,32000.0,97.6,98.0,-1.3,-0.2,1.09,GOOD
1790984869325,2322,1685.0,517.4719077741828,32000.0,97.6,98.0,-1.3,-0.2,1.09,GOOD
1790984869325,2323,1741.0,238.48624409945896,32000.0,97.6,98.0,-1.3,-0.2,1.09,GOOD
1790984869325,2324,1735.0,-45.67590541660061,32000.0,97.6,98.0,-1.3,-0.2,1.09,GOOD
1790984869325,2325,1723.0,-256.5948995154875,32000.0,97.6,98.0,-1.3,-0.2,1.09,GOOD
1790984869467,2326,1997.0,-356.81251373535457,32000.0,97.6,98.0,-1.3,-0.2,1.09,GOOD
1790984869467,2327,1990.0,-344.1104461128476,32000.0,97.6,98.0,-1.3,-0.2,1.09,GOOD
1790984869467,2328,2010.0,-238.69641600561283,32000.0,97.6,98.0,-1.3,-0.2,1.09,GOOD
1790984869467,2329,1972.0,-100.12024416151175,32000.0,97.6,98.0,-1.3,-0.2,1.09,GOOD
1790984869467,2330,1938.0,-3.517871627953518,32000.0,97.6,98.0,-1.3,-0.2,1.09,GOOD
1790984869467,2331,1931.0,7.450383147760197,32000.0,97.6,98.0,-1.3,-0.2,1.09,GOOD
1790984869467,2332,1957.0,-47.12336139692849,32000.0,97.6,98.0,-1.3,-0.2,1.09,GOOD
1790984869467,2333,1984.0,-101.26300824538286,32000.0,97.6,98.0,-1.3,-0.2,1.09,GOOD
1790984869467,2334,2253.0,-96.03226483228059,32000.0,97.6,98.0,-1.3,-0.2,1.09,GOOD
1790984869467,2335,2169.0,-21.447524846094247,32000.0,97.6,98.0,-1.3,-0.2,1.09,GOOD
1790984869467,2336,2223.0,75.2057451762899,32000.0,97.6,98.0,-1.3,-0.2,1.09,GOOD
1790984869467,2337,2079.0,137.11244706447,32000.0,97.6,98.0,-1.3,-0.2,1.09,GOOD
1790984869467,2338,1977.0,143.9765885563599,32000.0,97.6,98.0,-1.3,-0.2,1.09,GOOD
1790984869467,2339,2091.0,108.50564182059547,32000.0,97.6,98.0,-1.3,-0.2,1.09,GOOD
1790984869467,2340,2054.0,58.451894209550346,32000.0,97.6,98.0,-1.3,-0.2,1.09,GOOD
1790984869467,2341,1605.0,-4.38322364282547,32000.0,97.6,98.0,-1.3,-0.2,1.09,GOOD
1790984869467,2342,1646.0,-108.55907312129028,32000.0,97.6,98.0,-1.3,-0.2,1.09,GOOD
1790984869467,2343,1635.0,-239.578463400022,32000.0,97.6,98.0,-1.3,-0.2,1.09,GOOD
1790984869467,2344,1602.0,-342.2710077931572,32000.0,97.6,98.0,-1.3,-0.2,1.09,GOOD
1790984869467,2345,2176.0,-377.6558468539365,32000.0,97.6,98.0,-1.3,-0.2,1.09,GOOD
1790984869467,2346,2169.0,-314.54554570523953,32000.0,97.6,98.0,-1.3,-0.2,1.09,GOOD
1790984869467,2347,2200.0,-154.6091935471002,32000.0,97.6,98.0,-1.3,-0.2,1.09,GOOD
1790984869467,2348,2233.0,41.0859908476625,32000.0,97.6,98.0,-1.3,-0.2,1.09,GOOD
1790984869467,2349,1921.0,189.02107291873725,32000.0,97.6,98.0,-1.3,-0.2,1.09,GOOD
1790984869467,2350,1850.0,212.22907575247697,32000.0,97.6,98.0,-1.3,-0.2,1.09,GOOD
1790984869468,2351,1836.0,95.62270803450528,32000.0,97.6,98.0,-1.3,-0.2,1.09,GOOD
1790984869468,2352,2322.0,-59.37719501943142,32000.0,97.6,98.0,-1.3,-0.2,1.09,GOOD
1790984869468,2353,2357.0,-101.80179468376863,32000.0,97.6,98.0,-1.3,-0.2,1.09,GOOD
1790984869468,2354,2364.0,16.41757083438602,32000.0,97.6,98.0,-1.3,-0.2,1.09,GOOD
1790984869468,2355,2344.0,201.2624645291997,32000.0,97.6,98.0,-1.3,-0.2,1.09,GOOD
1790984869468,2356,2179.0,329.69858421472736,32000.0,97.6,98.0,-1.3,-0.2,1.09,GOOD
1790984869468,2357,2241.0,347.5018395913721,32000.0,97.6,98.0,-1.3,-0.2,1.09,GOOD
1790984869468,2358,2262.0,286.67888657260875,32000.0,97.6,98.0,-1.3,-0.2,1.09,GOOD
1790984869468,2359,2260.0,216.87523032660494,32000.0,97.6,98.0,-1.3,-0.2,1.09,GOOD
1790984869468,2360,2325.0,181.8971484665305,32000.0,97.6,98.0,-1.3,-0.2,1.09,GOOD
1790984869468,2361,2266.0,186.2582621051329,32000.0,97.6,98.0,-1.3,-0.2,1.09,GOOD
1790984869468,2362,2272.0,209.49875442953535,32000.0,97.6,98.0,-1.3,-0.2,1.09,GOOD
1790984869468,2363,2240.0,225.4198558734381,32000.0,97.6,98.0,-1.3,-0.2,1.09,GOOD
1790984869468,2364,2621.0,235.54591584217144,32000.0,97.6,98.0,-1.3,-0.2,1.09,GOOD
1790984869468,2365,2630.0,277.2903374815539,32000.0,97.6,98.0,-1.3,-0.2,1.09,GOOD
1790984869468,2366,2661.0,368.5616991521751,32000.0,97.6,98.0,-1.3,-0.2,1.09,GOOD
1790984869468,2367,2732.0,479.49777546678115,32000.0,97.6,98.0,-1.3,-0.2,1.09,GOOD
1790984869468,2368,2472.0,563.9007508242303,32000.0,97.6,98.0,-1.3,-0.2,1.09,GOOD
1790984869468,2369,2381.0,574.0844194846385,32000.0,97.6,98.0,-1.3,-0.2,1.09,GOOD
1790984869468,2370,2356.0,491.6129302444877,32000.0,97.6,98.0,-1.3,-0.2,1.09,GOOD
1790984869468,2371,2335.0,358.7668873325063,32000.0,97.6,98.0,-1.3,-0.2,1.09,GOOD
1790984869468,2372,2281.0,239.23780738675137,32000.0,97.6,98.0,-1.3,-0.2,1.09,GOOD
1790984869468,2373,2331.0,168.28807847240643,32000.0,97.6,98.0,-1.3,-0.2,1.09,GOOD
1790984869468,2374,2325.0,147.85688358768098,32000.0,97.6,98.0,-1.3,-0.2,1.09,GOOD
1790984869468,2375,2284.0,156.6136887929718,32000.0,97.6,98.0,-1.3,-0.2,1.09,GOOD
1790984869567,2376,1813.0,146.4604634579597,32000.0,97.6,98.0,-1.2,-0.2,1.08,GOOD
1790984869567,2377,1816.0,62.40182760967573,32000.0,97.6,98.0,-1.2,-0.2,1.08,GOOD
1790984869567,2378,1773.0,-92.40515250002672,32000.0,97.6,98.0,-1.2,-0.2,1.08,GOOD
1790984869567,2379,2014.0,-243.62648811460238,32000.0,97.6,98.0,-1.2,-0.2,1.08,GOOD
1790984869567,2380,1987.0,-316.6051530192912,32000.0,97.6,98.0,-1.2,-0.2,1.08,GOOD
1790984869567,2381,2044.0,-294.6523747406244,32000.0,97.6,98.0,-1.2,-0.2,1.08,GOOD
1790984869567,2382,2112.0,-209.2514135668361,32000.0,97.6,98.0,-1.2,-0.2,1.08,GOOD
1790984869567,2383,2301.0,-96.0975760374325,32000.0,97.6,98.0,-1.2,-0.2,1.08,GOOD
1790984869567,2384,2248.0,16.001480688936873,32000.0,97.6,98.0,-1.2,-0.2,1.08,GOOD
1790984869567,2385,2209.0,92.80984711811838,32000.0,97.6,98.0,-1.2,-0.2,1.08,GOOD
1790984869567,2386,2012.0,108.14232886013433,32000.0,97.6,98.0,-1.2,-0.2,1.08,GOOD
1790984869567,2387,2042.0,66.28948183450724,32000.0,97.6,98.0,-1.2,-0.2,1.08,GOOD
1790984869567,2388,2033.0,-1.4388351941864883,32000.0,97.6,98.0,-1.2,-0.2,1.08,GOOD
1790984869567,2389,1991.0,-67.13575379929189,32000.0,97.6,98.0,-1.2,-0.2,1.08,GOOD
1790984869567,2390,1721.0,-133.56036329779369,32000.0,97.6,98.0,-1.2,-0.2,1.08,GOOD
1790984869567,2391,1760.0,-214.5851633970922,32000.0,97.6,98.0,-1.2,-0.2,1.08,GOOD
1790984869567,2392,1798.0,-292.4099999410681,32000.0,97.6,98.0,-1.2,-0.2,1.08,GOOD
1790984869567,2393,1788.0,-335.4877028404452,32000.0,97.6,98.0,-1.2,-0.2,1.08,GOOD
1790984869567,2394,1862.0,-344.2606521038026,32000.0,97.6,98.0,-1.2,-0.2,1.08,GOOD
1790984869567,2395,1847.0,-335.1665567931831,32000.0,97.6,98.0,-1.2,-0.2,1.08,GOOD
1790984869567,2396,1878.0,-310.0437142152393,32000.0,97.6,98.0,-1.2,-0.2,1.08,GOOD
1790984869567,2397,1868.0,-267.32185525680063,32000.0,97.6,98.0,-1.2,-0.2,1.08,GOOD
1790984869567,2398,1991.0,-218.2179508951003,32000.0,97.6,98.0,-1.2,-0.2,1.08,GOOD
1790984869567,2399,1972.0,-179.0053803629435,32000.0,97.6,98.0,-1.2,-0.2,1.08,GOOD
1790984869567,2400,1976.0,-156.45863432576306,32000.0,97.6,98.0,-1.2,-0.2,1.08,GOOD
1790984869676,2401,2010.0,-140.54241523641238,32000.0,102.2,98.0,-1.2,-0.3,1.08,GOOD
1790984869676,2402,1933.0,-117.6310441661874,32000.0,102.2,98.0,-1.2,-0.3,1.08,GOOD
1790984869676,2403,1953.0,-97.16556133561375,32000.0,102.2,98.0,-1.2,-0.3,1.08,GOOD
1790984869676,2404,1900.0,-102.41577353091581,32000.0,102.2,98.0,-1.2,-0.3,1.08,GOOD
1790984869676,2405,1895.0,-136.54493867248797,32000.0,102.2,98.0,-1.2,-0.3,1.08,GOOD
1790984869676,2406,1650.0,-184.73589331623197,32000.0,102.2,98.0,-1.2,-0.3,1.08,GOOD
1790984869676,2407,1681.0,-240.429714080819,32000.0,102.2,98.0,-1.2,-0.3,1.08,GOOD
1790984869676,2408,1658.0,-302.41721942507576,32000.0,102.2,98.0,-1.2,-0.3,1.08,GOOD
1790984869676,2409,2149.0,-343.56618421709527,32000.0,102.2,98.0,-1.2,-0.3,1.08,GOOD
1790984869676,2410,2089.0,-311.9105556844901,32000.0,102.2,98.0,-1.2,-0.3,1.08,GOOD
1790984869676,2411,2134.0,-194.32649231385665,32000.0,102.2,98.0,-1.2,-0.3,1.08,GOOD
1790984869676,2412,2147.0,-41.268524400563315,32000.0,102.2,98.0,-1.2,-0.3,1.08,GOOD
1790984869676,2413,2055.0,81.08550385096355,32000.0,102.2,98.0,-1.2,-0.3,1.08,GOOD
1790984869676,2414,2057.0,124.64069464959485,32000.0,102.2,98.0,-1.2,-0.3,1.08,GOOD
1790984869676,2415,2071.0,86.30139261200269,32000.0,102.2,98.0,-1.2,-0.3,1.08,GOOD
1790984869676,2416,2187.0,21.96098936728699,32000.0,102.2,98.0,-1.2,-0.3,1.08,GOOD
1790984869676,2417,2239.0,3.0193869171349554,32000.0,102.2,98.0,-1.2,-0.3,1.08,GOOD
1790984869676,2418,2185.0,49.17610194306912,32000.0,102.2,98.0,-1.2,-0.3,1.08,GOOD
1790984869676,2419,2110.0,111.26782307098307,32000.0,102.2,98.0,-1.2,-0.3,1.08,GOOD
1790984869676,2420,1783.0,117.8204521871294,32000.0,102.2,98.0,-1.2,-0.3,1.08,GOOD
1790984869676,2421,1848.0,36.58478192254928,32000.0,102.2,98.0,-1.2,-0.3,1.08,GOOD
1790984869676,2422,1913.0,-89.01513728417632,32000.0,102.2,98.0,-1.2,-0.3,1.08,GOOD
1790984869676,2423,1907.0,-182.5783479290918,32000.0,102.2,98.0,-1.2,-0.3,1.08,GOOD
1790984869676,2424,1853.0,-216.8320057729772,32000.0,102.2,98.0,-1.2,-0.3,1.08,GOOD
1790984869676,2425,1827.0,-216.71517217170503,32000.0,102.2,98.0,-1.2,-0.3,1.08,GOOD
1790984869870,2426,1849.0,-207.18501970891631,32000.0,102.2,98.0,-1.2,-0.2,1.07,GOOD
1790984869870,2427,2335.0,-176.45568348653,32000.0,102.2,98.0,-1.2,-0.2,1.07,GOOD
1790984869870,2428,2356.0,-86.84334585771455,32000.0,102.2,98.0,-1.2,-0.2,1.07,GOOD
1790984869870,2429,2340.0,57.770109698108065,32000.0,102.2,98.0,-1.2,-0.2,1.07,GOOD
1790984869870,2430,2344.0,199.9547494322237,32000.0,102.2,98.0,-1.2,-0.2,1.07,GOOD
1790984869870,2431,2177.0,290.1909600369551,32000.0,102.2,98.0,-1.2,-0.2,1.07,GOOD
1790984869870,2432,2147.0,304.0577495423576,32000.0,102.2,98.0,-1.2,-0.2,1.07,GOOD
1790984869870,2433,2089.0,238.67454651026378,32000.0,102.2,98.0,-1.2,-0.2,1.07,GOOD
1790984869870,2434,1665.0,109.90095311003859,32000.0,102.2,98.0,-1.2,-0.2,1.07,GOOD
1790984869870,2435,1695.0,-60.2311046657077,32000.0,102.2,98.0,-1.2,-0.2,1.07,GOOD
1790984869870,2436,1727.0,-224.25121117775717,32000.0,102.2,98.0,-1.2,-0.2,1.07,GOOD
1790984869870,2437,1726.0,-327.6258653610989,32000.0,102.2,98.0,-1.2,-0.2,1.07,GOOD
1790984869870,2438,2134.0,-350.51836042144635,32000.0,102.2,98.0,-1.2,-0.2,1.07,GOOD
1790984869870,2439,2126.0,-287.36580704302185,32000.0,102.2,98.0,-1.2,-0.2,1.07,GOOD
1790984869870,2440,2214.0,-147.60593115451675,32000.0,102.2,98.0,-1.2,-0.2,1.07,GOOD
1790984869870,2441,2099.0,18.148258355741078,32000.0,102.2,98.0,-1.2,-0.2,1.07,GOOD
1790984869870,2442,2064.0,136.40256157303975,32000.0,102.2,98.0,-1.2,-0.2,1.07,GOOD
1790984869870,2443,1986.0,154.5403700420506,32000.0,102.2,98.0,-1.2,-0.2,1.07,GOOD
1790984869870,2444,1928.0,77.79449761561281,32000.0,102.2,98.0,-1.2,-0.2,1.07,GOOD
1790984869870,2445,1988.0,-31.54144539751255,32000.0,102.2,98.0,-1.2,-0.2,1.07,GOOD
1790984869870,2446,2044.0,-98.23015824742053,32000.0,102.2,98.0,-1.2,-0.2,1.07,GOOD
1790984869870,2447,2042.0,-93.55219524937417,32000.0,102.2,98.0,-1.2,-0.2,1.07,GOOD
1790984869870,2448,1988.0,-53.74976137749176,32000.0,102.2,98.0,-1.2,-0.2,1.07,GOOD
1790984869870,2449,1664.0,-42.55071257689618,32000.0,102.2,98.0,-1.2,-0.2,1.07,GOOD
1790984869870,2450,1700.0,-98.026976953537,32000.0,102.2,98.0,-1.2,-0.2,1.07,GOOD
1790984869951,2451,1762.0,-194.71210932543738,32000.0,102.2,98.0,-1.3,-0.3,1.08,GOOD
1790984869951,2452,2571.0,-242.48342495425507,32000.0,102.2,98.0,-1.3,-0.3,1.08,GOOD
1790984869951,2453,2546.0,-146.8100692681109,32000.0,102.2,98.0,-1.3,-0.3,1.08,GOOD
1790984869951,2454,2545.0,84.85437909532983,32000.0,102.2,98.0,-1.3,-0.3,1.08,GOOD
1790984869951,2455,2606.0,345.48387650432613,32000.0,102.2,98.0,-1.3,-0.3,1.08,GOOD
1790984869951,2456,2971.0,557.839326001279,32000.0,102.2,98.0,-1.3,-0.3,1.08,GOOD
1790984869951,2457,2954.0,712.6328749200845,32000.0,102.2,98.0,-1.3,-0.3,1.08,GOOD
1790984869951,2458,2999.0,806.6677576139991,32000.0,102.2,98.0,-1.3,-0.3,1.08,GOOD
1790984869951,2459,2560.0,825.6218584356349,32000.0,102.2,98.0,-1.3,-0.3,1.08,GOOD
1790984869951,2460,2521.0,767.275938430986,32000.0,102.2,98.0,-1.3,-0.3,1.08,GOOD
1790984869951,2461,2446.0,654.1434430831828,32000.0,102.2,98.0,-1.3,-0.3,1.08,GOOD
1790984869951,2462,2321.0,510.9912446230378,32000.0,102.2,98.0,-1.3,-0.3,1.08,GOOD
1790984869951,2463,1610.0,319.58369226288687,32000.0,102.2,98.0,-1.3,-0.3,1.08,GOOD
1790984869951,2464,1653.0,53.21366868444402,32000.0,102.2,98.0,-1.3,-0.3,1.08,GOOD
1790984869951,2465,1673.0,-225.83004393904798,32000.0,102.2,98.0,-1.3,-0.3,1.08,GOOD
1790984869951,2466,1640.0,-411.7873830636678,32000.0,102.2,98.0,-1.3,-0.3,1.08,GOOD
1790984869951,2467,1969.0,-477.42894843601266,32000.0,102.2,98.0,-1.3,-0.3,1.08,GOOD
1790984869951,2468,2108.0,-445.1054425862509,32000.0,102.2,98.0,-1.3,-0.3,1.08,GOOD
1790984869951,2469,2180.0,-323.8665287277859,32000.0,102.2,98.0,-1.3,-0.3,1.08,GOOD
1790984869951,2470,2123.0,-140.3820885484127,32000.0,102.2,98.0,-1.3,-0.3,1.08,GOOD
1790984869951,2471,2084.0,32.04059081249312,32000.0,102.2,98.0,-1.3,-0.3,1.08,GOOD
1790984869951,2472,2015.0,108.4935355284983,32000.0,102.2,98.0,-1.3,-0.3,1.08,GOOD
1790984869951,2473,1989.0,61.83219625148645,32000.0,102.2,98.0,-1.3,-0.3,1.08,GOOD
1790984869951,2474,1920.0,-50.485091078569695,32000.0,102.2,98.0,-1.3,-0.3,1.08,GOOD
1790984869951,2475,1960.0,-140.06719479331358,32000.0,102.2,98.0,-1.3,-0.3,1.08,GOOD
1790984870247,2476,1920.0,-166.2773581599198,32000.0,102.2,98.0,-1.2,-0.3,1.08,GOOD
1790984870247,2477,1708.0,-167.70483010415782,32000.0,102.2,98.0,-1.2,-0.3,1.08,GOOD
1790984870247,2478,1722.0,-208.68199924917843,32000.0,102.2,98.0,-1.2,-0.3,1.08,GOOD
1790984870247,2479,1768.0,-288.498252482977,32000.0,102.2,98.0,-1.2,-0.3,1.08,GOOD
1790984870247,2480,1809.0,-343.68290452987765,32000.0,102.2,98.0,-1.2,-0.3,1.08,GOOD
1790984870247,2481,2285.0,-320.07603458532793,32000.0,102.2,98.0,-1.2,-0.3,1.08,GOOD
1790984870247,2482,2228.0,-206.4612625678775,32000.0,102.2,98.0,-1.2,-0.3,1.08,GOOD
1790984870247,2483,2251.0,-46.24084456731405,32000.0,102.2,98.0,-1.2,-0.3,1.08,GOOD
1790984870247,2484,2013.0,86.08195496211066,32000.0,102.2,98.0,-1.2,-0.3,1.08,GOOD
1790984870247,2485,2013.0,139.73896198308657,32000.0,102.2,98.0,-1.2,-0.3,1.08,GOOD
1790984870247,2486,1950.0,107.25268606829297,32000.0,102.2,98.0,-1.2,-0.3,1.08,GOOD
1790984870247,2487,1880.0,9.923467182361048,32000.0,102.2,98.0,-1.2,-0.3,1.08,GOOD
1790984870247,2488,2065.0,-105.7619624268775,32000.0,102.2,98.0,-1.2,-0.3,1.08,GOOD
1790984870247,2489,2117.0,-166.65488841532581,32000.0,102.2,98.0,-1.2,-0.3,1.08,GOOD
1790984870247,2490,2148.0,-127.56106212804586,32000.0,102.2,98.0,-1.2,-0.3,1.08,GOOD
1790984870247,2491,2122.0,-25.85424055548811,32000.0,102.2,98.0,-1.2,-0.3,1.08,GOOD
1790984870247,2492,2338.0,66.89350288599381,32000.0,102.2,98.0,-1.2,-0.3,1.08,GOOD
1790984870247,2493,2323.0,126.10834923807727,32000.0,102.2,98.0,-1.2,-0.3,1.08,GOOD
1790984870247,2494,2245.0,167.5422038711775,32000.0,102.2,98.0,-1.2,-0.3,1.08,GOOD
1790984870247,2495,2549.0,209.44835029741168,32000.0,102.2,98.0,-1.2,-0.3,1.08,GOOD
1790984870247,2496,2548.0,271.133868779396,32000.0,102.2,98.0,-1.2,-0.3,1.08,GOOD
1790984870247,2497,2530.0,347.45234067655883,32000.0,102.2,98.0,-1.2,-0.3,1.08,GOOD
1790984870247,2498,2548.0,404.44001656532964,32000.0,102.2,98.0,-1.2,-0.3,1.08,GOOD
1790984870247,2499,2330.0,421.8174254344571,32000.0,102.2,98.0,-1.2,-0.3,1.08,GOOD
1790984870247,2500,2329.0,396.13948008915986,32000.0,102.2,98.0,-1.2,-0.3,1.08,GOOD
1790984870248,2501,2268.0,330.6762702640783,32000.0,102.2,98.0,-1.2,-0.3,1.08,GOOD
1790984870248,2502,2375.0,245.53115648768673,32000.0,102.2,98.0,-1.2,-0.3,1.08,GOOD
1790984870248,2503,2372.0,177.35284668727064,32000.0,102.2,98.0,-1.2,-0.3,1.08,GOOD
1790984870248,2504,2457.0,160.31346547646922,32000.0,102.2,98.0,-1.2,-0.3,1.08,GOOD
1790984870248,2505,2474.0,201.2625370628183,32000.0,102.2,98.0,-1.2,-0.3,1.08,GOOD
1790984870248,2506,2385.0,266.93751956539876,32000.0,102.2,98.0,-1.2,-0.3,1.08,GOOD
1790984870248,2507,2378.0,303.5311384024799,32000.0,102.2,98.0,-1.2,-0.3,1.08,GOOD
1790984870248,2508,2400.0,288.48615943554796,32000.0,102.2,98.0,-1.2,-0.3,1.08,GOOD
1790984870248,2509,2484.0,252.6837505349788,32000.0,102.2,98.0,-1.2,-0.3,1.08,GOOD
1790984870248,2510,2014.0,221.16199266095242,32000.0,102.2,98.0,-1.2,-0.3,1.08,GOOD
1790984870248,2511,1951.0,159.08175329091011,32000.0,102.2,98.0,-1.2,-0.3,1.08,GOOD
1790984870248,2512,1854.0,32.02192815934706,32000.0,102.2,98.0,-1.2,-0.3,1.08,GOOD
1790984870248,2513,2047.0,-122.23795668011324,32000.0,102.2,98.0,-1.2,-0.3,1.08,GOOD
1790984870248,2514,2082.0,-226.9576300836287,32000.0,102.2,98.0,-1.2,-0.3,1.08,GOOD
1790984870248,2515,2120.0,-239.45067248159867,32000.0,102.2,98.0,-1.2,-0.3,1.08,GOOD
1790984870248,2516,2086.0,-178.67555252724262,32000.0,102.2,98.0,-1.2,-0.3,1.08,GOOD
1790984870248,2517,1714.0,-111.99303062431554,32000.0,102.2,98.0,-1.2,-0.3,1.08,GOOD
1790984870248,2518,1695.0,-119.53735378888027,32000.0,102.2,98.0,-1.2,-0.3,1.08,GOOD
1790984870248,2519,1739.0,-221.85206373746036,32000.0,102.2,98.0,-1.2,-0.3,1.08,GOOD
1790984870248,2520,2427.0,-329.4006869735905,32000.0,102.2,98.0,-1.2,-0.3,1.08,GOOD
1790984870248,2521,2360.0,-310.2556666811678,32000.0,102.2,98.0,-1.2,-0.3,1.08,GOOD
1790984870248,2522,2289.0,-140.59840289012752,32000.0,102.2,98.0,-1.2,-0.3,1.08,GOOD
1790984870248,2523,2171.0,65.82851506574872,32000.0,102.2,98.0,-1.2,-0.3,1.08,GOOD
1790984870248,2524,1635.0,166.43216044633016,32000.0,102.2,98.0,-1.2,-0.3,1.08,GOOD
1790984870248,2525,1639.0,75.88498628333372,32000.0,102.2,98.0,-1.2,-0.3,1.08,GOOD
1790984870444,2526,1606.0,-170.28169932100184,-98.0,104.5,98.0,-1.3,-0.3,1.09,GOOD
1790984870444,2527,1759.0,-426.0724687187092,-94.0,104.5,98.0,-1.3,-0.3,1.09,GOOD
1790984870444,2528,1791.0,-555.1980983256998,-92.0,104.5,98.0,-1.3,-0.3,1.09,GOOD
1790984870444,2529,1833.0,-526.9984591646614,-88.0,104.5,98.0,-1.3,-0.3,1.09,GOOD
1790984870444,2530,1865.0,-410.39038529289587,-87.0,104.5,98.0,-1.3,-0.3,1.09,GOOD
1790984870444,2531,2349.0,-278.43471868415213,-87.0,104.5,98.0,-1.3,-0.3,1.09,GOOD
1790984870444,2532,2271.0,-140.12171796085684,-85.0,104.5,98.0,-1.3,-0.3,1.09,GOOD
1790984870444,2533,2231.0,4.4238077206775905,-82.0,104.5,98.0,-1.3,-0.3,1.09,GOOD
1790984870444,2534,1954.0,108.70179569010988,-79.0,104.5,98.0,-1.3,-0.3,1.09,GOOD
1790984870444,2535,2008.0,122.19028527862355,-75.0,104.5,98.0,-1.3,-0.3,1.09,GOOD
1790984870444,2536,1903.0,44.39077091966029,-73.0,104.5,98.0,-1.3,-0.3,1.09,GOOD
1790984870444,2537,1971.0,-77.25290184285987,-71.0,104.5,98.0,-1.3,-0.3,1.09,GOOD
1790984870444,2538,1441.0,-199.39994695960584,-68.0,104.5,98.0,-1.3,-0.3,1.09,GOOD
1790984870444,2539,1502.0,-320.05815026943884,-67.0,104.5,98.0,-1.3,-0.3,1.09,GOOD
1790984870444,2540,1546.0,-437.25510228905966,-66.0,104.5,98.0,-1.3,-0.3,1.09,GOOD
1790984870444,2541,2027.0,-505.90449304135825,-61.0,104.5,98.0,-1.3,-0.3,1.09,GOOD
1790984870444,2542,2052.0,-473.27540776729523,-58.0,104.5,98.0,-1.3,-0.3,1.09,GOOD
1790984870444,2543,2061.0,-339.9471974707668,-55.0,104.5,98.0,-1.3,-0.3,1.09,GOOD
1790984870444,2544,2093.0,-161.4160782283458,-47.0,104.5,98.0,-1.3,-0.3,1.09,GOOD
1790984870444,2545,2028.0,-4.165676229173519,-44.0,104.5,98.0,-1.3,-0.3,1.09,GOOD
1790984870444,2546,1920.0,70.81775163349164,-41.0,104.5,98.0,-1.3,-0.3,1.09,GOOD
1790984870444,2547,1769.0,26.492640159604928,-39.0,104.5,98.0,-1.3,-0.3,1.09,GOOD
1790984870444,2548,1834.0,-104.85183594220257,-36.0,104.5,98.0,-1.3,-0.3,1.09,GOOD
1790984870444,2549,1690.0,-233.68564751687526,-33.0,104.5,98.0,-1.3,-0.3,1.09,GOOD
1790984870444,2550,1598.0,-305.9669472011122,-32.0,104.5,98.0,-1.3,-0.3,1.09,GOOD
1790984870445,2551,1630.0,-345.12870786376703,32000.0,104.5,98.0,-1.3,-0.3,1.09,GOOD
1790984870445,2552,2346.0,-359.24197191458313,32000.0,104.5,98.0,-1.3,-0.3,1.09,GOOD
1790984870445,2553,2346.0,-281.8137629735385,32000.0,104.5,98.0,-1.3,-0.3,1.09,GOOD
1790984870445,2554,2408.0,-80.47803334652079,32000.0,104.5,98.0,-1.3,-0.3,1.09,GOOD
1790984870445,2555,2440.0,171.35335263105094,32000.0,104.5,98.0,-1.3,-0.3,1.09,GOOD
1790984870445,2556,1982.0,353.9350849884646,32000.0,104.5,98.0,-1.3,-0.3,1.09,GOOD
1790984870445,2557,1957.0,366.7663841331499,32000.0,104.5,98.0,-1.3,-0.3,1.09,GOOD
1790984870445,2558,1947.0,209.59211206491076,32000.0,104.5,98.0,-1.3,-0.3,1.09,GOOD
1790984870445,2559,1904.0,-2.1274598555900646,32000.0,104.5,98.0,-1.3,-0.3,1.09,GOOD
1790984870445,2560,1936.0,-149.42927088997575,32000.0,104.5,98.0,-1.3,-0.3,1.09,GOOD
1790984870445,2561,1902.0,-194.5860102695595,32000.0,104.5,98.0,-1.3,-0.3,1.09,GOOD
1790984870445,2562,1824.0,-177.09476808480224,32000.0,104.5,98.0,-1.3,-0.3,1.09,GOOD
1790984870445,2563,1810.0,-161.57325830734092,32000.0,104.5,98.0,-1.3,-0.3,1.09,GOOD
1790984870445,2564,1804.0,-177.41079125740922,32000.0,104.5,98.0,-1.3,-0.3,1.09,GOOD
1790984870445,2565,1802.0,-208.19665562417612,32000.0,104.5,98.0,-1.3,-0.3,1.09,GOOD
1790984870445,2566,2111.0,-216.60113880214993,32000.0,104.5,98.0,-1.3,-0.3,1.09,GOOD
1790984870445,2567,2096.0,-170.02192779218217,32000.0,104.5,98.0,-1.3,-0.3,1.09,GOOD
1790984870445,2568,2114.0,-76.89037032810853,32000.0,104.5,98.0,-1.3,-0.3,1.09,GOOD
1790984870445,2569,2204.0,21.50286493646564,32000.0,104.5,98.0,-1.3,-0.3,1.09,GOOD
1790984870445,2570,2389.0,108.88580956188468,32000.0,104.5,98.0,-1.3,-0.3,1.09,GOOD
1790984870445,2571,2320.0,193.93206598365953,32000.0,104.5,98.0,-1.3,-0.3,1.09,GOOD
1790984870445,2572,2228.0,260.8719711458783,32000.0,104.5,98.0,-1.3,-0.3,1.09,GOOD
1790984870445,2573,1796.0,261.502926798695,32000.0,104.5,98.0,-1.3,-0.3,1.09,GOOD
1790984870445,2574,1920.0,165.86917772280808,32000.0,104.5,98.0,-1.3,-0.3,1.09,GOOD
1790984870445,2575,1966.0,18.259409715340745,32000.0,104.5,98.0,-1.3,-0.3,1.09,GOOD
1790984870661,2576,1957.0,-98.90759496624264,32000.0,104.5,98.0,-1.2,-0.4,1.08,GOOD
1790984870661,2577,1197.0,-179.55290659254027,32000.0,104.5,98.0,-1.2,-0.4,1.08,GOOD
1790984870661,2578,1259.0,-300.0759173958801,32000.0,104.5,98.0,-1.2,-0.4,1.08,GOOD
1790984870661,2579,1325.0,-477.80989649418154,32000.0,104.5,98.0,-1.2,-0.4,1.08,GOOD
1790984870661,2580,1355.0,-635.9792747676554,32000.0,104.5,98.0,-1.2,-0.4,1.08,GOOD
1790984870661,2581,2347.0,-681.4910717491723,32000.0,104.5,98.0,-1.2,-0.4,1.08,GOOD
1790984870661,2582,2314.0,-532.5395639522092,32000.0,104.5,98.0,-1.2,-0.4,1.08,GOOD
1790984870661,2583,2306.0,-204.3739807646858,32000.0,104.5,98.0,-1.2,-0.4,1.08,GOOD
1790984870661,2584,2436.0,159.57139713585593,32000.0,104.5,98.0,-1.2,-0.4,1.08,GOOD
1790984870661,2585,2864.0,439.28057104313734,32000.0,104.5,98.0,-1.2,-0.4,1.08,GOOD
1790984870661,2586,2821.0,615.7457642551713,32000.0,104.5,98.0,-1.2,-0.4,1.08,GOOD
1790984870661,2587,2767.0,706.1729793620514,32000.0,104.5,98.0,-1.2,-0.4,1.08,GOOD
1790984870661,2588,2684.0,732.6763056442994,32000.0,104.5,98.0,-1.2,-0.4,1.08,GOOD
1790984870661,2589,2617.0,728.2303050065974,32000.0,104.5,98.0,-1.2,-0.4,1.08,GOOD
1790984870661,2590,2479.0,700.1322174297311,32000.0,104.5,98.0,-1.2,-0.4,1.08,GOOD
1790984870661,2591,2315.0,614.2927908393035,32000.0,104.5,98.0,-1.2,-0.4,1.08,GOOD
1790984870661,2592,916.0,403.854120522904,32000.0,104.5,98.0,-1.2,-0.4,1.08,GOOD
1790984870661,2593,931.0,9.175264144400458,32000.0,104.5,98.0,-1.2,-0.4,1.08,GOOD
1790984870661,2594,1023.0,-488.9609821970082,32000.0,104.5,98.0,-1.2,-0.4,1.08,GOOD
1790984870661,2595,2453.0,-840.2391948250712,32000.0,104.5,98.0,-1.2,-0.4,1.08,GOOD
1790984870661,2596,2312.0,-828.2375611501146,32000.0,104.5,98.0,-1.2,-0.4,1.08,GOOD
1790984870661,2597,2350.0,-484.3070510664897,32000.0,104.5,98.0,-1.2,-0.4,1.08,GOOD
1790984870661,2598,2401.0,-25.586242349728366,32000.0,104.5,98.0,-1.2,-0.4,1.08,GOOD
1790984870661,2599,2199.0,352.4690355121797,32000.0,104.5,98.0,-1.2,-0.4,1.08,GOOD
1790984870661,2600,2125.0,519.4967417347716,32000.0,104.5,98.0,-1.2,-0.4,1.08,GOOD
1790984870662,2601,2097.0,427.3218328873157,32000.0,104.5,98.0,-1.2,-0.4,1.08,GOOD
1790984870662,2602,2042.0,180.4703102199955,32000.0,104.5,98.0,-1.2,-0.4,1.08,GOOD
1790984870662,2603,2075.0,-24.115515527442692,32000.0,104.5,98.0,-1.2,-0.4,1.08,GOOD
1790984870662,2604,2025.0,-68.13062490225839,32000.0,104.5,98.0,-1.2,-0.4,1.08,GOOD
1790984870662,2605,1851.0,-12.85204924579119,32000.0,104.5,98.0,-1.2,-0.4,1.08,GOOD
1790984870662,2606,2453.0,16.317741003667876,32000.0,104.5,98.0,-1.2,-0.4,1.08,GOOD
1790984870662,2607,2567.0,28.056652152821215,32000.0,104.5,98.0,-1.2,-0.4,1.08,GOOD
1790984870662,2608,2691.0,130.7223928512721,32000.0,104.5,98.0,-1.2,-0.4,1.08,GOOD
1790984870662,2609,2720.0,349.6528156031204,32000.0,104.5,98.0,-1.2,-0.4,1.08,GOOD
1790984870662,2610,1664.0,543.4513315632386,32000.0,104.5,98.0,-1.2,-0.4,1.08,GOOD
1790984870662,2611,1568.0,491.63689846315094,32000.0,104.5,98.0,-1.2,-0.4,1.08,GOOD
1790984870662,2612,1598.0,151.2381510336502,32000.0,104.5,98.0,-1.2,-0.4,1.08,GOOD
1790984870662,2613,1728.0,-257.54125077934106,32000.0,104.5,98.0,-1.2,-0.4,1.08,GOOD
1790984870662,2614,1668.0,-501.76873721516404,32000.0,104.5,98.0,-1.2,-0.4,1.08,GOOD
1790984870662,2615,1560.0,-542.975781304433,32000.0,104.5,98.0,-1.2,-0.4,1.08,GOOD
1790984870662,2616,1454.0,-492.8900980268576,32000.0,104.5,98.0,-1.2,-0.4,1.08,GOOD
1790984870662,2617,2773.0,-411.1743907730695,32000.0,104.5,98.0,-1.2,-0.4,1.08,GOOD
1790984870662,2618,2848.0,-208.35124017117644,32000.0,104.5,98.0,-1.2,-0.4,1.08,GOOD
1790984870662,2619,2898.0,156.79095702499453,32000.0,104.5,98.0,-1.2,-0.4,1.08,GOOD
1790984870662,2620,2872.0,552.1114068219995,32000.0,104.5,98.0,-1.2,-0.4,1.08,GOOD
1790984870662,2621,2255.0,807.6373871830203,32000.0,104.5,98.0,-1.2,-0.4,1.08,GOOD
1790984870662,2622,2227.0,820.170606941758,32000.0,104.5,98.0,-1.2,-0.4,1.08,GOOD
1790984870662,2623,2247.0,607.6620867255593,32000.0,104.5,98.0,-1.2,-0.4,1.08,GOOD
1790984870662,2624,1680.0,290.4489895692302,32000.0,104.5,98.0,-1.2,-0.4,1.08,GOOD
1790984870662,2625,1667.0,-25.25000324750347,32000.0,104.5,98.0,-1.2,-0.4,1.08,GOOD
1790984870746,2626,1591.0,-269.7557473389771,32000.0,113.6,98.0,-1.3,-0.3,1.08,GOOD
1790984870746,2627,1578.0,-404.79619889173307,32000.0,113.6,98.0,-1.3,-0.3,1.08,GOOD
1790984870746,2628,2545.0,-423.4143341256805,32000.0,113.6,98.0,-1.3,-0.3,1.08,GOOD
1790984870746,2629,2607.0,-295.68780909151343,32000.0,113.6,98.0,-1.3,-0.3,1.08,GOOD
1790984870746,2630,2646.0,-20.847239679094983,32000.0,113.6,98.0,-1.3,-0.3,1.08,GOOD
1790984870746,2631,2348.0,297.852388504186,32000.0,113.6,98.0,-1.3,-0.3,1.08,GOOD
1790984870746,2632,2331.0,517.2866570728619,32000.0,113.6,98.0,-1.3,-0.3,1.08,GOOD
1790984870746,2633,2340.0,552.6981800066615,32000.0,113.6,98.0,-1.3,-0.3,1.08,GOOD
1790984870746,2634,2349.0,425.762137182197,32000.0,113.6,98.0,-1.3,-0.3,1.08,GOOD
1790984870746,2635,3103.0,277.9513309011222,32000.0,113.6,98.0,-1.3,-0.3,1.08,GOOD
1790984870746,2636,3086.0,301.6760079917706,32000.0,113.6,98.0,-1.3,-0.3,1.08,GOOD
1790984870746,2637,3076.0,544.2275200720305,32000.0,113.6,98.0,-1.3,-0.3,1.08,GOOD
1790984870746,2638,1671.0,786.1755036816995,32000.0,113.6,98.0,-1.3,-0.3,1.08,GOOD
1790984870746,2639,1664.0,720.9332491254789,32000.0,113.6,98.0,-1.3,-0.3,1.08,GOOD
1790984870746,2640,1595.0,301.5356655265543,32000.0,113.6,98.0,-1.3,-0.3,1.08,GOOD
1790984870746,2641,1523.0,-216.6502191329101,32000.0,113.6,98.0,-1.3,-0.3,1.08,GOOD
1790984870746,2642,1956.0,-566.728019601464,32000.0,113.6,98.0,-1.3,-0.3,1.08,GOOD
1790984870746,2643,2011.0,-640.4960769419833,32000.0,113.6,98.0,-1.3,-0.3,1.08,GOOD
1790984870746,2644,1953.0,-492.18538747398134,32000.0,113.6,98.0,-1.3,-0.3,1.08,GOOD
1790984870746,2645,1968.0,-275.2043150425393,32000.0,113.6,98.0,-1.3,-0.3,1.08,GOOD
1790984870746,2646,1443.0,-137.05336896642032,32000.0,113.6,98.0,-1.3,-0.3,1.08,GOOD
1790984870746,2647,1474.0,-163.34410044207846,32000.0,113.6,98.0,-1.3,-0.3,1.08,GOOD
1790984870746,2648,1519.0,-332.21702664396196,32000.0,113.6,98.0,-1.3,-0.3,1.08,GOOD
1790984870746,2649,2573.0,-484.5045430104849,32000.0,113.6,98.0,-1.3,-0.3,1.08,GOOD
1790984870746,2650,2489.0,-427.73625199945684,32000.0,113.6,98.0,-1.3,-0.3,1.08,GOOD
1790984870897,2651,2460.0,-141.67030888915858,32000.0,113.6,98.0,-1.2,-0.3,1.08,GOOD
1790984870897,2652,2446.0,201.17903603314792,32000.0,113.6,98.0,-1.2,-0.3,1.08,GOOD
1790984870897,2653,1984.0,415.1359022497895,32000.0,113.6,98.0,-1.2,-0.3,1.08,GOOD
1790984870897,2654,2015.0,406.79812168780717,32000.0,113.6,98.0,-1.2,-0.3,1.08,GOOD
1790984870897,2655,1975.0,212.01799345847704,32000.0,113.6,98.0,-1.2,-0.3,1.08,GOOD
1790984870897,2656,1736.0,-37.074194042610614,32000.0,113.6,98.0,-1.2,-0.3,1.08,GOOD
1790984870897,2657,1720.0,-231.78888725798666,32000.0,113.6,98.0,-1.2,-0.3,1.08,GOOD
1790984870897,2658,1712.0,-336.8411004401711,32000.0,113.6,98.0,-1.2,-0.3,1.08,GOOD
1790984870897,2659,1657.0,-373.02218511622226,32000.0,113.6,98.0,-1.2,-0.3,1.08,GOOD
1790984870897,2660,2208.0,-368.4675897432079,32000.0,113.6,98.0,-1.2,-0.3,1.08,GOOD
1790984870897,2661,2181.0,-303.10626101057267,32000.0,113.6,98.0,-1.2,-0.3,1.08,GOOD
1790984870897,2662,2228.0,-158.96533644800778,32000.0,113.6,98.0,-1.2,-0.3,1.08,GOOD
1790984870897,2663,2269.0,19.762768020546737,32000.0,113.6,98.0,-1.2,-0.3,1.08,GOOD
1790984870897,2664,1084.0,119.4603050863173,32000.0,113.6,98.0,-1.2,-0.3,1.08,GOOD
1790984870897,2665,1040.0,-10.835940451409872,32000.0,113.6,98.0,-1.2,-0.3,1.08,GOOD
1790984870897,2666,989.0,-383.2304039607948,32000.0,113.6,98.0,-1.2,-0.3,1.08,GOOD
1790984870897,2667,2196.0,-759.6503129071799,32000.0,113.6,98.0,-1.2,-0.3,1.08,GOOD
1790984870897,2668,2233.0,-841.5190184184322,32000.0,113.6,98.0,-1.2,-0.3,1.08,GOOD
1790984870897,2669,2263.0,-565.5383953966249,32000.0,113.6,98.0,-1.2,-0.3,1.08,GOOD
1790984870897,2670,2218.0,-136.475480677926,32000.0,113.6,98.0,-1.2,-0.3,1.08,GOOD
1790984870897,2671,2497.0,221.0285217923581,32000.0,113.6,98.0,-1.2,-0.3,1.08,GOOD
1790984870897,2672,2487.0,420.2786987139073,32000.0,113.6,98.0,-1.2,-0.3,1.08,GOOD
1790984870897,2673,2549.0,475.1569673173344,32000.0,113.6,98.0,-1.2,-0.3,1.08,GOOD
1790984870897,2674,2600.0,450.8202851561523,32000.0,113.6,98.0,-1.2,-0.3,1.08,GOOD
1790984870897,2675,2065.0,413.7671316763838,32000.0,113.6,98.0,-1.2,-0.3,1.08,GOOD
1790984870972,2676,1968.0,357.82694067184184,32000.0,113.6,98.0,-1.3,-0.4,1.08,GOOD
1790984870972,2677,1923.0,236.37663721856364,32000.0,113.6,98.0,-1.3,-0.4,1.08,GOOD
1790984870972,2678,1802.0,48.99830804710797,32000.0,113.6,98.0,-1.3,-0.4,1.08,GOOD
1790984870972,2679,1841.0,-150.46372647772958,32000.0,113.6,98.0,-1.3,-0.4,1.08,GOOD
1790984870972,2680,1820.0,-283.9716176529441,32000.0,113.6,98.0,-1.3,-0.4,1.08,GOOD
1790984870972,2681,1775.0,-308.719863705575,32000.0,113.6,98.0,-1.3,-0.4,1.08,GOOD
1790984870972,2682,1070.0,-294.5172415167144,32000.0,113.6,98.0,-1.3,-0.4,1.08,GOOD
1790984870972,2683,1061.0,-384.36163589077694,32000.0,113.6,98.0,-1.3,-0.4,1.08,GOOD
1790984870972,2684,1107.0,-612.8422663038825,32000.0,113.6,98.0,-1.3,-0.4,1.08,GOOD
1790984870972,2685,2460.0,-798.9283993061736,32000.0,113.6,98.0,-1.3,-0.4,1.08,GOOD
1790984870972,2686,2501.0,-696.9885832049894,32000.0,113.6,98.0,-1.3,-0.4,1.08,GOOD
1790984870972,2687,2600.0,-284.6548583937015,32000.0,113.6,98.0,-1.3,-0.4,1.08,GOOD
1790984870972,2688,2739.0,216.2198815831262,32000.0,113.6,98.0,-1.3,-0.4,1.08,GOOD
1790984870972,2689,2117.0,575.2151760306784,32000.0,113.6,98.0,-1.3,-0.4,1.08,GOOD
1790984870972,2690,2033.0,664.3609546770186,32000.0,113.6,98.0,-1.3,-0.4,1.08,GOOD
1790984870972,2691,1909.0,486.593318045341,32000.0,113.6,98.0,-1.3,-0.4,1.08,GOOD
1790984870972,2692,1875.0,176.8295190923509,32000.0,113.6,98.0,-1.3,-0.4,1.08,GOOD
1790984870972,2693,1853.0,-100.54439180780692,32000.0,113.6,98.0,-1.3,-0.4,1.08,GOOD
1790984870972,2694,1919.0,-244.3386085938336,32000.0,113.6,98.0,-1.3,-0.4,1.08,GOOD
1790984870972,2695,1890.0,-247.03663387786236,32000.0,113.6,98.0,-1.3,-0.4,1.08,GOOD
1790984870972,2696,1341.0,-201.60695929817518,32000.0,113.6,98.0,-1.3,-0.4,1.08,GOOD
1790984870972,2697,1330.0,-240.28551930173342,32000.0,113.6,98.0,-1.3,-0.4,1.08,GOOD
1790984870972,2698,1363.0,-394.13912153645936,32000.0,113.6,98.0,-1.3,-0.4,1.08,GOOD
1790984870972,2699,1459.0,-562.911366207429,32000.0,113.6,98.0,-1.3,-0.4,1.08,GOOD
1790984870972,2700,2775.0,-595.6798121810543,32000.0,113.6,98.0,-1.3,-0.4,1.08,GOOD
1790984871232,2701,2650.0,-372.0198615880413,32000.0,134.1,98.0,-1.3,-0.3,1.09,GOOD
1790984871232,2702,2661.0,55.76494687444597,32000.0,134.1,98.0,-1.3,-0.3,1.09,GOOD
1790984871232,2703,1532.0,433.97140384830516,32000.0,134.1,98.0,-1.3,-0.3,1.09,GOOD
1790984871232,2704,1597.0,513.18193446189,32000.0,134.1,98.0,-1.3,-0.3,1.09,GOOD
1790984871232,2705,1536.0,264.9210744338154,32000.0,134.1,98.0,-1.3,-0.3,1.09,GOOD
1790984871232,2706,1507.0,-132.11930979622232,32000.0,134.1,98.0,-1.3,-0.3,1.09,GOOD
1790984871232,2707,2003.0,-457.28442374187813,32000.0,134.1,98.0,-1.3,-0.3,1.09,GOOD
1790984871232,2708,2009.0,-543.6900829951505,32000.0,134.1,98.0,-1.3,-0.3,1.09,GOOD
1790984871232,2709,1959.0,-370.64046020379044,32000.0,134.1,98.0,-1.3,-0.3,1.09,GOOD
1790984871232,2710,1769.0,-106.40932597589115,32000.0,134.1,98.0,-1.3,-0.3,1.09,GOOD
1790984871232,2711,1888.0,43.794926388762214,32000.0,134.1,98.0,-1.3,-0.3,1.09,GOOD
1790984871232,2712,1975.0,25.08102176562157,32000.0,134.1,98.0,-1.3,-0.3,1.09,GOOD
1790984871232,2713,2127.0,-52.20764660786988,32000.0,134.1,98.0,-1.3,-0.3,1.09,GOOD
1790984871232,2714,1294.0,-89.39605219721759,32000.0,134.1,98.0,-1.3,-0.3,1.09,GOOD
1790984871232,2715,1262.0,-139.22988094957532,32000.0,134.1,98.0,-1.3,-0.3,1.09,GOOD
1790984871232,2716,1191.0,-290.97151549052376,32000.0,134.1,98.0,-1.3,-0.3,1.09,GOOD
1790984871232,2717,1241.0,-518.7093896806768,32000.0,134.1,98.0,-1.3,-0.3,1.09,GOOD
1790984871232,2718,2368.0,-674.0201392362571,32000.0,134.1,98.0,-1.3,-0.3,1.09,GOOD
1790984871232,2719,2378.0,-572.3690135197425,32000.0,134.1,98.0,-1.3,-0.3,1.09,GOOD
1790984871232,2720,2311.0,-201.46780863532902,32000.0,134.1,98.0,-1.3,-0.3,1.09,GOOD
1790984871232,2721,2273.0,221.0426510188297,32000.0,134.1,98.0,-1.3,-0.3,1.09,GOOD
1790984871232,2722,2269.0,479.2684532059544,32000.0,134.1,98.0,-1.3,-0.3,1.09,GOOD
1790984871232,2723,2340.0,525.3463249623886,32000.0,134.1,98.0,-1.3,-0.3,1.09,GOOD
1790984871232,2724,2404.0,448.88294796583307,32000.0,134.1,98.0,-1.3,-0.3,1.09,GOOD
1790984871232,2725,2489.0,375.8105709418359,32000.0,134.1,98.0,-1.3,-0.3,1.09,GOOD
1790984871233,2726,2420.0,375.6344790008077,32000.0,134.1,98.0,-1.3,-0.3,1.09,GOOD
1790984871233,2727,2420.0,428.52464286765564,32000.0,134.1,98.0,-1.3,-0.3,1.09,GOOD
1790984871233,2728,2678.0,482.71523903836817,32000.0,134.1,98.0,-1.3,-0.3,1.09,GOOD
1790984871233,2729,2781.0,530.8491479778647,32000.0,134.1,98.0,-1.3,-0.3,1.09,GOOD
1790984871233,2730,2710.0,593.640922912766,32000.0,134.1,98.0,-1.3,-0.3,1.09,GOOD
1790984871233,2731,2596.0,660.8827430100562,32000.0,134.1,98.0,-1.3,-0.3,1.09,GOOD
1790984871233,2732,1595.0,656.8463177568174,32000.0,134.1,98.0,-1.3,-0.3,1.09,GOOD
1790984871233,2733,1679.0,476.25540980379344,32000.0,134.1,98.0,-1.3,-0.3,1.09,GOOD
1790984871233,2734,1723.0,134.1768149347867,32000.0,134.1,98.0,-1.3,-0.3,1.09,GOOD
1790984871233,2735,2181.0,-188.62748599646937,32000.0,134.1,98.0,-1.3,-0.3,1.09,GOOD
1790984871233,2736,2107.0,-315.1796647443981,32000.0,134.1,98.0,-1.3,-0.3,1.09,GOOD
1790984871233,2737,2134.0,-223.43015053264725,32000.0,134.1,98.0,-1.3,-0.3,1.09,GOOD
1790984871233,2738,2187.0,-24.247671799499752,32000.0,134.1,98.0,-1.3,-0.3,1.09,GOOD
1790984871233,2739,1694.0,134.07862168328134,32000.0,134.1,98.0,-1.3,-0.3,1.09,GOOD
1790984871233,2740,1618.0,129.68898319432222,32000.0,134.1,98.0,-1.3,-0.3,1.09,GOOD
1790984871233,2741,1538.0,-49.59192342643365,32000.0,134.1,98.0,-1.3,-0.3,1.09,GOOD
1790984871233,2742,1545.0,-286.2544073707224,32000.0,134.1,98.0,-1.3,-0.3,1.09,GOOD
1790984871233,2743,2141.0,-428.5142871561087,32000.0,134.1,98.0,-1.3,-0.3,1.09,GOOD
1790984871233,2744,2214.0,-382.15469482418723,32000.0,134.1,98.0,-1.3,-0.3,1.09,GOOD
1790984871233,2745,2184.0,-179.64596533137217,32000.0,134.1,98.0,-1.3,-0.3,1.09,GOOD
1790984871233,2746,2360.0,55.74394323330365,32000.0,134.1,98.0,-1.3,-0.3,1.09,GOOD
1790984871233,2747,2348.0,241.1893268932472,32000.0,134.1,98.0,-1.3,-0.3,1.09,GOOD
1790984871233,2748,2411.0,360.0673968095778,32000.0,134.1,98.0,-1.3,-0.3,1.09,GOOD
1790984871233,2749,2375.0,410.2700376221882,32000.0,134.1,98.0,-1.3,-0.3,1.09,GOOD
1790984871233,2750,1929.0,381.97159249720175,32000.0,134.1,98.0,-1.3,-0.3,1.09,GOOD
