timestamp_ms,sample_seq,ecg_raw,ecg_cleaned,ppg_dc_ir,ecg_bpm,spo2_pct,pitch_deg,roll_deg,motion_g,signal_quality
1790977578504,1,2495.4,98.19746053542411,31966.898338031297,72.0,98.0,1.5,-0.8,0.97,GOOD
1790977578504,2,2873.8,528.4243615813297,31999.400494053607,72.0,98.0,1.5,-0.8,0.97,GOOD
1790977578504,3,3136.3,1343.8819114086382,31993.016092183636,72.0,98.0,1.5,-0.8,0.97,GOOD
1790977578504,4,3246.0,2258.531082720969,31964.84927168831,72.0,98.0,1.5,-0.8,0.97,GOOD
1790977578504,5,3187.4,2953.100342562654,31983.6814162537,72.0,98.0,1.5,-0.8,0.97,GOOD
1790977578504,6,2968.8,3276.2611218959532,32004.134634246515,72.0,98.0,1.5,-0.8,0.97,GOOD
1790977578504,7,2620.8,3212.1682621938253,31979.232759931157,72.0,98.0,1.5,-0.8,0.97,GOOD
1790977578504,8,2192.4,2852.5449654707786,31998.028243592446,72.0,98.0,1.5,-0.8,0.97,GOOD
1790977578504,9,1930.7,2368.507227351285,32007.251667032415,72.0,98.0,1.5,-0.8,0.97,GOOD
1790977578504,10,1786.3,1930.7618691119615,31956.09260820264,72.0,98.0,1.5,-0.8,0.97,GOOD
1790977578504,11,1706.7,1615.698987034975,31990.853458392692,72.0,98.0,1.5,-0.8,0.97,GOOD
1790977578504,12,1711.5,1397.515000182364,31959.997480282338,72.0,98.0,1.5,-0.8,0.97,GOOD
1790977578504,13,1799.6,1241.6634396467027,31952.11225788037,72.0,98.0,1.5,-0.8,0.97,GOOD
1790977578504,14,1949.1,1172.3252986060947,31969.094415169864,72.0,98.0,1.5,-0.8,0.97,GOOD
1790977578504,15,2062.2,1224.1021545055532,31981.486827357487,72.0,98.0,1.5,-0.8,0.97,GOOD
1790977578504,16,2061.9,1357.0697138256646,31979.233193071937,72.0,98.0,1.5,-0.8,0.97,GOOD
1790977578504,17,2041.9,1465.8850147487822,32025.887541540265,72.0,98.0,1.5,-0.8,0.97,GOOD
1790977578504,18,2033.8,1481.977489608205,32025.7681876954,72.0,98.0,1.5,-0.8,0.97,GOOD
1790977578504,19,2058.0,1434.1890264801145,32007.406499069653,72.0,98.0,1.5,-0.8,0.97,GOOD
1790977578504,20,2058.4,1391.9578432114447,32007.900474804606,72.0,98.0,1.5,-0.8,0.97,GOOD
1790977578504,21,2060.4,1376.8198892973107,32048.814854812215,72.0,98.0,1.5,-0.8,0.97,GOOD
1790977578504,22,2036.1,1355.760060039654,32033.154448255038,72.0,98.0,1.5,-0.8,0.97,GOOD
1790977578504,23,2051.9,1306.063908398103,31972.989961026797,72.0,98.0,1.5,-0.8,0.97,GOOD
1790977578504,24,2062.0,1252.5747898911477,31980.433826829234,72.0,98.0,1.5,-0.8,0.97,GOOD
1790977578504,25,2049.2,1229.4455643589517,31997.03678241538,72.0,98.0,1.5,-0.8,0.97,GOOD
1790977583667,26,2279.2,1237.9555588836943,32043.25202688236,72.0,98.0,1.5,-0.8,1.0,GOOD
1790977583667,27,2295.2,1261.5003110750522,32036.898253933974,72.0,98.0,1.5,-0.8,1.0,GOOD
1790977583667,28,2309.8,1288.2726165203312,32010.691953929698,72.0,98.0,1.5,-0.8,1.0,GOOD
1790977583667,29,2322.9,1315.7829007089683,31987.711305180852,72.0,98.0,1.5,-0.8,1.0,GOOD
1790977583667,30,2334.5,1345.9583889745618,32023.46315769369,72.0,98.0,1.5,-0.8,1.0,GOOD
1790977583667,31,2344.4,1366.1849012378148,32033.359964768777,72.0,98.0,1.5,-0.8,1.0,GOOD
1790977583667,32,2352.6,1353.0307928164143,31960.57181676155,72.0,98.0,1.5,-0.8,1.0,GOOD
1790977583667,33,2359.2,1305.7451652715672,31978.36622557726,72.0,98.0,1.5,-0.8,1.0,GOOD
1790977583667,34,2363.9,1255.5746559013996,31976.887124515717,72.0,98.0,1.5,-0.8,1.0,GOOD
1790977583667,35,2366.9,1231.4031954611758,31967.44584495094,72.0,98.0,1.5,-0.8,1.0,GOOD
1790977583667,36,2368.0,1226.7706446584764,31995.762341559395,72.0,98.0,1.5,-0.8,1.0,GOOD
1790977583667,37,2367.3,1212.060741431821,31985.240297878227,72.0,98.0,1.5,-0.8,1.0,GOOD
1790977583667,38,2364.8,1173.7924775681006,31982.511601133625,72.0,98.0,1.5,-0.8,1.0,GOOD
1790977583667,39,2360.5,1128.741420898537,32032.543779496467,72.0,98.0,1.5,-0.8,1.0,GOOD
1790977583667,40,2354.4,1097.9247837127307,32001.940471066624,72.0,98.0,1.5,-0.8,1.0,GOOD
1790977583667,41,2346.6,1078.8147715180216,32005.768575253405,72.0,98.0,1.5,-0.8,1.0,GOOD
1790977583667,42,2337.1,1051.8449222965485,31996.774816966878,72.0,98.0,1.5,-0.8,1.0,GOOD
1790977583667,43,2326.0,1008.3119617808272,32027.793841383493,72.0,98.0,1.5,-0.8,1.0,GOOD
1790977583667,44,2313.2,960.5432230441274,32030.0050819632,72.0,98.0,1.5,-0.8,1.0,GOOD
1790977583667,45,2299.0,923.3115167373174,31975.493714532244,72.0,98.0,1.5,-0.8,1.0,GOOD
1790977583667,46,2283.3,894.446134860229,32040.63975438531,72.0,98.0,1.5,-0.8,1.0,GOOD
1790977583667,47,2266.3,859.9932033479718,31979.849821127664,72.0,98.0,1.5,-0.8,1.0,GOOD
1790977583667,48,2248.1,813.9157513060493,32004.067414270583,72.0,98.0,1.5,-0.8,1.0,GOOD
1790977583667,49,2228.7,764.7968070897907,32038.917303594673,72.0,98.0,1.5,-0.8,1.0,GOOD
1790977583667,50,2208.3,722.7826506715605,32042.973295772223,72.0,98.0,1.5,-0.8,1.0,GOOD
1790977588829,51,2049.9,681.191294909959,31980.66987961052,72.0,98.0,1.5,-0.8,1.02,GOOD
1790977588829,52,2050.7,619.9012414267362,32046.504597075727,72.0,98.0,1.5,-0.8,1.02,GOOD
1790977588829,53,2034.2,536.7991802120985,31994.14220539587,72.0,98.0,1.5,-0.8,1.02,GOOD
1790977588829,54,2058.0,456.98218198863276,32047.746592750642,72.0,98.0,1.5,-0.8,1.02,GOOD
1790977588829,55,2041.0,403.52157598227365,31986.594917490824,72.0,98.0,1.5,-0.8,1.02,GOOD
1790977588829,56,2052.8,378.049173277881,32032.86351800211,72.0,98.0,1.5,-0.8,1.02,GOOD
1790977588829,57,2054.1,368.75550364009763,32043.70483174408,72.0,98.0,1.5,-0.8,1.02,GOOD
1790977588829,58,2054.6,363.5897481535999,31987.972848503487,72.0,98.0,1.5,-0.8,1.02,GOOD
1790977588829,59,2056.5,354.70200152625154,32048.11451241273,72.0,98.0,1.5,-0.8,1.02,GOOD
1790977588829,60,2049.9,338.9226864672719,31987.38696362064,72.0,98.0,1.5,-0.8,1.02,GOOD
1790977588829,61,2049.3,318.0592750708423,32035.79213831785,72.0,98.0,1.5,-0.8,1.02,GOOD
1790977588829,62,2039.9,296.638988681892,32024.153319600948,72.0,98.0,1.5,-0.8,1.02,GOOD
1790977588829,63,2055.4,277.85872981233626,31987.819256021055,72.0,98.0,1.5,-0.8,1.02,GOOD
1790977588829,64,2038.0,260.8763732177787,31954.522889540534,72.0,98.0,1.5,-0.8,1.02,GOOD
1790977588829,65,2041.8,242.1700096428796,32012.226112166074,72.0,98.0,1.5,-0.8,1.02,GOOD
1790977588829,66,2050.2,221.77676627543832,31989.18670103228,72.0,98.0,1.5,-0.8,1.02,GOOD
1790977588829,67,2036.9,204.5863016445865,32009.705728710418,72.0,98.0,1.5,-0.8,1.02,GOOD
1790977588829,68,2041.5,192.0422981055034,31997.29120469929,72.0,98.0,1.5,-0.8,1.02,GOOD
1790977588829,69,2045.6,179.5133290547932,31980.61687976855,72.0,98.0,1.5,-0.8,1.02,GOOD
1790977588829,70,2056.6,163.59391335592613,31993.56790733816,72.0,98.0,1.5,-0.8,1.02,GOOD
1790977588829,71,2049.3,146.81316554862528,31988.331166943015,72.0,98.0,1.5,-0.8,1.02,GOOD
1790977588829,72,2042.7,133.6737049686218,32046.703152956045,72.0,98.0,1.5,-0.8,1.02,GOOD
1790977588829,73,2058.7,124.68085360961297,31995.465432535846,72.0,98.0,1.5,-0.8,1.02,GOOD
1790977588829,74,2054.7,115.78735847998621,32019.52056782954,72.0,98.0,1.5,-0.8,1.02,GOOD
1790977588829,75,2037.1,101.66356158799215,32007.906611789585,72.0,98.0,1.5,-0.8,1.02,GOOD
1790977593993,76,2052.1,81.95301004751389,32034.30808494013,72.0,98.0,1.5,-0.8,1.04,GOOD
1790977593993,77,2058.2,64.46638448486854,31952.03644794963,72.0,98.0,1.5,-0.8,1.04,GOOD
1790977593993,78,2054.5,55.2842157657819,32016.373809561323,72.0,98.0,1.5,-0.8,1.04,GOOD
1790977593993,79,2035.9,48.534330225909635,32012.332043302573,72.0,98.0,1.5,-0.8,1.04,GOOD
1790977593993,80,2043.3,34.33105451667652,32045.1043177721,72.0,98.0,1.5,-0.8,1.04,GOOD
1790977593993,81,2040.1,13.282879587571088,32021.302445025085,72.0,98.0,1.5,-0.8,1.04,GOOD
1790977593993,82,2062.1,-4.311251211705612,32004.71735763445,72.0,98.0,1.5,-0.8,1.04,GOOD
1790977593993,83,2045.2,-12.442281795062582,32040.291152148355,72.0,98.0,1.5,-0.8,1.04,GOOD
1790977593993,84,2062.8,-16.6416327200758,31950.71850334204,72.0,98.0,1.5,-0.8,1.04,GOOD
1790977593993,85,2047.8,-25.205580696792417,32022.3174765825,72.0,98.0,1.5,-0.8,1.04,GOOD
1790977593993,86,2051.1,-38.83253018852259,31969.719173104026,72.0,98.0,1.5,-0.8,1.04,GOOD
1790977593993,87,2062.9,-51.44814568870343,32044.500516444543,72.0,98.0,1.5,-0.8,1.04,GOOD
1790977593993,88,2052.5,-58.98143317700871,31985.581726250362,72.0,98.0,1.5,-0.8,1.04,GOOD
1790977593993,89,2034.0,-66.51367269227879,32028.773562961815,72.0,98.0,1.5,-0.8,1.04,GOOD
1790977593993,90,2034.6,-81.90940701372357,32024.685397480363,72.0,98.0,1.5,-0.8,1.04,GOOD
1790977593993,91,2041.8,-103.12968780272618,32023.96848969083,72.0,98.0,1.5,-0.8,1.04,GOOD
1790977593993,92,2051.5,-119.7899512944349,31964.2576478481,72.0,98.0,1.5,-0.8,1.04,GOOD
1790977593993,93,2048.5,-126.71107671260727,31974.24253082269,72.0,98.0,1.5,-0.8,1.04,GOOD
1790977593993,94,2061.6,-129.0731208310482,31954.938401900057,72.0,98.0,1.5,-0.8,1.04,GOOD
1790977593993,95,2059.4,-133.58470957592402,31964.83788677341,72.0,98.0,1.5,-0.8,1.04,GOOD
1790977593993,96,2048.6,-141.13458194831287,32045.633042723897,72.0,98.0,1.5,-0.8,1.04,GOOD
1790977593993,97,2039.2,-149.66781668370368,31972.97900851224,72.0,98.0,1.5,-0.8,1.04,GOOD
1790977593993,98,2043.3,-159.02746318257186,32012.258365915106,72.0,98.0,1.5,-0.8,1.04,GOOD
1790977593993,99,2050.1,-170.7458743164874,32046.61521686145,72.0,98.0,1.5,-0.8,1.04,GOOD
1790977593993,100,2052.1,-184.55795352927078,32012.690066432628,72.0,98.0,1.5,-0.8,1.04,GOOD
1790977599156,101,2049.9,-196.83181450095464,32008.789713745373,72.0,98.0,1.5,-0.8,1.01,GOOD
1790977599156,102,2056.7,-203.43362002173257,31990.585792610982,72.0,98.0,1.5,-0.8,1.01,GOOD
1790977599156,103,2052.6,-204.7018733164969,32006.728914987765,72.0,98.0,1.5,-0.8,1.01,GOOD
1790977599156,104,2052.2,-206.71950368651284,32039.675252880155,72.0,98.0,1.5,-0.8,1.01,GOOD
1790977599156,105,2039.2,-215.45808256291923,32012.757352543133,72.0,98.0,1.5,-0.8,1.01,GOOD
1790977599156,106,2059.0,-229.33898392245533,32033.202022327663,72.0,98.0,1.5,-0.8,1.01,GOOD
1790977599156,107,2059.3,-240.12331044322514,32026.400043354108,72.0,98.0,1.5,-0.8,1.01,GOOD
1790977599156,108,2049.5,-243.76727131761857,31994.787703794595,72.0,98.0,1.5,-0.8,1.01,GOOD
1790977599156,109,2041.8,-246.33808806766794,32003.932062182714,72.0,98.0,1.5,-0.8,1.01,GOOD
1790977599156,110,2033.9,-255.3383383633906,31952.296146924626,72.0,98.0,1.5,-0.8,1.01,GOOD
1790977599156,111,2058.3,-269.28033979343945,31972.57424551558,72.0,98.0,1.5,-0.8,1.01,GOOD
1790977599156,112,2046.4,-279.93520671085344,31970.481678900047,72.0,98.0,1.5,-0.8,1.01,GOOD
1790977599156,113,2045.9,-284.0555180828421,32029.8882668135,72.0,98.0,1.5,-0.8,1.01,GOOD
1790977599156,114,2044.2,-286.7116272848074,31992.679210905684,72.0,98.0,1.5,-0.8,1.01,GOOD
1790977599156,115,2060.7,-292.1277652928769,31964.243992132713,72.0,98.0,1.5,-0.8,1.01,GOOD
1790977599156,116,2036.4,-299.07311604904396,31976.32212048909,72.0,98.0,1.5,-0.8,1.01,GOOD
1790977599156,117,2059.2,-305.0497305224966,31952.769972006678,72.0,98.0,1.5,-0.8,1.01,GOOD
1790977599156,118,2059.2,-308.59566783663035,31992.422686558828,72.0,98.0,1.5,-0.8,1.01,GOOD
1790977599156,119,2041.9,-310.92836579729385,31980.865967201225,72.0,98.0,1.5,-0.8,1.01,GOOD
1790977599156,120,2061.2,-315.5822607765257,31976.453120234462,72.0,98.0,1.5,-0.8,1.01,GOOD
1790977599156,121,2072.1,-321.5465224349473,32027.95312067453,72.0,98.0,1.5,-0.8,1.01,GOOD
1790977599156,122,2105.1,-322.4576297306105,32018.45258199159,72.0,98.0,1.5,-0.8,1.01,GOOD
1790977599156,123,2136.1,-313.6263276726229,31963.5269610556,72.0,98.0,1.5,-0.8,1.01,GOOD
1790977599156,124,2163.9,-295.64761417308193,32030.223050702694,72.0,98.0,1.5,-0.8,1.01,GOOD
1790977599156,125,2187.7,-272.79676509723686,32040.876037243164,72.0,98.0,1.5,-0.8,1.01,GOOD
1790977604320,126,1929.2,-260.2798528358178,31973.419987969235,72.0,98.0,1.5,-0.8,1.02,GOOD
1790977604320,127,1851.3,-288.8780172609323,31998.028138864087,72.0,98.0,1.5,-0.8,1.02,GOOD
1790977604320,128,1880.0,-369.48398300467875,31980.053021686075,72.0,98.0,1.5,-0.8,1.02,GOOD
1790977604320,129,1999.8,-463.50928802125304,32010.94965524595,72.0,98.0,1.5,-0.8,1.02,GOOD
1790977604320,130,2351.0,-504.65047327596716,31950.15710124551,72.0,98.0,1.5,-0.8,1.02,GOOD
1790977604320,131,2757.1,-428.6456929385243,32000.895772455624,72.0,98.0,1.5,-0.8,1.02,GOOD
1790977604320,132,3063.7,-205.48134947453187,32006.697646164776,72.0,98.0,1.5,-0.8,1.02,GOOD
1790977604320,133,3227.6,125.43888782087225,32025.725710730003,72.0,98.0,1.5,-0.8,1.02,GOOD
1790977604320,134,3225.9,463.35558824111456,32012.11673868137,72.0,98.0,1.5,-0.8,1.02,GOOD
1790977604320,135,3058.7,697.4245732133818,31990.222998481288,72.0,98.0,1.5,-0.8,1.02,GOOD
1790977604320,136,2749.5,755.49054681087,32026.29022560141,72.0,98.0,1.5,-0.8,1.02,GOOD
1790977604320,137,2341.9,622.1937824537235,32022.678841743083,72.0,98.0,1.5,-0.8,1.02,GOOD
1790977604320,138,1987.8,331.5089572563669,32015.685453147504,72.0,98.0,1.5,-0.8,1.02,GOOD
1790977604320,139,1829.2,-44.634006333207296,32013.270468525472,72.0,98.0,1.5,-0.8,1.02,GOOD
1790977604320,140,1724.6,-413.410080997571,31967.903022870865,72.0,98.0,1.5,-0.8,1.02,GOOD
1790977604320,141,1700.1,-696.4264571292529,31962.49321434737,72.0,98.0,1.5,-0.8,1.02,GOOD
1790977604320,142,1761.6,-855.8687910827408,31973.61402287936,72.0,98.0,1.5,-0.8,1.02,GOOD
1790977604320,143,1894.0,-890.434058232312,31966.063335224517,72.0,98.0,1.5,-0.8,1.02,GOOD
1790977604320,144,2042.8,-823.6040861456338,31991.34598026458,72.0,98.0,1.5,-0.8,1.02,GOOD
1790977604320,145,2045.7,-700.4400143654187,31959.38063973303,72.0,98.0,1.5,-0.8,1.02,GOOD
1790977604320,146,2033.8,-579.0094206679,31992.043491283584,72.0,98.0,1.5,-0.8,1.02,GOOD
1790977604320,147,2056.4,-500.65234628021665,32044.220225321013,72.0,98.0,1.5,-0.8,1.02,GOOD
1790977604320,148,2060.4,-468.4152474545168,32033.502089290294,72.0,98.0,1.5,-0.8,1.02,GOOD
1790977604320,149,2050.5,-465.0113004322282,32025.51657426039,72.0,98.0,1.5,-0.8,1.02,GOOD
1790977604320,150,2048.7,-477.16581889043783,32003.554401086625,72.0,98.0,1.5,-0.8,1.02,GOOD
1790977609483,151,2193.1,-489.5248225577313,32012.18182280939,72.0,98.0,1.5,-0.8,0.99,GOOD
1790977609483,152,2214.2,-477.12186609497724,31979.44366613297,72.0,98.0,1.5,-0.8,0.99,GOOD
1790977609483,153,2234.3,-430.0916897171601,31956.698141725235,72.0,98.0,1.5,-0.8,0.99,GOOD
1790977609483,154,2253.4,-368.90471804988886,31997.136412163847,72.0,98.0,1.5,-0.8,0.99,GOOD
1790977609483,155,2271.3,-320.50208629310794,31995.501092177088,72.0,98.0,1.5,-0.8,0.99,GOOD
1790977609483,156,2287.9,-295.23838313695734,32046.052338041387,72.0,98.0,1.5,-0.8,0.99,GOOD
1790977609483,157,2303.2,-286.5068166690333,31973.740344640406,72.0,98.0,1.5,-0.8,0.99,GOOD
1790977609483,158,2317.0,-281.9078908585201,32010.40971123041,72.0,98.0,1.5,-0.8,0.99,GOOD
1790977609483,159,2329.3,-274.25538027912637,32001.89425388864,72.0,98.0,1.5,-0.8,0.99,GOOD
1790977609483,160,2340.0,-264.28020639936983,31990.42943722338,72.0,98.0,1.5,-0.8,0.99,GOOD
1790977609483,161,2349.0,-255.66271364009535,31987.632100557283,72.0,98.0,1.5,-0.8,0.99,GOOD
1790977609483,162,2356.3,-249.69801449915184,31990.431491743944,72.0,98.0,1.5,-0.8,0.99,GOOD
1790977609483,163,2361.9,-245.03477930506023,32019.370021443756,72.0,98.0,1.5,-0.8,0.99,GOOD
1790977609483,164,2365.7,-240.86318653624016,31960.32158839038,72.0,98.0,1.5,-0.8,0.99,GOOD
1790977609483,165,2367.7,-238.45937883154104,31980.42677699812,72.0,98.0,1.5,-0.8,0.99,GOOD
1790977609483,166,2367.8,-239.35297070531183,32028.07394909387,72.0,98.0,1.5,-0.8,0.99,GOOD
1790977609483,167,2366.2,-243.14955807312566,31997.159443054403,72.0,98.0,1.5,-0.8,0.99,GOOD
1790977609483,168,2362.7,-248.0467056140302,31950.311290221947,72.0,98.0,1.5,-0.8,0.99,GOOD
1790977609483,169,2357.5,-253.1441587708111,31959.090562945967,72.0,98.0,1.5,-0.8,0.99,GOOD
1790977609483,170,2350.5,-259.4019412830751,31962.070158324896,72.0,98.0,1.5,-0.8,0.99,GOOD
1790977609483,171,2341.7,-268.19706393474235,32038.129926517504,72.0,98.0,1.5,-0.8,0.99,GOOD
1790977609483,172,2331.4,-279.5653413990441,32015.847838615515,72.0,98.0,1.5,-0.8,0.99,GOOD
1790977609483,173,2319.3,-292.30095871656516,32040.516403254205,72.0,98.0,1.5,-0.8,0.99,GOOD
1790977609483,174,2305.8,-305.51366677676003,32000.462534558294,72.0,98.0,1.5,-0.8,0.99,GOOD
1790977609483,175,2290.8,-319.5405114701574,31973.80374696883,72.0,98.0,1.5,-0.8,0.99,GOOD
1790977614840,176,2033.6,-344.7197478065326,32022.217282875336,72.0,98.0,1.5,-0.8,1.04,GOOD
1790977614840,177,2037.1,-401.53657753246887,31996.626039016013,72.0,98.0,1.5,-0.8,1.04,GOOD
1790977614840,178,2055.3,-486.899795054571,31995.624463542157,72.0,98.0,1.5,-0.8,1.04,GOOD
1790977614840,179,2060.2,-565.3330121028876,31987.868897605196,72.0,98.0,1.5,-0.8,1.04,GOOD
1790977614840,180,2035.0,-610.260333939545,31993.58831560499,72.0,98.0,1.5,-0.8,1.04,GOOD
1790977614840,181,2048.0,-622.0987084235353,32025.203742867576,72.0,98.0,1.5,-0.8,1.04,GOOD
1790977614840,182,2056.6,-611.4780563337546,32015.172255964626,72.0,98.0,1.5,-0.8,1.04,GOOD
1790977614840,183,2040.9,-591.0896864021186,32024.11098346706,72.0,98.0,1.5,-0.8,1.04,GOOD
1790977614840,184,2057.7,-575.6408304953003,31956.68816689195,72.0,98.0,1.5,-0.8,1.04,GOOD
1790977614840,185,2047.6,-572.7558004087039,31980.8245143288,72.0,98.0,1.5,-0.8,1.04,GOOD
1790977614840,186,2038.0,-577.662945798388,32031.476651962337,72.0,98.0,1.5,-0.8,1.04,GOOD
1790977614840,187,2041.0,-581.234296039614,31987.812680752715,72.0,98.0,1.5,-0.8,1.04,GOOD
1790977614840,188,2055.4,-578.8624870384212,32031.55632663426,72.0,98.0,1.5,-0.8,1.04,GOOD
1790977614840,189,2049.4,-573.1286227152918,31984.823172091903,72.0,98.0,1.5,-0.8,1.04,GOOD
1790977614840,190,2062.0,-568.9248293013497,31959.611211918003,72.0,98.0,1.5,-0.8,1.04,GOOD
1790977614840,191,2050.0,-566.0581736478183,31969.670400554915,72.0,98.0,1.5,-0.8,1.04,GOOD
1790977614840,192,2056.7,-560.6884953055585,31975.86562317853,72.0,98.0,1.5,-0.8,1.04,GOOD
1790977614840,193,2053.0,-552.636285623664,32010.50946469579,72.0,98.0,1.5,-0.8,1.04,GOOD
1790977614840,194,2051.2,-546.8352989489028,31985.593409059584,72.0,98.0,1.5,-0.8,1.04,GOOD
1790977614840,195,2052.5,-546.9966910415717,31975.719480533935,72.0,98.0,1.5,-0.8,1.04,GOOD
1790977614840,196,2049.7,-549.9602369713716,32016.111377415855,72.0,98.0,1.5,-0.8,1.04,GOOD
1790977614840,197,2047.4,-549.5949026344761,31989.376686255335,72.0,98.0,1.5,-0.8,1.04,GOOD
1790977614840,198,2054.1,-544.5438023879284,32002.35706461048,72.0,98.0,1.5,-0.8,1.04,GOOD
1790977614840,199,2052.9,-538.7882728892879,32038.17723923123,72.0,98.0,1.5,-0.8,1.04,GOOD
1790977614840,200,2035.5,-536.6243023246095,31992.669190653483,72.0,98.0,1.5,-0.8,1.04,GOOD
1790977620003,201,2037.6,-538.333935348937,32041.443680401437,72.0,98.0,1.5,-0.8,0.97,GOOD
1790977620003,202,2040.2,-539.8583195848757,32046.59047744492,72.0,98.0,1.5,-0.8,0.97,GOOD
1790977620003,203,2046.2,-537.8321390086699,31966.766801691243,72.0,98.0,1.5,-0.8,0.97,GOOD
1790977620003,204,2060.2,-533.0123176690619,32030.660192600768,72.0,98.0,1.5,-0.8,0.97,GOOD
1790977620003,205,2057.2,-527.035790296594,31952.543565722943,72.0,98.0,1.5,-0.8,0.97,GOOD
1790977620003,206,2037.0,-520.5815666582043,31999.91739344588,72.0,98.0,1.5,-0.8,0.97,GOOD
1790977620003,207,2054.3,-514.4923899466924,32039.28372231378,72.0,98.0,1.5,-0.8,0.97,GOOD
1790977620003,208,2055.8,-509.06369748189724,31953.984136406012,72.0,98.0,1.5,-0.8,0.97,GOOD
1790977620003,209,2060.4,-504.58871256333026,32023.421481648853,72.0,98.0,1.5,-0.8,0.97,GOOD
1790977620003,210,2050.9,-501.8000009848911,31950.285494098112,72.0,98.0,1.5,-0.8,0.97,GOOD
1790977620003,211,2060.1,-499.4253437746528,32043.95013618392,72.0,98.0,1.5,-0.8,0.97,GOOD
1790977620003,212,2045.4,-495.1189831867846,31980.899390481838,72.0,98.0,1.5,-0.8,0.97,GOOD
1790977620003,213,2046.0,-490.15983301129853,32024.77082581548,72.0,98.0,1.5,-0.8,0.97,GOOD
1790977620003,214,2055.6,-488.01010623029856,31977.67405456419,72.0,98.0,1.5,-0.8,0.97,GOOD
1790977620003,215,2034.4,-489.0124913412476,31960.861485598503,72.0,98.0,1.5,-0.8,0.97,GOOD
1790977620003,216,2060.5,-489.9731677527968,32006.585624553663,72.0,98.0,1.5,-0.8,0.97,GOOD
1790977620003,217,2053.0,-486.66742760208734,31999.337195778862,72.0,98.0,1.5,-0.8,0.97,GOOD
1790977620003,218,2086.6,-477.4767861362653,32034.247440867326,72.0,98.0,1.5,-0.8,0.97,GOOD
1790977620003,219,2118.9,-463.0493741269563,31950.76703905007,72.0,98.0,1.5,-0.8,0.97,GOOD
1790977620003,220,2148.6,-442.4566491046382,32022.93580730032,72.0,98.0,1.5,-0.8,0.97,GOOD
1790977620003,221,2174.8,-414.4800555125345,31976.40781695448,72.0,98.0,1.5,-0.8,0.97,GOOD
1790977620003,222,2196.5,-380.9769969686789,32040.464383622417,72.0,98.0,1.5,-0.8,0.97,GOOD
1790977620003,223,2212.9,-347.3294854137833,32032.86612310167,72.0,98.0,1.5,-0.8,0.97,GOOD
1790977620003,224,2223.5,-319.7591679394706,31969.094770585598,72.0,98.0,1.5,-0.8,0.97,GOOD
1790977620003,225,2227.9,-301.26629997168976,32028.03805716358,72.0,98.0,1.5,-0.8,0.97,GOOD
1790977625164,226,1975.8,-300.3684246778472,32027.015841975517,72.0,98.0,1.5,-0.8,0.97,GOOD
1790977625164,227,2277.3,-324.248850433342,31970.909866249283,72.0,98.0,1.5,-0.8,0.97,GOOD
1790977625164,228,2694.8,-329.28158392391435,31993.440376994633,72.0,98.0,1.5,-0.8,0.97,GOOD
1790977625164,229,3021.5,-232.73601212079774,31975.146633306373,72.0,98.0,1.5,-0.8,0.97,GOOD
1790977625164,230,3211.4,-5.8960289533367,32044.48811554364,72.0,98.0,1.5,-0.8,0.97,GOOD
1790977625164,231,3238.0,291.9857919992536,32009.74925548017,72.0,98.0,1.5,-0.8,0.97,GOOD
1790977625164,232,3097.4,557.382773191217,32012.880120489128,72.0,98.0,1.5,-0.8,0.97,GOOD
1790977625164,233,2809.4,689.5396417561556,32016.177433139823,72.0,98.0,1.5,-0.8,0.97,GOOD
1790977625164,234,2414.5,625.2042325128898,31960.682917781563,72.0,98.0,1.5,-0.8,0.97,GOOD
1790977625164,235,2016.9,365.31127845842803,32032.93771470218,72.0,98.0,1.5,-0.8,0.97,GOOD
1790977625164,236,1852.8,-15.417545803172729,32009.841018802108,72.0,98.0,1.5,-0.8,0.97,GOOD
1790977625164,237,1737.0,-397.3913092011977,31969.097783400597,72.0,98.0,1.5,-0.8,0.97,GOOD
1790977625164,238,1698.1,-684.4916617642875,31950.975135939756,72.0,98.0,1.5,-0.8,0.97,GOOD
1790977625164,239,1745.8,-846.5984568365448,31991.935363872824,72.0,98.0,1.5,-0.8,0.97,GOOD
1790977625164,240,1868.2,-895.1517631811357,31950.32078739943,72.0,98.0,1.5,-0.8,0.97,GOOD
1790977625164,241,2035.1,-846.5603285168696,32030.51928093079,72.0,98.0,1.5,-0.8,0.97,GOOD
1790977625164,242,2062.6,-725.1225861985748,31957.395226697925,72.0,98.0,1.5,-0.8,0.97,GOOD
1790977625164,243,2048.4,-582.0455905550017,32047.422045252726,72.0,98.0,1.5,-0.8,0.97,GOOD
1790977625164,244,2051.4,-476.9353965882168,31972.5661506171,72.0,98.0,1.5,-0.8,0.97,GOOD
1790977625164,245,2058.1,-433.9550751295213,32042.61660802285,72.0,98.0,1.5,-0.8,0.97,GOOD
1790977625164,246,2036.8,-434.9212748472728,32002.619563014683,72.0,98.0,1.5,-0.8,0.97,GOOD
1790977625164,247,2045.3,-450.26395455254715,31964.786226572272,72.0,98.0,1.5,-0.8,0.97,GOOD
1790977625164,248,2056.2,-461.5925139987976,31960.040240687646,72.0,98.0,1.5,-0.8,0.97,GOOD
1790977625164,249,2055.4,-463.4288572568237,32048.130462642566,72.0,98.0,1.5,-0.8,0.97,GOOD
1790977625164,250,2043.9,-458.0932372389864,32046.088971907066,72.0,98.0,1.5,-0.8,0.97,GOOD
1790977630325,251,2239.8,-442.2610003273715,32034.105014864446,72.0,98.0,1.5,-0.8,1.0,GOOD
1790977630325,252,2258.6,-400.9689632922174,32043.119917324435,72.0,98.0,1.5,-0.8,1.0,GOOD
1790977630325,253,2276.1,-333.21572833022327,32006.939756101383,72.0,98.0,1.5,-0.8,1.0,GOOD
1790977630325,254,2292.4,-262.7681107972405,31959.392731112912,72.0,98.0,1.5,-0.8,1.0,GOOD
1790977630325,255,2307.3,-210.24600334808525,31972.095163718484,72.0,98.0,1.5,-0.8,1.0,GOOD
1790977630325,256,2320.7,-179.09870322351304,31995.290034513524,72.0,98.0,1.5,-0.8,1.0,GOOD
1790977630325,257,2332.5,-164.88609301341566,32044.878165932452,72.0,98.0,1.5,-0.8,1.0,GOOD
1790977630325,258,2342.7,-161.07092088280604,32031.418157298704,72.0,98.0,1.5,-0.8,1.0,GOOD
1790977630325,259,2351.3,-159.25349541363596,32023.664994550312,72.0,98.0,1.5,-0.8,1.0,GOOD
1790977630325,260,2358.1,-152.2258012964408,31977.626939410995,72.0,98.0,1.5,-0.8,1.0,GOOD
1790977630325,261,2363.2,-139.67178799261515,32048.848995220636,72.0,98.0,1.5,-0.8,1.0,GOOD
1790977630325,262,2366.4,-128.16231027271124,32011.966351600357,72.0,98.0,1.5,-0.8,1.0,GOOD
1790977630325,263,2367.9,-123.42269952480254,31994.68112962736,72.0,98.0,1.5,-0.8,1.0,GOOD
1790977630325,264,2367.6,-123.99933091765512,31989.290659702772,72.0,98.0,1.5,-0.8,1.0,GOOD
1790977630325,265,2365.4,-124.30168022625212,32028.721722654438,72.0,98.0,1.5,-0.8,1.0,GOOD
1790977630325,266,2361.4,-122.5259815925451,31961.382284748874,72.0,98.0,1.5,-0.8,1.0,GOOD
1790977630325,267,2355.7,-122.64602917590356,31984.59019215004,72.0,98.0,1.5,-0.8,1.0,GOOD
1790977630325,268,2348.2,-128.2842664173691,31992.695898862356,72.0,98.0,1.5,-0.8,1.0,GOOD
1790977630325,269,2339.0,-137.4808184406391,32010.762677045506,72.0,98.0,1.5,-0.8,1.0,GOOD
1790977630325,270,2328.1,-145.58497918906266,32035.644224698608,72.0,98.0,1.5,-0.8,1.0,GOOD
1790977630325,271,2315.7,-151.82532967591476,31970.00429176006,72.0,98.0,1.5,-0.8,1.0,GOOD
1790977630325,272,2301.7,-160.19660461773435,31971.579103705204,72.0,98.0,1.5,-0.8,1.0,GOOD
1790977630325,273,2286.3,-173.633865389702,31969.39330837877,72.0,98.0,1.5,-0.8,1.0,GOOD
1790977630325,274,2269.5,-189.85192421699452,31978.63873469923,72.0,98.0,1.5,-0.8,1.0,GOOD
1790977630325,275,2251.5,-204.5829165025532,32037.920603343468,72.0,98.0,1.5,-0.8,1.0,GOOD
1790977635489,276,2043.2,-224.86833411903115,32015.77061070846,72.0,98.0,1.5,-0.8,0.98,GOOD
1790977635489,277,2033.3,-270.59879265237157,32027.69758062925,72.0,98.0,1.5,-0.8,0.98,GOOD
1790977635489,278,2061.3,-342.0084010483432,32023.812037753007,72.0,98.0,1.5,-0.8,0.98,GOOD
1790977635489,279,2051.6,-408.03157854430697,31983.65364296777,72.0,98.0,1.5,-0.8,0.98,GOOD
1790977635489,280,2047.3,-443.01313134292025,31953.023051527798,72.0,98.0,1.5,-0.8,0.98,GOOD
1790977635489,281,2044.6,-447.05457828927223,32019.794660491658,72.0,98.0,1.5,-0.8,0.98,GOOD
1790977635489,282,2058.6,-432.7990723438969,31991.76579361933,72.0,98.0,1.5,-0.8,0.98,GOOD
1790977635489,283,2048.4,-413.4272520972319,32043.301968572992,72.0,98.0,1.5,-0.8,0.98,GOOD
1790977635489,284,2035.0,-399.9330161648795,31979.937451824146,72.0,98.0,1.5,-0.8,0.98,GOOD
1790977635489,285,2038.3,-397.46297298695583,31983.351161272218,72.0,98.0,1.5,-0.8,0.98,GOOD
1790977635489,286,2055.6,-400.8416797732575,32010.600449616144,72.0,98.0,1.5,-0.8,0.98,GOOD
1790977635489,287,2039.8,-400.62821039301275,32019.371541921188,72.0,98.0,1.5,-0.8,0.98,GOOD
1790977635489,288,2034.4,-394.946795361358,32014.890461762887,72.0,98.0,1.5,-0.8,0.98,GOOD
1790977635489,289,2051.2,-388.54672068281263,31966.55097100098,72.0,98.0,1.5,-0.8,0.98,GOOD
1790977635489,290,2051.0,-383.27277482115545,32034.281825061953,72.0,98.0,1.5,-0.8,0.98,GOOD
1790977635489,291,2034.3,-377.97543932307883,31989.555150061657,72.0,98.0,1.5,-0.8,0.98,GOOD
1790977635489,292,2062.7,-372.0672119782836,31950.62980530735,72.0,98.0,1.5,-0.8,0.98,GOOD
1790977635489,293,2049.0,-364.57131471273556,31999.495619582587,72.0,98.0,1.5,-0.8,0.98,GOOD
1790977635489,294,2053.4,-356.15641182021534,31981.7780581076,72.0,98.0,1.5,-0.8,0.98,GOOD
1790977635489,295,2051.8,-349.5517376852956,32015.223447112967,72.0,98.0,1.5,-0.8,0.98,GOOD
1790977635489,296,2038.1,-345.754813397353,31997.85065444395,72.0,98.0,1.5,-0.8,0.98,GOOD
1790977635489,297,2040.6,-343.99603377535385,32047.644248345932,72.0,98.0,1.5,-0.8,0.98,GOOD
1790977635489,298,2037.5,-343.06795130131576,32009.40985927989,72.0,98.0,1.5,-0.8,0.98,GOOD
1790977635489,299,2052.8,-341.43622217452923,31981.88440355151,72.0,98.0,1.5,-0.8,0.98,GOOD
1790977635489,300,2033.7,-338.26520214243965,32031.34017233318,72.0,98.0,1.5,-0.8,0.98,GOOD
1790977640653,301,2040.2,-334.3031532250909,31974.29213928387,72.0,98.0,1.5,-0.8,1.03,GOOD
1790977640653,302,2048.2,-329.73857900515145,32039.507081564076,72.0,98.0,1.5,-0.8,1.03,GOOD
1790977640653,303,2051.3,-323.19876335943104,31991.662605000238,72.0,98.0,1.5,-0.8,1.03,GOOD
1790977640653,304,2055.0,-314.83779688002596,31953.696098586603,72.0,98.0,1.5,-0.8,1.03,GOOD
1790977640653,305,2060.3,-306.38420206234207,31999.38766849334,72.0,98.0,1.5,-0.8,1.03,GOOD
1790977640653,306,2058.5,-298.45021019469795,31958.462835546172,72.0,98.0,1.5,-0.8,1.03,GOOD
1790977640653,307,2036.6,-291.6739080254083,32011.260809323765,72.0,98.0,1.5,-0.8,1.03,GOOD
1790977640653,308,2055.1,-287.6715482287343,32046.627811735765,72.0,98.0,1.5,-0.8,1.03,GOOD
1790977640653,309,2054.1,-285.874264919163,32042.751954880707,72.0,98.0,1.5,-0.8,1.03,GOOD
1790977640653,310,2036.5,-284.5172210902115,31991.875370330814,72.0,98.0,1.5,-0.8,1.03,GOOD
1790977640653,311,2050.0,-283.43971642638326,31967.27672835841,72.0,98.0,1.5,-0.8,1.03,GOOD
1790977640653,312,2057.5,-281.0072027837383,32027.387492715756,72.0,98.0,1.5,-0.8,1.03,GOOD
1790977640653,313,2038.8,-275.4021556243142,31979.000945199634,72.0,98.0,1.5,-0.8,1.03,GOOD
1790977640653,314,2044.1,-269.35642163487887,32041.99511873761,72.0,98.0,1.5,-0.8,1.03,GOOD
1790977640653,315,2050.7,-265.80097491828496,32049.111270707905,72.0,98.0,1.5,-0.8,1.03,GOOD
1790977640653,316,2056.0,-262.97859164150293,32032.61352019262,72.0,98.0,1.5,-0.8,1.03,GOOD
1790977640653,317,2040.3,-258.5529452683084,31981.801714362722,72.0,98.0,1.5,-0.8,1.03,GOOD
1790977640653,318,2044.9,-253.55466091983172,32010.796163058985,72.0,98.0,1.5,-0.8,1.03,GOOD
1790977640653,319,2052.7,-249.4021932018173,31966.201115290405,72.0,98.0,1.5,-0.8,1.03,GOOD
1790977640653,320,2036.0,-246.0233566660679,32021.33628697304,72.0,98.0,1.5,-0.8,1.03,GOOD
1790977640653,321,2047.5,-243.68430109603898,32027.332955203805,72.0,98.0,1.5,-0.8,1.03,GOOD
1790977640653,322,2037.6,-242.02667361760254,32009.55104411259,72.0,98.0,1.5,-0.8,1.03,GOOD
1790977640653,323,2048.5,-239.46860573244388,32021.03754708514,72.0,98.0,1.5,-0.8,1.03,GOOD
1790977640653,324,2046.0,-235.08810886421094,31989.609583420013,72.0,98.0,1.5,-0.8,1.03,GOOD
1790977640653,325,2059.7,-229.0143592240137,31977.046385677757,72.0,98.0,1.5,-0.8,1.03,GOOD
1790977645818,326,2033.8,-222.60226343701953,32018.119951911303,72.0,98.0,1.5,-0.8,0.97,GOOD
1790977645818,327,2033.2,-218.6447397904288,31974.55338030301,72.0,98.0,1.5,-0.8,0.97,GOOD
1790977645818,328,2047.9,-217.80438690989848,31972.440939111053,72.0,98.0,1.5,-0.8,0.97,GOOD
1790977645818,329,2039.1,-217.01531549972108,32007.059901060853,72.0,98.0,1.5,-0.8,0.97,GOOD
1790977645818,330,2047.3,-214.35365469043975,32020.121198181754,72.0,98.0,1.5,-0.8,0.97,GOOD
1790977645818,331,2059.4,-209.73501816197967,32014.7189563259,72.0,98.0,1.5,-0.8,0.97,GOOD
1790977645818,332,2059.2,-202.22551567355117,31967.19530368963,72.0,98.0,1.5,-0.8,0.97,GOOD
1790977645818,333,2060.5,-192.1185938208589,31999.502267393607,72.0,98.0,1.5,-0.8,0.97,GOOD
1790977645818,334,2042.1,-182.91116124584488,32047.07870621002,72.0,98.0,1.5,-0.8,0.97,GOOD
1790977645818,335,2036.4,-179.13612189809584,32029.466374230473,72.0,98.0,1.5,-0.8,0.97,GOOD
1790977645818,336,2055.1,-181.16936680412198,31987.468481204774,72.0,98.0,1.5,-0.8,0.97,GOOD
1790977645818,337,2060.2,-183.28903847029298,32020.099348584314,72.0,98.0,1.5,-0.8,0.97,GOOD
1790977645818,338,2039.3,-180.92690141337187,32004.539973101124,72.0,98.0,1.5,-0.8,0.97,GOOD
1790977645818,339,2040.7,-176.2614835496571,31985.38519090718,72.0,98.0,1.5,-0.8,0.97,GOOD
1790977645818,340,2041.1,-173.00411045239014,31963.327637110608,72.0,98.0,1.5,-0.8,0.97,GOOD
1790977645818,341,2035.0,-171.87062369425513,31961.88396224027,72.0,98.0,1.5,-0.8,0.97,GOOD
1790977645818,342,2036.4,-172.30770320235555,32048.086291638487,72.0,98.0,1.5,-0.8,0.97,GOOD
1790977645818,343,2059.3,-172.14270264027894,32017.359955738786,72.0,98.0,1.5,-0.8,0.97,GOOD
1790977645818,344,2051.2,-167.6384818028659,32032.348601579106,72.0,98.0,1.5,-0.8,0.97,GOOD
1790977645818,345,2062.7,-158.16411316640188,31971.833376718503,72.0,98.0,1.5,-0.8,0.97,GOOD
1790977645818,346,2048.0,-147.56457801928565,32042.354562925302,72.0,98.0,1.5,-0.8,0.97,GOOD
1790977645818,347,2069.4,-139.71881509437938,32030.3446272563,72.0,98.0,1.5,-0.8,0.97,GOOD
1790977645818,348,2102.5,-133.11573819816059,31963.204223645756,72.0,98.0,1.5,-0.8,0.97,GOOD
1790977645818,349,2133.7,-121.0345858302284,32048.69461061817,72.0,98.0,1.5,-0.8,0.97,GOOD
1790977645818,350,2161.8,-98.79978460646225,32020.76351026856,72.0,98.0,1.5,-0.8,0.97,GOOD
1790977650981,351,2049.4,-73.54347208357859,31962.34122589751,72.0,98.0,1.5,-0.8,1.0,GOOD
1790977650981,352,1984.3,-66.32451702134898,32011.8685150151,72.0,98.0,1.5,-0.8,1.0,GOOD
1790977650981,353,1871.8,-95.90900961307032,31956.6316596135,72.0,98.0,1.5,-0.8,1.0,GOOD
1790977650981,354,1854.8,-161.12302941694531,31960.348424288182,72.0,98.0,1.5,-0.8,1.0,GOOD
1790977650981,355,1942.5,-236.30335985349848,32009.12757472949,72.0,98.0,1.5,-0.8,1.0,GOOD
1790977650981,356,2166.9,-275.4213692309297,31977.178464121025,72.0,98.0,1.5,-0.8,1.0,GOOD
1790977650981,357,2598.1,-224.00379594259866,31967.087465181063,72.0,98.0,1.5,-0.8,1.0,GOOD
1790977650981,358,2952.1,-42.3387390535771,32044.601771317924,72.0,98.0,1.5,-0.8,1.0,GOOD
1790977650981,359,3179.1,258.4870576214107,31964.70591498955,72.0,98.0,1.5,-0.8,1.0,GOOD
1790977650981,360,3247.2,603.7620122185539,31999.399663233373,72.0,98.0,1.5,-0.8,1.0,GOOD
1790977650981,361,3146.9,890.5713060995032,32007.455845760574,72.0,98.0,1.5,-0.8,1.0,GOOD
1790977650981,362,2892.3,1033.8034175606158,32021.22239973843,72.0,98.0,1.5,-0.8,1.0,GOOD
1790977650981,363,2519.0,990.8348091408508,31951.882443169558,72.0,98.0,1.5,-0.8,1.0,GOOD
1790977650981,364,2079.7,766.3495329123119,31976.002163740563,72.0,98.0,1.5,-0.8,1.0,GOOD
1790977650981,365,1890.3,413.46966801829046,31957.629717665437,72.0,98.0,1.5,-0.8,1.0,GOOD
1790977650981,366,1759.3,28.453107354753218,31986.6570706285,72.0,98.0,1.5,-0.8,1.0,GOOD
1790977650981,367,1699.7,-290.3835616345264,31957.304521036203,72.0,98.0,1.5,-0.8,1.0,GOOD
1790977650981,368,1726.3,-490.3175298276975,32023.696328108974,72.0,98.0,1.5,-0.8,1.0,GOOD
1790977650981,369,1832.4,-565.2736930151655,31997.13551523674,72.0,98.0,1.5,-0.8,1.0,GOOD
1790977650981,370,1991.9,-532.3502761195441,31992.909354294126,72.0,98.0,1.5,-0.8,1.0,GOOD
1790977650981,371,2055.1,-423.9103155868013,32016.98633212973,72.0,98.0,1.5,-0.8,1.0,GOOD
1790977650981,372,2033.0,-290.6806540409267,32046.3728127177,72.0,98.0,1.5,-0.8,1.0,GOOD
1790977650981,373,2040.6,-185.63816956547967,32033.538530252175,72.0,98.0,1.5,-0.8,1.0,GOOD
1790977650981,374,2050.4,-132.10303343916237,32044.041257207376,72.0,98.0,1.5,-0.8,1.0,GOOD
1790977650981,375,2039.8,-119.54903163375852,32003.321892256772,72.0,98.0,1.5,-0.8,1.0,GOOD
1790977656144,376,2160.3,-123.33824017448697,31991.579328671083,72.0,98.0,1.5,-0.8,0.96,GOOD
1790977656144,377,2182.6,-117.16115463408187,32043.120461162325,72.0,98.0,1.5,-0.8,0.96,GOOD
1790977656144,378,2204.0,-87.01397148631025,32046.146697311317,72.0,98.0,1.5,-0.8,0.96,GOOD
1790977656144,379,2224.7,-39.4025087729898,31977.455277275967,72.0,98.0,1.5,-0.8,0.96,GOOD
1790977656144,380,2244.2,10.015733011192932,31957.278246119706,72.0,98.0,1.5,-0.8,0.96,GOOD
1790977656144,381,2262.7,47.71115456631815,31988.390886324643,72.0,98.0,1.5,-0.8,0.96,GOOD
1790977656144,382,2280.0,67.88188013750552,32001.33696494956,72.0,98.0,1.5,-0.8,0.96,GOOD
1790977656144,383,2295.9,76.10025264337347,32049.27643701455,72.0,98.0,1.5,-0.8,0.96,GOOD
1790977656144,384,2310.5,84.37726917044404,31991.333035907617,72.0,98.0,1.5,-0.8,0.96,GOOD
1790977656144,385,2323.5,99.63247704591382,31960.543127192566,72.0,98.0,1.5,-0.8,0.96,GOOD
1790977656144,386,2335.0,117.9885862902915,31990.782341523176,72.0,98.0,1.5,-0.8,0.96,GOOD
1790977656144,387,2344.8,131.44210235111672,31980.29730362902,72.0,98.0,1.5,-0.8,0.96,GOOD
1790977656144,388,2353.0,138.1017910819289,32019.968189118397,72.0,98.0,1.5,-0.8,0.96,GOOD
1790977656144,389,2359.4,143.24943231647097,31971.38347356364,72.0,98.0,1.5,-0.8,0.96,GOOD
1790977656144,390,2364.1,151.13258035862,32046.442136735586,72.0,98.0,1.5,-0.8,0.96,GOOD
1790977656144,391,2366.9,159.22165983016976,32018.469461180157,72.0,98.0,1.5,-0.8,0.96,GOOD
1790977656144,392,2368.0,162.2170131581294,32000.70741743046,72.0,98.0,1.5,-0.8,0.96,GOOD
1790977656144,393,2367.2,159.50425520722678,31993.58139950511,72.0,98.0,1.5,-0.8,0.96,GOOD
1790977656144,394,2364.6,155.72584899774233,32009.361737479252,72.0,98.0,1.5,-0.8,0.96,GOOD
1790977656144,395,2360.3,154.23146973096945,31973.90946775684,72.0,98.0,1.5,-0.8,0.96,GOOD
1790977656144,396,2354.1,152.7369466633485,31953.150525779874,72.0,98.0,1.5,-0.8,0.96,GOOD
1790977656144,397,2346.2,146.82264243734997,31971.596565636617,72.0,98.0,1.5,-0.8,0.96,GOOD
1790977656144,398,2336.6,136.00662973180974,32028.249836689236,72.0,98.0,1.5,-0.8,0.96,GOOD
1790977656144,399,2325.4,124.11785422551208,31965.061271890965,72.0,98.0,1.5,-0.8,0.96,GOOD
1790977656144,400,2312.6,113.94340308666129,31986.856975243623,72.0,98.0,1.5,-0.8,0.96,GOOD
1790977661306,401,2052.0,94.0486310408268,32012.964965265513,72.0,98.0,1.5,-0.8,0.98,GOOD
1790977661306,402,2048.2,39.85083226552067,32003.425832043198,72.0,98.0,1.5,-0.8,0.98,GOOD
1790977661306,403,2050.6,-48.114586133793736,31991.25095031444,72.0,98.0,1.5,-0.8,0.98,GOOD
1790977661306,404,2060.9,-132.84571261458703,31950.484005525723,72.0,98.0,1.5,-0.8,0.98,GOOD
1790977661306,405,2062.9,-182.59089006901124,32012.061528022732,72.0,98.0,1.5,-0.8,0.98,GOOD
1790977661306,406,2059.2,-193.63549759002657,32009.894014435078,72.0,98.0,1.5,-0.8,0.98,GOOD
1790977661306,407,2056.2,-179.29078728967622,32028.70981421189,72.0,98.0,1.5,-0.8,0.98,GOOD
1790977661306,408,2034.5,-158.00730798060198,32009.121761237788,72.0,98.0,1.5,-0.8,0.98,GOOD
1790977661306,409,2036.6,-146.15860037212656,31952.58286085781,72.0,98.0,1.5,-0.8,0.98,GOOD
1790977661306,410,2033.1,-149.91837819645463,32023.456449003894,72.0,98.0,1.5,-0.8,0.98,GOOD
1790977661306,411,2058.0,-161.1417300456191,32026.6136164904,72.0,98.0,1.5,-0.8,0.98,GOOD
1790977661306,412,2057.9,-165.2753692476117,31995.10446534378,72.0,98.0,1.5,-0.8,0.98,GOOD
1790977661306,413,2041.5,-156.7978389628431,31999.864587409094,72.0,98.0,1.5,-0.8,0.98,GOOD
1790977661306,414,2053.9,-144.04263110508452,31981.849768585354,72.0,98.0,1.5,-0.8,0.98,GOOD
1790977661306,415,2052.5,-136.68111184637777,32022.30869271894,72.0,98.0,1.5,-0.8,0.98,GOOD
1790977661306,416,2055.9,-135.39458472725585,31961.93163203183,72.0,98.0,1.5,-0.8,0.98,GOOD
1790977661306,417,2035.6,-135.41015950503652,31980.441477847562,72.0,98.0,1.5,-0.8,0.98,GOOD
1790977661306,418,2035.7,-134.35130111583288,32045.841319664614,72.0,98.0,1.5,-0.8,0.98,GOOD
1790977661306,419,2038.2,-133.83090639656618,32017.54339309033,72.0,98.0,1.5,-0.8,0.98,GOOD
1790977661306,420,2061.8,-134.5597949772889,31977.741482102574,72.0,98.0,1.5,-0.8,0.98,GOOD
1790977661306,421,2036.3,-134.26037431354328,31980.65013140214,72.0,98.0,1.5,-0.8,0.98,GOOD
1790977661306,422,2044.6,-131.21152670926023,32032.08291666329,72.0,98.0,1.5,-0.8,0.98,GOOD
1790977661306,423,2058.2,-125.10710796906069,32032.212932543353,72.0,98.0,1.5,-0.8,0.98,GOOD
1790977661306,424,2044.3,-117.18329418768504,32047.821432187142,72.0,98.0,1.5,-0.8,0.98,GOOD
1790977661306,425,2049.3,-111.81848377510731,32009.250308510498,72.0,98.0,1.5,-0.8,0.98,GOOD
1790977666473,426,2053.5,-111.10767108253322,32031.44717564193,72.0,98.0,1.5,-0.8,1.04,GOOD
1790977666473,427,2037.5,-111.3903895955278,31953.962662744118,72.0,98.0,1.5,-0.8,1.04,GOOD
1790977666473,428,2046.7,-109.53792500648616,32029.402171150687,72.0,98.0,1.5,-0.8,1.04,GOOD
1790977666473,429,2040.6,-106.61628489902176,31977.537067602705,72.0,98.0,1.5,-0.8,1.04,GOOD
1790977666473,430,2060.4,-104.68225881343751,31997.5883985107,72.0,98.0,1.5,-0.8,1.04,GOOD
1790977666473,431,2056.7,-102.85274420645186,31966.655428841535,72.0,98.0,1.5,-0.8,1.04,GOOD
1790977666473,432,2038.0,-99.05874047629537,31966.524077283266,72.0,98.0,1.5,-0.8,1.04,GOOD
1790977666473,433,2062.4,-93.59385450393994,31961.08224543328,72.0,98.0,1.5,-0.8,1.04,GOOD
1790977666473,434,2039.3,-88.35354019847415,32031.571458499267,72.0,98.0,1.5,-0.8,1.04,GOOD
1790977666473,435,2041.4,-86.51735571702855,32016.459489285837,72.0,98.0,1.5,-0.8,1.04,GOOD
1790977666473,436,2043.8,-89.39679885706755,31999.112694630472,72.0,98.0,1.5,-0.8,1.04,GOOD
1790977666473,437,2047.8,-92.53823805800448,32011.640912461517,72.0,98.0,1.5,-0.8,1.04,GOOD
1790977666473,438,2036.0,-91.42282949232471,32027.87336553951,72.0,98.0,1.5,-0.8,1.04,GOOD
1790977666473,439,2052.6,-87.1331513416553,31962.80266145927,72.0,98.0,1.5,-0.8,1.04,GOOD
1790977666473,440,2060.8,-82.32072834074926,32044.835084054404,72.0,98.0,1.5,-0.8,1.04,GOOD
1790977666473,441,2036.5,-78.0450683497748,32045.91968981917,72.0,98.0,1.5,-0.8,1.04,GOOD
1790977666473,442,2034.6,-75.73495947063498,32036.117306215125,72.0,98.0,1.5,-0.8,1.04,GOOD
1790977666473,443,2041.3,-75.73440488666253,31980.078745438226,72.0,98.0,1.5,-0.8,1.04,GOOD
1790977666473,444,2043.0,-76.13576789306072,32004.424438370064,72.0,98.0,1.5,-0.8,1.04,GOOD
1790977666473,445,2061.9,-75.23657574400022,31985.288632659325,72.0,98.0,1.5,-0.8,1.04,GOOD
1790977666473,446,2043.6,-72.23702080215642,31980.761932772497,72.0,98.0,1.5,-0.8,1.04,GOOD
1790977666473,447,2038.0,-67.89458902116662,31971.960894451564,72.0,98.0,1.5,-0.8,1.04,GOOD
1790977666473,448,2046.2,-63.961387074887725,31995.154322194045,72.0,98.0,1.5,-0.8,1.04,GOOD
1790977666473,449,2049.4,-61.035168223914795,31968.250233468505,72.0,98.0,1.5,-0.8,1.04,GOOD
1790977666473,450,2044.1,-59.52346639090742,31954.973431766117,72.0,98.0,1.5,-0.8,1.04,GOOD
1790977671636,451,2055.6,-59.334254180548875,32011.069894293752,72.0,98.0,1.5,-0.8,1.02,GOOD
1790977671636,452,2048.3,-57.92635327265675,32036.022656020697,72.0,98.0,1.5,-0.8,1.02,GOOD
1790977671636,453,2044.2,-53.6936781853127,32016.014191234302,72.0,98.0,1.5,-0.8,1.02,GOOD
1790977671636,454,2041.5,-49.354935425724435,32019.228924279225,72.0,98.0,1.5,-0.8,1.02,GOOD
1790977671636,455,2060.1,-47.79283653449064,31973.8828036247,72.0,98.0,1.5,-0.8,1.02,GOOD
1790977671636,456,2036.6,-48.219420782300496,32004.988834611155,72.0,98.0,1.5,-0.8,1.02,GOOD
1790977671636,457,2042.1,-48.82371094552049,32010.661476688663,72.0,98.0,1.5,-0.8,1.02,GOOD
1790977671636,458,2038.3,-48.64556506378244,32009.54271427836,72.0,98.0,1.5,-0.8,1.02,GOOD
1790977671636,459,2058.1,-46.88436641941135,32025.086065347496,72.0,98.0,1.5,-0.8,1.02,GOOD
1790977671636,460,2052.7,-43.462207386745185,32044.0719294101,72.0,98.0,1.5,-0.8,1.02,GOOD
1790977671636,461,2056.0,-39.304127159603055,31998.67588381327,72.0,98.0,1.5,-0.8,1.02,GOOD
1790977671636,462,2056.1,-34.82989392150481,31970.10376040737,72.0,98.0,1.5,-0.8,1.02,GOOD
1790977671636,463,2061.3,-29.4355351198844,31960.479500579127,72.0,98.0,1.5,-0.8,1.02,GOOD
1790977671636,464,2057.8,-23.763405772286458,31980.178955099756,72.0,98.0,1.5,-0.8,1.02,GOOD
1790977671636,465,2049.3,-20.648037828175994,31966.87810012917,72.0,98.0,1.5,-0.8,1.02,GOOD
1790977671636,466,2039.7,-22.273013363636935,31990.48494084997,72.0,98.0,1.5,-0.8,1.02,GOOD
1790977671636,467,2056.6,-26.597780882031113,32002.049353645223,72.0,98.0,1.5,-0.8,1.02,GOOD
1790977671636,468,2051.3,-28.597891360574636,32027.16340922828,72.0,98.0,1.5,-0.8,1.02,GOOD
1790977671636,469,2052.4,-26.52056471905683,31962.60788559644,72.0,98.0,1.5,-0.8,1.02,GOOD
1790977671636,470,2061.4,-22.85063990700829,31992.528572039453,72.0,98.0,1.5,-0.8,1.02,GOOD
1790977671636,471,2047.7,-19.582283252169937,31996.567622020113,72.0,98.0,1.5,-0.8,1.02,GOOD
1790977671636,472,2046.2,-17.485303368848612,31977.98600004252,72.0,98.0,1.5,-0.8,1.02,GOOD
1790977671636,473,2042.0,-17.194858795798954,32049.1289167601,72.0,98.0,1.5,-0.8,1.02,GOOD
1790977671636,474,2054.1,-18.311020321500514,31958.00998072666,72.0,98.0,1.5,-0.8,1.02,GOOD
1790977671636,475,2053.8,-19.14602992411488,32046.70507650516,72.0,98.0,1.5,-0.8,1.02,GOOD
1790977676800,476,2059.9,-17.873331028789103,31960.0299441659,72.0,98.0,1.5,-0.8,1.04,GOOD
1790977676800,477,2046.9,-14.1964712089771,31998.77100244617,72.0,98.0,1.5,-0.8,1.04,GOOD
1790977676800,478,2060.0,-9.676984783445922,31988.17459740276,72.0,98.0,1.5,-0.8,1.04,GOOD
1790977676800,479,2047.2,-6.2976744097307815,31960.203745582505,72.0,98.0,1.5,-0.8,1.04,GOOD
1790977676800,480,2052.1,-5.501528514120411,32034.4309823625,72.0,98.0,1.5,-0.8,1.04,GOOD
1790977676800,481,1924.7,-11.942016576943013,32003.285884148918,72.0,98.0,1.5,-0.8,1.04,GOOD
1790977676800,482,1850.3,-37.19940568226165,32033.981662193455,72.0,98.0,1.5,-0.8,1.04,GOOD
1790977676800,483,1883.1,-85.23215463366904,32040.257340723772,72.0,98.0,1.5,-0.8,1.04,GOOD
1790977676800,484,2005.3,-133.30608652040684,31999.394303576646,72.0,98.0,1.5,-0.8,1.04,GOOD
1790977676800,485,2367.5,-134.33931188032977,31962.60805388387,72.0,98.0,1.5,-0.8,1.04,GOOD
1790977676800,486,2770.8,-33.47351957378293,32039.159280662305,72.0,98.0,1.5,-0.8,1.04,GOOD
1790977676800,487,3072.7,197.86004072373765,32023.75003872983,72.0,98.0,1.5,-0.8,1.04,GOOD
1790977676800,488,3230.6,525.2099033618911,31975.71393083728,72.0,98.0,1.5,-0.8,1.04,GOOD
1790977676800,489,3222.5,857.1192282236744,32048.70624305156,72.0,98.0,1.5,-0.8,1.04,GOOD
1790977676800,490,3049.4,1089.6195080604257,32045.973713507257,72.0,98.0,1.5,-0.8,1.04,GOOD
1790977676800,491,2735.6,1149.6800738724469,31993.709193163973,72.0,98.0,1.5,-0.8,1.04,GOOD
1790977676800,492,2325.3,1016.7009289329233,31997.86669046245,72.0,98.0,1.5,-0.8,1.04,GOOD
1790977676800,493,1981.3,723.384311870423,31962.800067666543,72.0,98.0,1.5,-0.8,1.04,GOOD
1790977676800,494,1824.0,346.8604403920388,32037.441344431532,72.0,98.0,1.5,-0.8,1.04,GOOD
1790977676800,495,1722.2,-15.447224265482305,32031.799499406257,72.0,98.0,1.5,-0.8,1.04,GOOD
1790977676800,496,1700.9,-287.4473254004479,31960.629547112367,72.0,98.0,1.5,-0.8,1.04,GOOD
1790977676800,497,1765.5,-437.41608055067906,31983.828225323057,72.0,98.0,1.5,-0.8,1.04,GOOD
1790977676800,498,1900.0,-466.8253436962596,31991.03264723826,72.0,98.0,1.5,-0.8,1.04,GOOD
1790977676800,499,2039.3,-396.93936769288547,31988.687764898546,72.0,98.0,1.5,-0.8,1.04,GOOD
1790977676800,500,2051.4,-269.85629157497596,31962.490042418023,72.0,98.0,1.5,-0.8,1.04,GOOD
1790977681964,501,2084.0,-141.573673066491,31963.62323313891,72.0,98.0,1.5,-0.8,1.02,GOOD
1790977681964,502,2107.9,-51.5739145800513,31956.877112053215,72.0,98.0,1.5,-0.8,1.02,GOOD
1790977681964,503,2131.4,-3.3400696157664873,32025.514654803217,72.0,98.0,1.5,-0.8,1.02,GOOD
1790977681964,504,2154.4,19.592292774511662,32044.07817665118,72.0,98.0,1.5,-0.8,1.02,GOOD
1790977681964,505,2176.9,31.99846121577845,31969.561425533833,72.0,98.0,1.5,-0.8,1.02,GOOD
1790977681964,506,2198.6,42.48456231438993,31989.04039688283,72.0,98.0,1.5,-0.8,1.02,GOOD
1790977681964,507,2219.4,57.07197976840787,32025.898053672332,72.0,98.0,1.5,-0.8,1.02,GOOD
1790977681964,508,2239.3,78.93539673741816,32027.012480719917,72.0,98.0,1.5,-0.8,1.02,GOOD
1790977681964,509,2258.1,105.17587417353646,32006.842700083107,72.0,98.0,1.5,-0.8,1.02,GOOD
1790977681964,510,2275.6,128.59507125423647,32026.833555373818,72.0,98.0,1.5,-0.8,1.02,GOOD
1790977681964,511,2291.9,144.87748027285198,32046.91096919916,72.0,98.0,1.5,-0.8,1.02,GOOD
1790977681964,512,2306.8,156.6401897128266,32020.724393988676,72.0,98.0,1.5,-0.8,1.02,GOOD
1790977681964,513,2320.3,169.19656009525255,31954.02348867271,72.0,98.0,1.5,-0.8,1.02,GOOD
1790977681964,514,2332.2,183.72519615539662,32038.260024571155,72.0,98.0,1.5,-0.8,1.02,GOOD
1790977681964,515,2342.4,196.54180493433984,31975.07122611794,72.0,98.0,1.5,-0.8,1.02,GOOD
1790977681964,516,2351.0,204.59799901987526,32009.96188818936,72.0,98.0,1.5,-0.8,1.02,GOOD
1790977681964,517,2357.9,209.3554605320989,32000.85643581334,72.0,98.0,1.5,-0.8,1.02,GOOD
1790977681964,518,2363.0,214.21652976867244,32016.109823024537,72.0,98.0,1.5,-0.8,1.02,GOOD
1790977681964,519,2366.4,219.69684446885378,31995.954834585526,72.0,98.0,1.5,-0.8,1.02,GOOD
1790977681964,520,2367.9,223.0096229305462,32033.98397761302,72.0,98.0,1.5,-0.8,1.02,GOOD
1790977681964,521,2367.6,222.1026811809977,32024.21404916522,72.0,98.0,1.5,-0.8,1.02,GOOD
1790977681964,522,2365.5,218.2901824940691,32010.072026419868,72.0,98.0,1.5,-0.8,1.02,GOOD
1790977681964,523,2361.6,214.15944964477757,31997.222858206867,72.0,98.0,1.5,-0.8,1.02,GOOD
1790977681964,524,2355.9,210.05950965576397,32019.279909105633,72.0,98.0,1.5,-0.8,1.02,GOOD
1790977681964,525,2348.4,203.96603306457297,31990.51037669029,72.0,98.0,1.5,-0.8,1.02,GOOD
1790977687128,526,2037.3,182.60249248856263,31977.118933343718,72.0,98.0,1.5,-0.8,0.97,GOOD
1790977687128,527,2043.0,121.15848464491427,31978.593396971275,72.0,98.0,1.5,-0.8,0.97,GOOD
1790977687128,528,2041.1,22.17837518973765,32009.056007792762,72.0,98.0,1.5,-0.8,0.97,GOOD
1790977687128,529,2053.0,-73.99745644729697,32013.270296318857,72.0,98.0,1.5,-0.8,0.97,GOOD
1790977687128,530,2048.1,-134.1953671295286,32005.428779145517,72.0,98.0,1.5,-0.8,0.97,GOOD
1790977687128,531,2053.7,-152.94496187935562,31974.27320609959,72.0,98.0,1.5,-0.8,0.97,GOOD
1790977687128,532,2053.4,-140.08252175345518,31984.23301151612,72.0,98.0,1.5,-0.8,0.97,GOOD
1790977687128,533,2046.8,-113.32021567921282,31951.00841966406,72.0,98.0,1.5,-0.8,0.97,GOOD
1790977687128,534,2042.6,-93.52370090049247,32015.212779594116,72.0,98.0,1.5,-0.8,0.97,GOOD
1790977687128,535,2051.9,-92.18072489902177,31986.781142676016,72.0,98.0,1.5,-0.8,0.97,GOOD
1790977687128,536,2043.0,-102.62194651184763,31978.575001501842,72.0,98.0,1.5,-0.8,0.97,GOOD
1790977687128,537,2035.4,-110.09534279591642,31969.423015304303,72.0,98.0,1.5,-0.8,0.97,GOOD
1790977687128,538,2048.7,-108.09417280865975,31973.05088417308,72.0,98.0,1.5,-0.8,0.97,GOOD
1790977687128,539,2049.2,-101.56912856942927,31990.564936425817,72.0,98.0,1.5,-0.8,0.97,GOOD
1790977687128,540,2041.1,-98.51200261790576,32007.381252837098,72.0,98.0,1.5,-0.8,0.97,GOOD
1790977687128,541,2055.0,-99.92675638742159,32022.776205197002,72.0,98.0,1.5,-0.8,0.97,GOOD
1790977687128,542,2054.2,-98.61670677682483,32037.843804200722,72.0,98.0,1.5,-0.8,0.97,GOOD
1790977687128,543,2060.6,-90.18383723305718,31983.243688890514,72.0,98.0,1.5,-0.8,0.97,GOOD
1790977687128,544,2055.1,-80.1737118355029,31964.828524423545,72.0,98.0,1.5,-0.8,0.97,GOOD
1790977687128,545,2058.5,-76.2989135324058,32048.628089029367,72.0,98.0,1.5,-0.8,0.97,GOOD
1790977687128,546,2055.0,-78.20255204602856,31964.54516816017,72.0,98.0,1.5,-0.8,0.97,GOOD
1790977687128,547,2062.4,-78.86168193537846,32022.148126337503,72.0,98.0,1.5,-0.8,0.97,GOOD
1790977687128,548,2062.8,-74.2508290977879,32047.961293327226,72.0,98.0,1.5,-0.8,0.97,GOOD
1790977687128,549,2040.9,-68.82442166191474,31980.686955428606,72.0,98.0,1.5,-0.8,0.97,GOOD
1790977687128,550,2049.0,-69.58733235819494,32021.10464139172,72.0,98.0,1.5,-0.8,0.97,GOOD
1790977692290,551,2062.1,-75.03743446648991,32044.84436823827,72.0,98.0,1.5,-0.8,1.01,GOOD
1790977692290,552,2051.3,-76.87700356076385,31990.586906157398,72.0,98.0,1.5,-0.8,1.01,GOOD
1790977692290,553,2060.0,-72.38032272872547,32009.5815655641,72.0,98.0,1.5,-0.8,1.01,GOOD
1790977692290,554,2057.6,-66.30875719290704,32022.069940308287,72.0,98.0,1.5,-0.8,1.01,GOOD
1790977692290,555,2057.6,-63.08572772353997,32022.3118732489,72.0,98.0,1.5,-0.8,1.01,GOOD
1790977692290,556,2044.1,-63.00380412114023,32027.24661289453,72.0,98.0,1.5,-0.8,1.01,GOOD
1790977692290,557,2034.2,-64.63026317567741,31987.054594305097,72.0,98.0,1.5,-0.8,1.01,GOOD
1790977692290,558,2060.4,-66.67080000353657,32009.471792833614,72.0,98.0,1.5,-0.8,1.01,GOOD
1790977692290,559,2059.3,-67.09411146988332,32035.693403273497,72.0,98.0,1.5,-0.8,1.01,GOOD
1790977692290,560,2056.4,-64.82796914069681,32048.87604015462,72.0,98.0,1.5,-0.8,1.01,GOOD
1790977692290,561,2041.4,-61.38826767093282,31997.74823353911,72.0,98.0,1.5,-0.8,1.01,GOOD
1790977692290,562,2035.7,-59.10871561262536,31964.267230068537,72.0,98.0,1.5,-0.8,1.01,GOOD
1790977692290,563,2039.0,-59.5764289032124,31950.705197898675,72.0,98.0,1.5,-0.8,1.01,GOOD
1790977692290,564,2046.3,-62.62032574962348,32038.38729802414,72.0,98.0,1.5,-0.8,1.01,GOOD
1790977692290,565,2035.1,-66.32936126354585,32006.845443197333,72.0,98.0,1.5,-0.8,1.01,GOOD
1790977692290,566,2056.3,-67.73308397757805,32002.8039532106,72.0,98.0,1.5,-0.8,1.01,GOOD
1790977692290,567,2061.5,-63.426774510693285,31993.388443632706,72.0,98.0,1.5,-0.8,1.01,GOOD
1790977692290,568,2047.3,-54.027069401489044,32017.276526429225,72.0,98.0,1.5,-0.8,1.01,GOOD
1790977692290,569,2042.3,-46.37872589564777,32001.323716657305,72.0,98.0,1.5,-0.8,1.01,GOOD
1790977692290,570,2058.6,-45.10512407133382,32043.758832501822,72.0,98.0,1.5,-0.8,1.01,GOOD
1790977692290,571,2046.8,-46.919677034346435,32032.038069879665,72.0,98.0,1.5,-0.8,1.01,GOOD
1790977692290,572,2038.1,-47.832278322716604,32034.413788323553,72.0,98.0,1.5,-0.8,1.01,GOOD
1790977692290,573,2047.5,-48.17303837385913,31987.651550408562,72.0,98.0,1.5,-0.8,1.01,GOOD
1790977692290,574,2041.4,-48.870015717044424,31984.928378993227,72.0,98.0,1.5,-0.8,1.01,GOOD
1790977692290,575,2038.5,-49.79317801954197,32049.74411468845,72.0,98.0,1.5,-0.8,1.01,GOOD
1790977697454,576,2053.9,-50.03098091382351,31993.654603254494,72.0,98.0,1.5,-0.8,1.0,GOOD
1790977697454,577,2046.0,-47.886944064197095,32041.47612348631,72.0,98.0,1.5,-0.8,1.0,GOOD
1790977697454,578,2036.3,-44.19834019324245,32044.18736570855,72.0,98.0,1.5,-0.8,1.0,GOOD
1790977697454,579,2050.8,-41.929540538209835,32042.40871138366,72.0,98.0,1.5,-0.8,1.0,GOOD
1790977697454,580,2053.0,-40.87395578811042,32042.239815364992,72.0,98.0,1.5,-0.8,1.0,GOOD
1790977697454,581,2035.4,-39.29766366866055,31982.196014188637,72.0,98.0,1.5,-0.8,1.0,GOOD
1790977697454,582,2053.3,-37.815375671916705,31966.90163288964,72.0,98.0,1.5,-0.8,1.0,GOOD
1790977697454,583,2041.5,-36.89637952226072,31995.170611024292,72.0,98.0,1.5,-0.8,1.0,GOOD
1790977697454,584,2034.9,-36.52032803754796,31990.943439546932,72.0,98.0,1.5,-0.8,1.0,GOOD
1790977697454,585,2036.7,-37.5379548302879,31994.577239885133,72.0,98.0,1.5,-0.8,1.0,GOOD
1790977697454,586,2058.5,-38.67060741946585,31993.50234971512,72.0,98.0,1.5,-0.8,1.0,GOOD
1790977697454,587,2059.8,-36.43071270112063,31966.456550810963,72.0,98.0,1.5,-0.8,1.0,GOOD
1790977697454,588,2044.6,-30.594953834628562,32022.152350500153,72.0,98.0,1.5,-0.8,1.0,GOOD
1790977697454,589,2054.1,-24.939055265356014,32035.131844180087,72.0,98.0,1.5,-0.8,1.0,GOOD
1790977697454,590,2038.4,-22.066754889849342,32025.83447183096,72.0,98.0,1.5,-0.8,1.0,GOOD
1790977697454,591,2039.2,-22.559785428664085,32021.12336717213,72.0,98.0,1.5,-0.8,1.0,GOOD
1790977697454,592,2054.0,-25.6443237316105,31961.384541756244,72.0,98.0,1.5,-0.8,1.0,GOOD
1790977697454,593,2058.8,-27.769262511805806,31975.81755072304,72.0,98.0,1.5,-0.8,1.0,GOOD
1790977697454,594,2035.7,-26.3438996632578,32041.20471266201,72.0,98.0,1.5,-0.8,1.0,GOOD
1790977697454,595,2034.4,-23.746127936954466,31952.517351839655,72.0,98.0,1.5,-0.8,1.0,GOOD
1790977697454,596,2051.8,-22.826153080723202,31987.767288399577,72.0,98.0,1.5,-0.8,1.0,GOOD
1790977697454,597,2057.9,-22.461063127916866,31985.375943750525,72.0,98.0,1.5,-0.8,1.0,GOOD
1790977697454,598,2035.8,-21.440945696823093,31966.157890720835,72.0,98.0,1.5,-0.8,1.0,GOOD
1790977697454,599,2054.2,-20.57893444860229,32026.779306710694,72.0,98.0,1.5,-0.8,1.0,GOOD
1790977697454,600,2059.3,-18.463337051031772,31991.879428657485,72.0,98.0,1.5,-0.8,1.0,GOOD
1790977702617,601,2168.8,-8.822593748902232,32049.34733599482,72.0,98.0,1.5,-0.8,0.98,GOOD
1790977702617,602,2141.7,14.341370648870878,31953.31000772536,72.0,98.0,1.5,-0.8,0.98,GOOD
1790977702617,603,2111.3,44.24318092129226,31989.180083096908,72.0,98.0,1.5,-0.8,0.98,GOOD
1790977702617,604,2078.6,63.47358394019032,31994.87832041733,72.0,98.0,1.5,-0.8,0.98,GOOD
1790977702617,605,2057.6,62.216918533460024,31979.7270029555,72.0,98.0,1.5,-0.8,0.98,GOOD
1790977702617,606,2041.6,42.78674032302456,32040.29978094932,72.0,98.0,1.5,-0.8,0.98,GOOD
1790977702617,607,2034.2,12.743077280486244,32048.414260817382,72.0,98.0,1.5,-0.8,0.98,GOOD
1790977702617,608,2056.9,-16.49335809346458,32027.126160696156,72.0,98.0,1.5,-0.8,0.98,GOOD
1790977702617,609,2046.0,-31.9222368002132,31971.62951547453,72.0,98.0,1.5,-0.8,0.98,GOOD
1790977702617,610,1919.2,-34.2387518854492,32020.384329070126,72.0,98.0,1.5,-0.8,0.98,GOOD
1790977702617,611,1849.4,-46.274305862314854,32044.81606432323,72.0,98.0,1.5,-0.8,0.98,GOOD
1790977702617,612,1887.2,-85.80662612861764,31991.56787848414,72.0,98.0,1.5,-0.8,0.98,GOOD
1790977702617,613,2012.2,-133.95972945046003,32026.80301825104,72.0,98.0,1.5,-0.8,0.98,GOOD
1790977702617,614,2387.8,-137.10953587773895,32005.865998620873,72.0,98.0,1.5,-0.8,0.98,GOOD
1790977702617,615,2787.6,-32.71698249717298,31972.166549732923,72.0,98.0,1.5,-0.8,0.98,GOOD
1790977702617,616,3083.6,206.64483687439156,32002.27273853723,72.0,98.0,1.5,-0.8,0.98,GOOD
1790977702617,617,3234.0,538.1298479109912,31964.266987150982,72.0,98.0,1.5,-0.8,0.98,GOOD
1790977702617,618,3217.9,865.4250733258875,32049.686316075728,72.0,98.0,1.5,-0.8,0.98,GOOD
1790977702617,619,3037.5,1088.1569884702103,32000.48814981119,72.0,98.0,1.5,-0.8,0.98,GOOD
1790977702617,620,2718.1,1139.569352858086,31966.37061887085,72.0,98.0,1.5,-0.8,0.98,GOOD
1790977702617,621,2304.7,1000.8771085515157,32046.97710723184,72.0,98.0,1.5,-0.8,0.98,GOOD
1790977702617,622,1973.2,702.8170550637074,31971.867733911247,72.0,98.0,1.5,-0.8,0.98,GOOD
1790977702617,623,1817.8,322.5036715878901,31987.387903551044,72.0,98.0,1.5,-0.8,0.98,GOOD
1790977702617,624,1719.2,-39.7956200731108,32001.701357005313,72.0,98.0,1.5,-0.8,0.98,GOOD
1790977702617,625,1702.1,-306.5339026211623,31960.26013750984,72.0,98.0,1.5,-0.8,0.98,GOOD
1790977707780,626,2040.3,-437.84282416804797,31973.12654659987,72.0,98.0,1.5,-0.8,1.04,GOOD
1790977707780,627,2041.2,-421.4581948907263,32041.79433029872,72.0,98.0,1.5,-0.8,1.04,GOOD
1790977707780,628,2046.7,-297.22819585917046,32021.115526274436,72.0,98.0,1.5,-0.8,1.04,GOOD
1790977707780,629,2054.5,-151.97452135414986,32008.82389751586,72.0,98.0,1.5,-0.8,1.04,GOOD
1790977707780,630,2078.6,-52.831757729919296,32045.23514344369,72.0,98.0,1.5,-0.8,1.04,GOOD
1790977707780,631,2102.5,-14.01520828135357,31967.755071821524,72.0,98.0,1.5,-0.8,1.04,GOOD
1790977707780,632,2126.1,-14.652367921696133,32028.021317079954,72.0,98.0,1.5,-0.8,1.04,GOOD
1790977707780,633,2149.3,-23.43846634256968,31977.40996612488,72.0,98.0,1.5,-0.8,1.04,GOOD
1790977707780,634,2171.8,-17.237160807380032,32007.567968605636,72.0,98.0,1.5,-0.8,1.04,GOOD
1790977707780,635,2193.7,8.398896524274232,32037.9426206187,72.0,98.0,1.5,-0.8,1.04,GOOD
1790977707780,636,2214.8,41.53290319395539,31972.577494242603,72.0,98.0,1.5,-0.8,1.04,GOOD
1790977707780,637,2234.9,68.23204649753956,32026.306021743276,72.0,98.0,1.5,-0.8,1.04,GOOD
1790977707780,638,2253.9,85.62659442631923,32003.92499563857,72.0,98.0,1.5,-0.8,1.04,GOOD
1790977707780,639,2271.8,100.87549189496576,32008.958665629496,72.0,98.0,1.5,-0.8,1.04,GOOD
1790977707780,640,2288.4,119.59326888001816,31964.78214082104,72.0,98.0,1.5,-0.8,1.04,GOOD
1790977707780,641,2303.6,138.97081905545315,32029.25556966251,72.0,98.0,1.5,-0.8,1.04,GOOD
1790977707780,642,2317.4,153.0802627467005,32048.641411374938,72.0,98.0,1.5,-0.8,1.04,GOOD
1790977707780,643,2329.6,161.6135162209302,31985.40181930338,72.0,98.0,1.5,-0.8,1.04,GOOD
1790977707780,644,2340.3,169.99759232737256,31995.462663203303,72.0,98.0,1.5,-0.8,1.04,GOOD
1790977707780,645,2349.2,181.55335463696497,31976.39281733736,72.0,98.0,1.5,-0.8,1.04,GOOD
1790977707780,646,2356.5,192.96049319656692,31975.048223861584,72.0,98.0,1.5,-0.8,1.04,GOOD
1790977707780,647,2362.0,198.96103037166614,31973.389415016187,72.0,98.0,1.5,-0.8,1.04,GOOD
1790977707780,648,2365.8,199.3926973050202,31992.064059044656,72.0,98.0,1.5,-0.8,1.04,GOOD
1790977707780,649,2367.7,199.00860366942607,32017.936980290844,72.0,98.0,1.5,-0.8,1.04,GOOD
1790977707780,650,2367.8,200.84088221122545,32043.310785911763,72.0,98.0,1.5,-0.8,1.04,GOOD
1790977712945,651,2126.3,192.93737759928246,31994.411580091913,72.0,98.0,1.5,-0.8,0.99,GOOD
1790977712945,652,2102.7,149.2003895165451,31974.715320655243,72.0,98.0,1.5,-0.8,0.99,GOOD
1790977712945,653,2078.8,65.96025374330861,32015.70502899322,72.0,98.0,1.5,-0.8,0.99,GOOD
1790977712945,654,2054.8,-25.133191229902707,31992.125388674252,72.0,98.0,1.5,-0.8,0.99,GOOD
1790977712945,655,2050.2,-93.51490429236743,31956.412539034154,72.0,98.0,1.5,-0.8,0.99,GOOD
1790977712945,656,2055.8,-129.4903625995651,32023.631935696816,72.0,98.0,1.5,-0.8,0.99,GOOD
1790977712945,657,2037.4,-137.19717362330934,32039.422315447428,72.0,98.0,1.5,-0.8,0.99,GOOD
1790977712945,658,2045.4,-128.76684322988825,31995.559288159737,72.0,98.0,1.5,-0.8,0.99,GOOD
1790977712945,659,2049.9,-117.73572767078832,32039.212822148485,72.0,98.0,1.5,-0.8,0.99,GOOD
1790977712945,660,2043.2,-112.30948007192801,31972.59426037325,72.0,98.0,1.5,-0.8,0.99,GOOD
1790977712945,661,2058.5,-112.83348427408811,32019.68610619379,72.0,98.0,1.5,-0.8,0.99,GOOD
1790977712945,662,2055.1,-113.23831628347726,31985.348179876997,72.0,98.0,1.5,-0.8,0.99,GOOD
1790977712945,663,2055.4,-108.67940345088704,32033.891316243902,72.0,98.0,1.5,-0.8,0.99,GOOD
1790977712945,664,2062.0,-101.31890360350968,32002.717921609375,72.0,98.0,1.5,-0.8,0.99,GOOD
1790977712945,665,2043.7,-96.74446179858333,32014.148007406133,72.0,98.0,1.5,-0.8,0.99,GOOD
1790977712945,666,2039.8,-98.077908442996,32001.288513927426,72.0,98.0,1.5,-0.8,0.99,GOOD
1790977712945,667,2054.5,-102.42350448522365,31989.507125159755,72.0,98.0,1.5,-0.8,0.99,GOOD
1790977712945,668,2062.0,-103.21971033052296,31974.537448284023,72.0,98.0,1.5,-0.8,0.99,GOOD
1790977712945,669,2049.9,-98.78121750196338,31968.779752262508,72.0,98.0,1.5,-0.8,0.99,GOOD
1790977712945,670,2062.0,-93.77574706075616,31991.683144429877,72.0,98.0,1.5,-0.8,0.99,GOOD
1790977712945,671,2037.7,-91.62339577164599,31993.866899849654,72.0,98.0,1.5,-0.8,0.99,GOOD
1790977712945,672,2061.0,-91.23595670327768,31959.870073352366,72.0,98.0,1.5,-0.8,0.99,GOOD
1790977712945,673,2058.5,-89.63624045223317,32016.16057006559,72.0,98.0,1.5,-0.8,0.99,GOOD
1790977712945,674,2042.3,-86.84112495304676,32003.13675009379,72.0,98.0,1.5,-0.8,0.99,GOOD
1790977712945,675,2037.1,-86.97649803135323,32033.693991935354,72.0,98.0,1.5,-0.8,0.99,GOOD
1790977718106,676,2035.8,-91.34875825988813,32039.752288152245,72.0,98.0,1.5,-0.8,1.0,GOOD
1790977718106,677,2039.3,-95.81450751944968,31996.862909426487,72.0,98.0,1.5,-0.8,1.0,GOOD
1790977718106,678,2044.0,-96.74336997248946,32044.521878746287,72.0,98.0,1.5,-0.8,1.0,GOOD
1790977718106,679,2053.9,-94.32670339517685,31998.369453629773,72.0,98.0,1.5,-0.8,1.0,GOOD
1790977718106,680,2045.5,-90.3567089728563,32038.75124482461,72.0,98.0,1.5,-0.8,1.0,GOOD
1790977718106,681,2033.3,-86.54658982589362,31985.70145591427,72.0,98.0,1.5,-0.8,1.0,GOOD
1790977718106,682,2058.9,-83.38639098042441,31990.86384504327,72.0,98.0,1.5,-0.8,1.0,GOOD
1790977718106,683,2046.0,-79.85385081850404,31989.891421758457,72.0,98.0,1.5,-0.8,1.0,GOOD
1790977718106,684,2053.0,-76.63027548422713,32011.33120534021,72.0,98.0,1.5,-0.8,1.0,GOOD
1790977718106,685,2043.7,-75.53892067346112,31997.63843224834,72.0,98.0,1.5,-0.8,1.0,GOOD
1790977718106,686,2044.0,-75.77499685259271,32043.707794534042,72.0,98.0,1.5,-0.8,1.0,GOOD
1790977718106,687,2040.9,-75.3316527219504,31984.85475495055,72.0,98.0,1.5,-0.8,1.0,GOOD
1790977718106,688,2052.7,-73.89976789384274,32021.55248322119,72.0,98.0,1.5,-0.8,1.0,GOOD
1790977718106,689,2042.3,-72.7060611677297,32031.78867934118,72.0,98.0,1.5,-0.8,1.0,GOOD
1790977718106,690,2041.3,-72.83555703222372,32035.236822089806,72.0,98.0,1.5,-0.8,1.0,GOOD
1790977718106,691,2052.4,-72.96298417797749,32033.47064170467,72.0,98.0,1.5,-0.8,1.0,GOOD
1790977718106,692,2037.9,-70.70186789182188,31964.227460730905,72.0,98.0,1.5,-0.8,1.0,GOOD
1790977718106,693,2043.4,-67.37650685142854,32016.72792442209,72.0,98.0,1.5,-0.8,1.0,GOOD
1790977718106,694,2044.0,-66.3036158561797,31992.275028848537,72.0,98.0,1.5,-0.8,1.0,GOOD
1790977718106,695,2047.0,-67.27114018079769,32036.50578979427,72.0,98.0,1.5,-0.8,1.0,GOOD
1790977718106,696,2037.0,-67.49775718747547,31957.895284385475,72.0,98.0,1.5,-0.8,1.0,GOOD
1790977718106,697,2057.4,-65.25038544844827,31975.61917023779,72.0,98.0,1.5,-0.8,1.0,GOOD
1790977718106,698,2057.7,-60.41813034173746,31978.621882313997,72.0,98.0,1.5,-0.8,1.0,GOOD
1790977718106,699,2035.7,-55.46964580691188,31986.940340050052,72.0,98.0,1.5,-0.8,1.0,GOOD
1790977718106,700,2049.2,-53.99603630529726,31999.413017338855,72.0,98.0,1.5,-0.8,1.0,GOOD
1790977723269,701,2039.4,-55.36790453098227,31966.566946633957,72.0,98.0,1.5,-0.8,1.02,GOOD
1790977723269,702,2036.5,-56.645769261735715,32046.621287999475,72.0,98.0,1.5,-0.8,1.02,GOOD
1790977723269,703,2038.0,-57.77308029453012,31978.15011808419,72.0,98.0,1.5,-0.8,1.02,GOOD
1790977723269,704,2033.4,-59.82876372738404,32027.8107374644,72.0,98.0,1.5,-0.8,1.02,GOOD
1790977723269,705,2051.6,-61.51996499311258,32006.189123267464,72.0,98.0,1.5,-0.8,1.02,GOOD
1790977723269,706,2057.6,-59.2413810775875,32037.191846740818,72.0,98.0,1.5,-0.8,1.02,GOOD
1790977723269,707,2059.5,-51.44717128380504,32018.12380087572,72.0,98.0,1.5,-0.8,1.02,GOOD
1790977723269,708,2040.6,-42.349900541148386,31994.590125561655,72.0,98.0,1.5,-0.8,1.02,GOOD
1790977723269,709,2050.4,-37.90984848325232,32001.022262972692,72.0,98.0,1.5,-0.8,1.02,GOOD
1790977723269,710,2047.3,-38.83592247713402,32007.685508091774,72.0,98.0,1.5,-0.8,1.02,GOOD
1790977723269,711,2040.7,-41.55863833718889,32040.652712210147,72.0,98.0,1.5,-0.8,1.02,GOOD
1790977723269,712,2054.8,-43.392197490220184,31998.21927407345,72.0,98.0,1.5,-0.8,1.02,GOOD
1790977723269,713,2036.1,-43.651527543496925,31955.767074158524,72.0,98.0,1.5,-0.8,1.02,GOOD
1790977723269,714,2033.2,-43.777552388957204,32031.810157121163,72.0,98.0,1.5,-0.8,1.02,GOOD
1790977723269,715,2061.9,-44.35866959192329,31978.800310656607,72.0,98.0,1.5,-0.8,1.02,GOOD
1790977723269,716,2046.6,-42.729628358225696,32011.40860437274,72.0,98.0,1.5,-0.8,1.02,GOOD
1790977723269,717,2033.6,-39.104669584585736,31992.612018248015,72.0,98.0,1.5,-0.8,1.02,GOOD
1790977723269,718,2059.3,-36.87406560534336,32023.737388311667,72.0,98.0,1.5,-0.8,1.02,GOOD
1790977723269,719,2040.9,-35.81355549244894,31975.464849648073,72.0,98.0,1.5,-0.8,1.02,GOOD
1790977723269,720,2047.3,-34.47590766859868,31994.77427367294,72.0,98.0,1.5,-0.8,1.02,GOOD
1790977723269,721,2046.4,-33.47107388462565,31969.370220781802,72.0,98.0,1.5,-0.8,1.02,GOOD
1790977723269,722,2053.6,-32.71437055350479,32030.5857394627,72.0,98.0,1.5,-0.8,1.02,GOOD
1790977723269,723,2045.6,-31.371181370030644,32025.457803640504,72.0,98.0,1.5,-0.8,1.02,GOOD
1790977723269,724,2053.5,-29.428475901530017,32040.77421864814,72.0,98.0,1.5,-0.8,1.02,GOOD
1790977723269,725,2052.2,-27.113531333130116,32005.315470895202,72.0,98.0,1.5,-0.8,1.02,GOOD
1790977728431,726,2227.4,-17.81171137216076,32037.462888191323,72.0,98.0,1.5,-0.8,1.01,GOOD
1790977728431,727,2227.0,13.123319586555064,32014.99088688521,72.0,98.0,1.5,-0.8,1.01,GOOD
1790977728431,728,2220.4,65.8276292599617,31993.550554122772,72.0,98.0,1.5,-0.8,1.01,GOOD
1790977728431,729,2207.6,117.70194283599542,31989.14389685261,72.0,98.0,1.5,-0.8,1.01,GOOD
1790977728431,730,2189.1,147.76522216987374,32009.254488336916,72.0,98.0,1.5,-0.8,1.01,GOOD
1790977728431,731,2165.7,149.76438368711342,32017.166101965406,72.0,98.0,1.5,-0.8,1.01,GOOD
1790977728431,732,2138.1,127.39099969922373,31980.088018914168,72.0,98.0,1.5,-0.8,1.01,GOOD
1790977728431,733,2107.3,90.79761845212329,31979.101539886702,72.0,98.0,1.5,-0.8,1.01,GOOD
1790977728431,734,2074.4,52.734307914393966,32026.617415173205,72.0,98.0,1.5,-0.8,1.01,GOOD
1790977728431,735,2061.6,21.95015386679674,32011.37880019027,72.0,98.0,1.5,-0.8,1.01,GOOD
1790977728431,736,2043.1,-0.8452160039000143,31974.86137982714,72.0,98.0,1.5,-0.8,1.01,GOOD
1790977728431,737,2047.3,-19.731568177507423,31975.125928702197,72.0,98.0,1.5,-0.8,1.01,GOOD
1790977728431,738,2039.3,-35.956274897445944,31959.236032651268,72.0,98.0,1.5,-0.8,1.01,GOOD
1790977728431,739,2040.2,-45.855107483633525,32042.644969526176,72.0,98.0,1.5,-0.8,1.01,GOOD
1790977728431,740,1905.5,-52.018526879369105,32040.759125258395,72.0,98.0,1.5,-0.8,1.01,GOOD
1790977728431,741,1848.1,-71.79061614691115,32042.34010150113,72.0,98.0,1.5,-0.8,1.01,GOOD
1790977728431,742,1899.0,-115.65958969590297,32021.76956038326,72.0,98.0,1.5,-0.8,1.01,GOOD
1790977728431,743,2030.7,-160.55031643455584,31983.93064111863,72.0,98.0,1.5,-0.8,1.01,GOOD
1790977728431,744,2440.9,-152.99865885842715,31963.600886041822,72.0,98.0,1.5,-0.8,1.01,GOOD
1790977728431,745,2830.7,-33.29700224429837,31959.173493876064,72.0,98.0,1.5,-0.8,1.01,GOOD
1790977728431,746,3110.6,220.29945222858788,32024.86646755509,72.0,98.0,1.5,-0.8,1.01,GOOD
1790977728431,747,3241.2,557.7346102248608,32002.09991893606,72.0,98.0,1.5,-0.8,1.01,GOOD
1790977728431,748,3204.3,879.1352861267378,32042.658589569237,72.0,98.0,1.5,-0.8,1.01,GOOD
1790977728431,749,3004.9,1085.504204085582,32008.962604540757,72.0,98.0,1.5,-0.8,1.01,GOOD
1790977728431,750,2671.2,1114.3070970045756,32021.730803141683,72.0,98.0,1.5,-0.8,1.01,GOOD
1790977733594,751,2044.2,944.471572015396,31987.690245715952,72.0,98.0,1.5,-0.8,1.0,GOOD
1790977733594,752,2035.5,607.2638028775505,32029.842500333158,72.0,98.0,1.5,-0.8,1.0,GOOD
1790977733594,753,2041.1,216.90163683455498,32002.345198810865,72.0,98.0,1.5,-0.8,1.0,GOOD
1790977733594,754,2058.2,-81.71435771664275,31969.86146369669,72.0,98.0,1.5,-0.8,1.0,GOOD
1790977733594,755,2039.9,-222.05421115027522,32036.06474155592,72.0,98.0,1.5,-0.8,1.0,GOOD
1790977733594,756,2047.9,-231.37599015031475,32030.180628279577,72.0,98.0,1.5,-0.8,1.0,GOOD
1790977733594,757,2054.6,-173.1803035074389,31981.559023964513,72.0,98.0,1.5,-0.8,1.0,GOOD
1790977733594,758,2041.6,-107.76837469952821,31974.39362546285,72.0,98.0,1.5,-0.8,1.0,GOOD
1790977733594,759,2055.6,-75.27174643986294,31994.134009261677,72.0,98.0,1.5,-0.8,1.0,GOOD
1790977733594,760,2079.7,-81.1134717716665,31991.42880401539,72.0,98.0,1.5,-0.8,1.0,GOOD
1790977733594,761,2103.6,-97.68516618435957,32044.83911901463,72.0,98.0,1.5,-0.8,1.0,GOOD
1790977733594,762,2127.1,-94.09237172372093,32048.768910083738,72.0,98.0,1.5,-0.8,1.0,GOOD
1790977733594,763,2150.3,-65.23255681732248,32036.970970090588,72.0,98.0,1.5,-0.8,1.0,GOOD
1790977733594,764,2172.8,-30.015900777476723,31998.6888082242,72.0,98.0,1.5,-0.8,1.0,GOOD
1790977733594,765,2194.7,-5.571352537460319,32005.508070629912,72.0,98.0,1.5,-0.8,1.0,GOOD
1790977733594,766,2215.7,10.341810863353928,31969.987350277348,72.0,98.0,1.5,-0.8,1.0,GOOD
1790977733594,767,2235.7,30.292705946584096,32016.473407188136,72.0,98.0,1.5,-0.8,1.0,GOOD
1790977733594,768,2254.7,57.40441643692047,32002.86756934932,72.0,98.0,1.5,-0.8,1.0,GOOD
1790977733594,769,2272.5,81.7017014585165,31986.785386460695,72.0,98.0,1.5,-0.8,1.0,GOOD
1790977733594,770,2289.1,95.1187062227778,32021.58173051398,72.0,98.0,1.5,-0.8,1.0,GOOD
1790977733594,771,2304.2,102.82271427159189,31966.76026054441,72.0,98.0,1.5,-0.8,1.0,GOOD
1790977733594,772,2317.9,115.63061641697121,32042.663750407555,72.0,98.0,1.5,-0.8,1.0,GOOD
1790977733594,773,2330.1,135.0808749400303,32023.611225451594,72.0,98.0,1.5,-0.8,1.0,GOOD
1790977733594,774,2340.7,151.81314289333818,32002.57264788835,72.0,98.0,1.5,-0.8,1.0,GOOD
1790977733594,775,2349.6,158.577401768093,31967.07284348481,72.0,98.0,1.5,-0.8,1.0,GOOD
1790977738757,776,2239.5,154.91703987064443,32040.880602947138,72.0,98.0,1.5,-0.8,1.04,GOOD
1790977738757,777,2219.6,138.6436136181028,32025.36764023061,72.0,98.0,1.5,-0.8,1.04,GOOD
1790977738757,778,2198.8,107.72165122444322,31955.678148972547,72.0,98.0,1.5,-0.8,1.04,GOOD
1790977738757,779,2177.1,66.41005295623118,31956.81992476723,72.0,98.0,1.5,-0.8,1.04,GOOD
1790977738757,780,2154.7,22.167243340112616,31969.807943419557,72.0,98.0,1.5,-0.8,1.04,GOOD
1790977738757,781,2131.6,-15.804841651313291,31964.37334229569,72.0,98.0,1.5,-0.8,1.04,GOOD
1790977738757,782,2108.1,-39.944918128137864,32038.907353774877,72.0,98.0,1.5,-0.8,1.04,GOOD
1790977738757,783,2084.3,-52.67347544017034,31984.846302768572,72.0,98.0,1.5,-0.8,1.04,GOOD
1790977738757,784,2060.2,-65.9008933382851,32014.332318586174,72.0,98.0,1.5,-0.8,1.04,GOOD
1790977738757,785,2047.6,-88.28077500154592,31954.146207281876,72.0,98.0,1.5,-0.8,1.04,GOOD
1790977738757,786,2033.5,-115.30253873393504,31986.397000196477,72.0,98.0,1.5,-0.8,1.04,GOOD
1790977738757,787,2046.5,-134.66747731649792,32007.100481461977,72.0,98.0,1.5,-0.8,1.04,GOOD
1790977738757,788,2043.2,-139.76888103914007,32006.03209501356,72.0,98.0,1.5,-0.8,1.04,GOOD
1790977738757,789,2044.8,-135.8997035690094,32037.43880204718,72.0,98.0,1.5,-0.8,1.04,GOOD
1790977738757,790,2042.6,-132.44711017018656,31994.620251532753,72.0,98.0,1.5,-0.8,1.04,GOOD
1790977738757,791,2045.2,-131.70572477571554,32044.78423155379,72.0,98.0,1.5,-0.8,1.04,GOOD
1790977738757,792,2062.2,-128.7154882647347,32028.09887013808,72.0,98.0,1.5,-0.8,1.04,GOOD
1790977738757,793,2058.6,-120.29677973849249,31984.140524258928,72.0,98.0,1.5,-0.8,1.04,GOOD
1790977738757,794,2048.2,-111.11482000376922,32003.296477300322,72.0,98.0,1.5,-0.8,1.04,GOOD
1790977738757,795,2050.0,-108.01719471696772,32011.80312571608,72.0,98.0,1.5,-0.8,1.04,GOOD
1790977738757,796,2036.7,-110.99389343905352,32027.777338295193,72.0,98.0,1.5,-0.8,1.04,GOOD
1790977738757,797,2038.6,-114.95323120374692,31956.900014951767,72.0,98.0,1.5,-0.8,1.04,GOOD
1790977738757,798,2055.7,-116.20287876934589,32034.319331223942,72.0,98.0,1.5,-0.8,1.04,GOOD
1790977738757,799,2052.2,-114.23274819507077,31999.592664850363,72.0,98.0,1.5,-0.8,1.04,GOOD
1790977738757,800,2057.3,-110.58663449282837,31966.066008847985,72.0,98.0,1.5,-0.8,1.04,GOOD
1790977743922,801,2037.4,-106.8051303772919,32021.144103382878,72.0,98.0,1.5,-0.8,1.01,GOOD
1790977743922,802,2044.9,-103.7564922965488,32039.995937219745,72.0,98.0,1.5,-0.8,1.01,GOOD
1790977743922,803,2046.2,-101.97773116434931,32031.44105121258,72.0,98.0,1.5,-0.8,1.01,GOOD
1790977743922,804,2034.1,-102.26055662758003,31996.127916977774,72.0,98.0,1.5,-0.8,1.01,GOOD
1790977743922,805,2051.7,-104.74785486997682,31969.736199920477,72.0,98.0,1.5,-0.8,1.01,GOOD
1790977743922,806,2039.3,-106.50818769661606,31952.944687945423,72.0,98.0,1.5,-0.8,1.01,GOOD
1790977743922,807,2059.4,-104.03345934037043,31968.765702037912,72.0,98.0,1.5,-0.8,1.01,GOOD
1790977743922,808,2043.6,-97.72760829913157,32020.292364378965,72.0,98.0,1.5,-0.8,1.01,GOOD
1790977743922,809,2058.1,-91.44046788982249,31986.619734154658,72.0,98.0,1.5,-0.8,1.01,GOOD
1790977743922,810,2059.2,-87.52020034316513,31982.221811472144,72.0,98.0,1.5,-0.8,1.01,GOOD
1790977743922,811,2045.5,-85.02009695988528,31981.64828758011,72.0,98.0,1.5,-0.8,1.01,GOOD
1790977743922,812,2033.2,-83.96660415067637,32039.04027999695,72.0,98.0,1.5,-0.8,1.01,GOOD
1790977743922,813,2055.7,-85.16485287194895,31963.94532063388,72.0,98.0,1.5,-0.8,1.01,GOOD
1790977743922,814,2037.7,-87.12321127779595,32023.11150066834,72.0,98.0,1.5,-0.8,1.01,GOOD
1790977743922,815,2060.2,-87.8783325496617,32028.199253613882,72.0,98.0,1.5,-0.8,1.01,GOOD
1790977743922,816,2034.1,-86.70401066775686,31974.02841794894,72.0,98.0,1.5,-0.8,1.01,GOOD
1790977743922,817,2040.4,-84.63194486267115,31986.52211309872,72.0,98.0,1.5,-0.8,1.01,GOOD
1790977743922,818,2037.6,-83.53593092049493,31988.101538959123,72.0,98.0,1.5,-0.8,1.01,GOOD
1790977743922,819,2061.8,-82.95801560958263,31974.34919655017,72.0,98.0,1.5,-0.8,1.01,GOOD
1790977743922,820,2048.5,-80.71289230827803,31964.19804775308,72.0,98.0,1.5,-0.8,1.01,GOOD
1790977743922,821,2058.7,-76.31174826800495,31966.032242812416,72.0,98.0,1.5,-0.8,1.01,GOOD
1790977743922,822,2044.5,-71.21575527555834,32019.19901257151,72.0,98.0,1.5,-0.8,1.01,GOOD
1790977743922,823,2034.6,-67.93097638281878,32031.851655225615,72.0,98.0,1.5,-0.8,1.01,GOOD
1790977743922,824,2049.0,-68.40350805509601,31964.443401606255,72.0,98.0,1.5,-0.8,1.01,GOOD
1790977743922,825,2045.6,-71.14092251558789,31969.544437749257,72.0,98.0,1.5,-0.8,1.01,GOOD
1790977749081,826,2035.9,-73.38954571640201,32006.49862349865,72.0,98.0,1.5,-0.8,0.97,GOOD
1790977749081,827,2036.2,-74.55236307016314,32043.626077599394,72.0,98.0,1.5,-0.8,0.97,GOOD
1790977749081,828,2049.0,-74.22008398076355,31966.95028351017,72.0,98.0,1.5,-0.8,0.97,GOOD
1790977749081,829,2047.4,-71.35174663858518,32005.89247652783,72.0,98.0,1.5,-0.8,0.97,GOOD
1790977749081,830,2058.4,-66.4632614097712,31992.139925014482,72.0,98.0,1.5,-0.8,0.97,GOOD
1790977749081,831,2045.3,-61.43801108645002,31970.238392030296,72.0,98.0,1.5,-0.8,0.97,GOOD
1790977749081,832,2059.0,-57.44515349254797,32047.30710003997,72.0,98.0,1.5,-0.8,0.97,GOOD
1790977749081,833,2051.4,-54.052230871142086,31957.9178584517,72.0,98.0,1.5,-0.8,0.97,GOOD
1790977749081,834,2038.8,-51.57967163829072,32016.542210649848,72.0,98.0,1.5,-0.8,0.97,GOOD
1790977749081,835,2050.4,-51.851107591530536,32028.747932026847,72.0,98.0,1.5,-0.8,0.97,GOOD
1790977749081,836,2053.4,-54.034096647957156,31995.299845864243,72.0,98.0,1.5,-0.8,0.97,GOOD
1790977749081,837,2044.8,-55.06289525596061,32037.210592533705,72.0,98.0,1.5,-0.8,0.97,GOOD
1790977749081,838,2056.0,-53.73747363215862,31973.596405670545,72.0,98.0,1.5,-0.8,0.97,GOOD
1790977749081,839,2052.9,-50.40235752825585,32026.263667356885,72.0,98.0,1.5,-0.8,0.97,GOOD
1790977749081,840,2049.4,-46.425864651965234,32002.812057800627,72.0,98.0,1.5,-0.8,0.97,GOOD
1790977749081,841,2049.3,-44.13016589112989,31956.90866675165,72.0,98.0,1.5,-0.8,0.97,GOOD
1790977749081,842,2037.5,-44.702136263371244,32037.636745769727,72.0,98.0,1.5,-0.8,0.97,GOOD
1790977749081,843,2036.2,-47.60115408747613,32009.802598242433,72.0,98.0,1.5,-0.8,0.97,GOOD
1790977749081,844,2058.4,-50.37020346644839,31958.641040641764,72.0,98.0,1.5,-0.8,0.97,GOOD
1790977749081,845,2043.3,-49.963657718285816,31975.869560632498,72.0,98.0,1.5,-0.8,0.97,GOOD
1790977749081,846,2050.6,-46.825946170760815,31990.357291355453,72.0,98.0,1.5,-0.8,0.97,GOOD
1790977749081,847,2042.1,-43.824469864608005,31987.896209686452,72.0,98.0,1.5,-0.8,0.97,GOOD
1790977749081,848,2056.9,-41.69138596222706,31999.59325436229,72.0,98.0,1.5,-0.8,0.97,GOOD
1790977749081,849,2034.1,-39.79574429783314,32005.84725190019,72.0,98.0,1.5,-0.8,0.97,GOOD
1790977749081,850,2058.0,-38.620383613382494,31974.03439083215,72.0,98.0,1.5,-0.8,0.97,GOOD
1790977754243,851,2129.9,-34.850008640313895,31954.9790406271,72.0,98.0,1.5,-0.8,1.0,GOOD
1790977754243,852,2158.5,-19.227213466149596,32017.861055932754,72.0,98.0,1.5,-0.8,1.0,GOOD
1790977754243,853,2183.2,12.08682216350912,31951.485135561605,72.0,98.0,1.5,-0.8,1.0,GOOD
1790977754243,854,2203.1,51.73304866790907,31974.10490037324,72.0,98.0,1.5,-0.8,1.0,GOOD
1790977754243,855,2217.4,89.12309895078292,31998.02031483605,72.0,98.0,1.5,-0.8,1.0,GOOD
1790977754243,856,2225.8,116.76639298813384,32000.421466380165,72.0,98.0,1.5,-0.8,1.0,GOOD
1790977754243,857,2227.9,131.6540053538124,32037.529811105487,72.0,98.0,1.5,-0.8,1.0,GOOD
1790977754243,858,2223.6,135.55114912947133,31997.92703769696,72.0,98.0,1.5,-0.8,1.0,GOOD
1790977754243,859,2213.1,133.08162745944853,31962.357345335018,72.0,98.0,1.5,-0.8,1.0,GOOD
1790977754243,860,2196.7,127.57028278362992,31994.989245710938,72.0,98.0,1.5,-0.8,1.0,GOOD
1790977754243,861,2175.1,118.3736027412521,31999.898444080078,72.0,98.0,1.5,-0.8,1.0,GOOD
1790977754243,862,2149.0,102.7329894791494,31954.960768886223,72.0,98.0,1.5,-0.8,1.0,GOOD
1790977754243,863,2119.3,79.89111861975016,31981.599795002134,72.0,98.0,1.5,-0.8,1.0,GOOD
1790977754243,864,2087.0,52.40186285380207,32032.955630668115,72.0,98.0,1.5,-0.8,1.0,GOOD
1790977754243,865,2053.4,23.304241669436973,31986.37898439947,72.0,98.0,1.5,-0.8,1.0,GOOD
1790977754243,866,2046.7,-5.755444758564517,32018.071038757746,72.0,98.0,1.5,-0.8,1.0,GOOD
1790977754243,867,2055.0,-31.87047610327001,32046.663167224742,72.0,98.0,1.5,-0.8,1.0,GOOD
1790977754243,868,2038.8,-50.3607194280803,32011.806352141502,72.0,98.0,1.5,-0.8,1.0,GOOD
1790977754243,869,2060.9,-58.33472823910758,32034.855768488735,72.0,98.0,1.5,-0.8,1.0,GOOD
1790977754243,870,1950.7,-60.04760861598839,31956.07332575967,72.0,98.0,1.5,-0.8,1.0,GOOD
1790977754243,871,1857.5,-72.51018860565569,31986.651401191302,72.0,98.0,1.5,-0.8,1.0,GOOD
1790977754243,872,1867.5,-111.10504595312088,31971.265850626467,72.0,98.0,1.5,-0.8,1.0,GOOD
1790977754243,873,1975.3,-161.92282607335432,32041.15182260895,72.0,98.0,1.5,-0.8,1.0,GOOD
1790977754243,874,2276.0,-178.41773413894123,32000.834920835867,72.0,98.0,1.5,-0.8,1.0,GOOD
1790977754243,875,2693.7,-101.91521676705926,31966.290730218498,72.0,98.0,1.5,-0.8,1.0,GOOD
1790977759406,876,2041.3,65.65843536260437,31983.345030599034,72.0,98.0,1.5,-0.8,1.02,GOOD
1790977759406,877,2052.5,208.85616130647435,31973.192160692728,72.0,98.0,1.5,-0.8,1.02,GOOD
1790977759406,878,2060.9,224.37271330672405,31979.726286299487,72.0,98.0,1.5,-0.8,1.02,GOOD
1790977759406,879,2054.6,135.39207443292005,31962.052350216174,72.0,98.0,1.5,-0.8,1.02,GOOD
1790977759406,880,2058.3,17.901477135683947,32044.592047155704,72.0,98.0,1.5,-0.8,1.02,GOOD
1790977759406,881,2061.4,-71.73002331259154,32038.246075906623,72.0,98.0,1.5,-0.8,1.02,GOOD
1790977759406,882,2033.6,-101.81758038816929,31963.48204385911,72.0,98.0,1.5,-0.8,1.02,GOOD
1790977759406,883,2038.1,-76.61747783921942,31989.110764796038,72.0,98.0,1.5,-0.8,1.02,GOOD
1790977759406,884,2040.2,-35.913039073903086,31980.350024854135,72.0,98.0,1.5,-0.8,1.02,GOOD
1790977759406,885,2046.0,-21.422435744666828,31952.969007082564,72.0,98.0,1.5,-0.8,1.02,GOOD
1790977759406,886,2038.6,-39.16155778210841,32025.86497894622,72.0,98.0,1.5,-0.8,1.02,GOOD
1790977759406,887,2044.0,-59.44793895942511,32024.149426672695,72.0,98.0,1.5,-0.8,1.02,GOOD
1790977759406,888,2040.5,-55.74673477784191,31958.168793416284,72.0,98.0,1.5,-0.8,1.02,GOOD
1790977759406,889,2048.4,-35.71378761047594,31995.722338257772,72.0,98.0,1.5,-0.8,1.02,GOOD
1790977759406,890,2072.5,-25.571864399859493,32042.946534993247,72.0,98.0,1.5,-0.8,1.02,GOOD
1790977759406,891,2096.4,-31.17760433845822,31962.768666067597,72.0,98.0,1.5,-0.8,1.02,GOOD
1790977759406,892,2120.1,-30.360342940161154,32031.821259742137,72.0,98.0,1.5,-0.8,1.02,GOOD
1790977759406,893,2143.4,-4.287415291151095,31989.580230786498,72.0,98.0,1.5,-0.8,1.02,GOOD
1790977759406,894,2166.1,37.14458202618368,32020.247737658054,72.0,98.0,1.5,-0.8,1.02,GOOD
1790977759406,895,2188.2,68.44823992422491,31954.330274063075,72.0,98.0,1.5,-0.8,1.02,GOOD
1790977759406,896,2209.5,80.57855779504875,32027.30202030468,72.0,98.0,1.5,-0.8,1.02,GOOD
1790977759406,897,2229.8,89.36604531984747,32026.839594188612,72.0,98.0,1.5,-0.8,1.02,GOOD
1790977759406,898,2249.2,111.57803315648023,31997.729000748423,72.0,98.0,1.5,-0.8,1.02,GOOD
1790977759406,899,2267.3,142.62496782701135,31980.04210085396,72.0,98.0,1.5,-0.8,1.02,GOOD
1790977759406,900,2284.3,164.69826408563682,32002.41972438259,72.0,98.0,1.5,-0.8,1.02,GOOD
1790977764568,901,2328.5,172.7394943644955,32001.612457758576,72.0,98.0,1.5,-0.8,1.03,GOOD
1790977764568,902,2316.2,180.81260121544437,31956.642801763595,72.0,98.0,1.5,-0.8,1.03,GOOD
1790977764568,903,2302.2,198.64320645221295,32007.99412730508,72.0,98.0,1.5,-0.8,1.03,GOOD
1790977764568,904,2286.9,215.22841936406672,32039.09071953706,72.0,98.0,1.5,-0.8,1.03,GOOD
1790977764568,905,2270.2,212.9991071430107,31955.10671682403,72.0,98.0,1.5,-0.8,1.03,GOOD
1790977764568,906,2252.2,189.1463434738117,31958.205109841096,72.0,98.0,1.5,-0.8,1.03,GOOD
1790977764568,907,2233.0,157.94197313248142,32041.888533190682,72.0,98.0,1.5,-0.8,1.03,GOOD
1790977764568,908,2212.8,134.2348678495043,32032.72129709052,72.0,98.0,1.5,-0.8,1.03,GOOD
1790977764568,909,2191.7,118.5619263601439,31979.496476887125,72.0,98.0,1.5,-0.8,1.03,GOOD
1790977764568,910,2169.8,100.80501855119928,32037.255439169927,72.0,98.0,1.5,-0.8,1.03,GOOD
1790977764568,911,2147.1,75.26674692152434,31983.53749032433,72.0,98.0,1.5,-0.8,1.03,GOOD
1790977764568,912,2123.9,47.15802520727142,31994.22832132815,72.0,98.0,1.5,-0.8,1.03,GOOD
1790977764568,913,2100.3,24.04401136453316,32029.271968674122,72.0,98.0,1.5,-0.8,1.03,GOOD
1790977764568,914,2076.4,5.582460699843855,32022.459293087544,72.0,98.0,1.5,-0.8,1.03,GOOD
1790977764568,915,2052.3,-14.968491083576005,31982.405359214496,72.0,98.0,1.5,-0.8,1.03,GOOD
1790977764568,916,2034.3,-40.8028157382736,32042.703442081413,72.0,98.0,1.5,-0.8,1.03,GOOD
1790977764568,917,2058.5,-65.36779608880789,32048.71262599436,72.0,98.0,1.5,-0.8,1.03,GOOD
1790977764568,918,2041.3,-78.47179767521615,32000.611199043626,72.0,98.0,1.5,-0.8,1.03,GOOD
1790977764568,919,2055.5,-78.60351239437506,31951.46785181136,72.0,98.0,1.5,-0.8,1.03,GOOD
1790977764568,920,2054.9,-73.01472236889668,31956.725160353213,72.0,98.0,1.5,-0.8,1.03,GOOD
1790977764568,921,2039.1,-68.45751670106341,31962.3467275999,72.0,98.0,1.5,-0.8,1.03,GOOD
1790977764568,922,2042.5,-67.37551307003828,32002.533874086886,72.0,98.0,1.5,-0.8,1.03,GOOD
1790977764568,923,2057.1,-67.77937905342363,32032.170595989828,72.0,98.0,1.5,-0.8,1.03,GOOD
1790977764568,924,2034.8,-67.05050914916265,31984.42559019425,72.0,98.0,1.5,-0.8,1.03,GOOD
1790977764568,925,2045.3,-66.57189882397972,31991.033662968443,72.0,98.0,1.5,-0.8,1.03,GOOD
1790977769733,926,2055.6,-67.29940203928906,31980.500373391555,72.0,98.0,1.5,-0.8,1.03,GOOD
1790977769733,927,2063.0,-65.8948716126493,32026.986784752637,72.0,98.0,1.5,-0.8,1.03,GOOD
1790977769733,928,2061.6,-60.0957504677423,32016.795637978947,72.0,98.0,1.5,-0.8,1.03,GOOD
1790977769733,929,2060.6,-52.29543610694571,32038.868222545527,72.0,98.0,1.5,-0.8,1.03,GOOD
1790977769733,930,2050.9,-46.61613410879885,31964.4071859641,72.0,98.0,1.5,-0.8,1.03,GOOD
1790977769733,931,2057.3,-45.158805790779184,31976.299069824163,72.0,98.0,1.5,-0.8,1.03,GOOD
1790977769733,932,2058.2,-46.672505807881876,32020.491916440133,72.0,98.0,1.5,-0.8,1.03,GOOD
1790977769733,933,2056.4,-48.540770225539354,32005.882857389108,72.0,98.0,1.5,-0.8,1.03,GOOD
1790977769733,934,2058.1,-49.153586979357904,32037.965356901932,72.0,98.0,1.5,-0.8,1.03,GOOD
1790977769733,935,2042.9,-48.45282480675131,32045.335646509586,72.0,98.0,1.5,-0.8,1.03,GOOD
1790977769733,936,2052.4,-47.759607180343025,31972.624664684252,72.0,98.0,1.5,-0.8,1.03,GOOD
1790977769733,937,2055.2,-47.98316209032284,31979.516114326412,72.0,98.0,1.5,-0.8,1.03,GOOD
1790977769733,938,2033.8,-49.37321678608317,32024.992804719463,72.0,98.0,1.5,-0.8,1.03,GOOD
1790977769733,939,2055.3,-51.86621910225877,32005.20028944585,72.0,98.0,1.5,-0.8,1.03,GOOD
1790977769733,940,2058.2,-52.47821843556762,32040.416272833147,72.0,98.0,1.5,-0.8,1.03,GOOD
1790977769733,941,2039.5,-49.038040099355584,31994.44387772106,72.0,98.0,1.5,-0.8,1.03,GOOD
1790977769733,942,2052.2,-45.2639392123573,31966.438515831,72.0,98.0,1.5,-0.8,1.03,GOOD
1790977769733,943,2049.7,-44.66495652857604,31963.7807322423,72.0,98.0,1.5,-0.8,1.03,GOOD
1790977769733,944,2034.4,-46.27435949245714,32033.62138637511,72.0,98.0,1.5,-0.8,1.03,GOOD
1790977769733,945,2044.7,-48.079814277232146,32012.802323167765,72.0,98.0,1.5,-0.8,1.03,GOOD
1790977769733,946,2051.0,-48.279045470402124,32025.854153896486,72.0,98.0,1.5,-0.8,1.03,GOOD
1790977769733,947,2037.6,-46.82391943915654,32018.89717440062,72.0,98.0,1.5,-0.8,1.03,GOOD
1790977769733,948,2051.3,-46.02194104496907,31987.14839229133,72.0,98.0,1.5,-0.8,1.03,GOOD
1790977769733,949,2039.0,-46.163169943551566,31965.367792478028,72.0,98.0,1.5,-0.8,1.03,GOOD
1790977769733,950,2044.1,-45.225973472225135,31983.260136901547,72.0,98.0,1.5,-0.8,1.03,GOOD
1790977774897,951,2054.1,-42.41049499038522,31952.976410201136,72.0,98.0,1.5,-0.8,1.03,GOOD
1790977774897,952,2041.8,-39.19490748387463,32027.0636863423,72.0,98.0,1.5,-0.8,1.03,GOOD
1790977774897,953,2043.6,-38.29373369369732,31969.35340150149,72.0,98.0,1.5,-0.8,1.03,GOOD
1790977774897,954,2041.0,-39.887581140223645,32049.60727436835,72.0,98.0,1.5,-0.8,1.03,GOOD
1790977774897,955,2061.8,-40.066758555178595,31969.408665683804,72.0,98.0,1.5,-0.8,1.03,GOOD
1790977774897,956,2055.3,-35.76448516400877,31951.583421405474,72.0,98.0,1.5,-0.8,1.03,GOOD
1790977774897,957,2045.3,-29.885631318529647,31959.958229533968,72.0,98.0,1.5,-0.8,1.03,GOOD
1790977774897,958,2062.9,-27.232645405308578,31962.408158249964,72.0,98.0,1.5,-0.8,1.03,GOOD
1790977774897,959,2036.2,-27.587190646791157,31967.602097481544,72.0,98.0,1.5,-0.8,1.03,GOOD
1790977774897,960,2041.5,-28.71891810814751,31979.923296194534,72.0,98.0,1.5,-0.8,1.03,GOOD
1790977774897,961,2058.7,-29.719730748468297,31955.16304691372,72.0,98.0,1.5,-0.8,1.03,GOOD
1790977774897,962,2057.6,-29.454274130248773,31980.446575794627,72.0,98.0,1.5,-0.8,1.03,GOOD
1790977774897,963,2061.3,-27.51310017902597,32003.397402485687,72.0,98.0,1.5,-0.8,1.03,GOOD
1790977774897,964,2039.7,-24.78795482521531,31999.784015049172,72.0,98.0,1.5,-0.8,1.03,GOOD
1790977774897,965,2042.9,-22.714828214879663,32033.38638235002,72.0,98.0,1.5,-0.8,1.03,GOOD
1790977774897,966,2057.0,-22.105389667128335,31963.614579555713,72.0,98.0,1.5,-0.8,1.03,GOOD
1790977774897,967,2035.8,-23.244422543612703,32030.934207149337,72.0,98.0,1.5,-0.8,1.03,GOOD
1790977774897,968,2058.8,-26.362376656284148,32015.607028880473,72.0,98.0,1.5,-0.8,1.03,GOOD
1790977774897,969,2034.3,-29.17476600574379,32008.199832286242,72.0,98.0,1.5,-0.8,1.03,GOOD
1790977774897,970,2035.7,-29.23654922440237,31976.757750841218,72.0,98.0,1.5,-0.8,1.03,GOOD
1790977774897,971,2052.8,-27.41492235549335,32048.059100957653,72.0,98.0,1.5,-0.8,1.03,GOOD
1790977774897,972,2051.1,-25.3634357754063,31962.78793702865,72.0,98.0,1.5,-0.8,1.03,GOOD
1790977774897,973,2048.3,-24.156910769831498,32008.33657229848,72.0,98.0,1.5,-0.8,1.03,GOOD
1790977774897,974,2054.6,-23.207311620514833,32034.012637220087,72.0,98.0,1.5,-0.8,1.03,GOOD
1790977774897,975,2035.7,-20.6247057046699,32021.255477944964,72.0,98.0,1.5,-0.8,1.03,GOOD
1790977780059,976,2048.0,-17.475227708229202,32035.93830858635,72.0,98.0,1.5,-0.8,0.96,GOOD
1790977780059,977,2054.0,-16.63102672474386,31990.344159990884,72.0,98.0,1.5,-0.8,0.96,GOOD
1790977780059,978,2055.3,-17.977600715926762,32022.225943007033,72.0,98.0,1.5,-0.8,0.96,GOOD
1790977780059,979,2088.9,-17.12311594687009,31974.0786560622,72.0,98.0,1.5,-0.8,0.96,GOOD
1790977780059,980,2121.0,-7.1006949686094885,32031.07857916688,72.0,98.0,1.5,-0.8,0.96,GOOD
1790977780059,981,2150.5,15.311694985049446,31960.094686485347,72.0,98.0,1.5,-0.8,0.96,GOOD
1790977780059,982,2176.4,45.19182776308614,31994.87742533481,72.0,98.0,1.5,-0.8,0.96,GOOD
1790977780059,983,2197.8,74.90631737431433,31998.42283240256,72.0,98.0,1.5,-0.8,0.96,GOOD
1790977780059,984,2213.8,100.99458219372491,31963.630850736503,72.0,98.0,1.5,-0.8,0.96,GOOD
1790977780059,985,2224.0,123.53974377510372,32032.978217856147,72.0,98.0,1.5,-0.8,0.96,GOOD
1790977780059,986,2228.0,141.55951456992875,32004.44804650851,72.0,98.0,1.5,-0.8,0.96,GOOD
1790977780059,987,2225.5,151.9690902318843,32021.470800647123,72.0,98.0,1.5,-0.8,0.96,GOOD
1790977780059,988,2216.8,153.08841102393836,31997.58485511859,72.0,98.0,1.5,-0.8,0.96,GOOD
1790977780059,989,2202.1,146.97676280491743,31976.256013303453,72.0,98.0,1.5,-0.8,0.96,GOOD
1790977780059,990,2181.9,136.9021717078885,32030.601446932495,72.0,98.0,1.5,-0.8,0.96,GOOD
1790977780059,991,2157.0,123.3592177252894,32020.104848166713,72.0,98.0,1.5,-0.8,0.96,GOOD
1790977780059,992,2128.3,104.08053867542657,31950.521248739482,72.0,98.0,1.5,-0.8,0.96,GOOD
1790977780059,993,2096.7,77.88407911671325,31958.20095854875,72.0,98.0,1.5,-0.8,0.96,GOOD
1790977780059,994,2063.3,47.053297702083725,31981.45247756017,72.0,98.0,1.5,-0.8,0.96,GOOD
1790977780059,995,2060.4,16.430883856431294,32024.011524796937,72.0,98.0,1.5,-0.8,0.96,GOOD
1790977780059,996,2046.7,-9.059638291476709,32032.81981915473,72.0,98.0,1.5,-0.8,0.96,GOOD
1790977780059,997,2053.5,-27.067805952162715,32028.07172351421,72.0,98.0,1.5,-0.8,0.96,GOOD
1790977780059,998,2043.4,-37.72185005814676,32006.188705220706,72.0,98.0,1.5,-0.8,0.96,GOOD
1790977780059,999,1991.3,-44.05294433831327,32003.469546197917,72.0,98.0,1.5,-0.8,0.96,GOOD
1790977780059,1000,1875.4,-56.808799296247855,32034.39069849617,72.0,98.0,1.5,-0.8,0.96,GOOD
1790977785221,1001,1883.1,-88.65720789955283,32001.78053998471,72.0,98.0,1.5,-0.8,0.96,GOOD
1790977785221,1002,2053.7,-129.1842778835587,32038.675552273136,72.0,98.0,1.5,-0.8,0.96,GOOD
1790977785221,1003,2055.6,-144.18901896550108,32025.145295705683,72.0,98.0,1.5,-0.8,0.96,GOOD
1790977785221,1004,2035.1,-118.62107982904986,31983.910368004817,72.0,98.0,1.5,-0.8,0.96,GOOD
1790977785221,1005,2055.3,-72.07801344864804,32006.36932530965,72.0,98.0,1.5,-0.8,0.96,GOOD
1790977785221,1006,2056.4,-28.62603591965707,31982.047832190576,72.0,98.0,1.5,-0.8,0.96,GOOD
1790977785221,1007,2038.7,-2.524341986698298,32001.39959596758,72.0,98.0,1.5,-0.8,0.96,GOOD
1790977785221,1008,2054.1,-0.40783616111308607,31955.032640417143,72.0,98.0,1.5,-0.8,0.96,GOOD
1790977785221,1009,2036.9,-15.55254677249194,31961.941805054452,72.0,98.0,1.5,-0.8,0.96,GOOD
1790977785221,1010,2035.2,-31.134967003959414,32037.595611079487,72.0,98.0,1.5,-0.8,0.96,GOOD
1790977785221,1011,2058.9,-34.68439196608579,32032.497883848904,72.0,98.0,1.5,-0.8,0.96,GOOD
1790977785221,1012,2061.9,-26.37667065499012,32040.056977196728,72.0,98.0,1.5,-0.8,0.96,GOOD
1790977785221,1013,2033.6,-17.345542107611507,31961.55977843313,72.0,98.0,1.5,-0.8,0.96,GOOD
1790977785221,1014,2036.8,-17.676763538805226,31979.621328336394,72.0,98.0,1.5,-0.8,0.96,GOOD
1790977785221,1015,2055.2,-23.543282436639323,32008.384643847363,72.0,98.0,1.5,-0.8,0.96,GOOD
1790977785221,1016,2061.2,-23.38971974424773,31988.749694545568,72.0,98.0,1.5,-0.8,0.96,GOOD
1790977785221,1017,2058.1,-15.449560990401585,32014.93320061379,72.0,98.0,1.5,-0.8,0.96,GOOD
1790977785221,1018,2054.1,-8.846178714009755,31960.819503648185,72.0,98.0,1.5,-0.8,0.96,GOOD
1790977785221,1019,2056.6,-8.89233322728386,32034.78085504748,72.0,98.0,1.5,-0.8,0.96,GOOD
1790977785221,1020,2080.7,-9.812608771695343,32037.182174679914,72.0,98.0,1.5,-0.8,0.96,GOOD
1790977785221,1021,2104.6,-2.7874325789579713,31953.23423153503,72.0,98.0,1.5,-0.8,0.96,GOOD
1790977785221,1022,2128.1,13.394664189870342,31970.80226183041,72.0,98.0,1.5,-0.8,0.96,GOOD
1790977785221,1023,2151.3,33.150119369733204,31951.549380455574,72.0,98.0,1.5,-0.8,0.96,GOOD
1790977785221,1024,2173.8,53.23240040398042,32030.280979216423,72.0,98.0,1.5,-0.8,0.96,GOOD
1790977785221,1025,2195.6,75.56909766234479,32036.06250502956,72.0,98.0,1.5,-0.8,0.96,GOOD
1790977790385,1026,2362.1,106.83042794332778,31966.140944322564,72.0,98.0,1.5,-0.8,0.97,GOOD
1790977790385,1027,2356.6,154.66587073097307,31954.701281736663,72.0,98.0,1.5,-0.8,0.97,GOOD
1790977790385,1028,2349.4,211.5530650242948,32010.26484474508,72.0,98.0,1.5,-0.8,0.97,GOOD
1790977790385,1029,2340.4,256.3193207201962,32030.11081422814,72.0,98.0,1.5,-0.8,0.97,GOOD
1790977790385,1030,2329.8,277.42803688476874,32044.40792682358,72.0,98.0,1.5,-0.8,0.97,GOOD
1790977790385,1031,2317.6,276.6115987925244,32015.365061714932,72.0,98.0,1.5,-0.8,0.97,GOOD
1790977790385,1032,2303.9,258.4896588585926,32037.90700061159,72.0,98.0,1.5,-0.8,0.97,GOOD
1790977790385,1033,2288.7,229.80562173002303,32018.919411407816,72.0,98.0,1.5,-0.8,0.97,GOOD
1790977790385,1034,2272.1,201.17515943402702,31971.61125161999,72.0,98.0,1.5,-0.8,0.97,GOOD
1790977790385,1035,2254.2,181.10784689851454,31977.147800596482,72.0,98.0,1.5,-0.8,0.97,GOOD
1790977790385,1036,2235.2,168.188490029587,32025.88808784771,72.0,98.0,1.5,-0.8,0.97,GOOD
1790977790385,1037,2215.1,153.3187280807736,32015.48313066269,72.0,98.0,1.5,-0.8,0.97,GOOD
1790977790385,1038,2194.1,130.7110946938334,32011.698141875695,72.0,98.0,1.5,-0.8,0.97,GOOD
1790977790385,1039,2172.3,103.98865807784631,32020.53074040055,72.0,98.0,1.5,-0.8,0.97,GOOD
1790977790385,1040,2149.7,80.18880788290505,31996.8694073707,72.0,98.0,1.5,-0.8,0.97,GOOD
1790977790385,1041,2126.5,60.440415745589334,32000.364361800985,72.0,98.0,1.5,-0.8,0.97,GOOD
1790977790385,1042,2103.0,39.57915525556305,32020.52418169348,72.0,98.0,1.5,-0.8,0.97,GOOD
1790977790385,1043,2079.1,14.080447954973485,32037.8759571468,72.0,98.0,1.5,-0.8,0.97,GOOD
1790977790385,1044,2055.0,-13.149676742973291,32036.636487403895,72.0,98.0,1.5,-0.8,0.97,GOOD
1790977790385,1045,2040.1,-36.781823794558576,31992.85321531101,72.0,98.0,1.5,-0.8,0.97,GOOD
1790977790385,1046,2052.9,-54.236324130788674,32034.091708128628,72.0,98.0,1.5,-0.8,0.97,GOOD
1790977790385,1047,2035.5,-66.14106444204542,31955.023554843574,72.0,98.0,1.5,-0.8,0.97,GOOD
1790977790385,1048,2054.1,-73.77933021352703,31961.854979390715,72.0,98.0,1.5,-0.8,0.97,GOOD
1790977790385,1049,2053.7,-75.74664703929794,32002.86522689804,72.0,98.0,1.5,-0.8,0.97,GOOD
1790977790385,1050,2036.6,-71.07197343819223,32011.8162607964,72.0,98.0,1.5,-0.8,0.97,GOOD
1790977795549,1051,2050.6,-64.3930530771981,32039.236669462545,72.0,98.0,1.5,-0.8,0.97,GOOD
1790977795549,1052,2035.9,-61.63054357589184,31992.919166254662,72.0,98.0,1.5,-0.8,0.97,GOOD
1790977795549,1053,2054.4,-63.685848109902345,32024.964266493287,72.0,98.0,1.5,-0.8,0.97,GOOD
1790977795549,1054,2046.1,-66.22171823025192,31996.85691172188,72.0,98.0,1.5,-0.8,0.97,GOOD
1790977795549,1055,2039.5,-65.37811461866713,31971.28826913604,72.0,98.0,1.5,-0.8,0.97,GOOD
1790977795549,1056,2049.1,-62.303098334713304,31967.286863990023,72.0,98.0,1.5,-0.8,0.97,GOOD
1790977795549,1057,2061.4,-59.30531281230842,31951.70549908648,72.0,98.0,1.5,-0.8,0.97,GOOD
1790977795549,1058,2053.6,-56.44617749520188,32004.85765238409,72.0,98.0,1.5,-0.8,0.97,GOOD
1790977795549,1059,2045.9,-53.715459643985035,31981.777490631142,72.0,98.0,1.5,-0.8,0.97,GOOD
1790977795549,1060,2050.8,-51.72997331175591,32035.35714196729,72.0,98.0,1.5,-0.8,0.97,GOOD
1790977795549,1061,2041.2,-50.8652339206636,31997.43663235083,72.0,98.0,1.5,-0.8,0.97,GOOD
1790977795549,1062,2061.6,-51.248302508033476,32009.542697889112,72.0,98.0,1.5,-0.8,0.97,GOOD
1790977795549,1063,2045.3,-52.03020072779058,32014.576178956475,72.0,98.0,1.5,-0.8,0.97,GOOD
1790977795549,1064,2033.3,-52.76787551398133,32045.333631879956,72.0,98.0,1.5,-0.8,0.97,GOOD
1790977795549,1065,2047.8,-53.89207603815073,32028.312409998165,72.0,98.0,1.5,-0.8,0.97,GOOD
1790977795549,1066,2060.9,-53.752213783863304,31970.204986793677,72.0,98.0,1.5,-0.8,0.97,GOOD
1790977795549,1067,2042.8,-51.088290271911816,31964.553141374112,72.0,98.0,1.5,-0.8,0.97,GOOD
1790977795549,1068,2047.8,-48.47412279189802,32013.47758528335,72.0,98.0,1.5,-0.8,0.97,GOOD
1790977795549,1069,2045.1,-47.791056851737835,32011.575025340797,72.0,98.0,1.5,-0.8,0.97,GOOD
1790977795549,1070,2034.1,-48.08517304207163,32049.704683953227,72.0,98.0,1.5,-0.8,0.97,GOOD
1790977795549,1071,2061.2,-48.3797619957039,31952.784054521682,72.0,98.0,1.5,-0.8,0.97,GOOD
1790977795549,1072,2038.8,-48.02587257126308,31958.688268136484,72.0,98.0,1.5,-0.8,0.97,GOOD
1790977795549,1073,2058.4,-46.924956073563806,32006.167802645068,72.0,98.0,1.5,-0.8,0.97,GOOD
1790977795549,1074,2061.9,-44.29322150434946,31970.69575887902,72.0,98.0,1.5,-0.8,0.97,GOOD
1790977795549,1075,2042.5,-39.494671760697564,31969.868508499694,72.0,98.0,1.5,-0.8,0.97,GOOD
1790977800713,1076,2043.1,-35.88866290565886,32012.566151878196,72.0,98.0,1.5,-0.8,0.98,GOOD
1790977800713,1077,2045.4,-36.835929780216205,31989.551231410398,72.0,98.0,1.5,-0.8,0.98,GOOD
1790977800713,1078,2033.8,-41.137710783078475,31953.24714660624,72.0,98.0,1.5,-0.8,0.98,GOOD
1790977800713,1079,2040.5,-45.84666817119525,32045.746845239915,72.0,98.0,1.5,-0.8,0.98,GOOD
1790977800713,1080,2038.3,-48.67285414495335,32034.11271753166,72.0,98.0,1.5,-0.8,0.98,GOOD
1790977800713,1081,2053.6,-48.26956979200094,31959.731665708627,72.0,98.0,1.5,-0.8,0.98,GOOD
1790977800713,1082,2039.2,-45.02679244490377,31973.473007062843,72.0,98.0,1.5,-0.8,0.98,GOOD
1790977800713,1083,2033.3,-41.69743020627736,32000.649658833274,72.0,98.0,1.5,-0.8,0.98,GOOD
1790977800713,1084,2058.9,-40.107981986978416,32049.066648381995,72.0,98.0,1.5,-0.8,0.98,GOOD
1790977800713,1085,2045.3,-38.41450882756858,31955.7135039077,72.0,98.0,1.5,-0.8,0.98,GOOD
1790977800713,1086,2053.5,-35.477249063841704,31972.6744274372,72.0,98.0,1.5,-0.8,0.98,GOOD
1790977800713,1087,2033.1,-33.2199868751902,32038.857472360334,72.0,98.0,1.5,-0.8,0.98,GOOD
1790977800713,1088,2038.0,-33.513896966137054,32030.230295207646,72.0,98.0,1.5,-0.8,0.98,GOOD
1790977800713,1089,2059.0,-35.144897911125845,31957.596875826443,72.0,98.0,1.5,-0.8,0.98,GOOD
1790977800713,1090,2054.5,-34.613522927951394,31960.99082706353,72.0,98.0,1.5,-0.8,0.98,GOOD
1790977800713,1091,2056.0,-31.054796536574646,31961.27179552852,72.0,98.0,1.5,-0.8,0.98,GOOD
1790977800713,1092,2035.8,-27.261704069985864,31998.75485507701,72.0,98.0,1.5,-0.8,0.98,GOOD
1790977800713,1093,2035.8,-26.220158763814254,32035.5380592769,72.0,98.0,1.5,-0.8,0.98,GOOD
1790977800713,1094,2037.5,-28.66688082170578,32019.059146519696,72.0,98.0,1.5,-0.8,0.98,GOOD
1790977800713,1095,2035.5,-33.260679601114425,32021.206347665357,72.0,98.0,1.5,-0.8,0.98,GOOD
1790977800713,1096,2039.6,-38.00324871223512,31968.828254156797,72.0,98.0,1.5,-0.8,0.98,GOOD
1790977800713,1097,2048.5,-39.982800753438795,31961.842516117005,72.0,98.0,1.5,-0.8,0.98,GOOD
1790977800713,1098,2042.3,-36.82219360978037,32016.79760897344,72.0,98.0,1.5,-0.8,0.98,GOOD
1790977800713,1099,2047.0,-30.291939348806963,31987.45254863761,72.0,98.0,1.5,-0.8,0.98,GOOD
1790977800713,1100,2038.1,-25.30737854051216,32020.452700944566,72.0,98.0,1.5,-0.8,0.98,GOOD
1790977805875,1101,2047.2,-24.722970079868368,31994.28689942195,72.0,98.0,1.5,-0.8,1.01,GOOD
1790977805875,1102,2060.3,-25.845536179816886,32029.35111069235,72.0,98.0,1.5,-0.8,1.01,GOOD
1790977805875,1103,2033.2,-24.541130102269893,32017.911330776264,72.0,98.0,1.5,-0.8,1.01,GOOD
1790977805875,1104,2034.1,-22.364612144207214,31962.926107805302,72.0,98.0,1.5,-0.8,1.01,GOOD
1790977805875,1105,2046.3,-23.076369892702004,32002.965960993497,72.0,98.0,1.5,-0.8,1.01,GOOD
1790977805875,1106,2038.0,-25.968771970566834,31985.872344110863,72.0,98.0,1.5,-0.8,1.01,GOOD
1790977805875,1107,2061.8,-27.448154810762887,31955.23287773789,72.0,98.0,1.5,-0.8,1.01,GOOD
1790977805875,1108,2073.8,-23.592796945376293,32040.616512921093,72.0,98.0,1.5,-0.8,1.01,GOOD
1790977805875,1109,2106.8,-11.864235863779415,31959.213852816447,72.0,98.0,1.5,-0.8,1.01,GOOD
1790977805875,1110,2137.6,7.412957099864412,32015.697572507368,72.0,98.0,1.5,-0.8,1.01,GOOD
1790977805875,1111,2165.3,32.22165104747361,31987.10804273214,72.0,98.0,1.5,-0.8,1.01,GOOD
1790977805875,1112,2188.8,60.11257676928234,31969.414946552493,72.0,98.0,1.5,-0.8,1.01,GOOD
1790977805875,1113,2207.3,88.50429049190326,32039.832898615725,72.0,98.0,1.5,-0.8,1.01,GOOD
1790977805875,1114,2220.2,114.35319516516171,32045.947245461146,72.0,98.0,1.5,-0.8,1.01,GOOD
1790977805875,1115,2227.0,134.23797290053358,31968.269383357005,72.0,98.0,1.5,-0.8,1.01,GOOD
1790977805875,1116,2227.4,146.0211280562844,32033.557652204498,72.0,98.0,1.5,-0.8,1.01,GOOD
1790977805875,1117,2221.5,150.1658372293071,31957.569284615147,72.0,98.0,1.5,-0.8,1.01,GOOD
1790977805875,1118,2209.4,148.58300317299708,32032.48566539886,72.0,98.0,1.5,-0.8,1.01,GOOD
1790977805875,1119,2191.7,142.15143493823723,32033.292751986,72.0,98.0,1.5,-0.8,1.01,GOOD
1790977805875,1120,2168.8,129.98681335896975,31983.17686766331,72.0,98.0,1.5,-0.8,1.01,GOOD
1790977805875,1121,2141.6,111.233776357791,32016.4305719945,72.0,98.0,1.5,-0.8,1.01,GOOD
1790977805875,1122,2111.2,86.84007781979656,32002.16182773039,72.0,98.0,1.5,-0.8,1.01,GOOD
1790977805875,1123,2078.5,58.98288178298145,32047.26560941207,72.0,98.0,1.5,-0.8,1.01,GOOD
1790977805875,1124,2061.1,29.745561053076674,31951.680447816692,72.0,98.0,1.5,-0.8,1.01,GOOD
1790977805875,1125,2058.4,1.8801655856305326,32003.5077249903,72.0,98.0,1.5,-0.8,1.01,GOOD
1790977811034,1126,1986.8,-23.17767664489018,31966.4040975119,72.0,98.0,1.5,-0.8,0.98,GOOD
1790977811034,1127,1828.4,-54.26800592144461,32004.714279927965,72.0,98.0,1.5,-0.8,0.98,GOOD
1790977811034,1128,1724.3,-109.28697145353044,32015.264730541425,72.0,98.0,1.5,-0.8,0.98,GOOD
1790977811034,1129,1700.2,-193.1669352603318,32012.923104769114,72.0,98.0,1.5,-0.8,0.98,GOOD
1790977811034,1130,1762.2,-282.8903752568909,32005.080599103072,72.0,98.0,1.5,-0.8,0.98,GOOD
1790977811034,1131,1894.9,-338.7994583330863,31988.820734034594,72.0,98.0,1.5,-0.8,0.98,GOOD
1790977811034,1132,2034.3,-327.27754499345036,31984.867102017797,72.0,98.0,1.5,-0.8,0.98,GOOD
1790977811034,1133,2048.2,-244.14534995646014,31995.092742015622,72.0,98.0,1.5,-0.8,0.98,GOOD
1790977811034,1134,2059.6,-125.15759008970973,31963.11470812731,72.0,98.0,1.5,-0.8,0.98,GOOD
1790977811034,1135,2043.9,-23.392953361054943,32038.26398352839,72.0,98.0,1.5,-0.8,0.98,GOOD
1790977811034,1136,2059.6,27.83746633109385,32004.02591075899,72.0,98.0,1.5,-0.8,0.98,GOOD
1790977811034,1137,2061.8,30.851767030947144,32007.91354858529,72.0,98.0,1.5,-0.8,0.98,GOOD
1790977811034,1138,2059.6,11.638211341875055,31993.971824466928,72.0,98.0,1.5,-0.8,0.98,GOOD
1790977811034,1139,2036.7,-4.849402935915282,32041.81009136201,72.0,98.0,1.5,-0.8,0.98,GOOD
1790977811034,1140,2047.2,-10.239020526076587,31979.395976789812,72.0,98.0,1.5,-0.8,0.98,GOOD
1790977811034,1141,2040.0,-9.725520391152175,31987.919847993748,72.0,98.0,1.5,-0.8,0.98,GOOD
1790977811034,1142,2059.6,-10.200763351249487,32036.19083783059,72.0,98.0,1.5,-0.8,0.98,GOOD
1790977811034,1143,2042.2,-12.253501732784422,32020.936382178425,72.0,98.0,1.5,-0.8,0.98,GOOD
1790977811034,1144,2061.4,-11.627325386238917,31989.110753570174,72.0,98.0,1.5,-0.8,0.98,GOOD
1790977811034,1145,2042.0,-6.264427012851167,32041.221461171626,72.0,98.0,1.5,-0.8,0.98,GOOD
1790977811034,1146,2040.1,-0.9643072029079618,32005.565443780826,72.0,98.0,1.5,-0.8,0.98,GOOD
1790977811034,1147,2047.3,-2.0972373333345096,32035.05571180758,72.0,98.0,1.5,-0.8,0.98,GOOD
1790977811034,1148,2037.9,-8.647135975284137,32007.750912782903,72.0,98.0,1.5,-0.8,0.98,GOOD
1790977811034,1149,2058.4,-13.410402752978287,31980.030304209577,72.0,98.0,1.5,-0.8,0.98,GOOD
1790977811034,1150,2082.5,-9.847694463166071,31991.14744075794,72.0,98.0,1.5,-0.8,0.98,GOOD
1790977816196,1151,2360.3,13.35346158975593,31978.2380804834,72.0,98.0,1.5,-0.8,1.01,GOOD
1790977816196,1152,2364.7,73.85960610493186,31958.558537598037,72.0,98.0,1.5,-0.8,1.01,GOOD
1790977816196,1153,2367.2,166.57788316026097,31965.890259866635,72.0,98.0,1.5,-0.8,1.01,GOOD
1790977816196,1154,2368.0,256.6108146176977,32013.394425996827,72.0,98.0,1.5,-0.8,1.01,GOOD
1790977816196,1155,2366.9,315.08119688648696,32012.38168816347,72.0,98.0,1.5,-0.8,1.01,GOOD
1790977816196,1156,2364.0,334.43886559793486,32005.400935957157,72.0,98.0,1.5,-0.8,1.01,GOOD
1790977816196,1157,2359.4,320.5822107490975,32019.099118094924,72.0,98.0,1.5,-0.8,1.01,GOOD
1790977816196,1158,2352.9,289.9096597025414,32010.4535667697,72.0,98.0,1.5,-0.8,1.01,GOOD
1790977816196,1159,2344.7,263.39327974353563,32039.871142515658,72.0,98.0,1.5,-0.8,1.01,GOOD
1790977816196,1160,2334.8,252.51954737823186,32001.705268477774,72.0,98.0,1.5,-0.8,1.01,GOOD
1790977816196,1161,2323.4,250.87403865113788,32049.418629135278,72.0,98.0,1.5,-0.8,1.01,GOOD
1790977816196,1162,2310.3,243.55382756317823,32011.191461472514,72.0,98.0,1.5,-0.8,1.01,GOOD
1790977816196,1163,2295.7,224.57306274808477,32010.650045875354,72.0,98.0,1.5,-0.8,1.01,GOOD
1790977816196,1164,2279.8,201.67496216817221,31988.211264468693,72.0,98.0,1.5,-0.8,1.01,GOOD
1790977816196,1165,2262.5,184.19748561166608,32046.169872648617,72.0,98.0,1.5,-0.8,1.01,GOOD
1790977816196,1166,2244.0,170.96512024999387,32010.57982017685,72.0,98.0,1.5,-0.8,1.01,GOOD
1790977816196,1167,2224.4,153.43132303534557,32022.915826709894,72.0,98.0,1.5,-0.8,1.01,GOOD
1790977816196,1168,2203.8,128.1659350516232,31986.01778472192,72.0,98.0,1.5,-0.8,1.01,GOOD
1790977816196,1169,2182.3,101.27712771555402,31989.32530249963,72.0,98.0,1.5,-0.8,1.01,GOOD
1790977816196,1170,2160.0,79.68696705712253,32015.934574639934,72.0,98.0,1.5,-0.8,1.01,GOOD
1790977816196,1171,2137.1,62.008074744469496,31954.342501767198,72.0,98.0,1.5,-0.8,1.01,GOOD
1790977816196,1172,2113.7,41.159624276476094,32042.76338781552,72.0,98.0,1.5,-0.8,1.01,GOOD
1790977816196,1173,2089.9,14.287073973647447,32025.599253494576,72.0,98.0,1.5,-0.8,1.01,GOOD
1790977816196,1174,2065.9,-13.697662397989337,31966.087671338,72.0,98.0,1.5,-0.8,1.01,GOOD
1790977816196,1175,2058.3,-36.388678220034606,32018.570287592745,72.0,98.0,1.5,-0.8,1.01,GOOD
1790977821359,1176,2038.3,-52.95808154624646,32001.27679739913,72.0,98.0,1.5,-0.8,1.0,GOOD
1790977821359,1177,2061.5,-66.61673402610057,31990.805257375236,72.0,98.0,1.5,-0.8,1.0,GOOD
1790977821359,1178,2036.1,-77.7976229047652,31966.22749111078,72.0,98.0,1.5,-0.8,1.0,GOOD
1790977821359,1179,2048.8,-83.79845016303565,31996.45484468406,72.0,98.0,1.5,-0.8,1.0,GOOD
1790977821359,1180,2034.7,-83.43520572750569,32021.360666259203,72.0,98.0,1.5,-0.8,1.0,GOOD
1790977821359,1181,2035.2,-79.99608454169561,31989.634923563608,72.0,98.0,1.5,-0.8,1.0,GOOD
1790977821359,1182,2058.2,-78.29056729251603,32022.97385302628,72.0,98.0,1.5,-0.8,1.0,GOOD
1790977821359,1183,2062.6,-77.82655046269412,32045.09454401752,72.0,98.0,1.5,-0.8,1.0,GOOD
1790977821359,1184,2035.0,-75.27393587191352,31967.576979812,72.0,98.0,1.5,-0.8,1.0,GOOD
1790977821359,1185,2040.4,-71.40890735406921,31989.827959401715,72.0,98.0,1.5,-0.8,1.0,GOOD
1790977821359,1186,2035.9,-69.34502668474025,31971.743779261957,72.0,98.0,1.5,-0.8,1.0,GOOD
1790977821359,1187,2052.5,-70.30834413343992,32022.073662514944,72.0,98.0,1.5,-0.8,1.0,GOOD
1790977821359,1188,2053.8,-72.55910415990195,32012.18156874283,72.0,98.0,1.5,-0.8,1.0,GOOD
1790977821359,1189,2052.3,-72.58119492840339,32039.717859109154,72.0,98.0,1.5,-0.8,1.0,GOOD
1790977821359,1190,2053.1,-68.30690930520282,32025.626094257626,72.0,98.0,1.5,-0.8,1.0,GOOD
1790977821359,1191,2035.1,-61.95605947994374,32021.734844585524,72.0,98.0,1.5,-0.8,1.0,GOOD
1790977821359,1192,2038.1,-59.23772439208203,31969.332155150427,72.0,98.0,1.5,-0.8,1.0,GOOD
1790977821359,1193,2051.0,-62.6851217936396,31964.466304621626,72.0,98.0,1.5,-0.8,1.0,GOOD
1790977821359,1194,2054.3,-67.46043402546911,32007.97489601846,72.0,98.0,1.5,-0.8,1.0,GOOD
1790977821359,1195,2054.9,-67.21970195708889,32018.95014675776,72.0,98.0,1.5,-0.8,1.0,GOOD
1790977821359,1196,2039.2,-61.63593067709763,31964.81636181465,72.0,98.0,1.5,-0.8,1.0,GOOD
1790977821359,1197,2050.6,-55.95838327637583,31989.612691203663,72.0,98.0,1.5,-0.8,1.0,GOOD
1790977821359,1198,2038.6,-54.65795496114596,31967.129902202978,72.0,98.0,1.5,-0.8,1.0,GOOD
1790977821359,1199,2057.9,-57.27345568105638,31979.69075930952,72.0,98.0,1.5,-0.8,1.0,GOOD
1790977821359,1200,2054.6,-59.15919441265529,32035.42080524689,72.0,98.0,1.5,-0.8,1.0,GOOD
1790977826524,1201,2050.8,-56.666980331838516,31991.60288805626,72.0,98.0,1.5,-0.8,0.96,GOOD
1790977826524,1202,2038.5,-51.940061091442615,32012.579637280865,72.0,98.0,1.5,-0.8,0.96,GOOD
1790977826524,1203,2041.0,-50.144138990562055,31980.369173382893,72.0,98.0,1.5,-0.8,0.96,GOOD
1790977826524,1204,2045.3,-52.9600367211583,32031.541805683213,72.0,98.0,1.5,-0.8,0.96,GOOD
1790977826524,1205,2036.5,-57.43301133942494,32001.67507462346,72.0,98.0,1.5,-0.8,0.96,GOOD
1790977826524,1206,2047.0,-59.86482826133441,32011.285375903844,72.0,98.0,1.5,-0.8,0.96,GOOD
1790977826524,1207,2039.9,-58.65420909204948,31999.92545694875,72.0,98.0,1.5,-0.8,0.96,GOOD
1790977826524,1208,2037.9,-55.54446270448706,32026.199586251147,72.0,98.0,1.5,-0.8,0.96,GOOD
1790977826524,1209,2050.9,-53.54472760406002,32028.060934657162,72.0,98.0,1.5,-0.8,0.96,GOOD
1790977826524,1210,2061.2,-52.120656818646935,32040.639344996172,72.0,98.0,1.5,-0.8,0.96,GOOD
1790977826524,1211,2052.7,-48.417065052399906,31976.295663041736,72.0,98.0,1.5,-0.8,0.96,GOOD
1790977826524,1212,2040.8,-43.00826775463834,32004.28584725933,72.0,98.0,1.5,-0.8,0.96,GOOD
1790977826524,1213,2050.6,-39.536903229747885,31958.691960303804,72.0,98.0,1.5,-0.8,0.96,GOOD
1790977826524,1214,2059.4,-39.17990343978588,31968.81310440638,72.0,98.0,1.5,-0.8,0.96,GOOD
1790977826524,1215,2036.6,-40.53803059438869,32027.241017201202,72.0,98.0,1.5,-0.8,0.96,GOOD
1790977826524,1216,2036.4,-43.25750102376536,32005.43095340445,72.0,98.0,1.5,-0.8,0.96,GOOD
1790977826524,1217,2033.1,-46.79224480623113,32021.95737918565,72.0,98.0,1.5,-0.8,0.96,GOOD
1790977826524,1218,2057.7,-48.61473176971542,31969.221018188957,72.0,98.0,1.5,-0.8,0.96,GOOD
1790977826524,1219,2054.6,-46.72858049370102,31982.432226478217,72.0,98.0,1.5,-0.8,0.96,GOOD
1790977826524,1220,2060.3,-42.000120316288665,31976.198698517383,72.0,98.0,1.5,-0.8,0.96,GOOD
1790977826524,1221,2052.9,-36.4580615433463,31976.781654633352,72.0,98.0,1.5,-0.8,0.96,GOOD
1790977826524,1222,2057.5,-31.00091822585647,31994.454136983582,72.0,98.0,1.5,-0.8,0.96,GOOD
1790977826524,1223,2054.9,-26.458286280897568,32044.059490390766,72.0,98.0,1.5,-0.8,0.96,GOOD
1790977826524,1224,2057.1,-24.694205689866518,32030.529079921936,72.0,98.0,1.5,-0.8,0.96,GOOD
1790977826524,1225,2053.6,-26.566380276795748,32000.631381661922,72.0,98.0,1.5,-0.8,0.96,GOOD
1790977831687,1226,2055.6,-29.717815188146066,32034.69153740731,72.0,98.0,1.5,-0.8,1.02,GOOD
1790977831687,1227,2049.9,-30.60673548333624,31993.831031733127,72.0,98.0,1.5,-0.8,1.02,GOOD
1790977831687,1228,2061.7,-28.452738584106395,31965.29995780152,72.0,98.0,1.5,-0.8,1.02,GOOD
1790977831687,1229,2042.8,-26.10247056784773,32035.217437496707,72.0,98.0,1.5,-0.8,1.02,GOOD
1790977831687,1230,2054.7,-26.853433188449625,31968.950560955334,72.0,98.0,1.5,-0.8,1.02,GOOD
1790977831687,1231,2056.6,-29.49498439396573,31996.248657839828,72.0,98.0,1.5,-0.8,1.02,GOOD
1790977831687,1232,2058.4,-29.40587622756665,32019.06561183784,72.0,98.0,1.5,-0.8,1.02,GOOD
1790977831687,1233,2059.9,-25.330552930904016,31994.344469949683,72.0,98.0,1.5,-0.8,1.02,GOOD
1790977831687,1234,2062.3,-20.547524266346997,32031.153279358507,72.0,98.0,1.5,-0.8,1.02,GOOD
1790977831687,1235,2057.3,-18.24320897990264,32030.437585568987,72.0,98.0,1.5,-0.8,1.02,GOOD
1790977831687,1236,2034.3,-19.386436001534854,31987.73327655066,72.0,98.0,1.5,-0.8,1.02,GOOD
1790977831687,1237,2040.7,-23.507725723040366,31958.46667239912,72.0,98.0,1.5,-0.8,1.02,GOOD
1790977831687,1238,2067.4,-27.705615704128025,31957.626983894126,72.0,98.0,1.5,-0.8,1.02,GOOD
1790977831687,1239,2100.6,-26.460459679705096,31961.953612868325,72.0,98.0,1.5,-0.8,1.02,GOOD
1790977831687,1240,2131.9,-15.05849115618211,31951.316444608703,72.0,98.0,1.5,-0.8,1.02,GOOD
1790977831687,1241,2160.3,7.843255612212351,31977.810530942148,72.0,98.0,1.5,-0.8,1.02,GOOD
1790977831687,1242,2184.6,39.761254415977305,31958.854409288808,72.0,98.0,1.5,-0.8,1.02,GOOD
1790977831687,1243,2204.2,74.43915158914038,31983.622028482045,72.0,98.0,1.5,-0.8,1.02,GOOD
1790977831687,1244,2218.2,103.97941524995454,31987.607457473634,72.0,98.0,1.5,-0.8,1.02,GOOD
1790977831687,1245,2226.2,123.44124370803272,31993.554965045074,72.0,98.0,1.5,-0.8,1.02,GOOD
1790977831687,1246,2227.8,133.65509643561876,32029.35925477878,72.0,98.0,1.5,-0.8,1.02,GOOD
1790977831687,1247,2223.1,138.59843690191047,32034.850150202077,72.0,98.0,1.5,-0.8,1.02,GOOD
1790977831687,1248,2212.2,140.11209533501187,32045.47067941772,72.0,98.0,1.5,-0.8,1.02,GOOD
1790977831687,1249,2195.5,136.1486362718669,32038.87102267975,72.0,98.0,1.5,-0.8,1.02,GOOD
1790977831687,1250,2173.5,124.18102385602823,32003.90309909044,72.0,98.0,1.5,-0.8,1.02,GOOD
1790977836997,1251,2264.3,109.52294313066047,31958.602686495662,72.0,98.0,1.5,-0.8,0.97,GOOD
1790977836997,1252,2281.4,107.50875372021149,31991.70029379703,72.0,98.0,1.5,-0.8,0.97,GOOD
1790977836997,1253,2297.3,126.58901169382054,32000.733282508685,72.0,98.0,1.5,-0.8,0.97,GOOD
1790977836997,1254,2311.7,157.50156904458206,32017.27641106313,72.0,98.0,1.5,-0.8,0.97,GOOD
1790977836997,1255,2324.6,186.37301343594902,32022.457302786348,72.0,98.0,1.5,-0.8,0.97,GOOD
1790977836997,1256,2335.9,206.4606486296247,32040.261834472312,72.0,98.0,1.5,-0.8,0.97,GOOD
1790977836997,1257,2345.6,217.4434509988792,32025.39029824854,72.0,98.0,1.5,-0.8,0.97,GOOD
1790977836997,1258,2353.6,222.04616417224287,32019.73898451842,72.0,98.0,1.5,-0.8,0.97,GOOD
1790977836997,1259,2359.9,223.8975596795178,31960.253779273684,72.0,98.0,1.5,-0.8,0.97,GOOD
1790977836997,1260,2364.4,225.90368166098824,32031.647089618134,72.0,98.0,1.5,-0.8,0.97,GOOD
1790977836997,1261,2367.1,228.72053110230735,31953.170156475477,72.0,98.0,1.5,-0.8,0.97,GOOD
1790977836997,1262,2368.0,230.71763120320864,32043.2528931655,72.0,98.0,1.5,-0.8,0.97,GOOD
1790977836997,1263,2367.1,229.96184696737757,31970.038343263728,72.0,98.0,1.5,-0.8,0.97,GOOD
1790977836997,1264,2364.3,226.2160492727269,32028.29833831977,72.0,98.0,1.5,-0.8,0.97,GOOD
1790977836997,1265,2359.8,220.73030200001608,32024.33751256149,72.0,98.0,1.5,-0.8,0.97,GOOD
1790977836997,1266,2353.5,214.35842429347804,32000.991052064284,72.0,98.0,1.5,-0.8,0.97,GOOD
1790977836997,1267,2345.4,206.54864593358766,31996.787505989512,72.0,98.0,1.5,-0.8,0.97,GOOD
1790977836997,1268,2335.7,196.37880363688157,31996.559709236084,72.0,98.0,1.5,-0.8,0.97,GOOD
1790977836997,1269,2324.3,184.0100362372139,31956.756583831233,72.0,98.0,1.5,-0.8,0.97,GOOD
1790977836997,1270,2311.4,170.51230156112626,32001.360066725134,72.0,98.0,1.5,-0.8,0.97,GOOD
1790977836997,1271,2296.9,156.41881928474876,31956.06245877113,72.0,98.0,1.5,-0.8,0.97,GOOD
1790977836997,1272,2281.1,141.10952282556713,31961.9244451215,72.0,98.0,1.5,-0.8,0.97,GOOD
1790977836997,1273,2263.9,123.84084904916521,31979.586816909396,72.0,98.0,1.5,-0.8,0.97,GOOD
1790977836997,1274,2245.5,104.90430499082078,31988.401979224283,72.0,98.0,1.5,-0.8,0.97,GOOD
1790977836997,1275,2226.0,85.30911921125124,31997.14380723608,72.0,98.0,1.5,-0.8,0.97,GOOD
1790977842158,1276,2037.2,58.891310089693384,31959.375642694424,72.0,98.0,1.5,-0.8,0.97,GOOD
1790977842158,1277,2058.8,12.056264107699098,32026.039984475723,72.0,98.0,1.5,-0.8,0.97,GOOD
1790977842158,1278,2038.1,-52.57379335599423,32009.513594425844,72.0,98.0,1.5,-0.8,0.97,GOOD
1790977842158,1279,2041.8,-112.07954221752551,32043.036436079474,72.0,98.0,1.5,-0.8,0.97,GOOD
1790977842158,1280,2058.7,-148.20692730444466,32018.443553883397,72.0,98.0,1.5,-0.8,0.97,GOOD
1790977842158,1281,2046.0,-157.33121231880773,32016.953096079218,72.0,98.0,1.5,-0.8,0.97,GOOD
1790977842158,1282,2046.2,-147.13716904403987,31987.62033157636,72.0,98.0,1.5,-0.8,0.97,GOOD
1790977842158,1283,2049.1,-131.1773881685596,32039.490653952602,72.0,98.0,1.5,-0.8,0.97,GOOD
1790977842158,1284,2053.0,-120.41249334776361,31951.836884453623,72.0,98.0,1.5,-0.8,0.97,GOOD
1790977842158,1285,2058.3,-118.0654575843631,31953.816139445684,72.0,98.0,1.5,-0.8,0.97,GOOD
1790977842158,1286,2037.4,-120.52324398129802,32015.591059153077,72.0,98.0,1.5,-0.8,0.97,GOOD
1790977842158,1287,2050.2,-122.56905715164977,31990.084560070616,72.0,98.0,1.5,-0.8,0.97,GOOD
1790977842158,1288,2059.7,-121.00115016766053,31994.707070008408,72.0,98.0,1.5,-0.8,0.97,GOOD
1790977842158,1289,2059.5,-116.26216445083615,32001.845029146036,72.0,98.0,1.5,-0.8,0.97,GOOD
1790977842158,1290,2039.8,-112.61734241889029,31972.30371445354,72.0,98.0,1.5,-0.8,0.97,GOOD
1790977842158,1291,2047.4,-112.98225126746198,31993.52859672449,72.0,98.0,1.5,-0.8,0.97,GOOD
1790977842158,1292,2042.2,-114.69806464444451,31985.087141936092,72.0,98.0,1.5,-0.8,0.97,GOOD
1790977842158,1293,2062.1,-113.76671520182309,32018.286781994946,72.0,98.0,1.5,-0.8,0.97,GOOD
1790977842158,1294,2057.9,-110.03420157463457,31955.244300399707,72.0,98.0,1.5,-0.8,0.97,GOOD
1790977842158,1295,2052.1,-106.36951121493891,31960.899251062176,72.0,98.0,1.5,-0.8,0.97,GOOD
1790977842158,1296,2058.3,-104.1230204994624,31971.434938178725,72.0,98.0,1.5,-0.8,0.97,GOOD
1790977842158,1297,2057.0,-101.16751161114254,31968.369039765443,72.0,98.0,1.5,-0.8,0.97,GOOD
1790977842158,1298,2045.3,-96.9766319860421,31974.766588161037,72.0,98.0,1.5,-0.8,0.97,GOOD
1790977842158,1299,2053.2,-95.22655134834575,31997.468590630633,72.0,98.0,1.5,-0.8,0.97,GOOD
1790977842158,1300,2044.8,-97.90232421075748,31951.108501131082,72.0,98.0,1.5,-0.8,0.97,GOOD
1790977847318,1301,2060.7,-101.48722788426052,32016.83762094105,72.0,98.0,1.5,-0.8,1.01,GOOD
1790977847318,1302,2053.6,-100.81519722289268,31988.71988264,72.0,98.0,1.5,-0.8,1.01,GOOD
1790977847318,1303,2043.0,-95.90810697689791,31981.087910230817,72.0,98.0,1.5,-0.8,1.01,GOOD
1790977847318,1304,2048.9,-92.22102497169587,31993.93062121956,72.0,98.0,1.5,-0.8,1.01,GOOD
1790977847318,1305,2045.6,-92.89825150379706,31963.300530959255,72.0,98.0,1.5,-0.8,1.01,GOOD
1790977847318,1306,2036.6,-95.97675939896965,32031.34913747393,72.0,98.0,1.5,-0.8,1.01,GOOD
1790977847318,1307,2062.2,-97.61486891464628,31988.8906040285,72.0,98.0,1.5,-0.8,1.01,GOOD
1790977847318,1308,2047.5,-95.04531951374207,32021.17897146387,72.0,98.0,1.5,-0.8,1.01,GOOD
1790977847318,1309,2051.7,-89.90093535943674,31982.073243911193,72.0,98.0,1.5,-0.8,1.01,GOOD
1790977847318,1310,2044.5,-86.39881215489493,31983.24748473299,72.0,98.0,1.5,-0.8,1.01,GOOD
1790977847318,1311,2057.9,-85.32404139119456,32016.36617340396,72.0,98.0,1.5,-0.8,1.01,GOOD
1790977847318,1312,2035.7,-84.66586761910284,31963.586181324863,72.0,98.0,1.5,-0.8,1.01,GOOD
1790977847318,1313,2036.6,-84.68922339424633,32008.3743165335,72.0,98.0,1.5,-0.8,1.01,GOOD
1790977847318,1314,2034.5,-87.08147155986083,32040.649891249966,72.0,98.0,1.5,-0.8,1.01,GOOD
1790977847318,1315,2058.8,-90.0915548180411,32014.4186414895,72.0,98.0,1.5,-0.8,1.01,GOOD
1790977847318,1316,2036.2,-89.97258236134047,32042.571043951666,72.0,98.0,1.5,-0.8,1.01,GOOD
1790977847318,1317,2036.0,-87.00607658322372,31952.88828465714,72.0,98.0,1.5,-0.8,1.01,GOOD
1790977847318,1318,2049.9,-84.02461453776655,32004.992685148027,72.0,98.0,1.5,-0.8,1.01,GOOD
1790977847318,1319,2035.1,-81.75347913034655,31984.678298732135,72.0,98.0,1.5,-0.8,1.01,GOOD
1790977847318,1320,2054.5,-80.04830679569156,31962.89101777144,72.0,98.0,1.5,-0.8,1.01,GOOD
1790977847318,1321,2043.5,-78.45394295727085,31992.024238516886,72.0,98.0,1.5,-0.8,1.01,GOOD
1790977847318,1322,2044.9,-76.25700698852091,32047.19350342655,72.0,98.0,1.5,-0.8,1.01,GOOD
1790977847318,1323,2038.2,-74.0521392827951,31988.750534884748,72.0,98.0,1.5,-0.8,1.01,GOOD
1790977847318,1324,2035.8,-73.15096575187673,31956.430670166086,72.0,98.0,1.5,-0.8,1.01,GOOD
1790977847318,1325,2052.1,-73.65969654599829,32029.858963223163,72.0,98.0,1.5,-0.8,1.01,GOOD
1790977852480,1326,2056.3,-73.24208983582383,32044.860885073664,72.0,98.0,1.5,-0.8,0.96,GOOD
1790977852480,1327,2037.0,-70.3054183322396,31989.291971471703,72.0,98.0,1.5,-0.8,0.96,GOOD
1790977852480,1328,2044.0,-66.8515932529327,32000.714539742246,72.0,98.0,1.5,-0.8,0.96,GOOD
1790977852480,1329,2037.4,-65.09288783191792,31967.586546270606,72.0,98.0,1.5,-0.8,0.96,GOOD
1790977852480,1330,2054.1,-64.81424902125947,31983.982439245898,72.0,98.0,1.5,-0.8,0.96,GOOD
1790977852480,1331,2051.3,-64.39409786254845,32022.437042005356,72.0,98.0,1.5,-0.8,0.96,GOOD
1790977852480,1332,2033.9,-63.20281739432828,32012.14777236096,72.0,98.0,1.5,-0.8,0.96,GOOD
1790977852480,1333,2061.2,-61.57375455394847,32049.106443110748,72.0,98.0,1.5,-0.8,0.96,GOOD
1790977852480,1334,2054.9,-58.15527620471761,32011.65755963545,72.0,98.0,1.5,-0.8,0.96,GOOD
1790977852480,1335,2051.9,-52.89788272240663,31992.15721251713,72.0,98.0,1.5,-0.8,0.96,GOOD
1790977852480,1336,2056.8,-49.01356980418499,32042.27706661322,72.0,98.0,1.5,-0.8,0.96,GOOD
1790977852480,1337,2049.0,-47.92173281302863,32035.553471676816,72.0,98.0,1.5,-0.8,0.96,GOOD
1790977852480,1338,2040.2,-48.46753106093782,32023.542238081638,72.0,98.0,1.5,-0.8,0.96,GOOD
1790977852480,1339,2056.2,-49.429278427908265,31996.750538470125,72.0,98.0,1.5,-0.8,0.96,GOOD
1790977852480,1340,2038.3,-50.09423389809406,32014.469804811808,72.0,98.0,1.5,-0.8,0.96,GOOD
1790977852480,1341,2033.4,-51.65949774741314,31977.33582603529,72.0,98.0,1.5,-0.8,0.96,GOOD
1790977852480,1342,2034.3,-55.345601868261056,32019.860870414952,72.0,98.0,1.5,-0.8,0.96,GOOD
1790977852480,1343,2047.0,-58.591405209070714,31955.677736804962,72.0,98.0,1.5,-0.8,0.96,GOOD
1790977852480,1344,2037.2,-58.13706896756495,32040.81595012497,72.0,98.0,1.5,-0.8,0.96,GOOD
1790977852480,1345,2040.3,-55.081519933677534,31950.298264403387,72.0,98.0,1.5,-0.8,0.96,GOOD
1790977852480,1346,2047.1,-52.32317479387242,32012.43812234547,72.0,98.0,1.5,-0.8,0.96,GOOD
1790977852480,1347,2056.3,-49.5997560558803,32033.04513589529,72.0,98.0,1.5,-0.8,0.96,GOOD
1790977852480,1348,2067.2,-44.46002108183017,31959.917941785876,72.0,98.0,1.5,-0.8,0.96,GOOD
1790977852480,1349,2100.3,-34.9201288491366,32042.073574865626,72.0,98.0,1.5,-0.8,0.96,GOOD
1790977852480,1350,2131.7,-19.331447299970332,31956.986559654102,72.0,98.0,1.5,-0.8,0.96,GOOD
1790977857645,1351,2059.4,-0.8617026225960019,31980.06293059141,72.0,98.0,1.5,-0.8,1.03,GOOD
1790977857645,1352,2058.9,9.174477097424028,31996.96556481261,72.0,98.0,1.5,-0.8,1.03,GOOD
1790977857645,1353,1929.6,-1.0514685659766818,32015.222399843755,72.0,98.0,1.5,-0.8,1.03,GOOD
1790977857645,1354,1851.3,-39.70116838443446,32043.45135754104,72.0,98.0,1.5,-0.8,1.03,GOOD
1790977857645,1355,1879.7,-103.95023772149607,32005.19072682512,72.0,98.0,1.5,-0.8,1.03,GOOD
1790977857645,1356,1999.3,-165.7286265356822,32016.746011943298,72.0,98.0,1.5,-0.8,1.03,GOOD
1790977857645,1357,2349.5,-174.27748789079618,32034.302305151436,72.0,98.0,1.5,-0.8,1.03,GOOD
1790977857645,1358,2755.9,-74.90070886846033,32002.502695958898,72.0,98.0,1.5,-0.8,1.03,GOOD
1790977857645,1359,3062.9,157.2261540406954,32045.247538937394,72.0,98.0,1.5,-0.8,1.03,GOOD
1790977857645,1360,3227.3,484.42485390900424,31956.27156701777,72.0,98.0,1.5,-0.8,1.03,GOOD
1790977857645,1361,3226.2,815.7811432637959,32006.254351134558,72.0,98.0,1.5,-0.8,1.03,GOOD
1790977857645,1362,3059.5,1050.7932822161379,31958.005185742026,72.0,98.0,1.5,-0.8,1.03,GOOD
1790977857645,1363,2750.8,1118.2881003608818,32038.555836461404,72.0,98.0,1.5,-0.8,1.03,GOOD
1790977857645,1364,2343.4,994.8243905631155,31992.941859165752,72.0,98.0,1.5,-0.8,1.03,GOOD
1790977857645,1365,1988.4,707.6956848943985,32035.230968878514,72.0,98.0,1.5,-0.8,1.03,GOOD
1790977857645,1366,1829.6,330.99714447340335,31975.397359164464,72.0,98.0,1.5,-0.8,1.03,GOOD
1790977857645,1367,1724.9,-35.7555219058785,32020.482128976782,72.0,98.0,1.5,-0.8,1.03,GOOD
1790977857645,1368,1700.0,-312.32234409803914,31996.428602641063,72.0,98.0,1.5,-0.8,1.03,GOOD
1790977857645,1369,1761.3,-465.7445170020389,31965.711311678733,72.0,98.0,1.5,-0.8,1.03,GOOD
1790977857645,1370,1893.5,-498.94387025160574,31973.122811795463,72.0,98.0,1.5,-0.8,1.03,GOOD
1790977857645,1371,2034.4,-433.4683986681599,31987.84060106768,72.0,98.0,1.5,-0.8,1.03,GOOD
1790977857645,1372,2040.8,-309.62986191572827,31973.62547536377,72.0,98.0,1.5,-0.8,1.03,GOOD
1790977857645,1373,2044.1,-183.56952623923934,31986.47638606811,72.0,98.0,1.5,-0.8,1.03,GOOD
1790977857645,1374,2058.7,-98.89914115021789,31957.320474284857,72.0,98.0,1.5,-0.8,1.03,GOOD
1790977857645,1375,2052.3,-62.82868818535384,32045.33132251653,72.0,98.0,1.5,-0.8,1.03,GOOD
1790977862806,1376,2137.6,-55.58868480194153,32008.30860040458,72.0,98.0,1.5,-0.8,1.0,GOOD
1790977862806,1377,2160.5,-51.34549280052148,31962.82074754058,72.0,98.0,1.5,-0.8,1.0,GOOD
1790977862806,1378,2182.7,-34.64490499469257,32044.572200555394,72.0,98.0,1.5,-0.8,1.0,GOOD
1790977862806,1379,2204.2,-5.0090237410232845,32045.98195203672,72.0,98.0,1.5,-0.8,1.0,GOOD
1790977862806,1380,2224.8,31.27799931881851,31991.42688770077,72.0,98.0,1.5,-0.8,1.0,GOOD
1790977862806,1381,2244.4,65.95324595136115,32042.400407407153,72.0,98.0,1.5,-0.8,1.0,GOOD
1790977862806,1382,2262.9,90.8957046899938,31986.798533751626,72.0,98.0,1.5,-0.8,1.0,GOOD
1790977862806,1383,2280.1,104.36197343501452,31990.91063947547,72.0,98.0,1.5,-0.8,1.0,GOOD
1790977862806,1384,2296.1,113.31067893698163,32043.538908790193,72.0,98.0,1.5,-0.8,1.0,GOOD
1790977862806,1385,2310.6,126.10888503798733,31991.151258834936,72.0,98.0,1.5,-0.8,1.0,GOOD
1790977862806,1386,2323.6,143.45846095476958,32039.920137246525,72.0,98.0,1.5,-0.8,1.0,GOOD
1790977862806,1387,2335.1,158.85441902392517,32017.33962443333,72.0,98.0,1.5,-0.8,1.0,GOOD
1790977862806,1388,2344.9,167.59274296516259,32041.536069173788,72.0,98.0,1.5,-0.8,1.0,GOOD
1790977862806,1389,2353.1,172.33493644425926,32012.48691279878,72.0,98.0,1.5,-0.8,1.0,GOOD
1790977862806,1390,2359.5,178.5214871405763,31976.976998007893,72.0,98.0,1.5,-0.8,1.0,GOOD
1790977862806,1391,2364.1,186.673389486129,32026.90691646561,72.0,98.0,1.5,-0.8,1.0,GOOD
1790977862806,1392,2367.0,192.05859009823132,32027.147286659096,72.0,98.0,1.5,-0.8,1.0,GOOD
1790977862806,1393,2368.0,191.50234032743717,31984.889098163512,72.0,98.0,1.5,-0.8,1.0,GOOD
1790977862806,1394,2367.2,187.58449562782465,31982.329703969743,72.0,98.0,1.5,-0.8,1.0,GOOD
1790977862806,1395,2364.6,184.78017259983267,32011.359986866937,72.0,98.0,1.5,-0.8,1.0,GOOD
1790977862806,1396,2360.2,183.35134730494147,31986.06008235322,72.0,98.0,1.5,-0.8,1.0,GOOD
1790977862806,1397,2354.0,179.34839623889275,31954.092447533236,72.0,98.0,1.5,-0.8,1.0,GOOD
1790977862806,1398,2346.1,170.24797871301917,32040.302767975023,72.0,98.0,1.5,-0.8,1.0,GOOD
1790977862806,1399,2336.5,158.2502022669641,31965.80052837136,72.0,98.0,1.5,-0.8,1.0,GOOD
1790977862806,1400,2325.3,147.02576332104127,32041.43310365684,72.0,98.0,1.5,-0.8,1.0,GOOD
1790977867969,1401,2050.3,126.48334800944819,32044.303788426565,72.0,98.0,1.5,-0.8,1.03,GOOD
1790977867969,1402,2034.1,70.43614519151757,32011.599535637164,72.0,98.0,1.5,-0.8,1.03,GOOD
1790977867969,1403,2046.7,-23.08797988535462,32013.987279056862,72.0,98.0,1.5,-0.8,1.03,GOOD
1790977867969,1404,2050.6,-115.87935293978916,31951.17076884915,72.0,98.0,1.5,-0.8,1.03,GOOD
1790977867969,1405,2041.1,-173.09902485270186,31952.431273951945,72.0,98.0,1.5,-0.8,1.03,GOOD
1790977867969,1406,2040.9,-189.7739711056849,32041.859449424348,72.0,98.0,1.5,-0.8,1.03,GOOD
1790977867969,1407,2041.9,-178.83606513836872,32025.4543767475,72.0,98.0,1.5,-0.8,1.03,GOOD
1790977867969,1408,2044.3,-157.7669468015319,32028.68421335121,72.0,98.0,1.5,-0.8,1.03,GOOD
1790977867969,1409,2058.3,-141.56186693129484,31982.073888215295,72.0,98.0,1.5,-0.8,1.03,GOOD
1790977867969,1410,2034.7,-137.12216440901176,32025.25953987181,72.0,98.0,1.5,-0.8,1.03,GOOD
1790977867969,1411,2039.3,-141.64405248698733,32040.50484606934,72.0,98.0,1.5,-0.8,1.03,GOOD
1790977867969,1412,2049.9,-145.94267948638324,32018.934503885364,72.0,98.0,1.5,-0.8,1.03,GOOD
1790977867969,1413,2034.4,-143.74934827417465,31957.94767000155,72.0,98.0,1.5,-0.8,1.03,GOOD
1790977867969,1414,2036.3,-139.3527056454519,32036.212560657088,72.0,98.0,1.5,-0.8,1.03,GOOD
1790977867969,1415,2041.9,-139.58878472309763,31959.45916261633,72.0,98.0,1.5,-0.8,1.03,GOOD
1790977867969,1416,2061.0,-141.85698021170822,32049.18029234739,72.0,98.0,1.5,-0.8,1.03,GOOD
1790977867969,1417,2059.0,-137.78340394949046,31959.21794578159,72.0,98.0,1.5,-0.8,1.03,GOOD
1790977867969,1418,2037.9,-126.6716548160095,31956.687186394258,72.0,98.0,1.5,-0.8,1.03,GOOD
1790977867969,1419,2051.0,-117.61367615347282,31993.65582005915,72.0,98.0,1.5,-0.8,1.03,GOOD
1790977867969,1420,2051.3,-116.6726088954038,31990.648117246186,72.0,98.0,1.5,-0.8,1.03,GOOD
1790977867969,1421,2062.0,-119.70481415933776,31987.42575264549,72.0,98.0,1.5,-0.8,1.03,GOOD
1790977867969,1422,2036.8,-119.91850725951164,31988.19032887725,72.0,98.0,1.5,-0.8,1.03,GOOD
1790977867969,1423,2048.9,-116.55803249137024,32012.52683688011,72.0,98.0,1.5,-0.8,1.03,GOOD
1790977867969,1424,2037.4,-113.7696422614497,31991.522216337213,72.0,98.0,1.5,-0.8,1.03,GOOD
1790977867969,1425,2054.7,-114.32879053856855,32000.810306287476,72.0,98.0,1.5,-0.8,1.03,GOOD
1790977873127,1426,2044.3,-116.39683562583731,31977.38681861864,72.0,98.0,1.5,-0.8,0.98,GOOD
1790977873127,1427,2055.7,-115.72026875173947,31985.030042417395,72.0,98.0,1.5,-0.8,0.98,GOOD
1790977873127,1428,2042.9,-110.74286803631746,32010.558200935626,72.0,98.0,1.5,-0.8,0.98,GOOD
1790977873127,1429,2040.2,-105.16158573430224,31986.611047087998,72.0,98.0,1.5,-0.8,0.98,GOOD
1790977873127,1430,2045.8,-103.78634301398046,32025.817228004653,72.0,98.0,1.5,-0.8,0.98,GOOD
1790977873127,1431,2041.9,-106.34848230625232,31978.67256194283,72.0,98.0,1.5,-0.8,0.98,GOOD
1790977873127,1432,2040.1,-108.61118536209355,31954.19295116751,72.0,98.0,1.5,-0.8,0.98,GOOD
1790977873127,1433,2045.8,-107.61888599665451,31972.08304885916,72.0,98.0,1.5,-0.8,0.98,GOOD
1790977873127,1434,2037.8,-104.12140124803824,31958.056198961083,72.0,98.0,1.5,-0.8,0.98,GOOD
1790977873127,1435,2057.9,-100.79518646993293,31998.707836973816,72.0,98.0,1.5,-0.8,0.98,GOOD
1790977873127,1436,2044.0,-98.3464594547064,32032.715604819154,72.0,98.0,1.5,-0.8,0.98,GOOD
1790977873127,1437,2044.3,-95.83737132852703,31962.13168302153,72.0,98.0,1.5,-0.8,0.98,GOOD
1790977873127,1438,2049.9,-92.82046368600957,31994.757391920706,72.0,98.0,1.5,-0.8,0.98,GOOD
1790977873127,1439,2036.6,-89.90147980256768,32029.661175261273,72.0,98.0,1.5,-0.8,0.98,GOOD
1790977873127,1440,2047.3,-88.94470031179205,32018.025174039074,72.0,98.0,1.5,-0.8,0.98,GOOD
1790977873127,1441,2037.8,-90.40270498308018,31953.58390710133,72.0,98.0,1.5,-0.8,0.98,GOOD
1790977873127,1442,2044.7,-91.90656877886825,31992.448781316587,72.0,98.0,1.5,-0.8,0.98,GOOD
1790977873127,1443,2036.2,-91.2292068560391,32035.079374152036,72.0,98.0,1.5,-0.8,0.98,GOOD
1790977873127,1444,2050.3,-88.45682831507321,32017.2679676344,72.0,98.0,1.5,-0.8,0.98,GOOD
1790977873127,1445,2042.2,-85.17638718520098,31980.43676806321,72.0,98.0,1.5,-0.8,0.98,GOOD
1790977873127,1446,2053.5,-82.49382439054563,31983.698548361834,72.0,98.0,1.5,-0.8,0.98,GOOD
1790977873127,1447,2033.4,-80.37261842007416,31959.507548916143,72.0,98.0,1.5,-0.8,0.98,GOOD
1790977873127,1448,2038.2,-78.95902138608145,32008.423147146746,72.0,98.0,1.5,-0.8,0.98,GOOD
1790977873127,1449,2041.6,-78.57731121945335,31988.81298335259,72.0,98.0,1.5,-0.8,0.98,GOOD
1790977873127,1450,2036.6,-78.94962279189643,31993.443669644686,72.0,98.0,1.5,-0.8,0.98,GOOD
1790977878291,1451,2049.8,-79.41481706078866,31978.037380870002,72.0,98.0,1.5,-0.8,1.03,GOOD
1790977878291,1452,2043.6,-78.33451718057185,32046.199624579367,72.0,98.0,1.5,-0.8,1.03,GOOD
1790977878291,1453,2061.5,-73.93196616420202,32010.9111715794,72.0,98.0,1.5,-0.8,1.03,GOOD
1790977878291,1454,2047.2,-66.75860713794134,31980.72533952377,72.0,98.0,1.5,-0.8,1.03,GOOD
1790977878291,1455,2042.4,-60.701312929349676,31957.908716045153,72.0,98.0,1.5,-0.8,1.03,GOOD
1790977878291,1456,2034.3,-59.88655710180683,31978.684958604754,72.0,98.0,1.5,-0.8,1.03,GOOD
1790977878291,1457,2058.8,-63.11479732322065,31967.719174746875,72.0,98.0,1.5,-0.8,1.03,GOOD
1790977878291,1458,2055.3,-64.44558056728323,32036.687197056523,72.0,98.0,1.5,-0.8,1.03,GOOD
1790977878291,1459,2060.3,-60.59050432163419,32044.868019794245,72.0,98.0,1.5,-0.8,1.03,GOOD
1790977878291,1460,2044.8,-54.36227270616052,32018.757401150055,72.0,98.0,1.5,-0.8,1.03,GOOD
1790977878291,1461,2040.6,-50.71299972021144,31991.31182305412,72.0,98.0,1.5,-0.8,1.03,GOOD
1790977878291,1462,2041.4,-51.703181711968924,31955.58055751633,72.0,98.0,1.5,-0.8,1.03,GOOD
1790977878291,1463,2056.5,-54.79953114186073,32036.576791291565,72.0,98.0,1.5,-0.8,1.03,GOOD
1790977878291,1464,2046.7,-56.08587213671427,32014.279459179284,72.0,98.0,1.5,-0.8,1.03,GOOD
1790977878291,1465,2052.8,-54.48443062642558,32016.9408155167,72.0,98.0,1.5,-0.8,1.03,GOOD
1790977878291,1466,2060.7,-50.7144108241435,31976.484733713358,72.0,98.0,1.5,-0.8,1.03,GOOD
1790977878291,1467,2055.2,-45.34817967688133,32016.133531760235,72.0,98.0,1.5,-0.8,1.03,GOOD
1790977878291,1468,2044.9,-40.68155656884324,31991.225686628957,72.0,98.0,1.5,-0.8,1.03,GOOD
1790977878291,1469,2051.6,-39.61838668432942,31963.927172279775,72.0,98.0,1.5,-0.8,1.03,GOOD
1790977878291,1470,2060.5,-41.094847590475304,31977.974997305544,72.0,98.0,1.5,-0.8,1.03,GOOD
1790977878291,1471,2039.0,-41.93201975724341,31968.369973508416,72.0,98.0,1.5,-0.8,1.03,GOOD
1790977878291,1472,2060.3,-41.546971999587,32003.90807775032,72.0,98.0,1.5,-0.8,1.03,GOOD
1790977878291,1473,2037.3,-40.86430628094021,32014.947406290503,72.0,98.0,1.5,-0.8,1.03,GOOD
1790977878291,1474,2034.1,-41.40786357168738,32049.635164473308,72.0,98.0,1.5,-0.8,1.03,GOOD
1790977878291,1475,2052.3,-43.83155597514549,31983.658523774466,72.0,98.0,1.5,-0.8,1.03,GOOD
1790977883453,1476,2154.4,-41.08375767925946,31969.552046364784,72.0,98.0,1.5,-0.8,1.01,GOOD
1790977883453,1477,2125.3,-22.76230037982925,31959.428644210246,72.0,98.0,1.5,-0.8,1.01,GOOD
1790977883453,1478,2093.5,6.251361971808295,31966.52281352375,72.0,98.0,1.5,-0.8,1.01,GOOD
1790977883453,1479,2060.1,26.375726822599066,32004.67187217139,72.0,98.0,1.5,-0.8,1.01,GOOD
1790977883453,1480,2043.8,24.98433293038457,31979.94112078855,72.0,98.0,1.5,-0.8,1.01,GOOD
1790977883453,1481,2050.4,5.271173952212051,32047.3420941891,72.0,98.0,1.5,-0.8,1.01,GOOD
1790977883453,1482,2049.2,-20.66042066223099,31975.055652902527,72.0,98.0,1.5,-0.8,1.01,GOOD
1790977883453,1483,2050.4,-40.49628552596552,32011.3941830188,72.0,98.0,1.5,-0.8,1.01,GOOD
1790977883453,1484,1977.6,-50.10631697558169,31983.206156773034,72.0,98.0,1.5,-0.8,1.01,GOOD
1790977883453,1485,1868.5,-60.866985412201124,32005.406205077306,72.0,98.0,1.5,-0.8,1.01,GOOD
1790977883453,1486,1856.8,-90.90751892949567,31953.30645329595,72.0,98.0,1.5,-0.8,1.01,GOOD
1790977883453,1487,1948.7,-137.86611135429587,31974.0211839148,72.0,98.0,1.5,-0.8,1.01,GOOD
1790977883453,1488,2188.2,-164.86809694718968,32007.767473785032,72.0,98.0,1.5,-0.8,1.01,GOOD
1790977883453,1489,2617.1,-113.18594508055408,32022.100928779924,72.0,98.0,1.5,-0.8,1.01,GOOD
1790977883453,1490,2966.0,65.3250863870566,32048.72090832055,72.0,98.0,1.5,-0.8,1.01,GOOD
1790977883453,1491,3186.0,363.8278662477648,32025.034560109198,72.0,98.0,1.5,-0.8,1.01,GOOD
1790977883453,1492,3246.2,706.433029869799,32013.446071209557,72.0,98.0,1.5,-0.8,1.01,GOOD
1790977883453,1493,3138.1,987.222540024582,32030.35095608134,72.0,98.0,1.5,-0.8,1.01,GOOD
1790977883453,1494,2876.9,1120.4205605873276,32020.10550350408,72.0,98.0,1.5,-0.8,1.01,GOOD
1790977883453,1495,2499.3,1066.23603316267,31971.07537981957,72.0,98.0,1.5,-0.8,1.01,GOOD
1790977883453,1496,2058.3,832.8788053276418,32000.7540023371,72.0,98.0,1.5,-0.8,1.01,GOOD
1790977883453,1497,1882.9,475.0349144787644,31959.18321859473,72.0,98.0,1.5,-0.8,1.01,GOOD
1790977883453,1498,1754.7,88.84580604113799,32005.15528013471,72.0,98.0,1.5,-0.8,1.01,GOOD
1790977883453,1499,1699.0,-228.2381724996395,32039.70536070521,72.0,98.0,1.5,-0.8,1.01,GOOD
1790977883453,1500,1729.6,-424.42569257754565,31952.08874259743,72.0,98.0,1.5,-0.8,1.01,GOOD
1790977888617,1501,2041.9,-486.3951464369343,31958.79482362955,72.0,98.0,1.5,-0.8,1.0,GOOD
1790977888617,1502,2045.2,-421.19906752901744,31980.750655272106,72.0,98.0,1.5,-0.8,1.0,GOOD
1790977888617,1503,2053.6,-278.61986087705964,31952.77486229084,72.0,98.0,1.5,-0.8,1.0,GOOD
1790977888617,1504,2077.7,-139.28276555730952,32015.07250320634,72.0,98.0,1.5,-0.8,1.0,GOOD
1790977888617,1505,2101.6,-52.78740946674322,31954.046232866003,72.0,98.0,1.5,-0.8,1.0,GOOD
1790977888617,1506,2125.2,-18.606389432472902,31954.209809298787,72.0,98.0,1.5,-0.8,1.0,GOOD
1790977888617,1507,2148.4,-13.454377818705057,32017.420139753398,72.0,98.0,1.5,-0.8,1.0,GOOD
1790977888617,1508,2171.0,-13.769014545820106,31966.716331786665,72.0,98.0,1.5,-0.8,1.0,GOOD
1790977888617,1509,2192.9,-4.518904663411714,32041.26107181745,72.0,98.0,1.5,-0.8,1.0,GOOD
1790977888617,1510,2214.0,17.999619622764925,32044.96944640163,72.0,98.0,1.5,-0.8,1.0,GOOD
1790977888617,1511,2234.1,47.32253802510209,31984.17945893607,72.0,98.0,1.5,-0.8,1.0,GOOD
1790977888617,1512,2253.2,73.61538587743047,32024.099154573993,72.0,98.0,1.5,-0.8,1.0,GOOD
1790977888617,1513,2271.1,92.32358341257779,32024.763888155918,72.0,98.0,1.5,-0.8,1.0,GOOD
1790977888617,1514,2287.8,106.6369931417624,32047.090021664066,72.0,98.0,1.5,-0.8,1.0,GOOD
1790977888617,1515,2303.0,121.71328441799577,32039.73493293998,72.0,98.0,1.5,-0.8,1.0,GOOD
1790977888617,1516,2316.9,138.11323272276152,31980.761406965536,72.0,98.0,1.5,-0.8,1.0,GOOD
1790977888617,1517,2329.2,152.1814637751312,31992.69227560159,72.0,98.0,1.5,-0.8,1.0,GOOD
1790977888617,1518,2339.9,161.7266724553303,32044.939287298537,72.0,98.0,1.5,-0.8,1.0,GOOD
1790977888617,1519,2348.9,168.90777729611108,32011.282949049066,72.0,98.0,1.5,-0.8,1.0,GOOD
1790977888617,1520,2356.3,176.8427744290442,31986.24059131717,72.0,98.0,1.5,-0.8,1.0,GOOD
1790977888617,1521,2361.9,185.1344843940662,32011.749838011034,72.0,98.0,1.5,-0.8,1.0,GOOD
1790977888617,1522,2365.7,190.49377398380932,32045.452873010272,72.0,98.0,1.5,-0.8,1.0,GOOD
1790977888617,1523,2367.7,191.28843105795016,32037.316200392343,72.0,98.0,1.5,-0.8,1.0,GOOD
1790977888617,1524,2367.9,189.6192891075563,32036.22243579849,72.0,98.0,1.5,-0.8,1.0,GOOD
1790977888617,1525,2366.2,188.27514855190066,32008.204914657363,72.0,98.0,1.5,-0.8,1.0,GOOD
1790977893781,1526,2109.1,177.00783276763912,31960.66163739788,72.0,98.0,1.5,-0.8,1.01,GOOD
1790977893781,1527,2085.3,130.12833974968794,31990.18569473531,72.0,98.0,1.5,-0.8,1.01,GOOD
1790977893781,1528,2061.3,43.03965896260721,32026.539284178398,72.0,98.0,1.5,-0.8,1.01,GOOD
1790977893781,1529,2048.9,-52.208186366866855,32017.62949513269,72.0,98.0,1.5,-0.8,1.01,GOOD
1790977893781,1530,2035.1,-123.0413506229955,32029.807234027605,72.0,98.0,1.5,-0.8,1.01,GOOD
1790977893781,1531,2052.7,-158.19751926508798,31988.872092544847,72.0,98.0,1.5,-0.8,1.01,GOOD
1790977893781,1532,2047.6,-161.15190941982206,32041.40832294286,72.0,98.0,1.5,-0.8,1.01,GOOD
1790977893781,1533,2060.1,-144.52300471988468,31963.285376410586,72.0,98.0,1.5,-0.8,1.01,GOOD
1790977893781,1534,2038.4,-125.6958828208149,31971.488358270417,72.0,98.0,1.5,-0.8,1.01,GOOD
1790977893781,1535,2059.1,-117.24629337654167,31993.22861616592,72.0,98.0,1.5,-0.8,1.01,GOOD
1790977893781,1536,2051.7,-118.58844810878118,31980.09024155943,72.0,98.0,1.5,-0.8,1.01,GOOD
1790977893781,1537,2062.1,-120.4111099136228,31998.826430061374,72.0,98.0,1.5,-0.8,1.01,GOOD
1790977893781,1538,2062.5,-116.7060990788546,32032.583819393207,72.0,98.0,1.5,-0.8,1.01,GOOD
1790977893781,1539,2043.8,-110.34736053466108,32002.85088937289,72.0,98.0,1.5,-0.8,1.01,GOOD
1790977893781,1540,2059.5,-107.84197571419604,32049.619175167238,72.0,98.0,1.5,-0.8,1.01,GOOD
1790977893781,1541,2046.8,-109.94919622497221,32035.447498656198,72.0,98.0,1.5,-0.8,1.01,GOOD
1790977893781,1542,2038.4,-112.44542412511288,31980.464788223053,72.0,98.0,1.5,-0.8,1.01,GOOD
1790977893781,1543,2046.1,-113.23016747199426,32016.079821771422,72.0,98.0,1.5,-0.8,1.01,GOOD
1790977893781,1544,2033.3,-113.50040294464034,31996.91651461533,72.0,98.0,1.5,-0.8,1.01,GOOD
1790977893781,1545,2062.3,-114.44272914570195,31975.832986412188,72.0,98.0,1.5,-0.8,1.01,GOOD
1790977893781,1546,2048.5,-114.01717838409652,31979.125496072986,72.0,98.0,1.5,-0.8,1.01,GOOD
1790977893781,1547,2060.4,-109.38247478113159,32011.392613460925,72.0,98.0,1.5,-0.8,1.01,GOOD
1790977893781,1548,2059.8,-101.03220653719158,31986.484583997393,72.0,98.0,1.5,-0.8,1.01,GOOD
1790977893781,1549,2038.1,-93.35568971240511,32045.691899313526,72.0,98.0,1.5,-0.8,1.01,GOOD
1790977893781,1550,2062.1,-91.18948088271523,32035.508600825367,72.0,98.0,1.5,-0.8,1.01,GOOD
1790977898945,1551,2051.0,-93.43553323791194,31975.49663741953,72.0,98.0,1.5,-0.8,0.98,GOOD
1790977898945,1552,2048.4,-95.09304875867292,31960.766929693968,72.0,98.0,1.5,-0.8,0.98,GOOD
1790977898945,1553,2036.0,-94.76344793895873,32046.738403072,72.0,98.0,1.5,-0.8,0.98,GOOD
1790977898945,1554,2053.6,-94.20890831512935,32037.841170338816,72.0,98.0,1.5,-0.8,0.98,GOOD
1790977898945,1555,2062.9,-93.4673870647058,32047.052395275427,72.0,98.0,1.5,-0.8,0.98,GOOD
1790977898945,1556,2054.3,-90.89745090418515,31955.746440286053,72.0,98.0,1.5,-0.8,0.98,GOOD
1790977898945,1557,2044.7,-86.90133359722361,31971.526439728572,72.0,98.0,1.5,-0.8,0.98,GOOD
1790977898945,1558,2052.7,-83.39430695769784,32020.945069245154,72.0,98.0,1.5,-0.8,0.98,GOOD
1790977898945,1559,2051.6,-81.08512933824736,31983.330361659002,72.0,98.0,1.5,-0.8,0.98,GOOD
1790977898945,1560,2036.7,-80.79589084292047,32032.49172441601,72.0,98.0,1.5,-0.8,0.98,GOOD
1790977898945,1561,2060.6,-82.93949880559461,31970.3264336166,72.0,98.0,1.5,-0.8,0.98,GOOD
1790977898945,1562,2047.2,-84.34989491305076,32044.68616602861,72.0,98.0,1.5,-0.8,0.98,GOOD
1790977898945,1563,2047.9,-82.1639605884569,31957.543310694222,72.0,98.0,1.5,-0.8,0.98,GOOD
1790977898945,1564,2049.4,-78.09557414881164,32000.271839460966,72.0,98.0,1.5,-0.8,0.98,GOOD
1790977898945,1565,2047.5,-75.25716097822809,31987.4382430009,72.0,98.0,1.5,-0.8,0.98,GOOD
1790977898945,1566,2056.1,-74.5122865500098,31998.270560914465,72.0,98.0,1.5,-0.8,0.98,GOOD
1790977898945,1567,2052.1,-73.97801526781612,31987.34240017413,72.0,98.0,1.5,-0.8,0.98,GOOD
1790977898945,1568,2033.4,-72.41421450470138,31985.510047602787,72.0,98.0,1.5,-0.8,0.98,GOOD
1790977898945,1569,2034.3,-71.93100291271423,31961.15823161133,72.0,98.0,1.5,-0.8,0.98,GOOD
1790977898945,1570,2050.6,-73.86779262080194,32032.179064778036,72.0,98.0,1.5,-0.8,0.98,GOOD
1790977898945,1571,2049.1,-75.663337422609,31993.86327526248,72.0,98.0,1.5,-0.8,0.98,GOOD
1790977898945,1572,2042.8,-74.86168831043494,31965.582566060097,72.0,98.0,1.5,-0.8,0.98,GOOD
1790977898945,1573,2051.1,-71.58874554228086,31981.933736220777,72.0,98.0,1.5,-0.8,0.98,GOOD
1790977898945,1574,2057.4,-66.37707680579615,31981.9066486421,72.0,98.0,1.5,-0.8,0.98,GOOD
1790977898945,1575,2045.1,-60.638198940336125,32032.922003609572,72.0,98.0,1.5,-0.8,0.98,GOOD
1790977904106,1576,2051.9,-57.43005319729253,31985.423979056504,72.0,98.0,1.5,-0.8,0.98,GOOD
1790977904106,1577,2035.4,-58.06896007970208,31986.01364397341,72.0,98.0,1.5,-0.8,0.98,GOOD
1790977904106,1578,2037.5,-60.993448581361015,31987.804544556035,72.0,98.0,1.5,-0.8,0.98,GOOD
1790977904106,1579,2053.2,-63.327877568465574,31978.884520664946,72.0,98.0,1.5,-0.8,0.98,GOOD
1790977904106,1580,2060.1,-62.15348296024212,32024.826847913333,72.0,98.0,1.5,-0.8,0.98,GOOD
1790977904106,1581,2054.1,-57.311000113865575,32003.658063466082,72.0,98.0,1.5,-0.8,0.98,GOOD
1790977904106,1582,2058.4,-51.41359326547453,32049.34940199958,72.0,98.0,1.5,-0.8,0.98,GOOD
1790977904106,1583,2034.4,-47.00593729699506,32035.992056194,72.0,98.0,1.5,-0.8,0.98,GOOD
1790977904106,1584,2062.0,-45.300434798255466,31980.021993809773,72.0,98.0,1.5,-0.8,0.98,GOOD
1790977904106,1585,2040.5,-45.76768533520497,31979.25985517881,72.0,98.0,1.5,-0.8,0.98,GOOD
1790977904106,1586,2048.8,-47.710920339376926,32015.88424908752,72.0,98.0,1.5,-0.8,0.98,GOOD
1790977904106,1587,2040.6,-50.44311490455238,31992.950237145382,72.0,98.0,1.5,-0.8,0.98,GOOD
1790977904106,1588,2044.9,-51.894423742180074,31957.507571535414,72.0,98.0,1.5,-0.8,0.98,GOOD
1790977904106,1589,2048.1,-50.63750786721663,31969.721651359676,72.0,98.0,1.5,-0.8,0.98,GOOD
1790977904106,1590,2049.2,-47.65503060709875,32016.897203644356,72.0,98.0,1.5,-0.8,0.98,GOOD
1790977904106,1591,2057.0,-44.71267093361672,31981.264761223792,72.0,98.0,1.5,-0.8,0.98,GOOD
1790977904106,1592,2035.0,-42.67389547382506,32026.68283930353,72.0,98.0,1.5,-0.8,0.98,GOOD
1790977904106,1593,2052.7,-41.57812046817598,32038.603977628285,72.0,98.0,1.5,-0.8,0.98,GOOD
1790977904106,1594,2057.0,-40.092685634811204,31970.311850652066,72.0,98.0,1.5,-0.8,0.98,GOOD
1790977904106,1595,2044.6,-37.48276617885158,31990.833483855706,72.0,98.0,1.5,-0.8,0.98,GOOD
1790977904106,1596,2050.4,-35.856703692826684,31957.782130528278,72.0,98.0,1.5,-0.8,0.98,GOOD
1790977904106,1597,2046.4,-36.13915310331077,32026.22821845383,72.0,98.0,1.5,-0.8,0.98,GOOD
1790977904106,1598,2052.7,-36.14149605339124,31984.04225648911,72.0,98.0,1.5,-0.8,0.98,GOOD
1790977904106,1599,2039.4,-34.772164393408346,32034.17333717968,72.0,98.0,1.5,-0.8,0.98,GOOD
1790977904106,1600,2048.0,-33.831949487361804,32018.669944222213,72.0,98.0,1.5,-0.8,0.98,GOOD
1790977909270,1601,2225.4,-27.4408527757424,32030.852292106993,72.0,98.0,1.5,-0.8,1.03,GOOD
1790977909270,1602,2216.6,1.2179732303397386,32046.276198794767,72.0,98.0,1.5,-0.8,1.03,GOOD
1790977909270,1603,2201.7,53.122683209224945,32008.38657294612,72.0,98.0,1.5,-0.8,1.03,GOOD
1790977909270,1604,2181.5,103.47453427685475,32012.875360726764,72.0,98.0,1.5,-0.8,1.03,GOOD
1790977909270,1605,2156.5,129.08047694630034,32014.211499705787,72.0,98.0,1.5,-0.8,1.03,GOOD
1790977909270,1606,2127.6,123.7404739699963,32041.00293476128,72.0,98.0,1.5,-0.8,1.03,GOOD
1790977909270,1607,2096.0,93.35177189470588,32000.039967379405,72.0,98.0,1.5,-0.8,1.03,GOOD
1790977909270,1608,2062.6,50.5446175783339,32033.35517992514,72.0,98.0,1.5,-0.8,1.03,GOOD
1790977909270,1609,2041.6,9.471173458704655,32022.040636740407,72.0,98.0,1.5,-0.8,1.03,GOOD
1790977909270,1610,2042.8,-20.18593610639182,32020.027385241196,72.0,98.0,1.5,-0.8,1.03,GOOD
1790977909270,1611,2048.2,-36.480120089502684,32002.50368858887,72.0,98.0,1.5,-0.8,1.03,GOOD
1790977909270,1612,2033.3,-43.956535599716695,32030.105304548837,72.0,98.0,1.5,-0.8,1.03,GOOD
1790977909270,1613,1988.4,-49.98698700897029,32031.208016374178,72.0,98.0,1.5,-0.8,1.03,GOOD
1790977909270,1614,1873.9,-63.98661405230443,32017.194917105713,72.0,98.0,1.5,-0.8,1.03,GOOD
1790977909270,1615,1853.7,-95.30500113632951,31986.682850593334,72.0,98.0,1.5,-0.8,1.03,GOOD
1790977909270,1616,1938.9,-139.1469983934278,32019.405901229053,72.0,98.0,1.5,-0.8,1.03,GOOD
1790977909270,1617,2154.1,-164.78467786726335,32042.494649973487,72.0,98.0,1.5,-0.8,1.03,GOOD
1790977909270,1618,2586.7,-120.22088801198113,31951.158389396485,72.0,98.0,1.5,-0.8,1.03,GOOD
1790977909270,1619,2943.6,44.76803216274385,31996.60041521133,72.0,98.0,1.5,-0.8,1.03,GOOD
1790977909270,1620,3174.7,333.70664787873255,32042.1494958134,72.0,98.0,1.5,-0.8,1.03,GOOD
1790977909270,1621,3247.6,678.2768429874445,32019.37019143533,72.0,98.0,1.5,-0.8,1.03,GOOD
1790977909270,1622,3152.0,970.7301359908002,31958.249458352773,72.0,98.0,1.5,-0.8,1.03,GOOD
1790977909270,1623,2901.4,1118.252792832135,32042.041175110993,72.0,98.0,1.5,-0.8,1.03,GOOD
1790977909270,1624,2530.9,1076.34538650453,32048.50918622944,72.0,98.0,1.5,-0.8,1.03,GOOD
1790977909270,1625,2092.5,853.1530252408701,31973.21324578945,72.0,98.0,1.5,-0.8,1.03,GOOD
1790977914433,1626,2049.1,509.3980778659221,32009.449932576295,72.0,98.0,1.5,-0.8,0.97,GOOD
1790977914433,1627,2048.4,156.29810369058663,32009.137244180198,72.0,98.0,1.5,-0.8,0.97,GOOD
1790977914433,1628,2041.7,-97.24884509311131,31970.174704035428,72.0,98.0,1.5,-0.8,0.97,GOOD
1790977914433,1629,2054.5,-211.21592849290997,32036.470900310058,72.0,98.0,1.5,-0.8,0.97,GOOD
1790977914433,1630,2042.1,-213.48063499067734,32011.754000270772,72.0,98.0,1.5,-0.8,0.97,GOOD
1790977914433,1631,2040.3,-160.62016584250546,32022.557854101244,72.0,98.0,1.5,-0.8,0.97,GOOD
1790977914433,1632,2044.6,-107.75230942666761,32024.935814370583,72.0,98.0,1.5,-0.8,0.97,GOOD
1790977914433,1633,2066.1,-86.09068752534633,32005.03667108691,72.0,98.0,1.5,-0.8,0.97,GOOD
1790977914433,1634,2090.1,-92.06144491002226,32042.400032403464,72.0,98.0,1.5,-0.8,0.97,GOOD
1790977914433,1635,2113.9,-98.99199675770647,31979.610673716827,72.0,98.0,1.5,-0.8,0.97,GOOD
1790977914433,1636,2137.3,-85.21707423615206,31992.238111139923,72.0,98.0,1.5,-0.8,0.97,GOOD
1790977914433,1637,2160.2,-52.909872019588526,31957.078395369997,72.0,98.0,1.5,-0.8,0.97,GOOD
1790977914433,1638,2182.4,-20.165160267047455,31994.05816101655,72.0,98.0,1.5,-0.8,0.97,GOOD
1790977914433,1639,2203.9,1.5538216162540865,32020.69046078364,72.0,98.0,1.5,-0.8,0.97,GOOD
1790977914433,1640,2224.5,17.62881373891387,32048.09389442145,72.0,98.0,1.5,-0.8,0.97,GOOD
1790977914433,1641,2244.1,38.62986996272154,31979.502697391486,72.0,98.0,1.5,-0.8,0.97,GOOD
1790977914433,1642,2262.6,64.72177381960884,31979.47649118841,72.0,98.0,1.5,-0.8,0.97,GOOD
1790977914433,1643,2279.9,86.46325488219031,32020.390281799042,72.0,98.0,1.5,-0.8,0.97,GOOD
1790977914433,1644,2295.8,98.7092543515929,31953.308401861086,72.0,98.0,1.5,-0.8,0.97,GOOD
1790977914433,1645,2310.4,107.55120518342794,31962.38976702168,72.0,98.0,1.5,-0.8,0.97,GOOD
1790977914433,1646,2323.4,121.4710588346127,32026.012697227306,72.0,98.0,1.5,-0.8,0.97,GOOD
1790977914433,1647,2334.9,139.75889348272466,31961.670663919926,72.0,98.0,1.5,-0.8,0.97,GOOD
1790977914433,1648,2344.8,153.92250724326976,32039.620670034863,72.0,98.0,1.5,-0.8,0.97,GOOD
1790977914433,1649,2353.0,159.32026676061287,32024.633400762315,72.0,98.0,1.5,-0.8,0.97,GOOD
1790977914433,1650,2359.4,160.85759463215948,31994.105387739703,72.0,98.0,1.5,-0.8,0.97,GOOD
1790977919596,1651,2210.2,159.6545458920975,32027.109283010854,72.0,98.0,1.5,-0.8,0.96,GOOD
1790977919596,1652,2188.9,141.09821655400486,31961.724959944622,72.0,98.0,1.5,-0.8,0.96,GOOD
1790977919596,1653,2166.9,94.92496902334112,31956.2478248079,72.0,98.0,1.5,-0.8,0.96,GOOD
1790977919596,1654,2144.2,33.71311396863106,31963.191310609087,72.0,98.0,1.5,-0.8,0.96,GOOD
1790977919596,1655,2120.9,-21.35562315798091,31976.72162183169,72.0,98.0,1.5,-0.8,0.96,GOOD
1790977919596,1656,2097.2,-57.7395990503535,32003.836110921613,72.0,98.0,1.5,-0.8,0.96,GOOD
1790977919596,1657,2073.3,-76.13700360624813,32049.236255240558,72.0,98.0,1.5,-0.8,0.96,GOOD
1790977919596,1658,2049.2,-87.56551294409417,32024.282004913865,72.0,98.0,1.5,-0.8,0.96,GOOD
1790977919596,1659,2052.9,-102.66250937115154,31965.668212583467,72.0,98.0,1.5,-0.8,0.96,GOOD
1790977919596,1660,2048.7,-121.34957085950134,31994.403786496816,72.0,98.0,1.5,-0.8,0.96,GOOD
1790977919596,1661,2052.9,-134.9696617396978,31979.310263560114,72.0,98.0,1.5,-0.8,0.96,GOOD
1790977919596,1662,2060.4,-137.02436531126165,32002.854550773824,72.0,98.0,1.5,-0.8,0.96,GOOD
1790977919596,1663,2058.0,-129.59702052503695,31999.660827881165,72.0,98.0,1.5,-0.8,0.96,GOOD
1790977919596,1664,2039.0,-121.62819693676488,32032.705613490765,72.0,98.0,1.5,-0.8,0.96,GOOD
1790977919596,1665,2057.0,-120.0249983319806,31989.48459408834,72.0,98.0,1.5,-0.8,0.96,GOOD
1790977919596,1666,2053.7,-122.21178519991993,32044.33931638193,72.0,98.0,1.5,-0.8,0.96,GOOD
1790977919596,1667,2039.4,-122.32020296179775,32037.793021798614,72.0,98.0,1.5,-0.8,0.96,GOOD
1790977919596,1668,2043.2,-120.54793965277358,31987.32527686655,72.0,98.0,1.5,-0.8,0.96,GOOD
1790977919596,1669,2043.3,-120.30165364656801,32021.963273462497,72.0,98.0,1.5,-0.8,0.96,GOOD
1790977919596,1670,2057.6,-121.55401295984112,31973.383789195886,72.0,98.0,1.5,-0.8,0.96,GOOD
1790977919596,1671,2055.2,-120.75219544438433,31973.336673924652,72.0,98.0,1.5,-0.8,0.96,GOOD
1790977919596,1672,2048.6,-115.83216053152428,32000.747366306867,72.0,98.0,1.5,-0.8,0.96,GOOD
1790977919596,1673,2033.2,-109.89640423788777,32010.18689800895,72.0,98.0,1.5,-0.8,0.96,GOOD
1790977919596,1674,2034.1,-108.29432993805324,32005.82706677121,72.0,98.0,1.5,-0.8,0.96,GOOD
1790977919596,1675,2042.6,-112.2154235651682,32026.637148356822,72.0,98.0,1.5,-0.8,0.96,GOOD
1790977924758,1676,2037.4,-117.36394581233426,32033.582656448696,72.0,98.0,1.5,-0.8,1.0,GOOD
1790977924758,1677,2044.6,-118.90663905043576,31980.125959566376,72.0,98.0,1.5,-0.8,1.0,GOOD
1790977924758,1678,2053.1,-114.9169099381195,31978.320024337216,72.0,98.0,1.5,-0.8,1.0,GOOD
1790977924758,1679,2051.0,-106.8814971051683,31979.45987924204,72.0,98.0,1.5,-0.8,1.0,GOOD
1790977924758,1680,2049.1,-99.15219286695668,31989.36459968357,72.0,98.0,1.5,-0.8,1.0,GOOD
1790977924758,1681,2057.8,-94.8524482634308,32040.045683877135,72.0,98.0,1.5,-0.8,1.0,GOOD
1790977924758,1682,2046.4,-92.91831219764818,32037.279010289294,72.0,98.0,1.5,-0.8,1.0,GOOD
1790977924758,1683,2051.6,-91.2175017671784,32030.92003407121,72.0,98.0,1.5,-0.8,1.0,GOOD
1790977924758,1684,2034.6,-90.00205393681902,32018.260524211575,72.0,98.0,1.5,-0.8,1.0,GOOD
1790977924758,1685,2047.9,-90.92929637475574,32018.92469435304,72.0,98.0,1.5,-0.8,1.0,GOOD
1790977924758,1686,2043.9,-93.53109753137053,32013.80195369268,72.0,98.0,1.5,-0.8,1.0,GOOD
1790977924758,1687,2038.6,-95.21224777592354,31963.22008665764,72.0,98.0,1.5,-0.8,1.0,GOOD
1790977924758,1688,2052.2,-94.14547516972664,32000.33742484352,72.0,98.0,1.5,-0.8,1.0,GOOD
1790977924758,1689,2040.9,-90.33561914953559,31967.267736736227,72.0,98.0,1.5,-0.8,1.0,GOOD
1790977924758,1690,2038.8,-86.46702091557728,31995.54622907683,72.0,98.0,1.5,-0.8,1.0,GOOD
1790977924758,1691,2056.8,-84.96576559496069,32008.062669046452,72.0,98.0,1.5,-0.8,1.0,GOOD
1790977924758,1692,2047.1,-83.974762776433,32025.857295727546,72.0,98.0,1.5,-0.8,1.0,GOOD
1790977924758,1693,2061.6,-80.56709230736695,31971.593495799792,72.0,98.0,1.5,-0.8,1.0,GOOD
1790977924758,1694,2036.2,-75.32052282795678,31996.05577501512,72.0,98.0,1.5,-0.8,1.0,GOOD
1790977924758,1695,2047.9,-71.94853365189087,31992.064180030542,72.0,98.0,1.5,-0.8,1.0,GOOD
1790977924758,1696,2035.1,-72.8861063436124,31953.807451070785,72.0,98.0,1.5,-0.8,1.0,GOOD
1790977924758,1697,2043.7,-76.53078260611575,31984.109942543102,72.0,98.0,1.5,-0.8,1.0,GOOD
1790977924758,1698,2053.8,-78.76555457983582,31981.452934915123,72.0,98.0,1.5,-0.8,1.0,GOOD
1790977924758,1699,2046.7,-76.537781355797,32000.207721582505,72.0,98.0,1.5,-0.8,1.0,GOOD
1790977924758,1700,2058.9,-70.86938921166369,32046.79805652337,72.0,98.0,1.5,-0.8,1.0,GOOD
1790977929922,1701,2033.6,-65.60213354040476,31985.757116308432,72.0,98.0,1.5,-0.8,1.03,GOOD
1790977929922,1702,2052.4,-63.661541261281016,31966.23084531649,72.0,98.0,1.5,-0.8,1.03,GOOD
1790977929922,1703,2037.3,-64.45261101893942,31963.055315761983,72.0,98.0,1.5,-0.8,1.03,GOOD
1790977929922,1704,2043.7,-65.70664809611594,31995.019248625078,72.0,98.0,1.5,-0.8,1.03,GOOD
1790977929922,1705,2056.7,-65.92297121344546,32041.778615273855,72.0,98.0,1.5,-0.8,1.03,GOOD
1790977929922,1706,2052.3,-63.813062786717225,32010.97674855139,72.0,98.0,1.5,-0.8,1.03,GOOD
1790977929922,1707,2036.6,-60.15329138447792,31987.046504204132,72.0,98.0,1.5,-0.8,1.03,GOOD
1790977929922,1708,2038.7,-57.97439826531152,32043.87746332894,72.0,98.0,1.5,-0.8,1.03,GOOD
1790977929922,1709,2044.1,-58.25116040180255,32017.41941954801,72.0,98.0,1.5,-0.8,1.03,GOOD
1790977929922,1710,2062.0,-58.56994248797079,31991.71333129108,72.0,98.0,1.5,-0.8,1.03,GOOD
1790977929922,1711,2049.4,-56.557967486003626,31982.57441769139,72.0,98.0,1.5,-0.8,1.03,GOOD
1790977929922,1712,2033.8,-53.415337963519896,32014.542516766473,72.0,98.0,1.5,-0.8,1.03,GOOD
1790977929922,1713,2056.5,-51.371681619990255,32002.94187685237,72.0,98.0,1.5,-0.8,1.03,GOOD
1790977929922,1714,2048.0,-49.51625569506524,31980.073297981555,72.0,98.0,1.5,-0.8,1.03,GOOD
1790977929922,1715,2051.1,-47.167963096185886,31960.935685258006,72.0,98.0,1.5,-0.8,1.03,GOOD
1790977929922,1716,2046.7,-46.05871254479112,31979.54817691533,72.0,98.0,1.5,-0.8,1.03,GOOD
1790977929922,1717,2048.1,-46.34715983502622,32020.713816960277,72.0,98.0,1.5,-0.8,1.03,GOOD
1790977929922,1718,2058.8,-45.49957055997972,32047.585932544764,72.0,98.0,1.5,-0.8,1.03,GOOD
1790977929922,1719,2047.2,-42.07485620956365,32032.28686257014,72.0,98.0,1.5,-0.8,1.03,GOOD
1790977929922,1720,2051.8,-38.510104880909864,32001.996190185964,72.0,98.0,1.5,-0.8,1.03,GOOD
1790977929922,1721,2053.2,-37.474755037804925,31968.16359736648,72.0,98.0,1.5,-0.8,1.03,GOOD
1790977929922,1722,2041.1,-38.264009182339706,32008.39285403556,72.0,98.0,1.5,-0.8,1.03,GOOD
1790977929922,1723,2054.5,-38.8103606542519,32046.385667074042,72.0,98.0,1.5,-0.8,1.03,GOOD
1790977929922,1724,2052.5,-37.675678300847835,31980.985904282395,72.0,98.0,1.5,-0.8,1.03,GOOD
1790977929922,1725,2045.3,-35.54652376362465,32041.226387741586,72.0,98.0,1.5,-0.8,1.03,GOOD
1790977935082,1726,2170.3,-29.969610000581554,32017.94115961437,72.0,98.0,1.5,-0.8,1.0,GOOD
1790977935082,1727,2192.8,-9.426450302758129,32019.206857549514,72.0,98.0,1.5,-0.8,1.0,GOOD
1790977935082,1728,2210.3,31.443426937713138,31969.3963350471,72.0,98.0,1.5,-0.8,1.0,GOOD
1790977935082,1729,2222.0,80.0379154621386,32018.55958001443,72.0,98.0,1.5,-0.8,1.0,GOOD
1790977935082,1730,2227.6,119.68820140361086,32016.107082683153,72.0,98.0,1.5,-0.8,1.0,GOOD
1790977935082,1731,2226.7,141.94730467872188,31980.12455550483,72.0,98.0,1.5,-0.8,1.0,GOOD
1790977935082,1732,2219.6,146.53809349348035,31990.320712241504,72.0,98.0,1.5,-0.8,1.0,GOOD
1790977935082,1733,2206.4,138.68414124326557,32014.6792904742,72.0,98.0,1.5,-0.8,1.0,GOOD
1790977935082,1734,2187.5,125.31986759066778,31976.849346990482,72.0,98.0,1.5,-0.8,1.0,GOOD
1790977935082,1735,2163.7,110.55729805402746,31973.059690798524,72.0,98.0,1.5,-0.8,1.0,GOOD
1790977935082,1736,2135.9,93.61241815689435,31978.41838048339,72.0,98.0,1.5,-0.8,1.0,GOOD
1790977935082,1737,2104.9,71.41008605445418,32045.96107797954,72.0,98.0,1.5,-0.8,1.0,GOOD
1790977935082,1738,2071.9,43.063139816507196,31973.32602376929,72.0,98.0,1.5,-0.8,1.0,GOOD
1790977935082,1739,2055.0,11.867763084552845,31977.350392818254,72.0,98.0,1.5,-0.8,1.0,GOOD
1790977935082,1740,2059.4,-15.936153313659112,31951.92227518279,72.0,98.0,1.5,-0.8,1.0,GOOD
1790977935082,1741,2045.5,-35.36040918974862,31966.856275726044,72.0,98.0,1.5,-0.8,1.0,GOOD
1790977935082,1742,2037.2,-46.82835131297015,32044.498954054394,72.0,98.0,1.5,-0.8,1.0,GOOD
1790977935082,1743,2028.7,-54.046790341878015,31963.84894506241,72.0,98.0,1.5,-0.8,1.0,GOOD
1790977935082,1744,1897.7,-64.06913140398355,31982.993945001886,72.0,98.0,1.5,-0.8,1.0,GOOD
1790977935082,1745,1848.1,-90.28445110389869,32016.020702447186,72.0,98.0,1.5,-0.8,1.0,GOOD
1790977935082,1746,1906.9,-135.94317981595853,31966.855239568355,72.0,98.0,1.5,-0.8,1.0,GOOD
1790977935082,1747,2042.2,-175.72232079056414,31985.96654069877,72.0,98.0,1.5,-0.8,1.0,GOOD
1790977935082,1748,2473.5,-159.7092682360307,31987.025976645513,72.0,98.0,1.5,-0.8,1.0,GOOD
1790977935082,1749,2856.7,-31.639286692217343,31961.45310210249,72.0,98.0,1.5,-0.8,1.0,GOOD
1790977935082,1750,3126.2,228.6915784056632,32015.805410895053,72.0,98.0,1.5,-0.8,1.0,GOOD
1790977940246,1751,2061.0,522.8792952751589,32021.216248214838,72.0,98.0,1.5,-0.8,0.99,GOOD
1790977940246,1752,2051.1,646.5301523343975,32045.009608962977,72.0,98.0,1.5,-0.8,0.99,GOOD
1790977940246,1753,2038.9,505.987489360869,31979.868768079097,72.0,98.0,1.5,-0.8,0.99,GOOD
1790977940246,1754,2050.3,221.07465255930322,32038.116411387142,72.0,98.0,1.5,-0.8,0.99,GOOD
1790977940246,1755,2063.0,-39.35189836090659,31986.263709464933,72.0,98.0,1.5,-0.8,0.99,GOOD
1790977940246,1756,2033.4,-181.4343973913464,32026.097704351083,72.0,98.0,1.5,-0.8,0.99,GOOD
1790977940246,1757,2050.7,-189.34860764388424,31972.667124795138,72.0,98.0,1.5,-0.8,0.99,GOOD
1790977940246,1758,2045.0,-112.50519265713812,31958.95643173303,72.0,98.0,1.5,-0.8,0.99,GOOD
1790977940246,1759,2055.9,-35.18389412751192,31990.546589362133,72.0,98.0,1.5,-0.8,0.99,GOOD
1790977940246,1760,2059.2,-16.73497388502474,32005.159589237137,72.0,98.0,1.5,-0.8,0.99,GOOD
1790977940246,1761,2047.0,-47.134659794842804,32025.19165765343,72.0,98.0,1.5,-0.8,0.99,GOOD
1790977940246,1762,2055.3,-72.25745477764832,31981.558091319333,72.0,98.0,1.5,-0.8,0.99,GOOD
1790977940246,1763,2064.8,-60.77150755051997,31980.545126712954,72.0,98.0,1.5,-0.8,0.99,GOOD
1790977940246,1764,2088.8,-33.182059983117554,32023.43125797251,72.0,98.0,1.5,-0.8,0.99,GOOD
1790977940246,1765,2112.6,-23.736124655942135,32030.775975551016,72.0,98.0,1.5,-0.8,0.99,GOOD
1790977940246,1766,2136.0,-30.678683959944387,31984.38440327041,72.0,98.0,1.5,-0.8,0.99,GOOD
1790977940246,1767,2158.9,-21.435324502639375,31989.69452426155,72.0,98.0,1.5,-0.8,0.99,GOOD
1790977940246,1768,2181.2,19.262595264502366,31966.53713560336,72.0,98.0,1.5,-0.8,0.99,GOOD
1790977940246,1769,2202.8,66.80594923854756,31973.736337773942,72.0,98.0,1.5,-0.8,0.99,GOOD
1790977940246,1770,2223.4,89.14173933825177,32024.137128205035,72.0,98.0,1.5,-0.8,0.99,GOOD
1790977940246,1771,2243.1,88.07309251825319,31975.495796999672,72.0,98.0,1.5,-0.8,0.99,GOOD
1790977940246,1772,2261.7,93.84196959868783,31972.07297061109,72.0,98.0,1.5,-0.8,0.99,GOOD
1790977940246,1773,2279.0,123.1025526178216,32030.030014390086,72.0,98.0,1.5,-0.8,0.99,GOOD
1790977940246,1774,2295.0,158.28274510551068,31994.455608948254,72.0,98.0,1.5,-0.8,0.99,GOOD
1790977940246,1775,2309.6,173.7241418240477,32017.220680812297,72.0,98.0,1.5,-0.8,0.99,GOOD
1790977945408,1776,2305.8,169.50473789632892,31966.42455755764,72.0,98.0,1.5,-0.8,1.04,GOOD
1790977945408,1777,2290.8,166.84222317603155,32015.788879581993,72.0,98.0,1.5,-0.8,1.04,GOOD
1790977945408,1778,2274.4,175.5793072064937,31958.087979138418,72.0,98.0,1.5,-0.8,1.04,GOOD
1790977945408,1779,2256.8,180.54462031376355,31956.72729935384,72.0,98.0,1.5,-0.8,1.04,GOOD
1790977945408,1780,2237.9,163.23376691865525,31984.191852266864,72.0,98.0,1.5,-0.8,1.04,GOOD
1790977945408,1781,2218.0,127.53654942711732,32036.029024468007,72.0,98.0,1.5,-0.8,1.04,GOOD
1790977945408,1782,2197.1,95.37614987625962,31995.765072678532,72.0,98.0,1.5,-0.8,1.04,GOOD
1790977945408,1783,2175.3,79.38868690548085,31984.446471747924,72.0,98.0,1.5,-0.8,1.04,GOOD
1790977945408,1784,2152.8,69.33476678519693,31993.442622674072,72.0,98.0,1.5,-0.8,1.04,GOOD
1790977945408,1785,2129.8,48.46531452352196,32024.461060597507,72.0,98.0,1.5,-0.8,1.04,GOOD
1790977945408,1786,2106.2,15.900654963089732,32025.737945476918,72.0,98.0,1.5,-0.8,1.04,GOOD
1790977945408,1787,2082.4,-14.228523923868453,32028.223537102305,72.0,98.0,1.5,-0.8,1.04,GOOD
1790977945408,1788,2058.3,-32.9013413936188,31993.598797531537,72.0,98.0,1.5,-0.8,1.04,GOOD
1790977945408,1789,2037.0,-47.100315291864504,32012.11337453788,72.0,98.0,1.5,-0.8,1.04,GOOD
1790977945408,1790,2059.8,-66.65838852386307,31966.945963853297,72.0,98.0,1.5,-0.8,1.04,GOOD
1790977945408,1791,2050.4,-87.40900681950338,31993.441578841812,72.0,98.0,1.5,-0.8,1.04,GOOD
1790977945408,1792,2037.4,-97.46624050807938,31966.096933309098,72.0,98.0,1.5,-0.8,1.04,GOOD
1790977945408,1793,2051.9,-93.84646929297888,31996.186060160457,72.0,98.0,1.5,-0.8,1.04,GOOD
1790977945408,1794,2062.8,-83.94091132253641,31997.07374091855,72.0,98.0,1.5,-0.8,1.04,GOOD
1790977945408,1795,2044.7,-77.15855795726678,31998.18330235142,72.0,98.0,1.5,-0.8,1.04,GOOD
1790977945408,1796,2048.2,-77.60674813660052,32034.58407808722,72.0,98.0,1.5,-0.8,1.04,GOOD
1790977945408,1797,2042.7,-80.9585486967728,32027.98116572382,72.0,98.0,1.5,-0.8,1.04,GOOD
1790977945408,1798,2051.5,-80.785040035972,31985.41867815373,72.0,98.0,1.5,-0.8,1.04,GOOD
1790977945408,1799,2047.5,-77.1051077578108,31982.56562748881,72.0,98.0,1.5,-0.8,1.04,GOOD
1790977945408,1800,2052.1,-74.74830286706707,31961.62616255849,72.0,98.0,1.5,-0.8,1.04,GOOD
1790977950570,1801,2056.1,-75.18713260150759,31976.894611671607,72.0,98.0,1.5,-0.8,0.97,GOOD
1790977950570,1802,2061.9,-74.22903630623054,31972.559893071895,72.0,98.0,1.5,-0.8,0.97,GOOD
1790977950570,1803,2048.3,-68.97467595583561,31974.39740980561,72.0,98.0,1.5,-0.8,0.97,GOOD
1790977950570,1804,2061.3,-62.57411090626461,32032.638678906158,72.0,98.0,1.5,-0.8,0.97,GOOD
1790977950570,1805,2048.9,-59.602770924115525,31989.35976142837,72.0,98.0,1.5,-0.8,0.97,GOOD
1790977950570,1806,2040.0,-61.4865803583623,31990.818201886435,72.0,98.0,1.5,-0.8,0.97,GOOD
1790977950570,1807,2047.1,-66.21126827963349,31976.163473706685,72.0,98.0,1.5,-0.8,0.97,GOOD
1790977950570,1808,2036.6,-70.00178267367832,32005.807939611008,72.0,98.0,1.5,-0.8,0.97,GOOD
1790977950570,1809,2034.2,-71.55896248387114,31989.658645846004,72.0,98.0,1.5,-0.8,0.97,GOOD
1790977950570,1810,2041.1,-72.4352965700796,31951.719612879886,72.0,98.0,1.5,-0.8,0.97,GOOD
1790977950570,1811,2048.5,-72.75486816537826,32009.592730463693,72.0,98.0,1.5,-0.8,0.97,GOOD
1790977950570,1812,2041.0,-71.24700025056887,32046.496849402,72.0,98.0,1.5,-0.8,0.97,GOOD
1790977950570,1813,2033.8,-68.51249490065858,31979.362984590633,72.0,98.0,1.5,-0.8,0.97,GOOD
1790977950570,1814,2039.7,-66.31229028920873,31976.447177197697,72.0,98.0,1.5,-0.8,0.97,GOOD
1790977950570,1815,2049.4,-64.54858452549468,31952.474827186845,72.0,98.0,1.5,-0.8,0.97,GOOD
1790977950570,1816,2057.2,-61.74804337520358,31967.16203338502,72.0,98.0,1.5,-0.8,0.97,GOOD
1790977950570,1817,2034.0,-58.41075271211264,31983.18893533304,72.0,98.0,1.5,-0.8,0.97,GOOD
1790977950570,1818,2047.5,-56.719095091716646,31990.08589863786,72.0,98.0,1.5,-0.8,0.97,GOOD
1790977950570,1819,2043.1,-56.15884986537441,32045.022463700912,72.0,98.0,1.5,-0.8,0.97,GOOD
1790977950570,1820,2034.8,-54.973281702747215,31996.878478304578,72.0,98.0,1.5,-0.8,0.97,GOOD
1790977950570,1821,2059.6,-53.77320455890492,31980.201284697538,72.0,98.0,1.5,-0.8,0.97,GOOD
1790977950570,1822,2037.5,-53.275215856626,31986.69460090806,72.0,98.0,1.5,-0.8,0.97,GOOD
1790977950570,1823,2036.2,-53.620082555648644,32041.442906838256,72.0,98.0,1.5,-0.8,0.97,GOOD
1790977950570,1824,2048.4,-53.90857296188116,32036.226824865058,72.0,98.0,1.5,-0.8,0.97,GOOD
1790977950570,1825,2047.0,-51.64836448302055,32019.087236097585,72.0,98.0,1.5,-0.8,0.97,GOOD
1790977955734,1826,2062.4,-46.7880873011287,32008.20205397037,72.0,98.0,1.5,-0.8,1.0,GOOD
1790977955734,1827,2034.9,-42.848247902131995,31955.378316832066,72.0,98.0,1.5,-0.8,1.0,GOOD
1790977955734,1828,2035.7,-43.05212268081985,32001.817227846193,72.0,98.0,1.5,-0.8,1.0,GOOD
1790977955734,1829,2047.5,-45.750710453215376,32015.482421982477,72.0,98.0,1.5,-0.8,1.0,GOOD
1790977955734,1830,2061.4,-45.39308558870424,32025.522184005622,72.0,98.0,1.5,-0.8,1.0,GOOD
1790977955734,1831,2040.6,-40.96614589777218,31968.43151347656,72.0,98.0,1.5,-0.8,1.0,GOOD
1790977955734,1832,2052.2,-37.712607812060696,32017.11034922249,72.0,98.0,1.5,-0.8,1.0,GOOD
1790977955734,1833,2044.4,-37.96240531772009,32036.22208413288,72.0,98.0,1.5,-0.8,1.0,GOOD
1790977955734,1834,2045.1,-38.32846701567864,31958.67461049291,72.0,98.0,1.5,-0.8,1.0,GOOD
1790977955734,1835,2033.3,-37.0019603898501,31982.33598224786,72.0,98.0,1.5,-0.8,1.0,GOOD
1790977955734,1836,2034.0,-37.01839884040223,32024.18282779478,72.0,98.0,1.5,-0.8,1.0,GOOD
1790977955734,1837,2041.4,-40.84755383295767,32039.43758782235,72.0,98.0,1.5,-0.8,1.0,GOOD
1790977955734,1838,2033.2,-45.819874213662814,32029.823460936223,72.0,98.0,1.5,-0.8,1.0,GOOD
1790977955734,1839,2057.2,-46.58855875369042,31960.065852960437,72.0,98.0,1.5,-0.8,1.0,GOOD
1790977955734,1840,2061.9,-39.91531944149362,31983.615067589548,72.0,98.0,1.5,-0.8,1.0,GOOD
1790977955734,1841,2049.5,-28.910028078597094,31990.759474583283,72.0,98.0,1.5,-0.8,1.0,GOOD
1790977955734,1842,2056.6,-21.231342344700675,31977.159386067568,72.0,98.0,1.5,-0.8,1.0,GOOD
1790977955734,1843,2035.4,-20.532530375369646,32020.024286354706,72.0,98.0,1.5,-0.8,1.0,GOOD
1790977955734,1844,2034.8,-24.454302103275165,31965.916330081025,72.0,98.0,1.5,-0.8,1.0,GOOD
1790977955734,1845,2047.3,-28.90045887593104,32045.52052564749,72.0,98.0,1.5,-0.8,1.0,GOOD
1790977955734,1846,2040.1,-31.35126349604078,31994.503344511362,72.0,98.0,1.5,-0.8,1.0,GOOD
1790977955734,1847,2038.5,-32.715158053027295,31986.714443690653,72.0,98.0,1.5,-0.8,1.0,GOOD
1790977955734,1848,2050.7,-33.753271103938694,32003.684217410228,72.0,98.0,1.5,-0.8,1.0,GOOD
1790977955734,1849,2042.6,-32.03914268822276,32022.411234770127,72.0,98.0,1.5,-0.8,1.0,GOOD
1790977955734,1850,2052.9,-26.567517884320562,32047.430880210075,72.0,98.0,1.5,-0.8,1.0,GOOD
1790977960899,1851,2040.9,-20.84173082900158,31972.941866678393,72.0,98.0,1.5,-0.8,0.97,GOOD
1790977960899,1852,2077.5,-17.95065274743999,32027.901173450995,72.0,98.0,1.5,-0.8,0.97,GOOD
1790977960899,1853,2110.2,-13.744449966474573,32030.8931642681,72.0,98.0,1.5,-0.8,0.97,GOOD
1790977960899,1854,2140.8,0.4180201442000899,32039.94999839481,72.0,98.0,1.5,-0.8,0.97,GOOD
1790977960899,1855,2168.0,27.32623031099921,31963.30901392316,72.0,98.0,1.5,-0.8,0.97,GOOD
1790977960899,1856,2191.1,60.94190482822583,31955.85603167117,72.0,98.0,1.5,-0.8,0.97,GOOD
1790977960899,1857,2209.0,92.48063852893637,32024.888854800778,72.0,98.0,1.5,-0.8,0.97,GOOD
1790977960899,1858,2221.2,116.77833242107326,31961.091445362024,72.0,98.0,1.5,-0.8,0.97,GOOD
1790977960899,1859,2227.3,133.73601414014948,32005.881597001433,72.0,98.0,1.5,-0.8,0.97,GOOD
1790977960899,1860,2227.1,145.06363552476142,32007.405176376662,72.0,98.0,1.5,-0.8,0.97,GOOD
1790977960899,1861,2220.5,150.8520601710693,31969.368021085906,72.0,98.0,1.5,-0.8,0.97,GOOD
1790977960899,1862,2207.8,149.63695794431823,31993.598033255897,72.0,98.0,1.5,-0.8,0.97,GOOD
1790977960899,1863,2189.4,140.91094992605102,31991.899833527736,72.0,98.0,1.5,-0.8,0.97,GOOD
1790977960899,1864,2166.0,126.25736363678722,31967.060810376333,72.0,98.0,1.5,-0.8,0.97,GOOD
1790977960899,1865,2138.5,107.61873648955276,31987.191303221203,72.0,98.0,1.5,-0.8,0.97,GOOD
1790977960899,1866,2107.7,85.23463705616274,31989.881202491048,72.0,98.0,1.5,-0.8,0.97,GOOD
1790977960899,1867,2074.8,58.13209243422905,32002.635521759024,72.0,98.0,1.5,-0.8,0.97,GOOD
1790977960899,1868,2054.2,27.02370961425521,31997.904009105598,72.0,98.0,1.5,-0.8,0.97,GOOD
1790977960899,1869,2043.1,-3.6673837007290313,32014.628737386403,72.0,98.0,1.5,-0.8,0.97,GOOD
1790977960899,1870,2057.6,-27.262584733157013,31987.45893150495,72.0,98.0,1.5,-0.8,0.97,GOOD
1790977960899,1871,2061.2,-38.88223694564344,32022.8387293027,72.0,98.0,1.5,-0.8,0.97,GOOD
1790977960899,1872,2042.0,-39.97022363361212,31976.153248518764,72.0,98.0,1.5,-0.8,0.97,GOOD
1790977960899,1873,1906.8,-42.84009783186495,31982.39101764386,72.0,98.0,1.5,-0.8,0.97,GOOD
1790977960899,1874,1848.1,-66.72487538348759,31965.517252534388,72.0,98.0,1.5,-0.8,0.97,GOOD
1790977960899,1875,1897.8,-115.3952901050178,32005.681492060492,72.0,98.0,1.5,-0.8,0.97,GOOD
