timestamp_ms,sample_seq,ecg_raw,ecg_cleaned,ppg_dc_ir,ecg_bpm,spo2_pct,pitch_deg,roll_deg,motion_g,signal_quality
27023,1,1891.0,74.41347995210666,433.0,100.1,98.0,-1.7,-0.3,1.08,GOOD
27023,2,1918.0,390.2154918533596,433.0,100.1,98.0,-1.7,-0.3,1.08,GOOD
27023,3,1924.0,957.3400081729999,433.0,100.1,98.0,-1.7,-0.3,1.08,GOOD
27023,4,1940.0,1538.4533982994806,433.0,100.1,98.0,-1.7,-0.3,1.08,GOOD
27023,5,1879.0,1917.096495787241,433.0,100.1,98.0,-1.7,-0.3,1.08,GOOD
27023,6,1861.0,2036.1606283847323,433.0,100.1,98.0,-1.7,-0.3,1.08,GOOD
27023,7,1853.0,1943.1987220457574,433.0,100.1,98.0,-1.7,-0.3,1.08,GOOD
27023,8,1867.0,1751.2154035596775,433.0,100.1,98.0,-1.7,-0.3,1.08,GOOD
27023,9,1893.0,1594.2511935854914,434.0,100.1,98.0,-1.7,-0.3,1.08,GOOD
27023,10,1863.0,1547.928780731686,434.0,100.1,98.0,-1.7,-0.3,1.08,GOOD
27023,11,1841.0,1578.4830516154616,434.0,100.1,98.0,-1.7,-0.3,1.08,GOOD
27023,12,1833.0,1593.0992535618252,434.0,100.1,98.0,-1.7,-0.3,1.08,GOOD
27023,13,2020.0,1552.3171729291341,434.0,100.1,98.0,-1.7,-0.3,1.08,GOOD
27023,14,2018.0,1508.9964794567882,434.0,100.1,98.0,-1.7,-0.3,1.08,GOOD
27023,15,2024.0,1521.3074555497274,434.0,100.1,98.0,-1.7,-0.3,1.08,GOOD
27023,16,1928.0,1567.7057661662488,434.0,100.1,98.0,-1.7,-0.3,1.08,GOOD
27023,17,1947.0,1577.6921647061085,434.0,100.1,98.0,-1.7,-0.3,1.08,GOOD
27023,18,1963.0,1521.980894381078,434.0,100.1,98.0,-1.7,-0.3,1.08,GOOD
27023,19,1981.0,1442.5283049521968,434.0,100.1,98.0,-1.7,-0.3,1.08,GOOD
27023,20,1845.0,1389.6376376181663,435.0,100.1,98.0,-1.7,-0.3,1.08,GOOD
27023,21,1854.0,1359.6951215921285,435.0,100.1,98.0,-1.7,-0.3,1.08,GOOD
27023,22,1849.0,1317.4539314792855,435.0,100.1,98.0,-1.7,-0.3,1.08,GOOD
27023,23,1948.0,1255.048277225032,435.0,100.1,98.0,-1.7,-0.3,1.08,GOOD
27023,24,1937.0,1203.4132909857483,435.0,100.1,98.0,-1.7,-0.3,1.08,GOOD
27023,25,1930.0,1190.1585636649907,435.0,100.1,98.0,-1.7,-0.3,1.08,GOOD
27135,26,1925.0,1204.4059755961466,435.0,100.1,98.0,-1.6,-0.2,1.07,GOOD
27135,27,1937.0,1211.0903606776465,435.0,100.1,98.0,-1.6,-0.2,1.07,GOOD
27135,28,1917.0,1187.6669492363667,435.0,100.1,98.0,-1.6,-0.2,1.07,GOOD
27135,29,1911.0,1141.3404684602144,435.0,100.1,98.0,-1.6,-0.2,1.07,GOOD
27135,30,1912.0,1096.7140500292528,435.0,100.1,98.0,-1.6,-0.2,1.07,GOOD
27135,31,2033.0,1073.4965855742432,435.0,100.1,98.0,-1.6,-0.2,1.07,GOOD
27135,32,2031.0,1074.3088397586832,435.0,100.1,98.0,-1.6,-0.2,1.07,GOOD
27135,33,2030.0,1083.882756908806,435.0,100.1,98.0,-1.6,-0.2,1.07,GOOD
27135,34,1977.0,1083.5653561297104,435.0,100.1,98.0,-1.6,-0.2,1.07,GOOD
27135,35,2002.0,1068.7987115417498,435.0,100.1,98.0,-1.6,-0.2,1.07,GOOD
27135,36,2008.0,1046.1961210554011,435.0,100.1,98.0,-1.6,-0.2,1.07,GOOD
27135,37,2011.0,1018.6946989296501,435.0,100.1,98.0,-1.6,-0.2,1.07,GOOD
27135,38,1908.0,980.3330422034156,435.0,100.1,98.0,-1.6,-0.2,1.07,GOOD
27135,39,1929.0,928.235699036842,435.0,100.1,98.0,-1.6,-0.2,1.07,GOOD
27135,40,1934.0,875.690833616663,435.0,100.1,98.0,-1.6,-0.2,1.07,GOOD
27135,41,1886.0,836.420127796599,435.0,100.1,98.0,-1.6,-0.2,1.07,GOOD
27135,42,1878.0,802.6591412202966,435.0,100.1,98.0,-1.6,-0.2,1.07,GOOD
27135,43,1870.0,761.1799028026126,435.0,100.1,98.0,-1.6,-0.2,1.07,GOOD
27135,44,1865.0,716.2326819880866,435.0,100.1,98.0,-1.6,-0.2,1.07,GOOD
27135,45,1980.0,685.593625798841,435.0,100.1,98.0,-1.6,-0.2,1.07,GOOD
27135,46,1953.0,681.8637591018266,435.0,100.1,98.0,-1.6,-0.2,1.07,GOOD
27135,47,1938.0,693.7909498429547,435.0,100.1,98.0,-1.6,-0.2,1.07,GOOD
27135,48,1945.0,697.0533840196542,435.0,100.1,98.0,-1.6,-0.2,1.07,GOOD
27135,49,2054.0,688.1153329364837,435.0,100.1,98.0,-1.6,-0.2,1.07,GOOD
27135,50,2055.0,685.1017905818067,435.0,100.1,98.0,-1.6,-0.2,1.07,GOOD
27245,51,2039.0,694.1808190235708,435.0,100.1,98.0,-1.7,-0.1,1.08,GOOD
27245,52,1979.0,698.1065531364715,435.0,100.1,98.0,-1.7,-0.1,1.08,GOOD
27245,53,1999.0,680.9523273778693,435.0,100.1,98.0,-1.7,-0.1,1.08,GOOD
27245,54,2012.0,647.4691677408518,435.0,100.1,98.0,-1.7,-0.1,1.08,GOOD
27245,55,2019.0,612.8816019847699,435.0,100.1,98.0,-1.7,-0.1,1.08,GOOD
27245,56,1867.0,579.3580008505595,435.0,100.1,98.0,-1.7,-0.1,1.08,GOOD
27245,57,1876.0,534.4755338195357,435.0,100.1,98.0,-1.7,-0.1,1.08,GOOD
27245,58,1881.0,477.6540086914137,435.0,100.1,98.0,-1.7,-0.1,1.08,GOOD
27245,59,1977.0,428.7971949512577,435.0,100.1,98.0,-1.7,-0.1,1.08,GOOD
27245,60,1975.0,405.3477080519962,435.0,100.1,98.0,-1.7,-0.1,1.08,GOOD
27245,61,2004.0,406.80517586382416,435.0,100.1,98.0,-1.7,-0.1,1.08,GOOD
27245,62,1995.0,422.4432643140437,435.0,100.1,98.0,-1.7,-0.1,1.08,GOOD
27245,63,1984.0,440.01438922744455,434.0,100.1,98.0,-1.7,-0.1,1.08,GOOD
27245,64,1967.0,444.55117647635007,434.0,100.1,98.0,-1.7,-0.1,1.08,GOOD
27245,65,1916.0,422.48470165695096,434.0,100.1,98.0,-1.7,-0.1,1.08,GOOD
27245,66,1938.0,375.28288747265157,434.0,100.1,98.0,-1.7,-0.1,1.08,GOOD
27245,67,2119.0,331.9639884432804,434.0,100.1,98.0,-1.7,-0.1,1.08,GOOD
27245,68,2135.0,331.59840975474435,434.0,100.1,98.0,-1.7,-0.1,1.08,GOOD
27245,69,2139.0,376.42247353698497,434.0,100.1,98.0,-1.7,-0.1,1.08,GOOD
27245,70,2027.0,423.3492074491125,434.0,100.1,98.0,-1.7,-0.1,1.08,GOOD
27245,71,2041.0,430.90765261945046,434.0,100.1,98.0,-1.7,-0.1,1.08,GOOD
27245,72,2040.0,397.6778012248175,434.0,100.1,98.0,-1.7,-0.1,1.08,GOOD
27245,73,2062.0,350.5308122876762,434.0,100.1,98.0,-1.7,-0.1,1.08,GOOD
27245,74,1939.0,305.95757845620386,434.0,100.1,98.0,-1.7,-0.1,1.08,GOOD
27245,75,1943.0,259.0294203133601,434.0,100.1,98.0,-1.7,-0.1,1.08,GOOD
27358,76,1933.0,208.79958245736734,434.0,97.9,98.0,-1.7,-0.2,1.08,GOOD
27358,77,1888.0,165.56266152039515,434.0,97.9,98.0,-1.7,-0.2,1.08,GOOD
27358,78,1876.0,130.10238238678667,434.0,97.9,98.0,-1.7,-0.2,1.08,GOOD
27358,79,1890.0,94.89629544528417,434.0,97.9,98.0,-1.7,-0.2,1.08,GOOD
27358,80,1881.0,61.30771904292237,434.0,97.9,98.0,-1.7,-0.2,1.08,GOOD
27358,81,2034.0,43.67751045664497,434.0,97.9,98.0,-1.7,-0.2,1.08,GOOD
27358,82,2003.0,57.34454567216271,434.0,97.9,98.0,-1.7,-0.2,1.08,GOOD
27358,83,1991.0,93.2326491343809,434.0,97.9,98.0,-1.7,-0.2,1.08,GOOD
27358,84,1988.0,120.53913765122657,434.0,97.9,98.0,-1.7,-0.2,1.08,GOOD
27358,85,2017.0,123.21782240173495,434.0,97.9,98.0,-1.7,-0.2,1.08,GOOD
27358,86,2037.0,111.64391926302724,434.0,97.9,98.0,-1.7,-0.2,1.08,GOOD
27358,87,2036.0,101.33854631891107,434.0,97.9,98.0,-1.7,-0.2,1.08,GOOD
27358,88,2086.0,98.06251678927667,434.0,97.9,98.0,-1.7,-0.2,1.08,GOOD
27358,89,2134.0,103.36887334714064,434.0,97.9,98.0,-1.7,-0.2,1.08,GOOD
27358,90,2154.0,119.16467640789108,434.0,97.9,98.0,-1.7,-0.2,1.08,GOOD
27358,91,2169.0,142.0211058413508,434.0,97.9,98.0,-1.7,-0.2,1.08,GOOD
27358,92,2681.0,182.88224614213533,434.0,97.9,98.0,-1.7,-0.2,1.08,GOOD
27358,93,2678.0,277.81100264557193,434.0,97.9,98.0,-1.7,-0.2,1.08,GOOD
27358,94,2702.0,426.0688242905545,434.0,97.9,98.0,-1.7,-0.2,1.08,GOOD
27358,95,1846.0,534.7218938349909,433.0,97.9,98.0,-1.7,-0.2,1.08,GOOD
27358,96,1820.0,477.79120254634984,433.0,97.9,98.0,-1.7,-0.2,1.08,GOOD
27358,97,1759.0,237.78211799376638,433.0,97.9,98.0,-1.7,-0.2,1.08,GOOD
27358,98,1686.0,-72.17793239898721,433.0,97.9,98.0,-1.7,-0.2,1.08,GOOD
27358,99,1661.0,-334.25367446563564,433.0,97.9,98.0,-1.7,-0.2,1.08,GOOD
27358,100,1710.0,-486.0043413834203,433.0,97.9,98.0,-1.7,-0.2,1.08,GOOD
27456,101,1705.0,-511.5457104569896,433.0,97.9,98.0,-1.7,-0.2,1.09,GOOD
27456,102,1657.0,-454.5557228917021,433.0,97.9,98.0,-1.7,-0.2,1.09,GOOD
27456,103,2136.0,-380.8611313161493,433.0,97.9,98.0,-1.7,-0.2,1.09,GOOD
27456,104,2174.0,-301.3191665855438,433.0,97.9,98.0,-1.7,-0.2,1.09,GOOD
27456,105,2209.0,-192.44381600417367,433.0,97.9,98.0,-1.7,-0.2,1.09,GOOD
27456,106,2214.0,-60.94357766751006,433.0,97.9,98.0,-1.7,-0.2,1.09,GOOD
27456,107,1961.0,47.11246989885112,433.0,97.9,98.0,-1.7,-0.2,1.09,GOOD
27456,108,1933.0,65.92662551190993,433.0,97.9,98.0,-1.7,-0.2,1.09,GOOD
27456,109,1963.0,-26.448334564513143,433.0,97.9,98.0,-1.7,-0.2,1.09,GOOD
27456,110,2022.0,-163.47615573532013,433.0,97.9,98.0,-1.7,-0.2,1.09,GOOD
27456,111,1979.0,-251.75530421343063,433.0,97.9,98.0,-1.7,-0.2,1.09,GOOD
27456,112,1956.0,-259.68184587187056,433.0,97.9,98.0,-1.7,-0.2,1.09,GOOD
27456,113,1908.0,-230.62264157395063,433.0,97.9,98.0,-1.7,-0.2,1.09,GOOD
27456,114,1925.0,-224.05229992582233,433.0,97.9,98.0,-1.7,-0.2,1.09,GOOD
27456,115,2052.0,-250.60925347965727,433.0,97.9,98.0,-1.7,-0.2,1.09,GOOD
27456,116,2071.0,-267.9717133357941,433.0,97.9,98.0,-1.7,-0.2,1.09,GOOD
27456,117,2038.0,-243.91339547725252,433.0,97.9,98.0,-1.7,-0.2,1.09,GOOD
27456,118,1993.0,-200.35630442987033,433.0,97.9,98.0,-1.7,-0.2,1.09,GOOD
27456,119,2111.0,-177.3470556839015,433.0,97.9,98.0,-1.7,-0.2,1.09,GOOD
27456,120,2137.0,-178.84087652851977,433.0,97.9,98.0,-1.7,-0.2,1.09,GOOD
27456,121,2144.0,-179.10056714984836,433.0,97.9,98.0,-1.7,-0.2,1.09,GOOD
27456,122,2119.0,-163.2757202994656,433.0,97.9,98.0,-1.7,-0.2,1.09,GOOD
27456,123,2137.0,-140.29761828883971,433.0,97.9,98.0,-1.7,-0.2,1.09,GOOD
27456,124,2139.0,-127.8219833544003,433.0,97.9,98.0,-1.7,-0.2,1.09,GOOD
27456,125,2167.0,-133.82416891941145,433.0,97.9,98.0,-1.7,-0.2,1.09,GOOD
27554,126,2179.0,-148.4575774841174,433.0,97.9,98.0,-1.8,-0.2,1.08,GOOD
27554,127,2102.0,-157.2745003473085,433.0,97.9,98.0,-1.8,-0.2,1.08,GOOD
27554,128,2099.0,-161.61276440015394,433.0,97.9,98.0,-1.8,-0.2,1.08,GOOD
27554,129,2109.0,-173.4591539007762,433.0,97.9,98.0,-1.8,-0.2,1.08,GOOD
27554,130,2155.0,-195.1800432951556,433.0,97.9,98.0,-1.8,-0.2,1.08,GOOD
27554,131,2189.0,-213.85114022018166,433.0,97.9,98.0,-1.8,-0.2,1.08,GOOD
27554,132,2182.0,-213.5811557676605,433.0,97.9,98.0,-1.8,-0.2,1.08,GOOD
27554,133,2143.0,-194.72972521255377,433.0,97.9,98.0,-1.8,-0.2,1.08,GOOD
27554,134,2148.0,-176.9428106544596,433.0,97.9,98.0,-1.8,-0.2,1.08,GOOD
27554,135,2236.0,-175.53127730942987,432.0,97.9,98.0,-1.8,-0.2,1.08,GOOD
27554,136,2249.0,-182.62682737867374,432.0,97.9,98.0,-1.8,-0.2,1.08,GOOD
27554,137,2246.0,-181.07598366444967,432.0,97.9,98.0,-1.8,-0.2,1.08,GOOD
27554,138,2214.0,-166.7749727356373,432.0,97.9,98.0,-1.8,-0.2,1.08,GOOD
27554,139,2292.0,-148.38616627884605,432.0,97.9,98.0,-1.8,-0.2,1.08,GOOD
27554,140,2291.0,-134.57414969446646,432.0,97.9,98.0,-1.8,-0.2,1.08,GOOD
27554,141,2295.0,-130.06233024440616,432.0,97.9,98.0,-1.8,-0.2,1.08,GOOD
27554,142,2271.0,-134.5723420453324,432.0,97.9,98.0,-1.8,-0.2,1.08,GOOD
27554,143,2329.0,-138.79115234084674,432.0,97.9,98.0,-1.8,-0.2,1.08,GOOD
27554,144,2311.0,-133.08850862188777,432.0,97.9,98.0,-1.8,-0.2,1.08,GOOD
27554,145,2328.0,-123.10669907366153,432.0,97.9,98.0,-1.8,-0.2,1.08,GOOD
27554,146,2329.0,-122.45028857564841,432.0,97.9,98.0,-1.8,-0.2,1.08,GOOD
27554,147,2290.0,-133.3196414791351,432.0,97.9,98.0,-1.8,-0.2,1.08,GOOD
27554,148,2280.0,-147.8038319136536,432.0,97.9,98.0,-1.8,-0.2,1.08,GOOD
27554,149,2271.0,-161.01204344233616,432.0,97.9,98.0,-1.8,-0.2,1.08,GOOD
27554,150,2314.0,-174.56759704075853,432.0,97.9,98.0,-1.8,-0.2,1.08,GOOD
27670,151,2040.0,-200.11057083101326,432.0,97.9,98.0,-1.7,-0.3,1.08,GOOD
27670,152,2047.0,-256.3226420933262,432.0,97.9,98.0,-1.7,-0.3,1.08,GOOD
27670,153,2027.0,-337.8436857016144,432.0,97.9,98.0,-1.7,-0.3,1.08,GOOD
27670,154,2023.0,-412.56424351201406,432.0,97.9,98.0,-1.7,-0.3,1.08,GOOD
27670,155,1900.0,-467.26952992069505,432.0,97.9,98.0,-1.7,-0.3,1.08,GOOD
27670,156,1928.0,-515.0491001401813,432.0,97.9,98.0,-1.7,-0.3,1.08,GOOD
27670,157,1918.0,-557.6271096191876,432.0,97.9,98.0,-1.7,-0.3,1.08,GOOD
27670,158,1864.0,-582.6927212984203,432.0,97.9,98.0,-1.7,-0.3,1.08,GOOD
27670,159,1841.0,-594.0107832911283,432.0,97.9,98.0,-1.7,-0.3,1.08,GOOD
27670,160,1888.0,-607.2094745228117,432.0,97.9,98.0,-1.7,-0.3,1.08,GOOD
27670,161,1884.0,-623.5248411272585,432.0,97.9,98.0,-1.7,-0.3,1.08,GOOD
27670,162,1877.0,-631.7439059186852,432.0,97.9,98.0,-1.7,-0.3,1.08,GOOD
27670,163,1945.0,-623.231594313113,432.0,97.9,98.0,-1.7,-0.3,1.08,GOOD
27670,164,1906.0,-599.0725726495959,432.0,97.9,98.0,-1.7,-0.3,1.08,GOOD
27670,165,1933.0,-573.4142951493225,432.0,97.9,98.0,-1.7,-0.3,1.08,GOOD
27670,166,1929.0,-560.3964786211187,432.0,97.9,98.0,-1.7,-0.3,1.08,GOOD
27670,167,2045.0,-553.7945815855047,431.0,97.9,98.0,-1.7,-0.3,1.08,GOOD
27670,168,2018.0,-534.3652092500141,431.0,97.9,98.0,-1.7,-0.3,1.08,GOOD
27670,169,2000.0,-500.33043717004193,431.0,97.9,98.0,-1.7,-0.3,1.08,GOOD
27670,170,2009.0,-471.70177843673036,431.0,97.9,98.0,-1.7,-0.3,1.08,GOOD
27670,171,1931.0,-465.05264558846153,431.0,97.9,98.0,-1.7,-0.3,1.08,GOOD
27670,172,1944.0,-481.9880888448295,431.0,97.9,98.0,-1.7,-0.3,1.08,GOOD
27670,173,1879.0,-513.1434127756521,431.0,97.9,98.0,-1.7,-0.3,1.08,GOOD
27670,174,1936.0,-545.0409114067622,431.0,97.9,98.0,-1.7,-0.3,1.08,GOOD
27670,175,1904.0,-566.6881151894568,431.0,97.9,98.0,-1.7,-0.3,1.08,GOOD
27768,176,1930.0,-574.1744517746589,431.0,97.9,98.0,-1.7,-0.2,1.08,GOOD
27768,177,1933.0,-569.9355668099525,431.0,97.9,98.0,-1.7,-0.2,1.08,GOOD
27768,178,1914.0,-558.7129679488147,431.0,97.9,98.0,-1.7,-0.2,1.08,GOOD
27768,179,1907.0,-548.1703909615663,431.0,97.9,98.0,-1.7,-0.2,1.08,GOOD
27768,180,1921.0,-544.6906527183448,431.0,97.9,98.0,-1.7,-0.2,1.08,GOOD
27768,181,1926.0,-546.8248316326674,431.0,97.9,98.0,-1.7,-0.2,1.08,GOOD
27768,182,1934.0,-548.367475879475,431.0,97.9,98.0,-1.7,-0.2,1.08,GOOD
27768,183,1894.0,-546.3994259681165,431.0,97.9,98.0,-1.7,-0.2,1.08,GOOD
27768,184,1862.0,-545.8026245282866,431.0,97.9,98.0,-1.7,-0.2,1.08,GOOD
27768,185,1890.0,-552.3809745584338,431.0,97.9,98.0,-1.7,-0.2,1.08,GOOD
27768,186,1894.0,-562.9276597399416,431.0,97.9,98.0,-1.7,-0.2,1.08,GOOD
27768,187,2093.0,-561.9128031605371,431.0,97.9,98.0,-1.7,-0.2,1.08,GOOD
27768,188,2063.0,-529.6226910494154,431.0,97.9,98.0,-1.7,-0.2,1.08,GOOD
27768,189,2053.0,-468.8442271275287,431.0,97.9,98.0,-1.7,-0.2,1.08,GOOD
27768,190,2076.0,-407.8750735909612,431.0,97.9,98.0,-1.7,-0.2,1.08,GOOD
27768,191,2078.0,-368.57200198849654,431.0,97.9,98.0,-1.7,-0.2,1.08,GOOD
27768,192,2049.0,-356.0694559328301,431.0,97.9,98.0,-1.7,-0.2,1.08,GOOD
27768,193,2063.0,-366.22461636714,431.0,97.9,98.0,-1.7,-0.2,1.08,GOOD
27768,194,2048.0,-385.27687044171034,431.0,97.9,98.0,-1.7,-0.2,1.08,GOOD
27768,195,1984.0,-400.22201745259247,430.0,97.9,98.0,-1.7,-0.2,1.08,GOOD
27768,196,2007.0,-411.5939841986076,430.0,97.9,98.0,-1.7,-0.2,1.08,GOOD
27768,197,1994.0,-425.04682205271735,430.0,97.9,98.0,-1.7,-0.2,1.08,GOOD
27768,198,1973.0,-441.49226463547564,430.0,97.9,98.0,-1.7,-0.2,1.08,GOOD
27768,199,1923.0,-459.66109010529203,430.0,97.9,98.0,-1.7,-0.2,1.08,GOOD
27768,200,1933.0,-477.13079380139476,430.0,97.9,98.0,-1.7,-0.2,1.08,GOOD
27864,201,1951.0,-489.3120283275547,430.0,97.9,98.0,-1.7,-0.3,1.07,GOOD
27864,202,1939.0,-494.44713795354073,430.0,97.9,98.0,-1.7,-0.3,1.07,GOOD
27864,203,1926.0,-497.19801282825165,430.0,97.9,98.0,-1.7,-0.3,1.07,GOOD
27864,204,1916.0,-501.0626306432401,430.0,97.9,98.0,-1.7,-0.3,1.07,GOOD
27864,205,1935.0,-502.2668889860641,430.0,97.9,98.0,-1.7,-0.3,1.07,GOOD
27864,206,1935.0,-496.8647034149381,430.0,97.9,98.0,-1.7,-0.3,1.07,GOOD
27864,207,2058.0,-484.156113986942,430.0,97.9,98.0,-1.7,-0.3,1.07,GOOD
27864,208,2078.0,-459.43727507273917,430.0,97.9,98.0,-1.7,-0.3,1.07,GOOD
27864,209,2051.0,-420.4932213235173,430.0,97.9,98.0,-1.7,-0.3,1.07,GOOD
27864,210,2081.0,-377.18070861020703,430.0,97.9,98.0,-1.7,-0.3,1.07,GOOD
27864,211,2065.0,-342.45105519601884,430.0,97.9,98.0,-1.7,-0.3,1.07,GOOD
27864,212,2039.0,-326.84358322632715,430.0,97.9,98.0,-1.7,-0.3,1.07,GOOD
27864,213,2020.0,-336.2922246211123,430.0,97.9,98.0,-1.7,-0.3,1.07,GOOD
27864,214,2022.0,-362.18657627585344,430.0,97.9,98.0,-1.7,-0.3,1.07,GOOD
27864,215,2012.0,-384.9264301159743,429.0,97.9,98.0,-1.7,-0.3,1.07,GOOD
27864,216,2029.0,-392.6602942983616,429.0,97.9,98.0,-1.7,-0.3,1.07,GOOD
27864,217,2011.0,-389.91318320583963,429.0,97.9,98.0,-1.7,-0.3,1.07,GOOD
27864,218,2000.0,-388.50109460924324,429.0,97.9,98.0,-1.7,-0.3,1.07,GOOD
27864,219,1934.0,-395.6561851822704,429.0,97.9,98.0,-1.7,-0.3,1.07,GOOD
27864,220,1979.0,-409.35528815363455,429.0,97.9,98.0,-1.7,-0.3,1.07,GOOD
27864,221,1982.0,-420.46018903619995,429.0,97.9,98.0,-1.7,-0.3,1.07,GOOD
27864,222,1961.0,-424.38061239904266,429.0,97.9,98.0,-1.7,-0.3,1.07,GOOD
27864,223,1926.0,-427.9283127637959,429.0,97.9,98.0,-1.7,-0.3,1.07,GOOD
27864,224,1931.0,-436.4815260317299,429.0,97.9,98.0,-1.7,-0.3,1.07,GOOD
27864,225,1953.0,-443.822257598609,429.0,97.9,98.0,-1.7,-0.3,1.07,GOOD
27963,226,1949.0,-442.6351616316442,429.0,97.9,98.0,-1.8,-0.3,1.07,GOOD
27963,227,2079.0,-431.23196138380655,429.0,97.9,98.0,-1.8,-0.3,1.07,GOOD
27963,228,2048.0,-406.61120154476487,429.0,97.9,98.0,-1.8,-0.3,1.07,GOOD
27963,229,2050.0,-370.28251512340444,429.0,97.9,98.0,-1.8,-0.3,1.07,GOOD
27963,230,2066.0,-333.1981507020496,429.0,97.9,98.0,-1.8,-0.3,1.07,GOOD
27963,231,2149.0,-302.1914394369058,428.0,97.9,98.0,-1.8,-0.3,1.07,GOOD
27963,232,2113.0,-277.3252672154905,428.0,97.9,98.0,-1.8,-0.3,1.07,GOOD
27963,233,2092.0,-262.3362424267168,428.0,97.9,98.0,-1.8,-0.3,1.07,GOOD
27963,234,2089.0,-260.0835027983205,428.0,97.9,98.0,-1.8,-0.3,1.07,GOOD
27963,235,2035.0,-265.84039419266526,428.0,97.9,98.0,-1.8,-0.3,1.07,GOOD
27963,236,2054.0,-276.91022002235945,428.0,97.9,98.0,-1.8,-0.3,1.07,GOOD
27963,237,2051.0,-294.12407515887537,428.0,97.9,98.0,-1.8,-0.3,1.07,GOOD
27963,238,2036.0,-313.6419881521612,428.0,97.9,98.0,-1.8,-0.3,1.07,GOOD
27963,239,2062.0,-326.4787652307777,428.0,97.9,98.0,-1.8,-0.3,1.07,GOOD
27963,240,2097.0,-322.7524758795664,428.0,97.9,98.0,-1.8,-0.3,1.07,GOOD
27963,241,2097.0,-301.668851921616,428.0,97.9,98.0,-1.8,-0.3,1.07,GOOD
27963,242,2081.0,-277.4442013584338,428.0,97.9,98.0,-1.8,-0.3,1.07,GOOD
27963,243,1925.0,-271.64871940759747,428.0,97.9,98.0,-1.8,-0.3,1.07,GOOD
27963,244,1930.0,-297.8645913335404,428.0,97.9,98.0,-1.8,-0.3,1.07,GOOD
27963,245,1945.0,-345.39573702345297,428.0,97.9,98.0,-1.8,-0.3,1.07,GOOD
27963,246,1935.0,-388.6946742870249,428.0,97.9,98.0,-1.8,-0.3,1.07,GOOD
27963,247,1938.0,-414.8210648835129,427.0,97.9,98.0,-1.8,-0.3,1.07,GOOD
27963,248,1924.0,-424.816331560416,427.0,97.9,98.0,-1.8,-0.3,1.07,GOOD
27963,249,1930.0,-420.94483696449834,427.0,97.9,98.0,-1.8,-0.3,1.07,GOOD
27963,250,1951.0,-406.331640265328,427.0,97.9,98.0,-1.8,-0.3,1.07,GOOD
28074,251,2088.0,-383.49088525243616,427.0,93.4,98.0,-1.7,-0.2,1.06,GOOD
28074,252,2053.0,-351.270972760674,427.0,93.4,98.0,-1.7,-0.2,1.06,GOOD
28074,253,2051.0,-313.77896694245123,427.0,93.4,98.0,-1.7,-0.2,1.06,GOOD
28074,254,2065.0,-280.0321693880802,427.0,93.4,98.0,-1.7,-0.2,1.06,GOOD
28074,255,2072.0,-253.82669554794288,426.0,93.4,98.0,-1.7,-0.2,1.06,GOOD
28074,256,2073.0,-238.2838508192001,426.0,93.4,98.0,-1.7,-0.2,1.06,GOOD
28074,257,2071.0,-237.45771920051047,426.0,93.4,98.0,-1.7,-0.2,1.06,GOOD
28074,258,2063.0,-246.4672234778464,426.0,93.4,98.0,-1.7,-0.2,1.06,GOOD
28074,259,2070.0,-252.23477846346526,426.0,93.4,98.0,-1.7,-0.2,1.06,GOOD
28074,260,2115.0,-245.5590751981691,426.0,93.4,98.0,-1.7,-0.2,1.06,GOOD
28074,261,2121.0,-228.6787464140032,426.0,93.4,98.0,-1.7,-0.2,1.06,GOOD
28074,262,2137.0,-211.02938864962144,426.0,93.4,98.0,-1.7,-0.2,1.06,GOOD
28074,263,2797.0,-171.25173489720925,425.0,93.4,98.0,-1.7,-0.2,1.06,GOOD
28074,264,2797.0,-47.85485174238001,425.0,93.4,98.0,-1.7,-0.2,1.06,GOOD
28074,265,2816.0,163.73391458827456,425.0,93.4,98.0,-1.7,-0.2,1.06,GOOD
28074,266,2800.0,374.7491992495969,425.0,93.4,98.0,-1.7,-0.2,1.06,GOOD
28074,267,2030.0,473.9398657996668,425.0,93.4,98.0,-1.7,-0.2,1.06,GOOD
28074,268,1957.0,376.5536910886568,425.0,93.4,98.0,-1.7,-0.2,1.06,GOOD
28074,269,1915.0,100.73044790194754,425.0,93.4,98.0,-1.7,-0.2,1.06,GOOD
28074,270,1887.0,-218.6806415723771,425.0,93.4,98.0,-1.7,-0.2,1.06,GOOD
28074,271,1762.0,-456.85127387416367,424.0,93.4,98.0,-1.7,-0.2,1.06,GOOD
28074,272,1777.0,-575.0555117107544,424.0,93.4,98.0,-1.7,-0.2,1.06,GOOD
28074,273,1750.0,-594.4125867475318,424.0,93.4,98.0,-1.7,-0.2,1.06,GOOD
28074,274,1770.0,-564.1144634288804,424.0,93.4,98.0,-1.7,-0.2,1.06,GOOD
28074,275,2142.0,-521.8475104896122,424.0,93.4,98.0,-1.7,-0.2,1.06,GOOD
28173,276,2191.0,-456.12320027815286,424.0,93.4,98.0,-1.7,-0.1,1.08,GOOD
28173,277,2204.0,-345.19104051534055,424.0,93.4,98.0,-1.7,-0.1,1.08,GOOD
28173,278,2204.0,-209.66763623878148,424.0,93.4,98.0,-1.7,-0.1,1.08,GOOD
28173,279,1944.0,-106.8036835023083,423.0,93.4,98.0,-1.7,-0.1,1.08,GOOD
28173,280,1953.0,-97.13348403971291,423.0,93.4,98.0,-1.7,-0.1,1.08,GOOD
28173,281,1969.0,-184.88237591737692,423.0,93.4,98.0,-1.7,-0.1,1.08,GOOD
28173,282,1988.0,-299.4521069374246,423.0,93.4,98.0,-1.7,-0.1,1.08,GOOD
28173,283,2023.0,-363.0102553938508,423.0,93.4,98.0,-1.7,-0.1,1.08,GOOD
28173,284,2025.0,-353.0045752429978,423.0,93.4,98.0,-1.7,-0.1,1.08,GOOD
28173,285,2030.0,-303.4702334776435,423.0,93.4,98.0,-1.7,-0.1,1.08,GOOD
28173,286,2034.0,-262.14455546031445,423.0,93.4,98.0,-1.7,-0.1,1.08,GOOD
28173,287,2001.0,-248.71235425673729,422.0,93.4,98.0,-1.7,-0.1,1.08,GOOD
28173,288,2001.0,-252.84872332656147,422.0,93.4,98.0,-1.7,-0.1,1.08,GOOD
28173,289,1997.0,-258.6494967379915,422.0,93.4,98.0,-1.7,-0.1,1.08,GOOD
28173,290,1996.0,-262.7481210577494,422.0,93.4,98.0,-1.7,-0.1,1.08,GOOD
28173,291,2112.0,-265.9614668087345,422.0,93.4,98.0,-1.7,-0.1,1.08,GOOD
28173,292,2083.0,-257.8019525659903,422.0,93.4,98.0,-1.7,-0.1,1.08,GOOD
28173,293,2100.0,-229.51331057449653,422.0,93.4,98.0,-1.7,-0.1,1.08,GOOD
28173,294,2074.0,-190.98517695191615,422.0,93.4,98.0,-1.7,-0.1,1.08,GOOD
28173,295,2171.0,-159.21756751853866,422.0,93.4,98.0,-1.7,-0.1,1.08,GOOD
28173,296,2159.0,-140.0292501849242,422.0,93.4,98.0,-1.7,-0.1,1.08,GOOD
28173,297,2162.0,-128.58063476266153,422.0,93.4,98.0,-1.7,-0.1,1.08,GOOD
28173,298,2154.0,-118.26442904387847,422.0,93.4,98.0,-1.7,-0.1,1.08,GOOD
28173,299,2221.0,-102.87350067120452,421.0,93.4,98.0,-1.7,-0.1,1.08,GOOD
28173,300,2220.0,-80.8596221699025,421.0,93.4,98.0,-1.7,-0.1,1.08,GOOD
28271,301,2231.0,-60.11169160374328,421.0,93.4,98.0,-1.8,-0.2,1.07,GOOD
28271,302,2262.0,-47.06720264516962,421.0,93.4,98.0,-1.8,-0.2,1.07,GOOD
28271,303,2187.0,-38.28657971334111,421.0,93.4,98.0,-1.8,-0.2,1.07,GOOD
28271,304,2191.0,-33.145815475419795,421.0,93.4,98.0,-1.8,-0.2,1.07,GOOD
28271,305,2168.0,-38.5812144509229,421.0,93.4,98.0,-1.8,-0.2,1.07,GOOD
28271,306,2185.0,-57.45020518033588,421.0,93.4,98.0,-1.8,-0.2,1.07,GOOD
28271,307,2248.0,-79.08590664815975,421.0,93.4,98.0,-1.8,-0.2,1.07,GOOD
28271,308,2256.0,-83.14314588749397,421.0,93.4,98.0,-1.8,-0.2,1.07,GOOD
28271,309,2252.0,-61.29021021281175,421.0,93.4,98.0,-1.8,-0.2,1.07,GOOD
28271,310,2242.0,-28.909665120987434,421.0,93.4,98.0,-1.8,-0.2,1.07,GOOD
28271,311,2354.0,-4.076313208204203,420.0,93.4,98.0,-1.8,-0.2,1.07,GOOD
28271,312,2354.0,14.41570301933129,420.0,93.4,98.0,-1.8,-0.2,1.07,GOOD
28271,313,2349.0,35.508102777542746,420.0,93.4,98.0,-1.8,-0.2,1.07,GOOD
28271,314,2347.0,58.37563988171948,420.0,93.4,98.0,-1.8,-0.2,1.07,GOOD
28271,315,2424.0,79.3122778276651,420.0,93.4,98.0,-1.8,-0.2,1.07,GOOD
28271,316,2397.0,98.03970257576663,420.0,93.4,98.0,-1.8,-0.2,1.07,GOOD
28271,317,2402.0,110.66098064269,420.0,93.4,98.0,-1.8,-0.2,1.07,GOOD
28271,318,2383.0,112.71570373238478,420.0,93.4,98.0,-1.8,-0.2,1.07,GOOD
28271,319,2260.0,102.95029499305167,420.0,93.4,98.0,-1.8,-0.2,1.07,GOOD
28271,320,2260.0,76.7589621935848,420.0,93.4,98.0,-1.8,-0.2,1.07,GOOD
28271,321,2259.0,34.183690164846766,420.0,93.4,98.0,-1.8,-0.2,1.07,GOOD
28271,322,2275.0,-11.343220016051099,420.0,93.4,98.0,-1.8,-0.2,1.07,GOOD
28271,323,2009.0,-53.59660172409092,420.0,93.4,98.0,-1.8,-0.2,1.07,GOOD
28271,324,2017.0,-106.46330283834773,420.0,93.4,98.0,-1.8,-0.2,1.07,GOOD
28271,325,2002.0,-173.81239799962856,420.0,93.4,98.0,-1.8,-0.2,1.07,GOOD
28370,326,1976.0,-238.19876232770713,420.0,93.4,98.0,-1.7,-0.2,1.08,GOOD
28370,327,1899.0,-291.20219421132464,420.0,93.4,98.0,-1.7,-0.2,1.08,GOOD
28370,328,1946.0,-334.45518644710086,420.0,93.4,98.0,-1.7,-0.2,1.08,GOOD
28370,329,1926.0,-358.94158801699984,420.0,93.4,98.0,-1.7,-0.2,1.08,GOOD
28370,330,1900.0,-358.4194936006842,420.0,93.4,98.0,-1.7,-0.2,1.08,GOOD
28370,331,1862.0,-349.53007988916175,420.0,93.4,98.0,-1.7,-0.2,1.08,GOOD
28370,332,1862.0,-354.8226892859374,420.0,93.4,98.0,-1.7,-0.2,1.08,GOOD
28370,333,1870.0,-375.14537205065983,420.0,93.4,98.0,-1.7,-0.2,1.08,GOOD
28370,334,1870.0,-391.7918237570287,420.0,93.4,98.0,-1.7,-0.2,1.08,GOOD
28370,335,1991.0,-386.42485796820665,419.0,93.4,98.0,-1.7,-0.2,1.08,GOOD
28370,336,1968.0,-354.27651341821144,419.0,93.4,98.0,-1.7,-0.2,1.08,GOOD
28370,337,1965.0,-310.41458441967865,419.0,93.4,98.0,-1.7,-0.2,1.08,GOOD
28370,338,1983.0,-275.7255663410517,419.0,93.4,98.0,-1.7,-0.2,1.08,GOOD
28370,339,2001.0,-253.7485518799381,419.0,93.4,98.0,-1.7,-0.2,1.08,GOOD
28370,340,1982.0,-237.49023543951216,419.0,93.4,98.0,-1.7,-0.2,1.08,GOOD
28370,341,1962.0,-228.3164349112556,419.0,93.4,98.0,-1.7,-0.2,1.08,GOOD
28370,342,1970.0,-231.40368550434337,419.0,93.4,98.0,-1.7,-0.2,1.08,GOOD
28370,343,1895.0,-244.65767296481718,419.0,93.4,98.0,-1.7,-0.2,1.08,GOOD
28370,344,1905.0,-262.5720973167621,419.0,93.4,98.0,-1.7,-0.2,1.08,GOOD
28370,345,1888.0,-280.4870506822907,419.0,93.4,98.0,-1.7,-0.2,1.08,GOOD
28370,346,1880.0,-295.6121175944538,419.0,93.4,98.0,-1.7,-0.2,1.08,GOOD
28370,347,1858.0,-308.8734432002517,419.0,93.4,98.0,-1.7,-0.2,1.08,GOOD
28370,348,1874.0,-319.75611208067266,419.0,93.4,98.0,-1.7,-0.2,1.08,GOOD
28370,349,1866.0,-323.39718939032883,419.0,93.4,98.0,-1.7,-0.2,1.08,GOOD
28370,350,1883.0,-317.5787992953637,419.0,93.4,98.0,-1.7,-0.2,1.08,GOOD
28479,351,1854.0,-307.67628099849185,419.0,93.4,98.0,-1.8,-0.2,1.08,GOOD
28479,352,1860.0,-301.7492586950909,419.0,93.4,98.0,-1.8,-0.2,1.08,GOOD
28479,353,1890.0,-300.23054347706477,419.0,93.4,98.0,-1.8,-0.2,1.08,GOOD
28479,354,1877.0,-295.61217326163995,419.0,93.4,98.0,-1.8,-0.2,1.08,GOOD
28479,355,1992.0,-280.7358548876338,419.0,93.4,98.0,-1.8,-0.2,1.08,GOOD
28479,356,1969.0,-251.80470562876653,419.0,93.4,98.0,-1.8,-0.2,1.08,GOOD
28479,357,1970.0,-214.48554928580225,419.0,93.4,98.0,-1.8,-0.2,1.08,GOOD
28479,358,1986.0,-181.93492374004762,419.0,93.4,98.0,-1.8,-0.2,1.08,GOOD
28479,359,2052.0,-157.6939705495627,419.0,93.4,98.0,-1.8,-0.2,1.08,GOOD
28479,360,2013.0,-136.52402212404547,419.0,93.4,98.0,-1.8,-0.2,1.08,GOOD
28479,361,1997.0,-120.64245211123514,419.0,93.4,98.0,-1.8,-0.2,1.08,GOOD
28479,362,2002.0,-116.13762607836351,419.0,93.4,98.0,-1.8,-0.2,1.08,GOOD
28479,363,1951.0,-121.61298620710599,419.0,93.4,98.0,-1.8,-0.2,1.08,GOOD
28479,364,1957.0,-133.5978509836889,419.0,93.4,98.0,-1.8,-0.2,1.08,GOOD
28479,365,1945.0,-150.07269505767562,419.0,93.4,98.0,-1.8,-0.2,1.08,GOOD
28479,366,1950.0,-166.31151696167476,419.0,93.4,98.0,-1.8,-0.2,1.08,GOOD
28479,367,1891.0,-178.34257337142543,419.0,93.4,98.0,-1.8,-0.2,1.08,GOOD
28479,368,1914.0,-187.00450508261142,419.0,93.4,98.0,-1.8,-0.2,1.08,GOOD
28479,369,1919.0,-193.0261199887633,419.0,93.4,98.0,-1.8,-0.2,1.08,GOOD
28479,370,1880.0,-196.67341396863213,419.0,93.4,98.0,-1.8,-0.2,1.08,GOOD
28479,371,1869.0,-202.37548333346135,419.0,93.4,98.0,-1.8,-0.2,1.08,GOOD
28479,372,1894.0,-210.87697234977338,419.0,93.4,98.0,-1.8,-0.2,1.08,GOOD
28479,373,1916.0,-213.657635433322,419.0,93.4,98.0,-1.8,-0.2,1.08,GOOD
28479,374,1895.0,-205.6935793842558,419.0,93.4,98.0,-1.8,-0.2,1.08,GOOD
28479,375,1997.0,-189.99195417865118,420.0,93.4,98.0,-1.8,-0.2,1.08,GOOD
28577,376,1980.0,-166.32784123480195,420.0,93.4,98.0,-1.7,-0.2,1.08,GOOD
28577,377,1983.0,-135.13764677662056,420.0,93.4,98.0,-1.7,-0.2,1.08,GOOD
28577,378,2001.0,-104.85313754425924,420.0,93.4,98.0,-1.7,-0.2,1.08,GOOD
28577,379,2062.0,-80.72604872922744,420.0,93.4,98.0,-1.7,-0.2,1.08,GOOD
28577,380,2025.0,-61.19239703867423,420.0,93.4,98.0,-1.7,-0.2,1.08,GOOD
28577,381,2003.0,-48.231265879369815,420.0,93.4,98.0,-1.7,-0.2,1.08,GOOD
28577,382,2026.0,-44.694562230751146,420.0,93.4,98.0,-1.7,-0.2,1.08,GOOD
28577,383,1967.0,-47.74839053606673,420.0,93.4,98.0,-1.7,-0.2,1.08,GOOD
28577,384,1975.0,-56.796259977643956,420.0,93.4,98.0,-1.7,-0.2,1.08,GOOD
28577,385,1958.0,-73.31544161962545,420.0,93.4,98.0,-1.7,-0.2,1.08,GOOD
28577,386,1958.0,-92.23180464660979,420.0,93.4,98.0,-1.7,-0.2,1.08,GOOD
28577,387,1926.0,-106.12210259419894,420.0,93.4,98.0,-1.7,-0.2,1.08,GOOD
28577,388,1949.0,-112.6697566761368,420.0,93.4,98.0,-1.7,-0.2,1.08,GOOD
28577,389,1936.0,-114.16425401775818,420.0,93.4,98.0,-1.7,-0.2,1.08,GOOD
28577,390,1922.0,-115.1434367830551,420.0,93.4,98.0,-1.7,-0.2,1.08,GOOD
28577,391,1874.0,-120.74275313503992,420.0,93.4,98.0,-1.7,-0.2,1.08,GOOD
28577,392,1898.0,-131.82047354591992,420.0,93.4,98.0,-1.7,-0.2,1.08,GOOD
28577,393,1915.0,-141.68861710118182,420.0,93.4,98.0,-1.7,-0.2,1.08,GOOD
28577,394,1906.0,-143.93453668854718,420.0,93.4,98.0,-1.7,-0.2,1.08,GOOD
28577,395,1921.0,-139.97069732775998,420.0,93.4,98.0,-1.7,-0.2,1.08,GOOD
28577,396,1906.0,-133.20465728966013,420.0,93.4,98.0,-1.7,-0.2,1.08,GOOD
28577,397,1919.0,-124.26390214670734,420.0,93.4,98.0,-1.7,-0.2,1.08,GOOD
28577,398,1934.0,-113.67068232924541,420.0,93.4,98.0,-1.7,-0.2,1.08,GOOD
28577,399,2083.0,-97.78262499851759,420.0,93.4,98.0,-1.7,-0.2,1.08,GOOD
28577,400,2052.0,-67.45056754298142,420.0,93.4,98.0,-1.7,-0.2,1.08,GOOD
28674,401,2038.0,-24.75691573867736,420.0,93.4,98.0,-1.7,-0.2,1.07,GOOD
28674,402,2040.0,13.851478965487319,420.0,93.4,98.0,-1.7,-0.2,1.07,GOOD
28674,403,1995.0,34.5984938689552,420.0,93.4,98.0,-1.7,-0.2,1.07,GOOD
28674,404,1994.0,31.19842093338444,420.0,93.4,98.0,-1.7,-0.2,1.07,GOOD
28674,405,1987.0,6.931442956741691,420.0,93.4,98.0,-1.7,-0.2,1.07,GOOD
28674,406,2019.0,-21.077310497083626,420.0,93.4,98.0,-1.7,-0.2,1.07,GOOD
28674,407,1991.0,-33.675652791522225,420.0,93.4,98.0,-1.7,-0.2,1.07,GOOD
28674,408,2017.0,-27.226962329645765,420.0,93.4,98.0,-1.7,-0.2,1.07,GOOD
28674,409,2004.0,-13.352813820641185,420.0,93.4,98.0,-1.7,-0.2,1.07,GOOD
28674,410,1986.0,-5.609821440391701,420.0,93.4,98.0,-1.7,-0.2,1.07,GOOD
28674,411,1940.0,-10.720735195987904,421.0,93.4,98.0,-1.7,-0.2,1.07,GOOD
28674,412,1964.0,-25.47098315462989,421.0,93.4,98.0,-1.7,-0.2,1.07,GOOD
28674,413,1981.0,-39.04610514236964,421.0,93.4,98.0,-1.7,-0.2,1.07,GOOD
28674,414,1964.0,-44.34366951226443,421.0,93.4,98.0,-1.7,-0.2,1.07,GOOD
28674,415,2063.0,-40.805599645541186,421.0,93.4,98.0,-1.7,-0.2,1.07,GOOD
28674,416,2035.0,-25.018168341695166,421.0,93.4,98.0,-1.7,-0.2,1.07,GOOD
28674,417,2046.0,3.026796582144353,421.0,93.4,98.0,-1.7,-0.2,1.07,GOOD
28674,418,2050.0,32.24914236843774,421.0,93.4,98.0,-1.7,-0.2,1.07,GOOD
28674,419,2170.0,55.60594735301892,421.0,93.4,98.0,-1.7,-0.2,1.07,GOOD
28674,420,2127.0,77.97658438989578,421.0,93.4,98.0,-1.7,-0.2,1.07,GOOD
28674,421,2121.0,100.76203745231689,421.0,93.4,98.0,-1.7,-0.2,1.07,GOOD
28674,422,2132.0,118.20178279541902,421.0,93.4,98.0,-1.7,-0.2,1.07,GOOD
28674,423,2003.0,123.60183115254485,421.0,93.4,98.0,-1.7,-0.2,1.07,GOOD
28674,424,1994.0,105.42772530403208,421.0,93.4,98.0,-1.7,-0.2,1.07,GOOD
28674,425,1972.0,60.096712306759066,421.0,93.4,98.0,-1.7,-0.2,1.07,GOOD
28771,426,1982.0,5.9485264511317295,421.0,89.0,98.0,-1.7,-0.2,1.08,GOOD
28771,427,1948.0,-33.56580131168279,421.0,89.0,98.0,-1.7,-0.2,1.08,GOOD
28771,428,2005.0,-48.320022798742855,421.0,89.0,98.0,-1.7,-0.2,1.08,GOOD
28771,429,1964.0,-42.5068423540078,421.0,89.0,98.0,-1.7,-0.2,1.08,GOOD
28771,430,1946.0,-31.27783601354694,421.0,89.0,98.0,-1.7,-0.2,1.08,GOOD
28771,431,1893.0,-31.600024778070445,421.0,89.0,98.0,-1.7,-0.2,1.08,GOOD
28771,432,1909.0,-47.807666218164805,421.0,89.0,98.0,-1.7,-0.2,1.08,GOOD
28771,433,1920.0,-69.08009619430052,421.0,89.0,98.0,-1.7,-0.2,1.08,GOOD
28771,434,1904.0,-83.27644738881357,421.0,89.0,98.0,-1.7,-0.2,1.08,GOOD
28771,435,1876.0,-89.95058618765776,422.0,89.0,98.0,-1.7,-0.2,1.08,GOOD
28771,436,1875.0,-95.32156590584097,422.0,89.0,98.0,-1.7,-0.2,1.08,GOOD
28771,437,1893.0,-100.038147830262,422.0,89.0,98.0,-1.7,-0.2,1.08,GOOD
28771,438,1907.0,-99.63698732894392,422.0,89.0,98.0,-1.7,-0.2,1.08,GOOD
28771,439,2371.0,-74.85320783174149,422.0,89.0,98.0,-1.7,-0.2,1.08,GOOD
28771,440,2374.0,11.351539673399419,422.0,89.0,98.0,-1.7,-0.2,1.08,GOOD
28771,441,2402.0,159.35223274434264,422.0,89.0,98.0,-1.7,-0.2,1.08,GOOD
28771,442,2447.0,314.69910326844825,422.0,89.0,98.0,-1.7,-0.2,1.08,GOOD
28771,443,2922.0,446.70789308169617,422.0,89.0,98.0,-1.7,-0.2,1.08,GOOD
28771,444,2881.0,577.8690727806826,422.0,89.0,98.0,-1.7,-0.2,1.08,GOOD
28771,445,2882.0,710.8703908930238,422.0,89.0,98.0,-1.7,-0.2,1.08,GOOD
28771,446,2903.0,810.9177124524275,422.0,89.0,98.0,-1.7,-0.2,1.08,GOOD
28771,447,1766.0,819.8375935982042,422.0,89.0,98.0,-1.7,-0.2,1.08,GOOD
28771,448,1744.0,648.0085940676247,422.0,89.0,98.0,-1.7,-0.2,1.08,GOOD
28771,449,1651.0,290.3045459661589,422.0,89.0,98.0,-1.7,-0.2,1.08,GOOD
28771,450,1601.0,-114.39312376445139,422.0,89.0,98.0,-1.7,-0.2,1.08,GOOD
28884,451,1768.0,-412.7893555115063,422.0,89.0,98.0,-1.6,-0.3,1.08,GOOD
28884,452,1857.0,-520.2858764658911,422.0,89.0,98.0,-1.6,-0.3,1.08,GOOD
28884,453,1886.0,-440.43050475759844,422.0,89.0,98.0,-1.6,-0.3,1.08,GOOD
28884,454,1844.0,-271.74215964452054,422.0,89.0,98.0,-1.6,-0.3,1.08,GOOD
28884,455,1872.0,-139.7982983940703,422.0,89.0,98.0,-1.6,-0.3,1.08,GOOD
28884,456,1900.0,-100.50114754387438,422.0,89.0,98.0,-1.6,-0.3,1.08,GOOD
28884,457,1949.0,-116.73291765859192,422.0,89.0,98.0,-1.6,-0.3,1.08,GOOD
28884,458,1963.0,-122.50141934773119,422.0,89.0,98.0,-1.6,-0.3,1.08,GOOD
28884,459,2079.0,-89.84619102657344,422.0,89.0,98.0,-1.6,-0.3,1.08,GOOD
28884,460,2014.0,-37.50877637211611,422.0,89.0,98.0,-1.6,-0.3,1.08,GOOD
28884,461,2033.0,1.0057951704975072,422.0,89.0,98.0,-1.6,-0.3,1.08,GOOD
28884,462,2092.0,17.94082682563014,422.0,89.0,98.0,-1.6,-0.3,1.08,GOOD
28884,463,2119.0,36.45642564500507,423.0,89.0,98.0,-1.6,-0.3,1.08,GOOD
28884,464,2083.0,67.48699467935275,423.0,89.0,98.0,-1.6,-0.3,1.08,GOOD
28884,465,2052.0,89.13122985129476,423.0,89.0,98.0,-1.6,-0.3,1.08,GOOD
28884,466,2067.0,82.02551742738336,423.0,89.0,98.0,-1.6,-0.3,1.08,GOOD
28884,467,2025.0,57.509540941228686,423.0,89.0,98.0,-1.6,-0.3,1.08,GOOD
28884,468,2024.0,37.43841721935475,423.0,89.0,98.0,-1.6,-0.3,1.08,GOOD
28884,469,1993.0,26.220575301775217,423.0,89.0,98.0,-1.6,-0.3,1.08,GOOD
28884,470,1969.0,12.158139404517852,423.0,89.0,98.0,-1.6,-0.3,1.08,GOOD
28884,471,2004.0,-10.743266266504154,423.0,89.0,98.0,-1.6,-0.3,1.08,GOOD
28884,472,2068.0,-27.25068514417388,423.0,89.0,98.0,-1.6,-0.3,1.08,GOOD
28884,473,2069.0,-17.153114595834655,423.0,89.0,98.0,-1.6,-0.3,1.08,GOOD
28884,474,2021.0,14.147283482555514,423.0,89.0,98.0,-1.6,-0.3,1.08,GOOD
28884,475,2013.0,38.378185083616756,423.0,89.0,98.0,-1.6,-0.3,1.08,GOOD
28983,476,2036.0,39.05977707616051,423.0,89.0,98.0,-1.7,-0.3,1.08,GOOD
28983,477,2092.0,28.594965848240673,423.0,89.0,98.0,-1.7,-0.3,1.08,GOOD
28983,478,2094.0,28.76334602261271,423.0,89.0,98.0,-1.7,-0.3,1.08,GOOD
28983,479,2250.0,51.30738131607232,423.0,89.0,98.0,-1.7,-0.3,1.08,GOOD
28983,480,2201.0,96.92446557904925,423.0,89.0,98.0,-1.7,-0.3,1.08,GOOD
28983,481,2218.0,151.2749620517263,423.0,89.0,98.0,-1.7,-0.3,1.08,GOOD
28983,482,2265.0,194.20355010969297,423.0,89.0,98.0,-1.7,-0.3,1.08,GOOD
28983,483,2379.0,224.83289262393453,423.0,89.0,98.0,-1.7,-0.3,1.08,GOOD
28983,484,2326.0,255.05057974685087,423.0,89.0,98.0,-1.7,-0.3,1.08,GOOD
28983,485,2306.0,282.53043323907787,423.0,89.0,98.0,-1.7,-0.3,1.08,GOOD
28983,486,2341.0,296.61023187719775,423.0,89.0,98.0,-1.7,-0.3,1.08,GOOD
28983,487,2316.0,298.1540112986386,423.0,89.0,98.0,-1.7,-0.3,1.08,GOOD
28983,488,2332.0,292.5227352839029,423.0,89.0,98.0,-1.7,-0.3,1.08,GOOD
28983,489,2294.0,280.36185813320094,423.0,89.0,98.0,-1.7,-0.3,1.08,GOOD
28983,490,2277.0,262.52448378601974,423.0,89.0,98.0,-1.7,-0.3,1.08,GOOD
28983,491,2268.0,243.06227988764635,424.0,89.0,98.0,-1.7,-0.3,1.08,GOOD
28983,492,2327.0,228.56188259564752,424.0,89.0,98.0,-1.7,-0.3,1.08,GOOD
28983,493,2330.0,224.37410016180155,424.0,89.0,98.0,-1.7,-0.3,1.08,GOOD
28983,494,2294.0,227.77744997803396,424.0,89.0,98.0,-1.7,-0.3,1.08,GOOD
28983,495,2258.0,228.90359878291923,424.0,89.0,98.0,-1.7,-0.3,1.08,GOOD
28983,496,2283.0,222.54450744665135,424.0,89.0,98.0,-1.7,-0.3,1.08,GOOD
28983,497,2318.0,213.5642979132216,424.0,89.0,98.0,-1.7,-0.3,1.08,GOOD
28983,498,2306.0,207.42815239618818,424.0,89.0,98.0,-1.7,-0.3,1.08,GOOD
28983,499,2155.0,197.50941951062748,424.0,89.0,98.0,-1.7,-0.3,1.08,GOOD
28983,500,2098.0,168.4259138240314,424.0,89.0,98.0,-1.7,-0.3,1.08,GOOD
29078,501,2108.0,118.07402354561759,424.0,89.0,98.0,-1.6,-0.3,1.08,GOOD
29078,502,2131.0,63.94239685811133,424.0,89.0,98.0,-1.6,-0.3,1.08,GOOD
29078,503,2113.0,22.213909214862003,424.0,89.0,98.0,-1.6,-0.3,1.08,GOOD
29078,504,2059.0,-4.61992498704162,424.0,89.0,98.0,-1.6,-0.3,1.08,GOOD
29078,505,2049.0,-19.617202451949908,424.0,89.0,98.0,-1.6,-0.3,1.08,GOOD
29078,506,2064.0,-24.282676804911286,424.0,89.0,98.0,-1.6,-0.3,1.08,GOOD
29078,507,2049.0,-24.384652047730512,424.0,89.0,98.0,-1.6,-0.3,1.08,GOOD
29078,508,2064.0,-31.075109827486948,424.0,89.0,98.0,-1.6,-0.3,1.08,GOOD
29078,509,2075.0,-44.68445410326164,424.0,89.0,98.0,-1.6,-0.3,1.08,GOOD
29078,510,2029.0,-51.71229096101955,424.0,89.0,98.0,-1.6,-0.3,1.08,GOOD
29078,511,1867.0,-53.05429924770644,425.0,89.0,98.0,-1.6,-0.3,1.08,GOOD
29078,512,1904.0,-72.93208340626362,425.0,89.0,98.0,-1.6,-0.3,1.08,GOOD
29078,513,1898.0,-121.8433359378897,425.0,89.0,98.0,-1.6,-0.3,1.08,GOOD
29078,514,1873.0,-179.00886009100896,425.0,89.0,98.0,-1.6,-0.3,1.08,GOOD
29078,515,1810.0,-220.04630069383427,425.0,89.0,98.0,-1.6,-0.3,1.08,GOOD
29078,516,1854.0,-236.83129266206421,425.0,89.0,98.0,-1.6,-0.3,1.08,GOOD
29078,517,1873.0,-233.8183057889067,425.0,89.0,98.0,-1.6,-0.3,1.08,GOOD
29078,518,1871.0,-222.88376273685614,425.0,89.0,98.0,-1.6,-0.3,1.08,GOOD
29078,519,1879.0,-215.08666790370816,425.0,89.0,98.0,-1.6,-0.3,1.08,GOOD
29078,520,1846.0,-209.94891152933414,425.0,89.0,98.0,-1.6,-0.3,1.08,GOOD
29078,521,1859.0,-201.45186577457366,425.0,89.0,98.0,-1.6,-0.3,1.08,GOOD
29078,522,1886.0,-190.2108456359848,425.0,89.0,98.0,-1.6,-0.3,1.08,GOOD
29078,523,2022.0,-177.1676958517057,425.0,89.0,98.0,-1.6,-0.3,1.08,GOOD
29078,524,1977.0,-155.13645386046966,425.0,89.0,98.0,-1.6,-0.3,1.08,GOOD
29078,525,1978.0,-120.89852237467355,425.0,89.0,98.0,-1.6,-0.3,1.08,GOOD
29177,526,1995.0,-82.27373637474544,425.0,89.0,98.0,-1.7,-0.3,1.04,GOOD
29177,527,1942.0,-52.54101998991817,426.0,89.0,98.0,-1.7,-0.3,1.04,GOOD
29177,528,1944.0,-47.60957417105279,426.0,89.0,98.0,-1.7,-0.3,1.04,GOOD
29177,529,1905.0,-71.7765739217871,426.0,89.0,98.0,-1.7,-0.3,1.04,GOOD
29177,530,1905.0,-107.47382793090682,426.0,89.0,98.0,-1.7,-0.3,1.04,GOOD
29177,531,1926.0,-130.35083256578082,426.0,89.0,98.0,-1.7,-0.3,1.04,GOOD
29177,532,1967.0,-129.4217396733199,426.0,89.0,98.0,-1.7,-0.3,1.04,GOOD
29177,533,1967.0,-112.50662784665953,426.0,89.0,98.0,-1.7,-0.3,1.04,GOOD
29177,534,1948.0,-94.96411402035766,426.0,89.0,98.0,-1.7,-0.3,1.04,GOOD
29177,535,1870.0,-87.06108219332236,426.0,89.0,98.0,-1.7,-0.3,1.04,GOOD
29177,536,1899.0,-91.13224871497805,426.0,89.0,98.0,-1.7,-0.3,1.04,GOOD
29177,537,1900.0,-103.11658476978724,426.0,89.0,98.0,-1.7,-0.3,1.04,GOOD
29177,538,1891.0,-118.46138113347533,426.0,89.0,98.0,-1.7,-0.3,1.04,GOOD
29177,539,1853.0,-135.8120193747069,426.0,89.0,98.0,-1.7,-0.3,1.04,GOOD
29177,540,1838.0,-151.67000803961844,426.0,89.0,98.0,-1.7,-0.3,1.04,GOOD
29177,541,1884.0,-158.3509160481268,426.0,89.0,98.0,-1.7,-0.3,1.04,GOOD
29177,542,1890.0,-152.06995287781206,426.0,89.0,98.0,-1.7,-0.3,1.04,GOOD
29177,543,2013.0,-135.3337947513852,426.0,89.0,98.0,-1.7,-0.3,1.04,GOOD
29177,544,1985.0,-107.92956952302472,426.0,89.0,98.0,-1.7,-0.3,1.04,GOOD
29177,545,1974.0,-70.57469576495573,426.0,89.0,98.0,-1.7,-0.3,1.04,GOOD
29177,546,1997.0,-32.50151606010915,426.0,89.0,98.0,-1.7,-0.3,1.04,GOOD
29177,547,2069.0,-1.9124733016624549,427.0,89.0,98.0,-1.7,-0.3,1.04,GOOD
29177,548,2060.0,19.417069167613352,427.0,89.0,98.0,-1.7,-0.3,1.04,GOOD
29177,549,2040.0,31.063587393949117,427.0,89.0,98.0,-1.7,-0.3,1.04,GOOD
29177,550,2045.0,35.90283952573536,427.0,89.0,98.0,-1.7,-0.3,1.04,GOOD
29288,551,1925.0,36.68135109532352,427.0,89.0,98.0,-1.7,-0.2,1.08,GOOD
29288,552,1954.0,25.052723827135264,427.0,89.0,98.0,-1.7,-0.2,1.08,GOOD
29288,553,1940.0,-5.884619477344556,427.0,89.0,98.0,-1.7,-0.2,1.08,GOOD
29288,554,1920.0,-46.08963572804395,427.0,89.0,98.0,-1.7,-0.2,1.08,GOOD
29288,555,1912.0,-78.07044784331774,427.0,89.0,98.0,-1.7,-0.2,1.08,GOOD
29288,556,1926.0,-89.92989804939126,427.0,89.0,98.0,-1.7,-0.2,1.08,GOOD
29288,557,1946.0,-82.34437423969771,427.0,89.0,98.0,-1.7,-0.2,1.08,GOOD
29288,558,1937.0,-68.18280536564427,427.0,89.0,98.0,-1.7,-0.2,1.08,GOOD
29288,559,1915.0,-61.18941949663877,428.0,89.0,98.0,-1.7,-0.2,1.08,GOOD
29288,560,1917.0,-63.588735531549936,428.0,89.0,98.0,-1.7,-0.2,1.08,GOOD
29288,561,1942.0,-65.99035900515895,428.0,89.0,98.0,-1.7,-0.2,1.08,GOOD
29288,562,1947.0,-60.9038281781261,428.0,89.0,98.0,-1.7,-0.2,1.08,GOOD
29288,563,1984.0,-50.807617885358844,429.0,89.0,98.0,-1.7,-0.2,1.08,GOOD
29288,564,1928.0,-41.80173134474613,429.0,89.0,98.0,-1.7,-0.2,1.08,GOOD
29288,565,1929.0,-37.55242429362197,429.0,89.0,98.0,-1.7,-0.2,1.08,GOOD
29288,566,1941.0,-37.03195294828578,429.0,89.0,98.0,-1.7,-0.2,1.08,GOOD
29288,567,2067.0,-32.086690433672565,429.0,89.0,98.0,-1.7,-0.2,1.08,GOOD
29288,568,2052.0,-13.291819062918218,429.0,89.0,98.0,-1.7,-0.2,1.08,GOOD
29288,569,2041.0,16.732095642590664,429.0,89.0,98.0,-1.7,-0.2,1.08,GOOD
29288,570,2050.0,46.25315274760682,429.0,89.0,98.0,-1.7,-0.2,1.08,GOOD
29288,571,2005.0,67.08215399583173,430.0,89.0,98.0,-1.7,-0.2,1.08,GOOD
29288,572,2029.0,73.11089930925192,430.0,89.0,98.0,-1.7,-0.2,1.08,GOOD
29288,573,2028.0,62.25991371016591,430.0,89.0,98.0,-1.7,-0.2,1.08,GOOD
29288,574,2014.0,43.00918374004302,430.0,89.0,98.0,-1.7,-0.2,1.08,GOOD
29288,575,1918.0,24.721535226439247,430.0,89.0,98.0,-1.7,-0.2,1.08,GOOD
29385,576,1943.0,7.545962166041457,430.0,89.0,98.0,-1.6,-0.3,1.07,GOOD
29385,577,1942.0,-10.705090201074444,430.0,89.0,98.0,-1.6,-0.3,1.07,GOOD
29385,578,1925.0,-29.61584363914441,430.0,89.0,98.0,-1.6,-0.3,1.07,GOOD
29385,579,1959.0,-46.65486782379698,431.0,89.0,98.0,-1.6,-0.3,1.07,GOOD
29385,580,1971.0,-52.59966506238477,431.0,89.0,98.0,-1.6,-0.3,1.07,GOOD
29385,581,1985.0,-39.267910583406405,431.0,89.0,98.0,-1.6,-0.3,1.07,GOOD
29385,582,1964.0,-14.5223464080695,431.0,89.0,98.0,-1.6,-0.3,1.07,GOOD
29385,583,1988.0,3.745995569429919,431.0,89.0,98.0,-1.6,-0.3,1.07,GOOD
29385,584,1957.0,6.917343285669404,431.0,89.0,98.0,-1.6,-0.3,1.07,GOOD
29385,585,1968.0,0.6366448379796545,431.0,89.0,98.0,-1.6,-0.3,1.07,GOOD
29385,586,1967.0,-5.004380269398424,431.0,89.0,98.0,-1.6,-0.3,1.07,GOOD
29385,587,2126.0,0.5726030403219364,431.0,89.0,98.0,-1.6,-0.3,1.07,GOOD
29385,588,2105.0,26.910453755826396,431.0,89.0,98.0,-1.6,-0.3,1.07,GOOD
29385,589,2092.0,68.7251241875427,431.0,89.0,98.0,-1.6,-0.3,1.07,GOOD
29385,590,2113.0,107.71672524747812,431.0,89.0,98.0,-1.6,-0.3,1.07,GOOD
29385,591,2063.0,131.9135230258656,432.0,89.0,98.0,-1.6,-0.3,1.07,GOOD
29385,592,2078.0,136.49244210413914,432.0,89.0,98.0,-1.6,-0.3,1.07,GOOD
29385,593,2059.0,121.41671543574012,432.0,89.0,98.0,-1.6,-0.3,1.07,GOOD
29385,594,2066.0,96.4961829174494,432.0,89.0,98.0,-1.6,-0.3,1.07,GOOD
29385,595,1985.0,73.79857348746002,432.0,89.0,98.0,-1.6,-0.3,1.07,GOOD
29385,596,2011.0,56.47123285061965,432.0,89.0,98.0,-1.6,-0.3,1.07,GOOD
29385,597,2019.0,42.757368851082084,432.0,89.0,98.0,-1.6,-0.3,1.07,GOOD
29385,598,1975.0,30.757508867418736,432.0,89.0,98.0,-1.6,-0.3,1.07,GOOD
29385,599,1905.0,13.99778679047058,433.0,89.0,98.0,-1.6,-0.3,1.07,GOOD
29385,600,1918.0,-11.707953688067128,433.0,89.0,98.0,-1.6,-0.3,1.07,GOOD
29483,601,1932.0,-37.755951709719305,433.0,86.0,98.0,-1.7,-0.3,1.08,GOOD
29483,602,1919.0,-53.62786889657365,433.0,86.0,98.0,-1.7,-0.3,1.08,GOOD
29483,603,1953.0,-59.3071272964515,433.0,86.0,98.0,-1.7,-0.3,1.08,GOOD
29483,604,1927.0,-58.06946571071337,433.0,86.0,98.0,-1.7,-0.3,1.08,GOOD
29483,605,1935.0,-51.00044856648835,433.0,86.0,98.0,-1.7,-0.3,1.08,GOOD
29483,606,1934.0,-40.81273779731367,433.0,86.0,98.0,-1.7,-0.3,1.08,GOOD
29483,607,2099.0,-26.503037800233038,433.0,86.0,98.0,-1.7,-0.3,1.08,GOOD
29483,608,2070.0,0.44757662883224913,433.0,86.0,98.0,-1.7,-0.3,1.08,GOOD
29483,609,2082.0,40.21179446577812,433.0,86.0,98.0,-1.7,-0.3,1.08,GOOD
29483,610,2086.0,80.33290916077183,433.0,86.0,98.0,-1.7,-0.3,1.08,GOOD
29483,611,2121.0,112.00172166059173,434.0,86.0,98.0,-1.7,-0.3,1.08,GOOD
29483,612,2130.0,132.9132696556615,434.0,86.0,98.0,-1.7,-0.3,1.08,GOOD
29483,613,2134.0,141.95777808645704,434.0,86.0,98.0,-1.7,-0.3,1.08,GOOD
29483,614,2150.0,142.88069812595404,434.0,86.0,98.0,-1.7,-0.3,1.08,GOOD
29483,615,2635.0,164.61626787013398,434.0,86.0,98.0,-1.7,-0.3,1.08,GOOD
29483,616,2685.0,256.89632012706585,434.0,86.0,98.0,-1.7,-0.3,1.08,GOOD
29483,617,2698.0,419.9054964697463,434.0,86.0,98.0,-1.7,-0.3,1.08,GOOD
29483,618,2724.0,585.6743721788803,434.0,86.0,98.0,-1.7,-0.3,1.08,GOOD
29483,619,2427.0,684.4070462538889,434.0,86.0,98.0,-1.7,-0.3,1.08,GOOD
29483,620,2383.0,677.6187846400669,434.0,86.0,98.0,-1.7,-0.3,1.08,GOOD
29483,621,2340.0,572.090875162836,434.0,86.0,98.0,-1.7,-0.3,1.08,GOOD
29483,622,2300.0,422.29233529572565,434.0,86.0,98.0,-1.7,-0.3,1.08,GOOD
29483,623,1626.0,264.40786867754855,435.0,86.0,98.0,-1.7,-0.3,1.08,GOOD
29483,624,1619.0,77.9659975776702,435.0,86.0,98.0,-1.7,-0.3,1.08,GOOD
29483,625,1611.0,-136.83424119008635,435.0,86.0,98.0,-1.7,-0.3,1.08,GOOD
29578,626,1589.0,-325.8238913030459,435.0,86.0,98.0,-1.7,-0.3,1.08,GOOD
29578,627,2081.0,-431.4395492631593,435.0,86.0,98.0,-1.7,-0.3,1.08,GOOD
29578,628,2116.0,-404.5341291389761,435.0,86.0,98.0,-1.7,-0.3,1.08,GOOD
29578,629,2165.0,-242.06048726015027,435.0,86.0,98.0,-1.7,-0.3,1.08,GOOD
29578,630,2159.0,-23.4501088216377,435.0,86.0,98.0,-1.7,-0.3,1.08,GOOD
29578,631,2028.0,141.59840161923057,435.0,86.0,98.0,-1.7,-0.3,1.08,GOOD
29578,632,2032.0,183.312696673463,435.0,86.0,98.0,-1.7,-0.3,1.08,GOOD
29578,633,2040.0,116.56175337738452,435.0,86.0,98.0,-1.7,-0.3,1.08,GOOD
29578,634,2071.0,25.015814721679263,435.0,86.0,98.0,-1.7,-0.3,1.08,GOOD
29578,635,2012.0,-20.46059040479379,435.0,86.0,98.0,-1.7,-0.3,1.08,GOOD
29578,636,1998.0,-18.221228854474234,435.0,86.0,98.0,-1.7,-0.3,1.08,GOOD
29578,637,1983.0,-10.189441981885295,435.0,86.0,98.0,-1.7,-0.3,1.08,GOOD
29578,638,1995.0,-22.048944684759334,435.0,86.0,98.0,-1.7,-0.3,1.08,GOOD
29578,639,1931.0,-44.877216103420906,435.0,86.0,98.0,-1.7,-0.3,1.08,GOOD
29578,640,1934.0,-62.288024573227034,435.0,86.0,98.0,-1.7,-0.3,1.08,GOOD
29578,641,1909.0,-73.03930474949047,435.0,86.0,98.0,-1.7,-0.3,1.08,GOOD
29578,642,1890.0,-87.89757089026202,435.0,86.0,98.0,-1.7,-0.3,1.08,GOOD
29578,643,2021.0,-107.32653002543157,435.0,86.0,98.0,-1.7,-0.3,1.08,GOOD
29578,644,2024.0,-108.86512492896773,435.0,86.0,98.0,-1.7,-0.3,1.08,GOOD
29578,645,2017.0,-76.98557840434201,435.0,86.0,98.0,-1.7,-0.3,1.08,GOOD
29578,646,2003.0,-29.94847881602583,435.0,86.0,98.0,-1.7,-0.3,1.08,GOOD
29578,647,2170.0,7.993483563882743,435.0,86.0,98.0,-1.7,-0.3,1.08,GOOD
29578,648,2171.0,38.91603387155234,435.0,86.0,98.0,-1.7,-0.3,1.08,GOOD
29578,649,2196.0,75.31194395356609,435.0,86.0,98.0,-1.7,-0.3,1.08,GOOD
29578,650,2218.0,117.8796927267224,435.0,86.0,98.0,-1.7,-0.3,1.08,GOOD
29690,651,2188.0,157.97062869238164,435.0,86.0,98.0,-1.7,-0.3,1.08,GOOD
29690,652,2186.0,181.66437824079742,435.0,86.0,98.0,-1.7,-0.3,1.08,GOOD
29690,653,2179.0,179.4999593929344,435.0,86.0,98.0,-1.7,-0.3,1.08,GOOD
29690,654,2218.0,160.13468538186163,435.0,86.0,98.0,-1.7,-0.3,1.08,GOOD
29690,655,2175.0,143.31658265518033,435.0,86.0,98.0,-1.7,-0.3,1.08,GOOD
29690,656,2174.0,138.18798719563375,435.0,86.0,98.0,-1.7,-0.3,1.08,GOOD
29690,657,2153.0,137.3792968725402,435.0,86.0,98.0,-1.7,-0.3,1.08,GOOD
29690,658,2158.0,130.45487005579207,435.0,86.0,98.0,-1.7,-0.3,1.08,GOOD
29690,659,2188.0,116.97088919882849,434.0,86.0,98.0,-1.7,-0.3,1.08,GOOD
29690,660,2216.0,108.32873995777966,434.0,86.0,98.0,-1.7,-0.3,1.08,GOOD
29690,661,2208.0,114.8336711645302,434.0,86.0,98.0,-1.7,-0.3,1.08,GOOD
29690,662,2190.0,131.7536728952242,434.0,86.0,98.0,-1.7,-0.3,1.08,GOOD
29690,663,2303.0,148.47818776364312,434.0,86.0,98.0,-1.7,-0.3,1.08,GOOD
29690,664,2308.0,166.0588705710246,434.0,86.0,98.0,-1.7,-0.3,1.08,GOOD
29690,665,2332.0,189.88200063190783,434.0,86.0,98.0,-1.7,-0.3,1.08,GOOD
29690,666,2312.0,216.63452529800085,434.0,86.0,98.0,-1.7,-0.3,1.08,GOOD
29690,667,2350.0,239.56164759653043,434.0,86.0,98.0,-1.7,-0.3,1.08,GOOD
29690,668,2320.0,253.93168435974832,434.0,86.0,98.0,-1.7,-0.3,1.08,GOOD
29690,669,2306.0,254.43321762263375,434.0,86.0,98.0,-1.7,-0.3,1.08,GOOD
29690,670,2333.0,240.40003738281766,434.0,86.0,98.0,-1.7,-0.3,1.08,GOOD
29690,671,2335.0,223.6802600004261,434.0,86.0,98.0,-1.7,-0.3,1.08,GOOD
29690,672,2350.0,218.08272799998457,434.0,86.0,98.0,-1.7,-0.3,1.08,GOOD
29690,673,2321.0,223.4421149082525,434.0,86.0,98.0,-1.7,-0.3,1.08,GOOD
29690,674,2353.0,228.49763324288108,434.0,86.0,98.0,-1.7,-0.3,1.08,GOOD
29690,675,2092.0,216.7813664224372,434.0,86.0,98.0,-1.7,-0.3,1.08,GOOD
29788,676,2087.0,169.28686866634342,434.0,86.0,98.0,-1.7,-0.3,1.08,GOOD
29788,677,2039.0,87.82732531315038,434.0,86.0,98.0,-1.7,-0.3,1.08,GOOD
29788,678,2052.0,1.459659012123737,434.0,86.0,98.0,-1.7,-0.3,1.08,GOOD
29788,679,1922.0,-68.50837293866027,434.0,86.0,98.0,-1.7,-0.3,1.08,GOOD
29788,680,1951.0,-122.61844071686137,434.0,86.0,98.0,-1.7,-0.3,1.08,GOOD
29788,681,1944.0,-160.47089180032177,434.0,86.0,98.0,-1.7,-0.3,1.08,GOOD
29788,682,1908.0,-177.25169728043034,434.0,86.0,98.0,-1.7,-0.3,1.08,GOOD
29788,683,1899.0,-182.05879395495722,434.0,86.0,98.0,-1.7,-0.3,1.08,GOOD
29788,684,1903.0,-190.24074249774094,434.0,86.0,98.0,-1.7,-0.3,1.08,GOOD
29788,685,1935.0,-201.96710178733338,434.0,86.0,98.0,-1.7,-0.3,1.08,GOOD
29788,686,1907.0,-205.5852249819502,434.0,86.0,98.0,-1.7,-0.3,1.08,GOOD
29788,687,2015.0,-193.1230336666967,434.0,86.0,98.0,-1.7,-0.3,1.08,GOOD
29788,688,2003.0,-164.702317023692,434.0,86.0,98.0,-1.7,-0.3,1.08,GOOD
29788,689,2001.0,-130.520051134718,434.0,86.0,98.0,-1.7,-0.3,1.08,GOOD
29788,690,2029.0,-104.0434122093269,434.0,86.0,98.0,-1.7,-0.3,1.08,GOOD
29788,691,2011.0,-87.18643102896641,433.0,86.0,98.0,-1.7,-0.3,1.08,GOOD
29788,692,2003.0,-76.26845972569214,433.0,86.0,98.0,-1.7,-0.3,1.08,GOOD
29788,693,1978.0,-73.98734235647893,433.0,86.0,98.0,-1.7,-0.3,1.08,GOOD
29788,694,2007.0,-82.8984580603591,433.0,86.0,98.0,-1.7,-0.3,1.08,GOOD
29788,695,1903.0,-99.66301295032798,433.0,86.0,98.0,-1.7,-0.3,1.08,GOOD
29788,696,1912.0,-121.46954331490008,433.0,86.0,98.0,-1.7,-0.3,1.08,GOOD
29788,697,1879.0,-146.0691773291839,433.0,86.0,98.0,-1.7,-0.3,1.08,GOOD
29788,698,1873.0,-169.96759491290467,433.0,86.0,98.0,-1.7,-0.3,1.08,GOOD
29788,699,1839.0,-192.975583459216,433.0,86.0,98.0,-1.7,-0.3,1.08,GOOD
29788,700,1872.0,-213.80455685984515,433.0,86.0,98.0,-1.7,-0.3,1.08,GOOD
29887,701,1867.0,-224.54551901512764,433.0,86.0,98.0,-1.6,-0.2,1.07,GOOD
29887,702,1835.0,-221.43188650967878,433.0,86.0,98.0,-1.6,-0.2,1.07,GOOD
29887,703,1876.0,-212.4008794491017,433.0,86.0,98.0,-1.6,-0.2,1.07,GOOD
29887,704,1890.0,-204.29930922152903,433.0,86.0,98.0,-1.6,-0.2,1.07,GOOD
29887,705,1924.0,-194.415917799467,433.0,86.0,98.0,-1.6,-0.2,1.07,GOOD
29887,706,1909.0,-178.24556663557505,433.0,86.0,98.0,-1.6,-0.2,1.07,GOOD
29887,707,1929.0,-156.96488624881516,433.0,86.0,98.0,-1.6,-0.2,1.07,GOOD
29887,708,1909.0,-137.1350783785125,433.0,86.0,98.0,-1.6,-0.2,1.07,GOOD
29887,709,1902.0,-126.68113739195284,433.0,86.0,98.0,-1.6,-0.2,1.07,GOOD
29887,710,1917.0,-128.2186823582691,433.0,86.0,98.0,-1.6,-0.2,1.07,GOOD
29887,711,2054.0,-129.1588832172242,433.0,86.0,98.0,-1.6,-0.2,1.07,GOOD
29887,712,2046.0,-108.25751852912006,433.0,86.0,98.0,-1.6,-0.2,1.07,GOOD
29887,713,2036.0,-63.9939396475053,433.0,86.0,98.0,-1.6,-0.2,1.07,GOOD
29887,714,2073.0,-17.783684394790214,433.0,86.0,98.0,-1.6,-0.2,1.07,GOOD
29887,715,1929.0,8.611131275557193,433.0,86.0,98.0,-1.6,-0.2,1.07,GOOD
29887,716,1930.0,0.8093925889626319,433.0,86.0,98.0,-1.6,-0.2,1.07,GOOD
29887,717,1930.0,-38.20080773677787,433.0,86.0,98.0,-1.6,-0.2,1.07,GOOD
29887,718,1905.0,-85.243036594911,433.0,86.0,98.0,-1.6,-0.2,1.07,GOOD
29887,719,1970.0,-117.5901757005947,433.0,86.0,98.0,-1.6,-0.2,1.07,GOOD
29887,720,2002.0,-122.34272916306145,433.0,86.0,98.0,-1.6,-0.2,1.07,GOOD
29887,721,1988.0,-99.46060494253567,433.0,86.0,98.0,-1.6,-0.2,1.07,GOOD
29887,722,1972.0,-66.12938236847509,433.0,86.0,98.0,-1.6,-0.2,1.07,GOOD
29887,723,1849.0,-47.98308776782467,433.0,86.0,98.0,-1.6,-0.2,1.07,GOOD
29887,724,1869.0,-62.479612149226924,433.0,86.0,98.0,-1.6,-0.2,1.07,GOOD
29887,725,1899.0,-101.54174527317886,433.0,86.0,98.0,-1.6,-0.2,1.07,GOOD
29984,726,1891.0,-137.87523091723742,433.0,86.0,98.0,-1.7,-0.2,1.08,GOOD
29984,727,2022.0,-148.72469165102268,432.0,86.0,98.0,-1.7,-0.2,1.08,GOOD
29984,728,1985.0,-124.85661059348655,432.0,86.0,98.0,-1.7,-0.2,1.08,GOOD
29984,729,2006.0,-76.91778822803491,432.0,86.0,98.0,-1.7,-0.2,1.08,GOOD
29984,730,2016.0,-29.87960007368011,432.0,86.0,98.0,-1.7,-0.2,1.08,GOOD
29984,731,2065.0,1.045207638532319,432.0,86.0,98.0,-1.7,-0.2,1.08,GOOD
29984,732,2015.0,15.976628912385067,432.0,86.0,98.0,-1.7,-0.2,1.08,GOOD
29984,733,1987.0,17.285104246035182,432.0,86.0,98.0,-1.7,-0.2,1.08,GOOD
29984,734,2015.0,8.232197838978108,432.0,86.0,98.0,-1.7,-0.2,1.08,GOOD
29984,735,2022.0,-1.7169912897800996,432.0,86.0,98.0,-1.7,-0.2,1.08,GOOD
29984,736,2035.0,-5.036075575959732,432.0,86.0,98.0,-1.7,-0.2,1.08,GOOD
29984,737,2008.0,-3.474671942401128,432.0,86.0,98.0,-1.7,-0.2,1.08,GOOD
29984,738,2021.0,-1.32847763257912,432.0,86.0,98.0,-1.7,-0.2,1.08,GOOD
29984,739,1909.0,-2.734093334444591,432.0,86.0,98.0,-1.7,-0.2,1.08,GOOD
29984,740,1933.0,-15.666463268657099,432.0,86.0,98.0,-1.7,-0.2,1.08,GOOD
29984,741,1922.0,-42.71687908642632,432.0,86.0,98.0,-1.7,-0.2,1.08,GOOD
29984,742,1890.0,-75.06674270780164,432.0,86.0,98.0,-1.7,-0.2,1.08,GOOD
29984,743,1873.0,-103.19195350911474,432.0,86.0,98.0,-1.7,-0.2,1.08,GOOD
29984,744,1915.0,-119.71877753472205,432.0,86.0,98.0,-1.7,-0.2,1.08,GOOD
29984,745,1925.0,-118.84220392674293,432.0,86.0,98.0,-1.7,-0.2,1.08,GOOD
29984,746,1907.0,-105.36762791295558,432.0,86.0,98.0,-1.7,-0.2,1.08,GOOD
29984,747,1952.0,-91.47059873798786,432.0,86.0,98.0,-1.7,-0.2,1.08,GOOD
29984,748,1924.0,-80.95678406464363,432.0,86.0,98.0,-1.7,-0.2,1.08,GOOD
29984,749,1948.0,-70.19400894915606,432.0,86.0,98.0,-1.7,-0.2,1.08,GOOD
29984,750,1959.0,-58.01226973722201,432.0,86.0,98.0,-1.7,-0.2,1.08,GOOD
30094,751,2091.0,-41.88904378499943,432.0,86.0,98.0,-1.7,-0.2,1.08,GOOD
30094,752,2064.0,-14.820301117159284,432.0,86.0,98.0,-1.7,-0.2,1.08,GOOD
30094,753,2064.0,22.121414981121298,432.0,86.0,98.0,-1.7,-0.2,1.08,GOOD
30094,754,2087.0,57.79571536143773,432.0,86.0,98.0,-1.7,-0.2,1.08,GOOD
30094,755,2068.0,83.46919240503806,432.0,86.0,98.0,-1.7,-0.2,1.08,GOOD
30094,756,2077.0,93.73250211065704,432.0,86.0,98.0,-1.7,-0.2,1.08,GOOD
30094,757,2055.0,86.99268243568274,432.0,86.0,98.0,-1.7,-0.2,1.08,GOOD
30094,758,2063.0,71.11856897728097,432.0,86.0,98.0,-1.7,-0.2,1.08,GOOD
30094,759,1960.0,55.21586593755087,431.0,86.0,98.0,-1.7,-0.2,1.08,GOOD
30094,760,1987.0,37.7694756725147,431.0,86.0,98.0,-1.7,-0.2,1.08,GOOD
30094,761,1956.0,13.912953394858205,431.0,86.0,98.0,-1.7,-0.2,1.08,GOOD
30094,762,1940.0,-14.9878170993217,431.0,86.0,98.0,-1.7,-0.2,1.08,GOOD
30094,763,1953.0,-42.10391100829261,431.0,86.0,98.0,-1.7,-0.2,1.08,GOOD
30094,764,1987.0,-55.72334726474625,431.0,86.0,98.0,-1.7,-0.2,1.08,GOOD
30094,765,2008.0,-47.64879627092078,431.0,86.0,98.0,-1.7,-0.2,1.08,GOOD
30094,766,1996.0,-24.88692979234576,431.0,86.0,98.0,-1.7,-0.2,1.08,GOOD
30094,767,2047.0,-2.3170744356604267,431.0,86.0,98.0,-1.7,-0.2,1.08,GOOD
30094,768,2020.0,14.17348222935229,431.0,86.0,98.0,-1.7,-0.2,1.08,GOOD
30094,769,2042.0,27.133734999673504,431.0,86.0,98.0,-1.7,-0.2,1.08,GOOD
30094,770,2039.0,38.02878296900319,431.0,86.0,98.0,-1.7,-0.2,1.08,GOOD
30094,771,2011.0,43.88714155849437,431.0,86.0,98.0,-1.7,-0.2,1.08,GOOD
30094,772,1970.0,38.19146481600252,431.0,86.0,98.0,-1.7,-0.2,1.08,GOOD
30094,773,1957.0,18.676053131156532,431.0,86.0,98.0,-1.7,-0.2,1.08,GOOD
30094,774,1974.0,-6.111474363962851,431.0,86.0,98.0,-1.7,-0.2,1.08,GOOD
30094,775,2028.0,-21.67525789349097,431.0,86.0,98.0,-1.7,-0.2,1.08,GOOD
30190,776,2038.0,-18.72533963368527,431.0,85.2,98.0,-1.6,-0.2,1.07,GOOD
30190,777,2013.0,-1.2981869397788703,431.0,85.2,98.0,-1.6,-0.2,1.07,GOOD
30190,778,2024.0,18.189108381094115,431.0,85.2,98.0,-1.6,-0.2,1.07,GOOD
30190,779,1924.0,27.906717282934274,431.0,85.2,98.0,-1.6,-0.2,1.07,GOOD
30190,780,1954.0,18.632583078035317,431.0,85.2,98.0,-1.6,-0.2,1.07,GOOD
30190,781,1942.0,-8.28409832203769,431.0,85.2,98.0,-1.6,-0.2,1.07,GOOD
30190,782,1922.0,-39.35375906973224,431.0,85.2,98.0,-1.6,-0.2,1.07,GOOD
30190,783,1955.0,-60.93233213429992,431.0,85.2,98.0,-1.6,-0.2,1.07,GOOD
30190,784,1991.0,-63.428046235021,431.0,85.2,98.0,-1.6,-0.2,1.07,GOOD
30190,785,2003.0,-45.17176770427157,431.0,85.2,98.0,-1.6,-0.2,1.07,GOOD
30190,786,1986.0,-18.11556880032635,431.0,85.2,98.0,-1.6,-0.2,1.07,GOOD
30190,787,2401.0,17.778469445508904,431.0,85.2,98.0,-1.6,-0.2,1.07,GOOD
30190,788,2414.0,93.92850220559865,431.0,85.2,98.0,-1.6,-0.2,1.07,GOOD
30190,789,2467.0,220.64863666634514,431.0,85.2,98.0,-1.6,-0.2,1.07,GOOD
30190,790,2516.0,357.6941895118638,431.0,85.2,98.0,-1.6,-0.2,1.07,GOOD
30190,791,2559.0,464.3084963273369,430.0,85.2,98.0,-1.6,-0.2,1.07,GOOD
30190,792,2454.0,522.7055933872364,430.0,85.2,98.0,-1.6,-0.2,1.07,GOOD
30190,793,2403.0,523.5464610947031,430.0,85.2,98.0,-1.6,-0.2,1.07,GOOD
30190,794,2364.0,472.9888883055482,430.0,85.2,98.0,-1.6,-0.2,1.07,GOOD
30190,795,1775.0,377.5969279100478,430.0,85.2,98.0,-1.6,-0.2,1.07,GOOD
30190,796,1759.0,218.47842577190355,430.0,85.2,98.0,-1.6,-0.2,1.07,GOOD
30190,797,1712.0,4.39555248522084,430.0,85.2,98.0,-1.6,-0.2,1.07,GOOD
30190,798,1706.0,-199.85604643853443,430.0,85.2,98.0,-1.6,-0.2,1.07,GOOD
30190,799,1843.0,-331.7427622975716,430.0,85.2,98.0,-1.6,-0.2,1.07,GOOD
30190,800,1918.0,-360.07674619608406,430.0,85.2,98.0,-1.6,-0.2,1.07,GOOD
30288,801,1929.0,-291.38456920272677,430.0,85.2,98.0,-1.7,-0.3,1.07,GOOD
30288,802,1904.0,-178.923457180046,430.0,85.2,98.0,-1.7,-0.3,1.07,GOOD
30288,803,1863.0,-93.39989061989853,430.0,85.2,98.0,-1.7,-0.3,1.07,GOOD
30288,804,1907.0,-71.78230783497435,430.0,85.2,98.0,-1.7,-0.3,1.07,GOOD
30288,805,1966.0,-92.9357670088626,430.0,85.2,98.0,-1.7,-0.3,1.07,GOOD
30288,806,1924.0,-109.6083623953772,430.0,85.2,98.0,-1.7,-0.3,1.07,GOOD
30288,807,2020.0,-97.95279278896435,430.0,85.2,98.0,-1.7,-0.3,1.07,GOOD
30288,808,1993.0,-65.25579870145289,430.0,85.2,98.0,-1.7,-0.3,1.07,GOOD
30288,809,2022.0,-31.283544552463113,430.0,85.2,98.0,-1.7,-0.3,1.07,GOOD
30288,810,2047.0,-8.259114251882405,430.0,85.2,98.0,-1.7,-0.3,1.07,GOOD
30288,811,2122.0,11.598467775422394,430.0,85.2,98.0,-1.7,-0.3,1.07,GOOD
30288,812,2070.0,39.571374868875125,430.0,85.2,98.0,-1.7,-0.3,1.07,GOOD
30288,813,2047.0,66.25335889837208,430.0,85.2,98.0,-1.7,-0.3,1.07,GOOD
30288,814,2069.0,73.72730386374414,430.0,85.2,98.0,-1.7,-0.3,1.07,GOOD
30288,815,2087.0,63.993135923195624,429.0,85.2,98.0,-1.7,-0.3,1.07,GOOD
30288,816,2087.0,54.782951652690905,429.0,85.2,98.0,-1.7,-0.3,1.07,GOOD
30288,817,2068.0,55.36890310513146,429.0,85.2,98.0,-1.7,-0.3,1.07,GOOD
30288,818,2080.0,60.57100118375376,429.0,85.2,98.0,-1.7,-0.3,1.07,GOOD
30288,819,2076.0,62.8703212086615,429.0,85.2,98.0,-1.7,-0.3,1.07,GOOD
30288,820,2123.0,62.54152872196913,429.0,85.2,98.0,-1.7,-0.3,1.07,GOOD
30288,821,2121.0,66.44423424142067,429.0,85.2,98.0,-1.7,-0.3,1.07,GOOD
30288,822,2090.0,76.66828628510375,429.0,85.2,98.0,-1.7,-0.3,1.07,GOOD
30288,823,2001.0,81.66196788682313,429.0,85.2,98.0,-1.7,-0.3,1.07,GOOD
30288,824,2033.0,67.58634414179727,429.0,85.2,98.0,-1.7,-0.3,1.07,GOOD
30288,825,2053.0,38.93675093269472,429.0,85.2,98.0,-1.7,-0.3,1.07,GOOD
30394,826,2038.0,13.878451354066,429.0,85.2,98.0,-1.7,-0.2,1.08,GOOD
30394,827,2091.0,4.499278416487406,429.0,85.2,98.0,-1.7,-0.2,1.08,GOOD
30394,828,2089.0,13.845565105267141,429.0,85.2,98.0,-1.7,-0.2,1.08,GOOD
30394,829,2115.0,37.53632766720129,429.0,85.2,98.0,-1.7,-0.2,1.08,GOOD
30394,830,2148.0,65.29257748689066,429.0,85.2,98.0,-1.7,-0.2,1.08,GOOD
30394,831,2257.0,93.16839316976689,429.0,85.2,98.0,-1.7,-0.2,1.08,GOOD
30394,832,2215.0,125.6876046162435,429.0,85.2,98.0,-1.7,-0.2,1.08,GOOD
30394,833,2210.0,159.78241977123218,429.0,85.2,98.0,-1.7,-0.2,1.08,GOOD
30394,834,2236.0,184.60323493941377,429.0,85.2,98.0,-1.7,-0.2,1.08,GOOD
30394,835,2479.0,205.85851942713032,428.0,85.2,98.0,-1.7,-0.2,1.08,GOOD
30394,836,2313.0,240.3663860497502,428.0,85.2,98.0,-1.7,-0.2,1.08,GOOD
30394,837,2304.0,277.3961784146694,428.0,85.2,98.0,-1.7,-0.2,1.08,GOOD
30394,838,2300.0,291.5776409940057,428.0,85.2,98.0,-1.7,-0.2,1.08,GOOD
30394,839,2318.0,283.3943498469247,428.0,85.2,98.0,-1.7,-0.2,1.08,GOOD
30394,840,2372.0,269.16556307801113,428.0,85.2,98.0,-1.7,-0.2,1.08,GOOD
30394,841,2347.0,258.49805651835726,428.0,85.2,98.0,-1.7,-0.2,1.08,GOOD
30394,842,2324.0,252.62716653123525,428.0,85.2,98.0,-1.7,-0.2,1.08,GOOD
30394,843,2298.0,249.837220786961,428.0,85.2,98.0,-1.7,-0.2,1.08,GOOD
30394,844,2305.0,247.7327421429057,428.0,85.2,98.0,-1.7,-0.2,1.08,GOOD
30394,845,2302.0,240.4939869766494,428.0,85.2,98.0,-1.7,-0.2,1.08,GOOD
30394,846,2262.0,221.29205367018585,428.0,85.2,98.0,-1.7,-0.2,1.08,GOOD
30394,847,2235.0,190.84373684200006,428.0,85.2,98.0,-1.7,-0.2,1.08,GOOD
30394,848,2020.0,152.54596865113808,427.0,85.2,98.0,-1.7,-0.2,1.08,GOOD
30394,849,2043.0,100.21925707654135,427.0,85.2,98.0,-1.7,-0.2,1.08,GOOD
30394,850,2047.0,32.643670096131785,427.0,85.2,98.0,-1.7,-0.2,1.08,GOOD
30493,851,2045.0,-33.913913841591395,427.0,85.2,98.0,-1.6,-0.3,1.08,GOOD
30493,852,1910.0,-85.62434359882145,427.0,85.2,98.0,-1.6,-0.3,1.08,GOOD
30493,853,1929.0,-121.8119551967857,427.0,85.2,98.0,-1.6,-0.3,1.08,GOOD
30493,854,1960.0,-142.0525669989364,427.0,85.2,98.0,-1.6,-0.3,1.08,GOOD
30493,855,1966.0,-146.5969719799241,427.0,85.2,98.0,-1.6,-0.3,1.08,GOOD
30493,856,1875.0,-149.68580438609376,427.0,85.2,98.0,-1.6,-0.3,1.08,GOOD
30493,857,1865.0,-167.45830486217233,427.0,85.2,98.0,-1.6,-0.3,1.08,GOOD
30493,858,1864.0,-193.48664063182576,427.0,85.2,98.0,-1.6,-0.3,1.08,GOOD
30493,859,1903.0,-207.66401755563498,427.0,85.2,98.0,-1.6,-0.3,1.08,GOOD
30493,860,1952.0,-203.1196626915729,426.0,85.2,98.0,-1.6,-0.3,1.08,GOOD
30493,861,1917.0,-189.62797838850082,426.0,85.2,98.0,-1.6,-0.3,1.08,GOOD
30493,862,1896.0,-178.32863046629748,426.0,85.2,98.0,-1.6,-0.3,1.08,GOOD
30493,863,1900.0,-169.97571225629883,426.0,85.2,98.0,-1.6,-0.3,1.08,GOOD
30493,864,2019.0,-155.8284839741657,426.0,85.2,98.0,-1.6,-0.3,1.08,GOOD
30493,865,2008.0,-130.94066731528517,426.0,85.2,98.0,-1.6,-0.3,1.08,GOOD
30493,866,1981.0,-105.41395757343929,426.0,85.2,98.0,-1.6,-0.3,1.08,GOOD
30493,867,1972.0,-91.45055693019691,426.0,85.2,98.0,-1.6,-0.3,1.08,GOOD
30493,868,1942.0,-86.29024477539872,425.0,85.2,98.0,-1.6,-0.3,1.08,GOOD
30493,869,1923.0,-85.4048616370986,425.0,85.2,98.0,-1.6,-0.3,1.08,GOOD
30493,870,1932.0,-95.49905534654985,425.0,85.2,98.0,-1.6,-0.3,1.08,GOOD
30493,871,1932.0,-119.38405465940305,425.0,85.2,98.0,-1.6,-0.3,1.08,GOOD
30493,872,1845.0,-146.5372553280681,425.0,85.2,98.0,-1.6,-0.3,1.08,GOOD
30493,873,1872.0,-165.2337521089379,425.0,85.2,98.0,-1.6,-0.3,1.08,GOOD
30493,874,1878.0,-171.671092691272,425.0,85.2,98.0,-1.6,-0.3,1.08,GOOD
30493,875,1880.0,-171.8860237532445,425.0,85.2,98.0,-1.6,-0.3,1.08,GOOD
30605,876,1852.0,-176.80439649481607,424.0,85.2,98.0,-1.6,-0.3,1.08,GOOD
30605,877,1838.0,-187.91359638702625,424.0,85.2,98.0,-1.6,-0.3,1.08,GOOD
30605,878,1848.0,-194.64214809647464,424.0,85.2,98.0,-1.6,-0.3,1.08,GOOD
30605,879,1850.0,-190.39020189710558,424.0,85.2,98.0,-1.6,-0.3,1.08,GOOD
30605,880,1874.0,-182.32272919795514,424.0,85.2,98.0,-1.6,-0.3,1.08,GOOD
30605,881,1861.0,-179.62659415034634,424.0,85.2,98.0,-1.6,-0.3,1.08,GOOD
30605,882,1866.0,-179.83697784413113,424.0,85.2,98.0,-1.6,-0.3,1.08,GOOD
30605,883,1858.0,-173.70281602599192,424.0,85.2,98.0,-1.6,-0.3,1.08,GOOD
30605,884,2050.0,-152.9585790779644,423.0,85.2,98.0,-1.6,-0.3,1.08,GOOD
30605,885,2031.0,-112.61337435355028,423.0,85.2,98.0,-1.6,-0.3,1.08,GOOD
30605,886,2017.0,-62.1514182476267,423.0,85.2,98.0,-1.6,-0.3,1.08,GOOD
30605,887,2015.0,-20.56995241582203,423.0,85.2,98.0,-1.6,-0.3,1.08,GOOD
30605,888,2052.0,7.10506784923972,423.0,85.2,98.0,-1.6,-0.3,1.08,GOOD
30605,889,2047.0,25.84470716134657,423.0,85.2,98.0,-1.6,-0.3,1.08,GOOD
30605,890,2031.0,32.65182556102589,423.0,85.2,98.0,-1.6,-0.3,1.08,GOOD
30605,891,2030.0,23.58007958302691,423.0,85.2,98.0,-1.6,-0.3,1.08,GOOD
30605,892,1930.0,5.036781051792834,422.0,85.2,98.0,-1.6,-0.3,1.08,GOOD
30605,893,1952.0,-15.292868998660035,422.0,85.2,98.0,-1.6,-0.3,1.08,GOOD
30605,894,1942.0,-35.49548543364101,422.0,85.2,98.0,-1.6,-0.3,1.08,GOOD
30605,895,1931.0,-56.98819933437786,422.0,85.2,98.0,-1.6,-0.3,1.08,GOOD
30605,896,1890.0,-81.18938398060396,422.0,85.2,98.0,-1.6,-0.3,1.08,GOOD
30605,897,1899.0,-102.83858177235103,422.0,85.2,98.0,-1.6,-0.3,1.08,GOOD
30605,898,1894.0,-112.4636770929637,422.0,85.2,98.0,-1.6,-0.3,1.08,GOOD
30605,899,1892.0,-110.52556889735,422.0,85.2,98.0,-1.6,-0.3,1.08,GOOD
30605,900,1902.0,-108.62884806503665,422.0,85.2,98.0,-1.6,-0.3,1.08,GOOD
30701,901,1907.0,-112.29032712399734,422.0,85.2,98.0,-1.7,-0.3,1.07,GOOD
30701,902,1921.0,-113.12891939956434,422.0,85.2,98.0,-1.7,-0.3,1.07,GOOD
30701,903,1929.0,-101.97195884579753,422.0,85.2,98.0,-1.7,-0.3,1.07,GOOD
30701,904,2051.0,-78.01651678783716,421.0,85.2,98.0,-1.7,-0.3,1.07,GOOD
30701,905,2008.0,-45.469912934882906,421.0,85.2,98.0,-1.7,-0.3,1.07,GOOD
30701,906,2005.0,-13.978199585311549,421.0,85.2,98.0,-1.7,-0.3,1.07,GOOD
30701,907,2040.0,8.789868555222366,421.0,85.2,98.0,-1.7,-0.3,1.07,GOOD
30701,908,1994.0,24.524735417313412,421.0,85.2,98.0,-1.7,-0.3,1.07,GOOD
30701,909,2000.0,31.249453501856955,421.0,85.2,98.0,-1.7,-0.3,1.07,GOOD
30701,910,2001.0,23.324743072976407,421.0,85.2,98.0,-1.7,-0.3,1.07,GOOD
30701,911,2020.0,7.360190694719156,421.0,85.2,98.0,-1.7,-0.3,1.07,GOOD
30701,912,1955.0,-3.520965812752933,421.0,85.2,98.0,-1.7,-0.3,1.07,GOOD
30701,913,1970.0,-7.231262861915582,421.0,85.2,98.0,-1.7,-0.3,1.07,GOOD
30701,914,1959.0,-11.229798381744803,421.0,85.2,98.0,-1.7,-0.3,1.07,GOOD
30701,915,1956.0,-20.703317871468876,421.0,85.2,98.0,-1.7,-0.3,1.07,GOOD
30701,916,1861.0,-37.5442728108803,420.0,85.2,98.0,-1.7,-0.3,1.07,GOOD
30701,917,1875.0,-61.9092190575753,420.0,85.2,98.0,-1.7,-0.3,1.07,GOOD
30701,918,1889.0,-86.99274843574125,420.0,85.2,98.0,-1.7,-0.3,1.07,GOOD
30701,919,1876.0,-103.69165221478443,420.0,85.2,98.0,-1.7,-0.3,1.07,GOOD
30701,920,1904.0,-110.98817416533126,420.0,85.2,98.0,-1.7,-0.3,1.07,GOOD
30701,921,1905.0,-110.09843613464369,420.0,85.2,98.0,-1.7,-0.3,1.07,GOOD
30701,922,1923.0,-98.93548353176993,420.0,85.2,98.0,-1.7,-0.3,1.07,GOOD
30701,923,1915.0,-79.6206544645926,420.0,85.2,98.0,-1.7,-0.3,1.07,GOOD
30701,924,2037.0,-57.22030316449485,420.0,85.2,98.0,-1.7,-0.3,1.07,GOOD
30701,925,2016.0,-30.898967790309193,420.0,85.2,98.0,-1.7,-0.3,1.07,GOOD
30800,926,2022.0,-0.46076927985512617,420.0,85.2,98.0,-1.8,-0.2,1.07,GOOD
30800,927,2024.0,27.869978618255253,420.0,85.2,98.0,-1.8,-0.2,1.07,GOOD
30800,928,2083.0,50.85379229811661,420.0,85.2,98.0,-1.8,-0.2,1.07,GOOD
30800,929,2067.0,69.37311630591924,420.0,85.2,98.0,-1.8,-0.2,1.07,GOOD
30800,930,2051.0,80.45247662699843,420.0,85.2,98.0,-1.8,-0.2,1.07,GOOD
30800,931,2060.0,81.5130242460977,420.0,85.2,98.0,-1.8,-0.2,1.07,GOOD
30800,932,2053.0,78.37727870118192,420.0,85.2,98.0,-1.8,-0.2,1.07,GOOD
30800,933,2038.0,76.58454971282293,420.0,85.2,98.0,-1.8,-0.2,1.07,GOOD
30800,934,2030.0,72.3795321591788,420.0,85.2,98.0,-1.8,-0.2,1.07,GOOD
30800,935,2024.0,61.173739659838446,420.0,85.2,98.0,-1.8,-0.2,1.07,GOOD
30800,936,1949.0,44.012548377993085,419.0,85.2,98.0,-1.8,-0.2,1.07,GOOD
30800,937,1984.0,23.988743315194817,419.0,85.2,98.0,-1.8,-0.2,1.07,GOOD
30800,938,1991.0,6.6723704058815265,419.0,85.2,98.0,-1.8,-0.2,1.07,GOOD
30800,939,1985.0,-3.075284295489571,419.0,85.2,98.0,-1.8,-0.2,1.07,GOOD
30800,940,1976.0,-7.138610759312334,419.0,85.2,98.0,-1.8,-0.2,1.07,GOOD
30800,941,1992.0,-7.727243943692247,419.0,85.2,98.0,-1.8,-0.2,1.07,GOOD
30800,942,1998.0,-2.657550860112742,419.0,85.2,98.0,-1.8,-0.2,1.07,GOOD
30800,943,1999.0,7.14432302188929,419.0,85.2,98.0,-1.8,-0.2,1.07,GOOD
30800,944,1976.0,13.878706146709618,419.0,85.2,98.0,-1.8,-0.2,1.07,GOOD
30800,945,1948.0,10.209486828760564,419.0,85.2,98.0,-1.8,-0.2,1.07,GOOD
30800,946,1951.0,-2.621427984482308,419.0,85.2,98.0,-1.8,-0.2,1.07,GOOD
30800,947,1961.0,-15.949220295645787,419.0,85.2,98.0,-1.8,-0.2,1.07,GOOD
30800,948,2040.0,-20.260560874918085,419.0,85.2,98.0,-1.8,-0.2,1.07,GOOD
30800,949,2011.0,-10.811473839564961,419.0,85.2,98.0,-1.8,-0.2,1.07,GOOD
30800,950,1999.0,7.197621658972288,419.0,85.2,98.0,-1.8,-0.2,1.07,GOOD
30898,951,2006.0,23.750629042992045,419.0,84.6,98.0,-1.8,-0.2,1.08,GOOD
30898,952,2052.0,35.987174671297694,419.0,84.6,98.0,-1.8,-0.2,1.08,GOOD
30898,953,2046.0,46.105736827393585,419.0,84.6,98.0,-1.8,-0.2,1.08,GOOD
30898,954,2031.0,52.4112648282925,419.0,84.6,98.0,-1.8,-0.2,1.08,GOOD
30898,955,2025.0,52.643774499181944,419.0,84.6,98.0,-1.8,-0.2,1.08,GOOD
30898,956,1966.0,48.298240644518444,419.0,84.6,98.0,-1.8,-0.2,1.08,GOOD
30898,957,1977.0,38.638417410414036,419.0,84.6,98.0,-1.8,-0.2,1.08,GOOD
30898,958,1965.0,21.073630906331076,419.0,84.6,98.0,-1.8,-0.2,1.08,GOOD
30898,959,1967.0,-1.6429391832409719,419.0,84.6,98.0,-1.8,-0.2,1.08,GOOD
30898,960,1917.0,-22.43517600740094,419.0,84.6,98.0,-1.8,-0.2,1.08,GOOD
30898,961,1942.0,-35.55702392456398,419.0,84.6,98.0,-1.8,-0.2,1.08,GOOD
30898,962,1963.0,-38.49219674301911,419.0,84.6,98.0,-1.8,-0.2,1.08,GOOD
30898,963,1955.0,-34.02000044265807,419.0,84.6,98.0,-1.8,-0.2,1.08,GOOD
30898,964,2315.0,-15.589698650747504,419.0,84.6,98.0,-1.8,-0.2,1.08,GOOD
30898,965,2323.0,45.98823879134066,419.0,84.6,98.0,-1.8,-0.2,1.08,GOOD
30898,966,2382.0,160.04302764496444,419.0,84.6,98.0,-1.8,-0.2,1.08,GOOD
30898,967,2422.0,289.4956712142152,419.0,84.6,98.0,-1.8,-0.2,1.08,GOOD
30898,968,2836.0,406.761538354392,419.0,84.6,98.0,-1.8,-0.2,1.08,GOOD
30898,969,2776.0,523.9123781781011,419.0,84.6,98.0,-1.8,-0.2,1.08,GOOD
30898,970,2749.0,639.0546379659821,419.0,84.6,98.0,-1.8,-0.2,1.08,GOOD
30898,971,2756.0,720.4133368468993,419.0,84.6,98.0,-1.8,-0.2,1.08,GOOD
30898,972,1858.0,719.3742476990578,419.0,84.6,98.0,-1.8,-0.2,1.08,GOOD
30898,973,1833.0,566.4749608146346,419.0,84.6,98.0,-1.8,-0.2,1.08,GOOD
30898,974,1774.0,264.249228760772,419.0,84.6,98.0,-1.8,-0.2,1.08,GOOD
30898,975,1747.0,-66.3973573392572,419.0,84.6,98.0,-1.8,-0.2,1.08,GOOD
31010,976,1784.0,-301.25363924689856,419.0,84.6,98.0,-1.7,-0.2,1.08,GOOD
31010,977,1844.0,-388.5326513933666,419.0,84.6,98.0,-1.7,-0.2,1.08,GOOD
31010,978,1852.0,-346.091139623852,419.0,84.6,98.0,-1.7,-0.2,1.08,GOOD
31010,979,1828.0,-246.70836201495393,419.0,84.6,98.0,-1.7,-0.2,1.08,GOOD
31010,980,1900.0,-169.85053694394725,419.0,84.6,98.0,-1.7,-0.2,1.08,GOOD
31010,981,1934.0,-142.14469151735054,419.0,84.6,98.0,-1.7,-0.2,1.08,GOOD
31010,982,1970.0,-134.33443657516224,419.0,84.6,98.0,-1.7,-0.2,1.08,GOOD
31010,983,1971.0,-111.8906981198622,419.0,84.6,98.0,-1.7,-0.2,1.08,GOOD
31010,984,1920.0,-75.60546472176134,419.0,84.6,98.0,-1.7,-0.2,1.08,GOOD
31010,985,1903.0,-55.0876261936341,419.0,84.6,98.0,-1.7,-0.2,1.08,GOOD
31010,986,1939.0,-66.66365765555702,419.0,84.6,98.0,-1.7,-0.2,1.08,GOOD
31010,987,1977.0,-89.43966304906515,419.0,84.6,98.0,-1.7,-0.2,1.08,GOOD
31010,988,2136.0,-85.72408128320959,420.0,84.6,98.0,-1.7,-0.2,1.08,GOOD
31010,989,2063.0,-39.675873956856954,420.0,84.6,98.0,-1.7,-0.2,1.08,GOOD
31010,990,2042.0,21.108190025711426,420.0,84.6,98.0,-1.7,-0.2,1.08,GOOD
31010,991,2050.0,56.372192792547494,420.0,84.6,98.0,-1.7,-0.2,1.08,GOOD
31010,992,2191.0,64.39893730580532,420.0,84.6,98.0,-1.7,-0.2,1.08,GOOD
31010,993,2165.0,75.30007706010657,420.0,84.6,98.0,-1.7,-0.2,1.08,GOOD
31010,994,2125.0,100.11418290111091,420.0,84.6,98.0,-1.7,-0.2,1.08,GOOD
31010,995,2134.0,120.72952309952174,420.0,84.6,98.0,-1.7,-0.2,1.08,GOOD
31010,996,2057.0,122.1045166465443,420.0,84.6,98.0,-1.7,-0.2,1.08,GOOD
31010,997,2100.0,104.98614346997536,420.0,84.6,98.0,-1.7,-0.2,1.08,GOOD
31010,998,2088.0,80.06171349800456,420.0,84.6,98.0,-1.7,-0.2,1.08,GOOD
31010,999,2059.0,58.15153823145651,420.0,84.6,98.0,-1.7,-0.2,1.08,GOOD
31010,1000,2029.0,40.81665759666788,420.0,84.6,98.0,-1.7,-0.2,1.08,GOOD
31108,1001,2067.0,27.286639810481024,420.0,84.6,98.0,-1.7,-0.2,1.08,GOOD
31108,1002,2099.0,22.60090036603912,420.0,84.6,98.0,-1.7,-0.2,1.08,GOOD
31108,1003,2072.0,28.64705465546429,420.0,84.6,98.0,-1.7,-0.2,1.08,GOOD
31108,1004,2045.0,35.97661307727292,420.0,84.6,98.0,-1.7,-0.2,1.08,GOOD
31108,1005,2044.0,35.1146371199861,420.0,84.6,98.0,-1.7,-0.2,1.08,GOOD
31108,1006,2077.0,29.182825982245497,420.0,84.6,98.0,-1.7,-0.2,1.08,GOOD
31108,1007,2099.0,27.537161419052907,420.0,84.6,98.0,-1.7,-0.2,1.08,GOOD
31108,1008,2332.0,42.1585487455256,420.0,84.6,98.0,-1.7,-0.2,1.08,GOOD
31108,1009,2283.0,87.61383684402477,420.0,84.6,98.0,-1.7,-0.2,1.08,GOOD
31108,1010,2274.0,157.70909937636688,420.0,84.6,98.0,-1.7,-0.2,1.08,GOOD
31108,1011,2303.0,222.8373039507569,420.0,84.6,98.0,-1.7,-0.2,1.08,GOOD
31108,1012,2400.0,265.6278923717115,420.0,84.6,98.0,-1.7,-0.2,1.08,GOOD
31108,1013,2393.0,290.2749225377766,420.0,84.6,98.0,-1.7,-0.2,1.08,GOOD
31108,1014,2376.0,302.7749341376599,420.0,84.6,98.0,-1.7,-0.2,1.08,GOOD
31108,1015,2389.0,307.2651520662041,420.0,84.6,98.0,-1.7,-0.2,1.08,GOOD
31108,1016,2395.0,311.8676161011574,421.0,84.6,98.0,-1.7,-0.2,1.08,GOOD
31108,1017,2414.0,319.74143935220854,421.0,84.6,98.0,-1.7,-0.2,1.08,GOOD
31108,1018,2391.0,322.4807363116805,421.0,84.6,98.0,-1.7,-0.2,1.08,GOOD
31108,1019,2377.0,312.06112303070483,421.0,84.6,98.0,-1.7,-0.2,1.08,GOOD
31108,1020,2207.0,287.2208714111424,421.0,84.6,98.0,-1.7,-0.2,1.08,GOOD
31108,1021,2256.0,248.03344107569404,421.0,84.6,98.0,-1.7,-0.2,1.08,GOOD
31108,1022,2259.0,201.1467555028222,421.0,84.6,98.0,-1.7,-0.2,1.08,GOOD
31108,1023,2241.0,158.25629530973617,421.0,84.6,98.0,-1.7,-0.2,1.08,GOOD
31108,1024,2033.0,117.03865414725628,421.0,84.6,98.0,-1.7,-0.2,1.08,GOOD
31108,1025,2056.0,65.76392754027736,421.0,84.6,98.0,-1.7,-0.2,1.08,GOOD
31204,1026,2074.0,11.08828949633792,421.0,84.6,98.0,-1.8,-0.2,1.08,GOOD
31204,1027,2074.0,-28.554237644546827,421.0,84.6,98.0,-1.8,-0.2,1.08,GOOD
31204,1028,2062.0,-52.04768944892289,421.0,84.6,98.0,-1.8,-0.2,1.08,GOOD
31204,1029,2011.0,-69.40273870059583,421.0,84.6,98.0,-1.8,-0.2,1.08,GOOD
31204,1030,2023.0,-81.19854562114122,421.0,84.6,98.0,-1.8,-0.2,1.08,GOOD
31204,1031,2028.0,-82.00184676009636,421.0,84.6,98.0,-1.8,-0.2,1.08,GOOD
31204,1032,2099.0,-73.80698965063974,421.0,84.6,98.0,-1.8,-0.2,1.08,GOOD
31204,1033,2075.0,-65.25527812620044,421.0,84.6,98.0,-1.8,-0.2,1.08,GOOD
31204,1034,2067.0,-60.551784571907895,421.0,84.6,98.0,-1.8,-0.2,1.08,GOOD
31204,1035,2081.0,-53.87081778663095,421.0,84.6,98.0,-1.8,-0.2,1.08,GOOD
31204,1036,1966.0,-43.08027463961989,421.0,84.6,98.0,-1.8,-0.2,1.08,GOOD
31204,1037,1981.0,-45.691677909374086,421.0,84.6,98.0,-1.8,-0.2,1.08,GOOD
31204,1038,1966.0,-76.90022230671708,421.0,84.6,98.0,-1.8,-0.2,1.08,GOOD
31204,1039,1964.0,-122.94507019048027,421.0,84.6,98.0,-1.8,-0.2,1.08,GOOD
31204,1040,1880.0,-158.37895971134037,421.0,84.6,98.0,-1.8,-0.2,1.08,GOOD
31204,1041,1924.0,-174.13399337078027,421.0,84.6,98.0,-1.8,-0.2,1.08,GOOD
31204,1042,1912.0,-178.15753530472557,421.0,84.6,98.0,-1.8,-0.2,1.08,GOOD
31204,1043,1890.0,-183.37236450253215,421.0,84.6,98.0,-1.8,-0.2,1.08,GOOD
31204,1044,1805.0,-199.2846795984093,422.0,84.6,98.0,-1.8,-0.2,1.08,GOOD
31204,1045,1835.0,-223.43148588915398,422.0,84.6,98.0,-1.8,-0.2,1.08,GOOD
31204,1046,1848.0,-241.75583863457604,422.0,84.6,98.0,-1.8,-0.2,1.08,GOOD
31204,1047,1854.0,-246.24897287428908,422.0,84.6,98.0,-1.8,-0.2,1.08,GOOD
31204,1048,1944.0,-240.58734007275336,422.0,84.6,98.0,-1.8,-0.2,1.08,GOOD
31204,1049,1912.0,-224.7012313768653,422.0,84.6,98.0,-1.8,-0.2,1.08,GOOD
31204,1050,1924.0,-196.03629787340898,422.0,84.6,98.0,-1.8,-0.2,1.08,GOOD
31303,1051,1936.0,-161.14019100606126,422.0,84.6,98.0,-1.7,-0.2,1.07,GOOD
31303,1052,2020.0,-130.03981039744207,422.0,84.6,98.0,-1.7,-0.2,1.07,GOOD
31303,1053,1984.0,-107.82093414886417,422.0,84.6,98.0,-1.7,-0.2,1.07,GOOD
31303,1054,1976.0,-95.39842794408858,422.0,84.6,98.0,-1.7,-0.2,1.07,GOOD
31303,1055,1987.0,-88.45281719503865,422.0,84.6,98.0,-1.7,-0.2,1.07,GOOD
31303,1056,2032.0,-77.83738905635948,422.0,84.6,98.0,-1.7,-0.2,1.07,GOOD
31303,1057,2033.0,-61.17819740878894,422.0,84.6,98.0,-1.7,-0.2,1.07,GOOD
31303,1058,2022.0,-47.62176910420586,422.0,84.6,98.0,-1.7,-0.2,1.07,GOOD
31303,1059,2022.0,-43.660622174135824,422.0,84.6,98.0,-1.7,-0.2,1.07,GOOD
31303,1060,1888.0,-48.169277092462785,422.0,84.6,98.0,-1.7,-0.2,1.07,GOOD
31303,1061,1886.0,-65.28511386153505,422.0,84.6,98.0,-1.7,-0.2,1.07,GOOD
31303,1062,1892.0,-99.46433150662347,422.0,84.6,98.0,-1.7,-0.2,1.07,GOOD
31303,1063,1893.0,-141.56311819305142,422.0,84.6,98.0,-1.7,-0.2,1.07,GOOD
31303,1064,1854.0,-176.07891920598888,422.0,84.6,98.0,-1.7,-0.2,1.07,GOOD
31303,1065,1892.0,-191.67616737204042,422.0,84.6,98.0,-1.7,-0.2,1.07,GOOD
31303,1066,1908.0,-184.0575318348325,422.0,84.6,98.0,-1.7,-0.2,1.07,GOOD
31303,1067,1906.0,-161.67590627236893,422.0,84.6,98.0,-1.7,-0.2,1.07,GOOD
31303,1068,1872.0,-144.04043602724647,422.0,84.6,98.0,-1.7,-0.2,1.07,GOOD
31303,1069,1875.0,-143.16229298464413,422.0,84.6,98.0,-1.7,-0.2,1.07,GOOD
31303,1070,1892.0,-150.899284931014,422.0,84.6,98.0,-1.7,-0.2,1.07,GOOD
31303,1071,1908.0,-151.7719737030541,422.0,84.6,98.0,-1.7,-0.2,1.07,GOOD
31303,1072,1998.0,-139.24422575681353,422.0,84.6,98.0,-1.7,-0.2,1.07,GOOD
31303,1073,1949.0,-116.17729810024582,422.0,84.6,98.0,-1.7,-0.2,1.07,GOOD
31303,1074,1934.0,-92.25896093713267,422.0,84.6,98.0,-1.7,-0.2,1.07,GOOD
31303,1075,1954.0,-75.95517758838942,422.0,84.6,98.0,-1.7,-0.2,1.07,GOOD
31415,1076,2105.0,-60.68661817796483,423.0,84.6,98.0,-1.8,-0.3,1.09,GOOD
31415,1077,2088.0,-32.6542547546022,423.0,84.6,98.0,-1.8,-0.3,1.09,GOOD
31415,1078,2073.0,5.087172974797557,423.0,84.6,98.0,-1.8,-0.3,1.09,GOOD
31415,1079,2067.0,36.35285964539857,423.0,84.6,98.0,-1.8,-0.3,1.09,GOOD
31415,1080,2007.0,52.32941681841228,423.0,84.6,98.0,-1.8,-0.3,1.09,GOOD
31415,1081,2029.0,50.456588226150494,423.0,84.6,98.0,-1.8,-0.3,1.09,GOOD
31415,1082,2023.0,31.39530694534715,423.0,84.6,98.0,-1.8,-0.3,1.09,GOOD
31415,1083,2015.0,3.9270734581973636,423.0,84.6,98.0,-1.8,-0.3,1.09,GOOD
31415,1084,1898.0,-22.28066150730532,423.0,84.6,98.0,-1.8,-0.3,1.09,GOOD
31415,1085,1930.0,-45.39875355993252,423.0,84.6,98.0,-1.8,-0.3,1.09,GOOD
31415,1086,1933.0,-65.56507083123884,423.0,84.6,98.0,-1.8,-0.3,1.09,GOOD
31415,1087,1921.0,-82.47530726292061,423.0,84.6,98.0,-1.8,-0.3,1.09,GOOD
31415,1088,1861.0,-100.36834311646082,423.0,84.6,98.0,-1.8,-0.3,1.09,GOOD
31415,1089,1880.0,-120.08951022356632,423.0,84.6,98.0,-1.8,-0.3,1.09,GOOD
31415,1090,1905.0,-131.4688928248061,423.0,84.6,98.0,-1.8,-0.3,1.09,GOOD
31415,1091,1913.0,-126.96495249191995,423.0,84.6,98.0,-1.8,-0.3,1.09,GOOD
31415,1092,2041.0,-109.79939635059618,423.0,84.6,98.0,-1.8,-0.3,1.09,GOOD
31415,1093,2009.0,-81.79137750651086,423.0,84.6,98.0,-1.8,-0.3,1.09,GOOD
31415,1094,2020.0,-44.101444015655595,423.0,84.6,98.0,-1.8,-0.3,1.09,GOOD
31415,1095,2021.0,-5.062179068649236,423.0,84.6,98.0,-1.8,-0.3,1.09,GOOD
31415,1096,2068.0,25.61448575024467,423.0,84.6,98.0,-1.8,-0.3,1.09,GOOD
31415,1097,2026.0,40.808582357362994,423.0,84.6,98.0,-1.8,-0.3,1.09,GOOD
31415,1098,2014.0,37.32913173078042,423.0,84.6,98.0,-1.8,-0.3,1.09,GOOD
31415,1099,2012.0,22.548179996055577,423.0,84.6,98.0,-1.8,-0.3,1.09,GOOD
31415,1100,1998.0,10.715139807026972,424.0,84.6,98.0,-1.8,-0.3,1.09,GOOD
31512,1101,2011.0,6.488214502834252,424.0,84.6,98.0,-1.7,-0.3,1.08,GOOD
31512,1102,2004.0,2.8930286794313553,424.0,84.6,98.0,-1.7,-0.3,1.08,GOOD
31512,1103,2003.0,-4.525206872238801,424.0,84.6,98.0,-1.7,-0.3,1.08,GOOD
31512,1104,1945.0,-12.886364316898787,424.0,84.6,98.0,-1.7,-0.3,1.08,GOOD
31512,1105,1975.0,-19.306476766714656,424.0,84.6,98.0,-1.7,-0.3,1.08,GOOD
31512,1106,1990.0,-23.483575694516375,424.0,84.6,98.0,-1.7,-0.3,1.08,GOOD
31512,1107,1964.0,-27.26347873706232,424.0,84.6,98.0,-1.7,-0.3,1.08,GOOD
31512,1108,1919.0,-35.44829528622526,424.0,84.6,98.0,-1.7,-0.3,1.08,GOOD
31512,1109,1934.0,-48.537141309372196,424.0,84.6,98.0,-1.7,-0.3,1.08,GOOD
31512,1110,1954.0,-58.17786443476485,424.0,84.6,98.0,-1.7,-0.3,1.08,GOOD
31512,1111,1943.0,-59.099739941146545,424.0,84.6,98.0,-1.7,-0.3,1.08,GOOD
31512,1112,1960.0,-56.7751125486683,424.0,84.6,98.0,-1.7,-0.3,1.08,GOOD
31512,1113,1900.0,-57.675366064976075,424.0,84.6,98.0,-1.7,-0.3,1.08,GOOD
31512,1114,1954.0,-60.66986170525524,424.0,84.6,98.0,-1.7,-0.3,1.08,GOOD
31512,1115,1970.0,-58.29309630234256,424.0,84.6,98.0,-1.7,-0.3,1.08,GOOD
31512,1116,2131.0,-41.29913370500263,424.0,84.6,98.0,-1.7,-0.3,1.08,GOOD
31512,1117,2083.0,-5.048518125406565,424.0,84.6,98.0,-1.7,-0.3,1.08,GOOD
31512,1118,2084.0,41.393032240990834,424.0,84.6,98.0,-1.7,-0.3,1.08,GOOD
31512,1119,2085.0,81.30741254154323,424.0,84.6,98.0,-1.7,-0.3,1.08,GOOD
31512,1120,2145.0,107.95040183968193,424.0,84.6,98.0,-1.7,-0.3,1.08,GOOD
31512,1121,2133.0,123.00946874398008,424.0,84.6,98.0,-1.7,-0.3,1.08,GOOD
31512,1122,2111.0,126.0376542635874,424.0,84.6,98.0,-1.7,-0.3,1.08,GOOD
31512,1123,2112.0,118.96199576061127,424.0,84.6,98.0,-1.7,-0.3,1.08,GOOD
31512,1124,2018.0,108.30051496531254,425.0,84.6,98.0,-1.7,-0.3,1.08,GOOD
31512,1125,2057.0,94.18976882887577,425.0,84.6,98.0,-1.7,-0.3,1.08,GOOD
31608,1126,2043.0,72.85310933112024,425.0,83.7,98.0,-1.7,-0.3,1.08,GOOD
31608,1127,2030.0,46.65728271462584,425.0,83.7,98.0,-1.7,-0.3,1.08,GOOD
31608,1128,1940.0,20.40560810613717,425.0,83.7,98.0,-1.7,-0.3,1.08,GOOD
31608,1129,1955.0,-3.245677882101143,425.0,83.7,98.0,-1.7,-0.3,1.08,GOOD
31608,1130,1961.0,-21.990004031141908,425.0,83.7,98.0,-1.7,-0.3,1.08,GOOD
31608,1131,1940.0,-36.74970747148137,425.0,83.7,98.0,-1.7,-0.3,1.08,GOOD
31608,1132,1923.0,-53.17933779846558,425.0,83.7,98.0,-1.7,-0.3,1.08,GOOD
31608,1133,1923.0,-70.54824907694812,425.0,83.7,98.0,-1.7,-0.3,1.08,GOOD
31608,1134,1927.0,-78.93053590170786,425.0,83.7,98.0,-1.7,-0.3,1.08,GOOD
31608,1135,1934.0,-74.4960821176671,425.0,83.7,98.0,-1.7,-0.3,1.08,GOOD
31608,1136,2047.0,-62.21315432342016,425.0,83.7,98.0,-1.7,-0.3,1.08,GOOD
31608,1137,2011.0,-43.4486860990994,425.0,83.7,98.0,-1.7,-0.3,1.08,GOOD
31608,1138,2027.0,-17.877517935761006,425.0,83.7,98.0,-1.7,-0.3,1.08,GOOD
31608,1139,2028.0,10.606617539054211,425.0,83.7,98.0,-1.7,-0.3,1.08,GOOD
31608,1140,2096.0,37.8221136997994,426.0,83.7,98.0,-1.7,-0.3,1.08,GOOD
31608,1141,2072.0,59.29429219760336,426.0,83.7,98.0,-1.7,-0.3,1.08,GOOD
31608,1142,2052.0,68.75760324091462,426.0,83.7,98.0,-1.7,-0.3,1.08,GOOD
31608,1143,2053.0,66.03612075174266,426.0,83.7,98.0,-1.7,-0.3,1.08,GOOD
31608,1144,2182.0,66.12945643219228,426.0,83.7,98.0,-1.7,-0.3,1.08,GOOD
31608,1145,2217.0,88.22867743250114,426.0,83.7,98.0,-1.7,-0.3,1.08,GOOD
31608,1146,2243.0,131.65444607007888,426.0,83.7,98.0,-1.7,-0.3,1.08,GOOD
31608,1147,2263.0,178.37314390574687,426.0,83.7,98.0,-1.7,-0.3,1.08,GOOD
31608,1148,2852.0,240.25461105533577,426.0,83.7,98.0,-1.7,-0.3,1.08,GOOD
31608,1149,2856.0,367.42276801276864,426.0,83.7,98.0,-1.7,-0.3,1.08,GOOD
31608,1150,2875.0,559.1472116643658,426.0,83.7,98.0,-1.7,-0.3,1.08,GOOD
31707,1151,2866.0,737.6709868600904,426.0,83.7,98.0,-1.7,-0.2,1.07,GOOD
31707,1152,1907.0,803.1624166975012,426.0,83.7,98.0,-1.7,-0.2,1.07,GOOD
31707,1153,1864.0,667.0917726808764,426.0,83.7,98.0,-1.7,-0.2,1.07,GOOD
31707,1154,1820.0,346.04277209207544,426.0,83.7,98.0,-1.7,-0.2,1.07,GOOD
31707,1155,1784.0,-15.043302249275385,426.0,83.7,98.0,-1.7,-0.2,1.07,GOOD
31707,1156,1781.0,-279.5597051349284,427.0,83.7,98.0,-1.7,-0.2,1.07,GOOD
31707,1157,1792.0,-394.60248562964347,427.0,83.7,98.0,-1.7,-0.2,1.07,GOOD
31707,1158,1798.0,-376.38635171955957,427.0,83.7,98.0,-1.7,-0.2,1.07,GOOD
31707,1159,1799.0,-292.8874378493464,427.0,83.7,98.0,-1.7,-0.2,1.07,GOOD
31707,1160,2120.0,-213.29125161689137,427.0,83.7,98.0,-1.7,-0.2,1.07,GOOD
31707,1161,2128.0,-148.92291274241447,427.0,83.7,98.0,-1.7,-0.2,1.07,GOOD
31707,1162,2126.0,-74.96488276554217,427.0,83.7,98.0,-1.7,-0.2,1.07,GOOD
31707,1163,2147.0,14.23770172028043,427.0,83.7,98.0,-1.7,-0.2,1.07,GOOD
31707,1164,1996.0,91.12883521393387,427.0,83.7,98.0,-1.7,-0.2,1.07,GOOD
31707,1165,1984.0,108.96050593356993,427.0,83.7,98.0,-1.7,-0.2,1.07,GOOD
31707,1166,2006.0,52.02876597366873,427.0,83.7,98.0,-1.7,-0.2,1.07,GOOD
31707,1167,2045.0,-30.05881681149275,427.0,83.7,98.0,-1.7,-0.2,1.07,GOOD
31707,1168,1985.0,-72.57512151628497,428.0,83.7,98.0,-1.7,-0.2,1.07,GOOD
31707,1169,1984.0,-63.70032501021886,428.0,83.7,98.0,-1.7,-0.2,1.07,GOOD
31707,1170,1980.0,-41.72683790298416,428.0,83.7,98.0,-1.7,-0.2,1.07,GOOD
31707,1171,1957.0,-42.43203608701832,428.0,83.7,98.0,-1.7,-0.2,1.07,GOOD
31707,1172,1963.0,-65.64379229319817,428.0,83.7,98.0,-1.7,-0.2,1.07,GOOD
31707,1173,1964.0,-85.1026710994264,428.0,83.7,98.0,-1.7,-0.2,1.07,GOOD
31707,1174,1944.0,-84.43268704467667,428.0,83.7,98.0,-1.7,-0.2,1.07,GOOD
31707,1175,1957.0,-75.89603646996596,428.0,83.7,98.0,-1.7,-0.2,1.07,GOOD
31818,1176,1996.0,-76.38639645482083,429.0,83.7,98.0,-1.7,-0.2,1.08,GOOD
31818,1177,2005.0,-80.42380141282459,429.0,83.7,98.0,-1.7,-0.2,1.08,GOOD
31818,1178,2024.0,-70.29609335300404,429.0,83.7,98.0,-1.7,-0.2,1.08,GOOD
31818,1179,2014.0,-42.77481897999163,429.0,83.7,98.0,-1.7,-0.2,1.08,GOOD
31818,1180,2204.0,-8.067304645294527,429.0,83.7,98.0,-1.7,-0.2,1.08,GOOD
31818,1181,2194.0,31.63516378017509,429.0,83.7,98.0,-1.7,-0.2,1.08,GOOD
31818,1182,2208.0,78.26353169514692,429.0,83.7,98.0,-1.7,-0.2,1.08,GOOD
31818,1183,2219.0,126.23264374744753,429.0,83.7,98.0,-1.7,-0.2,1.08,GOOD
31818,1184,2248.0,168.46564145196783,430.0,83.7,98.0,-1.7,-0.2,1.08,GOOD
31818,1185,2229.0,196.3520917163281,430.0,83.7,98.0,-1.7,-0.2,1.08,GOOD
31818,1186,2222.0,200.34583431279873,430.0,83.7,98.0,-1.7,-0.2,1.08,GOOD
31818,1187,2249.0,184.87966691514,430.0,83.7,98.0,-1.7,-0.2,1.08,GOOD
31818,1188,2221.0,169.94679557721,430.0,83.7,98.0,-1.7,-0.2,1.08,GOOD
31818,1189,2219.0,167.50201466818783,430.0,83.7,98.0,-1.7,-0.2,1.08,GOOD
31818,1190,2204.0,169.04518967364857,430.0,83.7,98.0,-1.7,-0.2,1.08,GOOD
31818,1191,2206.0,161.3668978473881,430.0,83.7,98.0,-1.7,-0.2,1.08,GOOD
31818,1192,2294.0,147.83207066079976,431.0,83.7,98.0,-1.7,-0.2,1.08,GOOD
31818,1193,2309.0,148.67443535718087,431.0,83.7,98.0,-1.7,-0.2,1.08,GOOD
31818,1194,2247.0,171.51608528424396,431.0,83.7,98.0,-1.7,-0.2,1.08,GOOD
31818,1195,2282.0,196.99829798975873,431.0,83.7,98.0,-1.7,-0.2,1.08,GOOD
31818,1196,2323.0,208.15092182400204,431.0,83.7,98.0,-1.7,-0.2,1.08,GOOD
31818,1197,2331.0,209.8817634388318,431.0,83.7,98.0,-1.7,-0.2,1.08,GOOD
31818,1198,2344.0,213.493199072532,431.0,83.7,98.0,-1.7,-0.2,1.08,GOOD
31818,1199,2332.0,222.62753211125272,431.0,83.7,98.0,-1.7,-0.2,1.08,GOOD
31818,1200,2450.0,237.61076637883048,432.0,83.7,98.0,-1.7,-0.2,1.08,GOOD
31917,1201,2431.0,260.9452773940734,432.0,83.7,98.0,-1.7,-0.2,1.08,GOOD
31917,1202,2450.0,288.7883851648238,432.0,83.7,98.0,-1.7,-0.2,1.08,GOOD
31917,1203,2466.0,311.4000782853753,432.0,83.7,98.0,-1.7,-0.2,1.08,GOOD
31917,1204,2326.0,320.65356560393394,432.0,83.7,98.0,-1.7,-0.2,1.08,GOOD
31917,1205,2324.0,306.06671842535025,432.0,83.7,98.0,-1.7,-0.2,1.08,GOOD
31917,1206,2308.0,265.05374783980153,432.0,83.7,98.0,-1.7,-0.2,1.08,GOOD
31917,1207,2308.0,212.62010733921377,432.0,83.7,98.0,-1.7,-0.2,1.08,GOOD
31917,1208,2074.0,158.694763065881,433.0,83.7,98.0,-1.7,-0.2,1.08,GOOD
31917,1209,2077.0,94.97887741700023,433.0,83.7,98.0,-1.7,-0.2,1.08,GOOD
31917,1210,2049.0,21.49561326871021,433.0,83.7,98.0,-1.7,-0.2,1.08,GOOD
31917,1211,2020.0,-45.30060136662527,433.0,83.7,98.0,-1.7,-0.2,1.08,GOOD
31917,1212,1910.0,-100.81099623666755,433.0,83.7,98.0,-1.7,-0.2,1.08,GOOD
31917,1213,1922.0,-153.2000048966239,433.0,83.7,98.0,-1.7,-0.2,1.08,GOOD
31917,1214,1931.0,-197.47462145447096,433.0,83.7,98.0,-1.7,-0.2,1.08,GOOD
31917,1215,1902.0,-220.10526909128225,433.0,83.7,98.0,-1.7,-0.2,1.08,GOOD
31917,1216,1868.0,-225.6824313198386,434.0,83.7,98.0,-1.7,-0.2,1.08,GOOD
31917,1217,1876.0,-232.46094852215742,434.0,83.7,98.0,-1.7,-0.2,1.08,GOOD
31917,1218,1897.0,-245.20965782432555,434.0,83.7,98.0,-1.7,-0.2,1.08,GOOD
31917,1219,1864.0,-253.31609665077713,434.0,83.7,98.0,-1.7,-0.2,1.08,GOOD
31917,1220,1967.0,-247.54331681334833,434.0,83.7,98.0,-1.7,-0.2,1.08,GOOD
31917,1221,1941.0,-226.28598065122372,434.0,83.7,98.0,-1.7,-0.2,1.08,GOOD
31917,1222,1966.0,-197.64460158341674,434.0,83.7,98.0,-1.7,-0.2,1.08,GOOD
31917,1223,1988.0,-172.33928596917428,434.0,83.7,98.0,-1.7,-0.2,1.08,GOOD
31917,1224,2063.0,-148.34196250617924,434.0,83.7,98.0,-1.7,-0.2,1.08,GOOD
31917,1225,2051.0,-117.13939139744593,434.0,83.7,98.0,-1.7,-0.2,1.08,GOOD
32013,1226,2027.0,-83.70619077663217,434.0,83.7,98.0,-1.7,-0.2,1.08,GOOD
32013,1227,2054.0,-62.69645406926309,434.0,83.7,98.0,-1.7,-0.2,1.08,GOOD
32013,1228,1913.0,-62.619557708057265,435.0,83.7,98.0,-1.7,-0.2,1.08,GOOD
32013,1229,1917.0,-86.30863307870091,435.0,83.7,98.0,-1.7,-0.2,1.08,GOOD
32013,1230,1894.0,-127.84864108588883,435.0,83.7,98.0,-1.7,-0.2,1.08,GOOD
32013,1231,1896.0,-170.79066264230894,435.0,83.7,98.0,-1.7,-0.2,1.08,GOOD
32013,1232,1869.0,-202.71207984048,435.0,83.7,98.0,-1.7,-0.2,1.08,GOOD
32013,1233,1895.0,-220.04261574778377,435.0,83.7,98.0,-1.7,-0.2,1.08,GOOD
32013,1234,1876.0,-222.4152675342731,435.0,83.7,98.0,-1.7,-0.2,1.08,GOOD
32013,1235,1865.0,-214.6984717922578,435.0,83.7,98.0,-1.7,-0.2,1.08,GOOD
32013,1236,1855.0,-207.75318000774382,435.0,83.7,98.0,-1.7,-0.2,1.08,GOOD
32013,1237,1873.0,-208.3968148636801,435.0,83.7,98.0,-1.7,-0.2,1.08,GOOD
32013,1238,1886.0,-212.30995521392023,435.0,83.7,98.0,-1.7,-0.2,1.08,GOOD
32013,1239,1885.0,-210.71398566587703,435.0,83.7,98.0,-1.7,-0.2,1.08,GOOD
32013,1240,1956.0,-198.24340207427832,435.0,83.7,98.0,-1.7,-0.2,1.08,GOOD
32013,1241,1925.0,-174.9000960456177,435.0,83.7,98.0,-1.7,-0.2,1.08,GOOD
32013,1242,1910.0,-150.03159014115892,435.0,83.7,98.0,-1.7,-0.2,1.08,GOOD
32013,1243,1941.0,-135.26372323402478,435.0,83.7,98.0,-1.7,-0.2,1.08,GOOD
32013,1244,2055.0,-125.25728365884127,435.0,83.7,98.0,-1.7,-0.2,1.08,GOOD
32013,1245,2052.0,-102.41492470061525,435.0,83.7,98.0,-1.7,-0.2,1.08,GOOD
32013,1246,2029.0,-65.01288470015534,435.0,83.7,98.0,-1.7,-0.2,1.08,GOOD
32013,1247,2061.0,-29.501918723744687,435.0,83.7,98.0,-1.7,-0.2,1.08,GOOD
32013,1248,1941.0,-10.966642005804449,435.0,83.7,98.0,-1.7,-0.2,1.08,GOOD
32013,1249,1941.0,-19.24452416723371,435.0,83.7,98.0,-1.7,-0.2,1.08,GOOD
32013,1250,1909.0,-53.985025585577766,435.0,83.7,98.0,-1.7,-0.2,1.08,GOOD
32111,1251,1915.0,-99.0050244048737,435.0,83.7,98.0,-1.6,-0.2,1.08,GOOD
32111,1252,1908.0,-134.59323598597294,435.0,83.7,98.0,-1.6,-0.2,1.08,GOOD
32111,1253,1929.0,-149.80032126657864,435.0,83.7,98.0,-1.6,-0.2,1.08,GOOD
32111,1254,1924.0,-145.43464514672485,435.0,83.7,98.0,-1.6,-0.2,1.08,GOOD
32111,1255,1897.0,-132.66076037213185,435.0,83.7,98.0,-1.6,-0.2,1.08,GOOD
32111,1256,1876.0,-125.87255897775522,435.0,83.7,98.0,-1.6,-0.2,1.08,GOOD
32111,1257,1885.0,-130.9988964500294,435.0,83.7,98.0,-1.6,-0.2,1.08,GOOD
32111,1258,1924.0,-140.32950604612665,435.0,83.7,98.0,-1.6,-0.2,1.08,GOOD
32111,1259,1906.0,-142.5783849613077,435.0,83.7,98.0,-1.6,-0.2,1.08,GOOD
32111,1260,2070.0,-129.83710153848344,435.0,83.7,98.0,-1.6,-0.2,1.08,GOOD
32111,1261,2045.0,-94.71367788831228,435.0,83.7,98.0,-1.6,-0.2,1.08,GOOD
32111,1262,2088.0,-40.810023454332935,435.0,83.7,98.0,-1.6,-0.2,1.08,GOOD
32111,1263,2095.0,13.958808415111474,435.0,83.7,98.0,-1.6,-0.2,1.08,GOOD
32111,1264,2109.0,54.61248063108296,435.0,83.7,98.0,-1.6,-0.2,1.08,GOOD
32111,1265,2080.0,75.2364052008832,435.0,83.7,98.0,-1.6,-0.2,1.08,GOOD
32111,1266,2057.0,75.21225266428263,435.0,83.7,98.0,-1.6,-0.2,1.08,GOOD
32111,1267,2091.0,61.38787059569522,435.0,83.7,98.0,-1.6,-0.2,1.08,GOOD
32111,1268,1956.0,42.51413269481502,435.0,83.7,98.0,-1.6,-0.2,1.08,GOOD
32111,1269,1952.0,15.923563630331449,435.0,83.7,98.0,-1.6,-0.2,1.08,GOOD
32111,1270,1922.0,-22.77776659489645,435.0,83.7,98.0,-1.6,-0.2,1.08,GOOD
32111,1271,1911.0,-65.36303328204959,435.0,83.7,98.0,-1.6,-0.2,1.08,GOOD
32111,1272,1939.0,-98.66468140717609,435.0,83.7,98.0,-1.6,-0.2,1.08,GOOD
32111,1273,1989.0,-111.46475530519128,435.0,83.7,98.0,-1.6,-0.2,1.08,GOOD
32111,1274,1983.0,-99.33475539588078,435.0,83.7,98.0,-1.6,-0.2,1.08,GOOD
32111,1275,1948.0,-73.11958216103744,435.0,83.7,98.0,-1.6,-0.2,1.08,GOOD
32223,1276,1894.0,-54.68328714290747,434.0,83.7,98.0,-1.7,-0.2,1.08,GOOD
32223,1277,1910.0,-58.4655242731845,434.0,83.7,98.0,-1.7,-0.2,1.08,GOOD
32223,1278,1953.0,-77.69017935925132,434.0,83.7,98.0,-1.7,-0.2,1.08,GOOD
32223,1279,1914.0,-94.4781850623893,434.0,83.7,98.0,-1.7,-0.2,1.08,GOOD
32223,1280,1995.0,-97.81338777400057,434.0,83.7,98.0,-1.7,-0.2,1.08,GOOD
32223,1281,1978.0,-83.99970964861213,434.0,83.7,98.0,-1.7,-0.2,1.08,GOOD
32223,1282,1994.0,-57.029280144531214,434.0,83.7,98.0,-1.7,-0.2,1.08,GOOD
32223,1283,2010.0,-29.458238278310432,434.0,83.7,98.0,-1.7,-0.2,1.08,GOOD
32223,1284,2082.0,-8.116108967874572,434.0,83.7,98.0,-1.7,-0.2,1.08,GOOD
32223,1285,2054.0,11.289972861838052,434.0,83.7,98.0,-1.7,-0.2,1.08,GOOD
32223,1286,2057.0,31.071000767081657,434.0,83.7,98.0,-1.7,-0.2,1.08,GOOD
32223,1287,2079.0,47.80674100321809,434.0,83.7,98.0,-1.7,-0.2,1.08,GOOD
32223,1288,2086.0,59.89141829529867,434.0,83.7,98.0,-1.7,-0.2,1.08,GOOD
32223,1289,2062.0,66.15328844693114,434.0,83.7,98.0,-1.7,-0.2,1.08,GOOD
32223,1290,2059.0,64.1414177609295,434.0,83.7,98.0,-1.7,-0.2,1.08,GOOD
32223,1291,2066.0,56.69904557538841,434.0,83.7,98.0,-1.7,-0.2,1.08,GOOD
32223,1292,1977.0,47.785492290920836,434.0,83.7,98.0,-1.7,-0.2,1.08,GOOD
32223,1293,2005.0,33.276808086481864,434.0,83.7,98.0,-1.7,-0.2,1.08,GOOD
32223,1294,2005.0,11.440573087402417,434.0,83.7,98.0,-1.7,-0.2,1.08,GOOD
32223,1295,1979.0,-9.958784775587384,434.0,83.7,98.0,-1.7,-0.2,1.08,GOOD
32223,1296,1931.0,-26.451761029711268,434.0,83.7,98.0,-1.7,-0.2,1.08,GOOD
32223,1297,1950.0,-40.14137379340404,434.0,83.7,98.0,-1.7,-0.2,1.08,GOOD
32223,1298,1976.0,-50.223953415399386,434.0,83.7,98.0,-1.7,-0.2,1.08,GOOD
32223,1299,1955.0,-54.1208002577196,434.0,83.7,98.0,-1.7,-0.2,1.08,GOOD
32223,1300,2050.0,-50.672712293466304,434.0,83.7,98.0,-1.7,-0.2,1.08,GOOD
32319,1301,2030.0,-35.13035064396267,434.0,83.6,98.0,-1.7,-0.2,1.07,GOOD
32319,1302,2045.0,-6.7350938239479,434.0,83.6,98.0,-1.7,-0.2,1.07,GOOD
32319,1303,2074.0,24.47665108363622,434.0,83.6,98.0,-1.7,-0.2,1.07,GOOD
32319,1304,2087.0,48.92427059698829,434.0,83.6,98.0,-1.7,-0.2,1.07,GOOD
32319,1305,2025.0,61.36748002948916,434.0,83.6,98.0,-1.7,-0.2,1.07,GOOD
32319,1306,2001.0,57.41390207912324,434.0,83.6,98.0,-1.7,-0.2,1.07,GOOD
32319,1307,2017.0,39.88282412164227,434.0,83.6,98.0,-1.7,-0.2,1.07,GOOD
32319,1308,2006.0,19.89729107739116,434.0,83.6,98.0,-1.7,-0.2,1.07,GOOD
32319,1309,2029.0,5.518828199129466,434.0,83.6,98.0,-1.7,-0.2,1.07,GOOD
32319,1310,2026.0,-1.1498824736339874,434.0,83.6,98.0,-1.7,-0.2,1.07,GOOD
32319,1311,2035.0,1.0651771077482577,434.0,83.6,98.0,-1.7,-0.2,1.07,GOOD
32319,1312,1920.0,7.029804931849223,433.0,83.6,98.0,-1.7,-0.2,1.07,GOOD
32319,1313,1951.0,2.2970465527256962,433.0,83.6,98.0,-1.7,-0.2,1.07,GOOD
32319,1314,1927.0,-20.111333369935764,433.0,83.6,98.0,-1.7,-0.2,1.07,GOOD
32319,1315,1904.0,-51.94463212441805,433.0,83.6,98.0,-1.7,-0.2,1.07,GOOD
32319,1316,1915.0,-80.87594117364262,433.0,83.6,98.0,-1.7,-0.2,1.07,GOOD
32319,1317,1938.0,-95.54222858606931,433.0,83.6,98.0,-1.7,-0.2,1.07,GOOD
32319,1318,1980.0,-89.35585921080467,433.0,83.6,98.0,-1.7,-0.2,1.07,GOOD
32319,1319,1974.0,-67.21472962997156,433.0,83.6,98.0,-1.7,-0.2,1.07,GOOD
32319,1320,2003.0,-41.67688669040701,433.0,83.6,98.0,-1.7,-0.2,1.07,GOOD
32319,1321,1992.0,-20.860253557794383,433.0,83.6,98.0,-1.7,-0.2,1.07,GOOD
32319,1322,2019.0,-4.573792582555623,433.0,83.6,98.0,-1.7,-0.2,1.07,GOOD
32319,1323,2044.0,10.218886508061678,433.0,83.6,98.0,-1.7,-0.2,1.07,GOOD
32319,1324,2778.0,53.24705489956556,433.0,83.6,98.0,-1.7,-0.2,1.07,GOOD
32319,1325,2800.0,187.2849503964029,433.0,83.6,98.0,-1.7,-0.2,1.07,GOOD
32418,1326,2842.0,417.5634140852799,433.0,83.6,98.0,-1.7,-0.2,1.08,GOOD
32418,1327,2919.0,660.6427141019055,433.0,83.6,98.0,-1.7,-0.2,1.08,GOOD
32418,1328,2367.0,817.6544905772901,433.0,83.6,98.0,-1.7,-0.2,1.08,GOOD
32418,1329,2303.0,809.463801961722,433.0,83.6,98.0,-1.7,-0.2,1.08,GOOD
32418,1330,2229.0,629.9782373981404,433.0,83.6,98.0,-1.7,-0.2,1.08,GOOD
32418,1331,2211.0,377.27953557654257,433.0,83.6,98.0,-1.7,-0.2,1.08,GOOD
32418,1332,1565.0,146.1373122482179,433.0,83.6,98.0,-1.7,-0.2,1.08,GOOD
32418,1333,1609.0,-56.141381870466375,433.0,83.6,98.0,-1.7,-0.2,1.08,GOOD
32418,1334,1578.0,-240.99269111064655,433.0,83.6,98.0,-1.7,-0.2,1.08,GOOD
32418,1335,1503.0,-390.2149017827754,433.0,83.6,98.0,-1.7,-0.2,1.08,GOOD
32418,1336,1945.0,-479.5905232572659,433.0,83.6,98.0,-1.7,-0.2,1.08,GOOD
32418,1337,2020.0,-467.21045411085197,433.0,83.6,98.0,-1.7,-0.2,1.08,GOOD
32418,1338,2104.0,-330.23044313034495,433.0,83.6,98.0,-1.7,-0.2,1.08,GOOD
32418,1339,2046.0,-127.2090741638979,433.0,83.6,98.0,-1.7,-0.2,1.08,GOOD
32418,1340,1959.0,35.15720078092068,433.0,83.6,98.0,-1.7,-0.2,1.08,GOOD
32418,1341,1929.0,82.51238886651058,433.0,83.6,98.0,-1.7,-0.2,1.08,GOOD
32418,1342,1973.0,26.37317291310433,433.0,83.6,98.0,-1.7,-0.2,1.08,GOOD
32418,1343,2016.0,-53.373945403923166,433.0,83.6,98.0,-1.7,-0.2,1.08,GOOD
32418,1344,2142.0,-81.3293672941836,433.0,83.6,98.0,-1.7,-0.2,1.08,GOOD
32418,1345,2100.0,-41.58544178214526,433.0,83.6,98.0,-1.7,-0.2,1.08,GOOD
32418,1346,2081.0,23.348178354708697,433.0,83.6,98.0,-1.7,-0.2,1.08,GOOD
32418,1347,2143.0,67.09646128781107,433.0,83.6,98.0,-1.7,-0.2,1.08,GOOD
32418,1348,2155.0,86.4432868073391,432.0,83.6,98.0,-1.7,-0.2,1.08,GOOD
32418,1349,2136.0,100.2268696339348,432.0,83.6,98.0,-1.7,-0.2,1.08,GOOD
32418,1350,2087.0,109.15622708077044,432.0,83.6,98.0,-1.7,-0.2,1.08,GOOD
32513,1351,2091.0,100.67119672610329,432.0,83.6,98.0,-1.7,-0.1,1.07,GOOD
32513,1352,2063.0,74.86300278063925,432.0,83.6,98.0,-1.7,-0.1,1.07,GOOD
32513,1353,2121.0,48.76701817294023,432.0,83.6,98.0,-1.7,-0.1,1.07,GOOD
32513,1354,2084.0,38.68499224795961,432.0,83.6,98.0,-1.7,-0.1,1.07,GOOD
32513,1355,2034.0,40.78325906688357,432.0,83.6,98.0,-1.7,-0.1,1.07,GOOD
32513,1356,2002.0,35.382595062195534,432.0,83.6,98.0,-1.7,-0.1,1.07,GOOD
32513,1357,2032.0,14.26308312235465,432.0,83.6,98.0,-1.7,-0.1,1.07,GOOD
32513,1358,2071.0,-8.201098772619673,432.0,83.6,98.0,-1.7,-0.1,1.07,GOOD
32513,1359,2036.0,-15.78825754409419,432.0,83.6,98.0,-1.7,-0.1,1.07,GOOD
32513,1360,2083.0,-8.659544740858877,432.0,83.6,98.0,-1.7,-0.1,1.07,GOOD
32513,1361,2069.0,5.286081888688273,432.0,83.6,98.0,-1.7,-0.1,1.07,GOOD
32513,1362,2121.0,21.907400769845903,432.0,83.6,98.0,-1.7,-0.1,1.07,GOOD
32513,1363,2146.0,40.991494669102565,432.0,83.6,98.0,-1.7,-0.1,1.07,GOOD
32513,1364,2290.0,67.9946284014656,432.0,83.6,98.0,-1.7,-0.1,1.07,GOOD
32513,1365,2225.0,108.99138384652966,432.0,83.6,98.0,-1.7,-0.1,1.07,GOOD
32513,1366,2232.0,154.7386805707083,432.0,83.6,98.0,-1.7,-0.1,1.07,GOOD
32513,1367,2274.0,188.0764488721635,432.0,83.6,98.0,-1.7,-0.1,1.07,GOOD
32513,1368,2408.0,210.465222906746,432.0,83.6,98.0,-1.7,-0.1,1.07,GOOD
32513,1369,2369.0,236.51681651213536,432.0,83.6,98.0,-1.7,-0.1,1.07,GOOD
32513,1370,2355.0,266.32458215237097,432.0,83.6,98.0,-1.7,-0.1,1.07,GOOD
32513,1371,2377.0,288.5932039324299,432.0,83.6,98.0,-1.7,-0.1,1.07,GOOD
32513,1372,2303.0,297.8033063015141,432.0,83.6,98.0,-1.7,-0.1,1.07,GOOD
32513,1373,2330.0,290.09451258832615,432.0,83.6,98.0,-1.7,-0.1,1.07,GOOD
32513,1374,2300.0,264.39609234928,432.0,83.6,98.0,-1.7,-0.1,1.07,GOOD
32513,1375,2270.0,229.44166995579715,432.0,83.6,98.0,-1.7,-0.1,1.07,GOOD
32624,1376,2260.0,197.51301404858842,432.0,83.6,98.0,-1.7,-0.2,1.07,GOOD
32624,1377,2309.0,178.56582212181962,432.0,83.6,98.0,-1.7,-0.2,1.07,GOOD
32624,1378,2326.0,176.34151975170232,432.0,83.6,98.0,-1.7,-0.2,1.07,GOOD
32624,1379,2303.0,183.73897679883856,432.0,83.6,98.0,-1.7,-0.2,1.07,GOOD
32624,1380,2256.0,187.51482784939134,432.0,83.6,98.0,-1.7,-0.2,1.07,GOOD
32624,1381,2251.0,180.79192951777395,432.0,83.6,98.0,-1.7,-0.2,1.07,GOOD
32624,1382,2281.0,167.97255393088687,432.0,83.6,98.0,-1.7,-0.2,1.07,GOOD
32624,1383,2287.0,156.18333414037014,432.0,83.6,98.0,-1.7,-0.2,1.07,GOOD
32624,1384,2190.0,143.23344092713836,431.0,83.6,98.0,-1.7,-0.2,1.07,GOOD
32624,1385,2095.0,117.45437939235657,431.0,83.6,98.0,-1.7,-0.2,1.07,GOOD
32624,1386,2107.0,74.7205649441713,431.0,83.6,98.0,-1.7,-0.2,1.07,GOOD
32624,1387,2128.0,28.685917371482464,431.0,83.6,98.0,-1.7,-0.2,1.07,GOOD
32624,1388,2106.0,-6.368100311853279,431.0,83.6,98.0,-1.7,-0.2,1.07,GOOD
32624,1389,2095.0,-30.204452791622845,431.0,83.6,98.0,-1.7,-0.2,1.07,GOOD
32624,1390,2073.0,-45.494538118975676,431.0,83.6,98.0,-1.7,-0.2,1.07,GOOD
32624,1391,2094.0,-49.197040748141276,431.0,83.6,98.0,-1.7,-0.2,1.07,GOOD
32624,1392,1940.0,-48.158394849677265,431.0,83.6,98.0,-1.7,-0.2,1.07,GOOD
32624,1393,1951.0,-66.61945381514964,431.0,83.6,98.0,-1.7,-0.2,1.07,GOOD
32624,1394,1929.0,-114.86341112183919,431.0,83.6,98.0,-1.7,-0.2,1.07,GOOD
32624,1395,1906.0,-170.82868258798783,431.0,83.6,98.0,-1.7,-0.2,1.07,GOOD
32624,1396,1845.0,-210.32928442456938,431.0,83.6,98.0,-1.7,-0.2,1.07,GOOD
32624,1397,1892.0,-230.29028103174468,431.0,83.6,98.0,-1.7,-0.2,1.07,GOOD
32624,1398,1911.0,-237.40098887475997,431.0,83.6,98.0,-1.7,-0.2,1.07,GOOD
32624,1399,1887.0,-236.7119682670287,431.0,83.6,98.0,-1.7,-0.2,1.07,GOOD
32624,1400,1870.0,-232.60985453089245,431.0,83.6,98.0,-1.7,-0.2,1.07,GOOD
32722,1401,1851.0,-228.08354752131646,431.0,83.6,98.0,-1.7,-0.2,1.08,GOOD
32722,1402,1888.0,-224.16344922581797,431.0,83.6,98.0,-1.7,-0.2,1.08,GOOD
32722,1403,1893.0,-221.61010178627438,431.0,83.6,98.0,-1.7,-0.2,1.08,GOOD
32722,1404,2027.0,-215.3310911978814,431.0,83.6,98.0,-1.7,-0.2,1.08,GOOD
32722,1405,1989.0,-192.16683492031447,431.0,83.6,98.0,-1.7,-0.2,1.08,GOOD
32722,1406,1987.0,-149.8603175854327,431.0,83.6,98.0,-1.7,-0.2,1.08,GOOD
32722,1407,2014.0,-105.3786343887884,431.0,83.6,98.0,-1.7,-0.2,1.08,GOOD
32722,1408,2039.0,-74.94495871048221,431.0,83.6,98.0,-1.7,-0.2,1.08,GOOD
32722,1409,2035.0,-62.21988915945939,431.0,83.6,98.0,-1.7,-0.2,1.08,GOOD
32722,1410,2008.0,-62.11487739994318,431.0,83.6,98.0,-1.7,-0.2,1.08,GOOD
32722,1411,2037.0,-64.73399974357417,431.0,83.6,98.0,-1.7,-0.2,1.08,GOOD
32722,1412,1893.0,-66.74972637905105,431.0,83.6,98.0,-1.7,-0.2,1.08,GOOD
32722,1413,1901.0,-81.65845599331647,431.0,83.6,98.0,-1.7,-0.2,1.08,GOOD
32722,1414,1871.0,-119.73620352026236,431.0,83.6,98.0,-1.7,-0.2,1.08,GOOD
32722,1415,1846.0,-168.94894710717375,431.0,83.6,98.0,-1.7,-0.2,1.08,GOOD
32722,1416,1864.0,-208.34515068829296,430.0,83.6,98.0,-1.7,-0.2,1.08,GOOD
32722,1417,1917.0,-222.6525039238391,430.0,83.6,98.0,-1.7,-0.2,1.08,GOOD
32722,1418,1932.0,-208.75529924789467,430.0,83.6,98.0,-1.7,-0.2,1.08,GOOD
32722,1419,1908.0,-179.8480917449774,430.0,83.6,98.0,-1.7,-0.2,1.08,GOOD
32722,1420,1975.0,-152.5491475164635,430.0,83.6,98.0,-1.7,-0.2,1.08,GOOD
32722,1421,1927.0,-130.950094959283,430.0,83.6,98.0,-1.7,-0.2,1.08,GOOD
32722,1422,1950.0,-114.26390703137227,430.0,83.6,98.0,-1.7,-0.2,1.08,GOOD
32722,1423,1979.0,-103.91908115903306,430.0,83.6,98.0,-1.7,-0.2,1.08,GOOD
32722,1424,2018.0,-95.93678398174464,430.0,83.6,98.0,-1.7,-0.2,1.08,GOOD
32722,1425,1990.0,-83.95104953645736,430.0,83.6,98.0,-1.7,-0.2,1.08,GOOD
32818,1426,1989.0,-68.75414043486532,430.0,83.6,98.0,-1.8,-0.2,1.08,GOOD
32818,1427,2025.0,-54.64188403208281,430.0,83.6,98.0,-1.8,-0.2,1.08,GOOD
32818,1428,2042.0,-41.88365787664789,430.0,83.6,98.0,-1.8,-0.2,1.08,GOOD
32818,1429,2022.0,-30.71529440517873,430.0,83.6,98.0,-1.8,-0.2,1.08,GOOD
32818,1430,2007.0,-25.042975879508955,430.0,83.6,98.0,-1.8,-0.2,1.08,GOOD
32818,1431,2015.0,-25.689122997984217,430.0,83.6,98.0,-1.8,-0.2,1.08,GOOD
32818,1432,1942.0,-30.790200549522172,430.0,83.6,98.0,-1.8,-0.2,1.08,GOOD
32818,1433,1961.0,-43.309494572886564,430.0,83.6,98.0,-1.8,-0.2,1.08,GOOD
32818,1434,1930.0,-64.99684691606254,430.0,83.6,98.0,-1.8,-0.2,1.08,GOOD
32818,1435,1916.0,-90.11485920437661,430.0,83.6,98.0,-1.8,-0.2,1.08,GOOD
32818,1436,1866.0,-112.75189515332823,429.0,83.6,98.0,-1.8,-0.2,1.08,GOOD
32818,1437,1918.0,-129.89479648464976,429.0,83.6,98.0,-1.8,-0.2,1.08,GOOD
32818,1438,1929.0,-137.21700816581503,429.0,83.6,98.0,-1.8,-0.2,1.08,GOOD
32818,1439,1900.0,-133.94023667526557,429.0,83.6,98.0,-1.8,-0.2,1.08,GOOD
32818,1440,1921.0,-126.77474650761388,429.0,83.6,98.0,-1.8,-0.2,1.08,GOOD
32818,1441,1922.0,-119.48581275272873,429.0,83.6,98.0,-1.8,-0.2,1.08,GOOD
32818,1442,1930.0,-110.31715736958775,429.0,83.6,98.0,-1.8,-0.2,1.08,GOOD
32818,1443,1939.0,-100.2172675893926,429.0,83.6,98.0,-1.8,-0.2,1.08,GOOD
32818,1444,2045.0,-88.33562212617156,429.0,83.6,98.0,-1.8,-0.2,1.08,GOOD
32818,1445,1972.0,-68.93477029562013,429.0,83.6,98.0,-1.8,-0.2,1.08,GOOD
32818,1446,1979.0,-45.33881201264665,429.0,83.6,98.0,-1.8,-0.2,1.08,GOOD
32818,1447,2002.0,-27.937991723033235,429.0,83.6,98.0,-1.8,-0.2,1.08,GOOD
32818,1448,2057.0,-16.81869350794816,429.0,83.6,98.0,-1.8,-0.2,1.08,GOOD
32818,1449,2057.0,-4.9168338193018135,429.0,83.6,98.0,-1.8,-0.2,1.08,GOOD
32818,1450,2029.0,8.628751748655061,429.0,83.6,98.0,-1.8,-0.2,1.08,GOOD
32916,1451,2062.0,20.2192732573965,429.0,83.6,98.0,-1.8,-0.2,1.08,GOOD
32916,1452,1972.0,27.06576366936764,429.0,83.6,98.0,-1.8,-0.2,1.08,GOOD
32916,1453,1968.0,21.83897119700056,429.0,83.6,98.0,-1.8,-0.2,1.08,GOOD
32916,1454,1951.0,-1.4791265906562714,429.0,83.6,98.0,-1.8,-0.2,1.08,GOOD
32916,1455,1935.0,-35.46637328957805,429.0,83.6,98.0,-1.8,-0.2,1.08,GOOD
32916,1456,1916.0,-66.1966070533861,428.0,83.6,98.0,-1.8,-0.2,1.08,GOOD
32916,1457,1954.0,-83.62446366013367,428.0,83.6,98.0,-1.8,-0.2,1.08,GOOD
32916,1458,1963.0,-84.0083711552422,428.0,83.6,98.0,-1.8,-0.2,1.08,GOOD
32916,1459,1933.0,-73.36584841123202,428.0,83.6,98.0,-1.8,-0.2,1.08,GOOD
32916,1460,1981.0,-62.59724296979095,428.0,83.6,98.0,-1.8,-0.2,1.08,GOOD
32916,1461,1969.0,-53.90046736996329,428.0,83.6,98.0,-1.8,-0.2,1.08,GOOD
32916,1462,2002.0,-42.59345051822747,428.0,83.6,98.0,-1.8,-0.2,1.08,GOOD
32916,1463,1987.0,-28.410223703104162,428.0,83.6,98.0,-1.8,-0.2,1.08,GOOD
32916,1464,2002.0,-16.194215483319574,428.0,83.6,98.0,-1.8,-0.2,1.08,GOOD
32916,1465,1970.0,-10.329531364819328,428.0,83.6,98.0,-1.8,-0.2,1.08,GOOD
32916,1466,1988.0,-11.058414269863508,428.0,83.6,98.0,-1.8,-0.2,1.08,GOOD
32916,1467,2005.0,-13.604906176911312,428.0,83.6,98.0,-1.8,-0.2,1.08,GOOD
32916,1468,2183.0,-5.33539462219248,427.0,83.6,98.0,-1.8,-0.2,1.08,GOOD
32916,1469,2160.0,28.62673660222775,427.0,83.6,98.0,-1.8,-0.2,1.08,GOOD
32916,1470,2156.0,83.37859076667024,427.0,83.6,98.0,-1.8,-0.2,1.08,GOOD
32916,1471,2193.0,135.86042145139845,427.0,83.6,98.0,-1.8,-0.2,1.08,GOOD
32916,1472,2003.0,164.52134025728554,427.0,83.6,98.0,-1.8,-0.2,1.08,GOOD
32916,1473,2028.0,151.65238730983378,427.0,83.6,98.0,-1.8,-0.2,1.08,GOOD
32916,1474,1986.0,98.08238439874305,427.0,83.6,98.0,-1.8,-0.2,1.08,GOOD
32916,1475,1980.0,30.892633399748085,427.0,83.6,98.0,-1.8,-0.2,1.08,GOOD
33026,1476,1862.0,-25.776549496880094,427.0,84.1,98.0,-1.7,-0.3,1.08,GOOD
33026,1477,1903.0,-67.36091276216779,427.0,84.1,98.0,-1.7,-0.3,1.08,GOOD
33026,1478,1891.0,-95.15041387358292,427.0,84.1,98.0,-1.7,-0.3,1.08,GOOD
33026,1479,1871.0,-110.74803229143784,427.0,84.1,98.0,-1.7,-0.3,1.08,GOOD
33026,1480,1887.0,-120.05246349335962,426.0,84.1,98.0,-1.7,-0.3,1.08,GOOD
33026,1481,1910.0,-124.03391478097285,426.0,84.1,98.0,-1.7,-0.3,1.08,GOOD
33026,1482,1938.0,-115.94660667160649,426.0,84.1,98.0,-1.7,-0.3,1.08,GOOD
33026,1483,1932.0,-94.89023590275843,426.0,84.1,98.0,-1.7,-0.3,1.08,GOOD
33026,1484,2038.0,-67.52105788896448,426.0,84.1,98.0,-1.7,-0.3,1.08,GOOD
33026,1485,2000.0,-37.58441092573865,426.0,84.1,98.0,-1.7,-0.3,1.08,GOOD
33026,1486,2020.0,-8.19335016262414,426.0,84.1,98.0,-1.7,-0.3,1.08,GOOD
33026,1487,2030.0,15.825840386114244,426.0,84.1,98.0,-1.7,-0.3,1.08,GOOD
33026,1488,2208.0,40.01971704644971,425.0,84.1,98.0,-1.7,-0.3,1.08,GOOD
33026,1489,2169.0,77.30386673264405,425.0,84.1,98.0,-1.7,-0.3,1.08,GOOD
33026,1490,2160.0,123.47853592713568,425.0,84.1,98.0,-1.7,-0.3,1.08,GOOD
33026,1491,2200.0,160.78335980530892,425.0,84.1,98.0,-1.7,-0.3,1.08,GOOD
33026,1492,2756.0,206.45341219786235,425.0,84.1,98.0,-1.7,-0.3,1.08,GOOD
33026,1493,2791.0,314.639629829616,425.0,84.1,98.0,-1.7,-0.3,1.08,GOOD
33026,1494,2781.0,488.73263495416563,425.0,84.1,98.0,-1.7,-0.3,1.08,GOOD
33026,1495,2822.0,659.8846439298356,425.0,84.1,98.0,-1.7,-0.3,1.08,GOOD
33026,1496,2042.0,742.4355347714128,424.0,84.1,98.0,-1.7,-0.3,1.08,GOOD
33026,1497,2028.0,659.1863513478093,424.0,84.1,98.0,-1.7,-0.3,1.08,GOOD
33026,1498,1966.0,413.4745007455803,424.0,84.1,98.0,-1.7,-0.3,1.08,GOOD
33026,1499,1901.0,116.6007639384033,424.0,84.1,98.0,-1.7,-0.3,1.08,GOOD
33026,1500,1592.0,-127.51473301455201,424.0,84.1,98.0,-1.7,-0.3,1.08,GOOD
33123,1501,1657.0,-288.10345609944756,424.0,84.1,98.0,-1.7,-0.2,1.08,GOOD
33123,1502,1655.0,-367.7805028389163,424.0,84.1,98.0,-1.7,-0.2,1.08,GOOD
33123,1503,1609.0,-387.96391046043925,424.0,84.1,98.0,-1.7,-0.2,1.08,GOOD
33123,1504,2062.0,-376.3560703177925,423.0,84.1,98.0,-1.7,-0.2,1.08,GOOD
33123,1505,2067.0,-319.50106109437667,423.0,84.1,98.0,-1.7,-0.2,1.08,GOOD
33123,1506,2123.0,-195.3105543093133,423.0,84.1,98.0,-1.7,-0.2,1.08,GOOD
33123,1507,2130.0,-34.53505936861319,423.0,84.1,98.0,-1.7,-0.2,1.08,GOOD
33123,1508,2075.0,97.92815603655808,423.0,84.1,98.0,-1.7,-0.2,1.08,GOOD
33123,1509,2018.0,147.06660717039412,423.0,84.1,98.0,-1.7,-0.2,1.08,GOOD
33123,1510,2014.0,106.48579178915307,423.0,84.1,98.0,-1.7,-0.2,1.08,GOOD
33123,1511,2064.0,30.817469300907412,423.0,84.1,98.0,-1.7,-0.2,1.08,GOOD
33123,1512,2085.0,-11.40961446432793,422.0,84.1,98.0,-1.7,-0.2,1.08,GOOD
33123,1513,2047.0,-1.3905530934759256,422.0,84.1,98.0,-1.7,-0.2,1.08,GOOD
33123,1514,2002.0,23.096582431858906,422.0,84.1,98.0,-1.7,-0.2,1.08,GOOD
33123,1515,2043.0,24.231759732205358,422.0,84.1,98.0,-1.7,-0.2,1.08,GOOD
33123,1516,2003.0,6.257228857876065,422.0,84.1,98.0,-1.7,-0.2,1.08,GOOD
33123,1517,2034.0,-6.432732877752823,422.0,84.1,98.0,-1.7,-0.2,1.08,GOOD
33123,1518,1991.0,-6.781317400497752,422.0,84.1,98.0,-1.7,-0.2,1.08,GOOD
33123,1519,1953.0,-9.849861556024734,422.0,84.1,98.0,-1.7,-0.2,1.08,GOOD
33123,1520,1955.0,-29.23710959364899,421.0,84.1,98.0,-1.7,-0.2,1.08,GOOD
33123,1521,2002.0,-54.40707106188684,421.0,84.1,98.0,-1.7,-0.2,1.08,GOOD
33123,1522,2019.0,-61.85364346750637,421.0,84.1,98.0,-1.7,-0.2,1.08,GOOD
33123,1523,1989.0,-46.89172802345004,421.0,84.1,98.0,-1.7,-0.2,1.08,GOOD
33123,1524,2084.0,-24.9060534583827,421.0,84.1,98.0,-1.7,-0.2,1.08,GOOD
33123,1525,2080.0,-3.6538741530570125,421.0,84.1,98.0,-1.7,-0.2,1.08,GOOD
33223,1526,2134.0,22.04260216681684,421.0,84.1,98.0,-1.8,-0.2,1.08,GOOD
33223,1527,2130.0,54.5598808634147,421.0,84.1,98.0,-1.8,-0.2,1.08,GOOD
33223,1528,2207.0,89.57578826173601,421.0,84.1,98.0,-1.8,-0.2,1.08,GOOD
33223,1529,2160.0,120.41831208222541,421.0,84.1,98.0,-1.8,-0.2,1.08,GOOD
33223,1530,2162.0,139.2925014661572,421.0,84.1,98.0,-1.8,-0.2,1.08,GOOD
33223,1531,2205.0,144.66823849076184,421.0,84.1,98.0,-1.8,-0.2,1.08,GOOD
33223,1532,2206.0,146.49660381769053,421.0,84.1,98.0,-1.8,-0.2,1.08,GOOD
33223,1533,2181.0,151.23515495663662,421.0,84.1,98.0,-1.8,-0.2,1.08,GOOD
33223,1534,2150.0,152.2018172783989,421.0,84.1,98.0,-1.8,-0.2,1.08,GOOD
33223,1535,2179.0,143.57284212003563,421.0,84.1,98.0,-1.8,-0.2,1.08,GOOD
33223,1536,2240.0,133.74579920162213,420.0,84.1,98.0,-1.8,-0.2,1.08,GOOD
33223,1537,2275.0,137.7575700177993,420.0,84.1,98.0,-1.8,-0.2,1.08,GOOD
33223,1538,2228.0,157.65971430531636,420.0,84.1,98.0,-1.8,-0.2,1.08,GOOD
33223,1539,2214.0,178.35647848589207,420.0,84.1,98.0,-1.8,-0.2,1.08,GOOD
33223,1540,2182.0,184.5140443887975,420.0,84.1,98.0,-1.8,-0.2,1.08,GOOD
33223,1541,2241.0,174.67533865932103,420.0,84.1,98.0,-1.8,-0.2,1.08,GOOD
33223,1542,2253.0,160.08856249133947,420.0,84.1,98.0,-1.8,-0.2,1.08,GOOD
33223,1543,2215.0,151.36854423919425,420.0,84.1,98.0,-1.8,-0.2,1.08,GOOD
33223,1544,2204.0,148.63214737638907,420.0,84.1,98.0,-1.8,-0.2,1.08,GOOD
33223,1545,2214.0,148.0396324750076,420.0,84.1,98.0,-1.8,-0.2,1.08,GOOD
33223,1546,2251.0,148.5730707205485,420.0,84.1,98.0,-1.8,-0.2,1.08,GOOD
33223,1547,2261.0,149.95712301382434,420.0,84.1,98.0,-1.8,-0.2,1.08,GOOD
33223,1548,2285.0,153.0119295716147,420.0,84.1,98.0,-1.8,-0.2,1.08,GOOD
33223,1549,2227.0,159.77800129585452,420.0,84.1,98.0,-1.8,-0.2,1.08,GOOD
33223,1550,2247.0,167.91018937643094,420.0,84.1,98.0,-1.8,-0.2,1.08,GOOD
33321,1551,2240.0,170.62374856956146,420.0,84.1,98.0,-1.7,-0.2,1.07,GOOD
33321,1552,2194.0,160.8389672129797,420.0,84.1,98.0,-1.7,-0.2,1.07,GOOD
33321,1553,2166.0,135.11646923950383,420.0,84.1,98.0,-1.7,-0.2,1.07,GOOD
33321,1554,2125.0,100.09181959851288,420.0,84.1,98.0,-1.7,-0.2,1.07,GOOD
33321,1555,2120.0,67.88480122835935,420.0,84.1,98.0,-1.7,-0.2,1.07,GOOD
33321,1556,1920.0,35.66138664630422,419.0,84.1,98.0,-1.7,-0.2,1.07,GOOD
33321,1557,1960.0,-15.631858552199095,419.0,84.1,98.0,-1.7,-0.2,1.07,GOOD
33321,1558,1941.0,-85.5049295126947,419.0,84.1,98.0,-1.7,-0.2,1.07,GOOD
33321,1559,1908.0,-146.2263195634434,419.0,84.1,98.0,-1.7,-0.2,1.07,GOOD
33321,1560,1889.0,-180.11940488509072,419.0,84.1,98.0,-1.7,-0.2,1.07,GOOD
33321,1561,1940.0,-190.95733664655256,419.0,84.1,98.0,-1.7,-0.2,1.07,GOOD
33321,1562,1949.0,-186.81638700090673,419.0,84.1,98.0,-1.7,-0.2,1.07,GOOD
33321,1563,1920.0,-175.01102706002638,419.0,84.1,98.0,-1.7,-0.2,1.07,GOOD
33321,1564,1783.0,-168.89778258058715,419.0,84.1,98.0,-1.7,-0.2,1.07,GOOD
33321,1565,1775.0,-184.52786220962128,419.0,84.1,98.0,-1.7,-0.2,1.07,GOOD
33321,1566,1853.0,-220.02165045790395,419.0,84.1,98.0,-1.7,-0.2,1.07,GOOD
33321,1567,1815.0,-253.80787116213207,419.0,84.1,98.0,-1.7,-0.2,1.07,GOOD
33321,1568,1925.0,-267.2659346420993,419.0,84.1,98.0,-1.7,-0.2,1.07,GOOD
33321,1569,1877.0,-252.2208409515845,419.0,84.1,98.0,-1.7,-0.2,1.07,GOOD
33321,1570,1882.0,-214.5881439156459,419.0,84.1,98.0,-1.7,-0.2,1.07,GOOD
33321,1571,1905.0,-175.28375645783166,419.0,84.1,98.0,-1.7,-0.2,1.07,GOOD
33321,1572,2017.0,-147.84179631903822,419.0,84.1,98.0,-1.7,-0.2,1.07,GOOD
33321,1573,1970.0,-127.41026763165563,419.0,84.1,98.0,-1.7,-0.2,1.07,GOOD
33321,1574,1966.0,-107.49816060598111,419.0,84.1,98.0,-1.7,-0.2,1.07,GOOD
33321,1575,1954.0,-88.96760133217981,419.0,84.1,98.0,-1.7,-0.2,1.07,GOOD
33432,1576,2065.0,-71.46796111370818,419.0,84.1,98.0,-1.8,-0.2,1.08,GOOD
33432,1577,2065.0,-51.358151735098055,419.0,84.1,98.0,-1.8,-0.2,1.08,GOOD
33432,1578,2036.0,-31.1227029491633,419.0,84.1,98.0,-1.8,-0.2,1.08,GOOD
33432,1579,2007.0,-18.34887257986712,419.0,84.1,98.0,-1.8,-0.2,1.08,GOOD
33432,1580,1872.0,-19.295256991883964,419.0,84.1,98.0,-1.8,-0.2,1.08,GOOD
33432,1581,1909.0,-41.14269053310686,419.0,84.1,98.0,-1.8,-0.2,1.08,GOOD
33432,1582,1913.0,-82.93003636656343,419.0,84.1,98.0,-1.8,-0.2,1.08,GOOD
33432,1583,1894.0,-128.9041400065251,419.0,84.1,98.0,-1.8,-0.2,1.08,GOOD
33432,1584,1847.0,-162.42922570208538,419.0,84.1,98.0,-1.8,-0.2,1.08,GOOD
33432,1585,1876.0,-175.1723280149718,419.0,84.1,98.0,-1.8,-0.2,1.08,GOOD
33432,1586,1905.0,-167.47126177477222,419.0,84.1,98.0,-1.8,-0.2,1.08,GOOD
33432,1587,1892.0,-150.91976273124666,419.0,84.1,98.0,-1.8,-0.2,1.08,GOOD
33432,1588,1883.0,-142.08273546406053,419.0,84.1,98.0,-1.8,-0.2,1.08,GOOD
33432,1589,1854.0,-145.3267052246698,419.0,84.1,98.0,-1.8,-0.2,1.08,GOOD
33432,1590,1871.0,-150.12982713170896,419.0,84.1,98.0,-1.8,-0.2,1.08,GOOD
33432,1591,1900.0,-146.89550058171832,419.0,84.1,98.0,-1.8,-0.2,1.08,GOOD
33432,1592,2113.0,-129.75230733705948,419.0,84.1,98.0,-1.8,-0.2,1.08,GOOD
33432,1593,2073.0,-90.11347616386777,419.0,84.1,98.0,-1.8,-0.2,1.08,GOOD
33432,1594,2057.0,-31.34346834554908,419.0,84.1,98.0,-1.8,-0.2,1.08,GOOD
33432,1595,2076.0,27.17226300513315,419.0,84.1,98.0,-1.8,-0.2,1.08,GOOD
33432,1596,2071.0,68.97795043464177,419.0,84.1,98.0,-1.8,-0.2,1.08,GOOD
33432,1597,2066.0,83.83730304526684,419.0,84.1,98.0,-1.8,-0.2,1.08,GOOD
33432,1598,2059.0,69.57848475147686,419.0,84.1,98.0,-1.8,-0.2,1.08,GOOD
33432,1599,2045.0,41.75897786966965,419.0,84.1,98.0,-1.8,-0.2,1.08,GOOD
33432,1600,1939.0,19.698898858348873,419.0,84.1,98.0,-1.8,-0.2,1.08,GOOD
33532,1601,1953.0,3.1940397486055017,419.0,84.1,98.0,-1.7,-0.2,1.07,GOOD
33532,1602,1948.0,-19.71745758460188,419.0,84.1,98.0,-1.7,-0.2,1.07,GOOD
33532,1603,1929.0,-51.95371885078137,419.0,84.1,98.0,-1.7,-0.2,1.07,GOOD
33532,1604,1906.0,-84.3029847587455,420.0,84.1,98.0,-1.7,-0.2,1.07,GOOD
33532,1605,1951.0,-101.6169300772983,420.0,84.1,98.0,-1.7,-0.2,1.07,GOOD
33532,1606,1963.0,-94.60040154187593,420.0,84.1,98.0,-1.7,-0.2,1.07,GOOD
33532,1607,1956.0,-73.01064654021386,420.0,84.1,98.0,-1.7,-0.2,1.07,GOOD
33532,1608,1889.0,-60.097468713185584,420.0,84.1,98.0,-1.7,-0.2,1.07,GOOD
33532,1609,1889.0,-68.75084898466568,420.0,84.1,98.0,-1.7,-0.2,1.07,GOOD
33532,1610,1909.0,-87.92495991998538,420.0,84.1,98.0,-1.7,-0.2,1.07,GOOD
33532,1611,1926.0,-98.53881458642178,420.0,84.1,98.0,-1.7,-0.2,1.07,GOOD
33532,1612,2051.0,-91.81313683065515,420.0,84.1,98.0,-1.7,-0.2,1.07,GOOD
33532,1613,2031.0,-66.4433753999613,420.0,84.1,98.0,-1.7,-0.2,1.07,GOOD
33532,1614,2014.0,-28.228001642275828,420.0,84.1,98.0,-1.7,-0.2,1.07,GOOD
33532,1615,2021.0,9.483016593660599,420.0,84.1,98.0,-1.7,-0.2,1.07,GOOD
33532,1616,2099.0,38.35380495592352,420.0,84.1,98.0,-1.7,-0.2,1.07,GOOD
33532,1617,2075.0,57.65666476878948,420.0,84.1,98.0,-1.7,-0.2,1.07,GOOD
33532,1618,2049.0,64.99603999131406,420.0,84.1,98.0,-1.7,-0.2,1.07,GOOD
33532,1619,2051.0,60.56243013457622,420.0,84.1,98.0,-1.7,-0.2,1.07,GOOD
33532,1620,1979.0,51.6736536463714,420.0,84.1,98.0,-1.7,-0.2,1.07,GOOD
33532,1621,2001.0,40.2751328465932,420.0,84.1,98.0,-1.7,-0.2,1.07,GOOD
33532,1622,1991.0,21.85887282156545,420.0,84.1,98.0,-1.7,-0.2,1.07,GOOD
33532,1623,1972.0,-2.774639186229682,420.0,84.1,98.0,-1.7,-0.2,1.07,GOOD
33532,1624,1962.0,-25.529119594279774,420.0,84.1,98.0,-1.7,-0.2,1.07,GOOD
33532,1625,1992.0,-35.777513214787106,420.0,84.1,98.0,-1.7,-0.2,1.07,GOOD
33631,1626,2011.0,-28.995298305497386,420.0,84.1,98.0,-1.7,-0.3,1.09,GOOD
33631,1627,1995.0,-13.890449144126128,420.0,84.1,98.0,-1.7,-0.3,1.09,GOOD
33631,1628,1912.0,-7.771592929107136,420.0,84.1,98.0,-1.7,-0.3,1.09,GOOD
33631,1629,1914.0,-20.840901366412318,420.0,84.1,98.0,-1.7,-0.3,1.09,GOOD
33631,1630,1941.0,-44.05743840952003,420.0,84.1,98.0,-1.7,-0.3,1.09,GOOD
33631,1631,1943.0,-60.53451756061273,420.0,84.1,98.0,-1.7,-0.3,1.09,GOOD
33631,1632,2018.0,-63.0672736191642,421.0,84.1,98.0,-1.7,-0.3,1.09,GOOD
33631,1633,1989.0,-51.65449321798711,421.0,84.1,98.0,-1.7,-0.3,1.09,GOOD
33631,1634,1988.0,-29.857346373015037,421.0,84.1,98.0,-1.7,-0.3,1.09,GOOD
33631,1635,1999.0,-5.809193322676044,421.0,84.1,98.0,-1.7,-0.3,1.09,GOOD
33631,1636,2188.0,19.204001258360915,421.0,84.1,98.0,-1.7,-0.3,1.09,GOOD
33631,1637,2164.0,54.51265490437724,421.0,84.1,98.0,-1.7,-0.3,1.09,GOOD
33631,1638,2148.0,99.22172948186582,421.0,84.1,98.0,-1.7,-0.3,1.09,GOOD
33631,1639,2161.0,138.93564221674976,421.0,84.1,98.0,-1.7,-0.3,1.09,GOOD
33631,1640,2033.0,160.91316019701958,421.0,84.1,98.0,-1.7,-0.3,1.09,GOOD
33631,1641,2049.0,152.72729284049956,421.0,84.1,98.0,-1.7,-0.3,1.09,GOOD
33631,1642,2031.0,111.66811094998698,421.0,84.1,98.0,-1.7,-0.3,1.09,GOOD
33631,1643,2023.0,57.206172932343875,421.0,84.1,98.0,-1.7,-0.3,1.09,GOOD
33631,1644,1875.0,10.375331557973304,421.0,84.1,98.0,-1.7,-0.3,1.09,GOOD
33631,1645,1907.0,-26.28935721133176,421.0,84.1,98.0,-1.7,-0.3,1.09,GOOD
33631,1646,1898.0,-57.45693308855949,421.0,84.1,98.0,-1.7,-0.3,1.09,GOOD
33631,1647,1880.0,-84.70069429574329,421.0,84.1,98.0,-1.7,-0.3,1.09,GOOD
33631,1648,1904.0,-107.86667782167598,421.0,84.1,98.0,-1.7,-0.3,1.09,GOOD
33631,1649,1926.0,-118.88540927332045,421.0,84.1,98.0,-1.7,-0.3,1.09,GOOD
33631,1650,1950.0,-107.15213911768517,421.0,84.1,98.0,-1.7,-0.3,1.09,GOOD
33727,1651,1928.0,-78.33603611060423,421.0,85.7,98.0,-1.7,-0.2,1.07,GOOD
33727,1652,1968.0,-52.32729160585039,421.0,85.7,98.0,-1.7,-0.2,1.07,GOOD
33727,1653,1950.0,-40.604753118473226,421.0,85.7,98.0,-1.7,-0.2,1.07,GOOD
33727,1654,1964.0,-37.72450614225458,421.0,85.7,98.0,-1.7,-0.2,1.07,GOOD
33727,1655,1973.0,-33.147533682237,421.0,85.7,98.0,-1.7,-0.2,1.07,GOOD
33727,1656,2573.0,0.06876540665725805,421.0,85.7,98.0,-1.7,-0.2,1.07,GOOD
33727,1657,2567.0,108.3461152922496,421.0,85.7,98.0,-1.7,-0.2,1.07,GOOD
33727,1658,2600.0,289.22425907416385,421.0,85.7,98.0,-1.7,-0.2,1.07,GOOD
33727,1659,2648.0,474.58325012361723,421.0,85.7,98.0,-1.7,-0.2,1.07,GOOD
33727,1660,2710.0,610.6622909670227,422.0,85.7,98.0,-1.7,-0.2,1.07,GOOD
33727,1661,2657.0,683.1193590155276,422.0,85.7,98.0,-1.7,-0.2,1.07,GOOD
33727,1662,2608.0,688.451202459366,422.0,85.7,98.0,-1.7,-0.2,1.07,GOOD
33727,1663,2597.0,639.0854495023614,422.0,85.7,98.0,-1.7,-0.2,1.07,GOOD
33727,1664,1754.0,541.2821672980607,422.0,85.7,98.0,-1.7,-0.2,1.07,GOOD
33727,1665,1763.0,359.8816555608475,422.0,85.7,98.0,-1.7,-0.2,1.07,GOOD
33727,1666,1693.0,94.05770132128941,422.0,85.7,98.0,-1.7,-0.2,1.07,GOOD
33727,1667,1619.0,-179.66654987118264,422.0,85.7,98.0,-1.7,-0.2,1.07,GOOD
33727,1668,1848.0,-378.7081961430315,422.0,85.7,98.0,-1.7,-0.2,1.07,GOOD
33727,1669,1949.0,-443.50125553002215,422.0,85.7,98.0,-1.7,-0.2,1.07,GOOD
33727,1670,1979.0,-360.66837872430324,422.0,85.7,98.0,-1.7,-0.2,1.07,GOOD
33727,1671,1964.0,-199.49649259957482,422.0,85.7,98.0,-1.7,-0.2,1.07,GOOD
33727,1672,1940.0,-67.14062823731979,422.0,85.7,98.0,-1.7,-0.2,1.07,GOOD
33727,1673,1915.0,-24.72756315297415,422.0,85.7,98.0,-1.7,-0.2,1.07,GOOD
33727,1674,1971.0,-52.78820787889944,422.0,85.7,98.0,-1.7,-0.2,1.07,GOOD
33727,1675,1979.0,-87.94545965570927,422.0,85.7,98.0,-1.7,-0.2,1.07,GOOD
33839,1676,2120.0,-85.33548870110891,422.0,85.7,98.0,-1.7,-0.2,1.08,GOOD
33839,1677,2067.0,-45.47924888711415,422.0,85.7,98.0,-1.7,-0.2,1.08,GOOD
33839,1678,2075.0,1.2510664626572252,422.0,85.7,98.0,-1.7,-0.2,1.08,GOOD
33839,1679,2120.0,33.16975099483064,422.0,85.7,98.0,-1.7,-0.2,1.08,GOOD
33839,1680,2170.0,58.43625567492616,422.0,85.7,98.0,-1.7,-0.2,1.08,GOOD
33839,1681,2133.0,87.38038465294848,422.0,85.7,98.0,-1.7,-0.2,1.08,GOOD
33839,1682,2085.0,106.03313817653917,422.0,85.7,98.0,-1.7,-0.2,1.08,GOOD
33839,1683,2102.0,98.02149724269104,422.0,85.7,98.0,-1.7,-0.2,1.08,GOOD
33839,1684,2021.0,70.57600899187372,422.0,85.7,98.0,-1.7,-0.2,1.08,GOOD
33839,1685,2032.0,40.406384775874194,422.0,85.7,98.0,-1.7,-0.2,1.08,GOOD
33839,1686,1997.0,13.688571282776996,422.0,85.7,98.0,-1.7,-0.2,1.08,GOOD
33839,1687,1965.0,-13.317630276298004,422.0,85.7,98.0,-1.7,-0.2,1.08,GOOD
33839,1688,2009.0,-41.72713625719926,423.0,85.7,98.0,-1.7,-0.2,1.08,GOOD
33839,1689,2078.0,-57.35449647429629,423.0,85.7,98.0,-1.7,-0.2,1.08,GOOD
33839,1690,2077.0,-43.93514125138887,423.0,85.7,98.0,-1.7,-0.2,1.08,GOOD
33839,1691,2026.0,-10.520765043734855,423.0,85.7,98.0,-1.7,-0.2,1.08,GOOD
33839,1692,1975.0,12.429563859297367,423.0,85.7,98.0,-1.7,-0.2,1.08,GOOD
33839,1693,2014.0,7.066719658523938,423.0,85.7,98.0,-1.7,-0.2,1.08,GOOD
33839,1694,2056.0,-13.230680780126074,423.0,85.7,98.0,-1.7,-0.2,1.08,GOOD
33839,1695,2068.0,-23.857814345621488,423.0,85.7,98.0,-1.7,-0.2,1.08,GOOD
33839,1696,2160.0,-12.555497146473,423.0,85.7,98.0,-1.7,-0.2,1.08,GOOD
33839,1697,2092.0,18.48312300694222,423.0,85.7,98.0,-1.7,-0.2,1.08,GOOD
33839,1698,2102.0,53.933823733222006,423.0,85.7,98.0,-1.7,-0.2,1.08,GOOD
33839,1699,2131.0,76.72356683624152,423.0,85.7,98.0,-1.7,-0.2,1.08,GOOD
33839,1700,2405.0,94.44827769421478,423.0,85.7,98.0,-1.7,-0.2,1.08,GOOD
33937,1701,2383.0,136.28591592517392,423.0,85.7,98.0,-1.7,-0.2,1.08,GOOD
33937,1702,2357.0,207.86030045068566,423.0,85.7,98.0,-1.7,-0.2,1.08,GOOD
33937,1703,2384.0,280.29448070906517,423.0,85.7,98.0,-1.7,-0.2,1.08,GOOD
33937,1704,2356.0,327.4006804136267,423.0,85.7,98.0,-1.7,-0.2,1.08,GOOD
33937,1705,2391.0,340.25774674717945,423.0,85.7,98.0,-1.7,-0.2,1.08,GOOD
33937,1706,2350.0,322.70704960735384,423.0,85.7,98.0,-1.7,-0.2,1.08,GOOD
33937,1707,2334.0,290.2551546716013,423.0,85.7,98.0,-1.7,-0.2,1.08,GOOD
33937,1708,2292.0,260.8994236936152,423.0,85.7,98.0,-1.7,-0.2,1.08,GOOD
33937,1709,2329.0,243.08571139370721,423.0,85.7,98.0,-1.7,-0.2,1.08,GOOD
33937,1710,2343.0,233.53612473729078,423.0,85.7,98.0,-1.7,-0.2,1.08,GOOD
33937,1711,2308.0,224.18894624213908,423.0,85.7,98.0,-1.7,-0.2,1.08,GOOD
33937,1712,2201.0,207.4018741933595,424.0,85.7,98.0,-1.7,-0.2,1.08,GOOD
33937,1713,2200.0,180.27110900360418,424.0,85.7,98.0,-1.7,-0.2,1.08,GOOD
33937,1714,2239.0,149.4338227352061,424.0,85.7,98.0,-1.7,-0.2,1.08,GOOD
33937,1715,2235.0,123.75793878982275,424.0,85.7,98.0,-1.7,-0.2,1.08,GOOD
33937,1716,2223.0,103.91137830143445,424.0,85.7,98.0,-1.7,-0.2,1.08,GOOD
33937,1717,2179.0,88.55987643092678,424.0,85.7,98.0,-1.7,-0.2,1.08,GOOD
33937,1718,2185.0,80.9266259991773,424.0,85.7,98.0,-1.7,-0.2,1.08,GOOD
33937,1719,2190.0,80.93650934669532,424.0,85.7,98.0,-1.7,-0.2,1.08,GOOD
33937,1720,2110.0,75.81504362371835,424.0,85.7,98.0,-1.7,-0.2,1.08,GOOD
33937,1721,2018.0,46.1365412155993,424.0,85.7,98.0,-1.7,-0.2,1.08,GOOD
33937,1722,2027.0,-9.12442546577913,424.0,85.7,98.0,-1.7,-0.2,1.08,GOOD
33937,1723,2032.0,-63.18876453829157,424.0,85.7,98.0,-1.7,-0.2,1.08,GOOD
33937,1724,2006.0,-93.45468282481717,424.0,85.7,98.0,-1.7,-0.2,1.08,GOOD
33937,1725,2012.0,-106.63470865129713,424.0,85.7,98.0,-1.7,-0.2,1.08,GOOD
34036,1726,2002.0,-117.91850346938273,424.0,85.7,98.0,-1.5,-0.1,1.08,GOOD
34036,1727,2009.0,-126.36778478450138,424.0,85.7,98.0,-1.5,-0.1,1.08,GOOD
34036,1728,1905.0,-127.0888781690862,424.0,85.7,98.0,-1.5,-0.1,1.08,GOOD
34036,1729,1930.0,-130.7229979834454,424.0,85.7,98.0,-1.5,-0.1,1.08,GOOD
34036,1730,1948.0,-148.9577589807373,424.0,85.7,98.0,-1.5,-0.1,1.08,GOOD
34036,1731,1936.0,-174.77145896816342,424.0,85.7,98.0,-1.5,-0.1,1.08,GOOD
34036,1732,1811.0,-196.50000705394575,425.0,85.7,98.0,-1.5,-0.1,1.08,GOOD
34036,1733,1829.0,-214.72137315357799,425.0,85.7,98.0,-1.5,-0.1,1.08,GOOD
34036,1734,1866.0,-232.10110950970545,425.0,85.7,98.0,-1.5,-0.1,1.08,GOOD
34036,1735,1864.0,-245.73950709748667,425.0,85.7,98.0,-1.5,-0.1,1.08,GOOD
34036,1736,1959.0,-250.274452837406,425.0,85.7,98.0,-1.5,-0.1,1.08,GOOD
34036,1737,1932.0,-235.6600775675448,425.0,85.7,98.0,-1.5,-0.1,1.08,GOOD
34036,1738,1935.0,-198.95192584194106,425.0,85.7,98.0,-1.5,-0.1,1.08,GOOD
34036,1739,2025.0,-153.38246371650885,425.0,85.7,98.0,-1.5,-0.1,1.08,GOOD
34036,1740,2006.0,-114.44005795951615,425.0,85.7,98.0,-1.5,-0.1,1.08,GOOD
34036,1741,1967.0,-93.1307341831597,425.0,85.7,98.0,-1.5,-0.1,1.08,GOOD
34036,1742,1926.0,-93.42591821716546,425.0,85.7,98.0,-1.5,-0.1,1.08,GOOD
34036,1743,1948.0,-106.04037357286543,425.0,85.7,98.0,-1.5,-0.1,1.08,GOOD
34036,1744,2008.0,-115.36556558114523,425.0,85.7,98.0,-1.5,-0.1,1.08,GOOD
34036,1745,2003.0,-114.00566399710782,425.0,85.7,98.0,-1.5,-0.1,1.08,GOOD
34036,1746,1991.0,-106.55007222676122,425.0,85.7,98.0,-1.5,-0.1,1.08,GOOD
34036,1747,1943.0,-99.4702547652276,426.0,85.7,98.0,-1.5,-0.1,1.08,GOOD
34036,1748,1969.0,-93.91920883050076,426.0,85.7,98.0,-1.5,-0.1,1.08,GOOD
34036,1749,2000.0,-88.90693942371968,426.0,85.7,98.0,-1.5,-0.1,1.08,GOOD
34036,1750,2000.0,-86.0617847447422,426.0,85.7,98.0,-1.5,-0.1,1.08,GOOD
34148,1751,1857.0,-92.83178404318706,426.0,85.7,98.0,-1.6,-0.2,1.07,GOOD
34148,1752,1838.0,-116.9493140415511,426.0,85.7,98.0,-1.6,-0.2,1.07,GOOD
34148,1753,1864.0,-151.52175529787715,426.0,85.7,98.0,-1.6,-0.2,1.07,GOOD
34148,1754,1881.0,-179.48677082493862,426.0,85.7,98.0,-1.6,-0.2,1.07,GOOD
34148,1755,1944.0,-192.4545009460152,426.0,85.7,98.0,-1.6,-0.2,1.07,GOOD
34148,1756,1900.0,-190.0257439264625,426.0,85.7,98.0,-1.6,-0.2,1.07,GOOD
34148,1757,1894.0,-173.83432577285697,426.0,85.7,98.0,-1.6,-0.2,1.07,GOOD
34148,1758,1901.0,-149.85142504721327,426.0,85.7,98.0,-1.6,-0.2,1.07,GOOD
34148,1759,2049.0,-123.9157355012927,426.0,85.7,98.0,-1.6,-0.2,1.07,GOOD
34148,1760,2023.0,-96.78024297605401,426.0,85.7,98.0,-1.6,-0.2,1.07,GOOD
34148,1761,1999.0,-70.90585080994202,426.0,85.7,98.0,-1.6,-0.2,1.07,GOOD
34148,1762,1998.0,-49.86819797737195,426.0,85.7,98.0,-1.6,-0.2,1.07,GOOD
34148,1763,2052.0,-29.814396154665804,426.0,85.7,98.0,-1.6,-0.2,1.07,GOOD
34148,1764,2059.0,-8.668551249640716,426.0,85.7,98.0,-1.6,-0.2,1.07,GOOD
34148,1765,2080.0,5.373592733743579,426.0,85.7,98.0,-1.6,-0.2,1.07,GOOD
34148,1766,2055.0,8.048878254303547,426.0,85.7,98.0,-1.6,-0.2,1.07,GOOD
34148,1767,1961.0,5.131026632335056,427.0,85.7,98.0,-1.6,-0.2,1.07,GOOD
34148,1768,1989.0,-0.9729124922332133,427.0,85.7,98.0,-1.6,-0.2,1.07,GOOD
34148,1769,1994.0,-13.670105933766845,427.0,85.7,98.0,-1.6,-0.2,1.07,GOOD
34148,1770,2027.0,-33.17969307462742,427.0,85.7,98.0,-1.6,-0.2,1.07,GOOD
34148,1771,1874.0,-56.55134950651838,427.0,85.7,98.0,-1.6,-0.2,1.07,GOOD
34148,1772,1891.0,-81.75149694654033,427.0,85.7,98.0,-1.6,-0.2,1.07,GOOD
34148,1773,1909.0,-102.8821129008165,427.0,85.7,98.0,-1.6,-0.2,1.07,GOOD
34148,1774,1900.0,-115.13862724233985,427.0,85.7,98.0,-1.6,-0.2,1.07,GOOD
34148,1775,1884.0,-126.49772118336715,427.0,85.7,98.0,-1.6,-0.2,1.07,GOOD
34247,1776,1880.0,-142.93023190344377,427.0,85.7,98.0,-1.7,-0.1,1.08,GOOD
34247,1777,1890.0,-152.97083190035866,427.0,85.7,98.0,-1.7,-0.1,1.08,GOOD
34247,1778,1891.0,-144.90722129263878,427.0,85.7,98.0,-1.7,-0.1,1.08,GOOD
34247,1779,2058.0,-120.9845729237596,427.0,85.7,98.0,-1.7,-0.1,1.08,GOOD
34247,1780,2042.0,-86.36773777932983,427.0,85.7,98.0,-1.7,-0.1,1.08,GOOD
34247,1781,2041.0,-45.640799850427605,427.0,85.7,98.0,-1.7,-0.1,1.08,GOOD
34247,1782,2042.0,-5.212816705704608,427.0,85.7,98.0,-1.7,-0.1,1.08,GOOD
34247,1783,2087.0,31.33834175773895,428.0,85.7,98.0,-1.7,-0.1,1.08,GOOD
34247,1784,2055.0,57.3880718362616,428.0,85.7,98.0,-1.7,-0.1,1.08,GOOD
34247,1785,2047.0,61.1028034450093,428.0,85.7,98.0,-1.7,-0.1,1.08,GOOD
34247,1786,2037.0,43.2294902564646,428.0,85.7,98.0,-1.7,-0.1,1.08,GOOD
34247,1787,2017.0,22.89815115808969,428.0,85.7,98.0,-1.7,-0.1,1.08,GOOD
34247,1788,2035.0,15.414346524891116,428.0,85.7,98.0,-1.7,-0.1,1.08,GOOD
34247,1789,2031.0,16.77612421502457,428.0,85.7,98.0,-1.7,-0.1,1.08,GOOD
34247,1790,2015.0,13.773523257057846,428.0,85.7,98.0,-1.7,-0.1,1.08,GOOD
34247,1791,1932.0,-0.5370307077613788,429.0,85.7,98.0,-1.7,-0.1,1.08,GOOD
34247,1792,1962.0,-21.74757194172136,429.0,85.7,98.0,-1.7,-0.1,1.08,GOOD
34247,1793,1958.0,-39.30671578851178,429.0,85.7,98.0,-1.7,-0.1,1.08,GOOD
34247,1794,1954.0,-49.815547504293136,429.0,85.7,98.0,-1.7,-0.1,1.08,GOOD
34247,1795,1943.0,-59.95712902979514,429.0,85.7,98.0,-1.7,-0.1,1.08,GOOD
34247,1796,1950.0,-70.8221904177276,429.0,85.7,98.0,-1.7,-0.1,1.08,GOOD
34247,1797,1965.0,-72.76773319967916,429.0,85.7,98.0,-1.7,-0.1,1.08,GOOD
34247,1798,1959.0,-61.419997025392256,429.0,85.7,98.0,-1.7,-0.1,1.08,GOOD
34247,1799,1935.0,-48.56617404792132,430.0,85.7,98.0,-1.7,-0.1,1.08,GOOD
34247,1800,1952.0,-48.29049106302132,430.0,85.7,98.0,-1.7,-0.1,1.08,GOOD
34341,1801,1961.0,-57.06426610771743,430.0,87.8,98.0,-1.7,-0.1,1.07,GOOD
34341,1802,1990.0,-58.70899059967802,430.0,87.8,98.0,-1.7,-0.1,1.07,GOOD
34341,1803,2080.0,-42.24370412101696,430.0,87.8,98.0,-1.7,-0.1,1.07,GOOD
34341,1804,2051.0,-9.864812471477775,430.0,87.8,98.0,-1.7,-0.1,1.07,GOOD
34341,1805,2036.0,23.405945556834528,430.0,87.8,98.0,-1.7,-0.1,1.07,GOOD
34341,1806,2037.0,43.27270772322934,430.0,87.8,98.0,-1.7,-0.1,1.07,GOOD
34341,1807,2072.0,50.82463823946904,431.0,87.8,98.0,-1.7,-0.1,1.07,GOOD
34341,1808,2076.0,54.871022901834976,431.0,87.8,98.0,-1.7,-0.1,1.07,GOOD
34341,1809,2068.0,57.734084404974936,431.0,87.8,98.0,-1.7,-0.1,1.07,GOOD
34341,1810,2065.0,57.58178622041509,431.0,87.8,98.0,-1.7,-0.1,1.07,GOOD
34341,1811,1966.0,53.16231867207389,432.0,87.8,98.0,-1.7,-0.1,1.07,GOOD
34341,1812,1982.0,40.06257898670327,432.0,87.8,98.0,-1.7,-0.1,1.07,GOOD
34341,1813,1987.0,16.445668907388022,432.0,87.8,98.0,-1.7,-0.1,1.07,GOOD
34341,1814,1994.0,-10.130338577412815,432.0,87.8,98.0,-1.7,-0.1,1.07,GOOD
34341,1815,1888.0,-32.952466398037274,432.0,87.8,98.0,-1.7,-0.1,1.07,GOOD
34341,1816,1912.0,-52.887163806164104,432.0,87.8,98.0,-1.7,-0.1,1.07,GOOD
34341,1817,1910.0,-69.50475355906171,432.0,87.8,98.0,-1.7,-0.1,1.07,GOOD
34341,1818,1903.0,-81.08684463287901,432.0,87.8,98.0,-1.7,-0.1,1.07,GOOD
34341,1819,1917.0,-90.73232655167858,433.0,87.8,98.0,-1.7,-0.1,1.07,GOOD
34341,1820,1919.0,-97.7605288568019,433.0,87.8,98.0,-1.7,-0.1,1.07,GOOD
34341,1821,1929.0,-94.62762156587813,433.0,87.8,98.0,-1.7,-0.1,1.07,GOOD
34341,1822,1945.0,-79.04951460368414,433.0,87.8,98.0,-1.7,-0.1,1.07,GOOD
34341,1823,2588.0,-34.64999809703312,433.0,87.8,98.0,-1.7,-0.1,1.07,GOOD
34341,1824,2593.0,83.69168156858638,433.0,87.8,98.0,-1.7,-0.1,1.07,GOOD
34341,1825,2641.0,279.33129787156037,433.0,87.8,98.0,-1.7,-0.1,1.07,GOOD
34440,1826,2707.0,486.41308408333987,433.0,87.8,98.0,-1.7,-0.2,1.08,GOOD
34440,1827,2486.0,634.8294165922791,433.0,87.8,98.0,-1.7,-0.2,1.08,GOOD
34440,1828,2409.0,675.2544041075855,433.0,87.8,98.0,-1.7,-0.2,1.08,GOOD
34440,1829,2350.0,596.0603840179729,433.0,87.8,98.0,-1.7,-0.2,1.08,GOOD
34440,1830,2330.0,449.090401699508,433.0,87.8,98.0,-1.7,-0.2,1.08,GOOD
34440,1831,1640.0,288.55345887596224,434.0,87.8,98.0,-1.7,-0.2,1.08,GOOD
34440,1832,1661.0,106.08457969813573,434.0,87.8,98.0,-1.7,-0.2,1.08,GOOD
34440,1833,1620.0,-105.4532018209166,434.0,87.8,98.0,-1.7,-0.2,1.08,GOOD
34440,1834,1582.0,-302.65038249229895,434.0,87.8,98.0,-1.7,-0.2,1.08,GOOD
34440,1835,1816.0,-434.5941415686119,434.0,87.8,98.0,-1.7,-0.2,1.08,GOOD
34440,1836,1895.0,-459.08876147879505,434.0,87.8,98.0,-1.7,-0.2,1.08,GOOD
34440,1837,1912.0,-367.1915194693945,434.0,87.8,98.0,-1.7,-0.2,1.08,GOOD
34440,1838,1898.0,-218.78048003689574,434.0,87.8,98.0,-1.7,-0.2,1.08,GOOD
34440,1839,1879.0,-103.53755443137786,435.0,87.8,98.0,-1.7,-0.2,1.08,GOOD
34440,1840,1875.0,-69.54826766914445,435.0,87.8,98.0,-1.7,-0.2,1.08,GOOD
34440,1841,1924.0,-95.23993568629771,435.0,87.8,98.0,-1.7,-0.2,1.08,GOOD
34440,1842,1929.0,-122.97812530810718,435.0,87.8,98.0,-1.7,-0.2,1.08,GOOD
34440,1843,2126.0,-111.44204660703376,435.0,87.8,98.0,-1.7,-0.2,1.08,GOOD
34440,1844,2089.0,-57.0207851150971,435.0,87.8,98.0,-1.7,-0.2,1.08,GOOD
34440,1845,2091.0,11.338857404158178,435.0,87.8,98.0,-1.7,-0.2,1.08,GOOD
34440,1846,2130.0,63.352265371388654,435.0,87.8,98.0,-1.7,-0.2,1.08,GOOD
34440,1847,2191.0,99.27769871749334,435.0,87.8,98.0,-1.7,-0.2,1.08,GOOD
34440,1848,2136.0,130.24248244713425,435.0,87.8,98.0,-1.7,-0.2,1.08,GOOD
34440,1849,2102.0,146.4072407664925,435.0,87.8,98.0,-1.7,-0.2,1.08,GOOD
34440,1850,2113.0,134.35999309491478,435.0,87.8,98.0,-1.7,-0.2,1.08,GOOD
34553,1851,2056.0,104.1386177227899,435.0,87.8,98.0,-1.7,-0.2,1.08,GOOD
34553,1852,2078.0,76.09161411534066,435.0,87.8,98.0,-1.7,-0.2,1.08,GOOD
34553,1853,2044.0,58.18647274423336,435.0,87.8,98.0,-1.7,-0.2,1.08,GOOD
34553,1854,2023.0,43.57817737759448,435.0,87.8,98.0,-1.7,-0.2,1.08,GOOD
34553,1855,1968.0,22.121802110786028,436.0,87.8,98.0,-1.7,-0.2,1.08,GOOD
34553,1856,2022.0,-4.277610380044548,436.0,87.8,98.0,-1.7,-0.2,1.08,GOOD
34553,1857,2043.0,-20.218105481171516,436.0,87.8,98.0,-1.7,-0.2,1.08,GOOD
34553,1858,2013.0,-17.56153499820951,436.0,87.8,98.0,-1.7,-0.2,1.08,GOOD
34553,1859,2060.0,-6.1025048603399625,436.0,87.8,98.0,-1.7,-0.2,1.08,GOOD
34553,1860,2055.0,5.182208184903457,436.0,87.8,98.0,-1.7,-0.2,1.08,GOOD
34553,1861,2100.0,18.81421525166563,436.0,87.8,98.0,-1.7,-0.2,1.08,GOOD
34553,1862,2091.0,37.807784986786345,436.0,87.8,98.0,-1.7,-0.2,1.08,GOOD
34553,1863,2199.0,61.09227065753227,436.0,87.8,98.0,-1.7,-0.2,1.08,GOOD
34553,1864,2134.0,87.03455184824065,436.0,87.8,98.0,-1.7,-0.2,1.08,GOOD
34553,1865,2136.0,109.38940436335736,436.0,87.8,98.0,-1.7,-0.2,1.08,GOOD
34553,1866,2185.0,122.2476860373067,436.0,87.8,98.0,-1.7,-0.2,1.08,GOOD
34553,1867,2367.0,137.30067591189777,436.0,87.8,98.0,-1.7,-0.2,1.08,GOOD
34553,1868,2316.0,172.72770718289365,436.0,87.8,98.0,-1.7,-0.2,1.08,GOOD
34553,1869,2325.0,222.55171887424234,436.0,87.8,98.0,-1.7,-0.2,1.08,GOOD
34553,1870,2343.0,265.3093321176659,436.0,87.8,98.0,-1.7,-0.2,1.08,GOOD
34553,1871,2310.0,290.83881228161937,436.0,87.8,98.0,-1.7,-0.2,1.08,GOOD
34553,1872,2326.0,296.64098903658873,436.0,87.8,98.0,-1.7,-0.2,1.08,GOOD
34553,1873,2292.0,281.97599738543045,436.0,87.8,98.0,-1.7,-0.2,1.08,GOOD
34553,1874,2291.0,254.2960674476168,436.0,87.8,98.0,-1.7,-0.2,1.08,GOOD
34553,1875,2295.0,228.79486124416104,436.0,87.8,98.0,-1.7,-0.2,1.08,GOOD
34647,1876,2348.0,219.27940876394968,436.0,87.8,98.0,-1.7,-0.2,1.08,GOOD
34647,1877,2346.0,227.2382740958352,436.0,87.8,98.0,-1.7,-0.2,1.08,GOOD
34647,1878,2313.0,239.6034514449225,436.0,87.8,98.0,-1.7,-0.2,1.08,GOOD
34647,1879,2211.0,238.48035044799155,436.0,87.8,98.0,-1.7,-0.2,1.08,GOOD
34647,1880,2221.0,215.70293848257137,436.0,87.8,98.0,-1.7,-0.2,1.08,GOOD
34647,1881,2258.0,181.1592947544495,436.0,87.8,98.0,-1.7,-0.2,1.08,GOOD
34647,1882,2227.0,150.5498669284016,436.0,87.8,98.0,-1.7,-0.2,1.08,GOOD
34647,1883,2225.0,128.00556614080358,436.0,87.8,98.0,-1.7,-0.2,1.08,GOOD
34647,1884,2186.0,111.64983716994695,436.0,87.8,98.0,-1.7,-0.2,1.08,GOOD
34647,1885,2175.0,101.9441390977511,436.0,87.8,98.0,-1.7,-0.2,1.08,GOOD
34647,1886,2201.0,96.84914479444078,436.0,87.8,98.0,-1.7,-0.2,1.08,GOOD
34647,1887,2128.0,87.93477094189774,436.0,87.8,98.0,-1.7,-0.2,1.08,GOOD
34647,1888,2087.0,64.1411223477979,436.0,87.8,98.0,-1.7,-0.2,1.08,GOOD
34647,1889,2065.0,25.939597015184233,436.0,87.8,98.0,-1.7,-0.2,1.08,GOOD
34647,1890,2078.0,-10.152986939814747,436.0,87.8,98.0,-1.7,-0.2,1.08,GOOD
34647,1891,1939.0,-36.40409355071981,436.0,87.8,98.0,-1.7,-0.2,1.08,GOOD
34647,1892,1956.0,-68.05312957114111,436.0,87.8,98.0,-1.7,-0.2,1.08,GOOD
34647,1893,1921.0,-114.34602019691305,436.0,87.8,98.0,-1.7,-0.2,1.08,GOOD
34647,1894,1918.0,-159.91420251586135,436.0,87.8,98.0,-1.7,-0.2,1.08,GOOD
34647,1895,1869.0,-188.31510627320552,435.0,87.8,98.0,-1.7,-0.2,1.08,GOOD
34647,1896,1947.0,-198.95293584584888,435.0,87.8,98.0,-1.7,-0.2,1.08,GOOD
34647,1897,1932.0,-197.63824246556004,435.0,87.8,98.0,-1.7,-0.2,1.08,GOOD
34647,1898,1906.0,-190.6356071518004,435.0,87.8,98.0,-1.7,-0.2,1.08,GOOD
34647,1899,1851.0,-186.18483365126133,435.0,87.8,98.0,-1.7,-0.2,1.08,GOOD
34647,1900,1874.0,-189.05439177869198,435.0,87.8,98.0,-1.7,-0.2,1.08,GOOD
34747,1901,1891.0,-196.53190173252926,435.0,87.8,98.0,-1.7,-0.2,1.07,GOOD
34747,1902,1874.0,-204.73613768300825,435.0,87.8,98.0,-1.7,-0.2,1.07,GOOD
34747,1903,1900.0,-211.51116806439776,435.0,87.8,98.0,-1.7,-0.2,1.07,GOOD
34747,1904,1855.0,-212.20765796305375,435.0,87.8,98.0,-1.7,-0.2,1.07,GOOD
34747,1905,1869.0,-204.8252910483796,435.0,87.8,98.0,-1.7,-0.2,1.07,GOOD
34747,1906,1872.0,-195.63495295022844,435.0,87.8,98.0,-1.7,-0.2,1.07,GOOD
34747,1907,2027.0,-186.66725150322117,435.0,87.8,98.0,-1.7,-0.2,1.07,GOOD
34747,1908,1981.0,-167.36126417917373,435.0,87.8,98.0,-1.7,-0.2,1.07,GOOD
34747,1909,1975.0,-133.12138145913895,435.0,87.8,98.0,-1.7,-0.2,1.07,GOOD
34747,1910,1988.0,-95.19215246006891,435.0,87.8,98.0,-1.7,-0.2,1.07,GOOD
34747,1911,1989.0,-66.77327490214893,435.0,87.8,98.0,-1.7,-0.2,1.07,GOOD
34747,1912,2011.0,-55.501559895699565,435.0,87.8,98.0,-1.7,-0.2,1.07,GOOD
34747,1913,2001.0,-59.841516338855655,435.0,87.8,98.0,-1.7,-0.2,1.07,GOOD
34747,1914,1964.0,-69.02187347266191,435.0,87.8,98.0,-1.7,-0.2,1.07,GOOD
34747,1915,1880.0,-77.22935741615792,435.0,87.8,98.0,-1.7,-0.2,1.07,GOOD
34747,1916,1923.0,-90.23229375739476,435.0,87.8,98.0,-1.7,-0.2,1.07,GOOD
34747,1917,1913.0,-111.8664754714369,435.0,87.8,98.0,-1.7,-0.2,1.07,GOOD
34747,1918,1891.0,-137.0277201061333,435.0,87.8,98.0,-1.7,-0.2,1.07,GOOD
34747,1919,1853.0,-158.39277257392135,435.0,87.8,98.0,-1.7,-0.2,1.07,GOOD
34747,1920,1883.0,-169.38852244292866,435.0,87.8,98.0,-1.7,-0.2,1.07,GOOD
34747,1921,1908.0,-166.53443165276968,435.0,87.8,98.0,-1.7,-0.2,1.07,GOOD
34747,1922,1898.0,-155.56933091223013,435.0,87.8,98.0,-1.7,-0.2,1.07,GOOD
34747,1923,1913.0,-147.16092687913067,435.0,87.8,98.0,-1.7,-0.2,1.07,GOOD
34747,1924,1891.0,-142.96528391037288,435.0,87.8,98.0,-1.7,-0.2,1.07,GOOD
34747,1925,1906.0,-136.22698632375696,435.0,87.8,98.0,-1.7,-0.2,1.07,GOOD
34843,1926,1921.0,-124.66939564538535,435.0,87.8,98.0,-1.7,-0.2,1.08,GOOD
34843,1927,1995.0,-111.40018698973091,434.0,87.8,98.0,-1.7,-0.2,1.08,GOOD
34843,1928,1949.0,-97.772617201072,434.0,87.8,98.0,-1.7,-0.2,1.08,GOOD
34843,1929,1928.0,-84.98629257998388,434.0,87.8,98.0,-1.7,-0.2,1.08,GOOD
34843,1930,1942.0,-75.04427284286857,434.0,87.8,98.0,-1.7,-0.2,1.08,GOOD
34843,1931,2057.0,-63.80581262005152,434.0,87.8,98.0,-1.7,-0.2,1.08,GOOD
34843,1932,2060.0,-43.851541426153354,434.0,87.8,98.0,-1.7,-0.2,1.08,GOOD
34843,1933,2041.0,-17.452523614343153,434.0,87.8,98.0,-1.7,-0.2,1.08,GOOD
34843,1934,2056.0,6.937195380574929,434.0,87.8,98.0,-1.7,-0.2,1.08,GOOD
34843,1935,1945.0,23.54203559084991,434.0,87.8,98.0,-1.7,-0.2,1.08,GOOD
34843,1936,1971.0,22.93103505286809,434.0,87.8,98.0,-1.7,-0.2,1.08,GOOD
34843,1937,1964.0,-1.0890698989393695,434.0,87.8,98.0,-1.7,-0.2,1.08,GOOD
34843,1938,1955.0,-38.044763969806006,434.0,87.8,98.0,-1.7,-0.2,1.08,GOOD
34843,1939,1865.0,-71.70686866022609,434.0,87.8,98.0,-1.7,-0.2,1.08,GOOD
34843,1940,1896.0,-94.28771187971233,434.0,87.8,98.0,-1.7,-0.2,1.08,GOOD
34843,1941,1918.0,-104.58332668255116,434.0,87.8,98.0,-1.7,-0.2,1.08,GOOD
34843,1942,1897.0,-106.84583721999826,434.0,87.8,98.0,-1.7,-0.2,1.08,GOOD
34843,1943,1944.0,-108.29014414284897,434.0,87.8,98.0,-1.7,-0.2,1.08,GOOD
34843,1944,1968.0,-104.85205168238804,434.0,87.8,98.0,-1.7,-0.2,1.08,GOOD
34843,1945,1997.0,-84.18984781840129,434.0,87.8,98.0,-1.7,-0.2,1.08,GOOD
34843,1946,1992.0,-48.03662471934714,434.0,87.8,98.0,-1.7,-0.2,1.08,GOOD
34843,1947,2025.0,-14.318945526113406,434.0,87.8,98.0,-1.7,-0.2,1.08,GOOD
34843,1948,1985.0,2.5645608182230313,434.0,87.8,98.0,-1.7,-0.2,1.08,GOOD
34843,1949,1983.0,2.7825407846905246,434.0,87.8,98.0,-1.7,-0.2,1.08,GOOD
34843,1950,1994.0,-3.300262449951421,434.0,87.8,98.0,-1.7,-0.2,1.08,GOOD
34957,1951,2089.0,-2.5360148190160796,434.0,87.8,98.0,-1.7,-0.2,1.08,GOOD
34957,1952,2073.0,12.234816837176627,434.0,87.8,98.0,-1.7,-0.2,1.08,GOOD
34957,1953,2051.0,34.354067688657004,434.0,87.8,98.0,-1.7,-0.2,1.08,GOOD
34957,1954,2060.0,51.93409651853874,434.0,87.8,98.0,-1.7,-0.2,1.08,GOOD
34957,1955,1952.0,58.274407185079326,433.0,87.8,98.0,-1.7,-0.2,1.08,GOOD
34957,1956,1985.0,46.989586174655805,433.0,87.8,98.0,-1.7,-0.2,1.08,GOOD
34957,1957,1980.0,17.92494780362791,433.0,87.8,98.0,-1.7,-0.2,1.08,GOOD
34957,1958,1976.0,-15.423563937449087,433.0,87.8,98.0,-1.7,-0.2,1.08,GOOD
34957,1959,1944.0,-38.46930248798963,433.0,87.8,98.0,-1.7,-0.2,1.08,GOOD
34957,1960,1986.0,-45.04059222321037,433.0,87.8,98.0,-1.7,-0.2,1.08,GOOD
34957,1961,1992.0,-36.593319106105035,433.0,87.8,98.0,-1.7,-0.2,1.08,GOOD
34957,1962,1973.0,-22.93177035108349,433.0,87.8,98.0,-1.7,-0.2,1.08,GOOD
34957,1963,1916.0,-18.830929185061542,433.0,87.8,98.0,-1.7,-0.2,1.08,GOOD
34957,1964,1915.0,-30.895079075176383,433.0,87.8,98.0,-1.7,-0.2,1.08,GOOD
34957,1965,1945.0,-49.57212030912103,433.0,87.8,98.0,-1.7,-0.2,1.08,GOOD
34957,1966,1931.0,-61.28871851855697,433.0,87.8,98.0,-1.7,-0.2,1.08,GOOD
34957,1967,2035.0,-60.74003908294972,433.0,87.8,98.0,-1.7,-0.2,1.08,GOOD
34957,1968,2004.0,-45.929827311876515,433.0,87.8,98.0,-1.7,-0.2,1.08,GOOD
34957,1969,2005.0,-19.246282359812593,433.0,87.8,98.0,-1.7,-0.2,1.08,GOOD
34957,1970,2014.0,8.966475837752231,433.0,87.8,98.0,-1.7,-0.2,1.08,GOOD
34957,1971,2102.0,32.072310458486264,433.0,87.8,98.0,-1.7,-0.2,1.08,GOOD
34957,1972,2084.0,51.83384698587592,433.0,87.8,98.0,-1.7,-0.2,1.08,GOOD
34957,1973,2082.0,68.70585145975298,433.0,87.8,98.0,-1.7,-0.2,1.08,GOOD
34957,1974,2103.0,81.81776015594541,433.0,87.8,98.0,-1.7,-0.2,1.08,GOOD
34957,1975,2141.0,96.01691768265374,433.0,87.8,98.0,-1.7,-0.2,1.08,GOOD
35053,1976,2150.0,114.85245272897136,433.0,87.8,98.0,-1.6,-0.3,1.08,GOOD
35053,1977,2120.0,131.257442302509,433.0,87.8,98.0,-1.6,-0.3,1.08,GOOD
35053,1978,2136.0,136.32437338937547,433.0,87.8,98.0,-1.6,-0.3,1.08,GOOD
35053,1979,1934.0,125.30496667339912,433.0,87.8,98.0,-1.6,-0.3,1.08,GOOD
35053,1980,1949.0,90.54081072307676,433.0,87.8,98.0,-1.6,-0.3,1.08,GOOD
35053,1981,1938.0,33.283528838073195,433.0,87.8,98.0,-1.6,-0.3,1.08,GOOD
35053,1982,1914.0,-28.07605865641879,433.0,87.8,98.0,-1.6,-0.3,1.08,GOOD
35053,1983,1884.0,-76.9517304157987,433.0,87.8,98.0,-1.6,-0.3,1.08,GOOD
35053,1984,1916.0,-105.04897653699544,433.0,87.8,98.0,-1.6,-0.3,1.08,GOOD
35053,1985,1934.0,-107.58392269514263,433.0,87.8,98.0,-1.6,-0.3,1.08,GOOD
35053,1986,1929.0,-90.50706829643879,433.0,87.8,98.0,-1.6,-0.3,1.08,GOOD
35053,1987,1969.0,-69.93678757352293,432.0,87.8,98.0,-1.6,-0.3,1.08,GOOD
35053,1988,1944.0,-55.7510284713156,432.0,87.8,98.0,-1.6,-0.3,1.08,GOOD
35053,1989,1982.0,-45.31492712132379,432.0,87.8,98.0,-1.6,-0.3,1.08,GOOD
35053,1990,1964.0,-32.944670319297614,432.0,87.8,98.0,-1.6,-0.3,1.08,GOOD
35053,1991,2068.0,-16.489553619333805,432.0,87.8,98.0,-1.6,-0.3,1.08,GOOD
35053,1992,2071.0,5.515120537300927,432.0,87.8,98.0,-1.6,-0.3,1.08,GOOD
35053,1993,2063.0,32.32254796378472,432.0,87.8,98.0,-1.6,-0.3,1.08,GOOD
35053,1994,2097.0,59.19740925296496,432.0,87.8,98.0,-1.6,-0.3,1.08,GOOD
35053,1995,2145.0,85.41144833670366,432.0,87.8,98.0,-1.6,-0.3,1.08,GOOD
35053,1996,2175.0,113.18578386074333,432.0,87.8,98.0,-1.6,-0.3,1.08,GOOD
35053,1997,2191.0,139.9371009701968,432.0,87.8,98.0,-1.6,-0.3,1.08,GOOD
35053,1998,2200.0,161.96498133719746,432.0,87.8,98.0,-1.6,-0.3,1.08,GOOD
35053,1999,2760.0,202.00104722884709,432.0,87.8,98.0,-1.6,-0.3,1.08,GOOD
35053,2000,2774.0,310.50433738291906,432.0,87.8,98.0,-1.6,-0.3,1.08,GOOD
35152,2001,2785.0,487.43908176746527,432.0,87.8,98.0,-1.7,-0.2,1.07,GOOD
35152,2002,2820.0,660.8201422887455,432.0,87.8,98.0,-1.7,-0.2,1.07,GOOD
35152,2003,1943.0,738.2402676965936,432.0,87.8,98.0,-1.7,-0.2,1.07,GOOD
35152,2004,1937.0,634.6657231723673,432.0,87.8,98.0,-1.7,-0.2,1.07,GOOD
35152,2005,1908.0,359.80270313620423,432.0,87.8,98.0,-1.7,-0.2,1.07,GOOD
35152,2006,1858.0,44.03483926749635,432.0,87.8,98.0,-1.7,-0.2,1.07,GOOD
35152,2007,1633.0,-196.9573119175945,432.0,87.8,98.0,-1.7,-0.2,1.07,GOOD
35152,2008,1663.0,-334.05831245263886,432.0,87.8,98.0,-1.7,-0.2,1.07,GOOD
35152,2009,1681.0,-381.0767584771013,432.0,87.8,98.0,-1.7,-0.2,1.07,GOOD
35152,2010,1644.0,-371.8493604673323,432.0,87.8,98.0,-1.7,-0.2,1.07,GOOD
35152,2011,2164.0,-337.7317983036895,432.0,87.8,98.0,-1.7,-0.2,1.07,GOOD
35152,2012,2155.0,-262.7293209268396,432.0,87.8,98.0,-1.7,-0.2,1.07,GOOD
35152,2013,2188.0,-125.40135082042123,432.0,87.8,98.0,-1.7,-0.2,1.07,GOOD
35152,2014,2201.0,40.86602835568903,432.0,87.8,98.0,-1.7,-0.2,1.07,GOOD
35152,2015,2060.0,170.30305225524842,432.0,87.8,98.0,-1.7,-0.2,1.07,GOOD
35152,2016,2036.0,204.99797712927764,432.0,87.8,98.0,-1.7,-0.2,1.07,GOOD
35152,2017,2037.0,140.03536590838428,432.0,87.8,98.0,-1.7,-0.2,1.07,GOOD
35152,2018,2085.0,41.368163697254296,432.0,87.8,98.0,-1.7,-0.2,1.07,GOOD
35152,2019,2006.0,-15.919333072781388,432.0,87.8,98.0,-1.7,-0.2,1.07,GOOD
35152,2020,1996.0,-18.711435277813006,432.0,87.8,98.0,-1.7,-0.2,1.07,GOOD
35152,2021,1973.0,-8.370918668644611,432.0,87.8,98.0,-1.7,-0.2,1.07,GOOD
35152,2022,1976.0,-19.922801997797887,432.0,87.8,98.0,-1.7,-0.2,1.07,GOOD
35152,2023,2011.0,-46.90885016860649,431.0,87.8,98.0,-1.7,-0.2,1.07,GOOD
35152,2024,2035.0,-58.19657860766999,431.0,87.8,98.0,-1.7,-0.2,1.07,GOOD
35152,2025,2026.0,-39.89628507083906,431.0,87.8,98.0,-1.7,-0.2,1.07,GOOD
35261,2026,2005.0,-12.466835600742392,431.0,87.8,98.0,-1.8,-0.2,1.08,GOOD
35261,2027,2035.0,-1.8424286863942738,431.0,87.8,98.0,-1.8,-0.2,1.08,GOOD
35261,2028,2047.0,-6.696507575086891,431.0,87.8,98.0,-1.8,-0.2,1.08,GOOD
35261,2029,2056.0,-6.865335166847918,431.0,87.8,98.0,-1.8,-0.2,1.08,GOOD
35261,2030,2048.0,6.012847128428216,431.0,87.8,98.0,-1.8,-0.2,1.08,GOOD
35261,2031,2170.0,25.28458221262994,431.0,87.8,98.0,-1.8,-0.2,1.08,GOOD
35261,2032,2174.0,48.99535717188762,431.0,87.8,98.0,-1.8,-0.2,1.08,GOOD
35261,2033,2211.0,81.01730214365678,431.0,87.8,98.0,-1.8,-0.2,1.08,GOOD
35261,2034,2204.0,119.81807090552684,431.0,87.8,98.0,-1.8,-0.2,1.08,GOOD
35261,2035,2210.0,156.37890908970073,431.0,87.8,98.0,-1.8,-0.2,1.08,GOOD
35261,2036,2183.0,177.32198890632702,431.0,87.8,98.0,-1.8,-0.2,1.08,GOOD
35261,2037,2190.0,174.48259332953887,431.0,87.8,98.0,-1.8,-0.2,1.08,GOOD
35261,2038,2169.0,154.372608823874,431.0,87.8,98.0,-1.8,-0.2,1.08,GOOD
35261,2039,2198.0,133.72250196943145,431.0,87.8,98.0,-1.8,-0.2,1.08,GOOD
35261,2040,2187.0,125.21190436338625,431.0,87.8,98.0,-1.8,-0.2,1.08,GOOD
35261,2041,2165.0,126.54052417887739,431.0,87.8,98.0,-1.8,-0.2,1.08,GOOD
35261,2042,2167.0,125.59617450592242,431.0,87.8,98.0,-1.8,-0.2,1.08,GOOD
35261,2043,2192.0,118.1905492334604,431.0,87.8,98.0,-1.8,-0.2,1.08,GOOD
35261,2044,2212.0,113.04462460874379,431.0,87.8,98.0,-1.8,-0.2,1.08,GOOD
35261,2045,2198.0,117.40209317819051,431.0,87.8,98.0,-1.8,-0.2,1.08,GOOD
35261,2046,2312.0,131.28063539985018,430.0,87.8,98.0,-1.8,-0.2,1.08,GOOD
35261,2047,2297.0,155.33551431846183,430.0,87.8,98.0,-1.8,-0.2,1.08,GOOD
35261,2048,2309.0,186.23125714408673,430.0,87.8,98.0,-1.8,-0.2,1.08,GOOD
35261,2049,2329.0,213.86856299055827,430.0,87.8,98.0,-1.8,-0.2,1.08,GOOD
35261,2050,2459.0,237.74859675713162,430.0,87.8,98.0,-1.8,-0.2,1.08,GOOD
35358,2051,2399.0,266.59753203661813,430.0,87.8,98.0,-1.7,-0.2,1.07,GOOD
35358,2052,2383.0,295.24023577356195,430.0,87.8,98.0,-1.7,-0.2,1.07,GOOD
35358,2053,2416.0,309.2073378351673,430.0,87.8,98.0,-1.7,-0.2,1.07,GOOD
35358,2054,2353.0,306.3672166175646,430.0,87.8,98.0,-1.7,-0.2,1.07,GOOD
35358,2055,2356.0,290.794862374962,430.0,87.8,98.0,-1.7,-0.2,1.07,GOOD
35358,2056,2326.0,265.06959543671576,430.0,87.8,98.0,-1.7,-0.2,1.07,GOOD
35358,2057,2320.0,235.06398459242266,430.0,87.8,98.0,-1.7,-0.2,1.07,GOOD
35358,2058,2064.0,198.468071992368,430.0,87.8,98.0,-1.7,-0.2,1.07,GOOD
35358,2059,2089.0,139.10040718789742,430.0,87.8,98.0,-1.7,-0.2,1.07,GOOD
35358,2060,2073.0,57.55119240395443,430.0,87.8,98.0,-1.7,-0.2,1.07,GOOD
35358,2061,2055.0,-19.70155020079947,430.0,87.8,98.0,-1.7,-0.2,1.07,GOOD
35358,2062,1908.0,-77.75766077963488,429.0,87.8,98.0,-1.7,-0.2,1.07,GOOD
35358,2063,1942.0,-124.04240058767999,429.0,87.8,98.0,-1.7,-0.2,1.07,GOOD
35358,2064,1972.0,-159.74581888124445,429.0,87.8,98.0,-1.7,-0.2,1.07,GOOD
35358,2065,1946.0,-176.82996583703368,429.0,87.8,98.0,-1.7,-0.2,1.07,GOOD
35358,2066,1903.0,-181.49704032785263,429.0,87.8,98.0,-1.7,-0.2,1.07,GOOD
35358,2067,1890.0,-189.18341624689168,429.0,87.8,98.0,-1.7,-0.2,1.07,GOOD
35358,2068,1932.0,-200.73372497458416,429.0,87.8,98.0,-1.7,-0.2,1.07,GOOD
35358,2069,1932.0,-204.45383031942492,429.0,87.8,98.0,-1.7,-0.2,1.07,GOOD
35358,2070,2012.0,-194.14563592485598,429.0,87.8,98.0,-1.7,-0.2,1.07,GOOD
35358,2071,1995.0,-172.20558577745018,429.0,87.8,98.0,-1.7,-0.2,1.07,GOOD
35358,2072,1993.0,-145.0086871436973,429.0,87.8,98.0,-1.7,-0.2,1.07,GOOD
35358,2073,2053.0,-117.75021993202682,429.0,87.8,98.0,-1.7,-0.2,1.07,GOOD
35358,2074,2002.0,-92.60166751834502,429.0,87.8,98.0,-1.7,-0.2,1.07,GOOD
35358,2075,1984.0,-78.26805748817021,429.0,87.8,98.0,-1.7,-0.2,1.07,GOOD
35454,2076,1977.0,-84.23630285486831,429.0,87.8,98.0,-1.7,-0.2,1.08,GOOD
35454,2077,2004.0,-102.49629667581766,429.0,87.8,98.0,-1.7,-0.2,1.08,GOOD
35454,2078,1892.0,-118.54375129900913,428.0,87.8,98.0,-1.7,-0.2,1.08,GOOD
35454,2079,1915.0,-133.54639857162587,428.0,87.8,98.0,-1.7,-0.2,1.08,GOOD
35454,2080,1890.0,-154.7278131863804,428.0,87.8,98.0,-1.7,-0.2,1.08,GOOD
35454,2081,1867.0,-180.10666960993592,428.0,87.8,98.0,-1.7,-0.2,1.08,GOOD
35454,2082,1843.0,-203.97657178946713,428.0,87.8,98.0,-1.7,-0.2,1.08,GOOD
35454,2083,1886.0,-220.30671982142894,428.0,87.8,98.0,-1.7,-0.2,1.08,GOOD
35454,2084,1902.0,-222.51527534413202,428.0,87.8,98.0,-1.7,-0.2,1.08,GOOD
35454,2085,1883.0,-211.56752863420968,428.0,87.8,98.0,-1.7,-0.2,1.08,GOOD
35454,2086,1855.0,-198.87168181834997,428.0,87.8,98.0,-1.7,-0.2,1.08,GOOD
35454,2087,1847.0,-194.57390340452827,428.0,87.8,98.0,-1.7,-0.2,1.08,GOOD
35454,2088,1877.0,-197.45129501845588,428.0,87.8,98.0,-1.7,-0.2,1.08,GOOD
35454,2089,1881.0,-199.73391063662996,428.0,87.8,98.0,-1.7,-0.2,1.08,GOOD
35454,2090,2059.0,-190.68802522602596,427.0,87.8,98.0,-1.7,-0.2,1.08,GOOD
35454,2091,2030.0,-156.89523890889527,427.0,87.8,98.0,-1.7,-0.2,1.08,GOOD
35454,2092,2030.0,-100.45824156484521,427.0,87.8,98.0,-1.7,-0.2,1.08,GOOD
35454,2093,2062.0,-43.39045423214345,427.0,87.8,98.0,-1.7,-0.2,1.08,GOOD
35454,2094,2040.0,-4.578062136477246,427.0,87.8,98.0,-1.7,-0.2,1.08,GOOD
35454,2095,2032.0,8.380053809598703,427.0,87.8,98.0,-1.7,-0.2,1.08,GOOD
35454,2096,2015.0,-2.165831024807015,427.0,87.8,98.0,-1.7,-0.2,1.08,GOOD
35454,2097,2036.0,-21.78708199839308,427.0,87.8,98.0,-1.7,-0.2,1.08,GOOD
35454,2098,1929.0,-37.40168789565282,427.0,87.8,98.0,-1.7,-0.2,1.08,GOOD
35454,2099,1949.0,-52.635587594363145,427.0,87.8,98.0,-1.7,-0.2,1.08,GOOD
35454,2100,1926.0,-75.53060699727759,427.0,87.8,98.0,-1.7,-0.2,1.08,GOOD
35553,2101,1901.0,-103.51432963327349,427.0,87.8,98.0,-1.7,-0.3,1.08,GOOD
35553,2102,1868.0,-129.9140993217773,426.0,87.8,98.0,-1.7,-0.3,1.08,GOOD
35553,2103,1908.0,-148.89717834776752,426.0,87.8,98.0,-1.7,-0.3,1.08,GOOD
35553,2104,1915.0,-155.03418392546757,426.0,87.8,98.0,-1.7,-0.3,1.08,GOOD
35553,2105,1901.0,-149.73733595363385,426.0,87.8,98.0,-1.7,-0.3,1.08,GOOD
35553,2106,1927.0,-140.8354495986963,426.0,87.8,98.0,-1.7,-0.3,1.08,GOOD
35553,2107,1915.0,-131.60208886006328,426.0,87.8,98.0,-1.7,-0.3,1.08,GOOD
35553,2108,1941.0,-120.24480701016415,426.0,87.8,98.0,-1.7,-0.3,1.08,GOOD
35553,2109,1945.0,-107.13065689606444,426.0,87.8,98.0,-1.7,-0.3,1.08,GOOD
35553,2110,1999.0,-93.70575317961215,425.0,87.8,98.0,-1.7,-0.3,1.08,GOOD
35553,2111,1951.0,-79.91038419021135,425.0,87.8,98.0,-1.7,-0.3,1.08,GOOD
35553,2112,1947.0,-68.17536761737293,425.0,87.8,98.0,-1.7,-0.3,1.08,GOOD
35553,2113,1983.0,-61.11051920082417,425.0,87.8,98.0,-1.7,-0.3,1.08,GOOD
35553,2114,2089.0,-51.84304482401088,425.0,87.8,98.0,-1.7,-0.3,1.08,GOOD
35553,2115,2080.0,-29.639167671017653,425.0,87.8,98.0,-1.7,-0.3,1.08,GOOD
35553,2116,2065.0,3.150690537344472,425.0,87.8,98.0,-1.7,-0.3,1.08,GOOD
35553,2117,2091.0,34.31348141065337,425.0,87.8,98.0,-1.7,-0.3,1.08,GOOD
35553,2118,1962.0,52.56914643003788,424.0,87.8,98.0,-1.7,-0.3,1.08,GOOD
35553,2119,1956.0,44.3862269697283,424.0,87.8,98.0,-1.7,-0.3,1.08,GOOD
35553,2120,1931.0,4.943508260501349,424.0,87.8,98.0,-1.7,-0.3,1.08,GOOD
35553,2121,1919.0,-48.76209963709425,424.0,87.8,98.0,-1.7,-0.3,1.08,GOOD
35553,2122,1888.0,-93.37151525776434,424.0,87.8,98.0,-1.7,-0.3,1.08,GOOD
35553,2123,1930.0,-116.28419847437247,424.0,87.8,98.0,-1.7,-0.3,1.08,GOOD
35553,2124,1954.0,-116.21660882260406,424.0,87.8,98.0,-1.7,-0.3,1.08,GOOD
35553,2125,1910.0,-102.33767850349228,424.0,87.8,98.0,-1.7,-0.3,1.08,GOOD
35665,2126,1965.0,-88.35928804391816,423.0,87.8,98.0,-1.6,-0.3,1.08,GOOD
35665,2127,1972.0,-76.70707491503182,423.0,87.8,98.0,-1.6,-0.3,1.08,GOOD
35665,2128,1990.0,-60.7687867131323,423.0,87.8,98.0,-1.6,-0.3,1.08,GOOD
35665,2129,2001.0,-40.83703426647,423.0,87.8,98.0,-1.6,-0.3,1.08,GOOD
35665,2130,1976.0,-24.659257752471657,423.0,87.8,98.0,-1.6,-0.3,1.08,GOOD
35665,2131,1934.0,-20.08048310733878,423.0,87.8,98.0,-1.6,-0.3,1.08,GOOD
35665,2132,1932.0,-29.2848592408967,423.0,87.8,98.0,-1.6,-0.3,1.08,GOOD
35665,2133,1963.0,-44.977237570453894,423.0,87.8,98.0,-1.6,-0.3,1.08,GOOD
35665,2134,2144.0,-49.01960068420373,422.0,87.8,98.0,-1.6,-0.3,1.08,GOOD
35665,2135,2109.0,-22.567860339800045,422.0,87.8,98.0,-1.6,-0.3,1.08,GOOD
35665,2136,2101.0,29.603338384934986,422.0,87.8,98.0,-1.6,-0.3,1.08,GOOD
35665,2137,2128.0,82.40943883345052,422.0,87.8,98.0,-1.6,-0.3,1.08,GOOD
35665,2138,2022.0,114.7624841524538,422.0,87.8,98.0,-1.6,-0.3,1.08,GOOD
35665,2139,2025.0,112.64824681850813,422.0,87.8,98.0,-1.6,-0.3,1.08,GOOD
35665,2140,2004.0,76.06630609730935,422.0,87.8,98.0,-1.6,-0.3,1.08,GOOD
35665,2141,1997.0,26.744337233857056,422.0,87.8,98.0,-1.6,-0.3,1.08,GOOD
35665,2142,1928.0,-12.185308648607442,422.0,87.8,98.0,-1.6,-0.3,1.08,GOOD
35665,2143,1970.0,-34.48376624133088,422.0,87.8,98.0,-1.6,-0.3,1.08,GOOD
35665,2144,1971.0,-44.23872199279903,422.0,87.8,98.0,-1.6,-0.3,1.08,GOOD
35665,2145,1954.0,-47.41389175179416,422.0,87.8,98.0,-1.6,-0.3,1.08,GOOD
35665,2146,1965.0,-49.182592142220585,421.0,87.8,98.0,-1.6,-0.3,1.08,GOOD
35665,2147,1978.0,-47.9734876209104,421.0,87.8,98.0,-1.6,-0.3,1.08,GOOD
35665,2148,2008.0,-38.39047411052357,421.0,87.8,98.0,-1.6,-0.3,1.08,GOOD
35665,2149,1999.0,-22.171134928637496,421.0,87.8,98.0,-1.6,-0.3,1.08,GOOD
35665,2150,2069.0,-5.830345895295065,421.0,87.8,98.0,-1.6,-0.3,1.08,GOOD
35763,2151,2027.0,9.679924587012984,421.0,86.7,98.0,-1.7,-0.3,1.07,GOOD
35763,2152,2039.0,25.399863216769763,421.0,86.7,98.0,-1.7,-0.3,1.07,GOOD
35763,2153,2050.0,38.79195781630767,421.0,86.7,98.0,-1.7,-0.3,1.07,GOOD
35763,2154,2113.0,49.52667021673939,421.0,86.7,98.0,-1.7,-0.3,1.07,GOOD
35763,2155,2074.0,59.82371514133429,421.0,86.7,98.0,-1.7,-0.3,1.07,GOOD
35763,2156,2052.0,67.39076953549086,421.0,86.7,98.0,-1.7,-0.3,1.07,GOOD
35763,2157,2062.0,68.77507168256875,421.0,86.7,98.0,-1.7,-0.3,1.07,GOOD
35763,2158,2018.0,64.67128522563328,421.0,86.7,98.0,-1.7,-0.3,1.07,GOOD
35763,2159,2019.0,53.70903229423783,421.0,86.7,98.0,-1.7,-0.3,1.07,GOOD
35763,2160,1983.0,33.05255771963813,421.0,86.7,98.0,-1.7,-0.3,1.07,GOOD
35763,2161,1972.0,6.374263849655935,421.0,86.7,98.0,-1.7,-0.3,1.07,GOOD
35763,2162,1930.0,-18.565790968207494,420.0,86.7,98.0,-1.7,-0.3,1.07,GOOD
35763,2163,1974.0,-36.474592763979885,420.0,86.7,98.0,-1.7,-0.3,1.07,GOOD
35763,2164,1965.0,-45.543598252505085,420.0,86.7,98.0,-1.7,-0.3,1.07,GOOD
35763,2165,1953.0,-48.16470723938578,420.0,86.7,98.0,-1.7,-0.3,1.07,GOOD
35763,2166,1899.0,-50.95666793548955,420.0,86.7,98.0,-1.7,-0.3,1.07,GOOD
35763,2167,1928.0,-57.89087219685419,420.0,86.7,98.0,-1.7,-0.3,1.07,GOOD
35763,2168,1955.0,-64.45240324528953,420.0,86.7,98.0,-1.7,-0.3,1.07,GOOD
35763,2169,1945.0,-64.99294687765243,420.0,86.7,98.0,-1.7,-0.3,1.07,GOOD
35763,2170,2213.0,-51.09905276937761,420.0,86.7,98.0,-1.7,-0.3,1.07,GOOD
35763,2171,2207.0,-2.9112844359328487,420.0,86.7,98.0,-1.7,-0.3,1.07,GOOD
35763,2172,2246.0,83.06515762500375,420.0,86.7,98.0,-1.7,-0.3,1.07,GOOD
35763,2173,2280.0,177.54889268381024,420.0,86.7,98.0,-1.7,-0.3,1.07,GOOD
35763,2174,2877.0,272.7658053315936,420.0,86.7,98.0,-1.7,-0.3,1.07,GOOD
35763,2175,2783.0,403.5475405725853,420.0,86.7,98.0,-1.7,-0.3,1.07,GOOD
35859,2176,2766.0,566.5952283638235,420.0,86.7,98.0,-1.6,-0.2,1.08,GOOD
35859,2177,2764.0,701.4073280706325,420.0,86.7,98.0,-1.6,-0.2,1.08,GOOD
35859,2178,1967.0,738.9081284746013,419.0,86.7,98.0,-1.6,-0.2,1.08,GOOD
35859,2179,1937.0,612.3754672717944,419.0,86.7,98.0,-1.6,-0.2,1.08,GOOD
35859,2180,1875.0,330.8512950194814,419.0,86.7,98.0,-1.6,-0.2,1.08,GOOD
35859,2181,1855.0,14.843620495448306,419.0,86.7,98.0,-1.6,-0.2,1.08,GOOD
35859,2182,1657.0,-219.68671493894107,419.0,86.7,98.0,-1.6,-0.2,1.08,GOOD
35859,2183,1725.0,-338.8683365644731,419.0,86.7,98.0,-1.6,-0.2,1.08,GOOD
35859,2184,1707.0,-363.6904200703089,419.0,86.7,98.0,-1.6,-0.2,1.08,GOOD
35859,2185,1671.0,-342.0731388642321,419.0,86.7,98.0,-1.6,-0.2,1.08,GOOD
35859,2186,1922.0,-318.7270587191848,419.0,86.7,98.0,-1.6,-0.2,1.08,GOOD
35859,2187,1969.0,-289.32909011307896,419.0,86.7,98.0,-1.6,-0.2,1.08,GOOD
35859,2188,2014.0,-222.75114499768853,419.0,86.7,98.0,-1.6,-0.2,1.08,GOOD
35859,2189,1995.0,-122.509033789523,419.0,86.7,98.0,-1.6,-0.2,1.08,GOOD
35859,2190,2011.0,-30.14854503874988,419.0,86.7,98.0,-1.6,-0.2,1.08,GOOD
35859,2191,1964.0,13.342059270641691,419.0,86.7,98.0,-1.6,-0.2,1.08,GOOD
35859,2192,1999.0,1.8621668373888784,419.0,86.7,98.0,-1.6,-0.2,1.08,GOOD
35859,2193,2040.0,-29.13487361717236,419.0,86.7,98.0,-1.6,-0.2,1.08,GOOD
35859,2194,2101.0,-34.47446045157339,419.0,86.7,98.0,-1.6,-0.2,1.08,GOOD
35859,2195,2036.0,-4.506063622794938,419.0,86.7,98.0,-1.6,-0.2,1.08,GOOD
35859,2196,2015.0,28.056595150339454,419.0,86.7,98.0,-1.6,-0.2,1.08,GOOD
35859,2197,2047.0,33.54548583571183,419.0,86.7,98.0,-1.6,-0.2,1.08,GOOD
35859,2198,2143.0,24.177108067203903,419.0,86.7,98.0,-1.6,-0.2,1.08,GOOD
35859,2199,2138.0,32.31071512608016,419.0,86.7,98.0,-1.6,-0.2,1.08,GOOD
35859,2200,2095.0,62.397936920298875,419.0,86.7,98.0,-1.6,-0.2,1.08,GOOD
35956,2201,2088.0,87.8774583676333,419.0,86.7,98.0,-1.7,-0.2,1.08,GOOD
35956,2202,2060.0,88.94798898897884,419.0,86.7,98.0,-1.7,-0.2,1.08,GOOD
35956,2203,2108.0,72.14040304396377,419.0,86.7,98.0,-1.7,-0.2,1.08,GOOD
35956,2204,2090.0,56.51487744718217,419.0,86.7,98.0,-1.7,-0.2,1.08,GOOD
35956,2205,2059.0,50.21025949109648,419.0,86.7,98.0,-1.7,-0.2,1.08,GOOD
35956,2206,1995.0,43.43531571520816,419.0,86.7,98.0,-1.7,-0.2,1.08,GOOD
35956,2207,2046.0,26.93498337688131,419.0,86.7,98.0,-1.7,-0.2,1.08,GOOD
35956,2208,2087.0,9.564495643013277,419.0,86.7,98.0,-1.7,-0.2,1.08,GOOD
35956,2209,2078.0,6.341136764702676,419.0,86.7,98.0,-1.7,-0.2,1.08,GOOD
35956,2210,2158.0,20.519538514209188,419.0,86.7,98.0,-1.7,-0.2,1.08,GOOD
35956,2211,2120.0,47.218880312544655,419.0,86.7,98.0,-1.7,-0.2,1.08,GOOD
35956,2212,2150.0,77.5328120680879,419.0,86.7,98.0,-1.7,-0.2,1.08,GOOD
35956,2213,2176.0,101.90217020053916,419.0,86.7,98.0,-1.7,-0.2,1.08,GOOD
35956,2214,2333.0,123.54412425965745,419.0,86.7,98.0,-1.7,-0.2,1.08,GOOD
35956,2215,2268.0,154.83355531194684,419.0,86.7,98.0,-1.7,-0.2,1.08,GOOD
35956,2216,2264.0,193.15258361391926,419.0,86.7,98.0,-1.7,-0.2,1.08,GOOD
35956,2217,2296.0,223.13382670637918,419.0,86.7,98.0,-1.7,-0.2,1.08,GOOD
35956,2218,2374.0,242.08292487075494,419.0,86.7,98.0,-1.7,-0.2,1.08,GOOD
35956,2219,2366.0,258.0776544006104,419.0,86.7,98.0,-1.7,-0.2,1.08,GOOD
35956,2220,2335.0,271.394745426634,419.0,86.7,98.0,-1.7,-0.2,1.08,GOOD
35956,2221,2357.0,277.574533973762,419.0,86.7,98.0,-1.7,-0.2,1.08,GOOD
35956,2222,2360.0,279.84419820202015,420.0,86.7,98.0,-1.7,-0.2,1.08,GOOD
35956,2223,2395.0,283.4508078615031,420.0,86.7,98.0,-1.7,-0.2,1.08,GOOD
35956,2224,2368.0,285.8269329249147,420.0,86.7,98.0,-1.7,-0.2,1.08,GOOD
35956,2225,2334.0,280.35099478678603,420.0,86.7,98.0,-1.7,-0.2,1.08,GOOD
36066,2226,2262.0,263.5574796883828,420.0,86.7,98.0,-1.7,-0.3,1.08,GOOD
36066,2227,2283.0,237.4147696667263,420.0,86.7,98.0,-1.7,-0.3,1.08,GOOD
36066,2228,2306.0,208.81326031731146,420.0,86.7,98.0,-1.7,-0.3,1.08,GOOD
36066,2229,2277.0,184.0506610202398,420.0,86.7,98.0,-1.7,-0.3,1.08,GOOD
36066,2230,2138.0,159.15092203721824,420.0,86.7,98.0,-1.7,-0.3,1.08,GOOD
36066,2231,2129.0,124.478320659749,420.0,86.7,98.0,-1.7,-0.3,1.08,GOOD
36066,2232,2146.0,82.81617666476798,420.0,86.7,98.0,-1.7,-0.3,1.08,GOOD
36066,2233,2164.0,47.33558310170647,420.0,86.7,98.0,-1.7,-0.3,1.08,GOOD
36066,2234,2171.0,24.32666327166442,420.0,86.7,98.0,-1.7,-0.3,1.08,GOOD
36066,2235,2141.0,13.22330683515181,420.0,86.7,98.0,-1.7,-0.3,1.08,GOOD
36066,2236,2107.0,12.650930562221236,420.0,86.7,98.0,-1.7,-0.3,1.08,GOOD
36066,2237,2092.0,16.294258774958216,420.0,86.7,98.0,-1.7,-0.3,1.08,GOOD
36066,2238,2053.0,10.33711121238112,420.0,86.7,98.0,-1.7,-0.3,1.08,GOOD
36066,2239,2048.0,-16.32340169861581,420.0,86.7,98.0,-1.7,-0.3,1.08,GOOD
36066,2240,2024.0,-56.82575146286078,420.0,86.7,98.0,-1.7,-0.3,1.08,GOOD
36066,2241,2042.0,-88.92605840019638,420.0,86.7,98.0,-1.7,-0.3,1.08,GOOD
36066,2242,1962.0,-100.2691624899046,420.0,86.7,98.0,-1.7,-0.3,1.08,GOOD
36066,2243,1998.0,-103.27728034748294,420.0,86.7,98.0,-1.7,-0.3,1.08,GOOD
36066,2244,1984.0,-114.41902873551626,420.0,86.7,98.0,-1.7,-0.3,1.08,GOOD
36066,2245,1963.0,-132.89087205578642,420.0,86.7,98.0,-1.7,-0.3,1.08,GOOD
36066,2246,1810.0,-153.37025369322205,420.0,86.7,98.0,-1.7,-0.3,1.08,GOOD
36066,2247,1858.0,-179.90108332350604,420.0,86.7,98.0,-1.7,-0.3,1.08,GOOD
36066,2248,1873.0,-212.4391316960647,420.0,86.7,98.0,-1.7,-0.3,1.08,GOOD
36066,2249,1858.0,-241.44358991201295,420.0,86.7,98.0,-1.7,-0.3,1.08,GOOD
36066,2250,1834.0,-260.72277536657964,420.0,86.7,98.0,-1.7,-0.3,1.08,GOOD
36166,2251,1884.0,-265.69252484257595,420.0,86.7,98.0,-1.6,-0.3,1.07,GOOD
36166,2252,1904.0,-250.14236446715276,420.0,86.7,98.0,-1.6,-0.3,1.07,GOOD
36166,2253,1974.0,-217.28012214066766,421.0,86.7,98.0,-1.6,-0.3,1.07,GOOD
36166,2254,1939.0,-181.72530330413665,421.0,86.7,98.0,-1.6,-0.3,1.07,GOOD
36166,2255,1893.0,-158.79443378479277,421.0,86.7,98.0,-1.6,-0.3,1.07,GOOD
36166,2256,1898.0,-153.09344015893208,421.0,86.7,98.0,-1.6,-0.3,1.07,GOOD
36166,2257,2061.0,-150.38637977784452,421.0,86.7,98.0,-1.6,-0.3,1.07,GOOD
36166,2258,2067.0,-129.66204134133068,421.0,86.7,98.0,-1.6,-0.3,1.07,GOOD
36166,2259,2039.0,-91.87757138220093,421.0,86.7,98.0,-1.6,-0.3,1.07,GOOD
36166,2260,2012.0,-57.98113553651662,421.0,86.7,98.0,-1.6,-0.3,1.07,GOOD
36166,2261,1831.0,-46.30643043129324,421.0,86.7,98.0,-1.6,-0.3,1.07,GOOD
36166,2262,1860.0,-69.02116062252769,421.0,86.7,98.0,-1.6,-0.3,1.07,GOOD
36166,2263,1863.0,-123.51449216089996,421.0,86.7,98.0,-1.6,-0.3,1.07,GOOD
36166,2264,1873.0,-186.02474511590327,421.0,86.7,98.0,-1.6,-0.3,1.07,GOOD
36166,2265,1824.0,-230.09751930752574,421.0,86.7,98.0,-1.6,-0.3,1.07,GOOD
36166,2266,1859.0,-242.11105489353528,421.0,86.7,98.0,-1.6,-0.3,1.07,GOOD
36166,2267,1885.0,-224.01768678691244,421.0,86.7,98.0,-1.6,-0.3,1.07,GOOD
36166,2268,1894.0,-193.248752345952,421.0,86.7,98.0,-1.6,-0.3,1.07,GOOD
36166,2269,1900.0,-171.68292359713922,421.0,86.7,98.0,-1.6,-0.3,1.07,GOOD
36166,2270,1881.0,-165.297327017635,421.0,86.7,98.0,-1.6,-0.3,1.07,GOOD
36166,2271,1899.0,-161.80798563533943,421.0,86.7,98.0,-1.6,-0.3,1.07,GOOD
36166,2272,1916.0,-149.9671082366399,421.0,86.7,98.0,-1.6,-0.3,1.07,GOOD
36166,2273,1910.0,-134.41322933787967,421.0,86.7,98.0,-1.6,-0.3,1.07,GOOD
36166,2274,1847.0,-130.45274101920535,421.0,86.7,98.0,-1.6,-0.3,1.07,GOOD
36166,2275,1803.0,-146.21820659918143,421.0,86.7,98.0,-1.6,-0.3,1.07,GOOD
36265,2276,1792.0,-173.33702371440535,421.0,86.7,98.0,-1.6,-0.3,1.08,GOOD
36265,2277,1996.0,-189.90977961129227,421.0,86.7,98.0,-1.6,-0.3,1.08,GOOD
36265,2278,1998.0,-174.1584804034763,421.0,86.7,98.0,-1.6,-0.3,1.08,GOOD
36265,2279,1945.0,-130.402618608407,421.0,86.7,98.0,-1.6,-0.3,1.08,GOOD
36265,2280,1981.0,-84.57375600408967,421.0,86.7,98.0,-1.6,-0.3,1.08,GOOD
36265,2281,2076.0,-45.46226524099845,422.0,86.7,98.0,-1.6,-0.3,1.08,GOOD
36265,2282,2090.0,-4.50452972704044,422.0,86.7,98.0,-1.6,-0.3,1.08,GOOD
36265,2283,2094.0,33.282726011677504,422.0,86.7,98.0,-1.6,-0.3,1.08,GOOD
36265,2284,2067.0,53.4934918453341,422.0,86.7,98.0,-1.6,-0.3,1.08,GOOD
36265,2285,1925.0,51.48070814729306,422.0,86.7,98.0,-1.6,-0.3,1.08,GOOD
36265,2286,1942.0,29.126687870365576,422.0,86.7,98.0,-1.6,-0.3,1.08,GOOD
36265,2287,1954.0,-7.510786770095411,422.0,86.7,98.0,-1.6,-0.3,1.08,GOOD
36265,2288,1969.0,-47.13137672253947,422.0,86.7,98.0,-1.6,-0.3,1.08,GOOD
36265,2289,1914.0,-79.5395137034136,422.0,86.7,98.0,-1.6,-0.3,1.08,GOOD
36265,2290,1913.0,-97.27422190308997,422.0,86.7,98.0,-1.6,-0.3,1.08,GOOD
36265,2291,1945.0,-95.48094788162712,422.0,86.7,98.0,-1.6,-0.3,1.08,GOOD
36265,2292,1938.0,-79.8280428887879,422.0,86.7,98.0,-1.6,-0.3,1.08,GOOD
36265,2293,1940.0,-68.38092427958131,422.0,86.7,98.0,-1.6,-0.3,1.08,GOOD
36265,2294,1900.0,-73.17289726550052,422.0,86.7,98.0,-1.6,-0.3,1.08,GOOD
36265,2295,1898.0,-86.45871173654635,422.0,86.7,98.0,-1.6,-0.3,1.08,GOOD
36265,2296,1895.0,-93.56516877763687,422.0,86.7,98.0,-1.6,-0.3,1.08,GOOD
36265,2297,2076.0,-86.01556390005533,422.0,86.7,98.0,-1.6,-0.3,1.08,GOOD
36265,2298,2050.0,-60.27505950361551,422.0,86.7,98.0,-1.6,-0.3,1.08,GOOD
36265,2299,2031.0,-22.521807457381176,422.0,86.7,98.0,-1.6,-0.3,1.08,GOOD
36265,2300,2031.0,14.198584574590866,422.0,86.7,98.0,-1.6,-0.3,1.08,GOOD
36377,2301,2078.0,44.85975073935543,422.0,86.7,98.0,-1.6,-0.4,1.08,GOOD
36377,2302,2089.0,68.06160669159185,422.0,86.7,98.0,-1.6,-0.4,1.08,GOOD
36377,2303,2087.0,77.35673099067402,422.0,86.7,98.0,-1.6,-0.4,1.08,GOOD
36377,2304,2095.0,73.06625243019202,422.0,86.7,98.0,-1.6,-0.4,1.08,GOOD
36377,2305,2024.0,67.55387420853589,423.0,86.7,98.0,-1.6,-0.4,1.08,GOOD
36377,2306,2052.0,67.62915090718082,423.0,86.7,98.0,-1.6,-0.4,1.08,GOOD
36377,2307,2054.0,66.6077341820662,423.0,86.7,98.0,-1.6,-0.4,1.08,GOOD
36377,2308,2063.0,56.611675797876906,423.0,86.7,98.0,-1.6,-0.4,1.08,GOOD
36377,2309,1889.0,34.30770152292352,423.0,86.7,98.0,-1.6,-0.4,1.08,GOOD
36377,2310,1926.0,0.26686652464417726,423.0,86.7,98.0,-1.6,-0.4,1.08,GOOD
36377,2311,1929.0,-34.9185712028247,423.0,86.7,98.0,-1.6,-0.4,1.08,GOOD
36377,2312,1906.0,-60.87793223007209,423.0,86.7,98.0,-1.6,-0.4,1.08,GOOD
36377,2313,1902.0,-82.4733066691886,423.0,86.7,98.0,-1.6,-0.4,1.08,GOOD
36377,2314,1914.0,-102.30870040073381,423.0,86.7,98.0,-1.6,-0.4,1.08,GOOD
36377,2315,1943.0,-107.08018098853987,423.0,86.7,98.0,-1.6,-0.4,1.08,GOOD
36377,2316,1913.0,-89.59708392200476,423.0,86.7,98.0,-1.6,-0.4,1.08,GOOD
36377,2317,2052.0,-61.628648000517956,423.0,86.7,98.0,-1.6,-0.4,1.08,GOOD
36377,2318,2030.0,-33.94739737226248,423.0,86.7,98.0,-1.6,-0.4,1.08,GOOD
36377,2319,2031.0,-7.287257954367253,423.0,86.7,98.0,-1.6,-0.4,1.08,GOOD
36377,2320,2023.0,18.654497387223472,423.0,86.7,98.0,-1.6,-0.4,1.08,GOOD
36377,2321,2133.0,45.44045979600934,423.0,86.7,98.0,-1.6,-0.4,1.08,GOOD
36377,2322,2131.0,74.49470054217342,423.0,86.7,98.0,-1.6,-0.4,1.08,GOOD
36377,2323,2132.0,99.78458867771838,423.0,86.7,98.0,-1.6,-0.4,1.08,GOOD
36377,2324,2150.0,116.06780480416634,423.0,86.7,98.0,-1.6,-0.4,1.08,GOOD
36377,2325,2039.0,125.72751588351707,423.0,86.7,98.0,-1.6,-0.4,1.08,GOOD
36473,2326,2058.0,125.02625386259605,423.0,86.7,98.0,-1.7,-0.3,1.08,GOOD
36473,2327,2045.0,105.76092880493152,423.0,86.7,98.0,-1.7,-0.3,1.08,GOOD
36473,2328,2065.0,72.22017956111263,423.0,86.7,98.0,-1.7,-0.3,1.08,GOOD
36473,2329,2041.0,41.18525944557677,423.0,86.7,98.0,-1.7,-0.3,1.08,GOOD
36473,2330,2058.0,28.703223311857155,423.0,86.7,98.0,-1.7,-0.3,1.08,GOOD
36473,2331,2053.0,36.84846458443689,423.0,86.7,98.0,-1.7,-0.3,1.08,GOOD
36473,2332,2025.0,50.137649605674184,423.0,86.7,98.0,-1.7,-0.3,1.08,GOOD
36473,2333,1887.0,44.18132900067069,424.0,86.7,98.0,-1.7,-0.3,1.08,GOOD
36473,2334,1905.0,6.304650864618171,424.0,86.7,98.0,-1.7,-0.3,1.08,GOOD
36473,2335,1924.0,-45.96150219525958,424.0,86.7,98.0,-1.7,-0.3,1.08,GOOD
36473,2336,1923.0,-82.6016209066647,424.0,86.7,98.0,-1.7,-0.3,1.08,GOOD
36473,2337,1998.0,-92.15062521447896,424.0,86.7,98.0,-1.7,-0.3,1.08,GOOD
36473,2338,1972.0,-79.66890273470781,424.0,86.7,98.0,-1.7,-0.3,1.08,GOOD
36473,2339,1982.0,-54.43728629410832,424.0,86.7,98.0,-1.7,-0.3,1.08,GOOD
36473,2340,1973.0,-27.103176185146367,424.0,86.7,98.0,-1.7,-0.3,1.08,GOOD
36473,2341,2115.0,-2.3686048379767257,424.0,86.7,98.0,-1.7,-0.3,1.08,GOOD
36473,2342,2104.0,24.37712356987076,424.0,86.7,98.0,-1.7,-0.3,1.08,GOOD
36473,2343,2092.0,54.18486258034242,424.0,86.7,98.0,-1.7,-0.3,1.08,GOOD
36473,2344,2123.0,81.43387829941118,424.0,86.7,98.0,-1.7,-0.3,1.08,GOOD
36473,2345,2034.0,101.69358591850805,424.0,86.7,98.0,-1.7,-0.3,1.08,GOOD
36473,2346,2034.0,105.48864395638134,424.0,86.7,98.0,-1.7,-0.3,1.08,GOOD
36473,2347,2031.0,84.54828633784945,424.0,86.7,98.0,-1.7,-0.3,1.08,GOOD
36473,2348,2042.0,49.51529532948631,424.0,86.7,98.0,-1.7,-0.3,1.08,GOOD
36473,2349,2251.0,31.22064275864678,424.0,86.7,98.0,-1.7,-0.3,1.08,GOOD
36473,2350,2302.0,63.34686753541982,424.0,86.7,98.0,-1.7,-0.3,1.08,GOOD
36571,2351,2313.0,145.5952828548604,424.0,85.3,98.0,-1.7,-0.3,1.08,GOOD
36571,2352,2336.0,237.38710136456743,424.0,85.3,98.0,-1.7,-0.3,1.08,GOOD
36571,2353,2629.0,313.18430444638665,424.0,85.3,98.0,-1.7,-0.3,1.08,GOOD
36571,2354,2588.0,388.9460858999894,424.0,85.3,98.0,-1.7,-0.3,1.08,GOOD
36571,2355,2589.0,471.0037824381726,424.0,85.3,98.0,-1.7,-0.3,1.08,GOOD
36571,2356,2555.0,532.6532358619615,424.0,85.3,98.0,-1.7,-0.3,1.08,GOOD
36571,2357,1774.0,523.327542565472,425.0,85.3,98.0,-1.7,-0.3,1.08,GOOD
36571,2358,1742.0,379.47595477337615,425.0,85.3,98.0,-1.7,-0.3,1.08,GOOD
36571,2359,1707.0,111.28116703230448,425.0,85.3,98.0,-1.7,-0.3,1.08,GOOD
36571,2360,1677.0,-171.90865414374423,425.0,85.3,98.0,-1.7,-0.3,1.08,GOOD
36571,2361,1990.0,-358.92232663323597,425.0,85.3,98.0,-1.7,-0.3,1.08,GOOD
36571,2362,1979.0,-390.8629064670259,425.0,85.3,98.0,-1.7,-0.3,1.08,GOOD
36571,2363,1996.0,-283.91502134916334,425.0,85.3,98.0,-1.7,-0.3,1.08,GOOD
36571,2364,2014.0,-126.03162340084384,425.0,85.3,98.0,-1.7,-0.3,1.08,GOOD
36571,2365,2133.0,-4.0693968196901285,425.0,85.3,98.0,-1.7,-0.3,1.08,GOOD
36571,2366,2132.0,53.15792569563263,425.0,85.3,98.0,-1.7,-0.3,1.08,GOOD
36571,2367,2149.0,67.07510012568522,425.0,85.3,98.0,-1.7,-0.3,1.08,GOOD
36571,2368,2165.0,74.99862516456724,425.0,85.3,98.0,-1.7,-0.3,1.08,GOOD
36571,2369,2036.0,92.8809329827086,425.0,85.3,98.0,-1.7,-0.3,1.08,GOOD
36571,2370,2036.0,98.26216411894109,425.0,85.3,98.0,-1.7,-0.3,1.08,GOOD
36571,2371,2035.0,67.02344530949856,425.0,85.3,98.0,-1.7,-0.3,1.08,GOOD
36571,2372,2053.0,14.288563343839126,425.0,85.3,98.0,-1.7,-0.3,1.08,GOOD
36571,2373,1982.0,-24.517394668402453,426.0,85.3,98.0,-1.7,-0.3,1.08,GOOD
36571,2374,1994.0,-35.50175698833881,426.0,85.3,98.0,-1.7,-0.3,1.08,GOOD
36571,2375,1981.0,-33.482566344597984,426.0,85.3,98.0,-1.7,-0.3,1.08,GOOD
36671,2376,1980.0,-39.13038246584594,426.0,85.3,98.0,-1.7,-0.3,1.08,GOOD
36671,2377,1982.0,-56.75950550595587,426.0,85.3,98.0,-1.7,-0.3,1.08,GOOD
36671,2378,1987.0,-71.16857506592535,426.0,85.3,98.0,-1.7,-0.3,1.08,GOOD
36671,2379,1993.0,-67.77536648349644,426.0,85.3,98.0,-1.7,-0.3,1.08,GOOD
36671,2380,1979.0,-52.525684827722394,426.0,85.3,98.0,-1.7,-0.3,1.08,GOOD
36671,2381,2171.0,-37.098108059923064,426.0,85.3,98.0,-1.7,-0.3,1.08,GOOD
36671,2382,2162.0,-12.713929281562317,426.0,85.3,98.0,-1.7,-0.3,1.08,GOOD
36671,2383,2170.0,32.94739397789791,426.0,85.3,98.0,-1.7,-0.3,1.08,GOOD
36671,2384,2176.0,90.00805678361485,426.0,85.3,98.0,-1.7,-0.3,1.08,GOOD
36671,2385,2198.0,137.12902765952472,426.0,85.3,98.0,-1.7,-0.3,1.08,GOOD
36671,2386,2179.0,158.43551469054216,426.0,85.3,98.0,-1.7,-0.3,1.08,GOOD
36671,2387,2172.0,151.5762387659236,426.0,85.3,98.0,-1.7,-0.3,1.08,GOOD
36671,2388,2199.0,132.2463891844867,426.0,85.3,98.0,-1.7,-0.3,1.08,GOOD
36671,2389,2171.0,121.93526872843414,427.0,85.3,98.0,-1.7,-0.3,1.08,GOOD
36671,2390,2197.0,125.48562145241758,427.0,85.3,98.0,-1.7,-0.3,1.08,GOOD
36671,2391,2189.0,130.95449523959473,427.0,85.3,98.0,-1.7,-0.3,1.08,GOOD
36671,2392,2214.0,129.8165642366808,427.0,85.3,98.0,-1.7,-0.3,1.08,GOOD
36671,2393,2166.0,125.38955182942351,427.0,85.3,98.0,-1.7,-0.3,1.08,GOOD
36671,2394,2163.0,122.36455074111974,427.0,85.3,98.0,-1.7,-0.3,1.08,GOOD
36671,2395,2166.0,118.77233473542319,427.0,85.3,98.0,-1.7,-0.3,1.08,GOOD
36671,2396,2135.0,109.00194695235369,427.0,85.3,98.0,-1.7,-0.3,1.08,GOOD
36671,2397,2268.0,95.26587288281237,427.0,85.3,98.0,-1.7,-0.3,1.08,GOOD
36671,2398,2251.0,95.03706578225241,427.0,85.3,98.0,-1.7,-0.3,1.08,GOOD
36671,2399,2275.0,120.18171990567294,427.0,85.3,98.0,-1.7,-0.3,1.08,GOOD
36671,2400,2263.0,158.33605177064095,427.0,85.3,98.0,-1.7,-0.3,1.08,GOOD
36781,2401,2380.0,191.74511098195256,427.0,85.3,98.0,-1.7,-0.3,1.08,GOOD
36781,2402,2364.0,217.59710653688296,427.0,85.3,98.0,-1.7,-0.3,1.08,GOOD
36781,2403,2359.0,239.10342375305322,427.0,85.3,98.0,-1.7,-0.3,1.08,GOOD
36781,2404,2400.0,256.48962015827396,427.0,85.3,98.0,-1.7,-0.3,1.08,GOOD
36781,2405,2423.0,272.9757892818135,427.0,85.3,98.0,-1.7,-0.3,1.08,GOOD
36781,2406,2419.0,289.83778674128257,427.0,85.3,98.0,-1.7,-0.3,1.08,GOOD
36781,2407,2420.0,300.23168702424044,427.0,85.3,98.0,-1.7,-0.3,1.08,GOOD
36781,2408,2445.0,300.92272715865704,427.0,85.3,98.0,-1.7,-0.3,1.08,GOOD
36781,2409,2226.0,290.8460442225287,428.0,85.3,98.0,-1.7,-0.3,1.08,GOOD
36781,2410,2223.0,257.37915824992194,428.0,85.3,98.0,-1.7,-0.3,1.08,GOOD
36781,2411,2202.0,195.1282638336896,428.0,85.3,98.0,-1.7,-0.3,1.08,GOOD
36781,2412,2206.0,123.12731622690666,428.0,85.3,98.0,-1.7,-0.3,1.08,GOOD
36781,2413,2007.0,57.88405110937104,428.0,85.3,98.0,-1.7,-0.3,1.08,GOOD
36781,2414,2019.0,-3.7757381933368226,428.0,85.3,98.0,-1.7,-0.3,1.08,GOOD
36781,2415,2010.0,-61.447621748555186,428.0,85.3,98.0,-1.7,-0.3,1.08,GOOD
36781,2416,1959.0,-105.89998458073813,428.0,85.3,98.0,-1.7,-0.3,1.08,GOOD
36781,2417,1856.0,-143.64908948010114,429.0,85.3,98.0,-1.7,-0.3,1.08,GOOD
36781,2418,1882.0,-188.654503909899,429.0,85.3,98.0,-1.7,-0.3,1.08,GOOD
36781,2419,1905.0,-231.86057306806927,429.0,85.3,98.0,-1.7,-0.3,1.08,GOOD
36781,2420,1880.0,-252.3072517308244,429.0,85.3,98.0,-1.7,-0.3,1.08,GOOD
36781,2421,1965.0,-246.75325853584187,429.0,85.3,98.0,-1.7,-0.3,1.08,GOOD
36781,2422,1948.0,-225.90236733365424,429.0,85.3,98.0,-1.7,-0.3,1.08,GOOD
36781,2423,1966.0,-200.1230172632807,429.0,85.3,98.0,-1.7,-0.3,1.08,GOOD
36781,2424,1972.0,-175.2989441879377,429.0,85.3,98.0,-1.7,-0.3,1.08,GOOD
36781,2425,2058.0,-149.75416230196754,430.0,85.3,98.0,-1.7,-0.3,1.08,GOOD
36877,2426,2021.0,-121.04862448859043,430.0,85.3,98.0,-1.6,-0.2,1.07,GOOD
36877,2427,2010.0,-97.31881277622065,430.0,85.3,98.0,-1.6,-0.2,1.07,GOOD
36877,2428,2033.0,-87.51686027411375,430.0,85.3,98.0,-1.6,-0.2,1.07,GOOD
36877,2429,1958.0,-88.70410301957203,430.0,85.3,98.0,-1.6,-0.2,1.07,GOOD
36877,2430,1947.0,-97.86123126817446,430.0,85.3,98.0,-1.6,-0.2,1.07,GOOD
36877,2431,1919.0,-117.79310249624086,430.0,85.3,98.0,-1.6,-0.2,1.07,GOOD
36877,2432,1938.0,-145.8662232085079,430.0,85.3,98.0,-1.6,-0.2,1.07,GOOD
36877,2433,1904.0,-171.88021540104853,431.0,85.3,98.0,-1.6,-0.2,1.07,GOOD
36877,2434,1940.0,-186.01596142565842,431.0,85.3,98.0,-1.6,-0.2,1.07,GOOD
36877,2435,1929.0,-184.6688181087155,431.0,85.3,98.0,-1.6,-0.2,1.07,GOOD
36877,2436,1907.0,-174.27116482758782,431.0,85.3,98.0,-1.6,-0.2,1.07,GOOD
36877,2437,1855.0,-169.72875001224992,431.0,85.3,98.0,-1.6,-0.2,1.07,GOOD
36877,2438,1879.0,-180.08243135809917,431.0,85.3,98.0,-1.6,-0.2,1.07,GOOD
36877,2439,1890.0,-197.11740086672688,431.0,85.3,98.0,-1.6,-0.2,1.07,GOOD
36877,2440,1878.0,-206.8306319358639,431.0,85.3,98.0,-1.6,-0.2,1.07,GOOD
36877,2441,1890.0,-205.98348712859354,432.0,85.3,98.0,-1.6,-0.2,1.07,GOOD
36877,2442,1893.0,-199.0989514380716,432.0,85.3,98.0,-1.6,-0.2,1.07,GOOD
36877,2443,1903.0,-189.3217664126892,432.0,85.3,98.0,-1.6,-0.2,1.07,GOOD
36877,2444,1912.0,-177.88336312702776,432.0,85.3,98.0,-1.6,-0.2,1.07,GOOD
36877,2445,2047.0,-160.99374398942132,432.0,85.3,98.0,-1.6,-0.2,1.07,GOOD
36877,2446,1999.0,-130.89018174024267,432.0,85.3,98.0,-1.6,-0.2,1.07,GOOD
36877,2447,2008.0,-92.01969309730349,432.0,85.3,98.0,-1.6,-0.2,1.07,GOOD
36877,2448,2034.0,-58.93767095861244,432.0,85.3,98.0,-1.6,-0.2,1.07,GOOD
36877,2449,1956.0,-40.379253739076745,433.0,85.3,98.0,-1.6,-0.2,1.07,GOOD
36877,2450,1957.0,-41.9175705085307,433.0,85.3,98.0,-1.6,-0.2,1.07,GOOD
36977,2451,1942.0,-63.26595954940659,433.0,85.3,98.0,-1.7,-0.2,1.07,GOOD
36977,2452,1960.0,-90.92484355214965,433.0,85.3,98.0,-1.7,-0.2,1.07,GOOD
36977,2453,1951.0,-108.87036857234447,433.0,85.3,98.0,-1.7,-0.2,1.07,GOOD
36977,2454,1975.0,-111.05463878393303,433.0,85.3,98.0,-1.7,-0.2,1.07,GOOD
36977,2455,1958.0,-102.09405487809286,433.0,85.3,98.0,-1.7,-0.2,1.07,GOOD
36977,2456,1938.0,-92.14387183143471,433.0,85.3,98.0,-1.7,-0.2,1.07,GOOD
36977,2457,1879.0,-91.79196345245069,434.0,85.3,98.0,-1.7,-0.2,1.07,GOOD
36977,2458,1912.0,-104.90181450211048,434.0,85.3,98.0,-1.7,-0.2,1.07,GOOD
36977,2459,1925.0,-122.98181609897003,434.0,85.3,98.0,-1.7,-0.2,1.07,GOOD
36977,2460,1917.0,-133.89691903911964,434.0,85.3,98.0,-1.7,-0.2,1.07,GOOD
36977,2461,1842.0,-137.4926641336405,434.0,85.3,98.0,-1.7,-0.2,1.07,GOOD
36977,2462,1843.0,-143.7333558065812,434.0,85.3,98.0,-1.7,-0.2,1.07,GOOD
36977,2463,1862.0,-155.87604594669943,434.0,85.3,98.0,-1.7,-0.2,1.07,GOOD
36977,2464,1881.0,-166.56589732417766,434.0,85.3,98.0,-1.7,-0.2,1.07,GOOD
36977,2465,2039.0,-163.33238072660922,434.0,85.3,98.0,-1.7,-0.2,1.07,GOOD
36977,2466,2012.0,-132.97519128912197,434.0,85.3,98.0,-1.7,-0.2,1.07,GOOD
36977,2467,2012.0,-78.82377694521351,434.0,85.3,98.0,-1.7,-0.2,1.07,GOOD
36977,2468,2027.0,-23.812705002245,434.0,85.3,98.0,-1.7,-0.2,1.07,GOOD
36977,2469,2040.0,12.709500005586143,435.0,85.3,98.0,-1.7,-0.2,1.07,GOOD
36977,2470,2044.0,25.906756623418335,435.0,85.3,98.0,-1.7,-0.2,1.07,GOOD
36977,2471,2034.0,21.96659449939444,435.0,85.3,98.0,-1.7,-0.2,1.07,GOOD
36977,2472,2059.0,14.494168188202064,435.0,85.3,98.0,-1.7,-0.2,1.07,GOOD
36977,2473,1978.0,13.06048184270886,435.0,85.3,98.0,-1.7,-0.2,1.07,GOOD
36977,2474,2000.0,11.752272874537717,435.0,85.3,98.0,-1.7,-0.2,1.07,GOOD
36977,2475,1990.0,0.7002925148988925,435.0,85.3,98.0,-1.7,-0.2,1.07,GOOD
37075,2476,1955.0,-19.1997635467716,435.0,85.3,98.0,-1.7,-0.2,1.08,GOOD
37075,2477,1914.0,-41.95077029205394,435.0,85.3,98.0,-1.7,-0.2,1.08,GOOD
37075,2478,1936.0,-62.21407663141338,435.0,85.3,98.0,-1.7,-0.2,1.08,GOOD
37075,2479,1944.0,-75.0314309120382,435.0,85.3,98.0,-1.7,-0.2,1.08,GOOD
37075,2480,1913.0,-81.09167661051623,435.0,85.3,98.0,-1.7,-0.2,1.08,GOOD
37075,2481,1886.0,-87.93711681922127,435.0,85.3,98.0,-1.7,-0.2,1.08,GOOD
37075,2482,1886.0,-98.96461995846963,435.0,85.3,98.0,-1.7,-0.2,1.08,GOOD
37075,2483,1897.0,-108.27680152764876,435.0,85.3,98.0,-1.7,-0.2,1.08,GOOD
37075,2484,1909.0,-110.548912917135,435.0,85.3,98.0,-1.7,-0.2,1.08,GOOD
37075,2485,2059.0,-102.06411165824544,436.0,85.3,98.0,-1.7,-0.2,1.08,GOOD
37075,2486,2027.0,-74.82961749432413,436.0,85.3,98.0,-1.7,-0.2,1.08,GOOD
37075,2487,2048.0,-29.458612445290438,436.0,85.3,98.0,-1.7,-0.2,1.08,GOOD
37075,2488,2061.0,19.21844065117481,436.0,85.3,98.0,-1.7,-0.2,1.08,GOOD
37075,2489,2099.0,57.62209722842318,436.0,85.3,98.0,-1.7,-0.2,1.08,GOOD
37075,2490,2076.0,79.25991606552955,436.0,85.3,98.0,-1.7,-0.2,1.08,GOOD
37075,2491,2048.0,81.92786072298908,436.0,85.3,98.0,-1.7,-0.2,1.08,GOOD
37075,2492,2063.0,71.33343319512758,436.0,85.3,98.0,-1.7,-0.2,1.08,GOOD
37075,2493,2006.0,58.627767838689635,436.0,85.3,98.0,-1.7,-0.2,1.08,GOOD
37075,2494,2023.0,46.952118250705446,436.0,85.3,98.0,-1.7,-0.2,1.08,GOOD
37075,2495,1989.0,31.140908760376092,436.0,85.3,98.0,-1.7,-0.2,1.08,GOOD
37075,2496,1986.0,9.777820282630342,436.0,85.3,98.0,-1.7,-0.2,1.08,GOOD
37075,2497,1938.0,-12.107002262527683,436.0,85.3,98.0,-1.7,-0.2,1.08,GOOD
37075,2498,1985.0,-27.841682544779015,436.0,85.3,98.0,-1.7,-0.2,1.08,GOOD
37075,2499,1976.0,-33.53993495563094,436.0,85.3,98.0,-1.7,-0.2,1.08,GOOD
37075,2500,1971.0,-32.5095700319371,436.0,85.3,98.0,-1.7,-0.2,1.08,GOOD
37187,2501,1967.0,-31.95585499784186,436.0,85.3,98.0,-1.7,-0.2,1.09,GOOD
37187,2502,1974.0,-32.44684098650883,436.0,85.3,98.0,-1.7,-0.2,1.09,GOOD
37187,2503,1984.0,-28.91180687307351,436.0,85.3,98.0,-1.7,-0.2,1.09,GOOD
37187,2504,1996.0,-20.61944253279158,436.0,85.3,98.0,-1.7,-0.2,1.09,GOOD
37187,2505,1962.0,-13.914067746068852,436.0,85.3,98.0,-1.7,-0.2,1.09,GOOD
37187,2506,1931.0,-16.473593785275156,436.0,85.3,98.0,-1.7,-0.2,1.09,GOOD
37187,2507,1939.0,-28.537756966104,436.0,85.3,98.0,-1.7,-0.2,1.09,GOOD
37187,2508,1958.0,-41.13318611046091,436.0,85.3,98.0,-1.7,-0.2,1.09,GOOD
37187,2509,2184.0,-37.64414722884546,436.0,85.3,98.0,-1.7,-0.2,1.09,GOOD
37187,2510,2152.0,-0.6460047730561524,436.0,85.3,98.0,-1.7,-0.2,1.09,GOOD
37187,2511,2139.0,63.71995300681869,436.0,85.3,98.0,-1.7,-0.2,1.09,GOOD
37187,2512,2156.0,126.40620718022961,436.0,85.3,98.0,-1.7,-0.2,1.09,GOOD
37187,2513,2176.0,168.1259019473129,436.0,85.3,98.0,-1.7,-0.2,1.09,GOOD
37187,2514,2170.0,185.66678439733528,436.0,85.3,98.0,-1.7,-0.2,1.09,GOOD
37187,2515,2154.0,180.52772425890683,436.0,85.3,98.0,-1.7,-0.2,1.09,GOOD
37187,2516,2177.0,162.36882049711443,436.0,85.3,98.0,-1.7,-0.2,1.09,GOOD
37187,2517,1943.0,140.63190743358655,436.0,85.3,98.0,-1.7,-0.2,1.09,GOOD
37187,2518,1978.0,106.49251503967164,436.0,85.3,98.0,-1.7,-0.2,1.09,GOOD
37187,2519,1959.0,52.236901559023444,436.0,85.3,98.0,-1.7,-0.2,1.09,GOOD
37187,2520,1942.0,-9.26390554801371,436.0,85.3,98.0,-1.7,-0.2,1.09,GOOD
37187,2521,1908.0,-60.89416398596739,436.0,85.3,98.0,-1.7,-0.2,1.09,GOOD
37187,2522,1937.0,-90.5443250010207,436.0,85.3,98.0,-1.7,-0.2,1.09,GOOD
37187,2523,1989.0,-90.48537276843484,436.0,85.3,98.0,-1.7,-0.2,1.09,GOOD
37187,2524,1949.0,-67.70420004173698,436.0,85.3,98.0,-1.7,-0.2,1.09,GOOD
37187,2525,1906.0,-47.680882837571865,435.0,85.3,98.0,-1.7,-0.2,1.09,GOOD
37282,2526,1893.0,-50.9416172056296,435.0,83.4,98.0,-1.6,-0.3,1.08,GOOD
37282,2527,1907.0,-70.57860054370182,435.0,83.4,98.0,-1.6,-0.3,1.08,GOOD
37282,2528,1922.0,-85.83429494521572,435.0,83.4,98.0,-1.6,-0.3,1.08,GOOD
37282,2529,2144.0,-79.7552342804932,435.0,83.4,98.0,-1.6,-0.3,1.08,GOOD
37282,2530,2118.0,-40.709233841653194,435.0,83.4,98.0,-1.6,-0.3,1.08,GOOD
37282,2531,2121.0,24.46442413016992,435.0,83.4,98.0,-1.6,-0.3,1.08,GOOD
37282,2532,2141.0,91.176278637266,435.0,83.4,98.0,-1.6,-0.3,1.08,GOOD
37282,2533,2540.0,156.37033985730807,435.0,83.4,98.0,-1.6,-0.3,1.08,GOOD
37282,2534,2578.0,247.33204557248865,435.0,83.4,98.0,-1.6,-0.3,1.08,GOOD
37282,2535,2601.0,368.01060248071366,435.0,83.4,98.0,-1.6,-0.3,1.08,GOOD
37282,2536,2665.0,485.6937822878698,435.0,83.4,98.0,-1.6,-0.3,1.08,GOOD
37282,2537,2660.0,577.6546666685404,435.0,83.4,98.0,-1.6,-0.3,1.08,GOOD
37282,2538,2636.0,635.5890645069924,435.0,83.4,98.0,-1.6,-0.3,1.08,GOOD
37282,2539,2596.0,646.1004495303196,435.0,83.4,98.0,-1.6,-0.3,1.08,GOOD
37282,2540,2562.0,606.4306688007415,435.0,83.4,98.0,-1.6,-0.3,1.08,GOOD
37282,2541,1571.0,503.41440996982845,435.0,83.4,98.0,-1.6,-0.3,1.08,GOOD
37282,2542,1613.0,289.9025450383028,435.0,83.4,98.0,-1.6,-0.3,1.08,GOOD
37282,2543,1582.0,-19.395781605374175,435.0,83.4,98.0,-1.6,-0.3,1.08,GOOD
37282,2544,1541.0,-318.4909989498413,435.0,83.4,98.0,-1.6,-0.3,1.08,GOOD
37282,2545,1856.0,-512.2210523298859,435.0,83.4,98.0,-1.6,-0.3,1.08,GOOD
37282,2546,1913.0,-547.0549568001933,435.0,83.4,98.0,-1.6,-0.3,1.08,GOOD
37282,2547,1962.0,-423.57609140770325,435.0,83.4,98.0,-1.6,-0.3,1.08,GOOD
37282,2548,1944.0,-225.4846782026806,435.0,83.4,98.0,-1.6,-0.3,1.08,GOOD
37282,2549,2091.0,-63.85392312875342,435.0,83.4,98.0,-1.6,-0.3,1.08,GOOD
37282,2550,2050.0,8.370397496890483,435.0,83.4,98.0,-1.6,-0.3,1.08,GOOD
37381,2551,2091.0,14.286554033752681,435.0,83.4,98.0,-1.7,-0.3,1.07,GOOD
37381,2552,2152.0,12.722219910104567,435.0,83.4,98.0,-1.7,-0.3,1.07,GOOD
37381,2553,2153.0,42.72764495299769,435.0,83.4,98.0,-1.7,-0.3,1.07,GOOD
37381,2554,2092.0,86.84090764429021,435.0,83.4,98.0,-1.7,-0.3,1.07,GOOD
37381,2555,2090.0,100.23045308583374,435.0,83.4,98.0,-1.7,-0.3,1.07,GOOD
37381,2556,2020.0,72.0481494617818,434.0,83.4,98.0,-1.7,-0.3,1.07,GOOD
37381,2557,2074.0,33.265000159911416,434.0,83.4,98.0,-1.7,-0.3,1.07,GOOD
37381,2558,2059.0,14.660588515050922,434.0,83.4,98.0,-1.7,-0.3,1.07,GOOD
37381,2559,2017.0,12.60685595148265,434.0,83.4,98.0,-1.7,-0.3,1.07,GOOD
37381,2560,1965.0,0.0658751277384555,434.0,83.4,98.0,-1.7,-0.3,1.07,GOOD
37381,2561,1992.0,-30.842948871160594,434.0,83.4,98.0,-1.7,-0.3,1.07,GOOD
37381,2562,2038.0,-55.32255929279372,434.0,83.4,98.0,-1.7,-0.3,1.07,GOOD
37381,2563,2032.0,-51.71172038224341,434.0,83.4,98.0,-1.7,-0.3,1.07,GOOD
37381,2564,2021.0,-31.732921632101288,434.0,83.4,98.0,-1.7,-0.3,1.07,GOOD
37381,2565,2011.0,-20.966002046963187,434.0,83.4,98.0,-1.7,-0.3,1.07,GOOD
37381,2566,2052.0,-23.07385492757701,434.0,83.4,98.0,-1.7,-0.3,1.07,GOOD
37381,2567,2067.0,-20.264553831783413,434.0,83.4,98.0,-1.7,-0.3,1.07,GOOD
37381,2568,2166.0,0.34758554580190504,434.0,83.4,98.0,-1.7,-0.3,1.07,GOOD
37381,2569,2099.0,32.602052275938206,434.0,83.4,98.0,-1.7,-0.3,1.07,GOOD
37381,2570,2089.0,57.41385564363356,434.0,83.4,98.0,-1.7,-0.3,1.07,GOOD
37381,2571,2113.0,64.93496291964351,434.0,83.4,98.0,-1.7,-0.3,1.07,GOOD
37381,2572,2291.0,71.8819079283212,434.0,83.4,98.0,-1.7,-0.3,1.07,GOOD
37381,2573,2297.0,102.63216366439396,434.0,83.4,98.0,-1.7,-0.3,1.07,GOOD
37381,2574,2267.0,153.41633266107368,434.0,83.4,98.0,-1.7,-0.3,1.07,GOOD
37381,2575,2273.0,197.59041573783435,434.0,83.4,98.0,-1.7,-0.3,1.07,GOOD
37492,2576,2262.0,221.39629970442257,434.0,83.4,98.0,-1.7,-0.2,1.08,GOOD
37492,2577,2301.0,229.1979366894915,434.0,83.4,98.0,-1.7,-0.2,1.08,GOOD
37492,2578,2291.0,226.34720031236807,434.0,83.4,98.0,-1.7,-0.2,1.08,GOOD
37492,2579,2269.0,214.6670865238379,434.0,83.4,98.0,-1.7,-0.2,1.08,GOOD
37492,2580,2229.0,197.7644541991127,434.0,83.4,98.0,-1.7,-0.2,1.08,GOOD
37492,2581,2271.0,183.74496930247395,434.0,83.4,98.0,-1.7,-0.2,1.08,GOOD
37492,2582,2300.0,179.8343864552342,434.0,83.4,98.0,-1.7,-0.2,1.08,GOOD
37492,2583,2284.0,183.25095775300807,434.0,83.4,98.0,-1.7,-0.2,1.08,GOOD
37492,2584,2284.0,184.33843200817216,434.0,83.4,98.0,-1.7,-0.2,1.08,GOOD
37492,2585,2284.0,182.14688841086453,434.0,83.4,98.0,-1.7,-0.2,1.08,GOOD
37492,2586,2321.0,185.58697367690223,434.0,83.4,98.0,-1.7,-0.2,1.08,GOOD
37492,2587,2351.0,198.24868120889494,434.0,83.4,98.0,-1.7,-0.2,1.08,GOOD
37492,2588,2392.0,214.06634924539838,433.0,83.4,98.0,-1.7,-0.2,1.08,GOOD
37492,2589,2336.0,226.3732142547995,433.0,83.4,98.0,-1.7,-0.2,1.08,GOOD
37492,2590,2324.0,232.52568812957838,433.0,83.4,98.0,-1.7,-0.2,1.08,GOOD
37492,2591,2341.0,233.28362971885076,433.0,83.4,98.0,-1.7,-0.2,1.08,GOOD
37492,2592,2337.0,229.14631500812504,433.0,83.4,98.0,-1.7,-0.2,1.08,GOOD
37492,2593,2304.0,215.65861969241428,433.0,83.4,98.0,-1.7,-0.2,1.08,GOOD
37492,2594,2293.0,191.1492826034036,433.0,83.4,98.0,-1.7,-0.2,1.08,GOOD
37492,2595,2308.0,167.24475809062676,433.0,83.4,98.0,-1.7,-0.2,1.08,GOOD
37492,2596,2095.0,149.5977335078959,433.0,83.4,98.0,-1.7,-0.2,1.08,GOOD
37492,2597,2120.0,117.6409639360015,433.0,83.4,98.0,-1.7,-0.2,1.08,GOOD
37492,2598,2106.0,57.29388125727542,433.0,83.4,98.0,-1.7,-0.2,1.08,GOOD
37492,2599,2075.0,-11.857241499716714,433.0,83.4,98.0,-1.7,-0.2,1.08,GOOD
37492,2600,1882.0,-69.72544901423078,433.0,83.4,98.0,-1.7,-0.2,1.08,GOOD
37593,2601,1909.0,-120.64634074747202,433.0,83.4,98.0,-1.6,-0.2,1.08,GOOD
37593,2602,1931.0,-169.89054670091747,433.0,83.4,98.0,-1.6,-0.2,1.08,GOOD
37593,2603,1905.0,-210.43434952307183,433.0,83.4,98.0,-1.6,-0.2,1.08,GOOD
37593,2604,1821.0,-240.66547331444275,433.0,83.4,98.0,-1.6,-0.2,1.08,GOOD
37593,2605,1851.0,-264.18555355413895,433.0,83.4,98.0,-1.6,-0.2,1.08,GOOD
37593,2606,1869.0,-275.58791477069053,433.0,83.4,98.0,-1.6,-0.2,1.08,GOOD
37593,2607,1864.0,-271.3874814786726,433.0,83.4,98.0,-1.6,-0.2,1.08,GOOD
37593,2608,1910.0,-261.3641017416214,433.0,83.4,98.0,-1.6,-0.2,1.08,GOOD
37593,2609,1870.0,-253.5247872433432,433.0,83.4,98.0,-1.6,-0.2,1.08,GOOD
37593,2610,1885.0,-244.96545069965916,433.0,83.4,98.0,-1.6,-0.2,1.08,GOOD
37593,2611,1919.0,-230.00271227311228,433.0,83.4,98.0,-1.6,-0.2,1.08,GOOD
37593,2612,1986.0,-207.10024837452966,433.0,83.4,98.0,-1.6,-0.2,1.08,GOOD
37593,2613,1975.0,-181.01570209350348,433.0,83.4,98.0,-1.6,-0.2,1.08,GOOD
37593,2614,1955.0,-159.1720429818443,433.0,83.4,98.0,-1.6,-0.2,1.08,GOOD
37593,2615,1964.0,-143.3920275204157,433.0,83.4,98.0,-1.6,-0.2,1.08,GOOD
37593,2616,2027.0,-127.38597867692725,433.0,83.4,98.0,-1.6,-0.2,1.08,GOOD
37593,2617,2033.0,-107.09561770335863,433.0,83.4,98.0,-1.6,-0.2,1.08,GOOD
37593,2618,2017.0,-89.46101936958169,433.0,83.4,98.0,-1.6,-0.2,1.08,GOOD
37593,2619,2007.0,-82.0352571641457,433.0,83.4,98.0,-1.6,-0.2,1.08,GOOD
37593,2620,1890.0,-84.75927787671819,432.0,83.4,98.0,-1.6,-0.2,1.08,GOOD
37593,2621,1922.0,-98.71603495328397,432.0,83.4,98.0,-1.6,-0.2,1.08,GOOD
37593,2622,1926.0,-124.44775123181174,432.0,83.4,98.0,-1.6,-0.2,1.08,GOOD
37593,2623,1905.0,-155.3147264981806,432.0,83.4,98.0,-1.6,-0.2,1.08,GOOD
37593,2624,1856.0,-183.04207861309823,432.0,83.4,98.0,-1.6,-0.2,1.08,GOOD
37593,2625,1886.0,-199.6883128104887,432.0,83.4,98.0,-1.6,-0.2,1.08,GOOD
37691,2626,1920.0,-198.41047190898746,432.0,83.4,98.0,-1.6,-0.3,1.08,GOOD
37691,2627,1927.0,-182.73951119960208,432.0,83.4,98.0,-1.6,-0.3,1.08,GOOD
37691,2628,1900.0,-167.72826736857263,432.0,83.4,98.0,-1.6,-0.3,1.08,GOOD
37691,2629,1885.0,-163.56052637311882,432.0,83.4,98.0,-1.6,-0.3,1.08,GOOD
37691,2630,1883.0,-165.18498325485513,432.0,83.4,98.0,-1.6,-0.3,1.08,GOOD
37691,2631,1901.0,-163.82440841532946,432.0,83.4,98.0,-1.6,-0.3,1.08,GOOD
37691,2632,1957.0,-158.3822582006839,432.0,83.4,98.0,-1.6,-0.3,1.08,GOOD
37691,2633,1917.0,-151.82285124976667,432.0,83.4,98.0,-1.6,-0.3,1.08,GOOD
37691,2634,1895.0,-146.2489085367357,432.0,83.4,98.0,-1.6,-0.3,1.08,GOOD
37691,2635,1915.0,-140.36922424136216,432.0,83.4,98.0,-1.6,-0.3,1.08,GOOD
37691,2636,2070.0,-125.65366715615208,432.0,83.4,98.0,-1.6,-0.3,1.08,GOOD
37691,2637,2079.0,-93.12028774873366,432.0,83.4,98.0,-1.6,-0.3,1.08,GOOD
37691,2638,2063.0,-49.153830742871364,432.0,83.4,98.0,-1.6,-0.3,1.08,GOOD
37691,2639,2063.0,-9.692605403716662,432.0,83.4,98.0,-1.6,-0.3,1.08,GOOD
37691,2640,1982.0,16.09995062476674,432.0,83.4,98.0,-1.6,-0.3,1.08,GOOD
37691,2641,2016.0,21.89075799467122,432.0,83.4,98.0,-1.6,-0.3,1.08,GOOD
37691,2642,2019.0,4.812739662408559,432.0,83.4,98.0,-1.6,-0.3,1.08,GOOD
37691,2643,2012.0,-25.020273322788334,432.0,83.4,98.0,-1.6,-0.3,1.08,GOOD
37691,2644,1895.0,-53.09752136799854,431.0,83.4,98.0,-1.6,-0.3,1.08,GOOD
37691,2645,1918.0,-73.96071138907892,431.0,83.4,98.0,-1.6,-0.3,1.08,GOOD
37691,2646,1927.0,-88.96962166313983,431.0,83.4,98.0,-1.6,-0.3,1.08,GOOD
37691,2647,1914.0,-102.55819549730694,431.0,83.4,98.0,-1.6,-0.3,1.08,GOOD
37691,2648,1897.0,-120.17121198855872,431.0,83.4,98.0,-1.6,-0.3,1.08,GOOD
37691,2649,1914.0,-136.65330118779872,431.0,83.4,98.0,-1.6,-0.3,1.08,GOOD
37691,2650,1927.0,-137.2441265450912,431.0,83.4,98.0,-1.6,-0.3,1.08,GOOD
37786,2651,1938.0,-119.13792255005765,431.0,83.4,98.0,-1.6,-0.1,1.07,GOOD
37786,2652,2013.0,-95.81388676378045,431.0,83.4,98.0,-1.6,-0.1,1.07,GOOD
37786,2653,1973.0,-77.41468966878558,431.0,83.4,98.0,-1.6,-0.1,1.07,GOOD
37786,2654,1965.0,-63.5274226787505,431.0,83.4,98.0,-1.6,-0.1,1.07,GOOD
37786,2655,1966.0,-50.851529311554714,431.0,83.4,98.0,-1.6,-0.1,1.07,GOOD
37786,2656,2064.0,-36.3541189814359,431.0,83.4,98.0,-1.6,-0.1,1.07,GOOD
37786,2657,2037.0,-19.698825162341215,431.0,83.4,98.0,-1.6,-0.1,1.07,GOOD
37786,2658,2017.0,-6.683538860923283,431.0,83.4,98.0,-1.6,-0.1,1.07,GOOD
37786,2659,2010.0,-1.114596512011989,431.0,83.4,98.0,-1.6,-0.1,1.07,GOOD
37786,2660,2015.0,2.6115576911088945,431.0,83.4,98.0,-1.6,-0.1,1.07,GOOD
37786,2661,2025.0,7.853938064597159,431.0,83.4,98.0,-1.6,-0.1,1.07,GOOD
37786,2662,2022.0,8.18417543775163,431.0,83.4,98.0,-1.6,-0.1,1.07,GOOD
37786,2663,2020.0,-0.22047832201036766,431.0,83.4,98.0,-1.6,-0.1,1.07,GOOD
37786,2664,1974.0,-10.47366723136396,431.0,83.4,98.0,-1.6,-0.1,1.07,GOOD
37786,2665,2004.0,-14.439679914737145,431.0,83.4,98.0,-1.6,-0.1,1.07,GOOD
37786,2666,2009.0,-12.177931273251373,431.0,83.4,98.0,-1.6,-0.1,1.07,GOOD
37786,2667,2007.0,-10.912693774766609,431.0,83.4,98.0,-1.6,-0.1,1.07,GOOD
37786,2668,1884.0,-20.284578938555242,431.0,83.4,98.0,-1.6,-0.1,1.07,GOOD
37786,2669,1896.0,-44.46540394154425,431.0,83.4,98.0,-1.6,-0.1,1.07,GOOD
37786,2670,1902.0,-74.00682818272429,431.0,83.4,98.0,-1.6,-0.1,1.07,GOOD
37786,2671,1897.0,-96.2810269990269,431.0,83.4,98.0,-1.6,-0.1,1.07,GOOD
37786,2672,2025.0,-106.1824769637084,430.0,83.4,98.0,-1.6,-0.1,1.07,GOOD
37786,2673,1999.0,-96.67681216864091,430.0,83.4,98.0,-1.6,-0.1,1.07,GOOD
37786,2674,2002.0,-64.28882167201229,430.0,83.4,98.0,-1.6,-0.1,1.07,GOOD
37786,2675,2010.0,-21.368543727831124,430.0,83.4,98.0,-1.6,-0.1,1.07,GOOD
37901,2676,2106.0,16.32836834367934,430.0,83.4,98.0,-1.7,-0.2,1.08,GOOD
37901,2677,2080.0,42.439239797209964,430.0,83.4,98.0,-1.7,-0.2,1.08,GOOD
37901,2678,2065.0,56.34055940027684,430.0,83.4,98.0,-1.7,-0.2,1.08,GOOD
37901,2679,2069.0,61.799470187187374,430.0,83.4,98.0,-1.7,-0.2,1.08,GOOD
37901,2680,2121.0,68.81544867623676,430.0,83.4,98.0,-1.7,-0.2,1.08,GOOD
37901,2681,2082.0,81.22674192607144,430.0,83.4,98.0,-1.7,-0.2,1.08,GOOD
37901,2682,2085.0,88.01093064002268,430.0,83.4,98.0,-1.7,-0.2,1.08,GOOD
37901,2683,2096.0,81.93468610454097,430.0,83.4,98.0,-1.7,-0.2,1.08,GOOD
37901,2684,1985.0,69.63271534923174,430.0,83.4,98.0,-1.7,-0.2,1.08,GOOD
37901,2685,2015.0,54.451873837795695,430.0,83.4,98.0,-1.7,-0.2,1.08,GOOD
37901,2686,2008.0,34.07367762652791,430.0,83.4,98.0,-1.7,-0.2,1.08,GOOD
37901,2687,2009.0,10.42313203962407,430.0,83.4,98.0,-1.7,-0.2,1.08,GOOD
37901,2688,1980.0,-11.25414159551714,430.0,83.4,98.0,-1.7,-0.2,1.08,GOOD
37901,2689,2005.0,-23.662069985853897,430.0,83.4,98.0,-1.7,-0.2,1.08,GOOD
37901,2690,2014.0,-21.0501473581497,430.0,83.4,98.0,-1.7,-0.2,1.08,GOOD
37901,2691,2006.0,-8.489794028359471,430.0,83.4,98.0,-1.7,-0.2,1.08,GOOD
37901,2692,1930.0,-2.887241488151666,429.0,83.4,98.0,-1.7,-0.2,1.08,GOOD
37901,2693,1932.0,-16.940320962293914,429.0,83.4,98.0,-1.7,-0.2,1.08,GOOD
37901,2694,1927.0,-43.291553864348835,429.0,83.4,98.0,-1.7,-0.2,1.08,GOOD
37901,2695,1921.0,-65.12439750082544,429.0,83.4,98.0,-1.7,-0.2,1.08,GOOD
37901,2696,2047.0,-72.31029622854928,429.0,83.4,98.0,-1.7,-0.2,1.08,GOOD
37901,2697,2014.0,-59.92985659744765,429.0,83.4,98.0,-1.7,-0.2,1.08,GOOD
37901,2698,2007.0,-32.04271052400024,429.0,83.4,98.0,-1.7,-0.2,1.08,GOOD
37901,2699,2017.0,-1.8943431369279686,429.0,83.4,98.0,-1.7,-0.2,1.08,GOOD
37901,2700,2135.0,25.09265578045412,429.0,83.4,98.0,-1.7,-0.2,1.08,GOOD
37999,2701,2109.0,52.76786728196754,429.0,82.9,98.0,-1.7,-0.3,1.08,GOOD
37999,2702,2094.0,77.57817539872443,429.0,82.9,98.0,-1.7,-0.3,1.08,GOOD
37999,2703,2096.0,91.61503231639125,429.0,82.9,98.0,-1.7,-0.3,1.08,GOOD
37999,2704,1954.0,91.79807120964065,429.0,82.9,98.0,-1.7,-0.3,1.08,GOOD
37999,2705,1951.0,70.94393032596213,429.0,82.9,98.0,-1.7,-0.3,1.08,GOOD
37999,2706,1957.0,25.923821234674733,429.0,82.9,98.0,-1.7,-0.3,1.08,GOOD
37999,2707,1956.0,-26.93196183973742,429.0,82.9,98.0,-1.7,-0.3,1.08,GOOD
37999,2708,2020.0,-61.60102537463373,428.0,82.9,98.0,-1.7,-0.3,1.08,GOOD
37999,2709,2063.0,-58.401695767186666,428.0,82.9,98.0,-1.7,-0.3,1.08,GOOD
37999,2710,2083.0,-18.214274984717886,428.0,82.9,98.0,-1.7,-0.3,1.08,GOOD
37999,2711,2086.0,34.42335578374528,428.0,82.9,98.0,-1.7,-0.3,1.08,GOOD
37999,2712,2796.0,100.25116880356592,428.0,82.9,98.0,-1.7,-0.3,1.08,GOOD
37999,2713,2809.0,233.85164791280306,428.0,82.9,98.0,-1.7,-0.3,1.08,GOOD
37999,2714,2842.0,449.461246712018,428.0,82.9,98.0,-1.7,-0.3,1.08,GOOD
37999,2715,2880.0,672.0363218992163,428.0,82.9,98.0,-1.7,-0.3,1.08,GOOD
37999,2716,2144.0,797.2746912164278,428.0,82.9,98.0,-1.7,-0.3,1.08,GOOD
37999,2717,2050.0,733.299876203127,428.0,82.9,98.0,-1.7,-0.3,1.08,GOOD
37999,2718,2006.0,481.1638728050974,428.0,82.9,98.0,-1.7,-0.3,1.08,GOOD
37999,2719,1967.0,166.84739035537922,428.0,82.9,98.0,-1.7,-0.3,1.08,GOOD
37999,2720,1799.0,-80.38274807280258,427.0,82.9,98.0,-1.7,-0.3,1.08,GOOD
37999,2721,1798.0,-216.93369510730264,427.0,82.9,98.0,-1.7,-0.3,1.08,GOOD
37999,2722,1785.0,-261.6244539176231,427.0,82.9,98.0,-1.7,-0.3,1.08,GOOD
37999,2723,1768.0,-258.4037105207278,427.0,82.9,98.0,-1.7,-0.3,1.08,GOOD
37999,2724,2086.0,-241.3777980647555,427.0,82.9,98.0,-1.7,-0.3,1.08,GOOD
37999,2725,2133.0,-200.22952292315057,427.0,82.9,98.0,-1.7,-0.3,1.08,GOOD
38095,2726,2165.0,-111.91968835150162,427.0,82.9,98.0,-1.6,-0.2,1.07,GOOD
38095,2727,2153.0,6.960995776847692,427.0,82.9,98.0,-1.6,-0.2,1.07,GOOD
38095,2728,1896.0,99.48431003623207,427.0,82.9,98.0,-1.6,-0.2,1.07,GOOD
38095,2729,1928.0,104.86111494758322,427.0,82.9,98.0,-1.6,-0.2,1.07,GOOD
38095,2730,1958.0,22.0313751761051,427.0,82.9,98.0,-1.6,-0.2,1.07,GOOD
38095,2731,1968.0,-79.33255431301644,427.0,82.9,98.0,-1.6,-0.2,1.07,GOOD
38095,2732,1972.0,-131.83159106617524,426.0,82.9,98.0,-1.6,-0.2,1.07,GOOD
38095,2733,1957.0,-124.17708030620646,426.0,82.9,98.0,-1.6,-0.2,1.07,GOOD
38095,2734,1971.0,-90.2305569095681,426.0,82.9,98.0,-1.6,-0.2,1.07,GOOD
38095,2735,1995.0,-66.1404736664991,426.0,82.9,98.0,-1.6,-0.2,1.07,GOOD
38095,2736,2086.0,-56.107419804977006,426.0,82.9,98.0,-1.6,-0.2,1.07,GOOD
38095,2737,2044.0,-39.960316945209684,426.0,82.9,98.0,-1.6,-0.2,1.07,GOOD
38095,2738,2041.0,-10.400038617688647,426.0,82.9,98.0,-1.6,-0.2,1.07,GOOD
38095,2739,2037.0,15.870400189747617,426.0,82.9,98.0,-1.6,-0.2,1.07,GOOD
38095,2740,2201.0,28.841940014491747,425.0,82.9,98.0,-1.6,-0.2,1.07,GOOD
38095,2741,2205.0,44.44169060154693,425.0,82.9,98.0,-1.6,-0.2,1.07,GOOD
38095,2742,2192.0,78.53955637610368,425.0,82.9,98.0,-1.6,-0.2,1.07,GOOD
38095,2743,2191.0,122.86063096467942,425.0,82.9,98.0,-1.6,-0.2,1.07,GOOD
38095,2744,2125.0,155.0848563064377,425.0,82.9,98.0,-1.6,-0.2,1.07,GOOD
38095,2745,2171.0,157.57255128783396,425.0,82.9,98.0,-1.6,-0.2,1.07,GOOD
38095,2746,2179.0,134.17929587222432,425.0,82.9,98.0,-1.6,-0.2,1.07,GOOD
38095,2747,2178.0,108.57145543679103,425.0,82.9,98.0,-1.6,-0.2,1.07,GOOD
38095,2748,2098.0,97.1065421088853,424.0,82.9,98.0,-1.6,-0.2,1.07,GOOD
38095,2749,2116.0,94.01741710122927,424.0,82.9,98.0,-1.6,-0.2,1.07,GOOD
38095,2750,2133.0,86.9364356289403,424.0,82.9,98.0,-1.6,-0.2,1.07,GOOD
38193,2751,2136.0,73.55229041134328,424.0,82.9,98.0,-1.6,-0.2,1.07,GOOD
38193,2752,2119.0,59.887748666918434,424.0,82.9,98.0,-1.6,-0.2,1.07,GOOD
38193,2753,2115.0,53.1844920388285,424.0,82.9,98.0,-1.6,-0.2,1.07,GOOD
38193,2754,2122.0,56.03665955368052,424.0,82.9,98.0,-1.6,-0.2,1.07,GOOD
38193,2755,2127.0,62.519869873662316,424.0,82.9,98.0,-1.6,-0.2,1.07,GOOD
38193,2756,2296.0,69.8765613287824,423.0,82.9,98.0,-1.6,-0.2,1.07,GOOD
38193,2757,2273.0,90.37649222702736,423.0,82.9,98.0,-1.6,-0.2,1.07,GOOD
38193,2758,2264.0,130.93211729261967,423.0,82.9,98.0,-1.6,-0.2,1.07,GOOD
38193,2759,2272.0,176.89475507046075,423.0,82.9,98.0,-1.6,-0.2,1.07,GOOD
38193,2760,2424.0,214.50460296637561,423.0,82.9,98.0,-1.6,-0.2,1.07,GOOD
38193,2761,2404.0,245.70431536910235,423.0,82.9,98.0,-1.6,-0.2,1.07,GOOD
38193,2762,2399.0,272.2541948769027,423.0,82.9,98.0,-1.6,-0.2,1.07,GOOD
38193,2763,2393.0,290.8433182213082,423.0,82.9,98.0,-1.6,-0.2,1.07,GOOD
38193,2764,2412.0,303.7503647674296,423.0,82.9,98.0,-1.6,-0.2,1.07,GOOD
38193,2765,2430.0,313.62311737098184,423.0,82.9,98.0,-1.6,-0.2,1.07,GOOD
38193,2766,2426.0,315.6121326236818,423.0,82.9,98.0,-1.6,-0.2,1.07,GOOD
38193,2767,2432.0,306.7067820943181,423.0,82.9,98.0,-1.6,-0.2,1.07,GOOD
38193,2768,2226.0,287.8164555699137,422.0,82.9,98.0,-1.6,-0.2,1.07,GOOD
38193,2769,2241.0,253.35268209364068,422.0,82.9,98.0,-1.6,-0.2,1.07,GOOD
38193,2770,2225.0,201.05174077522446,422.0,82.9,98.0,-1.6,-0.2,1.07,GOOD
38193,2771,2214.0,141.1575544607283,422.0,82.9,98.0,-1.6,-0.2,1.07,GOOD
38193,2772,2023.0,79.42850904651638,422.0,82.9,98.0,-1.6,-0.2,1.07,GOOD
38193,2773,2045.0,14.6245126694166,422.0,82.9,98.0,-1.6,-0.2,1.07,GOOD
38193,2774,2044.0,-42.23177840357879,422.0,82.9,98.0,-1.6,-0.2,1.07,GOOD
38193,2775,2022.0,-77.49105226759278,422.0,82.9,98.0,-1.6,-0.2,1.07,GOOD
38302,2776,2010.0,-98.99611919005983,421.0,82.9,98.0,-1.6,-0.3,1.09,GOOD
38302,2777,1996.0,-120.54121388712977,421.0,82.9,98.0,-1.6,-0.3,1.09,GOOD
38302,2778,1989.0,-138.24051238594993,421.0,82.9,98.0,-1.6,-0.3,1.09,GOOD
38302,2779,1982.0,-141.69748399334307,421.0,82.9,98.0,-1.6,-0.3,1.09,GOOD
38302,2780,1994.0,-134.57391700276077,421.0,82.9,98.0,-1.6,-0.3,1.09,GOOD
38302,2781,1959.0,-132.83723772165592,421.0,82.9,98.0,-1.6,-0.3,1.09,GOOD
38302,2782,1961.0,-145.36499684644113,421.0,82.9,98.0,-1.6,-0.3,1.09,GOOD
38302,2783,1973.0,-161.45347063641452,421.0,82.9,98.0,-1.6,-0.3,1.09,GOOD
38302,2784,1955.0,-164.6551603882411,421.0,82.9,98.0,-1.6,-0.3,1.09,GOOD
38302,2785,1933.0,-157.3303541706308,421.0,82.9,98.0,-1.6,-0.3,1.09,GOOD
38302,2786,1948.0,-156.39152271871012,421.0,82.9,98.0,-1.6,-0.3,1.09,GOOD
38302,2787,1968.0,-166.10870865526908,421.0,82.9,98.0,-1.6,-0.3,1.09,GOOD
38302,2788,1881.0,-175.6723976531498,421.0,82.9,98.0,-1.6,-0.3,1.09,GOOD
38302,2789,1904.0,-180.4905071753311,421.0,82.9,98.0,-1.6,-0.3,1.09,GOOD
38302,2790,1906.0,-184.7797360787334,421.0,82.9,98.0,-1.6,-0.3,1.09,GOOD
38302,2791,1892.0,-192.23362722609562,421.0,82.9,98.0,-1.6,-0.3,1.09,GOOD
38302,2792,1855.0,-204.86290767272288,420.0,82.9,98.0,-1.6,-0.3,1.09,GOOD
38302,2793,1876.0,-219.0142947991912,420.0,82.9,98.0,-1.6,-0.3,1.09,GOOD
38302,2794,1916.0,-223.4112735047629,420.0,82.9,98.0,-1.6,-0.3,1.09,GOOD
38302,2795,1876.0,-213.21677820615483,420.0,82.9,98.0,-1.6,-0.3,1.09,GOOD
38302,2796,1895.0,-199.94929672337943,420.0,82.9,98.0,-1.6,-0.3,1.09,GOOD
38302,2797,1873.0,-195.32462915730645,420.0,82.9,98.0,-1.6,-0.3,1.09,GOOD
38302,2798,1882.0,-196.87058637826294,420.0,82.9,98.0,-1.6,-0.3,1.09,GOOD
38302,2799,1878.0,-196.59960155710672,420.0,82.9,98.0,-1.6,-0.3,1.09,GOOD
38302,2800,2004.0,-188.06723762597238,420.0,82.9,98.0,-1.6,-0.3,1.09,GOOD
38400,2801,1985.0,-165.66277800119695,420.0,82.9,98.0,-1.7,-0.3,1.08,GOOD
38400,2802,1995.0,-132.0145434210545,420.0,82.9,98.0,-1.7,-0.3,1.08,GOOD
38400,2803,2009.0,-97.35258359047533,420.0,82.9,98.0,-1.7,-0.3,1.08,GOOD
38400,2804,2057.0,-66.48615398245823,420.0,82.9,98.0,-1.7,-0.3,1.08,GOOD
38400,2805,2059.0,-39.670103345747464,420.0,82.9,98.0,-1.7,-0.3,1.08,GOOD
38400,2806,2040.0,-21.36606927850777,420.0,82.9,98.0,-1.7,-0.3,1.08,GOOD
38400,2807,2053.0,-15.27243285960349,420.0,82.9,98.0,-1.7,-0.3,1.08,GOOD
38400,2808,1898.0,-21.4001715722663,420.0,82.9,98.0,-1.7,-0.3,1.08,GOOD
38400,2809,1922.0,-43.914382971926315,420.0,82.9,98.0,-1.7,-0.3,1.08,GOOD
38400,2810,1897.0,-82.98835710931384,420.0,82.9,98.0,-1.7,-0.3,1.08,GOOD
38400,2811,1858.0,-128.1674479345981,420.0,82.9,98.0,-1.7,-0.3,1.08,GOOD
38400,2812,1859.0,-168.59417700221096,419.0,82.9,98.0,-1.7,-0.3,1.08,GOOD
38400,2813,1886.0,-193.46366450613218,419.0,82.9,98.0,-1.7,-0.3,1.08,GOOD
38400,2814,1895.0,-194.36738114201327,419.0,82.9,98.0,-1.7,-0.3,1.08,GOOD
38400,2815,1867.0,-178.18621180640605,419.0,82.9,98.0,-1.7,-0.3,1.08,GOOD
38400,2816,1956.0,-160.27490461862502,419.0,82.9,98.0,-1.7,-0.3,1.08,GOOD
38400,2817,1942.0,-143.6448780553051,419.0,82.9,98.0,-1.7,-0.3,1.08,GOOD
38400,2818,1958.0,-122.80825688008183,419.0,82.9,98.0,-1.7,-0.3,1.08,GOOD
38400,2819,1949.0,-99.34639995187449,419.0,82.9,98.0,-1.7,-0.3,1.08,GOOD
38400,2820,1988.0,-79.46482996531418,419.0,82.9,98.0,-1.7,-0.3,1.08,GOOD
38400,2821,1958.0,-66.86685410542051,419.0,82.9,98.0,-1.7,-0.3,1.08,GOOD
38400,2822,1954.0,-62.9748630235982,419.0,82.9,98.0,-1.7,-0.3,1.08,GOOD
38400,2823,1953.0,-65.98171116181337,419.0,82.9,98.0,-1.7,-0.3,1.08,GOOD
38400,2824,2072.0,-65.54363691855445,419.0,82.9,98.0,-1.7,-0.3,1.08,GOOD
38400,2825,2096.0,-46.687206287208824,419.0,82.9,98.0,-1.7,-0.3,1.08,GOOD
38496,2826,2056.0,-9.546290928886243,419.0,82.9,98.0,-1.7,-0.2,1.08,GOOD
38496,2827,2087.0,27.40863757217696,419.0,82.9,98.0,-1.7,-0.2,1.08,GOOD
38496,2828,1985.0,47.56756034347301,419.0,82.9,98.0,-1.7,-0.2,1.08,GOOD
38496,2829,1998.0,43.22212491042306,419.0,82.9,98.0,-1.7,-0.2,1.08,GOOD
38496,2830,1973.0,16.102761876829,419.0,82.9,98.0,-1.7,-0.2,1.08,GOOD
38496,2831,1968.0,-20.880078171660383,419.0,82.9,98.0,-1.7,-0.2,1.08,GOOD
38496,2832,1905.0,-54.450879689786916,419.0,82.9,98.0,-1.7,-0.2,1.08,GOOD
38496,2833,1928.0,-78.86316174319624,419.0,82.9,98.0,-1.7,-0.2,1.08,GOOD
38496,2834,1937.0,-92.00794122211195,419.0,82.9,98.0,-1.7,-0.2,1.08,GOOD
38496,2835,1939.0,-94.51263722747811,419.0,82.9,98.0,-1.7,-0.2,1.08,GOOD
38496,2836,1954.0,-90.97285572382056,419.0,82.9,98.0,-1.7,-0.2,1.08,GOOD
38496,2837,1944.0,-84.48259642846813,419.0,82.9,98.0,-1.7,-0.2,1.08,GOOD
38496,2838,1961.0,-74.77060981633564,419.0,82.9,98.0,-1.7,-0.2,1.08,GOOD
38496,2839,1938.0,-63.73683087532349,419.0,82.9,98.0,-1.7,-0.2,1.08,GOOD
38496,2840,1971.0,-56.522724854320586,419.0,82.9,98.0,-1.7,-0.2,1.08,GOOD
38496,2841,1939.0,-55.58083414508841,419.0,82.9,98.0,-1.7,-0.2,1.08,GOOD
38496,2842,1941.0,-58.744030229891784,419.0,82.9,98.0,-1.7,-0.2,1.08,GOOD
38496,2843,1938.0,-62.23587349759024,419.0,82.9,98.0,-1.7,-0.2,1.08,GOOD
38496,2844,2073.0,-58.28534606917382,419.0,82.9,98.0,-1.7,-0.2,1.08,GOOD
38496,2845,2045.0,-37.43900194500602,419.0,82.9,98.0,-1.7,-0.2,1.08,GOOD
38496,2846,2037.0,-4.021539822227192,419.0,82.9,98.0,-1.7,-0.2,1.08,GOOD
38496,2847,2059.0,26.44855482240729,419.0,82.9,98.0,-1.7,-0.2,1.08,GOOD
38496,2848,1975.0,43.86583456425505,419.0,82.9,98.0,-1.7,-0.2,1.08,GOOD
38496,2849,1967.0,41.084512442702774,419.0,82.9,98.0,-1.7,-0.2,1.08,GOOD
38496,2850,1953.0,15.550475676659197,419.0,82.9,98.0,-1.7,-0.2,1.08,GOOD
38594,2851,1952.0,-21.086948217955992,419.0,82.9,98.0,-1.7,-0.3,1.08,GOOD
38594,2852,1927.0,-51.44129974528459,419.0,82.9,98.0,-1.7,-0.3,1.08,GOOD
38594,2853,1972.0,-65.07815036742252,419.0,82.9,98.0,-1.7,-0.3,1.08,GOOD
38594,2854,1958.0,-61.490836088103464,419.0,82.9,98.0,-1.7,-0.3,1.08,GOOD
38594,2855,1929.0,-50.89418443865206,419.0,82.9,98.0,-1.7,-0.3,1.08,GOOD
38594,2856,1977.0,-45.081387939014945,419.0,82.9,98.0,-1.7,-0.3,1.08,GOOD
38594,2857,1967.0,-42.79273130174036,419.0,82.9,98.0,-1.7,-0.3,1.08,GOOD
38594,2858,2008.0,-35.499866715472905,419.0,82.9,98.0,-1.7,-0.3,1.08,GOOD
38594,2859,1998.0,-21.29420635613902,419.0,82.9,98.0,-1.7,-0.3,1.08,GOOD
38594,2860,2035.0,-4.592830960935615,420.0,82.9,98.0,-1.7,-0.3,1.08,GOOD
38594,2861,1993.0,9.826785699371454,420.0,82.9,98.0,-1.7,-0.3,1.08,GOOD
38594,2862,2008.0,18.521931733323417,420.0,82.9,98.0,-1.7,-0.3,1.08,GOOD
38594,2863,2015.0,21.07747575020187,420.0,82.9,98.0,-1.7,-0.3,1.08,GOOD
38594,2864,2188.0,27.27999953962265,420.0,82.9,98.0,-1.7,-0.3,1.08,GOOD
38594,2865,2169.0,53.78074010852525,420.0,82.9,98.0,-1.7,-0.3,1.08,GOOD
38594,2866,2186.0,101.56643181156906,420.0,82.9,98.0,-1.7,-0.3,1.08,GOOD
38594,2867,2203.0,152.8028870616203,420.0,82.9,98.0,-1.7,-0.3,1.08,GOOD
38594,2868,2080.0,187.07757233751488,420.0,82.9,98.0,-1.7,-0.3,1.08,GOOD
38594,2869,2076.0,186.12377921744164,420.0,82.9,98.0,-1.7,-0.3,1.08,GOOD
38594,2870,2047.0,146.97679789777362,420.0,82.9,98.0,-1.7,-0.3,1.08,GOOD
38594,2871,2050.0,91.18732521413345,420.0,82.9,98.0,-1.7,-0.3,1.08,GOOD
38594,2872,1911.0,41.10826860267433,420.0,82.9,98.0,-1.7,-0.3,1.08,GOOD
38594,2873,1944.0,0.023677002741865127,420.0,82.9,98.0,-1.7,-0.3,1.08,GOOD
38594,2874,1925.0,-34.930050526779766,420.0,82.9,98.0,-1.7,-0.3,1.08,GOOD
38594,2875,1893.0,-63.134773767718634,420.0,82.9,98.0,-1.7,-0.3,1.08,GOOD
38706,2876,1925.0,-84.98991844057458,420.0,82.8,98.0,-1.7,-0.3,1.08,GOOD
38706,2877,1964.0,-95.21281818000338,420.0,82.8,98.0,-1.7,-0.3,1.08,GOOD
38706,2878,1960.0,-85.57545019142503,420.0,82.8,98.0,-1.7,-0.3,1.08,GOOD
38706,2879,1934.0,-62.57710461354838,420.0,82.8,98.0,-1.7,-0.3,1.08,GOOD
38706,2880,1999.0,-42.330863109027135,420.0,82.8,98.0,-1.7,-0.3,1.08,GOOD
38706,2881,1983.0,-29.879886345250014,420.0,82.8,98.0,-1.7,-0.3,1.08,GOOD
38706,2882,1995.0,-20.36769270659415,420.0,82.8,98.0,-1.7,-0.3,1.08,GOOD
38706,2883,2010.0,-10.281233915246878,420.0,82.8,98.0,-1.7,-0.3,1.08,GOOD
38706,2884,2095.0,4.538965301695938,420.0,82.8,98.0,-1.7,-0.3,1.08,GOOD
38706,2885,2073.0,28.218364151598625,420.0,82.8,98.0,-1.7,-0.3,1.08,GOOD
38706,2886,2075.0,55.508371729884544,420.0,82.8,98.0,-1.7,-0.3,1.08,GOOD
38706,2887,2106.0,77.03608794161356,420.0,82.8,98.0,-1.7,-0.3,1.08,GOOD
38706,2888,2662.0,113.88211755487762,421.0,82.8,98.0,-1.7,-0.3,1.08,GOOD
38706,2889,2716.0,219.38884572891362,421.0,82.8,98.0,-1.7,-0.3,1.08,GOOD
38706,2890,2741.0,399.8623764761619,421.0,82.8,98.0,-1.7,-0.3,1.08,GOOD
38706,2891,2795.0,589.3040856756649,421.0,82.8,98.0,-1.7,-0.3,1.08,GOOD
38706,2892,2590.0,719.0853839020617,421.0,82.8,98.0,-1.7,-0.3,1.08,GOOD
38706,2893,2566.0,751.0358561667106,421.0,82.8,98.0,-1.7,-0.3,1.08,GOOD
38706,2894,2512.0,684.7257992646116,421.0,82.8,98.0,-1.7,-0.3,1.08,GOOD
38706,2895,2464.0,563.3449247289138,421.0,82.8,98.0,-1.7,-0.3,1.08,GOOD
38706,2896,1702.0,416.055954637164,421.0,82.8,98.0,-1.7,-0.3,1.08,GOOD
38706,2897,1709.0,218.63934755296964,421.0,82.8,98.0,-1.7,-0.3,1.08,GOOD
38706,2898,1679.0,-26.629709955420033,421.0,82.8,98.0,-1.7,-0.3,1.08,GOOD
38706,2899,1611.0,-256.22786612105574,421.0,82.8,98.0,-1.7,-0.3,1.08,GOOD
38706,2900,1907.0,-409.2988873899777,421.0,82.8,98.0,-1.7,-0.3,1.08,GOOD
38803,2901,1942.0,-442.5508757203496,421.0,82.8,98.0,-1.7,-0.3,1.07,GOOD
38803,2902,1998.0,-347.97333192709266,421.0,82.8,98.0,-1.7,-0.3,1.07,GOOD
38803,2903,1985.0,-187.21280018377468,421.0,82.8,98.0,-1.7,-0.3,1.07,GOOD
38803,2904,2119.0,-49.017872212828244,421.0,82.8,98.0,-1.7,-0.3,1.07,GOOD
38803,2905,2094.0,20.918708171191877,421.0,82.8,98.0,-1.7,-0.3,1.07,GOOD
38803,2906,2124.0,36.50178629475058,421.0,82.8,98.0,-1.7,-0.3,1.07,GOOD
38803,2907,2167.0,41.517214286363995,421.0,82.8,98.0,-1.7,-0.3,1.07,GOOD
38803,2908,2104.0,64.4657558983035,421.0,82.8,98.0,-1.7,-0.3,1.07,GOOD
38803,2909,2076.0,88.67695074057653,421.0,82.8,98.0,-1.7,-0.3,1.07,GOOD
38803,2910,2039.0,80.01774543588174,421.0,82.8,98.0,-1.7,-0.3,1.07,GOOD
38803,2911,2110.0,40.220200813207796,421.0,82.8,98.0,-1.7,-0.3,1.07,GOOD
38803,2912,2003.0,4.714470682585258,421.0,82.8,98.0,-1.7,-0.3,1.07,GOOD
38803,2913,2018.0,-8.021475413973214,421.0,82.8,98.0,-1.7,-0.3,1.07,GOOD
38803,2914,1977.0,-13.540767969089353,421.0,82.8,98.0,-1.7,-0.3,1.07,GOOD
38803,2915,1940.0,-33.32855751386176,421.0,82.8,98.0,-1.7,-0.3,1.07,GOOD
38803,2916,1996.0,-67.58310767654709,421.0,82.8,98.0,-1.7,-0.3,1.07,GOOD
38803,2917,2031.0,-90.69522449112347,421.0,82.8,98.0,-1.7,-0.3,1.07,GOOD
38803,2918,2030.0,-81.10821043113916,421.0,82.8,98.0,-1.7,-0.3,1.07,GOOD
38803,2919,1984.0,-51.6171581702708,421.0,82.8,98.0,-1.7,-0.3,1.07,GOOD
38803,2920,2077.0,-29.880180257028,422.0,82.8,98.0,-1.7,-0.3,1.07,GOOD
38803,2921,2075.0,-20.08859937196104,422.0,82.8,98.0,-1.7,-0.3,1.07,GOOD
38803,2922,2105.0,-7.121808338406732,422.0,82.8,98.0,-1.7,-0.3,1.07,GOOD
38803,2923,2099.0,15.609114942386386,422.0,82.8,98.0,-1.7,-0.3,1.07,GOOD
38803,2924,2205.0,43.83309920231767,422.0,82.8,98.0,-1.7,-0.3,1.07,GOOD
38803,2925,2198.0,74.67637460037727,422.0,82.8,98.0,-1.7,-0.3,1.07,GOOD
38901,2926,2194.0,104.8617072238053,422.0,82.8,98.0,-1.6,-0.3,1.08,GOOD
38901,2927,2237.0,129.5085881474592,422.0,82.8,98.0,-1.6,-0.3,1.08,GOOD
38901,2928,2227.0,149.11313269445304,422.0,82.8,98.0,-1.6,-0.3,1.08,GOOD
38901,2929,2198.0,162.57815604893833,422.0,82.8,98.0,-1.6,-0.3,1.08,GOOD
38901,2930,2190.0,162.2738149788128,422.0,82.8,98.0,-1.6,-0.3,1.08,GOOD
38901,2931,2230.0,148.70402934639148,422.0,82.8,98.0,-1.6,-0.3,1.08,GOOD
38901,2932,2244.0,136.43492834591618,422.0,82.8,98.0,-1.6,-0.3,1.08,GOOD
38901,2933,2257.0,138.0890578600126,422.0,82.8,98.0,-1.6,-0.3,1.08,GOOD
38901,2934,2235.0,151.0215422681011,422.0,82.8,98.0,-1.6,-0.3,1.08,GOOD
38901,2935,2222.0,162.26214530694313,422.0,82.8,98.0,-1.6,-0.3,1.08,GOOD
38901,2936,2224.0,162.24790794532896,422.0,82.8,98.0,-1.6,-0.3,1.08,GOOD
38901,2937,2271.0,153.9977861448849,422.0,82.8,98.0,-1.6,-0.3,1.08,GOOD
38901,2938,2266.0,148.6503771579614,422.0,82.8,98.0,-1.6,-0.3,1.08,GOOD
38901,2939,2230.0,150.50326916038478,422.0,82.8,98.0,-1.6,-0.3,1.08,GOOD
38901,2940,2354.0,157.64445656694642,422.0,82.8,98.0,-1.6,-0.3,1.08,GOOD
38901,2941,2358.0,175.03209086080068,422.0,82.8,98.0,-1.6,-0.3,1.08,GOOD
38901,2942,2393.0,205.17727149583908,422.0,82.8,98.0,-1.6,-0.3,1.08,GOOD
38901,2943,2388.0,237.96919374927975,422.0,82.8,98.0,-1.6,-0.3,1.08,GOOD
38901,2944,2261.0,257.61426151996875,422.0,82.8,98.0,-1.6,-0.3,1.08,GOOD
38901,2945,2215.0,247.5585316951852,422.0,82.8,98.0,-1.6,-0.3,1.08,GOOD
38901,2946,2202.0,203.23724665560735,422.0,82.8,98.0,-1.6,-0.3,1.08,GOOD
38901,2947,2237.0,142.34665483675496,422.0,82.8,98.0,-1.6,-0.3,1.08,GOOD
38901,2948,2338.0,95.93790538691616,423.0,82.8,98.0,-1.6,-0.3,1.08,GOOD
38901,2949,2309.0,89.15796672149617,423.0,82.8,98.0,-1.6,-0.3,1.08,GOOD
38901,2950,2294.0,119.3866146429948,423.0,82.8,98.0,-1.6,-0.3,1.08,GOOD
39000,2951,2307.0,158.9051769930631,423.0,82.8,98.0,-1.7,-0.3,1.08,GOOD
39000,2952,2066.0,172.5197486828588,423.0,82.8,98.0,-1.7,-0.3,1.08,GOOD
39000,2953,2078.0,131.35805705252176,423.0,82.8,98.0,-1.7,-0.3,1.08,GOOD
39000,2954,2051.0,43.56721426239596,423.0,82.8,98.0,-1.7,-0.3,1.08,GOOD
39000,2955,2034.0,-45.770322527423204,423.0,82.8,98.0,-1.7,-0.3,1.08,GOOD
39000,2956,1895.0,-108.06715558005021,423.0,82.8,98.0,-1.7,-0.3,1.08,GOOD
39000,2957,1931.0,-151.79140336004912,423.0,82.8,98.0,-1.7,-0.3,1.08,GOOD
39000,2958,1942.0,-187.43428837763707,423.0,82.8,98.0,-1.7,-0.3,1.08,GOOD
39000,2959,1881.0,-211.71920626712597,423.0,82.8,98.0,-1.7,-0.3,1.08,GOOD
39000,2960,1834.0,-227.47616077625548,423.0,82.8,98.0,-1.7,-0.3,1.08,GOOD
39000,2961,1849.0,-243.95829339494745,423.0,82.8,98.0,-1.7,-0.3,1.08,GOOD
39000,2962,1892.0,-259.5476225052155,423.0,82.8,98.0,-1.7,-0.3,1.08,GOOD
39000,2963,1879.0,-265.39221712580513,423.0,82.8,98.0,-1.7,-0.3,1.08,GOOD
39000,2964,1963.0,-256.7661281895214,423.0,82.8,98.0,-1.7,-0.3,1.08,GOOD
39000,2965,1879.0,-234.7446961125495,423.0,82.8,98.0,-1.7,-0.3,1.08,GOOD
39000,2966,1890.0,-210.03621869231318,423.0,82.8,98.0,-1.7,-0.3,1.08,GOOD
39000,2967,1910.0,-195.93944515256024,423.0,82.8,98.0,-1.7,-0.3,1.08,GOOD
39000,2968,1900.0,-194.34185318254566,424.0,82.8,98.0,-1.7,-0.3,1.08,GOOD
39000,2969,1849.0,-201.6822160872906,424.0,82.8,98.0,-1.7,-0.3,1.08,GOOD
39000,2970,1814.0,-216.77784239402877,424.0,82.8,98.0,-1.7,-0.3,1.08,GOOD
39000,2971,1848.0,-235.00468624856117,424.0,82.8,98.0,-1.7,-0.3,1.08,GOOD
39000,2972,1944.0,-243.45404292495147,424.0,82.8,98.0,-1.7,-0.3,1.08,GOOD
39000,2973,1980.0,-229.01977818063713,424.0,82.8,98.0,-1.7,-0.3,1.08,GOOD
39000,2974,1976.0,-192.4892011045526,424.0,82.8,98.0,-1.7,-0.3,1.08,GOOD
39000,2975,1983.0,-147.54460547886043,424.0,82.8,98.0,-1.7,-0.3,1.08,GOOD
39111,2976,1880.0,-111.67842074124393,424.0,82.8,98.0,-1.7,-0.2,1.08,GOOD
39111,2977,1911.0,-101.94107453485157,424.0,82.8,98.0,-1.7,-0.2,1.08,GOOD
39111,2978,1921.0,-121.22267513370373,424.0,82.8,98.0,-1.7,-0.2,1.08,GOOD
39111,2979,1897.0,-152.51421399338614,424.0,82.8,98.0,-1.7,-0.2,1.08,GOOD
39111,2980,1869.0,-176.9565814890483,424.0,82.8,98.0,-1.7,-0.2,1.08,GOOD
39111,2981,1899.0,-185.60742280558907,424.0,82.8,98.0,-1.7,-0.2,1.08,GOOD
39111,2982,1926.0,-178.08444801243155,424.0,82.8,98.0,-1.7,-0.2,1.08,GOOD
39111,2983,1915.0,-162.71466431100458,424.0,82.8,98.0,-1.7,-0.2,1.08,GOOD
39111,2984,1866.0,-153.27644586914016,424.0,82.8,98.0,-1.7,-0.2,1.08,GOOD
39111,2985,1847.0,-157.20996754330693,424.0,82.8,98.0,-1.7,-0.2,1.08,GOOD
39111,2986,1868.0,-168.32744244494484,424.0,82.8,98.0,-1.7,-0.2,1.08,GOOD
39111,2987,1891.0,-175.47433098130392,424.0,82.8,98.0,-1.7,-0.2,1.08,GOOD
39111,2988,2075.0,-168.32351161380166,424.0,82.8,98.0,-1.7,-0.2,1.08,GOOD
39111,2989,2038.0,-135.8062926157268,424.0,82.8,98.0,-1.7,-0.2,1.08,GOOD
39111,2990,2021.0,-81.12742461415961,424.0,82.8,98.0,-1.7,-0.2,1.08,GOOD
39111,2991,2042.0,-25.621584195841436,424.0,82.8,98.0,-1.7,-0.2,1.08,GOOD
39111,2992,2099.0,14.467598415003721,425.0,82.8,98.0,-1.7,-0.2,1.08,GOOD
39111,2993,2072.0,34.89737384702065,425.0,82.8,98.0,-1.7,-0.2,1.08,GOOD
39111,2994,2045.0,35.008927980488,425.0,82.8,98.0,-1.7,-0.2,1.08,GOOD
39111,2995,2044.0,21.76444355209374,425.0,82.8,98.0,-1.7,-0.2,1.08,GOOD
39111,2996,1996.0,8.915780665041538,425.0,82.8,98.0,-1.7,-0.2,1.08,GOOD
39111,2997,1988.0,-0.6276675844258444,425.0,82.8,98.0,-1.7,-0.2,1.08,GOOD
39111,2998,1986.0,-16.464161388185385,425.0,82.8,98.0,-1.7,-0.2,1.08,GOOD
39111,2999,1975.0,-41.4733960877058,425.0,82.8,98.0,-1.7,-0.2,1.08,GOOD
39111,3000,1877.0,-68.20585083062949,425.0,82.8,98.0,-1.7,-0.2,1.08,GOOD
39210,3001,1898.0,-91.14134117566535,425.0,82.8,98.0,-1.7,-0.3,1.08,GOOD
39210,3002,1909.0,-108.66715620497214,425.0,82.8,98.0,-1.7,-0.3,1.08,GOOD
39210,3003,1904.0,-121.5073249831185,425.0,82.8,98.0,-1.7,-0.3,1.08,GOOD
39210,3004,1882.0,-133.31509130137368,425.0,82.8,98.0,-1.7,-0.3,1.08,GOOD
39210,3005,1905.0,-142.22956715183454,425.0,82.8,98.0,-1.7,-0.3,1.08,GOOD
39210,3006,1926.0,-138.49597576946516,425.0,82.8,98.0,-1.7,-0.3,1.08,GOOD
39210,3007,1936.0,-119.59304366357212,425.0,82.8,98.0,-1.7,-0.3,1.08,GOOD
39210,3008,2110.0,-91.40601342586194,425.0,82.8,98.0,-1.7,-0.3,1.08,GOOD
39210,3009,2072.0,-53.13116571463107,425.0,82.8,98.0,-1.7,-0.3,1.08,GOOD
39210,3010,2075.0,-5.322057692885836,425.0,82.8,98.0,-1.7,-0.3,1.08,GOOD
39210,3011,2089.0,40.950383298351724,425.0,82.8,98.0,-1.7,-0.3,1.08,GOOD
39210,3012,2098.0,74.89696089098364,426.0,82.8,98.0,-1.7,-0.3,1.08,GOOD
39210,3013,2065.0,88.17656660062079,426.0,82.8,98.0,-1.7,-0.3,1.08,GOOD
39210,3014,2040.0,76.24124200971093,426.0,82.8,98.0,-1.7,-0.3,1.08,GOOD
39210,3015,2046.0,48.9846090048783,426.0,82.8,98.0,-1.7,-0.3,1.08,GOOD
39210,3016,1999.0,25.328284211674447,426.0,82.8,98.0,-1.7,-0.3,1.08,GOOD
39210,3017,2029.0,12.859237044046345,426.0,82.8,98.0,-1.7,-0.3,1.08,GOOD
39210,3018,1966.0,3.3439717246453755,426.0,82.8,98.0,-1.7,-0.3,1.08,GOOD
39210,3019,1972.0,-13.564805747355203,426.0,82.8,98.0,-1.7,-0.3,1.08,GOOD
39210,3020,1854.0,-40.088883469624705,426.0,82.8,98.0,-1.7,-0.3,1.08,GOOD
39210,3021,1900.0,-71.62162469544904,426.0,82.8,98.0,-1.7,-0.3,1.08,GOOD
39210,3022,1888.0,-100.00693910560287,426.0,82.8,98.0,-1.7,-0.3,1.08,GOOD
39210,3023,1876.0,-120.16042446965679,426.0,82.8,98.0,-1.7,-0.3,1.08,GOOD
39210,3024,1912.0,-132.75413324137108,426.0,82.8,98.0,-1.7,-0.3,1.08,GOOD
39210,3025,1922.0,-133.82848241646917,426.0,82.8,98.0,-1.7,-0.3,1.08,GOOD
39305,3026,1941.0,-117.47770200302864,426.0,82.8,98.0,-1.8,-0.2,1.07,GOOD
39305,3027,1952.0,-89.24266228578841,426.0,82.8,98.0,-1.8,-0.2,1.07,GOOD
39305,3028,2060.0,-59.447597245218944,427.0,82.8,98.0,-1.8,-0.2,1.07,GOOD
39305,3029,2024.0,-30.032015785010284,427.0,82.8,98.0,-1.8,-0.2,1.07,GOOD
39305,3030,2026.0,-1.2099532994256643,427.0,82.8,98.0,-1.8,-0.2,1.07,GOOD
39305,3031,2045.0,22.96417376045928,427.0,82.8,98.0,-1.8,-0.2,1.07,GOOD
39305,3032,2142.0,44.05948750844159,427.0,82.8,98.0,-1.8,-0.2,1.07,GOOD
39305,3033,2111.0,67.16657168800147,427.0,82.8,98.0,-1.8,-0.2,1.07,GOOD
39305,3034,2092.0,87.90765112558367,427.0,82.8,98.0,-1.8,-0.2,1.07,GOOD
39305,3035,2099.0,98.44136629321467,427.0,82.8,98.0,-1.8,-0.2,1.07,GOOD
39305,3036,2060.0,99.65344850433762,427.0,82.8,98.0,-1.8,-0.2,1.07,GOOD
39305,3037,2076.0,94.01173194193655,427.0,82.8,98.0,-1.8,-0.2,1.07,GOOD
39305,3038,2064.0,80.85136680359804,427.0,82.8,98.0,-1.8,-0.2,1.07,GOOD
39305,3039,2067.0,63.31790993423012,427.0,82.8,98.0,-1.8,-0.2,1.07,GOOD
39305,3040,1970.0,46.161409136668475,427.0,82.8,98.0,-1.8,-0.2,1.07,GOOD
39305,3041,2002.0,29.144435268450827,427.0,82.8,98.0,-1.8,-0.2,1.07,GOOD
39305,3042,2008.0,12.292532079600958,427.0,82.8,98.0,-1.8,-0.2,1.07,GOOD
39305,3043,1986.0,-2.217927793414642,427.0,82.8,98.0,-1.8,-0.2,1.07,GOOD
39305,3044,1954.0,-16.409920701756903,428.0,82.8,98.0,-1.8,-0.2,1.07,GOOD
39305,3045,1969.0,-30.774605146473547,428.0,82.8,98.0,-1.8,-0.2,1.07,GOOD
39305,3046,1997.0,-37.826811808741674,428.0,82.8,98.0,-1.8,-0.2,1.07,GOOD
39305,3047,1995.0,-32.59204207895348,428.0,82.8,98.0,-1.8,-0.2,1.07,GOOD
39305,3048,2143.0,-16.187743234433384,428.0,82.8,98.0,-1.8,-0.2,1.07,GOOD
39305,3049,2111.0,13.88876728676268,428.0,82.8,98.0,-1.8,-0.2,1.07,GOOD
39305,3050,2118.0,55.86195299252415,428.0,82.8,98.0,-1.8,-0.2,1.07,GOOD
39403,3051,2126.0,96.53380397393875,428.0,82.4,98.0,-1.7,-0.2,1.07,GOOD
39403,3052,2095.0,122.32420354825715,428.0,82.4,98.0,-1.7,-0.2,1.07,GOOD
39403,3053,2038.0,122.826778493583,428.0,82.4,98.0,-1.7,-0.2,1.07,GOOD
39403,3054,2057.0,96.40263775827154,428.0,82.4,98.0,-1.7,-0.2,1.07,GOOD
39403,3055,2066.0,60.45259195870987,428.0,82.4,98.0,-1.7,-0.2,1.07,GOOD
39403,3056,1998.0,35.614955678993844,429.0,82.4,98.0,-1.7,-0.2,1.07,GOOD
39403,3057,2000.0,22.27584761988554,429.0,82.4,98.0,-1.7,-0.2,1.07,GOOD
39403,3058,1978.0,8.975982386782645,429.0,82.4,98.0,-1.7,-0.2,1.07,GOOD
39403,3059,1977.0,-8.724090322811763,429.0,82.4,98.0,-1.7,-0.2,1.07,GOOD
39403,3060,1930.0,-28.2059212221121,429.0,82.4,98.0,-1.7,-0.2,1.07,GOOD
39403,3061,1960.0,-45.663268300215705,429.0,82.4,98.0,-1.7,-0.2,1.07,GOOD
39403,3062,1969.0,-56.124920760187386,429.0,82.4,98.0,-1.7,-0.2,1.07,GOOD
39403,3063,1950.0,-57.34375807415369,429.0,82.4,98.0,-1.7,-0.2,1.07,GOOD
39403,3064,1938.0,-55.01551026833596,430.0,82.4,98.0,-1.7,-0.2,1.07,GOOD
39403,3065,1963.0,-54.68803024549752,430.0,82.4,98.0,-1.7,-0.2,1.07,GOOD
39403,3066,1967.0,-53.77857710278476,430.0,82.4,98.0,-1.7,-0.2,1.07,GOOD
39403,3067,1984.0,-48.11970086770697,430.0,82.4,98.0,-1.7,-0.2,1.07,GOOD
39403,3068,2681.0,-10.991741211827415,430.0,82.4,98.0,-1.7,-0.2,1.07,GOOD
39403,3069,2684.0,115.43230021962748,430.0,82.4,98.0,-1.7,-0.2,1.07,GOOD
39403,3070,2744.0,333.7589293787854,430.0,82.4,98.0,-1.7,-0.2,1.07,GOOD
39403,3071,2792.0,562.1695892986855,430.0,82.4,98.0,-1.7,-0.2,1.07,GOOD
39403,3072,2657.0,721.1554482901602,431.0,82.4,98.0,-1.7,-0.2,1.07,GOOD
39403,3073,2571.0,771.0148355486576,431.0,82.4,98.0,-1.7,-0.2,1.07,GOOD
39403,3074,2528.0,710.5475504023944,431.0,82.4,98.0,-1.7,-0.2,1.07,GOOD
39403,3075,2514.0,586.5656269445639,431.0,82.4,98.0,-1.7,-0.2,1.07,GOOD
39516,3076,1727.0,438.3093822821861,431.0,82.4,98.0,-1.6,-0.2,1.08,GOOD
39516,3077,1740.0,244.11848139424646,431.0,82.4,98.0,-1.6,-0.2,1.08,GOOD
39516,3078,1684.0,-0.5783591969344535,431.0,82.4,98.0,-1.6,-0.2,1.08,GOOD
39516,3079,1650.0,-234.84963780114902,431.0,82.4,98.0,-1.6,-0.2,1.08,GOOD
39516,3080,1942.0,-391.8665771798801,432.0,82.4,98.0,-1.6,-0.2,1.08,GOOD
39516,3081,2030.0,-421.25599251196155,432.0,82.4,98.0,-1.6,-0.2,1.08,GOOD
39516,3082,2052.0,-314.4402818171241,432.0,82.4,98.0,-1.6,-0.2,1.08,GOOD
39516,3083,2023.0,-140.9975678670147,432.0,82.4,98.0,-1.6,-0.2,1.08,GOOD
39516,3084,1909.0,-8.371985432309522,432.0,82.4,98.0,-1.6,-0.2,1.08,GOOD
39516,3085,1930.0,17.31430914577054,432.0,82.4,98.0,-1.6,-0.2,1.08,GOOD
39516,3086,1979.0,-41.331842198621814,432.0,82.4,98.0,-1.6,-0.2,1.08,GOOD
39516,3087,1977.0,-105.2594014621136,432.0,82.4,98.0,-1.6,-0.2,1.08,GOOD
39516,3088,1967.0,-122.51056280128594,433.0,82.4,98.0,-1.6,-0.2,1.08,GOOD
39516,3089,1929.0,-104.62582305232716,433.0,82.4,98.0,-1.6,-0.2,1.08,GOOD
39516,3090,1955.0,-89.82081194036292,433.0,82.4,98.0,-1.6,-0.2,1.08,GOOD
39516,3091,2003.0,-91.44773490456356,433.0,82.4,98.0,-1.6,-0.2,1.08,GOOD
39516,3092,2169.0,-84.72119967786972,433.0,82.4,98.0,-1.6,-0.2,1.08,GOOD
39516,3093,2110.0,-42.472325292616816,433.0,82.4,98.0,-1.6,-0.2,1.08,GOOD
39516,3094,2075.0,20.591785242524328,433.0,82.4,98.0,-1.6,-0.2,1.08,GOOD
39516,3095,2093.0,63.1665648200395,433.0,82.4,98.0,-1.6,-0.2,1.08,GOOD
39516,3096,2097.0,69.74725456674356,434.0,82.4,98.0,-1.6,-0.2,1.08,GOOD
39516,3097,2109.0,57.50241521925674,434.0,82.4,98.0,-1.6,-0.2,1.08,GOOD
39516,3098,2076.0,45.706292543205784,434.0,82.4,98.0,-1.6,-0.2,1.08,GOOD
39516,3099,2081.0,38.98865693651476,434.0,82.4,98.0,-1.6,-0.2,1.08,GOOD
39516,3100,2055.0,32.90137120162326,434.0,82.4,98.0,-1.6,-0.2,1.08,GOOD
39613,3101,2134.0,26.79599357610874,434.0,82.4,98.0,-1.7,-0.3,1.07,GOOD
39613,3102,2134.0,28.358880204682613,434.0,82.4,98.0,-1.7,-0.3,1.07,GOOD
39613,3103,2103.0,40.995050417317486,434.0,82.4,98.0,-1.7,-0.3,1.07,GOOD
39613,3104,2028.0,52.27525080933589,434.0,82.4,98.0,-1.7,-0.3,1.07,GOOD
39613,3105,2058.0,47.167676326534234,434.0,82.4,98.0,-1.7,-0.3,1.07,GOOD
39613,3106,2094.0,28.434892726282488,434.0,82.4,98.0,-1.7,-0.3,1.07,GOOD
39613,3107,2074.0,11.27266147751123,434.0,82.4,98.0,-1.7,-0.3,1.07,GOOD
39613,3108,2125.0,5.675934989792221,435.0,82.4,98.0,-1.7,-0.3,1.07,GOOD
39613,3109,2085.0,13.951908714086263,435.0,82.4,98.0,-1.7,-0.3,1.07,GOOD
39613,3110,2114.0,31.357301297009997,435.0,82.4,98.0,-1.7,-0.3,1.07,GOOD
39613,3111,2143.0,48.72066625057,435.0,82.4,98.0,-1.7,-0.3,1.07,GOOD
39613,3112,2382.0,69.99007828698117,435.0,82.4,98.0,-1.7,-0.3,1.07,GOOD
39613,3113,2336.0,113.9347630921408,435.0,82.4,98.0,-1.7,-0.3,1.07,GOOD
39613,3114,2324.0,180.64333016343204,435.0,82.4,98.0,-1.7,-0.3,1.07,GOOD
39613,3115,2349.0,243.9408055682846,435.0,82.4,98.0,-1.7,-0.3,1.07,GOOD
39613,3116,2424.0,285.8793120702351,435.0,82.4,98.0,-1.7,-0.3,1.07,GOOD
39613,3117,2443.0,308.244789536908,435.0,82.4,98.0,-1.7,-0.3,1.07,GOOD
39613,3118,2406.0,316.79761005865726,435.0,82.4,98.0,-1.7,-0.3,1.07,GOOD
39613,3119,2408.0,316.25694702119006,435.0,82.4,98.0,-1.7,-0.3,1.07,GOOD
39613,3120,2344.0,311.93738981562603,436.0,82.4,98.0,-1.7,-0.3,1.07,GOOD
39613,3121,2381.0,303.3094333050482,436.0,82.4,98.0,-1.7,-0.3,1.07,GOOD
39613,3122,2360.0,284.9719484031637,436.0,82.4,98.0,-1.7,-0.3,1.07,GOOD
39613,3123,2338.0,256.6154216961771,436.0,82.4,98.0,-1.7,-0.3,1.07,GOOD
39613,3124,2221.0,222.89114388045877,436.0,82.4,98.0,-1.7,-0.3,1.07,GOOD
39613,3125,2257.0,188.5870736041509,436.0,82.4,98.0,-1.7,-0.3,1.07,GOOD
39709,3126,2267.0,159.268369626925,436.0,82.4,98.0,-1.6,-0.2,1.07,GOOD
39709,3127,2248.0,136.43402501307975,436.0,82.4,98.0,-1.6,-0.2,1.07,GOOD
39709,3128,2122.0,110.51622183554163,436.0,82.4,98.0,-1.6,-0.2,1.07,GOOD
39709,3129,2106.0,72.59064858422511,436.0,82.4,98.0,-1.6,-0.2,1.07,GOOD
39709,3130,2124.0,31.3250575203026,436.0,82.4,98.0,-1.6,-0.2,1.07,GOOD
39709,3131,2127.0,2.022875293854038,436.0,82.4,98.0,-1.6,-0.2,1.07,GOOD
39709,3132,2017.0,-19.67055502218582,436.0,82.4,98.0,-1.6,-0.2,1.07,GOOD
39709,3133,1978.0,-52.607784830634756,436.0,82.4,98.0,-1.6,-0.2,1.07,GOOD
39709,3134,1954.0,-98.27055810357092,436.0,82.4,98.0,-1.6,-0.2,1.07,GOOD
39709,3135,1968.0,-137.41467167245025,436.0,82.4,98.0,-1.6,-0.2,1.07,GOOD
39709,3136,2031.0,-156.26881162272156,436.0,82.4,98.0,-1.6,-0.2,1.07,GOOD
39709,3137,2033.0,-156.6423072132789,436.0,82.4,98.0,-1.6,-0.2,1.07,GOOD
39709,3138,2011.0,-146.5475022917533,436.0,82.4,98.0,-1.6,-0.2,1.07,GOOD
39709,3139,2025.0,-130.2649172762609,436.0,82.4,98.0,-1.6,-0.2,1.07,GOOD
39709,3140,1955.0,-111.45922391888313,436.0,82.4,98.0,-1.6,-0.2,1.07,GOOD
39709,3141,1986.0,-103.27700788301301,436.0,82.4,98.0,-1.6,-0.2,1.07,GOOD
39709,3142,1983.0,-116.42238978129384,436.0,82.4,98.0,-1.6,-0.2,1.07,GOOD
39709,3143,1970.0,-141.98058886097147,436.0,82.4,98.0,-1.6,-0.2,1.07,GOOD
39709,3144,1837.0,-164.98383823544538,436.0,82.4,98.0,-1.6,-0.2,1.07,GOOD
39709,3145,1858.0,-184.59222206011174,436.0,82.4,98.0,-1.6,-0.2,1.07,GOOD
39709,3146,1883.0,-206.27212183798463,436.0,82.4,98.0,-1.6,-0.2,1.07,GOOD
39709,3147,1865.0,-229.55080372880371,436.0,82.4,98.0,-1.6,-0.2,1.07,GOOD
39709,3148,1892.0,-248.8690922310957,436.0,82.4,98.0,-1.6,-0.2,1.07,GOOD
39709,3149,1882.0,-253.2680272891283,436.0,82.4,98.0,-1.6,-0.2,1.07,GOOD
39709,3150,1889.0,-236.2746682257925,436.0,82.4,98.0,-1.6,-0.2,1.07,GOOD
39809,3151,1888.0,-209.77329667406008,436.0,82.4,98.0,-1.7,-0.2,1.08,GOOD
39809,3152,1916.0,-193.37320168838568,436.0,82.4,98.0,-1.7,-0.2,1.08,GOOD
39809,3153,1882.0,-192.97447592552552,436.0,82.4,98.0,-1.7,-0.2,1.08,GOOD
39809,3154,1874.0,-198.69694518039597,436.0,82.4,98.0,-1.7,-0.2,1.08,GOOD
39809,3155,1885.0,-198.9782210149661,436.0,82.4,98.0,-1.7,-0.2,1.08,GOOD
39809,3156,2063.0,-185.56644454494415,436.0,82.4,98.0,-1.7,-0.2,1.08,GOOD
39809,3157,2041.0,-152.71595982487244,436.0,82.4,98.0,-1.7,-0.2,1.08,GOOD
39809,3158,2024.0,-107.66140948280443,436.0,82.4,98.0,-1.7,-0.2,1.08,GOOD
39809,3159,2036.0,-66.36431438147005,436.0,82.4,98.0,-1.7,-0.2,1.08,GOOD
39809,3160,1922.0,-39.926347713352094,435.0,82.4,98.0,-1.7,-0.2,1.08,GOOD
39809,3161,1931.0,-40.63966127573829,435.0,82.4,98.0,-1.7,-0.2,1.08,GOOD
39809,3162,1921.0,-74.34278001176703,435.0,82.4,98.0,-1.7,-0.2,1.08,GOOD
39809,3163,1937.0,-123.15040815094159,435.0,82.4,98.0,-1.7,-0.2,1.08,GOOD
39809,3164,1869.0,-159.3606378324877,435.0,82.4,98.0,-1.7,-0.2,1.08,GOOD
39809,3165,1913.0,-170.3784794941937,435.0,82.4,98.0,-1.7,-0.2,1.08,GOOD
39809,3166,1904.0,-162.7390403226274,435.0,82.4,98.0,-1.7,-0.2,1.08,GOOD
39809,3167,1896.0,-152.87094375127174,435.0,82.4,98.0,-1.7,-0.2,1.08,GOOD
39809,3168,1842.0,-155.31668478704495,435.0,82.4,98.0,-1.7,-0.2,1.08,GOOD
39809,3169,1851.0,-170.20441321521622,435.0,82.4,98.0,-1.7,-0.2,1.08,GOOD
39809,3170,1877.0,-183.33879068046966,435.0,82.4,98.0,-1.7,-0.2,1.08,GOOD
39809,3171,1866.0,-184.2703710689495,435.0,82.4,98.0,-1.7,-0.2,1.08,GOOD
39809,3172,1943.0,-176.0799026414386,435.0,82.4,98.0,-1.7,-0.2,1.08,GOOD
39809,3173,1913.0,-162.8183506477386,435.0,82.4,98.0,-1.7,-0.2,1.08,GOOD
39809,3174,1921.0,-144.10846457793178,435.0,82.4,98.0,-1.7,-0.2,1.08,GOOD
39809,3175,1932.0,-121.67015620331516,435.0,82.4,98.0,-1.7,-0.2,1.08,GOOD
39920,3176,2058.0,-96.31687549996165,435.0,82.4,98.0,-1.6,-0.3,1.08,GOOD
39920,3177,2035.0,-66.03314361943457,435.0,82.4,98.0,-1.6,-0.3,1.08,GOOD
39920,3178,2025.0,-34.98002356121751,435.0,82.4,98.0,-1.6,-0.3,1.08,GOOD
39920,3179,2040.0,-10.49628855411271,435.0,82.4,98.0,-1.6,-0.3,1.08,GOOD
39920,3180,2058.0,8.476536907960908,435.0,82.4,98.0,-1.6,-0.3,1.08,GOOD
39920,3181,2055.0,23.932806674017158,435.0,82.4,98.0,-1.6,-0.3,1.08,GOOD
39920,3182,2046.0,30.12324554197203,435.0,82.4,98.0,-1.6,-0.3,1.08,GOOD
39920,3183,2042.0,24.132704657611043,435.0,82.4,98.0,-1.6,-0.3,1.08,GOOD
39920,3184,1891.0,8.708216379151743,435.0,82.4,98.0,-1.6,-0.3,1.08,GOOD
39920,3185,1919.0,-17.800070171071052,435.0,82.4,98.0,-1.6,-0.3,1.08,GOOD
39920,3186,1914.0,-54.479558050538756,435.0,82.4,98.0,-1.6,-0.3,1.08,GOOD
39920,3187,1899.0,-91.96090251199776,435.0,82.4,98.0,-1.6,-0.3,1.08,GOOD
39920,3188,1921.0,-120.63918143144895,435.0,82.4,98.0,-1.6,-0.3,1.08,GOOD
39920,3189,1933.0,-130.80562203112652,435.0,82.4,98.0,-1.6,-0.3,1.08,GOOD
39920,3190,1984.0,-115.86670478385015,435.0,82.4,98.0,-1.6,-0.3,1.08,GOOD
39920,3191,1950.0,-83.96331339116341,435.0,82.4,98.0,-1.6,-0.3,1.08,GOOD
39920,3192,1948.0,-56.89662993451841,434.0,82.4,98.0,-1.6,-0.3,1.08,GOOD
39920,3193,1943.0,-49.59251184241926,434.0,82.4,98.0,-1.6,-0.3,1.08,GOOD
39920,3194,1939.0,-56.296710053513756,434.0,82.4,98.0,-1.6,-0.3,1.08,GOOD
39920,3195,1950.0,-62.99028664608192,434.0,82.4,98.0,-1.6,-0.3,1.08,GOOD
39920,3196,2008.0,-61.492788994804116,434.0,82.4,98.0,-1.6,-0.3,1.08,GOOD
39920,3197,1952.0,-52.17349215106524,434.0,82.4,98.0,-1.6,-0.3,1.08,GOOD
39920,3198,1957.0,-42.98306344039105,434.0,82.4,98.0,-1.6,-0.3,1.08,GOOD
39920,3199,1955.0,-39.46337510841248,434.0,82.4,98.0,-1.6,-0.3,1.08,GOOD
39920,3200,2064.0,-34.796915340294376,434.0,82.4,98.0,-1.6,-0.3,1.08,GOOD
40017,3201,2066.0,-17.619808166821688,434.0,82.4,98.0,-1.7,-0.3,1.07,GOOD
40017,3202,2061.0,11.087090109078858,434.0,82.4,98.0,-1.7,-0.3,1.07,GOOD
40017,3203,2063.0,39.133323596641105,434.0,82.4,98.0,-1.7,-0.3,1.07,GOOD
40017,3204,1916.0,53.35488487896099,434.0,82.4,98.0,-1.7,-0.3,1.07,GOOD
40017,3205,1943.0,40.942603768602154,434.0,82.4,98.0,-1.7,-0.3,1.07,GOOD
40017,3206,1940.0,2.2664311109910553,434.0,82.4,98.0,-1.7,-0.3,1.07,GOOD
40017,3207,1925.0,-43.55243321326168,434.0,82.4,98.0,-1.7,-0.3,1.07,GOOD
40017,3208,1900.0,-77.9770733653268,434.0,82.4,98.0,-1.7,-0.3,1.07,GOOD
40017,3209,1927.0,-92.9005477752671,434.0,82.4,98.0,-1.7,-0.3,1.07,GOOD
40017,3210,1942.0,-88.14437781189405,434.0,82.4,98.0,-1.7,-0.3,1.07,GOOD
40017,3211,1922.0,-73.2361650749763,434.0,82.4,98.0,-1.7,-0.3,1.07,GOOD
40017,3212,1995.0,-60.23174850108424,434.0,82.4,98.0,-1.7,-0.3,1.07,GOOD
40017,3213,1965.0,-49.23025107444333,434.0,82.4,98.0,-1.7,-0.3,1.07,GOOD
40017,3214,1993.0,-33.967068178321476,434.0,82.4,98.0,-1.7,-0.3,1.07,GOOD
40017,3215,1995.0,-14.837006067987149,434.0,82.4,98.0,-1.7,-0.3,1.07,GOOD
40017,3216,2012.0,2.2561463593855353,434.0,82.4,98.0,-1.7,-0.3,1.07,GOOD
40017,3217,1972.0,10.867091974812592,434.0,82.4,98.0,-1.7,-0.3,1.07,GOOD
40017,3218,1966.0,8.160316016528073,434.0,82.4,98.0,-1.7,-0.3,1.07,GOOD
40017,3219,1981.0,-0.9476702814304456,434.0,82.4,98.0,-1.7,-0.3,1.07,GOOD
40017,3220,2131.0,-1.740910872667872,434.0,82.4,98.0,-1.7,-0.3,1.07,GOOD
40017,3221,2119.0,21.085407173582105,434.0,82.4,98.0,-1.7,-0.3,1.07,GOOD
40017,3222,2108.0,63.215769393609975,434.0,82.4,98.0,-1.7,-0.3,1.07,GOOD
40017,3223,2120.0,104.15492233331722,434.0,82.4,98.0,-1.7,-0.3,1.07,GOOD
40017,3224,2053.0,128.83671756489935,433.0,82.4,98.0,-1.7,-0.3,1.07,GOOD
40017,3225,2068.0,130.21609913146523,433.0,82.4,98.0,-1.7,-0.3,1.07,GOOD
40115,3226,2058.0,109.26220462881977,433.0,82.9,98.0,-1.6,-0.3,1.07,GOOD
40115,3227,2051.0,78.65410147927386,433.0,82.9,98.0,-1.6,-0.3,1.07,GOOD
40115,3228,1936.0,50.25352318608658,433.0,82.9,98.0,-1.6,-0.3,1.07,GOOD
40115,3229,1933.0,23.1249490757741,433.0,82.9,98.0,-1.6,-0.3,1.07,GOOD
40115,3230,1933.0,-6.999105831026146,433.0,82.9,98.0,-1.6,-0.3,1.07,GOOD
40115,3231,1906.0,-38.445965788746136,433.0,82.9,98.0,-1.6,-0.3,1.07,GOOD
40115,3232,1910.0,-67.23484612919326,433.0,82.9,98.0,-1.6,-0.3,1.07,GOOD
40115,3233,1920.0,-86.10935954767567,433.0,82.9,98.0,-1.6,-0.3,1.07,GOOD
40115,3234,1945.0,-86.493169597747,433.0,82.9,98.0,-1.6,-0.3,1.07,GOOD
40115,3235,1933.0,-70.57943244105411,433.0,82.9,98.0,-1.6,-0.3,1.07,GOOD
40115,3236,1967.0,-51.90633172725607,433.0,82.9,98.0,-1.6,-0.3,1.07,GOOD
40115,3237,1928.0,-40.952618011840016,433.0,82.9,98.0,-1.6,-0.3,1.07,GOOD
40115,3238,1931.0,-38.34289521380428,433.0,82.9,98.0,-1.6,-0.3,1.07,GOOD
40115,3239,1944.0,-38.92829196796012,433.0,82.9,98.0,-1.6,-0.3,1.07,GOOD
40115,3240,2092.0,-32.3522948062506,433.0,82.9,98.0,-1.6,-0.3,1.07,GOOD
40115,3241,2081.0,-7.209052758582326,433.0,82.9,98.0,-1.6,-0.3,1.07,GOOD
40115,3242,2074.0,33.5825557789374,433.0,82.9,98.0,-1.6,-0.3,1.07,GOOD
40115,3243,2096.0,74.50782851949982,433.0,82.9,98.0,-1.6,-0.3,1.07,GOOD
40115,3244,2121.0,106.82812349537606,433.0,82.9,98.0,-1.6,-0.3,1.07,GOOD
40115,3245,2134.0,129.24830801690527,433.0,82.9,98.0,-1.6,-0.3,1.07,GOOD
40115,3246,2143.0,139.9775396857084,433.0,82.9,98.0,-1.6,-0.3,1.07,GOOD
40115,3247,2169.0,142.39000381262326,433.0,82.9,98.0,-1.6,-0.3,1.07,GOOD
40115,3248,2783.0,171.74986243524882,433.0,82.9,98.0,-1.6,-0.3,1.07,GOOD
40115,3249,2827.0,289.5650373173594,433.0,82.9,98.0,-1.6,-0.3,1.07,GOOD
40115,3250,2856.0,495.2861343843544,433.0,82.9,98.0,-1.6,-0.3,1.07,GOOD
40212,3251,2839.0,702.1344324425272,433.0,82.9,98.0,-1.6,-0.2,1.08,GOOD
40212,3252,2057.0,802.8178456568742,433.0,82.9,98.0,-1.6,-0.2,1.08,GOOD
40212,3253,2020.0,712.9733345889222,433.0,82.9,98.0,-1.6,-0.2,1.08,GOOD
40212,3254,1978.0,447.5721984328849,433.0,82.9,98.0,-1.6,-0.2,1.08,GOOD
40212,3255,1933.0,134.48856607670535,433.0,82.9,98.0,-1.6,-0.2,1.08,GOOD
40212,3256,1687.0,-111.58818587762143,432.0,82.9,98.0,-1.6,-0.2,1.08,GOOD
40212,3257,1693.0,-258.7998767316456,432.0,82.9,98.0,-1.6,-0.2,1.08,GOOD
40212,3258,1687.0,-320.6010387996821,432.0,82.9,98.0,-1.6,-0.2,1.08,GOOD
40212,3259,1667.0,-330.0522222858692,432.0,82.9,98.0,-1.6,-0.2,1.08,GOOD
40212,3260,2109.0,-316.113063380364,432.0,82.9,98.0,-1.6,-0.2,1.08,GOOD
40212,3261,2111.0,-263.1085860442805,432.0,82.9,98.0,-1.6,-0.2,1.08,GOOD
40212,3262,2124.0,-148.70797256633585,432.0,82.9,98.0,-1.6,-0.2,1.08,GOOD
40212,3263,2119.0,-2.2628330787920845,432.0,82.9,98.0,-1.6,-0.2,1.08,GOOD
40212,3264,1996.0,112.06886320246893,432.0,82.9,98.0,-1.6,-0.2,1.08,GOOD
40212,3265,2008.0,138.84688341807032,432.0,82.9,98.0,-1.6,-0.2,1.08,GOOD
40212,3266,2021.0,78.53574874664835,432.0,82.9,98.0,-1.6,-0.2,1.08,GOOD
40212,3267,2066.0,-2.972370234420218,432.0,82.9,98.0,-1.6,-0.2,1.08,GOOD
40212,3268,2014.0,-38.11917907871627,432.0,82.9,98.0,-1.6,-0.2,1.08,GOOD
40212,3269,2014.0,-20.842397354478255,432.0,82.9,98.0,-1.6,-0.2,1.08,GOOD
40212,3270,1996.0,4.492253400916816,432.0,82.9,98.0,-1.6,-0.2,1.08,GOOD
40212,3271,2017.0,2.8935979599990134,432.0,82.9,98.0,-1.6,-0.2,1.08,GOOD
40212,3272,1972.0,-19.293637666446386,432.0,82.9,98.0,-1.6,-0.2,1.08,GOOD
40212,3273,1977.0,-36.29497148999722,432.0,82.9,98.0,-1.6,-0.2,1.08,GOOD
40212,3274,1967.0,-37.90314232307441,432.0,82.9,98.0,-1.6,-0.2,1.08,GOOD
40212,3275,1947.0,-37.589285920363494,432.0,82.9,98.0,-1.6,-0.2,1.08,GOOD
40325,3276,2091.0,-45.600608027600785,432.0,82.9,98.0,-1.6,-0.2,1.07,GOOD
40325,3277,2096.0,-43.695843400019726,432.0,82.9,98.0,-1.6,-0.2,1.07,GOOD
40325,3278,2123.0,-9.800041285580338,432.0,82.9,98.0,-1.6,-0.2,1.07,GOOD
40325,3279,2083.0,45.605176653060006,432.0,82.9,98.0,-1.6,-0.2,1.07,GOOD
40325,3280,2079.0,87.96663151475366,432.0,82.9,98.0,-1.6,-0.2,1.07,GOOD
40325,3281,2060.0,93.36870237542563,432.0,82.9,98.0,-1.6,-0.2,1.07,GOOD
40325,3282,2064.0,68.80473406897411,432.0,82.9,98.0,-1.6,-0.2,1.07,GOOD
40325,3283,2082.0,41.59880322731314,432.0,82.9,98.0,-1.6,-0.2,1.07,GOOD
40325,3284,2227.0,38.20229032574365,431.0,82.9,98.0,-1.6,-0.2,1.07,GOOD
40325,3285,2235.0,69.80143179936648,431.0,82.9,98.0,-1.6,-0.2,1.07,GOOD
40325,3286,2244.0,123.11784302203841,431.0,82.9,98.0,-1.6,-0.2,1.07,GOOD
40325,3287,2288.0,174.42282049751583,431.0,82.9,98.0,-1.6,-0.2,1.07,GOOD
40325,3288,2158.0,208.92578347118945,431.0,82.9,98.0,-1.6,-0.2,1.07,GOOD
40325,3289,2153.0,214.6191731987724,431.0,82.9,98.0,-1.6,-0.2,1.07,GOOD
40325,3290,2128.0,185.61017776346114,431.0,82.9,98.0,-1.6,-0.2,1.07,GOOD
40325,3291,2144.0,135.770765340372,431.0,82.9,98.0,-1.6,-0.2,1.07,GOOD
40325,3292,2206.0,92.92506589597181,431.0,82.9,98.0,-1.6,-0.2,1.07,GOOD
40325,3293,2226.0,82.1697698836989,431.0,82.9,98.0,-1.6,-0.2,1.07,GOOD
40325,3294,2220.0,106.48883293174453,431.0,82.9,98.0,-1.6,-0.2,1.07,GOOD
40325,3295,2204.0,142.9768062761664,431.0,82.9,98.0,-1.6,-0.2,1.07,GOOD
40325,3296,2311.0,169.2144238496927,431.0,82.9,98.0,-1.6,-0.2,1.07,GOOD
40325,3297,2317.0,186.30058658723277,431.0,82.9,98.0,-1.6,-0.2,1.07,GOOD
40325,3298,2335.0,205.60497294765668,431.0,82.9,98.0,-1.6,-0.2,1.07,GOOD
40325,3299,2311.0,228.00632074030983,431.0,82.9,98.0,-1.6,-0.2,1.07,GOOD
40325,3300,2446.0,250.62901004869695,431.0,82.9,98.0,-1.6,-0.2,1.07,GOOD
40424,3301,2417.0,276.82541392922855,431.0,82.9,98.0,-1.6,-0.3,1.08,GOOD
40424,3302,2427.0,304.130269124848,431.0,82.9,98.0,-1.6,-0.3,1.08,GOOD
40424,3303,2434.0,322.485536092457,431.0,82.9,98.0,-1.6,-0.3,1.08,GOOD
40424,3304,2359.0,327.3415249142166,431.0,82.9,98.0,-1.6,-0.3,1.08,GOOD
40424,3305,2344.0,316.60045001378796,431.0,82.9,98.0,-1.6,-0.3,1.08,GOOD
40424,3306,2348.0,289.7061684081086,431.0,82.9,98.0,-1.6,-0.3,1.08,GOOD
40424,3307,2374.0,255.74438222262512,431.0,82.9,98.0,-1.6,-0.3,1.08,GOOD
40424,3308,2122.0,219.5779724423213,431.0,82.9,98.0,-1.6,-0.3,1.08,GOOD
40424,3309,2121.0,168.56156488378792,431.0,82.9,98.0,-1.6,-0.3,1.08,GOOD
40424,3310,2099.0,99.22981113426573,431.0,82.9,98.0,-1.6,-0.3,1.08,GOOD
40424,3311,2092.0,30.44935121597824,431.0,82.9,98.0,-1.6,-0.3,1.08,GOOD
40424,3312,1928.0,-28.94067719895385,430.0,82.9,98.0,-1.6,-0.3,1.08,GOOD
40424,3313,1958.0,-87.48189535623479,430.0,82.9,98.0,-1.6,-0.3,1.08,GOOD
40424,3314,1930.0,-141.21029226508762,430.0,82.9,98.0,-1.6,-0.3,1.08,GOOD
40424,3315,1901.0,-175.82170691002767,430.0,82.9,98.0,-1.6,-0.3,1.08,GOOD
40424,3316,1856.0,-195.54241162108025,430.0,82.9,98.0,-1.6,-0.3,1.08,GOOD
40424,3317,1871.0,-216.6673447213549,430.0,82.9,98.0,-1.6,-0.3,1.08,GOOD
40424,3318,1886.0,-239.8549051298826,430.0,82.9,98.0,-1.6,-0.3,1.08,GOOD
40424,3319,1882.0,-250.71692952408102,430.0,82.9,98.0,-1.6,-0.3,1.08,GOOD
40424,3320,1981.0,-239.02455088179718,430.0,82.9,98.0,-1.6,-0.3,1.08,GOOD
40424,3321,1994.0,-205.94251942620994,430.0,82.9,98.0,-1.6,-0.3,1.08,GOOD
40424,3322,1973.0,-164.77441432186674,430.0,82.9,98.0,-1.6,-0.3,1.08,GOOD
40424,3323,1964.0,-133.89820965482252,430.0,82.9,98.0,-1.6,-0.3,1.08,GOOD
40424,3324,2038.0,-116.95716357000866,430.0,82.9,98.0,-1.6,-0.3,1.08,GOOD
40424,3325,1982.0,-103.76639097898135,430.0,82.9,98.0,-1.6,-0.3,1.08,GOOD
40519,3326,1963.0,-94.77041408475051,430.0,82.9,98.0,-1.6,-0.3,1.08,GOOD
40519,3327,1978.0,-99.27097117597015,430.0,82.9,98.0,-1.6,-0.3,1.08,GOOD
40519,3328,1948.0,-114.07275649445789,430.0,82.9,98.0,-1.6,-0.3,1.08,GOOD
40519,3329,1941.0,-128.01926007753423,430.0,82.9,98.0,-1.6,-0.3,1.08,GOOD
40519,3330,1892.0,-138.32240603719004,430.0,82.9,98.0,-1.6,-0.3,1.08,GOOD
40519,3331,1914.0,-150.21118314654905,430.0,82.9,98.0,-1.6,-0.3,1.08,GOOD
40519,3332,1884.0,-166.04455532751865,429.0,82.9,98.0,-1.6,-0.3,1.08,GOOD
40519,3333,1935.0,-179.97839082928218,429.0,82.9,98.0,-1.6,-0.3,1.08,GOOD
40519,3334,1928.0,-182.36659334324594,429.0,82.9,98.0,-1.6,-0.3,1.08,GOOD
40519,3335,1904.0,-171.49714939799225,429.0,82.9,98.0,-1.6,-0.3,1.08,GOOD
40519,3336,1839.0,-160.904248884771,429.0,82.9,98.0,-1.6,-0.3,1.08,GOOD
40519,3337,1859.0,-165.9855940736521,429.0,82.9,98.0,-1.6,-0.3,1.08,GOOD
40519,3338,1880.0,-184.35970931079834,429.0,82.9,98.0,-1.6,-0.3,1.08,GOOD
40519,3339,1865.0,-200.34587269724145,429.0,82.9,98.0,-1.6,-0.3,1.08,GOOD
40519,3340,1972.0,-200.76989190619,429.0,82.9,98.0,-1.6,-0.3,1.08,GOOD
40519,3341,1948.0,-179.17376427151402,429.0,82.9,98.0,-1.6,-0.3,1.08,GOOD
40519,3342,1963.0,-141.984933334578,429.0,82.9,98.0,-1.6,-0.3,1.08,GOOD
40519,3343,1981.0,-106.08529258141513,429.0,82.9,98.0,-1.6,-0.3,1.08,GOOD
40519,3344,2032.0,-79.9057732006373,428.0,82.9,98.0,-1.6,-0.3,1.08,GOOD
40519,3345,1987.0,-61.13990598596982,428.0,82.9,98.0,-1.6,-0.3,1.08,GOOD
40519,3346,1969.0,-50.468440882987274,428.0,82.9,98.0,-1.6,-0.3,1.08,GOOD
40519,3347,1990.0,-50.28300965822645,428.0,82.9,98.0,-1.6,-0.3,1.08,GOOD
40519,3348,1944.0,-57.443130906941164,428.0,82.9,98.0,-1.6,-0.3,1.08,GOOD
40519,3349,1950.0,-69.22450670859894,428.0,82.9,98.0,-1.6,-0.3,1.08,GOOD
40519,3350,1915.0,-85.14423133049112,428.0,82.9,98.0,-1.6,-0.3,1.08,GOOD
40617,3351,1922.0,-101.86152328864927,428.0,82.9,98.0,-1.6,-0.3,1.08,GOOD
40617,3352,1880.0,-115.60795507994025,428.0,82.9,98.0,-1.6,-0.3,1.08,GOOD
40617,3353,1912.0,-126.00155010808568,428.0,82.9,98.0,-1.6,-0.3,1.08,GOOD
40617,3354,1898.0,-133.40744106292112,428.0,82.9,98.0,-1.6,-0.3,1.08,GOOD
40617,3355,1890.0,-137.56930609557142,428.0,82.9,98.0,-1.6,-0.3,1.08,GOOD
40617,3356,1844.0,-140.74845150587748,428.0,82.9,98.0,-1.6,-0.3,1.08,GOOD
40617,3357,1870.0,-145.91866136792135,428.0,82.9,98.0,-1.6,-0.3,1.08,GOOD
40617,3358,1895.0,-150.85510560953918,428.0,82.9,98.0,-1.6,-0.3,1.08,GOOD
40617,3359,1877.0,-151.21450750909747,428.0,82.9,98.0,-1.6,-0.3,1.08,GOOD
40617,3360,1993.0,-143.38829636031448,427.0,82.9,98.0,-1.6,-0.3,1.08,GOOD
40617,3361,1953.0,-121.14220566035421,427.0,82.9,98.0,-1.6,-0.3,1.08,GOOD
40617,3362,1986.0,-85.71955968458326,427.0,82.9,98.0,-1.6,-0.3,1.08,GOOD
40617,3363,1999.0,-50.00150849523254,427.0,82.9,98.0,-1.6,-0.3,1.08,GOOD
40617,3364,2082.0,-21.594524506739567,427.0,82.9,98.0,-1.6,-0.3,1.08,GOOD
40617,3365,2037.0,1.9226376684156934,427.0,82.9,98.0,-1.6,-0.3,1.08,GOOD
40617,3366,2020.0,20.203533047789268,427.0,82.9,98.0,-1.6,-0.3,1.08,GOOD
40617,3367,2046.0,29.72030617690143,427.0,82.9,98.0,-1.6,-0.3,1.08,GOOD
40617,3368,1991.0,30.710641017565983,426.0,82.9,98.0,-1.6,-0.3,1.08,GOOD
40617,3369,1997.0,21.935328826282138,426.0,82.9,98.0,-1.6,-0.3,1.08,GOOD
40617,3370,1968.0,2.415188466002734,426.0,82.9,98.0,-1.6,-0.3,1.08,GOOD
40617,3371,1984.0,-20.141428227313142,426.0,82.9,98.0,-1.6,-0.3,1.08,GOOD
40617,3372,1949.0,-35.43465984991199,426.0,82.9,98.0,-1.6,-0.3,1.08,GOOD
40617,3373,1975.0,-41.295715641818774,426.0,82.9,98.0,-1.6,-0.3,1.08,GOOD
40617,3374,1973.0,-42.22131990997355,426.0,82.9,98.0,-1.6,-0.3,1.08,GOOD
40617,3375,1954.0,-42.66556001661732,426.0,82.9,98.0,-1.6,-0.3,1.08,GOOD
40728,3376,1891.0,-47.11107248659998,426.0,82.9,98.0,-1.6,-0.2,1.07,GOOD
40728,3377,1930.0,-57.97208868820077,426.0,82.9,98.0,-1.6,-0.2,1.07,GOOD
40728,3378,1937.0,-69.90474868730894,426.0,82.9,98.0,-1.6,-0.2,1.07,GOOD
40728,3379,1911.0,-77.20116697360842,426.0,82.9,98.0,-1.6,-0.2,1.07,GOOD
40728,3380,1918.0,-81.88602795084378,425.0,82.9,98.0,-1.6,-0.2,1.07,GOOD
40728,3381,1899.0,-85.67671580103915,425.0,82.9,98.0,-1.6,-0.2,1.07,GOOD
40728,3382,1925.0,-85.65103638031962,425.0,82.9,98.0,-1.6,-0.2,1.07,GOOD
40728,3383,1935.0,-80.20299823754881,425.0,82.9,98.0,-1.6,-0.2,1.07,GOOD
40728,3384,2124.0,-64.85859690104638,424.0,82.9,98.0,-1.6,-0.2,1.07,GOOD
40728,3385,2079.0,-28.98367083351346,424.0,82.9,98.0,-1.6,-0.2,1.07,GOOD
40728,3386,2081.0,24.61941676241876,424.0,82.9,98.0,-1.6,-0.2,1.07,GOOD
40728,3387,2090.0,75.39081546302586,424.0,82.9,98.0,-1.6,-0.2,1.07,GOOD
40728,3388,2157.0,109.99769844325435,424.0,82.9,98.0,-1.6,-0.2,1.07,GOOD
40728,3389,2134.0,128.81725048623895,424.0,82.9,98.0,-1.6,-0.2,1.07,GOOD
40728,3390,2118.0,133.65122082324618,424.0,82.9,98.0,-1.6,-0.2,1.07,GOOD
40728,3391,2126.0,128.4987074206462,424.0,82.9,98.0,-1.6,-0.2,1.07,GOOD
40728,3392,1954.0,117.04218833212107,423.0,82.9,98.0,-1.6,-0.2,1.07,GOOD
40728,3393,1981.0,90.8309852214848,423.0,82.9,98.0,-1.6,-0.2,1.07,GOOD
40728,3394,1957.0,44.19143088973409,423.0,82.9,98.0,-1.6,-0.2,1.07,GOOD
40728,3395,1954.0,-9.641958923910309,423.0,82.9,98.0,-1.6,-0.2,1.07,GOOD
40728,3396,1979.0,-49.816732098144705,423.0,82.9,98.0,-1.6,-0.2,1.07,GOOD
40728,3397,2015.0,-59.8291907393325,423.0,82.9,98.0,-1.6,-0.2,1.07,GOOD
40728,3398,2033.0,-37.78828599512252,423.0,82.9,98.0,-1.6,-0.2,1.07,GOOD
40728,3399,2034.0,-1.516891512466418,423.0,82.9,98.0,-1.6,-0.2,1.07,GOOD
40728,3400,1941.0,22.42733275898264,423.0,82.9,98.0,-1.6,-0.2,1.07,GOOD
40825,3401,1920.0,16.78065609626858,423.0,83.9,98.0,-1.8,-0.2,1.08,GOOD
40825,3402,1935.0,-12.44338740137754,423.0,83.9,98.0,-1.8,-0.2,1.08,GOOD
40825,3403,1936.0,-43.65159352141373,423.0,83.9,98.0,-1.8,-0.2,1.08,GOOD
40825,3404,2081.0,-57.81282246160238,422.0,83.9,98.0,-1.8,-0.2,1.08,GOOD
40825,3405,2071.0,-42.92073282765731,422.0,83.9,98.0,-1.8,-0.2,1.08,GOOD
40825,3406,2077.0,-0.9788802055627297,422.0,83.9,98.0,-1.8,-0.2,1.08,GOOD
40825,3407,2102.0,50.55727327067082,422.0,83.9,98.0,-1.8,-0.2,1.08,GOOD
40825,3408,2102.0,93.61514261454661,422.0,83.9,98.0,-1.8,-0.2,1.08,GOOD
40825,3409,2073.0,114.99075305277691,422.0,83.9,98.0,-1.8,-0.2,1.08,GOOD
40825,3410,2096.0,110.27131617891732,422.0,83.9,98.0,-1.8,-0.2,1.08,GOOD
40825,3411,2057.0,91.14228031769447,422.0,83.9,98.0,-1.8,-0.2,1.08,GOOD
40825,3412,1959.0,70.45586569974297,421.0,83.9,98.0,-1.8,-0.2,1.08,GOOD
40825,3413,1983.0,46.46480714073093,421.0,83.9,98.0,-1.8,-0.2,1.08,GOOD
40825,3414,1952.0,15.086210824131374,421.0,83.9,98.0,-1.8,-0.2,1.08,GOOD
40825,3415,1947.0,-19.629446724479518,421.0,83.9,98.0,-1.8,-0.2,1.08,GOOD
40825,3416,1928.0,-49.49902319939205,421.0,83.9,98.0,-1.8,-0.2,1.08,GOOD
40825,3417,1973.0,-64.69883179150374,421.0,83.9,98.0,-1.8,-0.2,1.08,GOOD
40825,3418,1994.0,-58.979612195865506,421.0,83.9,98.0,-1.8,-0.2,1.08,GOOD
40825,3419,1973.0,-39.13547676957534,421.0,83.9,98.0,-1.8,-0.2,1.08,GOOD
40825,3420,2633.0,3.830148763115453,421.0,83.9,98.0,-1.8,-0.2,1.08,GOOD
40825,3421,2666.0,120.26722454738145,421.0,83.9,98.0,-1.8,-0.2,1.08,GOOD
40825,3422,2717.0,323.33903099767514,421.0,83.9,98.0,-1.8,-0.2,1.08,GOOD
40825,3423,2745.0,542.2919131158089,421.0,83.9,98.0,-1.8,-0.2,1.08,GOOD
40825,3424,2526.0,692.1966441182674,421.0,83.9,98.0,-1.8,-0.2,1.08,GOOD
40825,3425,2415.0,720.0940458386585,421.0,83.9,98.0,-1.8,-0.2,1.08,GOOD
40923,3426,2397.0,625.1091763315155,421.0,83.9,98.0,-1.8,-0.2,1.08,GOOD
40923,3427,2401.0,471.3662315582613,421.0,83.9,98.0,-1.8,-0.2,1.08,GOOD
40923,3428,1755.0,317.65246628341185,420.0,83.9,98.0,-1.8,-0.2,1.08,GOOD
40923,3429,1742.0,151.58237609735647,420.0,83.9,98.0,-1.8,-0.2,1.08,GOOD
40923,3430,1683.0,-42.91829076397275,420.0,83.9,98.0,-1.8,-0.2,1.08,GOOD
40923,3431,1667.0,-229.5363593235591,420.0,83.9,98.0,-1.8,-0.2,1.08,GOOD
40923,3432,1983.0,-355.3795560203478,420.0,83.9,98.0,-1.8,-0.2,1.08,GOOD
40923,3433,2042.0,-371.17889190679335,420.0,83.9,98.0,-1.8,-0.2,1.08,GOOD
40923,3434,2053.0,-267.24234934942274,420.0,83.9,98.0,-1.8,-0.2,1.08,GOOD
40923,3435,2022.0,-107.70023731092269,420.0,83.9,98.0,-1.8,-0.2,1.08,GOOD
40923,3436,1893.0,10.757352580675265,420.0,83.9,98.0,-1.8,-0.2,1.08,GOOD
40923,3437,1934.0,28.649061714808973,420.0,83.9,98.0,-1.8,-0.2,1.08,GOOD
40923,3438,1980.0,-32.49319748514324,420.0,83.9,98.0,-1.8,-0.2,1.08,GOOD
40923,3439,1972.0,-97.38473509241122,420.0,83.9,98.0,-1.8,-0.2,1.08,GOOD
40923,3440,1973.0,-115.14707860329945,420.0,83.9,98.0,-1.8,-0.2,1.08,GOOD
40923,3441,1944.0,-94.32097835944177,420.0,83.9,98.0,-1.8,-0.2,1.08,GOOD
40923,3442,1967.0,-72.1206664436933,420.0,83.9,98.0,-1.8,-0.2,1.08,GOOD
40923,3443,1996.0,-67.72273846219092,420.0,83.9,98.0,-1.8,-0.2,1.08,GOOD
40923,3444,2031.0,-67.9226616021149,420.0,83.9,98.0,-1.8,-0.2,1.08,GOOD
40923,3445,1993.0,-54.57055415223045,420.0,83.9,98.0,-1.8,-0.2,1.08,GOOD
40923,3446,1965.0,-33.66227001011289,420.0,83.9,98.0,-1.8,-0.2,1.08,GOOD
40923,3447,1991.0,-25.630224656861092,420.0,83.9,98.0,-1.8,-0.2,1.08,GOOD
40923,3448,2158.0,-28.997423103371766,419.0,83.9,98.0,-1.8,-0.2,1.08,GOOD
40923,3449,2155.0,-15.142179507150548,419.0,83.9,98.0,-1.8,-0.2,1.08,GOOD
40923,3450,2132.0,29.53480495783413,419.0,83.9,98.0,-1.8,-0.2,1.08,GOOD
41022,3451,2117.0,82.4832443720793,419.0,83.9,98.0,-1.7,-0.3,1.08,GOOD
41022,3452,2073.0,112.24196994892137,419.0,83.9,98.0,-1.7,-0.3,1.08,GOOD
41022,3453,2110.0,106.41447150453928,419.0,83.9,98.0,-1.7,-0.3,1.08,GOOD
41022,3454,2120.0,79.22061410903324,419.0,83.9,98.0,-1.7,-0.3,1.08,GOOD
41022,3455,2106.0,56.54035286444876,419.0,83.9,98.0,-1.7,-0.3,1.08,GOOD
41022,3456,2038.0,48.85065594651692,419.0,83.9,98.0,-1.7,-0.3,1.08,GOOD
41022,3457,2080.0,46.75212454332629,419.0,83.9,98.0,-1.7,-0.3,1.08,GOOD
41022,3458,2106.0,42.04941371875975,419.0,83.9,98.0,-1.7,-0.3,1.08,GOOD
41022,3459,2084.0,36.61501037937597,419.0,83.9,98.0,-1.7,-0.3,1.08,GOOD
41022,3460,2085.0,33.32767137980923,419.0,83.9,98.0,-1.7,-0.3,1.08,GOOD
41022,3461,2102.0,34.87225139463355,419.0,83.9,98.0,-1.7,-0.3,1.08,GOOD
41022,3462,2115.0,43.83025633814543,419.0,83.9,98.0,-1.7,-0.3,1.08,GOOD
41022,3463,2134.0,56.582287244983725,419.0,83.9,98.0,-1.7,-0.3,1.08,GOOD
41022,3464,2314.0,73.14677095083846,419.0,83.9,98.0,-1.7,-0.3,1.08,GOOD
41022,3465,2266.0,105.86403235191129,419.0,83.9,98.0,-1.7,-0.3,1.08,GOOD
41022,3466,2270.0,155.97836578206199,419.0,83.9,98.0,-1.7,-0.3,1.08,GOOD
41022,3467,2270.0,203.49582076566224,419.0,83.9,98.0,-1.7,-0.3,1.08,GOOD
41022,3468,2446.0,236.5898176722988,419.0,83.9,98.0,-1.7,-0.3,1.08,GOOD
41022,3469,2425.0,264.66327954397343,419.0,83.9,98.0,-1.7,-0.3,1.08,GOOD
41022,3470,2403.0,293.97532442360466,419.0,83.9,98.0,-1.7,-0.3,1.08,GOOD
41022,3471,2412.0,318.0899059717691,419.0,83.9,98.0,-1.7,-0.3,1.08,GOOD
41022,3472,2443.0,335.0386495193249,419.0,83.9,98.0,-1.7,-0.3,1.08,GOOD
41022,3473,2463.0,347.367451075257,419.0,83.9,98.0,-1.7,-0.3,1.08,GOOD
41022,3474,2443.0,351.1486108196525,419.0,83.9,98.0,-1.7,-0.3,1.08,GOOD
41022,3475,2430.0,342.2427355831866,419.0,83.9,98.0,-1.7,-0.3,1.08,GOOD
41132,3476,2220.0,319.3867023505302,419.0,83.9,98.0,-1.7,-0.2,1.08,GOOD
41132,3477,2250.0,277.0635009499813,419.0,83.9,98.0,-1.7,-0.2,1.08,GOOD
41132,3478,2254.0,217.2160889585167,419.0,83.9,98.0,-1.7,-0.2,1.08,GOOD
41132,3479,2229.0,155.14437881214883,419.0,83.9,98.0,-1.7,-0.2,1.08,GOOD
41132,3480,2069.0,98.52508943641813,419.0,83.9,98.0,-1.7,-0.2,1.08,GOOD
41132,3481,2067.0,44.51892322153311,419.0,83.9,98.0,-1.7,-0.2,1.08,GOOD
41132,3482,2081.0,-1.5155153177082727,419.0,83.9,98.0,-1.7,-0.2,1.08,GOOD
41132,3483,2074.0,-31.378359494821044,419.0,83.9,98.0,-1.7,-0.2,1.08,GOOD
41132,3484,2005.0,-53.99507730665043,419.0,83.9,98.0,-1.7,-0.2,1.08,GOOD
41132,3485,1970.0,-84.39104155150227,419.0,83.9,98.0,-1.7,-0.2,1.08,GOOD
41132,3486,1975.0,-118.11738262102905,419.0,83.9,98.0,-1.7,-0.2,1.08,GOOD
41132,3487,1968.0,-138.28035564621013,419.0,83.9,98.0,-1.7,-0.2,1.08,GOOD
41132,3488,2086.0,-138.97771682421833,419.0,83.9,98.0,-1.7,-0.2,1.08,GOOD
41132,3489,2075.0,-125.28519214693902,419.0,83.9,98.0,-1.7,-0.2,1.08,GOOD
41132,3490,2056.0,-104.12451827510635,419.0,83.9,98.0,-1.7,-0.2,1.08,GOOD
41132,3491,2064.0,-80.1095956534722,419.0,83.9,98.0,-1.7,-0.2,1.08,GOOD
41132,3492,1986.0,-58.207182026213864,420.0,83.9,98.0,-1.7,-0.2,1.08,GOOD
41132,3493,1990.0,-53.40085973626342,420.0,83.9,98.0,-1.7,-0.2,1.08,GOOD
41132,3494,1978.0,-78.06727543552188,420.0,83.9,98.0,-1.7,-0.2,1.08,GOOD
41132,3495,1992.0,-119.52645508712234,420.0,83.9,98.0,-1.7,-0.2,1.08,GOOD
41132,3496,1842.0,-154.04202053256802,420.0,83.9,98.0,-1.7,-0.2,1.08,GOOD
41132,3497,1870.0,-176.63416556200247,420.0,83.9,98.0,-1.7,-0.2,1.08,GOOD
41132,3498,1862.0,-197.1577926752513,420.0,83.9,98.0,-1.7,-0.2,1.08,GOOD
41132,3499,1836.0,-222.55338180864172,420.0,83.9,98.0,-1.7,-0.2,1.08,GOOD
41132,3500,1800.0,-253.14378715488715,420.0,83.9,98.0,-1.7,-0.2,1.08,GOOD
41231,3501,1873.0,-276.88546048802965,420.0,83.9,98.0,-1.7,-0.3,1.08,GOOD
41231,3502,1849.0,-275.8895568619553,420.0,83.9,98.0,-1.7,-0.3,1.08,GOOD
41231,3503,1828.0,-254.20931851178688,420.0,83.9,98.0,-1.7,-0.3,1.08,GOOD
41231,3504,1933.0,-233.87700294065067,420.0,83.9,98.0,-1.7,-0.3,1.08,GOOD
41231,3505,1904.0,-220.3211758163006,420.0,83.9,98.0,-1.7,-0.3,1.08,GOOD
41231,3506,1916.0,-203.19645856721422,420.0,83.9,98.0,-1.7,-0.3,1.08,GOOD
41231,3507,1908.0,-179.35231703386614,420.0,83.9,98.0,-1.7,-0.3,1.08,GOOD
41231,3508,2025.0,-152.49573935672237,420.0,83.9,98.0,-1.7,-0.3,1.08,GOOD
41231,3509,1984.0,-125.47122853082239,420.0,83.9,98.0,-1.7,-0.3,1.08,GOOD
41231,3510,1977.0,-103.68827590710035,420.0,83.9,98.0,-1.7,-0.3,1.08,GOOD
41231,3511,1984.0,-90.93910259791465,420.0,83.9,98.0,-1.7,-0.3,1.08,GOOD
41231,3512,1999.0,-81.40488959161401,420.0,83.9,98.0,-1.7,-0.3,1.08,GOOD
41231,3513,1996.0,-70.87291271557547,420.0,83.9,98.0,-1.7,-0.3,1.08,GOOD
41231,3514,1978.0,-66.01398024222372,420.0,83.9,98.0,-1.7,-0.3,1.08,GOOD
41231,3515,1991.0,-71.83858551200069,420.0,83.9,98.0,-1.7,-0.3,1.08,GOOD
41231,3516,1892.0,-83.83919071499699,420.0,83.9,98.0,-1.7,-0.3,1.08,GOOD
41231,3517,1914.0,-98.41850984127584,420.0,83.9,98.0,-1.7,-0.3,1.08,GOOD
41231,3518,1908.0,-115.60149898687135,420.0,83.9,98.0,-1.7,-0.3,1.08,GOOD
41231,3519,1880.0,-134.97103433207803,420.0,83.9,98.0,-1.7,-0.3,1.08,GOOD
41231,3520,1865.0,-156.2142071641121,420.0,83.9,98.0,-1.7,-0.3,1.08,GOOD
41231,3521,1906.0,-172.79730640661828,420.0,83.9,98.0,-1.7,-0.3,1.08,GOOD
41231,3522,1927.0,-172.36880620791223,420.0,83.9,98.0,-1.7,-0.3,1.08,GOOD
41231,3523,1907.0,-154.24228622543836,420.0,83.9,98.0,-1.7,-0.3,1.08,GOOD
41231,3524,1866.0,-136.18146934595546,421.0,83.9,98.0,-1.7,-0.3,1.08,GOOD
41231,3525,1884.0,-134.14013466564307,421.0,83.9,98.0,-1.7,-0.3,1.08,GOOD
41327,3526,1886.0,-143.5186067697292,421.0,83.9,98.0,-1.7,-0.3,1.07,GOOD
41327,3527,1904.0,-149.41041176839536,421.0,83.9,98.0,-1.7,-0.3,1.07,GOOD
41327,3528,2051.0,-140.02802418370052,421.0,83.9,98.0,-1.7,-0.3,1.07,GOOD
41327,3529,2015.0,-108.43389080492118,421.0,83.9,98.0,-1.7,-0.3,1.07,GOOD
41327,3530,2012.0,-62.5837953794283,421.0,83.9,98.0,-1.7,-0.3,1.07,GOOD
41327,3531,2018.0,-21.985026231011673,421.0,83.9,98.0,-1.7,-0.3,1.07,GOOD
41327,3532,2040.0,3.1164588632242634,421.0,83.9,98.0,-1.7,-0.3,1.07,GOOD
41327,3533,2032.0,13.403130387484444,421.0,83.9,98.0,-1.7,-0.3,1.07,GOOD
41327,3534,2021.0,11.360336598086118,421.0,83.9,98.0,-1.7,-0.3,1.07,GOOD
41327,3535,2041.0,3.0171844845894995,421.0,83.9,98.0,-1.7,-0.3,1.07,GOOD
41327,3536,1975.0,-3.3858378496498913,421.0,83.9,98.0,-1.7,-0.3,1.07,GOOD
41327,3537,1997.0,-7.689092245578931,421.0,83.9,98.0,-1.7,-0.3,1.07,GOOD
41327,3538,1990.0,-15.143811540268501,421.0,83.9,98.0,-1.7,-0.3,1.07,GOOD
41327,3539,1968.0,-27.112243415162617,421.0,83.9,98.0,-1.7,-0.3,1.07,GOOD
41327,3540,1859.0,-45.220738702435625,421.0,83.9,98.0,-1.7,-0.3,1.07,GOOD
41327,3541,1890.0,-72.21125091866011,421.0,83.9,98.0,-1.7,-0.3,1.07,GOOD
41327,3542,1905.0,-101.31694203126598,421.0,83.9,98.0,-1.7,-0.3,1.07,GOOD
41327,3543,1875.0,-121.74455055335156,421.0,83.9,98.0,-1.7,-0.3,1.07,GOOD
41327,3544,1952.0,-130.32477027733398,421.0,83.9,98.0,-1.7,-0.3,1.07,GOOD
41327,3545,1954.0,-123.61480386357148,421.0,83.9,98.0,-1.7,-0.3,1.07,GOOD
41327,3546,1963.0,-99.07482750598733,421.0,83.9,98.0,-1.7,-0.3,1.07,GOOD
41327,3547,1966.0,-66.53788764635173,421.0,83.9,98.0,-1.7,-0.3,1.07,GOOD
41327,3548,2046.0,-38.48864448554414,421.0,83.9,98.0,-1.7,-0.3,1.07,GOOD
41327,3549,2013.0,-17.166675282589285,421.0,83.9,98.0,-1.7,-0.3,1.07,GOOD
41327,3550,2015.0,-1.0240363596218238,421.0,83.9,98.0,-1.7,-0.3,1.07,GOOD
41425,3551,2032.0,10.433017528677293,421.0,83.9,98.0,-1.6,-0.3,1.08,GOOD
41425,3552,2092.0,21.8616577613546,421.0,83.9,98.0,-1.6,-0.3,1.08,GOOD
41425,3553,2086.0,38.11063962059495,421.0,83.9,98.0,-1.6,-0.3,1.08,GOOD
41425,3554,2079.0,55.76484777962698,421.0,83.9,98.0,-1.6,-0.3,1.08,GOOD
41425,3555,2099.0,69.01857657705196,421.0,83.9,98.0,-1.6,-0.3,1.08,GOOD
41425,3556,1998.0,75.02035111798261,422.0,83.9,98.0,-1.6,-0.3,1.08,GOOD
41425,3557,2017.0,67.74888642185932,422.0,83.9,98.0,-1.6,-0.3,1.08,GOOD
41425,3558,1989.0,44.02515619566941,422.0,83.9,98.0,-1.6,-0.3,1.08,GOOD
41425,3559,1982.0,11.703791955230628,422.0,83.9,98.0,-1.6,-0.3,1.08,GOOD
41425,3560,1955.0,-17.902195046522877,422.0,83.9,98.0,-1.6,-0.3,1.08,GOOD
41425,3561,1992.0,-36.13401552146907,422.0,83.9,98.0,-1.6,-0.3,1.08,GOOD
41425,3562,1991.0,-38.81506387478562,422.0,83.9,98.0,-1.6,-0.3,1.08,GOOD
41425,3563,1975.0,-31.04356831596706,422.0,83.9,98.0,-1.6,-0.3,1.08,GOOD
41425,3564,1944.0,-25.49487943978089,422.0,83.9,98.0,-1.6,-0.3,1.08,GOOD
41425,3565,1942.0,-30.098510710962202,422.0,83.9,98.0,-1.6,-0.3,1.08,GOOD
41425,3566,1965.0,-40.45398957679459,422.0,83.9,98.0,-1.6,-0.3,1.08,GOOD
41425,3567,1969.0,-47.05204777151526,422.0,83.9,98.0,-1.6,-0.3,1.08,GOOD
41425,3568,1990.0,-45.758141851869496,422.0,83.9,98.0,-1.6,-0.3,1.08,GOOD
41425,3569,1981.0,-38.07931639717677,422.0,83.9,98.0,-1.6,-0.3,1.08,GOOD
41425,3570,1958.0,-28.01020403796953,422.0,83.9,98.0,-1.6,-0.3,1.08,GOOD
41425,3571,1972.0,-20.794904049004028,422.0,83.9,98.0,-1.6,-0.3,1.08,GOOD
41425,3572,2081.0,-14.898299864532145,422.0,83.9,98.0,-1.6,-0.3,1.08,GOOD
41425,3573,2048.0,-1.1177629767625343,422.0,83.9,98.0,-1.6,-0.3,1.08,GOOD
41425,3574,2033.0,20.630476943467368,422.0,83.9,98.0,-1.6,-0.3,1.08,GOOD
41425,3575,2046.0,40.10691455904252,422.0,83.9,98.0,-1.6,-0.3,1.08,GOOD
41533,3576,2008.0,50.8203795923354,422.0,85.3,98.0,-1.6,-0.3,1.08,GOOD
41533,3577,2029.0,49.902555774921424,422.0,85.3,98.0,-1.6,-0.3,1.08,GOOD
41533,3578,1998.0,37.07316423833768,422.0,85.3,98.0,-1.6,-0.3,1.08,GOOD
41533,3579,2006.0,18.60907278514034,422.0,85.3,98.0,-1.6,-0.3,1.08,GOOD
41533,3580,1902.0,0.8385417086905731,422.0,85.3,98.0,-1.6,-0.3,1.08,GOOD
41533,3581,1913.0,-18.63003555112058,422.0,85.3,98.0,-1.6,-0.3,1.08,GOOD
41533,3582,1914.0,-43.41572148812179,422.0,85.3,98.0,-1.6,-0.3,1.08,GOOD
41533,3583,1898.0,-69.58595925745568,422.0,85.3,98.0,-1.6,-0.3,1.08,GOOD
41533,3584,2273.0,-75.8147984699489,423.0,85.3,98.0,-1.6,-0.3,1.08,GOOD
41533,3585,2334.0,-21.066535632352064,423.0,85.3,98.0,-1.6,-0.3,1.08,GOOD
41533,3586,2395.0,105.75072109108797,423.0,85.3,98.0,-1.6,-0.3,1.08,GOOD
41533,3587,2434.0,257.81342801634605,423.0,85.3,98.0,-1.6,-0.3,1.08,GOOD
41533,3588,2865.0,396.1538864439757,423.0,85.3,98.0,-1.6,-0.3,1.08,GOOD
41533,3589,2787.0,529.0728464479505,423.0,85.3,98.0,-1.6,-0.3,1.08,GOOD
41533,3590,2783.0,654.2052528283325,423.0,85.3,98.0,-1.6,-0.3,1.08,GOOD
41533,3591,2783.0,738.7131170070454,423.0,85.3,98.0,-1.6,-0.3,1.08,GOOD
41533,3592,1980.0,738.7319751302723,423.0,85.3,98.0,-1.6,-0.3,1.08,GOOD
41533,3593,1931.0,596.7031076529629,423.0,85.3,98.0,-1.6,-0.3,1.08,GOOD
41533,3594,1894.0,319.49862920340416,423.0,85.3,98.0,-1.6,-0.3,1.08,GOOD
41533,3595,1867.0,17.88146594943251,423.0,85.3,98.0,-1.6,-0.3,1.08,GOOD
41533,3596,1836.0,-199.53808949816084,423.0,85.3,98.0,-1.6,-0.3,1.08,GOOD
41533,3597,1908.0,-292.1542654955423,423.0,85.3,98.0,-1.6,-0.3,1.08,GOOD
41533,3598,1912.0,-273.0797833880521,423.0,85.3,98.0,-1.6,-0.3,1.08,GOOD
41533,3599,1909.0,-196.83933530899094,423.0,85.3,98.0,-1.6,-0.3,1.08,GOOD
41533,3600,1958.0,-130.7572428614757,423.0,85.3,98.0,-1.6,-0.3,1.08,GOOD
41631,3601,2000.0,-104.01062194160811,423.0,85.3,98.0,-1.7,-0.2,1.08,GOOD
41631,3602,2018.0,-95.32212361237427,423.0,85.3,98.0,-1.7,-0.2,1.08,GOOD
41631,3603,1974.0,-76.11203481015525,423.0,85.3,98.0,-1.7,-0.2,1.08,GOOD
41631,3604,1910.0,-51.65172470744061,423.0,85.3,98.0,-1.7,-0.2,1.08,GOOD
41631,3605,1914.0,-50.750113345205136,423.0,85.3,98.0,-1.7,-0.2,1.08,GOOD
41631,3606,1957.0,-81.0071692346788,423.0,85.3,98.0,-1.7,-0.2,1.08,GOOD
41631,3607,1982.0,-113.34189807243986,423.0,85.3,98.0,-1.7,-0.2,1.08,GOOD
41631,3608,2094.0,-111.3793331697226,423.0,85.3,98.0,-1.7,-0.2,1.08,GOOD
41631,3609,2052.0,-66.59447365247615,423.0,85.3,98.0,-1.7,-0.2,1.08,GOOD
41631,3610,2032.0,-9.36749526451826,423.0,85.3,98.0,-1.7,-0.2,1.08,GOOD
41631,3611,2062.0,22.832851664191374,423.0,85.3,98.0,-1.7,-0.2,1.08,GOOD
41631,3612,2162.0,30.00986675169036,424.0,85.3,98.0,-1.7,-0.2,1.08,GOOD
41631,3613,2125.0,40.35109832002993,424.0,85.3,98.0,-1.7,-0.2,1.08,GOOD
41631,3614,2063.0,61.59734079283493,424.0,85.3,98.0,-1.7,-0.2,1.08,GOOD
41631,3615,2086.0,73.75271152527861,424.0,85.3,98.0,-1.7,-0.2,1.08,GOOD
41631,3616,2096.0,66.4230480936034,424.0,85.3,98.0,-1.7,-0.2,1.08,GOOD
41631,3617,2127.0,52.32008482513618,424.0,85.3,98.0,-1.7,-0.2,1.08,GOOD
41631,3618,2110.0,47.101806464488085,424.0,85.3,98.0,-1.7,-0.2,1.08,GOOD
41631,3619,2087.0,52.40316533958571,424.0,85.3,98.0,-1.7,-0.2,1.08,GOOD
41631,3620,2025.0,55.755939084449146,424.0,85.3,98.0,-1.7,-0.2,1.08,GOOD
41631,3621,2070.0,45.5360621424652,424.0,85.3,98.0,-1.7,-0.2,1.08,GOOD
41631,3622,2084.0,26.490159351653862,424.0,85.3,98.0,-1.7,-0.2,1.08,GOOD
41631,3623,2063.0,12.463618668476665,424.0,85.3,98.0,-1.7,-0.2,1.08,GOOD
41631,3624,2042.0,7.847654093155915,424.0,85.3,98.0,-1.7,-0.2,1.08,GOOD
41631,3625,2043.0,7.537509326187385,424.0,85.3,98.0,-1.7,-0.2,1.08,GOOD
41734,3626,2082.0,8.115379869544457,424.0,85.3,98.0,-1.7,-0.2,1.08,GOOD
41734,3627,2086.0,10.537579898605703,424.0,85.3,98.0,-1.7,-0.2,1.08,GOOD
41734,3628,2306.0,24.01213639227084,424.0,85.3,98.0,-1.7,-0.2,1.08,GOOD
41734,3629,2263.0,65.4661137202847,424.0,85.3,98.0,-1.7,-0.2,1.08,GOOD
41734,3630,2275.0,132.56789711397886,424.0,85.3,98.0,-1.7,-0.2,1.08,GOOD
41734,3631,2307.0,197.68246664534783,424.0,85.3,98.0,-1.7,-0.2,1.08,GOOD
41734,3632,2407.0,243.08645353060334,424.0,85.3,98.0,-1.7,-0.2,1.08,GOOD
41734,3633,2357.0,271.2988972149196,424.0,85.3,98.0,-1.7,-0.2,1.08,GOOD
41734,3634,2336.0,284.6521062839316,424.0,85.3,98.0,-1.7,-0.2,1.08,GOOD
41734,3635,2342.0,283.53464368310387,424.0,85.3,98.0,-1.7,-0.2,1.08,GOOD
41734,3636,2372.0,276.7122984302828,425.0,85.3,98.0,-1.7,-0.2,1.08,GOOD
41734,3637,2397.0,273.83791917913817,425.0,85.3,98.0,-1.7,-0.2,1.08,GOOD
41734,3638,2398.0,275.42826505311143,425.0,85.3,98.0,-1.7,-0.2,1.08,GOOD
41734,3639,2394.0,278.0709098033348,425.0,85.3,98.0,-1.7,-0.2,1.08,GOOD
41734,3640,2281.0,277.5988632243958,425.0,85.3,98.0,-1.7,-0.2,1.08,GOOD
41734,3641,2312.0,266.14803457293976,425.0,85.3,98.0,-1.7,-0.2,1.08,GOOD
41734,3642,2311.0,240.623519735134,425.0,85.3,98.0,-1.7,-0.2,1.08,GOOD
41734,3643,2275.0,206.8647761815325,425.0,85.3,98.0,-1.7,-0.2,1.08,GOOD
41734,3644,2066.0,164.4259690082539,425.0,85.3,98.0,-1.7,-0.2,1.08,GOOD
41734,3645,2117.0,107.41060037965529,425.0,85.3,98.0,-1.7,-0.2,1.08,GOOD
41734,3646,2157.0,48.6710243059366,425.0,85.3,98.0,-1.7,-0.2,1.08,GOOD
41734,3647,2179.0,12.138463751925237,425.0,85.3,98.0,-1.7,-0.2,1.08,GOOD
41734,3648,2138.0,0.5179702019351522,425.0,85.3,98.0,-1.7,-0.2,1.08,GOOD
41734,3649,1864.0,-10.567935399744169,425.0,85.3,98.0,-1.7,-0.2,1.08,GOOD
41734,3650,1903.0,-49.143148910307055,425.0,85.3,98.0,-1.7,-0.2,1.08,GOOD
41834,3651,1907.0,-113.14421209908329,425.0,85.3,98.0,-1.7,-0.2,1.08,GOOD
41834,3652,1819.0,-180.48806413481873,426.0,85.3,98.0,-1.7,-0.2,1.08,GOOD
41834,3653,1789.0,-244.62598561758952,426.0,85.3,98.0,-1.7,-0.2,1.08,GOOD
41834,3654,1792.0,-300.4501184664863,426.0,85.3,98.0,-1.7,-0.2,1.08,GOOD
41834,3655,1812.0,-327.6807584803482,426.0,85.3,98.0,-1.7,-0.2,1.08,GOOD
41834,3656,1997.0,-311.44954440300677,426.0,85.3,98.0,-1.7,-0.2,1.08,GOOD
41834,3657,1967.0,-259.17187226690805,426.0,85.3,98.0,-1.7,-0.2,1.08,GOOD
41834,3658,1929.0,-200.5356850717179,426.0,85.3,98.0,-1.7,-0.2,1.08,GOOD
41834,3659,1922.0,-162.71816115658737,426.0,85.3,98.0,-1.7,-0.2,1.08,GOOD
41834,3660,2018.0,-141.53692878356168,426.0,85.3,98.0,-1.7,-0.2,1.08,GOOD
41834,3661,2018.0,-118.4905961515841,426.0,85.3,98.0,-1.7,-0.2,1.08,GOOD
41834,3662,2001.0,-96.3720239756956,426.0,85.3,98.0,-1.7,-0.2,1.08,GOOD
41834,3663,1967.0,-91.43536171463887,426.0,85.3,98.0,-1.7,-0.2,1.08,GOOD
41834,3664,1940.0,-102.45213897378633,426.0,85.3,98.0,-1.7,-0.2,1.08,GOOD
41834,3665,1986.0,-111.39881988104767,426.0,85.3,98.0,-1.7,-0.2,1.08,GOOD
41834,3666,1998.0,-108.2289562162524,426.0,85.3,98.0,-1.7,-0.2,1.08,GOOD
41834,3667,2005.0,-101.27723492785087,426.0,85.3,98.0,-1.7,-0.2,1.08,GOOD
41834,3668,1837.0,-106.65754352736211,427.0,85.3,98.0,-1.7,-0.2,1.08,GOOD
41834,3669,1848.0,-131.85075326739337,427.0,85.3,98.0,-1.7,-0.2,1.08,GOOD
41834,3670,1875.0,-164.7177242569839,427.0,85.3,98.0,-1.7,-0.2,1.08,GOOD
41834,3671,1855.0,-188.9833855074982,427.0,85.3,98.0,-1.7,-0.2,1.08,GOOD
41834,3672,1814.0,-208.62059472399815,427.0,85.3,98.0,-1.7,-0.2,1.08,GOOD
41834,3673,1827.0,-232.07558430367368,427.0,85.3,98.0,-1.7,-0.2,1.08,GOOD
41834,3674,1824.0,-247.78373256603516,427.0,85.3,98.0,-1.7,-0.2,1.08,GOOD
41834,3675,1841.0,-241.3727240668962,427.0,85.3,98.0,-1.7,-0.2,1.08,GOOD
41945,3676,1916.0,-218.39147967558714,427.0,85.3,98.0,-1.7,-0.3,1.08,GOOD
41945,3677,1895.0,-194.56574590791644,427.0,85.3,98.0,-1.7,-0.3,1.08,GOOD
41945,3678,1862.0,-179.0547074193036,427.0,85.3,98.0,-1.7,-0.3,1.08,GOOD
41945,3679,1872.0,-169.54009010781078,427.0,85.3,98.0,-1.7,-0.3,1.08,GOOD
41945,3680,2013.0,-153.46692941481467,428.0,85.3,98.0,-1.7,-0.3,1.08,GOOD
41945,3681,1980.0,-122.73055164571153,428.0,85.3,98.0,-1.7,-0.3,1.08,GOOD
41945,3682,1978.0,-89.87831911398162,428.0,85.3,98.0,-1.7,-0.3,1.08,GOOD
41945,3683,1974.0,-70.51221346757197,428.0,85.3,98.0,-1.7,-0.3,1.08,GOOD
41945,3684,1984.0,-59.394014730988644,428.0,85.3,98.0,-1.7,-0.3,1.08,GOOD
41945,3685,1993.0,-45.824577902532724,428.0,85.3,98.0,-1.7,-0.3,1.08,GOOD
41945,3686,2003.0,-34.35607642026241,428.0,85.3,98.0,-1.7,-0.3,1.08,GOOD
41945,3687,2012.0,-34.009535610930726,428.0,85.3,98.0,-1.7,-0.3,1.08,GOOD
41945,3688,1953.0,-41.69513829268533,429.0,85.3,98.0,-1.7,-0.3,1.08,GOOD
41945,3689,1974.0,-47.020961771777635,429.0,85.3,98.0,-1.7,-0.3,1.08,GOOD
41945,3690,1980.0,-45.20267757303416,429.0,85.3,98.0,-1.7,-0.3,1.08,GOOD
41945,3691,1990.0,-41.900680969372736,429.0,85.3,98.0,-1.7,-0.3,1.08,GOOD
41945,3692,1864.0,-49.94100016870877,429.0,85.3,98.0,-1.7,-0.3,1.08,GOOD
41945,3693,1869.0,-76.48303102825804,429.0,85.3,98.0,-1.7,-0.3,1.08,GOOD
41945,3694,1868.0,-109.98526091117193,429.0,85.3,98.0,-1.7,-0.3,1.08,GOOD
41945,3695,1866.0,-133.20683416136117,429.0,85.3,98.0,-1.7,-0.3,1.08,GOOD
41945,3696,1926.0,-143.47274275363833,430.0,85.3,98.0,-1.7,-0.3,1.08,GOOD
41945,3697,1929.0,-143.43369029100927,430.0,85.3,98.0,-1.7,-0.3,1.08,GOOD
41945,3698,1939.0,-129.68601790545392,430.0,85.3,98.0,-1.7,-0.3,1.08,GOOD
41945,3699,1931.0,-101.78956980778098,430.0,85.3,98.0,-1.7,-0.3,1.08,GOOD
41945,3700,2073.0,-65.92463718481048,430.0,85.3,98.0,-1.7,-0.3,1.08,GOOD
42044,3701,2049.0,-28.142196056297884,430.0,85.3,98.0,-1.7,-0.2,1.08,GOOD
42044,3702,2058.0,4.781888721326803,430.0,85.3,98.0,-1.7,-0.2,1.08,GOOD
42044,3703,2041.0,28.15859055650806,430.0,85.3,98.0,-1.7,-0.2,1.08,GOOD
42044,3704,2103.0,47.09325821245791,431.0,85.3,98.0,-1.7,-0.2,1.08,GOOD
42044,3705,2090.0,66.79560473538024,431.0,85.3,98.0,-1.7,-0.2,1.08,GOOD
42044,3706,2080.0,79.91690799058438,431.0,85.3,98.0,-1.7,-0.2,1.08,GOOD
42044,3707,2069.0,77.59790909590927,431.0,85.3,98.0,-1.7,-0.2,1.08,GOOD
42044,3708,1959.0,62.361181911412835,431.0,85.3,98.0,-1.7,-0.2,1.08,GOOD
42044,3709,1976.0,39.3813344022028,431.0,85.3,98.0,-1.7,-0.2,1.08,GOOD
42044,3710,1968.0,11.037212821445666,431.0,85.3,98.0,-1.7,-0.2,1.08,GOOD
42044,3711,1968.0,-19.512949408985566,431.0,85.3,98.0,-1.7,-0.2,1.08,GOOD
42044,3712,1934.0,-47.6842874633185,432.0,85.3,98.0,-1.7,-0.2,1.08,GOOD
42044,3713,1959.0,-65.21483487275178,432.0,85.3,98.0,-1.7,-0.2,1.08,GOOD
42044,3714,1958.0,-64.54201901065957,432.0,85.3,98.0,-1.7,-0.2,1.08,GOOD
42044,3715,1936.0,-52.13651198705202,432.0,85.3,98.0,-1.7,-0.2,1.08,GOOD
42044,3716,1900.0,-47.88348682846092,432.0,85.3,98.0,-1.7,-0.2,1.08,GOOD
42044,3717,1900.0,-62.56314218031479,432.0,85.3,98.0,-1.7,-0.2,1.08,GOOD
42044,3718,1911.0,-84.1226106694937,432.0,85.3,98.0,-1.7,-0.2,1.08,GOOD
42044,3719,1899.0,-94.87511324887154,432.0,85.3,98.0,-1.7,-0.2,1.08,GOOD
42044,3720,1957.0,-91.7103432127206,433.0,85.3,98.0,-1.7,-0.2,1.08,GOOD
42044,3721,1937.0,-81.59929713447534,433.0,85.3,98.0,-1.7,-0.2,1.08,GOOD
42044,3722,1939.0,-70.31812093595582,433.0,85.3,98.0,-1.7,-0.2,1.08,GOOD
42044,3723,1946.0,-58.905919248453145,433.0,85.3,98.0,-1.7,-0.2,1.08,GOOD
42044,3724,2117.0,-39.75319494301705,433.0,85.3,98.0,-1.7,-0.2,1.08,GOOD
42044,3725,2092.0,-2.8372709999960133,433.0,85.3,98.0,-1.7,-0.2,1.08,GOOD
42141,3726,2078.0,44.02368890764336,433.0,85.3,98.0,-1.7,-0.2,1.07,GOOD
42141,3727,2085.0,80.69151162731612,433.0,85.3,98.0,-1.7,-0.2,1.07,GOOD
42141,3728,2124.0,102.36518201081819,434.0,85.3,98.0,-1.7,-0.2,1.07,GOOD
42141,3729,2124.0,116.96943334528612,434.0,85.3,98.0,-1.7,-0.2,1.07,GOOD
42141,3730,2114.0,124.89258811875656,434.0,85.3,98.0,-1.7,-0.2,1.07,GOOD
42141,3731,2113.0,122.03933441748053,434.0,85.3,98.0,-1.7,-0.2,1.07,GOOD
42141,3732,2023.0,110.48605250564317,434.0,85.3,98.0,-1.7,-0.2,1.07,GOOD
42141,3733,2049.0,94.06845892694368,434.0,85.3,98.0,-1.7,-0.2,1.07,GOOD
42141,3734,2046.0,75.14333203088077,434.0,85.3,98.0,-1.7,-0.2,1.07,GOOD
42141,3735,2039.0,55.40433194302683,434.0,85.3,98.0,-1.7,-0.2,1.07,GOOD
42141,3736,1966.0,33.80137540401934,434.0,85.3,98.0,-1.7,-0.2,1.07,GOOD
42141,3737,1975.0,10.973790585442908,434.0,85.3,98.0,-1.7,-0.2,1.07,GOOD
42141,3738,1969.0,-6.743348296536668,434.0,85.3,98.0,-1.7,-0.2,1.07,GOOD
42141,3739,1962.0,-16.873803884794206,434.0,85.3,98.0,-1.7,-0.2,1.07,GOOD
42141,3740,1894.0,-29.164056397761435,435.0,85.3,98.0,-1.7,-0.2,1.07,GOOD
42141,3741,1890.0,-53.08070406833581,435.0,85.3,98.0,-1.7,-0.2,1.07,GOOD
42141,3742,1909.0,-80.37787091729453,435.0,85.3,98.0,-1.7,-0.2,1.07,GOOD
42141,3743,1905.0,-94.17592445049505,435.0,85.3,98.0,-1.7,-0.2,1.07,GOOD
42141,3744,2086.0,-85.85591561781341,435.0,85.3,98.0,-1.7,-0.2,1.07,GOOD
42141,3745,2043.0,-53.928482631771196,435.0,85.3,98.0,-1.7,-0.2,1.07,GOOD
42141,3746,2043.0,-7.544827084512612,435.0,85.3,98.0,-1.7,-0.2,1.07,GOOD
42141,3747,2061.0,36.658619905207026,435.0,85.3,98.0,-1.7,-0.2,1.07,GOOD
42141,3748,2016.0,67.74325481399035,435.0,85.3,98.0,-1.7,-0.2,1.07,GOOD
42141,3749,2037.0,77.14282159265329,435.0,85.3,98.0,-1.7,-0.2,1.07,GOOD
42141,3750,2028.0,62.39033793431801,435.0,85.3,98.0,-1.7,-0.2,1.07,GOOD
42239,3751,2051.0,38.27032356088265,435.0,86.2,98.0,-1.8,-0.3,1.08,GOOD
42239,3752,1992.0,24.821636589968453,435.0,86.2,98.0,-1.8,-0.3,1.08,GOOD
42239,3753,2021.0,26.11877059461928,435.0,86.2,98.0,-1.8,-0.3,1.08,GOOD
42239,3754,2000.0,30.114310084087535,435.0,86.2,98.0,-1.8,-0.3,1.08,GOOD
42239,3755,2011.0,25.101794593887224,435.0,86.2,98.0,-1.8,-0.3,1.08,GOOD
42239,3756,2397.0,27.829912099513965,435.0,86.2,98.0,-1.8,-0.3,1.08,GOOD
42239,3757,2465.0,87.52648643349046,435.0,86.2,98.0,-1.8,-0.3,1.08,GOOD
42239,3758,2497.0,219.98100747357324,435.0,86.2,98.0,-1.8,-0.3,1.08,GOOD
42239,3759,2529.0,373.0391316451048,435.0,86.2,98.0,-1.8,-0.3,1.08,GOOD
42239,3760,2421.0,481.7061006710411,435.0,86.2,98.0,-1.8,-0.3,1.08,GOOD
42239,3761,2369.0,512.2585801301213,435.0,86.2,98.0,-1.8,-0.3,1.08,GOOD
42239,3762,2352.0,470.0954122056977,435.0,86.2,98.0,-1.8,-0.3,1.08,GOOD
42239,3763,2332.0,392.02339246395525,435.0,86.2,98.0,-1.8,-0.3,1.08,GOOD
42239,3764,1822.0,298.73785764816637,436.0,86.2,98.0,-1.8,-0.3,1.08,GOOD
42239,3765,1793.0,167.5505355731439,436.0,86.2,98.0,-1.8,-0.3,1.08,GOOD
42239,3766,1758.0,-4.770276015465509,436.0,86.2,98.0,-1.8,-0.3,1.08,GOOD
42239,3767,1741.0,-169.9100336209616,436.0,86.2,98.0,-1.8,-0.3,1.08,GOOD
42239,3768,2089.0,-271.21308092930644,435.0,86.2,98.0,-1.8,-0.3,1.08,GOOD
42239,3769,2105.0,-266.49036551576455,435.0,86.2,98.0,-1.8,-0.3,1.08,GOOD
42239,3770,2114.0,-159.06139214673462,435.0,86.2,98.0,-1.8,-0.3,1.08,GOOD
42239,3771,2118.0,-12.831814330027923,435.0,86.2,98.0,-1.8,-0.3,1.08,GOOD
42239,3772,1983.0,93.8717283985694,435.0,86.2,98.0,-1.8,-0.3,1.08,GOOD
42239,3773,1997.0,113.36566219309812,435.0,86.2,98.0,-1.8,-0.3,1.08,GOOD
42239,3774,1995.0,55.87321596143147,435.0,86.2,98.0,-1.8,-0.3,1.08,GOOD
42239,3775,2006.0,-19.81351783332848,435.0,86.2,98.0,-1.8,-0.3,1.08,GOOD
42351,3776,1927.0,-63.827044020263095,435.0,86.2,98.0,-1.8,-0.3,1.07,GOOD
42351,3777,1945.0,-73.6031351543459,435.0,86.2,98.0,-1.8,-0.3,1.07,GOOD
42351,3778,1945.0,-73.98050761451046,435.0,86.2,98.0,-1.8,-0.3,1.07,GOOD
42351,3779,1943.0,-81.15075169325928,435.0,86.2,98.0,-1.8,-0.3,1.07,GOOD
42351,3780,2004.0,-89.60147745404373,435.0,86.2,98.0,-1.8,-0.3,1.07,GOOD
42351,3781,2005.0,-82.21413474720003,435.0,86.2,98.0,-1.8,-0.3,1.07,GOOD
42351,3782,2005.0,-55.24213801790241,435.0,86.2,98.0,-1.8,-0.3,1.07,GOOD
42351,3783,2006.0,-26.707209148712373,435.0,86.2,98.0,-1.8,-0.3,1.07,GOOD
42351,3784,2173.0,-7.576748261759526,435.0,86.2,98.0,-1.8,-0.3,1.07,GOOD
42351,3785,2149.0,16.9134202814948,435.0,86.2,98.0,-1.8,-0.3,1.07,GOOD
42351,3786,2129.0,57.49426429261263,435.0,86.2,98.0,-1.8,-0.3,1.07,GOOD
42351,3787,2131.0,99.08530393677906,435.0,86.2,98.0,-1.8,-0.3,1.07,GOOD
42351,3788,2194.0,124.63055038895502,435.0,86.2,98.0,-1.8,-0.3,1.07,GOOD
42351,3789,2182.0,133.76863136715855,435.0,86.2,98.0,-1.8,-0.3,1.07,GOOD
42351,3790,2178.0,134.04381521084204,435.0,86.2,98.0,-1.8,-0.3,1.07,GOOD
42351,3791,2172.0,132.62250526124635,435.0,86.2,98.0,-1.8,-0.3,1.07,GOOD
42351,3792,2109.0,131.9394710269151,435.0,86.2,98.0,-1.8,-0.3,1.07,GOOD
42351,3793,2124.0,125.23055749549049,435.0,86.2,98.0,-1.8,-0.3,1.07,GOOD
42351,3794,2127.0,106.71542757027768,435.0,86.2,98.0,-1.8,-0.3,1.07,GOOD
42351,3795,2164.0,84.34054950236623,435.0,86.2,98.0,-1.8,-0.3,1.07,GOOD
42351,3796,2075.0,70.50978724428667,435.0,86.2,98.0,-1.8,-0.3,1.07,GOOD
42351,3797,2101.0,65.88815562951697,435.0,86.2,98.0,-1.8,-0.3,1.07,GOOD
42351,3798,2090.0,62.95748326105655,435.0,86.2,98.0,-1.8,-0.3,1.07,GOOD
42351,3799,2089.0,55.856061777087824,435.0,86.2,98.0,-1.8,-0.3,1.07,GOOD
42351,3800,2153.0,45.39016177348462,435.0,86.2,98.0,-1.8,-0.3,1.07,GOOD
42447,3801,2165.0,43.45901965994902,435.0,86.2,98.0,-1.8,-0.2,1.08,GOOD
42447,3802,2173.0,60.69190432199183,435.0,86.2,98.0,-1.8,-0.2,1.08,GOOD
42447,3803,2179.0,90.63992767471848,435.0,86.2,98.0,-1.8,-0.2,1.08,GOOD
42447,3804,2352.0,122.88755704619675,435.0,86.2,98.0,-1.8,-0.2,1.08,GOOD
42447,3805,2337.0,160.2360467833667,435.0,86.2,98.0,-1.8,-0.2,1.08,GOOD
42447,3806,2336.0,204.16920584101473,435.0,86.2,98.0,-1.8,-0.2,1.08,GOOD
42447,3807,2348.0,244.4426628127386,435.0,86.2,98.0,-1.8,-0.2,1.08,GOOD
42447,3808,2484.0,277.7605757024009,435.0,86.2,98.0,-1.8,-0.2,1.08,GOOD
42447,3809,2447.0,310.37515793331306,435.0,86.2,98.0,-1.8,-0.2,1.08,GOOD
42447,3810,2430.0,337.1750007509702,435.0,86.2,98.0,-1.8,-0.2,1.08,GOOD
42447,3811,2444.0,347.10653529866454,435.0,86.2,98.0,-1.8,-0.2,1.08,GOOD
42447,3812,2331.0,340.5924197260231,435.0,86.2,98.0,-1.8,-0.2,1.08,GOOD
42447,3813,2328.0,318.8842841992781,435.0,86.2,98.0,-1.8,-0.2,1.08,GOOD
42447,3814,2313.0,280.1993582143805,435.0,86.2,98.0,-1.8,-0.2,1.08,GOOD
42447,3815,2324.0,232.39690746255715,435.0,86.2,98.0,-1.8,-0.2,1.08,GOOD
42447,3816,2132.0,184.8134386139992,434.0,86.2,98.0,-1.8,-0.2,1.08,GOOD
42447,3817,2149.0,135.67377690208096,434.0,86.2,98.0,-1.8,-0.2,1.08,GOOD
42447,3818,2143.0,85.66758382372407,434.0,86.2,98.0,-1.8,-0.2,1.08,GOOD
42447,3819,2107.0,42.18817708023668,434.0,86.2,98.0,-1.8,-0.2,1.08,GOOD
42447,3820,1947.0,-1.103663614991003,434.0,86.2,98.0,-1.8,-0.2,1.08,GOOD
42447,3821,1950.0,-57.60222757697063,434.0,86.2,98.0,-1.8,-0.2,1.08,GOOD
42447,3822,1965.0,-117.74964090854456,434.0,86.2,98.0,-1.8,-0.2,1.08,GOOD
42447,3823,1947.0,-158.01176848150817,434.0,86.2,98.0,-1.8,-0.2,1.08,GOOD
42447,3824,2022.0,-172.19579356742838,434.0,86.2,98.0,-1.8,-0.2,1.08,GOOD
42447,3825,2006.0,-167.8894071686238,434.0,86.2,98.0,-1.8,-0.2,1.08,GOOD
42546,3826,2019.0,-150.82696822870633,434.0,86.2,98.0,-1.7,-0.3,1.08,GOOD
42546,3827,2014.0,-125.43332241148639,434.0,86.2,98.0,-1.7,-0.3,1.08,GOOD
42546,3828,2002.0,-100.48637789457756,434.0,86.2,98.0,-1.7,-0.3,1.08,GOOD
42546,3829,1961.0,-90.9065490365169,434.0,86.2,98.0,-1.7,-0.3,1.08,GOOD
42546,3830,1971.0,-105.35197396123858,434.0,86.2,98.0,-1.7,-0.3,1.08,GOOD
42546,3831,1992.0,-131.14054969993856,434.0,86.2,98.0,-1.7,-0.3,1.08,GOOD
42546,3832,1923.0,-147.35195410909108,434.0,86.2,98.0,-1.7,-0.3,1.08,GOOD
42546,3833,1916.0,-152.19845801858463,434.0,86.2,98.0,-1.7,-0.3,1.08,GOOD
42546,3834,1894.0,-159.9693813336488,434.0,86.2,98.0,-1.7,-0.3,1.08,GOOD
42546,3835,1910.0,-177.49207724430892,434.0,86.2,98.0,-1.7,-0.3,1.08,GOOD
42546,3836,1911.0,-196.28168363166563,434.0,86.2,98.0,-1.7,-0.3,1.08,GOOD
42546,3837,1921.0,-203.28645614250877,434.0,86.2,98.0,-1.7,-0.3,1.08,GOOD
42546,3838,1911.0,-195.32920572940796,434.0,86.2,98.0,-1.7,-0.3,1.08,GOOD
42546,3839,1888.0,-182.8217643788107,434.0,86.2,98.0,-1.7,-0.3,1.08,GOOD
42546,3840,1822.0,-181.4851187839893,434.0,86.2,98.0,-1.7,-0.3,1.08,GOOD
42546,3841,1842.0,-198.3493171194246,434.0,86.2,98.0,-1.7,-0.3,1.08,GOOD
42546,3842,1867.0,-222.14521521147174,434.0,86.2,98.0,-1.7,-0.3,1.08,GOOD
42546,3843,1840.0,-235.73178241137458,434.0,86.2,98.0,-1.7,-0.3,1.08,GOOD
42546,3844,1945.0,-232.42164381666038,434.0,86.2,98.0,-1.7,-0.3,1.08,GOOD
42546,3845,1931.0,-211.61516800415632,434.0,86.2,98.0,-1.7,-0.3,1.08,GOOD
42546,3846,1939.0,-178.181303721612,434.0,86.2,98.0,-1.7,-0.3,1.08,GOOD
42546,3847,1938.0,-144.97750607082645,434.0,86.2,98.0,-1.7,-0.3,1.08,GOOD
42546,3848,2032.0,-118.87438477724247,434.0,86.2,98.0,-1.7,-0.3,1.08,GOOD
42546,3849,1989.0,-96.05290432238255,434.0,86.2,98.0,-1.7,-0.3,1.08,GOOD
42546,3850,1978.0,-77.14094824759297,434.0,86.2,98.0,-1.7,-0.3,1.08,GOOD
42644,3851,1974.0,-68.49408375145117,434.0,86.2,98.0,-1.8,-0.3,1.07,GOOD
42644,3852,1962.0,-69.85818339231542,434.0,86.2,98.0,-1.8,-0.3,1.07,GOOD
42644,3853,1976.0,-75.96074292658524,434.0,86.2,98.0,-1.8,-0.3,1.07,GOOD
42644,3854,1967.0,-82.96675070292375,434.0,86.2,98.0,-1.8,-0.3,1.07,GOOD
42644,3855,1990.0,-87.6333159499521,434.0,86.2,98.0,-1.8,-0.3,1.07,GOOD
42644,3856,1900.0,-89.37736012839798,433.0,86.2,98.0,-1.8,-0.3,1.07,GOOD
42644,3857,1931.0,-93.6245853909902,433.0,86.2,98.0,-1.8,-0.3,1.07,GOOD
42644,3858,1918.0,-103.74707535851256,433.0,86.2,98.0,-1.8,-0.3,1.07,GOOD
42644,3859,1897.0,-117.14064185102956,433.0,86.2,98.0,-1.8,-0.3,1.07,GOOD
42644,3860,1861.0,-132.83341114974314,433.0,86.2,98.0,-1.8,-0.3,1.07,GOOD
42644,3861,1893.0,-148.94808674375605,433.0,86.2,98.0,-1.8,-0.3,1.07,GOOD
42644,3862,1907.0,-157.3826579948754,433.0,86.2,98.0,-1.8,-0.3,1.07,GOOD
42644,3863,1885.0,-153.8939500196139,433.0,86.2,98.0,-1.8,-0.3,1.07,GOOD
42644,3864,1879.0,-146.28893136387723,433.0,86.2,98.0,-1.8,-0.3,1.07,GOOD
42644,3865,1881.0,-143.19009835228047,433.0,86.2,98.0,-1.8,-0.3,1.07,GOOD
42644,3866,1893.0,-143.21072804184507,433.0,86.2,98.0,-1.8,-0.3,1.07,GOOD
42644,3867,1906.0,-140.4270924583691,433.0,86.2,98.0,-1.8,-0.3,1.07,GOOD
42644,3868,2038.0,-127.96602382927084,433.0,86.2,98.0,-1.8,-0.3,1.07,GOOD
42644,3869,2016.0,-98.16881017645495,433.0,86.2,98.0,-1.8,-0.3,1.07,GOOD
42644,3870,2011.0,-55.241141899163125,433.0,86.2,98.0,-1.8,-0.3,1.07,GOOD
42644,3871,2029.0,-15.639523228442112,433.0,86.2,98.0,-1.8,-0.3,1.07,GOOD
42644,3872,2090.0,12.402358269819448,433.0,86.2,98.0,-1.8,-0.3,1.07,GOOD
42644,3873,2068.0,31.833009707673007,433.0,86.2,98.0,-1.8,-0.3,1.07,GOOD
42644,3874,2053.0,42.98734729547166,433.0,86.2,98.0,-1.8,-0.3,1.07,GOOD
42644,3875,2051.0,44.40586007939077,433.0,86.2,98.0,-1.8,-0.3,1.07,GOOD
42753,3876,1939.0,36.504591294193844,433.0,86.2,98.0,-1.7,-0.3,1.08,GOOD
42753,3877,1957.0,15.59603579128259,433.0,86.2,98.0,-1.7,-0.3,1.08,GOOD
42753,3878,1934.0,-18.999074226406478,433.0,86.2,98.0,-1.7,-0.3,1.08,GOOD
42753,3879,1921.0,-57.525110998396485,433.0,86.2,98.0,-1.7,-0.3,1.08,GOOD
42753,3880,1897.0,-88.64104792986329,433.0,86.2,98.0,-1.7,-0.3,1.08,GOOD
42753,3881,1933.0,-104.79557475625492,433.0,86.2,98.0,-1.7,-0.3,1.08,GOOD
42753,3882,1943.0,-103.19254605704086,433.0,86.2,98.0,-1.7,-0.3,1.08,GOOD
42753,3883,1914.0,-91.07306053396766,433.0,86.2,98.0,-1.7,-0.3,1.08,GOOD
42753,3884,1864.0,-84.53183669936627,433.0,86.2,98.0,-1.7,-0.3,1.08,GOOD
42753,3885,1872.0,-93.12639047902277,433.0,86.2,98.0,-1.7,-0.3,1.08,GOOD
42753,3886,1903.0,-108.57654353425752,433.0,86.2,98.0,-1.7,-0.3,1.08,GOOD
42753,3887,1898.0,-116.68710200590156,433.0,86.2,98.0,-1.7,-0.3,1.08,GOOD
42753,3888,2041.0,-109.45524640359673,432.0,86.2,98.0,-1.7,-0.3,1.08,GOOD
42753,3889,2004.0,-81.8953030882868,432.0,86.2,98.0,-1.7,-0.3,1.08,GOOD
42753,3890,2006.0,-38.942258506189525,432.0,86.2,98.0,-1.7,-0.3,1.08,GOOD
42753,3891,2022.0,2.5123505311293055,432.0,86.2,98.0,-1.7,-0.3,1.08,GOOD
42753,3892,2096.0,32.44024514836518,432.0,86.2,98.0,-1.7,-0.3,1.08,GOOD
42753,3893,2095.0,53.35368061635987,432.0,86.2,98.0,-1.7,-0.3,1.08,GOOD
42753,3894,2080.0,68.49239711156557,432.0,86.2,98.0,-1.7,-0.3,1.08,GOOD
42753,3895,2088.0,78.83426207789046,432.0,86.2,98.0,-1.7,-0.3,1.08,GOOD
42753,3896,1958.0,82.26408051362054,432.0,86.2,98.0,-1.7,-0.3,1.08,GOOD
42753,3897,2021.0,70.14640023219013,432.0,86.2,98.0,-1.7,-0.3,1.08,GOOD
42753,3898,1984.0,40.78220901686086,432.0,86.2,98.0,-1.7,-0.3,1.08,GOOD
42753,3899,1987.0,6.347753111291598,432.0,86.2,98.0,-1.7,-0.3,1.08,GOOD
42753,3900,1931.0,-20.8475770477109,432.0,86.2,98.0,-1.7,-0.3,1.08,GOOD
42852,3901,1958.0,-35.807234643781825,432.0,86.2,98.0,-1.8,-0.3,1.08,GOOD
42852,3902,1946.0,-40.17559321760679,432.0,86.2,98.0,-1.8,-0.3,1.08,GOOD
42852,3903,1932.0,-42.07733796157686,432.0,86.2,98.0,-1.8,-0.3,1.08,GOOD
42852,3904,1948.0,-49.008680453465765,432.0,86.2,98.0,-1.8,-0.3,1.08,GOOD
42852,3905,1976.0,-55.76291011395529,432.0,86.2,98.0,-1.8,-0.3,1.08,GOOD
42852,3906,2000.0,-49.32373108406401,432.0,86.2,98.0,-1.8,-0.3,1.08,GOOD
42852,3907,1995.0,-27.85086030044079,432.0,86.2,98.0,-1.8,-0.3,1.08,GOOD
42852,3908,1915.0,-8.022202717668817,432.0,86.2,98.0,-1.8,-0.3,1.08,GOOD
42852,3909,1886.0,-10.750665179464892,432.0,86.2,98.0,-1.8,-0.3,1.08,GOOD
42852,3910,1884.0,-38.220043552269324,432.0,86.2,98.0,-1.8,-0.3,1.08,GOOD
42852,3911,1911.0,-71.29911129423735,432.0,86.2,98.0,-1.8,-0.3,1.08,GOOD
42852,3912,2113.0,-83.15446395704701,432.0,86.2,98.0,-1.8,-0.3,1.08,GOOD
42852,3913,2076.0,-54.2320408696071,432.0,86.2,98.0,-1.8,-0.3,1.08,GOOD
42852,3914,2051.0,5.5358972602598975,432.0,86.2,98.0,-1.8,-0.3,1.08,GOOD
42852,3915,2065.0,63.23366384965491,432.0,86.2,98.0,-1.8,-0.3,1.08,GOOD
42852,3916,1981.0,94.428961276993,432.0,86.2,98.0,-1.8,-0.3,1.08,GOOD
42852,3917,1982.0,88.90567172320985,432.0,86.2,98.0,-1.8,-0.3,1.08,GOOD
42852,3918,1975.0,51.38206315607182,432.0,86.2,98.0,-1.8,-0.3,1.08,GOOD
42852,3919,1975.0,5.381932954685978,432.0,86.2,98.0,-1.8,-0.3,1.08,GOOD
42852,3920,1948.0,-24.329228594431374,431.0,86.2,98.0,-1.8,-0.3,1.08,GOOD
42852,3921,1950.0,-31.65365446177317,431.0,86.2,98.0,-1.8,-0.3,1.08,GOOD
42852,3922,1948.0,-28.185408004894903,431.0,86.2,98.0,-1.8,-0.3,1.08,GOOD
42852,3923,1922.0,-28.74907079960065,431.0,86.2,98.0,-1.8,-0.3,1.08,GOOD
42852,3924,2101.0,-31.731530388736154,431.0,86.2,98.0,-1.8,-0.3,1.08,GOOD
42852,3925,2140.0,-12.760798789245776,431.0,86.2,98.0,-1.8,-0.3,1.08,GOOD
42950,3926,2196.0,43.87120131573019,431.0,87.1,98.0,-1.7,-0.2,1.08,GOOD
42950,3927,2207.0,120.61843673698321,431.0,87.1,98.0,-1.7,-0.2,1.08,GOOD
42950,3928,2671.0,204.90348060450583,431.0,87.1,98.0,-1.7,-0.2,1.08,GOOD
42950,3929,2612.0,316.9460388602648,431.0,87.1,98.0,-1.7,-0.2,1.08,GOOD
42950,3930,2621.0,454.49201499152014,431.0,87.1,98.0,-1.7,-0.2,1.08,GOOD
42950,3931,2625.0,571.259060547139,431.0,87.1,98.0,-1.7,-0.2,1.08,GOOD
42950,3932,1977.0,608.9489522877835,431.0,87.1,98.0,-1.7,-0.2,1.08,GOOD
42950,3933,1931.0,509.88688790923516,431.0,87.1,98.0,-1.7,-0.2,1.08,GOOD
42950,3934,1865.0,280.9667398009002,431.0,87.1,98.0,-1.7,-0.2,1.08,GOOD
42950,3935,1854.0,20.846252068758133,431.0,87.1,98.0,-1.7,-0.2,1.08,GOOD
42950,3936,1872.0,-169.12948806468975,431.0,87.1,98.0,-1.7,-0.2,1.08,GOOD
42950,3937,1931.0,-245.1121948006422,431.0,87.1,98.0,-1.7,-0.2,1.08,GOOD
42950,3938,1926.0,-219.2895767621516,431.0,87.1,98.0,-1.7,-0.2,1.08,GOOD
42950,3939,1916.0,-146.17543272370085,431.0,87.1,98.0,-1.7,-0.2,1.08,GOOD
42950,3940,1976.0,-85.63574352347767,430.0,87.1,98.0,-1.7,-0.2,1.08,GOOD
42950,3941,2015.0,-58.857303965514376,430.0,87.1,98.0,-1.7,-0.2,1.08,GOOD
42950,3942,2019.0,-47.32177477423222,430.0,87.1,98.0,-1.7,-0.2,1.08,GOOD
42950,3943,2005.0,-30.056904841691008,430.0,87.1,98.0,-1.7,-0.2,1.08,GOOD
42950,3944,1879.0,-12.726250512493117,430.0,87.1,98.0,-1.7,-0.2,1.08,GOOD
42950,3945,1907.0,-19.739440929458056,430.0,87.1,98.0,-1.7,-0.2,1.08,GOOD
42950,3946,1950.0,-55.154301247912066,430.0,87.1,98.0,-1.7,-0.2,1.08,GOOD
42950,3947,1966.0,-90.04477043289315,430.0,87.1,98.0,-1.7,-0.2,1.08,GOOD
42950,3948,2011.0,-95.25636350204518,430.0,87.1,98.0,-1.7,-0.2,1.08,GOOD
42950,3949,1982.0,-68.28673552107337,430.0,87.1,98.0,-1.7,-0.2,1.08,GOOD
42950,3950,1975.0,-32.07141671265845,430.0,87.1,98.0,-1.7,-0.2,1.08,GOOD
43046,3951,1998.0,-11.559344341704133,430.0,87.1,98.0,-1.7,-0.3,1.08,GOOD
43046,3952,2128.0,-5.1209274836357945,430.0,87.1,98.0,-1.7,-0.3,1.08,GOOD
43046,3953,2071.0,9.546061512371416,430.0,87.1,98.0,-1.7,-0.3,1.08,GOOD
43046,3954,2036.0,37.272916946331875,430.0,87.1,98.0,-1.7,-0.3,1.08,GOOD
43046,3955,2044.0,58.882856872635365,430.0,87.1,98.0,-1.7,-0.3,1.08,GOOD
43046,3956,2156.0,65.94742090158056,430.0,87.1,98.0,-1.7,-0.3,1.08,GOOD
43046,3957,2174.0,73.11766220757907,430.0,87.1,98.0,-1.7,-0.3,1.08,GOOD
43046,3958,2161.0,92.84312867527765,430.0,87.1,98.0,-1.7,-0.3,1.08,GOOD
43046,3959,2153.0,119.97544111801773,430.0,87.1,98.0,-1.7,-0.3,1.08,GOOD
43046,3960,2039.0,138.3981412515288,430.0,87.1,98.0,-1.7,-0.3,1.08,GOOD
43046,3961,2070.0,131.10868621845077,430.0,87.1,98.0,-1.7,-0.3,1.08,GOOD
43046,3962,2071.0,97.23679469104282,430.0,87.1,98.0,-1.7,-0.3,1.08,GOOD
43046,3963,2051.0,55.752953505206484,430.0,87.1,98.0,-1.7,-0.3,1.08,GOOD
43046,3964,2046.0,26.100993784350273,429.0,87.1,98.0,-1.7,-0.3,1.08,GOOD
43046,3965,2079.0,17.51174441951768,429.0,87.1,98.0,-1.7,-0.3,1.08,GOOD
43046,3966,2112.0,29.278382504750542,429.0,87.1,98.0,-1.7,-0.3,1.08,GOOD
43046,3967,2113.0,50.81760681982498,429.0,87.1,98.0,-1.7,-0.3,1.08,GOOD
43046,3968,2165.0,70.7249668746088,429.0,87.1,98.0,-1.7,-0.3,1.08,GOOD
43046,3969,2173.0,89.50044183725146,429.0,87.1,98.0,-1.7,-0.3,1.08,GOOD
43046,3970,2177.0,113.0513968317227,429.0,87.1,98.0,-1.7,-0.3,1.08,GOOD
43046,3971,2198.0,138.15815602772906,429.0,87.1,98.0,-1.7,-0.3,1.08,GOOD
43046,3972,2404.0,163.31254945532567,429.0,87.1,98.0,-1.7,-0.3,1.08,GOOD
43046,3973,2365.0,200.2666014578939,429.0,87.1,98.0,-1.7,-0.3,1.08,GOOD
43046,3974,2361.0,251.0935803914179,429.0,87.1,98.0,-1.7,-0.3,1.08,GOOD
43046,3975,2383.0,299.3409951520217,429.0,87.1,98.0,-1.7,-0.3,1.08,GOOD
43161,3976,2442.0,333.9675403789793,428.0,87.1,98.0,-1.8,-0.2,1.08,GOOD
43161,3977,2437.0,354.360360756929,428.0,87.1,98.0,-1.8,-0.2,1.08,GOOD
43161,3978,2423.0,359.7108984310782,428.0,87.1,98.0,-1.8,-0.2,1.08,GOOD
43161,3979,2412.0,352.4839888602005,428.0,87.1,98.0,-1.8,-0.2,1.08,GOOD
43161,3980,2239.0,335.91357130194467,428.0,87.1,98.0,-1.8,-0.2,1.08,GOOD
43161,3981,2279.0,303.266833608413,428.0,87.1,98.0,-1.8,-0.2,1.08,GOOD
43161,3982,2232.0,250.67875699324085,428.0,87.1,98.0,-1.8,-0.2,1.08,GOOD
43161,3983,2245.0,189.74474189074684,428.0,87.1,98.0,-1.8,-0.2,1.08,GOOD
43161,3984,2143.0,135.95555007033872,428.0,87.1,98.0,-1.8,-0.2,1.08,GOOD
43161,3985,2179.0,98.51193829915708,428.0,87.1,98.0,-1.8,-0.2,1.08,GOOD
43161,3986,2197.0,81.05513984429086,428.0,87.1,98.0,-1.8,-0.2,1.08,GOOD
43161,3987,2171.0,78.2074075512013,428.0,87.1,98.0,-1.8,-0.2,1.08,GOOD
43161,3988,1988.0,67.56210464230045,428.0,87.1,98.0,-1.8,-0.2,1.08,GOOD
43161,3989,1980.0,26.119800935093323,428.0,87.1,98.0,-1.8,-0.2,1.08,GOOD
43161,3990,1992.0,-37.074197334792004,428.0,87.1,98.0,-1.8,-0.2,1.08,GOOD
43161,3991,1995.0,-90.29926170986762,428.0,87.1,98.0,-1.8,-0.2,1.08,GOOD
43161,3992,1985.0,-119.53711332337684,427.0,87.1,98.0,-1.8,-0.2,1.08,GOOD
43161,3993,1932.0,-134.70572278534462,427.0,87.1,98.0,-1.8,-0.2,1.08,GOOD
43161,3994,1938.0,-145.78623222354838,427.0,87.1,98.0,-1.8,-0.2,1.08,GOOD
43161,3995,1943.0,-151.17882048516378,427.0,87.1,98.0,-1.8,-0.2,1.08,GOOD
43161,3996,2050.0,-145.00850152982025,427.0,87.1,98.0,-1.8,-0.2,1.08,GOOD
43161,3997,2029.0,-126.77827518251041,427.0,87.1,98.0,-1.8,-0.2,1.08,GOOD
43161,3998,2015.0,-104.55301314625703,427.0,87.1,98.0,-1.8,-0.2,1.08,GOOD
43161,3999,2020.0,-86.03793278747293,427.0,87.1,98.0,-1.8,-0.2,1.08,GOOD
43161,4000,1944.0,-73.40683396012892,426.0,87.1,98.0,-1.8,-0.2,1.08,GOOD
43260,4001,1928.0,-74.93555675982418,426.0,87.1,98.0,-1.7,-0.2,1.08,GOOD
43260,4002,1974.0,-98.17632706348687,426.0,87.1,98.0,-1.7,-0.2,1.08,GOOD
43260,4003,1973.0,-129.99400141313683,426.0,87.1,98.0,-1.7,-0.2,1.08,GOOD
43260,4004,1895.0,-149.81071529490129,426.0,87.1,98.0,-1.7,-0.2,1.08,GOOD
43260,4005,1925.0,-153.5086605585148,426.0,87.1,98.0,-1.7,-0.2,1.08,GOOD
43260,4006,1934.0,-149.2157398281587,426.0,87.1,98.0,-1.7,-0.2,1.08,GOOD
43260,4007,1923.0,-146.47560930927256,426.0,87.1,98.0,-1.7,-0.2,1.08,GOOD
43260,4008,1833.0,-154.92968411217785,425.0,87.1,98.0,-1.7,-0.2,1.08,GOOD
43260,4009,1830.0,-177.49836070248227,425.0,87.1,98.0,-1.7,-0.2,1.08,GOOD
43260,4010,1864.0,-202.29826275313576,425.0,87.1,98.0,-1.7,-0.2,1.08,GOOD
43260,4011,1861.0,-214.47851488807683,425.0,87.1,98.0,-1.7,-0.2,1.08,GOOD
43260,4012,1937.0,-212.05022025483638,425.0,87.1,98.0,-1.7,-0.2,1.08,GOOD
43260,4013,1916.0,-198.5466047655608,425.0,87.1,98.0,-1.7,-0.2,1.08,GOOD
43260,4014,1916.0,-175.58303905653048,425.0,87.1,98.0,-1.7,-0.2,1.08,GOOD
43260,4015,1917.0,-148.01170398824524,425.0,87.1,98.0,-1.7,-0.2,1.08,GOOD
43260,4016,2006.0,-122.10211094779032,424.0,87.1,98.0,-1.7,-0.2,1.08,GOOD
43260,4017,1967.0,-101.56565299210665,424.0,87.1,98.0,-1.7,-0.2,1.08,GOOD
43260,4018,1948.0,-90.4062350476566,424.0,87.1,98.0,-1.7,-0.2,1.08,GOOD
43260,4019,1941.0,-88.99438279659888,424.0,87.1,98.0,-1.7,-0.2,1.08,GOOD
43260,4020,2003.0,-87.61687599298548,424.0,87.1,98.0,-1.7,-0.2,1.08,GOOD
43260,4021,2022.0,-76.50201546542199,424.0,87.1,98.0,-1.7,-0.2,1.08,GOOD
43260,4022,2015.0,-59.17273165540154,424.0,87.1,98.0,-1.7,-0.2,1.08,GOOD
43260,4023,1996.0,-46.27512612484259,424.0,87.1,98.0,-1.7,-0.2,1.08,GOOD
43260,4024,1949.0,-42.00913670097012,423.0,87.1,98.0,-1.7,-0.2,1.08,GOOD
43260,4025,1984.0,-43.92806094526338,423.0,87.1,98.0,-1.7,-0.2,1.08,GOOD
43356,4026,1975.0,-49.48046900281481,423.0,87.1,98.0,-1.7,-0.3,1.08,GOOD
43356,4027,1975.0,-58.952050755257034,423.0,87.1,98.0,-1.7,-0.3,1.08,GOOD
43356,4028,1859.0,-75.05229623289821,423.0,87.1,98.0,-1.7,-0.3,1.08,GOOD
43356,4029,1884.0,-98.29277468114296,423.0,87.1,98.0,-1.7,-0.3,1.08,GOOD
43356,4030,1895.0,-120.96072789947873,423.0,87.1,98.0,-1.7,-0.3,1.08,GOOD
43356,4031,1888.0,-135.21026265887696,423.0,87.1,98.0,-1.7,-0.3,1.08,GOOD
43356,4032,1889.0,-144.04381226780004,422.0,87.1,98.0,-1.7,-0.3,1.08,GOOD
43356,4033,1893.0,-150.3144981161638,422.0,87.1,98.0,-1.7,-0.3,1.08,GOOD
43356,4034,1905.0,-147.50915371809361,422.0,87.1,98.0,-1.7,-0.3,1.08,GOOD
43356,4035,1919.0,-131.697995529257,422.0,87.1,98.0,-1.7,-0.3,1.08,GOOD
43356,4036,2027.0,-107.45355472632595,422.0,87.1,98.0,-1.7,-0.3,1.08,GOOD
43356,4037,1987.0,-79.81368779490009,422.0,87.1,98.0,-1.7,-0.3,1.08,GOOD
43356,4038,1984.0,-53.619848172691285,422.0,87.1,98.0,-1.7,-0.3,1.08,GOOD
43356,4039,1990.0,-32.836244496970636,422.0,87.1,98.0,-1.7,-0.3,1.08,GOOD
43356,4040,2080.0,-14.097157568532902,421.0,87.1,98.0,-1.7,-0.3,1.08,GOOD
43356,4041,2055.0,6.65956496501062,421.0,87.1,98.0,-1.7,-0.3,1.08,GOOD
43356,4042,2031.0,22.951538009787104,421.0,87.1,98.0,-1.7,-0.3,1.08,GOOD
43356,4043,2030.0,27.303606681760336,421.0,87.1,98.0,-1.7,-0.3,1.08,GOOD
43356,4044,2015.0,24.696407127374737,421.0,87.1,98.0,-1.7,-0.3,1.08,GOOD
43356,4045,2030.0,22.387675975966523,421.0,87.1,98.0,-1.7,-0.3,1.08,GOOD
43356,4046,2027.0,18.63272487342425,421.0,87.1,98.0,-1.7,-0.3,1.08,GOOD
43356,4047,2023.0,10.042196786317508,421.0,87.1,98.0,-1.7,-0.3,1.08,GOOD
43356,4048,1940.0,-2.1492493583696373,421.0,87.1,98.0,-1.7,-0.3,1.08,GOOD
43356,4049,1963.0,-15.723757049104346,421.0,87.1,98.0,-1.7,-0.3,1.08,GOOD
43356,4050,1965.0,-28.75838793510381,421.0,87.1,98.0,-1.7,-0.3,1.08,GOOD
43455,4051,1958.0,-40.98542794767735,421.0,87.1,98.0,-1.6,-0.3,1.08,GOOD
43455,4052,1886.0,-56.67920704378851,421.0,87.1,98.0,-1.6,-0.3,1.08,GOOD
43455,4053,1913.0,-76.84211970440734,421.0,87.1,98.0,-1.6,-0.3,1.08,GOOD
43455,4054,1930.0,-91.28915694812977,421.0,87.1,98.0,-1.6,-0.3,1.08,GOOD
43455,4055,1927.0,-91.6429430509987,421.0,87.1,98.0,-1.6,-0.3,1.08,GOOD
43455,4056,1977.0,-83.25512125864631,420.0,87.1,98.0,-1.6,-0.3,1.08,GOOD
43455,4057,1968.0,-72.47957041134347,420.0,87.1,98.0,-1.6,-0.3,1.08,GOOD
43455,4058,1956.0,-58.599286277711265,420.0,87.1,98.0,-1.6,-0.3,1.08,GOOD
43455,4059,1945.0,-42.895172718844414,420.0,87.1,98.0,-1.6,-0.3,1.08,GOOD
43455,4060,2123.0,-25.768940730486243,420.0,87.1,98.0,-1.6,-0.3,1.08,GOOD
43455,4061,2080.0,-0.29138821210325005,420.0,87.1,98.0,-1.6,-0.3,1.08,GOOD
43455,4062,2041.0,31.291256596583718,420.0,87.1,98.0,-1.6,-0.3,1.08,GOOD
43455,4063,2078.0,56.206815728357014,420.0,87.1,98.0,-1.6,-0.3,1.08,GOOD
43455,4064,2085.0,72.83930904228026,420.0,87.1,98.0,-1.6,-0.3,1.08,GOOD
43455,4065,2081.0,84.25669599706035,420.0,87.1,98.0,-1.6,-0.3,1.08,GOOD
43455,4066,2064.0,84.58865767322834,420.0,87.1,98.0,-1.6,-0.3,1.08,GOOD
43455,4067,2092.0,73.12074494358407,420.0,87.1,98.0,-1.6,-0.3,1.08,GOOD
43455,4068,2046.0,62.455652029835015,420.0,87.1,98.0,-1.6,-0.3,1.08,GOOD
43455,4069,2069.0,61.3012926603192,420.0,87.1,98.0,-1.6,-0.3,1.08,GOOD
43455,4070,2063.0,64.1888818933707,420.0,87.1,98.0,-1.6,-0.3,1.08,GOOD
43455,4071,2062.0,61.582360939713446,420.0,87.1,98.0,-1.6,-0.3,1.08,GOOD
43455,4072,1976.0,48.97264529007344,419.0,87.1,98.0,-1.6,-0.3,1.08,GOOD
43455,4073,1988.0,28.318703154433372,419.0,87.1,98.0,-1.6,-0.3,1.08,GOOD
43455,4074,1985.0,7.143090503510266,419.0,87.1,98.0,-1.6,-0.3,1.08,GOOD
43455,4075,1973.0,-9.657921518748926,419.0,87.1,98.0,-1.6,-0.3,1.08,GOOD
43568,4076,1920.0,-27.091429142390282,419.0,88.0,98.0,-1.6,-0.3,1.08,GOOD
43568,4077,1904.0,-50.43247237087665,419.0,88.0,98.0,-1.6,-0.3,1.08,GOOD
43568,4078,1920.0,-73.1454214167449,419.0,88.0,98.0,-1.6,-0.3,1.08,GOOD
43568,4079,1934.0,-84.01723493513316,419.0,88.0,98.0,-1.6,-0.3,1.08,GOOD
43568,4080,2051.0,-78.18601837927781,419.0,88.0,98.0,-1.6,-0.3,1.08,GOOD
43568,4081,2015.0,-56.00530108616895,419.0,88.0,98.0,-1.6,-0.3,1.08,GOOD
43568,4082,2024.0,-23.716360040084954,419.0,88.0,98.0,-1.6,-0.3,1.08,GOOD
43568,4083,2025.0,8.603834551548198,419.0,88.0,98.0,-1.6,-0.3,1.08,GOOD
43568,4084,2089.0,35.564426805350344,419.0,88.0,98.0,-1.6,-0.3,1.08,GOOD
43568,4085,2059.0,54.403214262965534,419.0,88.0,98.0,-1.6,-0.3,1.08,GOOD
43568,4086,2047.0,60.27058608730525,419.0,88.0,98.0,-1.6,-0.3,1.08,GOOD
43568,4087,2044.0,54.283857798101764,419.0,88.0,98.0,-1.6,-0.3,1.08,GOOD
43568,4088,1999.0,45.83118746105605,419.0,88.0,98.0,-1.6,-0.3,1.08,GOOD
43568,4089,2013.0,38.30064364885154,419.0,88.0,98.0,-1.6,-0.3,1.08,GOOD
43568,4090,2001.0,26.301256708543995,419.0,88.0,98.0,-1.6,-0.3,1.08,GOOD
43568,4091,2000.0,8.159663155633561,419.0,88.0,98.0,-1.6,-0.3,1.08,GOOD
43568,4092,2571.0,14.316191503885209,419.0,88.0,98.0,-1.6,-0.3,1.08,GOOD
43568,4093,2638.0,107.7373735085899,419.0,88.0,98.0,-1.6,-0.3,1.08,GOOD
43568,4094,2696.0,298.3260643976478,419.0,88.0,98.0,-1.6,-0.3,1.08,GOOD
43568,4095,2718.0,508.53053440684255,419.0,88.0,98.0,-1.6,-0.3,1.08,GOOD
43568,4096,2376.0,646.0243222550441,419.0,88.0,98.0,-1.6,-0.3,1.08,GOOD
43568,4097,2304.0,653.1188214819537,419.0,88.0,98.0,-1.6,-0.3,1.08,GOOD
43568,4098,2258.0,534.7858594156114,419.0,88.0,98.0,-1.6,-0.3,1.08,GOOD
43568,4099,2214.0,359.68485810688935,419.0,88.0,98.0,-1.6,-0.3,1.08,GOOD
43568,4100,1670.0,183.83114860140662,419.0,88.0,98.0,-1.6,-0.3,1.08,GOOD
43665,4101,1643.0,4.0928622021144285,419.0,88.0,98.0,-1.6,-0.2,1.08,GOOD
43665,4102,1615.0,-179.9471258403752,419.0,88.0,98.0,-1.6,-0.2,1.08,GOOD
43665,4103,1600.0,-333.658580001347,419.0,88.0,98.0,-1.6,-0.2,1.08,GOOD
43665,4104,2105.0,-415.7182588810912,419.0,88.0,98.0,-1.6,-0.2,1.08,GOOD
43665,4105,2142.0,-380.81224977901115,419.0,88.0,98.0,-1.6,-0.2,1.08,GOOD
43665,4106,2175.0,-223.2048187715044,419.0,88.0,98.0,-1.6,-0.2,1.08,GOOD
43665,4107,2180.0,-14.777564442433484,419.0,88.0,98.0,-1.6,-0.2,1.08,GOOD
43665,4108,1976.0,142.21759977768824,419.0,88.0,98.0,-1.6,-0.2,1.08,GOOD
43665,4109,1981.0,175.40293279996217,419.0,88.0,98.0,-1.6,-0.2,1.08,GOOD
43665,4110,1989.0,92.54746942101718,419.0,88.0,98.0,-1.6,-0.2,1.08,GOOD
43665,4111,2004.0,-21.452915734182902,419.0,88.0,98.0,-1.6,-0.2,1.08,GOOD
43665,4112,1963.0,-86.6253363990535,419.0,88.0,98.0,-1.6,-0.2,1.08,GOOD
43665,4113,1964.0,-90.8362990710215,419.0,88.0,98.0,-1.6,-0.2,1.08,GOOD
43665,4114,1967.0,-72.51083182018044,419.0,88.0,98.0,-1.6,-0.2,1.08,GOOD
43665,4115,1968.0,-66.07113065442132,419.0,88.0,98.0,-1.6,-0.2,1.08,GOOD
43665,4116,1992.0,-72.12528741693913,419.0,88.0,98.0,-1.6,-0.2,1.08,GOOD
43665,4117,1972.0,-71.6992883329814,419.0,88.0,98.0,-1.6,-0.2,1.08,GOOD
43665,4118,1970.0,-58.88816199125114,419.0,88.0,98.0,-1.6,-0.2,1.08,GOOD
43665,4119,1960.0,-48.85300855721271,419.0,88.0,98.0,-1.6,-0.2,1.08,GOOD
43665,4120,2090.0,-49.79568461899805,419.0,88.0,98.0,-1.6,-0.2,1.08,GOOD
43665,4121,2073.0,-44.507501077036494,419.0,88.0,98.0,-1.6,-0.2,1.08,GOOD
43665,4122,2066.0,-17.070328749613694,419.0,88.0,98.0,-1.6,-0.2,1.08,GOOD
43665,4123,2047.0,20.884204487671504,419.0,88.0,98.0,-1.6,-0.2,1.08,GOOD
43665,4124,2224.0,51.64657486520619,419.0,88.0,98.0,-1.6,-0.2,1.08,GOOD
43665,4125,2219.0,78.47359630226615,419.0,88.0,98.0,-1.6,-0.2,1.08,GOOD
43763,4126,2254.0,112.24394081892417,419.0,88.0,98.0,-1.7,-0.2,1.08,GOOD
43763,4127,2254.0,153.4561792835188,419.0,88.0,98.0,-1.7,-0.2,1.08,GOOD
43763,4128,2132.0,189.64509765205645,419.0,88.0,98.0,-1.7,-0.2,1.08,GOOD
43763,4129,2138.0,197.08363589582402,419.0,88.0,98.0,-1.7,-0.2,1.08,GOOD
43763,4130,2144.0,165.28234864684143,419.0,88.0,98.0,-1.7,-0.2,1.08,GOOD
43763,4131,2154.0,115.17715098152601,419.0,88.0,98.0,-1.7,-0.2,1.08,GOOD
43763,4132,2105.0,76.64445027717163,420.0,88.0,98.0,-1.7,-0.2,1.08,GOOD
43763,4133,2104.0,61.165942941124676,420.0,88.0,98.0,-1.7,-0.2,1.08,GOOD
43763,4134,2104.0,60.37995487985516,420.0,88.0,98.0,-1.7,-0.2,1.08,GOOD
43763,4135,2099.0,59.58710445499272,420.0,88.0,98.0,-1.7,-0.2,1.08,GOOD
43763,4136,2157.0,52.716778137701105,420.0,88.0,98.0,-1.7,-0.2,1.08,GOOD
43763,4137,2153.0,49.2991844901256,420.0,88.0,98.0,-1.7,-0.2,1.08,GOOD
43763,4138,2153.0,60.16016027808118,420.0,88.0,98.0,-1.7,-0.2,1.08,GOOD
43763,4139,2136.0,80.1176982768336,420.0,88.0,98.0,-1.7,-0.2,1.08,GOOD
43763,4140,2397.0,103.31075650072566,420.0,88.0,98.0,-1.7,-0.2,1.08,GOOD
43763,4141,2389.0,142.64780106885033,420.0,88.0,98.0,-1.7,-0.2,1.08,GOOD
43763,4142,2406.0,204.82480183529827,420.0,88.0,98.0,-1.7,-0.2,1.08,GOOD
43763,4143,2414.0,272.34458996717024,420.0,88.0,98.0,-1.7,-0.2,1.08,GOOD
43763,4144,2498.0,328.5067003338719,420.0,88.0,98.0,-1.7,-0.2,1.08,GOOD
43763,4145,2479.0,367.9564915061493,420.0,88.0,98.0,-1.7,-0.2,1.08,GOOD
43763,4146,2478.0,385.21832064771604,420.0,88.0,98.0,-1.7,-0.2,1.08,GOOD
43763,4147,2491.0,380.59355897628666,420.0,88.0,98.0,-1.7,-0.2,1.08,GOOD
43763,4148,2388.0,365.73272497498095,420.0,88.0,98.0,-1.7,-0.2,1.08,GOOD
43763,4149,2402.0,347.17007161733335,420.0,88.0,98.0,-1.7,-0.2,1.08,GOOD
43763,4150,2402.0,322.41453537740307,420.0,88.0,98.0,-1.7,-0.2,1.08,GOOD
43859,4151,2403.0,291.78088646452306,420.0,88.0,98.0,-1.7,-0.2,1.08,GOOD
43859,4152,2130.0,251.38984937395227,420.0,88.0,98.0,-1.7,-0.2,1.08,GOOD
43859,4153,2108.0,187.7396623824152,420.0,88.0,98.0,-1.7,-0.2,1.08,GOOD
43859,4154,2098.0,103.31790075750602,420.0,88.0,98.0,-1.7,-0.2,1.08,GOOD
43859,4155,2075.0,21.46624810341892,420.0,88.0,98.0,-1.7,-0.2,1.08,GOOD
43859,4156,1922.0,-49.05703539923446,420.0,88.0,98.0,-1.7,-0.2,1.08,GOOD
43859,4157,1936.0,-116.53362873504025,420.0,88.0,98.0,-1.7,-0.2,1.08,GOOD
43859,4158,1932.0,-173.3765686968715,420.0,88.0,98.0,-1.7,-0.2,1.08,GOOD
43859,4159,1888.0,-203.29173520591314,420.0,88.0,98.0,-1.7,-0.2,1.08,GOOD
43859,4160,1902.0,-213.49437868107583,421.0,88.0,98.0,-1.7,-0.2,1.08,GOOD
43859,4161,1897.0,-223.75020122496295,421.0,88.0,98.0,-1.7,-0.2,1.08,GOOD
43859,4162,1924.0,-236.22558656027834,421.0,88.0,98.0,-1.7,-0.2,1.08,GOOD
43859,4163,1926.0,-236.58731365813165,421.0,88.0,98.0,-1.7,-0.2,1.08,GOOD
43859,4164,2140.0,-209.72314944819215,421.0,88.0,98.0,-1.7,-0.2,1.08,GOOD
43859,4165,2122.0,-150.93589557054713,421.0,88.0,98.0,-1.7,-0.2,1.08,GOOD
43859,4166,2136.0,-78.40507917926172,421.0,88.0,98.0,-1.7,-0.2,1.08,GOOD
43859,4167,2162.0,-19.020971466055727,421.0,88.0,98.0,-1.7,-0.2,1.08,GOOD
43859,4168,2029.0,15.708640772821338,421.0,88.0,98.0,-1.7,-0.2,1.08,GOOD
43859,4169,2018.0,19.08488261133276,421.0,88.0,98.0,-1.7,-0.2,1.08,GOOD
43859,4170,1999.0,-13.291330318122803,421.0,88.0,98.0,-1.7,-0.2,1.08,GOOD
43859,4171,2012.0,-67.67385263878373,421.0,88.0,98.0,-1.7,-0.2,1.08,GOOD
43859,4172,1876.0,-121.63501032369987,421.0,88.0,98.0,-1.7,-0.2,1.08,GOOD
43859,4173,1904.0,-163.16116600401318,421.0,88.0,98.0,-1.7,-0.2,1.08,GOOD
43859,4174,1859.0,-190.50877414390965,421.0,88.0,98.0,-1.7,-0.2,1.08,GOOD
43859,4175,1837.0,-210.4187856080964,421.0,88.0,98.0,-1.7,-0.2,1.08,GOOD
43970,4176,1781.0,-236.464716715197,421.0,88.0,98.0,-1.7,-0.2,1.09,GOOD
43970,4177,1805.0,-271.16504530118095,421.0,88.0,98.0,-1.7,-0.2,1.09,GOOD
43970,4178,1814.0,-297.53248721458476,421.0,88.0,98.0,-1.7,-0.2,1.09,GOOD
43970,4179,1773.0,-302.0784340291128,421.0,88.0,98.0,-1.7,-0.2,1.09,GOOD
43970,4180,1898.0,-290.2895510794478,421.0,88.0,98.0,-1.7,-0.2,1.09,GOOD
43970,4181,1897.0,-268.9881748913432,421.0,88.0,98.0,-1.7,-0.2,1.09,GOOD
43970,4182,1922.0,-238.32737869643972,421.0,88.0,98.0,-1.7,-0.2,1.09,GOOD
43970,4183,1920.0,-201.1716602507351,421.0,88.0,98.0,-1.7,-0.2,1.09,GOOD
43970,4184,1918.0,-165.03868529604745,422.0,88.0,98.0,-1.7,-0.2,1.09,GOOD
43970,4185,1903.0,-141.28332513226468,422.0,88.0,98.0,-1.7,-0.2,1.09,GOOD
43970,4186,1925.0,-137.4887886071253,422.0,88.0,98.0,-1.7,-0.2,1.09,GOOD
43970,4187,1956.0,-145.47087592059563,422.0,88.0,98.0,-1.7,-0.2,1.09,GOOD
43970,4188,2227.0,-135.9627285558624,422.0,88.0,98.0,-1.7,-0.2,1.09,GOOD
43970,4189,2202.0,-77.47657889276948,422.0,88.0,98.0,-1.7,-0.2,1.09,GOOD
43970,4190,2186.0,19.498113415227007,422.0,88.0,98.0,-1.7,-0.2,1.09,GOOD
43970,4191,2204.0,106.28831636484185,422.0,88.0,98.0,-1.7,-0.2,1.09,GOOD
43970,4192,1804.0,136.462257216832,422.0,88.0,98.0,-1.7,-0.2,1.09,GOOD
43970,4193,1811.0,79.10849365349254,422.0,88.0,98.0,-1.7,-0.2,1.09,GOOD
43970,4194,1768.0,-52.33121396610106,422.0,88.0,98.0,-1.7,-0.2,1.09,GOOD
43970,4195,1732.0,-197.2562468146129,422.0,88.0,98.0,-1.7,-0.2,1.09,GOOD
43970,4196,1850.0,-299.1179006896162,422.0,88.0,98.0,-1.7,-0.2,1.09,GOOD
43970,4197,1859.0,-328.6342760553556,422.0,88.0,98.0,-1.7,-0.2,1.09,GOOD
43970,4198,1873.0,-290.2895830674105,422.0,88.0,98.0,-1.7,-0.2,1.09,GOOD
43970,4199,1832.0,-223.995808092946,422.0,88.0,98.0,-1.7,-0.2,1.09,GOOD
43970,4200,2004.0,-169.25346487823126,422.0,88.0,98.0,-1.7,-0.2,1.09,GOOD
44068,4201,1990.0,-131.05772814473585,422.0,88.0,98.0,-1.7,-0.2,1.08,GOOD
44068,4202,2036.0,-95.63977806470805,422.0,88.0,98.0,-1.7,-0.2,1.08,GOOD
44068,4203,2041.0,-56.942895663338334,422.0,88.0,98.0,-1.7,-0.2,1.08,GOOD
44068,4204,1988.0,-20.582130782261498,422.0,88.0,98.0,-1.7,-0.2,1.08,GOOD
44068,4205,1941.0,-2.8995496994022103,422.0,88.0,98.0,-1.7,-0.2,1.08,GOOD
44068,4206,1955.0,-16.045862726553217,422.0,88.0,98.0,-1.7,-0.2,1.08,GOOD
44068,4207,1984.0,-48.21439728971713,422.0,88.0,98.0,-1.7,-0.2,1.08,GOOD
44068,4208,2083.0,-69.01736955855145,423.0,88.0,98.0,-1.7,-0.2,1.08,GOOD
44068,4209,2072.0,-55.37881807342544,423.0,88.0,98.0,-1.7,-0.2,1.08,GOOD
44068,4210,2055.0,-14.214701398161369,423.0,88.0,98.0,-1.7,-0.2,1.08,GOOD
44068,4211,2086.0,27.114807918276146,423.0,88.0,98.0,-1.7,-0.2,1.08,GOOD
44068,4212,2017.0,48.603278187667215,423.0,88.0,98.0,-1.7,-0.2,1.08,GOOD
44068,4213,2055.0,46.119860039619866,423.0,88.0,98.0,-1.7,-0.2,1.08,GOOD
44068,4214,2028.0,28.768163775715603,423.0,88.0,98.0,-1.7,-0.2,1.08,GOOD
44068,4215,2011.0,10.040390386287655,423.0,88.0,98.0,-1.7,-0.2,1.08,GOOD
44068,4216,1908.0,-8.058766604293123,423.0,88.0,98.0,-1.7,-0.2,1.08,GOOD
44068,4217,1952.0,-32.62823391852937,423.0,88.0,98.0,-1.7,-0.2,1.08,GOOD
44068,4218,1951.0,-61.23536757615555,423.0,88.0,98.0,-1.7,-0.2,1.08,GOOD
44068,4219,1936.0,-82.72709890971021,423.0,88.0,98.0,-1.7,-0.2,1.08,GOOD
44068,4220,1912.0,-93.58876833912493,423.0,88.0,98.0,-1.7,-0.2,1.08,GOOD
44068,4221,1904.0,-98.2580713713225,423.0,88.0,98.0,-1.7,-0.2,1.08,GOOD
44068,4222,1935.0,-99.75715751095854,423.0,88.0,98.0,-1.7,-0.2,1.08,GOOD
44068,4223,1921.0,-98.66578668781183,423.0,88.0,98.0,-1.7,-0.2,1.08,GOOD
44068,4224,2113.0,-89.7181429629114,423.0,88.0,98.0,-1.7,-0.2,1.08,GOOD
44068,4225,2069.0,-59.32780165994136,423.0,88.0,98.0,-1.7,-0.2,1.08,GOOD
44165,4226,2097.0,-6.5147927850027365,423.0,88.0,98.0,-1.7,-0.2,1.07,GOOD
44165,4227,2125.0,49.61214216757943,423.0,88.0,98.0,-1.7,-0.2,1.07,GOOD
44165,4228,2107.0,90.91203675105224,423.0,88.0,98.0,-1.7,-0.2,1.07,GOOD
44165,4229,2074.0,106.98930958615739,423.0,88.0,98.0,-1.7,-0.2,1.07,GOOD
44165,4230,2045.0,95.54964997629338,423.0,88.0,98.0,-1.7,-0.2,1.07,GOOD
44165,4231,2078.0,69.06594401007777,423.0,88.0,98.0,-1.7,-0.2,1.07,GOOD
44165,4232,2118.0,49.69180440049959,423.0,88.0,98.0,-1.7,-0.2,1.07,GOOD
44165,4233,2152.0,51.87307308252569,423.0,88.0,98.0,-1.7,-0.2,1.07,GOOD
44165,4234,2137.0,71.7063036509746,423.0,88.0,98.0,-1.7,-0.2,1.07,GOOD
44165,4235,2132.0,94.72723511015643,423.0,88.0,98.0,-1.7,-0.2,1.07,GOOD
44165,4236,1938.0,103.15342163927129,423.0,88.0,98.0,-1.7,-0.2,1.07,GOOD
44165,4237,1969.0,79.17854410053832,423.0,88.0,98.0,-1.7,-0.2,1.07,GOOD
44165,4238,1961.0,24.46796599458671,423.0,88.0,98.0,-1.7,-0.2,1.07,GOOD
44165,4239,1920.0,-37.52785853845525,423.0,88.0,98.0,-1.7,-0.2,1.07,GOOD
44165,4240,1936.0,-85.73277637476288,424.0,88.0,98.0,-1.7,-0.2,1.07,GOOD
44165,4241,1935.0,-108.40913151913611,424.0,88.0,98.0,-1.7,-0.2,1.07,GOOD
44165,4242,1933.0,-104.4259043164293,424.0,88.0,98.0,-1.7,-0.2,1.07,GOOD
44165,4243,1919.0,-88.95319793355985,424.0,88.0,98.0,-1.7,-0.2,1.07,GOOD
44165,4244,1945.0,-80.61384581991483,424.0,88.0,98.0,-1.7,-0.2,1.07,GOOD
44165,4245,1898.0,-83.96603614505307,424.0,88.0,98.0,-1.7,-0.2,1.07,GOOD
44165,4246,1910.0,-91.7195400904398,424.0,88.0,98.0,-1.7,-0.2,1.07,GOOD
44165,4247,1933.0,-95.1923271566283,424.0,88.0,98.0,-1.7,-0.2,1.07,GOOD
44165,4248,2102.0,-84.67301655984214,424.0,88.0,98.0,-1.7,-0.2,1.07,GOOD
44165,4249,2079.0,-51.400640353808996,424.0,88.0,98.0,-1.7,-0.2,1.07,GOOD
44165,4250,2041.0,-2.970365606670059,424.0,88.0,98.0,-1.7,-0.2,1.07,GOOD
44263,4251,2116.0,41.78691852439084,424.0,87.5,98.0,-1.6,-0.2,1.08,GOOD
44263,4252,1986.0,71.47984527236608,424.0,87.5,98.0,-1.6,-0.2,1.08,GOOD
44263,4253,2008.0,74.97876824743646,424.0,87.5,98.0,-1.6,-0.2,1.08,GOOD
44263,4254,1984.0,46.5830711032079,424.0,87.5,98.0,-1.6,-0.2,1.08,GOOD
44263,4255,1978.0,2.9092967870829396,424.0,87.5,98.0,-1.6,-0.2,1.08,GOOD
44263,4256,2009.0,-29.19867704438361,424.0,87.5,98.0,-1.6,-0.2,1.08,GOOD
44263,4257,2069.0,-31.892529697448353,424.0,87.5,98.0,-1.6,-0.2,1.08,GOOD
44263,4258,2063.0,-6.963932482920903,424.0,87.5,98.0,-1.6,-0.2,1.08,GOOD
44263,4259,2050.0,24.967405973736085,424.0,87.5,98.0,-1.6,-0.2,1.08,GOOD
44263,4260,2727.0,71.18367633774452,425.0,87.5,98.0,-1.6,-0.2,1.08,GOOD
44263,4261,2713.0,189.214609998582,425.0,87.5,98.0,-1.6,-0.2,1.08,GOOD
44263,4262,2733.0,389.3503799290888,425.0,87.5,98.0,-1.6,-0.2,1.08,GOOD
44263,4263,2713.0,589.7366173012156,425.0,87.5,98.0,-1.6,-0.2,1.08,GOOD
44263,4264,2089.0,688.6033088086597,425.0,87.5,98.0,-1.6,-0.2,1.08,GOOD
44263,4265,2001.0,612.9823824245038,425.0,87.5,98.0,-1.6,-0.2,1.08,GOOD
44263,4266,1954.0,377.3018108106621,425.0,87.5,98.0,-1.6,-0.2,1.08,GOOD
44263,4267,1946.0,96.45227585233724,425.0,87.5,98.0,-1.6,-0.2,1.08,GOOD
44263,4268,1942.0,-112.48891040735907,425.0,87.5,98.0,-1.6,-0.2,1.08,GOOD
44263,4269,1931.0,-201.61274069967658,425.0,87.5,98.0,-1.6,-0.2,1.08,GOOD
44263,4270,1909.0,-191.33283009935397,425.0,87.5,98.0,-1.6,-0.2,1.08,GOOD
44263,4271,1921.0,-141.3240536535311,425.0,87.5,98.0,-1.6,-0.2,1.08,GOOD
44263,4272,2009.0,-103.81573566220321,425.0,87.5,98.0,-1.6,-0.2,1.08,GOOD
44263,4273,2058.0,-87.75635267544462,425.0,87.5,98.0,-1.6,-0.2,1.08,GOOD
44263,4274,2047.0,-70.34177750544947,425.0,87.5,98.0,-1.6,-0.2,1.08,GOOD
44263,4275,2036.0,-37.285058877511325,425.0,87.5,98.0,-1.6,-0.2,1.08,GOOD
44374,4276,1789.0,-10.267128666997454,426.0,87.5,98.0,-1.7,-0.2,1.08,GOOD
44374,4277,1825.0,-32.04709532871878,426.0,87.5,98.0,-1.7,-0.2,1.08,GOOD
44374,4278,1840.0,-107.96270702688777,426.0,87.5,98.0,-1.7,-0.2,1.08,GOOD
44374,4279,1834.0,-190.08359418289024,426.0,87.5,98.0,-1.7,-0.2,1.08,GOOD
44374,4280,1889.0,-230.6948293822449,426.0,87.5,98.0,-1.7,-0.2,1.08,GOOD
44374,4281,1907.0,-218.36886205500358,426.0,87.5,98.0,-1.7,-0.2,1.08,GOOD
44374,4282,1947.0,-173.26691377563162,426.0,87.5,98.0,-1.7,-0.2,1.08,GOOD
44374,4283,1956.0,-125.1475252276561,426.0,87.5,98.0,-1.7,-0.2,1.08,GOOD
44374,4284,2142.0,-83.5560848864506,426.0,87.5,98.0,-1.7,-0.2,1.08,GOOD
44374,4285,2095.0,-34.124325536026866,426.0,87.5,98.0,-1.7,-0.2,1.08,GOOD
44374,4286,2085.0,24.925980943653446,426.0,87.5,98.0,-1.7,-0.2,1.08,GOOD
44374,4287,2080.0,70.3003003799943,426.0,87.5,98.0,-1.7,-0.2,1.08,GOOD
44374,4288,2248.0,92.06989375939493,426.0,87.5,98.0,-1.7,-0.2,1.08,GOOD
44374,4289,2228.0,109.826793966924,426.0,87.5,98.0,-1.7,-0.2,1.08,GOOD
44374,4290,2208.0,138.11995733335445,426.0,87.5,98.0,-1.7,-0.2,1.08,GOOD
44374,4291,2224.0,168.44921730657586,426.0,87.5,98.0,-1.7,-0.2,1.08,GOOD
44374,4292,2093.0,184.70628704182093,426.0,87.5,98.0,-1.7,-0.2,1.08,GOOD
44374,4293,2124.0,172.65868338986598,426.0,87.5,98.0,-1.7,-0.2,1.08,GOOD
44374,4294,2101.0,132.77377922833654,426.0,87.5,98.0,-1.7,-0.2,1.08,GOOD
44374,4295,2108.0,85.54615702044273,426.0,87.5,98.0,-1.7,-0.2,1.08,GOOD
44374,4296,1990.0,48.59160033689108,427.0,87.5,98.0,-1.7,-0.2,1.08,GOOD
44374,4297,2043.0,22.69191504195449,427.0,87.5,98.0,-1.7,-0.2,1.08,GOOD
44374,4298,2055.0,5.364710318028521,427.0,87.5,98.0,-1.7,-0.2,1.08,GOOD
44374,4299,2043.0,-3.220827275359359,427.0,87.5,98.0,-1.7,-0.2,1.08,GOOD
44374,4300,2043.0,-7.261109277359127,427.0,87.5,98.0,-1.7,-0.2,1.08,GOOD
44472,4301,2074.0,-7.822346533865684,427.0,87.5,98.0,-1.6,-0.3,1.08,GOOD
44472,4302,2079.0,1.270714431718173,427.0,87.5,98.0,-1.6,-0.3,1.08,GOOD
44472,4303,2087.0,19.54895350291441,427.0,87.5,98.0,-1.6,-0.3,1.08,GOOD
44472,4304,2343.0,45.728706456012425,427.0,87.5,98.0,-1.6,-0.3,1.08,GOOD
44472,4305,2307.0,92.22038689679903,427.0,87.5,98.0,-1.6,-0.3,1.08,GOOD
44472,4306,2326.0,161.04734495526054,427.0,87.5,98.0,-1.6,-0.3,1.08,GOOD
44472,4307,2350.0,231.18138217547173,427.0,87.5,98.0,-1.6,-0.3,1.08,GOOD
44472,4308,2599.0,292.78982415854534,427.0,87.5,98.0,-1.6,-0.3,1.08,GOOD
44472,4309,2543.0,355.39408026872775,427.0,87.5,98.0,-1.6,-0.3,1.08,GOOD
44472,4310,2511.0,412.8295207333442,427.0,87.5,98.0,-1.6,-0.3,1.08,GOOD
44472,4311,2526.0,445.34865658875356,427.0,87.5,98.0,-1.6,-0.3,1.08,GOOD
44472,4312,2334.0,446.4248423959853,428.0,87.5,98.0,-1.6,-0.3,1.08,GOOD
44472,4313,2360.0,413.16277421321433,428.0,87.5,98.0,-1.6,-0.3,1.08,GOOD
44472,4314,2337.0,347.3963753851659,428.0,87.5,98.0,-1.6,-0.3,1.08,GOOD
44472,4315,2352.0,271.0971436873085,428.0,87.5,98.0,-1.6,-0.3,1.08,GOOD
44472,4316,1980.0,200.26428727499123,428.0,87.5,98.0,-1.6,-0.3,1.08,GOOD
44472,4317,2029.0,123.00399514368266,428.0,87.5,98.0,-1.6,-0.3,1.08,GOOD
44472,4318,2021.0,35.031286496069825,428.0,87.5,98.0,-1.6,-0.3,1.08,GOOD
44472,4319,1990.0,-45.798952597955214,428.0,87.5,98.0,-1.6,-0.3,1.08,GOOD
44472,4320,1951.0,-110.71275767429071,429.0,87.5,98.0,-1.6,-0.3,1.08,GOOD
44472,4321,1984.0,-155.6387947553563,429.0,87.5,98.0,-1.6,-0.3,1.08,GOOD
44472,4322,1999.0,-166.30490475487952,429.0,87.5,98.0,-1.6,-0.3,1.08,GOOD
44472,4323,1938.0,-144.37423269224792,429.0,87.5,98.0,-1.6,-0.3,1.08,GOOD
44472,4324,2063.0,-118.21275192770351,429.0,87.5,98.0,-1.6,-0.3,1.08,GOOD
44472,4325,2026.0,-106.78520719389631,429.0,87.5,98.0,-1.6,-0.3,1.08,GOOD
44572,4326,2054.0,-101.84069192996517,429.0,87.5,98.0,-1.6,-0.2,1.07,GOOD
44572,4327,2077.0,-86.34986280356212,429.0,87.5,98.0,-1.6,-0.2,1.07,GOOD
44572,4328,1893.0,-62.63448376226133,429.0,87.5,98.0,-1.6,-0.2,1.07,GOOD
44572,4329,1848.0,-65.42979209931056,429.0,87.5,98.0,-1.6,-0.2,1.07,GOOD
44572,4330,1838.0,-119.73841098146968,429.0,87.5,98.0,-1.6,-0.2,1.07,GOOD
44572,4331,1885.0,-198.43188581766893,429.0,87.5,98.0,-1.6,-0.2,1.07,GOOD
44572,4332,1924.0,-248.98953961959563,430.0,87.5,98.0,-1.6,-0.2,1.07,GOOD
44572,4333,1926.0,-245.8731110126207,430.0,87.5,98.0,-1.6,-0.2,1.07,GOOD
44572,4334,1883.0,-209.17283131716238,430.0,87.5,98.0,-1.6,-0.2,1.07,GOOD
44572,4335,1881.0,-178.2135703314924,430.0,87.5,98.0,-1.6,-0.2,1.07,GOOD
44572,4336,1776.0,-176.23409463087899,431.0,87.5,98.0,-1.6,-0.2,1.07,GOOD
44572,4337,1837.0,-200.79566843389142,431.0,87.5,98.0,-1.6,-0.2,1.07,GOOD
44572,4338,1826.0,-231.54918272179418,431.0,87.5,98.0,-1.6,-0.2,1.07,GOOD
44572,4339,1792.0,-251.3383367735231,431.0,87.5,98.0,-1.6,-0.2,1.07,GOOD
44572,4340,1686.0,-265.36709087234135,431.0,87.5,98.0,-1.6,-0.2,1.07,GOOD
44572,4341,1699.0,-287.7770094031736,431.0,87.5,98.0,-1.6,-0.2,1.07,GOOD
44572,4342,1738.0,-315.3362459415722,431.0,87.5,98.0,-1.6,-0.2,1.07,GOOD
44572,4343,1715.0,-332.50626531811815,431.0,87.5,98.0,-1.6,-0.2,1.07,GOOD
44572,4344,1905.0,-328.1476987822437,432.0,87.5,98.0,-1.6,-0.2,1.07,GOOD
44572,4345,1873.0,-293.7721115739829,432.0,87.5,98.0,-1.6,-0.2,1.07,GOOD
44572,4346,1908.0,-232.9827628529342,432.0,87.5,98.0,-1.6,-0.2,1.07,GOOD
44572,4347,1926.0,-166.98269368538527,432.0,87.5,98.0,-1.6,-0.2,1.07,GOOD
44572,4348,1921.0,-116.23874206982319,432.0,87.5,98.0,-1.6,-0.2,1.07,GOOD
44572,4349,1849.0,-93.91025051044761,432.0,87.5,98.0,-1.6,-0.2,1.07,GOOD
44572,4350,1814.0,-105.73288970697328,432.0,87.5,98.0,-1.6,-0.2,1.07,GOOD
44671,4351,1834.0,-140.56326685217115,432.0,87.5,98.0,-1.6,-0.2,1.07,GOOD
44671,4352,2173.0,-160.56442881652754,433.0,87.5,98.0,-1.6,-0.2,1.07,GOOD
44671,4353,2169.0,-120.27643589623776,433.0,87.5,98.0,-1.6,-0.2,1.07,GOOD
44671,4354,2141.0,-22.017016905273405,433.0,87.5,98.0,-1.6,-0.2,1.07,GOOD
44671,4355,2153.0,81.51701062387139,433.0,87.5,98.0,-1.6,-0.2,1.07,GOOD
44671,4356,1859.0,137.9876008273392,433.0,87.5,98.0,-1.6,-0.2,1.07,GOOD
44671,4357,1896.0,115.94397652070518,433.0,87.5,98.0,-1.6,-0.2,1.07,GOOD
44671,4358,1872.0,24.01256432690158,433.0,87.5,98.0,-1.6,-0.2,1.07,GOOD
44671,4359,1849.0,-87.09216864143268,433.0,87.5,98.0,-1.6,-0.2,1.07,GOOD
44671,4360,1854.0,-167.49867568039454,433.0,87.5,98.0,-1.6,-0.2,1.07,GOOD
44671,4361,1932.0,-192.13304919590956,433.0,87.5,98.0,-1.6,-0.2,1.07,GOOD
44671,4362,1955.0,-162.6086830016555,433.0,87.5,98.0,-1.6,-0.2,1.07,GOOD
44671,4363,1936.0,-108.83978287999972,433.0,87.5,98.0,-1.6,-0.2,1.07,GOOD
44671,4364,2103.0,-62.12407688135884,434.0,87.5,98.0,-1.6,-0.2,1.07,GOOD
44671,4365,2105.0,-20.72908575069723,434.0,87.5,98.0,-1.6,-0.2,1.07,GOOD
44671,4366,2155.0,31.70212401382515,434.0,87.5,98.0,-1.6,-0.2,1.07,GOOD
44671,4367,2169.0,92.01602516116644,434.0,87.5,98.0,-1.6,-0.2,1.07,GOOD
44671,4368,1648.0,121.02471032201056,434.0,87.5,98.0,-1.6,-0.2,1.07,GOOD
44671,4369,1596.0,56.44889103261317,434.0,87.5,98.0,-1.6,-0.2,1.07,GOOD
44671,4370,1585.0,-106.40095951805804,434.0,87.5,98.0,-1.6,-0.2,1.07,GOOD
44671,4371,1606.0,-287.2072161740061,434.0,87.5,98.0,-1.6,-0.2,1.07,GOOD
44671,4372,2082.0,-389.60883587061943,434.0,87.5,98.0,-1.6,-0.2,1.07,GOOD
44671,4373,2020.0,-354.63131219726415,434.0,87.5,98.0,-1.6,-0.2,1.07,GOOD
44671,4374,1986.0,-206.41727403754481,434.0,87.5,98.0,-1.6,-0.2,1.07,GOOD
44671,4375,1973.0,-40.80506263240059,434.0,87.5,98.0,-1.6,-0.2,1.07,GOOD
44782,4376,2003.0,64.07398401441729,435.0,87.5,98.0,-1.7,-0.2,1.07,GOOD
44782,4377,2057.0,91.20832609084697,435.0,87.5,98.0,-1.7,-0.2,1.07,GOOD
44782,4378,2060.0,68.29552568280633,435.0,87.5,98.0,-1.7,-0.2,1.07,GOOD
44782,4379,2062.0,40.336697178695985,435.0,87.5,98.0,-1.7,-0.2,1.07,GOOD
44782,4380,2103.0,41.8868774114183,435.0,87.5,98.0,-1.7,-0.2,1.07,GOOD
44782,4381,2123.0,76.9643156116894,435.0,87.5,98.0,-1.7,-0.2,1.07,GOOD
44782,4382,2203.0,121.54684740553824,435.0,87.5,98.0,-1.7,-0.2,1.07,GOOD
44782,4383,2210.0,153.48426286187518,435.0,87.5,98.0,-1.7,-0.2,1.07,GOOD
44782,4384,1706.0,154.18282721870503,435.0,87.5,98.0,-1.7,-0.2,1.07,GOOD
44782,4385,1703.0,92.46705020757466,435.0,87.5,98.0,-1.7,-0.2,1.07,GOOD
44782,4386,1712.0,-31.850114825534177,435.0,87.5,98.0,-1.7,-0.2,1.07,GOOD
44782,4387,1708.0,-170.30429684308604,435.0,87.5,98.0,-1.7,-0.2,1.07,GOOD
44782,4388,1918.0,-270.29450422294633,435.0,87.5,98.0,-1.7,-0.2,1.07,GOOD
44782,4389,1921.0,-289.71730162666654,435.0,87.5,98.0,-1.7,-0.2,1.07,GOOD
44782,4390,1941.0,-216.79460264237332,435.0,87.5,98.0,-1.7,-0.2,1.07,GOOD
44782,4391,1956.0,-96.18297091485466,435.0,87.5,98.0,-1.7,-0.2,1.07,GOOD
44782,4392,2068.0,5.112822934203603,436.0,87.5,98.0,-1.7,-0.2,1.07,GOOD
44782,4393,2033.0,52.20513260344492,436.0,87.5,98.0,-1.7,-0.2,1.07,GOOD
44782,4394,2049.0,57.23526521510382,436.0,87.5,98.0,-1.7,-0.2,1.07,GOOD
44782,4395,2030.0,56.310490958057734,436.0,87.5,98.0,-1.7,-0.2,1.07,GOOD
44782,4396,2204.0,77.48567305135528,436.0,87.5,98.0,-1.7,-0.2,1.07,GOOD
44782,4397,2133.0,119.24181893277785,436.0,87.5,98.0,-1.7,-0.2,1.07,GOOD
44782,4398,2123.0,152.15619827194357,436.0,87.5,98.0,-1.7,-0.2,1.07,GOOD
44782,4399,2111.0,156.61518612407443,436.0,87.5,98.0,-1.7,-0.2,1.07,GOOD
44782,4400,2026.0,145.7242820794448,436.0,87.5,98.0,-1.7,-0.2,1.07,GOOD
44882,4401,2057.0,133.50561646557463,436.0,89.7,98.0,-1.7,-0.2,1.08,GOOD
44882,4402,2044.0,114.39788429960007,436.0,89.7,98.0,-1.7,-0.2,1.08,GOOD
44882,4403,2043.0,82.12749110535775,436.0,89.7,98.0,-1.7,-0.2,1.08,GOOD
44882,4404,1898.0,42.7574431461496,436.0,89.7,98.0,-1.7,-0.2,1.08,GOOD
44882,4405,1973.0,9.624791675210005,436.0,89.7,98.0,-1.7,-0.2,1.08,GOOD
44882,4406,1949.0,-6.557495584384969,436.0,89.7,98.0,-1.7,-0.2,1.08,GOOD
44882,4407,1960.0,-11.6053474188779,436.0,89.7,98.0,-1.7,-0.2,1.08,GOOD
44882,4408,1861.0,-25.927155024254397,435.0,89.7,98.0,-1.7,-0.2,1.08,GOOD
44882,4409,1873.0,-56.49032148539869,435.0,89.7,98.0,-1.7,-0.2,1.08,GOOD
44882,4410,1894.0,-83.6921149222029,435.0,89.7,98.0,-1.7,-0.2,1.08,GOOD
44882,4411,1877.0,-89.297378587628,435.0,89.7,98.0,-1.7,-0.2,1.08,GOOD
44882,4412,1971.0,-80.52323845089516,435.0,89.7,98.0,-1.7,-0.2,1.08,GOOD
44882,4413,1927.0,-71.01957413104671,435.0,89.7,98.0,-1.7,-0.2,1.08,GOOD
44882,4414,1924.0,-61.73421725322288,435.0,89.7,98.0,-1.7,-0.2,1.08,GOOD
44882,4415,1936.0,-47.017198243673114,435.0,89.7,98.0,-1.7,-0.2,1.08,GOOD
44882,4416,2366.0,-10.290878105985678,435.0,89.7,98.0,-1.7,-0.2,1.08,GOOD
44882,4417,2340.0,72.3705018177364,435.0,89.7,98.0,-1.7,-0.2,1.08,GOOD
44882,4418,2350.0,190.40574130810353,435.0,89.7,98.0,-1.7,-0.2,1.08,GOOD
44882,4419,2386.0,301.54641548584937,435.0,89.7,98.0,-1.7,-0.2,1.08,GOOD
44882,4420,2948.0,405.25545931661986,435.0,89.7,98.0,-1.7,-0.2,1.08,GOOD
44882,4421,3026.0,548.698010122582,435.0,89.7,98.0,-1.7,-0.2,1.08,GOOD
44882,4422,3068.0,734.6121898729712,435.0,89.7,98.0,-1.7,-0.2,1.08,GOOD
44882,4423,3070.0,902.8863272613238,435.0,89.7,98.0,-1.7,-0.2,1.08,GOOD
44882,4424,1805.0,962.4628579310919,435.0,89.7,98.0,-1.7,-0.2,1.08,GOOD
44882,4425,1801.0,803.5339162633879,435.0,89.7,98.0,-1.7,-0.2,1.08,GOOD
44980,4426,1739.0,425.1192677354863,435.0,89.7,98.0,-1.7,-0.3,1.08,GOOD
44980,4427,1709.0,-13.564731590033006,435.0,89.7,98.0,-1.7,-0.3,1.08,GOOD
44980,4428,1983.0,-336.1933949874274,435.0,89.7,98.0,-1.7,-0.3,1.08,GOOD
44980,4429,2056.0,-436.38715718982496,435.0,89.7,98.0,-1.7,-0.3,1.08,GOOD
44980,4430,2084.0,-314.1289341679291,435.0,89.7,98.0,-1.7,-0.3,1.08,GOOD
44980,4431,2035.0,-93.90474002249229,435.0,89.7,98.0,-1.7,-0.3,1.08,GOOD
44980,4432,1797.0,55.23428427469607,435.0,89.7,98.0,-1.7,-0.3,1.08,GOOD
44980,4433,1808.0,42.28298603959348,435.0,89.7,98.0,-1.7,-0.3,1.08,GOOD
44980,4434,1871.0,-80.46135859155696,435.0,89.7,98.0,-1.7,-0.3,1.08,GOOD
44980,4435,1862.0,-187.6220993788874,435.0,89.7,98.0,-1.7,-0.3,1.08,GOOD
44980,4436,2045.0,-209.84252699771454,435.0,89.7,98.0,-1.7,-0.3,1.08,GOOD
44980,4437,1982.0,-164.5193763799437,435.0,89.7,98.0,-1.7,-0.3,1.08,GOOD
44980,4438,2001.0,-103.04473029435123,435.0,89.7,98.0,-1.7,-0.3,1.08,GOOD
44980,4439,2045.0,-54.07856062363507,435.0,89.7,98.0,-1.7,-0.3,1.08,GOOD
44980,4440,2174.0,-6.758400704134587,435.0,89.7,98.0,-1.7,-0.3,1.08,GOOD
44980,4441,2103.0,48.12140046229177,435.0,89.7,98.0,-1.7,-0.3,1.08,GOOD
44980,4442,2056.0,85.28369878457185,435.0,89.7,98.0,-1.7,-0.3,1.08,GOOD
44980,4443,2073.0,81.19611276373048,435.0,89.7,98.0,-1.7,-0.3,1.08,GOOD
44980,4444,2171.0,59.03704507415831,435.0,89.7,98.0,-1.7,-0.3,1.08,GOOD
44980,4445,2204.0,62.168103548892404,435.0,89.7,98.0,-1.7,-0.3,1.08,GOOD
44980,4446,2172.0,96.36802883284014,435.0,89.7,98.0,-1.7,-0.3,1.08,GOOD
44980,4447,2163.0,128.88505711437938,435.0,89.7,98.0,-1.7,-0.3,1.08,GOOD
44980,4448,2007.0,131.6353159663982,434.0,89.7,98.0,-1.7,-0.3,1.08,GOOD
44980,4449,2060.0,102.77755949011677,434.0,89.7,98.0,-1.7,-0.3,1.08,GOOD
44980,4450,2077.0,61.86781550716115,434.0,89.7,98.0,-1.7,-0.3,1.08,GOOD
45079,4451,2025.0,27.270372083036897,434.0,89.7,98.0,-1.7,-0.3,1.09,GOOD
45079,4452,1958.0,-3.369531372219047,434.0,89.7,98.0,-1.7,-0.3,1.09,GOOD
45079,4453,1984.0,-34.620244463567474,434.0,89.7,98.0,-1.7,-0.3,1.09,GOOD
45079,4454,2024.0,-53.675924239142155,434.0,89.7,98.0,-1.7,-0.3,1.09,GOOD
45079,4455,2017.0,-50.63870769795881,434.0,89.7,98.0,-1.7,-0.3,1.09,GOOD
45079,4456,2096.0,-35.182635167675286,434.0,89.7,98.0,-1.7,-0.3,1.09,GOOD
45079,4457,2067.0,-17.686754526874083,434.0,89.7,98.0,-1.7,-0.3,1.09,GOOD
45079,4458,2104.0,3.660185789862421,434.0,89.7,98.0,-1.7,-0.3,1.09,GOOD
45079,4459,2144.0,33.38191268428254,434.0,89.7,98.0,-1.7,-0.3,1.09,GOOD
45079,4460,2318.0,73.81783801962777,434.0,89.7,98.0,-1.7,-0.3,1.09,GOOD
45079,4461,2241.0,122.50927623938088,434.0,89.7,98.0,-1.7,-0.3,1.09,GOOD
45079,4462,2201.0,164.42533257443588,434.0,89.7,98.0,-1.7,-0.3,1.09,GOOD
45079,4463,2225.0,185.59693171190355,434.0,89.7,98.0,-1.7,-0.3,1.09,GOOD
45079,4464,2536.0,202.95051626508587,434.0,89.7,98.0,-1.7,-0.3,1.09,GOOD
45079,4465,2516.0,249.61663621340864,434.0,89.7,98.0,-1.7,-0.3,1.09,GOOD
45079,4466,2481.0,321.5484780555736,434.0,89.7,98.0,-1.7,-0.3,1.09,GOOD
45079,4467,2489.0,382.88608699109716,434.0,89.7,98.0,-1.7,-0.3,1.09,GOOD
45079,4468,2337.0,412.817421870461,434.0,89.7,98.0,-1.7,-0.3,1.09,GOOD
45079,4469,2379.0,404.80323555047755,434.0,89.7,98.0,-1.7,-0.3,1.09,GOOD
45079,4470,2369.0,358.80529185853675,434.0,89.7,98.0,-1.7,-0.3,1.09,GOOD
45079,4471,2360.0,292.5130522942517,434.0,89.7,98.0,-1.7,-0.3,1.09,GOOD
45079,4472,2227.0,231.79479613270092,434.0,89.7,98.0,-1.7,-0.3,1.09,GOOD
45079,4473,2279.0,192.98092513816627,434.0,89.7,98.0,-1.7,-0.3,1.09,GOOD
45079,4474,2298.0,178.28368027492235,434.0,89.7,98.0,-1.7,-0.3,1.09,GOOD
45079,4475,2294.0,174.5380270977131,434.0,89.7,98.0,-1.7,-0.3,1.09,GOOD
45188,4476,2192.0,159.7590663071765,434.0,89.7,98.0,-1.7,-0.2,1.08,GOOD
45188,4477,2164.0,126.42313283682188,434.0,89.7,98.0,-1.7,-0.2,1.08,GOOD
45188,4478,2207.0,92.70325443707584,434.0,89.7,98.0,-1.7,-0.2,1.08,GOOD
45188,4479,2195.0,76.98529146123873,434.0,89.7,98.0,-1.7,-0.2,1.08,GOOD
45188,4480,2103.0,66.73767876614417,434.0,89.7,98.0,-1.7,-0.2,1.08,GOOD
45188,4481,2056.0,34.81854545378083,434.0,89.7,98.0,-1.7,-0.2,1.08,GOOD
45188,4482,2052.0,-16.285749067303822,434.0,89.7,98.0,-1.7,-0.2,1.08,GOOD
45188,4483,2053.0,-56.18924088281345,434.0,89.7,98.0,-1.7,-0.2,1.08,GOOD
45188,4484,2166.0,-66.52997318053612,433.0,89.7,98.0,-1.7,-0.2,1.08,GOOD
45188,4485,2133.0,-55.11204945157639,433.0,89.7,98.0,-1.7,-0.2,1.08,GOOD
45188,4486,2094.0,-40.67859503458063,433.0,89.7,98.0,-1.7,-0.2,1.08,GOOD
45188,4487,2067.0,-32.99894805637212,433.0,89.7,98.0,-1.7,-0.2,1.08,GOOD
45188,4488,1993.0,-31.614989389527416,433.0,89.7,98.0,-1.7,-0.2,1.08,GOOD
45188,4489,2034.0,-42.585131653448265,433.0,89.7,98.0,-1.7,-0.2,1.08,GOOD
45188,4490,2042.0,-72.43784205247232,433.0,89.7,98.0,-1.7,-0.2,1.08,GOOD
45188,4491,2033.0,-109.40466300410351,433.0,89.7,98.0,-1.7,-0.2,1.08,GOOD
45188,4492,1863.0,-135.929849837448,433.0,89.7,98.0,-1.7,-0.2,1.08,GOOD
45188,4493,1891.0,-152.6625610811853,433.0,89.7,98.0,-1.7,-0.2,1.08,GOOD
45188,4494,1896.0,-172.11722069633396,433.0,89.7,98.0,-1.7,-0.2,1.08,GOOD
45188,4495,1826.0,-204.06179578521488,433.0,89.7,98.0,-1.7,-0.2,1.08,GOOD
45188,4496,1810.0,-249.97390196577547,433.0,89.7,98.0,-1.7,-0.2,1.08,GOOD
45188,4497,1824.0,-291.64661096205907,433.0,89.7,98.0,-1.7,-0.2,1.08,GOOD
45188,4498,1838.0,-303.24360275392235,433.0,89.7,98.0,-1.7,-0.2,1.08,GOOD
45188,4499,2119.0,-274.9411897048067,433.0,89.7,98.0,-1.7,-0.2,1.08,GOOD
45188,4500,2061.0,-212.3271552539668,433.0,89.7,98.0,-1.7,-0.2,1.08,GOOD
45287,4501,2035.0,-137.71137796816643,433.0,89.7,98.0,-1.6,-0.2,1.08,GOOD
45287,4502,2032.0,-77.50004866314794,433.0,89.7,98.0,-1.6,-0.2,1.08,GOOD
45287,4503,2165.0,-33.79582849311243,433.0,89.7,98.0,-1.6,-0.2,1.08,GOOD
45287,4504,2166.0,3.6878231597110975,433.0,89.7,98.0,-1.6,-0.2,1.08,GOOD
45287,4505,2143.0,28.898138005940698,433.0,89.7,98.0,-1.6,-0.2,1.08,GOOD
45287,4506,2136.0,32.80759752011086,433.0,89.7,98.0,-1.6,-0.2,1.08,GOOD
45287,4507,1939.0,21.519511031899025,433.0,89.7,98.0,-1.6,-0.2,1.08,GOOD
45287,4508,1964.0,-2.686185562909033,433.0,89.7,98.0,-1.6,-0.2,1.08,GOOD
45287,4509,1960.0,-45.71700940605654,433.0,89.7,98.0,-1.6,-0.2,1.08,GOOD
45287,4510,1970.0,-103.03182207193078,433.0,89.7,98.0,-1.6,-0.2,1.08,GOOD
45287,4511,1849.0,-159.2072778377963,433.0,89.7,98.0,-1.6,-0.2,1.08,GOOD
45287,4512,1895.0,-196.6947060501091,433.0,89.7,98.0,-1.6,-0.2,1.08,GOOD
45287,4513,1928.0,-202.89006424326323,433.0,89.7,98.0,-1.6,-0.2,1.08,GOOD
45287,4514,1920.0,-185.44108972850574,433.0,89.7,98.0,-1.6,-0.2,1.08,GOOD
45287,4515,1928.0,-171.6667243597168,433.0,89.7,98.0,-1.6,-0.2,1.08,GOOD
45287,4516,1931.0,-173.71599616731234,433.0,89.7,98.0,-1.6,-0.2,1.08,GOOD
45287,4517,1950.0,-173.09542027829,433.0,89.7,98.0,-1.6,-0.2,1.08,GOOD
45287,4518,1957.0,-152.57094775485675,433.0,89.7,98.0,-1.6,-0.2,1.08,GOOD
45287,4519,1993.0,-122.57480723355368,432.0,89.7,98.0,-1.6,-0.2,1.08,GOOD
45287,4520,1947.0,-106.49801016476798,432.0,89.7,98.0,-1.6,-0.2,1.08,GOOD
45287,4521,1937.0,-111.91451504923377,432.0,89.7,98.0,-1.6,-0.2,1.08,GOOD
45287,4522,1956.0,-122.72397897557542,432.0,89.7,98.0,-1.6,-0.2,1.08,GOOD
45287,4523,2208.0,-110.7133547990713,432.0,89.7,98.0,-1.6,-0.2,1.08,GOOD
45287,4524,2163.0,-59.9179402786718,432.0,89.7,98.0,-1.6,-0.2,1.08,GOOD
45287,4525,2141.0,8.593396487805805,432.0,89.7,98.0,-1.6,-0.2,1.08,GOOD
45387,4526,2147.0,59.69125049161609,432.0,89.7,98.0,-1.7,-0.2,1.08,GOOD
45387,4527,2128.0,86.12892588524234,432.0,89.7,98.0,-1.7,-0.2,1.08,GOOD
45387,4528,2153.0,96.87808367662132,432.0,89.7,98.0,-1.7,-0.2,1.08,GOOD
45387,4529,2150.0,92.43743896970568,432.0,89.7,98.0,-1.7,-0.2,1.08,GOOD
45387,4530,2133.0,72.81622510047103,432.0,89.7,98.0,-1.7,-0.2,1.08,GOOD
45387,4531,1915.0,42.26158429579926,432.0,89.7,98.0,-1.7,-0.2,1.08,GOOD
45387,4532,1971.0,1.7491373781729518,432.0,89.7,98.0,-1.7,-0.2,1.08,GOOD
45387,4533,1976.0,-43.361019299437764,432.0,89.7,98.0,-1.7,-0.2,1.08,GOOD
45387,4534,1979.0,-83.4347409586451,432.0,89.7,98.0,-1.7,-0.2,1.08,GOOD
45387,4535,1906.0,-117.21467827664688,432.0,89.7,98.0,-1.7,-0.2,1.08,GOOD
45387,4536,1938.0,-142.2246698824781,432.0,89.7,98.0,-1.7,-0.2,1.08,GOOD
45387,4537,1965.0,-145.93316409005308,432.0,89.7,98.0,-1.7,-0.2,1.08,GOOD
45387,4538,1959.0,-126.67488169055622,432.0,89.7,98.0,-1.7,-0.2,1.08,GOOD
45387,4539,1987.0,-105.5879356005428,432.0,89.7,98.0,-1.7,-0.2,1.08,GOOD
45387,4540,1955.0,-100.31991339601903,432.0,89.7,98.0,-1.7,-0.2,1.08,GOOD
45387,4541,1969.0,-103.89107877149286,432.0,89.7,98.0,-1.7,-0.2,1.08,GOOD
45387,4542,1966.0,-99.61603842964092,432.0,89.7,98.0,-1.7,-0.2,1.08,GOOD
45387,4543,2236.0,-75.89965332149393,432.0,89.7,98.0,-1.7,-0.2,1.08,GOOD
45387,4544,2216.0,-25.605496775057528,432.0,89.7,98.0,-1.7,-0.2,1.08,GOOD
45387,4545,2208.0,42.57028289979492,432.0,89.7,98.0,-1.7,-0.2,1.08,GOOD
45387,4546,2229.0,107.4996664735976,432.0,89.7,98.0,-1.7,-0.2,1.08,GOOD
45387,4547,2288.0,160.71880596668166,431.0,89.7,98.0,-1.7,-0.2,1.08,GOOD
45387,4548,2269.0,199.8472162923036,431.0,89.7,98.0,-1.7,-0.2,1.08,GOOD
45387,4549,2238.0,212.326744090815,431.0,89.7,98.0,-1.7,-0.2,1.08,GOOD
45387,4550,2238.0,194.03671677008396,431.0,89.7,98.0,-1.7,-0.2,1.08,GOOD
45498,4551,2005.0,157.89143972595178,431.0,91.3,98.0,-1.6,-0.3,1.08,GOOD
45498,4552,2027.0,109.22649927246299,431.0,91.3,98.0,-1.6,-0.3,1.08,GOOD
45498,4553,2005.0,46.14903358579716,431.0,91.3,98.0,-1.6,-0.3,1.08,GOOD
45498,4554,2010.0,-22.829653261367625,431.0,91.3,98.0,-1.6,-0.3,1.08,GOOD
45498,4555,1873.0,-85.37496972178243,431.0,91.3,98.0,-1.6,-0.3,1.08,GOOD
45498,4556,1901.0,-132.5145370495554,431.0,91.3,98.0,-1.6,-0.3,1.08,GOOD
45498,4557,1910.0,-156.2720967513642,431.0,91.3,98.0,-1.6,-0.3,1.08,GOOD
45498,4558,1983.0,-156.5189826227654,431.0,91.3,98.0,-1.6,-0.3,1.08,GOOD
45498,4559,1932.0,-146.97369363791577,431.0,91.3,98.0,-1.6,-0.3,1.08,GOOD
45498,4560,1924.0,-141.8986979762858,431.0,91.3,98.0,-1.6,-0.3,1.08,GOOD
45498,4561,1950.0,-138.47303557258923,431.0,91.3,98.0,-1.6,-0.3,1.08,GOOD
45498,4562,2212.0,-114.74384119978333,431.0,91.3,98.0,-1.6,-0.3,1.08,GOOD
45498,4563,2163.0,-54.72251800585157,431.0,91.3,98.0,-1.6,-0.3,1.08,GOOD
45498,4564,2145.0,19.633959774231922,431.0,91.3,98.0,-1.6,-0.3,1.08,GOOD
45498,4565,2151.0,71.87591930491149,431.0,91.3,98.0,-1.6,-0.3,1.08,GOOD
45498,4566,2162.0,97.84787602462545,431.0,91.3,98.0,-1.6,-0.3,1.08,GOOD
45498,4567,2173.0,112.2588521704188,431.0,91.3,98.0,-1.6,-0.3,1.08,GOOD
45498,4568,2155.0,115.15130290620733,431.0,91.3,98.0,-1.6,-0.3,1.08,GOOD
45498,4569,2146.0,99.67237913801682,431.0,91.3,98.0,-1.6,-0.3,1.08,GOOD
45498,4570,2240.0,79.39208990516735,431.0,91.3,98.0,-1.6,-0.3,1.08,GOOD
45498,4571,2320.0,87.19042867337075,431.0,91.3,98.0,-1.6,-0.3,1.08,GOOD
45498,4572,2345.0,136.61576312967318,431.0,91.3,98.0,-1.6,-0.3,1.08,GOOD
45498,4573,2369.0,201.70645843277023,431.0,91.3,98.0,-1.6,-0.3,1.08,GOOD
45498,4574,2896.0,269.88618623060717,430.0,91.3,98.0,-1.6,-0.3,1.08,GOOD
45498,4575,2858.0,378.96936803495873,430.0,91.3,98.0,-1.6,-0.3,1.08,GOOD
45593,4576,2862.0,539.7256654244794,430.0,91.3,98.0,-1.7,-0.2,1.08,GOOD
45593,4577,2837.0,691.0486592287198,430.0,91.3,98.0,-1.7,-0.2,1.08,GOOD
45593,4578,1698.0,727.2280031236569,430.0,91.3,98.0,-1.7,-0.2,1.08,GOOD
45593,4579,1662.0,537.7542313685655,430.0,91.3,98.0,-1.7,-0.2,1.08,GOOD
45593,4580,1626.0,144.65155434536703,430.0,91.3,98.0,-1.7,-0.2,1.08,GOOD
45593,4581,1629.0,-269.08502753803225,430.0,91.3,98.0,-1.7,-0.2,1.08,GOOD
45593,4582,2188.0,-521.4661353730129,430.0,91.3,98.0,-1.7,-0.2,1.08,GOOD
45593,4583,2142.0,-526.4611881566827,430.0,91.3,98.0,-1.7,-0.2,1.08,GOOD
45593,4584,2122.0,-329.81299537498836,430.0,91.3,98.0,-1.7,-0.2,1.08,GOOD
45593,4585,2074.0,-84.68476015312761,430.0,91.3,98.0,-1.7,-0.2,1.08,GOOD
45593,4586,2117.0,72.16035895541859,430.0,91.3,98.0,-1.7,-0.2,1.08,GOOD
45593,4587,2135.0,101.24119805670827,430.0,91.3,98.0,-1.7,-0.2,1.08,GOOD
45593,4588,2142.0,48.94380770660292,430.0,91.3,98.0,-1.7,-0.2,1.08,GOOD
45593,4589,2148.0,-6.717570188813055,430.0,91.3,98.0,-1.7,-0.2,1.08,GOOD
45593,4590,2118.0,-17.063351723150262,430.0,91.3,98.0,-1.7,-0.2,1.08,GOOD
45593,4591,2150.0,8.421277994267907,430.0,91.3,98.0,-1.7,-0.2,1.08,GOOD
45593,4592,2160.0,30.054783288905938,430.0,91.3,98.0,-1.7,-0.2,1.08,GOOD
45593,4593,2179.0,28.846178871979937,430.0,91.3,98.0,-1.7,-0.2,1.08,GOOD
45593,4594,1889.0,10.684826963231579,429.0,91.3,98.0,-1.7,-0.2,1.08,GOOD
45593,4595,1910.0,-25.44292931542571,429.0,91.3,98.0,-1.7,-0.2,1.08,GOOD
45593,4596,1907.0,-83.14308409459333,429.0,91.3,98.0,-1.7,-0.2,1.08,GOOD
45593,4597,1908.0,-152.23170317140563,429.0,91.3,98.0,-1.7,-0.2,1.08,GOOD
45593,4598,1958.0,-213.34955991950017,429.0,91.3,98.0,-1.7,-0.2,1.08,GOOD
45593,4599,1945.0,-239.65571838487568,429.0,91.3,98.0,-1.7,-0.2,1.08,GOOD
45593,4600,1927.0,-217.1866120170934,429.0,91.3,98.0,-1.7,-0.2,1.08,GOOD
45692,4601,1913.0,-170.77543436431338,429.0,91.3,98.0,-1.7,-0.2,1.08,GOOD
45692,4602,2019.0,-140.92451215494546,429.0,91.3,98.0,-1.7,-0.2,1.08,GOOD
45692,4603,1988.0,-138.49970381435773,429.0,91.3,98.0,-1.7,-0.2,1.08,GOOD
45692,4604,1988.0,-142.06102447124732,429.0,91.3,98.0,-1.7,-0.2,1.08,GOOD
45692,4605,1981.0,-129.8630322983343,429.0,91.3,98.0,-1.7,-0.2,1.08,GOOD
45692,4606,2277.0,-92.32621167176417,428.0,91.3,98.0,-1.7,-0.2,1.08,GOOD
45692,4607,2248.0,-28.25037075710621,428.0,91.3,98.0,-1.7,-0.2,1.08,GOOD
45692,4608,2268.0,46.09098193193191,428.0,91.3,98.0,-1.7,-0.2,1.08,GOOD
45692,4609,2265.0,109.23658164523492,428.0,91.3,98.0,-1.7,-0.2,1.08,GOOD
45692,4610,2331.0,160.87748438468805,428.0,91.3,98.0,-1.7,-0.2,1.08,GOOD
45692,4611,2335.0,205.68724939793313,428.0,91.3,98.0,-1.7,-0.2,1.08,GOOD
45692,4612,2325.0,230.13915299493664,428.0,91.3,98.0,-1.7,-0.2,1.08,GOOD
45692,4613,2354.0,223.8270277490144,428.0,91.3,98.0,-1.7,-0.2,1.08,GOOD
45692,4614,2162.0,199.3665362569803,428.0,91.3,98.0,-1.7,-0.2,1.08,GOOD
45692,4615,2199.0,170.85590056386008,428.0,91.3,98.0,-1.7,-0.2,1.08,GOOD
45692,4616,2170.0,139.20007152924464,428.0,91.3,98.0,-1.7,-0.2,1.08,GOOD
45692,4617,2165.0,99.27828610145788,428.0,91.3,98.0,-1.7,-0.2,1.08,GOOD
45692,4618,2148.0,51.07503198213782,428.0,91.3,98.0,-1.7,-0.2,1.08,GOOD
45692,4619,2174.0,13.011278559752807,428.0,91.3,98.0,-1.7,-0.2,1.08,GOOD
45692,4620,2181.0,8.643910773665784,428.0,91.3,98.0,-1.7,-0.2,1.08,GOOD
45692,4621,2157.0,33.06612737467063,428.0,91.3,98.0,-1.7,-0.2,1.08,GOOD
45692,4622,2232.0,55.439624049590485,427.0,91.3,98.0,-1.7,-0.2,1.08,GOOD
45692,4623,2240.0,60.527333871169844,427.0,91.3,98.0,-1.7,-0.2,1.08,GOOD
45692,4624,2246.0,63.31700700253767,427.0,91.3,98.0,-1.7,-0.2,1.08,GOOD
45692,4625,2229.0,80.05733669769776,427.0,91.3,98.0,-1.7,-0.2,1.08,GOOD
45805,4626,2305.0,107.19522116899704,427.0,91.3,98.0,-1.7,-0.3,1.07,GOOD
45805,4627,2233.0,127.40195649216818,427.0,91.3,98.0,-1.7,-0.3,1.07,GOOD
45805,4628,2226.0,125.11273593439813,427.0,91.3,98.0,-1.7,-0.3,1.07,GOOD
45805,4629,2234.0,104.53806514376738,427.0,91.3,98.0,-1.7,-0.3,1.07,GOOD
45805,4630,2245.0,88.2578534774839,427.0,91.3,98.0,-1.7,-0.3,1.07,GOOD
45805,4631,2229.0,87.27578552111834,427.0,91.3,98.0,-1.7,-0.3,1.07,GOOD
45805,4632,2234.0,89.14857187850207,427.0,91.3,98.0,-1.7,-0.3,1.07,GOOD
45805,4633,2256.0,82.79979418205092,427.0,91.3,98.0,-1.7,-0.3,1.07,GOOD
45805,4634,1893.0,61.913865081338685,426.0,91.3,98.0,-1.7,-0.3,1.07,GOOD
45805,4635,1908.0,7.08294552639339,426.0,91.3,98.0,-1.7,-0.3,1.07,GOOD
45805,4636,1888.0,-85.99016405157053,426.0,91.3,98.0,-1.7,-0.3,1.07,GOOD
45805,4637,1886.0,-187.14606458880306,426.0,91.3,98.0,-1.7,-0.3,1.07,GOOD
45805,4638,1788.0,-268.3104110509162,425.0,91.3,98.0,-1.7,-0.3,1.07,GOOD
45805,4639,1830.0,-319.19613098179536,425.0,91.3,98.0,-1.7,-0.3,1.07,GOOD
45805,4640,1849.0,-333.25958109555063,425.0,91.3,98.0,-1.7,-0.3,1.07,GOOD
45805,4641,1833.0,-315.3067484668792,425.0,91.3,98.0,-1.7,-0.3,1.07,GOOD
45805,4642,1841.0,-291.11422511091394,425.0,91.3,98.0,-1.7,-0.3,1.07,GOOD
45805,4643,1857.0,-281.8304642232995,425.0,91.3,98.0,-1.7,-0.3,1.07,GOOD
45805,4644,1881.0,-280.2991614021261,425.0,91.3,98.0,-1.7,-0.3,1.07,GOOD
45805,4645,1872.0,-268.30409559510963,425.0,91.3,98.0,-1.7,-0.3,1.07,GOOD
45805,4646,2082.0,-236.94846089992478,424.0,91.3,98.0,-1.7,-0.3,1.07,GOOD
45805,4647,2031.0,-186.0998830567143,424.0,91.3,98.0,-1.7,-0.3,1.07,GOOD
45805,4648,2045.0,-128.8164372648202,424.0,91.3,98.0,-1.7,-0.3,1.07,GOOD
45805,4649,2071.0,-82.08387696695812,424.0,91.3,98.0,-1.7,-0.3,1.07,GOOD
45805,4650,2164.0,-43.99732311800254,424.0,91.3,98.0,-1.7,-0.3,1.07,GOOD
45902,4651,2106.0,-7.211468265002882,424.0,91.3,98.0,-1.8,-0.2,1.08,GOOD
45902,4652,2077.0,16.55001056009156,424.0,91.3,98.0,-1.8,-0.2,1.08,GOOD
45902,4653,2100.0,14.608324916924571,424.0,91.3,98.0,-1.8,-0.2,1.08,GOOD
45902,4654,1889.0,-8.766143808962607,423.0,91.3,98.0,-1.8,-0.2,1.08,GOOD
45902,4655,1900.0,-51.07808176457796,423.0,91.3,98.0,-1.8,-0.2,1.08,GOOD
45902,4656,1808.0,-113.50529458282365,423.0,91.3,98.0,-1.8,-0.2,1.08,GOOD
45902,4657,1858.0,-185.41600021771495,423.0,91.3,98.0,-1.8,-0.2,1.08,GOOD
45902,4658,1819.0,-245.97960234803855,423.0,91.3,98.0,-1.8,-0.2,1.08,GOOD
45902,4659,1872.0,-275.52407509152283,423.0,91.3,98.0,-1.8,-0.2,1.08,GOOD
45902,4660,1899.0,-266.9916816633188,423.0,91.3,98.0,-1.8,-0.2,1.08,GOOD
45902,4661,1848.0,-233.87191284101652,423.0,91.3,98.0,-1.8,-0.2,1.08,GOOD
45902,4662,1837.0,-205.5438044727161,423.0,91.3,98.0,-1.8,-0.2,1.08,GOOD
45902,4663,1843.0,-200.672545067469,423.0,91.3,98.0,-1.8,-0.2,1.08,GOOD
45902,4664,1875.0,-209.88140354028474,423.0,91.3,98.0,-1.8,-0.2,1.08,GOOD
45902,4665,1865.0,-213.90024189870286,423.0,91.3,98.0,-1.8,-0.2,1.08,GOOD
45902,4666,1979.0,-202.75959573347336,422.0,91.3,98.0,-1.8,-0.2,1.08,GOOD
45902,4667,1930.0,-175.64358532822007,422.0,91.3,98.0,-1.8,-0.2,1.08,GOOD
45902,4668,1935.0,-141.8294569100413,422.0,91.3,98.0,-1.8,-0.2,1.08,GOOD
45902,4669,1938.0,-115.26230990923537,422.0,91.3,98.0,-1.8,-0.2,1.08,GOOD
45902,4670,2183.0,-91.75297258838378,422.0,91.3,98.0,-1.8,-0.2,1.08,GOOD
45902,4671,2122.0,-50.58314665115433,422.0,91.3,98.0,-1.8,-0.2,1.08,GOOD
45902,4672,2120.0,7.666695542990846,422.0,91.3,98.0,-1.8,-0.2,1.08,GOOD
45902,4673,2156.0,59.767337836009176,422.0,91.3,98.0,-1.8,-0.2,1.08,GOOD
45902,4674,2053.0,90.80783616434951,422.0,91.3,98.0,-1.8,-0.2,1.08,GOOD
45902,4675,2084.0,93.76192522280326,422.0,91.3,98.0,-1.8,-0.2,1.08,GOOD
45998,4676,2068.0,69.24342831972413,422.0,91.3,98.0,-1.8,-0.2,1.07,GOOD
45998,4677,2063.0,33.6529210135048,422.0,91.3,98.0,-1.8,-0.2,1.07,GOOD
45998,4678,1872.0,-0.011702887430505182,421.0,91.3,98.0,-1.8,-0.2,1.07,GOOD
45998,4679,1915.0,-36.67635955485044,421.0,91.3,98.0,-1.8,-0.2,1.07,GOOD
45998,4680,1935.0,-78.33685825364667,421.0,91.3,98.0,-1.8,-0.2,1.07,GOOD
45998,4681,1908.0,-114.4454591533391,421.0,91.3,98.0,-1.8,-0.2,1.07,GOOD
45998,4682,1761.0,-144.26877524220794,421.0,91.3,98.0,-1.8,-0.2,1.07,GOOD
45998,4683,1812.0,-176.0936330802663,421.0,91.3,98.0,-1.8,-0.2,1.07,GOOD
45998,4684,1823.0,-203.532322073127,421.0,91.3,98.0,-1.8,-0.2,1.07,GOOD
45998,4685,1833.0,-214.78513623459568,421.0,91.3,98.0,-1.8,-0.2,1.07,GOOD
45998,4686,2061.0,-205.34227378728417,421.0,91.3,98.0,-1.8,-0.2,1.07,GOOD
45998,4687,1987.0,-166.9628389641441,421.0,91.3,98.0,-1.8,-0.2,1.07,GOOD
45998,4688,2038.0,-101.0176324366482,421.0,91.3,98.0,-1.8,-0.2,1.07,GOOD
45998,4689,2058.0,-28.180204469551548,421.0,91.3,98.0,-1.8,-0.2,1.07,GOOD
45998,4690,2262.0,36.761046874395575,420.0,91.3,98.0,-1.8,-0.2,1.07,GOOD
45998,4691,2206.0,93.56853153123407,420.0,91.3,98.0,-1.8,-0.2,1.07,GOOD
45998,4692,2182.0,138.37822780960377,420.0,91.3,98.0,-1.8,-0.2,1.07,GOOD
45998,4693,2251.0,167.43218754807032,420.0,91.3,98.0,-1.8,-0.2,1.07,GOOD
45998,4694,2122.0,186.30116835050663,420.0,91.3,98.0,-1.8,-0.2,1.07,GOOD
45998,4695,2115.0,187.43410647720475,420.0,91.3,98.0,-1.8,-0.2,1.07,GOOD
45998,4696,2078.0,154.8226682263579,420.0,91.3,98.0,-1.8,-0.2,1.07,GOOD
45998,4697,2076.0,97.64480106034473,420.0,91.3,98.0,-1.8,-0.2,1.07,GOOD
45998,4698,1860.0,39.03916603580992,420.0,91.3,98.0,-1.8,-0.2,1.07,GOOD
45998,4699,1940.0,-13.765564846772204,420.0,91.3,98.0,-1.8,-0.2,1.07,GOOD
45998,4700,1890.0,-61.82410516751101,420.0,91.3,98.0,-1.8,-0.2,1.07,GOOD
46098,4701,1838.0,-106.05691956049465,420.0,94.9,98.0,-1.8,-0.3,1.07,GOOD
46098,4702,1845.0,-148.76469294212473,420.0,94.9,98.0,-1.8,-0.3,1.07,GOOD
46098,4703,1898.0,-178.1760875163077,420.0,94.9,98.0,-1.8,-0.3,1.07,GOOD
46098,4704,1773.0,-181.05322556488306,420.0,94.9,98.0,-1.8,-0.3,1.07,GOOD
46098,4705,1929.0,-168.51108237389406,420.0,94.9,98.0,-1.8,-0.3,1.07,GOOD
46098,4706,1933.0,-153.91269785713433,419.0,94.9,98.0,-1.8,-0.3,1.07,GOOD
46098,4707,1897.0,-136.76519479516276,419.0,94.9,98.0,-1.8,-0.3,1.07,GOOD
46098,4708,1944.0,-116.18841631341193,419.0,94.9,98.0,-1.8,-0.3,1.07,GOOD
46098,4709,1967.0,-90.31855695157078,419.0,94.9,98.0,-1.8,-0.3,1.07,GOOD
46098,4710,2127.0,-54.61393155442024,419.0,94.9,98.0,-1.8,-0.3,1.07,GOOD
46098,4711,2055.0,-10.396675851450265,419.0,94.9,98.0,-1.8,-0.3,1.07,GOOD
46098,4712,2065.0,30.007849902224798,419.0,94.9,98.0,-1.8,-0.3,1.07,GOOD
46098,4713,2100.0,57.89886687476228,419.0,94.9,98.0,-1.8,-0.3,1.07,GOOD
46098,4714,2738.0,104.5950511784642,419.0,94.9,98.0,-1.8,-0.3,1.07,GOOD
46098,4715,2750.0,228.29466721418137,419.0,94.9,98.0,-1.8,-0.3,1.07,GOOD
46098,4716,2757.0,423.97611964422595,419.0,94.9,98.0,-1.8,-0.3,1.07,GOOD
46098,4717,2855.0,616.1582620966572,419.0,94.9,98.0,-1.8,-0.3,1.07,GOOD
46098,4718,2469.0,739.3191286196211,419.0,94.9,98.0,-1.8,-0.3,1.07,GOOD
46098,4719,2429.0,749.9795488858424,419.0,94.9,98.0,-1.8,-0.3,1.07,GOOD
46098,4720,2342.0,637.776037063875,419.0,94.9,98.0,-1.8,-0.3,1.07,GOOD
46098,4721,2250.0,453.0468262561683,419.0,94.9,98.0,-1.8,-0.3,1.07,GOOD
46098,4722,1794.0,256.2210040353877,419.0,94.9,98.0,-1.8,-0.3,1.07,GOOD
46098,4723,1895.0,73.16313095480618,419.0,94.9,98.0,-1.8,-0.3,1.07,GOOD
46098,4724,1913.0,-73.92873430662914,419.0,94.9,98.0,-1.8,-0.3,1.07,GOOD
46098,4725,1884.0,-164.3227021308423,419.0,94.9,98.0,-1.8,-0.3,1.07,GOOD
46209,4726,1920.0,-207.9731856211634,419.0,94.9,98.0,-1.7,-0.1,1.07,GOOD
46209,4727,1915.0,-218.22572237938383,419.0,94.9,98.0,-1.7,-0.1,1.07,GOOD
46209,4728,1947.0,-192.14892981219162,419.0,94.9,98.0,-1.7,-0.1,1.07,GOOD
46209,4729,1948.0,-140.37362671458718,419.0,94.9,98.0,-1.7,-0.1,1.07,GOOD
46209,4730,2051.0,-94.13608270190429,419.0,94.9,98.0,-1.7,-0.1,1.07,GOOD
46209,4731,1980.0,-74.20755079322791,419.0,94.9,98.0,-1.7,-0.1,1.07,GOOD
46209,4732,1984.0,-73.71882088417445,419.0,94.9,98.0,-1.7,-0.1,1.07,GOOD
46209,4733,2021.0,-69.72687784313572,419.0,94.9,98.0,-1.7,-0.1,1.07,GOOD
46209,4734,2175.0,-43.237721517533,419.0,94.9,98.0,-1.7,-0.1,1.07,GOOD
46209,4735,2116.0,1.2351290754259807,419.0,94.9,98.0,-1.7,-0.1,1.07,GOOD
46209,4736,2088.0,36.55358612329997,419.0,94.9,98.0,-1.7,-0.1,1.07,GOOD
46209,4737,2145.0,49.85146849792033,419.0,94.9,98.0,-1.7,-0.1,1.07,GOOD
46209,4738,2072.0,58.2743496965378,419.0,94.9,98.0,-1.7,-0.1,1.07,GOOD
46209,4739,2097.0,69.31303454337234,419.0,94.9,98.0,-1.7,-0.1,1.07,GOOD
46209,4740,2055.0,65.11854768279204,419.0,94.9,98.0,-1.7,-0.1,1.07,GOOD
46209,4741,2052.0,35.75741888166884,419.0,94.9,98.0,-1.7,-0.1,1.07,GOOD
46209,4742,1902.0,-6.3238558175097,419.0,94.9,98.0,-1.7,-0.1,1.07,GOOD
46209,4743,1978.0,-43.848032525958445,419.0,94.9,98.0,-1.7,-0.1,1.07,GOOD
46209,4744,1966.0,-67.89762010389904,419.0,94.9,98.0,-1.7,-0.1,1.07,GOOD
46209,4745,1920.0,-84.41204914368646,419.0,94.9,98.0,-1.7,-0.1,1.07,GOOD
46209,4746,1881.0,-108.08023224590755,419.0,94.9,98.0,-1.7,-0.1,1.07,GOOD
46209,4747,1929.0,-135.34738152128796,419.0,94.9,98.0,-1.7,-0.1,1.07,GOOD
46209,4748,1982.0,-142.05422198526946,419.0,94.9,98.0,-1.7,-0.1,1.07,GOOD
46209,4749,1996.0,-118.42425626970356,419.0,94.9,98.0,-1.7,-0.1,1.07,GOOD
46209,4750,2104.0,-80.46549631068142,419.0,94.9,98.0,-1.7,-0.1,1.07,GOOD
46306,4751,2048.0,-43.096799952315074,419.0,94.9,98.0,-1.7,-0.2,1.08,GOOD
46306,4752,2066.0,-8.919807024510387,419.0,94.9,98.0,-1.7,-0.2,1.08,GOOD
46306,4753,2084.0,22.048909675058933,419.0,94.9,98.0,-1.7,-0.2,1.08,GOOD
46306,4754,2361.0,56.18998401763983,419.0,94.9,98.0,-1.7,-0.2,1.08,GOOD
46306,4755,2309.0,106.57807273212059,419.0,94.9,98.0,-1.7,-0.2,1.08,GOOD
46306,4756,2314.0,170.011645803426,419.0,94.9,98.0,-1.7,-0.2,1.08,GOOD
46306,4757,2378.0,230.5592729833203,419.0,94.9,98.0,-1.7,-0.2,1.08,GOOD
46306,4758,2330.0,281.53738166107075,419.0,94.9,98.0,-1.7,-0.2,1.08,GOOD
46306,4759,2372.0,313.6572651968065,419.0,94.9,98.0,-1.7,-0.2,1.08,GOOD
46306,4760,2331.0,313.72991206253346,419.0,94.9,98.0,-1.7,-0.2,1.08,GOOD
46306,4761,2332.0,287.10382147662165,419.0,94.9,98.0,-1.7,-0.2,1.08,GOOD
46306,4762,2156.0,251.6569142074215,419.0,94.9,98.0,-1.7,-0.2,1.08,GOOD
46306,4763,2208.0,214.27248106984456,419.0,94.9,98.0,-1.7,-0.2,1.08,GOOD
46306,4764,2193.0,173.31608866717625,419.0,94.9,98.0,-1.7,-0.2,1.08,GOOD
46306,4765,2133.0,128.6036308869527,419.0,94.9,98.0,-1.7,-0.2,1.08,GOOD
46306,4766,2073.0,80.28330174047304,420.0,94.9,98.0,-1.7,-0.2,1.08,GOOD
46306,4767,2129.0,38.27348818511765,420.0,94.9,98.0,-1.7,-0.2,1.08,GOOD
46306,4768,2173.0,21.952693813037815,420.0,94.9,98.0,-1.7,-0.2,1.08,GOOD
46306,4769,2147.0,33.27549048688072,420.0,94.9,98.0,-1.7,-0.2,1.08,GOOD
46306,4770,2126.0,48.288103430615834,420.0,94.9,98.0,-1.7,-0.2,1.08,GOOD
46306,4771,2079.0,46.785319743414284,420.0,94.9,98.0,-1.7,-0.2,1.08,GOOD
46306,4772,2111.0,33.44846653546253,420.0,94.9,98.0,-1.7,-0.2,1.08,GOOD
46306,4773,2135.0,24.322834822807938,420.0,94.9,98.0,-1.7,-0.2,1.08,GOOD
46306,4774,2223.0,27.52685278764134,420.0,94.9,98.0,-1.7,-0.2,1.08,GOOD
46306,4775,2159.0,40.31951580009036,420.0,94.9,98.0,-1.7,-0.2,1.08,GOOD
46404,4776,2146.0,54.65189465778211,420.0,94.9,98.0,-1.8,-0.3,1.08,GOOD
46404,4777,2186.0,66.93836330155834,420.0,94.9,98.0,-1.8,-0.3,1.08,GOOD
46404,4778,2075.0,75.1062140988519,420.0,94.9,98.0,-1.8,-0.3,1.08,GOOD
46404,4779,2072.0,64.45168890045477,420.0,94.9,98.0,-1.8,-0.3,1.08,GOOD
46404,4780,2023.0,24.59536851641675,420.0,94.9,98.0,-1.8,-0.3,1.08,GOOD
46404,4781,2025.0,-28.034377439437876,420.0,94.9,98.0,-1.8,-0.3,1.08,GOOD
46404,4782,1799.0,-75.02542023957217,420.0,94.9,98.0,-1.8,-0.3,1.08,GOOD
46404,4783,1865.0,-123.01495831449988,420.0,94.9,98.0,-1.8,-0.3,1.08,GOOD
46404,4784,1839.0,-179.45256501401423,420.0,94.9,98.0,-1.8,-0.3,1.08,GOOD
46404,4785,1801.0,-233.4890788462405,420.0,94.9,98.0,-1.8,-0.3,1.08,GOOD
46404,4786,1732.0,-274.9558589576808,420.0,94.9,98.0,-1.8,-0.3,1.08,GOOD
46404,4787,1749.0,-301.72658456170336,420.0,94.9,98.0,-1.8,-0.3,1.08,GOOD
46404,4788,1830.0,-310.9563742602586,420.0,94.9,98.0,-1.8,-0.3,1.08,GOOD
46404,4789,1798.0,-302.50113551898096,420.0,94.9,98.0,-1.8,-0.3,1.08,GOOD
46404,4790,1930.0,-281.7708899203881,420.0,94.9,98.0,-1.8,-0.3,1.08,GOOD
46404,4791,1887.0,-248.54595197682545,420.0,94.9,98.0,-1.8,-0.3,1.08,GOOD
46404,4792,1929.0,-202.0916302263953,420.0,94.9,98.0,-1.8,-0.3,1.08,GOOD
46404,4793,1933.0,-154.08142140754296,420.0,94.9,98.0,-1.8,-0.3,1.08,GOOD
46404,4794,2051.0,-116.29664498272993,420.0,94.9,98.0,-1.8,-0.3,1.08,GOOD
46404,4795,1955.0,-89.9240818181298,420.0,94.9,98.0,-1.8,-0.3,1.08,GOOD
46404,4796,1944.0,-75.32692031516483,420.0,94.9,98.0,-1.8,-0.3,1.08,GOOD
46404,4797,1958.0,-72.34192787418343,420.0,94.9,98.0,-1.8,-0.3,1.08,GOOD
46404,4798,2046.0,-71.04924272515149,421.0,94.9,98.0,-1.8,-0.3,1.08,GOOD
46404,4799,2033.0,-61.4505456726797,421.0,94.9,98.0,-1.8,-0.3,1.08,GOOD
46404,4800,2002.0,-47.16777252195837,421.0,94.9,98.0,-1.8,-0.3,1.08,GOOD
46501,4801,2026.0,-35.75075718070491,421.0,94.9,98.0,-1.7,-0.2,1.07,GOOD
46501,4802,1905.0,-29.656147475498607,421.0,94.9,98.0,-1.7,-0.2,1.07,GOOD
46501,4803,1948.0,-35.99214260298247,421.0,94.9,98.0,-1.7,-0.2,1.07,GOOD
46501,4804,1922.0,-60.652157019385626,421.0,94.9,98.0,-1.7,-0.2,1.07,GOOD
46501,4805,1887.0,-96.20734010841224,421.0,94.9,98.0,-1.7,-0.2,1.07,GOOD
46501,4806,1773.0,-132.89695172913923,421.0,94.9,98.0,-1.7,-0.2,1.07,GOOD
46501,4807,1832.0,-165.94677451071868,421.0,94.9,98.0,-1.7,-0.2,1.07,GOOD
46501,4808,1855.0,-188.5974079696635,421.0,94.9,98.0,-1.7,-0.2,1.07,GOOD
46501,4809,1861.0,-196.23116122276647,421.0,94.9,98.0,-1.7,-0.2,1.07,GOOD
46501,4810,1791.0,-195.7175117246942,421.0,94.9,98.0,-1.7,-0.2,1.07,GOOD
46501,4811,1805.0,-195.9947858318227,421.0,94.9,98.0,-1.7,-0.2,1.07,GOOD
46501,4812,1845.0,-194.35562796009367,421.0,94.9,98.0,-1.7,-0.2,1.07,GOOD
46501,4813,1861.0,-184.3918661348693,421.0,94.9,98.0,-1.7,-0.2,1.07,GOOD
46501,4814,2069.0,-162.4213779998085,421.0,94.9,98.0,-1.7,-0.2,1.07,GOOD
46501,4815,1995.0,-120.94082345489778,421.0,94.9,98.0,-1.7,-0.2,1.07,GOOD
46501,4816,1986.0,-63.239453355224086,421.0,94.9,98.0,-1.7,-0.2,1.07,GOOD
46501,4817,2003.0,-9.834782190864427,421.0,94.9,98.0,-1.7,-0.2,1.07,GOOD
46501,4818,2147.0,28.002869005089504,421.0,94.9,98.0,-1.7,-0.2,1.07,GOOD
46501,4819,2094.0,54.65210849148039,421.0,94.9,98.0,-1.7,-0.2,1.07,GOOD
46501,4820,2044.0,70.10798243505013,421.0,94.9,98.0,-1.7,-0.2,1.07,GOOD
46501,4821,2062.0,72.27171524883681,421.0,94.9,98.0,-1.7,-0.2,1.07,GOOD
46501,4822,1948.0,66.21962098577384,421.0,94.9,98.0,-1.7,-0.2,1.07,GOOD
46501,4823,1982.0,49.510104832127425,421.0,94.9,98.0,-1.7,-0.2,1.07,GOOD
46501,4824,1950.0,15.149307053512858,421.0,94.9,98.0,-1.7,-0.2,1.07,GOOD
46501,4825,1945.0,-28.719979071850236,421.0,94.9,98.0,-1.7,-0.2,1.07,GOOD
46614,4826,1840.0,-65.59154699967686,421.0,94.9,98.0,-1.7,-0.2,1.08,GOOD
46614,4827,1876.0,-88.5589098220961,421.0,94.9,98.0,-1.7,-0.2,1.08,GOOD
46614,4828,1881.0,-101.42015479559038,421.0,94.9,98.0,-1.7,-0.2,1.08,GOOD
46614,4829,1837.0,-113.13717267836923,421.0,94.9,98.0,-1.7,-0.2,1.08,GOOD
46614,4830,1801.0,-132.53720742843427,422.0,94.9,98.0,-1.7,-0.2,1.08,GOOD
46614,4831,1829.0,-155.06598226271484,422.0,94.9,98.0,-1.7,-0.2,1.08,GOOD
46614,4832,1885.0,-162.5313802801694,422.0,94.9,98.0,-1.7,-0.2,1.08,GOOD
46614,4833,1875.0,-147.22310081719485,422.0,94.9,98.0,-1.7,-0.2,1.08,GOOD
46614,4834,2142.0,-113.85319838604768,422.0,94.9,98.0,-1.7,-0.2,1.08,GOOD
46614,4835,2063.0,-58.55627212384968,422.0,94.9,98.0,-1.7,-0.2,1.08,GOOD
46614,4836,2022.0,13.310424685366211,422.0,94.9,98.0,-1.7,-0.2,1.08,GOOD
46614,4837,2098.0,75.76969577773832,422.0,94.9,98.0,-1.7,-0.2,1.08,GOOD
46614,4838,2194.0,116.86909974022718,422.0,94.9,98.0,-1.7,-0.2,1.08,GOOD
46614,4839,2151.0,142.87083505987545,422.0,94.9,98.0,-1.7,-0.2,1.08,GOOD
46614,4840,2136.0,155.40280209627696,422.0,94.9,98.0,-1.7,-0.2,1.08,GOOD
46614,4841,2178.0,158.8978680461833,422.0,94.9,98.0,-1.7,-0.2,1.08,GOOD
46614,4842,2012.0,161.0713068281828,422.0,94.9,98.0,-1.7,-0.2,1.08,GOOD
46614,4843,2047.0,150.8579713772884,422.0,94.9,98.0,-1.7,-0.2,1.08,GOOD
46614,4844,2010.0,113.87994174845876,422.0,94.9,98.0,-1.7,-0.2,1.08,GOOD
46614,4845,1995.0,60.148824032182425,422.0,94.9,98.0,-1.7,-0.2,1.08,GOOD
46614,4846,1814.0,7.334277533487798,422.0,94.9,98.0,-1.7,-0.2,1.08,GOOD
46614,4847,1849.0,-41.056217883974384,422.0,94.9,98.0,-1.7,-0.2,1.08,GOOD
46614,4848,1857.0,-85.04786047866068,422.0,94.9,98.0,-1.7,-0.2,1.08,GOOD
46614,4849,1959.0,-115.67735953388697,422.0,94.9,98.0,-1.7,-0.2,1.08,GOOD
46614,4850,1788.0,-127.80992301970846,422.0,94.9,98.0,-1.7,-0.2,1.08,GOOD
