timestamp_ms,sample_seq,ecg_raw,ecg_cleaned,ppg_dc_ir,ecg_bpm,spo2_pct,pitch_deg,roll_deg,motion_g,signal_quality
1790983946704,1,1993.0,78.42732181097229,-40.0,133.6,98.0,-1.7,-0.3,1.07,GOOD
1790983946704,2,2036.0,411.83591603003174,-41.0,133.6,98.0,-1.7,-0.3,1.07,GOOD
1790983946704,3,2016.0,1010.9357478454599,-42.0,133.6,98.0,-1.7,-0.3,1.07,GOOD
1790983946704,4,2202.0,1629.9940363613673,-43.0,133.6,98.0,-1.7,-0.3,1.07,GOOD
1790983946704,5,2135.0,2053.6719349024233,-46.0,133.6,98.0,-1.7,-0.3,1.07,GOOD
1790983946704,6,2157.0,2225.5006441528035,-47.0,133.6,98.0,-1.7,-0.3,1.07,GOOD
1790983946704,7,2172.0,2181.351991960043,-50.0,133.6,98.0,-1.7,-0.3,1.07,GOOD
1790983946704,8,2359.0,2031.7584143361164,-53.0,133.6,98.0,-1.7,-0.3,1.07,GOOD
1790983946704,9,2313.0,1921.289071498334,-55.0,133.6,98.0,-1.7,-0.3,1.07,GOOD
1790983946704,10,2296.0,1921.1580653453364,-60.0,133.6,98.0,-1.7,-0.3,1.07,GOOD
1790983946704,11,2334.0,1982.0959893532213,-61.0,133.6,98.0,-1.7,-0.3,1.07,GOOD
1790983946704,12,2111.0,2003.30435658818,-63.0,133.6,98.0,-1.7,-0.3,1.07,GOOD
1790983946704,13,2124.0,1928.0507624451684,-65.0,133.6,98.0,-1.7,-0.3,1.07,GOOD
1790983946704,14,2077.0,1792.5733511033127,-67.0,133.6,98.0,-1.7,-0.3,1.07,GOOD
1790983946704,15,2077.0,1677.2397077814614,-69.0,133.6,98.0,-1.7,-0.3,1.07,GOOD
1790983946704,16,1962.0,1607.7173097130903,-71.0,133.6,98.0,-1.7,-0.3,1.07,GOOD
1790983946704,17,2026.0,1546.1824517657342,-71.0,133.6,98.0,-1.7,-0.3,1.07,GOOD
1790983946704,18,2025.0,1470.6627947454863,-74.0,133.6,98.0,-1.7,-0.3,1.07,GOOD
1790983946704,19,1985.0,1406.6333065528888,-74.0,133.6,98.0,-1.7,-0.3,1.07,GOOD
1790983946704,20,1810.0,1370.9033595153585,-74.0,133.6,98.0,-1.7,-0.3,1.07,GOOD
1790983946704,21,1826.0,1334.1451590742709,-73.0,133.6,98.0,-1.7,-0.3,1.07,GOOD
1790983946704,22,1838.0,1263.433925099116,-73.0,133.6,98.0,-1.7,-0.3,1.07,GOOD
1790983946704,23,1801.0,1167.266259284378,-71.0,133.6,98.0,-1.7,-0.3,1.07,GOOD
1790983946704,24,1964.0,1088.977256089905,-69.0,133.6,98.0,-1.7,-0.3,1.07,GOOD
1790983946704,25,1917.0,1069.9329245156991,-68.0,133.6,98.0,-1.7,-0.3,1.07,GOOD
1790983946705,26,1937.0,1102.7121714444556,32000.0,133.6,98.0,-1.7,-0.3,1.07,GOOD
1790983946705,27,1948.0,1135.5094450589577,32000.0,133.6,98.0,-1.7,-0.3,1.07,GOOD
1790983946705,28,2192.0,1142.3976326730908,32000.0,133.6,98.0,-1.7,-0.3,1.07,GOOD
1790983946705,29,2163.0,1151.9818953947492,32000.0,133.6,98.0,-1.7,-0.3,1.07,GOOD
1790983946705,30,2174.0,1189.6851022604026,32000.0,133.6,98.0,-1.7,-0.3,1.07,GOOD
1790983946705,31,1905.0,1226.2070846799543,32000.0,133.6,98.0,-1.7,-0.3,1.07,GOOD
1790983946705,32,1960.0,1205.9162648599697,32000.0,133.6,98.0,-1.7,-0.3,1.07,GOOD
1790983946705,33,1925.0,1116.188522673529,32000.0,133.6,98.0,-1.7,-0.3,1.07,GOOD
1790983946705,34,1873.0,998.2020189332791,32000.0,133.6,98.0,-1.7,-0.3,1.07,GOOD
1790983946705,35,1818.0,894.5252900422606,32000.0,133.6,98.0,-1.7,-0.3,1.07,GOOD
1790983946705,36,1908.0,825.2171630420172,32000.0,133.6,98.0,-1.7,-0.3,1.07,GOOD
1790983946705,37,1962.0,797.6662989233306,32000.0,133.6,98.0,-1.7,-0.3,1.07,GOOD
1790983946705,38,1947.0,802.8464997096786,32000.0,133.6,98.0,-1.7,-0.3,1.07,GOOD
1790983946705,39,1881.0,812.6014949555174,32000.0,133.6,98.0,-1.7,-0.3,1.07,GOOD
1790983946705,40,1849.0,801.5199257061962,32000.0,133.6,98.0,-1.7,-0.3,1.07,GOOD
1790983946705,41,1875.0,768.3766676792957,32000.0,133.6,98.0,-1.7,-0.3,1.07,GOOD
1790983946705,42,2190.0,740.5195098199079,32000.0,133.6,98.0,-1.7,-0.3,1.07,GOOD
1790983946705,43,2142.0,753.0105410890956,32000.0,133.6,98.0,-1.7,-0.3,1.07,GOOD
1790983946705,44,2091.0,801.9773742866365,32000.0,133.6,98.0,-1.7,-0.3,1.07,GOOD
1790983946705,45,2086.0,847.1533436231812,32000.0,133.6,98.0,-1.7,-0.3,1.07,GOOD
1790983946705,46,2125.0,865.4287878474656,32000.0,133.6,98.0,-1.7,-0.3,1.07,GOOD
1790983946705,47,2141.0,859.7190166312839,32000.0,133.6,98.0,-1.7,-0.3,1.07,GOOD
1790983946705,48,2109.0,833.2178507144612,32000.0,133.6,98.0,-1.7,-0.3,1.07,GOOD
1790983946705,49,2076.0,788.2719670560339,32000.0,133.6,98.0,-1.7,-0.3,1.07,GOOD
1790983946705,50,1886.0,731.8720990629149,32000.0,133.6,98.0,-1.7,-0.3,1.07,GOOD
1790983946862,51,1960.0,668.9571882422601,32000.0,133.6,98.0,-1.7,-0.3,1.08,GOOD
1790983946862,52,1989.0,606.6315178001367,32000.0,133.6,98.0,-1.7,-0.3,1.08,GOOD
1790983946862,53,1969.0,553.3896531586076,32000.0,133.6,98.0,-1.7,-0.3,1.08,GOOD
1790983946862,54,1792.0,503.73462362877495,32000.0,133.6,98.0,-1.7,-0.3,1.08,GOOD
1790983946862,55,1823.0,448.2436428899294,32000.0,133.6,98.0,-1.7,-0.3,1.08,GOOD
1790983946862,56,1867.0,397.31220637334104,32000.0,133.6,98.0,-1.7,-0.3,1.08,GOOD
1790983946862,57,1879.0,366.2009266301344,32000.0,133.6,98.0,-1.7,-0.3,1.08,GOOD
1790983946862,58,1976.0,351.412977803747,32000.0,133.6,98.0,-1.7,-0.3,1.08,GOOD
1790983946862,59,1927.0,346.3528396412421,32000.0,133.6,98.0,-1.7,-0.3,1.08,GOOD
1790983946862,60,1923.0,352.7058516575937,32000.0,133.6,98.0,-1.7,-0.3,1.08,GOOD
1790983946862,61,2077.0,373.55423109306764,32000.0,133.6,98.0,-1.7,-0.3,1.08,GOOD
1790983946862,62,2024.0,405.4581471454508,32000.0,133.6,98.0,-1.7,-0.3,1.08,GOOD
1790983946862,63,1964.0,424.23668355581196,32000.0,133.6,98.0,-1.7,-0.3,1.08,GOOD
1790983946862,64,1927.0,404.2583124217184,32000.0,133.6,98.0,-1.7,-0.3,1.08,GOOD
1790983946862,65,2153.0,364.83516861663514,32000.0,133.6,98.0,-1.7,-0.3,1.08,GOOD
1790983946862,66,2205.0,359.2455914311647,32000.0,133.6,98.0,-1.7,-0.3,1.08,GOOD
1790983946862,67,2216.0,404.6537963192494,32000.0,133.6,98.0,-1.7,-0.3,1.08,GOOD
1790983946862,68,2079.0,457.25159041975337,32000.0,133.6,98.0,-1.7,-0.3,1.08,GOOD
1790983946862,69,2093.0,468.58719125939973,32000.0,133.6,98.0,-1.7,-0.3,1.08,GOOD
1790983946862,70,2089.0,437.2791599919863,32000.0,133.6,98.0,-1.7,-0.3,1.08,GOOD
1790983946862,71,2142.0,393.59718226324765,32000.0,133.6,98.0,-1.7,-0.3,1.08,GOOD
1790983946862,72,1944.0,350.4469404465716,32000.0,133.6,98.0,-1.7,-0.3,1.08,GOOD
1790983946862,73,1947.0,293.31465079034916,32000.0,133.6,98.0,-1.7,-0.3,1.08,GOOD
1790983946862,74,1948.0,221.92753351663907,32000.0,133.6,98.0,-1.7,-0.3,1.08,GOOD
1790983946862,75,1964.0,163.26988812831635,32000.0,133.6,98.0,-1.7,-0.3,1.08,GOOD
1790983946863,76,1877.0,128.95849736091427,32000.0,133.6,98.0,-1.7,-0.3,1.08,GOOD
1790983946863,77,1861.0,99.0441250923584,32000.0,133.6,98.0,-1.7,-0.3,1.08,GOOD
1790983946863,78,1827.0,57.035455766148004,32000.0,133.6,98.0,-1.7,-0.3,1.08,GOOD
1790983946863,79,2171.0,24.656987954152804,32000.0,133.6,98.0,-1.7,-0.3,1.08,GOOD
1790983946863,80,2130.0,45.196974140959085,32000.0,133.6,98.0,-1.7,-0.3,1.08,GOOD
1790983946863,81,2137.0,118.27763436696618,32000.0,133.6,98.0,-1.7,-0.3,1.08,GOOD
1790983946863,82,2135.0,193.28317650920897,32000.0,133.6,98.0,-1.7,-0.3,1.08,GOOD
1790983946863,83,2035.0,230.22288319212976,32000.0,133.6,98.0,-1.7,-0.3,1.08,GOOD
1790983946863,84,1980.0,217.6718957783722,32000.0,133.6,98.0,-1.7,-0.3,1.08,GOOD
1790983946863,85,2017.0,162.1156903973651,32000.0,133.6,98.0,-1.7,-0.3,1.08,GOOD
1790983946863,86,2029.0,89.62993723758541,32000.0,133.6,98.0,-1.7,-0.3,1.08,GOOD
1790983946863,87,2079.0,34.86086474160601,32000.0,133.6,98.0,-1.7,-0.3,1.08,GOOD
1790983946863,88,2077.0,20.15436289502981,32000.0,133.6,98.0,-1.7,-0.3,1.08,GOOD
1790983946863,89,2072.0,40.60224212570325,32000.0,133.6,98.0,-1.7,-0.3,1.08,GOOD
1790983946863,90,1864.0,59.265099615566,32000.0,133.6,98.0,-1.7,-0.3,1.08,GOOD
1790983946863,91,1923.0,33.1212968053911,32000.0,133.6,98.0,-1.7,-0.3,1.08,GOOD
1790983946863,92,1960.0,-35.26176053168793,32000.0,133.6,98.0,-1.7,-0.3,1.08,GOOD
1790983946863,93,1968.0,-98.68682470285817,32000.0,133.6,98.0,-1.7,-0.3,1.08,GOOD
1790983946863,94,2297.0,-111.62141571597343,32000.0,133.6,98.0,-1.7,-0.3,1.08,GOOD
1790983946863,95,2272.0,-53.064858830135506,32000.0,133.6,98.0,-1.7,-0.3,1.08,GOOD
1790983946863,96,2298.0,53.82612081996384,32000.0,133.6,98.0,-1.7,-0.3,1.08,GOOD
1790983946863,97,2309.0,154.50363626826135,32000.0,133.6,98.0,-1.7,-0.3,1.08,GOOD
1790983946863,98,1998.0,202.31974645370877,32000.0,133.6,98.0,-1.7,-0.3,1.08,GOOD
1790983946863,99,1934.0,163.88746973079682,32000.0,133.6,98.0,-1.7,-0.3,1.08,GOOD
1790983946863,100,1899.0,40.38909529454382,32000.0,133.6,98.0,-1.7,-0.3,1.08,GOOD
1790983947095,101,1900.0,-115.1140043532597,32000.0,161.6,98.0,-1.6,-0.3,1.08,GOOD
1790983947095,102,1960.0,-236.13395193264154,32000.0,161.6,98.0,-1.6,-0.3,1.08,GOOD
1790983947095,103,1930.0,-285.80934387123426,32000.0,161.6,98.0,-1.6,-0.3,1.08,GOOD
1790983947095,104,1886.0,-275.8567893598844,32000.0,161.6,98.0,-1.6,-0.3,1.08,GOOD
1790983947095,105,1869.0,-252.14066319520904,32000.0,161.6,98.0,-1.6,-0.3,1.08,GOOD
1790983947095,106,2032.0,-245.37304626630282,32000.0,161.6,98.0,-1.6,-0.3,1.08,GOOD
1790983947095,107,2084.0,-242.1131726629336,32000.0,161.6,98.0,-1.6,-0.3,1.08,GOOD
1790983947095,108,2095.0,-216.25033137814333,32000.0,161.6,98.0,-1.6,-0.3,1.08,GOOD
1790983947095,109,1885.0,-176.80728466809103,32000.0,161.6,98.0,-1.6,-0.3,1.08,GOOD
1790983947095,110,1890.0,-164.9722804609491,32000.0,161.6,98.0,-1.6,-0.3,1.08,GOOD
1790983947095,111,1907.0,-202.2535964096773,32000.0,161.6,98.0,-1.6,-0.3,1.08,GOOD
1790983947095,112,1928.0,-266.05239267815796,32000.0,161.6,98.0,-1.6,-0.3,1.08,GOOD
1790983947095,113,1855.0,-322.6246377763447,32000.0,161.6,98.0,-1.6,-0.3,1.08,GOOD
1790983947095,114,1844.0,-357.3080429308236,32000.0,161.6,98.0,-1.6,-0.3,1.08,GOOD
1790983947095,115,1838.0,-372.2410101307495,32000.0,161.6,98.0,-1.6,-0.3,1.08,GOOD
1790983947095,116,1843.0,-377.690964850349,32000.0,161.6,98.0,-1.6,-0.3,1.08,GOOD
1790983947095,117,2157.0,-374.04735447017543,32000.0,161.6,98.0,-1.6,-0.3,1.08,GOOD
1790983947095,118,2117.0,-339.3358262631297,32000.0,161.6,98.0,-1.6,-0.3,1.08,GOOD
1790983947095,119,2095.0,-267.1025859331636,32000.0,161.6,98.0,-1.6,-0.3,1.08,GOOD
1790983947095,120,2079.0,-189.5084804082851,32000.0,161.6,98.0,-1.6,-0.3,1.08,GOOD
1790983947095,121,2118.0,-140.48608752730803,32000.0,161.6,98.0,-1.6,-0.3,1.08,GOOD
1790983947095,122,2144.0,-129.89841827722336,32000.0,161.6,98.0,-1.6,-0.3,1.08,GOOD
1790983947095,123,2147.0,-147.03452280672718,32000.0,161.6,98.0,-1.6,-0.3,1.08,GOOD
1790983947095,124,2159.0,-168.70296962477866,32000.0,161.6,98.0,-1.6,-0.3,1.08,GOOD
1790983947095,125,2193.0,-171.70159207883,32000.0,161.6,98.0,-1.6,-0.3,1.08,GOOD
1790983947096,126,2207.0,-150.5566135381518,32000.0,161.6,98.0,-1.6,-0.3,1.08,GOOD
1790983947096,127,2212.0,-123.8790190442173,32000.0,161.6,98.0,-1.6,-0.3,1.08,GOOD
1790983947096,128,2220.0,-113.69251456191093,32000.0,161.6,98.0,-1.6,-0.3,1.08,GOOD
1790983947096,129,1892.0,-133.36412818532958,32000.0,161.6,98.0,-1.6,-0.3,1.08,GOOD
1790983947096,130,1933.0,-193.48181981686224,32000.0,161.6,98.0,-1.6,-0.3,1.08,GOOD
1790983947096,131,1947.0,-282.4330193906879,32000.0,161.6,98.0,-1.6,-0.3,1.08,GOOD
1790983947096,132,1957.0,-365.86012871135716,32000.0,161.6,98.0,-1.6,-0.3,1.08,GOOD
1790983947096,133,1943.0,-422.76745473334125,32000.0,161.6,98.0,-1.6,-0.3,1.08,GOOD
1790983947096,134,1978.0,-447.543580520835,32000.0,161.6,98.0,-1.6,-0.3,1.08,GOOD
1790983947096,135,1995.0,-435.87314565298226,32000.0,161.6,98.0,-1.6,-0.3,1.08,GOOD
1790983947096,136,2012.0,-396.9174979418543,32000.0,161.6,98.0,-1.6,-0.3,1.08,GOOD
1790983947096,137,2178.0,-353.1435342790422,32000.0,161.6,98.0,-1.6,-0.3,1.08,GOOD
1790983947096,138,2137.0,-316.1284423423471,32000.0,161.6,98.0,-1.6,-0.3,1.08,GOOD
1790983947096,139,2138.0,-284.47574940669483,32000.0,161.6,98.0,-1.6,-0.3,1.08,GOOD
1790983947096,140,2379.0,-246.43120996965058,32000.0,161.6,98.0,-1.6,-0.3,1.08,GOOD
1790983947096,141,2362.0,-183.25765553921457,32000.0,161.6,98.0,-1.6,-0.3,1.08,GOOD
1790983947096,142,2352.0,-106.56009333039887,32000.0,161.6,98.0,-1.6,-0.3,1.08,GOOD
1790983947096,143,2353.0,-56.004767704485815,32000.0,161.6,98.0,-1.6,-0.3,1.08,GOOD
1790983947096,144,2290.0,-47.09728284733618,32000.0,161.6,98.0,-1.6,-0.3,1.08,GOOD
1790983947096,145,2320.0,-63.38883522009961,32000.0,161.6,98.0,-1.6,-0.3,1.08,GOOD
1790983947096,146,2309.0,-85.93143635740836,32000.0,161.6,98.0,-1.6,-0.3,1.08,GOOD
1790983947096,147,2386.0,-106.5073864682453,32000.0,161.6,98.0,-1.6,-0.3,1.08,GOOD
1790983947096,148,2033.0,-133.26236815897698,32000.0,161.6,98.0,-1.6,-0.3,1.08,GOOD
1790983947096,149,2116.0,-186.01278041351713,32000.0,161.6,98.0,-1.6,-0.3,1.08,GOOD
1790983947096,150,2151.0,-257.12618478096584,32000.0,161.6,98.0,-1.6,-0.3,1.08,GOOD
1790983947177,151,2155.0,-311.335311151616,32000.0,161.6,98.0,-1.7,-0.2,1.09,GOOD
1790983947177,152,1904.0,-346.9889296720554,32000.0,161.6,98.0,-1.7,-0.2,1.09,GOOD
1790983947177,153,1950.0,-395.7974411617232,32000.0,161.6,98.0,-1.7,-0.2,1.09,GOOD
1790983947177,154,1979.0,-457.1858109470062,32000.0,161.6,98.0,-1.7,-0.2,1.09,GOOD
1790983947177,155,1973.0,-497.7335670798936,32000.0,161.6,98.0,-1.7,-0.2,1.09,GOOD
1790983947177,156,1917.0,-511.0764015454291,32000.0,161.6,98.0,-1.7,-0.2,1.09,GOOD
1790983947177,157,1887.0,-522.9121685908856,32000.0,161.6,98.0,-1.7,-0.2,1.09,GOOD
1790983947177,158,1894.0,-545.632204779409,32000.0,161.6,98.0,-1.7,-0.2,1.09,GOOD
1790983947177,159,2118.0,-556.5494103738433,32000.0,161.6,98.0,-1.7,-0.2,1.09,GOOD
1790983947177,160,2081.0,-526.0213287241806,32000.0,161.6,98.0,-1.7,-0.2,1.09,GOOD
1790983947177,161,2044.0,-466.05176384901387,32000.0,161.6,98.0,-1.7,-0.2,1.09,GOOD
1790983947177,162,2028.0,-420.0201404468829,32000.0,161.6,98.0,-1.7,-0.2,1.09,GOOD
1790983947177,163,2090.0,-404.18721302290595,32000.0,161.6,98.0,-1.7,-0.2,1.09,GOOD
1790983947177,164,2086.0,-400.10443690739123,32000.0,161.6,98.0,-1.7,-0.2,1.09,GOOD
1790983947177,165,2061.0,-396.173799122965,32000.0,161.6,98.0,-1.7,-0.2,1.09,GOOD
1790983947177,166,2049.0,-400.34851246707456,32000.0,161.6,98.0,-1.7,-0.2,1.09,GOOD
1790983947177,167,2110.0,-412.6472222834465,32000.0,161.6,98.0,-1.7,-0.2,1.09,GOOD
1790983947177,168,2149.0,-413.47535823633285,32000.0,161.6,98.0,-1.7,-0.2,1.09,GOOD
1790983947177,169,2170.0,-389.67583476214355,32000.0,161.6,98.0,-1.7,-0.2,1.09,GOOD
1790983947177,170,2166.0,-354.0728437406231,32000.0,161.6,98.0,-1.7,-0.2,1.09,GOOD
1790983947177,171,1728.0,-345.9364483490234,32000.0,161.6,98.0,-1.7,-0.2,1.09,GOOD
1790983947177,172,1762.0,-408.7184845820186,32000.0,161.6,98.0,-1.7,-0.2,1.09,GOOD
1790983947177,173,1772.0,-531.7218726356928,32000.0,161.6,98.0,-1.7,-0.2,1.09,GOOD
1790983947177,174,1770.0,-652.1267185534,32000.0,161.6,98.0,-1.7,-0.2,1.09,GOOD
1790983947177,175,1857.0,-724.6070454445384,32000.0,161.6,98.0,-1.7,-0.2,1.09,GOOD
1790983947305,176,1862.0,-737.6292910009215,32000.0,173.9,98.0,-1.6,-0.3,1.07,GOOD
1790983947305,177,1907.0,-696.3333852796036,32000.0,173.9,98.0,-1.6,-0.3,1.07,GOOD
1790983947305,178,1918.0,-623.3336351679293,32000.0,173.9,98.0,-1.6,-0.3,1.07,GOOD
1790983947305,179,1922.0,-555.4968209804624,32000.0,173.9,98.0,-1.6,-0.3,1.07,GOOD
1790983947305,180,1887.0,-524.7980582652658,32000.0,173.9,98.0,-1.6,-0.3,1.07,GOOD
1790983947305,181,1874.0,-534.6949479422683,32000.0,173.9,98.0,-1.6,-0.3,1.07,GOOD
1790983947305,182,1870.0,-559.2478906025926,32000.0,173.9,98.0,-1.6,-0.3,1.07,GOOD
1790983947305,183,2178.0,-560.075586001013,32000.0,173.9,98.0,-1.6,-0.3,1.07,GOOD
1790983947305,184,2165.0,-509.562612129568,32000.0,173.9,98.0,-1.6,-0.3,1.07,GOOD
1790983947305,185,2165.0,-422.3524515235831,32000.0,173.9,98.0,-1.6,-0.3,1.07,GOOD
1790983947305,186,2180.0,-340.5071341807432,32000.0,173.9,98.0,-1.6,-0.3,1.07,GOOD
1790983947305,187,2050.0,-288.5411074151492,32000.0,173.9,98.0,-1.6,-0.3,1.07,GOOD
1790983947305,188,2052.0,-276.36138706521126,32000.0,173.9,98.0,-1.6,-0.3,1.07,GOOD
1790983947305,189,2042.0,-308.25235294287387,32000.0,173.9,98.0,-1.6,-0.3,1.07,GOOD
1790983947305,190,2054.0,-368.4786889339039,32000.0,173.9,98.0,-1.6,-0.3,1.07,GOOD
1790983947305,191,1911.0,-428.2612306602008,32000.0,173.9,98.0,-1.6,-0.3,1.07,GOOD
1790983947305,192,1948.0,-468.2992010679517,32000.0,173.9,98.0,-1.6,-0.3,1.07,GOOD
1790983947305,193,1953.0,-484.91575737388234,32000.0,173.9,98.0,-1.6,-0.3,1.07,GOOD
1790983947305,194,1942.0,-489.1866974928147,32000.0,173.9,98.0,-1.6,-0.3,1.07,GOOD
1790983947305,195,1861.0,-502.1396016907327,32000.0,173.9,98.0,-1.6,-0.3,1.07,GOOD
1790983947305,196,1896.0,-529.9378164786342,32000.0,173.9,98.0,-1.6,-0.3,1.07,GOOD
1790983947305,197,1918.0,-550.5469962793235,32000.0,173.9,98.0,-1.6,-0.3,1.07,GOOD
1790983947305,198,1909.0,-545.0086321506521,32000.0,173.9,98.0,-1.6,-0.3,1.07,GOOD
1790983947305,199,1742.0,-533.6750358826287,32000.0,173.9,98.0,-1.6,-0.3,1.07,GOOD
1790983947305,200,1704.0,-556.8434629085918,32000.0,173.9,98.0,-1.6,-0.3,1.07,GOOD
1790983947403,201,1693.0,-618.9016416341625,32000.0,173.9,98.0,-1.7,-0.3,1.08,GOOD
1790983947403,202,2294.0,-658.1768238039324,32000.0,173.9,98.0,-1.7,-0.3,1.08,GOOD
1790983947403,203,2273.0,-592.7423686444952,32000.0,173.9,98.0,-1.7,-0.3,1.08,GOOD
1790983947403,204,2276.0,-425.90078953275736,32000.0,173.9,98.0,-1.7,-0.3,1.08,GOOD
1790983947403,205,2294.0,-248.2165147171954,32000.0,173.9,98.0,-1.7,-0.3,1.08,GOOD
1790983947403,206,2120.0,-133.62119772527865,32000.0,173.9,98.0,-1.7,-0.3,1.08,GOOD
1790983947403,207,2136.0,-106.35391915350213,32000.0,173.9,98.0,-1.7,-0.3,1.08,GOOD
1790983947403,208,2122.0,-156.43873854412925,32000.0,173.9,98.0,-1.7,-0.3,1.08,GOOD
1790983947403,209,2109.0,-244.8583353457267,32000.0,173.9,98.0,-1.7,-0.3,1.08,GOOD
1790983947403,210,1968.0,-327.9643757922665,32000.0,173.9,98.0,-1.7,-0.3,1.08,GOOD
1790983947403,211,2007.0,-381.06849044305625,32000.0,173.9,98.0,-1.7,-0.3,1.08,GOOD
1790983947403,212,2016.0,-400.45357786033327,32000.0,173.9,98.0,-1.7,-0.3,1.08,GOOD
1790983947403,213,1808.0,-409.51049731245797,32000.0,173.9,98.0,-1.7,-0.3,1.08,GOOD
1790983947403,214,1828.0,-448.11608070634287,32000.0,173.9,98.0,-1.7,-0.3,1.08,GOOD
1790983947403,215,1868.0,-516.1538177769742,32000.0,173.9,98.0,-1.7,-0.3,1.08,GOOD
1790983947403,216,1895.0,-564.5467929982653,32000.0,173.9,98.0,-1.7,-0.3,1.08,GOOD
1790983947403,217,2063.0,-556.8433747144157,32000.0,173.9,98.0,-1.7,-0.3,1.08,GOOD
1790983947403,218,1994.0,-502.0499125248949,32000.0,173.9,98.0,-1.7,-0.3,1.08,GOOD
1790983947403,219,1978.0,-440.1329279249527,32000.0,173.9,98.0,-1.7,-0.3,1.08,GOOD
1790983947403,220,2268.0,-391.20519171425866,32000.0,173.9,98.0,-1.7,-0.3,1.08,GOOD
1790983947403,221,2235.0,-329.50713164207036,32000.0,173.9,98.0,-1.7,-0.3,1.08,GOOD
1790983947403,222,2204.0,-246.66394660796692,32000.0,173.9,98.0,-1.7,-0.3,1.08,GOOD
1790983947403,223,2156.0,-183.7559142562547,32000.0,173.9,98.0,-1.7,-0.3,1.08,GOOD
1790983947403,224,2076.0,-174.5279779353613,32000.0,173.9,98.0,-1.7,-0.3,1.08,GOOD
1790983947403,225,2108.0,-210.01020483608136,32000.0,173.9,98.0,-1.7,-0.3,1.08,GOOD
1790983947515,226,2125.0,-255.85849713050163,32000.0,173.9,98.0,-1.7,-0.3,1.08,GOOD
1790983947515,227,2121.0,-285.6621625777559,32000.0,173.9,98.0,-1.7,-0.3,1.08,GOOD
1790983947515,228,2037.0,-299.95380694046645,32000.0,173.9,98.0,-1.7,-0.3,1.08,GOOD
1790983947515,229,2078.0,-310.6360540760465,32000.0,173.9,98.0,-1.7,-0.3,1.08,GOOD
1790983947515,230,2107.0,-316.25012522936265,32000.0,173.9,98.0,-1.7,-0.3,1.08,GOOD
1790983947515,231,2129.0,-308.5312727001776,32000.0,173.9,98.0,-1.7,-0.3,1.08,GOOD
1790983947515,232,1967.0,-298.7122194958272,32000.0,173.9,98.0,-1.7,-0.3,1.08,GOOD
1790983947515,233,1972.0,-312.23884090099864,32000.0,173.9,98.0,-1.7,-0.3,1.08,GOOD
1790983947515,234,1977.0,-350.4892783577299,32000.0,173.9,98.0,-1.7,-0.3,1.08,GOOD
1790983947515,235,1990.0,-386.6757759393988,32000.0,173.9,98.0,-1.7,-0.3,1.08,GOOD
1790983947515,236,1904.0,-406.87939582985837,32000.0,173.9,98.0,-1.7,-0.3,1.08,GOOD
1790983947515,237,1851.0,-425.7842735377064,32000.0,173.9,98.0,-1.7,-0.3,1.08,GOOD
1790983947515,238,1825.0,-457.4501343698689,32000.0,173.9,98.0,-1.7,-0.3,1.08,GOOD
1790983947515,239,2326.0,-474.172503784711,32000.0,173.9,98.0,-1.7,-0.3,1.08,GOOD
1790983947515,240,2276.0,-418.73228855263255,32000.0,173.9,98.0,-1.7,-0.3,1.08,GOOD
1790983947515,241,2259.0,-291.3088838264668,32000.0,173.9,98.0,-1.7,-0.3,1.08,GOOD
1790983947515,242,2236.0,-163.30283988185568,32000.0,173.9,98.0,-1.7,-0.3,1.08,GOOD
1790983947515,243,2056.0,-95.09872013742154,32000.0,173.9,98.0,-1.7,-0.3,1.08,GOOD
1790983947515,244,2071.0,-104.20990871869546,32000.0,173.9,98.0,-1.7,-0.3,1.08,GOOD
1790983947515,245,2074.0,-173.24922804182296,32000.0,173.9,98.0,-1.7,-0.3,1.08,GOOD
1790983947515,246,2105.0,-258.3042221266536,32000.0,173.9,98.0,-1.7,-0.3,1.08,GOOD
1790983947515,247,1908.0,-322.1466280522566,32000.0,173.9,98.0,-1.7,-0.3,1.08,GOOD
1790983947515,248,1942.0,-358.6889112839087,32000.0,173.9,98.0,-1.7,-0.3,1.08,GOOD
1790983947515,249,1936.0,-377.70430102685793,32000.0,173.9,98.0,-1.7,-0.3,1.08,GOOD
1790983947515,250,2167.0,-381.1911861965692,32000.0,173.9,98.0,-1.7,-0.3,1.08,GOOD
1790983947624,251,2209.0,-358.7037544878348,32000.0,173.5,98.0,-1.6,-0.3,1.07,GOOD
1790983947624,252,2269.0,-300.315589829901,32000.0,173.5,98.0,-1.6,-0.3,1.07,GOOD
1790983947624,253,2308.0,-209.84386771476503,32000.0,173.5,98.0,-1.6,-0.3,1.07,GOOD
1790983947624,254,2584.0,-97.46249131338939,32000.0,173.5,98.0,-1.6,-0.3,1.07,GOOD
1790983947624,255,2498.0,20.9342856036535,32000.0,173.5,98.0,-1.6,-0.3,1.07,GOOD
1790983947624,256,2469.0,109.08376886499794,32000.0,173.5,98.0,-1.6,-0.3,1.07,GOOD
1790983947624,257,1879.0,116.17439677380831,32000.0,173.5,98.0,-1.6,-0.3,1.07,GOOD
1790983947624,258,1865.0,9.596105066117968,32000.0,173.5,98.0,-1.6,-0.3,1.07,GOOD
1790983947624,259,1781.0,-183.1237544863103,32000.0,173.5,98.0,-1.6,-0.3,1.07,GOOD
1790983947624,260,1723.0,-392.4278620306241,32000.0,173.5,98.0,-1.6,-0.3,1.07,GOOD
1790983947624,261,2051.0,-553.7646998899127,32000.0,173.5,98.0,-1.6,-0.3,1.07,GOOD
1790983947624,262,2132.0,-602.6956790082568,32000.0,173.5,98.0,-1.6,-0.3,1.07,GOOD
1790983947624,263,2174.0,-508.5837333846503,32000.0,173.5,98.0,-1.6,-0.3,1.07,GOOD
1790983947624,264,2173.0,-329.0744808681903,32000.0,173.5,98.0,-1.6,-0.3,1.07,GOOD
1790983947624,265,1987.0,-178.34947285058155,32000.0,173.5,98.0,-1.6,-0.3,1.07,GOOD
1790983947624,266,2015.0,-142.65557902656175,32000.0,173.5,98.0,-1.6,-0.3,1.07,GOOD
1790983947624,267,2065.0,-209.67063075006163,32000.0,173.5,98.0,-1.6,-0.3,1.07,GOOD
1790983947624,268,2094.0,-288.663339841073,32000.0,173.5,98.0,-1.6,-0.3,1.07,GOOD
1790983947624,269,1845.0,-320.85584033180555,32000.0,173.5,98.0,-1.6,-0.3,1.07,GOOD
1790983947624,270,1835.0,-334.7983376139762,32000.0,173.5,98.0,-1.6,-0.3,1.07,GOOD
1790983947624,271,1847.0,-375.8969949702089,32000.0,173.5,98.0,-1.6,-0.3,1.07,GOOD
1790983947624,272,1886.0,-435.7499171486895,32000.0,173.5,98.0,-1.6,-0.3,1.07,GOOD
1790983947624,273,1739.0,-480.6049517166596,32000.0,173.5,98.0,-1.6,-0.3,1.07,GOOD
1790983947624,274,1707.0,-504.2711340430742,32000.0,173.5,98.0,-1.6,-0.3,1.07,GOOD
1790983947624,275,1673.0,-524.4790380020327,32000.0,173.5,98.0,-1.6,-0.3,1.07,GOOD
1790983947737,276,1672.0,-553.6768386395614,32000.0,173.5,98.0,-1.6,-0.3,1.08,GOOD
1790983947737,277,2322.0,-563.4096699260842,32000.0,173.5,98.0,-1.6,-0.3,1.08,GOOD
1790983947737,278,2314.0,-482.4968736821476,32000.0,173.5,98.0,-1.6,-0.3,1.08,GOOD
1790983947737,279,2301.0,-295.39239517990006,32000.0,173.5,98.0,-1.6,-0.3,1.08,GOOD
1790983947737,280,2206.0,-89.46795643324762,32000.0,173.5,98.0,-1.6,-0.3,1.08,GOOD
1790983947737,281,2251.0,40.711604848013735,32000.0,173.5,98.0,-1.6,-0.3,1.08,GOOD
1790983947737,282,2285.0,69.97859159328111,32000.0,173.5,98.0,-1.6,-0.3,1.08,GOOD
1790983947737,283,2325.0,33.59498822179194,32000.0,173.5,98.0,-1.6,-0.3,1.08,GOOD
1790983947737,284,1976.0,-25.219490039709946,32000.0,173.5,98.0,-1.6,-0.3,1.08,GOOD
1790983947737,285,2001.0,-93.37934104912162,32000.0,173.5,98.0,-1.6,-0.3,1.08,GOOD
1790983947737,286,1998.0,-164.9424221168022,32000.0,173.5,98.0,-1.6,-0.3,1.08,GOOD
1790983947737,287,1994.0,-226.79355919264594,32000.0,173.5,98.0,-1.6,-0.3,1.08,GOOD
1790983947737,288,2028.0,-276.328668751677,32000.0,173.5,98.0,-1.6,-0.3,1.08,GOOD
1790983947737,289,2050.0,-306.7848545128884,32000.0,173.5,98.0,-1.6,-0.3,1.08,GOOD
1790983947737,290,2066.0,-298.0059462721629,32000.0,173.5,98.0,-1.6,-0.3,1.08,GOOD
1790983947737,291,2051.0,-249.4970668058748,32000.0,173.5,98.0,-1.6,-0.3,1.08,GOOD
1790983947737,292,2296.0,-188.23387203057732,32000.0,173.5,98.0,-1.6,-0.3,1.08,GOOD
1790983947737,293,2278.0,-133.14046626667488,32000.0,173.5,98.0,-1.6,-0.3,1.08,GOOD
1790983947737,294,2284.0,-84.0863964729748,32000.0,173.5,98.0,-1.6,-0.3,1.08,GOOD
1790983947737,295,2390.0,-31.304674484876777,32000.0,173.5,98.0,-1.6,-0.3,1.08,GOOD
1790983947737,296,2346.0,33.99483734032216,32000.0,173.5,98.0,-1.6,-0.3,1.08,GOOD
1790983947737,297,2301.0,90.345584747082,32000.0,173.5,98.0,-1.6,-0.3,1.08,GOOD
1790983947737,298,2293.0,98.3827215628115,32000.0,173.5,98.0,-1.6,-0.3,1.08,GOOD
1790983947737,299,2402.0,62.17383447892907,32000.0,173.5,98.0,-1.6,-0.3,1.08,GOOD
1790983947737,300,2415.0,36.0004604789696,32000.0,173.5,98.0,-1.6,-0.3,1.08,GOOD
1790983947856,301,2404.0,56.52208148922868,32000.0,173.5,98.0,-1.6,-0.3,1.09,GOOD
1790983947856,302,2397.0,101.34419562740314,32000.0,173.5,98.0,-1.6,-0.3,1.09,GOOD
1790983947856,303,2315.0,123.33377696534836,32000.0,173.5,98.0,-1.6,-0.3,1.09,GOOD
1790983947856,304,2374.0,104.3530599273023,32000.0,173.5,98.0,-1.6,-0.3,1.09,GOOD
1790983947856,305,2384.0,71.30115164398237,32000.0,173.5,98.0,-1.6,-0.3,1.09,GOOD
1790983947856,306,2413.0,59.83458809609229,32000.0,173.5,98.0,-1.6,-0.3,1.09,GOOD
1790983947856,307,2336.0,70.3732593099603,32000.0,173.5,98.0,-1.6,-0.3,1.09,GOOD
1790983947856,308,2314.0,73.79435192098381,32000.0,173.5,98.0,-1.6,-0.3,1.09,GOOD
1790983947856,309,2302.0,53.159265740486326,32000.0,173.5,98.0,-1.6,-0.3,1.09,GOOD
1790983947856,310,2279.0,20.84815266518718,32000.0,173.5,98.0,-1.6,-0.3,1.09,GOOD
1790983947856,311,1840.0,-22.715953023125703,32000.0,173.5,98.0,-1.6,-0.3,1.09,GOOD
1790983947856,312,1842.0,-112.86372588218566,32000.0,173.5,98.0,-1.6,-0.3,1.09,GOOD
1790983947856,313,1850.0,-255.86328144133776,32000.0,173.5,98.0,-1.6,-0.3,1.09,GOOD
1790983947856,314,1868.0,-395.7452729245273,32000.0,173.5,98.0,-1.6,-0.3,1.09,GOOD
1790983947856,315,2060.0,-469.9736896129226,32000.0,173.5,98.0,-1.6,-0.3,1.09,GOOD
1790983947856,316,2025.0,-452.68240774820765,32000.0,173.5,98.0,-1.6,-0.3,1.09,GOOD
1790983947856,317,2008.0,-369.91917930336933,32000.0,173.5,98.0,-1.6,-0.3,1.09,GOOD
1790983947856,318,2195.0,-274.91908019437034,32000.0,173.5,98.0,-1.6,-0.3,1.09,GOOD
1790983947856,319,2183.0,-196.20948869408815,32000.0,173.5,98.0,-1.6,-0.3,1.09,GOOD
1790983947856,320,2172.0,-140.0865141799466,32000.0,173.5,98.0,-1.6,-0.3,1.09,GOOD
1790983947856,321,2164.0,-110.25733926191045,32000.0,173.5,98.0,-1.6,-0.3,1.09,GOOD
1790983947856,322,1990.0,-106.62192059424841,32000.0,173.5,98.0,-1.6,-0.3,1.09,GOOD
1790983947856,323,2005.0,-131.9569199127141,32000.0,173.5,98.0,-1.6,-0.3,1.09,GOOD
1790983947856,324,2011.0,-183.21997992493988,32000.0,173.5,98.0,-1.6,-0.3,1.09,GOOD
1790983947856,325,1674.0,-253.46347745356084,32000.0,173.5,98.0,-1.6,-0.3,1.09,GOOD
1790983948126,326,1663.0,-349.24542441947375,36.0,173.5,98.0,-1.7,-0.3,1.08,GOOD
1790983948126,327,1673.0,-459.1190328643978,37.0,173.5,98.0,-1.7,-0.3,1.08,GOOD
1790983948126,328,1659.0,-543.8645180762396,37.0,173.5,98.0,-1.7,-0.3,1.08,GOOD
1790983948126,329,2011.0,-572.455876816344,37.0,173.5,98.0,-1.7,-0.3,1.08,GOOD
1790983948126,330,2030.0,-526.3750855661127,39.0,173.5,98.0,-1.7,-0.3,1.08,GOOD
1790983948126,331,2040.0,-412.9975118994232,42.0,173.5,98.0,-1.7,-0.3,1.08,GOOD
1790983948126,332,2028.0,-278.20980916656714,45.0,173.5,98.0,-1.7,-0.3,1.08,GOOD
1790983948126,333,1719.0,-185.55114277860028,48.0,173.5,98.0,-1.7,-0.3,1.08,GOOD
1790983948126,334,1757.0,-190.30549830935473,50.0,173.5,98.0,-1.7,-0.3,1.08,GOOD
1790983948126,335,1770.0,-288.9720249462905,54.0,173.5,98.0,-1.7,-0.3,1.08,GOOD
1790983948126,336,1757.0,-409.30596665122687,57.0,173.5,98.0,-1.7,-0.3,1.08,GOOD
1790983948126,337,1759.0,-480.3779851988151,60.0,173.5,98.0,-1.7,-0.3,1.08,GOOD
1790983948126,338,1773.0,-482.6914140145495,64.0,173.5,98.0,-1.7,-0.3,1.08,GOOD
1790983948126,339,1799.0,-442.34116431724595,67.0,173.5,98.0,-1.7,-0.3,1.08,GOOD
1790983948126,340,2091.0,-388.5581126374273,69.0,173.5,98.0,-1.7,-0.3,1.08,GOOD
1790983948126,341,2039.0,-320.27813977064534,71.0,173.5,98.0,-1.7,-0.3,1.08,GOOD
1790983948126,342,2011.0,-235.65885661492138,73.0,173.5,98.0,-1.7,-0.3,1.08,GOOD
1790983948126,343,2103.0,-153.90754854304052,74.0,173.5,98.0,-1.7,-0.3,1.08,GOOD
1790983948126,344,2091.0,-91.17026515963528,80.0,173.5,98.0,-1.7,-0.3,1.08,GOOD
1790983948126,345,2081.0,-58.063415481925986,80.0,173.5,98.0,-1.7,-0.3,1.08,GOOD
1790983948126,346,2068.0,-60.23983583887514,79.0,173.5,98.0,-1.7,-0.3,1.08,GOOD
1790983948126,347,1919.0,-86.98959305018357,79.0,173.5,98.0,-1.7,-0.3,1.08,GOOD
1790983948126,348,1941.0,-122.49923954416388,78.0,173.5,98.0,-1.7,-0.3,1.08,GOOD
1790983948126,349,1931.0,-157.25069202132806,77.0,173.5,98.0,-1.7,-0.3,1.08,GOOD
1790983948126,350,1934.0,-189.08490508260454,74.0,173.5,98.0,-1.7,-0.3,1.08,GOOD
1790983948127,351,1916.0,-219.01511737166592,32000.0,173.5,98.0,-1.7,-0.3,1.08,GOOD
1790983948127,352,1954.0,-237.75314128880933,32000.0,173.5,98.0,-1.7,-0.3,1.08,GOOD
1790983948127,353,1974.0,-228.91912418613595,32000.0,173.5,98.0,-1.7,-0.3,1.08,GOOD
1790983948127,354,1985.0,-193.96670485665942,32000.0,173.5,98.0,-1.7,-0.3,1.08,GOOD
1790983948127,355,1757.0,-167.4106090599298,32000.0,173.5,98.0,-1.7,-0.3,1.08,GOOD
1790983948127,356,1764.0,-190.75866995657478,32000.0,173.5,98.0,-1.7,-0.3,1.08,GOOD
1790983948127,357,1768.0,-258.9818004459476,32000.0,173.5,98.0,-1.7,-0.3,1.08,GOOD
1790983948127,358,1781.0,-322.9598754445915,32000.0,173.5,98.0,-1.7,-0.3,1.08,GOOD
1790983948127,359,2018.0,-341.3005899920656,32000.0,173.5,98.0,-1.7,-0.3,1.08,GOOD
1790983948127,360,1965.0,-302.93671869455756,32000.0,173.5,98.0,-1.7,-0.3,1.08,GOOD
1790983948127,361,1945.0,-230.94836411702187,32000.0,173.5,98.0,-1.7,-0.3,1.08,GOOD
1790983948127,362,2022.0,-160.96813776912586,32000.0,173.5,98.0,-1.7,-0.3,1.08,GOOD
1790983948127,363,2035.0,-105.791109409716,32000.0,173.5,98.0,-1.7,-0.3,1.08,GOOD
1790983948127,364,2026.0,-67.2707040178467,32000.0,173.5,98.0,-1.7,-0.3,1.08,GOOD
1790983948127,365,2035.0,-53.09630060221841,32000.0,173.5,98.0,-1.7,-0.3,1.08,GOOD
1790983948127,366,1935.0,-63.02941402904476,32000.0,173.5,98.0,-1.7,-0.3,1.08,GOOD
1790983948127,367,1960.0,-84.66402774757674,32000.0,173.5,98.0,-1.7,-0.3,1.08,GOOD
1790983948127,368,1952.0,-103.52211500523046,32000.0,173.5,98.0,-1.7,-0.3,1.08,GOOD
1790983948127,369,1953.0,-115.2006247378753,32000.0,173.5,98.0,-1.7,-0.3,1.08,GOOD
1790983948127,370,1923.0,-127.3095998348063,32000.0,173.5,98.0,-1.7,-0.3,1.08,GOOD
1790983948127,371,1962.0,-141.38694306958286,32000.0,173.5,98.0,-1.7,-0.3,1.08,GOOD
1790983948127,372,1983.0,-143.43633159873593,32000.0,173.5,98.0,-1.7,-0.3,1.08,GOOD
1790983948127,373,1987.0,-124.0919029029342,32000.0,173.5,98.0,-1.7,-0.3,1.08,GOOD
1790983948127,374,1982.0,-96.44018493176291,32000.0,173.5,98.0,-1.7,-0.3,1.08,GOOD
1790983948127,375,1987.0,-80.55082748716117,32000.0,173.5,98.0,-1.7,-0.3,1.08,GOOD
1790983948206,376,1996.0,-78.8327385103586,32000.0,173.5,98.0,-1.7,-0.2,1.08,GOOD
1790983948206,377,2000.0,-77.75167971368941,32000.0,173.5,98.0,-1.7,-0.2,1.08,GOOD
1790983948206,378,1978.0,-69.75698068831441,32000.0,173.5,98.0,-1.7,-0.2,1.08,GOOD
1790983948206,379,1936.0,-64.5636255314796,32000.0,173.5,98.0,-1.7,-0.2,1.08,GOOD
1790983948206,380,1920.0,-75.50906811547031,32000.0,173.5,98.0,-1.7,-0.2,1.08,GOOD
1790983948206,381,2038.0,-95.4985746973208,32000.0,173.5,98.0,-1.7,-0.2,1.08,GOOD
1790983948206,382,2038.0,-98.09339119000498,32000.0,173.5,98.0,-1.7,-0.2,1.08,GOOD
1790983948206,383,2029.0,-72.5456776907163,32000.0,173.5,98.0,-1.7,-0.2,1.08,GOOD
1790983948206,384,2029.0,-37.62398103081444,32000.0,173.5,98.0,-1.7,-0.2,1.08,GOOD
1790983948206,385,2013.0,-14.742973007969187,32000.0,173.5,98.0,-1.7,-0.2,1.08,GOOD
1790983948206,386,2037.0,-8.444911353796744,32000.0,173.5,98.0,-1.7,-0.2,1.08,GOOD
1790983948206,387,2042.0,-10.548518856589702,32000.0,173.5,98.0,-1.7,-0.2,1.08,GOOD
1790983948206,388,2049.0,-11.995775108520625,32000.0,173.5,98.0,-1.7,-0.2,1.08,GOOD
1790983948206,389,1872.0,-16.429254028880205,32000.0,173.5,98.0,-1.7,-0.2,1.08,GOOD
1790983948206,390,1897.0,-38.77418438980997,32000.0,173.5,98.0,-1.7,-0.2,1.08,GOOD
1790983948206,391,1909.0,-78.98688940598237,32000.0,173.5,98.0,-1.7,-0.2,1.08,GOOD
1790983948206,392,1917.0,-116.75965993213208,32000.0,173.5,98.0,-1.7,-0.2,1.08,GOOD
1790983948206,393,1785.0,-142.79925401654066,32000.0,173.5,98.0,-1.7,-0.2,1.08,GOOD
1790983948206,394,1781.0,-167.7708063017546,32000.0,173.5,98.0,-1.7,-0.2,1.08,GOOD
1790983948206,395,1775.0,-196.2808269887384,32000.0,173.5,98.0,-1.7,-0.2,1.08,GOOD
1790983948206,396,1776.0,-219.7209336287491,32000.0,173.5,98.0,-1.7,-0.2,1.08,GOOD
1790983948206,397,2114.0,-221.16890230821554,32000.0,173.5,98.0,-1.7,-0.2,1.08,GOOD
1790983948206,398,2120.0,-173.83605542127944,32000.0,173.5,98.0,-1.7,-0.2,1.08,GOOD
1790983948206,399,2150.0,-73.12362067432315,32000.0,173.5,98.0,-1.7,-0.2,1.08,GOOD
1790983948206,400,2173.0,46.09428086338969,32000.0,173.5,98.0,-1.7,-0.2,1.08,GOOD
1790983948331,401,3033.0,177.1964043214156,32000.0,173.5,98.0,-1.6,-0.2,1.08,GOOD
1790983948331,402,3030.0,370.5719880429816,32000.0,173.5,98.0,-1.6,-0.2,1.08,GOOD
1790983948331,403,3045.0,626.075829783687,32000.0,173.5,98.0,-1.6,-0.2,1.08,GOOD
1790983948331,404,1880.0,813.4409695491865,32000.0,173.5,98.0,-1.6,-0.2,1.08,GOOD
1790983948331,405,1819.0,765.958026878296,32000.0,173.5,98.0,-1.6,-0.2,1.08,GOOD
1790983948331,406,1749.0,464.1628119249809,32000.0,173.5,98.0,-1.6,-0.2,1.08,GOOD
1790983948331,407,1658.0,55.911140776110166,32000.0,173.5,98.0,-1.6,-0.2,1.08,GOOD
1790983948331,408,1834.0,-293.2267724799583,32000.0,173.5,98.0,-1.6,-0.2,1.08,GOOD
1790983948331,409,1963.0,-465.26082484816357,32000.0,173.5,98.0,-1.6,-0.2,1.08,GOOD
1790983948331,410,2015.0,-412.586375128115,32000.0,173.5,98.0,-1.6,-0.2,1.08,GOOD
1790983948331,411,1981.0,-213.2665381909757,32000.0,173.5,98.0,-1.6,-0.2,1.08,GOOD
1790983948331,412,1657.0,-42.10511906064032,32000.0,173.5,98.0,-1.6,-0.2,1.08,GOOD
1790983948331,413,1684.0,-35.467275514513396,32000.0,173.5,98.0,-1.6,-0.2,1.08,GOOD
1790983948331,414,1741.0,-166.51276181710213,32000.0,173.5,98.0,-1.6,-0.2,1.08,GOOD
1790983948331,415,1749.0,-293.09179031051383,32000.0,173.5,98.0,-1.6,-0.2,1.08,GOOD
1790983948331,416,1848.0,-324.1425159397426,32000.0,173.5,98.0,-1.6,-0.2,1.08,GOOD
1790983948331,417,1794.0,-282.7329973208866,32000.0,173.5,98.0,-1.6,-0.2,1.08,GOOD
1790983948331,418,1825.0,-235.43380724665084,32000.0,173.5,98.0,-1.6,-0.2,1.08,GOOD
1790983948331,419,1887.0,-206.5740656300713,32000.0,173.5,98.0,-1.6,-0.2,1.08,GOOD
1790983948331,420,2143.0,-161.95948808571862,32000.0,173.5,98.0,-1.6,-0.2,1.08,GOOD
1790983948331,421,2075.0,-72.77071520055611,32000.0,173.5,98.0,-1.6,-0.2,1.08,GOOD
1790983948331,422,2026.0,25.070512416983618,32000.0,173.5,98.0,-1.6,-0.2,1.08,GOOD
1790983948331,423,2092.0,75.6825202468318,32000.0,173.5,98.0,-1.6,-0.2,1.08,GOOD
1790983948331,424,2174.0,85.75921526494793,32000.0,173.5,98.0,-1.6,-0.2,1.08,GOOD
1790983948331,425,2198.0,104.15901741700247,32000.0,173.5,98.0,-1.6,-0.2,1.08,GOOD
1790983948417,426,2147.0,143.70123582974935,32000.0,173.5,98.0,-1.6,-0.3,1.09,GOOD
1790983948417,427,1916.0,163.39296531269872,32000.0,173.5,98.0,-1.6,-0.3,1.09,GOOD
1790983948417,428,1966.0,124.02770646660133,32000.0,173.5,98.0,-1.6,-0.3,1.09,GOOD
1790983948417,429,2028.0,48.128435356428014,32000.0,173.5,98.0,-1.6,-0.3,1.09,GOOD
1790983948417,430,2035.0,-5.375685372401271,32000.0,173.5,98.0,-1.6,-0.3,1.09,GOOD
1790983948417,431,1981.0,-16.549679528699603,32000.0,173.5,98.0,-1.6,-0.3,1.09,GOOD
1790983948417,432,1982.0,-10.848074630601905,32000.0,173.5,98.0,-1.6,-0.3,1.09,GOOD
1790983948417,433,2009.0,-7.351227426684143,32000.0,173.5,98.0,-1.6,-0.3,1.09,GOOD
1790983948417,434,1984.0,-2.328974318734093,32000.0,173.5,98.0,-1.6,-0.3,1.09,GOOD
1790983948417,435,1971.0,4.434098808590211,32000.0,173.5,98.0,-1.6,-0.3,1.09,GOOD
1790983948417,436,1941.0,0.737497887088792,32000.0,173.5,98.0,-1.6,-0.3,1.09,GOOD
1790983948417,437,1923.0,-19.13208526470718,32000.0,173.5,98.0,-1.6,-0.3,1.09,GOOD
1790983948417,438,2329.0,-28.43331088800158,32000.0,173.5,98.0,-1.6,-0.3,1.09,GOOD
1790983948417,439,2344.0,24.009402519012987,32000.0,173.5,98.0,-1.6,-0.3,1.09,GOOD
1790983948417,440,2331.0,142.9984567525878,32000.0,173.5,98.0,-1.6,-0.3,1.09,GOOD
1790983948417,441,2378.0,269.2156730187405,32000.0,173.5,98.0,-1.6,-0.3,1.09,GOOD
1790983948417,442,2355.0,353.608427191436,32000.0,173.5,98.0,-1.6,-0.3,1.09,GOOD
1790983948417,443,2373.0,389.5186588561689,32000.0,173.5,98.0,-1.6,-0.3,1.09,GOOD
1790983948417,444,2391.0,389.32648053093453,32000.0,173.5,98.0,-1.6,-0.3,1.09,GOOD
1790983948417,445,2325.0,367.74772498475284,32000.0,173.5,98.0,-1.6,-0.3,1.09,GOOD
1790983948417,446,2318.0,336.482868229984,32000.0,173.5,98.0,-1.6,-0.3,1.09,GOOD
1790983948417,447,2309.0,307.68895810849733,32000.0,173.5,98.0,-1.6,-0.3,1.09,GOOD
1790983948417,448,2332.0,291.3335463971603,32000.0,173.5,98.0,-1.6,-0.3,1.09,GOOD
1790983948417,449,2188.0,279.6313249473111,32000.0,173.5,98.0,-1.6,-0.3,1.09,GOOD
1790983948417,450,2226.0,251.65486201469741,32000.0,173.5,98.0,-1.6,-0.3,1.09,GOOD
1790983948529,451,2162.0,205.1556541704976,32000.0,173.5,98.0,-1.6,-0.3,1.08,GOOD
1790983948529,452,2204.0,161.71582736497197,32000.0,173.5,98.0,-1.6,-0.3,1.08,GOOD
1790983948529,453,2068.0,133.60536836549284,32000.0,173.5,98.0,-1.6,-0.3,1.08,GOOD
1790983948529,454,2074.0,107.06905174188971,32000.0,173.5,98.0,-1.6,-0.3,1.08,GOOD
1790983948529,455,2072.0,68.70431092122595,32000.0,173.5,98.0,-1.6,-0.3,1.08,GOOD
1790983948529,456,2018.0,27.071730283494258,32000.0,173.5,98.0,-1.6,-0.3,1.08,GOOD
1790983948529,457,1889.0,-9.367414873378502,32000.0,173.5,98.0,-1.6,-0.3,1.08,GOOD
1790983948529,458,1866.0,-49.440538771483695,32000.0,173.5,98.0,-1.6,-0.3,1.08,GOOD
1790983948529,459,1876.0,-99.70803597077342,32000.0,173.5,98.0,-1.6,-0.3,1.08,GOOD
1790983948529,460,1861.0,-150.51128914041936,32000.0,173.5,98.0,-1.6,-0.3,1.08,GOOD
1790983948529,461,2148.0,-175.8367138764997,32000.0,173.5,98.0,-1.6,-0.3,1.08,GOOD
1790983948529,462,2122.0,-142.56101945500427,32000.0,173.5,98.0,-1.6,-0.3,1.08,GOOD
1790983948529,463,2134.0,-52.547688718197584,32000.0,173.5,98.0,-1.6,-0.3,1.08,GOOD
1790983948529,464,2015.0,41.04896014777278,32000.0,173.5,98.0,-1.6,-0.3,1.08,GOOD
1790983948529,465,2208.0,90.58719732526562,32000.0,173.5,98.0,-1.6,-0.3,1.08,GOOD
1790983948529,466,2015.0,95.00889984729183,32000.0,173.5,98.0,-1.6,-0.3,1.08,GOOD
1790983948529,467,1997.0,69.09729575414592,32000.0,173.5,98.0,-1.6,-0.3,1.08,GOOD
1790983948529,468,1899.0,20.109049197995358,32000.0,173.5,98.0,-1.6,-0.3,1.08,GOOD
1790983948529,469,1951.0,-37.782266289817684,32000.0,173.5,98.0,-1.6,-0.3,1.08,GOOD
1790983948529,470,1960.0,-84.1069039554476,32000.0,173.5,98.0,-1.6,-0.3,1.08,GOOD
1790983948529,471,1932.0,-108.67077927897041,32000.0,173.5,98.0,-1.6,-0.3,1.08,GOOD
1790983948529,472,1745.0,-123.31691125527905,32000.0,173.5,98.0,-1.6,-0.3,1.08,GOOD
1790983948529,473,1766.0,-150.12965484439727,32000.0,173.5,98.0,-1.6,-0.3,1.08,GOOD
1790983948529,474,1804.0,-190.05061877675166,32000.0,173.5,98.0,-1.6,-0.3,1.08,GOOD
1790983948529,475,1799.0,-224.2808075777166,32000.0,173.5,98.0,-1.6,-0.3,1.08,GOOD
1790983948612,476,1741.0,-245.6352552552558,32000.0,173.5,98.0,-1.6,-0.3,1.08,GOOD
1790983948612,477,1734.0,-260.098735045706,32000.0,173.5,98.0,-1.6,-0.3,1.08,GOOD
1790983948612,478,1761.0,-266.0436469690993,32000.0,173.5,98.0,-1.6,-0.3,1.08,GOOD
1790983948612,479,1791.0,-256.920428113659,32000.0,173.5,98.0,-1.6,-0.3,1.08,GOOD
1790983948612,480,2021.0,-229.25938971548558,32000.0,173.5,98.0,-1.6,-0.3,1.08,GOOD
1790983948612,481,1957.0,-179.24453173221548,32000.0,173.5,98.0,-1.6,-0.3,1.08,GOOD
1790983948612,482,1946.0,-114.71185763719889,32000.0,173.5,98.0,-1.6,-0.3,1.08,GOOD
1790983948612,483,2114.0,-49.59369298593408,32000.0,173.5,98.0,-1.6,-0.3,1.08,GOOD
1790983948612,484,2117.0,16.50120264648939,32000.0,173.5,98.0,-1.6,-0.3,1.08,GOOD
1790983948612,485,2089.0,75.77819355949856,32000.0,173.5,98.0,-1.6,-0.3,1.08,GOOD
1790983948612,486,2051.0,103.74994511858795,32000.0,173.5,98.0,-1.6,-0.3,1.08,GOOD
1790983948612,487,1949.0,92.34584507802633,32000.0,173.5,98.0,-1.6,-0.3,1.08,GOOD
1790983948612,488,1995.0,58.615569093347005,32000.0,173.5,98.0,-1.6,-0.3,1.08,GOOD
1790983948612,489,2013.0,25.83328038130102,32000.0,173.5,98.0,-1.6,-0.3,1.08,GOOD
1790983948612,490,2019.0,4.873302157779353,32000.0,173.5,98.0,-1.6,-0.3,1.08,GOOD
1790983948612,491,1777.0,-15.948190922826203,32000.0,173.5,98.0,-1.6,-0.3,1.08,GOOD
1790983948612,492,1792.0,-55.95751586108427,32000.0,173.5,98.0,-1.6,-0.3,1.08,GOOD
1790983948612,493,1809.0,-109.37875108559378,32000.0,173.5,98.0,-1.6,-0.3,1.08,GOOD
1790983948612,494,1836.0,-151.38170753995394,32000.0,173.5,98.0,-1.6,-0.3,1.08,GOOD
1790983948612,495,1808.0,-174.95795265130198,32000.0,173.5,98.0,-1.6,-0.3,1.08,GOOD
1790983948612,496,1796.0,-188.83680843017697,32000.0,173.5,98.0,-1.6,-0.3,1.08,GOOD
1790983948612,497,1810.0,-191.66035902554384,32000.0,173.5,98.0,-1.6,-0.3,1.08,GOOD
1790983948612,498,2073.0,-165.93834037389783,32000.0,173.5,98.0,-1.6,-0.3,1.08,GOOD
1790983948612,499,2018.0,-100.64607367679773,32000.0,173.5,98.0,-1.6,-0.3,1.08,GOOD
1790983948612,500,1961.0,-24.084671921448436,32000.0,173.5,98.0,-1.6,-0.3,1.08,GOOD
1790983948811,501,1923.0,18.601428081042926,32000.0,173.5,98.0,-1.7,-0.3,1.08,GOOD
1790983948811,502,2077.0,26.406399491840503,32000.0,173.5,98.0,-1.7,-0.3,1.08,GOOD
1790983948811,503,2053.0,35.684792386431006,32000.0,173.5,98.0,-1.7,-0.3,1.08,GOOD
1790983948811,504,2040.0,57.444659834145405,32000.0,173.5,98.0,-1.7,-0.3,1.08,GOOD
1790983948811,505,2025.0,69.74544887536928,32000.0,173.5,98.0,-1.7,-0.3,1.08,GOOD
1790983948811,506,1978.0,63.09240516225697,32000.0,173.5,98.0,-1.7,-0.3,1.08,GOOD
1790983948811,507,1985.0,50.57202639527258,32000.0,173.5,98.0,-1.7,-0.3,1.08,GOOD
1790983948811,508,2006.0,43.070057648429554,32000.0,173.5,98.0,-1.7,-0.3,1.08,GOOD
1790983948811,509,2016.0,37.74781197804857,32000.0,173.5,98.0,-1.7,-0.3,1.08,GOOD
1790983948811,510,1966.0,27.162524632964935,32000.0,173.5,98.0,-1.7,-0.3,1.08,GOOD
1790983948811,511,1987.0,13.968875800683747,32000.0,173.5,98.0,-1.7,-0.3,1.08,GOOD
1790983948811,512,1990.0,11.139835250105834,32000.0,173.5,98.0,-1.7,-0.3,1.08,GOOD
1790983948811,513,2011.0,22.72355846279109,32000.0,173.5,98.0,-1.7,-0.3,1.08,GOOD
1790983948811,514,1833.0,27.99546207501403,32000.0,173.5,98.0,-1.7,-0.3,1.08,GOOD
1790983948811,515,1841.0,-0.48401829743326896,32000.0,173.5,98.0,-1.7,-0.3,1.08,GOOD
1790983948811,516,1843.0,-56.192993085569285,32000.0,173.5,98.0,-1.7,-0.3,1.08,GOOD
1790983948811,517,1866.0,-101.77075775548253,32000.0,173.5,98.0,-1.7,-0.3,1.08,GOOD
1790983948811,518,1833.0,-118.10703656851615,32000.0,173.5,98.0,-1.7,-0.3,1.08,GOOD
1790983948811,519,1833.0,-119.52285091720651,32000.0,173.5,98.0,-1.7,-0.3,1.08,GOOD
1790983948811,520,1822.0,-122.45406223835847,32000.0,173.5,98.0,-1.7,-0.3,1.08,GOOD
1790983948811,521,2079.0,-115.2355148707167,32000.0,173.5,98.0,-1.7,-0.3,1.08,GOOD
1790983948811,522,2052.0,-69.81580611741815,32000.0,173.5,98.0,-1.7,-0.3,1.08,GOOD
1790983948811,523,2046.0,8.196520850799507,32000.0,173.5,98.0,-1.7,-0.3,1.08,GOOD
1790983948811,524,2133.0,80.17187858918382,32000.0,173.5,98.0,-1.7,-0.3,1.08,GOOD
1790983948811,525,2156.0,129.7125505710841,32000.0,173.5,98.0,-1.7,-0.3,1.08,GOOD
1790983948908,526,2143.0,166.27931133631355,32000.0,167.6,98.0,-1.7,-0.3,1.07,GOOD
1790983948908,527,2122.0,190.94625002388602,32000.0,167.6,98.0,-1.7,-0.3,1.07,GOOD
1790983948908,528,1951.0,188.9740741491021,32000.0,167.6,98.0,-1.7,-0.3,1.07,GOOD
1790983948908,529,1988.0,148.47959644772416,32000.0,167.6,98.0,-1.7,-0.3,1.07,GOOD
1790983948908,530,2000.0,86.39881829579463,32000.0,167.6,98.0,-1.7,-0.3,1.07,GOOD
1790983948908,531,2001.0,37.894727808756016,32000.0,167.6,98.0,-1.7,-0.3,1.07,GOOD
1790983948908,532,1770.0,9.258567383793675,32000.0,167.6,98.0,-1.7,-0.3,1.07,GOOD
1790983948908,533,1792.0,-27.407777964726066,32000.0,167.6,98.0,-1.7,-0.3,1.07,GOOD
1790983948908,534,1813.0,-81.99056918561261,32000.0,167.6,98.0,-1.7,-0.3,1.07,GOOD
1790983948908,535,1815.0,-130.17368189260253,32000.0,167.6,98.0,-1.7,-0.3,1.07,GOOD
1790983948908,536,1942.0,-148.73603283925377,32000.0,167.6,98.0,-1.7,-0.3,1.07,GOOD
1790983948908,537,1910.0,-131.46694071557678,32000.0,167.6,98.0,-1.7,-0.3,1.07,GOOD
1790983948908,538,1910.0,-89.47602587116612,32000.0,167.6,98.0,-1.7,-0.3,1.07,GOOD
1790983948908,539,1907.0,-45.28334837988411,32000.0,167.6,98.0,-1.7,-0.3,1.07,GOOD
1790983948908,540,1989.0,-13.141080960187638,32000.0,167.6,98.0,-1.7,-0.3,1.07,GOOD
1790983948908,541,1951.0,5.820987842445591,32000.0,167.6,98.0,-1.7,-0.3,1.07,GOOD
1790983948908,542,1930.0,11.691294203124066,32000.0,167.6,98.0,-1.7,-0.3,1.07,GOOD
1790983948908,543,2111.0,13.483979058028021,32000.0,167.6,98.0,-1.7,-0.3,1.07,GOOD
1790983948908,544,2146.0,38.465341479946886,32000.0,167.6,98.0,-1.7,-0.3,1.07,GOOD
1790983948908,545,2153.0,97.49336238639056,32000.0,167.6,98.0,-1.7,-0.3,1.07,GOOD
1790983948908,546,2150.0,163.1163824966938,32000.0,167.6,98.0,-1.7,-0.3,1.07,GOOD
1790983948908,547,2091.0,202.24657469576303,32000.0,167.6,98.0,-1.7,-0.3,1.07,GOOD
1790983948908,548,2148.0,207.3534114696708,32000.0,167.6,98.0,-1.7,-0.3,1.07,GOOD
1790983948908,549,2169.0,196.71440962827964,32000.0,167.6,98.0,-1.7,-0.3,1.07,GOOD
1790983948908,550,2185.0,191.39038449473082,32000.0,167.6,98.0,-1.7,-0.3,1.07,GOOD
1790983949014,551,2499.0,208.21577733506052,32000.0,167.6,98.0,-1.7,-0.3,1.08,GOOD
1790983949014,552,2512.0,269.87600211129234,32000.0,167.6,98.0,-1.7,-0.3,1.08,GOOD
1790983949014,553,2535.0,376.1052987045667,32000.0,167.6,98.0,-1.7,-0.3,1.08,GOOD
1790983949014,554,2549.0,487.48071817570303,32000.0,167.6,98.0,-1.7,-0.3,1.08,GOOD
1790983949014,555,1748.0,532.4450149919018,32000.0,167.6,98.0,-1.7,-0.3,1.08,GOOD
1790983949014,556,1704.0,424.0863824423538,32000.0,167.6,98.0,-1.7,-0.3,1.08,GOOD
1790983949014,557,1658.0,162.06227051195046,32000.0,167.6,98.0,-1.7,-0.3,1.08,GOOD
1790983949014,558,1645.0,-133.15496653161898,32000.0,167.6,98.0,-1.7,-0.3,1.08,GOOD
1790983949014,559,1911.0,-332.6584638438927,32000.0,167.6,98.0,-1.7,-0.3,1.08,GOOD
1790983949014,560,1914.0,-373.44074252231485,32000.0,167.6,98.0,-1.7,-0.3,1.08,GOOD
1790983949014,561,1915.0,-277.28966876848415,32000.0,167.6,98.0,-1.7,-0.3,1.08,GOOD
1790983949014,562,1902.0,-134.12095047048604,32000.0,167.6,98.0,-1.7,-0.3,1.08,GOOD
1790983949014,563,2234.0,-18.947475004312896,32000.0,167.6,98.0,-1.7,-0.3,1.08,GOOD
1790983949014,564,2224.0,62.92815022797983,32000.0,167.6,98.0,-1.7,-0.3,1.08,GOOD
1790983949014,565,2237.0,133.89865206514125,32000.0,167.6,98.0,-1.7,-0.3,1.08,GOOD
1790983949014,566,2221.0,198.23889074353832,32000.0,167.6,98.0,-1.7,-0.3,1.08,GOOD
1790983949014,567,2128.0,245.41988453819255,32000.0,167.6,98.0,-1.7,-0.3,1.08,GOOD
1790983949014,568,2054.0,253.247188421399,32000.0,167.6,98.0,-1.7,-0.3,1.08,GOOD
1790983949014,569,2063.0,205.7587880626949,32000.0,167.6,98.0,-1.7,-0.3,1.08,GOOD
1790983949014,570,2078.0,125.62024079973145,32000.0,167.6,98.0,-1.7,-0.3,1.08,GOOD
1790983949014,571,1894.0,55.48977763051512,32000.0,167.6,98.0,-1.7,-0.3,1.08,GOOD
1790983949014,572,1920.0,10.583827888919586,32000.0,167.6,98.0,-1.7,-0.3,1.08,GOOD
1790983949014,573,1920.0,-20.020429886785266,32000.0,167.6,98.0,-1.7,-0.3,1.08,GOOD
1790983949014,574,1954.0,-45.993002755803694,32000.0,167.6,98.0,-1.7,-0.3,1.08,GOOD
1790983949014,575,1911.0,-68.55912157909782,32000.0,167.6,98.0,-1.7,-0.3,1.08,GOOD
1790983949099,576,1926.0,-81.03680910607011,32000.0,167.6,98.0,-1.6,-0.3,1.08,GOOD
1790983949099,577,1921.0,-75.31235142842384,32000.0,167.6,98.0,-1.6,-0.3,1.08,GOOD
1790983949099,578,1902.0,-57.81098450497909,32000.0,167.6,98.0,-1.6,-0.3,1.08,GOOD
1790983949099,579,1891.0,-50.663860551677935,32000.0,167.6,98.0,-1.6,-0.3,1.08,GOOD
1790983949099,580,1894.0,-65.81964695457343,32000.0,167.6,98.0,-1.6,-0.3,1.08,GOOD
1790983949099,581,1907.0,-87.72235047567008,32000.0,167.6,98.0,-1.6,-0.3,1.08,GOOD
1790983949099,582,1905.0,-92.86586186694767,32000.0,167.6,98.0,-1.6,-0.3,1.08,GOOD
1790983949099,583,2191.0,-67.82608298622917,32000.0,167.6,98.0,-1.6,-0.3,1.08,GOOD
1790983949099,584,2158.0,-7.5719184983394605,32000.0,167.6,98.0,-1.6,-0.3,1.08,GOOD
1790983949099,585,2168.0,72.84881120605118,32000.0,167.6,98.0,-1.6,-0.3,1.08,GOOD
1790983949099,586,2173.0,144.65147830807416,32000.0,167.6,98.0,-1.6,-0.3,1.08,GOOD
1790983949099,587,2237.0,196.81645449066673,32000.0,167.6,98.0,-1.6,-0.3,1.08,GOOD
1790983949099,588,2227.0,231.8212075828145,32000.0,167.6,98.0,-1.6,-0.3,1.08,GOOD
1790983949099,589,2252.0,246.302678067111,32000.0,167.6,98.0,-1.6,-0.3,1.08,GOOD
1790983949099,590,2255.0,241.54010084536026,32000.0,167.6,98.0,-1.6,-0.3,1.08,GOOD
1790983949099,591,2300.0,236.36402602597192,32000.0,167.6,98.0,-1.6,-0.3,1.08,GOOD
1790983949099,592,2294.0,249.863732070565,32000.0,167.6,98.0,-1.6,-0.3,1.08,GOOD
1790983949099,593,2274.0,275.4341935096361,32000.0,167.6,98.0,-1.6,-0.3,1.08,GOOD
1790983949099,594,2087.0,280.3089214628116,32000.0,167.6,98.0,-1.6,-0.3,1.08,GOOD
1790983949099,595,2132.0,239.0699283477114,32000.0,167.6,98.0,-1.6,-0.3,1.08,GOOD
1790983949099,596,2160.0,171.3934415355464,32000.0,167.6,98.0,-1.6,-0.3,1.08,GOOD
1790983949099,597,2089.0,119.54538507103264,32000.0,167.6,98.0,-1.6,-0.3,1.08,GOOD
1790983949099,598,2071.0,93.00958420720987,32000.0,167.6,98.0,-1.6,-0.3,1.08,GOOD
1790983949099,599,2090.0,74.50542512075904,32000.0,167.6,98.0,-1.6,-0.3,1.08,GOOD
1790983949099,600,2135.0,60.237140920393934,32000.0,167.6,98.0,-1.6,-0.3,1.08,GOOD
1790983949340,601,2385.0,70.76268234264482,-24.0,167.6,98.0,-1.6,-0.3,1.08,GOOD
1790983949340,602,2335.0,127.22423553828621,-25.0,167.6,98.0,-1.6,-0.3,1.08,GOOD
1790983949340,603,2289.0,210.9318400676211,-25.0,167.6,98.0,-1.6,-0.3,1.08,GOOD
1790983949340,604,2261.0,272.65228789353876,-26.0,167.6,98.0,-1.6,-0.3,1.08,GOOD
1790983949340,605,2337.0,290.1130151858005,-26.0,167.6,98.0,-1.6,-0.3,1.08,GOOD
1790983949340,606,2363.0,282.4405416532649,-27.0,167.6,98.0,-1.6,-0.3,1.08,GOOD
1790983949340,607,2354.0,273.83311931844355,-28.0,167.6,98.0,-1.6,-0.3,1.08,GOOD
1790983949340,608,2001.0,257.54419515836173,-32.0,167.6,98.0,-1.6,-0.3,1.08,GOOD
1790983949340,609,2025.0,203.24229748692073,-32.0,167.6,98.0,-1.6,-0.3,1.08,GOOD
1790983949340,610,2040.0,111.21053857396703,-31.0,167.6,98.0,-1.6,-0.3,1.08,GOOD
1790983949340,611,2024.0,19.674083056437098,-31.0,167.6,98.0,-1.6,-0.3,1.08,GOOD
1790983949340,612,1854.0,-51.93952869565261,-32.0,167.6,98.0,-1.6,-0.3,1.08,GOOD
1790983949340,613,1865.0,-112.78907877543402,-33.0,167.6,98.0,-1.6,-0.3,1.08,GOOD
1790983949340,614,1883.0,-159.86325487207446,-33.0,167.6,98.0,-1.6,-0.3,1.08,GOOD
1790983949340,615,1753.0,-184.19734000599655,-34.0,167.6,98.0,-1.6,-0.3,1.08,GOOD
1790983949340,616,1734.0,-205.88238160810675,-35.0,167.6,98.0,-1.6,-0.3,1.08,GOOD
1790983949340,617,1733.0,-248.6233966847152,-36.0,167.6,98.0,-1.6,-0.3,1.08,GOOD
1790983949340,618,1734.0,-299.0096056463076,-37.0,167.6,98.0,-1.6,-0.3,1.08,GOOD
1790983949340,619,2081.0,-312.23931335639907,-38.0,167.6,98.0,-1.6,-0.3,1.08,GOOD
1790983949340,620,2045.0,-250.2068020528418,-41.0,167.6,98.0,-1.6,-0.3,1.08,GOOD
1790983949340,621,2024.0,-135.01804643658187,-43.0,167.6,98.0,-1.6,-0.3,1.08,GOOD
1790983949340,622,2010.0,-35.396580856744066,-45.0,167.6,98.0,-1.6,-0.3,1.08,GOOD
1790983949340,623,2118.0,15.558440712986478,-47.0,167.6,98.0,-1.6,-0.3,1.08,GOOD
1790983949340,624,2109.0,38.97277453390499,-51.0,167.6,98.0,-1.6,-0.3,1.08,GOOD
1790983949340,625,2105.0,56.04835254757511,-53.0,167.6,98.0,-1.6,-0.3,1.08,GOOD
1790983949340,626,2115.0,64.54571695449621,32000.0,167.6,98.0,-1.6,-0.3,1.08,GOOD
1790983949340,627,1905.0,55.067317050128246,32000.0,167.6,98.0,-1.6,-0.3,1.08,GOOD
1790983949340,628,1922.0,20.43847983014752,32000.0,167.6,98.0,-1.6,-0.3,1.08,GOOD
1790983949340,629,1923.0,-32.33898955048685,32000.0,167.6,98.0,-1.6,-0.3,1.08,GOOD
1790983949340,630,1938.0,-82.80666621848899,32000.0,167.6,98.0,-1.6,-0.3,1.08,GOOD
1790983949340,631,1820.0,-122.41988310434232,32000.0,167.6,98.0,-1.6,-0.3,1.08,GOOD
1790983949340,632,1839.0,-156.02068973709555,32000.0,167.6,98.0,-1.6,-0.3,1.08,GOOD
1790983949340,633,1839.0,-179.8311801874964,32000.0,167.6,98.0,-1.6,-0.3,1.08,GOOD
1790983949340,634,1879.0,-184.47084160422799,32000.0,167.6,98.0,-1.6,-0.3,1.08,GOOD
1790983949340,635,1862.0,-175.43921449113967,32000.0,167.6,98.0,-1.6,-0.3,1.08,GOOD
1790983949340,636,1865.0,-168.38726288500402,32000.0,167.6,98.0,-1.6,-0.3,1.08,GOOD
1790983949340,637,1869.0,-166.78148278968786,32000.0,167.6,98.0,-1.6,-0.3,1.08,GOOD
1790983949340,638,2036.0,-153.64308729058462,32000.0,167.6,98.0,-1.6,-0.3,1.08,GOOD
1790983949340,639,1995.0,-112.60449167602594,32000.0,167.6,98.0,-1.6,-0.3,1.08,GOOD
1790983949340,640,1988.0,-58.73670344207267,32000.0,167.6,98.0,-1.6,-0.3,1.08,GOOD
1790983949340,641,1993.0,-23.54182452021931,32000.0,167.6,98.0,-1.6,-0.3,1.08,GOOD
1790983949340,642,2113.0,-8.631958054116131,32000.0,167.6,98.0,-1.6,-0.3,1.08,GOOD
1790983949340,643,2097.0,11.838172349619803,32000.0,167.6,98.0,-1.6,-0.3,1.08,GOOD
1790983949340,644,2074.0,45.03427744251516,32000.0,167.6,98.0,-1.6,-0.3,1.08,GOOD
1790983949340,645,2076.0,70.18795242733337,32000.0,167.6,98.0,-1.6,-0.3,1.08,GOOD
1790983949340,646,2015.0,71.71750783447581,32000.0,167.6,98.0,-1.6,-0.3,1.08,GOOD
1790983949340,647,2043.0,54.63941167661355,32000.0,167.6,98.0,-1.6,-0.3,1.08,GOOD
1790983949340,648,2036.0,34.319923292978864,32000.0,167.6,98.0,-1.6,-0.3,1.08,GOOD
1790983949340,649,2036.0,20.799744346281322,32000.0,167.6,98.0,-1.6,-0.3,1.08,GOOD
1790983949340,650,1789.0,3.2430461030151765,32000.0,167.6,98.0,-1.6,-0.3,1.08,GOOD
1790983949340,651,1804.0,-41.66322120220214,32000.0,167.6,98.0,-1.6,-0.3,1.08,GOOD
1790983949340,652,1818.0,-111.08896186874352,32000.0,167.6,98.0,-1.6,-0.3,1.08,GOOD
1790983949340,653,1821.0,-172.8720770524372,32000.0,167.6,98.0,-1.6,-0.3,1.08,GOOD
1790983949340,654,1779.0,-208.47746462395372,32000.0,167.6,98.0,-1.6,-0.3,1.08,GOOD
1790983949340,655,1795.0,-223.41510780707046,32000.0,167.6,98.0,-1.6,-0.3,1.08,GOOD
1790983949340,656,1808.0,-223.03583106131236,32000.0,167.6,98.0,-1.6,-0.3,1.08,GOOD
1790983949340,657,2161.0,-194.5845506123237,32000.0,167.6,98.0,-1.6,-0.3,1.08,GOOD
1790983949340,658,2117.0,-118.36653516673475,32000.0,167.6,98.0,-1.6,-0.3,1.08,GOOD
1790983949340,659,2103.0,-11.039726854074555,32000.0,167.6,98.0,-1.6,-0.3,1.08,GOOD
1790983949340,660,2112.0,79.85347002672329,32000.0,167.6,98.0,-1.6,-0.3,1.08,GOOD
1790983949340,661,2185.0,134.1488312744731,32000.0,167.6,98.0,-1.6,-0.3,1.08,GOOD
1790983949340,662,2171.0,163.35401145074155,32000.0,167.6,98.0,-1.6,-0.3,1.08,GOOD
1790983949340,663,2150.0,173.07998356950623,32000.0,167.6,98.0,-1.6,-0.3,1.08,GOOD
1790983949340,664,2152.0,161.94931177736402,32000.0,167.6,98.0,-1.6,-0.3,1.08,GOOD
1790983949340,665,1859.0,131.39097273153928,32000.0,167.6,98.0,-1.6,-0.3,1.08,GOOD
1790983949340,666,1904.0,76.9365005994651,32000.0,167.6,98.0,-1.6,-0.3,1.08,GOOD
1790983949340,667,1900.0,2.6707896153180624,32000.0,167.6,98.0,-1.6,-0.3,1.08,GOOD
1790983949340,668,1879.0,-71.03024652001234,32000.0,167.6,98.0,-1.6,-0.3,1.08,GOOD
1790983949340,669,1910.0,-126.76760044679173,32000.0,167.6,98.0,-1.6,-0.3,1.08,GOOD
1790983949340,670,1974.0,-147.48927236110114,32000.0,167.6,98.0,-1.6,-0.3,1.08,GOOD
1790983949340,671,2003.0,-119.53314375850758,32000.0,167.6,98.0,-1.6,-0.3,1.08,GOOD
1790983949340,672,1960.0,-60.26042911730827,32000.0,167.6,98.0,-1.6,-0.3,1.08,GOOD
1790983949340,673,1674.0,-25.655931922479056,32000.0,167.6,98.0,-1.6,-0.3,1.08,GOOD
1790983949340,674,1662.0,-67.83323201169412,32000.0,167.6,98.0,-1.6,-0.3,1.08,GOOD
1790983949340,675,1678.0,-172.76902824908095,32000.0,167.6,98.0,-1.6,-0.3,1.08,GOOD
1790983949570,676,1674.0,-273.3524386547555,32000.0,176.5,98.0,-1.7,-0.3,1.08,GOOD
1790983949570,677,3196.0,-266.99174243173354,32000.0,176.5,98.0,-1.7,-0.3,1.08,GOOD
1790983949570,678,3188.0,-26.18295472702866,32000.0,176.5,98.0,-1.7,-0.3,1.08,GOOD
1790983949570,679,3246.0,437.148552371848,32000.0,176.5,98.0,-1.7,-0.3,1.08,GOOD
1790983949570,680,3323.0,928.1217007173185,32000.0,176.5,98.0,-1.7,-0.3,1.08,GOOD
1790983949570,681,2038.0,1225.5356625736686,32000.0,176.5,98.0,-1.7,-0.3,1.08,GOOD
1790983949570,682,1927.0,1156.7238026446335,32000.0,176.5,98.0,-1.7,-0.3,1.08,GOOD
1790983949570,683,1825.0,723.0843582737509,32000.0,176.5,98.0,-1.7,-0.3,1.08,GOOD
1790983949570,684,1801.0,159.3516114538413,32000.0,176.5,98.0,-1.7,-0.3,1.08,GOOD
1790983949570,685,2246.0,-250.3035659861436,32000.0,176.5,98.0,-1.7,-0.3,1.08,GOOD
1790983949570,686,2306.0,-343.4970320507679,32000.0,176.5,98.0,-1.7,-0.3,1.08,GOOD
1790983949570,687,2283.0,-159.00320447553761,32000.0,176.5,98.0,-1.7,-0.3,1.08,GOOD
1790983949570,688,3937.0,170.79839614018945,32000.0,176.5,98.0,-1.7,-0.3,1.08,GOOD
1790983949570,689,4095.0,620.2715668969406,32000.0,176.5,98.0,-1.7,-0.3,1.08,GOOD
1790983949570,690,4095.0,1170.1039155617107,32000.0,176.5,98.0,-1.7,-0.3,1.08,GOOD
1790983949570,691,4095.0,1675.162337105182,32000.0,176.5,98.0,-1.7,-0.3,1.08,GOOD
1790983949570,692,1401.0,1895.7055360669265,32000.0,176.5,98.0,-1.7,-0.3,1.08,GOOD
1790983949570,693,1117.0,1549.7022483762953,32000.0,176.5,98.0,-1.7,-0.3,1.08,GOOD
1790983949570,694,936.0,625.2073203436569,32000.0,176.5,98.0,-1.7,-0.3,1.08,GOOD
1790983949570,695,898.0,-469.1959335136902,32000.0,176.5,98.0,-1.7,-0.3,1.08,GOOD
1790983949570,696,2100.0,-1232.0854000646686,32000.0,176.5,98.0,-1.7,-0.3,1.08,GOOD
1790983949570,697,2121.0,-1361.085675621026,32000.0,176.5,98.0,-1.7,-0.3,1.08,GOOD
1790983949570,698,2079.0,-924.6372880928102,32000.0,176.5,98.0,-1.7,-0.3,1.08,GOOD
1790983949570,699,2016.0,-319.81661496626634,32000.0,176.5,98.0,-1.7,-0.3,1.08,GOOD
1790983949570,700,2449.0,91.77612511906318,32000.0,176.5,98.0,-1.7,-0.3,1.08,GOOD
1790983949646,701,2491.0,238.2699740533132,32000.0,176.5,98.0,-1.7,-0.3,1.07,LEAD_OFF
1790983949646,702,2543.0,250.69657074468014,32000.0,176.5,98.0,-1.7,-0.3,1.07,LEAD_OFF
1790983949646,703,2529.0,266.39892433471925,32000.0,176.5,98.0,-1.7,-0.3,1.07,LEAD_OFF
1790983949646,704,1910.0,305.2453293083614,32000.0,176.5,98.0,-1.7,-0.3,1.07,LEAD_OFF
1790983949646,705,1843.0,265.86946606553795,32000.0,176.5,98.0,-1.7,-0.3,1.07,LEAD_OFF
1790983949646,706,1824.0,80.09104946876157,32000.0,176.5,98.0,-1.7,-0.3,1.07,LEAD_OFF
1790983949646,707,1821.0,-174.11426923981276,32000.0,176.5,98.0,-1.7,-0.3,1.07,LEAD_OFF
1790983949646,708,1866.0,-359.9268030335244,32000.0,176.5,98.0,-1.7,-0.3,1.07,LEAD_OFF
1790983949646,709,1911.0,-405.75401887000226,32000.0,176.5,98.0,-1.7,-0.3,1.07,LEAD_OFF
1790983949646,710,1957.0,-340.86049915105764,32000.0,176.5,98.0,-1.7,-0.3,1.07,LEAD_OFF
1790983949646,711,2856.0,-214.9120916914214,32000.0,176.5,98.0,-1.7,-0.3,1.07,LEAD_OFF
1790983949646,712,2878.0,-10.52883726755816,32000.0,176.5,98.0,-1.7,-0.3,1.07,LEAD_OFF
1790983949646,713,2899.0,277.81180913563554,32000.0,176.5,98.0,-1.7,-0.3,1.07,LEAD_OFF
1790983949646,714,2878.0,568.8077576532942,32000.0,176.5,98.0,-1.7,-0.3,1.07,LEAD_OFF
1790983949646,715,1661.0,720.3861836519709,32000.0,176.5,98.0,-1.7,-0.3,1.07,LEAD_OFF
1790983949646,716,1631.0,580.5448813258984,32000.0,176.5,98.0,-1.7,-0.3,1.07,LEAD_OFF
1790983949646,717,1585.0,156.39017652913384,32000.0,176.5,98.0,-1.7,-0.3,1.07,LEAD_OFF
1790983949646,718,1543.0,-331.90939057744026,32000.0,176.5,98.0,-1.7,-0.3,1.07,LEAD_OFF
1790983949646,719,1840.0,-652.5739048974433,32000.0,176.5,98.0,-1.7,-0.3,1.07,LEAD_OFF
1790983949646,720,1816.0,-711.1623761131364,32000.0,176.5,98.0,-1.7,-0.3,1.07,LEAD_OFF
1790983949646,721,1791.0,-572.973443057935,32000.0,176.5,98.0,-1.7,-0.3,1.07,LEAD_OFF
1790983949646,722,1757.0,-397.3729572431942,32000.0,176.5,98.0,-1.7,-0.3,1.07,LEAD_OFF
1790983949646,723,3335.0,-241.39677641853788,32000.0,176.5,98.0,-1.7,-0.3,1.07,LEAD_OFF
1790983949646,724,3135.0,13.907390575891647,32000.0,176.5,98.0,-1.7,-0.3,1.07,LEAD_OFF
1790983949646,725,3077.0,409.959572470266,32000.0,176.5,98.0,-1.7,-0.3,1.07,LEAD_OFF
1790983949731,726,3014.0,788.9931780297466,32000.0,176.5,98.0,-1.7,-0.3,1.08,GOOD
1790983949731,727,1552.0,946.2108015750239,32000.0,176.5,98.0,-1.7,-0.3,1.08,GOOD
1790983949731,728,1558.0,730.3173269790879,32000.0,176.5,98.0,-1.7,-0.3,1.08,GOOD
1790983949731,729,1538.0,191.11122247285869,32000.0,176.5,98.0,-1.7,-0.3,1.08,GOOD
1790983949731,730,1855.0,-380.21742616886445,32000.0,176.5,98.0,-1.7,-0.3,1.08,GOOD
1790983949731,731,1933.0,-697.5262272586651,32000.0,176.5,98.0,-1.7,-0.3,1.08,GOOD
1790983949731,732,1974.0,-682.5663148882959,32000.0,176.5,98.0,-1.7,-0.3,1.08,GOOD
1790983949731,733,1919.0,-461.25368865912367,32000.0,176.5,98.0,-1.7,-0.3,1.08,GOOD
1790983949731,734,1785.0,-239.40271426765565,32000.0,176.5,98.0,-1.7,-0.3,1.08,GOOD
1790983949731,735,1783.0,-159.53854247184617,32000.0,176.5,98.0,-1.7,-0.3,1.08,GOOD
1790983949731,736,1850.0,-220.342469482784,32000.0,176.5,98.0,-1.7,-0.3,1.08,GOOD
1790983949731,737,2002.0,-309.296648347457,32000.0,176.5,98.0,-1.7,-0.3,1.08,GOOD
1790983949731,738,1927.0,-326.1039891295057,32000.0,176.5,98.0,-1.7,-0.3,1.08,GOOD
1790983949731,739,1856.0,-275.2220199313669,32000.0,176.5,98.0,-1.7,-0.3,1.08,GOOD
1790983949731,740,1842.0,-229.8781307787869,32000.0,176.5,98.0,-1.7,-0.3,1.08,GOOD
1790983949731,741,2151.0,-219.75613241667912,32000.0,176.5,98.0,-1.7,-0.3,1.08,GOOD
1790983949731,742,2178.0,-197.28423685629022,32000.0,176.5,98.0,-1.7,-0.3,1.08,GOOD
1790983949731,743,2274.0,-119.76106520202518,32000.0,176.5,98.0,-1.7,-0.3,1.08,GOOD
1790983949731,744,1879.0,-21.65519956340639,32000.0,176.5,98.0,-1.7,-0.3,1.08,GOOD
1790983949731,745,1976.0,17.826368350708208,32000.0,176.5,98.0,-1.7,-0.3,1.08,GOOD
1790983949731,746,2058.0,-23.859019641883307,32000.0,176.5,98.0,-1.7,-0.3,1.08,GOOD
1790983949731,747,2118.0,-87.57179613217511,32000.0,176.5,98.0,-1.7,-0.3,1.08,GOOD
1790983949731,748,2105.0,-115.29473332418141,32000.0,176.5,98.0,-1.7,-0.3,1.08,GOOD
1790983949731,749,2073.0,-99.50285799908973,32000.0,176.5,98.0,-1.7,-0.3,1.08,GOOD
1790983949731,750,2081.0,-62.84767450846957,32000.0,176.5,98.0,-1.7,-0.3,1.08,GOOD
1790983950026,751,2116.0,-29.71706308609229,32000.0,176.5,98.0,-1.6,-0.3,1.08,GOOD
1790983950026,752,2123.0,-13.820157710116057,32000.0,176.5,98.0,-1.6,-0.3,1.08,GOOD
1790983950026,753,2123.0,-15.883883764583661,32000.0,176.5,98.0,-1.6,-0.3,1.08,GOOD
1790983950026,754,2113.0,-23.674252001378797,32000.0,176.5,98.0,-1.6,-0.3,1.08,GOOD
1790983950026,755,2144.0,-21.09575083832029,32000.0,176.5,98.0,-1.6,-0.3,1.08,GOOD
1790983950026,756,2119.0,-5.673146020050705,32000.0,176.5,98.0,-1.6,-0.3,1.08,GOOD
1790983950026,757,2089.0,4.994184897085239,32000.0,176.5,98.0,-1.6,-0.3,1.08,GOOD
1790983950026,758,2049.0,-7.400059395045092,32000.0,176.5,98.0,-1.6,-0.3,1.08,GOOD
1790983950026,759,2310.0,-27.84361171518418,32000.0,176.5,98.0,-1.6,-0.3,1.08,GOOD
1790983950026,760,2304.0,-11.475281077203682,32000.0,176.5,98.0,-1.6,-0.3,1.08,GOOD
1790983950026,761,2323.0,55.27163820102383,32000.0,176.5,98.0,-1.6,-0.3,1.08,GOOD
1790983950026,762,2320.0,132.80332312795784,32000.0,176.5,98.0,-1.6,-0.3,1.08,GOOD
1790983950026,763,2243.0,178.56065265653035,32000.0,176.5,98.0,-1.6,-0.3,1.08,GOOD
1790983950026,764,2226.0,179.91195647357864,32000.0,176.5,98.0,-1.6,-0.3,1.08,GOOD
1790983950026,765,2236.0,150.28202778496592,32000.0,176.5,98.0,-1.6,-0.3,1.08,GOOD
1790983950026,766,2283.0,114.71591196374908,32000.0,176.5,98.0,-1.6,-0.3,1.08,GOOD
1790983950026,767,2053.0,83.52814733183793,32000.0,176.5,98.0,-1.6,-0.3,1.08,GOOD
1790983950026,768,2054.0,42.429082389712796,32000.0,176.5,98.0,-1.6,-0.3,1.08,GOOD
1790983950026,769,2027.0,-14.331579096497206,32000.0,176.5,98.0,-1.6,-0.3,1.08,GOOD
1790983950026,770,2039.0,-68.58926638895342,32000.0,176.5,98.0,-1.6,-0.3,1.08,GOOD
1790983950026,771,1861.0,-113.21611773839214,32000.0,176.5,98.0,-1.6,-0.3,1.08,GOOD
1790983950026,772,1905.0,-162.01217745577463,32000.0,176.5,98.0,-1.6,-0.3,1.08,GOOD
1790983950026,773,1892.0,-213.54838763048804,32000.0,176.5,98.0,-1.6,-0.3,1.08,GOOD
1790983950026,774,1862.0,-247.74470181849944,32000.0,176.5,98.0,-1.6,-0.3,1.08,GOOD
1790983950026,775,1781.0,-263.42877366655455,32000.0,176.5,98.0,-1.6,-0.3,1.08,GOOD
1790983950027,776,1796.0,-280.47399937664363,32000.0,176.5,98.0,-1.6,-0.3,1.08,GOOD
1790983950027,777,1810.0,-305.87384678756223,32000.0,176.5,98.0,-1.6,-0.3,1.08,GOOD
1790983950027,778,2019.0,-317.23299237847385,32000.0,176.5,98.0,-1.6,-0.3,1.08,GOOD
1790983950027,779,1953.0,-286.64917530354546,32000.0,176.5,98.0,-1.6,-0.3,1.08,GOOD
1790983950027,780,1947.0,-223.08513430237193,32000.0,176.5,98.0,-1.6,-0.3,1.08,GOOD
1790983950027,781,1967.0,-165.03377487233888,32000.0,176.5,98.0,-1.6,-0.3,1.08,GOOD
1790983950027,782,1981.0,-133.48820803963588,32000.0,176.5,98.0,-1.6,-0.3,1.08,GOOD
1790983950027,783,1938.0,-125.0762334925557,32000.0,176.5,98.0,-1.6,-0.3,1.08,GOOD
1790983950027,784,1890.0,-134.53489902918034,32000.0,176.5,98.0,-1.6,-0.3,1.08,GOOD
1790983950027,785,1891.0,-157.79139216684956,32000.0,176.5,98.0,-1.6,-0.3,1.08,GOOD
1790983950027,786,1828.0,-186.65554367080304,32000.0,176.5,98.0,-1.6,-0.3,1.08,GOOD
1790983950027,787,1872.0,-213.1905296319186,32000.0,176.5,98.0,-1.6,-0.3,1.08,GOOD
1790983950027,788,1852.0,-231.74457462293407,32000.0,176.5,98.0,-1.6,-0.3,1.08,GOOD
1790983950027,789,1788.0,-242.18989556857633,32000.0,176.5,98.0,-1.6,-0.3,1.08,GOOD
1790983950027,790,1817.0,-250.9223454418395,32000.0,176.5,98.0,-1.6,-0.3,1.08,GOOD
1790983950027,791,1866.0,-256.5399909555651,32000.0,176.5,98.0,-1.6,-0.3,1.08,GOOD
1790983950027,792,1890.0,-249.0270030027072,32000.0,176.5,98.0,-1.6,-0.3,1.08,GOOD
1790983950027,793,1879.0,-227.82221776259885,32000.0,176.5,98.0,-1.6,-0.3,1.08,GOOD
1790983950027,794,1814.0,-206.4136952865471,32000.0,176.5,98.0,-1.6,-0.3,1.08,GOOD
1790983950027,795,1813.0,-198.82772778550856,32000.0,176.5,98.0,-1.6,-0.3,1.08,GOOD
1790983950027,796,2009.0,-198.6400277960746,32000.0,176.5,98.0,-1.6,-0.3,1.08,GOOD
1790983950027,797,1989.0,-181.09204910186642,32000.0,176.5,98.0,-1.6,-0.3,1.08,GOOD
1790983950027,798,1954.0,-141.35880378835708,32000.0,176.5,98.0,-1.6,-0.3,1.08,GOOD
1790983950027,799,1908.0,-103.88868481172895,32000.0,176.5,98.0,-1.6,-0.3,1.08,GOOD
1790983950027,800,1974.0,-84.99393485639061,32000.0,176.5,98.0,-1.6,-0.3,1.08,GOOD
1790983950140,801,2027.0,-76.00887225324357,32000.0,176.5,98.0,-1.7,-0.3,1.08,GOOD
1790983950140,802,2038.0,-64.23192342956533,32000.0,176.5,98.0,-1.7,-0.3,1.08,GOOD
1790983950140,803,1893.0,-54.40985526761444,32000.0,176.5,98.0,-1.7,-0.3,1.08,GOOD
1790983950140,804,1894.0,-61.25240569140219,32000.0,176.5,98.0,-1.7,-0.3,1.08,GOOD
1790983950140,805,1908.0,-83.49337928785738,32000.0,176.5,98.0,-1.7,-0.3,1.08,GOOD
1790983950140,806,1942.0,-104.69714562858205,32000.0,176.5,98.0,-1.7,-0.3,1.08,GOOD
1790983950140,807,1797.0,-122.32491720218783,32000.0,176.5,98.0,-1.7,-0.3,1.08,GOOD
1790983950140,808,1790.0,-150.6899191573557,32000.0,176.5,98.0,-1.7,-0.3,1.08,GOOD
1790983950140,809,1778.0,-189.24285172612377,32000.0,176.5,98.0,-1.7,-0.3,1.08,GOOD
1790983950140,810,1781.0,-218.29651776479142,32000.0,176.5,98.0,-1.7,-0.3,1.08,GOOD
1790983950140,811,2007.0,-221.30279278906787,32000.0,176.5,98.0,-1.7,-0.3,1.08,GOOD
1790983950140,812,1990.0,-189.72041973119022,32000.0,176.5,98.0,-1.7,-0.3,1.08,GOOD
1790983950140,813,1973.0,-131.1682675359907,32000.0,176.5,98.0,-1.7,-0.3,1.08,GOOD
1790983950140,814,2044.0,-66.07971629913786,32000.0,176.5,98.0,-1.7,-0.3,1.08,GOOD
1790983950140,815,2013.0,-7.520875243692625,32000.0,176.5,98.0,-1.7,-0.3,1.08,GOOD
1790983950140,816,1986.0,30.18137241108169,32000.0,176.5,98.0,-1.7,-0.3,1.08,GOOD
1790983950140,817,1908.0,27.24346602194682,32000.0,176.5,98.0,-1.7,-0.3,1.08,GOOD
1790983950140,818,2125.0,-6.680669118145648,32000.0,176.5,98.0,-1.7,-0.3,1.08,GOOD
1790983950140,819,2101.0,-22.314756513341173,32000.0,176.5,98.0,-1.7,-0.3,1.08,GOOD
1790983950140,820,2092.0,9.841682800059179,32000.0,176.5,98.0,-1.7,-0.3,1.08,GOOD
1790983950140,821,2096.0,62.90407726049954,32000.0,176.5,98.0,-1.7,-0.3,1.08,GOOD
1790983950140,822,2004.0,93.93378048009629,32000.0,176.5,98.0,-1.7,-0.3,1.08,GOOD
1790983950140,823,2012.0,84.7538528415707,32000.0,176.5,98.0,-1.7,-0.3,1.08,GOOD
1790983950140,824,1996.0,49.0393683101105,32000.0,176.5,98.0,-1.7,-0.3,1.08,GOOD
1790983950140,825,1883.0,8.90710757711042,32000.0,176.5,98.0,-1.7,-0.3,1.08,GOOD
1790983950142,826,1923.0,-30.580520850774548,32000.0,176.5,98.0,-1.7,-0.3,1.08,GOOD
1790983950142,827,1946.0,-66.90127333054693,32000.0,176.5,98.0,-1.7,-0.3,1.08,GOOD
1790983950142,828,1961.0,-86.82037907650535,32000.0,176.5,98.0,-1.7,-0.3,1.08,GOOD
1790983950142,829,1885.0,-85.88816656933946,32000.0,176.5,98.0,-1.7,-0.3,1.08,GOOD
1790983950142,830,1877.0,-78.65374499903243,32000.0,176.5,98.0,-1.7,-0.3,1.08,GOOD
1790983950142,831,1886.0,-80.37104490725133,32000.0,176.5,98.0,-1.7,-0.3,1.08,GOOD
1790983950142,832,2080.0,-84.2424284059496,32000.0,176.5,98.0,-1.7,-0.3,1.08,GOOD
1790983950142,833,2047.0,-66.89958142273979,32000.0,176.5,98.0,-1.7,-0.3,1.08,GOOD
1790983950142,834,2016.0,-24.10920337968014,32000.0,176.5,98.0,-1.7,-0.3,1.08,GOOD
1790983950142,835,2012.0,20.912082242729785,32000.0,176.5,98.0,-1.7,-0.3,1.08,GOOD
1790983950142,836,2166.0,53.9576833565535,32000.0,176.5,98.0,-1.7,-0.3,1.08,GOOD
1790983950142,837,2150.0,83.13994618498242,32000.0,176.5,98.0,-1.7,-0.3,1.08,GOOD
1790983950142,838,2125.0,111.09271109818819,32000.0,176.5,98.0,-1.7,-0.3,1.08,GOOD
1790983950142,839,2105.0,127.79556866948187,32000.0,176.5,98.0,-1.7,-0.3,1.08,GOOD
1790983950142,840,2025.0,128.44671456527516,32000.0,176.5,98.0,-1.7,-0.3,1.08,GOOD
1790983950142,841,1978.0,111.1219835732678,32000.0,176.5,98.0,-1.7,-0.3,1.08,GOOD
1790983950142,842,2052.0,75.32425844202973,32000.0,176.5,98.0,-1.7,-0.3,1.08,GOOD
1790983950142,843,2049.0,35.195971915133775,32000.0,176.5,98.0,-1.7,-0.3,1.08,GOOD
1790983950142,844,1924.0,6.870875913581791,32000.0,176.5,98.0,-1.7,-0.3,1.08,GOOD
1790983950142,845,1962.0,-9.71563256991156,32000.0,176.5,98.0,-1.7,-0.3,1.08,GOOD
1790983950142,846,1983.0,-17.85068942993555,32000.0,176.5,98.0,-1.7,-0.3,1.08,GOOD
1790983950142,847,1990.0,-18.4238741892991,32000.0,176.5,98.0,-1.7,-0.3,1.08,GOOD
1790983950142,848,1898.0,-22.169368163361337,32000.0,176.5,98.0,-1.7,-0.3,1.08,GOOD
1790983950142,849,1895.0,-40.48015260656139,32000.0,176.5,98.0,-1.7,-0.3,1.08,GOOD
1790983950142,850,1903.0,-65.46956666286002,32000.0,176.5,98.0,-1.7,-0.3,1.08,GOOD
1790983950232,851,1902.0,-80.02904612031374,32000.0,176.5,98.0,-1.7,-0.3,1.08,GOOD
1790983950232,852,1934.0,-82.09247064048694,32000.0,176.5,98.0,-1.7,-0.3,1.08,GOOD
1790983950232,853,1891.0,-82.10910457799969,32000.0,176.5,98.0,-1.7,-0.3,1.08,GOOD
1790983950232,854,1877.0,-86.19861719469546,32000.0,176.5,98.0,-1.7,-0.3,1.08,GOOD
1790983950232,855,1866.0,-90.9360980850206,32000.0,176.5,98.0,-1.7,-0.3,1.08,GOOD
1790983950232,856,2158.0,-80.67937811703868,32000.0,176.5,98.0,-1.7,-0.3,1.08,GOOD
1790983950232,857,2140.0,-35.029307613627665,32000.0,176.5,98.0,-1.7,-0.3,1.08,GOOD
1790983950232,858,2140.0,39.503035594817575,32000.0,176.5,98.0,-1.7,-0.3,1.08,GOOD
1790983950232,859,2144.0,111.06652260174062,32000.0,176.5,98.0,-1.7,-0.3,1.08,GOOD
1790983950232,860,2051.0,157.77859563111218,32000.0,176.5,98.0,-1.7,-0.3,1.08,GOOD
1790983950232,861,2027.0,168.22933540331206,32000.0,176.5,98.0,-1.7,-0.3,1.08,GOOD
1790983950232,862,2004.0,136.1333665931743,32000.0,176.5,98.0,-1.7,-0.3,1.08,GOOD
1790983950232,863,1985.0,74.3221483603823,32000.0,176.5,98.0,-1.7,-0.3,1.08,GOOD
1790983950232,864,1952.0,12.621746772926759,32000.0,176.5,98.0,-1.7,-0.3,1.08,GOOD
1790983950232,865,2016.0,-20.82977343709052,32000.0,176.5,98.0,-1.7,-0.3,1.08,GOOD
1790983950232,866,2030.0,-16.62924458312238,32000.0,176.5,98.0,-1.7,-0.3,1.08,GOOD
1790983950232,867,2412.0,24.037064633757147,32000.0,176.5,98.0,-1.7,-0.3,1.08,GOOD
1790983950232,868,2430.0,109.6538131456021,32000.0,176.5,98.0,-1.7,-0.3,1.08,GOOD
1790983950232,869,2468.0,236.4046246656546,32000.0,176.5,98.0,-1.7,-0.3,1.08,GOOD
1790983950232,870,2494.0,369.96746480526724,32000.0,176.5,98.0,-1.7,-0.3,1.08,GOOD
1790983950232,871,1987.0,453.10202506429727,32000.0,176.5,98.0,-1.7,-0.3,1.08,GOOD
1790983950232,872,1915.0,415.43773035953274,32000.0,176.5,98.0,-1.7,-0.3,1.08,GOOD
1790983950232,873,1865.0,243.927279984669,32000.0,176.5,98.0,-1.7,-0.3,1.08,GOOD
1790983950232,874,1841.0,22.094340804603014,32000.0,176.5,98.0,-1.7,-0.3,1.08,GOOD
1790983950232,875,1933.0,-145.3604336360265,32000.0,176.5,98.0,-1.7,-0.3,1.08,GOOD
1790983950389,876,1920.0,-205.30779511673816,32000.0,176.5,98.0,-1.6,-0.3,1.08,GOOD
1790983950389,877,1891.0,-175.37933360412237,32000.0,176.5,98.0,-1.6,-0.3,1.08,GOOD
1790983950389,878,1871.0,-118.83599284050803,32000.0,176.5,98.0,-1.6,-0.3,1.08,GOOD
1790983950389,879,2150.0,-77.06993379936978,32000.0,176.5,98.0,-1.6,-0.3,1.08,GOOD
1790983950389,880,2169.0,-34.42384672281032,32000.0,176.5,98.0,-1.6,-0.3,1.08,GOOD
1790983950389,881,2184.0,32.76150651382561,32000.0,176.5,98.0,-1.6,-0.3,1.08,GOOD
1790983950389,882,2175.0,111.69058041194333,32000.0,176.5,98.0,-1.6,-0.3,1.08,GOOD
1790983950389,883,1976.0,166.0760902107709,32000.0,176.5,98.0,-1.6,-0.3,1.08,GOOD
1790983950389,884,2003.0,161.90756565485714,32000.0,176.5,98.0,-1.6,-0.3,1.08,GOOD
1790983950389,885,2019.0,101.13471866283517,32000.0,176.5,98.0,-1.6,-0.3,1.08,GOOD
1790983950389,886,1978.0,25.346542129210587,32000.0,176.5,98.0,-1.6,-0.3,1.08,GOOD
1790983950389,887,1993.0,-26.433703461487042,32000.0,176.5,98.0,-1.6,-0.3,1.08,GOOD
1790983950389,888,2007.0,-40.40195908572769,32000.0,176.5,98.0,-1.6,-0.3,1.08,GOOD
1790983950389,889,2017.0,-24.904725199381474,32000.0,176.5,98.0,-1.6,-0.3,1.08,GOOD
1790983950389,890,2019.0,-2.2788902611411332,32000.0,176.5,98.0,-1.6,-0.3,1.08,GOOD
1790983950389,891,1995.0,8.71316705063298,32000.0,176.5,98.0,-1.6,-0.3,1.08,GOOD
1790983950389,892,1978.0,5.663906188983051,32000.0,176.5,98.0,-1.6,-0.3,1.08,GOOD
1790983950389,893,2156.0,4.562870421134671,32000.0,176.5,98.0,-1.6,-0.3,1.08,GOOD
1790983950389,894,2125.0,26.29757597549274,32000.0,176.5,98.0,-1.6,-0.3,1.08,GOOD
1790983950389,895,2104.0,65.88531465384789,32000.0,176.5,98.0,-1.6,-0.3,1.08,GOOD
1790983950389,896,2082.0,95.70071920195485,32000.0,176.5,98.0,-1.6,-0.3,1.08,GOOD
1790983950389,897,2263.0,110.70760691716842,32000.0,176.5,98.0,-1.6,-0.3,1.08,GOOD
1790983950389,898,2261.0,135.88473204394904,32000.0,176.5,98.0,-1.6,-0.3,1.08,GOOD
1790983950389,899,2273.0,180.32606339152102,32000.0,176.5,98.0,-1.6,-0.3,1.08,GOOD
1790983950389,900,2293.0,223.50122222436687,32000.0,176.5,98.0,-1.6,-0.3,1.08,GOOD
1790983950521,901,2168.0,245.668486727206,32000.0,176.5,98.0,-1.6,-0.3,1.08,GOOD
1790983950521,902,2181.0,240.08379029618547,32000.0,176.5,98.0,-1.6,-0.3,1.08,GOOD
1790983950521,903,2169.0,212.02600697499253,32000.0,176.5,98.0,-1.6,-0.3,1.08,GOOD
1790983950521,904,2184.0,175.20108614938258,32000.0,176.5,98.0,-1.6,-0.3,1.08,GOOD
1790983950521,905,2043.0,136.6499427806715,32000.0,176.5,98.0,-1.6,-0.3,1.08,GOOD
1790983950521,906,2070.0,95.37183663785709,32000.0,176.5,98.0,-1.6,-0.3,1.08,GOOD
1790983950521,907,2076.0,59.17024053157098,32000.0,176.5,98.0,-1.6,-0.3,1.08,GOOD
1790983950521,908,2068.0,39.73322875296655,32000.0,176.5,98.0,-1.6,-0.3,1.08,GOOD
1790983950521,909,1969.0,28.34429845909316,32000.0,176.5,98.0,-1.6,-0.3,1.08,GOOD
1790983950521,910,1998.0,5.63217324805483,32000.0,176.5,98.0,-1.6,-0.3,1.08,GOOD
1790983950521,911,2011.0,-24.893082144685955,32000.0,176.5,98.0,-1.6,-0.3,1.08,GOOD
1790983950521,912,2011.0,-41.695059225873734,32000.0,176.5,98.0,-1.6,-0.3,1.08,GOOD
1790983950521,913,2281.0,-28.177355863646024,32000.0,176.5,98.0,-1.6,-0.3,1.08,GOOD
1790983950521,914,2258.0,24.46553500191323,32000.0,176.5,98.0,-1.6,-0.3,1.08,GOOD
1790983950521,915,2270.0,104.20306316046766,32000.0,176.5,98.0,-1.6,-0.3,1.08,GOOD
1790983950521,916,2409.0,185.56149281732888,32000.0,176.5,98.0,-1.6,-0.3,1.08,GOOD
1790983950521,917,2400.0,259.9946428454125,32000.0,176.5,98.0,-1.6,-0.3,1.08,GOOD
1790983950521,918,2382.0,320.50441291758426,32000.0,176.5,98.0,-1.6,-0.3,1.08,GOOD
1790983950521,919,2417.0,349.5621187841453,32000.0,176.5,98.0,-1.6,-0.3,1.08,GOOD
1790983950521,920,2281.0,342.27657848407205,32000.0,176.5,98.0,-1.6,-0.3,1.08,GOOD
1790983950521,921,2304.0,309.6656320213409,32000.0,176.5,98.0,-1.6,-0.3,1.08,GOOD
1790983950521,922,2293.0,269.43731700590774,32000.0,176.5,98.0,-1.6,-0.3,1.08,GOOD
1790983950521,923,2273.0,235.13897589580455,32000.0,176.5,98.0,-1.6,-0.3,1.08,GOOD
1790983950521,924,2004.0,195.93368965658962,32000.0,176.5,98.0,-1.6,-0.3,1.08,GOOD
1790983950521,925,2050.0,128.7390215369694,32000.0,176.5,98.0,-1.6,-0.3,1.08,GOOD
1790983950791,926,2056.0,43.96046826001895,28.0,176.5,98.0,-1.6,-0.2,1.08,GOOD
1790983950791,927,2059.0,-20.49873632086585,28.0,176.5,98.0,-1.6,-0.2,1.08,GOOD
1790983950791,928,1925.0,-55.02091956594967,27.0,176.5,98.0,-1.6,-0.2,1.08,GOOD
1790983950791,929,1910.0,-83.95923790129247,29.0,176.5,98.0,-1.6,-0.2,1.08,GOOD
1790983950791,930,1920.0,-119.77277930542515,28.0,176.5,98.0,-1.6,-0.2,1.08,GOOD
1790983950791,931,2090.0,-142.3676897124082,29.0,176.5,98.0,-1.6,-0.2,1.08,GOOD
1790983950791,932,2004.0,-130.59486374538236,29.0,176.5,98.0,-1.6,-0.2,1.08,GOOD
1790983950791,933,1964.0,-99.74780508627798,30.0,176.5,98.0,-1.6,-0.2,1.08,GOOD
1790983950791,934,1926.0,-83.3777509778604,30.0,176.5,98.0,-1.6,-0.2,1.08,GOOD
1790983950791,935,2119.0,-83.4451494562879,31.0,176.5,98.0,-1.6,-0.2,1.08,GOOD
1790983950791,936,2109.0,-71.20692751125048,32.0,176.5,98.0,-1.6,-0.2,1.08,GOOD
1790983950791,937,2084.0,-38.00661238210679,33.0,176.5,98.0,-1.6,-0.2,1.08,GOOD
1790983950791,938,2080.0,-6.35949278272535,32.0,176.5,98.0,-1.6,-0.2,1.08,GOOD
1790983950791,939,1943.0,4.541277559851246,35.0,176.5,98.0,-1.6,-0.2,1.08,GOOD
1790983950791,940,1884.0,-13.664754439227544,35.0,176.5,98.0,-1.6,-0.2,1.08,GOOD
1790983950791,941,1879.0,-63.144186316195515,36.0,176.5,98.0,-1.6,-0.2,1.08,GOOD
1790983950791,942,1888.0,-130.3279447502317,37.0,176.5,98.0,-1.6,-0.2,1.08,GOOD
1790983950791,943,1917.0,-187.72122120445346,36.0,176.5,98.0,-1.6,-0.2,1.08,GOOD
1790983950791,944,1937.0,-209.03837860578756,37.0,176.5,98.0,-1.6,-0.2,1.08,GOOD
1790983950791,945,1890.0,-189.80293721668605,37.0,176.5,98.0,-1.6,-0.2,1.08,GOOD
1790983950791,946,1867.0,-156.89242467352898,36.0,176.5,98.0,-1.6,-0.2,1.08,GOOD
1790983950791,947,2074.0,-136.28992778307833,37.0,176.5,98.0,-1.6,-0.2,1.08,GOOD
1790983950791,948,2075.0,-117.56841191249437,37.0,176.5,98.0,-1.6,-0.2,1.08,GOOD
1790983950791,949,2066.0,-80.16894756045473,38.0,176.5,98.0,-1.6,-0.2,1.08,GOOD
1790983950791,950,2053.0,-29.6057618666903,42.0,176.5,98.0,-1.6,-0.2,1.08,GOOD
1790983950792,951,2029.0,11.691738307416072,32000.0,176.5,98.0,-1.6,-0.2,1.08,GOOD
1790983950792,952,2039.0,24.78122442431374,32000.0,176.5,98.0,-1.6,-0.2,1.08,GOOD
1790983950792,953,2054.0,8.827475269437429,32000.0,176.5,98.0,-1.6,-0.2,1.08,GOOD
1790983950792,954,1902.0,-21.706348928510113,32000.0,176.5,98.0,-1.6,-0.2,1.08,GOOD
1790983950792,955,1902.0,-56.878278683287796,32000.0,176.5,98.0,-1.6,-0.2,1.08,GOOD
1790983950792,956,1906.0,-91.98824112845831,32000.0,176.5,98.0,-1.6,-0.2,1.08,GOOD
1790983950792,957,1906.0,-121.8512446439143,32000.0,176.5,98.0,-1.6,-0.2,1.08,GOOD
1790983950792,958,1846.0,-147.81592491600853,32000.0,176.5,98.0,-1.6,-0.2,1.08,GOOD
1790983950792,959,1871.0,-171.65700965356228,32000.0,176.5,98.0,-1.6,-0.2,1.08,GOOD
1790983950792,960,1876.0,-183.93955384439997,32000.0,176.5,98.0,-1.6,-0.2,1.08,GOOD
1790983950792,961,1868.0,-177.62113684325777,32000.0,176.5,98.0,-1.6,-0.2,1.08,GOOD
1790983950792,962,2022.0,-158.490439625661,32000.0,176.5,98.0,-1.6,-0.2,1.08,GOOD
1790983950792,963,2012.0,-129.76829265855048,32000.0,176.5,98.0,-1.6,-0.2,1.08,GOOD
1790983950792,964,2003.0,-91.56960733264131,32000.0,176.5,98.0,-1.6,-0.2,1.08,GOOD
1790983950792,965,2146.0,-45.55162959938403,32000.0,176.5,98.0,-1.6,-0.2,1.08,GOOD
1790983950792,966,2132.0,10.169443179049836,32000.0,176.5,98.0,-1.6,-0.2,1.08,GOOD
1790983950792,967,2130.0,65.0600222836442,32000.0,176.5,98.0,-1.6,-0.2,1.08,GOOD
1790983950792,968,2139.0,97.0609050718504,32000.0,176.5,98.0,-1.6,-0.2,1.08,GOOD
1790983950792,969,2043.0,99.57509075643534,32000.0,176.5,98.0,-1.6,-0.2,1.08,GOOD
1790983950792,970,2060.0,82.22332190263154,32000.0,176.5,98.0,-1.6,-0.2,1.08,GOOD
1790983950792,971,2046.0,57.25029824404629,32000.0,176.5,98.0,-1.6,-0.2,1.08,GOOD
1790983950792,972,2044.0,31.919044355518793,32000.0,176.5,98.0,-1.6,-0.2,1.08,GOOD
1790983950792,973,1892.0,2.281122441613068,32000.0,176.5,98.0,-1.6,-0.2,1.08,GOOD
1790983950792,974,1933.0,-37.720546280767984,32000.0,176.5,98.0,-1.6,-0.2,1.08,GOOD
1790983950792,975,1935.0,-77.35908216557489,32000.0,176.5,98.0,-1.6,-0.2,1.08,GOOD
1790983950793,976,1926.0,-100.15573089289498,32000.0,176.5,98.0,-1.6,-0.2,1.08,GOOD
1790983950793,977,1797.0,-113.5437421708989,32000.0,176.5,98.0,-1.6,-0.2,1.08,GOOD
1790983950793,978,1813.0,-139.08902442805962,32000.0,176.5,98.0,-1.6,-0.2,1.08,GOOD
1790983950793,979,1828.0,-175.40332514975836,32000.0,176.5,98.0,-1.6,-0.2,1.08,GOOD
1790983950793,980,1817.0,-200.6214986580962,32000.0,176.5,98.0,-1.6,-0.2,1.08,GOOD
1790983950793,981,2143.0,-194.2113718277615,32000.0,176.5,98.0,-1.6,-0.2,1.08,GOOD
1790983950793,982,2116.0,-139.35017144110395,32000.0,176.5,98.0,-1.6,-0.2,1.08,GOOD
1790983950793,983,2122.0,-44.501952998291586,32000.0,176.5,98.0,-1.6,-0.2,1.08,GOOD
1790983950793,984,2151.0,52.8478148594608,32000.0,176.5,98.0,-1.6,-0.2,1.08,GOOD
1790983950793,985,2147.0,123.75869082097248,32000.0,176.5,98.0,-1.6,-0.2,1.08,GOOD
1790983950793,986,2114.0,155.85946650998102,32000.0,176.5,98.0,-1.6,-0.2,1.08,GOOD
1790983950793,987,2110.0,145.9464843787252,32000.0,176.5,98.0,-1.6,-0.2,1.08,GOOD
1790983950793,988,2020.0,106.69178385500558,32000.0,176.5,98.0,-1.6,-0.2,1.08,GOOD
1790983950793,989,2052.0,62.06174484835473,32000.0,176.5,98.0,-1.6,-0.2,1.08,GOOD
1790983950793,990,2046.0,32.34107896007889,32000.0,176.5,98.0,-1.6,-0.2,1.08,GOOD
1790983950793,991,1831.0,12.069447682904459,32000.0,176.5,98.0,-1.6,-0.2,1.08,GOOD
1790983950793,992,1828.0,-29.74656328441764,32000.0,176.5,98.0,-1.6,-0.2,1.08,GOOD
1790983950793,993,1855.0,-99.35051182392982,32000.0,176.5,98.0,-1.6,-0.2,1.08,GOOD
1790983950793,994,1878.0,-160.03635096176902,32000.0,176.5,98.0,-1.6,-0.2,1.08,GOOD
1790983950793,995,2008.0,-176.89580710363643,32000.0,176.5,98.0,-1.6,-0.2,1.08,GOOD
1790983950793,996,1933.0,-148.24327877318848,32000.0,176.5,98.0,-1.6,-0.2,1.08,GOOD
1790983950793,997,1906.0,-103.53859822960013,32000.0,176.5,98.0,-1.6,-0.2,1.08,GOOD
1790983950793,998,1911.0,-74.55353368610892,32000.0,176.5,98.0,-1.6,-0.2,1.08,GOOD
1790983950793,999,2173.0,-57.48136891550102,32000.0,176.5,98.0,-1.6,-0.2,1.08,GOOD
1790983950793,1000,2142.0,-22.246403268274562,32000.0,176.5,98.0,-1.6,-0.2,1.08,GOOD
1790983950892,1001,2114.0,35.07130806013251,32000.0,176.5,98.0,-1.6,-0.3,1.08,GOOD
1790983950892,1002,2116.0,86.88269005998696,32000.0,176.5,98.0,-1.6,-0.3,1.08,GOOD
1790983950892,1003,2168.0,119.66778593131318,32000.0,176.5,98.0,-1.6,-0.3,1.08,GOOD
1790983950892,1004,2167.0,140.36288575667479,32000.0,176.5,98.0,-1.6,-0.3,1.08,GOOD
1790983950892,1005,2141.0,148.93809669522216,32000.0,176.5,98.0,-1.6,-0.3,1.08,GOOD
1790983950892,1006,2119.0,138.85901092784513,32000.0,176.5,98.0,-1.6,-0.3,1.08,GOOD
1790983950892,1007,1984.0,112.04593846844439,32000.0,176.5,98.0,-1.6,-0.3,1.08,GOOD
1790983950892,1008,2024.0,76.37740999382642,32000.0,176.5,98.0,-1.6,-0.3,1.08,GOOD
1790983950892,1009,2036.0,41.07677380043065,32000.0,176.5,98.0,-1.6,-0.3,1.08,GOOD
1790983950892,1010,1882.0,6.659405438541633,32000.0,176.5,98.0,-1.6,-0.3,1.08,GOOD
1790983950892,1011,1881.0,-39.10097654959424,32000.0,176.5,98.0,-1.6,-0.3,1.08,GOOD
1790983950892,1012,1894.0,-91.4759809834345,32000.0,176.5,98.0,-1.6,-0.3,1.08,GOOD
1790983950892,1013,1914.0,-123.68801784677407,32000.0,176.5,98.0,-1.6,-0.3,1.08,GOOD
1790983950892,1014,1964.0,-123.98526135148504,32000.0,176.5,98.0,-1.6,-0.3,1.08,GOOD
1790983950892,1015,1931.0,-107.1477466616294,32000.0,176.5,98.0,-1.6,-0.3,1.08,GOOD
1790983950892,1016,1913.0,-92.90094072503904,32000.0,176.5,98.0,-1.6,-0.3,1.08,GOOD
1790983950892,1017,1914.0,-86.33865536984013,32000.0,176.5,98.0,-1.6,-0.3,1.08,GOOD
1790983950892,1018,2144.0,-71.93860559756527,32000.0,176.5,98.0,-1.6,-0.3,1.08,GOOD
1790983950892,1019,2130.0,-30.354482675930477,32000.0,176.5,98.0,-1.6,-0.3,1.08,GOOD
1790983950892,1020,2116.0,29.646083546755026,32000.0,176.5,98.0,-1.6,-0.3,1.08,GOOD
1790983950892,1021,2138.0,80.36677615444542,32000.0,176.5,98.0,-1.6,-0.3,1.08,GOOD
1790983950892,1022,2154.0,114.61674031982443,32000.0,176.5,98.0,-1.6,-0.3,1.08,GOOD
1790983950892,1023,2160.0,140.30984433314936,32000.0,176.5,98.0,-1.6,-0.3,1.08,GOOD
1790983950892,1024,2159.0,153.956967173954,32000.0,176.5,98.0,-1.6,-0.3,1.08,GOOD
1790983950892,1025,1957.0,140.1995840069996,32000.0,176.5,98.0,-1.6,-0.3,1.08,GOOD
1790983951018,1026,1994.0,91.61584198170891,32000.0,176.5,98.0,-1.6,-0.2,1.09,GOOD
1790983951018,1027,2007.0,30.821105784771447,32000.0,176.5,98.0,-1.6,-0.2,1.09,GOOD
1790983951018,1028,1938.0,-11.869098896192448,32000.0,176.5,98.0,-1.6,-0.2,1.09,GOOD
1790983951018,1029,1910.0,-39.841059781348854,32000.0,176.5,98.0,-1.6,-0.2,1.09,GOOD
1790983951018,1030,1908.0,-71.20502236004698,32000.0,176.5,98.0,-1.6,-0.2,1.09,GOOD
1790983951018,1031,1905.0,-101.25630287429689,32000.0,176.5,98.0,-1.6,-0.2,1.09,GOOD
1790983951018,1032,1911.0,-113.2953461939353,32000.0,176.5,98.0,-1.6,-0.2,1.09,GOOD
1790983951018,1033,1891.0,-107.5523232489795,32000.0,176.5,98.0,-1.6,-0.2,1.09,GOOD
1790983951018,1034,1879.0,-102.66528366710668,32000.0,176.5,98.0,-1.6,-0.2,1.09,GOOD
1790983951018,1035,1865.0,-111.81588237159033,32000.0,176.5,98.0,-1.6,-0.2,1.09,GOOD
1790983951018,1036,2171.0,-115.75972262777518,32000.0,176.5,98.0,-1.6,-0.2,1.09,GOOD
1790983951018,1037,2165.0,-73.00088318521033,32000.0,176.5,98.0,-1.6,-0.2,1.09,GOOD
1790983951018,1038,2169.0,19.830614445861368,32000.0,176.5,98.0,-1.6,-0.2,1.09,GOOD
1790983951018,1039,2037.0,109.10867308393654,32000.0,176.5,98.0,-1.6,-0.2,1.09,GOOD
1790983951018,1040,2050.0,143.92821568011462,32000.0,176.5,98.0,-1.6,-0.2,1.09,GOOD
1790983951018,1041,2047.0,123.2388941628542,32000.0,176.5,98.0,-1.6,-0.2,1.09,GOOD
1790983951018,1042,2057.0,79.88277577187773,32000.0,176.5,98.0,-1.6,-0.2,1.09,GOOD
1790983951018,1043,2107.0,44.0763382239895,32000.0,176.5,98.0,-1.6,-0.2,1.09,GOOD
1790983951018,1044,2164.0,34.35906812727729,32000.0,176.5,98.0,-1.6,-0.2,1.09,GOOD
1790983951018,1045,2182.0,59.12974954534613,32000.0,176.5,98.0,-1.6,-0.2,1.09,GOOD
1790983951018,1046,2201.0,108.93413154033382,32000.0,176.5,98.0,-1.6,-0.2,1.09,GOOD
1790983951018,1047,2504.0,170.96972773393364,32000.0,176.5,98.0,-1.6,-0.2,1.09,GOOD
1790983951018,1048,2454.0,247.671516517216,32000.0,176.5,98.0,-1.6,-0.2,1.09,GOOD
1790983951018,1049,2432.0,331.06909069365224,32000.0,176.5,98.0,-1.6,-0.2,1.09,GOOD
1790983951018,1050,2420.0,393.81771373182596,32000.0,176.5,98.0,-1.6,-0.2,1.09,GOOD
1790983951111,1051,1697.0,393.35637032909983,32000.0,176.5,98.0,-1.6,-0.3,1.08,GOOD
1790983951111,1052,1637.0,267.391258369694,32000.0,176.5,98.0,-1.6,-0.3,1.08,GOOD
1790983951111,1053,1621.0,15.085627713409302,32000.0,176.5,98.0,-1.6,-0.3,1.08,GOOD
1790983951111,1054,1607.0,-259.58821855365727,32000.0,176.5,98.0,-1.6,-0.3,1.08,GOOD
1790983951111,1055,2010.0,-432.6884770896216,32000.0,176.5,98.0,-1.6,-0.3,1.08,GOOD
1790983951111,1056,2021.0,-431.64064913022685,32000.0,176.5,98.0,-1.6,-0.3,1.08,GOOD
1790983951111,1057,2010.0,-281.3010906844095,32000.0,176.5,98.0,-1.6,-0.3,1.08,GOOD
1790983951111,1058,2185.0,-87.07454151349964,32000.0,176.5,98.0,-1.6,-0.3,1.08,GOOD
1790983951111,1059,2193.0,65.10137967509097,32000.0,176.5,98.0,-1.6,-0.3,1.08,GOOD
1790983951111,1060,2190.0,149.07903139617514,32000.0,176.5,98.0,-1.6,-0.3,1.08,GOOD
1790983951111,1061,2202.0,175.4004178421257,32000.0,176.5,98.0,-1.6,-0.3,1.08,GOOD
1790983951111,1062,2043.0,168.2038021930838,32000.0,176.5,98.0,-1.6,-0.3,1.08,GOOD
1790983951111,1063,2057.0,140.0180914719569,32000.0,176.5,98.0,-1.6,-0.3,1.08,GOOD
1790983951111,1064,2063.0,95.00289474591237,32000.0,176.5,98.0,-1.6,-0.3,1.08,GOOD
1790983951111,1065,2073.0,46.59308533186235,32000.0,176.5,98.0,-1.6,-0.3,1.08,GOOD
1790983951111,1066,1985.0,9.097847462170497,32000.0,176.5,98.0,-1.6,-0.3,1.08,GOOD
1790983951111,1067,2001.0,-13.063652936436288,32000.0,176.5,98.0,-1.6,-0.3,1.08,GOOD
1790983951111,1068,2017.0,-20.55520218045534,32000.0,176.5,98.0,-1.6,-0.3,1.08,GOOD
1790983951111,1069,2016.0,-18.5936249718644,32000.0,176.5,98.0,-1.6,-0.3,1.08,GOOD
1790983951111,1070,1965.0,-20.62538548512579,32000.0,176.5,98.0,-1.6,-0.3,1.08,GOOD
1790983951111,1071,1967.0,-35.62767121711523,32000.0,176.5,98.0,-1.6,-0.3,1.08,GOOD
1790983951111,1072,1973.0,-53.92673195899188,32000.0,176.5,98.0,-1.6,-0.3,1.08,GOOD
1790983951111,1073,1958.0,-61.02670273928008,32000.0,176.5,98.0,-1.6,-0.3,1.08,GOOD
1790983951111,1074,2109.0,-53.71669993798823,32000.0,176.5,98.0,-1.6,-0.3,1.08,GOOD
1790983951111,1075,2081.0,-32.90631233048651,32000.0,176.5,98.0,-1.6,-0.3,1.08,GOOD
1790983951252,1076,2078.0,-2.5342099820812263,32000.0,176.5,98.0,-1.6,-0.3,1.08,GOOD
1790983951252,1077,2066.0,28.212798108137846,32000.0,176.5,98.0,-1.6,-0.3,1.08,GOOD
1790983951252,1078,2217.0,57.76002385215043,32000.0,176.5,98.0,-1.6,-0.3,1.08,GOOD
1790983951252,1079,2196.0,91.55865667076188,32000.0,176.5,98.0,-1.6,-0.3,1.08,GOOD
1790983951252,1080,2199.0,123.90201258820781,32000.0,176.5,98.0,-1.6,-0.3,1.08,GOOD
1790983951252,1081,2206.0,143.94168403565644,32000.0,176.5,98.0,-1.6,-0.3,1.08,GOOD
1790983951252,1082,2120.0,152.24838137917556,32000.0,176.5,98.0,-1.6,-0.3,1.08,GOOD
1790983951252,1083,2125.0,149.7380832729304,32000.0,176.5,98.0,-1.6,-0.3,1.08,GOOD
1790983951252,1084,2127.0,131.7601274524323,32000.0,176.5,98.0,-1.6,-0.3,1.08,GOOD
1790983951252,1085,2090.0,99.26375108161315,32000.0,176.5,98.0,-1.6,-0.3,1.08,GOOD
1790983951252,1086,2140.0,64.44344477737985,32000.0,176.5,98.0,-1.6,-0.3,1.08,GOOD
1790983951252,1087,2157.0,48.58115527039753,32000.0,176.5,98.0,-1.6,-0.3,1.08,GOOD
1790983951252,1088,2152.0,62.252385007516,32000.0,176.5,98.0,-1.6,-0.3,1.08,GOOD
1790983951252,1089,2055.0,85.20189148923049,32000.0,176.5,98.0,-1.6,-0.3,1.08,GOOD
1790983951252,1090,2044.0,83.7749325526978,32000.0,176.5,98.0,-1.6,-0.3,1.08,GOOD
1790983951252,1091,2056.0,50.91264647617673,32000.0,176.5,98.0,-1.6,-0.3,1.08,GOOD
1790983951252,1092,2062.0,12.380665549249818,32000.0,176.5,98.0,-1.6,-0.3,1.08,GOOD
1790983951252,1093,2213.0,-1.609274925604987,32000.0,176.5,98.0,-1.6,-0.3,1.08,GOOD
1790983951252,1094,2159.0,20.614092820863025,32000.0,176.5,98.0,-1.6,-0.3,1.08,GOOD
1790983951252,1095,2143.0,61.74231057475106,32000.0,176.5,98.0,-1.6,-0.3,1.08,GOOD
1790983951252,1096,2145.0,93.02374702438136,32000.0,176.5,98.0,-1.6,-0.3,1.08,GOOD
1790983951252,1097,2419.0,115.18682545821501,32000.0,176.5,98.0,-1.6,-0.3,1.08,GOOD
1790983951252,1098,2395.0,157.00860324849506,32000.0,176.5,98.0,-1.6,-0.3,1.08,GOOD
1790983951252,1099,2379.0,222.55725181568857,32000.0,176.5,98.0,-1.6,-0.3,1.08,GOOD
1790983951252,1100,2395.0,282.13370666572484,32000.0,176.5,98.0,-1.6,-0.3,1.08,GOOD
1790983951409,1101,2265.0,312.1955725824372,32000.0,176.5,98.0,-1.6,-0.3,1.07,GOOD
1790983951409,1102,2275.0,303.9752143147386,32000.0,176.5,98.0,-1.6,-0.3,1.07,GOOD
1790983951409,1103,2247.0,260.2281799976846,32000.0,176.5,98.0,-1.6,-0.3,1.07,GOOD
1790983951409,1104,2259.0,200.24410128860382,32000.0,176.5,98.0,-1.6,-0.3,1.07,GOOD
1790983951409,1105,2086.0,144.19358471111536,32000.0,176.5,98.0,-1.6,-0.3,1.07,GOOD
1790983951409,1106,2126.0,97.17060113165307,32000.0,176.5,98.0,-1.6,-0.3,1.07,GOOD
1790983951409,1107,2126.0,59.58563868059473,32000.0,176.5,98.0,-1.6,-0.3,1.07,GOOD
1790983951409,1108,2114.0,32.77358811170613,32000.0,176.5,98.0,-1.6,-0.3,1.07,GOOD
1790983951409,1109,1829.0,0.9982867763056511,32000.0,176.5,98.0,-1.6,-0.3,1.07,GOOD
1790983951409,1110,1858.0,-60.1932798657192,32000.0,176.5,98.0,-1.6,-0.3,1.07,GOOD
1790983951409,1111,1878.0,-141.18805802709517,32000.0,176.5,98.0,-1.6,-0.3,1.07,GOOD
1790983951409,1112,1863.0,-205.28195074035085,32000.0,176.5,98.0,-1.6,-0.3,1.07,GOOD
1790983951409,1113,2058.0,-231.46051644178797,32000.0,176.5,98.0,-1.6,-0.3,1.07,GOOD
1790983951409,1114,2032.0,-213.63571745614425,32000.0,176.5,98.0,-1.6,-0.3,1.07,GOOD
1790983951409,1115,2043.0,-157.01200706701587,32000.0,176.5,98.0,-1.6,-0.3,1.07,GOOD
1790983951409,1116,2172.0,-80.71532800287623,32000.0,176.5,98.0,-1.6,-0.3,1.07,GOOD
1790983951409,1117,2136.0,-5.115702861207865,32000.0,176.5,98.0,-1.6,-0.3,1.07,GOOD
1790983951409,1118,2107.0,45.32410333927297,32000.0,176.5,98.0,-1.6,-0.3,1.07,GOOD
1790983951409,1119,2092.0,52.94688788364856,32000.0,176.5,98.0,-1.6,-0.3,1.07,GOOD
1790983951409,1120,2022.0,29.071263134134444,32000.0,176.5,98.0,-1.6,-0.3,1.07,GOOD
1790983951409,1121,2048.0,-1.411806577449882,32000.0,176.5,98.0,-1.6,-0.3,1.07,GOOD
1790983951409,1122,2033.0,-25.846480049523965,32000.0,176.5,98.0,-1.6,-0.3,1.07,GOOD
1790983951409,1123,2023.0,-46.88116366953992,32000.0,176.5,98.0,-1.6,-0.3,1.07,GOOD
1790983951409,1124,1907.0,-72.33179435665339,32000.0,176.5,98.0,-1.6,-0.3,1.07,GOOD
1790983951409,1125,1960.0,-101.86846582205928,32000.0,176.5,98.0,-1.6,-0.3,1.07,GOOD
1790983951500,1126,1978.0,-122.14690284353904,32000.0,176.5,98.0,-1.7,-0.3,1.08,GOOD
1790983951500,1127,1972.0,-125.20678259112171,32000.0,176.5,98.0,-1.7,-0.3,1.08,GOOD
1790983951500,1128,1820.0,-128.16848905823633,32000.0,176.5,98.0,-1.7,-0.3,1.08,GOOD
1790983951500,1129,1819.0,-154.2107314130093,32000.0,176.5,98.0,-1.7,-0.3,1.08,GOOD
1790983951500,1130,1854.0,-196.06778251811068,32000.0,176.5,98.0,-1.7,-0.3,1.08,GOOD
1790983951500,1131,1857.0,-224.86926209141146,32000.0,176.5,98.0,-1.7,-0.3,1.08,GOOD
1790983951500,1132,1896.0,-229.92275988167327,32000.0,176.5,98.0,-1.7,-0.3,1.08,GOOD
1790983951500,1133,1853.0,-222.72238716213948,32000.0,176.5,98.0,-1.7,-0.3,1.08,GOOD
1790983951500,1134,1844.0,-214.24017906877424,32000.0,176.5,98.0,-1.7,-0.3,1.08,GOOD
1790983951500,1135,1849.0,-205.46955494138814,32000.0,176.5,98.0,-1.7,-0.3,1.08,GOOD
1790983951500,1136,2123.0,-184.9985805782076,32000.0,176.5,98.0,-1.7,-0.3,1.08,GOOD
1790983951500,1137,2099.0,-136.63275397971688,32000.0,176.5,98.0,-1.7,-0.3,1.08,GOOD
1790983951500,1138,2084.0,-67.18448782087884,32000.0,176.5,98.0,-1.7,-0.3,1.08,GOOD
1790983951500,1139,1973.0,-7.95010306518699,32000.0,176.5,98.0,-1.7,-0.3,1.08,GOOD
1790983951500,1140,2015.0,19.285609019072147,32000.0,176.5,98.0,-1.7,-0.3,1.08,GOOD
1790983951500,1141,2016.0,15.611116239071263,32000.0,176.5,98.0,-1.7,-0.3,1.08,GOOD
1790983951500,1142,2007.0,-9.626131620972707,32000.0,176.5,98.0,-1.7,-0.3,1.08,GOOD
1790983951500,1143,1870.0,-50.23690251929858,32000.0,176.5,98.0,-1.7,-0.3,1.08,GOOD
1790983951500,1144,1914.0,-95.77147077724484,32000.0,176.5,98.0,-1.7,-0.3,1.08,GOOD
1790983951500,1145,1944.0,-124.27449323093947,32000.0,176.5,98.0,-1.7,-0.3,1.08,GOOD
1790983951500,1146,1941.0,-124.76194430227477,32000.0,176.5,98.0,-1.7,-0.3,1.08,GOOD
1790983951500,1147,1812.0,-120.4339951332955,32000.0,176.5,98.0,-1.7,-0.3,1.08,GOOD
1790983951500,1148,1812.0,-141.4361187118034,32000.0,176.5,98.0,-1.7,-0.3,1.08,GOOD
1790983951500,1149,1825.0,-180.45698683780896,32000.0,176.5,98.0,-1.7,-0.3,1.08,GOOD
1790983951500,1150,1832.0,-205.39870112009152,32000.0,176.5,98.0,-1.7,-0.3,1.08,GOOD
1790983951641,1151,1922.0,-203.67050486767516,32000.0,176.5,98.0,-1.6,-0.3,1.07,GOOD
1790983951641,1152,1832.0,-188.91407861386273,32000.0,176.5,98.0,-1.6,-0.3,1.07,GOOD
1790983951641,1153,1846.0,-178.59293467907344,32000.0,176.5,98.0,-1.6,-0.3,1.07,GOOD
1790983951641,1154,1853.0,-173.27469989928682,32000.0,176.5,98.0,-1.6,-0.3,1.07,GOOD
1790983951641,1155,2126.0,-152.02681082030128,32000.0,176.5,98.0,-1.6,-0.3,1.07,GOOD
1790983951641,1156,2085.0,-96.78684002053201,32000.0,176.5,98.0,-1.6,-0.3,1.07,GOOD
1790983951641,1157,2063.0,-24.63052767215911,32000.0,176.5,98.0,-1.6,-0.3,1.07,GOOD
1790983951641,1158,2065.0,30.50470980877805,32000.0,176.5,98.0,-1.6,-0.3,1.07,GOOD
1790983951641,1159,2082.0,62.005138365253856,32000.0,176.5,98.0,-1.6,-0.3,1.07,GOOD
1790983951641,1160,2094.0,80.9063689795845,32000.0,176.5,98.0,-1.6,-0.3,1.07,GOOD
1790983951641,1161,2084.0,85.82540354207507,32000.0,176.5,98.0,-1.6,-0.3,1.07,GOOD
1790983951641,1162,2086.0,71.87459904321997,32000.0,176.5,98.0,-1.6,-0.3,1.07,GOOD
1790983951641,1163,2042.0,50.5424601862206,32000.0,176.5,98.0,-1.6,-0.3,1.07,GOOD
1790983951641,1164,2073.0,41.06588735841686,32000.0,176.5,98.0,-1.6,-0.3,1.07,GOOD
1790983951641,1165,2081.0,48.10325444301812,32000.0,176.5,98.0,-1.6,-0.3,1.07,GOOD
1790983951641,1166,2073.0,56.70104170418688,32000.0,176.5,98.0,-1.6,-0.3,1.07,GOOD
1790983951641,1167,1776.0,40.18058819217046,32000.0,176.5,98.0,-1.6,-0.3,1.07,GOOD
1790983951641,1168,1794.0,-20.354477209542726,32000.0,176.5,98.0,-1.6,-0.3,1.07,GOOD
1790983951641,1169,1815.0,-105.6333321412744,32000.0,176.5,98.0,-1.6,-0.3,1.07,GOOD
1790983951641,1170,1825.0,-174.12598140908,32000.0,176.5,98.0,-1.6,-0.3,1.07,GOOD
1790983951641,1171,1829.0,-210.90781046934381,32000.0,176.5,98.0,-1.6,-0.3,1.07,GOOD
1790983951641,1172,1829.0,-224.02316266551642,32000.0,176.5,98.0,-1.6,-0.3,1.07,GOOD
1790983951641,1173,1851.0,-214.61636455514125,32000.0,176.5,98.0,-1.6,-0.3,1.07,GOOD
1790983951641,1174,1855.0,-182.0919362878085,32000.0,176.5,98.0,-1.6,-0.3,1.07,GOOD
1790983951641,1175,2098.0,-134.3252687326147,32000.0,176.5,98.0,-1.6,-0.3,1.07,GOOD
1790983951642,1176,2063.0,-77.74626455408314,32000.0,176.5,98.0,-1.6,-0.3,1.07,GOOD
1790983951642,1177,2063.0,-19.35384920747461,32000.0,176.5,98.0,-1.6,-0.3,1.07,GOOD
1790983951642,1178,2178.0,36.709004798032154,32000.0,176.5,98.0,-1.6,-0.3,1.07,GOOD
1790983951642,1179,2168.0,97.26859265271057,32000.0,176.5,98.0,-1.6,-0.3,1.07,GOOD
1790983951642,1180,2152.0,153.22920205520208,32000.0,176.5,98.0,-1.6,-0.3,1.07,GOOD
1790983951642,1181,2128.0,175.68355608025186,32000.0,176.5,98.0,-1.6,-0.3,1.07,GOOD
1790983951642,1182,2006.0,153.65752533523633,32000.0,176.5,98.0,-1.6,-0.3,1.07,GOOD
1790983951642,1183,2046.0,106.91604344590512,32000.0,176.5,98.0,-1.6,-0.3,1.07,GOOD
1790983951642,1184,2062.0,66.70733115057148,32000.0,176.5,98.0,-1.6,-0.3,1.07,GOOD
1790983951642,1185,2047.0,46.620134324377304,32000.0,176.5,98.0,-1.6,-0.3,1.07,GOOD
1790983951642,1186,1799.0,25.29148080611385,32000.0,176.5,98.0,-1.6,-0.3,1.07,GOOD
1790983951642,1187,1852.0,-24.94111039978634,32000.0,176.5,98.0,-1.6,-0.3,1.07,GOOD
1790983951642,1188,1877.0,-89.83312953619513,32000.0,176.5,98.0,-1.6,-0.3,1.07,GOOD
1790983951642,1189,1895.0,-130.42376518948774,32000.0,176.5,98.0,-1.6,-0.3,1.07,GOOD
1790983951642,1190,1878.0,-139.40007246344908,32000.0,176.5,98.0,-1.6,-0.3,1.07,GOOD
1790983951642,1191,1848.0,-138.54910015157324,32000.0,176.5,98.0,-1.6,-0.3,1.07,GOOD
1790983951642,1192,1857.0,-139.10000041942595,32000.0,176.5,98.0,-1.6,-0.3,1.07,GOOD
1790983951642,1193,1855.0,-134.33763276146288,32000.0,176.5,98.0,-1.6,-0.3,1.07,GOOD
1790983951642,1194,2035.0,-116.1935121055758,32000.0,176.5,98.0,-1.6,-0.3,1.07,GOOD
1790983951642,1195,1970.0,-84.7607473154813,32000.0,176.5,98.0,-1.6,-0.3,1.07,GOOD
1790983951642,1196,1962.0,-51.989007936570935,32000.0,176.5,98.0,-1.6,-0.3,1.07,GOOD
1790983951642,1197,1960.0,-28.632857664668393,32000.0,176.5,98.0,-1.6,-0.3,1.07,GOOD
1790983951642,1198,2162.0,-3.4528566394983846,32000.0,176.5,98.0,-1.6,-0.3,1.07,GOOD
1790983951642,1199,2135.0,40.427647874854514,32000.0,176.5,98.0,-1.6,-0.3,1.07,GOOD
1790983951642,1200,2127.0,91.27381251654342,32000.0,176.5,98.0,-1.6,-0.3,1.07,GOOD
1790983951846,1201,2011.0,119.24007123483648,32000.0,74.2,98.0,-1.6,-0.2,1.08,GOOD
1790983951846,1202,2054.0,115.85308857975457,32000.0,74.2,98.0,-1.6,-0.2,1.08,GOOD
1790983951846,1203,2062.0,99.2609766467109,32000.0,74.2,98.0,-1.6,-0.2,1.08,GOOD
1790983951846,1204,2058.0,83.51724814014617,32000.0,74.2,98.0,-1.6,-0.2,1.08,GOOD
1790983951846,1205,1860.0,57.62019044327809,32000.0,74.2,98.0,-1.6,-0.2,1.08,GOOD
1790983951846,1206,1882.0,6.999828474611915,32000.0,74.2,98.0,-1.6,-0.2,1.08,GOOD
1790983951846,1207,1915.0,-50.45947856297272,32000.0,74.2,98.0,-1.6,-0.2,1.08,GOOD
1790983951846,1208,1918.0,-82.01852860046424,32000.0,74.2,98.0,-1.6,-0.2,1.08,GOOD
1790983951846,1209,1930.0,-86.09691956850732,32000.0,74.2,98.0,-1.6,-0.2,1.08,GOOD
1790983951846,1210,1895.0,-84.78325268288805,32000.0,74.2,98.0,-1.6,-0.2,1.08,GOOD
1790983951846,1211,1892.0,-86.9784516770296,32000.0,74.2,98.0,-1.6,-0.2,1.08,GOOD
1790983951846,1212,1887.0,-84.36088750921742,32000.0,74.2,98.0,-1.6,-0.2,1.08,GOOD
1790983951846,1213,2020.0,-69.66843763041379,32000.0,74.2,98.0,-1.6,-0.2,1.08,GOOD
1790983951846,1214,1958.0,-47.34020674627931,32000.0,74.2,98.0,-1.6,-0.2,1.08,GOOD
1790983951846,1215,1934.0,-31.934989229829085,32000.0,74.2,98.0,-1.6,-0.2,1.08,GOOD
1790983951846,1216,1937.0,-29.52465616581612,32000.0,74.2,98.0,-1.6,-0.2,1.08,GOOD
1790983951846,1217,2241.0,-16.0495660723519,32000.0,74.2,98.0,-1.6,-0.2,1.08,GOOD
1790983951846,1218,2225.0,40.396789953784555,32000.0,74.2,98.0,-1.6,-0.2,1.08,GOOD
1790983951846,1219,2217.0,127.01775985908353,32000.0,74.2,98.0,-1.6,-0.2,1.08,GOOD
1790983951846,1220,2043.0,191.42006270008585,32000.0,74.2,98.0,-1.6,-0.2,1.08,GOOD
1790983951846,1221,2081.0,202.41165720415864,32000.0,74.2,98.0,-1.6,-0.2,1.08,GOOD
1790983951846,1222,2084.0,174.9259740332053,32000.0,74.2,98.0,-1.6,-0.2,1.08,GOOD
1790983951846,1223,2062.0,135.2408414213565,32000.0,74.2,98.0,-1.6,-0.2,1.08,GOOD
1790983951846,1224,1785.0,81.17184482992384,32000.0,74.2,98.0,-1.6,-0.2,1.08,GOOD
1790983951846,1225,1887.0,1.4375636492659467,32000.0,74.2,98.0,-1.6,-0.2,1.08,GOOD
1790983952035,1226,1909.0,-75.38913619325525,32000.0,74.2,98.0,-1.6,-0.2,1.08,LEAD_OFF
1790983952035,1227,1911.0,-107.6621332106091,32000.0,74.2,98.0,-1.6,-0.2,1.08,LEAD_OFF
1790983952035,1228,1925.0,-100.93691316908547,32000.0,74.2,98.0,-1.6,-0.2,1.08,LEAD_OFF
1790983952035,1229,1896.0,-89.1039655292023,32000.0,74.2,98.0,-1.6,-0.2,1.08,LEAD_OFF
1790983952035,1230,1898.0,-85.01666298524128,32000.0,74.2,98.0,-1.6,-0.2,1.08,LEAD_OFF
1790983952035,1231,1888.0,-78.88765982985265,32000.0,74.2,98.0,-1.6,-0.2,1.08,LEAD_OFF
1790983952035,1232,2060.0,-60.78948753391844,32000.0,74.2,98.0,-1.6,-0.2,1.08,LEAD_OFF
1790983952035,1233,2013.0,-31.478293820565185,32000.0,74.2,98.0,-1.6,-0.2,1.08,LEAD_OFF
1790983952035,1234,2004.0,-3.1800036182506908,32000.0,74.2,98.0,-1.6,-0.2,1.08,LEAD_OFF
1790983952035,1235,2003.0,15.781120805763813,32000.0,74.2,98.0,-1.6,-0.2,1.08,LEAD_OFF
1790983952035,1236,2165.0,38.77169038128745,32000.0,74.2,98.0,-1.6,-0.2,1.08,LEAD_OFF
1790983952035,1237,2164.0,81.45255142384842,32000.0,74.2,98.0,-1.6,-0.2,1.08,LEAD_OFF
1790983952035,1238,2163.0,130.4747256532229,32000.0,74.2,98.0,-1.6,-0.2,1.08,LEAD_OFF
1790983952035,1239,2602.0,177.72864541069347,32000.0,74.2,98.0,-1.6,-0.2,1.08,LEAD_OFF
1790983952035,1240,2669.0,264.98104220895766,32000.0,74.2,98.0,-1.6,-0.2,1.08,LEAD_OFF
1790983952035,1241,2714.0,418.82283998468154,32000.0,74.2,98.0,-1.6,-0.2,1.08,LEAD_OFF
1790983952035,1242,2732.0,589.6085225827239,32000.0,74.2,98.0,-1.6,-0.2,1.08,LEAD_OFF
1790983952035,1243,1899.0,674.5339443660389,32000.0,74.2,98.0,-1.6,-0.2,1.08,LEAD_OFF
1790983952035,1244,1880.0,574.2162496346016,32000.0,74.2,98.0,-1.6,-0.2,1.08,LEAD_OFF
1790983952035,1245,1854.0,305.3951853511941,32000.0,74.2,98.0,-1.6,-0.2,1.08,LEAD_OFF
1790983952035,1246,1822.0,9.041865061166433,32000.0,74.2,98.0,-1.6,-0.2,1.08,LEAD_OFF
1790983952035,1247,1698.0,-202.66908601618783,32000.0,74.2,98.0,-1.6,-0.2,1.08,LEAD_OFF
1790983952035,1248,1674.0,-313.6869261051748,32000.0,74.2,98.0,-1.6,-0.2,1.08,LEAD_OFF
1790983952035,1249,1654.0,-349.70077776033924,32000.0,74.2,98.0,-1.6,-0.2,1.08,LEAD_OFF
1790983952035,1250,1615.0,-343.35366851396,32000.0,74.2,98.0,-1.6,-0.2,1.08,LEAD_OFF
1790983952036,1251,2101.0,-314.59800899380946,32000.0,74.2,98.0,-1.6,-0.2,1.08,LEAD_OFF
1790983952036,1252,2082.0,-248.1669273714953,32000.0,74.2,98.0,-1.6,-0.2,1.08,LEAD_OFF
1790983952036,1253,2096.0,-134.70481005964223,32000.0,74.2,98.0,-1.6,-0.2,1.08,LEAD_OFF
1790983952036,1254,2108.0,-4.701914341503045,32000.0,74.2,98.0,-1.6,-0.2,1.08,LEAD_OFF
1790983952036,1255,2155.0,105.98605508701219,32000.0,74.2,98.0,-1.6,-0.2,1.08,LEAD_OFF
1790983952036,1256,2136.0,171.76829052505383,32000.0,74.2,98.0,-1.6,-0.2,1.08,LEAD_OFF
1790983952036,1257,2147.0,178.11350329264772,32000.0,74.2,98.0,-1.6,-0.2,1.08,LEAD_OFF
1790983952036,1258,2183.0,144.85338735531832,32000.0,74.2,98.0,-1.6,-0.2,1.08,LEAD_OFF
1790983952036,1259,2222.0,123.45039630747986,32000.0,74.2,98.0,-1.6,-0.2,1.08,LEAD_OFF
1790983952036,1260,2237.0,146.88624582707777,32000.0,74.2,98.0,-1.6,-0.2,1.08,LEAD_OFF
1790983952036,1261,2227.0,194.34988544181124,32000.0,74.2,98.0,-1.6,-0.2,1.08,LEAD_OFF
1790983952036,1262,2249.0,221.91085608198028,32000.0,74.2,98.0,-1.6,-0.2,1.08,LEAD_OFF
1790983952036,1263,1866.0,202.69452263766857,32000.0,74.2,98.0,-1.6,-0.2,1.08,LEAD_OFF
1790983952036,1264,1919.0,131.4068391720768,32000.0,74.2,98.0,-1.6,-0.2,1.08,LEAD_OFF
1790983952036,1265,1904.0,32.4100044774011,32000.0,74.2,98.0,-1.6,-0.2,1.08,LEAD_OFF
1790983952036,1266,1885.0,-57.55409817942218,32000.0,74.2,98.0,-1.6,-0.2,1.08,LEAD_OFF
1790983952036,1267,1996.0,-121.8478554590479,32000.0,74.2,98.0,-1.6,-0.2,1.08,LEAD_OFF
1790983952036,1268,2002.0,-146.54409756855785,32000.0,74.2,98.0,-1.6,-0.2,1.08,LEAD_OFF
1790983952036,1269,2006.0,-117.10418709642768,32000.0,74.2,98.0,-1.6,-0.2,1.08,LEAD_OFF
1790983952036,1270,1959.0,-51.94192064534389,32000.0,74.2,98.0,-1.6,-0.2,1.08,LEAD_OFF
1790983952036,1271,2146.0,6.270801858169219,32000.0,74.2,98.0,-1.6,-0.2,1.08,LEAD_OFF
1790983952036,1272,2113.0,36.47809646382709,32000.0,74.2,98.0,-1.6,-0.2,1.08,LEAD_OFF
1790983952036,1273,2129.0,49.70743860557022,32000.0,74.2,98.0,-1.6,-0.2,1.08,LEAD_OFF
1790983952036,1274,2130.0,67.00453743148094,32000.0,74.2,98.0,-1.6,-0.2,1.08,LEAD_OFF
1790983952036,1275,2257.0,103.04591009727474,32000.0,74.2,98.0,-1.6,-0.2,1.08,LEAD_OFF
1790983952194,1276,2226.0,151.63600725398518,32000.0,74.2,98.0,-1.7,-0.2,1.08,GOOD
1790983952194,1277,2243.0,186.69202193191506,32000.0,74.2,98.0,-1.7,-0.2,1.08,GOOD
1790983952194,1278,2171.0,192.48391822766604,32000.0,74.2,98.0,-1.7,-0.2,1.08,GOOD
1790983952194,1279,2220.0,182.92635316002713,32000.0,74.2,98.0,-1.7,-0.2,1.08,GOOD
1790983952194,1280,2205.0,179.8235447608928,32000.0,74.2,98.0,-1.7,-0.2,1.08,GOOD
1790983952194,1281,2184.0,181.21463416006998,32000.0,74.2,98.0,-1.7,-0.2,1.08,GOOD
1790983952194,1282,1964.0,159.44919615056483,32000.0,74.2,98.0,-1.7,-0.2,1.08,GOOD
1790983952194,1283,2017.0,97.45302727300147,32000.0,74.2,98.0,-1.7,-0.2,1.08,GOOD
1790983952194,1284,2049.0,23.828566774563242,32000.0,74.2,98.0,-1.7,-0.2,1.08,GOOD
1790983952194,1285,2021.0,-18.629837184915182,32000.0,74.2,98.0,-1.7,-0.2,1.08,GOOD
1790983952194,1286,2037.0,-28.18860820020842,32000.0,74.2,98.0,-1.7,-0.2,1.08,GOOD
1790983952194,1287,2034.0,-29.12077718312556,32000.0,74.2,98.0,-1.7,-0.2,1.08,GOOD
1790983952194,1288,2077.0,-27.547556208935255,32000.0,74.2,98.0,-1.7,-0.2,1.08,GOOD
1790983952194,1289,2097.0,-11.607486908654055,32000.0,74.2,98.0,-1.7,-0.2,1.08,GOOD
1790983952194,1290,2259.0,25.889224075057953,32000.0,74.2,98.0,-1.7,-0.2,1.08,GOOD
1790983952194,1291,2176.0,76.47702864448647,32000.0,74.2,98.0,-1.7,-0.2,1.08,GOOD
1790983952194,1292,2171.0,117.55656953124213,32000.0,74.2,98.0,-1.7,-0.2,1.08,GOOD
1790983952194,1293,2187.0,135.26350346428734,32000.0,74.2,98.0,-1.7,-0.2,1.08,GOOD
1790983952194,1294,2488.0,151.5862333854729,32000.0,74.2,98.0,-1.7,-0.2,1.08,GOOD
1790983952194,1295,2448.0,201.50622440800183,32000.0,74.2,98.0,-1.7,-0.2,1.08,GOOD
1790983952194,1296,2418.0,277.2484115498457,32000.0,74.2,98.0,-1.7,-0.2,1.08,GOOD
1790983952194,1297,2439.0,337.8748514693924,32000.0,74.2,98.0,-1.7,-0.2,1.08,GOOD
1790983952194,1298,2209.0,358.9779845341431,32000.0,74.2,98.0,-1.7,-0.2,1.08,GOOD
1790983952194,1299,2231.0,331.76428589473784,32000.0,74.2,98.0,-1.7,-0.2,1.08,GOOD
1790983952194,1300,2196.0,259.73836096871764,32000.0,74.2,98.0,-1.7,-0.2,1.08,GOOD
1790983952196,1301,2172.0,168.07209611899776,32000.0,74.2,98.0,-1.7,-0.2,1.08,GOOD
1790983952196,1302,1881.0,78.5821646538069,32000.0,74.2,98.0,-1.7,-0.2,1.08,GOOD
1790983952196,1303,1929.0,-6.816345050963875,32000.0,74.2,98.0,-1.7,-0.2,1.08,GOOD
1790983952196,1304,1924.0,-83.14517510452637,32000.0,74.2,98.0,-1.7,-0.2,1.08,GOOD
1790983952196,1305,1874.0,-141.44390806294703,32000.0,74.2,98.0,-1.7,-0.2,1.08,GOOD
1790983952196,1306,1770.0,-191.53598967641324,32000.0,74.2,98.0,-1.7,-0.2,1.08,GOOD
1790983952196,1307,1806.0,-242.26511199327038,32000.0,74.2,98.0,-1.7,-0.2,1.08,GOOD
1790983952196,1308,1853.0,-274.760194112405,32000.0,74.2,98.0,-1.7,-0.2,1.08,GOOD
1790983952196,1309,1849.0,-270.6030375219194,32000.0,74.2,98.0,-1.7,-0.2,1.08,GOOD
1790983952196,1310,2041.0,-238.7034153829059,32000.0,74.2,98.0,-1.7,-0.2,1.08,GOOD
1790983952196,1311,1990.0,-193.2981164540098,32000.0,74.2,98.0,-1.7,-0.2,1.08,GOOD
1790983952196,1312,2009.0,-140.7800912690843,32000.0,74.2,98.0,-1.7,-0.2,1.08,GOOD
1790983952196,1313,2028.0,-87.17648789082757,32000.0,74.2,98.0,-1.7,-0.2,1.08,GOOD
1790983952196,1314,2141.0,-36.977322613241675,32000.0,74.2,98.0,-1.7,-0.2,1.08,GOOD
1790983952196,1315,2093.0,2.6778399242762863,32000.0,74.2,98.0,-1.7,-0.2,1.08,GOOD
1790983952196,1316,2080.0,20.405453044698355,32000.0,74.2,98.0,-1.7,-0.2,1.08,GOOD
1790983952196,1317,2130.0,20.201336570556755,32000.0,74.2,98.0,-1.7,-0.2,1.08,GOOD
1790983952196,1318,2015.0,21.318989564944346,32000.0,74.2,98.0,-1.7,-0.2,1.08,GOOD
1790983952196,1319,2062.0,24.672665481887293,32000.0,74.2,98.0,-1.7,-0.2,1.08,GOOD
1790983952196,1320,2039.0,13.799725828913177,32000.0,74.2,98.0,-1.7,-0.2,1.08,GOOD
1790983952196,1321,2024.0,-14.477363337922174,32000.0,74.2,98.0,-1.7,-0.2,1.08,GOOD
1790983952196,1322,1848.0,-50.76749272477307,32000.0,74.2,98.0,-1.7,-0.2,1.08,GOOD
1790983952196,1323,1921.0,-88.15122855549275,32000.0,74.2,98.0,-1.7,-0.2,1.08,GOOD
1790983952196,1324,1919.0,-120.13022661325611,32000.0,74.2,98.0,-1.7,-0.2,1.08,GOOD
1790983952196,1325,1878.0,-144.96226531935122,32000.0,74.2,98.0,-1.7,-0.2,1.08,GOOD
1790983952288,1326,1753.0,-174.1629219034234,32000.0,74.2,98.0,-1.6,-0.2,1.07,GOOD
1790983952288,1327,1809.0,-212.22381222304026,32000.0,74.2,98.0,-1.6,-0.2,1.07,GOOD
1790983952288,1328,1846.0,-239.34118409301712,32000.0,74.2,98.0,-1.6,-0.2,1.07,GOOD
1790983952288,1329,1829.0,-239.85876542446726,32000.0,74.2,98.0,-1.6,-0.2,1.07,GOOD
1790983952288,1330,1952.0,-223.67111827864244,32000.0,74.2,98.0,-1.6,-0.2,1.07,GOOD
1790983952288,1331,1911.0,-200.46553918132406,32000.0,74.2,98.0,-1.6,-0.2,1.07,GOOD
1790983952288,1332,1930.0,-167.9646319053769,32000.0,74.2,98.0,-1.6,-0.2,1.07,GOOD
1790983952288,1333,1943.0,-127.99701934095633,32000.0,74.2,98.0,-1.6,-0.2,1.07,GOOD
1790983952288,1334,2124.0,-85.93810188020022,32000.0,74.2,98.0,-1.6,-0.2,1.07,GOOD
1790983952288,1335,2038.0,-45.23316590675096,32000.0,74.2,98.0,-1.6,-0.2,1.07,GOOD
1790983952288,1336,2015.0,-14.919275643645936,32000.0,74.2,98.0,-1.6,-0.2,1.07,GOOD
1790983952288,1337,2048.0,0.09445589030056212,32000.0,74.2,98.0,-1.6,-0.2,1.07,GOOD
1790983952288,1338,2083.0,11.972501479065913,32000.0,74.2,98.0,-1.6,-0.2,1.07,GOOD
1790983952288,1339,2114.0,29.107407464349848,32000.0,74.2,98.0,-1.6,-0.2,1.07,GOOD
1790983952288,1340,2038.0,40.32491305499515,32000.0,74.2,98.0,-1.6,-0.2,1.07,GOOD
1790983952288,1341,1866.0,27.034110099648142,32000.0,74.2,98.0,-1.6,-0.2,1.07,GOOD
1790983952288,1342,1962.0,-13.208857442405339,32000.0,74.2,98.0,-1.6,-0.2,1.07,GOOD
1790983952288,1343,2016.0,-53.53949125865241,32000.0,74.2,98.0,-1.6,-0.2,1.07,GOOD
1790983952288,1344,2002.0,-69.15241415887192,32000.0,74.2,98.0,-1.6,-0.2,1.07,GOOD
1790983952288,1345,1800.0,-75.0402063561523,32000.0,74.2,98.0,-1.6,-0.2,1.07,GOOD
1790983952288,1346,1817.0,-101.12819276748016,32000.0,74.2,98.0,-1.6,-0.2,1.07,GOOD
1790983952288,1347,1863.0,-141.68641897070455,32000.0,74.2,98.0,-1.6,-0.2,1.07,GOOD
1790983952288,1348,1883.0,-166.90518277526422,32000.0,74.2,98.0,-1.6,-0.2,1.07,GOOD
1790983952288,1349,1849.0,-172.37027043516957,32000.0,74.2,98.0,-1.6,-0.2,1.07,GOOD
1790983952288,1350,1812.0,-177.44272570208656,32000.0,74.2,98.0,-1.6,-0.2,1.07,GOOD
1790983952368,1351,1809.0,-187.69498579049582,32000.0,74.2,98.0,-1.6,-0.2,1.08,GOOD
1790983952368,1352,1845.0,-189.42106949059445,32000.0,74.2,98.0,-1.6,-0.2,1.08,GOOD
1790983952368,1353,2127.0,-166.19517728600908,32000.0,74.2,98.0,-1.6,-0.2,1.08,GOOD
1790983952368,1354,2069.0,-110.67384041685726,32000.0,74.2,98.0,-1.6,-0.2,1.08,GOOD
1790983952368,1355,2029.0,-40.04723960869713,32000.0,74.2,98.0,-1.6,-0.2,1.08,GOOD
1790983952368,1356,2028.0,17.62199908228482,32000.0,74.2,98.0,-1.6,-0.2,1.08,GOOD
1790983952368,1357,2167.0,59.025511651314496,32000.0,74.2,98.0,-1.6,-0.2,1.08,GOOD
1790983952368,1358,2173.0,95.44236426926722,32000.0,74.2,98.0,-1.6,-0.2,1.08,GOOD
1790983952368,1359,2156.0,121.32651258164985,32000.0,74.2,98.0,-1.6,-0.2,1.08,GOOD
1790983952368,1360,2134.0,126.53947229779527,32000.0,74.2,98.0,-1.6,-0.2,1.08,GOOD
1790983952368,1361,2008.0,118.30205243328426,32000.0,74.2,98.0,-1.6,-0.2,1.08,GOOD
1790983952368,1362,2059.0,105.56091593386218,32000.0,74.2,98.0,-1.6,-0.2,1.08,GOOD
1790983952368,1363,2073.0,86.03268698934824,32000.0,74.2,98.0,-1.6,-0.2,1.08,GOOD
1790983952368,1364,2070.0,56.4999952784736,32000.0,74.2,98.0,-1.6,-0.2,1.08,GOOD
1790983952368,1365,1763.0,13.581661709501951,32000.0,74.2,98.0,-1.6,-0.2,1.08,GOOD
1790983952368,1366,1788.0,-47.00149481460164,32000.0,74.2,98.0,-1.6,-0.2,1.08,GOOD
1790983952368,1367,1801.0,-113.85219443205857,32000.0,74.2,98.0,-1.6,-0.2,1.08,GOOD
1790983952368,1368,1792.0,-169.39252585349257,32000.0,74.2,98.0,-1.6,-0.2,1.08,GOOD
1790983952368,1369,1844.0,-212.19714137090125,32000.0,74.2,98.0,-1.6,-0.2,1.08,GOOD
1790983952368,1370,1829.0,-237.12148854669059,32000.0,74.2,98.0,-1.6,-0.2,1.08,GOOD
1790983952368,1371,1851.0,-226.12754149275457,32000.0,74.2,98.0,-1.6,-0.2,1.08,GOOD
1790983952368,1372,1861.0,-179.33167318648515,32000.0,74.2,98.0,-1.6,-0.2,1.08,GOOD
1790983952368,1373,2098.0,-120.345181306336,32000.0,74.2,98.0,-1.6,-0.2,1.08,GOOD
1790983952368,1374,2046.0,-66.52007550047395,32000.0,74.2,98.0,-1.6,-0.2,1.08,GOOD
1790983952368,1375,2038.0,-20.715676650236986,32000.0,74.2,98.0,-1.6,-0.2,1.08,GOOD
1790983952609,1376,2044.0,20.90779070227386,-69.0,74.3,98.0,-1.7,-0.2,1.07,GOOD
1790983952609,1377,2092.0,63.02933343444151,-67.0,74.3,98.0,-1.7,-0.2,1.07,GOOD
1790983952609,1378,2105.0,96.19583752249476,-67.0,74.3,98.0,-1.7,-0.2,1.07,GOOD
1790983952609,1379,2096.0,102.76583227634555,-65.0,74.3,98.0,-1.7,-0.2,1.07,GOOD
1790983952609,1380,2106.0,87.26259258941273,-64.0,74.3,98.0,-1.7,-0.2,1.07,GOOD
1790983952609,1381,2041.0,76.99393802757638,-63.0,74.3,98.0,-1.7,-0.2,1.07,GOOD
1790983952609,1382,2034.0,83.21457718963987,-60.0,74.3,98.0,-1.7,-0.2,1.07,GOOD
1790983952609,1383,2036.0,85.52944180916685,-58.0,74.3,98.0,-1.7,-0.2,1.07,GOOD
1790983952609,1384,2023.0,63.30235594718608,-57.0,74.3,98.0,-1.7,-0.2,1.07,GOOD
1790983952609,1385,1693.0,12.516381397696883,-54.0,74.3,98.0,-1.7,-0.2,1.07,GOOD
1790983952609,1386,1756.0,-62.96427534981902,-53.0,74.3,98.0,-1.7,-0.2,1.07,GOOD
1790983952609,1387,1783.0,-142.33359432363122,-50.0,74.3,98.0,-1.7,-0.2,1.07,GOOD
1790983952609,1388,1770.0,-200.25331836474203,-48.0,74.3,98.0,-1.7,-0.2,1.07,GOOD
1790983952609,1389,1838.0,-233.52588281800936,-45.0,74.3,98.0,-1.7,-0.2,1.07,GOOD
1790983952609,1390,1859.0,-239.67639277316908,-44.0,74.3,98.0,-1.7,-0.2,1.07,GOOD
1790983952609,1391,1893.0,-205.75116566402983,-43.0,74.3,98.0,-1.7,-0.2,1.07,GOOD
1790983952609,1392,1898.0,-139.57521092653303,-42.0,74.3,98.0,-1.7,-0.2,1.07,GOOD
1790983952609,1393,2013.0,-74.64155005895569,-40.0,74.3,98.0,-1.7,-0.2,1.07,GOOD
1790983952609,1394,1950.0,-36.81435214502997,-38.0,74.3,98.0,-1.7,-0.2,1.07,GOOD
1790983952609,1395,1958.0,-25.115187979500472,-37.0,74.3,98.0,-1.7,-0.2,1.07,GOOD
1790983952609,1396,1957.0,-20.162550664654958,-33.0,74.3,98.0,-1.7,-0.2,1.07,GOOD
1790983952609,1397,2182.0,1.1150531090540028,-31.0,74.3,98.0,-1.7,-0.2,1.07,GOOD
1790983952609,1398,2159.0,48.20586760778406,-30.0,74.3,98.0,-1.7,-0.2,1.07,GOOD
1790983952609,1399,2160.0,104.26082115603488,-29.0,74.3,98.0,-1.7,-0.2,1.07,GOOD
1790983952609,1400,2204.0,148.93809467415323,-28.0,74.3,98.0,-1.7,-0.2,1.07,GOOD
1790983952610,1401,2107.0,182.34518201666063,32000.0,74.3,98.0,-1.7,-0.2,1.07,GOOD
1790983952610,1402,2119.0,201.73258415747185,32000.0,74.3,98.0,-1.7,-0.2,1.07,GOOD
1790983952610,1403,2091.0,191.51976004002668,32000.0,74.3,98.0,-1.7,-0.2,1.07,GOOD
1790983952610,1404,2093.0,150.49160020238304,32000.0,74.3,98.0,-1.7,-0.2,1.07,GOOD
1790983952610,1405,1949.0,97.91127943709503,32000.0,74.3,98.0,-1.7,-0.2,1.07,GOOD
1790983952610,1406,1998.0,53.564996547810566,32000.0,74.3,98.0,-1.7,-0.2,1.07,GOOD
1790983952610,1407,1994.0,26.401421607151352,32000.0,74.3,98.0,-1.7,-0.2,1.07,GOOD
1790983952610,1408,1965.0,10.484768461658524,32000.0,74.3,98.0,-1.7,-0.2,1.07,GOOD
1790983952610,1409,1810.0,-14.413899187566287,32000.0,74.3,98.0,-1.7,-0.2,1.07,GOOD
1790983952610,1410,1841.0,-59.436799425177384,32000.0,74.3,98.0,-1.7,-0.2,1.07,GOOD
1790983952610,1411,1859.0,-105.89841237936164,32000.0,74.3,98.0,-1.7,-0.2,1.07,GOOD
1790983952610,1412,1838.0,-130.7678883058026,32000.0,74.3,98.0,-1.7,-0.2,1.07,GOOD
1790983952610,1413,2091.0,-129.3975854287902,32000.0,74.3,98.0,-1.7,-0.2,1.07,GOOD
1790983952610,1414,2066.0,-96.04548094565826,32000.0,74.3,98.0,-1.7,-0.2,1.07,GOOD
1790983952610,1415,2090.0,-28.67379553767971,32000.0,74.3,98.0,-1.7,-0.2,1.07,GOOD
1790983952610,1416,2090.0,52.2117498143619,32000.0,74.3,98.0,-1.7,-0.2,1.07,GOOD
1790983952610,1417,2216.0,121.57845324778086,32000.0,74.3,98.0,-1.7,-0.2,1.07,GOOD
1790983952610,1418,2148.0,165.78406322618943,32000.0,74.3,98.0,-1.7,-0.2,1.07,GOOD
1790983952610,1419,2132.0,178.54128403842554,32000.0,74.3,98.0,-1.7,-0.2,1.07,GOOD
1790983952610,1420,2156.0,167.8636044669476,32000.0,74.3,98.0,-1.7,-0.2,1.07,GOOD
1790983952610,1421,2069.0,154.26467908147634,32000.0,74.3,98.0,-1.7,-0.2,1.07,GOOD
1790983952610,1422,2070.0,142.07728476779533,32000.0,74.3,98.0,-1.7,-0.2,1.07,GOOD
1790983952610,1423,2032.0,117.7511777865856,32000.0,74.3,98.0,-1.7,-0.2,1.07,GOOD
1790983952610,1424,1896.0,73.01400792680361,32000.0,74.3,98.0,-1.7,-0.2,1.07,GOOD
1790983952610,1425,1964.0,15.432832123904017,32000.0,74.3,98.0,-1.7,-0.2,1.07,GOOD
1790983952751,1426,2000.0,-29.354758173305676,32000.0,74.3,98.0,-1.6,-0.3,1.08,GOOD
1790983952751,1427,1990.0,-41.37364644595941,32000.0,74.3,98.0,-1.6,-0.3,1.08,GOOD
1790983952751,1428,1874.0,-35.82033008712472,32000.0,74.3,98.0,-1.6,-0.3,1.08,GOOD
1790983952751,1429,1857.0,-43.907893645325046,32000.0,74.3,98.0,-1.6,-0.3,1.08,GOOD
1790983952751,1430,1879.0,-71.13747219335785,32000.0,74.3,98.0,-1.6,-0.3,1.08,GOOD
1790983952751,1431,1887.0,-97.54738934734681,32000.0,74.3,98.0,-1.6,-0.3,1.08,GOOD
1790983952751,1432,2135.0,-101.26240285555522,32000.0,74.3,98.0,-1.6,-0.3,1.08,GOOD
1790983952751,1433,2104.0,-65.89649272853259,32000.0,74.3,98.0,-1.6,-0.3,1.08,GOOD
1790983952751,1434,2098.0,3.6123553787817393,32000.0,74.3,98.0,-1.6,-0.3,1.08,GOOD
1790983952751,1435,2129.0,79.03189617221295,32000.0,74.3,98.0,-1.6,-0.3,1.08,GOOD
1790983952751,1436,2757.0,160.42770004641758,32000.0,74.3,98.0,-1.6,-0.3,1.08,GOOD
1790983952751,1437,2711.0,288.0803269519351,32000.0,74.3,98.0,-1.6,-0.3,1.08,GOOD
1790983952751,1438,2691.0,458.6312451740859,32000.0,74.3,98.0,-1.6,-0.3,1.08,GOOD
1790983952751,1439,2709.0,609.6848672197856,32000.0,74.3,98.0,-1.6,-0.3,1.08,GOOD
1790983952751,1440,2029.0,676.0281582213047,32000.0,74.3,98.0,-1.6,-0.3,1.08,GOOD
1790983952751,1441,2013.0,596.545937499503,32000.0,74.3,98.0,-1.6,-0.3,1.08,GOOD
1790983952751,1442,1940.0,368.9243418687648,32000.0,74.3,98.0,-1.6,-0.3,1.08,GOOD
1790983952751,1443,1894.0,89.2704993753411,32000.0,74.3,98.0,-1.6,-0.3,1.08,GOOD
1790983952751,1444,1550.0,-141.52136313395872,32000.0,74.3,98.0,-1.6,-0.3,1.08,GOOD
1790983952751,1445,1631.0,-290.3244869775437,32000.0,74.3,98.0,-1.6,-0.3,1.08,GOOD
1790983952751,1446,1628.0,-364.9979002208826,32000.0,74.3,98.0,-1.6,-0.3,1.08,GOOD
1790983952751,1447,1581.0,-392.6682413921729,32000.0,74.3,98.0,-1.6,-0.3,1.08,GOOD
1790983952751,1448,1866.0,-402.262275186853,32000.0,74.3,98.0,-1.6,-0.3,1.08,GOOD
1790983952751,1449,1904.0,-379.272494423858,32000.0,74.3,98.0,-1.6,-0.3,1.08,GOOD
1790983952751,1450,1964.0,-292.2524822395138,32000.0,74.3,98.0,-1.6,-0.3,1.08,GOOD
1790983952832,1451,1966.0,-160.65584150008476,32000.0,74.3,98.0,-1.6,-0.3,1.08,GOOD
1790983952832,1452,2073.0,-42.98372509064021,32000.0,74.3,98.0,-1.6,-0.3,1.08,GOOD
1790983952832,1453,2015.0,20.002174993092993,32000.0,74.3,98.0,-1.6,-0.3,1.08,GOOD
1790983952832,1454,2038.0,31.24762341003067,32000.0,74.3,98.0,-1.6,-0.3,1.08,GOOD
1790983952832,1455,2084.0,26.69378728621306,32000.0,74.3,98.0,-1.6,-0.3,1.08,GOOD
1790983952832,1456,2248.0,45.8644895235293,32000.0,74.3,98.0,-1.6,-0.3,1.08,GOOD
1790983952832,1457,2165.0,95.76471989574995,32000.0,74.3,98.0,-1.6,-0.3,1.08,GOOD
1790983952832,1458,2130.0,142.21968922628224,32000.0,74.3,98.0,-1.6,-0.3,1.08,GOOD
1790983952832,1459,2159.0,156.28596210441808,32000.0,74.3,98.0,-1.6,-0.3,1.08,GOOD
1790983952832,1460,2118.0,149.6634675262362,32000.0,74.3,98.0,-1.6,-0.3,1.08,GOOD
1790983952832,1461,2123.0,141.69588236564198,32000.0,74.3,98.0,-1.6,-0.3,1.08,GOOD
1790983952832,1462,2076.0,127.89820824770655,32000.0,74.3,98.0,-1.6,-0.3,1.08,GOOD
1790983952832,1463,2067.0,98.01860069908379,32000.0,74.3,98.0,-1.6,-0.3,1.08,GOOD
1790983952832,1464,2024.0,59.58486009845061,32000.0,74.3,98.0,-1.6,-0.3,1.08,GOOD
1790983952832,1465,2104.0,33.96832781604279,32000.0,74.3,98.0,-1.6,-0.3,1.08,GOOD
1790983952832,1466,2107.0,34.65169726856909,32000.0,74.3,98.0,-1.6,-0.3,1.08,GOOD
1790983952832,1467,2066.0,50.30141392258592,32000.0,74.3,98.0,-1.6,-0.3,1.08,GOOD
1790983952832,1468,1944.0,52.46184014406677,32000.0,74.3,98.0,-1.6,-0.3,1.08,GOOD
1790983952832,1469,1971.0,26.695715443818738,32000.0,74.3,98.0,-1.6,-0.3,1.08,GOOD
1790983952832,1470,2006.0,-9.889606138372313,32000.0,74.3,98.0,-1.6,-0.3,1.08,GOOD
1790983952832,1471,2254.0,-23.34519262243474,32000.0,74.3,98.0,-1.6,-0.3,1.08,GOOD
1790983952832,1472,2172.0,7.200997663989643,32000.0,74.3,98.0,-1.6,-0.3,1.08,GOOD
1790983952832,1473,2143.0,65.76495816588528,32000.0,74.3,98.0,-1.6,-0.3,1.08,GOOD
1790983952832,1474,2153.0,118.51969155470786,32000.0,74.3,98.0,-1.6,-0.3,1.08,GOOD
1790983952832,1475,2321.0,156.34280632005968,32000.0,74.3,98.0,-1.6,-0.3,1.08,GOOD
1790983952915,1476,2295.0,189.81829352295534,32000.0,74.3,98.0,-1.6,-0.2,1.08,GOOD
1790983952915,1477,2243.0,214.62549973774833,32000.0,74.3,98.0,-1.6,-0.2,1.08,GOOD
1790983952915,1478,2227.0,218.36747584809277,32000.0,74.3,98.0,-1.6,-0.2,1.08,GOOD
1790983952915,1479,2163.0,206.4463415016157,32000.0,74.3,98.0,-1.6,-0.2,1.08,GOOD
1790983952915,1480,2227.0,191.0535278489387,32000.0,74.3,98.0,-1.6,-0.2,1.08,GOOD
1790983952915,1481,2215.0,173.68837335107673,32000.0,74.3,98.0,-1.6,-0.2,1.08,GOOD
1790983952915,1482,2185.0,150.5430064238212,32000.0,74.3,98.0,-1.6,-0.2,1.08,GOOD
1790983952915,1483,2135.0,124.27123797676214,32000.0,74.3,98.0,-1.6,-0.2,1.08,GOOD
1790983952915,1484,2200.0,108.26149916219202,32000.0,74.3,98.0,-1.6,-0.2,1.08,GOOD
1790983952915,1485,2251.0,114.20625397270047,32000.0,74.3,98.0,-1.6,-0.2,1.08,GOOD
1790983952915,1486,2245.0,134.3181020163068,32000.0,74.3,98.0,-1.6,-0.2,1.08,GOOD
1790983952915,1487,2072.0,141.7755742486437,32000.0,74.3,98.0,-1.6,-0.2,1.08,GOOD
1790983952915,1488,2063.0,116.98941994342525,32000.0,74.3,98.0,-1.6,-0.2,1.08,GOOD
1790983952915,1489,2094.0,73.19763190580032,32000.0,74.3,98.0,-1.6,-0.2,1.08,GOOD
1790983952915,1490,2106.0,37.99323554121922,32000.0,74.3,98.0,-1.6,-0.2,1.08,GOOD
1790983952915,1491,2380.0,27.72061497917801,32000.0,74.3,98.0,-1.6,-0.2,1.08,GOOD
1790983952915,1492,2313.0,55.60286754656491,32000.0,74.3,98.0,-1.6,-0.2,1.08,GOOD
1790983952915,1493,2311.0,121.48296798815375,32000.0,74.3,98.0,-1.6,-0.2,1.08,GOOD
1790983952915,1494,2336.0,200.15137330909135,32000.0,74.3,98.0,-1.6,-0.2,1.08,GOOD
1790983952915,1495,2371.0,261.82307308545944,32000.0,74.3,98.0,-1.6,-0.2,1.08,GOOD
1790983952915,1496,2321.0,284.11559932078546,32000.0,74.3,98.0,-1.6,-0.2,1.08,GOOD
1790983952915,1497,2273.0,260.3118940074667,32000.0,74.3,98.0,-1.6,-0.2,1.08,GOOD
1790983952915,1498,2267.0,212.6097347522738,32000.0,74.3,98.0,-1.6,-0.2,1.08,GOOD
1790983952915,1499,2100.0,170.45089694815158,32000.0,74.3,98.0,-1.6,-0.2,1.08,GOOD
1790983952915,1500,2151.0,133.1408577381161,32000.0,74.3,98.0,-1.6,-0.2,1.08,GOOD
1790983953012,1501,2130.0,84.55639657667822,32000.0,74.3,98.0,-1.6,-0.2,1.07,GOOD
1790983953012,1502,2110.0,28.031652328786997,32000.0,74.3,98.0,-1.6,-0.2,1.07,GOOD
1790983953012,1503,1947.0,-21.1407392535589,32000.0,74.3,98.0,-1.6,-0.2,1.07,GOOD
1790983953012,1504,2018.0,-56.00434560647834,32000.0,74.3,98.0,-1.6,-0.2,1.07,GOOD
1790983953012,1505,2025.0,-77.26166991140477,32000.0,74.3,98.0,-1.6,-0.2,1.07,GOOD
1790983953012,1506,2008.0,-92.27610689066029,32000.0,74.3,98.0,-1.6,-0.2,1.07,GOOD
1790983953012,1507,1740.0,-120.96881774591829,32000.0,74.3,98.0,-1.6,-0.2,1.07,GOOD
1790983953012,1508,1805.0,-177.2869502308734,32000.0,74.3,98.0,-1.6,-0.2,1.07,GOOD
1790983953012,1509,1843.0,-239.23246859656973,32000.0,74.3,98.0,-1.6,-0.2,1.07,GOOD
1790983953012,1510,1850.0,-273.7436218129842,32000.0,74.3,98.0,-1.6,-0.2,1.07,GOOD
1790983953012,1511,1979.0,-277.095705816526,32000.0,74.3,98.0,-1.6,-0.2,1.07,GOOD
1790983953012,1512,1923.0,-257.55864778585993,32000.0,74.3,98.0,-1.6,-0.2,1.07,GOOD
1790983953012,1513,1948.0,-217.58104597247393,32000.0,74.3,98.0,-1.6,-0.2,1.07,GOOD
1790983953012,1514,1945.0,-165.72144924947713,32000.0,74.3,98.0,-1.6,-0.2,1.07,GOOD
1790983953012,1515,2110.0,-116.82949582981249,32000.0,74.3,98.0,-1.6,-0.2,1.07,GOOD
1790983953012,1516,2048.0,-81.4688778681818,32000.0,74.3,98.0,-1.6,-0.2,1.07,GOOD
1790983953012,1517,2019.0,-63.74807829393964,32000.0,74.3,98.0,-1.6,-0.2,1.07,GOOD
1790983953012,1518,2025.0,-57.55326307225876,32000.0,74.3,98.0,-1.6,-0.2,1.07,GOOD
1790983953012,1519,2040.0,-48.391567368162455,32000.0,74.3,98.0,-1.6,-0.2,1.07,GOOD
1790983953012,1520,2042.0,-35.86141281128252,32000.0,74.3,98.0,-1.6,-0.2,1.07,GOOD
1790983953012,1521,2056.0,-35.49393238261659,32000.0,74.3,98.0,-1.6,-0.2,1.07,GOOD
1790983953012,1522,2059.0,-48.756045913920545,32000.0,74.3,98.0,-1.6,-0.2,1.07,GOOD
1790983953012,1523,1961.0,-58.686800961830386,32000.0,74.3,98.0,-1.6,-0.2,1.07,GOOD
1790983953012,1524,2010.0,-57.777915791465745,32000.0,74.3,98.0,-1.6,-0.2,1.07,GOOD
1790983953012,1525,2012.0,-55.854237331169706,32000.0,74.3,98.0,-1.6,-0.2,1.07,GOOD
1790983953254,1526,2000.0,-64.97461375951585,32000.0,74.3,98.0,-1.6,-0.2,1.08,GOOD
1790983953254,1527,1809.0,-92.03800338541498,32000.0,74.3,98.0,-1.6,-0.2,1.08,GOOD
1790983953254,1528,1852.0,-134.62942038087357,32000.0,74.3,98.0,-1.6,-0.2,1.08,GOOD
1790983953254,1529,1875.0,-175.18251127350584,32000.0,74.3,98.0,-1.6,-0.2,1.08,GOOD
1790983953254,1530,1862.0,-199.05098598773276,32000.0,74.3,98.0,-1.6,-0.2,1.08,GOOD
1790983953254,1531,1810.0,-215.39551691551833,32000.0,74.3,98.0,-1.6,-0.2,1.08,GOOD
1790983953254,1532,1782.0,-236.70342488144735,32000.0,74.3,98.0,-1.6,-0.2,1.08,GOOD
1790983953254,1533,1799.0,-254.6418961185881,32000.0,74.3,98.0,-1.6,-0.2,1.08,GOOD
1790983953254,1534,1828.0,-254.93482397180654,32000.0,74.3,98.0,-1.6,-0.2,1.08,GOOD
1790983953254,1535,2026.0,-234.45492906276905,32000.0,74.3,98.0,-1.6,-0.2,1.08,GOOD
1790983953254,1536,1960.0,-195.90808188099527,32000.0,74.3,98.0,-1.6,-0.2,1.08,GOOD
1790983953254,1537,1945.0,-148.3959734947706,32000.0,74.3,98.0,-1.6,-0.2,1.08,GOOD
1790983953254,1538,1958.0,-104.19105346297721,32000.0,74.3,98.0,-1.6,-0.2,1.08,GOOD
1790983953254,1539,2146.0,-62.697986096025055,32000.0,74.3,98.0,-1.6,-0.2,1.08,GOOD
1790983953254,1540,2089.0,-19.090264974955222,32000.0,74.3,98.0,-1.6,-0.2,1.08,GOOD
1790983953254,1541,2051.0,13.952676793566004,32000.0,74.3,98.0,-1.6,-0.2,1.08,GOOD
1790983953254,1542,2043.0,23.313095030172946,32000.0,74.3,98.0,-1.6,-0.2,1.08,GOOD
1790983953254,1543,2068.0,21.868154124778236,32000.0,74.3,98.0,-1.6,-0.2,1.08,GOOD
1790983953254,1544,2091.0,27.331815408722413,32000.0,74.3,98.0,-1.6,-0.2,1.08,GOOD
1790983953254,1545,2078.0,34.323842991622804,32000.0,74.3,98.0,-1.6,-0.2,1.08,GOOD
1790983953254,1546,2066.0,28.83378664279412,32000.0,74.3,98.0,-1.6,-0.2,1.08,GOOD
1790983953254,1547,1955.0,11.367104107538776,32000.0,74.3,98.0,-1.6,-0.2,1.08,GOOD
1790983953254,1548,2012.0,-7.128820457319716,32000.0,74.3,98.0,-1.6,-0.2,1.08,GOOD
1790983953254,1549,2030.0,-18.647138687178554,32000.0,74.3,98.0,-1.6,-0.2,1.08,GOOD
1790983953254,1550,2016.0,-26.163366759741674,32000.0,74.3,98.0,-1.6,-0.2,1.08,GOOD
1790983953255,1551,1840.0,-44.47658629502666,32000.0,74.3,98.0,-1.6,-0.2,1.08,GOOD
1790983953255,1552,1864.0,-82.08201780675863,32000.0,74.3,98.0,-1.6,-0.2,1.08,GOOD
1790983953255,1553,1884.0,-122.94158014006388,32000.0,74.3,98.0,-1.6,-0.2,1.08,GOOD
1790983953255,1554,1882.0,-147.28456477874406,32000.0,74.3,98.0,-1.6,-0.2,1.08,GOOD
1790983953255,1555,1881.0,-159.61162169281118,32000.0,74.3,98.0,-1.6,-0.2,1.08,GOOD
1790983953255,1556,1842.0,-172.02884288785953,32000.0,74.3,98.0,-1.6,-0.2,1.08,GOOD
1790983953255,1557,1850.0,-180.36962057531667,32000.0,74.3,98.0,-1.6,-0.2,1.08,GOOD
1790983953255,1558,1854.0,-174.6603205596059,32000.0,74.3,98.0,-1.6,-0.2,1.08,GOOD
1790983953255,1559,2144.0,-149.51984090914954,32000.0,74.3,98.0,-1.6,-0.2,1.08,GOOD
1790983953255,1560,2097.0,-99.62859933228496,32000.0,74.3,98.0,-1.6,-0.2,1.08,GOOD
1790983953255,1561,2078.0,-32.69728781236644,32000.0,74.3,98.0,-1.6,-0.2,1.08,GOOD
1790983953255,1562,2089.0,30.76963978106481,32000.0,74.3,98.0,-1.6,-0.2,1.08,GOOD
1790983953255,1563,2179.0,82.54984384353921,32000.0,74.3,98.0,-1.6,-0.2,1.08,GOOD
1790983953255,1564,2167.0,121.09188802063905,32000.0,74.3,98.0,-1.6,-0.2,1.08,GOOD
1790983953255,1565,2144.0,135.57108530887035,32000.0,74.3,98.0,-1.6,-0.2,1.08,GOOD
1790983953255,1566,2152.0,124.52445385308536,32000.0,74.3,98.0,-1.6,-0.2,1.08,GOOD
1790983953255,1567,1946.0,103.27852012901413,32000.0,74.3,98.0,-1.6,-0.2,1.08,GOOD
1790983953255,1568,1983.0,75.52077712249613,32000.0,74.3,98.0,-1.6,-0.2,1.08,GOOD
1790983953255,1569,1974.0,32.656680220264015,32000.0,74.3,98.0,-1.6,-0.2,1.08,GOOD
1790983953255,1570,1963.0,-22.992910249718065,32000.0,74.3,98.0,-1.6,-0.2,1.08,GOOD
1790983953255,1571,1881.0,-77.36855707888097,32000.0,74.3,98.0,-1.6,-0.2,1.08,GOOD
1790983953255,1572,1928.0,-111.99604029569285,32000.0,74.3,98.0,-1.6,-0.2,1.08,GOOD
1790983953255,1573,1941.0,-114.69416465056254,32000.0,74.3,98.0,-1.6,-0.2,1.08,GOOD
1790983953255,1574,1926.0,-97.26754040242535,32000.0,74.3,98.0,-1.6,-0.2,1.08,GOOD
1790983953255,1575,1890.0,-89.66273660641065,32000.0,74.3,98.0,-1.6,-0.2,1.08,GOOD
1790983953357,1576,1876.0,-104.72690308607079,32000.0,74.3,98.0,-1.7,-0.2,1.07,GOOD
1790983953357,1577,1886.0,-124.26892372603594,32000.0,74.3,98.0,-1.7,-0.2,1.07,GOOD
1790983953357,1578,1871.0,-128.85352638107418,32000.0,74.3,98.0,-1.7,-0.2,1.07,GOOD
1790983953357,1579,2171.0,-113.35961276095054,32000.0,74.3,98.0,-1.7,-0.2,1.07,GOOD
1790983953357,1580,2137.0,-70.39130377637113,32000.0,74.3,98.0,-1.7,-0.2,1.07,GOOD
1790983953357,1581,2144.0,-0.2400935166465743,32000.0,74.3,98.0,-1.7,-0.2,1.07,GOOD
1790983953357,1582,2168.0,78.21746025412483,32000.0,74.3,98.0,-1.7,-0.2,1.07,GOOD
1790983953357,1583,2164.0,144.58445286178727,32000.0,74.3,98.0,-1.7,-0.2,1.07,GOOD
1790983953357,1584,2129.0,178.70625998136148,32000.0,74.3,98.0,-1.7,-0.2,1.07,GOOD
1790983953357,1585,2106.0,166.37171548221573,32000.0,74.3,98.0,-1.7,-0.2,1.07,GOOD
1790983953357,1586,2113.0,122.45670526388666,32000.0,74.3,98.0,-1.7,-0.2,1.07,GOOD
1790983953357,1587,1960.0,79.10119404815795,32000.0,74.3,98.0,-1.7,-0.2,1.07,GOOD
1790983953357,1588,2001.0,47.15516586096807,32000.0,74.3,98.0,-1.7,-0.2,1.07,GOOD
1790983953357,1589,1978.0,16.247279303447726,32000.0,74.3,98.0,-1.7,-0.2,1.07,GOOD
1790983953357,1590,1972.0,-19.875574683054015,32000.0,74.3,98.0,-1.7,-0.2,1.07,GOOD
1790983953357,1591,1844.0,-58.692586317705086,32000.0,74.3,98.0,-1.7,-0.2,1.07,GOOD
1790983953357,1592,1882.0,-93.67980628077616,32000.0,74.3,98.0,-1.7,-0.2,1.07,GOOD
1790983953357,1593,1882.0,-116.50303937329286,32000.0,74.3,98.0,-1.7,-0.2,1.07,GOOD
1790983953357,1594,1845.0,-128.5945757925802,32000.0,74.3,98.0,-1.7,-0.2,1.07,GOOD
1790983953357,1595,1789.0,-145.81385337711953,32000.0,74.3,98.0,-1.7,-0.2,1.07,GOOD
1790983953357,1596,1807.0,-174.53045071761926,32000.0,74.3,98.0,-1.7,-0.2,1.07,GOOD
1790983953357,1597,1842.0,-196.50186669388424,32000.0,74.3,98.0,-1.7,-0.2,1.07,GOOD
1790983953357,1598,1836.0,-194.37812805791054,32000.0,74.3,98.0,-1.7,-0.2,1.07,GOOD
1790983953357,1599,2161.0,-164.65262908029618,32000.0,74.3,98.0,-1.7,-0.2,1.07,GOOD
1790983953357,1600,2113.0,-100.94286277839964,32000.0,74.3,98.0,-1.7,-0.2,1.07,GOOD
1790983953434,1601,2123.0,-9.229202503393811,32000.0,73.7,98.0,-1.6,-0.2,1.08,GOOD
1790983953434,1602,2146.0,81.63347947682054,32000.0,73.7,98.0,-1.6,-0.2,1.08,GOOD
1790983953434,1603,2187.0,148.66577430999786,32000.0,73.7,98.0,-1.6,-0.2,1.08,GOOD
1790983953434,1604,2130.0,181.03431888027896,32000.0,73.7,98.0,-1.6,-0.2,1.08,GOOD
1790983953434,1605,2102.0,172.9977208681309,32000.0,73.7,98.0,-1.6,-0.2,1.08,GOOD
1790983953434,1606,2118.0,137.6490684981872,32000.0,73.7,98.0,-1.6,-0.2,1.08,GOOD
1790983953434,1607,2092.0,105.56553396740564,32000.0,73.7,98.0,-1.6,-0.2,1.08,GOOD
1790983953434,1608,2104.0,93.48940468534506,32000.0,73.7,98.0,-1.6,-0.2,1.08,GOOD
1790983953434,1609,2070.0,90.52693214788809,32000.0,73.7,98.0,-1.6,-0.2,1.08,GOOD
1790983953434,1610,2064.0,79.71537359440924,32000.0,73.7,98.0,-1.6,-0.2,1.08,GOOD
1790983953434,1611,1911.0,55.099104172328076,32000.0,73.7,98.0,-1.6,-0.2,1.08,GOOD
1790983953434,1612,1957.0,18.885281805716588,32000.0,73.7,98.0,-1.6,-0.2,1.08,GOOD
1790983953434,1613,1956.0,-19.696384330784195,32000.0,73.7,98.0,-1.6,-0.2,1.08,GOOD
1790983953434,1614,1923.0,-51.60408566109344,32000.0,73.7,98.0,-1.6,-0.2,1.08,GOOD
1790983953434,1615,1788.0,-82.34633212527874,32000.0,73.7,98.0,-1.6,-0.2,1.08,GOOD
1790983953434,1616,1839.0,-119.6716178842378,32000.0,73.7,98.0,-1.6,-0.2,1.08,GOOD
1790983953434,1617,1913.0,-149.6661380050524,32000.0,73.7,98.0,-1.6,-0.2,1.08,GOOD
1790983953434,1618,1926.0,-151.80586985445936,32000.0,73.7,98.0,-1.6,-0.2,1.08,GOOD
1790983953434,1619,2049.0,-125.69013299345157,32000.0,73.7,98.0,-1.6,-0.2,1.08,GOOD
1790983953434,1620,2005.0,-81.71666100273956,32000.0,73.7,98.0,-1.6,-0.2,1.08,GOOD
1790983953434,1621,2027.0,-30.123142530955043,32000.0,73.7,98.0,-1.6,-0.2,1.08,GOOD
1790983953434,1622,2030.0,16.4382519652279,32000.0,73.7,98.0,-1.6,-0.2,1.08,GOOD
1790983953434,1623,2076.0,47.04657074923719,32000.0,73.7,98.0,-1.6,-0.2,1.08,GOOD
1790983953434,1624,1997.0,55.14348887435618,32000.0,73.7,98.0,-1.6,-0.2,1.08,GOOD
1790983953434,1625,1979.0,40.20620085307436,32000.0,73.7,98.0,-1.6,-0.2,1.08,GOOD
1790983953548,1626,1997.0,14.93862157951651,32000.0,73.7,98.0,-1.6,-0.3,1.07,GOOD
1790983953548,1627,2145.0,4.431744988851193,32000.0,73.7,98.0,-1.6,-0.3,1.07,GOOD
1790983953548,1628,2136.0,25.179644708478918,32000.0,73.7,98.0,-1.6,-0.3,1.07,GOOD
1790983953548,1629,2110.0,64.76135348947408,32000.0,73.7,98.0,-1.6,-0.3,1.07,GOOD
1790983953548,1630,2118.0,98.22888386355253,32000.0,73.7,98.0,-1.6,-0.3,1.07,GOOD
1790983953548,1631,1997.0,113.47522705221078,32000.0,73.7,98.0,-1.6,-0.3,1.07,GOOD
1790983953548,1632,2049.0,106.08964072079763,32000.0,73.7,98.0,-1.6,-0.3,1.07,GOOD
1790983953548,1633,2037.0,77.14428463142173,32000.0,73.7,98.0,-1.6,-0.3,1.07,GOOD
1790983953548,1634,2013.0,38.40761941666484,32000.0,73.7,98.0,-1.6,-0.3,1.07,GOOD
1790983953548,1635,1812.0,-1.7731640074551325,32000.0,73.7,98.0,-1.6,-0.3,1.07,GOOD
1790983953548,1636,1866.0,-45.18437763855037,32000.0,73.7,98.0,-1.6,-0.3,1.07,GOOD
1790983953548,1637,1895.0,-86.9663035557111,32000.0,73.7,98.0,-1.6,-0.3,1.07,GOOD
1790983953548,1638,1879.0,-117.09300250779137,32000.0,73.7,98.0,-1.6,-0.3,1.07,GOOD
1790983953548,1639,2336.0,-118.11833181331527,32000.0,73.7,98.0,-1.6,-0.3,1.07,GOOD
1790983953548,1640,2356.0,-49.231498322445056,32000.0,73.7,98.0,-1.6,-0.3,1.07,GOOD
1790983953548,1641,2413.0,102.07259961025296,32000.0,73.7,98.0,-1.6,-0.3,1.07,GOOD
1790983953548,1642,2451.0,279.54227046651147,32000.0,73.7,98.0,-1.6,-0.3,1.07,GOOD
1790983953548,1643,2205.0,402.9033991377624,32000.0,73.7,98.0,-1.6,-0.3,1.07,GOOD
1790983953548,1644,2114.0,414.14978934453745,32000.0,73.7,98.0,-1.6,-0.3,1.07,GOOD
1790983953548,1645,2061.0,315.19843593782514,32000.0,73.7,98.0,-1.6,-0.3,1.07,GOOD
1790983953548,1646,2064.0,172.88375507673507,32000.0,73.7,98.0,-1.6,-0.3,1.07,GOOD
1790983953548,1647,1856.0,51.61339716296199,32000.0,73.7,98.0,-1.6,-0.3,1.07,GOOD
1790983953548,1648,1860.0,-38.197705405262596,32000.0,73.7,98.0,-1.6,-0.3,1.07,GOOD
1790983953548,1649,1815.0,-110.26983002898375,32000.0,73.7,98.0,-1.6,-0.3,1.07,GOOD
1790983953548,1650,1834.0,-164.6461929681522,32000.0,73.7,98.0,-1.6,-0.3,1.07,GOOD
1790983953628,1651,2024.0,-187.32195344475758,32000.0,73.7,98.0,-1.6,-0.3,1.07,LEAD_OFF
1790983953628,1652,2075.0,-160.78399463269446,32000.0,73.7,98.0,-1.6,-0.3,1.07,LEAD_OFF
1790983953628,1653,2077.0,-88.7951519578541,32000.0,73.7,98.0,-1.6,-0.3,1.07,LEAD_OFF
1790983953628,1654,2063.0,-5.1667186680943376,32000.0,73.7,98.0,-1.6,-0.3,1.07,LEAD_OFF
1790983953628,1655,1838.0,46.84112797031757,32000.0,73.7,98.0,-1.6,-0.3,1.07,LEAD_OFF
1790983953628,1656,1883.0,35.852182572329696,32000.0,73.7,98.0,-1.6,-0.3,1.07,LEAD_OFF
1790983953628,1657,1914.0,-29.048553524013258,32000.0,73.7,98.0,-1.6,-0.3,1.07,LEAD_OFF
1790983953628,1658,1902.0,-101.40436165335372,32000.0,73.7,98.0,-1.6,-0.3,1.07,LEAD_OFF
1790983953628,1659,1992.0,-139.60841701975988,32000.0,73.7,98.0,-1.6,-0.3,1.07,LEAD_OFF
1790983953628,1660,1954.0,-128.74697735144917,32000.0,73.7,98.0,-1.6,-0.3,1.07,LEAD_OFF
1790983953628,1661,1949.0,-85.45524085307432,32000.0,73.7,98.0,-1.6,-0.3,1.07,LEAD_OFF
1790983953628,1662,1942.0,-46.412720298931546,32000.0,73.7,98.0,-1.6,-0.3,1.07,LEAD_OFF
1790983953628,1663,2171.0,-26.468292868276368,32000.0,73.7,98.0,-1.6,-0.3,1.07,LEAD_OFF
1790983953628,1664,2104.0,-3.327133663886052,32000.0,73.7,98.0,-1.6,-0.3,1.07,LEAD_OFF
1790983953628,1665,2088.0,37.90609795070815,32000.0,73.7,98.0,-1.6,-0.3,1.07,LEAD_OFF
1790983953628,1666,2105.0,81.30618480741458,32000.0,73.7,98.0,-1.6,-0.3,1.07,LEAD_OFF
1790983953628,1667,2204.0,112.2545246729436,32000.0,73.7,98.0,-1.6,-0.3,1.07,LEAD_OFF
1790983953628,1668,2190.0,132.78579246509676,32000.0,73.7,98.0,-1.6,-0.3,1.07,LEAD_OFF
1790983953628,1669,2169.0,145.97601169982215,32000.0,73.7,98.0,-1.6,-0.3,1.07,LEAD_OFF
1790983953628,1670,2194.0,153.44739465482837,32000.0,73.7,98.0,-1.6,-0.3,1.07,LEAD_OFF
1790983953628,1671,2159.0,160.4628625785403,32000.0,73.7,98.0,-1.6,-0.3,1.07,LEAD_OFF
1790983953628,1672,2192.0,166.56129992024324,32000.0,73.7,98.0,-1.6,-0.3,1.07,LEAD_OFF
1790983953628,1673,2172.0,164.14981616762492,32000.0,73.7,98.0,-1.6,-0.3,1.07,LEAD_OFF
1790983953628,1674,2165.0,151.2061272777549,32000.0,73.7,98.0,-1.6,-0.3,1.07,LEAD_OFF
1790983953628,1675,1918.0,126.60125999758777,32000.0,73.7,98.0,-1.6,-0.3,1.07,LEAD_OFF
1790983953884,1676,1983.0,81.98620015523237,32000.0,73.7,98.0,-1.7,-0.3,1.08,GOOD
1790983953884,1677,2000.0,22.34225422790792,32000.0,73.7,98.0,-1.7,-0.3,1.08,GOOD
1790983953884,1678,1972.0,-31.25822526696105,32000.0,73.7,98.0,-1.7,-0.3,1.08,GOOD
1790983953884,1679,2004.0,-65.85336375174047,32000.0,73.7,98.0,-1.7,-0.3,1.08,GOOD
1790983953884,1680,1995.0,-75.42186730423987,32000.0,73.7,98.0,-1.7,-0.3,1.08,GOOD
1790983953884,1681,2019.0,-58.11995684894612,32000.0,73.7,98.0,-1.7,-0.3,1.08,GOOD
1790983953884,1682,2007.0,-27.905216750917795,32000.0,73.7,98.0,-1.7,-0.3,1.08,GOOD
1790983953884,1683,2260.0,1.3298028246201943,32000.0,73.7,98.0,-1.7,-0.3,1.08,GOOD
1790983953884,1684,2194.0,38.27270583783233,32000.0,73.7,98.0,-1.7,-0.3,1.08,GOOD
1790983953884,1685,2210.0,91.08604493090866,32000.0,73.7,98.0,-1.7,-0.3,1.08,GOOD
1790983953884,1686,2232.0,147.83223203330104,32000.0,73.7,98.0,-1.7,-0.3,1.08,GOOD
1790983953884,1687,2331.0,196.20824886451723,32000.0,73.7,98.0,-1.7,-0.3,1.08,GOOD
1790983953884,1688,2299.0,230.5555980762295,32000.0,73.7,98.0,-1.7,-0.3,1.08,GOOD
1790983953884,1689,2288.0,244.96314458403094,32000.0,73.7,98.0,-1.7,-0.3,1.08,GOOD
1790983953884,1690,2331.0,244.03792793849186,32000.0,73.7,98.0,-1.7,-0.3,1.08,GOOD
1790983953884,1691,2301.0,245.55594264867702,32000.0,73.7,98.0,-1.7,-0.3,1.08,GOOD
1790983953884,1692,2326.0,255.57843160940627,32000.0,73.7,98.0,-1.7,-0.3,1.08,GOOD
1790983953884,1693,2298.0,260.3535110959872,32000.0,73.7,98.0,-1.7,-0.3,1.08,GOOD
1790983953884,1694,2287.0,248.4442063707536,32000.0,73.7,98.0,-1.7,-0.3,1.08,GOOD
1790983953884,1695,2057.0,217.57232741553676,32000.0,73.7,98.0,-1.7,-0.3,1.08,GOOD
1790983953884,1696,2114.0,166.36209050651792,32000.0,73.7,98.0,-1.7,-0.3,1.08,GOOD
1790983953884,1697,2115.0,104.18497249916084,32000.0,73.7,98.0,-1.7,-0.3,1.08,GOOD
1790983953884,1698,2070.0,48.17856895152272,32000.0,73.7,98.0,-1.7,-0.3,1.08,GOOD
1790983953884,1699,1922.0,-1.3340936074512042,32000.0,73.7,98.0,-1.7,-0.3,1.08,GOOD
1790983953884,1700,1956.0,-51.79920952255869,32000.0,73.7,98.0,-1.7,-0.3,1.08,GOOD
1790983953885,1701,1993.0,-92.12250715478064,32000.0,73.7,98.0,-1.7,-0.3,1.08,GOOD
1790983953885,1702,1978.0,-107.87297468719191,32000.0,73.7,98.0,-1.7,-0.3,1.08,GOOD
1790983953885,1703,2155.0,-101.3340824702919,32000.0,73.7,98.0,-1.7,-0.3,1.08,GOOD
1790983953885,1704,2111.0,-74.72914761791144,32000.0,73.7,98.0,-1.7,-0.3,1.08,GOOD
1790983953885,1705,2137.0,-28.242892442984505,32000.0,73.7,98.0,-1.7,-0.3,1.08,GOOD
1790983953885,1706,2145.0,26.40215867394441,32000.0,73.7,98.0,-1.7,-0.3,1.08,GOOD
1790983953885,1707,2136.0,69.80661147210327,32000.0,73.7,98.0,-1.7,-0.3,1.08,GOOD
1790983953885,1708,2099.0,83.06019585600356,32000.0,73.7,98.0,-1.7,-0.3,1.08,GOOD
1790983953885,1709,2097.0,62.56329190465028,32000.0,73.7,98.0,-1.7,-0.3,1.08,GOOD
1790983953885,1710,1919.0,22.522062071593915,32000.0,73.7,98.0,-1.7,-0.3,1.08,GOOD
1790983953885,1711,1974.0,-24.25037551057104,32000.0,73.7,98.0,-1.7,-0.3,1.08,GOOD
1790983953885,1712,1970.0,-69.02002165926471,32000.0,73.7,98.0,-1.7,-0.3,1.08,GOOD
1790983953885,1713,1933.0,-105.50591674258422,32000.0,73.7,98.0,-1.7,-0.3,1.08,GOOD
1790983953885,1714,1717.0,-142.88898352314692,32000.0,73.7,98.0,-1.7,-0.3,1.08,GOOD
1790983953885,1715,1772.0,-194.39334661003124,32000.0,73.7,98.0,-1.7,-0.3,1.08,GOOD
1790983953885,1716,1803.0,-247.4682913011912,32000.0,73.7,98.0,-1.7,-0.3,1.08,GOOD
1790983953885,1717,1781.0,-279.0475814284054,32000.0,73.7,98.0,-1.7,-0.3,1.08,GOOD
1790983953885,1718,1763.0,-291.4883108539669,32000.0,73.7,98.0,-1.7,-0.3,1.08,GOOD
1790983953885,1719,1758.0,-298.7527361273866,32000.0,73.7,98.0,-1.7,-0.3,1.08,GOOD
1790983953885,1720,1804.0,-297.9266951750172,32000.0,73.7,98.0,-1.7,-0.3,1.08,GOOD
1790983953885,1721,1825.0,-278.964158361711,32000.0,73.7,98.0,-1.7,-0.3,1.08,GOOD
1790983953885,1722,2060.0,-239.14554081363997,32000.0,73.7,98.0,-1.7,-0.3,1.08,GOOD
1790983953885,1723,1991.0,-179.85872276987985,32000.0,73.7,98.0,-1.7,-0.3,1.08,GOOD
1790983953885,1724,1979.0,-113.60118000430221,32000.0,73.7,98.0,-1.7,-0.3,1.08,GOOD
1790983953885,1725,2009.0,-59.11790874906191,32000.0,73.7,98.0,-1.7,-0.3,1.08,GOOD
1790983953964,1726,2123.0,-18.15684771571357,32000.0,81.2,98.0,-1.6,-0.3,1.07,GOOD
1790983953964,1727,2107.0,16.37233662934981,32000.0,81.2,98.0,-1.6,-0.3,1.07,GOOD
1790983953964,1728,2164.0,42.756299043127484,32000.0,81.2,98.0,-1.6,-0.3,1.07,GOOD
1790983953964,1729,2102.0,60.6234164158958,32000.0,81.2,98.0,-1.6,-0.3,1.07,GOOD
1790983953964,1730,1983.0,71.11691141871957,32000.0,81.2,98.0,-1.6,-0.3,1.07,GOOD
1790983953964,1731,2027.0,65.16858526650137,32000.0,81.2,98.0,-1.6,-0.3,1.07,GOOD
1790983953964,1732,1998.0,36.041686243664,32000.0,81.2,98.0,-1.6,-0.3,1.07,GOOD
1790983953964,1733,1971.0,-9.787497189566682,32000.0,81.2,98.0,-1.6,-0.3,1.07,GOOD
1790983953964,1734,1779.0,-63.20860725884996,32000.0,81.2,98.0,-1.6,-0.3,1.07,GOOD
1790983953964,1735,1831.0,-117.61748243348694,32000.0,81.2,98.0,-1.6,-0.3,1.07,GOOD
1790983953964,1736,1844.0,-161.7095927857076,32000.0,81.2,98.0,-1.6,-0.3,1.07,GOOD
1790983953964,1737,1813.0,-189.08382143771587,32000.0,81.2,98.0,-1.6,-0.3,1.07,GOOD
1790983953964,1738,1742.0,-211.78512260676115,32000.0,81.2,98.0,-1.6,-0.3,1.07,GOOD
1790983953964,1739,1750.0,-238.985782873221,32000.0,81.2,98.0,-1.6,-0.3,1.07,GOOD
1790983953964,1740,1771.0,-257.7280372137552,32000.0,81.2,98.0,-1.6,-0.3,1.07,GOOD
1790983953964,1741,1793.0,-254.65003429415668,32000.0,81.2,98.0,-1.6,-0.3,1.07,GOOD
1790983953964,1742,2143.0,-225.39141320714901,32000.0,81.2,98.0,-1.6,-0.3,1.07,GOOD
1790983953964,1743,2089.0,-159.10832189108223,32000.0,81.2,98.0,-1.6,-0.3,1.07,GOOD
1790983953964,1744,2108.0,-59.16774374950027,32000.0,81.2,98.0,-1.6,-0.3,1.07,GOOD
1790983953964,1745,2141.0,45.101382056427035,32000.0,81.2,98.0,-1.6,-0.3,1.07,GOOD
1790983953964,1746,2163.0,126.51267592512212,32000.0,81.2,98.0,-1.6,-0.3,1.07,GOOD
1790983953964,1747,2104.0,165.9222190923281,32000.0,81.2,98.0,-1.6,-0.3,1.07,GOOD
1790983953964,1748,2073.0,153.27495755401108,32000.0,81.2,98.0,-1.6,-0.3,1.07,GOOD
1790983953964,1749,2098.0,107.94861804039199,32000.0,81.2,98.0,-1.6,-0.3,1.07,GOOD
1790983953964,1750,1941.0,65.56547726816953,32000.0,81.2,98.0,-1.6,-0.3,1.07,GOOD
1790983953965,1751,2015.0,36.94124066250891,32000.0,81.2,98.0,-1.6,-0.3,1.07,GOOD
1790983953965,1752,1980.0,10.660689135836702,32000.0,81.2,98.0,-1.6,-0.3,1.07,GOOD
1790983953965,1753,1968.0,-19.54349217774816,32000.0,81.2,98.0,-1.6,-0.3,1.07,GOOD
1790983953965,1754,1889.0,-50.20021903887537,32000.0,81.2,98.0,-1.6,-0.3,1.07,GOOD
1790983953965,1755,1962.0,-71.34212344282378,32000.0,81.2,98.0,-1.6,-0.3,1.07,GOOD
1790983953965,1756,1980.0,-73.20999684586062,32000.0,81.2,98.0,-1.6,-0.3,1.07,GOOD
1790983953965,1757,1938.0,-62.04578769404022,32000.0,81.2,98.0,-1.6,-0.3,1.07,GOOD
1790983953965,1758,1825.0,-62.087191961101595,32000.0,81.2,98.0,-1.6,-0.3,1.07,GOOD
1790983953965,1759,1856.0,-87.01617122694206,32000.0,81.2,98.0,-1.6,-0.3,1.07,GOOD
1790983953965,1760,1894.0,-118.58598941145812,32000.0,81.2,98.0,-1.6,-0.3,1.07,GOOD
1790983953965,1761,1886.0,-132.4836314206724,32000.0,81.2,98.0,-1.6,-0.3,1.07,GOOD
1790983953965,1762,2064.0,-123.56078727243579,32000.0,81.2,98.0,-1.6,-0.3,1.07,GOOD
1790983953965,1763,2016.0,-92.27410231141816,32000.0,81.2,98.0,-1.6,-0.3,1.07,GOOD
1790983953965,1764,2040.0,-42.098276030482886,32000.0,81.2,98.0,-1.6,-0.3,1.07,GOOD
1790983953965,1765,2069.0,13.491161122335736,32000.0,81.2,98.0,-1.6,-0.3,1.07,GOOD
1790983953965,1766,2210.0,64.36438542977824,32000.0,81.2,98.0,-1.6,-0.3,1.07,GOOD
1790983953965,1767,2156.0,107.36479039786346,32000.0,81.2,98.0,-1.6,-0.3,1.07,GOOD
1790983953965,1768,2127.0,135.32071276355336,32000.0,81.2,98.0,-1.6,-0.3,1.07,GOOD
1790983953965,1769,2166.0,145.66848500055988,32000.0,81.2,98.0,-1.6,-0.3,1.07,GOOD
1790983953965,1770,2040.0,146.0488964709937,32000.0,81.2,98.0,-1.6,-0.3,1.07,GOOD
1790983953965,1771,2045.0,132.80921543802654,32000.0,81.2,98.0,-1.6,-0.3,1.07,GOOD
1790983953965,1772,2004.0,95.23368639164562,32000.0,81.2,98.0,-1.6,-0.3,1.07,GOOD
1790983953965,1773,2001.0,41.609597153853414,32000.0,81.2,98.0,-1.6,-0.3,1.07,GOOD
1790983953965,1774,1898.0,-7.420506986332338,32000.0,81.2,98.0,-1.6,-0.3,1.07,GOOD
1790983953965,1775,1962.0,-40.19093847363407,32000.0,81.2,98.0,-1.6,-0.3,1.07,GOOD
1790983954297,1776,1953.0,-56.25211295922251,55.0,81.2,98.0,-1.6,-0.3,1.08,GOOD
1790983954297,1777,1917.0,-63.46534999415291,53.0,81.2,98.0,-1.6,-0.3,1.08,GOOD
1790983954297,1778,1796.0,-77.37686613685723,51.0,81.2,98.0,-1.6,-0.3,1.08,GOOD
1790983954297,1779,1833.0,-106.20530918780258,49.0,81.2,98.0,-1.6,-0.3,1.08,GOOD
1790983954297,1780,1866.0,-137.04033294368998,46.0,81.2,98.0,-1.6,-0.3,1.08,GOOD
1790983954297,1781,1843.0,-153.7437107124028,43.0,81.2,98.0,-1.6,-0.3,1.08,GOOD
1790983954297,1782,1877.0,-157.6326348316955,41.0,81.2,98.0,-1.6,-0.3,1.08,GOOD
1790983954297,1783,1824.0,-155.80200354823427,36.0,81.2,98.0,-1.6,-0.3,1.08,GOOD
1790983954297,1784,1845.0,-149.3675947996266,33.0,81.2,98.0,-1.6,-0.3,1.08,GOOD
1790983954297,1785,1866.0,-138.44940197491508,28.0,81.2,98.0,-1.6,-0.3,1.08,GOOD
1790983954297,1786,2237.0,-112.68115284008297,25.0,81.2,98.0,-1.6,-0.3,1.08,GOOD
1790983954297,1787,2196.0,-47.732087132811444,21.0,81.2,98.0,-1.6,-0.3,1.08,GOOD
1790983954297,1788,2192.0,55.09693239767053,16.0,81.2,98.0,-1.6,-0.3,1.08,GOOD
1790983954297,1789,2237.0,159.59125312683204,13.0,81.2,98.0,-1.6,-0.3,1.08,GOOD
1790983954297,1790,2066.0,229.76512343104855,8.0,81.2,98.0,-1.6,-0.3,1.08,GOOD
1790983954297,1791,2052.0,237.3410478422994,5.0,81.2,98.0,-1.6,-0.3,1.08,GOOD
1790983954297,1792,2006.0,176.63959264473482,1.0,81.2,98.0,-1.6,-0.3,1.08,GOOD
1790983954297,1793,2009.0,84.3964449157856,-2.0,81.2,98.0,-1.6,-0.3,1.08,GOOD
1790983954297,1794,1919.0,9.204176626669621,-5.0,81.2,98.0,-1.6,-0.3,1.08,GOOD
1790983954297,1795,1984.0,-28.40695899071042,-7.0,81.2,98.0,-1.6,-0.3,1.08,GOOD
1790983954297,1796,1971.0,-36.77599838832986,-9.0,81.2,98.0,-1.6,-0.3,1.08,GOOD
1790983954297,1797,1937.0,-35.783171686842586,-11.0,81.2,98.0,-1.6,-0.3,1.08,GOOD
1790983954297,1798,1811.0,-45.477624598694824,-11.0,81.2,98.0,-1.6,-0.3,1.08,GOOD
1790983954297,1799,1849.0,-72.93054414559172,-13.0,81.2,98.0,-1.6,-0.3,1.08,GOOD
1790983954297,1800,1865.0,-105.07763956645283,-15.0,81.2,98.0,-1.6,-0.3,1.08,GOOD
1790983954298,1801,1817.0,-128.52694509676454,32000.0,81.2,98.0,-1.6,-0.3,1.08,GOOD
1790983954298,1802,1890.0,-144.22507934282663,32000.0,81.2,98.0,-1.6,-0.3,1.08,GOOD
1790983954298,1803,1874.0,-149.57124941580537,32000.0,81.2,98.0,-1.6,-0.3,1.08,GOOD
1790983954298,1804,1917.0,-134.806285552678,32000.0,81.2,98.0,-1.6,-0.3,1.08,GOOD
1790983954298,1805,1945.0,-101.05770528927019,32000.0,81.2,98.0,-1.6,-0.3,1.08,GOOD
1790983954298,1806,2255.0,-51.42044286592298,32000.0,81.2,98.0,-1.6,-0.3,1.08,GOOD
1790983954298,1807,2193.0,22.017502065012362,32000.0,81.2,98.0,-1.6,-0.3,1.08,GOOD
1790983954298,1808,2194.0,112.21834015682154,32000.0,81.2,98.0,-1.6,-0.3,1.08,GOOD
1790983954298,1809,2236.0,192.28178416479176,32000.0,81.2,98.0,-1.6,-0.3,1.08,GOOD
1790983954298,1810,2140.0,242.42085685837452,32000.0,81.2,98.0,-1.6,-0.3,1.08,GOOD
1790983954298,1811,2094.0,247.74833249727905,32000.0,81.2,98.0,-1.6,-0.3,1.08,GOOD
1790983954298,1812,2062.0,202.69574775252852,32000.0,81.2,98.0,-1.6,-0.3,1.08,GOOD
1790983954298,1813,2071.0,132.0902969865757,32000.0,81.2,98.0,-1.6,-0.3,1.08,GOOD
1790983954298,1814,1840.0,67.66662867966423,32000.0,81.2,98.0,-1.6,-0.3,1.08,GOOD
1790983954298,1815,1901.0,12.073599385247839,32000.0,81.2,98.0,-1.6,-0.3,1.08,GOOD
1790983954298,1816,1893.0,-42.08866236041095,32000.0,81.2,98.0,-1.6,-0.3,1.08,GOOD
1790983954298,1817,1864.0,-89.21454916597895,32000.0,81.2,98.0,-1.6,-0.3,1.08,GOOD
1790983954298,1818,1995.0,-117.0237746683969,32000.0,81.2,98.0,-1.6,-0.3,1.08,GOOD
1790983954298,1819,2048.0,-106.90678813740793,32000.0,81.2,98.0,-1.6,-0.3,1.08,GOOD
1790983954298,1820,2070.0,-52.2280712406336,32000.0,81.2,98.0,-1.6,-0.3,1.08,GOOD
1790983954298,1821,2025.0,18.88399159244555,32000.0,81.2,98.0,-1.6,-0.3,1.08,GOOD
1790983954298,1822,1869.0,59.52391541895017,32000.0,81.2,98.0,-1.6,-0.3,1.08,GOOD
1790983954298,1823,1854.0,40.56463464982747,32000.0,81.2,98.0,-1.6,-0.3,1.08,GOOD
1790983954298,1824,1890.0,-22.44094884637851,32000.0,81.2,98.0,-1.6,-0.3,1.08,GOOD
1790983954298,1825,1909.0,-84.33242879724231,32000.0,81.2,98.0,-1.6,-0.3,1.08,GOOD
1790983954380,1826,2325.0,-98.47984213661755,32000.0,81.2,98.0,-1.7,-0.4,1.08,GOOD
1790983954380,1827,2270.0,-30.55505842790393,32000.0,81.2,98.0,-1.7,-0.4,1.08,GOOD
1790983954380,1828,2284.0,103.50118616272304,32000.0,81.2,98.0,-1.7,-0.4,1.08,GOOD
1790983954380,1829,2322.0,239.8878127942845,32000.0,81.2,98.0,-1.7,-0.4,1.08,GOOD
1790983954380,1830,2174.0,324.25202482478005,32000.0,81.2,98.0,-1.7,-0.4,1.08,GOOD
1790983954380,1831,2145.0,330.4461909445605,32000.0,81.2,98.0,-1.7,-0.4,1.08,GOOD
1790983954380,1832,2110.0,265.7599000954217,32000.0,81.2,98.0,-1.7,-0.4,1.08,GOOD
1790983954380,1833,2140.0,175.78944199902915,32000.0,81.2,98.0,-1.7,-0.4,1.08,GOOD
1790983954380,1834,1979.0,105.73742004836879,32000.0,81.2,98.0,-1.7,-0.4,1.08,GOOD
1790983954380,1835,2015.0,62.365433252001225,32000.0,81.2,98.0,-1.7,-0.4,1.08,GOOD
1790983954380,1836,1970.0,29.941030981487273,32000.0,81.2,98.0,-1.7,-0.4,1.08,GOOD
1790983954380,1837,1772.0,-8.688923572036222,32000.0,81.2,98.0,-1.7,-0.4,1.08,GOOD
1790983954380,1838,1769.0,-69.62656565769682,32000.0,81.2,98.0,-1.7,-0.4,1.08,GOOD
1790983954380,1839,1818.0,-144.07521758382757,32000.0,81.2,98.0,-1.7,-0.4,1.08,GOOD
1790983954380,1840,1831.0,-197.96308490938142,32000.0,81.2,98.0,-1.7,-0.4,1.08,GOOD
1790983954380,1841,2697.0,-179.7328575923787,32000.0,81.2,98.0,-1.7,-0.4,1.08,GOOD
1790983954380,1842,2603.0,-28.197602147866597,32000.0,81.2,98.0,-1.7,-0.4,1.08,GOOD
1790983954380,1843,2624.0,235.96573632086455,32000.0,81.2,98.0,-1.7,-0.4,1.08,GOOD
1790983954380,1844,2674.0,496.72941249051377,32000.0,81.2,98.0,-1.7,-0.4,1.08,GOOD
1790983954380,1845,2364.0,653.7042985145187,32000.0,81.2,98.0,-1.7,-0.4,1.08,GOOD
1790983954380,1846,2288.0,658.515190983395,32000.0,81.2,98.0,-1.7,-0.4,1.08,GOOD
1790983954380,1847,2230.0,522.5046438566342,32000.0,81.2,98.0,-1.7,-0.4,1.08,GOOD
1790983954380,1848,2250.0,330.37108153725956,32000.0,81.2,98.0,-1.7,-0.4,1.08,GOOD
1790983954380,1849,2012.0,174.58214595249694,32000.0,81.2,98.0,-1.7,-0.4,1.08,GOOD
1790983954380,1850,2059.0,83.41953404016382,32000.0,81.2,98.0,-1.7,-0.4,1.08,GOOD
1790983954381,1851,2004.0,34.27393708672649,32000.0,81.2,98.0,-1.7,-0.4,1.08,GOOD
1790983954381,1852,1956.0,-3.6189964084116344,32000.0,81.2,98.0,-1.7,-0.4,1.08,GOOD
1790983954381,1853,1835.0,-52.64807792511384,32000.0,81.2,98.0,-1.7,-0.4,1.08,GOOD
1790983954381,1854,1937.0,-110.2207064935681,32000.0,81.2,98.0,-1.7,-0.4,1.08,GOOD
1790983954381,1855,1961.0,-146.33490100183906,32000.0,81.2,98.0,-1.7,-0.4,1.08,GOOD
1790983954381,1856,1900.0,-145.47412331278963,32000.0,81.2,98.0,-1.7,-0.4,1.08,GOOD
1790983954381,1857,1701.0,-139.9711105512456,32000.0,81.2,98.0,-1.7,-0.4,1.08,GOOD
1790983954381,1858,1711.0,-172.57272519646776,32000.0,81.2,98.0,-1.7,-0.4,1.08,GOOD
1790983954381,1859,1777.0,-235.76994537001093,32000.0,81.2,98.0,-1.7,-0.4,1.08,GOOD
1790983954381,1860,1775.0,-284.0139318187852,32000.0,81.2,98.0,-1.7,-0.4,1.08,GOOD
1790983954381,1861,2054.0,-284.73719065672395,32000.0,81.2,98.0,-1.7,-0.4,1.08,GOOD
1790983954381,1862,1988.0,-230.04580676233448,32000.0,81.2,98.0,-1.7,-0.4,1.08,GOOD
1790983954381,1863,2029.0,-138.96438095793627,32000.0,81.2,98.0,-1.7,-0.4,1.08,GOOD
1790983954381,1864,2101.0,-45.52662782177272,32000.0,81.2,98.0,-1.7,-0.4,1.08,GOOD
1790983954381,1865,2615.0,49.64993191665636,32000.0,81.2,98.0,-1.7,-0.4,1.08,GOOD
1790983954381,1866,2537.0,177.10201274355032,32000.0,81.2,98.0,-1.7,-0.4,1.08,GOOD
1790983954381,1867,2503.0,325.73474653376957,32000.0,81.2,98.0,-1.7,-0.4,1.08,GOOD
1790983954381,1868,2151.0,427.7958140139118,32000.0,81.2,98.0,-1.7,-0.4,1.08,GOOD
1790983954381,1869,2248.0,431.20878184898083,32000.0,81.2,98.0,-1.7,-0.4,1.08,GOOD
1790983954381,1870,2226.0,350.8603917135043,32000.0,81.2,98.0,-1.7,-0.4,1.08,GOOD
1790983954381,1871,2157.0,237.70627969910322,32000.0,81.2,98.0,-1.7,-0.4,1.08,GOOD
1790983954381,1872,1865.0,119.75594766245335,32000.0,81.2,98.0,-1.7,-0.4,1.08,GOOD
1790983954381,1873,1950.0,6.897311066192739,32000.0,81.2,98.0,-1.7,-0.4,1.08,GOOD
1790983954381,1874,2001.0,-72.33937692176318,32000.0,81.2,98.0,-1.7,-0.4,1.08,GOOD
1790983954381,1875,1989.0,-97.91508951959334,32000.0,81.2,98.0,-1.7,-0.4,1.08,GOOD
1790983954599,1876,1942.0,-97.80175969755024,32000.0,81.2,98.0,-1.7,-0.3,1.08,GOOD
1790983954599,1877,1946.0,-107.07888615181395,32000.0,81.2,98.0,-1.7,-0.3,1.08,GOOD
1790983954599,1878,2024.0,-115.5450637960261,32000.0,81.2,98.0,-1.7,-0.3,1.08,GOOD
1790983954599,1879,2087.0,-91.9554397585331,32000.0,81.2,98.0,-1.7,-0.3,1.08,GOOD
1790983954599,1880,2317.0,-30.525937888805537,32000.0,81.2,98.0,-1.7,-0.3,1.08,GOOD
1790983954599,1881,2205.0,46.604723210272866,32000.0,81.2,98.0,-1.7,-0.3,1.08,GOOD
1790983954599,1882,2181.0,109.23561580534064,32000.0,81.2,98.0,-1.7,-0.3,1.08,GOOD
1790983954599,1883,2225.0,145.99005049794485,32000.0,81.2,98.0,-1.7,-0.3,1.08,GOOD
1790983954599,1884,2485.0,179.7234244765546,32000.0,81.2,98.0,-1.7,-0.3,1.08,GOOD
1790983954599,1885,2416.0,231.8142694149036,32000.0,81.2,98.0,-1.7,-0.3,1.08,GOOD
1790983954599,1886,2333.0,280.6584856615316,32000.0,81.2,98.0,-1.7,-0.3,1.08,GOOD
1790983954599,1887,2315.0,294.1650439088763,32000.0,81.2,98.0,-1.7,-0.3,1.08,GOOD
1790983954599,1888,2419.0,285.59380257350057,32000.0,81.2,98.0,-1.7,-0.3,1.08,GOOD
1790983954599,1889,2462.0,290.83981532790085,32000.0,81.2,98.0,-1.7,-0.3,1.08,GOOD
1790983954599,1890,2410.0,309.6111702801869,32000.0,81.2,98.0,-1.7,-0.3,1.08,GOOD
1790983954599,1891,2369.0,311.3241802644879,32000.0,81.2,98.0,-1.7,-0.3,1.08,GOOD
1790983954599,1892,2111.0,279.2790893242792,32000.0,81.2,98.0,-1.7,-0.3,1.08,GOOD
1790983954599,1893,2206.0,220.99800160057305,32000.0,81.2,98.0,-1.7,-0.3,1.08,GOOD
1790983954599,1894,2254.0,158.88817675153484,32000.0,81.2,98.0,-1.7,-0.3,1.08,GOOD
1790983954599,1895,2182.0,108.60175926493693,32000.0,81.2,98.0,-1.7,-0.3,1.08,GOOD
1790983954599,1896,2126.0,63.79996637383198,32000.0,81.2,98.0,-1.7,-0.3,1.08,GOOD
1790983954599,1897,2131.0,25.286905670567535,32000.0,81.2,98.0,-1.7,-0.3,1.08,GOOD
1790983954599,1898,2163.0,12.878225469867292,32000.0,81.2,98.0,-1.7,-0.3,1.08,GOOD
1790983954599,1899,2351.0,34.98092805338055,32000.0,81.2,98.0,-1.7,-0.3,1.08,GOOD
1790983954599,1900,2279.0,74.9372734984069,32000.0,81.2,98.0,-1.7,-0.3,1.08,GOOD
1790983954600,1901,2218.0,104.79920919500839,32000.0,81.2,98.0,-1.7,-0.3,1.08,GOOD
1790983954600,1902,2214.0,113.71558460827075,32000.0,81.2,98.0,-1.7,-0.3,1.08,GOOD
1790983954600,1903,2325.0,120.12496371398467,32000.0,81.2,98.0,-1.7,-0.3,1.08,GOOD
1790983954600,1904,2303.0,137.65091029216455,32000.0,81.2,98.0,-1.7,-0.3,1.08,GOOD
1790983954600,1905,2255.0,147.15859602856665,32000.0,81.2,98.0,-1.7,-0.3,1.08,GOOD
1790983954600,1906,2203.0,127.93709720129317,32000.0,81.2,98.0,-1.7,-0.3,1.08,GOOD
1790983954600,1907,2068.0,89.68603779686208,32000.0,81.2,98.0,-1.7,-0.3,1.08,GOOD
1790983954600,1908,2131.0,51.462109092377105,32000.0,81.2,98.0,-1.7,-0.3,1.08,GOOD
1790983954600,1909,2143.0,17.70725277449543,32000.0,81.2,98.0,-1.7,-0.3,1.08,GOOD
1790983954600,1910,2130.0,-16.98579423749164,32000.0,81.2,98.0,-1.7,-0.3,1.08,GOOD
1790983954600,1911,1945.0,-56.961598475533016,32000.0,81.2,98.0,-1.7,-0.3,1.08,GOOD
1790983954600,1912,1992.0,-96.74317951310452,32000.0,81.2,98.0,-1.7,-0.3,1.08,GOOD
1790983954600,1913,2042.0,-120.50129887384152,32000.0,81.2,98.0,-1.7,-0.3,1.08,GOOD
1790983954600,1914,2054.0,-123.870594964123,32000.0,81.2,98.0,-1.7,-0.3,1.08,GOOD
1790983954600,1915,1848.0,-132.84233840879727,32000.0,81.2,98.0,-1.7,-0.3,1.08,GOOD
1790983954600,1916,1816.0,-174.80957398547983,32000.0,81.2,98.0,-1.7,-0.3,1.08,GOOD
1790983954600,1917,1821.0,-235.23411883770177,32000.0,81.2,98.0,-1.7,-0.3,1.08,GOOD
1790983954600,1918,1820.0,-278.18759304717736,32000.0,81.2,98.0,-1.7,-0.3,1.08,GOOD
1790983954600,1919,2065.0,-290.0131032156764,32000.0,81.2,98.0,-1.7,-0.3,1.08,GOOD
1790983954600,1920,2045.0,-269.88455631843556,32000.0,81.2,98.0,-1.7,-0.3,1.08,GOOD
1790983954600,1921,2039.0,-217.99272185974232,32000.0,81.2,98.0,-1.7,-0.3,1.08,GOOD
1790983954600,1922,2049.0,-144.694336826366,32000.0,81.2,98.0,-1.7,-0.3,1.08,GOOD
1790983954600,1923,2174.0,-67.47944543239419,32000.0,81.2,98.0,-1.7,-0.3,1.08,GOOD
1790983954600,1924,2149.0,-8.413468391491062,32000.0,81.2,98.0,-1.7,-0.3,1.08,GOOD
1790983954600,1925,2119.0,12.156356074939232,32000.0,81.2,98.0,-1.7,-0.3,1.08,GOOD
1790983954711,1926,2110.0,-0.5089420787877703,32000.0,138.6,98.0,-1.7,-0.2,1.08,GOOD
1790983954711,1927,2025.0,-16.617080679911297,32000.0,138.6,98.0,-1.7,-0.2,1.08,GOOD
1790983954711,1928,2058.0,-22.96928748849449,32000.0,138.6,98.0,-1.7,-0.2,1.08,GOOD
1790983954711,1929,2054.0,-35.320294211376634,32000.0,138.6,98.0,-1.7,-0.2,1.08,GOOD
1790983954711,1930,2057.0,-65.23151673373152,32000.0,138.6,98.0,-1.7,-0.2,1.08,GOOD
1790983954711,1931,1985.0,-99.26849281622748,32000.0,138.6,98.0,-1.7,-0.2,1.08,GOOD
1790983954711,1932,2012.0,-114.66618796981226,32000.0,138.6,98.0,-1.7,-0.2,1.08,GOOD
1790983954711,1933,2021.0,-106.52238942362817,32000.0,138.6,98.0,-1.7,-0.2,1.08,GOOD
1790983954711,1934,2003.0,-95.65400534741707,32000.0,138.6,98.0,-1.7,-0.2,1.08,GOOD
1790983954711,1935,1945.0,-106.75737849492313,32000.0,138.6,98.0,-1.7,-0.2,1.08,GOOD
1790983954711,1936,1980.0,-136.254652399553,32000.0,138.6,98.0,-1.7,-0.2,1.08,GOOD
1790983954711,1937,2020.0,-152.51247765023027,32000.0,138.6,98.0,-1.7,-0.2,1.08,GOOD
1790983954711,1938,2031.0,-136.9344850469582,32000.0,138.6,98.0,-1.7,-0.2,1.08,GOOD
1790983954711,1939,1930.0,-112.4929652383113,32000.0,138.6,98.0,-1.7,-0.2,1.08,GOOD
1790983954711,1940,1882.0,-116.74242214956548,32000.0,138.6,98.0,-1.7,-0.2,1.08,GOOD
1790983954711,1941,1856.0,-154.53188908055134,32000.0,138.6,98.0,-1.7,-0.2,1.08,GOOD
1790983954711,1942,1846.0,-198.03061366451067,32000.0,138.6,98.0,-1.7,-0.2,1.08,GOOD
1790983954711,1943,2094.0,-217.83513518850856,32000.0,138.6,98.0,-1.7,-0.2,1.08,GOOD
1790983954711,1944,2066.0,-197.47450948218557,32000.0,138.6,98.0,-1.7,-0.2,1.08,GOOD
1790983954711,1945,2057.0,-144.73663177209596,32000.0,138.6,98.0,-1.7,-0.2,1.08,GOOD
1790983954711,1946,2057.0,-84.42671405305809,32000.0,138.6,98.0,-1.7,-0.2,1.08,GOOD
1790983954711,1947,2315.0,-23.74062352070601,32000.0,138.6,98.0,-1.7,-0.2,1.08,GOOD
1790983954711,1948,2321.0,47.90156593264077,32000.0,138.6,98.0,-1.7,-0.2,1.08,GOOD
1790983954711,1949,2316.0,121.60669967169046,32000.0,138.6,98.0,-1.7,-0.2,1.08,GOOD
1790983954711,1950,2337.0,174.37080186694698,32000.0,138.6,98.0,-1.7,-0.2,1.08,GOOD
1790983954797,1951,1916.0,190.41191525996527,32000.0,138.6,98.0,-1.6,-0.2,1.08,GOOD
1790983954797,1952,1951.0,147.2596548756431,32000.0,138.6,98.0,-1.6,-0.2,1.08,GOOD
1790983954797,1953,1944.0,40.489967256682135,32000.0,138.6,98.0,-1.6,-0.2,1.08,GOOD
1790983954797,1954,1951.0,-89.03692257957607,32000.0,138.6,98.0,-1.6,-0.2,1.08,GOOD
1790983954797,1955,1958.0,-188.208962241802,32000.0,138.6,98.0,-1.6,-0.2,1.08,GOOD
1790983954797,1956,1980.0,-221.71446787272154,32000.0,138.6,98.0,-1.6,-0.2,1.08,GOOD
1790983954797,1957,1989.0,-188.6534139203663,32000.0,138.6,98.0,-1.6,-0.2,1.08,GOOD
1790983954797,1958,1736.0,-139.33247179350238,32000.0,138.6,98.0,-1.6,-0.2,1.08,GOOD
1790983954797,1959,1725.0,-146.57844690857212,32000.0,138.6,98.0,-1.6,-0.2,1.08,GOOD
1790983954797,1960,1727.0,-226.69782612091535,32000.0,138.6,98.0,-1.6,-0.2,1.08,GOOD
1790983954797,1961,1761.0,-319.6304805414153,32000.0,138.6,98.0,-1.6,-0.2,1.08,GOOD
1790983954797,1962,2295.0,-343.873195331601,32000.0,138.6,98.0,-1.6,-0.2,1.08,GOOD
1790983954797,1963,2239.0,-250.77085928722332,32000.0,138.6,98.0,-1.6,-0.2,1.08,GOOD
1790983954797,1964,2216.0,-76.94135115734771,32000.0,138.6,98.0,-1.6,-0.2,1.08,GOOD
1790983954797,1965,2293.0,86.73576775109625,32000.0,138.6,98.0,-1.6,-0.2,1.08,GOOD
1790983954797,1966,2325.0,194.45887986458746,32000.0,138.6,98.0,-1.6,-0.2,1.08,GOOD
1790983954797,1967,2329.0,250.44256194035518,32000.0,138.6,98.0,-1.6,-0.2,1.08,GOOD
1790983954797,1968,2314.0,261.05553277904596,32000.0,138.6,98.0,-1.6,-0.2,1.08,GOOD
1790983954797,1969,1833.0,218.27488312635344,32000.0,138.6,98.0,-1.6,-0.2,1.08,GOOD
1790983954797,1970,1885.0,111.19205218238422,32000.0,138.6,98.0,-1.6,-0.2,1.08,GOOD
1790983954797,1971,1893.0,-30.476525230510205,32000.0,138.6,98.0,-1.6,-0.2,1.08,GOOD
1790983954797,1972,1886.0,-148.9126074244623,32000.0,138.6,98.0,-1.6,-0.2,1.08,GOOD
1790983954797,1973,2031.0,-216.02114774974453,32000.0,138.6,98.0,-1.6,-0.2,1.08,GOOD
1790983954797,1974,2080.0,-222.79703698638275,32000.0,138.6,98.0,-1.6,-0.2,1.08,GOOD
1790983954797,1975,2112.0,-162.7988486183625,32000.0,138.6,98.0,-1.6,-0.2,1.08,GOOD
1790983954985,1976,2118.0,-59.02811641011183,32000.0,138.6,98.0,-1.6,-0.2,1.08,GOOD
1790983954985,1977,1832.0,22.704099192516566,32000.0,138.6,98.0,-1.6,-0.2,1.08,GOOD
1790983954985,1978,1786.0,9.835864595563947,32000.0,138.6,98.0,-1.6,-0.2,1.08,GOOD
1790983954985,1979,1770.0,-100.60100377263781,32000.0,138.6,98.0,-1.6,-0.2,1.08,GOOD
1790983954985,1980,1764.0,-231.20219636891616,32000.0,138.6,98.0,-1.6,-0.2,1.08,GOOD
1790983954985,1981,2347.0,-287.6126313205659,32000.0,138.6,98.0,-1.6,-0.2,1.08,GOOD
1790983954985,1982,2335.0,-211.43900710156893,32000.0,138.6,98.0,-1.6,-0.2,1.08,GOOD
1790983954985,1983,2348.0,-32.049417501813195,32000.0,138.6,98.0,-1.6,-0.2,1.08,GOOD
1790983954985,1984,1672.0,128.32373141770108,32000.0,138.6,98.0,-1.6,-0.2,1.08,GOOD
1790983954985,1985,1709.0,146.22493487052324,32000.0,138.6,98.0,-1.6,-0.2,1.08,GOOD
1790983954985,1986,1669.0,6.626468348483293,32000.0,138.6,98.0,-1.6,-0.2,1.08,GOOD
1790983954985,1987,1636.0,-204.14568802287238,32000.0,138.6,98.0,-1.6,-0.2,1.08,GOOD
1790983954985,1988,2339.0,-366.4516526833546,32000.0,138.6,98.0,-1.6,-0.2,1.08,GOOD
1790983954985,1989,2421.0,-353.42713839811165,32000.0,138.6,98.0,-1.6,-0.2,1.08,GOOD
1790983954985,1990,2479.0,-127.88680715341418,32000.0,138.6,98.0,-1.6,-0.2,1.08,GOOD
1790983954985,1991,2470.0,189.10534572160648,32000.0,138.6,98.0,-1.6,-0.2,1.08,GOOD
1790983954985,1992,1762.0,401.44425684527613,32000.0,138.6,98.0,-1.6,-0.2,1.08,GOOD
1790983954985,1993,1791.0,365.73437038774875,32000.0,138.6,98.0,-1.6,-0.2,1.08,GOOD
1790983954985,1994,1827.0,118.26960049565456,32000.0,138.6,98.0,-1.6,-0.2,1.08,GOOD
1790983954985,1995,1851.0,-152.41254141079918,32000.0,138.6,98.0,-1.6,-0.2,1.08,GOOD
1790983954985,1996,1981.0,-296.6602911008304,32000.0,138.6,98.0,-1.6,-0.2,1.08,GOOD
1790983954985,1997,1953.0,-295.4384286224439,32000.0,138.6,98.0,-1.6,-0.2,1.08,GOOD
1790983954985,1998,1950.0,-214.08819860469202,32000.0,138.6,98.0,-1.6,-0.2,1.08,GOOD
1790983954985,1999,1960.0,-127.26365057000095,32000.0,138.6,98.0,-1.6,-0.2,1.08,GOOD
1790983954985,2000,1881.0,-75.66691369194994,32000.0,138.6,98.0,-1.6,-0.2,1.08,GOOD
1790983955073,2001,1830.0,-73.74104863010787,32000.0,146.2,98.0,-1.6,-0.2,1.08,GOOD
1790983955073,2002,1800.0,-118.51718205627438,32000.0,146.2,98.0,-1.6,-0.2,1.08,GOOD
1790983955073,2003,1781.0,-184.91802160955484,32000.0,146.2,98.0,-1.6,-0.2,1.08,GOOD
1790983955073,2004,2305.0,-218.45317986368607,32000.0,146.2,98.0,-1.6,-0.2,1.08,GOOD
1790983955073,2005,2311.0,-154.57801119605762,32000.0,146.2,98.0,-1.6,-0.2,1.08,GOOD
1790983955073,2006,2316.0,3.419759645048444,32000.0,146.2,98.0,-1.6,-0.2,1.08,GOOD
1790983955073,2007,2317.0,172.80938754243536,32000.0,146.2,98.0,-1.6,-0.2,1.08,GOOD
1790983955073,2008,2120.0,277.1711140491088,32000.0,146.2,98.0,-1.6,-0.2,1.08,GOOD
1790983955073,2009,2138.0,287.59175607946906,32000.0,146.2,98.0,-1.6,-0.2,1.08,GOOD
1790983955073,2010,2166.0,222.22220935769295,32000.0,146.2,98.0,-1.6,-0.2,1.08,GOOD
1790983955073,2011,2190.0,134.75809196327177,32000.0,146.2,98.0,-1.6,-0.2,1.08,GOOD
1790983955073,2012,1825.0,62.46230373617547,32000.0,146.2,98.0,-1.6,-0.2,1.08,GOOD
1790983955073,2013,1852.0,-3.8614276363586173,32000.0,146.2,98.0,-1.6,-0.2,1.08,GOOD
1790983955073,2014,1847.0,-76.29535419815272,32000.0,146.2,98.0,-1.6,-0.2,1.08,GOOD
1790983955073,2015,1839.0,-144.57212722643948,32000.0,146.2,98.0,-1.6,-0.2,1.08,GOOD
1790983955073,2016,1889.0,-198.97026634333264,32000.0,146.2,98.0,-1.6,-0.2,1.08,GOOD
1790983955073,2017,1901.0,-227.1648231749865,32000.0,146.2,98.0,-1.6,-0.2,1.08,GOOD
1790983955073,2018,1912.0,-212.71436332036038,32000.0,146.2,98.0,-1.6,-0.2,1.08,GOOD
1790983955073,2019,1908.0,-162.75032200936624,32000.0,146.2,98.0,-1.6,-0.2,1.08,GOOD
1790983955073,2020,2203.0,-102.55257420418576,32000.0,146.2,98.0,-1.6,-0.2,1.08,GOOD
1790983955073,2021,2160.0,-41.32557204435,32000.0,146.2,98.0,-1.6,-0.2,1.08,GOOD
1790983955073,2022,2156.0,22.051602864968242,32000.0,146.2,98.0,-1.6,-0.2,1.08,GOOD
1790983955073,2023,2135.0,81.62651967922787,32000.0,146.2,98.0,-1.6,-0.2,1.08,GOOD
1790983955073,2024,2065.0,125.88681713634962,32000.0,146.2,98.0,-1.6,-0.2,1.08,GOOD
1790983955073,2025,2012.0,132.08807324232953,32000.0,146.2,98.0,-1.6,-0.2,1.08,GOOD
1790983955170,2026,1999.0,83.73731636020968,32000.0,146.2,98.0,-1.6,-0.2,1.08,GOOD
1790983955170,2027,1989.0,3.9972834727964024,32000.0,146.2,98.0,-1.6,-0.2,1.08,GOOD
1790983955170,2028,2120.0,-51.43856370280601,32000.0,146.2,98.0,-1.6,-0.2,1.08,GOOD
1790983955170,2029,2132.0,-41.888204234286306,32000.0,146.2,98.0,-1.6,-0.2,1.08,GOOD
1790983955170,2030,2107.0,15.666980711846724,32000.0,146.2,98.0,-1.6,-0.2,1.08,GOOD
1790983955170,2031,2111.0,66.21707672657011,32000.0,146.2,98.0,-1.6,-0.2,1.08,GOOD
1790983955170,2032,2071.0,79.64371613408,32000.0,146.2,98.0,-1.6,-0.2,1.08,GOOD
1790983955170,2033,2106.0,70.28599061829343,32000.0,146.2,98.0,-1.6,-0.2,1.08,GOOD
1790983955170,2034,2105.0,63.418638156168775,32000.0,146.2,98.0,-1.6,-0.2,1.08,GOOD
1790983955170,2035,1741.0,49.262644747178015,32000.0,146.2,98.0,-1.6,-0.2,1.08,GOOD
1790983955170,2036,1767.0,-14.505536020129682,32000.0,146.2,98.0,-1.6,-0.2,1.08,GOOD
1790983955170,2037,1790.0,-127.23731419437983,32000.0,146.2,98.0,-1.6,-0.2,1.08,GOOD
1790983955170,2038,1806.0,-227.4508076704822,32000.0,146.2,98.0,-1.6,-0.2,1.08,GOOD
1790983955170,2039,2363.0,-248.9585786376734,32000.0,146.2,98.0,-1.6,-0.2,1.08,GOOD
1790983955170,2040,2347.0,-152.4218143967006,32000.0,146.2,98.0,-1.6,-0.2,1.08,GOOD
1790983955170,2041,2362.0,34.54228947703559,32000.0,146.2,98.0,-1.6,-0.2,1.08,GOOD
1790983955170,2042,2388.0,225.36541943598007,32000.0,146.2,98.0,-1.6,-0.2,1.08,GOOD
1790983955170,2043,2500.0,360.1099827411099,32000.0,146.2,98.0,-1.6,-0.2,1.08,GOOD
1790983955170,2044,2396.0,427.46854635612544,32000.0,146.2,98.0,-1.6,-0.2,1.08,GOOD
1790983955170,2045,2332.0,426.4385826436352,32000.0,146.2,98.0,-1.6,-0.2,1.08,GOOD
1790983955170,2046,2299.0,368.82277153313714,32000.0,146.2,98.0,-1.6,-0.2,1.08,GOOD
1790983955170,2047,1721.0,272.90116498769066,32000.0,146.2,98.0,-1.6,-0.2,1.08,GOOD
1790983955170,2048,1747.0,129.26428935000723,32000.0,146.2,98.0,-1.6,-0.2,1.08,GOOD
1790983955170,2049,1718.0,-59.100804914666725,32000.0,146.2,98.0,-1.6,-0.2,1.08,GOOD
1790983955170,2050,2025.0,-229.6031607037898,32000.0,146.2,98.0,-1.6,-0.2,1.08,GOOD
1790983955287,2051,2078.0,-301.2811017362675,32000.0,146.2,98.0,-1.6,-0.3,1.09,GOOD
1790983955287,2052,2150.0,-241.6178210837244,32000.0,146.2,98.0,-1.6,-0.3,1.09,GOOD
1790983955287,2053,2169.0,-91.10355409912964,32000.0,146.2,98.0,-1.6,-0.3,1.09,GOOD
1790983955287,2054,1855.0,54.78430530946748,32000.0,146.2,98.0,-1.6,-0.3,1.09,GOOD
1790983955287,2055,1816.0,93.18774718157181,32000.0,146.2,98.0,-1.6,-0.3,1.09,GOOD
1790983955287,2056,1829.0,0.002015529904632274,32000.0,146.2,98.0,-1.6,-0.3,1.09,GOOD
1790983955287,2057,1990.0,-137.14890340121843,32000.0,146.2,98.0,-1.6,-0.3,1.09,GOOD
1790983955287,2058,1966.0,-208.9797404827661,32000.0,146.2,98.0,-1.6,-0.3,1.09,GOOD
1790983955287,2059,1913.0,-188.84586921702703,32000.0,146.2,98.0,-1.6,-0.3,1.09,GOOD
1790983955287,2060,1868.0,-134.13808269958895,32000.0,146.2,98.0,-1.6,-0.3,1.09,GOOD
1790983955287,2061,2169.0,-94.64869794088463,32000.0,146.2,98.0,-1.6,-0.3,1.09,GOOD
1790983955287,2062,2171.0,-56.171828707782176,32000.0,146.2,98.0,-1.6,-0.3,1.09,GOOD
1790983955287,2063,2169.0,6.209415234862115,32000.0,146.2,98.0,-1.6,-0.3,1.09,GOOD
1790983955287,2064,2130.0,76.47197610989394,32000.0,146.2,98.0,-1.6,-0.3,1.09,GOOD
1790983955287,2065,2204.0,126.85068383884199,32000.0,146.2,98.0,-1.6,-0.3,1.09,GOOD
1790983955287,2066,2220.0,151.55918896106536,32000.0,146.2,98.0,-1.6,-0.3,1.09,GOOD
1790983955287,2067,2254.0,160.18277291750127,32000.0,146.2,98.0,-1.6,-0.3,1.09,GOOD
1790983955287,2068,2285.0,165.56248908614012,32000.0,146.2,98.0,-1.6,-0.3,1.09,GOOD
1790983955287,2069,2180.0,175.88925776584628,32000.0,146.2,98.0,-1.6,-0.3,1.09,GOOD
1790983955287,2070,2178.0,184.16182397894934,32000.0,146.2,98.0,-1.6,-0.3,1.09,GOOD
1790983955287,2071,2192.0,177.62916640206493,32000.0,146.2,98.0,-1.6,-0.3,1.09,GOOD
1790983955287,2072,2222.0,156.69812809983551,32000.0,146.2,98.0,-1.6,-0.3,1.09,GOOD
1790983955287,2073,1972.0,124.36741524910745,32000.0,146.2,98.0,-1.6,-0.3,1.09,GOOD
1790983955287,2074,1992.0,74.0156648658957,32000.0,146.2,98.0,-1.6,-0.3,1.09,GOOD
1790983955287,2075,1971.0,11.461668074731351,32000.0,146.2,98.0,-1.6,-0.3,1.09,GOOD
1790983955364,2076,1971.0,-42.77390829943828,32000.0,146.2,98.0,-1.6,-0.3,1.07,GOOD
1790983955364,2077,2052.0,-78.14687585986917,32000.0,146.2,98.0,-1.6,-0.3,1.07,GOOD
1790983955364,2078,2063.0,-89.64096468970234,32000.0,146.2,98.0,-1.6,-0.3,1.07,GOOD
1790983955364,2079,2052.0,-71.99800887606958,32000.0,146.2,98.0,-1.6,-0.3,1.07,GOOD
1790983955364,2080,2211.0,-26.71402339041049,32000.0,146.2,98.0,-1.6,-0.3,1.07,GOOD
1790983955364,2081,2176.0,36.40814704117618,32000.0,146.2,98.0,-1.6,-0.3,1.07,GOOD
1790983955364,2082,2176.0,92.47150030658007,32000.0,146.2,98.0,-1.6,-0.3,1.07,GOOD
1790983955364,2083,2143.0,116.1539981581563,32000.0,146.2,98.0,-1.6,-0.3,1.07,GOOD
1790983955364,2084,2482.0,123.82677118640508,32000.0,146.2,98.0,-1.6,-0.3,1.07,GOOD
1790983955364,2085,2469.0,167.0904679731476,32000.0,146.2,98.0,-1.6,-0.3,1.07,GOOD
1790983955364,2086,2478.0,257.95597416479245,32000.0,146.2,98.0,-1.6,-0.3,1.07,GOOD
1790983955364,2087,2513.0,350.1373043836105,32000.0,146.2,98.0,-1.6,-0.3,1.07,GOOD
1790983955364,2088,2280.0,397.38649333024046,32000.0,146.2,98.0,-1.6,-0.3,1.07,GOOD
1790983955364,2089,2299.0,381.3676602352946,32000.0,146.2,98.0,-1.6,-0.3,1.07,GOOD
1790983955364,2090,2276.0,315.83794124891426,32000.0,146.2,98.0,-1.6,-0.3,1.07,GOOD
1790983955364,2091,2278.0,236.89515424379013,32000.0,146.2,98.0,-1.6,-0.3,1.07,GOOD
1790983955364,2092,2192.0,169.72425564583398,32000.0,146.2,98.0,-1.6,-0.3,1.07,GOOD
1790983955364,2093,2241.0,122.53368235388092,32000.0,146.2,98.0,-1.6,-0.3,1.07,GOOD
1790983955364,2094,2235.0,102.10330977739406,32000.0,146.2,98.0,-1.6,-0.3,1.07,GOOD
1790983955364,2095,2209.0,106.20169981457843,32000.0,146.2,98.0,-1.6,-0.3,1.07,GOOD
1790983955364,2096,1988.0,105.1235938992923,32000.0,146.2,98.0,-1.6,-0.3,1.07,GOOD
1790983955364,2097,2002.0,62.13438302225821,32000.0,146.2,98.0,-1.6,-0.3,1.07,GOOD
1790983955364,2098,2011.0,-17.229459973621896,32000.0,146.2,98.0,-1.6,-0.3,1.07,GOOD
1790983955364,2099,1990.0,-89.58235853332725,32000.0,146.2,98.0,-1.6,-0.3,1.07,GOOD
1790983955364,2100,1902.0,-131.78777313167785,32000.0,146.2,98.0,-1.6,-0.3,1.07,GOOD
1790983955510,2101,1854.0,-159.270206921309,32000.0,152.9,98.0,-1.6,-0.4,1.08,GOOD
1790983955510,2102,1854.0,-190.60004180149696,32000.0,152.9,98.0,-1.6,-0.4,1.08,GOOD
1790983955510,2103,1849.0,-223.26708780274225,32000.0,152.9,98.0,-1.6,-0.4,1.08,GOOD
1790983955510,2104,2265.0,-229.83028033340034,32000.0,152.9,98.0,-1.6,-0.4,1.08,GOOD
1790983955510,2105,2231.0,-172.0433677436821,32000.0,152.9,98.0,-1.6,-0.4,1.08,GOOD
1790983955510,2106,2238.0,-54.23782546477819,32000.0,152.9,98.0,-1.6,-0.4,1.08,GOOD
1790983955510,2107,2273.0,69.81932871122626,32000.0,152.9,98.0,-1.6,-0.4,1.08,GOOD
1790983955510,2108,2060.0,149.6379771012766,32000.0,152.9,98.0,-1.6,-0.4,1.08,GOOD
1790983955510,2109,2032.0,153.75183666041744,32000.0,152.9,98.0,-1.6,-0.4,1.08,GOOD
1790983955510,2110,1974.0,80.25612931212582,32000.0,152.9,98.0,-1.6,-0.4,1.08,GOOD
1790983955510,2111,2007.0,-28.628151003343163,32000.0,152.9,98.0,-1.6,-0.4,1.08,GOOD
1790983955510,2112,1908.0,-118.20916867519387,32000.0,152.9,98.0,-1.6,-0.4,1.08,GOOD
1790983955510,2113,1963.0,-162.5811168423022,32000.0,152.9,98.0,-1.6,-0.4,1.08,GOOD
1790983955510,2114,1954.0,-168.3111567253638,32000.0,152.9,98.0,-1.6,-0.4,1.08,GOOD
1790983955510,2115,1936.0,-157.76415708067321,32000.0,152.9,98.0,-1.6,-0.4,1.08,GOOD
1790983955510,2116,1816.0,-156.88340153761544,32000.0,152.9,98.0,-1.6,-0.4,1.08,GOOD
1790983955510,2117,1839.0,-178.73190737205474,32000.0,152.9,98.0,-1.6,-0.4,1.08,GOOD
1790983955510,2118,1838.0,-211.61848829225298,32000.0,152.9,98.0,-1.6,-0.4,1.08,GOOD
1790983955510,2119,1855.0,-235.9612189828083,32000.0,152.9,98.0,-1.6,-0.4,1.08,GOOD
1790983955510,2120,1790.0,-249.04291221114374,32000.0,152.9,98.0,-1.6,-0.4,1.08,GOOD
1790983955510,2121,1793.0,-260.39765385141783,32000.0,152.9,98.0,-1.6,-0.4,1.08,GOOD
1790983955510,2122,1825.0,-269.4885531666373,32000.0,152.9,98.0,-1.6,-0.4,1.08,GOOD
1790983955510,2123,2231.0,-250.16816417986934,32000.0,152.9,98.0,-1.6,-0.4,1.08,GOOD
1790983955510,2124,2168.0,-170.69968583126126,32000.0,152.9,98.0,-1.6,-0.4,1.08,GOOD
1790983955510,2125,2117.0,-50.41675748545505,32000.0,152.9,98.0,-1.6,-0.4,1.08,GOOD
1790983955620,2126,2113.0,49.16472068892673,32000.0,152.9,98.0,-1.7,-0.3,1.07,GOOD
1790983955620,2127,1798.0,84.59637324501432,32000.0,152.9,98.0,-1.7,-0.3,1.07,GOOD
1790983955620,2128,1837.0,38.73409671519548,32000.0,152.9,98.0,-1.7,-0.3,1.07,GOOD
1790983955620,2129,1811.0,-72.58314834874439,32000.0,152.9,98.0,-1.7,-0.3,1.07,GOOD
1790983955620,2130,1841.0,-194.65754682188557,32000.0,152.9,98.0,-1.7,-0.3,1.07,GOOD
1790983955620,2131,1893.0,-269.6409976137963,32000.0,152.9,98.0,-1.7,-0.3,1.07,GOOD
1790983955620,2132,1954.0,-267.83600622152005,32000.0,152.9,98.0,-1.7,-0.3,1.07,GOOD
1790983955620,2133,1968.0,-202.6521170227368,32000.0,152.9,98.0,-1.7,-0.3,1.07,GOOD
1790983955620,2134,1924.0,-125.12110870552316,32000.0,152.9,98.0,-1.7,-0.3,1.07,GOOD
1790983955620,2135,1858.0,-86.83902092305756,32000.0,152.9,98.0,-1.7,-0.3,1.07,GOOD
1790983955620,2136,1871.0,-99.70249506883314,32000.0,152.9,98.0,-1.7,-0.3,1.07,GOOD
1790983955620,2137,1995.0,-129.10692436514157,32000.0,152.9,98.0,-1.7,-0.3,1.07,GOOD
1790983955620,2138,1958.0,-134.03687014798135,32000.0,152.9,98.0,-1.7,-0.3,1.07,GOOD
1790983955620,2139,1876.0,-116.04719577553834,32000.0,152.9,98.0,-1.7,-0.3,1.07,GOOD
1790983955620,2140,1827.0,-109.32765478223813,32000.0,152.9,98.0,-1.7,-0.3,1.07,GOOD
1790983955620,2141,2069.0,-119.29897749384675,32000.0,152.9,98.0,-1.7,-0.3,1.07,GOOD
1790983955620,2142,2088.0,-107.92750221343253,32000.0,152.9,98.0,-1.7,-0.3,1.07,GOOD
1790983955620,2143,2084.0,-56.338730666692605,32000.0,152.9,98.0,-1.7,-0.3,1.07,GOOD
1790983955620,2144,2023.0,3.947264336186331,32000.0,152.9,98.0,-1.7,-0.3,1.07,GOOD
1790983955620,2145,2127.0,41.370346860179026,32000.0,152.9,98.0,-1.7,-0.3,1.07,GOOD
1790983955620,2146,2142.0,62.14244276991683,32000.0,152.9,98.0,-1.7,-0.3,1.07,GOOD
1790983955620,2147,2180.0,83.91114257730553,32000.0,152.9,98.0,-1.7,-0.3,1.07,GOOD
1790983955620,2148,2195.0,107.5540006899851,32000.0,152.9,98.0,-1.7,-0.3,1.07,GOOD
1790983955620,2149,1901.0,115.73197701911778,32000.0,152.9,98.0,-1.7,-0.3,1.07,GOOD
1790983955620,2150,1856.0,81.47225498495011,32000.0,152.9,98.0,-1.7,-0.3,1.07,GOOD
1790983955749,2151,1882.0,2.576549939801315,32000.0,152.9,98.0,-1.7,-0.3,1.09,GOOD
1790983955749,2152,1922.0,-84.6532642973097,32000.0,152.9,98.0,-1.7,-0.3,1.09,GOOD
1790983955749,2153,1815.0,-148.7794349705872,32000.0,152.9,98.0,-1.7,-0.3,1.09,GOOD
1790983955749,2154,1817.0,-187.1254842408806,32000.0,152.9,98.0,-1.7,-0.3,1.09,GOOD
1790983955749,2155,1807.0,-203.01493240629085,32000.0,152.9,98.0,-1.7,-0.3,1.09,GOOD
1790983955749,2156,1810.0,-198.3941727228342,32000.0,152.9,98.0,-1.7,-0.3,1.09,GOOD
1790983955749,2157,1744.0,-191.00817507741922,32000.0,152.9,98.0,-1.7,-0.3,1.09,GOOD
1790983955749,2158,1745.0,-204.87646449624066,32000.0,152.9,98.0,-1.7,-0.3,1.09,GOOD
1790983955749,2159,1728.0,-238.2692803202591,32000.0,152.9,98.0,-1.7,-0.3,1.09,GOOD
1790983955749,2160,2207.0,-245.77562618313837,32000.0,152.9,98.0,-1.7,-0.3,1.09,GOOD
1790983955749,2161,2190.0,-169.7130336416064,32000.0,152.9,98.0,-1.7,-0.3,1.09,GOOD
1790983955749,2162,2222.0,-19.416481521136536,32000.0,152.9,98.0,-1.7,-0.3,1.09,GOOD
1790983955749,2163,2239.0,129.38446828705682,32000.0,152.9,98.0,-1.7,-0.3,1.09,GOOD
1790983955749,2164,2173.0,222.755849056097,32000.0,152.9,98.0,-1.7,-0.3,1.09,GOOD
1790983955749,2165,2136.0,253.3759403670565,32000.0,152.9,98.0,-1.7,-0.3,1.09,GOOD
1790983955749,2166,2125.0,231.7165191835014,32000.0,152.9,98.0,-1.7,-0.3,1.09,GOOD
1790983955749,2167,2144.0,178.06045960760235,32000.0,152.9,98.0,-1.7,-0.3,1.09,GOOD
1790983955749,2168,1980.0,116.58065934367144,32000.0,152.9,98.0,-1.7,-0.3,1.09,GOOD
1790983955749,2169,1998.0,62.32063953054936,32000.0,152.9,98.0,-1.7,-0.3,1.09,GOOD
1790983955749,2170,1976.0,22.82873709439353,32000.0,152.9,98.0,-1.7,-0.3,1.09,GOOD
1790983955749,2171,1746.0,-11.010332874899824,32000.0,152.9,98.0,-1.7,-0.3,1.09,GOOD
1790983955749,2172,1756.0,-69.64037981043273,32000.0,152.9,98.0,-1.7,-0.3,1.09,GOOD
1790983955749,2173,1848.0,-153.44593007845668,32000.0,152.9,98.0,-1.7,-0.3,1.09,GOOD
1790983955749,2174,1846.0,-214.03724305923723,32000.0,152.9,98.0,-1.7,-0.3,1.09,GOOD
1790983955749,2175,1831.0,-219.45810500365405,32000.0,152.9,98.0,-1.7,-0.3,1.09,GOOD
1790983955850,2176,1810.0,-190.28290975593586,32000.0,158.4,98.0,-1.6,-0.2,1.08,GOOD
1790983955850,2177,1824.0,-164.02368469069827,32000.0,158.4,98.0,-1.6,-0.2,1.08,GOOD
1790983955850,2178,2299.0,-137.47783075549376,32000.0,158.4,98.0,-1.6,-0.2,1.08,GOOD
1790983955850,2179,2250.0,-62.81039232743871,32000.0,158.4,98.0,-1.6,-0.2,1.08,GOOD
1790983955850,2180,2212.0,67.79535120720902,32000.0,158.4,98.0,-1.6,-0.2,1.08,GOOD
1790983955850,2181,2206.0,193.560992724722,32000.0,158.4,98.0,-1.6,-0.2,1.08,GOOD
1790983955850,2182,2094.0,258.59243554059134,32000.0,158.4,98.0,-1.6,-0.2,1.08,GOOD
1790983955850,2183,2116.0,249.8182643388408,32000.0,158.4,98.0,-1.6,-0.2,1.08,GOOD
1790983955850,2184,2104.0,189.69468872857362,32000.0,158.4,98.0,-1.6,-0.2,1.08,GOOD
1790983955850,2185,2071.0,119.44483307516174,32000.0,158.4,98.0,-1.6,-0.2,1.08,GOOD
1790983955850,2186,1997.0,68.64552256923737,32000.0,158.4,98.0,-1.6,-0.2,1.08,GOOD
1790983955850,2187,2048.0,43.0132061664743,32000.0,158.4,98.0,-1.6,-0.2,1.08,GOOD
1790983955850,2188,2066.0,36.52757579648827,32000.0,158.4,98.0,-1.6,-0.2,1.08,GOOD
1790983955850,2189,1708.0,25.30579546021142,32000.0,158.4,98.0,-1.6,-0.2,1.08,GOOD
1790983955850,2190,1710.0,-31.19477003450887,32000.0,158.4,98.0,-1.6,-0.2,1.08,GOOD
1790983955850,2191,1729.0,-133.0472058964368,32000.0,158.4,98.0,-1.6,-0.2,1.08,GOOD
1790983955850,2192,1760.0,-226.62812071133257,32000.0,158.4,98.0,-1.6,-0.2,1.08,GOOD
1790983955850,2193,2163.0,-257.1014773144773,32000.0,158.4,98.0,-1.6,-0.2,1.08,GOOD
1790983955850,2194,2111.0,-196.29592772303704,32000.0,158.4,98.0,-1.6,-0.2,1.08,GOOD
1790983955850,2195,2094.0,-67.39709486847087,32000.0,158.4,98.0,-1.6,-0.2,1.08,GOOD
1790983955850,2196,2142.0,66.0601686144366,32000.0,158.4,98.0,-1.6,-0.2,1.08,GOOD
1790983955850,2197,2127.0,158.12986683842502,32000.0,158.4,98.0,-1.6,-0.2,1.08,GOOD
1790983955850,2198,2109.0,192.16533898284766,32000.0,158.4,98.0,-1.6,-0.2,1.08,GOOD
1790983955850,2199,2081.0,169.95546207107475,32000.0,158.4,98.0,-1.6,-0.2,1.08,GOOD
1790983955850,2200,2239.0,125.31477214899243,32000.0,158.4,98.0,-1.6,-0.2,1.08,GOOD
1790983955942,2201,2223.0,112.5955143320664,32000.0,158.4,98.0,-1.7,-0.3,1.08,GOOD
1790983955942,2202,2226.0,150.78636176478932,32000.0,158.4,98.0,-1.7,-0.3,1.08,GOOD
1790983955942,2203,2212.0,203.7595921949711,32000.0,158.4,98.0,-1.7,-0.3,1.08,GOOD
1790983955942,2204,1880.0,216.45503222673133,32000.0,158.4,98.0,-1.7,-0.3,1.08,GOOD
1790983955942,2205,1903.0,155.06459946954493,32000.0,158.4,98.0,-1.7,-0.3,1.08,GOOD
1790983955942,2206,1923.0,43.89531323744651,32000.0,158.4,98.0,-1.7,-0.3,1.08,GOOD
1790983955942,2207,1886.0,-55.95333906292723,32000.0,158.4,98.0,-1.7,-0.3,1.08,GOOD
1790983955942,2208,1873.0,-115.62963767717471,32000.0,158.4,98.0,-1.7,-0.3,1.08,GOOD
1790983955942,2209,1871.0,-143.73986944071925,32000.0,158.4,98.0,-1.7,-0.3,1.08,GOOD
1790983955942,2210,1866.0,-149.34280387815323,32000.0,158.4,98.0,-1.7,-0.3,1.08,GOOD
1790983955942,2211,1987.0,-132.5132823128202,32000.0,158.4,98.0,-1.7,-0.3,1.08,GOOD
1790983955942,2212,1947.0,-96.88096867085551,32000.0,158.4,98.0,-1.7,-0.3,1.08,GOOD
1790983955942,2213,1930.0,-61.98910180266008,32000.0,158.4,98.0,-1.7,-0.3,1.08,GOOD
1790983955942,2214,1906.0,-48.532061392572174,32000.0,158.4,98.0,-1.7,-0.3,1.08,GOOD
1790983955942,2215,2228.0,-41.553440193062755,32000.0,158.4,98.0,-1.7,-0.3,1.08,GOOD
1790983955942,2216,2206.0,1.9648180797113861,32000.0,158.4,98.0,-1.7,-0.3,1.08,GOOD
1790983955942,2217,2185.0,86.43449188263844,32000.0,158.4,98.0,-1.7,-0.3,1.08,GOOD
1790983955942,2218,2157.0,164.2868195474267,32000.0,158.4,98.0,-1.7,-0.3,1.08,GOOD
1790983955942,2219,2122.0,199.23355862471857,32000.0,158.4,98.0,-1.7,-0.3,1.08,GOOD
1790983955942,2220,2130.0,193.91564923380224,32000.0,158.4,98.0,-1.7,-0.3,1.08,GOOD
1790983955942,2221,2135.0,167.47075111368852,32000.0,158.4,98.0,-1.7,-0.3,1.08,GOOD
1790983955942,2222,2162.0,137.71688308400655,32000.0,158.4,98.0,-1.7,-0.3,1.08,GOOD
1790983955942,2223,2632.0,137.3308188471647,32000.0,158.4,98.0,-1.7,-0.3,1.08,GOOD
1790983955942,2224,2652.0,217.271524027939,32000.0,158.4,98.0,-1.7,-0.3,1.08,GOOD
1790983955942,2225,2659.0,378.01320959791485,32000.0,158.4,98.0,-1.7,-0.3,1.08,GOOD
1790983956048,2226,1871.0,514.1695196269279,32000.0,158.4,98.0,-1.7,-0.3,1.08,GOOD
1790983956048,2227,1872.0,486.347295442737,32000.0,158.4,98.0,-1.7,-0.3,1.08,GOOD
1790983956048,2228,1843.0,275.606879906074,32000.0,158.4,98.0,-1.7,-0.3,1.08,GOOD
1790983956048,2229,1810.0,3.183721561768131,32000.0,158.4,98.0,-1.7,-0.3,1.08,GOOD
1790983956048,2230,1594.0,-216.7880123081425,32000.0,158.4,98.0,-1.7,-0.3,1.08,GOOD
1790983956048,2231,1600.0,-352.47284292519976,32000.0,158.4,98.0,-1.7,-0.3,1.08,GOOD
1790983956048,2232,1599.0,-411.1835958948918,32000.0,158.4,98.0,-1.7,-0.3,1.08,GOOD
1790983956048,2233,2154.0,-392.44094703872815,32000.0,158.4,98.0,-1.7,-0.3,1.08,GOOD
1790983956048,2234,2085.0,-289.7150635514199,32000.0,158.4,98.0,-1.7,-0.3,1.08,GOOD
1790983956048,2235,2089.0,-137.48929444700732,32000.0,158.4,98.0,-1.7,-0.3,1.08,GOOD
1790983956048,2236,2107.0,1.5180469761960111,32000.0,158.4,98.0,-1.7,-0.3,1.08,GOOD
1790983956048,2237,2118.0,100.05547176345695,32000.0,158.4,98.0,-1.7,-0.3,1.08,GOOD
1790983956048,2238,2090.0,154.2150832326335,32000.0,158.4,98.0,-1.7,-0.3,1.08,GOOD
1790983956048,2239,2064.0,151.33122027557113,32000.0,158.4,98.0,-1.7,-0.3,1.08,GOOD
1790983956048,2240,2093.0,98.48293920579952,32000.0,158.4,98.0,-1.7,-0.3,1.08,GOOD
1790983956048,2241,2197.0,48.16698464283808,32000.0,158.4,98.0,-1.7,-0.3,1.08,GOOD
1790983956048,2242,2257.0,58.83251123196596,32000.0,158.4,98.0,-1.7,-0.3,1.08,GOOD
1790983956048,2243,2257.0,130.24319534946238,32000.0,158.4,98.0,-1.7,-0.3,1.08,GOOD
1790983956048,2244,2272.0,204.98734787643505,32000.0,158.4,98.0,-1.7,-0.3,1.08,GOOD
1790983956048,2245,1968.0,226.16814815142988,32000.0,158.4,98.0,-1.7,-0.3,1.08,GOOD
1790983956048,2246,2006.0,177.63230174719297,32000.0,158.4,98.0,-1.7,-0.3,1.08,GOOD
1790983956048,2247,1999.0,93.18061733712516,32000.0,158.4,98.0,-1.7,-0.3,1.08,GOOD
1790983956048,2248,1953.0,17.446732327450633,32000.0,158.4,98.0,-1.7,-0.3,1.08,GOOD
1790983956048,2249,1886.0,-43.80826644686142,32000.0,158.4,98.0,-1.7,-0.3,1.08,GOOD
1790983956048,2250,1901.0,-100.67146835059188,32000.0,158.4,98.0,-1.7,-0.3,1.08,GOOD
1790983956123,2251,1929.0,-137.5672388814074,32000.0,158.4,98.0,-1.6,-0.3,1.08,GOOD
1790983956123,2252,2019.0,-130.85153586708097,32000.0,158.4,98.0,-1.6,-0.3,1.08,GOOD
1790983956123,2253,1932.0,-90.47820393251148,32000.0,158.4,98.0,-1.6,-0.3,1.08,GOOD
1790983956123,2254,1885.0,-61.10166457920846,32000.0,158.4,98.0,-1.6,-0.3,1.08,GOOD
1790983956123,2255,1892.0,-71.19844519356697,32000.0,158.4,98.0,-1.6,-0.3,1.08,GOOD
1790983956123,2256,2294.0,-85.0366170204639,32000.0,158.4,98.0,-1.6,-0.3,1.08,GOOD
1790983956123,2257,2304.0,-34.974362954254175,32000.0,158.4,98.0,-1.6,-0.3,1.08,GOOD
1790983956123,2258,2291.0,83.71908400589273,32000.0,158.4,98.0,-1.6,-0.3,1.08,GOOD
1790983956123,2259,2325.0,205.04137036597908,32000.0,158.4,98.0,-1.6,-0.3,1.08,GOOD
1790983956123,2260,2306.0,281.0054445864452,32000.0,158.4,98.0,-1.6,-0.3,1.08,GOOD
1790983956123,2261,2327.0,312.38012184173886,32000.0,158.4,98.0,-1.6,-0.3,1.08,GOOD
1790983956123,2262,2308.0,313.4021509998697,32000.0,158.4,98.0,-1.6,-0.3,1.08,GOOD
1790983956123,2263,2276.0,291.8603210186395,32000.0,158.4,98.0,-1.6,-0.3,1.08,GOOD
1790983956123,2264,2013.0,246.41463512773169,32000.0,158.4,98.0,-1.6,-0.3,1.08,GOOD
1790983956123,2265,2079.0,175.09799820834485,32000.0,158.4,98.0,-1.6,-0.3,1.08,GOOD
1790983956123,2266,2110.0,97.89995155906065,32000.0,158.4,98.0,-1.6,-0.3,1.08,GOOD
1790983956123,2267,2200.0,48.131835793146365,32000.0,158.4,98.0,-1.6,-0.3,1.08,GOOD
1790983956123,2268,2144.0,36.73985688693225,32000.0,158.4,98.0,-1.6,-0.3,1.08,GOOD
1790983956123,2269,2139.0,50.108669981674566,32000.0,158.4,98.0,-1.6,-0.3,1.08,GOOD
1790983956123,2270,2158.0,74.2412541406018,32000.0,158.4,98.0,-1.6,-0.3,1.08,GOOD
1790983956123,2271,2285.0,105.53827103155399,32000.0,158.4,98.0,-1.6,-0.3,1.08,GOOD
1790983956123,2272,2218.0,138.14040473203718,32000.0,158.4,98.0,-1.6,-0.3,1.08,GOOD
1790983956123,2273,2181.0,154.06073386906752,32000.0,158.4,98.0,-1.6,-0.3,1.08,GOOD
1790983956123,2274,2182.0,145.3626177854078,32000.0,158.4,98.0,-1.6,-0.3,1.08,GOOD
1790983956123,2275,2521.0,143.46571284016375,32000.0,158.4,98.0,-1.6,-0.3,1.08,GOOD
1790983956200,2276,2529.0,193.98405730859437,32000.0,158.4,98.0,-1.6,-0.2,1.08,GOOD
1790983956200,2277,2507.0,289.6128392697587,32000.0,158.4,98.0,-1.6,-0.2,1.08,GOOD
1790983956200,2278,2496.0,374.58164024641985,32000.0,158.4,98.0,-1.6,-0.2,1.08,GOOD
1790983956200,2279,2288.0,410.1163211987531,32000.0,158.4,98.0,-1.6,-0.2,1.08,GOOD
1790983956200,2280,2320.0,389.39835482150977,32000.0,158.4,98.0,-1.6,-0.2,1.08,GOOD
1790983956200,2281,2330.0,325.9530382449085,32000.0,158.4,98.0,-1.6,-0.2,1.08,GOOD
1790983956200,2282,2316.0,247.31319837768118,32000.0,158.4,98.0,-1.6,-0.2,1.08,GOOD
1790983956200,2283,1916.0,166.08398624773235,32000.0,158.4,98.0,-1.6,-0.2,1.08,GOOD
1790983956200,2284,1949.0,71.87939853919582,32000.0,158.4,98.0,-1.6,-0.2,1.08,GOOD
1790983956200,2285,1960.0,-28.394714572534284,32000.0,158.4,98.0,-1.6,-0.2,1.08,GOOD
1790983956200,2286,1668.0,-120.8089230953573,32000.0,158.4,98.0,-1.6,-0.2,1.08,GOOD
1790983956200,2287,1677.0,-225.37862212977353,32000.0,158.4,98.0,-1.6,-0.2,1.08,GOOD
1790983956200,2288,1705.0,-343.67641780852205,32000.0,158.4,98.0,-1.6,-0.2,1.08,GOOD
1790983956200,2289,1744.0,-423.04221291363956,32000.0,158.4,98.0,-1.6,-0.2,1.08,GOOD
1790983956200,2290,2160.0,-411.49105160290264,32000.0,158.4,98.0,-1.6,-0.2,1.08,GOOD
1790983956200,2291,2080.0,-304.1345135828069,32000.0,158.4,98.0,-1.6,-0.2,1.08,GOOD
1790983956200,2292,2042.0,-159.4858010296273,32000.0,158.4,98.0,-1.6,-0.2,1.08,GOOD
1790983956200,2293,2012.0,-53.58109652635431,32000.0,158.4,98.0,-1.6,-0.2,1.08,GOOD
1790983956200,2294,2128.0,-3.858229532874482,32000.0,158.4,98.0,-1.6,-0.2,1.08,GOOD
1790983956200,2295,2099.0,17.297837800280906,32000.0,158.4,98.0,-1.6,-0.2,1.08,GOOD
1790983956200,2296,2087.0,20.80243773484687,32000.0,158.4,98.0,-1.6,-0.2,1.08,GOOD
1790983956200,2297,2069.0,1.6989913077039631,32000.0,158.4,98.0,-1.6,-0.2,1.08,GOOD
1790983956200,2298,2021.0,-26.108583912136694,32000.0,158.4,98.0,-1.6,-0.2,1.08,GOOD
1790983956200,2299,2039.0,-39.078122020044184,32000.0,158.4,98.0,-1.6,-0.2,1.08,GOOD
1790983956200,2300,2031.0,-35.93833369250625,32000.0,158.4,98.0,-1.6,-0.2,1.08,GOOD
1790983956312,2301,2030.0,-38.11831204729115,32000.0,158.4,98.0,-1.6,-0.3,1.08,GOOD
1790983956312,2302,1791.0,-67.34878861582638,32000.0,158.4,98.0,-1.6,-0.3,1.08,GOOD
1790983956312,2303,1831.0,-125.72228210000443,32000.0,158.4,98.0,-1.6,-0.3,1.08,GOOD
1790983956312,2304,1839.0,-186.98652941900784,32000.0,158.4,98.0,-1.6,-0.3,1.08,GOOD
1790983956312,2305,1804.0,-226.22840522681898,32000.0,158.4,98.0,-1.6,-0.3,1.08,GOOD
1790983956312,2306,1728.0,-255.03042297725105,32000.0,158.4,98.0,-1.6,-0.3,1.08,GOOD
1790983956312,2307,1775.0,-291.284436029478,32000.0,158.4,98.0,-1.6,-0.3,1.08,GOOD
1790983956312,2308,1805.0,-317.24330750103013,32000.0,158.4,98.0,-1.6,-0.3,1.08,GOOD
1790983956312,2309,1828.0,-305.7398618133607,32000.0,158.4,98.0,-1.6,-0.3,1.08,GOOD
1790983956312,2310,2172.0,-252.69529435188565,32000.0,158.4,98.0,-1.6,-0.3,1.08,GOOD
1790983956312,2311,2118.0,-165.42393565080604,32000.0,158.4,98.0,-1.6,-0.3,1.08,GOOD
1790983956312,2312,2108.0,-64.0263805679667,32000.0,158.4,98.0,-1.6,-0.3,1.08,GOOD
1790983956312,2313,2144.0,23.9668087645799,32000.0,158.4,98.0,-1.6,-0.3,1.08,GOOD
1790983956312,2314,2114.0,86.53217820905125,32000.0,158.4,98.0,-1.6,-0.3,1.08,GOOD
1790983956312,2315,2076.0,113.20248391317736,32000.0,158.4,98.0,-1.6,-0.3,1.08,GOOD
1790983956312,2316,2042.0,90.52926860705064,32000.0,158.4,98.0,-1.6,-0.3,1.08,GOOD
1790983956312,2317,1801.0,23.196946131219143,32000.0,158.4,98.0,-1.6,-0.3,1.08,GOOD
1790983956312,2318,1857.0,-64.81236151728915,32000.0,158.4,98.0,-1.6,-0.3,1.08,GOOD
1790983956312,2319,1858.0,-140.11500110762205,32000.0,158.4,98.0,-1.6,-0.3,1.08,GOOD
1790983956312,2320,1996.0,-178.79377815412954,32000.0,158.4,98.0,-1.6,-0.3,1.08,GOOD
1790983956312,2321,2005.0,-178.99120439594458,32000.0,158.4,98.0,-1.6,-0.3,1.08,GOOD
1790983956312,2322,2052.0,-147.09607798030308,32000.0,158.4,98.0,-1.6,-0.3,1.08,GOOD
1790983956312,2323,2085.0,-86.5755370114986,32000.0,158.4,98.0,-1.6,-0.3,1.08,GOOD
1790983956312,2324,1843.0,-19.477633938563507,32000.0,158.4,98.0,-1.6,-0.3,1.08,GOOD
1790983956312,2325,1815.0,-0.7562337938052313,32000.0,158.4,98.0,-1.6,-0.3,1.08,GOOD
1790983956563,2326,1816.0,-62.13790994170857,32000.0,158.4,98.0,-1.7,-0.2,1.08,GOOD
1790983956563,2327,1845.0,-162.72422491855386,32000.0,158.4,98.0,-1.7,-0.2,1.08,GOOD
1790983956563,2328,2071.0,-223.77112359031213,32000.0,158.4,98.0,-1.7,-0.2,1.08,GOOD
1790983956563,2329,2004.0,-197.0891902644477,32000.0,158.4,98.0,-1.7,-0.2,1.08,GOOD
1790983956563,2330,1961.0,-111.94771745276407,32000.0,158.4,98.0,-1.7,-0.2,1.08,GOOD
1790983956563,2331,2232.0,-30.91117277243732,32000.0,158.4,98.0,-1.7,-0.2,1.08,GOOD
1790983956563,2332,2270.0,35.444510939519496,32000.0,158.4,98.0,-1.7,-0.2,1.08,GOOD
1790983956563,2333,2292.0,109.2715727261573,32000.0,158.4,98.0,-1.7,-0.2,1.08,GOOD
1790983956563,2334,2298.0,186.66777280726512,32000.0,158.4,98.0,-1.7,-0.2,1.08,GOOD
1790983956563,2335,2024.0,235.0558341588166,32000.0,158.4,98.0,-1.7,-0.2,1.08,GOOD
1790983956563,2336,2030.0,217.28078299024855,32000.0,158.4,98.0,-1.7,-0.2,1.08,GOOD
1790983956563,2337,2034.0,135.0455359645415,32000.0,158.4,98.0,-1.7,-0.2,1.08,GOOD
1790983956563,2338,1980.0,35.25030186874049,32000.0,158.4,98.0,-1.7,-0.2,1.08,GOOD
1790983956563,2339,2017.0,-39.243408184449315,32000.0,158.4,98.0,-1.7,-0.2,1.08,GOOD
1790983956563,2340,2033.0,-70.68745019300768,32000.0,158.4,98.0,-1.7,-0.2,1.08,GOOD
1790983956563,2341,2045.0,-60.621131353625714,32000.0,158.4,98.0,-1.7,-0.2,1.08,GOOD
1790983956563,2342,1824.0,-37.611660714362685,32000.0,158.4,98.0,-1.7,-0.2,1.08,GOOD
1790983956563,2343,1822.0,-47.055718300918514,32000.0,158.4,98.0,-1.7,-0.2,1.08,GOOD
1790983956563,2344,1784.0,-104.64604430933832,32000.0,158.4,98.0,-1.7,-0.2,1.08,GOOD
1790983956563,2345,1759.0,-181.83769644194714,32000.0,158.4,98.0,-1.7,-0.2,1.08,GOOD
1790983956563,2346,1972.0,-235.75147695813126,32000.0,158.4,98.0,-1.7,-0.2,1.08,GOOD
1790983956563,2347,1938.0,-233.94736980209015,32000.0,158.4,98.0,-1.7,-0.2,1.08,GOOD
1790983956563,2348,1914.0,-182.46721330550082,32000.0,158.4,98.0,-1.7,-0.2,1.08,GOOD
1790983956563,2349,1842.0,-125.74722072386577,32000.0,158.4,98.0,-1.7,-0.2,1.08,GOOD
1790983956563,2350,2094.0,-91.34931154697884,32000.0,158.4,98.0,-1.7,-0.2,1.08,GOOD
1790983956564,2351,2029.0,-63.70256766340219,32000.0,158.4,98.0,-1.7,-0.2,1.08,GOOD
1790983956564,2352,2031.0,-29.67243392389481,32000.0,158.4,98.0,-1.7,-0.2,1.08,GOOD
1790983956564,2353,2029.0,-1.360828075114747,32000.0,158.4,98.0,-1.7,-0.2,1.08,GOOD
1790983956564,2354,2147.0,19.003822983605534,32000.0,158.4,98.0,-1.7,-0.2,1.08,GOOD
1790983956564,2355,2139.0,46.19193951073924,32000.0,158.4,98.0,-1.7,-0.2,1.08,GOOD
1790983956564,2356,2132.0,80.7888688928876,32000.0,158.4,98.0,-1.7,-0.2,1.08,GOOD
1790983956564,2357,2164.0,107.27545641332381,32000.0,158.4,98.0,-1.7,-0.2,1.08,GOOD
1790983956564,2358,2102.0,118.45786831094395,32000.0,158.4,98.0,-1.7,-0.2,1.08,GOOD
1790983956564,2359,2112.0,117.42026528633137,32000.0,158.4,98.0,-1.7,-0.2,1.08,GOOD
1790983956564,2360,2096.0,107.74199201443717,32000.0,158.4,98.0,-1.7,-0.2,1.08,GOOD
1790983956564,2361,2088.0,91.82627781317231,32000.0,158.4,98.0,-1.7,-0.2,1.08,GOOD
1790983956564,2362,1789.0,60.51028034682651,32000.0,158.4,98.0,-1.7,-0.2,1.08,GOOD
1790983956564,2363,1840.0,-3.9197317610097855,32000.0,158.4,98.0,-1.7,-0.2,1.08,GOOD
1790983956564,2364,1832.0,-91.27332217245367,32000.0,158.4,98.0,-1.7,-0.2,1.08,GOOD
1790983956564,2365,2017.0,-157.51302319833434,32000.0,158.4,98.0,-1.7,-0.2,1.08,GOOD
1790983956564,2366,1988.0,-168.35303289923274,32000.0,158.4,98.0,-1.7,-0.2,1.08,GOOD
1790983956564,2367,2016.0,-128.2759870527677,32000.0,158.4,98.0,-1.7,-0.2,1.08,GOOD
1790983956564,2368,2037.0,-65.27574292309872,32000.0,158.4,98.0,-1.7,-0.2,1.08,GOOD
1790983956564,2369,2040.0,-4.43688201457498,32000.0,158.4,98.0,-1.7,-0.2,1.08,GOOD
1790983956564,2370,1973.0,32.62844219595444,32000.0,158.4,98.0,-1.7,-0.2,1.08,GOOD
1790983956564,2371,1941.0,28.21886414263612,32000.0,158.4,98.0,-1.7,-0.2,1.08,GOOD
1790983956564,2372,1961.0,-10.845127871088295,32000.0,158.4,98.0,-1.7,-0.2,1.08,GOOD
1790983956564,2373,2212.0,-41.81070295846818,32000.0,158.4,98.0,-1.7,-0.2,1.08,GOOD
1790983956564,2374,2218.0,-16.516552331746798,32000.0,158.4,98.0,-1.7,-0.2,1.08,GOOD
1790983956564,2375,2195.0,62.32204756126341,32000.0,158.4,98.0,-1.7,-0.2,1.08,GOOD
1790983956639,2376,2206.0,144.0657790491793,32000.0,158.4,98.0,-1.7,-0.3,1.08,GOOD
1790983956639,2377,2037.0,185.8040760931465,32000.0,158.4,98.0,-1.7,-0.3,1.08,GOOD
1790983956639,2378,2077.0,174.37454030203358,32000.0,158.4,98.0,-1.7,-0.3,1.08,GOOD
1790983956639,2379,2056.0,123.82775836647428,32000.0,158.4,98.0,-1.7,-0.3,1.08,GOOD
1790983956639,2380,2021.0,62.414520619584195,32000.0,158.4,98.0,-1.7,-0.3,1.08,GOOD
1790983956639,2381,1887.0,6.114288571486783,32000.0,158.4,98.0,-1.7,-0.3,1.08,GOOD
1790983956639,2382,2007.0,-39.52831026647216,32000.0,158.4,98.0,-1.7,-0.3,1.08,GOOD
1790983956639,2383,1986.0,-62.29223833739648,32000.0,158.4,98.0,-1.7,-0.3,1.08,GOOD
1790983956639,2384,1979.0,-59.793348682750285,32000.0,158.4,98.0,-1.7,-0.3,1.08,GOOD
1790983956639,2385,1784.0,-58.583004501257484,32000.0,158.4,98.0,-1.7,-0.3,1.08,GOOD
1790983956639,2386,1812.0,-87.31055393652647,32000.0,158.4,98.0,-1.7,-0.3,1.08,GOOD
1790983956639,2387,1856.0,-136.78120229204094,32000.0,158.4,98.0,-1.7,-0.3,1.08,GOOD
1790983956639,2388,1869.0,-172.60124048085373,32000.0,158.4,98.0,-1.7,-0.3,1.08,GOOD
1790983956639,2389,1651.0,-189.86883651139078,32000.0,158.4,98.0,-1.7,-0.3,1.08,GOOD
1790983956639,2390,1634.0,-219.58135023358332,32000.0,158.4,98.0,-1.7,-0.3,1.08,GOOD
1790983956639,2391,1623.0,-273.2498087864982,32000.0,158.4,98.0,-1.7,-0.3,1.08,GOOD
1790983956639,2392,1636.0,-325.69867740914754,32000.0,158.4,98.0,-1.7,-0.3,1.08,GOOD
1790983956639,2393,1822.0,-349.04127893971736,32000.0,158.4,98.0,-1.7,-0.3,1.08,GOOD
1790983956639,2394,1794.0,-330.59177123975985,32000.0,158.4,98.0,-1.7,-0.3,1.08,GOOD
1790983956639,2395,1780.0,-279.43598939985844,32000.0,158.4,98.0,-1.7,-0.3,1.08,GOOD
1790983956639,2396,1783.0,-220.3727822432813,32000.0,158.4,98.0,-1.7,-0.3,1.08,GOOD
1790983956639,2397,2742.0,-135.9049132655276,32000.0,158.4,98.0,-1.7,-0.3,1.08,GOOD
1790983956639,2398,2760.0,46.01705139732411,32000.0,158.4,98.0,-1.7,-0.3,1.08,GOOD
1790983956639,2399,2788.0,327.8466126326481,32000.0,158.4,98.0,-1.7,-0.3,1.08,GOOD
1790983956639,2400,2195.0,582.5876436129729,32000.0,158.4,98.0,-1.7,-0.3,1.08,GOOD
1790983956782,2401,2181.0,673.40581678118,32000.0,136.7,98.0,-1.7,-0.2,1.08,GOOD
1790983956782,2402,2132.0,576.0204029415529,32000.0,136.7,98.0,-1.7,-0.2,1.08,GOOD
1790983956782,2403,2102.0,368.5697247966601,32000.0,136.7,98.0,-1.7,-0.2,1.08,GOOD
1790983956782,2404,1559.0,129.11247742049702,32000.0,136.7,98.0,-1.7,-0.2,1.08,GOOD
1790983956782,2405,1623.0,-102.37346771191059,32000.0,136.7,98.0,-1.7,-0.2,1.08,GOOD
1790983956782,2406,1636.0,-275.41863885266014,32000.0,136.7,98.0,-1.7,-0.2,1.08,GOOD
1790983956782,2407,1605.0,-353.6444327784402,32000.0,136.7,98.0,-1.7,-0.2,1.08,GOOD
1790983956782,2408,1940.0,-363.7092491167688,32000.0,136.7,98.0,-1.7,-0.2,1.08,GOOD
1790983956782,2409,1953.0,-332.8999726033248,32000.0,136.7,98.0,-1.7,-0.2,1.08,GOOD
1790983956782,2410,1994.0,-250.32839693062886,32000.0,136.7,98.0,-1.7,-0.2,1.08,GOOD
1790983956782,2411,1983.0,-118.2881596805417,32000.0,136.7,98.0,-1.7,-0.2,1.08,GOOD
1790983956782,2412,2083.0,18.24194072676209,32000.0,136.7,98.0,-1.7,-0.2,1.08,GOOD
1790983956782,2413,2031.0,96.80353186282849,32000.0,136.7,98.0,-1.7,-0.2,1.08,GOOD
1790983956782,2414,2055.0,91.86582657686341,32000.0,136.7,98.0,-1.7,-0.2,1.08,GOOD
1790983956782,2415,2146.0,51.353031719381505,32000.0,136.7,98.0,-1.7,-0.2,1.08,GOOD
1790983956782,2416,2136.0,52.716166526962965,32000.0,136.7,98.0,-1.7,-0.2,1.08,GOOD
1790983956782,2417,2081.0,107.6374127680734,32000.0,136.7,98.0,-1.7,-0.2,1.08,GOOD
1790983956782,2418,2038.0,149.54484617592118,32000.0,136.7,98.0,-1.7,-0.2,1.08,GOOD
1790983956782,2419,1923.0,122.6841104024504,32000.0,136.7,98.0,-1.7,-0.2,1.08,GOOD
1790983956782,2420,2067.0,49.87143894139551,32000.0,136.7,98.0,-1.7,-0.2,1.08,GOOD
1790983956782,2421,2110.0,6.172813410479982,32000.0,136.7,98.0,-1.7,-0.2,1.08,GOOD
1790983956782,2422,1909.0,20.58787488424594,32000.0,136.7,98.0,-1.7,-0.2,1.08,GOOD
1790983956782,2423,1903.0,36.0109437114869,32000.0,136.7,98.0,-1.7,-0.2,1.08,GOOD
1790983956782,2424,1951.0,3.454347143141394,32000.0,136.7,98.0,-1.7,-0.2,1.08,GOOD
1790983956782,2425,1988.0,-46.710642772882785,32000.0,136.7,98.0,-1.7,-0.2,1.08,GOOD
1790983956864,2426,2009.0,-60.99020796021718,32000.0,136.7,98.0,-1.6,-0.2,1.09,GOOD
1790983956864,2427,1956.0,-34.75009936312652,32000.0,136.7,98.0,-1.6,-0.2,1.09,GOOD
1790983956864,2428,1935.0,-7.898736523649413,32000.0,136.7,98.0,-1.6,-0.2,1.09,GOOD
1790983956864,2429,1959.0,-9.446656990251537,32000.0,136.7,98.0,-1.6,-0.2,1.09,GOOD
1790983956864,2430,2187.0,-18.338444323737207,32000.0,136.7,98.0,-1.6,-0.2,1.09,GOOD
1790983956864,2431,2125.0,8.325281475484903,32000.0,136.7,98.0,-1.6,-0.2,1.09,GOOD
1790983956864,2432,2073.0,68.56421092200537,32000.0,136.7,98.0,-1.6,-0.2,1.09,GOOD
1790983956864,2433,2052.0,115.5383668993103,32000.0,136.7,98.0,-1.6,-0.2,1.09,GOOD
1790983956864,2434,2344.0,133.23054729917874,32000.0,136.7,98.0,-1.6,-0.2,1.09,GOOD
1790983956864,2435,2367.0,160.6201510547394,32000.0,136.7,98.0,-1.6,-0.2,1.09,GOOD
1790983956864,2436,2359.0,223.53940711151597,32000.0,136.7,98.0,-1.6,-0.2,1.09,GOOD
1790983956864,2437,2343.0,296.8661144626524,32000.0,136.7,98.0,-1.6,-0.2,1.09,GOOD
1790983956864,2438,2163.0,340.21359111765173,32000.0,136.7,98.0,-1.6,-0.2,1.09,GOOD
1790983956864,2439,2192.0,329.4017428901318,32000.0,136.7,98.0,-1.6,-0.2,1.09,GOOD
1790983956864,2440,2216.0,272.46494433977057,32000.0,136.7,98.0,-1.6,-0.2,1.09,GOOD
1790983956864,2441,2222.0,205.15890248466354,32000.0,136.7,98.0,-1.6,-0.2,1.09,GOOD
1790983956864,2442,2209.0,159.84956579689424,32000.0,136.7,98.0,-1.6,-0.2,1.09,GOOD
1790983956864,2443,2231.0,149.73240104892295,32000.0,136.7,98.0,-1.6,-0.2,1.09,GOOD
1790983956864,2444,2265.0,170.76093063500014,32000.0,136.7,98.0,-1.6,-0.2,1.09,GOOD
1790983956864,2445,2286.0,204.11869118671825,32000.0,136.7,98.0,-1.6,-0.2,1.09,GOOD
1790983956864,2446,1984.0,215.1828803276714,32000.0,136.7,98.0,-1.6,-0.2,1.09,GOOD
1790983956864,2447,1980.0,169.63758853754933,32000.0,136.7,98.0,-1.6,-0.2,1.09,GOOD
1790983956864,2448,1969.0,77.62371156685408,32000.0,136.7,98.0,-1.6,-0.2,1.09,GOOD
1790983956864,2449,1982.0,-10.897764871640092,32000.0,136.7,98.0,-1.6,-0.2,1.09,GOOD
1790983956864,2450,2465.0,-46.65544237416647,32000.0,136.7,98.0,-1.6,-0.2,1.09,GOOD
1790983956945,2451,2435.0,7.591664729022643,32000.0,136.7,98.0,-1.7,-0.2,1.07,GOOD
1790983956945,2452,2425.0,142.3560440162141,32000.0,136.7,98.0,-1.7,-0.2,1.07,GOOD
1790983956945,2453,2385.0,292.10538354210024,32000.0,136.7,98.0,-1.7,-0.2,1.07,GOOD
1790983956945,2454,2364.0,392.71640115825863,32000.0,136.7,98.0,-1.7,-0.2,1.07,GOOD
1790983956945,2455,2348.0,413.60990405180587,32000.0,136.7,98.0,-1.7,-0.2,1.07,GOOD
1790983956945,2456,2331.0,361.0917311292502,32000.0,136.7,98.0,-1.7,-0.2,1.07,GOOD
1790983956945,2457,2095.0,270.0125039874065,32000.0,136.7,98.0,-1.7,-0.2,1.07,GOOD
1790983956945,2458,2118.0,177.11155209021894,32000.0,136.7,98.0,-1.7,-0.2,1.07,GOOD
1790983956945,2459,2128.0,107.47451808102684,32000.0,136.7,98.0,-1.7,-0.2,1.07,GOOD
1790983956945,2460,2109.0,64.71192363788676,32000.0,136.7,98.0,-1.7,-0.2,1.07,GOOD
1790983956945,2461,1878.0,21.485161581150663,32000.0,136.7,98.0,-1.7,-0.2,1.07,GOOD
1790983956945,2462,1914.0,-46.76410449645644,32000.0,136.7,98.0,-1.7,-0.2,1.07,GOOD
1790983956945,2463,1924.0,-117.85318821313066,32000.0,136.7,98.0,-1.7,-0.2,1.07,GOOD
1790983956945,2464,1918.0,-153.94217026255777,32000.0,136.7,98.0,-1.7,-0.2,1.07,GOOD
1790983956945,2465,1729.0,-167.68423746677638,32000.0,136.7,98.0,-1.7,-0.2,1.07,GOOD
1790983956945,2466,1755.0,-205.12509795987276,32000.0,136.7,98.0,-1.7,-0.2,1.07,GOOD
1790983956945,2467,1779.0,-268.1706419438074,32000.0,136.7,98.0,-1.7,-0.2,1.07,GOOD
1790983956945,2468,1791.0,-310.04280583537184,32000.0,136.7,98.0,-1.7,-0.2,1.07,GOOD
1790983956945,2469,1854.0,-303.8158228889801,32000.0,136.7,98.0,-1.7,-0.2,1.07,GOOD
1790983956945,2470,1839.0,-269.22616341455137,32000.0,136.7,98.0,-1.7,-0.2,1.07,GOOD
1790983956945,2471,1842.0,-239.20047151309416,32000.0,136.7,98.0,-1.7,-0.2,1.07,GOOD
1790983956945,2472,1847.0,-223.43966501877253,32000.0,136.7,98.0,-1.7,-0.2,1.07,GOOD
1790983956945,2473,2090.0,-199.28705002575842,32000.0,136.7,98.0,-1.7,-0.2,1.07,GOOD
1790983956945,2474,2075.0,-140.4701024599971,32000.0,136.7,98.0,-1.7,-0.2,1.07,GOOD
1790983956945,2475,2080.0,-60.03593991397282,32000.0,136.7,98.0,-1.7,-0.2,1.07,GOOD
1790983957138,2476,2103.0,3.733142569560986,32000.0,136.7,98.0,-1.6,-0.3,1.08,GOOD
1790983957138,2477,2122.0,40.24560184797318,32000.0,136.7,98.0,-1.6,-0.3,1.08,GOOD
1790983957138,2478,2108.0,64.46160212534797,32000.0,136.7,98.0,-1.6,-0.3,1.08,GOOD
1790983957138,2479,2079.0,78.98753728370141,32000.0,136.7,98.0,-1.6,-0.3,1.08,GOOD
1790983957138,2480,1864.0,63.92553044916035,32000.0,136.7,98.0,-1.6,-0.3,1.08,GOOD
1790983957138,2481,1886.0,3.1092824651498345,32000.0,136.7,98.0,-1.6,-0.3,1.08,GOOD
1790983957138,2482,1919.0,-79.75810631797195,32000.0,136.7,98.0,-1.6,-0.3,1.08,GOOD
1790983957138,2483,1918.0,-137.7669657938201,32000.0,136.7,98.0,-1.6,-0.3,1.08,GOOD
1790983957138,2484,1751.0,-161.36021728604345,32000.0,136.7,98.0,-1.6,-0.3,1.08,GOOD
1790983957138,2485,1770.0,-182.66536829004465,32000.0,136.7,98.0,-1.6,-0.3,1.08,GOOD
1790983957138,2486,1788.0,-216.96539572496332,32000.0,136.7,98.0,-1.6,-0.3,1.08,GOOD
1790983957138,2487,1912.0,-240.15244963974777,32000.0,136.7,98.0,-1.6,-0.3,1.08,GOOD
1790983957138,2488,1884.0,-228.25355767604512,32000.0,136.7,98.0,-1.6,-0.3,1.08,GOOD
1790983957138,2489,1874.0,-191.29200799484533,32000.0,136.7,98.0,-1.6,-0.3,1.08,GOOD
1790983957138,2490,1889.0,-156.07620035982148,32000.0,136.7,98.0,-1.6,-0.3,1.08,GOOD
1790983957138,2491,2138.0,-123.53990758153104,32000.0,136.7,98.0,-1.6,-0.3,1.08,GOOD
1790983957138,2492,2112.0,-69.75389108031928,32000.0,136.7,98.0,-1.6,-0.3,1.08,GOOD
1790983957138,2493,2090.0,3.5448529199424863,32000.0,136.7,98.0,-1.6,-0.3,1.08,GOOD
1790983957138,2494,2023.0,60.17451436157221,32000.0,136.7,98.0,-1.6,-0.3,1.08,GOOD
1790983957138,2495,1964.0,74.04830207521955,32000.0,136.7,98.0,-1.6,-0.3,1.08,GOOD
1790983957138,2496,2069.0,52.62336859517494,32000.0,136.7,98.0,-1.6,-0.3,1.08,GOOD
1790983957138,2497,2080.0,24.761670371362513,32000.0,136.7,98.0,-1.6,-0.3,1.08,GOOD
1790983957138,2498,1937.0,6.454635760252636,32000.0,136.7,98.0,-1.6,-0.3,1.08,GOOD
1790983957138,2499,1981.0,-10.874548150568327,32000.0,136.7,98.0,-1.6,-0.3,1.08,GOOD
1790983957138,2500,2005.0,-27.01060405133025,32000.0,136.7,98.0,-1.6,-0.3,1.08,GOOD
1790983957217,2501,2020.0,-28.495041877929932,32000.0,136.7,98.0,-1.6,-0.3,1.08,GOOD
1790983957217,2502,1801.0,-26.9406979664797,32000.0,136.7,98.0,-1.6,-0.3,1.08,GOOD
1790983957217,2503,1802.0,-56.56157934712507,32000.0,136.7,98.0,-1.6,-0.3,1.08,GOOD
1790983957217,2504,1808.0,-120.07109313041938,32000.0,136.7,98.0,-1.6,-0.3,1.08,GOOD
1790983957217,2505,1920.0,-175.03242529366307,32000.0,136.7,98.0,-1.6,-0.3,1.08,GOOD
1790983957217,2506,1919.0,-185.14657665387725,32000.0,136.7,98.0,-1.6,-0.3,1.08,GOOD
1790983957217,2507,1926.0,-156.64945121162356,32000.0,136.7,98.0,-1.6,-0.3,1.08,GOOD
1790983957217,2508,1944.0,-117.537054320253,32000.0,136.7,98.0,-1.6,-0.3,1.08,GOOD
1790983957217,2509,2154.0,-74.6781390209575,32000.0,136.7,98.0,-1.6,-0.3,1.08,GOOD
1790983957217,2510,2121.0,-13.41313821017405,32000.0,136.7,98.0,-1.6,-0.3,1.08,GOOD
1790983957217,2511,2105.0,58.3498654356456,32000.0,136.7,98.0,-1.6,-0.3,1.08,GOOD
1790983957217,2512,2079.0,106.69763896246175,32000.0,136.7,98.0,-1.6,-0.3,1.08,GOOD
1790983957217,2513,2098.0,117.06349044394548,32000.0,136.7,98.0,-1.6,-0.3,1.08,GOOD
1790983957217,2514,2106.0,106.83659440181782,32000.0,136.7,98.0,-1.6,-0.3,1.08,GOOD
1790983957217,2515,2108.0,96.80471533204796,32000.0,136.7,98.0,-1.6,-0.3,1.08,GOOD
1790983957217,2516,1865.0,82.34290321911841,32000.0,136.7,98.0,-1.6,-0.3,1.08,GOOD
1790983957217,2517,1894.0,39.81682526835414,32000.0,136.7,98.0,-1.6,-0.3,1.08,GOOD
1790983957217,2518,1894.0,-28.808090719164003,32000.0,136.7,98.0,-1.6,-0.3,1.08,GOOD
1790983957217,2519,1889.0,-90.45397910463527,32000.0,136.7,98.0,-1.6,-0.3,1.08,GOOD
1790983957217,2520,1890.0,-124.5326533882666,32000.0,136.7,98.0,-1.6,-0.3,1.08,GOOD
1790983957217,2521,1919.0,-133.49549410008564,32000.0,136.7,98.0,-1.6,-0.3,1.08,GOOD
1790983957217,2522,1925.0,-123.42835566287103,32000.0,136.7,98.0,-1.6,-0.3,1.08,GOOD
1790983957217,2523,1950.0,-99.55726886337088,32000.0,136.7,98.0,-1.6,-0.3,1.08,GOOD
1790983957217,2524,1912.0,-72.64284054543921,32000.0,136.7,98.0,-1.6,-0.3,1.08,GOOD
1790983957217,2525,1908.0,-58.01469421386376,32000.0,136.7,98.0,-1.6,-0.3,1.08,GOOD
1790983957331,2526,1911.0,-62.03311324039888,32000.0,122.0,98.0,-1.6,-0.3,1.09,GOOD
1790983957331,2527,2158.0,-65.11729274194005,32000.0,122.0,98.0,-1.6,-0.3,1.09,GOOD
1790983957331,2528,2133.0,-33.102049986086094,32000.0,122.0,98.0,-1.6,-0.3,1.09,GOOD
1790983957331,2529,2117.0,35.754286775168566,32000.0,122.0,98.0,-1.6,-0.3,1.09,GOOD
1790983957331,2530,1997.0,99.11172139360554,32000.0,122.0,98.0,-1.6,-0.3,1.09,GOOD
1790983957331,2531,2012.0,117.80640460763016,32000.0,122.0,98.0,-1.6,-0.3,1.09,GOOD
1790983957331,2532,2026.0,92.24760373731499,32000.0,122.0,98.0,-1.6,-0.3,1.09,GOOD
1790983957331,2533,2008.0,49.75900086737155,32000.0,122.0,98.0,-1.6,-0.3,1.09,GOOD
1790983957331,2534,2026.0,14.331971477156184,32000.0,122.0,98.0,-1.6,-0.3,1.09,GOOD
1790983957331,2535,2065.0,0.02171051620217579,32000.0,122.0,98.0,-1.6,-0.3,1.09,GOOD
1790983957331,2536,2088.0,13.758227743468295,32000.0,122.0,98.0,-1.6,-0.3,1.09,GOOD
1790983957331,2537,2094.0,47.42863518117544,32000.0,122.0,98.0,-1.6,-0.3,1.09,GOOD
1790983957331,2538,1958.0,74.5684963505715,32000.0,122.0,98.0,-1.6,-0.3,1.09,GOOD
1790983957331,2539,1980.0,68.54502179000707,32000.0,122.0,98.0,-1.6,-0.3,1.09,GOOD
1790983957331,2540,2001.0,33.4802169035617,32000.0,122.0,98.0,-1.6,-0.3,1.09,GOOD
1790983957331,2541,2018.0,0.33335033961667704,32000.0,122.0,98.0,-1.6,-0.3,1.09,GOOD
1790983957331,2542,1840.0,-18.179176661606295,32000.0,122.0,98.0,-1.6,-0.3,1.09,GOOD
1790983957331,2543,1805.0,-43.653878734542005,32000.0,122.0,98.0,-1.6,-0.3,1.09,GOOD
1790983957331,2544,1786.0,-92.22950711954383,32000.0,122.0,98.0,-1.6,-0.3,1.09,GOOD
1790983957331,2545,1787.0,-149.13762607142309,32000.0,122.0,98.0,-1.6,-0.3,1.09,GOOD
1790983957331,2546,2160.0,-177.48798686940535,32000.0,122.0,98.0,-1.6,-0.3,1.09,GOOD
1790983957331,2547,2152.0,-136.80904431116014,32000.0,122.0,98.0,-1.6,-0.3,1.09,GOOD
1790983957331,2548,2157.0,-29.190526057655646,32000.0,122.0,98.0,-1.6,-0.3,1.09,GOOD
1790983957331,2549,2035.0,87.436597191842,32000.0,122.0,98.0,-1.6,-0.3,1.09,GOOD
1790983957331,2550,2028.0,153.41043537841014,32000.0,122.0,98.0,-1.6,-0.3,1.09,GOOD
1790983957410,2551,2016.0,149.74833506890047,32000.0,122.0,98.0,-1.5,-0.3,1.08,GOOD
1790983957410,2552,2000.0,96.00832148194942,32000.0,122.0,98.0,-1.5,-0.3,1.08,GOOD
1790983957410,2553,1946.0,27.142606669132757,32000.0,122.0,98.0,-1.5,-0.3,1.08,GOOD
1790983957410,2554,1984.0,-24.287034927626916,32000.0,122.0,98.0,-1.5,-0.3,1.08,GOOD
1790983957410,2555,1999.0,-38.56913892488933,32000.0,122.0,98.0,-1.5,-0.3,1.08,GOOD
1790983957410,2556,2006.0,-21.678464758009042,32000.0,122.0,98.0,-1.5,-0.3,1.08,GOOD
1790983957410,2557,2107.0,3.6708672281155197,32000.0,122.0,98.0,-1.5,-0.3,1.08,GOOD
1790983957410,2558,2134.0,29.350043729606327,32000.0,122.0,98.0,-1.5,-0.3,1.08,GOOD
1790983957410,2559,2155.0,64.95174954936881,32000.0,122.0,98.0,-1.5,-0.3,1.08,GOOD
1790983957410,2560,2434.0,123.33977827017698,32000.0,122.0,98.0,-1.5,-0.3,1.08,GOOD
1790983957410,2561,2385.0,210.90318703149674,32000.0,122.0,98.0,-1.5,-0.3,1.08,GOOD
1790983957410,2562,2364.0,303.6645842830106,32000.0,122.0,98.0,-1.5,-0.3,1.08,GOOD
1790983957410,2563,2363.0,361.5518179193226,32000.0,122.0,98.0,-1.5,-0.3,1.08,GOOD
1790983957410,2564,2132.0,367.98668514377897,32000.0,122.0,98.0,-1.5,-0.3,1.08,GOOD
1790983957410,2565,2095.0,321.55320825920523,32000.0,122.0,98.0,-1.5,-0.3,1.08,GOOD
1790983957410,2566,2045.0,229.40912786813703,32000.0,122.0,98.0,-1.5,-0.3,1.08,GOOD
1790983957410,2567,1891.0,112.64184738031182,32000.0,122.0,98.0,-1.5,-0.3,1.08,GOOD
1790983957410,2568,1935.0,-3.5570736184565206,32000.0,122.0,98.0,-1.5,-0.3,1.08,GOOD
1790983957410,2569,1969.0,-86.84530959072438,32000.0,122.0,98.0,-1.5,-0.3,1.08,GOOD
1790983957410,2570,1969.0,-112.50241156380473,32000.0,122.0,98.0,-1.5,-0.3,1.08,GOOD
1790983957410,2571,2028.0,-91.69627678573191,32000.0,122.0,98.0,-1.5,-0.3,1.08,GOOD
1790983957410,2572,2035.0,-55.43811581817233,32000.0,122.0,98.0,-1.5,-0.3,1.08,GOOD
1790983957410,2573,2061.0,-22.33889262954466,32000.0,122.0,98.0,-1.5,-0.3,1.08,GOOD
1790983957410,2574,2078.0,6.8878041597522195,32000.0,122.0,98.0,-1.5,-0.3,1.08,GOOD
1790983957410,2575,1916.0,28.630559551182373,32000.0,122.0,98.0,-1.5,-0.3,1.08,GOOD
1790983957498,2576,1927.0,22.842073955510852,32000.0,122.0,98.0,-1.6,-0.3,1.08,GOOD
1790983957498,2577,1948.0,-17.697261716360927,32000.0,122.0,98.0,-1.6,-0.3,1.08,GOOD
1790983957498,2578,1981.0,-66.01728071568593,32000.0,122.0,98.0,-1.6,-0.3,1.08,GOOD
1790983957498,2579,2103.0,-84.7959656841744,32000.0,122.0,98.0,-1.6,-0.3,1.08,GOOD
1790983957498,2580,2061.0,-57.163868675538374,32000.0,122.0,98.0,-1.6,-0.3,1.08,GOOD
1790983957498,2581,2029.0,-3.4807011578909437,32000.0,122.0,98.0,-1.6,-0.3,1.08,GOOD
1790983957498,2582,2004.0,35.86661043434039,32000.0,122.0,98.0,-1.6,-0.3,1.08,GOOD
1790983957498,2583,1949.0,37.763077379170916,32000.0,122.0,98.0,-1.6,-0.3,1.08,GOOD
1790983957498,2584,1924.0,5.738392675731618,32000.0,122.0,98.0,-1.6,-0.3,1.08,GOOD
1790983957498,2585,1887.0,-42.97044864641826,32000.0,122.0,98.0,-1.6,-0.3,1.08,GOOD
1790983957498,2586,1857.0,-90.92383097450676,32000.0,122.0,98.0,-1.6,-0.3,1.08,GOOD
1790983957498,2587,2206.0,-114.39321034751873,32000.0,122.0,98.0,-1.6,-0.3,1.08,GOOD
1790983957498,2588,2228.0,-78.27790075982439,32000.0,122.0,98.0,-1.6,-0.3,1.08,GOOD
1790983957498,2589,2275.0,21.735664157170543,32000.0,122.0,98.0,-1.6,-0.3,1.08,GOOD
1790983957498,2590,1981.0,129.9876261652321,32000.0,122.0,98.0,-1.6,-0.3,1.08,GOOD
1790983957498,2591,1985.0,174.64782580341125,32000.0,122.0,98.0,-1.6,-0.3,1.08,GOOD
1790983957498,2592,1968.0,134.22336729583532,32000.0,122.0,98.0,-1.6,-0.3,1.08,GOOD
1790983957498,2593,1980.0,46.33106332060555,32000.0,122.0,98.0,-1.6,-0.3,1.08,GOOD
1790983957498,2594,2060.0,-35.498672064003514,32000.0,122.0,98.0,-1.6,-0.3,1.08,GOOD
1790983957498,2595,2100.0,-68.79881603359867,32000.0,122.0,98.0,-1.6,-0.3,1.08,GOOD
1790983957498,2596,2098.0,-38.74465413150863,32000.0,122.0,98.0,-1.6,-0.3,1.08,GOOD
1790983957498,2597,2095.0,27.945518429118774,32000.0,122.0,98.0,-1.6,-0.3,1.08,GOOD
1790983957498,2598,2010.0,80.03555728548389,32000.0,122.0,98.0,-1.6,-0.3,1.08,GOOD
1790983957498,2599,2014.0,81.06633436885596,32000.0,122.0,98.0,-1.6,-0.3,1.08,GOOD
1790983957498,2600,2011.0,39.56506310606444,32000.0,122.0,98.0,-1.6,-0.3,1.08,GOOD
1790983957580,2601,1999.0,-4.833492880049254,32000.0,122.0,98.0,-1.5,-0.3,1.08,GOOD
1790983957580,2602,2395.0,-10.25789454802276,32000.0,122.0,98.0,-1.5,-0.3,1.08,GOOD
1790983957580,2603,2384.0,52.84443629636368,32000.0,122.0,98.0,-1.5,-0.3,1.08,GOOD
1790983957580,2604,2402.0,169.32533673396193,32000.0,122.0,98.0,-1.5,-0.3,1.08,GOOD
1790983957580,2605,2211.0,277.49105203273723,32000.0,122.0,98.0,-1.5,-0.3,1.08,GOOD
1790983957580,2606,2239.0,325.3569677763842,32000.0,122.0,98.0,-1.5,-0.3,1.08,GOOD
1790983957580,2607,2216.0,307.11009562030404,32000.0,122.0,98.0,-1.5,-0.3,1.08,GOOD
1790983957580,2608,2189.0,246.65739223510568,32000.0,122.0,98.0,-1.5,-0.3,1.08,GOOD
1790983957580,2609,2209.0,172.9329499889577,32000.0,122.0,98.0,-1.5,-0.3,1.08,GOOD
1790983957580,2610,2344.0,123.97819788068985,32000.0,122.0,98.0,-1.5,-0.3,1.08,GOOD
1790983957580,2611,2371.0,136.97406523337875,32000.0,122.0,98.0,-1.5,-0.3,1.08,GOOD
1790983957580,2612,2356.0,205.1320848441347,32000.0,122.0,98.0,-1.5,-0.3,1.08,GOOD
1790983957580,2613,2364.0,275.44532644831395,32000.0,122.0,98.0,-1.5,-0.3,1.08,GOOD
1790983957580,2614,2261.0,301.3593323974752,32000.0,122.0,98.0,-1.5,-0.3,1.08,GOOD
1790983957580,2615,2320.0,279.93004246972134,32000.0,122.0,98.0,-1.5,-0.3,1.08,GOOD
1790983957580,2616,2328.0,244.60872019938876,32000.0,122.0,98.0,-1.5,-0.3,1.08,GOOD
1790983957580,2617,2305.0,224.76509884646075,32000.0,122.0,98.0,-1.5,-0.3,1.08,GOOD
1790983957580,2618,1936.0,202.6230605591388,32000.0,122.0,98.0,-1.5,-0.3,1.08,GOOD
1790983957580,2619,1980.0,133.33352933215747,32000.0,122.0,98.0,-1.5,-0.3,1.08,GOOD
1790983957580,2620,1994.0,21.07128938851561,32000.0,122.0,98.0,-1.5,-0.3,1.08,GOOD
1790983957580,2621,1972.0,-78.55771681534752,32000.0,122.0,98.0,-1.5,-0.3,1.08,GOOD
1790983957580,2622,1653.0,-145.5443173968251,32000.0,122.0,98.0,-1.5,-0.3,1.08,GOOD
1790983957580,2623,1688.0,-214.4526993947947,32000.0,122.0,98.0,-1.5,-0.3,1.08,GOOD
1790983957580,2624,1735.0,-296.71367328332565,32000.0,122.0,98.0,-1.5,-0.3,1.08,GOOD
1790983957580,2625,1748.0,-357.67351315278506,32000.0,122.0,98.0,-1.5,-0.3,1.08,GOOD
1790983957832,2626,2012.0,-365.51503955660195,-16.0,122.0,98.0,-1.7,-0.3,1.08,GOOD
1790983957832,2627,1964.0,-311.89394964336077,-16.0,122.0,98.0,-1.7,-0.3,1.08,GOOD
1790983957832,2628,1966.0,-218.1957967763436,-17.0,122.0,98.0,-1.7,-0.3,1.08,GOOD
1790983957832,2629,1975.0,-126.93295909372307,-17.0,122.0,98.0,-1.7,-0.3,1.08,GOOD
1790983957832,2630,2003.0,-67.19076460940185,-14.0,122.0,98.0,-1.7,-0.3,1.08,GOOD
1790983957832,2631,1952.0,-47.37448559155039,-14.0,122.0,98.0,-1.7,-0.3,1.08,GOOD
1790983957832,2632,1910.0,-65.26729255438289,-15.0,122.0,98.0,-1.7,-0.3,1.08,GOOD
1790983957832,2633,1919.0,-103.67690569925932,-16.0,122.0,98.0,-1.7,-0.3,1.08,GOOD
1790983957832,2634,2075.0,-127.9218753954797,-16.0,122.0,98.0,-1.7,-0.3,1.08,GOOD
1790983957832,2635,2090.0,-109.34615918296177,-17.0,122.0,98.0,-1.7,-0.3,1.08,GOOD
1790983957832,2636,2079.0,-57.612716180884405,-17.0,122.0,98.0,-1.7,-0.3,1.08,GOOD
1790983957832,2637,2068.0,-8.672751097453162,-18.0,122.0,98.0,-1.7,-0.3,1.08,GOOD
1790983957832,2638,1934.0,13.203015835348744,-18.0,122.0,98.0,-1.7,-0.3,1.08,GOOD
1790983957832,2639,1968.0,3.2793932393548912,-19.0,122.0,98.0,-1.7,-0.3,1.08,GOOD
1790983957832,2640,1973.0,-29.56010283573323,-19.0,122.0,98.0,-1.7,-0.3,1.08,GOOD
1790983957832,2641,1953.0,-69.91199701779196,-19.0,122.0,98.0,-1.7,-0.3,1.08,GOOD
1790983957832,2642,1893.0,-107.05101206689069,-19.0,122.0,98.0,-1.7,-0.3,1.08,GOOD
1790983957832,2643,1920.0,-132.41201876389107,-18.0,122.0,98.0,-1.7,-0.3,1.08,GOOD
1790983957832,2644,1939.0,-136.94961742953558,-18.0,122.0,98.0,-1.7,-0.3,1.08,GOOD
1790983957832,2645,1933.0,-124.58750341705122,-19.0,122.0,98.0,-1.7,-0.3,1.08,GOOD
1790983957832,2646,1789.0,-120.01607694273854,-18.0,122.0,98.0,-1.7,-0.3,1.08,GOOD
1790983957832,2647,1777.0,-146.48948977296038,-19.0,122.0,98.0,-1.7,-0.3,1.08,GOOD
1790983957832,2648,1794.0,-193.93763740579539,-19.0,122.0,98.0,-1.7,-0.3,1.08,GOOD
1790983957832,2649,2036.0,-220.98954658830064,-20.0,122.0,98.0,-1.7,-0.3,1.08,GOOD
1790983957832,2650,1977.0,-196.8392559515825,-20.0,122.0,98.0,-1.7,-0.3,1.08,GOOD
1790983957832,2651,1941.0,-139.21384985206436,32000.0,122.0,98.0,-1.7,-0.3,1.08,GOOD
1790983957832,2652,1923.0,-90.39657353202617,32000.0,122.0,98.0,-1.7,-0.3,1.08,GOOD
1790983957832,2653,2137.0,-58.35755217398238,32000.0,122.0,98.0,-1.7,-0.3,1.08,GOOD
1790983957832,2654,2157.0,-17.383937300388805,32000.0,122.0,98.0,-1.7,-0.3,1.08,GOOD
1790983957832,2655,2157.0,37.914641156526265,32000.0,122.0,98.0,-1.7,-0.3,1.08,GOOD
1790983957832,2656,2055.0,80.40094319959452,32000.0,122.0,98.0,-1.7,-0.3,1.08,GOOD
1790983957832,2657,2094.0,92.74393758872797,32000.0,122.0,98.0,-1.7,-0.3,1.08,GOOD
1790983957832,2658,2098.0,87.9408593167319,32000.0,122.0,98.0,-1.7,-0.3,1.08,GOOD
1790983957832,2659,2112.0,81.76242305731941,32000.0,122.0,98.0,-1.7,-0.3,1.08,GOOD
1790983957832,2660,1880.0,63.19178072109274,32000.0,122.0,98.0,-1.7,-0.3,1.08,GOOD
1790983957832,2661,1897.0,11.051868531016131,32000.0,122.0,98.0,-1.7,-0.3,1.08,GOOD
1790983957832,2662,1900.0,-60.9392321699438,32000.0,122.0,98.0,-1.7,-0.3,1.08,GOOD
1790983957832,2663,1904.0,-113.24802575108652,32000.0,122.0,98.0,-1.7,-0.3,1.08,GOOD
1790983957832,2664,1879.0,-134.46531343161274,32000.0,122.0,98.0,-1.7,-0.3,1.08,GOOD
1790983957832,2665,1863.0,-145.12275078155693,32000.0,122.0,98.0,-1.7,-0.3,1.08,GOOD
1790983957832,2666,1856.0,-157.86005880070252,32000.0,122.0,98.0,-1.7,-0.3,1.08,GOOD
1790983957832,2667,2044.0,-156.94174866033984,32000.0,122.0,98.0,-1.7,-0.3,1.08,GOOD
1790983957832,2668,1972.0,-122.10427682750691,32000.0,122.0,98.0,-1.7,-0.3,1.08,GOOD
1790983957832,2669,1911.0,-72.19391457072304,32000.0,122.0,98.0,-1.7,-0.3,1.08,GOOD
1790983957832,2670,1874.0,-51.357356726840145,32000.0,122.0,98.0,-1.7,-0.3,1.08,GOOD
1790983957832,2671,2148.0,-60.11264095215159,32000.0,122.0,98.0,-1.7,-0.3,1.08,GOOD
1790983957832,2672,2142.0,-47.762249994086794,32000.0,122.0,98.0,-1.7,-0.3,1.08,GOOD
1790983957832,2673,2145.0,9.89832617213389,32000.0,122.0,98.0,-1.7,-0.3,1.08,GOOD
1790983957832,2674,2163.0,80.42104824336778,32000.0,122.0,98.0,-1.7,-0.3,1.08,GOOD
1790983957832,2675,2140.0,128.5932758569488,32000.0,122.0,98.0,-1.7,-0.3,1.08,GOOD
1790983957950,2676,2147.0,147.90128285108577,32000.0,122.0,98.0,-1.5,-0.3,1.08,GOOD
1790983957950,2677,2133.0,146.57238199797604,32000.0,122.0,98.0,-1.5,-0.3,1.08,GOOD
1790983957950,2678,2141.0,133.09319727989168,32000.0,122.0,98.0,-1.5,-0.3,1.08,GOOD
1790983957950,2679,1846.0,103.34534598327221,32000.0,122.0,98.0,-1.5,-0.3,1.08,GOOD
1790983957950,2680,1871.0,41.90923211088974,32000.0,122.0,98.0,-1.5,-0.3,1.08,GOOD
1790983957950,2681,1862.0,-43.861842278678736,32000.0,122.0,98.0,-1.5,-0.3,1.08,GOOD
1790983957950,2682,1847.0,-121.04398227949056,32000.0,122.0,98.0,-1.5,-0.3,1.08,GOOD
1790983957950,2683,1872.0,-170.19529973067907,32000.0,122.0,98.0,-1.5,-0.3,1.08,GOOD
1790983957950,2684,1909.0,-188.3643524184813,32000.0,122.0,98.0,-1.5,-0.3,1.08,GOOD
1790983957950,2685,1932.0,-173.4038586483996,32000.0,122.0,98.0,-1.5,-0.3,1.08,GOOD
1790983957950,2686,1920.0,-132.89851154462474,32000.0,122.0,98.0,-1.5,-0.3,1.08,GOOD
1790983957950,2687,1692.0,-100.22800578401358,32000.0,122.0,98.0,-1.5,-0.3,1.08,GOOD
1790983957950,2688,1670.0,-119.80897700937436,32000.0,122.0,98.0,-1.5,-0.3,1.08,GOOD
1790983957950,2689,1676.0,-195.6821593134876,32000.0,122.0,98.0,-1.5,-0.3,1.08,GOOD
1790983957950,2690,2118.0,-263.6012628379279,32000.0,122.0,98.0,-1.5,-0.3,1.08,GOOD
1790983957950,2691,2038.0,-244.1754396346024,32000.0,122.0,98.0,-1.5,-0.3,1.08,GOOD
1790983957950,2692,2015.0,-137.24325764397997,32000.0,122.0,98.0,-1.5,-0.3,1.08,GOOD
1790983957950,2693,2000.0,-18.656978514956535,32000.0,122.0,98.0,-1.5,-0.3,1.08,GOOD
1790983957950,2694,2177.0,60.01532584586678,32000.0,122.0,98.0,-1.5,-0.3,1.08,GOOD
1790983957950,2695,2177.0,106.2081891679668,32000.0,122.0,98.0,-1.5,-0.3,1.08,GOOD
1790983957950,2696,2179.0,136.87822170741762,32000.0,122.0,98.0,-1.5,-0.3,1.08,GOOD
1790983957950,2697,1968.0,146.32883843892284,32000.0,122.0,98.0,-1.5,-0.3,1.08,GOOD
1790983957950,2698,2006.0,123.46173166339558,32000.0,122.0,98.0,-1.5,-0.3,1.08,GOOD
1790983957950,2699,2013.0,79.58683090935594,32000.0,122.0,98.0,-1.5,-0.3,1.08,GOOD
1790983957950,2700,2004.0,37.351805040352396,32000.0,122.0,98.0,-1.5,-0.3,1.08,GOOD
1790983958060,2701,1891.0,-0.4932266464580479,32000.0,108.8,98.0,-1.6,-0.3,1.08,GOOD
1790983958060,2702,1952.0,-39.86653429308989,32000.0,108.8,98.0,-1.6,-0.3,1.08,GOOD
1790983958060,2703,1980.0,-65.41069566992779,32000.0,108.8,98.0,-1.6,-0.3,1.08,GOOD
1790983958060,2704,1987.0,-58.817149657861414,32000.0,108.8,98.0,-1.6,-0.3,1.08,GOOD
1790983958060,2705,1796.0,-40.33550062216895,32000.0,108.8,98.0,-1.6,-0.3,1.08,GOOD
1790983958060,2706,1782.0,-55.188870522784946,32000.0,108.8,98.0,-1.6,-0.3,1.08,GOOD
1790983958060,2707,1780.0,-112.6484306882084,32000.0,108.8,98.0,-1.6,-0.3,1.08,GOOD
1790983958060,2708,2068.0,-163.39755443510623,32000.0,108.8,98.0,-1.6,-0.3,1.08,GOOD
1790983958060,2709,2026.0,-151.28843290675823,32000.0,108.8,98.0,-1.6,-0.3,1.08,GOOD
1790983958060,2710,1993.0,-81.77981891734055,32000.0,108.8,98.0,-1.6,-0.3,1.08,GOOD
1790983958060,2711,1974.0,-10.641095349211742,32000.0,108.8,98.0,-1.6,-0.3,1.08,GOOD
1790983958060,2712,2109.0,31.72133564321611,32000.0,108.8,98.0,-1.6,-0.3,1.08,GOOD
1790983958060,2713,2118.0,60.22979811316104,32000.0,108.8,98.0,-1.6,-0.3,1.08,GOOD
1790983958060,2714,2123.0,88.6517821281052,32000.0,108.8,98.0,-1.6,-0.3,1.08,GOOD
1790983958060,2715,2248.0,115.06861032144302,32000.0,108.8,98.0,-1.6,-0.3,1.08,GOOD
1790983958060,2716,2291.0,148.62284517756893,32000.0,108.8,98.0,-1.6,-0.3,1.08,GOOD
1790983958060,2717,2307.0,201.90069041106295,32000.0,108.8,98.0,-1.6,-0.3,1.08,GOOD
1790983958060,2718,2332.0,264.2711420638652,32000.0,108.8,98.0,-1.6,-0.3,1.08,GOOD
1790983958060,2719,2415.0,314.50837589255553,32000.0,108.8,98.0,-1.6,-0.3,1.08,GOOD
1790983958060,2720,2430.0,346.9448887325415,32000.0,108.8,98.0,-1.6,-0.3,1.08,GOOD
1790983958060,2721,2441.0,370.27150945951735,32000.0,108.8,98.0,-1.6,-0.3,1.08,GOOD
1790983958060,2722,2450.0,392.25727357557236,32000.0,108.8,98.0,-1.6,-0.3,1.08,GOOD
1790983958060,2723,1838.0,388.0225489596579,32000.0,108.8,98.0,-1.6,-0.3,1.08,GOOD
1790983958060,2724,1816.0,294.89626304142956,32000.0,108.8,98.0,-1.6,-0.3,1.08,GOOD
1790983958060,2725,1792.0,102.21782565289618,32000.0,108.8,98.0,-1.6,-0.3,1.08,GOOD
1790983958187,2726,1770.0,-109.57234666092215,32000.0,108.8,98.0,-1.6,-0.3,1.08,GOOD
1790983958187,2727,1897.0,-253.75063635606932,32000.0,108.8,98.0,-1.6,-0.3,1.08,GOOD
1790983958187,2728,1851.0,-295.2590297977585,32000.0,108.8,98.0,-1.6,-0.3,1.08,GOOD
1790983958187,2729,1802.0,-256.67287037597316,32000.0,108.8,98.0,-1.6,-0.3,1.08,GOOD
1790983958187,2730,1770.0,-198.88913449282938,32000.0,108.8,98.0,-1.6,-0.3,1.08,GOOD
1790983958187,2731,2167.0,-157.13201862707666,32000.0,108.8,98.0,-1.6,-0.3,1.08,GOOD
1790983958187,2732,2183.0,-106.48958826746079,32000.0,108.8,98.0,-1.6,-0.3,1.08,GOOD
1790983958187,2733,2220.0,-19.79515751998295,32000.0,108.8,98.0,-1.6,-0.3,1.08,GOOD
1790983958187,2734,2240.0,87.63424906160162,32000.0,108.8,98.0,-1.6,-0.3,1.08,GOOD
1790983958187,2735,2017.0,176.415051792731,32000.0,108.8,98.0,-1.6,-0.3,1.08,GOOD
1790983958187,2736,2088.0,203.58939638244942,32000.0,108.8,98.0,-1.6,-0.3,1.08,GOOD
1790983958187,2737,2085.0,159.34618366709608,32000.0,108.8,98.0,-1.6,-0.3,1.08,GOOD
1790983958187,2738,2121.0,85.33390825917252,32000.0,108.8,98.0,-1.6,-0.3,1.08,GOOD
1790983958187,2739,1888.0,26.848580249988373,32000.0,108.8,98.0,-1.6,-0.3,1.08,GOOD
1790983958187,2740,1912.0,-9.777771039246685,32000.0,108.8,98.0,-1.6,-0.3,1.08,GOOD
1790983958187,2741,1894.0,-40.471952569443744,32000.0,108.8,98.0,-1.6,-0.3,1.08,GOOD
1790983958187,2742,1893.0,-76.39907041448788,32000.0,108.8,98.0,-1.6,-0.3,1.08,GOOD
1790983958187,2743,2034.0,-112.64593968765286,32000.0,108.8,98.0,-1.6,-0.3,1.08,GOOD
1790983958187,2744,2051.0,-120.71454157303707,32000.0,108.8,98.0,-1.6,-0.3,1.08,GOOD
1790983958187,2745,2035.0,-79.09544072638354,32000.0,108.8,98.0,-1.6,-0.3,1.08,GOOD
1790983958187,2746,2015.0,-10.794692501827821,32000.0,108.8,98.0,-1.6,-0.3,1.08,GOOD
1790983958187,2747,1974.0,34.85979971354469,32000.0,108.8,98.0,-1.6,-0.3,1.08,GOOD
1790983958187,2748,1978.0,29.146151613182454,32000.0,108.8,98.0,-1.6,-0.3,1.08,GOOD
1790983958187,2749,1991.0,-10.90238107497162,32000.0,108.8,98.0,-1.6,-0.3,1.08,GOOD
1790983958187,2750,2223.0,-34.11718961055327,32000.0,108.8,98.0,-1.6,-0.3,1.08,GOOD
1790983958273,2751,2198.0,1.1544112555591264,32000.0,108.8,98.0,-1.7,-0.3,1.08,GOOD
1790983958273,2752,2187.0,80.02305298951977,32000.0,108.8,98.0,-1.7,-0.3,1.08,GOOD
1790983958273,2753,2221.0,150.04919124818142,32000.0,108.8,98.0,-1.7,-0.3,1.08,GOOD
1790983958273,2754,2263.0,187.5993315302382,32000.0,108.8,98.0,-1.7,-0.3,1.08,GOOD
1790983958273,2755,2278.0,207.97035355212276,32000.0,108.8,98.0,-1.7,-0.3,1.08,GOOD
1790983958273,2756,2262.0,224.95028146532246,32000.0,108.8,98.0,-1.7,-0.3,1.08,GOOD
1790983958273,2757,1986.0,223.04928772889187,32000.0,108.8,98.0,-1.7,-0.3,1.08,GOOD
1790983958273,2758,2015.0,173.5931774516587,32000.0,108.8,98.0,-1.7,-0.3,1.08,GOOD
1790983958273,2759,2037.0,85.97308006781779,32000.0,108.8,98.0,-1.7,-0.3,1.08,GOOD
1790983958273,2760,2027.0,7.409581393382014,32000.0,108.8,98.0,-1.7,-0.3,1.08,GOOD
1790983958273,2761,2006.0,-34.76251426796557,32000.0,108.8,98.0,-1.7,-0.3,1.08,GOOD
1790983958273,2762,2026.0,-47.14071365962491,32000.0,108.8,98.0,-1.7,-0.3,1.08,GOOD
1790983958273,2763,2069.0,-40.01962670281327,32000.0,108.8,98.0,-1.7,-0.3,1.08,GOOD
1790983958273,2764,2096.0,-16.58515881099241,32000.0,108.8,98.0,-1.7,-0.3,1.08,GOOD
1790983958273,2765,2305.0,23.593759381749315,32000.0,108.8,98.0,-1.7,-0.3,1.08,GOOD
1790983958273,2766,2244.0,81.79364585295093,32000.0,108.8,98.0,-1.7,-0.3,1.08,GOOD
1790983958273,2767,2226.0,144.7172692175933,32000.0,108.8,98.0,-1.7,-0.3,1.08,GOOD
1790983958273,2768,2227.0,188.83748231626635,32000.0,108.8,98.0,-1.7,-0.3,1.08,GOOD
1790983958273,2769,2399.0,212.6308567693905,32000.0,108.8,98.0,-1.7,-0.3,1.08,GOOD
1790983958273,2770,2351.0,234.29747841832452,32000.0,108.8,98.0,-1.7,-0.3,1.08,GOOD
1790983958273,2771,2314.0,255.95160769586175,32000.0,108.8,98.0,-1.7,-0.3,1.08,GOOD
1790983958273,2772,2300.0,264.04250851307467,32000.0,108.8,98.0,-1.7,-0.3,1.08,GOOD
1790983958273,2773,2310.0,258.81481588716474,32000.0,108.8,98.0,-1.7,-0.3,1.08,GOOD
1790983958273,2774,2327.0,251.3710978756937,32000.0,108.8,98.0,-1.7,-0.3,1.08,GOOD
1790983958273,2775,2308.0,243.0547485423791,32000.0,108.8,98.0,-1.7,-0.3,1.08,GOOD
1790983958378,2776,1988.0,215.92468310917403,32000.0,108.8,98.0,-1.6,-0.3,1.08,GOOD
1790983958378,2777,2028.0,147.87277194407386,32000.0,108.8,98.0,-1.6,-0.3,1.08,GOOD
1790983958378,2778,2050.0,54.13207752134492,32000.0,108.8,98.0,-1.6,-0.3,1.08,GOOD
1790983958378,2779,2044.0,-22.185812628358956,32000.0,108.8,98.0,-1.6,-0.3,1.08,GOOD
1790983958378,2780,1911.0,-69.47320869733954,32000.0,108.8,98.0,-1.6,-0.3,1.08,GOOD
1790983958378,2781,1888.0,-109.09808120202766,32000.0,108.8,98.0,-1.6,-0.3,1.08,GOOD
1790983958378,2782,1918.0,-146.92437952619395,32000.0,108.8,98.0,-1.6,-0.3,1.08,GOOD
1790983958378,2783,1918.0,-167.16502248794967,32000.0,108.8,98.0,-1.6,-0.3,1.08,GOOD
1790983958378,2784,1949.0,-167.0978912664588,32000.0,108.8,98.0,-1.6,-0.3,1.08,GOOD
1790983958378,2785,1911.0,-162.96741018111337,32000.0,108.8,98.0,-1.6,-0.3,1.08,GOOD
1790983958378,2786,1911.0,-164.82875962417285,32000.0,108.8,98.0,-1.6,-0.3,1.08,GOOD
1790983958378,2787,2090.0,-158.50235617266617,32000.0,108.8,98.0,-1.6,-0.3,1.08,GOOD
1790983958378,2788,2053.0,-121.72363921772246,32000.0,108.8,98.0,-1.6,-0.3,1.08,GOOD
1790983958378,2789,2026.0,-66.33579090447932,32000.0,108.8,98.0,-1.6,-0.3,1.08,GOOD
1790983958378,2790,1996.0,-31.84256153140926,32000.0,108.8,98.0,-1.6,-0.3,1.08,GOOD
1790983958378,2791,2054.0,-30.69405927561054,32000.0,108.8,98.0,-1.6,-0.3,1.08,GOOD
1790983958378,2792,2096.0,-36.2552000940938,32000.0,108.8,98.0,-1.6,-0.3,1.08,GOOD
1790983958378,2793,2112.0,-24.05542957541093,32000.0,108.8,98.0,-1.6,-0.3,1.08,GOOD
1790983958378,2794,1868.0,-8.856981065982554,32000.0,108.8,98.0,-1.6,-0.3,1.08,GOOD
1790983958378,2795,1903.0,-28.135765733832653,32000.0,108.8,98.0,-1.6,-0.3,1.08,GOOD
1790983958378,2796,1923.0,-83.30668261393204,32000.0,108.8,98.0,-1.6,-0.3,1.08,GOOD
1790983958378,2797,1929.0,-135.01816405585024,32000.0,108.8,98.0,-1.6,-0.3,1.08,GOOD
1790983958378,2798,1803.0,-163.64846745465337,32000.0,108.8,98.0,-1.6,-0.3,1.08,GOOD
1790983958378,2799,1812.0,-186.3773436750041,32000.0,108.8,98.0,-1.6,-0.3,1.08,GOOD
1790983958378,2800,1806.0,-214.59554597239804,32000.0,108.8,98.0,-1.6,-0.3,1.08,GOOD
1790983958465,2801,1954.0,-231.35650640249617,32000.0,108.8,98.0,-1.6,-0.3,1.07,LEAD_OFF
1790983958465,2802,1925.0,-216.33096763724808,32000.0,108.8,98.0,-1.6,-0.3,1.07,LEAD_OFF
1790983958465,2803,1899.0,-178.25900378675078,32000.0,108.8,98.0,-1.6,-0.3,1.07,LEAD_OFF
1790983958465,2804,1906.0,-145.10901772944663,32000.0,108.8,98.0,-1.6,-0.3,1.07,LEAD_OFF
1790983958465,2805,2049.0,-123.04226979143984,32000.0,108.8,98.0,-1.6,-0.3,1.07,LEAD_OFF
1790983958465,2806,2008.0,-94.95392149671726,32000.0,108.8,98.0,-1.6,-0.3,1.07,LEAD_OFF
1790983958465,2807,1986.0,-60.576519348268704,32000.0,108.8,98.0,-1.6,-0.3,1.07,LEAD_OFF
1790983958465,2808,1990.0,-39.51608442563553,32000.0,108.8,98.0,-1.6,-0.3,1.07,LEAD_OFF
1790983958465,2809,1715.0,-48.129421349305304,32000.0,108.8,98.0,-1.6,-0.3,1.07,LEAD_OFF
1790983958465,2810,1718.0,-98.27500864237993,32000.0,108.8,98.0,-1.6,-0.3,1.07,LEAD_OFF
1790983958465,2811,1698.0,-183.08660140909157,32000.0,108.8,98.0,-1.6,-0.3,1.07,LEAD_OFF
1790983958465,2812,2188.0,-251.6883738275996,32000.0,108.8,98.0,-1.6,-0.3,1.07,LEAD_OFF
1790983958465,2813,2202.0,-232.15509641519492,32000.0,108.8,98.0,-1.6,-0.3,1.07,LEAD_OFF
1790983958465,2814,2232.0,-107.7111415533861,32000.0,108.8,98.0,-1.6,-0.3,1.07,LEAD_OFF
1790983958465,2815,2229.0,60.679065092174845,32000.0,108.8,98.0,-1.6,-0.3,1.07,LEAD_OFF
1790983958465,2816,1788.0,181.3173145952451,32000.0,108.8,98.0,-1.6,-0.3,1.07,LEAD_OFF
1790983958465,2817,1786.0,173.11907259895418,32000.0,108.8,98.0,-1.6,-0.3,1.07,LEAD_OFF
1790983958465,2818,1798.0,32.1492970482976,32000.0,108.8,98.0,-1.6,-0.3,1.07,LEAD_OFF
1790983958465,2819,1833.0,-147.5863039337295,32000.0,108.8,98.0,-1.6,-0.3,1.07,LEAD_OFF
1790983958465,2820,1972.0,-257.8951500448584,32000.0,108.8,98.0,-1.6,-0.3,1.07,LEAD_OFF
1790983958465,2821,1918.0,-253.96514572191123,32000.0,108.8,98.0,-1.6,-0.3,1.07,LEAD_OFF
1790983958465,2822,1890.0,-174.98707572117232,32000.0,108.8,98.0,-1.6,-0.3,1.07,LEAD_OFF
1790983958465,2823,2145.0,-90.52264574345948,32000.0,108.8,98.0,-1.6,-0.3,1.07,LEAD_OFF
1790983958465,2824,2143.0,-24.062039909499664,32000.0,108.8,98.0,-1.6,-0.3,1.07,LEAD_OFF
1790983958465,2825,2140.0,35.1985088152714,32000.0,108.8,98.0,-1.6,-0.3,1.07,LEAD_OFF
1790983958545,2826,2127.0,87.94563868369431,32000.0,108.8,98.0,-1.6,-0.3,1.09,LEAD_OFF
1790983958545,2827,2039.0,122.3089681673101,32000.0,108.8,98.0,-1.6,-0.3,1.09,LEAD_OFF
1790983958545,2828,2052.0,122.88724620621286,32000.0,108.8,98.0,-1.6,-0.3,1.09,LEAD_OFF
1790983958545,2829,2073.0,88.67323673016719,32000.0,108.8,98.0,-1.6,-0.3,1.09,LEAD_OFF
1790983958545,2830,1966.0,40.23267700870258,32000.0,108.8,98.0,-1.6,-0.3,1.09,LEAD_OFF
1790983958545,2831,1985.0,-1.1927646300213626,32000.0,108.8,98.0,-1.6,-0.3,1.09,LEAD_OFF
1790983958545,2832,1984.0,-24.531860211201355,32000.0,108.8,98.0,-1.6,-0.3,1.09,LEAD_OFF
1790983958545,2833,1985.0,-30.902691193372746,32000.0,108.8,98.0,-1.6,-0.3,1.09,LEAD_OFF
1790983958545,2834,1826.0,-39.862979628955244,32000.0,108.8,98.0,-1.6,-0.3,1.09,LEAD_OFF
1790983958545,2835,1841.0,-73.05772419194297,32000.0,108.8,98.0,-1.6,-0.3,1.09,LEAD_OFF
1790983958545,2836,1846.0,-122.32769999395961,32000.0,108.8,98.0,-1.6,-0.3,1.09,LEAD_OFF
1790983958545,2837,1841.0,-158.73713759164107,32000.0,108.8,98.0,-1.6,-0.3,1.09,LEAD_OFF
1790983958545,2838,1918.0,-169.22186188682448,32000.0,108.8,98.0,-1.6,-0.3,1.09,LEAD_OFF
1790983958545,2839,1898.0,-159.8104822998747,32000.0,108.8,98.0,-1.6,-0.3,1.09,LEAD_OFF
1790983958545,2840,1902.0,-140.27474791868346,32000.0,108.8,98.0,-1.6,-0.3,1.09,LEAD_OFF
1790983958545,2841,1884.0,-117.95975492975938,32000.0,108.8,98.0,-1.6,-0.3,1.09,LEAD_OFF
1790983958545,2842,2158.0,-88.06408541183355,32000.0,108.8,98.0,-1.6,-0.3,1.09,LEAD_OFF
1790983958545,2843,2133.0,-35.42294978241534,32000.0,108.8,98.0,-1.6,-0.3,1.09,LEAD_OFF
1790983958545,2844,2141.0,35.04500977541977,32000.0,108.8,98.0,-1.6,-0.3,1.09,LEAD_OFF
1790983958545,2845,2146.0,97.39788715308885,32000.0,108.8,98.0,-1.6,-0.3,1.09,LEAD_OFF
1790983958545,2846,2030.0,134.73034680790147,32000.0,108.8,98.0,-1.6,-0.3,1.09,LEAD_OFF
1790983958545,2847,1994.0,136.90326979717375,32000.0,108.8,98.0,-1.6,-0.3,1.09,LEAD_OFF
1790983958545,2848,1963.0,97.31194433210565,32000.0,108.8,98.0,-1.6,-0.3,1.09,LEAD_OFF
1790983958545,2849,1979.0,29.916771947721273,32000.0,108.8,98.0,-1.6,-0.3,1.09,LEAD_OFF
1790983958545,2850,1972.0,-31.923750737055702,32000.0,108.8,98.0,-1.6,-0.3,1.09,LEAD_OFF
1790983958788,2851,2004.0,-58.573664641208694,32000.0,118.8,98.0,-1.6,-0.2,1.08,GOOD
1790983958788,2852,2005.0,-45.89600806452181,32000.0,118.8,98.0,-1.6,-0.2,1.08,GOOD
1790983958788,2853,1917.0,-19.90182508000352,32000.0,118.8,98.0,-1.6,-0.2,1.08,GOOD
1790983958788,2854,1931.0,-14.662035057376414,32000.0,118.8,98.0,-1.6,-0.2,1.08,GOOD
1790983958788,2855,1953.0,-35.44508514691404,32000.0,118.8,98.0,-1.6,-0.2,1.08,GOOD
1790983958788,2856,1945.0,-57.678061468729226,32000.0,118.8,98.0,-1.6,-0.2,1.08,GOOD
1790983958788,2857,1875.0,-66.51452021975871,32000.0,118.8,98.0,-1.6,-0.2,1.08,GOOD
1790983958788,2858,1846.0,-74.21888529591985,32000.0,118.8,98.0,-1.6,-0.2,1.08,GOOD
1790983958788,2859,1860.0,-94.54014027644287,32000.0,118.8,98.0,-1.6,-0.2,1.08,GOOD
1790983958788,2860,1868.0,-120.59020452960999,32000.0,118.8,98.0,-1.6,-0.2,1.08,GOOD
1790983958788,2861,2163.0,-124.72981741946147,32000.0,118.8,98.0,-1.6,-0.2,1.08,GOOD
1790983958788,2862,2125.0,-77.01652909369739,32000.0,118.8,98.0,-1.6,-0.2,1.08,GOOD
1790983958788,2863,2120.0,13.67505683069096,32000.0,118.8,98.0,-1.6,-0.2,1.08,GOOD
1790983958788,2864,2135.0,101.17517849275694,32000.0,118.8,98.0,-1.6,-0.2,1.08,GOOD
1790983958788,2865,2189.0,156.06913686675028,32000.0,118.8,98.0,-1.6,-0.2,1.08,GOOD
1790983958788,2866,2195.0,181.29338490435205,32000.0,118.8,98.0,-1.6,-0.2,1.08,GOOD
1790983958788,2867,2188.0,187.66339499562486,32000.0,118.8,98.0,-1.6,-0.2,1.08,GOOD
1790983958788,2868,1955.0,174.52348132888082,32000.0,118.8,98.0,-1.6,-0.2,1.08,GOOD
1790983958788,2869,2016.0,133.67082858081073,32000.0,118.8,98.0,-1.6,-0.2,1.08,GOOD
1790983958788,2870,2022.0,76.14910090706121,32000.0,118.8,98.0,-1.6,-0.2,1.08,GOOD
1790983958788,2871,2019.0,27.743264750901897,32000.0,118.8,98.0,-1.6,-0.2,1.08,GOOD
1790983958788,2872,1765.0,-11.443931705758704,32000.0,118.8,98.0,-1.6,-0.2,1.08,GOOD
1790983958788,2873,1781.0,-64.45656884740625,32000.0,118.8,98.0,-1.6,-0.2,1.08,GOOD
1790983958788,2874,1795.0,-129.86123444878567,32000.0,118.8,98.0,-1.6,-0.2,1.08,GOOD
1790983958788,2875,1787.0,-180.8113653993379,32000.0,118.8,98.0,-1.6,-0.2,1.08,GOOD
1790983958789,2876,1780.0,-208.5975496974839,32000.0,118.8,98.0,-1.6,-0.2,1.08,GOOD
1790983958789,2877,1754.0,-224.47776353211827,32000.0,118.8,98.0,-1.6,-0.2,1.08,GOOD
1790983958789,2878,1762.0,-231.9645849166892,32000.0,118.8,98.0,-1.6,-0.2,1.08,GOOD
1790983958789,2879,1776.0,-225.03890573715043,32000.0,118.8,98.0,-1.6,-0.2,1.08,GOOD
1790983958789,2880,2355.0,-183.96679029663656,32000.0,118.8,98.0,-1.6,-0.2,1.08,GOOD
1790983958789,2881,2314.0,-76.02106730431467,32000.0,118.8,98.0,-1.6,-0.2,1.08,GOOD
1790983958789,2882,2318.0,88.13023225532912,32000.0,118.8,98.0,-1.6,-0.2,1.08,GOOD
1790983958789,2883,2325.0,246.69091559398905,32000.0,118.8,98.0,-1.6,-0.2,1.08,GOOD
1790983958789,2884,2450.0,360.5534324729499,32000.0,118.8,98.0,-1.6,-0.2,1.08,GOOD
1790983958789,2885,2461.0,428.68880320832903,32000.0,118.8,98.0,-1.6,-0.2,1.08,GOOD
1790983958789,2886,2462.0,452.87868897035816,32000.0,118.8,98.0,-1.6,-0.2,1.08,GOOD
1790983958789,2887,2498.0,442.5969663745747,32000.0,118.8,98.0,-1.6,-0.2,1.08,GOOD
1790983958789,2888,2431.0,428.9080391860526,32000.0,118.8,98.0,-1.6,-0.2,1.08,GOOD
1790983958789,2889,2427.0,433.3402729661237,32000.0,118.8,98.0,-1.6,-0.2,1.08,GOOD
1790983958789,2890,2406.0,440.50281415598215,32000.0,118.8,98.0,-1.6,-0.2,1.08,GOOD
1790983958789,2891,1649.0,392.2883776366826,32000.0,118.8,98.0,-1.6,-0.2,1.08,GOOD
1790983958789,2892,1687.0,222.7320709669993,32000.0,118.8,98.0,-1.6,-0.2,1.08,GOOD
1790983958789,2893,1712.0,-34.82773909725201,32000.0,118.8,98.0,-1.6,-0.2,1.08,GOOD
1790983958789,2894,1700.0,-255.6920131722431,32000.0,118.8,98.0,-1.6,-0.2,1.08,GOOD
1790983958789,2895,1785.0,-367.51323548813843,32000.0,118.8,98.0,-1.6,-0.2,1.08,GOOD
1790983958789,2896,1763.0,-384.5749970604029,32000.0,118.8,98.0,-1.6,-0.2,1.08,GOOD
1790983958789,2897,1772.0,-344.85434363928795,32000.0,118.8,98.0,-1.6,-0.2,1.08,GOOD
1790983958789,2898,1768.0,-280.46175231644645,32000.0,118.8,98.0,-1.6,-0.2,1.08,GOOD
1790983958789,2899,2154.0,-206.69265798063637,32000.0,118.8,98.0,-1.6,-0.2,1.08,GOOD
1790983958789,2900,2092.0,-120.95431671000296,32000.0,118.8,98.0,-1.6,-0.2,1.08,GOOD
1790983958924,2901,2087.0,-32.95191638692535,32000.0,118.8,98.0,-1.6,-0.3,1.08,GOOD
1790983958924,2902,2082.0,36.181136827069665,32000.0,118.8,98.0,-1.6,-0.3,1.08,GOOD
1790983958924,2903,2251.0,91.42553293544304,32000.0,118.8,98.0,-1.6,-0.3,1.08,GOOD
1790983958924,2904,2208.0,147.13764821528727,32000.0,118.8,98.0,-1.6,-0.3,1.08,GOOD
1790983958924,2905,2183.0,186.317307190875,32000.0,118.8,98.0,-1.6,-0.3,1.08,GOOD
1790983958924,2906,2189.0,186.49379984017742,32000.0,118.8,98.0,-1.6,-0.3,1.08,GOOD
1790983958924,2907,1933.0,156.12176579607183,32000.0,118.8,98.0,-1.6,-0.3,1.08,GOOD
1790983958924,2908,1968.0,109.69814474893657,32000.0,118.8,98.0,-1.6,-0.3,1.08,GOOD
1790983958924,2909,1953.0,50.55037129635385,32000.0,118.8,98.0,-1.6,-0.3,1.08,GOOD
1790983958924,2910,1671.0,-27.99061760251988,32000.0,118.8,98.0,-1.6,-0.3,1.08,GOOD
1790983958924,2911,1711.0,-136.0476973922832,32000.0,118.8,98.0,-1.6,-0.3,1.08,GOOD
1790983958924,2912,1757.0,-244.30653581746995,32000.0,118.8,98.0,-1.6,-0.3,1.08,GOOD
1790983958924,2913,1766.0,-297.00355166826813,32000.0,118.8,98.0,-1.6,-0.3,1.08,GOOD
1790983958924,2914,2012.0,-277.8165674923714,32000.0,118.8,98.0,-1.6,-0.3,1.08,GOOD
1790983958924,2915,1990.0,-210.15380984964776,32000.0,118.8,98.0,-1.6,-0.3,1.08,GOOD
1790983958924,2916,2014.0,-125.35115417814701,32000.0,118.8,98.0,-1.6,-0.3,1.08,GOOD
1790983958924,2917,2081.0,-43.1295616609121,32000.0,118.8,98.0,-1.6,-0.3,1.08,GOOD
1790983958924,2918,2129.0,33.97776692764509,32000.0,118.8,98.0,-1.6,-0.3,1.08,GOOD
1790983958924,2919,2047.0,93.78854408844839,32000.0,118.8,98.0,-1.6,-0.3,1.08,GOOD
1790983958924,2920,2002.0,107.33216768891974,32000.0,118.8,98.0,-1.6,-0.3,1.08,GOOD
1790983958924,2921,1977.0,69.87307984367604,32000.0,118.8,98.0,-1.6,-0.3,1.08,GOOD
1790983958924,2922,2314.0,30.890364485192855,32000.0,118.8,98.0,-1.6,-0.3,1.08,GOOD
1790983958924,2923,2250.0,53.51125049986877,32000.0,118.8,98.0,-1.6,-0.3,1.08,GOOD
1790983958924,2924,2192.0,131.56926375937172,32000.0,118.8,98.0,-1.6,-0.3,1.08,GOOD
1790983958924,2925,2176.0,197.17821991338653,32000.0,118.8,98.0,-1.6,-0.3,1.08,GOOD
1790983959204,2926,2240.0,216.39390871082506,24.0,133.7,98.0,-1.7,-0.3,1.08,GOOD
1790983959204,2927,2274.0,214.48303573168607,24.0,133.7,98.0,-1.7,-0.3,1.08,GOOD
1790983959204,2928,2277.0,219.0185401263965,25.0,133.7,98.0,-1.7,-0.3,1.08,GOOD
1790983959204,2929,2265.0,227.71204446314349,24.0,133.7,98.0,-1.7,-0.3,1.08,GOOD
1790983959204,2930,2180.0,226.39570112056117,23.0,133.7,98.0,-1.7,-0.3,1.08,GOOD
1790983959204,2931,2237.0,213.11714951603608,21.0,133.7,98.0,-1.7,-0.3,1.08,GOOD
1790983959204,2932,2278.0,201.70184394928194,22.0,133.7,98.0,-1.7,-0.3,1.08,GOOD
1790983959204,2933,2289.0,202.73663024849054,21.0,133.7,98.0,-1.7,-0.3,1.08,GOOD
1790983959204,2934,2102.0,202.68529241748683,23.0,133.7,98.0,-1.7,-0.3,1.08,GOOD
1790983959204,2935,2368.0,188.34925716343287,23.0,133.7,98.0,-1.7,-0.3,1.08,GOOD
1790983959204,2936,2341.0,184.70693582582652,23.0,133.7,98.0,-1.7,-0.3,1.08,GOOD
1790983959204,2937,2317.0,214.0460738188025,23.0,133.7,98.0,-1.7,-0.3,1.08,GOOD
1790983959204,2938,2299.0,250.26812179724044,24.0,133.7,98.0,-1.7,-0.3,1.08,GOOD
1790983959204,2939,2247.0,259.22429620627463,23.0,133.7,98.0,-1.7,-0.3,1.08,GOOD
1790983959204,2940,2279.0,239.9123266309574,23.0,133.7,98.0,-1.7,-0.3,1.08,GOOD
1790983959204,2941,2283.0,214.5725421373991,24.0,133.7,98.0,-1.7,-0.3,1.08,GOOD
1790983959204,2942,1998.0,188.156784280473,23.0,133.7,98.0,-1.7,-0.3,1.08,GOOD
1790983959204,2943,2017.0,133.7824888412527,24.0,133.7,98.0,-1.7,-0.3,1.08,GOOD
1790983959204,2944,2039.0,46.956343424194394,25.0,133.7,98.0,-1.7,-0.3,1.08,GOOD
1790983959204,2945,2046.0,-31.564674466069388,25.0,133.7,98.0,-1.7,-0.3,1.08,GOOD
1790983959204,2946,1781.0,-79.55062744035115,24.0,133.7,98.0,-1.7,-0.3,1.08,GOOD
1790983959204,2947,1801.0,-123.86918710091722,20.0,133.7,98.0,-1.7,-0.3,1.08,GOOD
1790983959204,2948,1805.0,-184.37129223235473,20.0,133.7,98.0,-1.7,-0.3,1.08,GOOD
1790983959204,2949,1815.0,-242.27655283375458,20.0,133.7,98.0,-1.7,-0.3,1.08,GOOD
1790983959204,2950,1993.0,-268.38655913761056,20.0,133.7,98.0,-1.7,-0.3,1.08,GOOD
1790983959204,2951,1953.0,-245.98852927123195,32000.0,133.7,98.0,-1.7,-0.3,1.08,GOOD
1790983959204,2952,1941.0,-187.34859198431533,32000.0,133.7,98.0,-1.7,-0.3,1.08,GOOD
1790983959204,2953,2073.0,-123.0872635140436,32000.0,133.7,98.0,-1.7,-0.3,1.08,GOOD
1790983959204,2954,2053.0,-68.12199460994,32000.0,133.7,98.0,-1.7,-0.3,1.08,GOOD
1790983959204,2955,2042.0,-27.655879767469976,32000.0,133.7,98.0,-1.7,-0.3,1.08,GOOD
1790983959204,2956,2045.0,-8.996992632999069,32000.0,133.7,98.0,-1.7,-0.3,1.08,GOOD
1790983959204,2957,2039.0,-8.14626138684429,32000.0,133.7,98.0,-1.7,-0.3,1.08,GOOD
1790983959204,2958,2052.0,-11.961937054358309,32000.0,133.7,98.0,-1.7,-0.3,1.08,GOOD
1790983959204,2959,2045.0,-13.420411840289926,32000.0,133.7,98.0,-1.7,-0.3,1.08,GOOD
1790983959204,2960,1913.0,-19.707019000664907,32000.0,133.7,98.0,-1.7,-0.3,1.08,GOOD
1790983959204,2961,1951.0,-43.349861720458065,32000.0,133.7,98.0,-1.7,-0.3,1.08,GOOD
1790983959204,2962,1971.0,-77.84217134463711,32000.0,133.7,98.0,-1.7,-0.3,1.08,GOOD
1790983959204,2963,1973.0,-101.2191056344673,32000.0,133.7,98.0,-1.7,-0.3,1.08,GOOD
1790983959204,2964,1833.0,-110.8030094161318,32000.0,133.7,98.0,-1.7,-0.3,1.08,GOOD
1790983959204,2965,1831.0,-127.23893654024658,32000.0,133.7,98.0,-1.7,-0.3,1.08,GOOD
1790983959204,2966,1836.0,-159.27191444232966,32000.0,133.7,98.0,-1.7,-0.3,1.08,GOOD
1790983959204,2967,1832.0,-192.31843329802268,32000.0,133.7,98.0,-1.7,-0.3,1.08,GOOD
1790983959204,2968,1859.0,-212.18687282764995,32000.0,133.7,98.0,-1.7,-0.3,1.08,GOOD
1790983959204,2969,1829.0,-216.88712398720094,32000.0,133.7,98.0,-1.7,-0.3,1.08,GOOD
1790983959204,2970,1818.0,-211.9986005436398,32000.0,133.7,98.0,-1.7,-0.3,1.08,GOOD
1790983959204,2971,1800.0,-205.46616608008435,32000.0,133.7,98.0,-1.7,-0.3,1.08,GOOD
1790983959204,2972,2217.0,-187.35659179594433,32000.0,133.7,98.0,-1.7,-0.3,1.08,GOOD
1790983959204,2973,2198.0,-124.6987476478099,32000.0,133.7,98.0,-1.7,-0.3,1.08,GOOD
1790983959204,2974,2197.0,-14.319882226066731,32000.0,133.7,98.0,-1.7,-0.3,1.08,GOOD
1790983959204,2975,2202.0,99.4817013969653,32000.0,133.7,98.0,-1.7,-0.3,1.08,GOOD
1790983959319,2976,1981.0,170.02647669445554,32000.0,133.7,98.0,-1.7,-0.2,1.08,GOOD
1790983959319,2977,1983.0,167.03182835164924,32000.0,133.7,98.0,-1.7,-0.2,1.08,GOOD
1790983959319,2978,1970.0,92.32582535816123,32000.0,133.7,98.0,-1.7,-0.2,1.08,GOOD
1790983959319,2979,1816.0,-15.52903742809545,32000.0,133.7,98.0,-1.7,-0.2,1.08,GOOD
1790983959319,2980,1857.0,-114.49239026087905,32000.0,133.7,98.0,-1.7,-0.2,1.08,GOOD
1790983959319,2981,1871.0,-174.32413472941653,32000.0,133.7,98.0,-1.7,-0.2,1.08,GOOD
1790983959319,2982,1864.0,-186.54123311154865,32000.0,133.7,98.0,-1.7,-0.2,1.08,GOOD
1790983959319,2983,1847.0,-175.31843074871603,32000.0,133.7,98.0,-1.7,-0.2,1.08,GOOD
1790983959319,2984,1846.0,-169.73211997732338,32000.0,133.7,98.0,-1.7,-0.2,1.08,GOOD
1790983959319,2985,1861.0,-171.9962382684366,32000.0,133.7,98.0,-1.7,-0.2,1.08,GOOD
1790983959319,2986,1857.0,-167.68447275831895,32000.0,133.7,98.0,-1.7,-0.2,1.08,GOOD
1790983959319,2987,1969.0,-150.33724502333422,32000.0,133.7,98.0,-1.7,-0.2,1.08,GOOD
1790983959319,2988,1922.0,-125.43541491911942,32000.0,133.7,98.0,-1.7,-0.2,1.08,GOOD
1790983959319,2989,1916.0,-103.9518452420702,32000.0,133.7,98.0,-1.7,-0.2,1.08,GOOD
1790983959319,2990,1925.0,-90.6222868687342,32000.0,133.7,98.0,-1.7,-0.2,1.08,GOOD
1790983959319,2991,2010.0,-75.8401987457082,32000.0,133.7,98.0,-1.7,-0.2,1.08,GOOD
1790983959319,2992,1977.0,-52.37968157766996,32000.0,133.7,98.0,-1.7,-0.2,1.08,GOOD
1790983959319,2993,1962.0,-32.19253572677449,32000.0,133.7,98.0,-1.7,-0.2,1.08,GOOD
1790983959319,2994,1967.0,-28.448914565564028,32000.0,133.7,98.0,-1.7,-0.2,1.08,GOOD
1790983959319,2995,2119.0,-27.360202473952945,32000.0,133.7,98.0,-1.7,-0.2,1.08,GOOD
1790983959319,2996,2131.0,-0.7378734454560707,32000.0,133.7,98.0,-1.7,-0.2,1.08,GOOD
1790983959319,2997,2122.0,51.45432863572266,32000.0,133.7,98.0,-1.7,-0.2,1.08,GOOD
1790983959319,2998,1954.0,92.1296450087343,32000.0,133.7,98.0,-1.7,-0.2,1.08,GOOD
1790983959319,2999,1977.0,87.88878902022137,32000.0,133.7,98.0,-1.7,-0.2,1.08,GOOD
1790983959319,3000,2005.0,47.86740231958305,32000.0,133.7,98.0,-1.7,-0.2,1.08,GOOD
1790983959636,3001,2002.0,7.283693884355043,25.0,133.7,98.0,-1.7,-0.2,1.08,LEAD_OFF
1790983959636,3002,1734.0,-26.60698658978619,25.0,133.7,98.0,-1.7,-0.2,1.08,LEAD_OFF
1790983959636,3003,1732.0,-80.13719685860508,24.0,133.7,98.0,-1.7,-0.2,1.08,LEAD_OFF
1790983959636,3004,1734.0,-156.83247086615603,28.0,133.7,98.0,-1.7,-0.2,1.08,LEAD_OFF
1790983959636,3005,1733.0,-224.3148952109425,27.0,133.7,98.0,-1.7,-0.2,1.08,LEAD_OFF
1790983959636,3006,1898.0,-255.53796974467116,27.0,133.7,98.0,-1.7,-0.2,1.08,LEAD_OFF
1790983959636,3007,1880.0,-242.46073462582282,26.0,133.7,98.0,-1.7,-0.2,1.08,LEAD_OFF
1790983959636,3008,1876.0,-194.43258092025,25.0,133.7,98.0,-1.7,-0.2,1.08,LEAD_OFF
1790983959636,3009,1878.0,-135.17100626388682,25.0,133.7,98.0,-1.7,-0.2,1.08,LEAD_OFF
1790983959636,3010,2103.0,-78.8771438078956,23.0,133.7,98.0,-1.7,-0.2,1.08,LEAD_OFF
1790983959636,3011,2074.0,-22.413251560180964,23.0,133.7,98.0,-1.7,-0.2,1.08,LEAD_OFF
1790983959636,3012,2071.0,30.378347142130806,24.0,133.7,98.0,-1.7,-0.2,1.08,LEAD_OFF
1790983959636,3013,1997.0,65.23118805024963,24.0,133.7,98.0,-1.7,-0.2,1.08,LEAD_OFF
1790983959636,3014,2029.0,79.20087507842639,26.0,133.7,98.0,-1.7,-0.2,1.08,LEAD_OFF
1790983959636,3015,2019.0,79.4116706784335,26.0,133.7,98.0,-1.7,-0.2,1.08,LEAD_OFF
1790983959636,3016,2045.0,68.1290789555994,27.0,133.7,98.0,-1.7,-0.2,1.08,LEAD_OFF
1790983959636,3017,2025.0,47.09037483678965,30.0,133.7,98.0,-1.7,-0.2,1.08,LEAD_OFF
1790983959636,3018,2030.0,29.308336946747524,31.0,133.7,98.0,-1.7,-0.2,1.08,LEAD_OFF
1790983959636,3019,2025.0,30.419019088949682,32.0,133.7,98.0,-1.7,-0.2,1.08,LEAD_OFF
1790983959636,3020,1843.0,40.410763700359226,33.0,133.7,98.0,-1.7,-0.2,1.08,LEAD_OFF
1790983959636,3021,1868.0,22.60876097296804,32.0,133.7,98.0,-1.7,-0.2,1.08,LEAD_OFF
1790983959636,3022,1884.0,-35.04506089015712,33.0,133.7,98.0,-1.7,-0.2,1.08,LEAD_OFF
1790983959636,3023,1900.0,-96.16540726403893,33.0,133.7,98.0,-1.7,-0.2,1.08,LEAD_OFF
1790983959636,3024,1706.0,-128.7075359098979,32.0,133.7,98.0,-1.7,-0.2,1.08,LEAD_OFF
1790983959636,3025,1710.0,-146.61677370970253,34.0,133.7,98.0,-1.7,-0.2,1.08,LEAD_OFF
1790983959637,3026,1715.0,-176.7814849198802,32000.0,133.7,98.0,-1.7,-0.2,1.08,LEAD_OFF
1790983959637,3027,1716.0,-219.1356621554865,32000.0,133.7,98.0,-1.7,-0.2,1.08,LEAD_OFF
1790983959637,3028,2180.0,-236.49157798336367,32000.0,133.7,98.0,-1.7,-0.2,1.08,LEAD_OFF
1790983959637,3029,2155.0,-172.41135949695797,32000.0,133.7,98.0,-1.7,-0.2,1.08,LEAD_OFF
1790983959637,3030,2154.0,-25.467016128445735,32000.0,133.7,98.0,-1.7,-0.2,1.08,LEAD_OFF
1790983959637,3031,2421.0,140.38483046687563,32000.0,133.7,98.0,-1.7,-0.2,1.08,LEAD_OFF
1790983959637,3032,2418.0,280.4168826718092,32000.0,133.7,98.0,-1.7,-0.2,1.08,LEAD_OFF
1790983959637,3033,2380.0,380.7882016640378,32000.0,133.7,98.0,-1.7,-0.2,1.08,LEAD_OFF
1790983959637,3034,2397.0,430.3019473822942,32000.0,133.7,98.0,-1.7,-0.2,1.08,LEAD_OFF
1790983959637,3035,2630.0,446.3165610609536,32000.0,133.7,98.0,-1.7,-0.2,1.08,LEAD_OFF
1790983959637,3036,2641.0,474.21499232362106,32000.0,133.7,98.0,-1.7,-0.2,1.08,LEAD_OFF
1790983959637,3037,2641.0,530.4699180928469,32000.0,133.7,98.0,-1.7,-0.2,1.08,LEAD_OFF
1790983959637,3038,1630.0,548.3119333785444,32000.0,133.7,98.0,-1.7,-0.2,1.08,LEAD_OFF
1790983959637,3039,1669.0,415.63189260646305,32000.0,133.7,98.0,-1.7,-0.2,1.08,LEAD_OFF
1790983959637,3040,1652.0,129.7505053236123,32000.0,133.7,98.0,-1.7,-0.2,1.08,LEAD_OFF
1790983959637,3041,1638.0,-176.52197092403463,32000.0,133.7,98.0,-1.7,-0.2,1.08,LEAD_OFF
1790983959637,3042,1693.0,-387.6271482695123,32000.0,133.7,98.0,-1.7,-0.2,1.08,LEAD_OFF
1790983959637,3043,1721.0,-466.6385483217616,32000.0,133.7,98.0,-1.7,-0.2,1.08,LEAD_OFF
1790983959637,3044,1729.0,-426.21480607821206,32000.0,133.7,98.0,-1.7,-0.2,1.08,LEAD_OFF
1790983959637,3045,1710.0,-322.7556670134122,32000.0,133.7,98.0,-1.7,-0.2,1.08,LEAD_OFF
1790983959637,3046,2102.0,-220.8378235705198,32000.0,133.7,98.0,-1.7,-0.2,1.08,LEAD_OFF
1790983959637,3047,2070.0,-137.15223903090086,32000.0,133.7,98.0,-1.7,-0.2,1.08,LEAD_OFF
1790983959637,3048,2082.0,-56.625391568905854,32000.0,133.7,98.0,-1.7,-0.2,1.08,LEAD_OFF
1790983959637,3049,2088.0,26.392686047355376,32000.0,133.7,98.0,-1.7,-0.2,1.08,LEAD_OFF
1790983959637,3050,2102.0,104.29398363765297,32000.0,133.7,98.0,-1.7,-0.2,1.08,LEAD_OFF
1790983959637,3051,2058.0,151.93148067471057,32000.0,133.7,98.0,-1.7,-0.2,1.08,LEAD_OFF
1790983959637,3052,2054.0,142.88258133258637,32000.0,133.7,98.0,-1.7,-0.2,1.08,LEAD_OFF
1790983959637,3053,2081.0,92.35431249545398,32000.0,133.7,98.0,-1.7,-0.2,1.08,LEAD_OFF
1790983959637,3054,2035.0,52.419588876689915,32000.0,133.7,98.0,-1.7,-0.2,1.08,LEAD_OFF
1790983959637,3055,2036.0,51.82145219377283,32000.0,133.7,98.0,-1.7,-0.2,1.08,LEAD_OFF
1790983959637,3056,2022.0,67.5974576475705,32000.0,133.7,98.0,-1.7,-0.2,1.08,LEAD_OFF
1790983959637,3057,1912.0,58.865550570944876,32000.0,133.7,98.0,-1.7,-0.2,1.08,LEAD_OFF
1790983959637,3058,1972.0,14.9181756333203,32000.0,133.7,98.0,-1.7,-0.2,1.08,LEAD_OFF
1790983959637,3059,2000.0,-28.66904034036853,32000.0,133.7,98.0,-1.7,-0.2,1.08,LEAD_OFF
1790983959637,3060,1991.0,-34.46769391909036,32000.0,133.7,98.0,-1.7,-0.2,1.08,LEAD_OFF
1790983959637,3061,1944.0,-14.083283140271373,32000.0,133.7,98.0,-1.7,-0.2,1.08,LEAD_OFF
1790983959637,3062,1923.0,-7.603818024229216,32000.0,133.7,98.0,-1.7,-0.2,1.08,LEAD_OFF
1790983959637,3063,1949.0,-27.41034383238661,32000.0,133.7,98.0,-1.7,-0.2,1.08,LEAD_OFF
1790983959637,3064,1950.0,-48.494949634308426,32000.0,133.7,98.0,-1.7,-0.2,1.08,LEAD_OFF
1790983959637,3065,2065.0,-44.79415686841338,32000.0,133.7,98.0,-1.7,-0.2,1.08,LEAD_OFF
1790983959637,3066,1989.0,-17.37538457175027,32000.0,133.7,98.0,-1.7,-0.2,1.08,LEAD_OFF
1790983959637,3067,1970.0,8.060768361919475,32000.0,133.7,98.0,-1.7,-0.2,1.08,LEAD_OFF
1790983959637,3068,1973.0,12.449596835183517,32000.0,133.7,98.0,-1.7,-0.2,1.08,LEAD_OFF
1790983959637,3069,2317.0,18.073891015968336,32000.0,133.7,98.0,-1.7,-0.2,1.08,LEAD_OFF
1790983959637,3070,2282.0,68.17159369812575,32000.0,133.7,98.0,-1.7,-0.2,1.08,LEAD_OFF
1790983959637,3071,2253.0,159.00298443366069,32000.0,133.7,98.0,-1.7,-0.2,1.08,LEAD_OFF
1790983959637,3072,2253.0,239.4494798758629,32000.0,133.7,98.0,-1.7,-0.2,1.08,LEAD_OFF
1790983959637,3073,2276.0,280.82907156405054,32000.0,133.7,98.0,-1.7,-0.2,1.08,LEAD_OFF
1790983959637,3074,2304.0,293.5479846193265,32000.0,133.7,98.0,-1.7,-0.2,1.08,LEAD_OFF
1790983959637,3075,2291.0,291.7115067239264,32000.0,133.7,98.0,-1.7,-0.2,1.08,LEAD_OFF
1790983959802,3076,2294.0,279.8109301828192,32000.0,166.0,98.0,-1.6,-0.2,1.08,GOOD
1790983959802,3077,2117.0,258.42950327736185,32000.0,166.0,98.0,-1.6,-0.2,1.08,GOOD
1790983959802,3078,2164.0,226.3157820141327,32000.0,166.0,98.0,-1.6,-0.2,1.08,GOOD
1790983959802,3079,2176.0,188.52968643687478,32000.0,166.0,98.0,-1.6,-0.2,1.08,GOOD
1790983959802,3080,2151.0,154.0374984250457,32000.0,166.0,98.0,-1.6,-0.2,1.08,GOOD
1790983959802,3081,2045.0,120.24391659417361,32000.0,166.0,98.0,-1.6,-0.2,1.08,GOOD
1790983959802,3082,2073.0,83.33611731684233,32000.0,166.0,98.0,-1.6,-0.2,1.08,GOOD
1790983959802,3083,2108.0,56.23700257462155,32000.0,166.0,98.0,-1.6,-0.2,1.08,GOOD
1790983959802,3084,2101.0,50.853717272592505,32000.0,166.0,98.0,-1.6,-0.2,1.08,GOOD
1790983959802,3085,2328.0,64.61266933281662,32000.0,166.0,98.0,-1.6,-0.2,1.08,GOOD
1790983959802,3086,2285.0,99.53852832211834,32000.0,166.0,98.0,-1.6,-0.2,1.08,GOOD
1790983959802,3087,2296.0,156.86611539555463,32000.0,166.0,98.0,-1.6,-0.2,1.08,GOOD
1790983959802,3088,2368.0,223.03000922711362,32000.0,166.0,98.0,-1.6,-0.2,1.08,GOOD
1790983959802,3089,2345.0,279.7867272713272,32000.0,166.0,98.0,-1.6,-0.2,1.08,GOOD
1790983959802,3090,2299.0,306.2087146437782,32000.0,166.0,98.0,-1.6,-0.2,1.08,GOOD
1790983959802,3091,2294.0,291.06287756741074,32000.0,166.0,98.0,-1.6,-0.2,1.08,GOOD
1790983959802,3092,2217.0,250.9246812002874,32000.0,166.0,98.0,-1.6,-0.2,1.08,GOOD
1790983959802,3093,2248.0,212.49562572938137,32000.0,166.0,98.0,-1.6,-0.2,1.08,GOOD
1790983959802,3094,2235.0,186.62863413610444,32000.0,166.0,98.0,-1.6,-0.2,1.08,GOOD
1790983959802,3095,2208.0,165.8000055363704,32000.0,166.0,98.0,-1.6,-0.2,1.08,GOOD
1790983959802,3096,2024.0,134.11315454520854,32000.0,166.0,98.0,-1.6,-0.2,1.08,GOOD
1790983959802,3097,2090.0,85.38773078423046,32000.0,166.0,98.0,-1.6,-0.2,1.08,GOOD
1790983959802,3098,2119.0,38.16012228946589,32000.0,166.0,98.0,-1.6,-0.2,1.08,GOOD
1790983959802,3099,2106.0,13.01873234001625,32000.0,166.0,98.0,-1.6,-0.2,1.08,GOOD
1790983959802,3100,1727.0,-10.76007092050812,32000.0,166.0,98.0,-1.6,-0.2,1.08,GOOD
1790983959913,3101,1738.0,-78.2968223745255,32000.0,166.0,98.0,-1.6,-0.3,1.08,GOOD
1790983959913,3102,1768.0,-185.31299146250754,32000.0,166.0,98.0,-1.6,-0.3,1.08,GOOD
1790983959913,3103,1772.0,-277.47430247145803,32000.0,166.0,98.0,-1.6,-0.3,1.08,GOOD
1790983959913,3104,1980.0,-317.2402904720483,32000.0,166.0,98.0,-1.6,-0.3,1.08,GOOD
1790983959913,3105,1897.0,-300.1300872231263,32000.0,166.0,98.0,-1.6,-0.3,1.08,GOOD
1790983959913,3106,1855.0,-245.56347572904718,32000.0,166.0,98.0,-1.6,-0.3,1.08,GOOD
1790983959913,3107,1845.0,-187.8903381737087,32000.0,166.0,98.0,-1.6,-0.3,1.08,GOOD
1790983959913,3108,2142.0,-142.88077575227055,32000.0,166.0,98.0,-1.6,-0.3,1.08,GOOD
1790983959913,3109,2095.0,-99.22154888154402,32000.0,166.0,98.0,-1.6,-0.3,1.08,GOOD
1790983959913,3110,2077.0,-53.53336839578646,32000.0,166.0,98.0,-1.6,-0.3,1.08,GOOD
1790983959913,3111,2084.0,-14.341238064531389,32000.0,166.0,98.0,-1.6,-0.3,1.08,GOOD
1790983959913,3112,2121.0,22.762242391983186,32000.0,166.0,98.0,-1.6,-0.3,1.08,GOOD
1790983959913,3113,2120.0,59.032251985484436,32000.0,166.0,98.0,-1.6,-0.3,1.08,GOOD
1790983959913,3114,2102.0,74.30378531194782,32000.0,166.0,98.0,-1.6,-0.3,1.08,GOOD
1790983959913,3115,2105.0,56.58002472279634,32000.0,166.0,98.0,-1.6,-0.3,1.08,GOOD
1790983959913,3116,1879.0,20.317001045733534,32000.0,166.0,98.0,-1.6,-0.3,1.08,GOOD
1790983959913,3117,1915.0,-20.2406164680271,32000.0,166.0,98.0,-1.6,-0.3,1.08,GOOD
1790983959913,3118,1910.0,-63.67063484955271,32000.0,166.0,98.0,-1.6,-0.3,1.08,GOOD
1790983959913,3119,1725.0,-118.77603681707186,32000.0,166.0,98.0,-1.6,-0.3,1.08,GOOD
1790983959913,3120,1726.0,-197.14026602000348,32000.0,166.0,98.0,-1.6,-0.3,1.08,GOOD
1790983959913,3121,1753.0,-278.25985175966275,32000.0,166.0,98.0,-1.6,-0.3,1.08,GOOD
1790983959913,3122,1765.0,-317.87067157079014,32000.0,166.0,98.0,-1.6,-0.3,1.08,GOOD
1790983959913,3123,1928.0,-302.02535288186664,32000.0,166.0,98.0,-1.6,-0.3,1.08,GOOD
1790983959913,3124,1881.0,-254.45793804189177,32000.0,166.0,98.0,-1.6,-0.3,1.08,GOOD
1790983959913,3125,1975.0,-202.68321181384758,32000.0,166.0,98.0,-1.6,-0.3,1.08,GOOD
1790983960068,3126,1916.0,-153.2612513154228,32000.0,166.0,98.0,-1.6,-0.2,1.08,GOOD
1790983960068,3127,1994.0,-101.98663576547277,32000.0,166.0,98.0,-1.6,-0.2,1.08,GOOD
1790983960068,3128,1943.0,-59.08189892493109,32000.0,166.0,98.0,-1.6,-0.2,1.08,GOOD
1790983960068,3129,1901.0,-47.73319865044282,32000.0,166.0,98.0,-1.6,-0.2,1.08,GOOD
1790983960068,3130,1894.0,-74.83103050944545,32000.0,166.0,98.0,-1.6,-0.2,1.08,GOOD
1790983960068,3131,2200.0,-101.07658389405543,32000.0,166.0,98.0,-1.6,-0.2,1.08,GOOD
1790983960068,3132,2217.0,-66.70535919146289,32000.0,166.0,98.0,-1.6,-0.2,1.08,GOOD
1790983960068,3133,2207.0,30.863633965620053,32000.0,166.0,98.0,-1.6,-0.2,1.08,GOOD
1790983960068,3134,2200.0,129.829308956065,32000.0,166.0,98.0,-1.6,-0.2,1.08,GOOD
1790983960068,3135,1882.0,171.02116921741197,32000.0,166.0,98.0,-1.6,-0.2,1.08,GOOD
1790983960068,3136,1917.0,132.3463973413152,32000.0,166.0,98.0,-1.6,-0.2,1.08,GOOD
1790983960068,3137,1916.0,37.451090732135256,32000.0,166.0,98.0,-1.6,-0.2,1.08,GOOD
1790983960068,3138,1696.0,-71.83324448074502,32000.0,166.0,98.0,-1.6,-0.2,1.08,GOOD
1790983960068,3139,1716.0,-179.19040564159926,32000.0,166.0,98.0,-1.6,-0.2,1.08,GOOD
1790983960068,3140,1731.0,-269.4728868778644,32000.0,166.0,98.0,-1.6,-0.2,1.08,GOOD
1790983960068,3141,1756.0,-312.39777216861916,32000.0,166.0,98.0,-1.6,-0.2,1.08,GOOD
1790983960068,3142,2056.0,-292.28300164312077,32000.0,166.0,98.0,-1.6,-0.2,1.08,GOOD
1790983960068,3143,2017.0,-216.1259609454168,32000.0,166.0,98.0,-1.6,-0.2,1.08,GOOD
1790983960068,3144,2000.0,-115.63883841870056,32000.0,166.0,98.0,-1.6,-0.2,1.08,GOOD
1790983960068,3145,2007.0,-30.965354440882606,32000.0,166.0,98.0,-1.6,-0.2,1.08,GOOD
1790983960068,3146,2100.0,25.472061550459323,32000.0,166.0,98.0,-1.6,-0.2,1.08,GOOD
1790983960068,3147,2057.0,59.67629261237616,32000.0,166.0,98.0,-1.6,-0.2,1.08,GOOD
1790983960068,3148,2025.0,67.01121349339803,32000.0,166.0,98.0,-1.6,-0.2,1.08,GOOD
1790983960068,3149,2004.0,45.20309834953697,32000.0,166.0,98.0,-1.6,-0.2,1.08,GOOD
1790983960068,3150,2109.0,19.835631120343194,32000.0,166.0,98.0,-1.6,-0.2,1.08,GOOD
1790983960140,3151,2123.0,24.863841508892484,32000.0,166.0,98.0,-1.6,-0.3,1.08,GOOD
1790983960140,3152,2123.0,59.343586353745,32000.0,166.0,98.0,-1.6,-0.3,1.08,GOOD
1790983960140,3153,2125.0,91.18514928416086,32000.0,166.0,98.0,-1.6,-0.3,1.08,GOOD
1790983960140,3154,2005.0,98.20727824108972,32000.0,166.0,98.0,-1.6,-0.3,1.08,GOOD
1790983960140,3155,2063.0,83.85231149929675,32000.0,166.0,98.0,-1.6,-0.3,1.08,GOOD
1790983960140,3156,2071.0,65.49622243554337,32000.0,166.0,98.0,-1.6,-0.3,1.08,GOOD
1790983960140,3157,2078.0,53.2333378408511,32000.0,166.0,98.0,-1.6,-0.3,1.08,GOOD
1790983960140,3158,1868.0,34.630280272222066,32000.0,166.0,98.0,-1.6,-0.3,1.08,GOOD
1790983960140,3159,1848.0,-8.756544403482893,32000.0,166.0,98.0,-1.6,-0.3,1.08,GOOD
1790983960140,3160,1858.0,-68.82949250243405,32000.0,166.0,98.0,-1.6,-0.3,1.08,GOOD
1790983960140,3161,1730.0,-123.80663398338388,32000.0,166.0,98.0,-1.6,-0.3,1.08,GOOD
1790983960140,3162,1717.0,-176.92113645900565,32000.0,166.0,98.0,-1.6,-0.3,1.08,GOOD
1790983960140,3163,1730.0,-236.79357451103056,32000.0,166.0,98.0,-1.6,-0.3,1.08,GOOD
1790983960140,3164,1748.0,-283.25846184390434,32000.0,166.0,98.0,-1.6,-0.3,1.08,GOOD
1790983960140,3165,1999.0,-281.53489037762927,32000.0,166.0,98.0,-1.6,-0.3,1.08,GOOD
1790983960140,3166,1962.0,-217.0818989938206,32000.0,166.0,98.0,-1.6,-0.3,1.08,GOOD
1790983960140,3167,1932.0,-123.27929144103328,32000.0,166.0,98.0,-1.6,-0.3,1.08,GOOD
1790983960140,3168,2035.0,-50.45843605692152,32000.0,166.0,98.0,-1.6,-0.3,1.08,GOOD
1790983960140,3169,2060.0,-5.72392615063616,32000.0,166.0,98.0,-1.6,-0.3,1.08,GOOD
1790983960140,3170,2072.0,31.927955769251046,32000.0,166.0,98.0,-1.6,-0.3,1.08,GOOD
1790983960140,3171,2079.0,65.01825975780933,32000.0,166.0,98.0,-1.6,-0.3,1.08,GOOD
1790983960140,3172,2128.0,84.15173898353527,32000.0,166.0,98.0,-1.6,-0.3,1.08,GOOD
1790983960140,3173,2175.0,95.43984503185986,32000.0,166.0,98.0,-1.6,-0.3,1.08,GOOD
1790983960140,3174,2202.0,117.21979750450353,32000.0,166.0,98.0,-1.6,-0.3,1.08,GOOD
1790983960140,3175,2228.0,155.5253830842385,32000.0,166.0,98.0,-1.6,-0.3,1.08,GOOD
1790983960222,3176,1844.0,180.88894811037994,32000.0,166.0,98.0,-1.6,-0.3,1.08,GOOD
1790983960222,3177,1860.0,141.90326942618924,32000.0,166.0,98.0,-1.6,-0.3,1.08,GOOD
1790983960222,3178,1859.0,34.8361128364992,32000.0,166.0,98.0,-1.6,-0.3,1.08,GOOD
1790983960222,3179,2044.0,-73.36994211731249,32000.0,166.0,98.0,-1.6,-0.3,1.08,GOOD
1790983960222,3180,2015.0,-116.72333395910096,32000.0,166.0,98.0,-1.6,-0.3,1.08,GOOD
1790983960222,3181,2008.0,-90.60135654095404,32000.0,166.0,98.0,-1.6,-0.3,1.08,GOOD
1790983960222,3182,2003.0,-35.03598036321231,32000.0,166.0,98.0,-1.6,-0.3,1.08,GOOD
1790983960222,3183,2010.0,13.805109807627018,32000.0,166.0,98.0,-1.6,-0.3,1.08,GOOD
1790983960222,3184,1950.0,37.00375109976901,32000.0,166.0,98.0,-1.6,-0.3,1.08,GOOD
1790983960222,3185,1922.0,24.32789441163521,32000.0,166.0,98.0,-1.6,-0.3,1.08,GOOD
1790983960222,3186,1913.0,-17.86252328335221,32000.0,166.0,98.0,-1.6,-0.3,1.08,GOOD
1790983960222,3187,2071.0,-56.663897456959575,32000.0,166.0,98.0,-1.6,-0.3,1.08,GOOD
1790983960222,3188,2076.0,-53.30243580181667,32000.0,166.0,98.0,-1.6,-0.3,1.08,GOOD
1790983960222,3189,2085.0,-5.424287707076271,32000.0,166.0,98.0,-1.6,-0.3,1.08,GOOD
1790983960222,3190,2095.0,51.73112485046181,32000.0,166.0,98.0,-1.6,-0.3,1.08,GOOD
1790983960222,3191,2235.0,94.71582944929385,32000.0,166.0,98.0,-1.6,-0.3,1.08,GOOD
1790983960222,3192,2246.0,134.09937188159833,32000.0,166.0,98.0,-1.6,-0.3,1.08,GOOD
1790983960222,3193,2258.0,181.35070583832348,32000.0,166.0,98.0,-1.6,-0.3,1.08,GOOD
1790983960222,3194,2270.0,226.08093677753558,32000.0,166.0,98.0,-1.6,-0.3,1.08,GOOD
1790983960222,3195,1916.0,239.8477539213392,32000.0,166.0,98.0,-1.6,-0.3,1.08,GOOD
1790983960222,3196,1940.0,190.31308166455005,32000.0,166.0,98.0,-1.6,-0.3,1.08,GOOD
1790983960222,3197,1934.0,85.361603995412,32000.0,166.0,98.0,-1.6,-0.3,1.08,GOOD
1790983960222,3198,1878.0,-24.481683913955585,32000.0,166.0,98.0,-1.6,-0.3,1.08,GOOD
1790983960222,3199,1867.0,-104.15087321623689,32000.0,166.0,98.0,-1.6,-0.3,1.08,GOOD
1790983960222,3200,1883.0,-147.48014510737684,32000.0,166.0,98.0,-1.6,-0.3,1.08,GOOD
1790983960347,3201,1876.0,-156.2685374188351,32000.0,166.0,98.0,-1.7,-0.3,1.07,GOOD
1790983960347,3202,2066.0,-133.69056040958998,32000.0,166.0,98.0,-1.7,-0.3,1.07,GOOD
1790983960347,3203,2023.0,-85.07194835417458,32000.0,166.0,98.0,-1.7,-0.3,1.07,GOOD
1790983960347,3204,2013.0,-29.163583731603048,32000.0,166.0,98.0,-1.7,-0.3,1.07,GOOD
1790983960347,3205,2139.0,14.786505980084716,32000.0,166.0,98.0,-1.7,-0.3,1.07,GOOD
1790983960347,3206,2142.0,53.285338858155804,32000.0,166.0,98.0,-1.7,-0.3,1.07,GOOD
1790983960347,3207,2125.0,94.65318173505531,32000.0,166.0,98.0,-1.7,-0.3,1.07,GOOD
1790983960347,3208,2112.0,124.386031057759,32000.0,166.0,98.0,-1.7,-0.3,1.07,GOOD
1790983960347,3209,2106.0,128.90542437062925,32000.0,166.0,98.0,-1.7,-0.3,1.07,GOOD
1790983960347,3210,2145.0,117.08435081152037,32000.0,166.0,98.0,-1.7,-0.3,1.07,GOOD
1790983960347,3211,2149.0,109.27689210175924,32000.0,166.0,98.0,-1.7,-0.3,1.07,GOOD
1790983960347,3212,2160.0,114.56320065315344,32000.0,166.0,98.0,-1.7,-0.3,1.07,GOOD
1790983960347,3213,2060.0,121.90338161123769,32000.0,166.0,98.0,-1.7,-0.3,1.07,GOOD
1790983960347,3214,2102.0,115.12791798372082,32000.0,166.0,98.0,-1.7,-0.3,1.07,GOOD
1790983960347,3215,2139.0,97.51080344425881,32000.0,166.0,98.0,-1.7,-0.3,1.07,GOOD
1790983960347,3216,2363.0,96.40774878259822,32000.0,166.0,98.0,-1.7,-0.3,1.07,GOOD
1790983960347,3217,2320.0,136.0104199475437,32000.0,166.0,98.0,-1.7,-0.3,1.07,GOOD
1790983960347,3218,2304.0,204.09025459388764,32000.0,166.0,98.0,-1.7,-0.3,1.07,GOOD
1790983960347,3219,2306.0,263.85819251532655,32000.0,166.0,98.0,-1.7,-0.3,1.07,GOOD
1790983960347,3220,1821.0,275.49683350745966,32000.0,166.0,98.0,-1.7,-0.3,1.07,GOOD
1790983960347,3221,1770.0,195.1878674567388,32000.0,166.0,98.0,-1.7,-0.3,1.07,GOOD
1790983960347,3222,1720.0,22.358774347225875,32000.0,166.0,98.0,-1.7,-0.3,1.07,GOOD
1790983960347,3223,1683.0,-174.71380045673962,32000.0,166.0,98.0,-1.7,-0.3,1.07,GOOD
1790983960347,3224,2022.0,-309.27801488260616,32000.0,166.0,98.0,-1.7,-0.3,1.07,GOOD
1790983960347,3225,2034.0,-319.8572372516113,32000.0,166.0,98.0,-1.7,-0.3,1.07,GOOD
1790983960430,3226,2022.0,-214.93370710602755,32000.0,166.0,98.0,-1.7,-0.2,1.07,GOOD
1790983960430,3227,2004.0,-76.24970657378921,32000.0,166.0,98.0,-1.7,-0.2,1.07,GOOD
1790983960430,3228,2050.0,18.965464877732565,32000.0,166.0,98.0,-1.7,-0.2,1.07,GOOD
1790983960430,3229,2162.0,55.49252909547993,32000.0,166.0,98.0,-1.7,-0.2,1.07,GOOD
1790983960430,3230,2184.0,65.88521086935052,32000.0,166.0,98.0,-1.7,-0.2,1.07,GOOD
1790983960430,3231,1956.0,74.08479940230734,32000.0,166.0,98.0,-1.7,-0.2,1.07,GOOD
1790983960430,3232,1981.0,67.65227759867517,32000.0,166.0,98.0,-1.7,-0.2,1.07,GOOD
1790983960430,3233,1972.0,35.71878389020193,32000.0,166.0,98.0,-1.7,-0.2,1.07,GOOD
1790983960430,3234,1984.0,-8.26916341750728,32000.0,166.0,98.0,-1.7,-0.2,1.07,GOOD
1790983960430,3235,1888.0,-51.60243862793511,32000.0,166.0,98.0,-1.7,-0.2,1.07,GOOD
1790983960430,3236,1923.0,-89.74949260038592,32000.0,166.0,98.0,-1.7,-0.2,1.07,GOOD
1790983960430,3237,1912.0,-112.45734741831623,32000.0,166.0,98.0,-1.7,-0.2,1.07,GOOD
1790983960430,3238,1890.0,-114.05160702159498,32000.0,166.0,98.0,-1.7,-0.2,1.07,GOOD
1790983960430,3239,1936.0,-107.53433142558373,32000.0,166.0,98.0,-1.7,-0.2,1.07,GOOD
1790983960430,3240,1923.0,-106.61589367512664,32000.0,166.0,98.0,-1.7,-0.2,1.07,GOOD
1790983960430,3241,1926.0,-109.02098642533497,32000.0,166.0,98.0,-1.7,-0.2,1.07,GOOD
1790983960430,3242,1894.0,-105.87970064535124,32000.0,166.0,98.0,-1.7,-0.2,1.07,GOOD
1790983960430,3243,2246.0,-83.45849141052578,32000.0,166.0,98.0,-1.7,-0.2,1.07,GOOD
1790983960430,3244,2213.0,-22.958453313638937,32000.0,166.0,98.0,-1.7,-0.2,1.07,GOOD
1790983960430,3245,2239.0,67.68117132839403,32000.0,166.0,98.0,-1.7,-0.2,1.07,GOOD
1790983960430,3246,2258.0,153.8267584186389,32000.0,166.0,98.0,-1.7,-0.2,1.07,GOOD
1790983960430,3247,2206.0,214.7600388527275,32000.0,166.0,98.0,-1.7,-0.2,1.07,GOOD
1790983960430,3248,2194.0,242.9825322263328,32000.0,166.0,98.0,-1.7,-0.2,1.07,GOOD
1790983960430,3249,2196.0,232.49578220659174,32000.0,166.0,98.0,-1.7,-0.2,1.07,GOOD
1790983960430,3250,2236.0,194.27092045546664,32000.0,166.0,98.0,-1.7,-0.2,1.07,GOOD
1790983960542,3251,2215.0,158.79391131789413,32000.0,166.0,98.0,-1.7,-0.3,1.08,GOOD
1790983960542,3252,2245.0,151.57973954045576,32000.0,166.0,98.0,-1.7,-0.3,1.08,GOOD
1790983960542,3253,2229.0,171.26856004723118,32000.0,166.0,98.0,-1.7,-0.3,1.08,GOOD
1790983960542,3254,2242.0,193.62932387017912,32000.0,166.0,98.0,-1.7,-0.3,1.08,GOOD
1790983960542,3255,1991.0,187.83258798599405,32000.0,166.0,98.0,-1.7,-0.3,1.08,GOOD
1790983960542,3256,2024.0,136.23759775323498,32000.0,166.0,98.0,-1.7,-0.3,1.08,GOOD
1790983960542,3257,2005.0,57.909942844304496,32000.0,166.0,98.0,-1.7,-0.3,1.08,GOOD
1790983960542,3258,2089.0,-5.239795085002434,32000.0,166.0,98.0,-1.7,-0.3,1.08,GOOD
1790983960542,3259,2072.0,-31.677481740293267,32000.0,166.0,98.0,-1.7,-0.3,1.08,GOOD
1790983960542,3260,2106.0,-27.988240157363126,32000.0,166.0,98.0,-1.7,-0.3,1.08,GOOD
1790983960542,3261,2146.0,-3.960250925930519,32000.0,166.0,98.0,-1.7,-0.3,1.08,GOOD
1790983960542,3262,2515.0,50.722685517441995,32000.0,166.0,98.0,-1.7,-0.3,1.08,GOOD
1790983960542,3263,2443.0,151.85530659598575,32000.0,166.0,98.0,-1.7,-0.3,1.08,GOOD
1790983960542,3264,2421.0,271.66394762284654,32000.0,166.0,98.0,-1.7,-0.3,1.08,GOOD
1790983960542,3265,2489.0,357.15275187243026,32000.0,166.0,98.0,-1.7,-0.3,1.08,GOOD
1790983960542,3266,2510.0,398.2319212533996,32000.0,166.0,98.0,-1.7,-0.3,1.08,GOOD
1790983960542,3267,2483.0,416.51146213309426,32000.0,166.0,98.0,-1.7,-0.3,1.08,GOOD
1790983960542,3268,2433.0,416.3423492465878,32000.0,166.0,98.0,-1.7,-0.3,1.08,GOOD
1790983960542,3269,2172.0,380.6030927828016,32000.0,166.0,98.0,-1.7,-0.3,1.08,GOOD
1790983960542,3270,2231.0,299.58589544777783,32000.0,166.0,98.0,-1.7,-0.3,1.08,GOOD
1790983960542,3271,2259.0,202.41123083640963,32000.0,166.0,98.0,-1.7,-0.3,1.08,GOOD
1790983960542,3272,2230.0,133.39689417128034,32000.0,166.0,98.0,-1.7,-0.3,1.08,GOOD
1790983960542,3273,2135.0,97.77560668986672,32000.0,166.0,98.0,-1.7,-0.3,1.08,GOOD
1790983960542,3274,2169.0,72.44364166654535,32000.0,166.0,98.0,-1.7,-0.3,1.08,GOOD
1790983960542,3275,2224.0,54.07644513294341,32000.0,166.0,98.0,-1.7,-0.3,1.08,GOOD
1790983960624,3276,2251.0,57.44184603819464,32000.0,166.0,98.0,-1.7,-0.3,1.07,LEAD_OFF
1790983960624,3277,1850.0,64.66862499514004,32000.0,166.0,98.0,-1.7,-0.3,1.07,LEAD_OFF
1790983960624,3278,1826.0,19.43318617363503,32000.0,166.0,98.0,-1.7,-0.3,1.07,LEAD_OFF
1790983960624,3279,1808.0,-93.63066660004117,32000.0,166.0,98.0,-1.7,-0.3,1.07,LEAD_OFF
1790983960624,3280,2078.0,-209.2644924147329,32000.0,166.0,98.0,-1.7,-0.3,1.07,LEAD_OFF
1790983960624,3281,2015.0,-252.86162232169443,32000.0,166.0,98.0,-1.7,-0.3,1.07,LEAD_OFF
1790983960624,3282,1955.0,-220.94760635484425,32000.0,166.0,98.0,-1.7,-0.3,1.07,LEAD_OFF
1790983960624,3283,1908.0,-168.10179520355572,32000.0,166.0,98.0,-1.7,-0.3,1.07,LEAD_OFF
1790983960624,3284,2180.0,-126.48728651981423,32000.0,166.0,98.0,-1.7,-0.3,1.07,LEAD_OFF
1790983960624,3285,2167.0,-81.35429717323176,32000.0,166.0,98.0,-1.7,-0.3,1.07,LEAD_OFF
1790983960624,3286,2175.0,-26.485226077628006,32000.0,166.0,98.0,-1.7,-0.3,1.07,LEAD_OFF
1790983960624,3287,2163.0,17.97466808843311,32000.0,166.0,98.0,-1.7,-0.3,1.07,LEAD_OFF
1790983960624,3288,1959.0,36.65394498897834,32000.0,166.0,98.0,-1.7,-0.3,1.07,LEAD_OFF
1790983960624,3289,1964.0,21.256630175423044,32000.0,166.0,98.0,-1.7,-0.3,1.07,LEAD_OFF
1790983960624,3290,1977.0,-28.538862822137425,32000.0,166.0,98.0,-1.7,-0.3,1.07,LEAD_OFF
1790983960624,3291,2008.0,-94.21663753140436,32000.0,166.0,98.0,-1.7,-0.3,1.07,LEAD_OFF
1790983960624,3292,2005.0,-146.96896367280178,32000.0,166.0,98.0,-1.7,-0.3,1.07,LEAD_OFF
1790983960624,3293,2036.0,-161.1480546727899,32000.0,166.0,98.0,-1.7,-0.3,1.07,LEAD_OFF
1790983960624,3294,2040.0,-130.36259056084276,32000.0,166.0,98.0,-1.7,-0.3,1.07,LEAD_OFF
1790983960624,3295,2070.0,-78.92988268161793,32000.0,166.0,98.0,-1.7,-0.3,1.07,LEAD_OFF
1790983960624,3296,1789.0,-54.76348018338609,32000.0,166.0,98.0,-1.7,-0.3,1.07,LEAD_OFF
1790983960624,3297,1818.0,-95.74858944596453,32000.0,166.0,98.0,-1.7,-0.3,1.07,LEAD_OFF
1790983960624,3298,1810.0,-182.545563338325,32000.0,166.0,98.0,-1.7,-0.3,1.07,LEAD_OFF
1790983960624,3299,1978.0,-249.77355009806956,32000.0,166.0,98.0,-1.7,-0.3,1.07,LEAD_OFF
1790983960624,3300,1946.0,-256.5778355134448,32000.0,166.0,98.0,-1.7,-0.3,1.07,LEAD_OFF
1790983960704,3301,1951.0,-220.0993261569912,32000.0,166.0,98.0,-1.7,-0.3,1.08,GOOD
1790983960704,3302,1945.0,-177.87203188846348,32000.0,166.0,98.0,-1.7,-0.3,1.08,GOOD
1790983960704,3303,2053.0,-140.3905463302086,32000.0,166.0,98.0,-1.7,-0.3,1.08,GOOD
1790983960704,3304,1997.0,-100.15475825389045,32000.0,166.0,98.0,-1.7,-0.3,1.08,GOOD
1790983960704,3305,1987.0,-68.5464722797837,32000.0,166.0,98.0,-1.7,-0.3,1.08,GOOD
1790983960704,3306,2000.0,-65.06760792103154,32000.0,166.0,98.0,-1.7,-0.3,1.08,GOOD
1790983960704,3307,2064.0,-79.03922084750641,32000.0,166.0,98.0,-1.7,-0.3,1.08,GOOD
1790983960704,3308,2069.0,-78.07464140865122,32000.0,166.0,98.0,-1.7,-0.3,1.08,GOOD
1790983960704,3309,2069.0,-51.243652110885705,32000.0,166.0,98.0,-1.7,-0.3,1.08,GOOD
1790983960704,3310,1856.0,-27.94328487213511,32000.0,166.0,98.0,-1.7,-0.3,1.08,GOOD
1790983960704,3311,1911.0,-46.87808711665623,32000.0,166.0,98.0,-1.7,-0.3,1.08,GOOD
1790983960704,3312,1923.0,-102.9542223018041,32000.0,166.0,98.0,-1.7,-0.3,1.08,GOOD
1790983960704,3313,1901.0,-153.93610740048814,32000.0,166.0,98.0,-1.7,-0.3,1.08,GOOD
1790983960704,3314,1852.0,-178.69400568346038,32000.0,166.0,98.0,-1.7,-0.3,1.08,GOOD
1790983960704,3315,1883.0,-188.2252825614573,32000.0,166.0,98.0,-1.7,-0.3,1.08,GOOD
1790983960704,3316,1920.0,-191.24607147780625,32000.0,166.0,98.0,-1.7,-0.3,1.08,GOOD
1790983960704,3317,1893.0,-184.59290149972372,32000.0,166.0,98.0,-1.7,-0.3,1.08,GOOD
1790983960704,3318,1834.0,-172.83541030499714,32000.0,166.0,98.0,-1.7,-0.3,1.08,GOOD
1790983960704,3319,1791.0,-172.52464287047945,32000.0,166.0,98.0,-1.7,-0.3,1.08,GOOD
1790983960704,3320,1792.0,-192.74678644304146,32000.0,166.0,98.0,-1.7,-0.3,1.08,GOOD
1790983960704,3321,2123.0,-211.11034232031966,32000.0,166.0,98.0,-1.7,-0.3,1.08,GOOD
1790983960704,3322,2128.0,-181.67391077501821,32000.0,166.0,98.0,-1.7,-0.3,1.08,GOOD
1790983960704,3323,2116.0,-93.8481619296058,32000.0,166.0,98.0,-1.7,-0.3,1.08,GOOD
1790983960704,3324,2085.0,7.579916054839394,32000.0,166.0,98.0,-1.7,-0.3,1.08,GOOD
1790983960704,3325,2126.0,77.34701068265684,32000.0,166.0,98.0,-1.7,-0.3,1.08,GOOD
1790983960946,3326,2141.0,104.9214495924551,32000.0,155.4,98.0,-1.7,-0.3,1.08,GOOD
1790983960946,3327,2138.0,101.43398914826614,32000.0,155.4,98.0,-1.7,-0.3,1.08,GOOD
1790983960946,3328,1907.0,74.7665235935891,32000.0,155.4,98.0,-1.7,-0.3,1.08,GOOD
1790983960946,3329,1952.0,25.008902650929574,32000.0,155.4,98.0,-1.7,-0.3,1.08,GOOD
1790983960946,3330,1985.0,-32.12190441475284,32000.0,155.4,98.0,-1.7,-0.3,1.08,GOOD
1790983960946,3331,2017.0,-69.42313710162645,32000.0,155.4,98.0,-1.7,-0.3,1.08,GOOD
1790983960946,3332,1914.0,-84.13049317058724,32000.0,155.4,98.0,-1.7,-0.3,1.08,GOOD
1790983960946,3333,1886.0,-96.27371745644837,32000.0,155.4,98.0,-1.7,-0.3,1.08,GOOD
1790983960946,3334,1858.0,-114.96064337167088,32000.0,155.4,98.0,-1.7,-0.3,1.08,GOOD
1790983960946,3335,1789.0,-136.03235430460282,32000.0,155.4,98.0,-1.7,-0.3,1.08,GOOD
1790983960946,3336,1804.0,-163.27463175816342,32000.0,155.4,98.0,-1.7,-0.3,1.08,GOOD
1790983960946,3337,1827.0,-200.10315425468679,32000.0,155.4,98.0,-1.7,-0.3,1.08,GOOD
1790983960946,3338,1837.0,-231.32141073764345,32000.0,155.4,98.0,-1.7,-0.3,1.08,GOOD
1790983960946,3339,2229.0,-220.56178051506075,32000.0,155.4,98.0,-1.7,-0.3,1.08,GOOD
1790983960946,3340,2185.0,-133.07509279649065,32000.0,155.4,98.0,-1.7,-0.3,1.08,GOOD
1790983960946,3341,2175.0,7.256535907311852,32000.0,155.4,98.0,-1.7,-0.3,1.08,GOOD
1790983960946,3342,2161.0,125.37872685463773,32000.0,155.4,98.0,-1.7,-0.3,1.08,GOOD
1790983960946,3343,2006.0,171.95550767766855,32000.0,155.4,98.0,-1.7,-0.3,1.08,GOOD
1790983960946,3344,2024.0,147.3037433449603,32000.0,155.4,98.0,-1.7,-0.3,1.08,GOOD
1790983960946,3345,2022.0,82.37354809263488,32000.0,155.4,98.0,-1.7,-0.3,1.08,GOOD
1790983960946,3346,1889.0,10.66802980082215,32000.0,155.4,98.0,-1.7,-0.3,1.08,GOOD
1790983960946,3347,1913.0,-54.5061757702917,32000.0,155.4,98.0,-1.7,-0.3,1.08,GOOD
1790983960946,3348,1925.0,-103.37878884131572,32000.0,155.4,98.0,-1.7,-0.3,1.08,GOOD
1790983960946,3349,1918.0,-122.57617898811814,32000.0,155.4,98.0,-1.7,-0.3,1.08,GOOD
1790983960946,3350,1875.0,-118.82946773792834,32000.0,155.4,98.0,-1.7,-0.3,1.08,GOOD
1790983961066,3351,1876.0,-116.02062194202627,32000.0,155.4,98.0,-1.6,-0.3,1.07,GOOD
1790983961066,3352,1889.0,-124.91076543343807,32000.0,155.4,98.0,-1.6,-0.3,1.07,GOOD
1790983961066,3353,1951.0,-132.5009742768961,32000.0,155.4,98.0,-1.6,-0.3,1.07,GOOD
1790983961066,3354,1918.0,-123.50962334681148,32000.0,155.4,98.0,-1.6,-0.3,1.07,GOOD
1790983961066,3355,1915.0,-103.24583505946137,32000.0,155.4,98.0,-1.6,-0.3,1.07,GOOD
1790983961066,3356,1933.0,-88.01078387526975,32000.0,155.4,98.0,-1.6,-0.3,1.07,GOOD
1790983961066,3357,2249.0,-69.67518771741209,32000.0,155.4,98.0,-1.6,-0.3,1.07,GOOD
1790983961066,3358,2221.0,-15.133949254006287,32000.0,155.4,98.0,-1.6,-0.3,1.07,GOOD
1790983961066,3359,2200.0,77.4800670993534,32000.0,155.4,98.0,-1.6,-0.3,1.07,GOOD
1790983961066,3360,2190.0,164.61354435670705,32000.0,155.4,98.0,-1.6,-0.3,1.07,GOOD
1790983961066,3361,2015.0,204.58169926050385,32000.0,155.4,98.0,-1.6,-0.3,1.07,GOOD
1790983961066,3362,2036.0,181.5384338881891,32000.0,155.4,98.0,-1.6,-0.3,1.07,GOOD
1790983961066,3363,2038.0,112.1638583090721,32000.0,155.4,98.0,-1.6,-0.3,1.07,GOOD
1790983961066,3364,1939.0,34.02448812040517,32000.0,155.4,98.0,-1.6,-0.3,1.07,GOOD
1790983961066,3365,1924.0,-28.43447312810683,32000.0,155.4,98.0,-1.6,-0.3,1.07,GOOD
1790983961066,3366,1957.0,-66.82075229134523,32000.0,155.4,98.0,-1.6,-0.3,1.07,GOOD
1790983961066,3367,1967.0,-78.00844622792977,32000.0,155.4,98.0,-1.6,-0.3,1.07,GOOD
1790983961066,3368,1715.0,-80.71447352883564,32000.0,155.4,98.0,-1.6,-0.3,1.07,GOOD
1790983961066,3369,1720.0,-112.90029173753393,32000.0,155.4,98.0,-1.6,-0.3,1.07,GOOD
1790983961066,3370,1734.0,-180.47970053941833,32000.0,155.4,98.0,-1.6,-0.3,1.07,GOOD
1790983961066,3371,1911.0,-238.7099974924165,32000.0,155.4,98.0,-1.6,-0.3,1.07,GOOD
1790983961066,3372,1883.0,-244.36178796218877,32000.0,155.4,98.0,-1.6,-0.3,1.07,GOOD
1790983961066,3373,1874.0,-202.71449184297006,32000.0,155.4,98.0,-1.6,-0.3,1.07,GOOD
1790983961066,3374,1858.0,-150.96862061534512,32000.0,155.4,98.0,-1.6,-0.3,1.07,GOOD
1790983961066,3375,2214.0,-100.81524312074146,32000.0,155.4,98.0,-1.6,-0.3,1.07,GOOD
1790983961067,3376,2207.0,-26.677070690564882,32000.0,155.4,98.0,-1.6,-0.3,1.07,GOOD
1790983961067,3377,2224.0,74.63344796408211,32000.0,155.4,98.0,-1.6,-0.3,1.07,GOOD
1790983961067,3378,2233.0,166.9292972422546,32000.0,155.4,98.0,-1.6,-0.3,1.07,GOOD
1790983961067,3379,2789.0,248.07670024931872,32000.0,155.4,98.0,-1.6,-0.3,1.07,GOOD
1790983961067,3380,2776.0,368.81557635017,32000.0,155.4,98.0,-1.6,-0.3,1.07,GOOD
1790983961067,3381,2776.0,535.7479141036653,32000.0,155.4,98.0,-1.6,-0.3,1.07,GOOD
1790983961067,3382,2786.0,683.528328066548,32000.0,155.4,98.0,-1.6,-0.3,1.07,GOOD
1790983961067,3383,1903.0,730.2448336040429,32000.0,155.4,98.0,-1.6,-0.3,1.07,GOOD
1790983961067,3384,1928.0,605.1346828389283,32000.0,155.4,98.0,-1.6,-0.3,1.07,GOOD
1790983961067,3385,1906.0,327.81653981841504,32000.0,155.4,98.0,-1.6,-0.3,1.07,GOOD
1790983961067,3386,1929.0,27.312787188923743,32000.0,155.4,98.0,-1.6,-0.3,1.07,GOOD
1790983961067,3387,1769.0,-185.65803978449466,32000.0,155.4,98.0,-1.6,-0.3,1.07,GOOD
1790983961067,3388,1807.0,-283.5154668246755,32000.0,155.4,98.0,-1.6,-0.3,1.07,GOOD
1790983961067,3389,1788.0,-286.8033355509999,32000.0,155.4,98.0,-1.6,-0.3,1.07,GOOD
1790983961067,3390,1779.0,-243.47532645417095,32000.0,155.4,98.0,-1.6,-0.3,1.07,GOOD
1790983961067,3391,1775.0,-214.6371842633857,32000.0,155.4,98.0,-1.6,-0.3,1.07,GOOD
1790983961067,3392,1813.0,-227.4494887923411,32000.0,155.4,98.0,-1.6,-0.3,1.07,GOOD
1790983961067,3393,1856.0,-250.1842587500954,32000.0,155.4,98.0,-1.6,-0.3,1.07,GOOD
1790983961067,3394,2073.0,-229.151531479025,32000.0,155.4,98.0,-1.6,-0.3,1.07,GOOD
1790983961067,3395,2003.0,-148.60782143680137,32000.0,155.4,98.0,-1.6,-0.3,1.07,GOOD
1790983961067,3396,1992.0,-55.95660734305055,32000.0,155.4,98.0,-1.6,-0.3,1.07,GOOD
1790983961067,3397,2014.0,-6.592603983393465,32000.0,155.4,98.0,-1.6,-0.3,1.07,GOOD
1790983961067,3398,2276.0,11.516278077010309,32000.0,155.4,98.0,-1.6,-0.3,1.07,GOOD
1790983961067,3399,2258.0,55.48444103968731,32000.0,155.4,98.0,-1.6,-0.3,1.07,GOOD
1790983961067,3400,2229.0,135.87612733060163,32000.0,155.4,98.0,-1.6,-0.3,1.07,GOOD
1790983961244,3401,2234.0,204.40484913929723,32000.0,155.4,98.0,-1.6,-0.4,1.08,GOOD
1790983961244,3402,2013.0,220.0539956538803,32000.0,155.4,98.0,-1.6,-0.4,1.08,GOOD
1790983961244,3403,2035.0,178.4098995766602,32000.0,155.4,98.0,-1.6,-0.4,1.08,GOOD
1790983961244,3404,2025.0,105.21099299985025,32000.0,155.4,98.0,-1.6,-0.4,1.08,GOOD
1790983961244,3405,1993.0,33.78719513472198,32000.0,155.4,98.0,-1.6,-0.4,1.08,GOOD
1790983961244,3406,1876.0,-25.72637127530257,32000.0,155.4,98.0,-1.6,-0.4,1.08,GOOD
1790983961244,3407,1927.0,-76.50232425911452,32000.0,155.4,98.0,-1.6,-0.4,1.08,GOOD
1790983961244,3408,1950.0,-107.50394977677416,32000.0,155.4,98.0,-1.6,-0.4,1.08,GOOD
1790983961244,3409,2128.0,-100.79785384530302,32000.0,155.4,98.0,-1.6,-0.4,1.08,GOOD
1790983961244,3410,2069.0,-57.35142210018666,32000.0,155.4,98.0,-1.6,-0.4,1.08,GOOD
1790983961244,3411,2082.0,-3.083225949185241,32000.0,155.4,98.0,-1.6,-0.4,1.08,GOOD
1790983961244,3412,2122.0,39.520903134048126,32000.0,155.4,98.0,-1.6,-0.4,1.08,GOOD
1790983961244,3413,2232.0,76.28343223877646,32000.0,155.4,98.0,-1.6,-0.4,1.08,GOOD
1790983961244,3414,2188.0,117.74068935583286,32000.0,155.4,98.0,-1.6,-0.4,1.08,GOOD
1790983961244,3415,2133.0,148.68821918443228,32000.0,155.4,98.0,-1.6,-0.4,1.08,GOOD
1790983961244,3416,2136.0,149.02955365246035,32000.0,155.4,98.0,-1.6,-0.4,1.08,GOOD
1790983961244,3417,2411.0,138.98151096087452,32000.0,155.4,98.0,-1.6,-0.4,1.08,GOOD
1790983961244,3418,2408.0,166.84426556501876,32000.0,155.4,98.0,-1.6,-0.4,1.08,GOOD
1790983961244,3419,2364.0,237.92281110905247,32000.0,155.4,98.0,-1.6,-0.4,1.08,GOOD
1790983961244,3420,2330.0,303.17657114210044,32000.0,155.4,98.0,-1.6,-0.4,1.08,GOOD
1790983961244,3421,2109.0,318.224774914847,32000.0,155.4,98.0,-1.6,-0.4,1.08,GOOD
1790983961244,3422,2158.0,273.3933809162845,32000.0,155.4,98.0,-1.6,-0.4,1.08,GOOD
1790983961244,3423,2172.0,193.3614362165125,32000.0,155.4,98.0,-1.6,-0.4,1.08,GOOD
1790983961244,3424,2178.0,117.7723296303757,32000.0,155.4,98.0,-1.6,-0.4,1.08,GOOD
1790983961244,3425,2178.0,71.4804232858787,32000.0,155.4,98.0,-1.6,-0.4,1.08,GOOD
1790983961245,3426,2208.0,63.0058448875402,32000.0,155.4,98.0,-1.6,-0.4,1.08,GOOD
1790983961245,3427,2245.0,90.41717227775638,32000.0,155.4,98.0,-1.6,-0.4,1.08,GOOD
1790983961245,3428,2029.0,126.07689813166166,32000.0,155.4,98.0,-1.6,-0.4,1.08,GOOD
1790983961245,3429,1970.0,118.76860038108158,32000.0,155.4,98.0,-1.6,-0.4,1.08,GOOD
1790983961245,3430,1942.0,47.362058295555855,32000.0,155.4,98.0,-1.6,-0.4,1.08,GOOD
1790983961245,3431,1949.0,-49.098612973113575,32000.0,155.4,98.0,-1.6,-0.4,1.08,GOOD
1790983961245,3432,2491.0,-97.14757040748543,32000.0,155.4,98.0,-1.6,-0.4,1.08,GOOD
1790983961245,3433,2463.0,-34.3958447668423,32000.0,155.4,98.0,-1.6,-0.4,1.08,GOOD
1790983961245,3434,2435.0,121.29130232076383,32000.0,155.4,98.0,-1.6,-0.4,1.08,GOOD
1790983961245,3435,2412.0,279.5853741041292,32000.0,155.4,98.0,-1.6,-0.4,1.08,GOOD
1790983961245,3436,2322.0,371.98322864941315,32000.0,155.4,98.0,-1.6,-0.4,1.08,GOOD
1790983961245,3437,2321.0,382.3927952157717,32000.0,155.4,98.0,-1.6,-0.4,1.08,GOOD
1790983961245,3438,2313.0,326.16061728064483,32000.0,155.4,98.0,-1.6,-0.4,1.08,GOOD
1790983961245,3439,2289.0,240.75917300977403,32000.0,155.4,98.0,-1.6,-0.4,1.08,GOOD
1790983961245,3440,2046.0,161.98637875288935,32000.0,155.4,98.0,-1.6,-0.4,1.08,GOOD
1790983961245,3441,2065.0,98.3399498778106,32000.0,155.4,98.0,-1.6,-0.4,1.08,GOOD
1790983961245,3442,2064.0,43.039937434338235,32000.0,155.4,98.0,-1.6,-0.4,1.08,GOOD
1790983961245,3443,1939.0,-13.392137625308411,32000.0,155.4,98.0,-1.6,-0.4,1.08,GOOD
1790983961245,3444,1999.0,-79.40770896395647,32000.0,155.4,98.0,-1.6,-0.4,1.08,GOOD
1790983961245,3445,2042.0,-135.0526490887268,32000.0,155.4,98.0,-1.6,-0.4,1.08,GOOD
1790983961245,3446,2105.0,-141.19976769127084,32000.0,155.4,98.0,-1.6,-0.4,1.08,GOOD
1790983961245,3447,1994.0,-98.61544588470332,32000.0,155.4,98.0,-1.6,-0.4,1.08,GOOD
1790983961245,3448,1943.0,-61.06660452862687,32000.0,155.4,98.0,-1.6,-0.4,1.08,GOOD
1790983961245,3449,1906.0,-74.23748017955256,32000.0,155.4,98.0,-1.6,-0.4,1.08,GOOD
1790983961245,3450,1880.0,-127.67269374080138,32000.0,155.4,98.0,-1.6,-0.4,1.08,GOOD
1790983961444,3451,1969.0,-177.0510553822972,32000.0,155.4,98.0,-1.6,-0.3,1.08,GOOD
1790983961444,3452,1957.0,-192.15205533684616,32000.0,155.4,98.0,-1.6,-0.3,1.08,GOOD
1790983961444,3453,1945.0,-180.04460133586736,32000.0,155.4,98.0,-1.6,-0.3,1.08,GOOD
1790983961444,3454,1926.0,-165.82319718754806,32000.0,155.4,98.0,-1.6,-0.3,1.08,GOOD
1790983961444,3455,1938.0,-158.59752918183267,32000.0,155.4,98.0,-1.6,-0.3,1.08,GOOD
1790983961444,3456,1947.0,-150.9455090315838,32000.0,155.4,98.0,-1.6,-0.3,1.08,GOOD
1790983961444,3457,1960.0,-140.79524150953333,32000.0,155.4,98.0,-1.6,-0.3,1.08,GOOD
1790983961444,3458,2229.0,-125.03685733651439,32000.0,155.4,98.0,-1.6,-0.3,1.08,GOOD
1790983961444,3459,2247.0,-81.43073556611071,32000.0,155.4,98.0,-1.6,-0.3,1.08,GOOD
1790983961444,3460,2265.0,2.701689360715285,32000.0,155.4,98.0,-1.6,-0.3,1.08,GOOD
1790983961444,3461,2279.0,102.99461772196393,32000.0,155.4,98.0,-1.6,-0.3,1.08,GOOD
1790983961444,3462,1857.0,165.03908162629406,32000.0,155.4,98.0,-1.6,-0.3,1.08,GOOD
1790983961444,3463,1874.0,129.0419926860369,32000.0,155.4,98.0,-1.6,-0.3,1.08,GOOD
1790983961444,3464,1867.0,-3.1801289252330918,32000.0,155.4,98.0,-1.6,-0.3,1.08,GOOD
1790983961444,3465,1883.0,-152.7434511354614,32000.0,155.4,98.0,-1.6,-0.3,1.08,GOOD
1790983961444,3466,1898.0,-245.14735372493064,32000.0,155.4,98.0,-1.6,-0.3,1.08,GOOD
1790983961444,3467,1893.0,-262.7444178467823,32000.0,155.4,98.0,-1.6,-0.3,1.08,GOOD
1790983961444,3468,1883.0,-232.68066121105477,32000.0,155.4,98.0,-1.6,-0.3,1.08,GOOD
1790983961444,3469,1906.0,-194.14635945855676,32000.0,155.4,98.0,-1.6,-0.3,1.08,GOOD
1790983961444,3470,1853.0,-172.52798944028618,32000.0,155.4,98.0,-1.6,-0.3,1.08,GOOD
1790983961444,3471,1822.0,-175.73124616421165,32000.0,155.4,98.0,-1.6,-0.3,1.08,GOOD
1790983961444,3472,1794.0,-198.6226147395235,32000.0,155.4,98.0,-1.6,-0.3,1.08,GOOD
1790983961444,3473,2395.0,-204.08670048408302,32000.0,155.4,98.0,-1.6,-0.3,1.08,GOOD
1790983961444,3474,2351.0,-129.08588716329885,32000.0,155.4,98.0,-1.6,-0.3,1.08,GOOD
1790983961444,3475,2339.0,28.51035365644529,32000.0,155.4,98.0,-1.6,-0.3,1.08,GOOD
1790983961575,3476,2352.0,191.28272418539478,32000.0,157.5,98.0,-1.7,-0.3,1.08,GOOD
1790983961575,3477,2025.0,284.7381715491835,32000.0,157.5,98.0,-1.7,-0.3,1.08,GOOD
1790983961575,3478,2029.0,270.28396362647294,32000.0,157.5,98.0,-1.7,-0.3,1.08,GOOD
1790983961575,3479,2004.0,158.44549654859628,32000.0,157.5,98.0,-1.7,-0.3,1.08,GOOD
1790983961575,3480,1990.0,12.784232700514218,32000.0,157.5,98.0,-1.7,-0.3,1.08,GOOD
1790983961575,3481,2043.0,-95.66126319642771,32000.0,157.5,98.0,-1.7,-0.3,1.08,GOOD
1790983961575,3482,2083.0,-126.21344863070446,32000.0,157.5,98.0,-1.7,-0.3,1.08,GOOD
1790983961575,3483,2075.0,-85.82662303854066,32000.0,157.5,98.0,-1.7,-0.3,1.08,GOOD
1790983961575,3484,1657.0,-40.125500717529206,32000.0,157.5,98.0,-1.7,-0.3,1.08,GOOD
1790983961575,3485,1662.0,-73.56796870168827,32000.0,157.5,98.0,-1.7,-0.3,1.08,GOOD
1790983961575,3486,1687.0,-194.77475164329482,32000.0,157.5,98.0,-1.7,-0.3,1.08,GOOD
1790983961575,3487,1697.0,-325.4234924436787,32000.0,157.5,98.0,-1.7,-0.3,1.08,GOOD
1790983961575,3488,2138.0,-381.4303963370165,32000.0,157.5,98.0,-1.7,-0.3,1.08,GOOD
1790983961575,3489,2099.0,-320.9866604508973,32000.0,157.5,98.0,-1.7,-0.3,1.08,GOOD
1790983961575,3490,2102.0,-172.86077676484206,32000.0,157.5,98.0,-1.7,-0.3,1.08,GOOD
1790983961575,3491,2154.0,-16.226341478175893,32000.0,157.5,98.0,-1.7,-0.3,1.08,GOOD
1790983961575,3492,2134.0,92.71378370486194,32000.0,157.5,98.0,-1.7,-0.3,1.08,GOOD
1790983961575,3493,2090.0,136.31488873887014,32000.0,157.5,98.0,-1.7,-0.3,1.08,GOOD
1790983961575,3494,2048.0,116.56476830870753,32000.0,157.5,98.0,-1.7,-0.3,1.08,GOOD
1790983961575,3495,2074.0,59.94863588188788,32000.0,157.5,98.0,-1.7,-0.3,1.08,GOOD
1790983961575,3496,2126.0,12.66907899873561,32000.0,157.5,98.0,-1.7,-0.3,1.08,GOOD
1790983961575,3497,2142.0,6.995429207896752,32000.0,157.5,98.0,-1.7,-0.3,1.08,GOOD
1790983961575,3498,1792.0,21.24450102569513,32000.0,157.5,98.0,-1.7,-0.3,1.08,GOOD
1790983961575,3499,1789.0,-6.454455732485679,32000.0,157.5,98.0,-1.7,-0.3,1.08,GOOD
1790983961575,3500,1805.0,-94.99123994847379,32000.0,157.5,98.0,-1.7,-0.3,1.08,GOOD
1790983961876,3501,1824.0,-193.6169132174118,-45.0,167.1,98.0,-1.6,-0.3,1.07,GOOD
1790983961876,3502,1852.0,-251.33761547786884,-44.0,167.1,98.0,-1.6,-0.3,1.07,GOOD
1790983961876,3503,1841.0,-259.60206737623673,-42.0,167.1,98.0,-1.6,-0.3,1.07,GOOD
1790983961876,3504,1833.0,-237.04416269112076,-40.0,167.1,98.0,-1.6,-0.3,1.07,GOOD
1790983961876,3505,2313.0,-187.55131799938803,-36.0,167.1,98.0,-1.6,-0.3,1.07,GOOD
1790983961876,3506,2299.0,-85.58675726643224,-34.0,167.1,98.0,-1.6,-0.3,1.07,GOOD
1790983961876,3507,2299.0,61.607988282468796,-33.0,167.1,98.0,-1.6,-0.3,1.07,GOOD
1790983961876,3508,2272.0,194.56161640880967,-32.0,167.1,98.0,-1.6,-0.3,1.07,GOOD
1790983961876,3509,2085.0,263.2930128549155,-32.0,167.1,98.0,-1.6,-0.3,1.07,GOOD
1790983961876,3510,2055.0,250.9181599971206,-31.0,167.1,98.0,-1.6,-0.3,1.07,GOOD
1790983961876,3511,2037.0,170.1441584049338,-31.0,167.1,98.0,-1.6,-0.3,1.07,GOOD
1790983961876,3512,2037.0,62.62566560349405,-29.0,167.1,98.0,-1.6,-0.3,1.07,GOOD
1790983961876,3513,1976.0,-24.928570861156288,-27.0,167.1,98.0,-1.6,-0.3,1.07,GOOD
1790983961876,3514,2003.0,-66.54547067075254,-25.0,167.1,98.0,-1.6,-0.3,1.07,GOOD
1790983961876,3515,2000.0,-64.77809341710106,-24.0,167.1,98.0,-1.6,-0.3,1.07,GOOD
1790983961876,3516,1988.0,-46.093055377351966,-23.0,167.1,98.0,-1.6,-0.3,1.07,GOOD
1790983961876,3517,2010.0,-39.26095376180888,-20.0,167.1,98.0,-1.6,-0.3,1.07,GOOD
1790983961876,3518,2016.0,-46.78144043273727,-18.0,167.1,98.0,-1.6,-0.3,1.07,GOOD
1790983961876,3519,2019.0,-48.653402831600594,-16.0,167.1,98.0,-1.6,-0.3,1.07,GOOD
1790983961876,3520,1962.0,-36.624536625428235,-14.0,167.1,98.0,-1.6,-0.3,1.07,GOOD
1790983961876,3521,1978.0,-27.85799475961362,-13.0,167.1,98.0,-1.6,-0.3,1.07,GOOD
1790983961876,3522,2002.0,-37.67100657211675,-11.0,167.1,98.0,-1.6,-0.3,1.07,GOOD
1790983961876,3523,2025.0,-55.01312405343227,-8.0,167.1,98.0,-1.6,-0.3,1.07,GOOD
1790983961876,3524,2033.0,-56.597831946964504,-5.0,167.1,98.0,-1.6,-0.3,1.07,GOOD
1790983961876,3525,2033.0,-35.48693307983157,-2.0,167.1,98.0,-1.6,-0.3,1.07,GOOD
1790983961877,3526,2026.0,-8.414161684472747,32000.0,167.1,98.0,-1.6,-0.3,1.07,GOOD
1790983961877,3527,1964.0,1.1204537598409647,32000.0,167.1,98.0,-1.6,-0.3,1.07,GOOD
1790983961877,3528,2005.0,-13.64878182314622,32000.0,167.1,98.0,-1.6,-0.3,1.07,GOOD
1790983961877,3529,2017.0,-34.2502532173498,32000.0,167.1,98.0,-1.6,-0.3,1.07,GOOD
1790983961877,3530,2026.0,-39.04859269524757,32000.0,167.1,98.0,-1.6,-0.3,1.07,GOOD
1790983961877,3531,2041.0,-27.77737620504692,32000.0,167.1,98.0,-1.6,-0.3,1.07,GOOD
1790983961877,3532,2071.0,-12.471718984439635,32000.0,167.1,98.0,-1.6,-0.3,1.07,GOOD
1790983961877,3533,2109.0,3.775449497431466,32000.0,167.1,98.0,-1.6,-0.3,1.07,GOOD
1790983961877,3534,2748.0,51.68010803643803,32000.0,167.1,98.0,-1.6,-0.3,1.07,GOOD
1790983961877,3535,2686.0,183.49495963641326,32000.0,167.1,98.0,-1.6,-0.3,1.07,GOOD
1790983961877,3536,2676.0,384.19963064537734,32000.0,167.1,98.0,-1.6,-0.3,1.07,GOOD
1790983961877,3537,2056.0,538.9066608431184,32000.0,167.1,98.0,-1.6,-0.3,1.07,GOOD
1790983961877,3538,2040.0,532.0866988671489,32000.0,167.1,98.0,-1.6,-0.3,1.07,GOOD
1790983961877,3539,1980.0,360.3547917898224,32000.0,167.1,98.0,-1.6,-0.3,1.07,GOOD
1790983961877,3540,1923.0,121.54047215108281,32000.0,167.1,98.0,-1.6,-0.3,1.07,GOOD
1790983961877,3541,1838.0,-88.90969617870368,32000.0,167.1,98.0,-1.6,-0.3,1.07,GOOD
1790983961877,3542,1909.0,-218.83143019574624,32000.0,167.1,98.0,-1.6,-0.3,1.07,GOOD
1790983961877,3543,1937.0,-246.73574683605125,32000.0,167.1,98.0,-1.6,-0.3,1.07,GOOD
1790983961877,3544,1893.0,-197.96737634490498,32000.0,167.1,98.0,-1.6,-0.3,1.07,GOOD
1790983961877,3545,1888.0,-142.142473112168,32000.0,167.1,98.0,-1.6,-0.3,1.07,GOOD
1790983961877,3546,1938.0,-128.6955246701712,32000.0,167.1,98.0,-1.6,-0.3,1.07,GOOD
1790983961877,3547,2000.0,-139.62674877748816,32000.0,167.1,98.0,-1.6,-0.3,1.07,GOOD
1790983961877,3548,2067.0,-125.89658852079283,32000.0,167.1,98.0,-1.6,-0.3,1.07,GOOD
1790983961877,3549,1993.0,-75.59005016392453,32000.0,167.1,98.0,-1.6,-0.3,1.07,GOOD
1790983961877,3550,1950.0,-29.803226827044647,32000.0,167.1,98.0,-1.6,-0.3,1.07,GOOD
1790983961877,3551,2136.0,-20.689602292273143,32000.0,167.1,98.0,-1.6,-0.3,1.07,GOOD
1790983961877,3552,2171.0,-20.166617749822848,32000.0,167.1,98.0,-1.6,-0.3,1.07,GOOD
1790983961877,3553,2178.0,13.298621050996811,32000.0,167.1,98.0,-1.6,-0.3,1.07,GOOD
1790983961877,3554,2142.0,72.4247401843864,32000.0,167.1,98.0,-1.6,-0.3,1.07,GOOD
1790983961877,3555,2086.0,115.23601242596739,32000.0,167.1,98.0,-1.6,-0.3,1.07,GOOD
1790983961877,3556,2102.0,114.66835519399801,32000.0,167.1,98.0,-1.6,-0.3,1.07,GOOD
1790983961877,3557,2134.0,84.14862450825012,32000.0,167.1,98.0,-1.6,-0.3,1.07,GOOD
1790983961877,3558,2141.0,58.31357408983015,32000.0,167.1,98.0,-1.6,-0.3,1.07,GOOD
1790983961877,3559,2065.0,52.17185488527164,32000.0,167.1,98.0,-1.6,-0.3,1.07,GOOD
1790983961877,3560,2061.0,50.98247747591161,32000.0,167.1,98.0,-1.6,-0.3,1.07,GOOD
1790983961877,3561,2074.0,39.788695911334045,32000.0,167.1,98.0,-1.6,-0.3,1.07,GOOD
1790983961877,3562,2117.0,24.694858853833964,32000.0,167.1,98.0,-1.6,-0.3,1.07,GOOD
1790983961877,3563,2146.0,21.309791579913927,32000.0,167.1,98.0,-1.6,-0.3,1.07,GOOD
1790983961877,3564,2134.0,35.12505825701052,32000.0,167.1,98.0,-1.6,-0.3,1.07,GOOD
1790983961877,3565,2133.0,56.95339164382243,32000.0,167.1,98.0,-1.6,-0.3,1.07,GOOD
1790983961877,3566,1956.0,67.25605490285744,32000.0,167.1,98.0,-1.6,-0.3,1.07,GOOD
1790983961877,3567,1961.0,44.95984089013271,32000.0,167.1,98.0,-1.6,-0.3,1.07,GOOD
1790983961877,3568,1945.0,-10.112840444828628,32000.0,167.1,98.0,-1.6,-0.3,1.07,GOOD
1790983961877,3569,2240.0,-61.06207436718105,32000.0,167.1,98.0,-1.6,-0.3,1.07,GOOD
1790983961877,3570,2189.0,-58.736964552926544,32000.0,167.1,98.0,-1.6,-0.3,1.07,GOOD
1790983961877,3571,2189.0,3.576209080108729,32000.0,167.1,98.0,-1.6,-0.3,1.07,GOOD
1790983961877,3572,2202.0,84.55123220185997,32000.0,167.1,98.0,-1.6,-0.3,1.07,GOOD
1790983961877,3573,2412.0,152.79697171543364,32000.0,167.1,98.0,-1.6,-0.3,1.07,GOOD
1790983961877,3574,2398.0,210.41896954221403,32000.0,167.1,98.0,-1.6,-0.3,1.07,GOOD
1790983961877,3575,2391.0,260.0166031990264,32000.0,167.1,98.0,-1.6,-0.3,1.07,GOOD
1790983961996,3576,2430.0,295.32661490045314,32000.0,167.1,98.0,-1.6,-0.3,1.09,GOOD
1790983961996,3577,2187.0,311.09997748599403,32000.0,167.1,98.0,-1.6,-0.3,1.09,GOOD
1790983961996,3578,2193.0,291.50928893264665,32000.0,167.1,98.0,-1.6,-0.3,1.09,GOOD
1790983961996,3579,2160.0,226.50318767616994,32000.0,167.1,98.0,-1.6,-0.3,1.09,GOOD
1790983961996,3580,2175.0,138.55692580702896,32000.0,167.1,98.0,-1.6,-0.3,1.09,GOOD
1790983961996,3581,2216.0,68.16549941586811,32000.0,167.1,98.0,-1.6,-0.3,1.09,GOOD
1790983961996,3582,2259.0,47.24892550115234,32000.0,167.1,98.0,-1.6,-0.3,1.09,GOOD
1790983961996,3583,2263.0,77.48004139948132,32000.0,167.1,98.0,-1.6,-0.3,1.09,GOOD
1790983961996,3584,2239.0,126.089197750365,32000.0,167.1,98.0,-1.6,-0.3,1.09,GOOD
1790983961996,3585,2155.0,151.25925561027674,32000.0,167.1,98.0,-1.6,-0.3,1.09,GOOD
1790983961996,3586,2160.0,135.36085789318474,32000.0,167.1,98.0,-1.6,-0.3,1.09,GOOD
1790983961996,3587,2180.0,96.77887859717899,32000.0,167.1,98.0,-1.6,-0.3,1.09,GOOD
1790983961996,3588,2138.0,64.08769773425934,32000.0,167.1,98.0,-1.6,-0.3,1.09,GOOD
1790983961996,3589,2047.0,40.46916402378062,32000.0,167.1,98.0,-1.6,-0.3,1.09,GOOD
1790983961996,3590,2022.0,8.990040959600588,32000.0,167.1,98.0,-1.6,-0.3,1.09,GOOD
1790983961996,3591,2032.0,-33.2479791546524,32000.0,167.1,98.0,-1.6,-0.3,1.09,GOOD
1790983961996,3592,2242.0,-60.976725420372134,32000.0,167.1,98.0,-1.6,-0.3,1.09,GOOD
1790983961996,3593,2219.0,-44.78202387796351,32000.0,167.1,98.0,-1.6,-0.3,1.09,GOOD
1790983961996,3594,2167.0,7.84496143577754,32000.0,167.1,98.0,-1.6,-0.3,1.09,GOOD
1790983961996,3595,2145.0,56.71135983844711,32000.0,167.1,98.0,-1.6,-0.3,1.09,GOOD
1790983961996,3596,2052.0,72.65153624572777,32000.0,167.1,98.0,-1.6,-0.3,1.09,GOOD
1790983961996,3597,2088.0,51.93354087691002,32000.0,167.1,98.0,-1.6,-0.3,1.09,GOOD
1790983961996,3598,2080.0,8.32522557473936,32000.0,167.1,98.0,-1.6,-0.3,1.09,GOOD
1790983961996,3599,2062.0,-36.58462129161377,32000.0,167.1,98.0,-1.6,-0.3,1.09,GOOD
1790983961996,3600,1921.0,-71.1035034853269,32000.0,167.1,98.0,-1.6,-0.3,1.09,GOOD
1790983962106,3601,1974.0,-98.01295694984175,32000.0,167.1,98.0,-1.6,-0.3,1.08,GOOD
1790983962106,3602,2010.0,-118.26041061669181,32000.0,167.1,98.0,-1.6,-0.3,1.08,GOOD
1790983962106,3603,1877.0,-133.603697815111,32000.0,167.1,98.0,-1.6,-0.3,1.08,GOOD
1790983962106,3604,1827.0,-160.1008541664989,32000.0,167.1,98.0,-1.6,-0.3,1.08,GOOD
1790983962106,3605,1808.0,-204.5954508846783,32000.0,167.1,98.0,-1.6,-0.3,1.08,GOOD
1790983962106,3606,1808.0,-248.43039653498374,32000.0,167.1,98.0,-1.6,-0.3,1.08,GOOD
1790983962106,3607,2078.0,-264.7324605469689,32000.0,167.1,98.0,-1.6,-0.3,1.08,GOOD
1790983962106,3608,2029.0,-235.5472582564919,32000.0,167.1,98.0,-1.6,-0.3,1.08,GOOD
1790983962106,3609,1977.0,-173.75760719207878,32000.0,167.1,98.0,-1.6,-0.3,1.08,GOOD
1790983962106,3610,1976.0,-115.01293756707533,32000.0,167.1,98.0,-1.6,-0.3,1.08,GOOD
1790983962106,3611,1993.0,-78.29763361256406,32000.0,167.1,98.0,-1.6,-0.3,1.08,GOOD
1790983962106,3612,2011.0,-64.20803438438952,32000.0,167.1,98.0,-1.6,-0.3,1.08,GOOD
1790983962106,3613,2005.0,-71.82760307011321,32000.0,167.1,98.0,-1.6,-0.3,1.08,GOOD
1790983962106,3614,2008.0,-92.05446429068002,32000.0,167.1,98.0,-1.6,-0.3,1.08,GOOD
1790983962106,3615,2105.0,-99.30807646665716,32000.0,167.1,98.0,-1.6,-0.3,1.08,GOOD
1790983962106,3616,2116.0,-70.61267038468982,32000.0,167.1,98.0,-1.6,-0.3,1.08,GOOD
1790983962106,3617,2120.0,-17.19471614265596,32000.0,167.1,98.0,-1.6,-0.3,1.08,GOOD
1790983962106,3618,2110.0,23.962808562600202,32000.0,167.1,98.0,-1.6,-0.3,1.08,GOOD
1790983962106,3619,1828.0,23.176520273504913,32000.0,167.1,98.0,-1.6,-0.3,1.08,GOOD
1790983962106,3620,1850.0,-28.39730825137613,32000.0,167.1,98.0,-1.6,-0.3,1.08,GOOD
1790983962106,3621,1873.0,-108.56847749276426,32000.0,167.1,98.0,-1.6,-0.3,1.08,GOOD
1790983962106,3622,1698.0,-186.49238321619424,32000.0,167.1,98.0,-1.6,-0.3,1.08,GOOD
1790983962106,3623,1700.0,-260.6167459425862,32000.0,167.1,98.0,-1.6,-0.3,1.08,GOOD
1790983962106,3624,1721.0,-329.7707508829939,32000.0,167.1,98.0,-1.6,-0.3,1.08,GOOD
1790983962106,3625,1709.0,-368.1645815962514,32000.0,167.1,98.0,-1.6,-0.3,1.08,GOOD
1790983962206,3626,2093.0,-349.9854543235338,32000.0,167.1,98.0,-1.6,-0.3,1.08,GOOD
1790983962206,3627,2059.0,-266.8021722883973,32000.0,167.1,98.0,-1.6,-0.3,1.08,GOOD
1790983962206,3628,2054.0,-147.57485206174698,32000.0,167.1,98.0,-1.6,-0.3,1.08,GOOD
1790983962206,3629,2113.0,-41.4180621014509,32000.0,167.1,98.0,-1.6,-0.3,1.08,GOOD
1790983962206,3630,2082.0,32.39413032006021,32000.0,167.1,98.0,-1.6,-0.3,1.08,GOOD
1790983962206,3631,2052.0,72.56440404831504,32000.0,167.1,98.0,-1.6,-0.3,1.08,GOOD
1790983962206,3632,2040.0,70.36356996056683,32000.0,167.1,98.0,-1.6,-0.3,1.08,GOOD
1790983962206,3633,1988.0,29.08456035184387,32000.0,167.1,98.0,-1.6,-0.3,1.08,GOOD
1790983962206,3634,2014.0,-22.56862429851638,32000.0,167.1,98.0,-1.6,-0.3,1.08,GOOD
1790983962206,3635,2015.0,-50.486565043770675,32000.0,167.1,98.0,-1.6,-0.3,1.08,GOOD
1790983962206,3636,1779.0,-56.266534013463314,32000.0,167.1,98.0,-1.6,-0.3,1.08,GOOD
1790983962206,3637,1809.0,-82.05101851652499,32000.0,167.1,98.0,-1.6,-0.3,1.08,GOOD
1790983962206,3638,1830.0,-145.52646795817927,32000.0,167.1,98.0,-1.6,-0.3,1.08,GOOD
1790983962206,3639,1844.0,-209.50868804709614,32000.0,167.1,98.0,-1.6,-0.3,1.08,GOOD
1790983962206,3640,1902.0,-232.74340010543906,32000.0,167.1,98.0,-1.6,-0.3,1.08,GOOD
1790983962206,3641,1914.0,-209.53357150817482,32000.0,167.1,98.0,-1.6,-0.3,1.08,GOOD
1790983962206,3642,1926.0,-163.93764469975076,32000.0,167.1,98.0,-1.6,-0.3,1.08,GOOD
1790983962206,3643,1942.0,-123.32693114097357,32000.0,167.1,98.0,-1.6,-0.3,1.08,GOOD
1790983962206,3644,2049.0,-92.88339001228935,32000.0,167.1,98.0,-1.6,-0.3,1.08,GOOD
1790983962206,3645,1965.0,-62.35296584813405,32000.0,167.1,98.0,-1.6,-0.3,1.08,GOOD
1790983962206,3646,1935.0,-36.7021533707424,32000.0,167.1,98.0,-1.6,-0.3,1.08,GOOD
1790983962206,3647,1918.0,-33.52995995330151,32000.0,167.1,98.0,-1.6,-0.3,1.08,GOOD
1790983962206,3648,2105.0,-46.531239614130726,32000.0,167.1,98.0,-1.6,-0.3,1.08,GOOD
1790983962206,3649,2085.0,-43.36194651882911,32000.0,167.1,98.0,-1.6,-0.3,1.08,GOOD
1790983962206,3650,2079.0,-9.953576114443534,32000.0,167.1,98.0,-1.6,-0.3,1.08,GOOD
1790983962467,3651,2072.0,33.6215798661897,24.0,147.8,98.0,-1.5,-0.2,1.08,GOOD
1790983962467,3652,2189.0,69.1828925986692,23.0,147.8,98.0,-1.5,-0.2,1.08,GOOD
1790983962467,3653,2181.0,99.44681336743973,22.0,147.8,98.0,-1.5,-0.2,1.08,GOOD
1790983962467,3654,2171.0,126.7856643875474,21.0,147.8,98.0,-1.5,-0.2,1.08,GOOD
1790983962467,3655,2166.0,143.83585476076337,21.0,147.8,98.0,-1.5,-0.2,1.08,GOOD
1790983962467,3656,1854.0,136.58468739201476,20.0,147.8,98.0,-1.5,-0.2,1.08,GOOD
1790983962467,3657,1885.0,85.21598477830166,21.0,147.8,98.0,-1.5,-0.2,1.08,GOOD
1790983962467,3658,1875.0,-5.947977796249969,19.0,147.8,98.0,-1.5,-0.2,1.08,GOOD
1790983962467,3659,1951.0,-96.58825434445545,20.0,147.8,98.0,-1.5,-0.2,1.08,GOOD
1790983962467,3660,1963.0,-147.15199145139871,20.0,147.8,98.0,-1.5,-0.2,1.08,GOOD
1790983962467,3661,1986.0,-143.9471017760617,20.0,147.8,98.0,-1.5,-0.2,1.08,GOOD
1790983962467,3662,2002.0,-98.78000125789748,20.0,147.8,98.0,-1.5,-0.2,1.08,GOOD
1790983962467,3663,1936.0,-43.29228997438941,21.0,147.8,98.0,-1.5,-0.2,1.08,GOOD
1790983962467,3664,1865.0,-17.798603522187243,20.0,147.8,98.0,-1.5,-0.2,1.08,GOOD
1790983962467,3665,1851.0,-43.397286679349655,20.0,147.8,98.0,-1.5,-0.2,1.08,GOOD
1790983962467,3666,1853.0,-100.02575970937588,21.0,147.8,98.0,-1.5,-0.2,1.08,GOOD
1790983962467,3667,2242.0,-132.1080319511143,20.0,147.8,98.0,-1.5,-0.2,1.08,GOOD
1790983962467,3668,2209.0,-86.10981084530565,21.0,147.8,98.0,-1.5,-0.2,1.08,GOOD
1790983962467,3669,2198.0,27.216223267758238,21.0,147.8,98.0,-1.5,-0.2,1.08,GOOD
1790983962467,3670,2199.0,140.33833559095132,20.0,147.8,98.0,-1.5,-0.2,1.08,GOOD
1790983962467,3671,2173.0,206.70411479113994,20.0,147.8,98.0,-1.5,-0.2,1.08,GOOD
1790983962467,3672,2150.0,222.4412387328921,22.0,147.8,98.0,-1.5,-0.2,1.08,GOOD
1790983962467,3673,2118.0,198.3877734732228,23.0,147.8,98.0,-1.5,-0.2,1.08,GOOD
1790983962467,3674,2103.0,149.96330755822936,22.0,147.8,98.0,-1.5,-0.2,1.08,GOOD
1790983962467,3675,1953.0,94.1163324195917,22.0,147.8,98.0,-1.5,-0.2,1.08,GOOD
1790983962468,3676,2001.0,42.04346198432811,32000.0,147.8,98.0,-1.5,-0.2,1.08,GOOD
1790983962468,3677,2003.0,2.542199903492107,32000.0,147.8,98.0,-1.5,-0.2,1.08,GOOD
1790983962468,3678,1972.0,-21.214701451139394,32000.0,147.8,98.0,-1.5,-0.2,1.08,GOOD
1790983962468,3679,1962.0,-38.29259773699556,32000.0,147.8,98.0,-1.5,-0.2,1.08,GOOD
1790983962468,3680,1972.0,-53.17602510057989,32000.0,147.8,98.0,-1.5,-0.2,1.08,GOOD
1790983962468,3681,1988.0,-56.96956163230267,32000.0,147.8,98.0,-1.5,-0.2,1.08,GOOD
1790983962468,3682,1862.0,-50.79505821126255,32000.0,147.8,98.0,-1.5,-0.2,1.08,GOOD
1790983962468,3683,1840.0,-58.42700870785487,32000.0,147.8,98.0,-1.5,-0.2,1.08,GOOD
1790983962468,3684,1836.0,-95.31515388206375,32000.0,147.8,98.0,-1.5,-0.2,1.08,GOOD
1790983962468,3685,1859.0,-143.07914657318435,32000.0,147.8,98.0,-1.5,-0.2,1.08,GOOD
1790983962468,3686,2202.0,-158.34057406945186,32000.0,147.8,98.0,-1.5,-0.2,1.08,GOOD
1790983962468,3687,2168.0,-102.76978953874146,32000.0,147.8,98.0,-1.5,-0.2,1.08,GOOD
1790983962468,3688,2147.0,8.056894400828657,32000.0,147.8,98.0,-1.5,-0.2,1.08,GOOD
1790983962468,3689,2226.0,115.33446458394033,32000.0,147.8,98.0,-1.5,-0.2,1.08,GOOD
1790983962468,3690,2265.0,187.33054523664444,32000.0,147.8,98.0,-1.5,-0.2,1.08,GOOD
1790983962468,3691,2288.0,229.71316892137094,32000.0,147.8,98.0,-1.5,-0.2,1.08,GOOD
1790983962468,3692,2292.0,251.3298147978933,32000.0,147.8,98.0,-1.5,-0.2,1.08,GOOD
1790983962468,3693,2177.0,253.2814139655379,32000.0,147.8,98.0,-1.5,-0.2,1.08,GOOD
1790983962468,3694,2213.0,236.13349431932002,32000.0,147.8,98.0,-1.5,-0.2,1.08,GOOD
1790983962468,3695,2243.0,211.7439959927923,32000.0,147.8,98.0,-1.5,-0.2,1.08,GOOD
1790983962468,3696,2340.0,199.61280484192469,32000.0,147.8,98.0,-1.5,-0.2,1.08,GOOD
1790983962468,3697,2311.0,208.3794961285131,32000.0,147.8,98.0,-1.5,-0.2,1.08,GOOD
1790983962468,3698,2302.0,229.88457240329507,32000.0,147.8,98.0,-1.5,-0.2,1.08,GOOD
1790983962468,3699,2287.0,251.35222853750045,32000.0,147.8,98.0,-1.5,-0.2,1.08,GOOD
1790983962468,3700,1854.0,247.73359417904342,32000.0,147.8,98.0,-1.5,-0.2,1.08,GOOD
1790983962554,3701,1804.0,172.79220144460433,32000.0,147.8,98.0,-1.6,-0.3,1.08,GOOD
1790983962554,3702,1757.0,16.24174431118388,32000.0,147.8,98.0,-1.6,-0.3,1.08,GOOD
1790983962554,3703,1888.0,-156.56399088475888,32000.0,147.8,98.0,-1.6,-0.3,1.08,GOOD
1790983962554,3704,1917.0,-261.1677534740468,32000.0,147.8,98.0,-1.6,-0.3,1.08,GOOD
1790983962554,3705,1952.0,-264.19790257003683,32000.0,147.8,98.0,-1.6,-0.3,1.08,GOOD
1790983962554,3706,1958.0,-196.0033457682952,32000.0,147.8,98.0,-1.6,-0.3,1.08,GOOD
1790983962554,3707,2188.0,-105.04709204971017,32000.0,147.8,98.0,-1.6,-0.3,1.08,GOOD
1790983962554,3708,2093.0,-18.103104108394696,32000.0,147.8,98.0,-1.6,-0.3,1.08,GOOD
1790983962554,3709,2128.0,48.47514897629747,32000.0,147.8,98.0,-1.6,-0.3,1.08,GOOD
1790983962554,3710,2176.0,86.72054042460282,32000.0,147.8,98.0,-1.6,-0.3,1.08,GOOD
1790983962554,3711,2014.0,102.70241339272764,32000.0,147.8,98.0,-1.6,-0.3,1.08,GOOD
1790983962554,3712,2018.0,93.23473425338612,32000.0,147.8,98.0,-1.6,-0.3,1.08,GOOD
1790983962554,3713,2014.0,53.79535763388135,32000.0,147.8,98.0,-1.6,-0.3,1.08,GOOD
1790983962554,3714,1867.0,-3.3374927440635656,32000.0,147.8,98.0,-1.6,-0.3,1.08,GOOD
1790983962554,3715,1934.0,-62.75104553246588,32000.0,147.8,98.0,-1.6,-0.3,1.08,GOOD
1790983962554,3716,1937.0,-106.88066482731705,32000.0,147.8,98.0,-1.6,-0.3,1.08,GOOD
1790983962554,3717,1926.0,-122.68446603292426,32000.0,147.8,98.0,-1.6,-0.3,1.08,GOOD
1790983962554,3718,2036.0,-114.55475446236542,32000.0,147.8,98.0,-1.6,-0.3,1.08,GOOD
1790983962554,3719,2022.0,-89.81481013344379,32000.0,147.8,98.0,-1.6,-0.3,1.08,GOOD
1790983962554,3720,2023.0,-54.232596514511314,32000.0,147.8,98.0,-1.6,-0.3,1.08,GOOD
1790983962554,3721,2099.0,-16.49188782980719,32000.0,147.8,98.0,-1.6,-0.3,1.08,GOOD
1790983962554,3722,2083.0,18.28660328111375,32000.0,147.8,98.0,-1.6,-0.3,1.08,GOOD
1790983962554,3723,2073.0,43.7632915184142,32000.0,147.8,98.0,-1.6,-0.3,1.08,GOOD
1790983962554,3724,2092.0,53.296240094173065,32000.0,147.8,98.0,-1.6,-0.3,1.08,GOOD
1790983962554,3725,2308.0,61.00383542982289,32000.0,147.8,98.0,-1.6,-0.3,1.08,GOOD
1790983962666,3726,2334.0,98.20473406938416,32000.0,147.8,98.0,-1.6,-0.2,1.08,LEAD_OFF
1790983962666,3727,2319.0,169.90343069101306,32000.0,147.8,98.0,-1.6,-0.2,1.08,LEAD_OFF
1790983962666,3728,2328.0,242.95392142471104,32000.0,147.8,98.0,-1.6,-0.2,1.08,LEAD_OFF
1790983962666,3729,1996.0,274.68755421612093,32000.0,147.8,98.0,-1.6,-0.2,1.08,LEAD_OFF
1790983962666,3730,2032.0,234.00875392037804,32000.0,147.8,98.0,-1.6,-0.2,1.08,LEAD_OFF
1790983962666,3731,2029.0,132.71625823334816,32000.0,147.8,98.0,-1.6,-0.2,1.08,LEAD_OFF
1790983962666,3732,2021.0,24.28015020241718,32000.0,147.8,98.0,-1.6,-0.2,1.08,LEAD_OFF
1790983962666,3733,2032.0,-47.8011029381358,32000.0,147.8,98.0,-1.6,-0.2,1.08,LEAD_OFF
1790983962666,3734,2062.0,-69.72884083151038,32000.0,147.8,98.0,-1.6,-0.2,1.08,LEAD_OFF
1790983962666,3735,2090.0,-47.424410229077715,32000.0,147.8,98.0,-1.6,-0.2,1.08,LEAD_OFF
1790983962666,3736,2124.0,-2.131277873161605,32000.0,147.8,98.0,-1.6,-0.2,1.08,LEAD_OFF
1790983962666,3737,2066.0,37.328402595588415,32000.0,147.8,98.0,-1.6,-0.2,1.08,LEAD_OFF
1790983962666,3738,2029.0,48.93843846360792,32000.0,147.8,98.0,-1.6,-0.2,1.08,LEAD_OFF
1790983962666,3739,2549.0,52.8590806292481,32000.0,147.8,98.0,-1.6,-0.2,1.08,LEAD_OFF
1790983962666,3740,2568.0,114.35710152293194,32000.0,147.8,98.0,-1.6,-0.2,1.08,LEAD_OFF
1790983962666,3741,2576.0,252.75977464987182,32000.0,147.8,98.0,-1.6,-0.2,1.08,LEAD_OFF
1790983962666,3742,2574.0,403.93962642158755,32000.0,147.8,98.0,-1.6,-0.2,1.08,LEAD_OFF
1790983962666,3743,2362.0,496.457897444649,32000.0,147.8,98.0,-1.6,-0.2,1.08,LEAD_OFF
1790983962666,3744,2388.0,499.55594509968324,32000.0,147.8,98.0,-1.6,-0.2,1.08,LEAD_OFF
1790983962666,3745,2392.0,429.52702674952934,32000.0,147.8,98.0,-1.6,-0.2,1.08,LEAD_OFF
1790983962666,3746,2400.0,336.4075600214193,32000.0,147.8,98.0,-1.6,-0.2,1.08,LEAD_OFF
1790983962666,3747,2092.0,254.68453747715262,32000.0,147.8,98.0,-1.6,-0.2,1.08,LEAD_OFF
1790983962666,3748,2139.0,181.32100550598472,32000.0,147.8,98.0,-1.6,-0.2,1.08,LEAD_OFF
1790983962666,3749,2192.0,115.07066203499788,32000.0,147.8,98.0,-1.6,-0.2,1.08,LEAD_OFF
1790983962666,3750,2228.0,72.05694300435943,32000.0,147.8,98.0,-1.6,-0.2,1.08,LEAD_OFF
1790983962839,3751,2089.0,50.17196400087563,32000.0,141.1,98.0,-1.6,-0.2,1.08,GOOD
1790983962839,3752,2130.0,30.575690513915664,32000.0,141.1,98.0,-1.6,-0.2,1.08,GOOD
1790983962839,3753,2151.0,15.819947689194944,32000.0,141.1,98.0,-1.6,-0.2,1.08,GOOD
1790983962839,3754,2154.0,20.638172640447625,32000.0,141.1,98.0,-1.6,-0.2,1.08,GOOD
1790983962839,3755,1917.0,25.565968408654978,32000.0,141.1,98.0,-1.6,-0.2,1.08,GOOD
1790983962839,3756,1918.0,-13.119556527873963,32000.0,141.1,98.0,-1.6,-0.2,1.08,GOOD
1790983962839,3757,1916.0,-95.86230718871124,32000.0,141.1,98.0,-1.6,-0.2,1.08,GOOD
1790983962839,3758,1908.0,-172.29941277038702,32000.0,141.1,98.0,-1.6,-0.2,1.08,GOOD
1790983962839,3759,1746.0,-214.3974019250059,32000.0,141.1,98.0,-1.6,-0.2,1.08,GOOD
1790983962839,3760,1738.0,-247.03713883719126,32000.0,141.1,98.0,-1.6,-0.2,1.08,GOOD
1790983962839,3761,1734.0,-294.8342816042482,32000.0,141.1,98.0,-1.6,-0.2,1.08,GOOD
1790983962839,3762,1731.0,-344.27559428490076,32000.0,141.1,98.0,-1.6,-0.2,1.08,GOOD
1790983962839,3763,2147.0,-354.0362528743217,32000.0,141.1,98.0,-1.6,-0.2,1.08,GOOD
1790983962839,3764,2135.0,-284.0169247048102,32000.0,141.1,98.0,-1.6,-0.2,1.08,GOOD
1790983962839,3765,2132.0,-149.32558677491264,32000.0,141.1,98.0,-1.6,-0.2,1.08,GOOD
1790983962839,3766,1960.0,-24.79418214444857,32000.0,141.1,98.0,-1.6,-0.2,1.08,GOOD
1790983962839,3767,1981.0,28.59927255249181,32000.0,141.1,98.0,-1.6,-0.2,1.08,GOOD
1790983962839,3768,1961.0,9.206975981679538,32000.0,141.1,98.0,-1.6,-0.2,1.08,GOOD
1790983962839,3769,1969.0,-48.40731934852143,32000.0,141.1,98.0,-1.6,-0.2,1.08,GOOD
1790983962839,3770,1924.0,-110.91092525895338,32000.0,141.1,98.0,-1.6,-0.2,1.08,GOOD
1790983962839,3771,1959.0,-154.1873370400512,32000.0,141.1,98.0,-1.6,-0.2,1.08,GOOD
1790983962839,3772,1964.0,-161.50229068300075,32000.0,141.1,98.0,-1.6,-0.2,1.08,GOOD
1790983962839,3773,1952.0,-137.7360459727916,32000.0,141.1,98.0,-1.6,-0.2,1.08,GOOD
1790983962839,3774,1839.0,-116.4592213521508,32000.0,141.1,98.0,-1.6,-0.2,1.08,GOOD
1790983962839,3775,1875.0,-129.55577876748742,32000.0,141.1,98.0,-1.6,-0.2,1.08,GOOD
1790983962840,3776,1905.0,-166.9289062952701,32000.0,141.1,98.0,-1.6,-0.2,1.08,GOOD
1790983962840,3777,1911.0,-190.16352416450175,32000.0,141.1,98.0,-1.6,-0.2,1.08,GOOD
1790983962840,3778,1815.0,-186.94535244158226,32000.0,141.1,98.0,-1.6,-0.2,1.08,GOOD
1790983962840,3779,1795.0,-183.7975493246176,32000.0,141.1,98.0,-1.6,-0.2,1.08,GOOD
1790983962840,3780,1812.0,-202.16744105855778,32000.0,141.1,98.0,-1.6,-0.2,1.08,GOOD
1790983962840,3781,1819.0,-229.86860574851505,32000.0,141.1,98.0,-1.6,-0.2,1.08,GOOD
1790983962840,3782,1983.0,-237.52670769766624,32000.0,141.1,98.0,-1.6,-0.2,1.08,GOOD
1790983962840,3783,1922.0,-208.16290919896173,32000.0,141.1,98.0,-1.6,-0.2,1.08,GOOD
1790983962840,3784,1901.0,-158.54478105056535,32000.0,141.1,98.0,-1.6,-0.2,1.08,GOOD
1790983962840,3785,2138.0,-112.48657854886775,32000.0,141.1,98.0,-1.6,-0.2,1.08,GOOD
1790983962840,3786,2175.0,-59.29217900081775,32000.0,141.1,98.0,-1.6,-0.2,1.08,GOOD
1790983962840,3787,2191.0,15.074406936658502,32000.0,141.1,98.0,-1.6,-0.2,1.08,GOOD
1790983962840,3788,2208.0,92.06725057843471,32000.0,141.1,98.0,-1.6,-0.2,1.08,GOOD
1790983962840,3789,1858.0,133.55067479834418,32000.0,141.1,98.0,-1.6,-0.2,1.08,GOOD
1790983962840,3790,1889.0,103.79754303468172,32000.0,141.1,98.0,-1.6,-0.2,1.08,GOOD
1790983962840,3791,1912.0,10.80655495920335,32000.0,141.1,98.0,-1.6,-0.2,1.08,GOOD
1790983962840,3792,1904.0,-90.7479444398817,32000.0,141.1,98.0,-1.6,-0.2,1.08,GOOD
1790983962840,3793,1923.0,-156.56279339782347,32000.0,141.1,98.0,-1.6,-0.2,1.08,GOOD
1790983962840,3794,1947.0,-173.61923075695023,32000.0,141.1,98.0,-1.6,-0.2,1.08,GOOD
1790983962840,3795,1978.0,-146.57947945962653,32000.0,141.1,98.0,-1.6,-0.2,1.08,GOOD
1790983962840,3796,1972.0,-96.43075760950693,32000.0,141.1,98.0,-1.6,-0.2,1.08,GOOD
1790983962840,3797,1540.0,-71.97125463287219,32000.0,141.1,98.0,-1.6,-0.2,1.08,GOOD
1790983962840,3798,1520.0,-131.57825213286685,32000.0,141.1,98.0,-1.6,-0.2,1.08,GOOD
1790983962840,3799,1542.0,-269.86557239159384,32000.0,141.1,98.0,-1.6,-0.2,1.08,GOOD
1790983962840,3800,1535.0,-409.44575445461976,32000.0,141.1,98.0,-1.6,-0.2,1.08,GOOD
1790983963097,3801,2197.0,-464.57643719932537,52.0,141.1,98.0,-1.7,-0.2,1.08,GOOD
1790983963097,3802,2190.0,-375.5229680192813,54.0,141.1,98.0,-1.7,-0.2,1.08,GOOD
1790983963097,3803,2210.0,-162.11468555268564,57.0,141.1,98.0,-1.7,-0.2,1.08,GOOD
1790983963097,3804,2058.0,66.78431937019701,61.0,141.1,98.0,-1.7,-0.2,1.08,GOOD
1790983963097,3805,2067.0,207.22287531609624,63.0,141.1,98.0,-1.7,-0.2,1.08,GOOD
1790983963097,3806,2053.0,226.55390325277392,67.0,141.1,98.0,-1.7,-0.2,1.08,GOOD
1790983963097,3807,1939.0,152.45616709745735,69.0,141.1,98.0,-1.7,-0.2,1.08,GOOD
1790983963097,3808,1988.0,41.40911586648972,72.0,141.1,98.0,-1.7,-0.2,1.08,GOOD
1790983963097,3809,2018.0,-40.07636598170562,74.0,141.1,98.0,-1.7,-0.2,1.08,GOOD
1790983963097,3810,2014.0,-52.059027999522456,75.0,141.1,98.0,-1.7,-0.2,1.08,GOOD
1790983963097,3811,1848.0,-22.963655035004496,76.0,141.1,98.0,-1.7,-0.2,1.08,GOOD
1790983963097,3812,1851.0,-19.54870178412473,77.0,141.1,98.0,-1.7,-0.2,1.08,GOOD
1790983963097,3813,1876.0,-64.3466038434468,75.0,141.1,98.0,-1.7,-0.2,1.08,GOOD
1790983963097,3814,1889.0,-116.29464272291035,75.0,141.1,98.0,-1.7,-0.2,1.08,GOOD
1790983963097,3815,1992.0,-130.34684984100363,75.0,141.1,98.0,-1.7,-0.2,1.08,GOOD
1790983963097,3816,1952.0,-102.23713469684412,75.0,141.1,98.0,-1.7,-0.2,1.08,GOOD
1790983963097,3817,1945.0,-62.49532654428149,73.0,141.1,98.0,-1.7,-0.2,1.08,GOOD
1790983963097,3818,2315.0,-24.423784777235557,71.0,141.1,98.0,-1.7,-0.2,1.08,GOOD
1790983963097,3819,2298.0,44.280500878026444,70.0,141.1,98.0,-1.7,-0.2,1.08,GOOD
1790983963097,3820,2281.0,154.54079019716266,69.0,141.1,98.0,-1.7,-0.2,1.08,GOOD
1790983963097,3821,2256.0,257.8190470956377,72.0,141.1,98.0,-1.7,-0.2,1.08,GOOD
1790983963097,3822,2046.0,299.94621581105935,69.0,141.1,98.0,-1.7,-0.2,1.08,GOOD
1790983963097,3823,2074.0,263.17540527747576,66.0,141.1,98.0,-1.7,-0.2,1.08,GOOD
1790983963097,3824,2088.0,176.78511964856293,64.0,141.1,98.0,-1.7,-0.2,1.08,GOOD
1790983963097,3825,2095.0,95.03045508323318,60.0,141.1,98.0,-1.7,-0.2,1.08,GOOD
1790983963098,3826,1975.0,46.448395959245715,32000.0,141.1,98.0,-1.7,-0.2,1.08,GOOD
1790983963098,3827,2003.0,22.40807799991836,32000.0,141.1,98.0,-1.7,-0.2,1.08,GOOD
1790983963098,3828,2015.0,10.008261534142033,32000.0,141.1,98.0,-1.7,-0.2,1.08,GOOD
1790983963098,3829,2029.0,6.435986543830555,32000.0,141.1,98.0,-1.7,-0.2,1.08,GOOD
1790983963098,3830,1911.0,2.764578677059604,32000.0,141.1,98.0,-1.7,-0.2,1.08,GOOD
1790983963098,3831,1907.0,-16.265189565170157,32000.0,141.1,98.0,-1.7,-0.2,1.08,GOOD
1790983963098,3832,1911.0,-48.947084410058636,32000.0,141.1,98.0,-1.7,-0.2,1.08,GOOD
1790983963098,3833,1908.0,-76.89687906155153,32000.0,141.1,98.0,-1.7,-0.2,1.08,GOOD
1790983963098,3834,1863.0,-93.24351327321389,32000.0,141.1,98.0,-1.7,-0.2,1.08,GOOD
1790983963098,3835,1826.0,-109.23372118131368,32000.0,141.1,98.0,-1.7,-0.2,1.08,GOOD
1790983963098,3836,1810.0,-132.52384806407045,32000.0,141.1,98.0,-1.7,-0.2,1.08,GOOD
1790983963098,3837,1801.0,-156.14890912464654,32000.0,141.1,98.0,-1.7,-0.2,1.08,GOOD
1790983963098,3838,2188.0,-156.17976413868934,32000.0,141.1,98.0,-1.7,-0.2,1.08,GOOD
1790983963098,3839,2192.0,-99.80453846852609,32000.0,141.1,98.0,-1.7,-0.2,1.08,GOOD
1790983963098,3840,2196.0,9.856363021032731,32000.0,141.1,98.0,-1.7,-0.2,1.08,GOOD
1790983963098,3841,2066.0,120.38538904225396,32000.0,141.1,98.0,-1.7,-0.2,1.08,GOOD
1790983963098,3842,2075.0,181.92019483887483,32000.0,141.1,98.0,-1.7,-0.2,1.08,GOOD
1790983963098,3843,2060.0,182.2528043997433,32000.0,141.1,98.0,-1.7,-0.2,1.08,GOOD
1790983963098,3844,2061.0,137.67982798303098,32000.0,141.1,98.0,-1.7,-0.2,1.08,GOOD
1790983963098,3845,1977.0,73.79896423621369,32000.0,141.1,98.0,-1.7,-0.2,1.08,GOOD
1790983963098,3846,2025.0,18.849165120517856,32000.0,141.1,98.0,-1.7,-0.2,1.08,GOOD
1790983963098,3847,2052.0,-1.1115611064559872,32000.0,141.1,98.0,-1.7,-0.2,1.08,GOOD
1790983963098,3848,2056.0,16.43305611507501,32000.0,141.1,98.0,-1.7,-0.2,1.08,GOOD
1790983963098,3849,2629.0,65.5139940872572,32000.0,141.1,98.0,-1.7,-0.2,1.08,GOOD
1790983963098,3850,2616.0,169.80549468961485,32000.0,141.1,98.0,-1.7,-0.2,1.08,GOOD
1790983963230,3851,2637.0,335.84188834723176,32000.0,141.1,98.0,-1.7,-0.2,1.08,GOOD
1790983963230,3852,2638.0,511.7801276328514,32000.0,141.1,98.0,-1.7,-0.2,1.08,GOOD
1790983963230,3853,1850.0,606.1243758512637,32000.0,141.1,98.0,-1.7,-0.2,1.08,GOOD
1790983963230,3854,1792.0,516.342751786261,32000.0,141.1,98.0,-1.7,-0.2,1.08,GOOD
1790983963230,3855,1757.0,239.09894518351723,32000.0,141.1,98.0,-1.7,-0.2,1.08,GOOD
1790983963230,3856,1753.0,-85.31329298937398,32000.0,141.1,98.0,-1.7,-0.2,1.08,GOOD
1790983963230,3857,1809.0,-306.55335020848236,32000.0,141.1,98.0,-1.7,-0.2,1.08,GOOD
1790983963230,3858,1827.0,-370.03857451143176,32000.0,141.1,98.0,-1.7,-0.2,1.08,GOOD
1790983963230,3859,1825.0,-315.855143587082,32000.0,141.1,98.0,-1.7,-0.2,1.08,GOOD
1790983963230,3860,2189.0,-214.18109002745376,32000.0,141.1,98.0,-1.7,-0.2,1.08,GOOD
1790983963230,3861,2136.0,-99.80616898862382,32000.0,141.1,98.0,-1.7,-0.2,1.08,GOOD
1790983963230,3862,2175.0,12.919941051878464,32000.0,141.1,98.0,-1.7,-0.2,1.08,GOOD
1790983963230,3863,2188.0,105.04741179296042,32000.0,141.1,98.0,-1.7,-0.2,1.08,GOOD
1790983963230,3864,1860.0,154.32007121890652,32000.0,141.1,98.0,-1.7,-0.2,1.08,GOOD
1790983963230,3865,1857.0,128.34669723236422,32000.0,141.1,98.0,-1.7,-0.2,1.08,GOOD
1790983963230,3866,1863.0,24.49206270639086,32000.0,141.1,98.0,-1.7,-0.2,1.08,GOOD
1790983963230,3867,1899.0,-99.62331491525632,32000.0,141.1,98.0,-1.7,-0.2,1.08,GOOD
1790983963230,3868,1987.0,-173.76393891006822,32000.0,141.1,98.0,-1.7,-0.2,1.08,GOOD
1790983963230,3869,1957.0,-168.26133931209057,32000.0,141.1,98.0,-1.7,-0.2,1.08,GOOD
1790983963230,3870,1927.0,-110.75732409474264,32000.0,141.1,98.0,-1.7,-0.2,1.08,GOOD
1790983963230,3871,1914.0,-58.49116502247287,32000.0,141.1,98.0,-1.7,-0.2,1.08,GOOD
1790983963230,3872,2100.0,-38.75545155540042,32000.0,141.1,98.0,-1.7,-0.2,1.08,GOOD
1790983963230,3873,2089.0,-27.78569064764544,32000.0,141.1,98.0,-1.7,-0.2,1.08,GOOD
1790983963230,3874,2076.0,1.913231645684137,32000.0,141.1,98.0,-1.7,-0.2,1.08,GOOD
1790983963230,3875,2035.0,42.51682585412719,32000.0,141.1,98.0,-1.7,-0.2,1.08,GOOD
1790983963300,3876,1995.0,67.12723711240069,32000.0,141.1,98.0,-1.6,-0.2,1.08,GOOD
1790983963300,3877,1978.0,58.04378753155474,32000.0,141.1,98.0,-1.6,-0.2,1.08,GOOD
1790983963300,3878,1966.0,20.110384500368472,32000.0,141.1,98.0,-1.6,-0.2,1.08,GOOD
1790983963300,3879,1943.0,-24.302173048351996,32000.0,141.1,98.0,-1.6,-0.2,1.08,GOOD
1790983963300,3880,2029.0,-51.02943929446927,32000.0,141.1,98.0,-1.6,-0.2,1.08,GOOD
1790983963300,3881,2059.0,-45.89281788851345,32000.0,141.1,98.0,-1.6,-0.2,1.08,GOOD
1790983963300,3882,2099.0,-13.19841386093202,32000.0,141.1,98.0,-1.6,-0.2,1.08,GOOD
1790983963300,3883,2118.0,29.416507775695855,32000.0,141.1,98.0,-1.6,-0.2,1.08,GOOD
1790983963300,3884,2044.0,65.39297836082082,32000.0,141.1,98.0,-1.6,-0.2,1.08,GOOD
1790983963300,3885,2141.0,87.04183696375264,32000.0,141.1,98.0,-1.6,-0.2,1.08,GOOD
1790983963300,3886,2056.0,96.0339391583102,32000.0,141.1,98.0,-1.6,-0.2,1.08,GOOD
1790983963300,3887,2083.0,92.48505320694737,32000.0,141.1,98.0,-1.6,-0.2,1.08,GOOD
1790983963300,3888,2185.0,80.56614053129223,32000.0,141.1,98.0,-1.6,-0.2,1.08,GOOD
1790983963300,3889,2194.0,81.51916709795947,32000.0,141.1,98.0,-1.6,-0.2,1.08,GOOD
1790983963300,3890,2192.0,108.90473629574126,32000.0,141.1,98.0,-1.6,-0.2,1.08,GOOD
1790983963300,3891,2209.0,149.0943483312958,32000.0,141.1,98.0,-1.6,-0.2,1.08,GOOD
1790983963300,3892,2093.0,175.48515056246285,32000.0,141.1,98.0,-1.6,-0.2,1.08,GOOD
1790983963300,3893,2090.0,166.99099855226882,32000.0,141.1,98.0,-1.6,-0.2,1.08,GOOD
1790983963300,3894,2084.0,126.72847831437011,32000.0,141.1,98.0,-1.6,-0.2,1.08,GOOD
1790983963300,3895,2073.0,80.52851388390653,32000.0,141.1,98.0,-1.6,-0.2,1.08,GOOD
1790983963300,3896,2370.0,60.83258695910751,32000.0,141.1,98.0,-1.6,-0.2,1.08,GOOD
1790983963300,3897,2356.0,95.76778955686929,32000.0,141.1,98.0,-1.6,-0.2,1.08,GOOD
1790983963300,3898,2363.0,179.10230135644127,32000.0,141.1,98.0,-1.6,-0.2,1.08,GOOD
1790983963300,3899,2351.0,267.4110196433264,32000.0,141.1,98.0,-1.6,-0.2,1.08,GOOD
1790983963300,3900,2342.0,324.5175156199541,32000.0,141.1,98.0,-1.6,-0.2,1.08,GOOD
1790983963422,3901,2326.0,339.8686812522944,32000.0,141.1,98.0,-1.6,-0.2,1.08,GOOD
1790983963422,3902,2327.0,319.30332696649975,32000.0,141.1,98.0,-1.6,-0.2,1.08,GOOD
1790983963422,3903,2246.0,278.0754109433693,32000.0,141.1,98.0,-1.6,-0.2,1.08,GOOD
1790983963422,3904,2268.0,234.1675080305654,32000.0,141.1,98.0,-1.6,-0.2,1.08,GOOD
1790983963422,3905,2269.0,203.58146503010545,32000.0,141.1,98.0,-1.6,-0.2,1.08,GOOD
1790983963422,3906,2311.0,192.97525947394448,32000.0,141.1,98.0,-1.6,-0.2,1.08,GOOD
1790983963422,3907,2026.0,184.5822081748363,32000.0,141.1,98.0,-1.6,-0.2,1.08,GOOD
1790983963422,3908,2051.0,144.54214884146865,32000.0,141.1,98.0,-1.6,-0.2,1.08,GOOD
1790983963422,3909,2048.0,70.92899713626466,32000.0,141.1,98.0,-1.6,-0.2,1.08,GOOD
1790983963422,3910,2033.0,0.1335789418337061,32000.0,141.1,98.0,-1.6,-0.2,1.08,GOOD
1790983963422,3911,2000.0,-45.66740854200765,32000.0,141.1,98.0,-1.6,-0.2,1.08,GOOD
1790983963422,3912,1985.0,-73.21764821569222,32000.0,141.1,98.0,-1.6,-0.2,1.08,GOOD
1790983963422,3913,2010.0,-89.54911098813271,32000.0,141.1,98.0,-1.6,-0.2,1.08,GOOD
1790983963422,3914,1994.0,-92.1000109388801,32000.0,141.1,98.0,-1.6,-0.2,1.08,GOOD
1790983963422,3915,1895.0,-87.74189783508879,32000.0,141.1,98.0,-1.6,-0.2,1.08,GOOD
1790983963422,3916,1818.0,-100.91067124023982,32000.0,141.1,98.0,-1.6,-0.2,1.08,GOOD
1790983963422,3917,1781.0,-147.5054360187454,32000.0,141.1,98.0,-1.6,-0.2,1.08,GOOD
1790983963422,3918,1765.0,-213.56268560647436,32000.0,141.1,98.0,-1.6,-0.2,1.08,GOOD
1790983963422,3919,2175.0,-254.48774569693484,32000.0,141.1,98.0,-1.6,-0.2,1.08,GOOD
1790983963422,3920,2162.0,-218.25598672036566,32000.0,141.1,98.0,-1.6,-0.2,1.08,GOOD
1790983963422,3921,2175.0,-105.94493838919327,32000.0,141.1,98.0,-1.6,-0.2,1.08,GOOD
1790983963422,3922,2206.0,23.050598834197885,32000.0,141.1,98.0,-1.6,-0.2,1.08,GOOD
1790983963422,3923,2106.0,115.50795466900419,32000.0,141.1,98.0,-1.6,-0.2,1.08,GOOD
1790983963422,3924,2088.0,146.92950198740095,32000.0,141.1,98.0,-1.6,-0.2,1.08,GOOD
1790983963422,3925,2061.0,116.49006167446832,32000.0,141.1,98.0,-1.6,-0.2,1.08,GOOD
1790983963508,3926,2051.0,50.51009622274813,32000.0,141.1,98.0,-1.7,-0.2,1.08,GOOD
1790983963508,3927,1982.0,-13.858662740355276,32000.0,141.1,98.0,-1.7,-0.2,1.08,GOOD
1790983963508,3928,2013.0,-53.242892698416526,32000.0,141.1,98.0,-1.7,-0.2,1.08,GOOD
1790983963508,3929,1983.0,-66.7105888370659,32000.0,141.1,98.0,-1.7,-0.2,1.08,GOOD
1790983963508,3930,1983.0,-70.27305589643566,32000.0,141.1,98.0,-1.7,-0.2,1.08,GOOD
1790983963508,3931,1860.0,-83.79805176747945,32000.0,141.1,98.0,-1.7,-0.2,1.08,GOOD
1790983963508,3932,1912.0,-113.40108721541367,32000.0,141.1,98.0,-1.7,-0.2,1.08,GOOD
1790983963508,3933,1931.0,-142.55657474055033,32000.0,141.1,98.0,-1.7,-0.2,1.08,GOOD
1790983963508,3934,1916.0,-153.39720754074676,32000.0,141.1,98.0,-1.7,-0.2,1.08,GOOD
1790983963508,3935,1865.0,-153.24385199063232,32000.0,141.1,98.0,-1.7,-0.2,1.08,GOOD
1790983963508,3936,1889.0,-159.0491451153799,32000.0,141.1,98.0,-1.7,-0.2,1.08,GOOD
1790983963508,3937,1920.0,-167.4798295357656,32000.0,141.1,98.0,-1.7,-0.2,1.08,GOOD
1790983963508,3938,1928.0,-162.95803400843695,32000.0,141.1,98.0,-1.7,-0.2,1.08,GOOD
1790983963508,3939,1844.0,-148.30944614363773,32000.0,141.1,98.0,-1.7,-0.2,1.08,GOOD
1790983963508,3940,1812.0,-146.77720582211134,32000.0,141.1,98.0,-1.7,-0.2,1.08,GOOD
1790983963508,3941,1819.0,-169.58195445561523,32000.0,141.1,98.0,-1.7,-0.2,1.08,GOOD
1790983963508,3942,1841.0,-199.61719873724934,32000.0,141.1,98.0,-1.7,-0.2,1.08,GOOD
1790983963508,3943,2138.0,-203.1427565653566,32000.0,141.1,98.0,-1.7,-0.2,1.08,GOOD
1790983963508,3944,2087.0,-153.112606006676,32000.0,141.1,98.0,-1.7,-0.2,1.08,GOOD
1790983963508,3945,2065.0,-64.3130171999489,32000.0,141.1,98.0,-1.7,-0.2,1.08,GOOD
1790983963508,3946,2106.0,17.943677934470937,32000.0,141.1,98.0,-1.7,-0.2,1.08,GOOD
1790983963508,3947,2136.0,71.0022487824436,32000.0,141.1,98.0,-1.7,-0.2,1.08,GOOD
1790983963508,3948,2137.0,98.19767784885012,32000.0,141.1,98.0,-1.7,-0.2,1.08,GOOD
1790983963508,3949,2123.0,103.08576886886152,32000.0,141.1,98.0,-1.7,-0.2,1.08,GOOD
1790983963508,3950,1727.0,75.76456259219623,32000.0,141.1,98.0,-1.7,-0.2,1.08,GOOD
1790983963652,3951,1801.0,-0.09076345280914566,32000.0,141.1,98.0,-1.7,-0.2,1.08,GOOD
1790983963652,3952,1834.0,-105.3931542004444,32000.0,141.1,98.0,-1.7,-0.2,1.08,GOOD
1790983963652,3953,1851.0,-190.64298892389596,32000.0,141.1,98.0,-1.7,-0.2,1.08,GOOD
1790983963652,3954,1908.0,-230.29943998319663,32000.0,141.1,98.0,-1.7,-0.2,1.08,GOOD
1790983963652,3955,1912.0,-224.80443391418177,32000.0,141.1,98.0,-1.7,-0.2,1.08,GOOD
1790983963652,3956,1929.0,-181.16423502563424,32000.0,141.1,98.0,-1.7,-0.2,1.08,GOOD
1790983963652,3957,1932.0,-119.45311692677323,32000.0,141.1,98.0,-1.7,-0.2,1.08,GOOD
1790983963652,3958,1925.0,-72.7275481113252,32000.0,141.1,98.0,-1.7,-0.2,1.08,GOOD
1790983963652,3959,1893.0,-65.28455989702542,32000.0,141.1,98.0,-1.7,-0.2,1.08,GOOD
1790983963652,3960,1898.0,-89.9702441138584,32000.0,141.1,98.0,-1.7,-0.2,1.08,GOOD
1790983963652,3961,1901.0,-114.61939808000317,32000.0,141.1,98.0,-1.7,-0.2,1.08,GOOD
1790983963652,3962,1967.0,-114.57427283383433,32000.0,141.1,98.0,-1.7,-0.2,1.08,GOOD
1790983963652,3963,1906.0,-95.65990033201493,32000.0,141.1,98.0,-1.7,-0.2,1.08,GOOD
1790983963652,3964,1870.0,-84.92399426839835,32000.0,141.1,98.0,-1.7,-0.2,1.08,GOOD
1790983963652,3965,1854.0,-96.84807301525487,32000.0,141.1,98.0,-1.7,-0.2,1.08,GOOD
1790983963652,3966,2196.0,-104.01960841856314,32000.0,141.1,98.0,-1.7,-0.2,1.08,GOOD
1790983963652,3967,2208.0,-58.708883183570904,32000.0,141.1,98.0,-1.7,-0.2,1.08,GOOD
1790983963652,3968,2213.0,39.54664226794065,32000.0,141.1,98.0,-1.7,-0.2,1.08,GOOD
1790983963652,3969,1802.0,122.54812882667073,32000.0,141.1,98.0,-1.7,-0.2,1.08,GOOD
1790983963652,3970,1852.0,119.5813590261661,32000.0,141.1,98.0,-1.7,-0.2,1.08,GOOD
1790983963652,3971,1857.0,34.530591913115956,32000.0,141.1,98.0,-1.7,-0.2,1.08,GOOD
1790983963652,3972,1861.0,-71.0569752806822,32000.0,141.1,98.0,-1.7,-0.2,1.08,GOOD
1790983963652,3973,1876.0,-151.49661230419593,32000.0,141.1,98.0,-1.7,-0.2,1.08,GOOD
1790983963652,3974,1900.0,-188.7235382766353,32000.0,141.1,98.0,-1.7,-0.2,1.08,GOOD
1790983963652,3975,1913.0,-174.0905701652843,32000.0,141.1,98.0,-1.7,-0.2,1.08,GOOD
1790983963894,3976,1902.0,-121.1912209450149,-19.0,141.1,98.0,-1.7,-0.3,1.09,GOOD
1790983963894,3977,1922.0,-70.124155466877,-19.0,141.1,98.0,-1.7,-0.3,1.09,GOOD
1790983963894,3978,1881.0,-55.627325160404126,-19.0,141.1,98.0,-1.7,-0.3,1.09,GOOD
1790983963894,3979,1875.0,-76.16447620766277,-20.0,141.1,98.0,-1.7,-0.3,1.09,GOOD
1790983963894,3980,1881.0,-100.54736251733237,-20.0,141.1,98.0,-1.7,-0.3,1.09,GOOD
1790983963894,3981,1905.0,-103.40653953968584,-19.0,141.1,98.0,-1.7,-0.3,1.09,GOOD
1790983963894,3982,1841.0,-92.72733844388864,-19.0,141.1,98.0,-1.7,-0.3,1.09,GOOD
1790983963894,3983,1817.0,-96.5155706944357,-19.0,141.1,98.0,-1.7,-0.3,1.09,GOOD
1790983963894,3984,1819.0,-122.24074892152221,-19.0,141.1,98.0,-1.7,-0.3,1.09,GOOD
1790983963894,3985,2176.0,-132.72893169610524,-19.0,141.1,98.0,-1.7,-0.3,1.09,GOOD
1790983963894,3986,2165.0,-78.39345529593264,-19.0,141.1,98.0,-1.7,-0.3,1.09,GOOD
1790983963894,3987,2159.0,32.099397474139145,-20.0,141.1,98.0,-1.7,-0.3,1.09,GOOD
1790983963894,3988,1793.0,121.4865040429012,-20.0,141.1,98.0,-1.7,-0.3,1.09,GOOD
1790983963894,3989,1837.0,120.72625671752465,-19.0,141.1,98.0,-1.7,-0.3,1.09,GOOD
1790983963894,3990,1835.0,38.79762481672866,-20.0,141.1,98.0,-1.7,-0.3,1.09,GOOD
1790983963894,3991,1859.0,-61.9088564873551,-20.0,141.1,98.0,-1.7,-0.3,1.09,GOOD
1790983963894,3992,1911.0,-134.10976576897767,-19.0,141.1,98.0,-1.7,-0.3,1.09,GOOD
1790983963894,3993,1967.0,-156.07420370079677,-19.0,141.1,98.0,-1.7,-0.3,1.09,GOOD
1790983963894,3994,1998.0,-119.0074532496722,-20.0,141.1,98.0,-1.7,-0.3,1.09,GOOD
1790983963894,3995,1999.0,-40.87550482227322,-18.0,141.1,98.0,-1.7,-0.3,1.09,GOOD
1790983963894,3996,1984.0,31.74866258577902,-19.0,141.1,98.0,-1.7,-0.3,1.09,GOOD
1790983963894,3997,1975.0,58.398090269472135,-20.0,141.1,98.0,-1.7,-0.3,1.09,GOOD
1790983963894,3998,2006.0,42.063654625683185,-19.0,141.1,98.0,-1.7,-0.3,1.09,GOOD
1790983963894,3999,2264.0,31.52015267508499,-20.0,141.1,98.0,-1.7,-0.3,1.09,GOOD
1790983963894,4000,2160.0,72.79591227479341,-21.0,141.1,98.0,-1.7,-0.3,1.09,GOOD
1790983963895,4001,2087.0,145.45953714293012,32000.0,141.1,98.0,-1.7,-0.3,1.09,GOOD
1790983963895,4002,2035.0,184.994797578619,32000.0,141.1,98.0,-1.7,-0.3,1.09,GOOD
1790983963895,4003,2043.0,166.8037796192071,32000.0,141.1,98.0,-1.7,-0.3,1.09,GOOD
1790983963895,4004,2051.0,121.25488663626214,32000.0,141.1,98.0,-1.7,-0.3,1.09,GOOD
1790983963895,4005,2035.0,83.051618199627,32000.0,141.1,98.0,-1.7,-0.3,1.09,GOOD
1790983963895,4006,1714.0,47.89670989449519,32000.0,141.1,98.0,-1.7,-0.3,1.09,GOOD
1790983963895,4007,1767.0,-15.461429453932865,32000.0,141.1,98.0,-1.7,-0.3,1.09,GOOD
1790983963895,4008,1795.0,-103.13058143163582,32000.0,141.1,98.0,-1.7,-0.3,1.09,GOOD
1790983963895,4009,1819.0,-171.08575861159895,32000.0,141.1,98.0,-1.7,-0.3,1.09,GOOD
1790983963895,4010,1829.0,-195.48496107546057,32000.0,141.1,98.0,-1.7,-0.3,1.09,GOOD
1790983963895,4011,1841.0,-186.5571176885066,32000.0,141.1,98.0,-1.7,-0.3,1.09,GOOD
1790983963895,4012,1852.0,-159.4714150151572,32000.0,141.1,98.0,-1.7,-0.3,1.09,GOOD
1790983963895,4013,1866.0,-123.95903322145283,32000.0,141.1,98.0,-1.7,-0.3,1.09,GOOD
1790983963895,4014,1959.0,-88.14914923135116,32000.0,141.1,98.0,-1.7,-0.3,1.09,GOOD
1790983963895,4015,1937.0,-58.089378615885444,32000.0,141.1,98.0,-1.7,-0.3,1.09,GOOD
1790983963895,4016,1935.0,-37.19954938057735,32000.0,141.1,98.0,-1.7,-0.3,1.09,GOOD
1790983963895,4017,2034.0,-19.604794824690586,32000.0,141.1,98.0,-1.7,-0.3,1.09,GOOD
1790983963895,4018,1987.0,7.93534593033881,32000.0,141.1,98.0,-1.7,-0.3,1.09,GOOD
1790983963895,4019,1935.0,38.34618471559314,32000.0,141.1,98.0,-1.7,-0.3,1.09,GOOD
1790983963895,4020,1896.0,43.86572812352026,32000.0,141.1,98.0,-1.7,-0.3,1.09,GOOD
1790983963895,4021,2256.0,29.547396175305032,32000.0,141.1,98.0,-1.7,-0.3,1.09,GOOD
1790983963895,4022,2289.0,50.89674219809143,32000.0,141.1,98.0,-1.7,-0.3,1.09,GOOD
1790983963895,4023,2311.0,139.13699214453254,32000.0,141.1,98.0,-1.7,-0.3,1.09,GOOD
1790983963895,4024,2085.0,246.57757290083777,32000.0,141.1,98.0,-1.7,-0.3,1.09,GOOD
1790983963895,4025,2112.0,298.445720809211,32000.0,141.1,98.0,-1.7,-0.3,1.09,GOOD
1790983963895,4026,2110.0,272.47613564426206,32000.0,141.1,98.0,-1.7,-0.3,1.09,GOOD
1790983963895,4027,2113.0,205.9005619293056,32000.0,141.1,98.0,-1.7,-0.3,1.09,GOOD
1790983963895,4028,1935.0,137.38327681077175,32000.0,141.1,98.0,-1.7,-0.3,1.09,GOOD
1790983963895,4029,1962.0,76.68535383703039,32000.0,141.1,98.0,-1.7,-0.3,1.09,GOOD
1790983963895,4030,1952.0,27.861433448520195,32000.0,141.1,98.0,-1.7,-0.3,1.09,GOOD
1790983963895,4031,2110.0,4.278512443968787,32000.0,141.1,98.0,-1.7,-0.3,1.09,GOOD
1790983963895,4032,2066.0,13.630602856513278,32000.0,141.1,98.0,-1.7,-0.3,1.09,GOOD
1790983963895,4033,2064.0,43.75614199558836,32000.0,141.1,98.0,-1.7,-0.3,1.09,GOOD
1790983963895,4034,2067.0,75.21479363999913,32000.0,141.1,98.0,-1.7,-0.3,1.09,GOOD
1790983963895,4035,2249.0,106.89296543578173,32000.0,141.1,98.0,-1.7,-0.3,1.09,GOOD
1790983963895,4036,2187.0,148.21234189529164,32000.0,141.1,98.0,-1.7,-0.3,1.09,GOOD
1790983963895,4037,2171.0,187.60264194822287,32000.0,141.1,98.0,-1.7,-0.3,1.09,GOOD
1790983963895,4038,2178.0,204.266852686493,32000.0,141.1,98.0,-1.7,-0.3,1.09,GOOD
1790983963895,4039,2313.0,207.8001867790537,32000.0,141.1,98.0,-1.7,-0.3,1.09,GOOD
1790983963895,4040,2319.0,227.46717066639198,32000.0,141.1,98.0,-1.7,-0.3,1.09,GOOD
1790983963895,4041,2314.0,266.3167935408319,32000.0,141.1,98.0,-1.7,-0.3,1.09,GOOD
1790983963895,4042,2218.0,295.511880806906,32000.0,141.1,98.0,-1.7,-0.3,1.09,GOOD
1790983963895,4043,2278.0,294.5815972225002,32000.0,141.1,98.0,-1.7,-0.3,1.09,GOOD
1790983963895,4044,2314.0,278.007537961279,32000.0,141.1,98.0,-1.7,-0.3,1.09,GOOD
1790983963895,4045,2310.0,270.6480527616478,32000.0,141.1,98.0,-1.7,-0.3,1.09,GOOD
1790983963895,4046,2072.0,264.75198444737646,32000.0,141.1,98.0,-1.7,-0.3,1.09,GOOD
1790983963895,4047,2087.0,228.13964272823554,32000.0,141.1,98.0,-1.7,-0.3,1.09,GOOD
1790983963895,4048,2101.0,159.87275298193006,32000.0,141.1,98.0,-1.7,-0.3,1.09,GOOD
1790983963895,4049,2263.0,102.71191712931184,32000.0,141.1,98.0,-1.7,-0.3,1.09,GOOD
1790983963895,4050,2200.0,91.6888985203015,32000.0,141.1,98.0,-1.7,-0.3,1.09,GOOD
1790983964101,4051,2165.0,115.72633883864282,32000.0,141.1,98.0,-1.7,-0.3,1.08,GOOD
1790983964101,4052,2147.0,140.65979493790238,32000.0,141.1,98.0,-1.7,-0.3,1.08,GOOD
1790983964101,4053,2228.0,152.98694484847374,32000.0,141.1,98.0,-1.7,-0.3,1.08,GOOD
1790983964101,4054,2185.0,158.939747823086,32000.0,141.1,98.0,-1.7,-0.3,1.08,GOOD
1790983964101,4055,2145.0,155.81328284465758,32000.0,141.1,98.0,-1.7,-0.3,1.08,GOOD
1790983964101,4056,2109.0,134.74056843599388,32000.0,141.1,98.0,-1.7,-0.3,1.08,GOOD
1790983964101,4057,2096.0,102.56553247529516,32000.0,141.1,98.0,-1.7,-0.3,1.08,GOOD
1790983964101,4058,2127.0,77.1081353583765,32000.0,141.1,98.0,-1.7,-0.3,1.08,GOOD
1790983964101,4059,2124.0,65.83868156016301,32000.0,141.1,98.0,-1.7,-0.3,1.08,GOOD
1790983964101,4060,1996.0,56.086387682751244,32000.0,141.1,98.0,-1.7,-0.3,1.08,GOOD
1790983964101,4061,2011.0,30.430230749846345,32000.0,141.1,98.0,-1.7,-0.3,1.08,GOOD
1790983964101,4062,2034.0,-4.589542322513605,32000.0,141.1,98.0,-1.7,-0.3,1.08,GOOD
1790983964101,4063,2060.0,-25.268638614811863,32000.0,141.1,98.0,-1.7,-0.3,1.08,GOOD
1790983964101,4064,1743.0,-37.54398387204437,32000.0,141.1,98.0,-1.7,-0.3,1.08,GOOD
1790983964101,4065,1753.0,-82.12504294290011,32000.0,141.1,98.0,-1.7,-0.3,1.08,GOOD
1790983964101,4066,1758.0,-167.9405100080687,32000.0,141.1,98.0,-1.7,-0.3,1.08,GOOD
1790983964101,4067,1917.0,-245.01197776065698,32000.0,141.1,98.0,-1.7,-0.3,1.08,GOOD
1790983964101,4068,1890.0,-265.18649203489997,32000.0,141.1,98.0,-1.7,-0.3,1.08,GOOD
1790983964101,4069,1874.0,-233.50803323922878,32000.0,141.1,98.0,-1.7,-0.3,1.08,GOOD
1790983964101,4070,1857.0,-188.5433910648446,32000.0,141.1,98.0,-1.7,-0.3,1.08,GOOD
1790983964101,4071,2014.0,-150.62819566483233,32000.0,141.1,98.0,-1.7,-0.3,1.08,GOOD
1790983964101,4072,1977.0,-112.7024353715673,32000.0,141.1,98.0,-1.7,-0.3,1.08,GOOD
1790983964101,4073,1965.0,-76.55431653695521,32000.0,141.1,98.0,-1.7,-0.3,1.08,GOOD
1790983964101,4074,1957.0,-58.09747140542988,32000.0,141.1,98.0,-1.7,-0.3,1.08,GOOD
1790983964101,4075,2061.0,-53.794466994948756,32000.0,141.1,98.0,-1.7,-0.3,1.08,GOOD
1790983964213,4076,2059.0,-39.90707554032177,32000.0,141.1,98.0,-1.6,-0.2,1.08,GOOD
1790983964213,4077,2072.0,-8.981753717924867,32000.0,141.1,98.0,-1.6,-0.2,1.08,GOOD
1790983964213,4078,1977.0,17.980208581759772,32000.0,141.1,98.0,-1.6,-0.2,1.08,GOOD
1790983964213,4079,2023.0,20.290048249401984,32000.0,141.1,98.0,-1.6,-0.2,1.08,GOOD
1790983964213,4080,2040.0,5.521106437921354,32000.0,141.1,98.0,-1.6,-0.2,1.08,GOOD
1790983964213,4081,2029.0,-4.352577209278945,32000.0,141.1,98.0,-1.6,-0.2,1.08,GOOD
1790983964213,4082,1801.0,-13.044631765402741,32000.0,141.1,98.0,-1.6,-0.2,1.08,GOOD
1790983964213,4083,1838.0,-48.162952026413265,32000.0,141.1,98.0,-1.6,-0.2,1.08,GOOD
1790983964213,4084,1859.0,-110.03177916577795,32000.0,141.1,98.0,-1.6,-0.2,1.08,GOOD
1790983964213,4085,1846.0,-164.3344874553182,32000.0,141.1,98.0,-1.6,-0.2,1.08,GOOD
1790983964213,4086,1886.0,-187.90655942437252,32000.0,141.1,98.0,-1.6,-0.2,1.08,GOOD
1790983964213,4087,1864.0,-183.69328222056112,32000.0,141.1,98.0,-1.6,-0.2,1.08,GOOD
1790983964213,4088,1866.0,-165.58689008222518,32000.0,141.1,98.0,-1.6,-0.2,1.08,GOOD
1790983964213,4089,2067.0,-139.029362887711,32000.0,141.1,98.0,-1.6,-0.2,1.08,GOOD
1790983964213,4090,2014.0,-95.76111388289479,32000.0,141.1,98.0,-1.6,-0.2,1.08,GOOD
1790983964213,4091,1976.0,-43.356525804192664,32000.0,141.1,98.0,-1.6,-0.2,1.08,GOOD
1790983964213,4092,1964.0,-8.94616100714476,32000.0,141.1,98.0,-1.6,-0.2,1.08,GOOD
1790983964213,4093,2086.0,1.6561046836831501,32000.0,141.1,98.0,-1.6,-0.2,1.08,GOOD
1790983964213,4094,2106.0,11.195283329729516,32000.0,141.1,98.0,-1.6,-0.2,1.08,GOOD
1790983964213,4095,2097.0,33.712815548788285,32000.0,141.1,98.0,-1.6,-0.2,1.08,GOOD
1790983964213,4096,1947.0,54.01252730916191,32000.0,141.1,98.0,-1.6,-0.2,1.08,GOOD
1790983964213,4097,1994.0,50.33368950531685,32000.0,141.1,98.0,-1.6,-0.2,1.08,GOOD
1790983964213,4098,2048.0,27.698617658874873,32000.0,141.1,98.0,-1.6,-0.2,1.08,GOOD
1790983964213,4099,2085.0,11.165286923695414,32000.0,141.1,98.0,-1.6,-0.2,1.08,GOOD
1790983964213,4100,1856.0,3.981138879968676,32000.0,141.1,98.0,-1.6,-0.2,1.08,GOOD
1790983964293,4101,1881.0,-17.733701568206882,32000.0,94.2,98.0,-1.6,-0.2,1.08,GOOD
1790983964293,4102,1898.0,-58.38729379473589,32000.0,94.2,98.0,-1.6,-0.2,1.08,GOOD
1790983964293,4103,1912.0,-93.51687418033147,32000.0,94.2,98.0,-1.6,-0.2,1.08,GOOD
1790983964293,4104,1892.0,-111.24834996420785,32000.0,94.2,98.0,-1.6,-0.2,1.08,GOOD
1790983964293,4105,1861.0,-121.35483953164398,32000.0,94.2,98.0,-1.6,-0.2,1.08,GOOD
1790983964293,4106,1851.0,-130.33263459284188,32000.0,94.2,98.0,-1.6,-0.2,1.08,GOOD
1790983964293,4107,2025.0,-127.10432167600209,32000.0,94.2,98.0,-1.6,-0.2,1.08,GOOD
1790983964293,4108,1972.0,-97.85890295882045,32000.0,94.2,98.0,-1.6,-0.2,1.08,GOOD
1790983964293,4109,1947.0,-56.86042731841405,32000.0,94.2,98.0,-1.6,-0.2,1.08,GOOD
1790983964293,4110,1931.0,-34.25627697892338,32000.0,94.2,98.0,-1.6,-0.2,1.08,GOOD
1790983964293,4111,2157.0,-26.177371248779256,32000.0,94.2,98.0,-1.6,-0.2,1.08,GOOD
1790983964293,4112,2162.0,4.010922100227477,32000.0,94.2,98.0,-1.6,-0.2,1.08,GOOD
1790983964293,4113,2175.0,66.48342115368001,32000.0,94.2,98.0,-1.6,-0.2,1.08,GOOD
1790983964293,4114,1979.0,122.20486987540815,32000.0,94.2,98.0,-1.6,-0.2,1.08,GOOD
1790983964293,4115,2007.0,129.30841524850416,32000.0,94.2,98.0,-1.6,-0.2,1.08,GOOD
1790983964293,4116,2006.0,91.10316397512511,32000.0,94.2,98.0,-1.6,-0.2,1.08,GOOD
1790983964293,4117,2008.0,42.374535042893385,32000.0,94.2,98.0,-1.6,-0.2,1.08,GOOD
1790983964293,4118,1737.0,-5.239249417103311,32000.0,94.2,98.0,-1.6,-0.2,1.08,GOOD
1790983964293,4119,1801.0,-68.84453248652092,32000.0,94.2,98.0,-1.6,-0.2,1.08,GOOD
1790983964293,4120,1817.0,-141.1077039500119,32000.0,94.2,98.0,-1.6,-0.2,1.08,GOOD
1790983964293,4121,1818.0,-187.62010174737097,32000.0,94.2,98.0,-1.6,-0.2,1.08,GOOD
1790983964293,4122,1829.0,-198.04887381885334,32000.0,94.2,98.0,-1.6,-0.2,1.08,GOOD
1790983964293,4123,1815.0,-190.36703686760504,32000.0,94.2,98.0,-1.6,-0.2,1.08,GOOD
1790983964293,4124,1808.0,-179.74188216040068,32000.0,94.2,98.0,-1.6,-0.2,1.08,GOOD
1790983964293,4125,2146.0,-155.7115754147879,32000.0,94.2,98.0,-1.6,-0.2,1.08,GOOD
1790983964376,4126,2081.0,-91.90211694149362,32000.0,94.2,98.0,-1.6,-0.3,1.09,GOOD
1790983964376,4127,2052.0,0.36346379837874654,32000.0,94.2,98.0,-1.6,-0.3,1.09,GOOD
1790983964376,4128,2049.0,72.31440292414526,32000.0,94.2,98.0,-1.6,-0.3,1.09,GOOD
1790983964376,4129,2114.0,104.1454897340284,32000.0,94.2,98.0,-1.6,-0.3,1.09,GOOD
1790983964376,4130,2110.0,115.10060221595762,32000.0,94.2,98.0,-1.6,-0.3,1.09,GOOD
1790983964376,4131,2103.0,119.96408831550454,32000.0,94.2,98.0,-1.6,-0.3,1.09,GOOD
1790983964376,4132,1986.0,112.5557829367709,32000.0,94.2,98.0,-1.6,-0.3,1.09,GOOD
1790983964376,4133,2041.0,87.16379253649743,32000.0,94.2,98.0,-1.6,-0.3,1.09,GOOD
1790983964376,4134,2059.0,59.55235381730713,32000.0,94.2,98.0,-1.6,-0.3,1.09,GOOD
1790983964376,4135,2060.0,49.41471722534678,32000.0,94.2,98.0,-1.6,-0.3,1.09,GOOD
1790983964376,4136,1811.0,43.65585441967889,32000.0,94.2,98.0,-1.6,-0.3,1.09,GOOD
1790983964376,4137,1827.0,6.8774295704055834,32000.0,94.2,98.0,-1.6,-0.3,1.09,GOOD
1790983964376,4138,1846.0,-61.992522854355485,32000.0,94.2,98.0,-1.6,-0.3,1.09,GOOD
1790983964376,4139,1879.0,-122.70064831756113,32000.0,94.2,98.0,-1.6,-0.3,1.09,GOOD
1790983964376,4140,1801.0,-150.64523127925838,32000.0,94.2,98.0,-1.6,-0.3,1.09,GOOD
1790983964376,4141,1793.0,-159.5996136675265,32000.0,94.2,98.0,-1.6,-0.3,1.09,GOOD
1790983964376,4142,1803.0,-166.93452959708517,32000.0,94.2,98.0,-1.6,-0.3,1.09,GOOD
1790983964376,4143,1820.0,-170.4250631098858,32000.0,94.2,98.0,-1.6,-0.3,1.09,GOOD
1790983964376,4144,2206.0,-149.3116875180267,32000.0,94.2,98.0,-1.6,-0.3,1.09,GOOD
1790983964376,4145,2173.0,-77.08190172571261,32000.0,94.2,98.0,-1.6,-0.3,1.09,GOOD
1790983964376,4146,2171.0,36.80170048432382,32000.0,94.2,98.0,-1.6,-0.3,1.09,GOOD
1790983964376,4147,2171.0,145.11068829007425,32000.0,94.2,98.0,-1.6,-0.3,1.09,GOOD
1790983964376,4148,2717.0,236.6682861556403,32000.0,94.2,98.0,-1.6,-0.3,1.09,GOOD
1790983964376,4149,2712.0,353.17349735042455,32000.0,94.2,98.0,-1.6,-0.3,1.09,GOOD
1790983964376,4150,2716.0,501.38029487280903,32000.0,94.2,98.0,-1.6,-0.3,1.09,GOOD
1790983964490,4151,2749.0,631.7788597171341,32000.0,94.2,98.0,-1.7,-0.3,1.09,GOOD
1790983964490,4152,1842.0,679.5371104789823,32000.0,94.2,98.0,-1.7,-0.3,1.09,GOOD
1790983964490,4153,1858.0,570.7559953601954,32000.0,94.2,98.0,-1.7,-0.3,1.09,GOOD
1790983964490,4154,1814.0,303.9003471563839,32000.0,94.2,98.0,-1.7,-0.3,1.09,GOOD
1790983964490,4155,1802.0,-7.675363923698669,32000.0,94.2,98.0,-1.7,-0.3,1.09,GOOD
1790983964490,4156,1621.0,-248.96510833616344,32000.0,94.2,98.0,-1.7,-0.3,1.09,GOOD
1790983964490,4157,1702.0,-373.37446895033645,32000.0,94.2,98.0,-1.7,-0.3,1.09,GOOD
1790983964490,4158,1713.0,-384.2714690846649,32000.0,94.2,98.0,-1.7,-0.3,1.09,GOOD
1790983964490,4159,1688.0,-330.0934842159239,32000.0,94.2,98.0,-1.7,-0.3,1.09,GOOD
1790983964490,4160,1991.0,-274.75898659700675,32000.0,94.2,98.0,-1.7,-0.3,1.09,GOOD
1790983964490,4161,1929.0,-231.32114840365693,32000.0,94.2,98.0,-1.7,-0.3,1.09,GOOD
1790983964490,4162,1948.0,-173.178928695669,32000.0,94.2,98.0,-1.7,-0.3,1.09,GOOD
1790983964490,4163,1965.0,-93.69410131219477,32000.0,94.2,98.0,-1.7,-0.3,1.09,GOOD
1790983964490,4164,1987.0,-18.207651883970968,32000.0,94.2,98.0,-1.7,-0.3,1.09,GOOD
1790983964490,4165,1936.0,15.371911193249653,32000.0,94.2,98.0,-1.7,-0.3,1.09,GOOD
1790983964490,4166,1960.0,-5.728035346343127,32000.0,94.2,98.0,-1.7,-0.3,1.09,GOOD
1790983964490,4167,2005.0,-43.30581204036337,32000.0,94.2,98.0,-1.7,-0.3,1.09,GOOD
1790983964490,4168,2237.0,-36.71353495593915,32000.0,94.2,98.0,-1.7,-0.3,1.09,GOOD
1790983964490,4169,2176.0,35.1335597925771,32000.0,94.2,98.0,-1.7,-0.3,1.09,GOOD
1790983964490,4170,2151.0,124.71361804302622,32000.0,94.2,98.0,-1.7,-0.3,1.09,GOOD
1790983964490,4171,2185.0,173.8563653820593,32000.0,94.2,98.0,-1.7,-0.3,1.09,GOOD
1790983964490,4172,2267.0,186.52495116062357,32000.0,94.2,98.0,-1.7,-0.3,1.09,GOOD
1790983964490,4173,2254.0,203.44638519218813,32000.0,94.2,98.0,-1.7,-0.3,1.09,GOOD
1790983964490,4174,2200.0,230.61100451157284,32000.0,94.2,98.0,-1.7,-0.3,1.09,GOOD
1790983964490,4175,2178.0,237.06603816734003,32000.0,94.2,98.0,-1.7,-0.3,1.09,GOOD
1790983964606,4176,2096.0,206.69237795019095,32000.0,94.2,98.0,-1.7,-0.2,1.08,GOOD
1790983964606,4177,2146.0,159.1338496871113,32000.0,94.2,98.0,-1.7,-0.2,1.08,GOOD
1790983964606,4178,2145.0,125.19592039015666,32000.0,94.2,98.0,-1.7,-0.2,1.08,GOOD
1790983964606,4179,2105.0,112.44924953195297,32000.0,94.2,98.0,-1.7,-0.2,1.08,GOOD
1790983964606,4180,2001.0,98.6777868100277,32000.0,94.2,98.0,-1.7,-0.2,1.08,GOOD
1790983964606,4181,2036.0,66.2234512768569,32000.0,94.2,98.0,-1.7,-0.2,1.08,GOOD
1790983964606,4182,2061.0,29.944022078863405,32000.0,94.2,98.0,-1.7,-0.2,1.08,GOOD
1790983964606,4183,2133.0,16.639172075845455,32000.0,94.2,98.0,-1.7,-0.2,1.08,GOOD
1790983964606,4184,2081.0,29.394211407994213,32000.0,94.2,98.0,-1.7,-0.2,1.08,GOOD
1790983964606,4185,2066.0,46.82965179606137,32000.0,94.2,98.0,-1.7,-0.2,1.08,GOOD
1790983964606,4186,2106.0,54.495270298910036,32000.0,94.2,98.0,-1.7,-0.2,1.08,GOOD
1790983964606,4187,2354.0,69.44378771263088,32000.0,94.2,98.0,-1.7,-0.2,1.08,GOOD
1790983964606,4188,2335.0,118.98401409281901,32000.0,94.2,98.0,-1.7,-0.2,1.08,GOOD
1790983964606,4189,2286.0,192.6224936562455,32000.0,94.2,98.0,-1.7,-0.2,1.08,GOOD
1790983964606,4190,2278.0,249.3313846069627,32000.0,94.2,98.0,-1.7,-0.2,1.08,GOOD
1790983964606,4191,2297.0,271.19272488369154,32000.0,94.2,98.0,-1.7,-0.2,1.08,GOOD
1790983964606,4192,2316.0,270.9673178651383,32000.0,94.2,98.0,-1.7,-0.2,1.08,GOOD
1790983964606,4193,2296.0,260.3884434873478,32000.0,94.2,98.0,-1.7,-0.2,1.08,GOOD
1790983964606,4194,2255.0,240.2856032032376,32000.0,94.2,98.0,-1.7,-0.2,1.08,GOOD
1790983964606,4195,2025.0,205.81671389178658,32000.0,94.2,98.0,-1.7,-0.2,1.08,GOOD
1790983964606,4196,2083.0,151.64753537263698,32000.0,94.2,98.0,-1.7,-0.2,1.08,GOOD
1790983964606,4197,2110.0,87.85405033211921,32000.0,94.2,98.0,-1.7,-0.2,1.08,GOOD
1790983964606,4198,2101.0,34.93851571662378,32000.0,94.2,98.0,-1.7,-0.2,1.08,GOOD
1790983964606,4199,2238.0,7.140953013282797,32000.0,94.2,98.0,-1.7,-0.2,1.08,GOOD
1790983964606,4200,2287.0,21.476699609688684,32000.0,94.2,98.0,-1.7,-0.2,1.08,GOOD
1790983964702,4201,2339.0,86.9619872374135,32000.0,94.2,98.0,-1.6,-0.2,1.08,GOOD
1790983964702,4202,2379.0,179.20149914509074,32000.0,94.2,98.0,-1.6,-0.2,1.08,GOOD
1790983964702,4203,2503.0,259.93973731726294,32000.0,94.2,98.0,-1.6,-0.2,1.08,GOOD
1790983964702,4204,2443.0,312.13427279312,32000.0,94.2,98.0,-1.6,-0.2,1.08,GOOD
1790983964702,4205,2437.0,339.63899386685375,32000.0,94.2,98.0,-1.6,-0.2,1.08,GOOD
1790983964702,4206,2075.0,337.52430629328387,32000.0,94.2,98.0,-1.6,-0.2,1.08,GOOD
1790983964702,4207,2008.0,276.76272420093414,32000.0,94.2,98.0,-1.6,-0.2,1.08,GOOD
1790983964702,4208,1942.0,144.08111343344348,32000.0,94.2,98.0,-1.6,-0.2,1.08,GOOD
1790983964702,4209,1893.0,-23.20475759507135,32000.0,94.2,98.0,-1.6,-0.2,1.08,GOOD
1790983964702,4210,2214.0,-153.19764943135277,32000.0,94.2,98.0,-1.6,-0.2,1.08,GOOD
1790983964702,4211,2259.0,-174.68253811435903,32000.0,94.2,98.0,-1.6,-0.2,1.08,GOOD
1790983964702,4212,2282.0,-79.24383081205299,32000.0,94.2,98.0,-1.6,-0.2,1.08,GOOD
1790983964702,4213,2250.0,59.12304443028687,32000.0,94.2,98.0,-1.6,-0.2,1.08,GOOD
1790983964702,4214,1811.0,139.9451857965366,32000.0,94.2,98.0,-1.6,-0.2,1.08,GOOD
1790983964702,4215,1829.0,97.07941158953642,32000.0,94.2,98.0,-1.6,-0.2,1.08,GOOD
1790983964702,4216,1861.0,-46.57933835110846,32000.0,94.2,98.0,-1.6,-0.2,1.08,GOOD
1790983964702,4217,1875.0,-198.17869662329502,32000.0,94.2,98.0,-1.6,-0.2,1.08,GOOD
1790983964702,4218,2175.0,-277.18113374942953,32000.0,94.2,98.0,-1.6,-0.2,1.08,GOOD
1790983964702,4219,2164.0,-247.7511124065959,32000.0,94.2,98.0,-1.6,-0.2,1.08,GOOD
1790983964702,4220,2188.0,-129.83255056603727,32000.0,94.2,98.0,-1.6,-0.2,1.08,GOOD
1790983964702,4221,2219.0,9.804217415259028,32000.0,94.2,98.0,-1.6,-0.2,1.08,GOOD
1790983964702,4222,2028.0,101.9871062328442,32000.0,94.2,98.0,-1.6,-0.2,1.08,GOOD
1790983964702,4223,2014.0,105.0745411824857,32000.0,94.2,98.0,-1.6,-0.2,1.08,GOOD
1790983964702,4224,1998.0,30.65877503514588,32000.0,94.2,98.0,-1.6,-0.2,1.08,GOOD
1790983964702,4225,2017.0,-60.72965941922469,32000.0,94.2,98.0,-1.6,-0.2,1.08,GOOD
1790983964770,4226,2017.0,-115.68221821218184,32000.0,94.2,98.0,-1.7,-0.3,1.08,GOOD
1790983964770,4227,2008.0,-126.07899903474959,32000.0,94.2,98.0,-1.7,-0.3,1.08,GOOD
1790983964770,4228,1973.0,-116.62035178414256,32000.0,94.2,98.0,-1.7,-0.3,1.08,GOOD
1790983964770,4229,1936.0,-112.88923628895544,32000.0,94.2,98.0,-1.7,-0.3,1.08,GOOD
1790983964770,4230,2055.0,-117.87770675441371,32000.0,94.2,98.0,-1.7,-0.3,1.08,GOOD
1790983964770,4231,2060.0,-114.25203722672028,32000.0,94.2,98.0,-1.7,-0.3,1.08,GOOD
1790983964770,4232,2064.0,-93.5808368051011,32000.0,94.2,98.0,-1.7,-0.3,1.08,GOOD
1790983964770,4233,2031.0,-69.05764653056225,32000.0,94.2,98.0,-1.7,-0.3,1.08,GOOD
1790983964770,4234,1905.0,-59.468287195798176,32000.0,94.2,98.0,-1.7,-0.3,1.08,GOOD
1790983964770,4235,1916.0,-76.26570705272144,32000.0,94.2,98.0,-1.7,-0.3,1.08,GOOD
1790983964770,4236,1952.0,-113.50438362264569,32000.0,94.2,98.0,-1.7,-0.3,1.08,GOOD
1790983964770,4237,1974.0,-149.88924608496325,32000.0,94.2,98.0,-1.7,-0.3,1.08,GOOD
1790983964770,4238,2135.0,-161.26202392406861,32000.0,94.2,98.0,-1.7,-0.3,1.08,GOOD
1790983964770,4239,2142.0,-127.90506453460685,32000.0,94.2,98.0,-1.7,-0.3,1.08,GOOD
1790983964770,4240,2162.0,-53.736207549066165,32000.0,94.2,98.0,-1.7,-0.3,1.08,GOOD
1790983964770,4241,2205.0,28.549371413774413,32000.0,94.2,98.0,-1.7,-0.3,1.08,GOOD
1790983964770,4242,2025.0,79.71617987427146,32000.0,94.2,98.0,-1.7,-0.3,1.08,GOOD
1790983964770,4243,2004.0,72.67941902033432,32000.0,94.2,98.0,-1.7,-0.3,1.08,GOOD
1790983964770,4244,1977.0,14.198149785238236,32000.0,94.2,98.0,-1.7,-0.3,1.08,GOOD
1790983964770,4245,1972.0,-56.951353572424885,32000.0,94.2,98.0,-1.7,-0.3,1.08,GOOD
1790983964770,4246,1869.0,-112.85871234562606,32000.0,94.2,98.0,-1.7,-0.3,1.08,GOOD
1790983964770,4247,1885.0,-155.48448536656645,32000.0,94.2,98.0,-1.7,-0.3,1.08,GOOD
1790983964770,4248,1851.0,-191.24432809067576,32000.0,94.2,98.0,-1.7,-0.3,1.08,GOOD
1790983964770,4249,1838.0,-216.78365124900415,32000.0,94.2,98.0,-1.7,-0.3,1.08,GOOD
1790983964770,4250,2026.0,-222.8772442556085,32000.0,94.2,98.0,-1.7,-0.3,1.08,GOOD
1790983964929,4251,2041.0,-196.87104997967555,32000.0,95.6,98.0,-1.7,-0.3,1.07,GOOD
1790983964929,4252,2055.0,-141.23776684778463,32000.0,95.6,98.0,-1.7,-0.3,1.07,GOOD
1790983964929,4253,2023.0,-80.40245167597412,32000.0,95.6,98.0,-1.7,-0.3,1.07,GOOD
1790983964929,4254,2052.0,-36.016192164149864,32000.0,95.6,98.0,-1.7,-0.3,1.07,GOOD
1790983964929,4255,2050.0,-13.608095814682603,32000.0,95.6,98.0,-1.7,-0.3,1.07,GOOD
1790983964929,4256,2076.0,-9.896152934407827,32000.0,95.6,98.0,-1.7,-0.3,1.07,GOOD
1790983964929,4257,2107.0,-15.63715482175775,32000.0,95.6,98.0,-1.7,-0.3,1.07,GOOD
1790983964929,4258,2170.0,-13.071311579437118,32000.0,95.6,98.0,-1.7,-0.3,1.07,GOOD
1790983964929,4259,2133.0,11.23726065081879,32000.0,95.6,98.0,-1.7,-0.3,1.07,GOOD
1790983964929,4260,2116.0,46.46299070924126,32000.0,95.6,98.0,-1.7,-0.3,1.07,GOOD
1790983964929,4261,2123.0,67.11759019512452,32000.0,95.6,98.0,-1.7,-0.3,1.07,GOOD
1790983964929,4262,2026.0,59.12102616761174,32000.0,95.6,98.0,-1.7,-0.3,1.07,GOOD
1790983964929,4263,2053.0,27.192681441437305,32000.0,95.6,98.0,-1.7,-0.3,1.07,GOOD
1790983964929,4264,2038.0,-9.768782340209208,32000.0,95.6,98.0,-1.7,-0.3,1.07,GOOD
1790983964929,4265,2060.0,-33.341847040915134,32000.0,95.6,98.0,-1.7,-0.3,1.07,GOOD
1790983964929,4266,1853.0,-48.847672223918146,32000.0,95.6,98.0,-1.7,-0.3,1.07,GOOD
1790983964929,4267,1896.0,-79.99701709653867,32000.0,95.6,98.0,-1.7,-0.3,1.07,GOOD
1790983964929,4268,1892.0,-128.93129697068326,32000.0,95.6,98.0,-1.7,-0.3,1.07,GOOD
1790983964929,4269,1874.0,-171.44880208292932,32000.0,95.6,98.0,-1.7,-0.3,1.07,GOOD
1790983964929,4270,2056.0,-187.19476132648725,32000.0,95.6,98.0,-1.7,-0.3,1.07,GOOD
1790983964929,4271,2053.0,-165.44290487962485,32000.0,95.6,98.0,-1.7,-0.3,1.07,GOOD
1790983964929,4272,2054.0,-111.49389012828094,32000.0,95.6,98.0,-1.7,-0.3,1.07,GOOD
1790983964929,4273,2023.0,-51.648337932876295,32000.0,95.6,98.0,-1.7,-0.3,1.07,GOOD
1790983964929,4274,1977.0,-13.932704569300421,32000.0,95.6,98.0,-1.7,-0.3,1.07,GOOD
1790983964929,4275,1964.0,-13.199260220369968,32000.0,95.6,98.0,-1.7,-0.3,1.07,GOOD
1790983965019,4276,1980.0,-44.21128326606676,32000.0,95.6,98.0,-1.7,-0.3,1.09,GOOD
1790983965019,4277,2235.0,-72.80688555520226,32000.0,95.6,98.0,-1.7,-0.3,1.09,GOOD
1790983965019,4278,2229.0,-52.05881994308265,32000.0,95.6,98.0,-1.7,-0.3,1.09,GOOD
1790983965019,4279,2194.0,24.1515873863691,32000.0,95.6,98.0,-1.7,-0.3,1.09,GOOD
1790983965019,4280,2268.0,111.67300433200047,32000.0,95.6,98.0,-1.7,-0.3,1.09,GOOD
1790983965019,4281,2134.0,167.13539147201723,32000.0,95.6,98.0,-1.7,-0.3,1.09,GOOD
1790983965019,4282,2163.0,172.6963444442469,32000.0,95.6,98.0,-1.7,-0.3,1.09,GOOD
1790983965019,4283,2160.0,138.65537151962272,32000.0,95.6,98.0,-1.7,-0.3,1.09,GOOD
1790983965019,4284,2147.0,96.14526222387173,32000.0,95.6,98.0,-1.7,-0.3,1.09,GOOD
1790983965019,4285,1913.0,59.09116593966801,32000.0,95.6,98.0,-1.7,-0.3,1.09,GOOD
1790983965019,4286,1971.0,12.41549621332861,32000.0,95.6,98.0,-1.7,-0.3,1.09,GOOD
1790983965019,4287,1994.0,-45.974636953826064,32000.0,95.6,98.0,-1.7,-0.3,1.09,GOOD
1790983965019,4288,1989.0,-92.7950586272325,32000.0,95.6,98.0,-1.7,-0.3,1.09,GOOD
1790983965019,4289,1965.0,-114.70085057401283,32000.0,95.6,98.0,-1.7,-0.3,1.09,GOOD
1790983965019,4290,1946.0,-118.11837543241506,32000.0,95.6,98.0,-1.7,-0.3,1.09,GOOD
1790983965019,4291,1974.0,-112.28735685464618,32000.0,95.6,98.0,-1.7,-0.3,1.09,GOOD
1790983965019,4292,1983.0,-102.57636110707452,32000.0,95.6,98.0,-1.7,-0.3,1.09,GOOD
1790983965019,4293,2335.0,-80.49815938822296,32000.0,95.6,98.0,-1.7,-0.3,1.09,GOOD
1790983965019,4294,2262.0,-22.203782308464415,32000.0,95.6,98.0,-1.7,-0.3,1.09,GOOD
1790983965019,4295,2239.0,69.74349040215182,32000.0,95.6,98.0,-1.7,-0.3,1.09,GOOD
1790983965019,4296,2237.0,155.3316551026069,32000.0,95.6,98.0,-1.7,-0.3,1.09,GOOD
1790983965019,4297,2238.0,203.45946967979552,32000.0,95.6,98.0,-1.7,-0.3,1.09,GOOD
1790983965019,4298,2251.0,209.0944397491789,32000.0,95.6,98.0,-1.7,-0.3,1.09,GOOD
1790983965019,4299,2266.0,184.50606115866222,32000.0,95.6,98.0,-1.7,-0.3,1.09,GOOD
1790983965019,4300,2310.0,157.23739532090173,32000.0,95.6,98.0,-1.7,-0.3,1.09,GOOD
1790983965119,4301,2074.0,146.30000077934906,32000.0,95.6,98.0,-1.7,-0.4,1.07,GOOD
1790983965119,4302,2066.0,133.80256544133806,32000.0,95.6,98.0,-1.7,-0.4,1.07,GOOD
1790983965119,4303,2011.0,90.71963324203318,32000.0,95.6,98.0,-1.7,-0.4,1.07,GOOD
1790983965119,4304,1965.0,15.301556375901534,32000.0,95.6,98.0,-1.7,-0.4,1.07,GOOD
1790983965119,4305,1815.0,-74.85258596223105,32000.0,95.6,98.0,-1.7,-0.4,1.07,GOOD
1790983965119,4306,1905.0,-156.60330150608232,32000.0,95.6,98.0,-1.7,-0.4,1.07,GOOD
1790983965119,4307,1938.0,-202.63899209339434,32000.0,95.6,98.0,-1.7,-0.4,1.07,GOOD
1790983965119,4308,1951.0,-203.01983865968214,32000.0,95.6,98.0,-1.7,-0.4,1.07,GOOD
1790983965119,4309,2059.0,-175.1256221048788,32000.0,95.6,98.0,-1.7,-0.4,1.07,GOOD
1790983965119,4310,2063.0,-133.92857729839878,32000.0,95.6,98.0,-1.7,-0.4,1.07,GOOD
1790983965119,4311,2084.0,-81.49930300455581,32000.0,95.6,98.0,-1.7,-0.4,1.07,GOOD
1790983965119,4312,2066.0,-26.542037494208063,32000.0,95.6,98.0,-1.7,-0.4,1.07,GOOD
1790983965119,4313,2599.0,31.856729756972136,32000.0,95.6,98.0,-1.7,-0.4,1.07,GOOD
1790983965119,4314,2582.0,125.24265142881048,32000.0,95.6,98.0,-1.7,-0.4,1.07,GOOD
1790983965119,4315,2621.0,263.661170024575,32000.0,95.6,98.0,-1.7,-0.4,1.07,GOOD
1790983965119,4316,2675.0,409.6339302136954,32000.0,95.6,98.0,-1.7,-0.4,1.07,GOOD
1790983965119,4317,2381.0,515.3505078585508,32000.0,95.6,98.0,-1.7,-0.4,1.07,GOOD
1790983965119,4318,2257.0,528.8585035062206,32000.0,95.6,98.0,-1.7,-0.4,1.07,GOOD
1790983965119,4319,2183.0,423.6173677570238,32000.0,95.6,98.0,-1.7,-0.4,1.07,GOOD
1790983965119,4320,2161.0,245.65239942651348,32000.0,95.6,98.0,-1.7,-0.4,1.07,GOOD
1790983965119,4321,1742.0,66.85809778420305,32000.0,95.6,98.0,-1.7,-0.4,1.07,GOOD
1790983965119,4322,1757.0,-87.51770962535099,32000.0,95.6,98.0,-1.7,-0.4,1.07,GOOD
1790983965119,4323,1695.0,-220.99061591912954,32000.0,95.6,98.0,-1.7,-0.4,1.07,GOOD
1790983965119,4324,1645.0,-332.0357044516346,32000.0,95.6,98.0,-1.7,-0.4,1.07,GOOD
1790983965119,4325,2064.0,-403.39206924602445,32000.0,95.6,98.0,-1.7,-0.4,1.07,GOOD
1790983965245,4326,2148.0,-386.26738891961304,32000.0,95.6,98.0,-1.7,-0.3,1.07,LEAD_OFF
1790983965245,4327,2207.0,-255.39998797726398,32000.0,95.6,98.0,-1.7,-0.3,1.07,LEAD_OFF
1790983965245,4328,2073.0,-72.47244852796436,32000.0,95.6,98.0,-1.7,-0.3,1.07,LEAD_OFF
1790983965245,4329,1807.0,49.70924048361818,32000.0,95.6,98.0,-1.7,-0.3,1.07,LEAD_OFF
1790983965245,4330,1837.0,35.80236833610711,32000.0,95.6,98.0,-1.7,-0.3,1.07,LEAD_OFF
1790983965245,4331,1894.0,-84.43949226913728,32000.0,95.6,98.0,-1.7,-0.3,1.07,LEAD_OFF
1790983965245,4332,1927.0,-208.37462571154705,32000.0,95.6,98.0,-1.7,-0.3,1.07,LEAD_OFF
1790983965245,4333,2141.0,-253.11317448399794,32000.0,95.6,98.0,-1.7,-0.3,1.07,LEAD_OFF
1790983965245,4334,2073.0,-200.7963121041642,32000.0,95.6,98.0,-1.7,-0.3,1.07,LEAD_OFF
1790983965245,4335,2079.0,-97.91185103708024,32000.0,95.6,98.0,-1.7,-0.3,1.07,LEAD_OFF
1790983965245,4336,2108.0,-11.093130757130698,32000.0,95.6,98.0,-1.7,-0.3,1.07,LEAD_OFF
1790983965245,4337,2233.0,35.263312682072055,32000.0,95.6,98.0,-1.7,-0.3,1.07,LEAD_OFF
1790983965245,4338,2161.0,58.82377640954579,32000.0,95.6,98.0,-1.7,-0.3,1.07,LEAD_OFF
1790983965245,4339,2112.0,71.85464087743054,32000.0,95.6,98.0,-1.7,-0.3,1.07,LEAD_OFF
1790983965245,4340,2111.0,69.625869865964,32000.0,95.6,98.0,-1.7,-0.3,1.07,LEAD_OFF
1790983965245,4341,2140.0,54.475066317146315,32000.0,95.6,98.0,-1.7,-0.3,1.07,LEAD_OFF
1790983965245,4342,2164.0,39.435232599053336,32000.0,95.6,98.0,-1.7,-0.3,1.07,LEAD_OFF
1790983965245,4343,2146.0,33.07950981713864,32000.0,95.6,98.0,-1.7,-0.3,1.07,LEAD_OFF
1790983965245,4344,2136.0,34.72163137035862,32000.0,95.6,98.0,-1.7,-0.3,1.07,LEAD_OFF
1790983965245,4345,2185.0,42.36077378790478,32000.0,95.6,98.0,-1.7,-0.3,1.07,LEAD_OFF
1790983965245,4346,2271.0,59.64430556748749,32000.0,95.6,98.0,-1.7,-0.3,1.07,LEAD_OFF
1790983965245,4347,2298.0,89.89116076160362,32000.0,95.6,98.0,-1.7,-0.3,1.07,LEAD_OFF
1790983965245,4348,2280.0,126.31932620135896,32000.0,95.6,98.0,-1.7,-0.3,1.07,LEAD_OFF
1790983965245,4349,1975.0,144.96254537395646,32000.0,95.6,98.0,-1.7,-0.3,1.07,LEAD_OFF
1790983965245,4350,1998.0,114.64863878619047,32000.0,95.6,98.0,-1.7,-0.3,1.07,LEAD_OFF
1790983965382,4351,2033.0,37.131027819982755,32000.0,95.6,98.0,-1.6,-0.3,1.08,GOOD
1790983965382,4352,2030.0,-47.78585667633607,32000.0,95.6,98.0,-1.6,-0.3,1.08,GOOD
1790983965382,4353,2084.0,-104.28862334219204,32000.0,95.6,98.0,-1.6,-0.3,1.08,GOOD
1790983965382,4354,2082.0,-115.56557151896273,32000.0,95.6,98.0,-1.6,-0.3,1.08,GOOD
1790983965382,4355,2118.0,-81.9133720677141,32000.0,95.6,98.0,-1.6,-0.3,1.08,GOOD
1790983965382,4356,2152.0,-24.95159606690089,32000.0,95.6,98.0,-1.6,-0.3,1.08,GOOD
1790983965382,4357,2269.0,27.63366699483638,32000.0,95.6,98.0,-1.6,-0.3,1.08,GOOD
1790983965382,4358,2224.0,64.43508376481107,32000.0,95.6,98.0,-1.6,-0.3,1.08,GOOD
1790983965382,4359,2208.0,88.87571120477918,32000.0,95.6,98.0,-1.6,-0.3,1.08,GOOD
1790983965382,4360,2226.0,107.53974918785482,32000.0,95.6,98.0,-1.6,-0.3,1.08,GOOD
1790983965382,4361,2341.0,127.27780540260278,32000.0,95.6,98.0,-1.6,-0.3,1.08,GOOD
1790983965382,4362,2310.0,149.11504720126607,32000.0,95.6,98.0,-1.6,-0.3,1.08,GOOD
1790983965382,4363,2273.0,162.98275907726529,32000.0,95.6,98.0,-1.6,-0.3,1.08,GOOD
1790983965382,4364,2263.0,162.72774508416265,32000.0,95.6,98.0,-1.6,-0.3,1.08,GOOD
1790983965382,4365,2202.0,155.69822539509445,32000.0,95.6,98.0,-1.6,-0.3,1.08,GOOD
1790983965382,4366,2218.0,144.40578450149712,32000.0,95.6,98.0,-1.6,-0.3,1.08,GOOD
1790983965382,4367,2211.0,120.97711697379081,32000.0,95.6,98.0,-1.6,-0.3,1.08,GOOD
1790983965382,4368,2419.0,94.40910640933542,32000.0,95.6,98.0,-1.6,-0.3,1.08,GOOD
1790983965382,4369,2459.0,102.00988729151908,32000.0,95.6,98.0,-1.6,-0.3,1.08,GOOD
1790983965382,4370,2503.0,167.7010564478182,32000.0,95.6,98.0,-1.6,-0.3,1.08,GOOD
1790983965382,4371,2540.0,266.7955847417514,32000.0,95.6,98.0,-1.6,-0.3,1.08,GOOD
1790983965382,4372,1998.0,329.72964889595016,32000.0,95.6,98.0,-1.6,-0.3,1.08,GOOD
1790983965382,4373,1971.0,277.5898951086599,32000.0,95.6,98.0,-1.6,-0.3,1.08,GOOD
1790983965382,4374,1949.0,109.72309447876343,32000.0,95.6,98.0,-1.6,-0.3,1.08,GOOD
1790983965382,4375,1960.0,-80.64386992394242,32000.0,95.6,98.0,-1.6,-0.3,1.08,GOOD
1790983965496,4376,1982.0,-208.67028952139674,32000.0,95.6,98.0,-1.6,-0.3,1.08,GOOD
1790983965496,4377,1984.0,-254.12790167865495,32000.0,95.6,98.0,-1.6,-0.3,1.08,GOOD
1790983965496,4378,1967.0,-238.70785723274767,32000.0,95.6,98.0,-1.6,-0.3,1.08,GOOD
1790983965496,4379,1955.0,-197.7216846752936,32000.0,95.6,98.0,-1.6,-0.3,1.08,GOOD
1790983965496,4380,2102.0,-158.06333593897503,32000.0,95.6,98.0,-1.6,-0.3,1.08,GOOD
1790983965496,4381,2098.0,-125.7463033445617,32000.0,95.6,98.0,-1.6,-0.3,1.08,GOOD
1790983965496,4382,2072.0,-98.7380600731209,32000.0,95.6,98.0,-1.6,-0.3,1.08,GOOD
1790983965496,4383,2038.0,-79.34635617410078,32000.0,95.6,98.0,-1.6,-0.3,1.08,GOOD
1790983965496,4384,1870.0,-75.1920539340063,32000.0,95.6,98.0,-1.6,-0.3,1.08,GOOD
1790983965496,4385,1904.0,-100.29755557133277,32000.0,95.6,98.0,-1.6,-0.3,1.08,GOOD
1790983965496,4386,1942.0,-154.33842321128003,32000.0,95.6,98.0,-1.6,-0.3,1.08,GOOD
1790983965496,4387,1973.0,-208.3921766374341,32000.0,95.6,98.0,-1.6,-0.3,1.08,GOOD
1790983965496,4388,1954.0,-230.51093512655171,32000.0,95.6,98.0,-1.6,-0.3,1.08,GOOD
1790983965496,4389,1956.0,-213.2935172832446,32000.0,95.6,98.0,-1.6,-0.3,1.08,GOOD
1790983965496,4390,1966.0,-175.94287148154098,32000.0,95.6,98.0,-1.6,-0.3,1.08,GOOD
1790983965496,4391,1984.0,-146.47167929222906,32000.0,95.6,98.0,-1.6,-0.3,1.08,GOOD
1790983965496,4392,1930.0,-140.95499947684493,32000.0,95.6,98.0,-1.6,-0.3,1.08,GOOD
1790983965496,4393,1932.0,-154.91190985362545,32000.0,95.6,98.0,-1.6,-0.3,1.08,GOOD
1790983965496,4394,1931.0,-169.8572303253708,32000.0,95.6,98.0,-1.6,-0.3,1.08,GOOD
1790983965496,4395,1942.0,-172.9002946549521,32000.0,95.6,98.0,-1.6,-0.3,1.08,GOOD
1790983965496,4396,1835.0,-173.566632571782,32000.0,95.6,98.0,-1.6,-0.3,1.08,GOOD
1790983965496,4397,1817.0,-192.5898758087169,32000.0,95.6,98.0,-1.6,-0.3,1.08,GOOD
1790983965496,4398,1787.0,-231.36655759519488,32000.0,95.6,98.0,-1.6,-0.3,1.08,GOOD
1790983965496,4399,1756.0,-270.31386811899716,32000.0,95.6,98.0,-1.6,-0.3,1.08,GOOD
1790983965496,4400,2208.0,-279.4386792069755,32000.0,95.6,98.0,-1.6,-0.3,1.08,GOOD
1790983965497,4401,2195.0,-223.04564079877412,32000.0,95.6,98.0,-1.6,-0.3,1.08,GOOD
1790983965497,4402,2202.0,-104.03761850019379,32000.0,95.6,98.0,-1.6,-0.3,1.08,GOOD
1790983965497,4403,2181.0,24.469467227066716,32000.0,95.6,98.0,-1.6,-0.3,1.08,GOOD
1790983965497,4404,1867.0,103.85226801478588,32000.0,95.6,98.0,-1.6,-0.3,1.08,GOOD
1790983965497,4405,1864.0,90.08597961007237,32000.0,95.6,98.0,-1.6,-0.3,1.08,GOOD
1790983965497,4406,1881.0,-15.466849422839964,32000.0,95.6,98.0,-1.6,-0.3,1.08,GOOD
1790983965497,4407,1898.0,-149.55384855547211,32000.0,95.6,98.0,-1.6,-0.3,1.08,GOOD
1790983965497,4408,2076.0,-232.0142337849082,32000.0,95.6,98.0,-1.6,-0.3,1.08,GOOD
1790983965497,4409,2097.0,-215.5505361096613,32000.0,95.6,98.0,-1.6,-0.3,1.08,GOOD
1790983965497,4410,2088.0,-119.2574782371442,32000.0,95.6,98.0,-1.6,-0.3,1.08,GOOD
1790983965497,4411,2077.0,-15.632410176207557,32000.0,95.6,98.0,-1.6,-0.3,1.08,GOOD
1790983965497,4412,1839.0,27.667496089775817,32000.0,95.6,98.0,-1.6,-0.3,1.08,GOOD
1790983965497,4413,1872.0,-11.057343112410704,32000.0,95.6,98.0,-1.6,-0.3,1.08,GOOD
1790983965497,4414,1886.0,-96.03595137176228,32000.0,95.6,98.0,-1.6,-0.3,1.08,GOOD
1790983965497,4415,1885.0,-169.1420847715781,32000.0,95.6,98.0,-1.6,-0.3,1.08,GOOD
1790983965497,4416,1786.0,-209.02469109825546,32000.0,95.6,98.0,-1.6,-0.3,1.08,GOOD
1790983965497,4417,1793.0,-231.9453732769514,32000.0,95.6,98.0,-1.6,-0.3,1.08,GOOD
1790983965497,4418,1789.0,-248.83406233370405,32000.0,95.6,98.0,-1.6,-0.3,1.08,GOOD
1790983965497,4419,1764.0,-256.44716617338077,32000.0,95.6,98.0,-1.6,-0.3,1.08,GOOD
1790983965497,4420,1999.0,-249.53910874504948,32000.0,95.6,98.0,-1.6,-0.3,1.08,GOOD
1790983965497,4421,1969.0,-218.5341846389472,32000.0,95.6,98.0,-1.6,-0.3,1.08,GOOD
1790983965497,4422,1970.0,-164.02487033076324,32000.0,95.6,98.0,-1.6,-0.3,1.08,GOOD
1790983965497,4423,1948.0,-105.90597942238148,32000.0,95.6,98.0,-1.6,-0.3,1.08,GOOD
1790983965497,4424,2047.0,-59.73022813615379,32000.0,95.6,98.0,-1.6,-0.3,1.08,GOOD
1790983965497,4425,2025.0,-28.084629442251764,32000.0,95.6,98.0,-1.6,-0.3,1.08,GOOD
1790983965578,4426,2034.0,-12.930559806163483,32000.0,95.6,98.0,-1.6,-0.3,1.09,GOOD
1790983965578,4427,2063.0,-10.891076392796181,32000.0,95.6,98.0,-1.6,-0.3,1.09,GOOD
1790983965578,4428,2069.0,-5.226165516440851,32000.0,95.6,98.0,-1.6,-0.3,1.09,GOOD
1790983965578,4429,2053.0,13.935166720509816,32000.0,95.6,98.0,-1.6,-0.3,1.09,GOOD
1790983965578,4430,2039.0,32.895063629828584,32000.0,95.6,98.0,-1.6,-0.3,1.09,GOOD
1790983965578,4431,2053.0,33.83919687865472,32000.0,95.6,98.0,-1.6,-0.3,1.09,GOOD
1790983965578,4432,1958.0,16.197670286607917,32000.0,95.6,98.0,-1.6,-0.3,1.09,GOOD
1790983965578,4433,1984.0,-8.800982232341182,32000.0,95.6,98.0,-1.6,-0.3,1.09,GOOD
1790983965578,4434,1974.0,-29.824420735556355,32000.0,95.6,98.0,-1.6,-0.3,1.09,GOOD
1790983965578,4435,1967.0,-43.72457219950685,32000.0,95.6,98.0,-1.6,-0.3,1.09,GOOD
1790983965578,4436,1729.0,-65.33300446384447,32000.0,95.6,98.0,-1.6,-0.3,1.09,GOOD
1790983965578,4437,1754.0,-114.95651622179095,32000.0,95.6,98.0,-1.6,-0.3,1.09,GOOD
1790983965578,4438,1750.0,-183.8182456261465,32000.0,95.6,98.0,-1.6,-0.3,1.09,GOOD
1790983965578,4439,1720.0,-241.52823839598125,32000.0,95.6,98.0,-1.6,-0.3,1.09,GOOD
1790983965578,4440,2019.0,-265.1108963387735,32000.0,95.6,98.0,-1.6,-0.3,1.09,GOOD
1790983965578,4441,2012.0,-234.69534834165714,32000.0,95.6,98.0,-1.6,-0.3,1.09,GOOD
1790983965578,4442,2029.0,-149.9127495937093,32000.0,95.6,98.0,-1.6,-0.3,1.09,GOOD
1790983965578,4443,2026.0,-46.57415058075528,32000.0,95.6,98.0,-1.6,-0.3,1.09,GOOD
1790983965578,4444,2051.0,34.02512646096733,32000.0,95.6,98.0,-1.6,-0.3,1.09,GOOD
1790983965578,4445,2028.0,69.98509884998052,32000.0,95.6,98.0,-1.6,-0.3,1.09,GOOD
1790983965578,4446,2042.0,63.0070540283193,32000.0,95.6,98.0,-1.6,-0.3,1.09,GOOD
1790983965578,4447,2090.0,39.527032789455816,32000.0,95.6,98.0,-1.6,-0.3,1.09,GOOD
1790983965578,4448,2165.0,36.28524280849274,32000.0,95.6,98.0,-1.6,-0.3,1.09,GOOD
1790983965578,4449,2131.0,67.5163642618408,32000.0,95.6,98.0,-1.6,-0.3,1.09,GOOD
1790983965578,4450,2109.0,109.17491544701316,32000.0,95.6,98.0,-1.6,-0.3,1.09,GOOD
1790983965987,4451,1858.0,119.22499689734835,25.0,92.9,98.0,-1.6,-0.2,1.08,GOOD
1790983965987,4452,1903.0,73.5177998871895,26.0,92.9,98.0,-1.6,-0.2,1.08,GOOD
1790983965987,4453,1898.0,-7.163779307940311,26.0,92.9,98.0,-1.6,-0.2,1.08,GOOD
1790983965987,4454,1864.0,-80.32658670859007,26.0,92.9,98.0,-1.6,-0.2,1.08,GOOD
1790983965987,4455,1719.0,-133.4238510054921,28.0,92.9,98.0,-1.6,-0.2,1.08,GOOD
1790983965987,4456,1826.0,-176.96450623206238,28.0,92.9,98.0,-1.6,-0.2,1.08,GOOD
1790983965987,4457,1891.0,-200.84973843127548,30.0,92.9,98.0,-1.6,-0.2,1.08,GOOD
1790983965987,4458,1921.0,-185.24423539626554,34.0,92.9,98.0,-1.6,-0.2,1.08,GOOD
1790983965987,4459,2264.0,-126.57509893109963,34.0,92.9,98.0,-1.6,-0.2,1.08,GOOD
1790983965987,4460,2205.0,-26.989346899085536,34.0,92.9,98.0,-1.6,-0.2,1.08,GOOD
1790983965987,4461,2202.0,93.76950930901945,33.0,92.9,98.0,-1.6,-0.2,1.08,GOOD
1790983965987,4462,2205.0,194.91323633587,34.0,92.9,98.0,-1.6,-0.2,1.08,GOOD
1790983965987,4463,2183.0,249.33561298102455,34.0,92.9,98.0,-1.6,-0.2,1.08,GOOD
1790983965987,4464,2144.0,251.26472561639457,35.0,92.9,98.0,-1.6,-0.2,1.08,GOOD
1790983965987,4465,2125.0,210.09358133964253,34.0,92.9,98.0,-1.6,-0.2,1.08,GOOD
1790983965987,4466,2155.0,155.48644500212993,32.0,92.9,98.0,-1.6,-0.2,1.08,GOOD
1790983965987,4467,1982.0,116.73034303973884,34.0,92.9,98.0,-1.6,-0.2,1.08,GOOD
1790983965987,4468,1963.0,88.96952991675613,34.0,92.9,98.0,-1.6,-0.2,1.08,GOOD
1790983965987,4469,1914.0,47.65488155296728,35.0,92.9,98.0,-1.6,-0.2,1.08,GOOD
1790983965987,4470,1889.0,-13.378645914924025,35.0,92.9,98.0,-1.6,-0.2,1.08,GOOD
1790983965987,4471,2079.0,-68.68420061582518,34.0,92.9,98.0,-1.6,-0.2,1.08,GOOD
1790983965987,4472,2147.0,-74.18064505555523,35.0,92.9,98.0,-1.6,-0.2,1.08,GOOD
1790983965987,4473,2158.0,-13.637368334653559,34.0,92.9,98.0,-1.6,-0.2,1.08,GOOD
1790983965987,4474,2145.0,75.4568540668727,37.0,92.9,98.0,-1.6,-0.2,1.08,GOOD
1790983965987,4475,2681.0,163.47927131473725,37.0,92.9,98.0,-1.6,-0.2,1.08,GOOD
1790983965987,4476,1921.0,248.2197139801093,32000.0,92.9,98.0,-1.6,-0.2,1.08,GOOD
1790983965987,4477,1944.0,277.5944050615426,32000.0,92.9,98.0,-1.6,-0.2,1.08,GOOD
1790983965987,4478,1904.0,200.35350139857346,32000.0,92.9,98.0,-1.6,-0.2,1.08,GOOD
1790983965987,4479,1875.0,59.39596463881092,32000.0,92.9,98.0,-1.6,-0.2,1.08,GOOD
1790983965987,4480,1602.0,-84.89391903598207,32000.0,92.9,98.0,-1.6,-0.2,1.08,GOOD
1790983965987,4481,1648.0,-216.75814710086232,32000.0,92.9,98.0,-1.6,-0.2,1.08,GOOD
1790983965987,4482,1655.0,-318.4638390623147,32000.0,92.9,98.0,-1.6,-0.2,1.08,GOOD
1790983965987,4483,1604.0,-365.54594876423596,32000.0,92.9,98.0,-1.6,-0.2,1.08,GOOD
1790983965987,4484,1943.0,-357.18874279817203,32000.0,92.9,98.0,-1.6,-0.2,1.08,GOOD
1790983965987,4485,1966.0,-298.4489226254212,32000.0,92.9,98.0,-1.6,-0.2,1.08,GOOD
1790983965987,4486,2018.0,-197.38005826732385,32000.0,92.9,98.0,-1.6,-0.2,1.08,GOOD
1790983965987,4487,2046.0,-79.66132572187809,32000.0,92.9,98.0,-1.6,-0.2,1.08,GOOD
1790983965987,4488,1928.0,20.847437077880798,32000.0,92.9,98.0,-1.6,-0.2,1.08,GOOD
1790983965987,4489,1885.0,66.1243478927776,32000.0,92.9,98.0,-1.6,-0.2,1.08,GOOD
1790983965987,4490,1891.0,37.70049412519556,32000.0,92.9,98.0,-1.6,-0.2,1.08,GOOD
1790983965987,4491,2414.0,-13.761788379212996,32000.0,92.9,98.0,-1.6,-0.2,1.08,GOOD
1790983965987,4492,2417.0,12.776931246541134,32000.0,92.9,98.0,-1.6,-0.2,1.08,GOOD
1790983965987,4493,2383.0,150.20385447799802,32000.0,92.9,98.0,-1.6,-0.2,1.08,GOOD
1790983965987,4494,2348.0,318.47740206093215,32000.0,92.9,98.0,-1.6,-0.2,1.08,GOOD
1790983965987,4495,1908.0,407.43073706942755,32000.0,92.9,98.0,-1.6,-0.2,1.08,GOOD
1790983965987,4496,1969.0,353.62865215541274,32000.0,92.9,98.0,-1.6,-0.2,1.08,GOOD
1790983965987,4497,1969.0,190.06255089853292,32000.0,92.9,98.0,-1.6,-0.2,1.08,GOOD
1790983965987,4498,1954.0,20.167472631443957,32000.0,92.9,98.0,-1.6,-0.2,1.08,GOOD
1790983965987,4499,2000.0,-79.01968965180255,32000.0,92.9,98.0,-1.6,-0.2,1.08,GOOD
1790983965987,4500,2018.0,-92.82286912793353,32000.0,92.9,98.0,-1.6,-0.2,1.08,GOOD
1790983965988,4501,2042.0,-48.056335643385005,32000.0,92.9,98.0,-1.6,-0.2,1.08,GOOD
1790983965988,4502,2033.0,10.654660709788162,32000.0,92.9,98.0,-1.6,-0.2,1.08,GOOD
1790983965988,4503,1670.0,33.231919594593975,32000.0,92.9,98.0,-1.6,-0.2,1.08,GOOD
1790983965988,4504,1696.0,-19.278500607840726,32000.0,92.9,98.0,-1.6,-0.2,1.08,GOOD
1790983965988,4505,1745.0,-128.76686399087347,32000.0,92.9,98.0,-1.6,-0.2,1.08,GOOD
1790983965988,4506,1814.0,-225.7706187844552,32000.0,92.9,98.0,-1.6,-0.2,1.08,GOOD
1790983965988,4507,2644.0,-231.28007031766168,32000.0,92.9,98.0,-1.6,-0.2,1.08,GOOD
1790983965988,4508,2599.0,-79.71993923636943,32000.0,92.9,98.0,-1.6,-0.2,1.08,GOOD
1790983965988,4509,2592.0,201.7259132825581,32000.0,92.9,98.0,-1.6,-0.2,1.08,GOOD
1790983965988,4510,2617.0,485.4216625494514,32000.0,92.9,98.0,-1.6,-0.2,1.08,GOOD
1790983965988,4511,2112.0,647.0319098751405,32000.0,92.9,98.0,-1.6,-0.2,1.08,GOOD
1790983965988,4512,2108.0,615.3505249778906,32000.0,92.9,98.0,-1.6,-0.2,1.08,GOOD
1790983965988,4513,2073.0,415.443151787052,32000.0,92.9,98.0,-1.6,-0.2,1.08,GOOD
1790983965988,4514,2081.0,173.75484058877888,32000.0,92.9,98.0,-1.6,-0.2,1.08,GOOD
1790983965988,4515,2210.0,19.189035147061265,32000.0,92.9,98.0,-1.6,-0.2,1.08,GOOD
1790983965988,4516,2254.0,2.8983144194691715,32000.0,92.9,98.0,-1.6,-0.2,1.08,GOOD
1790983965988,4517,2238.0,84.94262210781545,32000.0,92.9,98.0,-1.6,-0.2,1.08,GOOD
1790983965988,4518,2205.0,176.92605988108213,32000.0,92.9,98.0,-1.6,-0.2,1.08,GOOD
1790983965988,4519,2027.0,211.7852279028781,32000.0,92.9,98.0,-1.6,-0.2,1.08,GOOD
1790983965988,4520,2051.0,177.67704236938974,32000.0,92.9,98.0,-1.6,-0.2,1.08,GOOD
1790983965988,4521,2063.0,108.9708662120724,32000.0,92.9,98.0,-1.6,-0.2,1.08,GOOD
1790983965988,4522,2028.0,46.053752223406505,32000.0,92.9,98.0,-1.6,-0.2,1.08,GOOD
1790983965988,4523,2135.0,5.775504059860071,32000.0,92.9,98.0,-1.6,-0.2,1.08,GOOD
1790983965988,4524,2135.0,-3.081017947651077,32000.0,92.9,98.0,-1.6,-0.2,1.08,GOOD
1790983965988,4525,2175.0,26.19143196258146,32000.0,92.9,98.0,-1.6,-0.2,1.08,GOOD
1790983966083,4526,2199.0,81.81569051943438,32000.0,92.9,98.0,-1.6,-0.3,1.08,GOOD
1790983966083,4527,2533.0,148.53860450796975,32000.0,92.9,98.0,-1.6,-0.3,1.08,GOOD
1790983966083,4528,2496.0,229.19120832778793,32000.0,92.9,98.0,-1.6,-0.3,1.08,GOOD
1790983966083,4529,2486.0,320.02701675818673,32000.0,92.9,98.0,-1.6,-0.3,1.08,GOOD
1790983966083,4530,2532.0,399.8744556235531,32000.0,92.9,98.0,-1.6,-0.3,1.08,GOOD
1790983966083,4531,2341.0,448.9023701421255,32000.0,92.9,98.0,-1.6,-0.3,1.08,GOOD
1790983966083,4532,2309.0,443.1820010228277,32000.0,92.9,98.0,-1.6,-0.3,1.08,GOOD
1790983966083,4533,2271.0,371.71125331335014,32000.0,92.9,98.0,-1.6,-0.3,1.08,GOOD
1790983966083,4534,2288.0,267.88096234025517,32000.0,92.9,98.0,-1.6,-0.3,1.08,GOOD
1790983966083,4535,2010.0,176.33574000742553,32000.0,92.9,98.0,-1.6,-0.3,1.08,GOOD
1790983966083,4536,2042.0,103.92244949844134,32000.0,92.9,98.0,-1.6,-0.3,1.08,GOOD
1790983966083,4537,1999.0,36.43810313012139,32000.0,92.9,98.0,-1.6,-0.3,1.08,GOOD
1790983966083,4538,1948.0,-31.405308477343052,32000.0,92.9,98.0,-1.6,-0.3,1.08,GOOD
1790983966083,4539,1844.0,-100.46241568192326,32000.0,92.9,98.0,-1.6,-0.3,1.08,GOOD
1790983966083,4540,1886.0,-163.39395859438554,32000.0,92.9,98.0,-1.6,-0.3,1.08,GOOD
1790983966083,4541,1905.0,-200.31036905126427,32000.0,92.9,98.0,-1.6,-0.3,1.08,GOOD
1790983966083,4542,1861.0,-205.15225977258112,32000.0,92.9,98.0,-1.6,-0.3,1.08,GOOD
1790983966083,4543,1867.0,-200.34773981708662,32000.0,92.9,98.0,-1.6,-0.3,1.08,GOOD
1790983966083,4544,1883.0,-204.7452919727345,32000.0,92.9,98.0,-1.6,-0.3,1.08,GOOD
1790983966083,4545,1935.0,-207.7238957675708,32000.0,92.9,98.0,-1.6,-0.3,1.08,GOOD
1790983966083,4546,1964.0,-189.63326663120938,32000.0,92.9,98.0,-1.6,-0.3,1.08,GOOD
1790983966083,4547,1900.0,-154.8231476652798,32000.0,92.9,98.0,-1.6,-0.3,1.08,GOOD
1790983966083,4548,1866.0,-132.41338425279093,32000.0,92.9,98.0,-1.6,-0.3,1.08,GOOD
1790983966083,4549,1878.0,-140.3571899679017,32000.0,92.9,98.0,-1.6,-0.3,1.08,GOOD
1790983966083,4550,1922.0,-162.33820506172225,32000.0,92.9,98.0,-1.6,-0.3,1.08,GOOD
1790983966356,4551,2190.0,-160.4426973019086,73.0,97.7,98.0,-1.7,-0.2,1.08,GOOD
1790983966356,4552,2149.0,-106.86180404821143,71.0,97.7,98.0,-1.7,-0.2,1.08,GOOD
1790983966356,4553,2105.0,-19.48927785002563,70.0,97.7,98.0,-1.7,-0.2,1.08,GOOD
1790983966356,4554,2123.0,54.08036470160739,69.0,97.7,98.0,-1.7,-0.2,1.08,GOOD
1790983966356,4555,2150.0,91.88017058436628,66.0,97.7,98.0,-1.7,-0.2,1.08,GOOD
1790983966356,4556,2001.0,96.63439213139515,64.0,97.7,98.0,-1.7,-0.2,1.08,GOOD
1790983966356,4557,1987.0,65.09349762502534,63.0,97.7,98.0,-1.7,-0.2,1.08,GOOD
1790983966356,4558,1966.0,3.116987121991046,61.0,97.7,98.0,-1.7,-0.2,1.08,GOOD
1790983966356,4559,1904.0,-61.802478230692316,60.0,97.7,98.0,-1.7,-0.2,1.08,GOOD
1790983966356,4560,1941.0,-106.74798199789863,57.0,97.7,98.0,-1.7,-0.2,1.08,GOOD
1790983966356,4561,1949.0,-127.08181207350776,55.0,97.7,98.0,-1.7,-0.2,1.08,GOOD
1790983966356,4562,1932.0,-130.0992285158706,51.0,97.7,98.0,-1.7,-0.2,1.08,GOOD
1790983966356,4563,1830.0,-130.80185102399906,49.0,97.7,98.0,-1.7,-0.2,1.08,GOOD
1790983966356,4564,1846.0,-141.95291771520834,46.0,97.7,98.0,-1.7,-0.2,1.08,GOOD
1790983966356,4565,1875.0,-160.89246292665712,44.0,97.7,98.0,-1.7,-0.2,1.08,GOOD
1790983966356,4566,1879.0,-175.72705029716417,42.0,97.7,98.0,-1.7,-0.2,1.08,GOOD
1790983966356,4567,1764.0,-186.49297328408014,38.0,97.7,98.0,-1.7,-0.2,1.08,GOOD
1790983966356,4568,1696.0,-206.84148324810286,35.0,97.7,98.0,-1.7,-0.2,1.08,GOOD
1790983966356,4569,1685.0,-242.40529220160687,31.0,97.7,98.0,-1.7,-0.2,1.08,GOOD
1790983966356,4570,1681.0,-282.7679553883934,26.0,97.7,98.0,-1.7,-0.2,1.08,GOOD
1790983966356,4571,2312.0,-292.48855037132546,22.0,97.7,98.0,-1.7,-0.2,1.08,GOOD
1790983966356,4572,2304.0,-212.524271067289,19.0,97.7,98.0,-1.7,-0.2,1.08,GOOD
1790983966356,4573,2316.0,-35.32597836617977,14.0,97.7,98.0,-1.7,-0.2,1.08,GOOD
1790983966356,4574,2359.0,166.73456699538852,11.0,97.7,98.0,-1.7,-0.2,1.08,GOOD
1790983966356,4575,1992.0,305.9065683123834,9.0,97.7,98.0,-1.7,-0.2,1.08,GOOD
1790983966357,4576,1979.0,315.91110923354313,32000.0,97.7,98.0,-1.7,-0.2,1.08,GOOD
1790983966357,4577,1940.0,193.95314841369915,32000.0,97.7,98.0,-1.7,-0.2,1.08,GOOD
1790983966357,4578,1928.0,20.609665462990485,32000.0,97.7,98.0,-1.7,-0.2,1.08,GOOD
1790983966357,4579,1991.0,-106.49840366892359,32000.0,97.7,98.0,-1.7,-0.2,1.08,GOOD
1790983966357,4580,2034.0,-138.515793396981,32000.0,97.7,98.0,-1.7,-0.2,1.08,GOOD
1790983966357,4581,2039.0,-93.35098002329676,32000.0,97.7,98.0,-1.7,-0.2,1.08,GOOD
1790983966357,4582,2012.0,-30.27322077615598,32000.0,97.7,98.0,-1.7,-0.2,1.08,GOOD
1790983966357,4583,1879.0,-0.9200553907067215,32000.0,97.7,98.0,-1.7,-0.2,1.08,GOOD
1790983966357,4584,1908.0,-18.52942673462366,32000.0,97.7,98.0,-1.7,-0.2,1.08,GOOD
1790983966357,4585,1930.0,-58.84273796366815,32000.0,97.7,98.0,-1.7,-0.2,1.08,GOOD
1790983966357,4586,1924.0,-91.87040237562336,32000.0,97.7,98.0,-1.7,-0.2,1.08,GOOD
1790983966357,4587,1890.0,-111.5695808847241,32000.0,97.7,98.0,-1.7,-0.2,1.08,GOOD
1790983966357,4588,1882.0,-124.95615882118113,32000.0,97.7,98.0,-1.7,-0.2,1.08,GOOD
1790983966357,4589,1906.0,-129.95669653954633,32000.0,97.7,98.0,-1.7,-0.2,1.08,GOOD
1790983966357,4590,1920.0,-120.7763632958107,32000.0,97.7,98.0,-1.7,-0.2,1.08,GOOD
1790983966357,4591,2040.0,-99.57700983036581,32000.0,97.7,98.0,-1.7,-0.2,1.08,GOOD
1790983966357,4592,2019.0,-70.98271437106385,32000.0,97.7,98.0,-1.7,-0.2,1.08,GOOD
1790983966357,4593,2014.0,-38.85487017623177,32000.0,97.7,98.0,-1.7,-0.2,1.08,GOOD
1790983966357,4594,2032.0,-7.246225613626737,32000.0,97.7,98.0,-1.7,-0.2,1.08,GOOD
1790983966357,4595,2104.0,23.278685336289737,32000.0,97.7,98.0,-1.7,-0.2,1.08,GOOD
1790983966357,4596,2069.0,49.82763335204195,32000.0,97.7,98.0,-1.7,-0.2,1.08,GOOD
1790983966357,4597,2048.0,61.854842637338265,32000.0,97.7,98.0,-1.7,-0.2,1.08,GOOD
1790983966357,4598,2057.0,56.41828021884001,32000.0,97.7,98.0,-1.7,-0.2,1.08,GOOD
1790983966357,4599,1993.0,45.341324099819225,32000.0,97.7,98.0,-1.7,-0.2,1.08,GOOD
1790983966357,4600,2010.0,35.32345385776192,32000.0,97.7,98.0,-1.7,-0.2,1.08,GOOD
1790983966357,4601,2001.0,21.10441006431376,32000.0,97.7,98.0,-1.7,-0.2,1.08,GOOD
1790983966357,4602,1991.0,0.09322431980773693,32000.0,97.7,98.0,-1.7,-0.2,1.08,GOOD
1790983966357,4603,1954.0,-21.504584425606147,32000.0,97.7,98.0,-1.7,-0.2,1.08,GOOD
1790983966357,4604,1987.0,-34.06333418602077,32000.0,97.7,98.0,-1.7,-0.2,1.08,GOOD
1790983966357,4605,2007.0,-32.51547377112885,32000.0,97.7,98.0,-1.7,-0.2,1.08,GOOD
1790983966357,4606,1995.0,-22.817229169691263,32000.0,97.7,98.0,-1.7,-0.2,1.08,GOOD
1790983966357,4607,1989.0,-17.001571607979145,32000.0,97.7,98.0,-1.7,-0.2,1.08,GOOD
1790983966357,4608,1985.0,-18.04228469218642,32000.0,97.7,98.0,-1.7,-0.2,1.08,GOOD
1790983966357,4609,2009.0,-17.46376707238945,32000.0,97.7,98.0,-1.7,-0.2,1.08,GOOD
1790983966357,4610,2015.0,-9.671416450024163,32000.0,97.7,98.0,-1.7,-0.2,1.08,GOOD
1790983966357,4611,2037.0,0.585317995088019,32000.0,97.7,98.0,-1.7,-0.2,1.08,GOOD
1790983966357,4612,2001.0,6.340368824721764,32000.0,97.7,98.0,-1.7,-0.2,1.08,GOOD
1790983966357,4613,1997.0,6.575817164680679,32000.0,97.7,98.0,-1.7,-0.2,1.08,GOOD
1790983966357,4614,2010.0,5.639062350823024,32000.0,97.7,98.0,-1.7,-0.2,1.08,GOOD
1790983966357,4615,2120.0,10.84766740660039,32000.0,97.7,98.0,-1.7,-0.2,1.08,GOOD
1790983966357,4616,2116.0,28.466115901636222,32000.0,97.7,98.0,-1.7,-0.2,1.08,GOOD
1790983966357,4617,2099.0,55.23978281993346,32000.0,97.7,98.0,-1.7,-0.2,1.08,GOOD
1790983966357,4618,2056.0,79.14073985352454,32000.0,97.7,98.0,-1.7,-0.2,1.08,GOOD
1790983966357,4619,2083.0,91.40538501457156,32000.0,97.7,98.0,-1.7,-0.2,1.08,GOOD
1790983966357,4620,2089.0,91.36491096865086,32000.0,97.7,98.0,-1.7,-0.2,1.08,GOOD
1790983966357,4621,2080.0,81.49905904437328,32000.0,97.7,98.0,-1.7,-0.2,1.08,GOOD
1790983966357,4622,1914.0,60.10361879948522,32000.0,97.7,98.0,-1.7,-0.2,1.08,GOOD
1790983966357,4623,1931.0,23.359797649564527,32000.0,97.7,98.0,-1.7,-0.2,1.08,GOOD
1790983966357,4624,1951.0,-19.789830334417935,32000.0,97.7,98.0,-1.7,-0.2,1.08,GOOD
1790983966357,4625,1965.0,-52.13374919853782,32000.0,97.7,98.0,-1.7,-0.2,1.08,GOOD
1790983966467,4626,1973.0,-68.31640458947047,32000.0,97.7,98.0,-1.6,-0.3,1.08,GOOD
1790983966467,4627,1954.0,-71.69341631975189,32000.0,97.7,98.0,-1.6,-0.3,1.08,GOOD
1790983966467,4628,1957.0,-63.421916664904884,32000.0,97.7,98.0,-1.6,-0.3,1.08,GOOD
1790983966467,4629,1960.0,-46.88990248381595,32000.0,97.7,98.0,-1.6,-0.3,1.08,GOOD
1790983966467,4630,1921.0,-35.01022142725791,32000.0,97.7,98.0,-1.6,-0.3,1.08,GOOD
1790983966467,4631,1899.0,-43.147300855354786,32000.0,97.7,98.0,-1.6,-0.3,1.08,GOOD
1790983966467,4632,1891.0,-70.14020250842803,32000.0,97.7,98.0,-1.6,-0.3,1.08,GOOD
1790983966467,4633,1894.0,-96.20578207832926,32000.0,97.7,98.0,-1.6,-0.3,1.08,GOOD
1790983966467,4634,2186.0,-94.39535910211347,32000.0,97.7,98.0,-1.6,-0.3,1.08,GOOD
1790983966467,4635,2183.0,-43.7010914065398,32000.0,97.7,98.0,-1.6,-0.3,1.08,GOOD
1790983966467,4636,2179.0,43.73268986198393,32000.0,97.7,98.0,-1.6,-0.3,1.08,GOOD
1790983966467,4637,2178.0,128.08182594545542,32000.0,97.7,98.0,-1.6,-0.3,1.08,GOOD
1790983966467,4638,2511.0,197.5202050861545,32000.0,97.7,98.0,-1.6,-0.3,1.08,GOOD
1790983966467,4639,2538.0,278.77013829508223,32000.0,97.7,98.0,-1.6,-0.3,1.08,GOOD
1790983966467,4640,2562.0,377.67809249205163,32000.0,97.7,98.0,-1.6,-0.3,1.08,GOOD
1790983966467,4641,2587.0,464.586640033994,32000.0,97.7,98.0,-1.6,-0.3,1.08,GOOD
1790983966467,4642,1981.0,499.0102551754558,32000.0,97.7,98.0,-1.6,-0.3,1.08,GOOD
1790983966467,4643,1982.0,432.83762685990547,32000.0,97.7,98.0,-1.6,-0.3,1.08,GOOD
1790983966467,4644,1950.0,262.757740516049,32000.0,97.7,98.0,-1.6,-0.3,1.08,GOOD
1790983966467,4645,1923.0,57.49550000141826,32000.0,97.7,98.0,-1.6,-0.3,1.08,GOOD
1790983966467,4646,1671.0,-116.99504616283335,32000.0,97.7,98.0,-1.6,-0.3,1.08,GOOD
1790983966467,4647,1680.0,-239.1935228707616,32000.0,97.7,98.0,-1.6,-0.3,1.08,GOOD
1790983966467,4648,1669.0,-305.84401881735556,32000.0,97.7,98.0,-1.6,-0.3,1.08,GOOD
1790983966467,4649,1642.0,-328.9945271555356,32000.0,97.7,98.0,-1.6,-0.3,1.08,GOOD
1790983966467,4650,1897.0,-333.7281356872053,32000.0,97.7,98.0,-1.6,-0.3,1.08,GOOD
1790983966557,4651,1906.0,-318.35634802256004,32000.0,107.1,98.0,-1.7,-0.3,1.08,GOOD
1790983966557,4652,1935.0,-260.61021835951726,32000.0,107.1,98.0,-1.7,-0.3,1.08,GOOD
1790983966557,4653,1944.0,-164.84605013735603,32000.0,107.1,98.0,-1.7,-0.3,1.08,GOOD
1790983966557,4654,2187.0,-60.62294397137475,32000.0,107.1,98.0,-1.7,-0.3,1.08,GOOD
1790983966557,4655,2165.0,27.134053454278096,32000.0,107.1,98.0,-1.7,-0.3,1.08,GOOD
1790983966557,4656,2177.0,86.47749171734174,32000.0,107.1,98.0,-1.7,-0.3,1.08,GOOD
1790983966557,4657,2197.0,123.69934010073584,32000.0,107.1,98.0,-1.7,-0.3,1.08,GOOD
1790983966557,4658,2125.0,156.7443459758581,32000.0,107.1,98.0,-1.7,-0.3,1.08,GOOD
1790983966557,4659,2110.0,180.32511947941305,32000.0,107.1,98.0,-1.7,-0.3,1.08,GOOD
1790983966557,4660,2089.0,167.7120894828153,32000.0,107.1,98.0,-1.7,-0.3,1.08,GOOD
1790983966557,4661,2113.0,117.18607033849635,32000.0,107.1,98.0,-1.7,-0.3,1.08,GOOD
1790983966557,4662,2029.0,63.591136110289625,32000.0,107.1,98.0,-1.7,-0.3,1.08,GOOD
1790983966557,4663,2036.0,37.93239496035759,32000.0,107.1,98.0,-1.7,-0.3,1.08,GOOD
1790983966557,4664,2008.0,35.61806238976992,32000.0,107.1,98.0,-1.7,-0.3,1.08,GOOD
1790983966557,4665,1990.0,28.06911500710161,32000.0,107.1,98.0,-1.7,-0.3,1.08,GOOD
1790983966557,4666,1982.0,-1.5932538678870305,32000.0,107.1,98.0,-1.7,-0.3,1.08,GOOD
1790983966557,4667,2025.0,-35.613370661774155,32000.0,107.1,98.0,-1.7,-0.3,1.08,GOOD
1790983966557,4668,2027.0,-42.55027146788555,32000.0,107.1,98.0,-1.7,-0.3,1.08,GOOD
1790983966557,4669,1998.0,-20.40641872540716,32000.0,107.1,98.0,-1.7,-0.3,1.08,GOOD
1790983966557,4670,1939.0,-2.5490712446966484,32000.0,107.1,98.0,-1.7,-0.3,1.08,GOOD
1790983966557,4671,1953.0,-15.827518367739168,32000.0,107.1,98.0,-1.7,-0.3,1.08,GOOD
1790983966557,4672,1979.0,-47.13966510099787,32000.0,107.1,98.0,-1.7,-0.3,1.08,GOOD
1790983966557,4673,1977.0,-64.22735399195375,32000.0,107.1,98.0,-1.7,-0.3,1.08,GOOD
1790983966557,4674,2237.0,-47.54927860952698,32000.0,107.1,98.0,-1.7,-0.3,1.08,GOOD
1790983966557,4675,2209.0,7.418825577309782,32000.0,107.1,98.0,-1.7,-0.3,1.08,GOOD
1790983966631,4676,2236.0,85.50996744398388,32000.0,107.1,98.0,-1.7,-0.3,1.08,GOOD
1790983966631,4677,2262.0,160.00184441935454,32000.0,107.1,98.0,-1.7,-0.3,1.08,GOOD
1790983966631,4678,2253.0,216.3610796552976,32000.0,107.1,98.0,-1.7,-0.3,1.08,GOOD
1790983966631,4679,2215.0,245.88300995268932,32000.0,107.1,98.0,-1.7,-0.3,1.08,GOOD
1790983966631,4680,2195.0,238.87800264945375,32000.0,107.1,98.0,-1.7,-0.3,1.08,GOOD
1790983966631,4681,2218.0,203.1578531823256,32000.0,107.1,98.0,-1.7,-0.3,1.08,GOOD
1790983966631,4682,2195.0,166.75327029439487,32000.0,107.1,98.0,-1.7,-0.3,1.08,GOOD
1790983966631,4683,2204.0,150.69885954513518,32000.0,107.1,98.0,-1.7,-0.3,1.08,GOOD
1790983966631,4684,2179.0,150.72416945911897,32000.0,107.1,98.0,-1.7,-0.3,1.08,GOOD
1790983966631,4685,2169.0,148.95304268005842,32000.0,107.1,98.0,-1.7,-0.3,1.08,GOOD
1790983966631,4686,2157.0,135.86260669035454,32000.0,107.1,98.0,-1.7,-0.3,1.08,GOOD
1790983966631,4687,2204.0,119.77187161413688,32000.0,107.1,98.0,-1.7,-0.3,1.08,GOOD
1790983966631,4688,2173.0,114.02050527305761,32000.0,107.1,98.0,-1.7,-0.3,1.08,GOOD
1790983966631,4689,2153.0,116.73907596070813,32000.0,107.1,98.0,-1.7,-0.3,1.08,GOOD
1790983966631,4690,2118.0,113.22302094374015,32000.0,107.1,98.0,-1.7,-0.3,1.08,GOOD
1790983966631,4691,2121.0,96.54281351800337,32000.0,107.1,98.0,-1.7,-0.3,1.08,GOOD
1790983966631,4692,2152.0,75.82369224191362,32000.0,107.1,98.0,-1.7,-0.3,1.08,GOOD
1790983966631,4693,2323.0,71.12072289553967,32000.0,107.1,98.0,-1.7,-0.3,1.08,GOOD
1790983966631,4694,2277.0,98.3336497633921,32000.0,107.1,98.0,-1.7,-0.3,1.08,GOOD
1790983966631,4695,2249.0,146.40976533918206,32000.0,107.1,98.0,-1.7,-0.3,1.08,GOOD
1790983966631,4696,2256.0,186.25093023087294,32000.0,107.1,98.0,-1.7,-0.3,1.08,GOOD
1790983966631,4697,2247.0,202.7202598012302,32000.0,107.1,98.0,-1.7,-0.3,1.08,GOOD
1790983966631,4698,2223.0,196.3629379558065,32000.0,107.1,98.0,-1.7,-0.3,1.08,GOOD
1790983966631,4699,2180.0,170.39125309235047,32000.0,107.1,98.0,-1.7,-0.3,1.08,GOOD
1790983966631,4700,2156.0,132.4229972796486,32000.0,107.1,98.0,-1.7,-0.3,1.08,GOOD
1790983967001,4701,2024.0,91.46418329650614,-17.0,107.1,98.0,-1.6,-0.3,1.08,GOOD
1790983967001,4702,2058.0,48.28686519233066,-17.0,107.1,98.0,-1.6,-0.3,1.08,GOOD
1790983967001,4703,1870.0,-3.834625385950016,-17.0,107.1,98.0,-1.6,-0.3,1.08,GOOD
1790983967001,4704,2023.0,-66.78506374698057,-18.0,107.1,98.0,-1.6,-0.3,1.08,GOOD
1790983967001,4705,1933.0,-122.35360222857382,-18.0,107.1,98.0,-1.6,-0.3,1.08,GOOD
1790983967001,4706,1971.0,-148.33875195713279,-16.0,107.1,98.0,-1.6,-0.3,1.08,GOOD
1790983967001,4707,2003.0,-143.71513797916361,-17.0,107.1,98.0,-1.6,-0.3,1.08,GOOD
1790983967001,4708,2004.0,-121.80092795944921,-17.0,107.1,98.0,-1.6,-0.3,1.08,GOOD
1790983967001,4709,1878.0,-103.91727566036035,-18.0,107.1,98.0,-1.6,-0.3,1.08,GOOD
1790983967001,4710,1865.0,-111.54563795451092,-19.0,107.1,98.0,-1.6,-0.3,1.08,GOOD
1790983967001,4711,1893.0,-142.89751725336686,-19.0,107.1,98.0,-1.6,-0.3,1.08,GOOD
1790983967001,4712,2002.0,-170.63887259130198,-19.0,107.1,98.0,-1.6,-0.3,1.08,GOOD
1790983967001,4713,1970.0,-171.77885624646592,-20.0,107.1,98.0,-1.6,-0.3,1.08,GOOD
1790983967001,4714,1931.0,-151.59291371900431,-23.0,107.1,98.0,-1.6,-0.3,1.08,GOOD
1790983967001,4715,1913.0,-130.77980880404834,-22.0,107.1,98.0,-1.6,-0.3,1.08,GOOD
1790983967001,4716,2031.0,-115.88835399873439,-22.0,107.1,98.0,-1.6,-0.3,1.08,GOOD
1790983967001,4717,2035.0,-97.71447093519588,-22.0,107.1,98.0,-1.6,-0.3,1.08,GOOD
1790983967001,4718,2015.0,-75.98595055365438,-21.0,107.1,98.0,-1.6,-0.3,1.08,GOOD
1790983967001,4719,1989.0,-62.05251021309932,-22.0,107.1,98.0,-1.6,-0.3,1.08,GOOD
1790983967001,4720,1931.0,-60.19705656637132,-22.0,107.1,98.0,-1.6,-0.3,1.08,GOOD
1790983967001,4721,1959.0,-66.85809467753826,-21.0,107.1,98.0,-1.6,-0.3,1.08,GOOD
1790983967001,4722,1975.0,-79.11171118423158,-21.0,107.1,98.0,-1.6,-0.3,1.08,GOOD
1790983967001,4723,1990.0,-94.03360973102635,-21.0,107.1,98.0,-1.6,-0.3,1.08,GOOD
1790983967001,4724,1905.0,-107.50431228498152,-21.0,107.1,98.0,-1.6,-0.3,1.08,GOOD
1790983967001,4725,1929.0,-115.4893254372567,-21.0,107.1,98.0,-1.6,-0.3,1.08,GOOD
1790983967001,4726,2104.0,-108.43442302896983,32000.0,107.1,98.0,-1.6,-0.3,1.08,GOOD
1790983967001,4727,1968.0,-81.30016474386014,32000.0,107.1,98.0,-1.6,-0.3,1.08,GOOD
1790983967001,4728,1836.0,-61.77367573294635,32000.0,107.1,98.0,-1.6,-0.3,1.08,GOOD
1790983967001,4729,1829.0,-84.00782374687886,32000.0,107.1,98.0,-1.6,-0.3,1.08,GOOD
1790983967001,4730,1818.0,-136.77388249957735,32000.0,107.1,98.0,-1.6,-0.3,1.08,GOOD
1790983967001,4731,1819.0,-184.8883429767572,32000.0,107.1,98.0,-1.6,-0.3,1.08,GOOD
1790983967001,4732,1910.0,-212.2732830757588,32000.0,107.1,98.0,-1.6,-0.3,1.08,GOOD
1790983967001,4733,1911.0,-216.40870117687007,32000.0,107.1,98.0,-1.6,-0.3,1.08,GOOD
1790983967001,4734,1895.0,-196.51681386330694,32000.0,107.1,98.0,-1.6,-0.3,1.08,GOOD
1790983967001,4735,1888.0,-159.75497916607895,32000.0,107.1,98.0,-1.6,-0.3,1.08,GOOD
1790983967001,4736,2024.0,-118.54534279904385,32000.0,107.1,98.0,-1.6,-0.3,1.08,GOOD
1790983967001,4737,2016.0,-81.45004576775038,32000.0,107.1,98.0,-1.6,-0.3,1.08,GOOD
1790983967001,4738,2013.0,-54.522035988463394,32000.0,107.1,98.0,-1.6,-0.3,1.08,GOOD
1790983967001,4739,2002.0,-38.05281090671518,32000.0,107.1,98.0,-1.6,-0.3,1.08,GOOD
1790983967001,4740,2054.0,-20.972837292134155,32000.0,107.1,98.0,-1.6,-0.3,1.08,GOOD
1790983967001,4741,2048.0,3.473344997228025,32000.0,107.1,98.0,-1.6,-0.3,1.08,GOOD
1790983967001,4742,2062.0,23.399361674967807,32000.0,107.1,98.0,-1.6,-0.3,1.08,GOOD
1790983967001,4743,2066.0,26.30269449922421,32000.0,107.1,98.0,-1.6,-0.3,1.08,GOOD
1790983967001,4744,1954.0,16.63477801857891,32000.0,107.1,98.0,-1.6,-0.3,1.08,GOOD
1790983967001,4745,1962.0,2.9248338371557008,32000.0,107.1,98.0,-1.6,-0.3,1.08,GOOD
1790983967001,4746,1962.0,-13.551553798919343,32000.0,107.1,98.0,-1.6,-0.3,1.08,GOOD
1790983967001,4747,1971.0,-35.188565082913215,32000.0,107.1,98.0,-1.6,-0.3,1.08,GOOD
1790983967001,4748,1951.0,-61.297929213300634,32000.0,107.1,98.0,-1.6,-0.3,1.08,GOOD
1790983967001,4749,1965.0,-80.81440741390784,32000.0,107.1,98.0,-1.6,-0.3,1.08,GOOD
1790983967001,4750,1956.0,-79.89573089217609,32000.0,107.1,98.0,-1.6,-0.3,1.08,GOOD
1790983967002,4751,1951.0,-62.32494005396869,32000.0,107.1,98.0,-1.6,-0.3,1.08,GOOD
1790983967002,4752,1935.0,-50.52554452425525,32000.0,107.1,98.0,-1.6,-0.3,1.08,GOOD
1790983967002,4753,1938.0,-59.403484724722986,32000.0,107.1,98.0,-1.6,-0.3,1.08,GOOD
1790983967002,4754,1947.0,-77.82906652067811,32000.0,107.1,98.0,-1.6,-0.3,1.08,GOOD
1790983967002,4755,2022.0,-80.97016086008014,32000.0,107.1,98.0,-1.6,-0.3,1.08,GOOD
1790983967002,4756,1987.0,-59.06787279682083,32000.0,107.1,98.0,-1.6,-0.3,1.08,GOOD
1790983967002,4757,1986.0,-30.55151455201648,32000.0,107.1,98.0,-1.6,-0.3,1.08,GOOD
1790983967002,4758,1986.0,-18.00392043350824,32000.0,107.1,98.0,-1.6,-0.3,1.08,GOOD
1790983967002,4759,2102.0,-15.870690307868903,32000.0,107.1,98.0,-1.6,-0.3,1.08,GOOD
1790983967002,4760,2104.0,1.0043081375074943,32000.0,107.1,98.0,-1.6,-0.3,1.08,GOOD
1790983967002,4761,2103.0,38.48443503388195,32000.0,107.1,98.0,-1.6,-0.3,1.08,GOOD
1790983967002,4762,1999.0,71.08367792029911,32000.0,107.1,98.0,-1.6,-0.3,1.08,GOOD
1790983967002,4763,2019.0,72.86056812532445,32000.0,107.1,98.0,-1.6,-0.3,1.08,GOOD
1790983967002,4764,2014.0,47.595428602329505,32000.0,107.1,98.0,-1.6,-0.3,1.08,GOOD
1790983967002,4765,2001.0,17.953335687110535,32000.0,107.1,98.0,-1.6,-0.3,1.08,GOOD
1790983967002,4766,1902.0,-7.297551544606209,32000.0,107.1,98.0,-1.6,-0.3,1.08,GOOD
1790983967002,4767,1926.0,-35.733093081359414,32000.0,107.1,98.0,-1.6,-0.3,1.08,GOOD
1790983967002,4768,1940.0,-65.43892610950422,32000.0,107.1,98.0,-1.6,-0.3,1.08,GOOD
1790983967002,4769,1935.0,-82.87561988060763,32000.0,107.1,98.0,-1.6,-0.3,1.08,GOOD
1790983967002,4770,1960.0,-83.62764733186333,32000.0,107.1,98.0,-1.6,-0.3,1.08,GOOD
1790983967002,4771,1950.0,-74.72978477482448,32000.0,107.1,98.0,-1.6,-0.3,1.08,GOOD
1790983967002,4772,1967.0,-63.16345101575692,32000.0,107.1,98.0,-1.6,-0.3,1.08,GOOD
1790983967002,4773,1986.0,-50.43440771180499,32000.0,107.1,98.0,-1.6,-0.3,1.08,GOOD
1790983967002,4774,2102.0,-31.34706517126097,32000.0,107.1,98.0,-1.6,-0.3,1.08,GOOD
1790983967002,4775,2075.0,-0.3148673737957286,32000.0,107.1,98.0,-1.6,-0.3,1.08,GOOD
1790983967116,4776,2064.0,35.58261673375814,32000.0,113.1,98.0,-1.7,-0.3,1.08,GOOD
1790983967116,4777,2065.0,61.79896828890133,32000.0,113.1,98.0,-1.7,-0.3,1.08,GOOD
1790983967116,4778,2067.0,73.86039723757284,32000.0,113.1,98.0,-1.7,-0.3,1.08,GOOD
1790983967116,4779,2041.0,74.28907225866112,32000.0,113.1,98.0,-1.7,-0.3,1.08,GOOD
1790983967116,4780,2022.0,62.47446631234287,32000.0,113.1,98.0,-1.7,-0.3,1.08,GOOD
1790983967116,4781,2017.0,40.3560695660443,32000.0,113.1,98.0,-1.7,-0.3,1.08,GOOD
1790983967116,4782,1975.0,17.024425605502834,32000.0,113.1,98.0,-1.7,-0.3,1.08,GOOD
1790983967116,4783,1991.0,0.0683023961596878,32000.0,113.1,98.0,-1.7,-0.3,1.08,GOOD
1790983967116,4784,1980.0,-10.42025078455217,32000.0,113.1,98.0,-1.7,-0.3,1.08,GOOD
1790983967116,4785,1914.0,-21.475034153714155,32000.0,113.1,98.0,-1.7,-0.3,1.08,GOOD
1790983967116,4786,1919.0,-40.87779625899029,32000.0,113.1,98.0,-1.7,-0.3,1.08,GOOD
1790983967116,4787,1939.0,-63.52035900876262,32000.0,113.1,98.0,-1.7,-0.3,1.08,GOOD
1790983967116,4788,1942.0,-75.26989496730067,32000.0,113.1,98.0,-1.7,-0.3,1.08,GOOD
1790983967116,4789,1925.0,-73.75913482002662,32000.0,113.1,98.0,-1.7,-0.3,1.08,GOOD
1790983967116,4790,1914.0,-70.44630610267805,32000.0,113.1,98.0,-1.7,-0.3,1.08,GOOD
1790983967116,4791,1917.0,-72.8951345701091,32000.0,113.1,98.0,-1.7,-0.3,1.08,GOOD
1790983967116,4792,1926.0,-76.58042841885853,32000.0,113.1,98.0,-1.7,-0.3,1.08,GOOD
1790983967116,4793,2387.0,-56.928424294187586,32000.0,113.1,98.0,-1.7,-0.3,1.08,GOOD
1790983967116,4794,2388.0,24.767260742671944,32000.0,113.1,98.0,-1.7,-0.3,1.08,GOOD
1790983967116,4795,2404.0,165.2577666275036,32000.0,113.1,98.0,-1.7,-0.3,1.08,GOOD
1790983967116,4796,2430.0,308.339693957359,32000.0,113.1,98.0,-1.7,-0.3,1.08,GOOD
1790983967116,4797,2399.0,407.80140096884446,32000.0,113.1,98.0,-1.7,-0.3,1.08,GOOD
1790983967116,4798,2372.0,448.0284940619838,32000.0,113.1,98.0,-1.7,-0.3,1.08,GOOD
1790983967116,4799,2333.0,428.9017331003441,32000.0,113.1,98.0,-1.7,-0.3,1.08,GOOD
1790983967116,4800,2312.0,368.79037509531065,32000.0,113.1,98.0,-1.7,-0.3,1.08,GOOD
1790983967235,4801,1850.0,285.695180846821,32000.0,113.1,98.0,-1.7,-0.3,1.08,GOOD
1790983967235,4802,1868.0,171.79438608213704,32000.0,113.1,98.0,-1.7,-0.3,1.08,GOOD
1790983967235,4803,1836.0,29.124036800895073,32000.0,113.1,98.0,-1.7,-0.3,1.08,GOOD
1790983967235,4804,1814.0,-108.78256913571072,32000.0,113.1,98.0,-1.7,-0.3,1.08,GOOD
1790983967235,4805,1905.0,-208.2812890918863,32000.0,113.1,98.0,-1.7,-0.3,1.08,GOOD
1790983967235,4806,1954.0,-242.74433540230683,32000.0,113.1,98.0,-1.7,-0.3,1.08,GOOD
1790983967235,4807,1987.0,-201.5643253513368,32000.0,113.1,98.0,-1.7,-0.3,1.08,GOOD
1790983967235,4808,1984.0,-115.3903476461399,32000.0,113.1,98.0,-1.7,-0.3,1.08,GOOD
1790983967235,4809,1979.0,-41.615981190148226,32000.0,113.1,98.0,-1.7,-0.3,1.08,GOOD
1790983967235,4810,1966.0,-17.178106876495757,32000.0,113.1,98.0,-1.7,-0.3,1.08,GOOD
1790983967235,4811,1981.0,-31.618865483798537,32000.0,113.1,98.0,-1.7,-0.3,1.08,GOOD
1790983967235,4812,1983.0,-48.134089146751386,32000.0,113.1,98.0,-1.7,-0.3,1.08,GOOD
1790983967235,4813,1964.0,-47.219241625600716,32000.0,113.1,98.0,-1.7,-0.3,1.08,GOOD
1790983967235,4814,1942.0,-42.09120943413019,32000.0,113.1,98.0,-1.7,-0.3,1.08,GOOD
1790983967235,4815,1937.0,-51.54546823762713,32000.0,113.1,98.0,-1.7,-0.3,1.08,GOOD
1790983967235,4816,1967.0,-70.520315949463,32000.0,113.1,98.0,-1.7,-0.3,1.08,GOOD
1790983967235,4817,2136.0,-70.92151119264676,32000.0,113.1,98.0,-1.7,-0.3,1.08,GOOD
1790983967235,4818,2101.0,-32.04477847422086,32000.0,113.1,98.0,-1.7,-0.3,1.08,GOOD
1790983967235,4819,2070.0,27.27806947022341,32000.0,113.1,98.0,-1.7,-0.3,1.08,GOOD
1790983967235,4820,2065.0,67.48138848427664,32000.0,113.1,98.0,-1.7,-0.3,1.08,GOOD
1790983967235,4821,2144.0,78.86469859336248,32000.0,113.1,98.0,-1.7,-0.3,1.08,GOOD
1790983967235,4822,2161.0,84.48325919860913,32000.0,113.1,98.0,-1.7,-0.3,1.08,GOOD
1790983967235,4823,2138.0,98.9320015405258,32000.0,113.1,98.0,-1.7,-0.3,1.08,GOOD
1790983967235,4824,2132.0,112.4473368118592,32000.0,113.1,98.0,-1.7,-0.3,1.08,GOOD
1790983967235,4825,2051.0,111.69630817987073,32000.0,113.1,98.0,-1.7,-0.3,1.08,GOOD
1790983967344,4826,2081.0,95.3743059569326,32000.0,113.1,98.0,-1.6,-0.3,1.08,GOOD
1790983967344,4827,2095.0,73.67589599837433,32000.0,113.1,98.0,-1.6,-0.3,1.08,GOOD
1790983967344,4828,2083.0,57.08295137604459,32000.0,113.1,98.0,-1.6,-0.3,1.08,GOOD
1790983967344,4829,2019.0,44.17000970470331,32000.0,113.1,98.0,-1.6,-0.3,1.08,GOOD
1790983967344,4830,2034.0,29.00522407861931,32000.0,113.1,98.0,-1.6,-0.3,1.08,GOOD
1790983967344,4831,2063.0,15.996568886568785,32000.0,113.1,98.0,-1.6,-0.3,1.08,GOOD
1790983967344,4832,2082.0,14.046896034739294,32000.0,113.1,98.0,-1.6,-0.3,1.08,GOOD
1790983967344,4833,2062.0,20.82021793925794,32000.0,113.1,98.0,-1.6,-0.3,1.08,GOOD
1790983967344,4834,2061.0,26.268721847071696,32000.0,113.1,98.0,-1.6,-0.3,1.08,GOOD
1790983967344,4835,2069.0,28.185285741799945,32000.0,113.1,98.0,-1.6,-0.3,1.08,GOOD
1790983967344,4836,2080.0,32.3410427112137,32000.0,113.1,98.0,-1.6,-0.3,1.08,GOOD
1790983967344,4837,2185.0,43.56564966657888,32000.0,113.1,98.0,-1.6,-0.3,1.08,GOOD
1790983967344,4838,2156.0,63.353669555531326,32000.0,113.1,98.0,-1.6,-0.3,1.08,GOOD
1790983967344,4839,2148.0,86.72225087364794,32000.0,113.1,98.0,-1.6,-0.3,1.08,GOOD
1790983967344,4840,2149.0,105.84450262635914,32000.0,113.1,98.0,-1.6,-0.3,1.08,GOOD
1790983967344,4841,2329.0,125.16754914586554,32000.0,113.1,98.0,-1.6,-0.3,1.08,GOOD
1790983967344,4842,2321.0,158.2060423452749,32000.0,113.1,98.0,-1.6,-0.3,1.08,GOOD
1790983967344,4843,2304.0,201.5850159676935,32000.0,113.1,98.0,-1.6,-0.3,1.08,GOOD
1790983967344,4844,2302.0,236.0880178971538,32000.0,113.1,98.0,-1.6,-0.3,1.08,GOOD
1790983967344,4845,2324.0,255.21473711260643,32000.0,113.1,98.0,-1.6,-0.3,1.08,GOOD
1790983967344,4846,2334.0,265.7076591482077,32000.0,113.1,98.0,-1.6,-0.3,1.08,GOOD
1790983967344,4847,2331.0,268.4264956770672,32000.0,113.1,98.0,-1.6,-0.3,1.08,GOOD
1790983967344,4848,2318.0,259.51846711017674,32000.0,113.1,98.0,-1.6,-0.3,1.08,GOOD
1790983967344,4849,2207.0,239.751358627778,32000.0,113.1,98.0,-1.6,-0.3,1.08,GOOD
1790983967344,4850,2223.0,212.6696281882606,32000.0,113.1,98.0,-1.6,-0.3,1.08,GOOD
1790983967488,4851,2230.0,183.2229564746919,32000.0,113.1,98.0,-1.7,-0.3,1.07,GOOD
1790983967488,4852,2229.0,155.68648088907554,32000.0,113.1,98.0,-1.7,-0.3,1.07,GOOD
1790983967488,4853,2097.0,126.25081115335053,32000.0,113.1,98.0,-1.7,-0.3,1.07,GOOD
1790983967488,4854,2097.0,88.91338966196417,32000.0,113.1,98.0,-1.7,-0.3,1.07,GOOD
1790983967488,4855,2095.0,50.7020049034681,32000.0,113.1,98.0,-1.7,-0.3,1.07,GOOD
1790983967488,4856,2007.0,20.018225839354855,32000.0,113.1,98.0,-1.7,-0.3,1.07,GOOD
1790983967488,4857,1983.0,-13.854428315711829,32000.0,113.1,98.0,-1.7,-0.3,1.07,GOOD
1790983967488,4858,1976.0,-60.41938040230491,32000.0,113.1,98.0,-1.7,-0.3,1.07,GOOD
1790983967488,4859,1976.0,-104.43534438939002,32000.0,113.1,98.0,-1.7,-0.3,1.07,GOOD
1790983967488,4860,2077.0,-121.13008721410931,32000.0,113.1,98.0,-1.7,-0.3,1.07,GOOD
1790983967488,4861,2054.0,-102.77226001278208,32000.0,113.1,98.0,-1.7,-0.3,1.07,GOOD
1790983967488,4862,2040.0,-69.34864895866083,32000.0,113.1,98.0,-1.7,-0.3,1.07,GOOD
1790983967488,4863,2033.0,-47.71916761168681,32000.0,113.1,98.0,-1.7,-0.3,1.07,GOOD
1790983967488,4864,2036.0,-42.76573186612862,32000.0,113.1,98.0,-1.7,-0.3,1.07,GOOD
1790983967488,4865,2048.0,-42.80378413148864,32000.0,113.1,98.0,-1.7,-0.3,1.07,GOOD
1790983967488,4866,2047.0,-42.00051205259362,32000.0,113.1,98.0,-1.7,-0.3,1.07,GOOD
1790983967488,4867,2048.0,-43.970847574743686,32000.0,113.1,98.0,-1.7,-0.3,1.07,GOOD
1790983967488,4868,1945.0,-53.23118455870683,32000.0,113.1,98.0,-1.7,-0.3,1.07,GOOD
1790983967488,4869,1965.0,-70.73296280321415,32000.0,113.1,98.0,-1.7,-0.3,1.07,GOOD
1790983967488,4870,1969.0,-90.85536840279778,32000.0,113.1,98.0,-1.7,-0.3,1.07,GOOD
1790983967488,4871,1971.0,-106.90907155691963,32000.0,113.1,98.0,-1.7,-0.3,1.07,GOOD
1790983967488,4872,1849.0,-123.75130250719138,32000.0,113.1,98.0,-1.7,-0.3,1.07,GOOD
1790983967488,4873,1856.0,-151.18930515385068,32000.0,113.1,98.0,-1.7,-0.3,1.07,GOOD
1790983967488,4874,1851.0,-183.75327122440802,32000.0,113.1,98.0,-1.7,-0.3,1.07,GOOD
1790983967488,4875,1911.0,-204.26845067661475,32000.0,113.1,98.0,-1.7,-0.3,1.07,GOOD
1790983967558,4876,1897.0,-206.13881371794386,32000.0,113.1,98.0,-1.7,-0.4,1.08,GOOD
1790983967558,4877,1904.0,-197.37162307967105,32000.0,113.1,98.0,-1.7,-0.4,1.08,GOOD
1790983967558,4878,1904.0,-184.91842414629286,32000.0,113.1,98.0,-1.7,-0.4,1.08,GOOD
1790983967558,4879,2038.0,-163.01305327730506,32000.0,113.1,98.0,-1.7,-0.4,1.08,GOOD
1790983967558,4880,2015.0,-123.9620015040507,32000.0,113.1,98.0,-1.7,-0.4,1.08,GOOD
1790983967558,4881,1998.0,-80.19035579429581,32000.0,113.1,98.0,-1.7,-0.4,1.08,GOOD
1790983967558,4882,2005.0,-54.0663982325661,32000.0,113.1,98.0,-1.7,-0.4,1.08,GOOD
1790983967558,4883,2025.0,-46.573404508947846,32000.0,113.1,98.0,-1.7,-0.4,1.08,GOOD
1790983967558,4884,2030.0,-41.523871825163454,32000.0,113.1,98.0,-1.7,-0.4,1.08,GOOD
1790983967558,4885,2039.0,-32.4340709973107,32000.0,113.1,98.0,-1.7,-0.4,1.08,GOOD
1790983967558,4886,2058.0,-25.113219551770264,32000.0,113.1,98.0,-1.7,-0.4,1.08,GOOD
1790983967558,4887,1977.0,-24.565841505288144,32000.0,113.1,98.0,-1.7,-0.4,1.08,GOOD
1790983967558,4888,1959.0,-32.43340636732742,32000.0,113.1,98.0,-1.7,-0.4,1.08,GOOD
1790983967558,4889,1963.0,-47.367707454270715,32000.0,113.1,98.0,-1.7,-0.4,1.08,GOOD
1790983967558,4890,1951.0,-65.86117760010454,32000.0,113.1,98.0,-1.7,-0.4,1.08,GOOD
1790983967558,4891,1792.0,-92.62949305112865,32000.0,113.1,98.0,-1.7,-0.4,1.08,GOOD
1790983967558,4892,1817.0,-136.5140678246461,32000.0,113.1,98.0,-1.7,-0.4,1.08,GOOD
1790983967558,4893,1834.0,-185.96289946335563,32000.0,113.1,98.0,-1.7,-0.4,1.08,GOOD
1790983967558,4894,1826.0,-216.37379403012193,32000.0,113.1,98.0,-1.7,-0.4,1.08,GOOD
1790983967558,4895,1899.0,-220.72290944040208,32000.0,113.1,98.0,-1.7,-0.4,1.08,GOOD
1790983967558,4896,1913.0,-205.8315980349802,32000.0,113.1,98.0,-1.7,-0.4,1.08,GOOD
1790983967558,4897,1933.0,-176.50959519720817,32000.0,113.1,98.0,-1.7,-0.4,1.08,GOOD
1790983967558,4898,1940.0,-137.61687468705088,32000.0,113.1,98.0,-1.7,-0.4,1.08,GOOD
1790983967558,4899,2001.0,-97.13897638170505,32000.0,113.1,98.0,-1.7,-0.4,1.08,GOOD
1790983967558,4900,1972.0,-64.76929656185936,32000.0,113.1,98.0,-1.7,-0.4,1.08,GOOD
1790983967636,4901,1967.0,-49.02317223641771,32000.0,113.1,98.0,-1.6,-0.3,1.08,GOOD
1790983967636,4902,2098.0,-43.597432191737155,32000.0,113.1,98.0,-1.6,-0.3,1.08,GOOD
1790983967636,4903,2084.0,-25.434649571358214,32000.0,113.1,98.0,-1.6,-0.3,1.08,GOOD
1790983967636,4904,2063.0,11.653736174905793,32000.0,113.1,98.0,-1.6,-0.3,1.08,GOOD
1790983967636,4905,2043.0,44.03404436230914,32000.0,113.1,98.0,-1.6,-0.3,1.08,GOOD
1790983967636,4906,2003.0,50.21703364846499,32000.0,113.1,98.0,-1.6,-0.3,1.08,GOOD
1790983967636,4907,2065.0,34.17186384530855,32000.0,113.1,98.0,-1.6,-0.3,1.08,GOOD
1790983967636,4908,2065.0,17.764037904705656,32000.0,113.1,98.0,-1.6,-0.3,1.08,GOOD
1790983967636,4909,1918.0,9.791562293884116,32000.0,113.1,98.0,-1.6,-0.3,1.08,GOOD
1790983967636,4910,1962.0,-5.291802209824993,32000.0,113.1,98.0,-1.6,-0.3,1.08,GOOD
1790983967636,4911,1977.0,-32.65764341209282,32000.0,113.1,98.0,-1.6,-0.3,1.08,GOOD
1790983967636,4912,1990.0,-54.58053959642096,32000.0,113.1,98.0,-1.6,-0.3,1.08,GOOD
1790983967636,4913,1935.0,-61.35277536330676,32000.0,113.1,98.0,-1.6,-0.3,1.08,GOOD
1790983967636,4914,1934.0,-62.47474175655127,32000.0,113.1,98.0,-1.6,-0.3,1.08,GOOD
1790983967636,4915,1927.0,-67.52542537505104,32000.0,113.1,98.0,-1.6,-0.3,1.08,GOOD
1790983967636,4916,2000.0,-72.77516770617078,32000.0,113.1,98.0,-1.6,-0.3,1.08,GOOD
1790983967636,4917,2005.0,-67.79350062874352,32000.0,113.1,98.0,-1.6,-0.3,1.08,GOOD
1790983967636,4918,1991.0,-51.106209960394146,32000.0,113.1,98.0,-1.6,-0.3,1.08,GOOD
1790983967636,4919,1990.0,-32.48389142735829,32000.0,113.1,98.0,-1.6,-0.3,1.08,GOOD
1790983967636,4920,2095.0,-15.587125775616856,32000.0,113.1,98.0,-1.6,-0.3,1.08,GOOD
1790983967636,4921,2077.0,7.117717332788993,32000.0,113.1,98.0,-1.6,-0.3,1.08,GOOD
1790983967636,4922,2067.0,34.49339172496745,32000.0,113.1,98.0,-1.6,-0.3,1.08,GOOD
1790983967636,4923,2066.0,53.60257934105253,32000.0,113.1,98.0,-1.6,-0.3,1.08,GOOD
1790983967636,4924,2111.0,61.24868715567014,32000.0,113.1,98.0,-1.6,-0.3,1.08,GOOD
1790983967636,4925,2112.0,67.50918927200968,32000.0,113.1,98.0,-1.6,-0.3,1.08,GOOD
1790983967826,4926,2106.0,77.52622767857187,32000.0,114.7,98.0,-1.6,-0.2,1.08,GOOD
1790983967826,4927,2114.0,86.01127392198268,32000.0,114.7,98.0,-1.6,-0.2,1.08,GOOD
1790983967826,4928,2042.0,86.43024368536015,32000.0,114.7,98.0,-1.6,-0.2,1.08,GOOD
1790983967826,4929,2045.0,75.3335870809004,32000.0,114.7,98.0,-1.6,-0.2,1.08,GOOD
1790983967826,4930,2037.0,55.1654087837778,32000.0,114.7,98.0,-1.6,-0.2,1.08,GOOD
1790983967826,4931,1915.0,28.65988250620002,32000.0,114.7,98.0,-1.6,-0.2,1.08,GOOD
1790983967826,4932,1915.0,-9.123187574229249,32000.0,114.7,98.0,-1.6,-0.2,1.08,GOOD
1790983967826,4933,1921.0,-55.31798527464009,32000.0,114.7,98.0,-1.6,-0.2,1.08,GOOD
1790983967826,4934,1911.0,-92.77317941962477,32000.0,114.7,98.0,-1.6,-0.2,1.08,GOOD
1790983967826,4935,1869.0,-112.6057465210896,32000.0,114.7,98.0,-1.6,-0.2,1.08,GOOD
1790983967826,4936,1866.0,-122.64347160046789,32000.0,114.7,98.0,-1.6,-0.2,1.08,GOOD
1790983967826,4937,1877.0,-130.95942536671546,32000.0,114.7,98.0,-1.6,-0.2,1.08,GOOD
1790983967826,4938,1900.0,-135.71204051884487,32000.0,114.7,98.0,-1.6,-0.2,1.08,GOOD
1790983967826,4939,2006.0,-128.17053394121575,32000.0,114.7,98.0,-1.6,-0.2,1.08,GOOD
1790983967826,4940,1976.0,-101.49133704681623,32000.0,114.7,98.0,-1.6,-0.2,1.08,GOOD
1790983967826,4941,1972.0,-63.47822450645211,32000.0,114.7,98.0,-1.6,-0.2,1.08,GOOD
1790983967826,4942,1964.0,-32.199486795508165,32000.0,114.7,98.0,-1.6,-0.2,1.08,GOOD
1790983967826,4943,2101.0,-12.360275386404014,32000.0,114.7,98.0,-1.6,-0.2,1.08,GOOD
1790983967826,4944,2080.0,8.443764721351663,32000.0,114.7,98.0,-1.6,-0.2,1.08,GOOD
1790983967826,4945,2064.0,34.85356434014734,32000.0,114.7,98.0,-1.6,-0.2,1.08,GOOD
1790983967826,4946,2065.0,56.94290650962088,32000.0,114.7,98.0,-1.6,-0.2,1.08,GOOD
1790983967826,4947,2383.0,81.71687698411378,32000.0,114.7,98.0,-1.6,-0.2,1.08,GOOD
1790983967826,4948,2405.0,139.67566961552143,32000.0,114.7,98.0,-1.6,-0.2,1.08,GOOD
1790983967826,4949,2430.0,235.19881268952798,32000.0,114.7,98.0,-1.6,-0.2,1.08,GOOD
1790983967826,4950,2248.0,324.78163111799813,32000.0,114.7,98.0,-1.6,-0.2,1.08,GOOD
1790983967826,4951,2229.0,360.6120604293494,32000.0,114.7,98.0,-1.6,-0.2,1.08,GOOD
1790983967826,4952,2204.0,333.09640268462704,32000.0,114.7,98.0,-1.6,-0.2,1.08,GOOD
1790983967826,4953,2175.0,265.98716501235145,32000.0,114.7,98.0,-1.6,-0.2,1.08,GOOD
1790983967826,4954,1739.0,171.51442738742202,32000.0,114.7,98.0,-1.6,-0.2,1.08,GOOD
1790983967826,4955,1748.0,38.59879421122744,32000.0,114.7,98.0,-1.6,-0.2,1.08,GOOD
1790983967826,4956,1740.0,-113.73276551632966,32000.0,114.7,98.0,-1.6,-0.2,1.08,GOOD
1790983967826,4957,1917.0,-226.50891066294093,32000.0,114.7,98.0,-1.6,-0.2,1.08,GOOD
1790983967826,4958,1908.0,-262.35781029551043,32000.0,114.7,98.0,-1.6,-0.2,1.08,GOOD
1790983967826,4959,1925.0,-234.21772142149786,32000.0,114.7,98.0,-1.6,-0.2,1.08,GOOD
1790983967826,4960,1947.0,-174.32203240356765,32000.0,114.7,98.0,-1.6,-0.2,1.08,GOOD
1790983967826,4961,2119.0,-99.13920185847796,32000.0,114.7,98.0,-1.6,-0.2,1.08,GOOD
1790983967826,4962,2082.0,-17.331762698792847,32000.0,114.7,98.0,-1.6,-0.2,1.08,GOOD
1790983967826,4963,2067.0,44.851446068857086,32000.0,114.7,98.0,-1.6,-0.2,1.08,GOOD
1790983967826,4964,2077.0,65.00680881227804,32000.0,114.7,98.0,-1.6,-0.2,1.08,GOOD
1790983967826,4965,2061.0,58.57779789546396,32000.0,114.7,98.0,-1.6,-0.2,1.08,GOOD
1790983967826,4966,2066.0,55.18935520123903,32000.0,114.7,98.0,-1.6,-0.2,1.08,GOOD
1790983967826,4967,2048.0,58.511002827653314,32000.0,114.7,98.0,-1.6,-0.2,1.08,GOOD
1790983967826,4968,1967.0,48.420631258407795,32000.0,114.7,98.0,-1.6,-0.2,1.08,GOOD
1790983967826,4969,1995.0,14.510541593419681,32000.0,114.7,98.0,-1.6,-0.2,1.08,GOOD
1790983967826,4970,2012.0,-21.733422093558666,32000.0,114.7,98.0,-1.6,-0.2,1.08,GOOD
1790983967826,4971,2001.0,-32.67346837300354,32000.0,114.7,98.0,-1.6,-0.2,1.08,GOOD
1790983967826,4972,1947.0,-24.291984347545508,32000.0,114.7,98.0,-1.6,-0.2,1.08,GOOD
1790983967826,4973,1940.0,-26.088703924686317,32000.0,114.7,98.0,-1.6,-0.2,1.08,GOOD
1790983967826,4974,1965.0,-47.401992453270985,32000.0,114.7,98.0,-1.6,-0.2,1.08,GOOD
1790983967826,4975,1974.0,-66.87553531044868,32000.0,114.7,98.0,-1.6,-0.2,1.08,GOOD
1790983968037,4976,2119.0,-59.877683160302844,32000.0,114.7,98.0,-1.7,-0.3,1.08,GOOD
1790983968037,4977,2084.0,-22.012023364010517,32000.0,114.7,98.0,-1.7,-0.3,1.08,GOOD
1790983968037,4978,2075.0,25.484418307453822,32000.0,114.7,98.0,-1.7,-0.3,1.08,GOOD
1790983968037,4979,2083.0,57.71396016585605,32000.0,114.7,98.0,-1.7,-0.3,1.08,GOOD
1790983968037,4980,2147.0,74.63856126376874,32000.0,114.7,98.0,-1.7,-0.3,1.08,GOOD
1790983968037,4981,2115.0,89.52652161746883,32000.0,114.7,98.0,-1.7,-0.3,1.08,GOOD
1790983968037,4982,2094.0,100.3290425589021,32000.0,114.7,98.0,-1.7,-0.3,1.08,GOOD
1790983968037,4983,2090.0,96.02264158011332,32000.0,114.7,98.0,-1.7,-0.3,1.08,GOOD
1790983968037,4984,2123.0,81.67186889363151,32000.0,114.7,98.0,-1.7,-0.3,1.08,GOOD
1790983968037,4985,2138.0,75.5486292531011,32000.0,114.7,98.0,-1.7,-0.3,1.08,GOOD
1790983968037,4986,2136.0,84.62910327675667,32000.0,114.7,98.0,-1.7,-0.3,1.08,GOOD
1790983968037,4987,2069.0,95.29898264094717,32000.0,114.7,98.0,-1.7,-0.3,1.08,GOOD
1790983968037,4988,2089.0,91.13230958474065,32000.0,114.7,98.0,-1.7,-0.3,1.08,GOOD
1790983968037,4989,2111.0,75.46883854320095,32000.0,114.7,98.0,-1.7,-0.3,1.08,GOOD
1790983968037,4990,2117.0,65.16334283391726,32000.0,114.7,98.0,-1.7,-0.3,1.08,GOOD
1790983968037,4991,2123.0,66.58226901461884,32000.0,114.7,98.0,-1.7,-0.3,1.08,GOOD
1790983968037,4992,2109.0,72.41105852982179,32000.0,114.7,98.0,-1.7,-0.3,1.08,GOOD
1790983968037,4993,2123.0,76.19579546072053,32000.0,114.7,98.0,-1.7,-0.3,1.08,GOOD
1790983968037,4994,2139.0,79.78547249174186,32000.0,114.7,98.0,-1.7,-0.3,1.08,GOOD
1790983968037,4995,2322.0,93.72068942429823,32000.0,114.7,98.0,-1.7,-0.3,1.08,GOOD
1790983968037,4996,2291.0,129.62633144218844,32000.0,114.7,98.0,-1.7,-0.3,1.08,GOOD
1790983968037,4997,2276.0,179.9856086422746,32000.0,114.7,98.0,-1.7,-0.3,1.08,GOOD
1790983968037,4998,2338.0,224.11700867139297,32000.0,114.7,98.0,-1.7,-0.3,1.08,GOOD
1790983968037,4999,2341.0,255.71972910227785,32000.0,114.7,98.0,-1.7,-0.3,1.08,GOOD
1790983968037,5000,2339.0,276.5455340162598,32000.0,114.7,98.0,-1.7,-0.3,1.08,GOOD
1790983968135,5001,2319.0,281.4990137963414,32000.0,114.7,98.0,-1.7,-0.2,1.08,GOOD
1790983968135,5002,2158.0,263.3557309433327,32000.0,114.7,98.0,-1.7,-0.2,1.08,GOOD
1790983968135,5003,2170.0,220.10481516129607,32000.0,114.7,98.0,-1.7,-0.2,1.08,GOOD
1790983968135,5004,2187.0,164.99082126645646,32000.0,114.7,98.0,-1.7,-0.2,1.08,GOOD
1790983968135,5005,2010.0,112.30795615812134,32000.0,114.7,98.0,-1.7,-0.2,1.08,GOOD
1790983968135,5006,2017.0,55.03627244438586,32000.0,114.7,98.0,-1.7,-0.2,1.08,GOOD
1790983968135,5007,2017.0,-8.47436471352903,32000.0,114.7,98.0,-1.7,-0.2,1.08,GOOD
1790983968135,5008,2027.0,-55.68712213842786,32000.0,114.7,98.0,-1.7,-0.2,1.08,GOOD
1790983968135,5009,1901.0,-76.55883070022975,32000.0,114.7,98.0,-1.7,-0.2,1.08,GOOD
1790983968135,5010,1887.0,-93.24247396576384,32000.0,114.7,98.0,-1.7,-0.2,1.08,GOOD
1790983968135,5011,1872.0,-126.15695097050592,32000.0,114.7,98.0,-1.7,-0.2,1.08,GOOD
1790983968135,5012,2078.0,-159.11811382232878,32000.0,114.7,98.0,-1.7,-0.2,1.08,GOOD
1790983968135,5013,2064.0,-154.68565936671376,32000.0,114.7,98.0,-1.7,-0.2,1.08,GOOD
1790983968135,5014,2076.0,-104.6064224724979,32000.0,114.7,98.0,-1.7,-0.2,1.08,GOOD
1790983968135,5015,2072.0,-40.632136113759294,32000.0,114.7,98.0,-1.7,-0.2,1.08,GOOD
1790983968135,5016,2035.0,3.626579836397611,32000.0,114.7,98.0,-1.7,-0.2,1.08,GOOD
1790983968135,5017,2035.0,15.397410259763328,32000.0,114.7,98.0,-1.7,-0.2,1.08,GOOD
1790983968135,5018,2037.0,1.1540802665532817,32000.0,114.7,98.0,-1.7,-0.2,1.08,GOOD
1790983968135,5019,2058.0,-21.3463457924466,32000.0,114.7,98.0,-1.7,-0.2,1.08,GOOD
1790983968135,5020,1932.0,-40.30227831929183,32000.0,114.7,98.0,-1.7,-0.2,1.08,GOOD
1790983968135,5021,1931.0,-60.35476384293668,32000.0,114.7,98.0,-1.7,-0.2,1.08,GOOD
1790983968135,5022,1922.0,-87.2453243820913,32000.0,114.7,98.0,-1.7,-0.2,1.08,GOOD
1790983968135,5023,1829.0,-119.24128214695055,32000.0,114.7,98.0,-1.7,-0.2,1.08,GOOD
1790983968135,5024,1853.0,-156.43944914565128,32000.0,114.7,98.0,-1.7,-0.2,1.08,GOOD
1790983968135,5025,1875.0,-192.18369297849438,32000.0,114.7,98.0,-1.7,-0.2,1.08,GOOD
1790983968438,5026,1872.0,-210.2396680160032,19.0,113.3,98.0,-1.7,-0.3,1.08,GOOD
1790983968438,5027,1883.0,-205.09498041730907,24.0,113.3,98.0,-1.7,-0.3,1.08,GOOD
1790983968438,5028,1870.0,-187.83841172878076,24.0,113.3,98.0,-1.7,-0.3,1.08,GOOD
1790983968438,5029,1883.0,-172.7437235245008,24.0,113.3,98.0,-1.7,-0.3,1.08,GOOD
1790983968438,5030,2057.0,-158.42303124262912,23.0,113.3,98.0,-1.7,-0.3,1.08,GOOD
1790983968438,5031,2032.0,-127.06451802008057,23.0,113.3,98.0,-1.7,-0.3,1.08,GOOD
1790983968438,5032,2012.0,-76.68564779956304,21.0,113.3,98.0,-1.7,-0.3,1.08,GOOD
1790983968438,5033,2003.0,-31.016388182145793,23.0,113.3,98.0,-1.7,-0.3,1.08,GOOD
1790983968438,5034,2014.0,-8.578926191809703,24.0,113.3,98.0,-1.7,-0.3,1.08,GOOD
1790983968438,5035,2028.0,-7.449667740825607,24.0,113.3,98.0,-1.7,-0.3,1.08,GOOD
1790983968438,5036,2018.0,-16.203390584876605,24.0,113.3,98.0,-1.7,-0.3,1.08,GOOD
1790983968438,5037,2011.0,-25.09207988071269,23.0,113.3,98.0,-1.7,-0.3,1.08,GOOD
1790983968438,5038,1701.0,-41.14759217325402,23.0,113.3,98.0,-1.7,-0.3,1.08,GOOD
1790983968438,5039,1718.0,-90.25253022292446,24.0,113.3,98.0,-1.7,-0.3,1.08,GOOD
1790983968438,5040,1725.0,-176.06862452731448,23.0,113.3,98.0,-1.7,-0.3,1.08,GOOD
1790983968438,5041,2036.0,-251.61550003560123,24.0,113.3,98.0,-1.7,-0.3,1.08,GOOD
1790983968438,5042,2044.0,-256.3393852913333,25.0,113.3,98.0,-1.7,-0.3,1.08,GOOD
1790983968438,5043,2076.0,-177.03910816921746,29.0,113.3,98.0,-1.7,-0.3,1.08,GOOD
1790983968438,5044,2110.0,-55.89022417115524,29.0,113.3,98.0,-1.7,-0.3,1.08,GOOD
1790983968438,5045,1930.0,46.81574720822732,26.0,113.3,98.0,-1.7,-0.3,1.08,GOOD
1790983968438,5046,1884.0,77.39921650406374,23.0,113.3,98.0,-1.7,-0.3,1.08,GOOD
1790983968438,5047,1870.0,21.75735908960163,24.0,113.3,98.0,-1.7,-0.3,1.08,GOOD
1790983968438,5048,1880.0,-74.71776548619668,24.0,113.3,98.0,-1.7,-0.3,1.08,GOOD
1790983968438,5049,1950.0,-145.873522002604,23.0,113.3,98.0,-1.7,-0.3,1.08,GOOD
1790983968438,5050,1917.0,-157.85931746861502,25.0,113.3,98.0,-1.7,-0.3,1.08,GOOD
1790983968439,5051,1858.0,-130.44042965183718,32000.0,113.3,98.0,-1.7,-0.3,1.08,GOOD
1790983968439,5052,2029.0,-101.9117432164439,32000.0,113.3,98.0,-1.7,-0.3,1.08,GOOD
1790983968439,5053,2038.0,-77.46090716819734,32000.0,113.3,98.0,-1.7,-0.3,1.08,GOOD
1790983968439,5054,2022.0,-43.34904632154476,32000.0,113.3,98.0,-1.7,-0.3,1.08,GOOD
1790983968439,5055,1999.0,-5.484234071244558,32000.0,113.3,98.0,-1.7,-0.3,1.08,GOOD
1790983968439,5056,2009.0,18.843499579402053,32000.0,113.3,98.0,-1.7,-0.3,1.08,GOOD
1790983968439,5057,2025.0,23.41260422478713,32000.0,113.3,98.0,-1.7,-0.3,1.08,GOOD
1790983968439,5058,2029.0,15.652711021867379,32000.0,113.3,98.0,-1.7,-0.3,1.08,GOOD
1790983968439,5059,2046.0,8.39686797117949,32000.0,113.3,98.0,-1.7,-0.3,1.08,GOOD
1790983968439,5060,2055.0,11.706040558862632,32000.0,113.3,98.0,-1.7,-0.3,1.08,GOOD
1790983968439,5061,2055.0,26.27841180909654,32000.0,113.3,98.0,-1.7,-0.3,1.08,GOOD
1790983968439,5062,2071.0,43.19644657817583,32000.0,113.3,98.0,-1.7,-0.3,1.08,GOOD
1790983968439,5063,1904.0,47.066782041790844,32000.0,113.3,98.0,-1.7,-0.3,1.08,GOOD
1790983968439,5064,1899.0,22.118833015827605,32000.0,113.3,98.0,-1.7,-0.3,1.08,GOOD
1790983968439,5065,1891.0,-28.086929084524705,32000.0,113.3,98.0,-1.7,-0.3,1.08,GOOD
1790983968439,5066,1879.0,-79.66038249839156,32000.0,113.3,98.0,-1.7,-0.3,1.08,GOOD
1790983968439,5067,1930.0,-113.60128539408497,32000.0,113.3,98.0,-1.7,-0.3,1.08,GOOD
1790983968439,5068,1929.0,-123.48555150387901,32000.0,113.3,98.0,-1.7,-0.3,1.08,GOOD
1790983968439,5069,1921.0,-111.7226493283947,32000.0,113.3,98.0,-1.7,-0.3,1.08,GOOD
1790983968439,5070,1894.0,-90.2317039886129,32000.0,113.3,98.0,-1.7,-0.3,1.08,GOOD
1790983968439,5071,2118.0,-65.92324283576454,32000.0,113.3,98.0,-1.7,-0.3,1.08,GOOD
1790983968439,5072,2118.0,-28.395349368708104,32000.0,113.3,98.0,-1.7,-0.3,1.08,GOOD
1790983968439,5073,2129.0,26.40632374636168,32000.0,113.3,98.0,-1.7,-0.3,1.08,GOOD
1790983968439,5074,2131.0,82.55899076925846,32000.0,113.3,98.0,-1.7,-0.3,1.08,GOOD
1790983968439,5075,2110.0,124.74280544071117,32000.0,113.3,98.0,-1.7,-0.3,1.08,GOOD
1790983968439,5076,2101.0,144.90676328879206,32000.0,113.3,98.0,-1.7,-0.3,1.08,GOOD
1790983968439,5077,2107.0,139.33432972170664,32000.0,113.3,98.0,-1.7,-0.3,1.08,GOOD
1790983968439,5078,2134.0,116.75077885258612,32000.0,113.3,98.0,-1.7,-0.3,1.08,GOOD
1790983968439,5079,1998.0,92.68458312229166,32000.0,113.3,98.0,-1.7,-0.3,1.08,GOOD
1790983968439,5080,1995.0,70.52948604483424,32000.0,113.3,98.0,-1.7,-0.3,1.08,GOOD
1790983968439,5081,1971.0,44.386731174689864,32000.0,113.3,98.0,-1.7,-0.3,1.08,GOOD
1790983968439,5082,1940.0,11.057469902282097,32000.0,113.3,98.0,-1.7,-0.3,1.08,GOOD
1790983968439,5083,1981.0,-26.61480888950553,32000.0,113.3,98.0,-1.7,-0.3,1.08,GOOD
1790983968439,5084,1994.0,-53.980224058660234,32000.0,113.3,98.0,-1.7,-0.3,1.08,GOOD
1790983968439,5085,1995.0,-54.885041004962034,32000.0,113.3,98.0,-1.7,-0.3,1.08,GOOD
1790983968439,5086,1980.0,-33.44824172906624,32000.0,113.3,98.0,-1.7,-0.3,1.08,GOOD
1790983968439,5087,1947.0,-13.11790820794106,32000.0,113.3,98.0,-1.7,-0.3,1.08,GOOD
1790983968439,5088,1950.0,-13.650287766073465,32000.0,113.3,98.0,-1.7,-0.3,1.08,GOOD
1790983968439,5089,2124.0,-25.41037815305437,32000.0,113.3,98.0,-1.7,-0.3,1.08,GOOD
1790983968439,5090,2120.0,-14.773216491423687,32000.0,113.3,98.0,-1.7,-0.3,1.08,GOOD
1790983968439,5091,2104.0,30.026058344240802,32000.0,113.3,98.0,-1.7,-0.3,1.08,GOOD
1790983968439,5092,2110.0,82.51199532371916,32000.0,113.3,98.0,-1.7,-0.3,1.08,GOOD
1790983968439,5093,2038.0,112.06358334315607,32000.0,113.3,98.0,-1.7,-0.3,1.08,GOOD
1790983968439,5094,2061.0,108.0609539947439,32000.0,113.3,98.0,-1.7,-0.3,1.08,GOOD
1790983968439,5095,2039.0,80.99392934844415,32000.0,113.3,98.0,-1.7,-0.3,1.08,GOOD
1790983968439,5096,2036.0,50.357959787239004,32000.0,113.3,98.0,-1.7,-0.3,1.08,GOOD
1790983968439,5097,1931.0,24.828485512244292,32000.0,113.3,98.0,-1.7,-0.3,1.08,GOOD
1790983968439,5098,1965.0,-0.23261626285385484,32000.0,113.3,98.0,-1.7,-0.3,1.08,GOOD
1790983968439,5099,1980.0,-24.87432679183707,32000.0,113.3,98.0,-1.7,-0.3,1.08,GOOD
1790983968439,5100,1968.0,-41.10521789569898,32000.0,113.3,98.0,-1.7,-0.3,1.08,GOOD
1790983968521,5101,2025.0,-44.66262246210132,32000.0,113.3,98.0,-1.7,-0.3,1.07,GOOD
1790983968521,5102,2062.0,-32.70176806157136,32000.0,113.3,98.0,-1.7,-0.3,1.07,GOOD
1790983968521,5103,2103.0,-2.457882753796133,32000.0,113.3,98.0,-1.7,-0.3,1.07,GOOD
1790983968521,5104,2125.0,40.14409545186567,32000.0,113.3,98.0,-1.7,-0.3,1.07,GOOD
1790983968521,5105,2684.0,103.10517142736263,32000.0,113.3,98.0,-1.7,-0.3,1.07,GOOD
1790983968521,5106,2603.0,220.10055935507847,32000.0,113.3,98.0,-1.7,-0.3,1.07,GOOD
1790983968521,5107,2604.0,383.93553214050445,32000.0,113.3,98.0,-1.7,-0.3,1.07,GOOD
1790983968521,5108,2610.0,529.9909887609241,32000.0,113.3,98.0,-1.7,-0.3,1.07,GOOD
1790983968521,5109,2016.0,588.7818769534227,32000.0,113.3,98.0,-1.7,-0.3,1.07,GOOD
1790983968521,5110,1969.0,503.55956908312896,32000.0,113.3,98.0,-1.7,-0.3,1.07,GOOD
1790983968521,5111,1915.0,284.2205542735379,32000.0,113.3,98.0,-1.7,-0.3,1.07,GOOD
1790983968521,5112,1908.0,32.05129674041579,32000.0,113.3,98.0,-1.7,-0.3,1.07,GOOD
1790983968521,5113,1884.0,-149.36109122426905,32000.0,113.3,98.0,-1.7,-0.3,1.07,GOOD
1790983968521,5114,1915.0,-221.45336205535153,32000.0,113.3,98.0,-1.7,-0.3,1.07,GOOD
1790983968521,5115,1912.0,-205.82723911998187,32000.0,113.3,98.0,-1.7,-0.3,1.07,GOOD
1790983968521,5116,1895.0,-156.4710145242695,32000.0,113.3,98.0,-1.7,-0.3,1.07,GOOD
1790983968521,5117,1981.0,-119.83892858912218,32000.0,113.3,98.0,-1.7,-0.3,1.07,GOOD
1790983968521,5118,2028.0,-101.5185876599294,32000.0,113.3,98.0,-1.7,-0.3,1.07,GOOD
1790983968521,5119,2055.0,-78.58900634827936,32000.0,113.3,98.0,-1.7,-0.3,1.07,GOOD
1790983968521,5120,1967.0,-43.01525287710621,32000.0,113.3,98.0,-1.7,-0.3,1.07,GOOD
1790983968521,5121,1953.0,-16.426472273213435,32000.0,113.3,98.0,-1.7,-0.3,1.07,GOOD
1790983968521,5122,1965.0,-19.72695572123109,32000.0,113.3,98.0,-1.7,-0.3,1.07,GOOD
1790983968521,5123,2004.0,-44.463260416623626,32000.0,113.3,98.0,-1.7,-0.3,1.07,GOOD
1790983968521,5124,2027.0,-63.09985078385898,32000.0,113.3,98.0,-1.7,-0.3,1.07,GOOD
1790983968521,5125,1979.0,-59.45035542084284,32000.0,113.3,98.0,-1.7,-0.3,1.07,GOOD
1790983968619,5126,1943.0,-44.29307931759123,32000.0,113.3,98.0,-1.7,-0.3,1.08,GOOD
1790983968619,5127,2207.0,-29.186954845180853,32000.0,113.3,98.0,-1.7,-0.3,1.08,GOOD
1790983968619,5128,2228.0,2.144176669324845,32000.0,113.3,98.0,-1.7,-0.3,1.08,GOOD
1790983968619,5129,2237.0,62.80044048407183,32000.0,113.3,98.0,-1.7,-0.3,1.08,GOOD
1790983968619,5130,2215.0,133.606821349584,32000.0,113.3,98.0,-1.7,-0.3,1.08,GOOD
1790983968619,5131,2183.0,186.28132868000998,32000.0,113.3,98.0,-1.7,-0.3,1.08,GOOD
1790983968619,5132,2184.0,204.6251716117814,32000.0,113.3,98.0,-1.7,-0.3,1.08,GOOD
1790983968619,5133,2213.0,189.4246047650172,32000.0,113.3,98.0,-1.7,-0.3,1.08,GOOD
1790983968619,5134,2237.0,159.96300007120036,32000.0,113.3,98.0,-1.7,-0.3,1.08,GOOD
1790983968619,5135,2074.0,135.90894965347968,32000.0,113.3,98.0,-1.7,-0.3,1.08,GOOD
1790983968619,5136,2063.0,115.38173991839173,32000.0,113.3,98.0,-1.7,-0.3,1.08,GOOD
1790983968619,5137,2071.0,87.58940401857772,32000.0,113.3,98.0,-1.7,-0.3,1.08,GOOD
1790983968619,5138,2123.0,54.62695815778128,32000.0,113.3,98.0,-1.7,-0.3,1.08,GOOD
1790983968619,5139,2106.0,27.60883947957638,32000.0,113.3,98.0,-1.7,-0.3,1.08,GOOD
1790983968619,5140,2118.0,16.794068219182712,32000.0,113.3,98.0,-1.7,-0.3,1.08,GOOD
1790983968619,5141,2111.0,27.058208477819225,32000.0,113.3,98.0,-1.7,-0.3,1.08,GOOD
1790983968619,5142,2103.0,50.47524351774496,32000.0,113.3,98.0,-1.7,-0.3,1.08,GOOD
1790983968619,5143,2063.0,64.75264770025703,32000.0,113.3,98.0,-1.7,-0.3,1.08,GOOD
1790983968619,5144,2077.0,52.57514804412473,32000.0,113.3,98.0,-1.7,-0.3,1.08,GOOD
1790983968619,5145,2079.0,23.53543650555701,32000.0,113.3,98.0,-1.7,-0.3,1.08,GOOD
1790983968619,5146,2057.0,2.999231837278721,32000.0,113.3,98.0,-1.7,-0.3,1.08,GOOD
1790983968619,5147,2143.0,4.229523101374152,32000.0,113.3,98.0,-1.7,-0.3,1.08,GOOD
1790983968619,5148,2124.0,21.810124228286618,32000.0,113.3,98.0,-1.7,-0.3,1.08,GOOD
1790983968619,5149,2136.0,40.87192529483055,32000.0,113.3,98.0,-1.7,-0.3,1.08,GOOD
1790983968619,5150,2121.0,51.78100566405779,32000.0,113.3,98.0,-1.7,-0.3,1.08,GOOD
1790983968701,5151,2422.0,69.7795424238806,32000.0,113.3,98.0,-1.6,-0.3,1.08,LEAD_OFF
1790983968701,5152,2409.0,125.29129156106829,32000.0,113.3,98.0,-1.6,-0.3,1.08,LEAD_OFF
1790983968701,5153,2431.0,214.83538451847875,32000.0,113.3,98.0,-1.6,-0.3,1.08,LEAD_OFF
1790983968701,5154,2458.0,298.04106986743113,32000.0,113.3,98.0,-1.6,-0.3,1.08,LEAD_OFF
1790983968701,5155,2402.0,348.2499181407809,32000.0,113.3,98.0,-1.6,-0.3,1.08,LEAD_OFF
1790983968701,5156,2392.0,363.58288834666087,32000.0,113.3,98.0,-1.6,-0.3,1.08,LEAD_OFF
1790983968701,5157,2381.0,349.4266922277102,32000.0,113.3,98.0,-1.6,-0.3,1.08,LEAD_OFF
1790983968701,5158,2406.0,316.45921258701804,32000.0,113.3,98.0,-1.6,-0.3,1.08,LEAD_OFF
1790983968701,5159,2243.0,275.8134250330438,32000.0,113.3,98.0,-1.6,-0.3,1.08,LEAD_OFF
1790983968701,5160,2253.0,230.74384899289183,32000.0,113.3,98.0,-1.6,-0.3,1.08,LEAD_OFF
1790983968701,5161,2226.0,185.11532702643248,32000.0,113.3,98.0,-1.6,-0.3,1.08,LEAD_OFF
1790983968701,5162,2004.0,137.28876147814069,32000.0,113.3,98.0,-1.6,-0.3,1.08,LEAD_OFF
1790983968701,5163,2028.0,69.28226793209676,32000.0,113.3,98.0,-1.6,-0.3,1.08,LEAD_OFF
1790983968701,5164,2061.0,-16.28081551664166,32000.0,113.3,98.0,-1.6,-0.3,1.08,LEAD_OFF
1790983968701,5165,2058.0,-82.22635805233884,32000.0,113.3,98.0,-1.6,-0.3,1.08,LEAD_OFF
1790983968701,5166,2051.0,-104.42688827976018,32000.0,113.3,98.0,-1.6,-0.3,1.08,LEAD_OFF
1790983968701,5167,2009.0,-96.15337607886158,32000.0,113.3,98.0,-1.6,-0.3,1.08,LEAD_OFF
1790983968701,5168,2015.0,-85.48813209434161,32000.0,113.3,98.0,-1.6,-0.3,1.08,LEAD_OFF
1790983968701,5169,2107.0,-83.53193423487922,32000.0,113.3,98.0,-1.6,-0.3,1.08,LEAD_OFF
1790983968701,5170,2073.0,-79.37432801696328,32000.0,113.3,98.0,-1.6,-0.3,1.08,LEAD_OFF
1790983968701,5171,2030.0,-67.95256980714555,32000.0,113.3,98.0,-1.6,-0.3,1.08,LEAD_OFF
1790983968701,5172,2005.0,-61.37092838670608,32000.0,113.3,98.0,-1.6,-0.3,1.08,LEAD_OFF
1790983968701,5173,2080.0,-65.9903977333878,32000.0,113.3,98.0,-1.6,-0.3,1.08,LEAD_OFF
1790983968701,5174,2115.0,-70.04424266486235,32000.0,113.3,98.0,-1.6,-0.3,1.08,LEAD_OFF
1790983968701,5175,2117.0,-61.03671708133965,32000.0,113.3,98.0,-1.6,-0.3,1.08,LEAD_OFF
1790983968913,5176,2104.0,-41.172009138022,32000.0,113.3,98.0,-1.6,-0.3,1.08,GOOD
1790983968913,5177,1897.0,-28.4562637850959,32000.0,113.3,98.0,-1.6,-0.3,1.08,GOOD
1790983968913,5178,1924.0,-47.14397899686295,32000.0,113.3,98.0,-1.6,-0.3,1.08,GOOD
1790983968913,5179,1956.0,-98.42710259889843,32000.0,113.3,98.0,-1.6,-0.3,1.08,GOOD
1790983968913,5180,1979.0,-153.0691022011797,32000.0,113.3,98.0,-1.6,-0.3,1.08,GOOD
1790983968913,5181,1894.0,-186.57418723909166,32000.0,113.3,98.0,-1.6,-0.3,1.08,GOOD
1790983968913,5182,1914.0,-197.49430365423035,32000.0,113.3,98.0,-1.6,-0.3,1.08,GOOD
1790983968913,5183,1943.0,-191.8061207010963,32000.0,113.3,98.0,-1.6,-0.3,1.08,GOOD
1790983968913,5184,1954.0,-175.74427748675856,32000.0,113.3,98.0,-1.6,-0.3,1.08,GOOD
1790983968913,5185,1871.0,-164.60950846454142,32000.0,113.3,98.0,-1.6,-0.3,1.08,GOOD
1790983968913,5186,1857.0,-174.40571833088006,32000.0,113.3,98.0,-1.6,-0.3,1.08,GOOD
1790983968913,5187,1848.0,-200.16100078740334,32000.0,113.3,98.0,-1.6,-0.3,1.08,GOOD
1790983968913,5188,1851.0,-221.772417994028,32000.0,113.3,98.0,-1.6,-0.3,1.08,GOOD
1790983968913,5189,1933.0,-227.78120041552833,32000.0,113.3,98.0,-1.6,-0.3,1.08,GOOD
1790983968913,5190,1906.0,-219.93345706840105,32000.0,113.3,98.0,-1.6,-0.3,1.08,GOOD
1790983968913,5191,1888.0,-206.01235126464775,32000.0,113.3,98.0,-1.6,-0.3,1.08,GOOD
1790983968913,5192,1878.0,-192.10096720606003,32000.0,113.3,98.0,-1.6,-0.3,1.08,GOOD
1790983968913,5193,2114.0,-170.31814513403086,32000.0,113.3,98.0,-1.6,-0.3,1.08,GOOD
1790983968913,5194,2105.0,-124.64120826911672,32000.0,113.3,98.0,-1.6,-0.3,1.08,GOOD
1790983968913,5195,2099.0,-61.74522942865116,32000.0,113.3,98.0,-1.6,-0.3,1.08,GOOD
1790983968913,5196,1997.0,-12.201341864342192,32000.0,113.3,98.0,-1.6,-0.3,1.08,GOOD
1790983968913,5197,2023.0,5.744845443300196,32000.0,113.3,98.0,-1.6,-0.3,1.08,GOOD
1790983968913,5198,2032.0,-0.4055437389655099,32000.0,113.3,98.0,-1.6,-0.3,1.08,GOOD
1790983968913,5199,2037.0,-17.57106330987775,32000.0,113.3,98.0,-1.6,-0.3,1.08,GOOD
1790983968913,5200,1949.0,-43.19911864149151,32000.0,113.3,98.0,-1.6,-0.3,1.08,GOOD
1790983968914,5201,1980.0,-74.44968383846529,32000.0,113.3,98.0,-1.6,-0.3,1.08,GOOD
1790983968914,5202,1980.0,-94.96646643923617,32000.0,113.3,98.0,-1.6,-0.3,1.08,GOOD
1790983968914,5203,1984.0,-93.22155506100472,32000.0,113.3,98.0,-1.6,-0.3,1.08,GOOD
1790983968914,5204,1902.0,-85.51173998291253,32000.0,113.3,98.0,-1.6,-0.3,1.08,GOOD
1790983968914,5205,1910.0,-97.66659537345012,32000.0,113.3,98.0,-1.6,-0.3,1.08,GOOD
1790983968914,5206,1913.0,-127.87165098185271,32000.0,113.3,98.0,-1.6,-0.3,1.08,GOOD
1790983968914,5207,1905.0,-150.32682320397382,32000.0,113.3,98.0,-1.6,-0.3,1.08,GOOD
1790983968914,5208,1906.0,-152.57564272540546,32000.0,113.3,98.0,-1.6,-0.3,1.08,GOOD
1790983968914,5209,1903.0,-146.84529531007013,32000.0,113.3,98.0,-1.6,-0.3,1.08,GOOD
1790983968914,5210,1909.0,-147.16055364342603,32000.0,113.3,98.0,-1.6,-0.3,1.08,GOOD
1790983968914,5211,1912.0,-151.12146128850583,32000.0,113.3,98.0,-1.6,-0.3,1.08,GOOD
1790983968914,5212,2100.0,-140.14410731257001,32000.0,113.3,98.0,-1.6,-0.3,1.08,GOOD
1790983968914,5213,2077.0,-97.22346235215129,32000.0,113.3,98.0,-1.6,-0.3,1.08,GOOD
1790983968914,5214,2070.0,-34.8460612310709,32000.0,113.3,98.0,-1.6,-0.3,1.08,GOOD
1790983968914,5215,2085.0,14.883018100150167,32000.0,113.3,98.0,-1.6,-0.3,1.08,GOOD
1790983968914,5216,2095.0,40.29708550941525,32000.0,113.3,98.0,-1.6,-0.3,1.08,GOOD
1790983968914,5217,2094.0,51.577185844649065,32000.0,113.3,98.0,-1.6,-0.3,1.08,GOOD
1790983968914,5218,2093.0,55.66114771767985,32000.0,113.3,98.0,-1.6,-0.3,1.08,GOOD
1790983968914,5219,1985.0,47.68612531885643,32000.0,113.3,98.0,-1.6,-0.3,1.08,GOOD
1790983968914,5220,2010.0,21.99424866473116,32000.0,113.3,98.0,-1.6,-0.3,1.08,GOOD
1790983968914,5221,2017.0,-10.957917666752657,32000.0,113.3,98.0,-1.6,-0.3,1.08,GOOD
1790983968914,5222,2012.0,-32.64302552248026,32000.0,113.3,98.0,-1.6,-0.3,1.08,GOOD
1790983968914,5223,1883.0,-44.73393594083009,32000.0,113.3,98.0,-1.6,-0.3,1.08,GOOD
1790983968914,5224,1895.0,-66.66302112799761,32000.0,113.3,98.0,-1.6,-0.3,1.08,GOOD
1790983968914,5225,1905.0,-101.53290752414547,32000.0,113.3,98.0,-1.6,-0.3,1.08,GOOD
1790983969014,5226,1896.0,-131.10934664029332,32000.0,113.3,98.0,-1.6,-0.3,1.08,GOOD
1790983969014,5227,1903.0,-144.37029957639754,32000.0,113.3,98.0,-1.6,-0.3,1.08,GOOD
1790983969014,5228,1900.0,-145.7443976053462,32000.0,113.3,98.0,-1.6,-0.3,1.08,GOOD
1790983969014,5229,1911.0,-141.24083944572746,32000.0,113.3,98.0,-1.6,-0.3,1.08,GOOD
1790983969014,5230,1919.0,-131.94583448517352,32000.0,113.3,98.0,-1.6,-0.3,1.08,GOOD
1790983969014,5231,2151.0,-109.77932354133709,32000.0,113.3,98.0,-1.6,-0.3,1.08,GOOD
1790983969014,5232,2114.0,-61.285463747633976,32000.0,113.3,98.0,-1.6,-0.3,1.08,GOOD
1790983969014,5233,2113.0,6.193840806927215,32000.0,113.3,98.0,-1.6,-0.3,1.08,GOOD
1790983969014,5234,2173.0,67.36872426055557,32000.0,113.3,98.0,-1.6,-0.3,1.08,GOOD
1790983969014,5235,2180.0,112.26901375962818,32000.0,113.3,98.0,-1.6,-0.3,1.08,GOOD
1790983969014,5236,2166.0,141.7691641572435,32000.0,113.3,98.0,-1.6,-0.3,1.08,GOOD
1790983969014,5237,2154.0,150.72829182332472,32000.0,113.3,98.0,-1.6,-0.3,1.08,GOOD
1790983969014,5238,1985.0,132.7627294634898,32000.0,113.3,98.0,-1.6,-0.3,1.08,GOOD
1790983969014,5239,2016.0,88.53798107824736,32000.0,113.3,98.0,-1.6,-0.3,1.08,GOOD
1790983969014,5240,2022.0,34.996490034307456,32000.0,113.3,98.0,-1.6,-0.3,1.08,GOOD
1790983969014,5241,1951.0,-8.337004847953963,32000.0,113.3,98.0,-1.6,-0.3,1.08,GOOD
1790983969014,5242,1964.0,-41.73160934632291,32000.0,113.3,98.0,-1.6,-0.3,1.08,GOOD
1790983969014,5243,1978.0,-68.32855759010337,32000.0,113.3,98.0,-1.6,-0.3,1.08,GOOD
1790983969014,5244,2006.0,-77.47324393661393,32000.0,113.3,98.0,-1.6,-0.3,1.08,GOOD
1790983969014,5245,1983.0,-64.20642177784836,32000.0,113.3,98.0,-1.6,-0.3,1.08,GOOD
1790983969014,5246,1959.0,-44.836090894178,32000.0,113.3,98.0,-1.6,-0.3,1.08,GOOD
1790983969014,5247,1934.0,-41.48942945116927,32000.0,113.3,98.0,-1.6,-0.3,1.08,GOOD
1790983969014,5248,1925.0,-58.35811503202624,32000.0,113.3,98.0,-1.6,-0.3,1.08,GOOD
1790983969014,5249,2018.0,-77.16997072339979,32000.0,113.3,98.0,-1.6,-0.3,1.08,GOOD
1790983969014,5250,1993.0,-76.47654636176088,32000.0,113.3,98.0,-1.6,-0.3,1.08,GOOD
1790983969106,5251,1958.0,-58.687772759770574,32000.0,95.1,98.0,-1.6,-0.3,1.07,GOOD
1790983969106,5252,1931.0,-46.536294251105545,32000.0,95.1,98.0,-1.6,-0.3,1.07,GOOD
1790983969106,5253,2145.0,-43.472505633427815,32000.0,95.1,98.0,-1.6,-0.3,1.07,GOOD
1790983969106,5254,2162.0,-21.73380273187045,32000.0,95.1,98.0,-1.6,-0.3,1.07,GOOD
1790983969106,5255,2165.0,32.21236920440629,32000.0,95.1,98.0,-1.6,-0.3,1.07,GOOD
1790983969106,5256,2163.0,94.18022617005087,32000.0,95.1,98.0,-1.6,-0.3,1.07,GOOD
1790983969106,5257,2113.0,134.96297280279396,32000.0,95.1,98.0,-1.6,-0.3,1.07,GOOD
1790983969106,5258,2122.0,144.4613910723555,32000.0,95.1,98.0,-1.6,-0.3,1.07,GOOD
1790983969106,5259,2134.0,130.15921133114352,32000.0,95.1,98.0,-1.6,-0.3,1.07,GOOD
1790983969106,5260,2143.0,108.16696692433428,32000.0,95.1,98.0,-1.6,-0.3,1.07,GOOD
1790983969106,5261,2009.0,86.961701395815,32000.0,95.1,98.0,-1.6,-0.3,1.07,GOOD
1790983969106,5262,2036.0,62.44900938981801,32000.0,95.1,98.0,-1.6,-0.3,1.07,GOOD
1790983969106,5263,2045.0,35.481316679868264,32000.0,95.1,98.0,-1.6,-0.3,1.07,GOOD
1790983969106,5264,2556.0,35.323881821195705,32000.0,95.1,98.0,-1.6,-0.3,1.07,GOOD
1790983969106,5265,2557.0,108.74147487144342,32000.0,95.1,98.0,-1.6,-0.3,1.07,GOOD
1790983969106,5266,2584.0,255.96881872060732,32000.0,95.1,98.0,-1.6,-0.3,1.07,GOOD
1790983969106,5267,2598.0,416.9993624468671,32000.0,95.1,98.0,-1.6,-0.3,1.07,GOOD
1790983969106,5268,1935.0,510.0051477045514,32000.0,95.1,98.0,-1.6,-0.3,1.07,GOOD
1790983969106,5269,1873.0,450.80900670640597,32000.0,95.1,98.0,-1.6,-0.3,1.07,GOOD
1790983969106,5270,1825.0,230.25636464524993,32000.0,95.1,98.0,-1.6,-0.3,1.07,GOOD
1790983969106,5271,1788.0,-46.69525209689682,32000.0,95.1,98.0,-1.6,-0.3,1.07,GOOD
1790983969106,5272,1850.0,-256.1590934988466,32000.0,95.1,98.0,-1.6,-0.3,1.07,GOOD
1790983969106,5273,1864.0,-336.16575388734964,32000.0,95.1,98.0,-1.6,-0.3,1.07,GOOD
1790983969106,5274,1859.0,-302.35768890030965,32000.0,95.1,98.0,-1.6,-0.3,1.07,GOOD
1790983969106,5275,1849.0,-225.8908356052458,32000.0,95.1,98.0,-1.6,-0.3,1.07,GOOD
1790983969463,5276,2139.0,-163.61924472550263,77.0,95.1,98.0,-1.6,-0.3,1.08,GOOD
1790983969463,5277,2166.0,-108.04444759823987,77.0,95.1,98.0,-1.6,-0.3,1.08,GOOD
1790983969463,5278,2200.0,-29.967532560390598,82.0,95.1,98.0,-1.6,-0.3,1.08,GOOD
1790983969463,5279,2210.0,65.27051174880637,80.0,95.1,98.0,-1.6,-0.3,1.08,GOOD
1790983969463,5280,1944.0,136.0336657234024,79.0,95.1,98.0,-1.6,-0.3,1.08,GOOD
1790983969463,5281,1939.0,131.81467229108665,77.0,95.1,98.0,-1.6,-0.3,1.08,GOOD
1790983969463,5282,1950.0,48.53715092734934,74.0,95.1,98.0,-1.6,-0.3,1.08,GOOD
1790983969463,5283,1974.0,-54.84381103735109,65.0,95.1,98.0,-1.6,-0.3,1.08,GOOD
1790983969463,5284,1954.0,-117.96865598417912,65.0,95.1,98.0,-1.6,-0.3,1.08,GOOD
1790983969463,5285,1959.0,-127.5182790393657,64.0,95.1,98.0,-1.6,-0.3,1.08,GOOD
1790983969463,5286,1962.0,-106.91865826682074,67.0,95.1,98.0,-1.6,-0.3,1.08,GOOD
1790983969463,5287,1966.0,-84.52565808019642,65.0,95.1,98.0,-1.6,-0.3,1.08,GOOD
1790983969463,5288,2085.0,-69.2128230496272,62.0,95.1,98.0,-1.6,-0.3,1.08,GOOD
1790983969463,5289,2058.0,-49.18144985387547,61.0,95.1,98.0,-1.6,-0.3,1.08,GOOD
1790983969463,5290,2036.0,-19.017322353744525,58.0,95.1,98.0,-1.6,-0.3,1.08,GOOD
1790983969463,5291,2009.0,6.5933122332300265,56.0,95.1,98.0,-1.6,-0.3,1.08,GOOD
1790983969463,5292,2127.0,17.16870788219832,53.0,95.1,98.0,-1.6,-0.3,1.08,GOOD
1790983969463,5293,2102.0,22.27691915025543,50.0,95.1,98.0,-1.6,-0.3,1.08,GOOD
1790983969463,5294,2103.0,32.3496180782453,46.0,95.1,98.0,-1.6,-0.3,1.08,GOOD
1790983969463,5295,2079.0,45.07974293618853,44.0,95.1,98.0,-1.6,-0.3,1.08,GOOD
1790983969463,5296,2038.0,52.88309831910376,42.0,95.1,98.0,-1.6,-0.3,1.08,GOOD
1790983969463,5297,2072.0,49.390276668604436,39.0,95.1,98.0,-1.6,-0.3,1.08,GOOD
1790983969463,5298,2075.0,35.55607451181465,36.0,95.1,98.0,-1.6,-0.3,1.08,GOOD
1790983969463,5299,2101.0,21.412017739984833,42.0,95.1,98.0,-1.6,-0.3,1.08,GOOD
1790983969463,5300,2093.0,18.413729116729286,37.0,95.1,98.0,-1.6,-0.3,1.08,GOOD
1790983969463,5301,2140.0,31.766312281596868,32000.0,95.1,98.0,-1.6,-0.3,1.08,GOOD
1790983969463,5302,2125.0,56.16041394958073,32000.0,95.1,98.0,-1.6,-0.3,1.08,GOOD
1790983969463,5303,2125.0,77.03881583179438,32000.0,95.1,98.0,-1.6,-0.3,1.08,GOOD
1790983969463,5304,2103.0,82.20748197700286,32000.0,95.1,98.0,-1.6,-0.3,1.08,GOOD
1790983969463,5305,2418.0,86.0239387731292,32000.0,95.1,98.0,-1.6,-0.3,1.08,GOOD
1790983969463,5306,2416.0,127.56891183283801,32000.0,95.1,98.0,-1.6,-0.3,1.08,GOOD
1790983969463,5307,2428.0,215.21303873056206,32000.0,95.1,98.0,-1.6,-0.3,1.08,GOOD
1790983969463,5308,2448.0,308.3218700858224,32000.0,95.1,98.0,-1.6,-0.3,1.08,GOOD
1790983969463,5309,2396.0,367.97578976787736,32000.0,95.1,98.0,-1.6,-0.3,1.08,GOOD
1790983969463,5310,2392.0,383.3304046465988,32000.0,95.1,98.0,-1.6,-0.3,1.08,GOOD
1790983969463,5311,2384.0,363.2245685143497,32000.0,95.1,98.0,-1.6,-0.3,1.08,GOOD
1790983969463,5312,2414.0,327.9568604531563,32000.0,95.1,98.0,-1.6,-0.3,1.08,GOOD
1790983969463,5313,2202.0,290.8350242984593,32000.0,95.1,98.0,-1.6,-0.3,1.08,GOOD
1790983969463,5314,2212.0,245.579344926431,32000.0,95.1,98.0,-1.6,-0.3,1.08,GOOD
1790983969463,5315,2191.0,188.8289343674652,32000.0,95.1,98.0,-1.6,-0.3,1.08,GOOD
1790983969463,5316,2045.0,127.97517590739778,32000.0,95.1,98.0,-1.6,-0.3,1.08,GOOD
1790983969463,5317,2079.0,62.8445020258274,32000.0,95.1,98.0,-1.6,-0.3,1.08,GOOD
1790983969463,5318,2090.0,0.34751277908018574,32000.0,95.1,98.0,-1.6,-0.3,1.08,GOOD
1790983969463,5319,2094.0,-37.648140560124745,32000.0,95.1,98.0,-1.6,-0.3,1.08,GOOD
1790983969463,5320,2081.0,-43.0781567365038,32000.0,95.1,98.0,-1.6,-0.3,1.08,GOOD
1790983969463,5321,2033.0,-33.12333290239815,32000.0,95.1,98.0,-1.6,-0.3,1.08,GOOD
1790983969463,5322,2035.0,-31.229269456157848,32000.0,95.1,98.0,-1.6,-0.3,1.08,GOOD
1790983969463,5323,2026.0,-44.819589862047735,32000.0,95.1,98.0,-1.6,-0.3,1.08,GOOD
1790983969463,5324,2138.0,-59.605379005798866,32000.0,95.1,98.0,-1.6,-0.3,1.08,GOOD
1790983969463,5325,2089.0,-56.41697374406598,32000.0,95.1,98.0,-1.6,-0.3,1.08,GOOD
1790983969464,5326,2071.0,-36.832817673111535,32000.0,95.1,98.0,-1.6,-0.3,1.08,GOOD
1790983969464,5327,2077.0,-19.81469327321324,32000.0,95.1,98.0,-1.6,-0.3,1.08,GOOD
1790983969464,5328,2084.0,-14.739938037313062,32000.0,95.1,98.0,-1.6,-0.3,1.08,GOOD
1790983969464,5329,2092.0,-16.937350822565932,32000.0,95.1,98.0,-1.6,-0.3,1.08,GOOD
1790983969464,5330,2080.0,-20.70948041725316,32000.0,95.1,98.0,-1.6,-0.3,1.08,GOOD
1790983969464,5331,2091.0,-23.669513078305386,32000.0,95.1,98.0,-1.6,-0.3,1.08,GOOD
1790983969464,5332,1962.0,-28.882998193311572,32000.0,95.1,98.0,-1.6,-0.3,1.08,GOOD
1790983969464,5333,1993.0,-45.43772563406921,32000.0,95.1,98.0,-1.6,-0.3,1.08,GOOD
1790983969464,5334,1994.0,-73.92320973525824,32000.0,95.1,98.0,-1.6,-0.3,1.08,GOOD
1790983969464,5335,1990.0,-101.92051234296005,32000.0,95.1,98.0,-1.6,-0.3,1.08,GOOD
1790983969464,5336,1811.0,-126.56690662558472,32000.0,95.1,98.0,-1.6,-0.3,1.08,GOOD
1790983969464,5337,1851.0,-159.3407407197243,32000.0,95.1,98.0,-1.6,-0.3,1.08,GOOD
1790983969464,5338,1866.0,-198.6110798834011,32000.0,95.1,98.0,-1.6,-0.3,1.08,GOOD
1790983969464,5339,1851.0,-228.02171748671014,32000.0,95.1,98.0,-1.6,-0.3,1.08,GOOD
1790983969464,5340,1946.0,-238.82825802166147,32000.0,95.1,98.0,-1.6,-0.3,1.08,GOOD
1790983969464,5341,1901.0,-229.18797292098185,32000.0,95.1,98.0,-1.6,-0.3,1.08,GOOD
1790983969464,5342,1904.0,-203.15571983470485,32000.0,95.1,98.0,-1.6,-0.3,1.08,GOOD
1790983969464,5343,1903.0,-174.13789781170073,32000.0,95.1,98.0,-1.6,-0.3,1.08,GOOD
1790983969464,5344,1994.0,-152.22081653688164,32000.0,95.1,98.0,-1.6,-0.3,1.08,GOOD
1790983969464,5345,1919.0,-138.64373517605716,32000.0,95.1,98.0,-1.6,-0.3,1.08,GOOD
1790983969464,5346,1912.0,-134.56622272134388,32000.0,95.1,98.0,-1.6,-0.3,1.08,GOOD
1790983969464,5347,1922.0,-137.95979329981498,32000.0,95.1,98.0,-1.6,-0.3,1.08,GOOD
1790983969464,5348,2136.0,-131.19776822862744,32000.0,95.1,98.0,-1.6,-0.3,1.08,GOOD
1790983969464,5349,2114.0,-93.98476098679286,32000.0,95.1,98.0,-1.6,-0.3,1.08,GOOD
1790983969464,5350,2105.0,-34.914835013221435,32000.0,95.1,98.0,-1.6,-0.3,1.08,GOOD
1790983969630,5351,2126.0,17.628709838576352,32000.0,95.1,98.0,-1.6,-0.2,1.08,GOOD
1790983969630,5352,1967.0,46.26056829931966,32000.0,95.1,98.0,-1.6,-0.2,1.08,GOOD
1790983969630,5353,1994.0,41.57284957377011,32000.0,95.1,98.0,-1.6,-0.2,1.08,GOOD
1790983969630,5354,1976.0,2.929860775679524,32000.0,95.1,98.0,-1.6,-0.2,1.08,GOOD
1790983969630,5355,1962.0,-52.28948186025298,32000.0,95.1,98.0,-1.6,-0.2,1.08,GOOD
1790983969630,5356,1857.0,-103.4652351009546,32000.0,95.1,98.0,-1.6,-0.2,1.08,GOOD
1790983969630,5357,1904.0,-139.00159287503942,32000.0,95.1,98.0,-1.6,-0.2,1.08,GOOD
1790983969630,5358,1916.0,-153.59162067751623,32000.0,95.1,98.0,-1.6,-0.2,1.08,GOOD
1790983969630,5359,1894.0,-152.73438143541478,32000.0,95.1,98.0,-1.6,-0.2,1.08,GOOD
1790983969630,5360,1817.0,-155.5919682284003,32000.0,95.1,98.0,-1.6,-0.2,1.08,GOOD
1790983969630,5361,1811.0,-174.695562753729,32000.0,95.1,98.0,-1.6,-0.2,1.08,GOOD
1790983969630,5362,1832.0,-198.94101688778395,32000.0,95.1,98.0,-1.6,-0.2,1.08,GOOD
1790983969630,5363,1817.0,-211.37051936629373,32000.0,95.1,98.0,-1.6,-0.2,1.08,GOOD
1790983969630,5364,1959.0,-208.3530718367192,32000.0,95.1,98.0,-1.6,-0.2,1.08,GOOD
1790983969630,5365,1910.0,-190.89292105293998,32000.0,95.1,98.0,-1.6,-0.2,1.08,GOOD
1790983969630,5366,1925.0,-161.06850926751517,32000.0,95.1,98.0,-1.6,-0.2,1.08,GOOD
1790983969630,5367,1939.0,-125.25399323201239,32000.0,95.1,98.0,-1.6,-0.2,1.08,GOOD
1790983969630,5368,2146.0,-83.53581022176745,32000.0,95.1,98.0,-1.6,-0.2,1.08,GOOD
1790983969630,5369,2112.0,-31.10481864733203,32000.0,95.1,98.0,-1.6,-0.2,1.08,GOOD
1790983969630,5370,2092.0,22.194121957324377,32000.0,95.1,98.0,-1.6,-0.2,1.08,GOOD
1790983969630,5371,2118.0,60.15972092256636,32000.0,95.1,98.0,-1.6,-0.2,1.08,GOOD
1790983969630,5372,2041.0,81.46990064739872,32000.0,95.1,98.0,-1.6,-0.2,1.08,GOOD
1790983969630,5373,2047.0,85.9029096021545,32000.0,95.1,98.0,-1.6,-0.2,1.08,GOOD
1790983969630,5374,2021.0,66.30788150719383,32000.0,95.1,98.0,-1.6,-0.2,1.08,GOOD
1790983969630,5375,2027.0,27.313272058192346,32000.0,95.1,98.0,-1.6,-0.2,1.08,GOOD
1790983969753,5376,1913.0,-13.340976226596272,32000.0,88.2,98.0,-1.6,-0.2,1.08,GOOD
1790983969753,5377,1963.0,-42.31013255954316,32000.0,88.2,98.0,-1.6,-0.2,1.08,GOOD
1790983969753,5378,1956.0,-57.11041016457631,32000.0,88.2,98.0,-1.6,-0.2,1.08,GOOD
1790983969753,5379,1936.0,-65.29827060982983,32000.0,88.2,98.0,-1.6,-0.2,1.08,GOOD
1790983969753,5380,1869.0,-80.1625012429462,32000.0,88.2,98.0,-1.6,-0.2,1.08,GOOD
1790983969753,5381,1887.0,-103.8925789499861,32000.0,88.2,98.0,-1.6,-0.2,1.08,GOOD
1790983969753,5382,1907.0,-121.5941475828545,32000.0,88.2,98.0,-1.6,-0.2,1.08,GOOD
1790983969753,5383,1887.0,-123.30699257592725,32000.0,88.2,98.0,-1.6,-0.2,1.08,GOOD
1790983969753,5384,1919.0,-118.49299052508616,32000.0,88.2,98.0,-1.6,-0.2,1.08,GOOD
1790983969753,5385,1882.0,-118.28093171012449,32000.0,88.2,98.0,-1.6,-0.2,1.08,GOOD
1790983969753,5386,1891.0,-120.29553153836332,32000.0,88.2,98.0,-1.6,-0.2,1.08,GOOD
1790983969753,5387,1894.0,-116.68602215590258,32000.0,88.2,98.0,-1.6,-0.2,1.08,GOOD
1790983969753,5388,2184.0,-96.23141361265724,32000.0,88.2,98.0,-1.6,-0.2,1.08,GOOD
1790983969753,5389,2146.0,-44.60636862929371,32000.0,88.2,98.0,-1.6,-0.2,1.08,GOOD
1790983969753,5390,2154.0,31.503043452877325,32000.0,88.2,98.0,-1.6,-0.2,1.08,GOOD
1790983969753,5391,2195.0,105.92226113798775,32000.0,88.2,98.0,-1.6,-0.2,1.08,GOOD
1790983969753,5392,2131.0,161.64099247436081,32000.0,88.2,98.0,-1.6,-0.2,1.08,GOOD
1790983969753,5393,2127.0,186.52881949396186,32000.0,88.2,98.0,-1.6,-0.2,1.08,GOOD
1790983969753,5394,2099.0,171.1568459491,32000.0,88.2,98.0,-1.6,-0.2,1.08,GOOD
1790983969753,5395,2114.0,128.05020877348676,32000.0,88.2,98.0,-1.6,-0.2,1.08,GOOD
1790983969753,5396,1961.0,83.0383128021321,32000.0,88.2,98.0,-1.6,-0.2,1.08,GOOD
1790983969753,5397,2007.0,47.656230268112495,32000.0,88.2,98.0,-1.6,-0.2,1.08,GOOD
1790983969753,5398,1985.0,18.990609053329226,32000.0,88.2,98.0,-1.6,-0.2,1.08,GOOD
1790983969753,5399,1955.0,-8.536390677348782,32000.0,88.2,98.0,-1.6,-0.2,1.08,GOOD
1790983969753,5400,1850.0,-42.07076851752487,32000.0,88.2,98.0,-1.6,-0.2,1.08,GOOD
1790983969754,5401,1909.0,-80.11379195301774,32000.0,88.2,98.0,-1.6,-0.2,1.08,GOOD
1790983969754,5402,1918.0,-105.89915841038535,32000.0,88.2,98.0,-1.6,-0.2,1.08,GOOD
1790983969754,5403,1908.0,-109.81408727324374,32000.0,88.2,98.0,-1.6,-0.2,1.08,GOOD
1790983969754,5404,1951.0,-102.9298281566082,32000.0,88.2,98.0,-1.6,-0.2,1.08,GOOD
1790983969754,5405,1933.0,-95.15575994970231,32000.0,88.2,98.0,-1.6,-0.2,1.08,GOOD
1790983969754,5406,1953.0,-83.28007619201357,32000.0,88.2,98.0,-1.6,-0.2,1.08,GOOD
1790983969754,5407,1959.0,-64.04081204387697,32000.0,88.2,98.0,-1.6,-0.2,1.08,GOOD
1790983969754,5408,2125.0,-37.72900451358031,32000.0,88.2,98.0,-1.6,-0.2,1.08,GOOD
1790983969754,5409,2047.0,-4.296159225423686,32000.0,88.2,98.0,-1.6,-0.2,1.08,GOOD
1790983969754,5410,2036.0,28.30400808361737,32000.0,88.2,98.0,-1.6,-0.2,1.08,GOOD
1790983969754,5411,2047.0,49.44733814589929,32000.0,88.2,98.0,-1.6,-0.2,1.08,GOOD
1790983969754,5412,2106.0,62.396467235486796,32000.0,88.2,98.0,-1.6,-0.2,1.08,GOOD
1790983969754,5413,2085.0,73.67408023958771,32000.0,88.2,98.0,-1.6,-0.2,1.08,GOOD
1790983969754,5414,2071.0,78.55953892249038,32000.0,88.2,98.0,-1.6,-0.2,1.08,GOOD
1790983969754,5415,2092.0,74.30875506145412,32000.0,88.2,98.0,-1.6,-0.2,1.08,GOOD
1790983969754,5416,2032.0,69.6077480059924,32000.0,88.2,98.0,-1.6,-0.2,1.08,GOOD
1790983969754,5417,2062.0,68.68537350245055,32000.0,88.2,98.0,-1.6,-0.2,1.08,GOOD
1790983969754,5418,2039.0,64.53861480085325,32000.0,88.2,98.0,-1.6,-0.2,1.08,GOOD
1790983969754,5419,2023.0,50.57745115991129,32000.0,88.2,98.0,-1.6,-0.2,1.08,GOOD
1790983969754,5420,1866.0,24.080567568648707,32000.0,88.2,98.0,-1.6,-0.2,1.08,GOOD
1790983969754,5421,1911.0,-14.523446853922582,32000.0,88.2,98.0,-1.6,-0.2,1.08,GOOD
1790983969754,5422,1927.0,-54.452499585381936,32000.0,88.2,98.0,-1.6,-0.2,1.08,GOOD
1790983969754,5423,1889.0,-83.35290546743742,32000.0,88.2,98.0,-1.6,-0.2,1.08,GOOD
1790983969754,5424,1936.0,-100.97237573428353,32000.0,88.2,98.0,-1.6,-0.2,1.08,GOOD
1790983969754,5425,1922.0,-106.46274126339463,32000.0,88.2,98.0,-1.6,-0.2,1.08,GOOD
1790983969949,5426,1944.0,-94.42891765236809,32000.0,88.2,98.0,-1.6,-0.2,1.08,GOOD
1790983969949,5427,1930.0,-70.6328131201589,32000.0,88.2,98.0,-1.6,-0.2,1.08,GOOD
1790983969949,5428,2485.0,-30.612881961015702,32000.0,88.2,98.0,-1.6,-0.2,1.08,GOOD
1790983969949,5429,2451.0,61.67250517908752,32000.0,88.2,98.0,-1.6,-0.2,1.08,GOOD
1790983969949,5430,2476.0,213.18241815740058,32000.0,88.2,98.0,-1.6,-0.2,1.08,GOOD
1790983969949,5431,2532.0,372.79818326242304,32000.0,88.2,98.0,-1.6,-0.2,1.08,GOOD
1790983969949,5432,2576.0,493.71724742748734,32000.0,88.2,98.0,-1.6,-0.2,1.08,GOOD
1790983969949,5433,2499.0,555.8590190252303,32000.0,88.2,98.0,-1.6,-0.2,1.08,GOOD
1790983969949,5434,2452.0,550.3425923446928,32000.0,88.2,98.0,-1.6,-0.2,1.08,GOOD
1790983969949,5435,2475.0,494.66382396563483,32000.0,88.2,98.0,-1.6,-0.2,1.08,GOOD
1790983969949,5436,1731.0,406.3744705226512,32000.0,88.2,98.0,-1.6,-0.2,1.08,GOOD
1790983969949,5437,1759.0,255.90843097307715,32000.0,88.2,98.0,-1.6,-0.2,1.08,GOOD
1790983969949,5438,1693.0,33.96088032055588,32000.0,88.2,98.0,-1.6,-0.2,1.08,GOOD
1790983969949,5439,1649.0,-197.11347091212986,32000.0,88.2,98.0,-1.6,-0.2,1.08,GOOD
1790983969949,5440,1786.0,-364.55774213273475,32000.0,88.2,98.0,-1.6,-0.2,1.08,GOOD
1790983969949,5441,1882.0,-419.628480610212,32000.0,88.2,98.0,-1.6,-0.2,1.08,GOOD
1790983969949,5442,1911.0,-354.84173703995066,32000.0,88.2,98.0,-1.6,-0.2,1.08,GOOD
1790983969949,5443,1858.0,-229.22414355082748,32000.0,88.2,98.0,-1.6,-0.2,1.08,GOOD
1790983969949,5444,1815.0,-133.07501889769784,32000.0,88.2,98.0,-1.6,-0.2,1.08,GOOD
1790983969949,5445,1819.0,-114.49928872341296,32000.0,88.2,98.0,-1.6,-0.2,1.08,GOOD
1790983969949,5446,1873.0,-148.19955066992895,32000.0,88.2,98.0,-1.6,-0.2,1.08,GOOD
1790983969949,5447,1853.0,-177.89228402440602,32000.0,88.2,98.0,-1.6,-0.2,1.08,GOOD
1790983969949,5448,2065.0,-170.0158552223251,32000.0,88.2,98.0,-1.6,-0.2,1.08,GOOD
1790983969949,5449,1981.0,-124.17105579504285,32000.0,88.2,98.0,-1.6,-0.2,1.08,GOOD
1790983969949,5450,1993.0,-65.82279372516483,32000.0,88.2,98.0,-1.6,-0.2,1.08,GOOD
1790983970046,5451,2039.0,-20.88931509089536,32000.0,88.2,98.0,-1.6,-0.2,1.09,GOOD
1790983970046,5452,2257.0,18.276711620600544,32000.0,88.2,98.0,-1.6,-0.2,1.09,GOOD
1790983970046,5453,2176.0,72.93298513072448,32000.0,88.2,98.0,-1.6,-0.2,1.09,GOOD
1790983970046,5454,2154.0,131.06446842640057,32000.0,88.2,98.0,-1.6,-0.2,1.09,GOOD
1790983970046,5455,2199.0,164.61671651076898,32000.0,88.2,98.0,-1.6,-0.2,1.09,GOOD
1790983970046,5456,2181.0,174.44979101002875,32000.0,88.2,98.0,-1.6,-0.2,1.09,GOOD
1790983970046,5457,2184.0,176.4630268808873,32000.0,88.2,98.0,-1.6,-0.2,1.09,GOOD
1790983970046,5458,2138.0,171.64186775529367,32000.0,88.2,98.0,-1.6,-0.2,1.09,GOOD
1790983970046,5459,2114.0,152.752195971709,32000.0,88.2,98.0,-1.6,-0.2,1.09,GOOD
1790983970046,5460,1926.0,115.6962765632985,32000.0,88.2,98.0,-1.6,-0.2,1.09,GOOD
1790983970046,5461,2010.0,62.1047995621752,32000.0,88.2,98.0,-1.6,-0.2,1.09,GOOD
1790983970046,5462,2011.0,7.765139576049042,32000.0,88.2,98.0,-1.6,-0.2,1.09,GOOD
1790983970046,5463,1959.0,-30.088537123679817,32000.0,88.2,98.0,-1.6,-0.2,1.09,GOOD
1790983970046,5464,1914.0,-54.86850112265178,32000.0,88.2,98.0,-1.6,-0.2,1.09,GOOD
1790983970046,5465,1967.0,-73.52850632522144,32000.0,88.2,98.0,-1.6,-0.2,1.09,GOOD
1790983970046,5466,2043.0,-76.17208123005477,32000.0,88.2,98.0,-1.6,-0.2,1.09,GOOD
1790983970046,5467,2048.0,-54.20253171781123,32000.0,88.2,98.0,-1.6,-0.2,1.09,GOOD
1790983970046,5468,2093.0,-18.502679904273872,32000.0,88.2,98.0,-1.6,-0.2,1.09,GOOD
1790983970046,5469,2039.0,14.02392981721362,32000.0,88.2,98.0,-1.6,-0.2,1.09,GOOD
1790983970046,5470,2062.0,36.01605796555428,32000.0,88.2,98.0,-1.6,-0.2,1.09,GOOD
1790983970046,5471,2102.0,49.7178884805908,32000.0,88.2,98.0,-1.6,-0.2,1.09,GOOD
1790983970046,5472,2334.0,68.37635564846417,32000.0,88.2,98.0,-1.6,-0.2,1.09,GOOD
1790983970046,5473,2245.0,107.79405682115254,32000.0,88.2,98.0,-1.6,-0.2,1.09,GOOD
1790983970046,5474,2204.0,160.0661839011745,32000.0,88.2,98.0,-1.6,-0.2,1.09,GOOD
1790983970046,5475,2234.0,200.75141887379067,32000.0,88.2,98.0,-1.6,-0.2,1.09,GOOD
1790983970154,5476,2379.0,226.31456494723395,32000.0,88.2,98.0,-1.6,-0.3,1.07,GOOD
1790983970154,5477,2378.0,250.43909587056288,32000.0,88.2,98.0,-1.6,-0.3,1.07,GOOD
1790983970154,5478,2329.0,272.84219847953784,32000.0,88.2,98.0,-1.6,-0.3,1.07,GOOD
1790983970154,5479,2336.0,284.0107813737777,32000.0,88.2,98.0,-1.6,-0.3,1.07,GOOD
1790983970154,5480,2383.0,290.1855231576541,32000.0,88.2,98.0,-1.6,-0.3,1.07,GOOD
1790983970154,5481,2437.0,304.9780664432817,32000.0,88.2,98.0,-1.6,-0.3,1.07,GOOD
1790983970154,5482,2436.0,325.03414860734665,32000.0,88.2,98.0,-1.6,-0.3,1.07,GOOD
1790983970154,5483,2391.0,334.51172839062656,32000.0,88.2,98.0,-1.6,-0.3,1.07,GOOD
1790983970154,5484,2140.0,319.24417257214395,32000.0,88.2,98.0,-1.6,-0.3,1.07,GOOD
1790983970154,5485,2210.0,272.55564404086203,32000.0,88.2,98.0,-1.6,-0.3,1.07,GOOD
1790983970154,5486,2249.0,208.2218696412288,32000.0,88.2,98.0,-1.6,-0.3,1.07,GOOD
1790983970154,5487,2232.0,150.69513452044419,32000.0,88.2,98.0,-1.6,-0.3,1.07,GOOD
1790983970154,5488,2118.0,106.2779473346906,32000.0,88.2,98.0,-1.6,-0.3,1.07,GOOD
1790983970154,5489,2092.0,70.12200785690548,32000.0,88.2,98.0,-1.6,-0.3,1.07,GOOD
1790983970154,5490,2114.0,46.319358236282056,32000.0,88.2,98.0,-1.6,-0.3,1.07,GOOD
1790983970154,5491,2119.0,36.78803633537312,32000.0,88.2,98.0,-1.6,-0.3,1.07,GOOD
1790983970154,5492,2058.0,24.86208460973998,32000.0,88.2,98.0,-1.6,-0.3,1.07,GOOD
1790983970154,5493,1957.0,-9.001772961985088,32000.0,88.2,98.0,-1.6,-0.3,1.07,GOOD
1790983970154,5494,1935.0,-60.15666683867294,32000.0,88.2,98.0,-1.6,-0.3,1.07,GOOD
1790983970154,5495,1948.0,-103.82395475102848,32000.0,88.2,98.0,-1.6,-0.3,1.07,GOOD
1790983970154,5496,2180.0,-118.46602246958346,32000.0,88.2,98.0,-1.6,-0.3,1.07,GOOD
1790983970154,5497,2158.0,-96.99123075024056,32000.0,88.2,98.0,-1.6,-0.3,1.07,GOOD
1790983970154,5498,2134.0,-50.97127026954133,32000.0,88.2,98.0,-1.6,-0.3,1.07,GOOD
1790983970154,5499,2147.0,1.2714998341070043,32000.0,88.2,98.0,-1.6,-0.3,1.07,GOOD
1790983970154,5500,2087.0,47.958841756628516,32000.0,88.2,98.0,-1.6,-0.3,1.07,GOOD
1790983970260,5501,2194.0,74.58097907327581,32000.0,88.2,98.0,-1.7,-0.4,1.08,GOOD
1790983970260,5502,2091.0,67.76610316981835,32000.0,88.2,98.0,-1.7,-0.4,1.08,GOOD
1790983970260,5503,2079.0,31.738438087001093,32000.0,88.2,98.0,-1.7,-0.4,1.08,GOOD
1790983970260,5504,1884.0,-14.892811463732988,32000.0,88.2,98.0,-1.7,-0.4,1.08,GOOD
1790983970260,5505,1933.0,-59.16297873861545,32000.0,88.2,98.0,-1.7,-0.4,1.08,GOOD
1790983970260,5506,1930.0,-101.68609902655851,32000.0,88.2,98.0,-1.7,-0.4,1.08,GOOD
1790983970260,5507,1921.0,-146.71488333129173,32000.0,88.2,98.0,-1.7,-0.4,1.08,GOOD
1790983970260,5508,1807.0,-193.58696999784155,32000.0,88.2,98.0,-1.7,-0.4,1.08,GOOD
1790983970260,5509,1835.0,-230.73543632427265,32000.0,88.2,98.0,-1.7,-0.4,1.08,GOOD
1790983970260,5510,1865.0,-241.8749800640844,32000.0,88.2,98.0,-1.7,-0.4,1.08,GOOD
1790983970260,5511,1868.0,-229.90894789601126,32000.0,88.2,98.0,-1.7,-0.4,1.08,GOOD
1790983970260,5512,1948.0,-217.1148424726138,32000.0,88.2,98.0,-1.7,-0.4,1.08,GOOD
1790983970260,5513,1896.0,-211.2684601921208,32000.0,88.2,98.0,-1.7,-0.4,1.08,GOOD
1790983970260,5514,1900.0,-198.69739386697347,32000.0,88.2,98.0,-1.7,-0.4,1.08,GOOD
1790983970260,5515,1896.0,-172.2621450064212,32000.0,88.2,98.0,-1.7,-0.4,1.08,GOOD
1790983970260,5516,2067.0,-140.48800016163506,32000.0,88.2,98.0,-1.7,-0.4,1.08,GOOD
1790983970260,5517,2016.0,-112.78218171700779,32000.0,88.2,98.0,-1.7,-0.4,1.08,GOOD
1790983970260,5518,1990.0,-93.01355154630538,32000.0,88.2,98.0,-1.7,-0.4,1.08,GOOD
1790983970260,5519,1998.0,-77.4233669929836,32000.0,88.2,98.0,-1.7,-0.4,1.08,GOOD
1790983970260,5520,2088.0,-54.23395696998695,32000.0,88.2,98.0,-1.7,-0.4,1.08,GOOD
1790983970260,5521,2096.0,-21.879934290329217,32000.0,88.2,98.0,-1.7,-0.4,1.08,GOOD
1790983970260,5522,2083.0,2.1506853983305305,32000.0,88.2,98.0,-1.7,-0.4,1.08,GOOD
1790983970260,5523,2084.0,7.041676996034538,32000.0,88.2,98.0,-1.7,-0.4,1.08,GOOD
1790983970260,5524,1873.0,-0.6705516263761688,32000.0,88.2,98.0,-1.7,-0.4,1.08,GOOD
1790983970260,5525,1921.0,-21.32003881196239,32000.0,88.2,98.0,-1.7,-0.4,1.08,GOOD
1790983970341,5526,1904.0,-61.694461977227725,32000.0,88.2,98.0,-1.7,-0.3,1.08,GOOD
1790983970341,5527,1889.0,-117.13043444996816,32000.0,88.2,98.0,-1.7,-0.3,1.08,GOOD
1790983970341,5528,1809.0,-173.23443669739407,32000.0,88.2,98.0,-1.7,-0.3,1.08,GOOD
1790983970341,5529,1857.0,-210.3485636140666,32000.0,88.2,98.0,-1.7,-0.3,1.08,GOOD
1790983970341,5530,1887.0,-213.11288939323921,32000.0,88.2,98.0,-1.7,-0.3,1.08,GOOD
1790983970341,5531,1880.0,-190.30317331187948,32000.0,88.2,98.0,-1.7,-0.3,1.08,GOOD
1790983970341,5532,1918.0,-169.4953281594985,32000.0,88.2,98.0,-1.7,-0.3,1.08,GOOD
1790983970341,5533,1890.0,-162.252644607682,32000.0,88.2,98.0,-1.7,-0.3,1.08,GOOD
1790983970341,5534,1909.0,-155.15945822794689,32000.0,88.2,98.0,-1.7,-0.3,1.08,GOOD
1790983970341,5535,1891.0,-137.5826295618686,32000.0,88.2,98.0,-1.7,-0.3,1.08,GOOD
1790983970341,5536,2166.0,-109.69141943757943,32000.0,88.2,98.0,-1.7,-0.3,1.08,GOOD
1790983970341,5537,2141.0,-65.78888243962993,32000.0,88.2,98.0,-1.7,-0.3,1.08,GOOD
1790983970341,5538,2149.0,-4.000852805135177,32000.0,88.2,98.0,-1.7,-0.3,1.08,GOOD
1790983970341,5539,2175.0,63.49353146168267,32000.0,88.2,98.0,-1.7,-0.3,1.08,GOOD
1790983970341,5540,2152.0,122.58532671567737,32000.0,88.2,98.0,-1.7,-0.3,1.08,GOOD
1790983970341,5541,2148.0,155.84177706917075,32000.0,88.2,98.0,-1.7,-0.3,1.08,GOOD
1790983970341,5542,2121.0,148.91893741694156,32000.0,88.2,98.0,-1.7,-0.3,1.08,GOOD
1790983970341,5543,2139.0,113.07598743163491,32000.0,88.2,98.0,-1.7,-0.3,1.08,GOOD
1790983970341,5544,1990.0,75.93677827374277,32000.0,88.2,98.0,-1.7,-0.3,1.08,GOOD
1790983970341,5545,2010.0,47.53502790186408,32000.0,88.2,98.0,-1.7,-0.3,1.08,GOOD
1790983970341,5546,1992.0,18.527762878938162,32000.0,88.2,98.0,-1.7,-0.3,1.08,GOOD
1790983970341,5547,2002.0,-16.646975359534274,32000.0,88.2,98.0,-1.7,-0.3,1.08,GOOD
1790983970341,5548,1907.0,-53.70287987462252,32000.0,88.2,98.0,-1.7,-0.3,1.08,GOOD
1790983970341,5549,1970.0,-82.48684277647658,32000.0,88.2,98.0,-1.7,-0.3,1.08,GOOD
1790983970341,5550,1995.0,-90.36044096865912,32000.0,88.2,98.0,-1.7,-0.3,1.08,GOOD
1790983970426,5551,1973.0,-77.49413687117479,32000.0,88.2,98.0,-1.7,-0.2,1.08,GOOD
1790983970426,5552,1863.0,-67.74003358460017,32000.0,88.2,98.0,-1.7,-0.2,1.08,GOOD
1790983970426,5553,1857.0,-84.50408765141387,32000.0,88.2,98.0,-1.7,-0.2,1.08,GOOD
1790983970426,5554,1888.0,-119.55947928019988,32000.0,88.2,98.0,-1.7,-0.2,1.08,GOOD
1790983970426,5555,1887.0,-145.77404477249104,32000.0,88.2,98.0,-1.7,-0.2,1.08,GOOD
1790983970426,5556,1965.0,-150.309498996301,32000.0,88.2,98.0,-1.7,-0.2,1.08,GOOD
1790983970426,5557,1911.0,-138.24302453451253,32000.0,88.2,98.0,-1.7,-0.2,1.08,GOOD
1790983970426,5558,1921.0,-119.83432582014929,32000.0,88.2,98.0,-1.7,-0.2,1.08,GOOD
1790983970426,5559,1940.0,-101.25213744582076,32000.0,88.2,98.0,-1.7,-0.2,1.08,GOOD
1790983970426,5560,2185.0,-74.47627192202776,32000.0,88.2,98.0,-1.7,-0.2,1.08,GOOD
1790983970426,5561,2152.0,-24.616615844350733,32000.0,88.2,98.0,-1.7,-0.2,1.08,GOOD
1790983970426,5562,2140.0,41.533355390880075,32000.0,88.2,98.0,-1.7,-0.2,1.08,GOOD
1790983970426,5563,2169.0,99.73391719485143,32000.0,88.2,98.0,-1.7,-0.2,1.08,GOOD
1790983970426,5564,2163.0,139.5099212198178,32000.0,88.2,98.0,-1.7,-0.2,1.08,GOOD
1790983970426,5565,2174.0,160.51681089614289,32000.0,88.2,98.0,-1.7,-0.2,1.08,GOOD
1790983970426,5566,2105.0,157.5176926009148,32000.0,88.2,98.0,-1.7,-0.2,1.08,GOOD
1790983970426,5567,2153.0,132.07551655297976,32000.0,88.2,98.0,-1.7,-0.2,1.08,GOOD
1790983970426,5568,1941.0,97.14579761918726,32000.0,88.2,98.0,-1.7,-0.2,1.08,GOOD
1790983970426,5569,2008.0,58.450001090699864,32000.0,88.2,98.0,-1.7,-0.2,1.08,GOOD
1790983970426,5570,2041.0,18.30300232607479,32000.0,88.2,98.0,-1.7,-0.2,1.08,GOOD
1790983970426,5571,2031.0,-12.95621268255615,32000.0,88.2,98.0,-1.7,-0.2,1.08,GOOD
1790983970426,5572,1934.0,-32.4544749928306,32000.0,88.2,98.0,-1.7,-0.2,1.08,GOOD
1790983970426,5573,1993.0,-44.6835875881521,32000.0,88.2,98.0,-1.7,-0.2,1.08,GOOD
1790983970426,5574,2032.0,-45.127102783596484,32000.0,88.2,98.0,-1.7,-0.2,1.08,GOOD
1790983970426,5575,2036.0,-30.91222898596318,32000.0,88.2,98.0,-1.7,-0.2,1.08,GOOD
1790983970634,5576,1911.0,-19.68871206999477,32000.0,87.2,98.0,-1.7,-0.2,1.09,GOOD
1790983970634,5577,1885.0,-33.89188047433083,32000.0,87.2,98.0,-1.7,-0.2,1.09,GOOD
1790983970634,5578,1889.0,-69.61116261967496,32000.0,87.2,98.0,-1.7,-0.2,1.09,GOOD
1790983970634,5579,1902.0,-102.83905933191953,32000.0,87.2,98.0,-1.7,-0.2,1.09,GOOD
1790983970634,5580,1968.0,-119.49363928061234,32000.0,87.2,98.0,-1.7,-0.2,1.09,GOOD
1790983970634,5581,1912.0,-121.40697929961411,32000.0,87.2,98.0,-1.7,-0.2,1.09,GOOD
1790983970634,5582,1895.0,-115.61130305893808,32000.0,87.2,98.0,-1.7,-0.2,1.09,GOOD
1790983970634,5583,1919.0,-105.51132458433062,32000.0,87.2,98.0,-1.7,-0.2,1.09,GOOD
1790983970634,5584,2174.0,-82.12907815272018,32000.0,87.2,98.0,-1.7,-0.2,1.09,GOOD
1790983970634,5585,2148.0,-32.63441983780501,32000.0,87.2,98.0,-1.7,-0.2,1.09,GOOD
1790983970634,5586,2087.0,31.13085266228652,32000.0,87.2,98.0,-1.7,-0.2,1.09,GOOD
1790983970634,5587,2088.0,80.05708423397635,32000.0,87.2,98.0,-1.7,-0.2,1.09,GOOD
1790983970634,5588,2006.0,101.7147296128823,32000.0,87.2,98.0,-1.7,-0.2,1.09,GOOD
1790983970634,5589,2032.0,95.42219314804618,32000.0,87.2,98.0,-1.7,-0.2,1.09,GOOD
1790983970634,5590,2051.0,62.76326029161548,32000.0,87.2,98.0,-1.7,-0.2,1.09,GOOD
1790983970634,5591,2076.0,21.07619752024867,32000.0,87.2,98.0,-1.7,-0.2,1.09,GOOD
1790983970634,5592,2043.0,-1.2676020056486088,32000.0,87.2,98.0,-1.7,-0.2,1.09,GOOD
1790983970634,5593,2103.0,11.035924568609182,32000.0,87.2,98.0,-1.7,-0.2,1.09,GOOD
1790983970634,5594,2121.0,47.64564304016342,32000.0,87.2,98.0,-1.7,-0.2,1.09,GOOD
1790983970634,5595,2120.0,81.21507980223441,32000.0,87.2,98.0,-1.7,-0.2,1.09,GOOD
1790983970634,5596,2356.0,101.6564610542006,32000.0,87.2,98.0,-1.7,-0.2,1.09,GOOD
1790983970634,5597,2408.0,139.75815010161298,32000.0,87.2,98.0,-1.7,-0.2,1.09,GOOD
1790983970634,5598,2461.0,223.3671619420483,32000.0,87.2,98.0,-1.7,-0.2,1.09,GOOD
1790983970634,5599,2501.0,331.51414967985363,32000.0,87.2,98.0,-1.7,-0.2,1.09,GOOD
1790983970634,5600,1896.0,395.00887302596743,32000.0,87.2,98.0,-1.7,-0.2,1.09,GOOD
1790983970635,5601,1822.0,331.7395480370575,32000.0,87.2,98.0,-1.7,-0.2,1.09,GOOD
1790983970635,5602,1786.0,139.35177386942306,32000.0,87.2,98.0,-1.7,-0.2,1.09,GOOD
1790983970635,5603,1767.0,-84.52642142372817,32000.0,87.2,98.0,-1.7,-0.2,1.09,GOOD
1790983970635,5604,1827.0,-246.689444255511,32000.0,87.2,98.0,-1.7,-0.2,1.09,GOOD
1790983970635,5605,1805.0,-316.6433821886018,32000.0,87.2,98.0,-1.7,-0.2,1.09,GOOD
1790983970635,5606,1782.0,-309.72836120240675,32000.0,87.2,98.0,-1.7,-0.2,1.09,GOOD
1790983970635,5607,1762.0,-264.63212768842436,32000.0,87.2,98.0,-1.7,-0.2,1.09,GOOD
1790983970635,5608,2237.0,-204.99797977059328,32000.0,87.2,98.0,-1.7,-0.2,1.09,GOOD
1790983970635,5609,2236.0,-116.69490259539108,32000.0,87.2,98.0,-1.7,-0.2,1.09,GOOD
1790983970635,5610,2243.0,3.8318923386354875,32000.0,87.2,98.0,-1.7,-0.2,1.09,GOOD
1790983970635,5611,2240.0,123.94228282187092,32000.0,87.2,98.0,-1.7,-0.2,1.09,GOOD
1790983970635,5612,2068.0,208.609740377509,32000.0,87.2,98.0,-1.7,-0.2,1.09,GOOD
1790983970635,5613,2093.0,229.49635588792998,32000.0,87.2,98.0,-1.7,-0.2,1.09,GOOD
1790983970635,5614,2109.0,179.42482541202457,32000.0,87.2,98.0,-1.7,-0.2,1.09,GOOD
1790983970635,5615,2132.0,95.67464400750539,32000.0,87.2,98.0,-1.7,-0.2,1.09,GOOD
1790983970635,5616,1999.0,31.67007758122587,32000.0,87.2,98.0,-1.7,-0.2,1.09,GOOD
1790983970635,5617,2014.0,9.640815236160027,32000.0,87.2,98.0,-1.7,-0.2,1.09,GOOD
1790983970635,5618,2007.0,12.53096090846129,32000.0,87.2,98.0,-1.7,-0.2,1.09,GOOD
1790983970635,5619,2021.0,9.314845735613435,32000.0,87.2,98.0,-1.7,-0.2,1.09,GOOD
1790983970635,5620,1980.0,-15.662475783996403,32000.0,87.2,98.0,-1.7,-0.2,1.09,GOOD
1790983970635,5621,1977.0,-47.924770608975564,32000.0,87.2,98.0,-1.7,-0.2,1.09,GOOD
1790983970635,5622,1966.0,-60.96767124210654,32000.0,87.2,98.0,-1.7,-0.2,1.09,GOOD
1790983970635,5623,1941.0,-52.55746752266666,32000.0,87.2,98.0,-1.7,-0.2,1.09,GOOD
1790983970635,5624,2076.0,-44.45068881031418,32000.0,87.2,98.0,-1.7,-0.2,1.09,GOOD
1790983970635,5625,2050.0,-43.97499261999613,32000.0,87.2,98.0,-1.7,-0.2,1.09,GOOD
1790983970868,5626,2045.0,-36.172669933617414,32000.0,87.2,98.0,-1.6,-0.3,1.08,GOOD
1790983970868,5627,2024.0,-11.212898628538074,32000.0,87.2,98.0,-1.6,-0.3,1.08,GOOD
1790983970868,5628,2269.0,29.018965750449606,32000.0,87.2,98.0,-1.6,-0.3,1.08,GOOD
1790983970868,5629,2267.0,81.21965238052172,32000.0,87.2,98.0,-1.6,-0.3,1.08,GOOD
1790983970868,5630,2290.0,136.3736417456901,32000.0,87.2,98.0,-1.6,-0.3,1.08,GOOD
1790983970868,5631,2118.0,178.23384762116865,32000.0,87.2,98.0,-1.6,-0.3,1.08,GOOD
1790983970868,5632,2143.0,194.6337755083912,32000.0,87.2,98.0,-1.6,-0.3,1.08,GOOD
1790983970868,5633,2126.0,182.91222813938163,32000.0,87.2,98.0,-1.6,-0.3,1.08,GOOD
1790983970868,5634,2123.0,145.31878851905378,32000.0,87.2,98.0,-1.6,-0.3,1.08,GOOD
1790983970868,5635,1982.0,85.60138956832228,32000.0,87.2,98.0,-1.6,-0.3,1.08,GOOD
1790983970868,5636,2028.0,19.62281375004717,32000.0,87.2,98.0,-1.6,-0.3,1.08,GOOD
1790983970868,5637,2041.0,-21.418827967622647,32000.0,87.2,98.0,-1.6,-0.3,1.08,GOOD
1790983970868,5638,2049.0,-23.08982127706209,32000.0,87.2,98.0,-1.6,-0.3,1.08,GOOD
1790983970868,5639,2044.0,-9.556933777481827,32000.0,87.2,98.0,-1.6,-0.3,1.08,GOOD
1790983970868,5640,2040.0,-9.264396513092127,32000.0,87.2,98.0,-1.6,-0.3,1.08,GOOD
1790983970868,5641,2064.0,-17.365812379354395,32000.0,87.2,98.0,-1.6,-0.3,1.08,GOOD
1790983970868,5642,2049.0,-11.508088002651306,32000.0,87.2,98.0,-1.6,-0.3,1.08,GOOD
1790983970868,5643,2213.0,15.111777801481573,32000.0,87.2,98.0,-1.6,-0.3,1.08,GOOD
1790983970868,5644,2160.0,51.13311247092284,32000.0,87.2,98.0,-1.6,-0.3,1.08,GOOD
1790983970868,5645,2163.0,80.0552918455544,32000.0,87.2,98.0,-1.6,-0.3,1.08,GOOD
1790983970868,5646,2181.0,97.47049740717705,32000.0,87.2,98.0,-1.6,-0.3,1.08,GOOD
1790983970868,5647,2473.0,126.3790117512635,32000.0,87.2,98.0,-1.6,-0.3,1.08,GOOD
1790983970868,5648,2429.0,192.1140098008931,32000.0,87.2,98.0,-1.6,-0.3,1.08,GOOD
1790983970868,5649,2418.0,275.79163702635987,32000.0,87.2,98.0,-1.6,-0.3,1.08,GOOD
1790983970868,5650,2441.0,334.875956415579,32000.0,87.2,98.0,-1.6,-0.3,1.08,GOOD
1790983970869,5651,2287.0,355.4731597815081,32000.0,87.2,98.0,-1.6,-0.3,1.08,GOOD
1790983970869,5652,2296.0,342.12765205924586,32000.0,87.2,98.0,-1.6,-0.3,1.08,GOOD
1790983970869,5653,2269.0,297.88656228915204,32000.0,87.2,98.0,-1.6,-0.3,1.08,GOOD
1790983970869,5654,2274.0,233.97615929738103,32000.0,87.2,98.0,-1.6,-0.3,1.08,GOOD
1790983970869,5655,2154.0,169.40780453156907,32000.0,87.2,98.0,-1.6,-0.3,1.08,GOOD
1790983970869,5656,2197.0,121.18313490728495,32000.0,87.2,98.0,-1.6,-0.3,1.08,GOOD
1790983970869,5657,2186.0,98.24693619300093,32000.0,87.2,98.0,-1.6,-0.3,1.08,GOOD
1790983970869,5658,2144.0,91.2714560562629,32000.0,87.2,98.0,-1.6,-0.3,1.08,GOOD
1790983970869,5659,1969.0,70.29445026378954,32000.0,87.2,98.0,-1.6,-0.3,1.08,GOOD
1790983970869,5660,1927.0,12.749316001266894,32000.0,87.2,98.0,-1.6,-0.3,1.08,GOOD
1790983970869,5661,1945.0,-65.87681840207728,32000.0,87.2,98.0,-1.6,-0.3,1.08,GOOD
1790983970869,5662,1917.0,-130.1553364374877,32000.0,87.2,98.0,-1.6,-0.3,1.08,GOOD
1790983970869,5663,1925.0,-167.76299259548932,32000.0,87.2,98.0,-1.6,-0.3,1.08,GOOD
1790983970869,5664,1886.0,-189.9455119026319,32000.0,87.2,98.0,-1.6,-0.3,1.08,GOOD
1790983970869,5665,1909.0,-202.62745948034177,32000.0,87.2,98.0,-1.6,-0.3,1.08,GOOD
1790983970869,5666,1916.0,-200.10302059350175,32000.0,87.2,98.0,-1.6,-0.3,1.08,GOOD
1790983970869,5667,2142.0,-174.51333236469802,32000.0,87.2,98.0,-1.6,-0.3,1.08,GOOD
1790983970869,5668,2098.0,-123.72386409676636,32000.0,87.2,98.0,-1.6,-0.3,1.08,GOOD
1790983970869,5669,2096.0,-62.69494013756276,32000.0,87.2,98.0,-1.6,-0.3,1.08,GOOD
1790983970869,5670,2130.0,-11.536421608350174,32000.0,87.2,98.0,-1.6,-0.3,1.08,GOOD
1790983970869,5671,2108.0,26.01462142668077,32000.0,87.2,98.0,-1.6,-0.3,1.08,GOOD
1790983970869,5672,2099.0,47.79803562315679,32000.0,87.2,98.0,-1.6,-0.3,1.08,GOOD
1790983970869,5673,2072.0,43.25253308778076,32000.0,87.2,98.0,-1.6,-0.3,1.08,GOOD
1790983970869,5674,2090.0,15.099341181664425,32000.0,87.2,98.0,-1.6,-0.3,1.08,GOOD
1790983970869,5675,1924.0,-18.739338976808234,32000.0,87.2,98.0,-1.6,-0.3,1.08,GOOD
1790983970963,5676,1967.0,-49.8186015139422,32000.0,90.2,98.0,-1.6,-0.3,1.08,GOOD
1790983970963,5677,1934.0,-81.5566821744119,32000.0,90.2,98.0,-1.6,-0.3,1.08,GOOD
1790983970963,5678,1909.0,-117.30663564059024,32000.0,90.2,98.0,-1.6,-0.3,1.08,GOOD
1790983970963,5679,1824.0,-158.1406658560196,32000.0,90.2,98.0,-1.6,-0.3,1.08,GOOD
1790983970963,5680,1887.0,-195.49241276254153,32000.0,90.2,98.0,-1.6,-0.3,1.08,GOOD
1790983970963,5681,1912.0,-211.17669771083013,32000.0,90.2,98.0,-1.6,-0.3,1.08,GOOD
1790983970963,5682,1885.0,-201.53409799425856,32000.0,90.2,98.0,-1.6,-0.3,1.08,GOOD
1790983970963,5683,1961.0,-184.22582082586314,32000.0,90.2,98.0,-1.6,-0.3,1.08,GOOD
1790983970963,5684,1937.0,-169.12898836651738,32000.0,90.2,98.0,-1.6,-0.3,1.08,GOOD
1790983970963,5685,1968.0,-149.3391153607696,32000.0,90.2,98.0,-1.6,-0.3,1.08,GOOD
1790983970963,5686,1959.0,-121.87228503961227,32000.0,90.2,98.0,-1.6,-0.3,1.08,GOOD
1790983970963,5687,2153.0,-90.15821570889398,32000.0,90.2,98.0,-1.6,-0.3,1.08,GOOD
1790983970963,5688,2117.0,-52.153229202362624,32000.0,90.2,98.0,-1.6,-0.3,1.08,GOOD
1790983970963,5689,2128.0,-7.844397690250494,32000.0,90.2,98.0,-1.6,-0.3,1.08,GOOD
1790983970963,5690,2177.0,36.975450447618634,32000.0,90.2,98.0,-1.6,-0.3,1.08,GOOD
1790983970963,5691,2155.0,78.44916024755035,32000.0,90.2,98.0,-1.6,-0.3,1.08,GOOD
1790983970963,5692,2095.0,103.96647945735188,32000.0,90.2,98.0,-1.6,-0.3,1.08,GOOD
1790983970963,5693,2061.0,94.72119238945749,32000.0,90.2,98.0,-1.6,-0.3,1.08,GOOD
1790983970963,5694,2077.0,54.9649465143362,32000.0,90.2,98.0,-1.6,-0.3,1.08,GOOD
1790983970963,5695,1877.0,7.211623835291835,32000.0,90.2,98.0,-1.6,-0.3,1.08,GOOD
1790983970963,5696,1957.0,-39.97548833857905,32000.0,90.2,98.0,-1.6,-0.3,1.08,GOOD
1790983970963,5697,1940.0,-85.80184989164707,32000.0,90.2,98.0,-1.6,-0.3,1.08,GOOD
1790983970963,5698,1928.0,-122.79665037657719,32000.0,90.2,98.0,-1.6,-0.3,1.08,GOOD
1790983970963,5699,1772.0,-151.18050603662044,32000.0,90.2,98.0,-1.6,-0.3,1.08,GOOD
1790983970963,5700,1801.0,-179.93654948090966,32000.0,90.2,98.0,-1.6,-0.3,1.08,GOOD
1790983971085,5701,1792.0,-209.63940867887845,32000.0,90.2,98.0,-1.6,-0.3,1.08,GOOD
1790983971085,5702,1780.0,-235.44614599168477,32000.0,90.2,98.0,-1.6,-0.3,1.08,GOOD
1790983971085,5703,1608.0,-264.96049283261516,32000.0,90.2,98.0,-1.6,-0.3,1.08,GOOD
1790983971085,5704,1600.0,-310.57532487538845,32000.0,90.2,98.0,-1.6,-0.3,1.08,GOOD
1790983971085,5705,1637.0,-362.18524875316365,32000.0,90.2,98.0,-1.6,-0.3,1.08,GOOD
1790983971085,5706,1638.0,-394.5121992349463,32000.0,90.2,98.0,-1.6,-0.3,1.08,GOOD
1790983971085,5707,2212.0,-379.55118798632043,32000.0,90.2,98.0,-1.6,-0.3,1.08,GOOD
1790983971085,5708,2159.0,-282.4629489234138,32000.0,90.2,98.0,-1.6,-0.3,1.08,GOOD
1790983971085,5709,2184.0,-110.34658357469534,32000.0,90.2,98.0,-1.6,-0.3,1.08,GOOD
1790983971085,5710,2229.0,71.29180484205946,32000.0,90.2,98.0,-1.6,-0.3,1.08,GOOD
1790983971085,5711,2156.0,201.05650740219204,32000.0,90.2,98.0,-1.6,-0.3,1.08,GOOD
1790983971085,5712,2098.0,245.31361999299838,32000.0,90.2,98.0,-1.6,-0.3,1.08,GOOD
1790983971085,5713,2053.0,201.0439979702906,32000.0,90.2,98.0,-1.6,-0.3,1.08,GOOD
1790983971085,5714,2109.0,112.59645932782223,32000.0,90.2,98.0,-1.6,-0.3,1.08,GOOD
1790983971085,5715,2017.0,43.844430658818936,32000.0,90.2,98.0,-1.6,-0.3,1.08,GOOD
1790983971085,5716,2033.0,19.577672443692286,32000.0,90.2,98.0,-1.6,-0.3,1.08,GOOD
1790983971085,5717,1988.0,15.90201317884689,32000.0,90.2,98.0,-1.6,-0.3,1.08,GOOD
1790983971085,5718,1965.0,1.7918715725693373,32000.0,90.2,98.0,-1.6,-0.3,1.08,GOOD
1790983971085,5719,1912.0,-29.783305632019303,32000.0,90.2,98.0,-1.6,-0.3,1.08,GOOD
1790983971085,5720,1986.0,-61.19579171810788,32000.0,90.2,98.0,-1.6,-0.3,1.08,GOOD
1790983971085,5721,1983.0,-71.55671934482957,32000.0,90.2,98.0,-1.6,-0.3,1.08,GOOD
1790983971085,5722,1955.0,-63.04058473695205,32000.0,90.2,98.0,-1.6,-0.3,1.08,GOOD
1790983971085,5723,1849.0,-60.63987125881706,32000.0,90.2,98.0,-1.6,-0.3,1.08,GOOD
1790983971085,5724,1868.0,-80.88145512552174,32000.0,90.2,98.0,-1.6,-0.3,1.08,GOOD
1790983971085,5725,1916.0,-109.92636990594929,32000.0,90.2,98.0,-1.6,-0.3,1.08,GOOD
1790983971086,5726,1901.0,-124.56885190635687,32000.0,90.2,98.0,-1.6,-0.3,1.08,GOOD
1790983971086,5727,1938.0,-122.44083317401622,32000.0,90.2,98.0,-1.6,-0.3,1.08,GOOD
1790983971086,5728,1876.0,-115.27221307217128,32000.0,90.2,98.0,-1.6,-0.3,1.08,GOOD
1790983971086,5729,1902.0,-109.20889872470167,32000.0,90.2,98.0,-1.6,-0.3,1.08,GOOD
1790983971086,5730,1944.0,-100.6391557969834,32000.0,90.2,98.0,-1.6,-0.3,1.08,GOOD
1790983971086,5731,2242.0,-74.32208094380127,32000.0,90.2,98.0,-1.6,-0.3,1.08,GOOD
1790983971086,5732,2167.0,-13.824723110691329,32000.0,90.2,98.0,-1.6,-0.3,1.08,GOOD
1790983971086,5733,2139.0,67.60138703741305,32000.0,90.2,98.0,-1.6,-0.3,1.08,GOOD
1790983971086,5734,2168.0,136.01458024168605,32000.0,90.2,98.0,-1.6,-0.3,1.08,GOOD
1790983971086,5735,2096.0,173.82492399590944,32000.0,90.2,98.0,-1.6,-0.3,1.08,GOOD
1790983971086,5736,2110.0,175.47260380773074,32000.0,90.2,98.0,-1.6,-0.3,1.08,GOOD
1790983971086,5737,2064.0,140.95992184474684,32000.0,90.2,98.0,-1.6,-0.3,1.08,GOOD
1790983971086,5738,2064.0,88.66402499692023,32000.0,90.2,98.0,-1.6,-0.3,1.08,GOOD
1790983971086,5739,1940.0,44.114930233521065,32000.0,90.2,98.0,-1.6,-0.3,1.08,GOOD
1790983971086,5740,2036.0,17.393918081492306,32000.0,90.2,98.0,-1.6,-0.3,1.08,GOOD
1790983971086,5741,2009.0,3.9888094491346067,32000.0,90.2,98.0,-1.6,-0.3,1.08,GOOD
1790983971086,5742,1960.0,-7.425283879029331,32000.0,90.2,98.0,-1.6,-0.3,1.08,GOOD
1790983971086,5743,1734.0,-34.712789818971636,32000.0,90.2,98.0,-1.6,-0.3,1.08,GOOD
1790983971086,5744,1796.0,-87.15465860323256,32000.0,90.2,98.0,-1.6,-0.3,1.08,GOOD
1790983971086,5745,1847.0,-145.59012650982646,32000.0,90.2,98.0,-1.6,-0.3,1.08,GOOD
1790983971086,5746,1854.0,-182.38796012235923,32000.0,90.2,98.0,-1.6,-0.3,1.08,GOOD
1790983971086,5747,1864.0,-193.52792103781056,32000.0,90.2,98.0,-1.6,-0.3,1.08,GOOD
1790983971086,5748,1832.0,-187.4172081381285,32000.0,90.2,98.0,-1.6,-0.3,1.08,GOOD
1790983971086,5749,1862.0,-166.50485479141827,32000.0,90.2,98.0,-1.6,-0.3,1.08,GOOD
1790983971086,5750,1884.0,-135.40460460992495,32000.0,90.2,98.0,-1.6,-0.3,1.08,GOOD
1790983971300,5751,2160.0,-98.93304659657493,32000.0,90.2,98.0,-1.6,-0.2,1.08,GOOD
1790983971300,5752,2087.0,-50.22881219472547,32000.0,90.2,98.0,-1.6,-0.2,1.08,GOOD
1790983971300,5753,2087.0,12.212977975516718,32000.0,90.2,98.0,-1.6,-0.2,1.08,GOOD
1790983971300,5754,2118.0,75.7693309219023,32000.0,90.2,98.0,-1.6,-0.2,1.08,GOOD
1790983971300,5755,2209.0,131.5753577421237,32000.0,90.2,98.0,-1.6,-0.2,1.08,GOOD
1790983971300,5756,2172.0,171.23545084211005,32000.0,90.2,98.0,-1.6,-0.2,1.08,GOOD
1790983971300,5757,2128.0,180.80103703208653,32000.0,90.2,98.0,-1.6,-0.2,1.08,GOOD
1790983971300,5758,2130.0,162.44854175266255,32000.0,90.2,98.0,-1.6,-0.2,1.08,GOOD
1790983971300,5759,2024.0,138.34125004569884,32000.0,90.2,98.0,-1.6,-0.2,1.08,GOOD
1790983971300,5760,2066.0,118.65349905790256,32000.0,90.2,98.0,-1.6,-0.2,1.08,GOOD
1790983971300,5761,2038.0,93.39817083585292,32000.0,90.2,98.0,-1.6,-0.2,1.08,GOOD
1790983971300,5762,2008.0,55.796791511115785,32000.0,90.2,98.0,-1.6,-0.2,1.08,GOOD
1790983971300,5763,2040.0,18.13822100446765,32000.0,90.2,98.0,-1.6,-0.2,1.08,GOOD
1790983971300,5764,2145.0,8.640511455726397,32000.0,90.2,98.0,-1.6,-0.2,1.08,GOOD
1790983971300,5765,2200.0,43.91214293362635,32000.0,90.2,98.0,-1.6,-0.2,1.08,GOOD
1790983971300,5766,2216.0,105.16740235678105,32000.0,90.2,98.0,-1.6,-0.2,1.08,GOOD
1790983971300,5767,2480.0,168.16786607465593,32000.0,90.2,98.0,-1.6,-0.2,1.08,GOOD
1790983971300,5768,2430.0,240.6615390550109,32000.0,90.2,98.0,-1.6,-0.2,1.08,GOOD
1790983971300,5769,2443.0,329.2426381905357,32000.0,90.2,98.0,-1.6,-0.2,1.08,GOOD
1790983971300,5770,2422.0,406.42755858758267,32000.0,90.2,98.0,-1.6,-0.2,1.08,GOOD
1790983971300,5771,1815.0,416.2974705684494,32000.0,90.2,98.0,-1.6,-0.2,1.08,GOOD
1790983971300,5772,1731.0,297.94566126211396,32000.0,90.2,98.0,-1.6,-0.2,1.08,GOOD
1790983971300,5773,1695.0,65.0942182923643,32000.0,90.2,98.0,-1.6,-0.2,1.08,GOOD
1790983971300,5774,1689.0,-177.70413257679283,32000.0,90.2,98.0,-1.6,-0.2,1.08,GOOD
1790983971300,5775,2091.0,-324.4834939862152,32000.0,90.2,98.0,-1.6,-0.2,1.08,GOOD
1790983971381,5776,2091.0,-321.955699022982,32000.0,90.2,98.0,-1.7,-0.2,1.08,GOOD
1790983971381,5777,2067.0,-194.97064429748042,32000.0,90.2,98.0,-1.7,-0.2,1.08,GOOD
1790983971381,5778,2086.0,-32.53230623675195,32000.0,90.2,98.0,-1.7,-0.2,1.08,GOOD
1790983971381,5779,2135.0,88.07815609095897,32000.0,90.2,98.0,-1.7,-0.2,1.08,GOOD
1790983971381,5780,2170.0,141.0878270028607,32000.0,90.2,98.0,-1.7,-0.2,1.08,GOOD
1790983971381,5781,2162.0,139.8696010716037,32000.0,90.2,98.0,-1.7,-0.2,1.08,GOOD
1790983971381,5782,2160.0,118.54375793554306,32000.0,90.2,98.0,-1.7,-0.2,1.08,GOOD
1790983971381,5783,1955.0,102.34084338970334,32000.0,90.2,98.0,-1.7,-0.2,1.08,GOOD
1790983971381,5784,1991.0,82.87682021953631,32000.0,90.2,98.0,-1.7,-0.2,1.08,GOOD
1790983971381,5785,1994.0,42.39156057845106,32000.0,90.2,98.0,-1.7,-0.2,1.08,GOOD
1790983971381,5786,1992.0,-13.13117056929562,32000.0,90.2,98.0,-1.7,-0.2,1.08,GOOD
1790983971381,5787,1909.0,-62.5485195597753,32000.0,90.2,98.0,-1.7,-0.2,1.08,GOOD
1790983971381,5788,1934.0,-89.24919127028572,32000.0,90.2,98.0,-1.7,-0.2,1.08,GOOD
1790983971381,5789,1964.0,-89.4247986743778,32000.0,90.2,98.0,-1.7,-0.2,1.08,GOOD
1790983971381,5790,1986.0,-75.26489453498863,32000.0,90.2,98.0,-1.7,-0.2,1.08,GOOD
1790983971381,5791,2052.0,-62.716786042241495,32000.0,90.2,98.0,-1.7,-0.2,1.08,GOOD
1790983971381,5792,2010.0,-51.202441941183956,32000.0,90.2,98.0,-1.7,-0.2,1.08,GOOD
1790983971381,5793,2001.0,-31.135854593224796,32000.0,90.2,98.0,-1.7,-0.2,1.08,GOOD
1790983971381,5794,1995.0,-6.149788848232744,32000.0,90.2,98.0,-1.7,-0.2,1.08,GOOD
1790983971381,5795,2198.0,14.350520048172033,32000.0,90.2,98.0,-1.7,-0.2,1.08,GOOD
1790983971381,5796,2151.0,34.506560340474685,32000.0,90.2,98.0,-1.7,-0.2,1.08,GOOD
1790983971381,5797,2090.0,59.530225356366664,32000.0,90.2,98.0,-1.7,-0.2,1.08,GOOD
1790983971381,5798,2063.0,82.12229291609853,32000.0,90.2,98.0,-1.7,-0.2,1.08,GOOD
1790983971381,5799,2323.0,103.5991664327405,32000.0,90.2,98.0,-1.7,-0.2,1.08,GOOD
1790983971381,5800,2317.0,139.31776030228176,32000.0,90.2,98.0,-1.7,-0.2,1.08,GOOD
1790983971381,5801,2309.0,186.72504197777386,32000.0,90.2,98.0,-1.7,-0.2,1.08,GOOD
1790983971381,5802,2313.0,227.05207822409275,32000.0,90.2,98.0,-1.7,-0.2,1.08,GOOD
1790983971381,5803,2092.0,249.35380585920885,32000.0,90.2,98.0,-1.7,-0.2,1.08,GOOD
1790983971381,5804,2133.0,240.21682272733847,32000.0,90.2,98.0,-1.7,-0.2,1.08,GOOD
1790983971381,5805,2116.0,189.77241078725868,32000.0,90.2,98.0,-1.7,-0.2,1.08,GOOD
1790983971381,5806,2107.0,113.27231256034479,32000.0,90.2,98.0,-1.7,-0.2,1.08,GOOD
1790983971381,5807,2111.0,44.620434574192366,32000.0,90.2,98.0,-1.7,-0.2,1.08,GOOD
1790983971381,5808,2164.0,18.389859010052,32000.0,90.2,98.0,-1.7,-0.2,1.08,GOOD
1790983971381,5809,2184.0,44.30010535931932,32000.0,90.2,98.0,-1.7,-0.2,1.08,GOOD
1790983971381,5810,2177.0,92.35078499873327,32000.0,90.2,98.0,-1.7,-0.2,1.08,GOOD
1790983971381,5811,2074.0,116.7734335140942,32000.0,90.2,98.0,-1.7,-0.2,1.08,GOOD
1790983971381,5812,2053.0,97.55377733298464,32000.0,90.2,98.0,-1.7,-0.2,1.08,GOOD
1790983971381,5813,2089.0,56.62399526473651,32000.0,90.2,98.0,-1.7,-0.2,1.08,GOOD
1790983971381,5814,2074.0,27.445343972457607,32000.0,90.2,98.0,-1.7,-0.2,1.08,GOOD
1790983971381,5815,2393.0,27.702800129125468,32000.0,90.2,98.0,-1.7,-0.2,1.08,GOOD
1790983971381,5816,2351.0,68.87853265990188,32000.0,90.2,98.0,-1.7,-0.2,1.08,GOOD
1790983971381,5817,2357.0,147.0563746541302,32000.0,90.2,98.0,-1.7,-0.2,1.08,GOOD
1790983971381,5818,2371.0,234.2469893137513,32000.0,90.2,98.0,-1.7,-0.2,1.08,GOOD
1790983971381,5819,2473.0,305.6321249376782,32000.0,90.2,98.0,-1.7,-0.2,1.08,GOOD
1790983971381,5820,2441.0,349.0909173856991,32000.0,90.2,98.0,-1.7,-0.2,1.08,GOOD
1790983971381,5821,2423.0,357.42866864054747,32000.0,90.2,98.0,-1.7,-0.2,1.08,GOOD
1790983971381,5822,2434.0,339.61340627228674,32000.0,90.2,98.0,-1.7,-0.2,1.08,GOOD
1790983971381,5823,2182.0,313.3746357914569,32000.0,90.2,98.0,-1.7,-0.2,1.08,GOOD
1790983971381,5824,2198.0,272.9152747388247,32000.0,90.2,98.0,-1.7,-0.2,1.08,GOOD
1790983971381,5825,2186.0,204.51208163749862,32000.0,90.2,98.0,-1.7,-0.2,1.08,GOOD
1790983971494,5826,2194.0,121.51379479373608,32000.0,90.2,98.0,-1.6,-0.2,1.08,GOOD
1790983971494,5827,1946.0,45.87391463171241,32000.0,90.2,98.0,-1.6,-0.2,1.08,GOOD
1790983971494,5828,2021.0,-16.459962669257344,32000.0,90.2,98.0,-1.6,-0.2,1.08,GOOD
1790983971494,5829,2019.0,-61.77921915363456,32000.0,90.2,98.0,-1.6,-0.2,1.08,GOOD
1790983971494,5830,2000.0,-88.43063487755006,32000.0,90.2,98.0,-1.6,-0.2,1.08,GOOD
1790983971494,5831,1830.0,-115.62607229325879,32000.0,90.2,98.0,-1.6,-0.2,1.08,GOOD
1790983971494,5832,1860.0,-161.92945861179828,32000.0,90.2,98.0,-1.6,-0.2,1.08,GOOD
1790983971494,5833,1890.0,-210.73340849049043,32000.0,90.2,98.0,-1.6,-0.2,1.08,GOOD
1790983971494,5834,1874.0,-233.47152281567173,32000.0,90.2,98.0,-1.6,-0.2,1.08,GOOD
1790983971494,5835,1892.0,-232.88220190522162,32000.0,90.2,98.0,-1.6,-0.2,1.08,GOOD
1790983971494,5836,1848.0,-231.24285536675163,32000.0,90.2,98.0,-1.6,-0.2,1.08,GOOD
1790983971494,5837,1863.0,-235.41874138576043,32000.0,90.2,98.0,-1.6,-0.2,1.08,GOOD
1790983971494,5838,1874.0,-234.28285751289334,32000.0,90.2,98.0,-1.6,-0.2,1.08,GOOD
1790983971494,5839,2185.0,-209.63226496641937,32000.0,90.2,98.0,-1.6,-0.2,1.08,GOOD
1790983971494,5840,2135.0,-147.77515843217617,32000.0,90.2,98.0,-1.6,-0.2,1.08,GOOD
1790983971494,5841,2134.0,-63.354091264780074,32000.0,90.2,98.0,-1.6,-0.2,1.08,GOOD
1790983971494,5842,2163.0,11.789150172592159,32000.0,90.2,98.0,-1.6,-0.2,1.08,GOOD
1790983971494,5843,2136.0,64.30226596962167,32000.0,90.2,98.0,-1.6,-0.2,1.08,GOOD
1790983971494,5844,2115.0,89.62773646615224,32000.0,90.2,98.0,-1.6,-0.2,1.08,GOOD
1790983971494,5845,2085.0,78.52176153724344,32000.0,90.2,98.0,-1.6,-0.2,1.08,GOOD
1790983971494,5846,2085.0,37.2841995867965,32000.0,90.2,98.0,-1.6,-0.2,1.08,GOOD
1790983971494,5847,1921.0,-11.0661820249354,32000.0,90.2,98.0,-1.6,-0.2,1.08,GOOD
1790983971494,5848,1974.0,-52.4737088767122,32000.0,90.2,98.0,-1.6,-0.2,1.08,GOOD
1790983971494,5849,1946.0,-86.65314178925725,32000.0,90.2,98.0,-1.6,-0.2,1.08,GOOD
1790983971494,5850,1925.0,-118.16369955771818,32000.0,90.2,98.0,-1.6,-0.2,1.08,GOOD
1790983971617,5851,1879.0,-151.1404895017441,32000.0,90.2,98.0,-1.6,-0.2,1.08,GOOD
1790983971617,5852,1932.0,-177.5119407138016,32000.0,90.2,98.0,-1.6,-0.2,1.08,GOOD
1790983971617,5853,1961.0,-180.39285920268645,32000.0,90.2,98.0,-1.6,-0.2,1.08,GOOD
1790983971617,5854,1940.0,-159.82152376400012,32000.0,90.2,98.0,-1.6,-0.2,1.08,GOOD
1790983971617,5855,1900.0,-140.17862713785433,32000.0,90.2,98.0,-1.6,-0.2,1.08,GOOD
1790983971617,5856,1860.0,-142.4700999181332,32000.0,90.2,98.0,-1.6,-0.2,1.08,GOOD
1790983971617,5857,1887.0,-161.27701621817278,32000.0,90.2,98.0,-1.6,-0.2,1.08,GOOD
1790983971617,5858,1881.0,-177.1560508610696,32000.0,90.2,98.0,-1.6,-0.2,1.08,GOOD
1790983971617,5859,2019.0,-177.71808190184703,32000.0,90.2,98.0,-1.6,-0.2,1.08,GOOD
1790983971617,5860,1939.0,-161.33394763230575,32000.0,90.2,98.0,-1.6,-0.2,1.08,GOOD
1790983971617,5861,1926.0,-137.28284569502392,32000.0,90.2,98.0,-1.6,-0.2,1.08,GOOD
1790983971617,5862,1947.0,-116.94395130579288,32000.0,90.2,98.0,-1.6,-0.2,1.08,GOOD
1790983971617,5863,2167.0,-93.98301697767053,32000.0,90.2,98.0,-1.6,-0.2,1.08,GOOD
1790983971617,5864,2138.0,-52.646541342907796,32000.0,90.2,98.0,-1.6,-0.2,1.08,GOOD
1790983971617,5865,2107.0,0.4693434067154669,32000.0,90.2,98.0,-1.6,-0.2,1.08,GOOD
1790983971617,5866,2124.0,43.256055778961006,32000.0,90.2,98.0,-1.6,-0.2,1.08,GOOD
1790983971617,5867,2006.0,65.60653004344542,32000.0,90.2,98.0,-1.6,-0.2,1.08,GOOD
1790983971617,5868,2031.0,61.9893892334364,32000.0,90.2,98.0,-1.6,-0.2,1.08,GOOD
1790983971617,5869,2000.0,28.2794299437861,32000.0,90.2,98.0,-1.6,-0.2,1.08,GOOD
1790983971617,5870,1986.0,-23.69611003487143,32000.0,90.2,98.0,-1.6,-0.2,1.08,GOOD
1790983971617,5871,1897.0,-72.09872555441544,32000.0,90.2,98.0,-1.6,-0.2,1.08,GOOD
1790983971617,5872,1952.0,-101.49401086286143,32000.0,90.2,98.0,-1.6,-0.2,1.08,GOOD
1790983971617,5873,1969.0,-109.0604261533775,32000.0,90.2,98.0,-1.6,-0.2,1.08,GOOD
1790983971617,5874,1946.0,-105.54232704926397,32000.0,90.2,98.0,-1.6,-0.2,1.08,GOOD
1790983971617,5875,1830.0,-110.48134916606587,32000.0,90.2,98.0,-1.6,-0.2,1.08,GOOD
1790983971712,5876,1839.0,-133.33049957857725,32000.0,94.0,98.0,-1.7,-0.3,1.08,GOOD
1790983971712,5877,1870.0,-160.65954953762107,32000.0,94.0,98.0,-1.7,-0.3,1.08,GOOD
1790983971712,5878,1866.0,-175.79293353823294,32000.0,94.0,98.0,-1.7,-0.3,1.08,GOOD
1790983971712,5879,2042.0,-174.6631644325647,32000.0,94.0,98.0,-1.7,-0.3,1.08,GOOD
1790983971712,5880,1989.0,-152.35049484045413,32000.0,94.0,98.0,-1.7,-0.3,1.08,GOOD
1790983971712,5881,1975.0,-107.99928514933788,32000.0,94.0,98.0,-1.7,-0.3,1.08,GOOD
1790983971712,5882,2007.0,-56.994827892712145,32000.0,94.0,98.0,-1.7,-0.3,1.08,GOOD
1790983971712,5883,2193.0,-11.602790847843927,32000.0,94.0,98.0,-1.7,-0.3,1.08,GOOD
1790983971712,5884,2157.0,29.66236640831429,32000.0,94.0,98.0,-1.7,-0.3,1.08,GOOD
1790983971712,5885,2149.0,66.09563786136866,32000.0,94.0,98.0,-1.7,-0.3,1.08,GOOD
1790983971712,5886,2179.0,95.95832033023063,32000.0,94.0,98.0,-1.7,-0.3,1.08,GOOD
1790983971712,5887,2165.0,124.60682524965264,32000.0,94.0,98.0,-1.7,-0.3,1.08,GOOD
1790983971712,5888,2081.0,143.9390042910205,32000.0,94.0,98.0,-1.7,-0.3,1.08,GOOD
1790983971712,5889,2131.0,132.42402666126844,32000.0,94.0,98.0,-1.7,-0.3,1.08,GOOD
1790983971712,5890,2128.0,94.34671497683077,32000.0,94.0,98.0,-1.7,-0.3,1.08,GOOD
1790983971712,5891,1810.0,50.77186597449951,32000.0,94.0,98.0,-1.7,-0.3,1.08,GOOD
1790983971712,5892,1870.0,-1.9495312667839428,32000.0,94.0,98.0,-1.7,-0.3,1.08,GOOD
1790983971712,5893,1869.0,-70.28655667114054,32000.0,94.0,98.0,-1.7,-0.3,1.08,GOOD
1790983971712,5894,1848.0,-139.3707918765234,32000.0,94.0,98.0,-1.7,-0.3,1.08,GOOD
1790983971712,5895,1882.0,-191.51012349335238,32000.0,94.0,98.0,-1.7,-0.3,1.08,GOOD
1790983971712,5896,1938.0,-208.31433430489164,32000.0,94.0,98.0,-1.7,-0.3,1.08,GOOD
1790983971712,5897,1987.0,-176.64006617662227,32000.0,94.0,98.0,-1.7,-0.3,1.08,GOOD
1790983971712,5898,1982.0,-112.97206610054126,32000.0,94.0,98.0,-1.7,-0.3,1.08,GOOD
1790983971712,5899,1952.0,-58.92673786944421,32000.0,94.0,98.0,-1.7,-0.3,1.08,GOOD
1790983971712,5900,1904.0,-44.244690846498045,32000.0,94.0,98.0,-1.7,-0.3,1.08,GOOD
1790983971785,5901,1918.0,-62.15423309344774,32000.0,94.0,98.0,-1.6,-0.3,1.08,GOOD
1790983971785,5902,1922.0,-84.53236587253532,32000.0,94.0,98.0,-1.6,-0.3,1.08,GOOD
1790983971785,5903,2141.0,-86.91820845222878,32000.0,94.0,98.0,-1.6,-0.3,1.08,GOOD
1790983971785,5904,2075.0,-58.25958643221576,32000.0,94.0,98.0,-1.6,-0.3,1.08,GOOD
1790983971785,5905,2059.0,-10.174689940088054,32000.0,94.0,98.0,-1.6,-0.3,1.08,GOOD
1790983971785,5906,2089.0,35.060350079965644,32000.0,94.0,98.0,-1.6,-0.3,1.08,GOOD
1790983971785,5907,2136.0,70.62609277715711,32000.0,94.0,98.0,-1.6,-0.3,1.08,GOOD
1790983971785,5908,2125.0,96.17552615828016,32000.0,94.0,98.0,-1.6,-0.3,1.08,GOOD
1790983971785,5909,2094.0,103.0609150748258,32000.0,94.0,98.0,-1.6,-0.3,1.08,GOOD
1790983971785,5910,2106.0,90.38274370468639,32000.0,94.0,98.0,-1.6,-0.3,1.08,GOOD
1790983971785,5911,1931.0,69.52542479888481,32000.0,94.0,98.0,-1.6,-0.3,1.08,GOOD
1790983971785,5912,1950.0,41.44669444142588,32000.0,94.0,98.0,-1.6,-0.3,1.08,GOOD
1790983971785,5913,1916.0,-1.6742616700293915,32000.0,94.0,98.0,-1.6,-0.3,1.08,GOOD
1790983971785,5914,1888.0,-57.49569364647226,32000.0,94.0,98.0,-1.6,-0.3,1.08,GOOD
1790983971785,5915,1912.0,-110.36701394001983,32000.0,94.0,98.0,-1.6,-0.3,1.08,GOOD
1790983971785,5916,1989.0,-134.74025334563206,32000.0,94.0,98.0,-1.6,-0.3,1.08,GOOD
1790983971785,5917,2033.0,-113.54070535816163,32000.0,94.0,98.0,-1.6,-0.3,1.08,GOOD
1790983971785,5918,2030.0,-61.13637101265178,32000.0,94.0,98.0,-1.6,-0.3,1.08,GOOD
1790983971785,5919,2511.0,6.643131478021733,32000.0,94.0,98.0,-1.6,-0.3,1.08,GOOD
1790983971785,5920,2474.0,110.70437711268075,32000.0,94.0,98.0,-1.6,-0.3,1.08,GOOD
1790983971785,5921,2504.0,257.28141407431247,32000.0,94.0,98.0,-1.6,-0.3,1.08,GOOD
1790983971785,5922,2511.0,400.20165673592004,32000.0,94.0,98.0,-1.6,-0.3,1.08,GOOD
1790983971785,5923,2098.0,475.64398050661106,32000.0,94.0,98.0,-1.6,-0.3,1.08,GOOD
1790983971785,5924,2015.0,429.8634505424512,32000.0,94.0,98.0,-1.6,-0.3,1.08,GOOD
1790983971785,5925,1972.0,267.81989196163136,32000.0,94.0,98.0,-1.6,-0.3,1.08,GOOD
1790983971982,5926,1998.0,72.42956610298022,32000.0,94.0,98.0,-1.6,-0.3,1.08,GOOD
1790983971982,5927,1958.0,-68.88607059800671,32000.0,94.0,98.0,-1.6,-0.3,1.08,GOOD
1790983971982,5928,1966.0,-126.91928379424073,32000.0,94.0,98.0,-1.6,-0.3,1.08,GOOD
1790983971982,5929,1934.0,-124.16359366542132,32000.0,94.0,98.0,-1.6,-0.3,1.08,GOOD
1790983971982,5930,1936.0,-100.65118978577398,32000.0,94.0,98.0,-1.6,-0.3,1.08,GOOD
1790983971982,5931,1920.0,-87.03489843676726,32000.0,94.0,98.0,-1.6,-0.3,1.08,GOOD
1790983971982,5932,1987.0,-90.0702820493317,32000.0,94.0,98.0,-1.6,-0.3,1.08,GOOD
1790983971982,5933,1979.0,-94.91593546472205,32000.0,94.0,98.0,-1.6,-0.3,1.08,GOOD
1790983971982,5934,1958.0,-88.00625217297838,32000.0,94.0,98.0,-1.6,-0.3,1.08,GOOD
1790983971982,5935,1839.0,-78.23180053392525,32000.0,94.0,98.0,-1.6,-0.3,1.08,GOOD
1790983971982,5936,1898.0,-85.98663449670251,32000.0,94.0,98.0,-1.6,-0.3,1.08,GOOD
1790983971982,5937,1941.0,-110.82931203979481,32000.0,94.0,98.0,-1.6,-0.3,1.08,GOOD
1790983971982,5938,1929.0,-130.36926753367416,32000.0,94.0,98.0,-1.6,-0.3,1.08,GOOD
1790983971982,5939,2056.0,-125.34663412232852,32000.0,94.0,98.0,-1.6,-0.3,1.08,GOOD
1790983971982,5940,2009.0,-90.158689359259,32000.0,94.0,98.0,-1.6,-0.3,1.08,GOOD
1790983971982,5941,2030.0,-39.48461398100385,32000.0,94.0,98.0,-1.6,-0.3,1.08,GOOD
1790983971982,5942,2036.0,0.2339061041039454,32000.0,94.0,98.0,-1.6,-0.3,1.08,GOOD
1790983971982,5943,2246.0,25.06335348994769,32000.0,94.0,98.0,-1.6,-0.3,1.08,GOOD
1790983971982,5944,2198.0,58.241233161002754,32000.0,94.0,98.0,-1.6,-0.3,1.08,GOOD
1790983971982,5945,2164.0,107.38899823045338,32000.0,94.0,98.0,-1.6,-0.3,1.08,GOOD
1790983971982,5946,2202.0,151.18396188192386,32000.0,94.0,98.0,-1.6,-0.3,1.08,GOOD
1790983971982,5947,2230.0,175.07898322939593,32000.0,94.0,98.0,-1.6,-0.3,1.08,GOOD
1790983971982,5948,2213.0,182.318744144226,32000.0,94.0,98.0,-1.6,-0.3,1.08,GOOD
1790983971982,5949,2180.0,177.45208844152774,32000.0,94.0,98.0,-1.6,-0.3,1.08,GOOD
1790983971982,5950,2193.0,164.93643397825616,32000.0,94.0,98.0,-1.6,-0.3,1.08,GOOD
1790983971983,5951,2022.0,146.78217056607113,32000.0,94.0,98.0,-1.6,-0.3,1.08,GOOD
1790983971983,5952,2071.0,114.8231371676587,32000.0,94.0,98.0,-1.6,-0.3,1.08,GOOD
1790983971983,5953,2049.0,67.6127336754156,32000.0,94.0,98.0,-1.6,-0.3,1.08,GOOD
1790983971983,5954,2018.0,19.847480672342407,32000.0,94.0,98.0,-1.6,-0.3,1.08,GOOD
1790983971983,5955,1983.0,-16.47915097366523,32000.0,94.0,98.0,-1.6,-0.3,1.08,GOOD
1790983971983,5956,2071.0,-35.53383546722333,32000.0,94.0,98.0,-1.6,-0.3,1.08,GOOD
1790983971983,5957,2126.0,-29.86086909796105,32000.0,94.0,98.0,-1.6,-0.3,1.08,GOOD
1790983971983,5958,2192.0,2.1422115286785575,32000.0,94.0,98.0,-1.6,-0.3,1.08,GOOD
1790983971983,5959,2180.0,49.52515029200826,32000.0,94.0,98.0,-1.6,-0.3,1.08,GOOD
1790983971983,5960,2005.0,89.12999283936107,32000.0,94.0,98.0,-1.6,-0.3,1.08,GOOD
1790983971983,5961,2063.0,96.11469345182329,32000.0,94.0,98.0,-1.6,-0.3,1.08,GOOD
1790983971983,5962,2085.0,70.5500922130839,32000.0,94.0,98.0,-1.6,-0.3,1.08,GOOD
1790983971983,5963,1976.0,31.571895849261487,32000.0,94.0,98.0,-1.6,-0.3,1.08,GOOD
1790983971983,5964,1930.0,-13.922175744340855,32000.0,94.0,98.0,-1.6,-0.3,1.08,GOOD
1790983971983,5965,1943.0,-61.600589604274035,32000.0,94.0,98.0,-1.6,-0.3,1.08,GOOD
1790983971983,5966,1989.0,-93.1050283869591,32000.0,94.0,98.0,-1.6,-0.3,1.08,GOOD
1790983971983,5967,2457.0,-78.59937765486626,32000.0,94.0,98.0,-1.6,-0.3,1.08,GOOD
1790983971983,5968,2413.0,9.563335697170716,32000.0,94.0,98.0,-1.6,-0.3,1.08,GOOD
1790983971983,5969,2378.0,151.42902832447726,32000.0,94.0,98.0,-1.6,-0.3,1.08,GOOD
1790983971983,5970,2312.0,280.28977376631093,32000.0,94.0,98.0,-1.6,-0.3,1.08,GOOD
1790983971983,5971,2391.0,351.121448049149,32000.0,94.0,98.0,-1.6,-0.3,1.08,GOOD
1790983971983,5972,2369.0,363.43888694872425,32000.0,94.0,98.0,-1.6,-0.3,1.08,GOOD
1790983971983,5973,2343.0,332.5596745429758,32000.0,94.0,98.0,-1.6,-0.3,1.08,GOOD
1790983971983,5974,2135.0,272.71730898635553,32000.0,94.0,98.0,-1.6,-0.3,1.08,GOOD
1790983971983,5975,2174.0,201.2707531461786,32000.0,94.0,98.0,-1.6,-0.3,1.08,GOOD
1790983972155,5976,2213.0,143.93429974660086,32000.0,94.0,98.0,-1.7,-0.3,1.08,LEAD_OFF
1790983972155,5977,2210.0,114.77112939946922,32000.0,94.0,98.0,-1.7,-0.3,1.08,LEAD_OFF
1790983972155,5978,1921.0,88.69795456957344,32000.0,94.0,98.0,-1.7,-0.3,1.08,LEAD_OFF
1790983972155,5979,1922.0,28.090495536548033,32000.0,94.0,98.0,-1.7,-0.3,1.08,LEAD_OFF
1790983972155,5980,1942.0,-56.62836123688771,32000.0,94.0,98.0,-1.7,-0.3,1.08,LEAD_OFF
1790983972155,5981,1952.0,-119.67666033985311,32000.0,94.0,98.0,-1.7,-0.3,1.08,LEAD_OFF
1790983972155,5982,1870.0,-150.3339913772145,32000.0,94.0,98.0,-1.7,-0.3,1.08,LEAD_OFF
1790983972155,5983,1847.0,-176.87329423784485,32000.0,94.0,98.0,-1.7,-0.3,1.08,LEAD_OFF
1790983972155,5984,1843.0,-210.10971524497506,32000.0,94.0,98.0,-1.7,-0.3,1.08,LEAD_OFF
1790983972155,5985,1852.0,-229.66579737150255,32000.0,94.0,98.0,-1.7,-0.3,1.08,LEAD_OFF
1790983972155,5986,2128.0,-213.75201261705732,32000.0,94.0,98.0,-1.7,-0.3,1.08,LEAD_OFF
1790983972155,5987,2102.0,-157.8993726290181,32000.0,94.0,98.0,-1.7,-0.3,1.08,LEAD_OFF
1790983972155,5988,2074.0,-84.17412273824245,32000.0,94.0,98.0,-1.7,-0.3,1.08,LEAD_OFF
1790983972155,5989,2019.0,-25.086754728173407,32000.0,94.0,98.0,-1.7,-0.3,1.08,LEAD_OFF
1790983972155,5990,2115.0,10.773704832789184,32000.0,94.0,98.0,-1.7,-0.3,1.08,LEAD_OFF
1790983972155,5991,2135.0,33.756686072943964,32000.0,94.0,98.0,-1.7,-0.3,1.08,LEAD_OFF
1790983972155,5992,2143.0,44.99526091824769,32000.0,94.0,98.0,-1.7,-0.3,1.08,LEAD_OFF
1790983972155,5993,2148.0,41.53440623977046,32000.0,94.0,98.0,-1.7,-0.3,1.08,LEAD_OFF
1790983972155,5994,1983.0,31.84973230698882,32000.0,94.0,98.0,-1.7,-0.3,1.08,LEAD_OFF
1790983972155,5995,2012.0,21.43095662768941,32000.0,94.0,98.0,-1.7,-0.3,1.08,LEAD_OFF
1790983972155,5996,2015.0,4.194863544693979,32000.0,94.0,98.0,-1.7,-0.3,1.08,LEAD_OFF
1790983972155,5997,2015.0,-26.46974841842912,32000.0,94.0,98.0,-1.7,-0.3,1.08,LEAD_OFF
1790983972155,5998,1808.0,-73.8964686286914,32000.0,94.0,98.0,-1.7,-0.3,1.08,LEAD_OFF
1790983972155,5999,1838.0,-132.52986908578742,32000.0,94.0,98.0,-1.7,-0.3,1.08,LEAD_OFF
1790983972155,6000,1843.0,-180.84328711479753,32000.0,94.0,98.0,-1.7,-0.3,1.08,LEAD_OFF
1790983972264,6001,1845.0,-204.2565991257911,32000.0,94.0,98.0,-1.6,-0.3,1.09,LEAD_OFF
1790983972264,6002,1821.0,-217.57694854126424,32000.0,94.0,98.0,-1.6,-0.3,1.09,LEAD_OFF
1790983972264,6003,1828.0,-236.5160528496719,32000.0,94.0,98.0,-1.6,-0.3,1.09,LEAD_OFF
1790983972264,6004,1855.0,-247.45749743467312,32000.0,94.0,98.0,-1.6,-0.3,1.09,LEAD_OFF
1790983972264,6005,1859.0,-230.3543362287208,32000.0,94.0,98.0,-1.6,-0.3,1.09,LEAD_OFF
1790983972264,6006,2045.0,-188.37587025951544,32000.0,94.0,98.0,-1.6,-0.3,1.09,LEAD_OFF
1790983972264,6007,2008.0,-138.24404441469636,32000.0,94.0,98.0,-1.6,-0.3,1.09,LEAD_OFF
1790983972264,6008,2004.0,-93.83460673923733,32000.0,94.0,98.0,-1.6,-0.3,1.09,LEAD_OFF
1790983972264,6009,2001.0,-58.67953106390305,32000.0,94.0,98.0,-1.6,-0.3,1.09,LEAD_OFF
1790983972264,6010,2080.0,-25.232610105660452,32000.0,94.0,98.0,-1.6,-0.3,1.09,LEAD_OFF
1790983972264,6011,2098.0,8.158974563456411,32000.0,94.0,98.0,-1.6,-0.3,1.09,LEAD_OFF
1790983972264,6012,2097.0,29.608112995393192,32000.0,94.0,98.0,-1.6,-0.3,1.09,LEAD_OFF
1790983972264,6013,2112.0,34.70942835753428,32000.0,94.0,98.0,-1.6,-0.3,1.09,LEAD_OFF
1790983972264,6014,2076.0,38.69309828843089,32000.0,94.0,98.0,-1.6,-0.3,1.09,LEAD_OFF
1790983972264,6015,2086.0,52.77027600305297,32000.0,94.0,98.0,-1.6,-0.3,1.09,LEAD_OFF
1790983972264,6016,2074.0,64.89874292873623,32000.0,94.0,98.0,-1.6,-0.3,1.09,LEAD_OFF
1790983972264,6017,2087.0,57.52642575798547,32000.0,94.0,98.0,-1.6,-0.3,1.09,LEAD_OFF
1790983972264,6018,1847.0,25.45947013331271,32000.0,94.0,98.0,-1.6,-0.3,1.09,LEAD_OFF
1790983972264,6019,1889.0,-26.789161753921455,32000.0,94.0,98.0,-1.6,-0.3,1.09,LEAD_OFF
1790983972264,6020,1887.0,-82.9875422179391,32000.0,94.0,98.0,-1.6,-0.3,1.09,LEAD_OFF
1790983972264,6021,1875.0,-126.66335426279163,32000.0,94.0,98.0,-1.6,-0.3,1.09,LEAD_OFF
1790983972264,6022,1856.0,-159.68972060288874,32000.0,94.0,98.0,-1.6,-0.3,1.09,LEAD_OFF
1790983972264,6023,1885.0,-183.85611414281271,32000.0,94.0,98.0,-1.6,-0.3,1.09,LEAD_OFF
1790983972264,6024,1920.0,-184.53673673758178,32000.0,94.0,98.0,-1.6,-0.3,1.09,LEAD_OFF
1790983972264,6025,1916.0,-155.13049750280464,32000.0,94.0,98.0,-1.6,-0.3,1.09,LEAD_OFF
1790983972363,6026,1900.0,-118.34809518287416,32000.0,94.0,98.0,-1.6,-0.3,1.08,GOOD
1790983972363,6027,1877.0,-104.50782618213289,32000.0,94.0,98.0,-1.6,-0.3,1.08,GOOD
1790983972363,6028,1884.0,-116.66436777409109,32000.0,94.0,98.0,-1.6,-0.3,1.08,GOOD
1790983972363,6029,1887.0,-131.6636656050497,32000.0,94.0,98.0,-1.6,-0.3,1.08,GOOD
1790983972363,6030,2184.0,-120.79826717094984,32000.0,94.0,98.0,-1.6,-0.3,1.08,GOOD
1790983972363,6031,2160.0,-65.64541920352964,32000.0,94.0,98.0,-1.6,-0.3,1.08,GOOD
1790983972363,6032,2162.0,19.59217703822785,32000.0,94.0,98.0,-1.6,-0.3,1.08,GOOD
1790983972363,6033,2181.0,99.31137646433564,32000.0,94.0,98.0,-1.6,-0.3,1.08,GOOD
1790983972363,6034,2150.0,154.5598991735518,32000.0,94.0,98.0,-1.6,-0.3,1.08,GOOD
1790983972363,6035,2134.0,179.34021004851377,32000.0,94.0,98.0,-1.6,-0.3,1.08,GOOD
1790983972363,6036,2111.0,167.35616127497806,32000.0,94.0,98.0,-1.6,-0.3,1.08,GOOD
1790983972363,6037,2121.0,126.94471554615843,32000.0,94.0,98.0,-1.6,-0.3,1.08,GOOD
1790983972363,6038,1953.0,80.48701935497914,32000.0,94.0,98.0,-1.6,-0.3,1.08,GOOD
1790983972363,6039,2002.0,40.77049245346746,32000.0,94.0,98.0,-1.6,-0.3,1.08,GOOD
1790983972363,6040,1993.0,8.460976986897508,32000.0,94.0,98.0,-1.6,-0.3,1.08,GOOD
1790983972363,6041,1981.0,-19.081119396127644,32000.0,94.0,98.0,-1.6,-0.3,1.08,GOOD
1790983972363,6042,1874.0,-48.465151350096484,32000.0,94.0,98.0,-1.6,-0.3,1.08,GOOD
1790983972363,6043,1926.0,-79.86392354431699,32000.0,94.0,98.0,-1.6,-0.3,1.08,GOOD
1790983972363,6044,1940.0,-98.85060590318763,32000.0,94.0,98.0,-1.6,-0.3,1.08,GOOD
1790983972363,6045,1929.0,-97.80757435730644,32000.0,94.0,98.0,-1.6,-0.3,1.08,GOOD
1790983972363,6046,1909.0,-92.23606020508598,32000.0,94.0,98.0,-1.6,-0.3,1.08,GOOD
1790983972363,6047,1909.0,-97.16275493482433,32000.0,94.0,98.0,-1.6,-0.3,1.08,GOOD
1790983972363,6048,1945.0,-104.12297174665022,32000.0,94.0,98.0,-1.6,-0.3,1.08,GOOD
1790983972363,6049,1952.0,-96.59501052793675,32000.0,94.0,98.0,-1.6,-0.3,1.08,GOOD
1790983972363,6050,2115.0,-70.38591593244794,32000.0,94.0,98.0,-1.6,-0.3,1.08,GOOD
1790983972440,6051,2069.0,-30.505422858973702,32000.0,83.7,98.0,-1.7,-0.4,1.08,GOOD
1790983972440,6052,2071.0,12.625895384028658,32000.0,83.7,98.0,-1.7,-0.4,1.08,GOOD
1790983972440,6053,2083.0,48.86940789789571,32000.0,83.7,98.0,-1.7,-0.4,1.08,GOOD
1790983972440,6054,2187.0,79.61766036842772,32000.0,83.7,98.0,-1.7,-0.4,1.08,GOOD
1790983972440,6055,2158.0,108.5846605597938,32000.0,83.7,98.0,-1.7,-0.4,1.08,GOOD
1790983972440,6056,2138.0,127.5690158935814,32000.0,83.7,98.0,-1.7,-0.4,1.08,GOOD
1790983972440,6057,2147.0,130.23050149503075,32000.0,83.7,98.0,-1.7,-0.4,1.08,GOOD
1790983972440,6058,2019.0,122.65485669014437,32000.0,83.7,98.0,-1.7,-0.4,1.08,GOOD
1790983972440,6059,2039.0,105.36800637965733,32000.0,83.7,98.0,-1.7,-0.4,1.08,GOOD
1790983972440,6060,2020.0,72.3040837803725,32000.0,83.7,98.0,-1.7,-0.4,1.08,GOOD
1790983972440,6061,2011.0,27.952505506313273,32000.0,83.7,98.0,-1.7,-0.4,1.08,GOOD
1790983972440,6062,1876.0,-16.48509087773123,32000.0,83.7,98.0,-1.7,-0.4,1.08,GOOD
1790983972440,6063,1929.0,-53.38751588293711,32000.0,83.7,98.0,-1.7,-0.4,1.08,GOOD
1790983972440,6064,1940.0,-76.64032438056033,32000.0,83.7,98.0,-1.7,-0.4,1.08,GOOD
1790983972440,6065,1920.0,-86.85091851185238,32000.0,83.7,98.0,-1.7,-0.4,1.08,GOOD
1790983972440,6066,1911.0,-95.229224595649,32000.0,83.7,98.0,-1.7,-0.4,1.08,GOOD
1790983972440,6067,1932.0,-104.35523502402256,32000.0,83.7,98.0,-1.7,-0.4,1.08,GOOD
1790983972440,6068,1967.0,-100.87262256269341,32000.0,83.7,98.0,-1.7,-0.4,1.08,GOOD
1790983972440,6069,1966.0,-78.87806112193579,32000.0,83.7,98.0,-1.7,-0.4,1.08,GOOD
1790983972440,6070,2586.0,-29.45758529487849,32000.0,83.7,98.0,-1.7,-0.4,1.08,GOOD
1790983972440,6071,2566.0,83.59619389889608,32000.0,83.7,98.0,-1.7,-0.4,1.08,GOOD
1790983972440,6072,2603.0,264.982612857409,32000.0,83.7,98.0,-1.7,-0.4,1.08,GOOD
1790983972440,6073,2641.0,455.3469869932211,32000.0,83.7,98.0,-1.7,-0.4,1.08,GOOD
1790983972440,6074,2192.0,577.297467415136,32000.0,83.7,98.0,-1.7,-0.4,1.08,GOOD
1790983972440,6075,2111.0,560.942961768955,32000.0,83.7,98.0,-1.7,-0.4,1.08,GOOD
1790983972536,6076,2050.0,397.88327275634924,32000.0,83.7,98.0,-1.7,-0.3,1.07,GOOD
1790983972536,6077,2053.0,175.91512209833212,32000.0,83.7,98.0,-1.7,-0.3,1.07,GOOD
1790983972536,6078,1864.0,-2.5160328722144545,32000.0,83.7,98.0,-1.7,-0.3,1.07,GOOD
1790983972536,6079,1891.0,-102.22385453273726,32000.0,83.7,98.0,-1.7,-0.3,1.07,GOOD
1790983972536,6080,1858.0,-144.1163158980262,32000.0,83.7,98.0,-1.7,-0.3,1.07,GOOD
1790983972536,6081,1832.0,-162.82373440687587,32000.0,83.7,98.0,-1.7,-0.3,1.07,GOOD
1790983972536,6082,1905.0,-179.85214712509372,32000.0,83.7,98.0,-1.7,-0.3,1.07,GOOD
1790983972536,6083,1964.0,-186.60393840570345,32000.0,83.7,98.0,-1.7,-0.3,1.07,GOOD
1790983972536,6084,1982.0,-162.6974301592536,32000.0,83.7,98.0,-1.7,-0.3,1.07,GOOD
1790983972536,6085,1949.0,-113.96208697842465,32000.0,83.7,98.0,-1.7,-0.3,1.07,GOOD
1790983972536,6086,1772.0,-78.72893784967385,32000.0,83.7,98.0,-1.7,-0.3,1.07,GOOD
1790983972536,6087,1790.0,-93.84540250483417,32000.0,83.7,98.0,-1.7,-0.3,1.07,GOOD
1790983972536,6088,1843.0,-150.40121999760657,32000.0,83.7,98.0,-1.7,-0.3,1.07,GOOD
1790983972536,6089,1881.0,-200.607925150033,32000.0,83.7,98.0,-1.7,-0.3,1.07,GOOD
1790983972536,6090,2050.0,-205.1113858125545,32000.0,83.7,98.0,-1.7,-0.3,1.07,GOOD
1790983972536,6091,1993.0,-156.96980793230392,32000.0,83.7,98.0,-1.7,-0.3,1.07,GOOD
1790983972536,6092,1984.0,-83.43882567428231,32000.0,83.7,98.0,-1.7,-0.3,1.07,GOOD
1790983972536,6093,2015.0,-23.01506781324027,32000.0,83.7,98.0,-1.7,-0.3,1.07,GOOD
1790983972536,6094,2259.0,17.357713512490882,32000.0,83.7,98.0,-1.7,-0.3,1.07,GOOD
1790983972536,6095,2192.0,60.58113633940341,32000.0,83.7,98.0,-1.7,-0.3,1.07,GOOD
1790983972536,6096,2154.0,110.94926151910201,32000.0,83.7,98.0,-1.7,-0.3,1.07,GOOD
1790983972536,6097,2180.0,148.97401737414927,32000.0,83.7,98.0,-1.7,-0.3,1.07,GOOD
1790983972536,6098,2176.0,167.70119902609952,32000.0,83.7,98.0,-1.7,-0.3,1.07,GOOD
1790983972536,6099,2180.0,171.64812813080346,32000.0,83.7,98.0,-1.7,-0.3,1.07,GOOD
1790983972536,6100,2145.0,160.27568383172928,32000.0,83.7,98.0,-1.7,-0.3,1.07,GOOD
1790983972734,6101,2140.0,136.2092411612373,32000.0,83.7,98.0,-1.7,-0.3,1.09,GOOD
1790983972734,6102,2092.0,111.49773830865308,32000.0,83.7,98.0,-1.7,-0.3,1.09,GOOD
1790983972734,6103,2150.0,96.98661604378766,32000.0,83.7,98.0,-1.7,-0.3,1.09,GOOD
1790983972734,6104,2155.0,93.7816613858216,32000.0,83.7,98.0,-1.7,-0.3,1.09,GOOD
1790983972734,6105,2125.0,93.98866028700559,32000.0,83.7,98.0,-1.7,-0.3,1.09,GOOD
1790983972734,6106,1923.0,81.87928225613268,32000.0,83.7,98.0,-1.7,-0.3,1.09,GOOD
1790983972734,6107,1956.0,44.63884148452999,32000.0,83.7,98.0,-1.7,-0.3,1.09,GOOD
1790983972734,6108,1999.0,-6.996528386654829,32000.0,83.7,98.0,-1.7,-0.3,1.09,GOOD
1790983972734,6109,1977.0,-49.2901462856857,32000.0,83.7,98.0,-1.7,-0.3,1.09,GOOD
1790983972734,6110,1984.0,-74.80274989235443,32000.0,83.7,98.0,-1.7,-0.3,1.09,GOOD
1790983972734,6111,1961.0,-85.96139886863917,32000.0,83.7,98.0,-1.7,-0.3,1.09,GOOD
1790983972734,6112,1993.0,-79.97318285432138,32000.0,83.7,98.0,-1.7,-0.3,1.09,GOOD
1790983972734,6113,2009.0,-58.35209077122424,32000.0,83.7,98.0,-1.7,-0.3,1.09,GOOD
1790983972734,6114,2324.0,-23.651169846899506,32000.0,83.7,98.0,-1.7,-0.3,1.09,GOOD
1790983972734,6115,2267.0,33.78400229755685,32000.0,83.7,98.0,-1.7,-0.3,1.09,GOOD
1790983972734,6116,2262.0,113.09830280161985,32000.0,83.7,98.0,-1.7,-0.3,1.09,GOOD
1790983972734,6117,2294.0,191.98740803104434,32000.0,83.7,98.0,-1.7,-0.3,1.09,GOOD
1790983972734,6118,2470.0,257.76872559319344,32000.0,83.7,98.0,-1.7,-0.3,1.09,GOOD
1790983972734,6119,2454.0,311.8218107725572,32000.0,83.7,98.0,-1.7,-0.3,1.09,GOOD
1790983972734,6120,2416.0,347.2450429551326,32000.0,83.7,98.0,-1.7,-0.3,1.09,GOOD
1790983972734,6121,2430.0,358.5365340008746,32000.0,83.7,98.0,-1.7,-0.3,1.09,GOOD
1790983972734,6122,2243.0,353.4590692817565,32000.0,83.7,98.0,-1.7,-0.3,1.09,GOOD
1790983972734,6123,2281.0,330.4896089494505,32000.0,83.7,98.0,-1.7,-0.3,1.09,GOOD
1790983972734,6124,2251.0,280.19456025182717,32000.0,83.7,98.0,-1.7,-0.3,1.09,GOOD
1790983972734,6125,2227.0,210.07562412790432,32000.0,83.7,98.0,-1.7,-0.3,1.09,GOOD
1790983972734,6126,2090.0,140.50789230167243,32000.0,83.7,98.0,-1.7,-0.3,1.09,GOOD
1790983972734,6127,2145.0,89.21100067588584,32000.0,83.7,98.0,-1.7,-0.3,1.09,GOOD
1790983972734,6128,2166.0,64.85595058456191,32000.0,83.7,98.0,-1.7,-0.3,1.09,GOOD
1790983972734,6129,2135.0,58.25942524959773,32000.0,83.7,98.0,-1.7,-0.3,1.09,GOOD
1790983972734,6130,2000.0,42.73657914856493,32000.0,83.7,98.0,-1.7,-0.3,1.09,GOOD
1790983972734,6131,1985.0,2.7209168534328967,32000.0,83.7,98.0,-1.7,-0.3,1.09,GOOD
1790983972734,6132,2009.0,-44.307731523921355,32000.0,83.7,98.0,-1.7,-0.3,1.09,GOOD
1790983972734,6133,1996.0,-73.85405656359082,32000.0,83.7,98.0,-1.7,-0.3,1.09,GOOD
1790983972734,6134,2059.0,-86.33413708848536,32000.0,83.7,98.0,-1.7,-0.3,1.09,GOOD
1790983972734,6135,1992.0,-93.85239806967783,32000.0,83.7,98.0,-1.7,-0.3,1.09,GOOD
1790983972734,6136,1979.0,-98.50917501675049,32000.0,83.7,98.0,-1.7,-0.3,1.09,GOOD
1790983972734,6137,1989.0,-95.06118555663866,32000.0,83.7,98.0,-1.7,-0.3,1.09,GOOD
1790983972734,6138,2136.0,-79.22531823571924,32000.0,83.7,98.0,-1.7,-0.3,1.09,GOOD
1790983972734,6139,2113.0,-53.21512626202656,32000.0,83.7,98.0,-1.7,-0.3,1.09,GOOD
1790983972734,6140,2103.0,-27.351157583818026,32000.0,83.7,98.0,-1.7,-0.3,1.09,GOOD
1790983972734,6141,2125.0,-6.302288460653184,32000.0,83.7,98.0,-1.7,-0.3,1.09,GOOD
1790983972734,6142,1955.0,11.140960997510886,32000.0,83.7,98.0,-1.7,-0.3,1.09,GOOD
1790983972734,6143,1967.0,8.889160788803927,32000.0,83.7,98.0,-1.7,-0.3,1.09,GOOD
1790983972734,6144,1943.0,-31.64118150448582,32000.0,83.7,98.0,-1.7,-0.3,1.09,GOOD
1790983972734,6145,1937.0,-97.98025625124407,32000.0,83.7,98.0,-1.7,-0.3,1.09,GOOD
1790983972734,6146,1821.0,-158.83554894360384,32000.0,83.7,98.0,-1.7,-0.3,1.09,GOOD
1790983972734,6147,1876.0,-194.62548015718883,32000.0,83.7,98.0,-1.7,-0.3,1.09,GOOD
1790983972734,6148,1882.0,-204.8450620222884,32000.0,83.7,98.0,-1.7,-0.3,1.09,GOOD
1790983972734,6149,1855.0,-203.99891576261308,32000.0,83.7,98.0,-1.7,-0.3,1.09,GOOD
1790983972734,6150,1846.0,-209.7174042500394,32000.0,83.7,98.0,-1.7,-0.3,1.09,GOOD
1790983972914,6151,1851.0,-221.06420467608737,32000.0,83.7,98.0,-1.7,-0.3,1.08,GOOD
1790983972914,6152,1874.0,-221.23228388796255,32000.0,83.7,98.0,-1.7,-0.3,1.08,GOOD
1790983972914,6153,1851.0,-206.21595199378012,32000.0,83.7,98.0,-1.7,-0.3,1.08,GOOD
1790983972914,6154,1946.0,-189.68068002288086,32000.0,83.7,98.0,-1.7,-0.3,1.08,GOOD
1790983972914,6155,1883.0,-179.26257610720728,32000.0,83.7,98.0,-1.7,-0.3,1.08,GOOD
1790983972914,6156,1897.0,-170.31782091415002,32000.0,83.7,98.0,-1.7,-0.3,1.08,GOOD
1790983972914,6157,1911.0,-156.962083103066,32000.0,83.7,98.0,-1.7,-0.3,1.08,GOOD
1790983972914,6158,2129.0,-131.36376019905748,32000.0,83.7,98.0,-1.7,-0.3,1.08,GOOD
1790983972914,6159,2094.0,-85.86131083653348,32000.0,83.7,98.0,-1.7,-0.3,1.08,GOOD
1790983972914,6160,2083.0,-29.54296268167798,32000.0,83.7,98.0,-1.7,-0.3,1.08,GOOD
1790983972914,6161,2115.0,19.282686905093087,32000.0,83.7,98.0,-1.7,-0.3,1.08,GOOD
1790983972914,6162,2033.0,52.86045089061065,32000.0,83.7,98.0,-1.7,-0.3,1.08,GOOD
1790983972914,6163,2053.0,64.03506936487818,32000.0,83.7,98.0,-1.7,-0.3,1.08,GOOD
1790983972914,6164,2007.0,44.72803929771052,32000.0,83.7,98.0,-1.7,-0.3,1.08,GOOD
1790983972914,6165,1993.0,2.751192989466523,32000.0,83.7,98.0,-1.7,-0.3,1.08,GOOD
1790983972914,6166,1940.0,-40.51613568142521,32000.0,83.7,98.0,-1.7,-0.3,1.08,GOOD
1790983972914,6167,2010.0,-66.06435028459558,32000.0,83.7,98.0,-1.7,-0.3,1.08,GOOD
1790983972914,6168,2015.0,-68.29053542836618,32000.0,83.7,98.0,-1.7,-0.3,1.08,GOOD
1790983972914,6169,2003.0,-57.792656532994485,32000.0,83.7,98.0,-1.7,-0.3,1.08,GOOD
1790983972914,6170,1848.0,-55.555381491086905,32000.0,83.7,98.0,-1.7,-0.3,1.08,GOOD
1790983972914,6171,1884.0,-75.33202455392679,32000.0,83.7,98.0,-1.7,-0.3,1.08,GOOD
1790983972914,6172,1904.0,-107.17000502851121,32000.0,83.7,98.0,-1.7,-0.3,1.08,GOOD
1790983972914,6173,1891.0,-132.38311128002195,32000.0,83.7,98.0,-1.7,-0.3,1.08,GOOD
1790983972914,6174,1851.0,-149.59591196857195,32000.0,83.7,98.0,-1.7,-0.3,1.08,GOOD
1790983972914,6175,1833.0,-166.0087077075733,32000.0,83.7,98.0,-1.7,-0.3,1.08,GOOD
1790983973009,6176,1866.0,-177.16186273069596,32000.0,105.5,98.0,-1.7,-0.3,1.08,GOOD
1790983973009,6177,1880.0,-173.72289439837903,32000.0,105.5,98.0,-1.7,-0.3,1.08,GOOD
1790983973009,6178,2187.0,-147.7961712869598,32000.0,105.5,98.0,-1.7,-0.3,1.08,GOOD
1790983973009,6179,2132.0,-88.4745636067941,32000.0,105.5,98.0,-1.7,-0.3,1.08,GOOD
1790983973009,6180,2129.0,-2.8991809756219595,32000.0,105.5,98.0,-1.7,-0.3,1.08,GOOD
1790983973009,6181,2152.0,79.48949024925994,32000.0,105.5,98.0,-1.7,-0.3,1.08,GOOD
1790983973009,6182,2222.0,139.5938467038701,32000.0,105.5,98.0,-1.7,-0.3,1.08,GOOD
1790983973009,6183,2196.0,173.00916178795728,32000.0,105.5,98.0,-1.7,-0.3,1.08,GOOD
1790983973009,6184,2166.0,176.61021238793992,32000.0,105.5,98.0,-1.7,-0.3,1.08,GOOD
1790983973009,6185,2173.0,158.005864761238,32000.0,105.5,98.0,-1.7,-0.3,1.08,GOOD
1790983973009,6186,2007.0,133.89448861043644,32000.0,105.5,98.0,-1.7,-0.3,1.08,GOOD
1790983973009,6187,2043.0,105.68209484642834,32000.0,105.5,98.0,-1.7,-0.3,1.08,GOOD
1790983973009,6188,2013.0,64.49262116475848,32000.0,105.5,98.0,-1.7,-0.3,1.08,GOOD
1790983973009,6189,2002.0,13.361737234738595,32000.0,105.5,98.0,-1.7,-0.3,1.08,GOOD
1790983973009,6190,1844.0,-37.66940828122634,32000.0,105.5,98.0,-1.7,-0.3,1.08,GOOD
1790983973009,6191,1906.0,-81.42722103782968,32000.0,105.5,98.0,-1.7,-0.3,1.08,GOOD
1790983973009,6192,1930.0,-109.57707418437397,32000.0,105.5,98.0,-1.7,-0.3,1.08,GOOD
1790983973009,6193,1905.0,-120.22347275964427,32000.0,105.5,98.0,-1.7,-0.3,1.08,GOOD
1790983973009,6194,1926.0,-124.80820300194944,32000.0,105.5,98.0,-1.7,-0.3,1.08,GOOD
1790983973009,6195,1893.0,-128.55473212131324,32000.0,105.5,98.0,-1.7,-0.3,1.08,GOOD
1790983973009,6196,1921.0,-123.70243640155014,32000.0,105.5,98.0,-1.7,-0.3,1.08,GOOD
1790983973009,6197,1939.0,-107.53349613295512,32000.0,105.5,98.0,-1.7,-0.3,1.08,GOOD
1790983973009,6198,1882.0,-92.93576647857543,32000.0,105.5,98.0,-1.7,-0.3,1.08,GOOD
1790983973009,6199,1814.0,-99.49102855878286,32000.0,105.5,98.0,-1.7,-0.3,1.08,GOOD
1790983973009,6200,1818.0,-129.87681527256012,32000.0,105.5,98.0,-1.7,-0.3,1.08,GOOD
1790983973010,6201,1840.0,-162.31295947355545,32000.0,105.5,98.0,-1.7,-0.3,1.08,GOOD
1790983973010,6202,2250.0,-160.80462080423086,32000.0,105.5,98.0,-1.7,-0.3,1.08,GOOD
1790983973010,6203,2210.0,-94.40450491140571,32000.0,105.5,98.0,-1.7,-0.3,1.08,GOOD
1790983973010,6204,2189.0,22.024739424872983,32000.0,105.5,98.0,-1.7,-0.3,1.08,GOOD
1790983973010,6205,2199.0,134.7287494019905,32000.0,105.5,98.0,-1.7,-0.3,1.08,GOOD
1790983973010,6206,2211.0,209.46800119419734,32000.0,105.5,98.0,-1.7,-0.3,1.08,GOOD
1790983973010,6207,2201.0,239.6529279659958,32000.0,105.5,98.0,-1.7,-0.3,1.08,GOOD
1790983973010,6208,2156.0,224.9854920948896,32000.0,105.5,98.0,-1.7,-0.3,1.08,GOOD
1790983973010,6209,2137.0,178.04660152903682,32000.0,105.5,98.0,-1.7,-0.3,1.08,GOOD
1790983973010,6210,1976.0,124.37120104204548,32000.0,105.5,98.0,-1.7,-0.3,1.08,GOOD
1790983973010,6211,2029.0,79.26322797938259,32000.0,105.5,98.0,-1.7,-0.3,1.08,GOOD
1790983973010,6212,2039.0,42.82897667583268,32000.0,105.5,98.0,-1.7,-0.3,1.08,GOOD
1790983973010,6213,2019.0,11.13044026429894,32000.0,105.5,98.0,-1.7,-0.3,1.08,GOOD
1790983973010,6214,1820.0,-23.956451069455046,32000.0,105.5,98.0,-1.7,-0.3,1.08,GOOD
1790983973010,6215,1842.0,-68.34153076220589,32000.0,105.5,98.0,-1.7,-0.3,1.08,GOOD
1790983973010,6216,1873.0,-111.24059489187064,32000.0,105.5,98.0,-1.7,-0.3,1.08,GOOD
1790983973010,6217,1845.0,-140.06696678783862,32000.0,105.5,98.0,-1.7,-0.3,1.08,GOOD
1790983973010,6218,1857.0,-161.53452975845556,32000.0,105.5,98.0,-1.7,-0.3,1.08,GOOD
1790983973010,6219,1833.0,-181.26095070966858,32000.0,105.5,98.0,-1.7,-0.3,1.08,GOOD
1790983973010,6220,1841.0,-187.04084779708384,32000.0,105.5,98.0,-1.7,-0.3,1.08,GOOD
1790983973010,6221,1864.0,-170.56756730555406,32000.0,105.5,98.0,-1.7,-0.3,1.08,GOOD
1790983973010,6222,2159.0,-134.35090776523856,32000.0,105.5,98.0,-1.7,-0.3,1.08,GOOD
1790983973010,6223,2093.0,-77.62620126823789,32000.0,105.5,98.0,-1.7,-0.3,1.08,GOOD
1790983973010,6224,2085.0,-7.689697044495254,32000.0,105.5,98.0,-1.7,-0.3,1.08,GOOD
1790983973010,6225,2104.0,58.01002150548128,32000.0,105.5,98.0,-1.7,-0.3,1.08,GOOD
1790983973232,6226,2618.0,129.33312516267102,32000.0,105.5,98.0,-1.6,-0.3,1.08,LEAD_OFF
1790983973232,6227,2611.0,239.96391512872904,32000.0,105.5,98.0,-1.6,-0.3,1.08,LEAD_OFF
1790983973232,6228,2605.0,380.9879498364139,32000.0,105.5,98.0,-1.6,-0.3,1.08,LEAD_OFF
1790983973232,6229,2643.0,503.09497972308037,32000.0,105.5,98.0,-1.6,-0.3,1.08,LEAD_OFF
1790983973232,6230,2341.0,574.3495683216802,32000.0,105.5,98.0,-1.6,-0.3,1.08,LEAD_OFF
1790983973232,6231,2336.0,572.8329999986536,32000.0,105.5,98.0,-1.6,-0.3,1.08,LEAD_OFF
1790983973232,6232,2287.0,487.1373115528759,32000.0,105.5,98.0,-1.6,-0.3,1.08,LEAD_OFF
1790983973232,6233,2252.0,347.8924932038904,32000.0,105.5,98.0,-1.6,-0.3,1.08,LEAD_OFF
1790983973232,6234,1718.0,195.94244629787465,32000.0,105.5,98.0,-1.6,-0.3,1.08,LEAD_OFF
1790983973232,6235,1783.0,41.83551642532359,32000.0,105.5,98.0,-1.6,-0.3,1.08,LEAD_OFF
1790983973232,6236,1776.0,-103.23612958382176,32000.0,105.5,98.0,-1.6,-0.3,1.08,LEAD_OFF
1790983973232,6237,1737.0,-218.2573579455491,32000.0,105.5,98.0,-1.6,-0.3,1.08,LEAD_OFF
1790983973232,6238,1788.0,-300.8435764319373,32000.0,105.5,98.0,-1.6,-0.3,1.08,LEAD_OFF
1790983973232,6239,1828.0,-342.50473112262296,32000.0,105.5,98.0,-1.6,-0.3,1.08,LEAD_OFF
1790983973232,6240,1874.0,-319.26930586527124,32000.0,105.5,98.0,-1.6,-0.3,1.08,LEAD_OFF
1790983973232,6241,2030.0,-234.2612175746646,32000.0,105.5,98.0,-1.6,-0.3,1.08,LEAD_OFF
1790983973232,6242,1888.0,-135.8932413115953,32000.0,105.5,98.0,-1.6,-0.3,1.08,LEAD_OFF
1790983973232,6243,1838.0,-87.72277673002553,32000.0,105.5,98.0,-1.6,-0.3,1.08,LEAD_OFF
1790983973232,6244,1864.0,-105.72646928042329,32000.0,105.5,98.0,-1.6,-0.3,1.08,LEAD_OFF
1790983973232,6245,2234.0,-127.65734579375132,32000.0,105.5,98.0,-1.6,-0.3,1.08,LEAD_OFF
1790983973232,6246,2223.0,-79.80230225146896,32000.0,105.5,98.0,-1.6,-0.3,1.08,LEAD_OFF
1790983973232,6247,2187.0,27.619206221707927,32000.0,105.5,98.0,-1.6,-0.3,1.08,LEAD_OFF
1790983973232,6248,2004.0,114.88366577157791,32000.0,105.5,98.0,-1.6,-0.3,1.08,LEAD_OFF
1790983973232,6249,2062.0,133.64201719235777,32000.0,105.5,98.0,-1.6,-0.3,1.08,LEAD_OFF
1790983973232,6250,2089.0,106.70512500366522,32000.0,105.5,98.0,-1.6,-0.3,1.08,LEAD_OFF
1790983973331,6251,2074.0,73.1722649100833,32000.0,105.5,98.0,-1.8,-0.3,1.08,GOOD
1790983973331,6252,2001.0,38.76594087957478,32000.0,105.5,98.0,-1.8,-0.3,1.08,GOOD
1790983973331,6253,2028.0,-0.40009310108620433,32000.0,105.5,98.0,-1.8,-0.3,1.08,GOOD
1790983973331,6254,2081.0,-22.709647793855897,32000.0,105.5,98.0,-1.8,-0.3,1.08,GOOD
1790983973331,6255,2110.0,-5.722638159439029,32000.0,105.5,98.0,-1.8,-0.3,1.08,GOOD
1790983973331,6256,1968.0,28.99166106995222,32000.0,105.5,98.0,-1.8,-0.3,1.08,GOOD
1790983973331,6257,1942.0,31.113711249386647,32000.0,105.5,98.0,-1.8,-0.3,1.08,GOOD
1790983973331,6258,1945.0,-12.40971383803702,32000.0,105.5,98.0,-1.8,-0.3,1.08,GOOD
1790983973331,6259,2242.0,-50.954253797819156,32000.0,105.5,98.0,-1.8,-0.3,1.08,GOOD
1790983973331,6260,2230.0,-25.565316394739806,32000.0,105.5,98.0,-1.8,-0.3,1.08,GOOD
1790983973331,6261,2199.0,56.005687956073174,32000.0,105.5,98.0,-1.8,-0.3,1.08,GOOD
1790983973331,6262,2171.0,132.4133601489814,32000.0,105.5,98.0,-1.8,-0.3,1.08,GOOD
1790983973331,6263,2284.0,172.46447254071327,32000.0,105.5,98.0,-1.8,-0.3,1.08,GOOD
1790983973331,6264,2301.0,196.3049534671432,32000.0,105.5,98.0,-1.8,-0.3,1.08,GOOD
1790983973331,6265,2315.0,221.61380777087186,32000.0,105.5,98.0,-1.8,-0.3,1.08,GOOD
1790983973331,6266,2306.0,238.9915500183224,32000.0,105.5,98.0,-1.8,-0.3,1.08,GOOD
1790983973331,6267,2136.0,234.60497466317543,32000.0,105.5,98.0,-1.8,-0.3,1.08,GOOD
1790983973331,6268,2165.0,206.502360994303,32000.0,105.5,98.0,-1.8,-0.3,1.08,GOOD
1790983973331,6269,2184.0,167.64325836590166,32000.0,105.5,98.0,-1.8,-0.3,1.08,GOOD
1790983973331,6270,2199.0,133.45368037916347,32000.0,105.5,98.0,-1.8,-0.3,1.08,GOOD
1790983973331,6271,2159.0,105.97140953369693,32000.0,105.5,98.0,-1.8,-0.3,1.08,GOOD
1790983973331,6272,2183.0,85.97598927390318,32000.0,105.5,98.0,-1.8,-0.3,1.08,GOOD
1790983973331,6273,2196.0,85.03420974422126,32000.0,105.5,98.0,-1.8,-0.3,1.08,GOOD
1790983973331,6274,2219.0,106.77185155052628,32000.0,105.5,98.0,-1.8,-0.3,1.08,GOOD
1790983973331,6275,2076.0,125.9838232030511,32000.0,105.5,98.0,-1.8,-0.3,1.08,GOOD
1790983973414,6276,2059.0,107.57172356180112,32000.0,105.5,98.0,-1.7,-0.3,1.07,GOOD
1790983973414,6277,2038.0,52.0633121138255,32000.0,105.5,98.0,-1.7,-0.3,1.07,GOOD
1790983973414,6278,2282.0,6.477668484262848,32000.0,105.5,98.0,-1.7,-0.3,1.07,GOOD
1790983973414,6279,2233.0,16.063284260294324,32000.0,105.5,98.0,-1.7,-0.3,1.07,GOOD
1790983973414,6280,2220.0,69.16617081314992,32000.0,105.5,98.0,-1.7,-0.3,1.07,GOOD
1790983973414,6281,2201.0,116.84933582612622,32000.0,105.5,98.0,-1.7,-0.3,1.07,GOOD
1790983973414,6282,2316.0,141.28672842437652,32000.0,105.5,98.0,-1.7,-0.3,1.07,GOOD
1790983973414,6283,2298.0,162.4666880390059,32000.0,105.5,98.0,-1.7,-0.3,1.07,GOOD
1790983973414,6284,2310.0,188.34099609579198,32000.0,105.5,98.0,-1.7,-0.3,1.07,GOOD
1790983973414,6285,2048.0,193.06453098384065,32000.0,105.5,98.0,-1.7,-0.3,1.07,GOOD
1790983973414,6286,2077.0,148.77188271513756,32000.0,105.5,98.0,-1.7,-0.3,1.07,GOOD
1790983973414,6287,2065.0,70.36205522060102,32000.0,105.5,98.0,-1.7,-0.3,1.07,GOOD
1790983973414,6288,2058.0,0.9280909134887114,32000.0,105.5,98.0,-1.7,-0.3,1.07,GOOD
1790983973414,6289,1805.0,-50.974443773724715,32000.0,105.5,98.0,-1.7,-0.3,1.07,GOOD
1790983973414,6290,1855.0,-113.43706547353493,32000.0,105.5,98.0,-1.7,-0.3,1.07,GOOD
1790983973414,6291,1872.0,-186.86473151189918,32000.0,105.5,98.0,-1.7,-0.3,1.07,GOOD
1790983973414,6292,1846.0,-236.87176057750554,32000.0,105.5,98.0,-1.7,-0.3,1.07,GOOD
1790983973414,6293,1883.0,-249.4871272469081,32000.0,105.5,98.0,-1.7,-0.3,1.07,GOOD
1790983973414,6294,1857.0,-241.79631869818687,32000.0,105.5,98.0,-1.7,-0.3,1.07,GOOD
1790983973414,6295,1839.0,-233.18367148103334,32000.0,105.5,98.0,-1.7,-0.3,1.07,GOOD
1790983973414,6296,1805.0,-231.05582959397947,32000.0,105.5,98.0,-1.7,-0.3,1.07,GOOD
1790983973414,6297,1803.0,-234.21091951483746,32000.0,105.5,98.0,-1.7,-0.3,1.07,GOOD
1790983973414,6298,1583.0,-250.5092958921675,32000.0,105.5,98.0,-1.7,-0.3,1.07,GOOD
1790983973414,6299,1753.0,-293.2346852100518,32000.0,105.5,98.0,-1.7,-0.3,1.07,GOOD
1790983973414,6300,1763.0,-343.6331090527527,32000.0,105.5,98.0,-1.7,-0.3,1.07,GOOD
1790983973513,6301,2117.0,-348.4722187959296,32000.0,105.5,98.0,-1.7,-0.3,1.08,GOOD
1790983973513,6302,2072.0,-270.0171359332281,32000.0,105.5,98.0,-1.7,-0.3,1.08,GOOD
1790983973513,6303,2049.0,-134.62950908904264,32000.0,105.5,98.0,-1.7,-0.3,1.08,GOOD
1790983973513,6304,2053.0,-13.99063399208425,32000.0,105.5,98.0,-1.7,-0.3,1.08,GOOD
1790983973513,6305,1999.0,44.76231874225316,32000.0,105.5,98.0,-1.7,-0.3,1.08,GOOD
1790983973513,6306,2009.0,41.6738116739952,32000.0,105.5,98.0,-1.7,-0.3,1.08,GOOD
1790983973513,6307,1998.0,2.8614882234240344,32000.0,105.5,98.0,-1.7,-0.3,1.08,GOOD
1790983973513,6308,1904.0,-43.19399257439442,32000.0,105.5,98.0,-1.7,-0.3,1.08,GOOD
1790983973513,6309,1948.0,-81.27318160660577,32000.0,105.5,98.0,-1.7,-0.3,1.08,GOOD
1790983973513,6310,1981.0,-102.29624255973711,32000.0,105.5,98.0,-1.7,-0.3,1.08,GOOD
1790983973513,6311,1981.0,-101.48032412012107,32000.0,105.5,98.0,-1.7,-0.3,1.08,GOOD
1790983973513,6312,1790.0,-95.1417350086849,32000.0,105.5,98.0,-1.7,-0.3,1.08,GOOD
1790983973513,6313,1789.0,-112.82384747583416,32000.0,105.5,98.0,-1.7,-0.3,1.08,GOOD
1790983973513,6314,1805.0,-158.15976664979488,32000.0,105.5,98.0,-1.7,-0.3,1.08,GOOD
1790983973513,6315,2023.0,-195.97906677731334,32000.0,105.5,98.0,-1.7,-0.3,1.08,GOOD
1790983973513,6316,1996.0,-188.92709442684105,32000.0,105.5,98.0,-1.7,-0.3,1.08,GOOD
1790983973513,6317,1968.0,-139.53364468407926,32000.0,105.5,98.0,-1.7,-0.3,1.08,GOOD
1790983973513,6318,1961.0,-81.83732328228733,32000.0,105.5,98.0,-1.7,-0.3,1.08,GOOD
1790983973513,6319,2106.0,-35.425595537702065,32000.0,105.5,98.0,-1.7,-0.3,1.08,GOOD
1790983973513,6320,2079.0,3.5055142768120913,32000.0,105.5,98.0,-1.7,-0.3,1.08,GOOD
1790983973513,6321,2039.0,31.12345051542049,32000.0,105.5,98.0,-1.7,-0.3,1.08,GOOD
1790983973513,6322,1973.0,33.54669979690805,32000.0,105.5,98.0,-1.7,-0.3,1.08,GOOD
1790983973513,6323,2081.0,17.51039430733249,32000.0,105.5,98.0,-1.7,-0.3,1.08,GOOD
1790983973513,6324,2107.0,11.890951547830227,32000.0,105.5,98.0,-1.7,-0.3,1.08,GOOD
1790983973513,6325,2106.0,29.113978292317256,32000.0,105.5,98.0,-1.7,-0.3,1.08,GOOD
1790983973612,6326,2118.0,52.11310606993112,32000.0,105.5,98.0,-1.7,-0.4,1.08,GOOD
1790983973612,6327,1983.0,61.67180575695512,32000.0,105.5,98.0,-1.7,-0.4,1.08,GOOD
1790983973612,6328,2008.0,52.22310469261163,32000.0,105.5,98.0,-1.7,-0.4,1.08,GOOD
1790983973612,6329,2018.0,30.714951129790194,32000.0,105.5,98.0,-1.7,-0.4,1.08,GOOD
1790983973612,6330,2034.0,7.595152308085701,32000.0,105.5,98.0,-1.7,-0.4,1.08,GOOD
1790983973612,6331,1856.0,-19.385909281005077,32000.0,105.5,98.0,-1.7,-0.4,1.08,GOOD
1790983973612,6332,1869.0,-59.426225719971185,32000.0,105.5,98.0,-1.7,-0.4,1.08,GOOD
1790983973612,6333,1872.0,-103.47936237331612,32000.0,105.5,98.0,-1.7,-0.4,1.08,GOOD
1790983973612,6334,1809.0,-134.56303027483563,32000.0,105.5,98.0,-1.7,-0.4,1.08,GOOD
1790983973612,6335,1797.0,-158.88502797446495,32000.0,105.5,98.0,-1.7,-0.4,1.08,GOOD
1790983973612,6336,1791.0,-189.98630577168132,32000.0,105.5,98.0,-1.7,-0.4,1.08,GOOD
1790983973612,6337,1787.0,-219.42746465340758,32000.0,105.5,98.0,-1.7,-0.4,1.08,GOOD
1790983973612,6338,2026.0,-220.0784323682734,32000.0,105.5,98.0,-1.7,-0.4,1.08,GOOD
1790983973612,6339,1978.0,-172.43109275092783,32000.0,105.5,98.0,-1.7,-0.4,1.08,GOOD
1790983973612,6340,1961.0,-98.04878556388094,32000.0,105.5,98.0,-1.7,-0.4,1.08,GOOD
1790983973612,6341,1940.0,-42.89349778697939,32000.0,105.5,98.0,-1.7,-0.4,1.08,GOOD
1790983973612,6342,2101.0,-17.700998776529822,32000.0,105.5,98.0,-1.7,-0.4,1.08,GOOD
1790983973612,6343,2062.0,4.868725742631365,32000.0,105.5,98.0,-1.7,-0.4,1.08,GOOD
1790983973612,6344,2045.0,35.22947460045375,32000.0,105.5,98.0,-1.7,-0.4,1.08,GOOD
1790983973612,6345,2042.0,54.612975604863855,32000.0,105.5,98.0,-1.7,-0.4,1.08,GOOD
1790983973612,6346,2090.0,56.32383815606131,32000.0,105.5,98.0,-1.7,-0.4,1.08,GOOD
1790983973612,6347,2123.0,58.63555266926823,32000.0,105.5,98.0,-1.7,-0.4,1.08,GOOD
1790983973612,6348,2097.0,74.53189891022193,32000.0,105.5,98.0,-1.7,-0.4,1.08,GOOD
1790983973612,6349,1924.0,86.6613093561781,32000.0,105.5,98.0,-1.7,-0.4,1.08,GOOD
1790983973612,6350,1959.0,66.06724638072066,32000.0,105.5,98.0,-1.7,-0.4,1.08,GOOD
1790983973694,6351,1984.0,17.170324368724607,32000.0,101.4,98.0,-1.7,-0.4,1.09,GOOD
1790983973694,6352,1985.0,-25.440486116162724,32000.0,101.4,98.0,-1.7,-0.4,1.09,GOOD
1790983973694,6353,1884.0,-46.26244314715114,32000.0,101.4,98.0,-1.7,-0.4,1.09,GOOD
1790983973694,6354,1891.0,-60.34422639406347,32000.0,101.4,98.0,-1.7,-0.4,1.09,GOOD
1790983973694,6355,1894.0,-78.81704419502287,32000.0,101.4,98.0,-1.7,-0.4,1.09,GOOD
1790983973694,6356,1886.0,-95.27231730072629,32000.0,101.4,98.0,-1.7,-0.4,1.09,GOOD
1790983973694,6357,1852.0,-105.70913790360964,32000.0,101.4,98.0,-1.7,-0.4,1.09,GOOD
1790983973694,6358,1824.0,-117.08213500110034,32000.0,101.4,98.0,-1.7,-0.4,1.09,GOOD
1790983973694,6359,1812.0,-134.51405149483153,32000.0,101.4,98.0,-1.7,-0.4,1.09,GOOD
1790983973694,6360,2186.0,-138.43263538276256,32000.0,101.4,98.0,-1.7,-0.4,1.09,GOOD
1790983973694,6361,2167.0,-89.0741665184158,32000.0,101.4,98.0,-1.7,-0.4,1.09,GOOD
1790983973694,6362,2154.0,14.04469039379508,32000.0,101.4,98.0,-1.7,-0.4,1.09,GOOD
1790983973694,6363,2141.0,118.20617384390945,32000.0,101.4,98.0,-1.7,-0.4,1.09,GOOD
1790983973694,6364,2170.0,182.02820589583754,32000.0,101.4,98.0,-1.7,-0.4,1.09,GOOD
1790983973694,6365,2184.0,204.3051308928342,32000.0,101.4,98.0,-1.7,-0.4,1.09,GOOD
1790983973694,6366,2189.0,200.15626644506975,32000.0,101.4,98.0,-1.7,-0.4,1.09,GOOD
1790983973694,6367,2195.0,184.71992511753058,32000.0,101.4,98.0,-1.7,-0.4,1.09,GOOD
1790983973694,6368,1940.0,162.9310535331445,32000.0,101.4,98.0,-1.7,-0.4,1.09,GOOD
1790983973694,6369,1988.0,124.43069426360341,32000.0,101.4,98.0,-1.7,-0.4,1.09,GOOD
1790983973694,6370,2006.0,69.19741799113967,32000.0,101.4,98.0,-1.7,-0.4,1.09,GOOD
1790983973694,6371,2032.0,17.846511993795193,32000.0,101.4,98.0,-1.7,-0.4,1.09,GOOD
1790983973694,6372,1988.0,-15.021488363391502,32000.0,101.4,98.0,-1.7,-0.4,1.09,GOOD
1790983973694,6373,2034.0,-26.1041638904309,32000.0,101.4,98.0,-1.7,-0.4,1.09,GOOD
1790983973694,6374,2045.0,-12.308714667626964,32000.0,101.4,98.0,-1.7,-0.4,1.09,GOOD
1790983973694,6375,2047.0,19.599225626398265,32000.0,101.4,98.0,-1.7,-0.4,1.09,GOOD
1790983973965,6376,1858.0,38.97175223681665,32000.0,101.4,98.0,-1.6,-0.3,1.08,GOOD
1790983973965,6377,1869.0,12.338370400129127,32000.0,101.4,98.0,-1.6,-0.3,1.08,GOOD
1790983973965,6378,1872.0,-52.044397870751794,32000.0,101.4,98.0,-1.6,-0.3,1.08,GOOD
1790983973965,6379,2029.0,-104.03049139133535,32000.0,101.4,98.0,-1.6,-0.3,1.08,GOOD
1790983973965,6380,1984.0,-105.6010477464608,32000.0,101.4,98.0,-1.6,-0.3,1.08,GOOD
1790983973965,6381,1958.0,-69.84523324832222,32000.0,101.4,98.0,-1.6,-0.3,1.08,GOOD
1790983973965,6382,1941.0,-36.24384372895497,32000.0,101.4,98.0,-1.6,-0.3,1.08,GOOD
1790983973965,6383,2350.0,-7.152437141446169,32000.0,101.4,98.0,-1.6,-0.3,1.08,GOOD
1790983973965,6384,2334.0,58.68159276574056,32000.0,101.4,98.0,-1.6,-0.3,1.08,GOOD
1790983973965,6385,2320.0,168.0144185637531,32000.0,101.4,98.0,-1.6,-0.3,1.08,GOOD
1790983973965,6386,2326.0,270.9970968885684,32000.0,101.4,98.0,-1.6,-0.3,1.08,GOOD
1790983973965,6387,2616.0,342.1091339601144,32000.0,101.4,98.0,-1.6,-0.3,1.08,GOOD
1790983973965,6388,2592.0,408.14898452525176,32000.0,101.4,98.0,-1.6,-0.3,1.08,GOOD
1790983973965,6389,2568.0,480.29944115872536,32000.0,101.4,98.0,-1.6,-0.3,1.08,GOOD
1790983973965,6390,2560.0,531.082321113978,32000.0,101.4,98.0,-1.6,-0.3,1.08,GOOD
1790983973965,6391,1648.0,509.4379981944065,32000.0,101.4,98.0,-1.6,-0.3,1.08,GOOD
1790983973965,6392,1678.0,350.3153899913159,32000.0,101.4,98.0,-1.6,-0.3,1.08,GOOD
1790983973965,6393,1653.0,66.54046395809667,32000.0,101.4,98.0,-1.6,-0.3,1.08,GOOD
1790983973965,6394,1699.0,-223.53036664065039,32000.0,101.4,98.0,-1.6,-0.3,1.08,GOOD
1790983973965,6395,1759.0,-412.06106998134334,32000.0,101.4,98.0,-1.6,-0.3,1.08,GOOD
1790983973965,6396,1824.0,-459.5331830156757,32000.0,101.4,98.0,-1.6,-0.3,1.08,GOOD
1790983973965,6397,1869.0,-382.4920916241073,32000.0,101.4,98.0,-1.6,-0.3,1.08,GOOD
1790983973965,6398,2032.0,-240.78993433137586,32000.0,101.4,98.0,-1.6,-0.3,1.08,GOOD
1790983973965,6399,1937.0,-110.02494302317804,32000.0,101.4,98.0,-1.6,-0.3,1.08,GOOD
1790983973965,6400,1952.0,-44.59863685779455,32000.0,101.4,98.0,-1.6,-0.3,1.08,GOOD
1790983973965,6401,2224.0,-31.240378917087284,32000.0,101.4,98.0,-1.6,-0.3,1.08,GOOD
1790983973965,6402,2219.0,1.6531367936846841,32000.0,101.4,98.0,-1.6,-0.3,1.08,GOOD
1790983973965,6403,2179.0,82.77673566279512,32000.0,101.4,98.0,-1.6,-0.3,1.08,GOOD
1790983973965,6404,2147.0,159.42665664470212,32000.0,101.4,98.0,-1.6,-0.3,1.08,GOOD
1790983973965,6405,2181.0,182.43358368753644,32000.0,101.4,98.0,-1.6,-0.3,1.08,GOOD
1790983973965,6406,2226.0,166.88906002002426,32000.0,101.4,98.0,-1.6,-0.3,1.08,GOOD
1790983973965,6407,2243.0,158.03170098223777,32000.0,101.4,98.0,-1.6,-0.3,1.08,GOOD
1790983973965,6408,2219.0,172.21678796099755,32000.0,101.4,98.0,-1.6,-0.3,1.08,GOOD
1790983973965,6409,1984.0,179.71492646941414,32000.0,101.4,98.0,-1.6,-0.3,1.08,GOOD
1790983973965,6410,2022.0,142.53410559733288,32000.0,101.4,98.0,-1.6,-0.3,1.08,GOOD
1790983973965,6411,2057.0,70.42671027875403,32000.0,101.4,98.0,-1.6,-0.3,1.08,GOOD
1790983973965,6412,2068.0,11.447132209314912,32000.0,101.4,98.0,-1.6,-0.3,1.08,GOOD
1790983973965,6413,1962.0,-14.010004476338477,32000.0,101.4,98.0,-1.6,-0.3,1.08,GOOD
1790983973965,6414,1965.0,-27.07405307589447,32000.0,101.4,98.0,-1.6,-0.3,1.08,GOOD
1790983973965,6415,1987.0,-43.847823113078455,32000.0,101.4,98.0,-1.6,-0.3,1.08,GOOD
1790983973965,6416,2008.0,-55.20756645863627,32000.0,101.4,98.0,-1.6,-0.3,1.08,GOOD
1790983973965,6417,2116.0,-48.31787370513391,32000.0,101.4,98.0,-1.6,-0.3,1.08,GOOD
1790983973965,6418,2074.0,-22.671580953594674,32000.0,101.4,98.0,-1.6,-0.3,1.08,GOOD
1790983973965,6419,2038.0,7.752851295065852,32000.0,101.4,98.0,-1.6,-0.3,1.08,GOOD
1790983973965,6420,2265.0,35.42170730531244,32000.0,101.4,98.0,-1.6,-0.3,1.08,GOOD
1790983973965,6421,2245.0,76.2215375792791,32000.0,101.4,98.0,-1.6,-0.3,1.08,GOOD
1790983973965,6422,2224.0,132.44796894070944,32000.0,101.4,98.0,-1.6,-0.3,1.08,GOOD
1790983973965,6423,2193.0,175.03701436908287,32000.0,101.4,98.0,-1.6,-0.3,1.08,GOOD
1790983973965,6424,2251.0,187.62935056867173,32000.0,101.4,98.0,-1.6,-0.3,1.08,GOOD
1790983973965,6425,2278.0,186.9738411801273,32000.0,101.4,98.0,-1.6,-0.3,1.08,GOOD
1790983974046,6426,2303.0,193.26004915901916,32000.0,101.4,98.0,-1.6,-0.3,1.09,GOOD
1790983974046,6427,2228.0,204.1449271532407,32000.0,101.4,98.0,-1.6,-0.3,1.09,GOOD
1790983974046,6428,2241.0,204.60738357838238,32000.0,101.4,98.0,-1.6,-0.3,1.09,GOOD
1790983974046,6429,2249.0,193.28280313873347,32000.0,101.4,98.0,-1.6,-0.3,1.09,GOOD
1790983974046,6430,2274.0,183.6684542427746,32000.0,101.4,98.0,-1.6,-0.3,1.09,GOOD
1790983974046,6431,2045.0,173.57144171801718,32000.0,101.4,98.0,-1.6,-0.3,1.09,GOOD
1790983974046,6432,2051.0,137.34917590039336,32000.0,101.4,98.0,-1.6,-0.3,1.09,GOOD
1790983974046,6433,2044.0,69.50110543714842,32000.0,101.4,98.0,-1.6,-0.3,1.09,GOOD
1790983974046,6434,2046.0,1.4791906855733874,32000.0,101.4,98.0,-1.6,-0.3,1.09,GOOD
1790983974046,6435,2385.0,-25.787154167563603,32000.0,101.4,98.0,-1.6,-0.3,1.09,GOOD
1790983974046,6436,2352.0,16.785704263650793,32000.0,101.4,98.0,-1.6,-0.3,1.09,GOOD
1790983974046,6437,2334.0,114.51188418876158,32000.0,101.4,98.0,-1.6,-0.3,1.09,GOOD
1790983974046,6438,2298.0,211.3777580723116,32000.0,101.4,98.0,-1.6,-0.3,1.09,GOOD
1790983974046,6439,2324.0,266.22319435200126,32000.0,101.4,98.0,-1.6,-0.3,1.09,GOOD
1790983974046,6440,2282.0,273.1710849508421,32000.0,101.4,98.0,-1.6,-0.3,1.09,GOOD
1790983974046,6441,2274.0,242.4822313548597,32000.0,101.4,98.0,-1.6,-0.3,1.09,GOOD
1790983974046,6442,2254.0,193.5353066086791,32000.0,101.4,98.0,-1.6,-0.3,1.09,GOOD
1790983974046,6443,2312.0,155.0641380020277,32000.0,101.4,98.0,-1.6,-0.3,1.09,GOOD
1790983974046,6444,2299.0,148.42406553680308,32000.0,101.4,98.0,-1.6,-0.3,1.09,GOOD
1790983974046,6445,2297.0,166.01789878777953,32000.0,101.4,98.0,-1.6,-0.3,1.09,GOOD
1790983974046,6446,1993.0,168.91221764757984,32000.0,101.4,98.0,-1.6,-0.3,1.09,GOOD
1790983974046,6447,2033.0,118.23889616618334,32000.0,101.4,98.0,-1.6,-0.3,1.09,GOOD
1790983974046,6448,2033.0,25.522087512352837,32000.0,101.4,98.0,-1.6,-0.3,1.09,GOOD
1790983974046,6449,2016.0,-58.667458590463035,32000.0,101.4,98.0,-1.6,-0.3,1.09,GOOD
1790983974046,6450,1854.0,-113.76767372496701,32000.0,101.4,98.0,-1.6,-0.3,1.09,GOOD
1790983974146,6451,1904.0,-158.26191145317574,32000.0,101.4,98.0,-1.6,-0.3,1.08,LEAD_OFF
1790983974146,6452,1935.0,-197.0215652265303,32000.0,101.4,98.0,-1.6,-0.3,1.08,LEAD_OFF
1790983974146,6453,1927.0,-212.9260367655443,32000.0,101.4,98.0,-1.6,-0.3,1.08,LEAD_OFF
1790983974146,6454,1956.0,-203.31611883058036,32000.0,101.4,98.0,-1.6,-0.3,1.08,LEAD_OFF
1790983974146,6455,1912.0,-185.58203203208325,32000.0,101.4,98.0,-1.6,-0.3,1.08,LEAD_OFF
1790983974146,6456,1926.0,-175.26081910618598,32000.0,101.4,98.0,-1.6,-0.3,1.08,LEAD_OFF
1790983974146,6457,2127.0,-165.3264569961217,32000.0,101.4,98.0,-1.6,-0.3,1.08,LEAD_OFF
1790983974146,6458,2074.0,-132.76892456410633,32000.0,101.4,98.0,-1.6,-0.3,1.08,LEAD_OFF
1790983974146,6459,2038.0,-81.12296275681624,32000.0,101.4,98.0,-1.6,-0.3,1.08,LEAD_OFF
1790983974146,6460,2028.0,-42.84049077851842,32000.0,101.4,98.0,-1.6,-0.3,1.08,LEAD_OFF
1790983974146,6461,2089.0,-31.587154023453053,32000.0,101.4,98.0,-1.6,-0.3,1.08,LEAD_OFF
1790983974146,6462,2115.0,-30.575608243493104,32000.0,101.4,98.0,-1.6,-0.3,1.08,LEAD_OFF
1790983974146,6463,2111.0,-23.57917183934542,32000.0,101.4,98.0,-1.6,-0.3,1.08,LEAD_OFF
1790983974146,6464,1987.0,-16.308135456989294,32000.0,101.4,98.0,-1.6,-0.3,1.08,LEAD_OFF
1790983974146,6465,2017.0,-24.37536591603702,32000.0,101.4,98.0,-1.6,-0.3,1.08,LEAD_OFF
1790983974146,6466,2049.0,-45.49790580975505,32000.0,101.4,98.0,-1.6,-0.3,1.08,LEAD_OFF
1790983974146,6467,2062.0,-61.66560676142322,32000.0,101.4,98.0,-1.6,-0.3,1.08,LEAD_OFF
1790983974146,6468,1830.0,-74.17162502157268,32000.0,101.4,98.0,-1.6,-0.3,1.08,LEAD_OFF
1790983974146,6469,1845.0,-107.20694405745238,32000.0,101.4,98.0,-1.6,-0.3,1.08,LEAD_OFF
1790983974146,6470,1864.0,-162.66831266591333,32000.0,101.4,98.0,-1.6,-0.3,1.08,LEAD_OFF
1790983974146,6471,1893.0,-210.25312155884603,32000.0,101.4,98.0,-1.6,-0.3,1.08,LEAD_OFF
1790983974146,6472,1869.0,-230.99089306534404,32000.0,101.4,98.0,-1.6,-0.3,1.08,LEAD_OFF
1790983974146,6473,1866.0,-232.6771434159882,32000.0,101.4,98.0,-1.6,-0.3,1.08,LEAD_OFF
1790983974146,6474,1863.0,-226.3024667947634,32000.0,101.4,98.0,-1.6,-0.3,1.08,LEAD_OFF
1790983974146,6475,1873.0,-214.11478236256323,32000.0,101.4,98.0,-1.6,-0.3,1.08,LEAD_OFF
1790983974238,6476,2089.0,-190.8578530181,32000.0,101.4,98.0,-1.7,-0.2,1.08,GOOD
1790983974238,6477,2057.0,-147.94083162291201,32000.0,101.4,98.0,-1.7,-0.2,1.08,GOOD
1790983974238,6478,2040.0,-92.12219019988692,32000.0,101.4,98.0,-1.7,-0.2,1.08,GOOD
1790983974238,6479,2148.0,-39.65222068019831,32000.0,101.4,98.0,-1.7,-0.2,1.08,GOOD
1790983974238,6480,2112.0,8.061078764923788,32000.0,101.4,98.0,-1.7,-0.2,1.08,GOOD
1790983974238,6481,2091.0,46.79342474025274,32000.0,101.4,98.0,-1.7,-0.2,1.08,GOOD
1790983974238,6482,2072.0,58.06619323585693,32000.0,101.4,98.0,-1.7,-0.2,1.08,GOOD
1790983974238,6483,2046.0,37.42830084110169,32000.0,101.4,98.0,-1.7,-0.2,1.08,GOOD
1790983974238,6484,2064.0,5.442337280407065,32000.0,101.4,98.0,-1.7,-0.2,1.08,GOOD
1790983974238,6485,2221.0,-7.380264378727352,32000.0,101.4,98.0,-1.7,-0.2,1.08,GOOD
1790983974238,6486,1881.0,4.291728100165306,32000.0,101.4,98.0,-1.7,-0.2,1.08,GOOD
1790983974238,6487,1906.0,-0.9601865698026535,32000.0,101.4,98.0,-1.7,-0.2,1.08,GOOD
1790983974238,6488,1916.0,-51.22534467211529,32000.0,101.4,98.0,-1.7,-0.2,1.08,GOOD
1790983974238,6489,1908.0,-116.24621120624708,32000.0,101.4,98.0,-1.7,-0.2,1.08,GOOD
1790983974238,6490,1854.0,-161.19217073152257,32000.0,101.4,98.0,-1.7,-0.2,1.08,GOOD
1790983974238,6491,1874.0,-184.5477783826642,32000.0,101.4,98.0,-1.7,-0.2,1.08,GOOD
1790983974238,6492,1894.0,-194.2509010304867,32000.0,101.4,98.0,-1.7,-0.2,1.08,GOOD
1790983974238,6493,1902.0,-190.50273151512167,32000.0,101.4,98.0,-1.7,-0.2,1.08,GOOD
1790983974238,6494,2074.0,-168.17184773387956,32000.0,101.4,98.0,-1.7,-0.2,1.08,GOOD
1790983974238,6495,2040.0,-122.68289528724507,32000.0,101.4,98.0,-1.7,-0.2,1.08,GOOD
1790983974238,6496,2042.0,-65.35040280042213,32000.0,101.4,98.0,-1.7,-0.2,1.08,GOOD
1790983974238,6497,2138.0,-15.614178870456973,32000.0,101.4,98.0,-1.7,-0.2,1.08,GOOD
1790983974238,6498,2112.0,23.598115654580752,32000.0,101.4,98.0,-1.7,-0.2,1.08,GOOD
1790983974238,6499,2073.0,52.41618917762004,32000.0,101.4,98.0,-1.7,-0.2,1.08,GOOD
1790983974238,6500,2054.0,60.13267198405007,32000.0,101.4,98.0,-1.7,-0.2,1.08,GOOD
1790983974402,6501,2116.0,46.821643372559215,32000.0,101.4,98.0,-1.6,-0.3,1.08,LEAD_OFF
1790983974402,6502,2148.0,33.615135208902515,32000.0,101.4,98.0,-1.6,-0.3,1.08,LEAD_OFF
1790983974402,6503,2157.0,39.70741127263152,32000.0,101.4,98.0,-1.6,-0.3,1.08,LEAD_OFF
1790983974402,6504,1903.0,52.66745409522461,32000.0,101.4,98.0,-1.6,-0.3,1.08,LEAD_OFF
1790983974402,6505,1924.0,35.63357724398526,32000.0,101.4,98.0,-1.6,-0.3,1.08,LEAD_OFF
1790983974402,6506,1947.0,-20.668948976584094,32000.0,101.4,98.0,-1.6,-0.3,1.08,LEAD_OFF
1790983974402,6507,1966.0,-82.85941793149141,32000.0,101.4,98.0,-1.6,-0.3,1.08,LEAD_OFF
1790983974402,6508,1915.0,-121.59750302569458,32000.0,101.4,98.0,-1.6,-0.3,1.08,LEAD_OFF
1790983974402,6509,1914.0,-135.74144490525805,32000.0,101.4,98.0,-1.6,-0.3,1.08,LEAD_OFF
1790983974402,6510,1916.0,-134.545114456055,32000.0,101.4,98.0,-1.6,-0.3,1.08,LEAD_OFF
1790983974402,6511,1929.0,-125.25038382938934,32000.0,101.4,98.0,-1.6,-0.3,1.08,LEAD_OFF
1790983974402,6512,2084.0,-109.8569317309781,32000.0,101.4,98.0,-1.6,-0.3,1.08,LEAD_OFF
1790983974402,6513,2047.0,-83.01312521314448,32000.0,101.4,98.0,-1.6,-0.3,1.08,LEAD_OFF
1790983974402,6514,2039.0,-45.6148672838541,32000.0,101.4,98.0,-1.6,-0.3,1.08,LEAD_OFF
1790983974402,6515,2245.0,-1.5853717014540099,32000.0,101.4,98.0,-1.6,-0.3,1.08,LEAD_OFF
1790983974402,6516,2223.0,56.47859221476137,32000.0,101.4,98.0,-1.6,-0.3,1.08,LEAD_OFF
1790983974402,6517,2203.0,121.1216193825918,32000.0,101.4,98.0,-1.6,-0.3,1.08,LEAD_OFF
1790983974402,6518,2182.0,162.79827564600956,32000.0,101.4,98.0,-1.6,-0.3,1.08,LEAD_OFF
1790983974402,6519,2037.0,163.87084229671862,32000.0,101.4,98.0,-1.6,-0.3,1.08,LEAD_OFF
1790983974402,6520,2047.0,127.88136540877551,32000.0,101.4,98.0,-1.6,-0.3,1.08,LEAD_OFF
1790983974402,6521,1975.0,69.4277404257924,32000.0,101.4,98.0,-1.6,-0.3,1.08,LEAD_OFF
1790983974402,6522,1861.0,-0.2732796202472674,32000.0,101.4,98.0,-1.6,-0.3,1.08,LEAD_OFF
1790983974402,6523,1881.0,-76.79330274256475,32000.0,101.4,98.0,-1.6,-0.3,1.08,LEAD_OFF
1790983974402,6524,1895.0,-142.71962049568492,32000.0,101.4,98.0,-1.6,-0.3,1.08,LEAD_OFF
1790983974402,6525,1918.0,-173.40614041890365,32000.0,101.4,98.0,-1.6,-0.3,1.08,LEAD_OFF
1790983974528,6526,1858.0,-169.0534900023307,32000.0,103.4,98.0,-1.6,-0.2,1.08,GOOD
1790983974528,6527,1876.0,-155.6765070693867,32000.0,103.4,98.0,-1.6,-0.2,1.08,GOOD
1790983974528,6528,1888.0,-151.88810991369644,32000.0,103.4,98.0,-1.6,-0.2,1.08,GOOD
1790983974528,6529,1896.0,-152.89954209952953,32000.0,103.4,98.0,-1.6,-0.2,1.08,GOOD
1790983974528,6530,1992.0,-144.6558589812738,32000.0,103.4,98.0,-1.6,-0.2,1.08,GOOD
1790983974528,6531,1958.0,-120.26343073244138,32000.0,103.4,98.0,-1.6,-0.2,1.08,GOOD
1790983974528,6532,1929.0,-90.2584404867079,32000.0,103.4,98.0,-1.6,-0.2,1.08,GOOD
1790983974528,6533,2365.0,-55.62102566849613,32000.0,103.4,98.0,-1.6,-0.2,1.08,GOOD
1790983974528,6534,2350.0,17.47882414262179,32000.0,103.4,98.0,-1.6,-0.2,1.08,GOOD
1790983974528,6535,2354.0,138.16268829766625,32000.0,103.4,98.0,-1.6,-0.2,1.08,GOOD
1790983974528,6536,2364.0,258.61521113838637,32000.0,103.4,98.0,-1.6,-0.2,1.08,GOOD
1790983974528,6537,2667.0,347.34518645332616,32000.0,103.4,98.0,-1.6,-0.2,1.08,GOOD
1790983974528,6538,2666.0,424.17245052168676,32000.0,103.4,98.0,-1.6,-0.2,1.08,GOOD
1790983974528,6539,2663.0,502.76956895630315,32000.0,103.4,98.0,-1.6,-0.2,1.08,GOOD
1790983974528,6540,1660.0,525.1025962665124,32000.0,103.4,98.0,-1.6,-0.2,1.08,GOOD
1790983974528,6541,1698.0,391.961391694,32000.0,103.4,98.0,-1.6,-0.2,1.08,GOOD
1790983974528,6542,1663.0,107.19189071920606,32000.0,103.4,98.0,-1.6,-0.2,1.08,GOOD
1790983974528,6543,1650.0,-200.34584419100122,32000.0,103.4,98.0,-1.6,-0.2,1.08,GOOD
1790983974528,6544,1600.0,-422.7819483504669,32000.0,103.4,98.0,-1.6,-0.2,1.08,GOOD
1790983974528,6545,1664.0,-526.3798891874371,32000.0,103.4,98.0,-1.6,-0.2,1.08,GOOD
1790983974528,6546,1694.0,-513.1998252100318,32000.0,103.4,98.0,-1.6,-0.2,1.08,GOOD
1790983974528,6547,1671.0,-423.64626995598366,32000.0,103.4,98.0,-1.6,-0.2,1.08,GOOD
1790983974528,6548,1938.0,-325.93384092909616,32000.0,103.4,98.0,-1.6,-0.2,1.08,GOOD
1790983974528,6549,1924.0,-256.31769405886075,32000.0,103.4,98.0,-1.6,-0.2,1.08,GOOD
1790983974528,6550,1959.0,-202.28232175916625,32000.0,103.4,98.0,-1.6,-0.2,1.08,GOOD
1790983974625,6551,1978.0,-139.66218408649928,32000.0,103.4,98.0,-1.6,-0.2,1.09,GOOD
1790983974625,6552,2219.0,-56.16858284188175,32000.0,103.4,98.0,-1.6,-0.2,1.09,GOOD
1790983974625,6553,2146.0,36.10443483850281,32000.0,103.4,98.0,-1.6,-0.2,1.09,GOOD
1790983974625,6554,2156.0,101.3677462436025,32000.0,103.4,98.0,-1.6,-0.2,1.09,GOOD
1790983974625,6555,2201.0,124.86288241021175,32000.0,103.4,98.0,-1.6,-0.2,1.09,GOOD
1790983974625,6556,2273.0,141.4244549156894,32000.0,103.4,98.0,-1.6,-0.2,1.09,GOOD
1790983974625,6557,2220.0,180.89565239737192,32000.0,103.4,98.0,-1.6,-0.2,1.09,GOOD
1790983974625,6558,2170.0,217.01708641923045,32000.0,103.4,98.0,-1.6,-0.2,1.09,GOOD
1790983974625,6559,2171.0,208.64813011816744,32000.0,103.4,98.0,-1.6,-0.2,1.09,GOOD
1790983974625,6560,2116.0,161.86493475620495,32000.0,103.4,98.0,-1.6,-0.2,1.09,GOOD
1790983974625,6561,2159.0,119.1019192817934,32000.0,103.4,98.0,-1.6,-0.2,1.09,GOOD
1790983974625,6562,2130.0,105.70130576679796,32000.0,103.4,98.0,-1.6,-0.2,1.09,GOOD
1790983974625,6563,1909.0,98.22549520614885,32000.0,103.4,98.0,-1.6,-0.2,1.09,GOOD
1790983974625,6564,1942.0,52.883698003823035,32000.0,103.4,98.0,-1.6,-0.2,1.09,GOOD
1790983974625,6565,1992.0,-24.57849880960526,32000.0,103.4,98.0,-1.6,-0.2,1.09,GOOD
1790983974625,6566,2009.0,-79.44886148343296,32000.0,103.4,98.0,-1.6,-0.2,1.09,GOOD
1790983974625,6567,2017.0,-82.8774449343277,32000.0,103.4,98.0,-1.6,-0.2,1.09,GOOD
1790983974625,6568,1957.0,-59.29299259658304,32000.0,103.4,98.0,-1.6,-0.2,1.09,GOOD
1790983974625,6569,1961.0,-45.81316253201861,32000.0,103.4,98.0,-1.6,-0.2,1.09,GOOD
1790983974625,6570,1996.0,-50.177776101369666,32000.0,103.4,98.0,-1.6,-0.2,1.09,GOOD
1790983974625,6571,2321.0,-41.50591380093666,32000.0,103.4,98.0,-1.6,-0.2,1.09,GOOD
1790983974625,6572,2266.0,16.19434412543697,32000.0,103.4,98.0,-1.6,-0.2,1.09,GOOD
1790983974625,6573,2229.0,109.51835205910199,32000.0,103.4,98.0,-1.6,-0.2,1.09,GOOD
1790983974625,6574,2241.0,187.53140966910985,32000.0,103.4,98.0,-1.6,-0.2,1.09,GOOD
1790983974625,6575,2359.0,230.3012028416436,32000.0,103.4,98.0,-1.6,-0.2,1.09,GOOD
1790983974753,6576,2351.0,255.7406923327965,32000.0,103.4,98.0,-1.6,-0.2,1.08,GOOD
1790983974753,6577,2312.0,272.4956331110505,32000.0,103.4,98.0,-1.6,-0.2,1.08,GOOD
1790983974753,6578,2295.0,272.1434680620731,32000.0,103.4,98.0,-1.6,-0.2,1.08,GOOD
1790983974753,6579,2214.0,254.50623556029365,32000.0,103.4,98.0,-1.6,-0.2,1.08,GOOD
1790983974753,6580,2265.0,229.82264245995316,32000.0,103.4,98.0,-1.6,-0.2,1.08,GOOD
1790983974753,6581,2274.0,206.89044928368287,32000.0,103.4,98.0,-1.6,-0.2,1.08,GOOD
1790983974753,6582,2167.0,184.26440879724925,32000.0,103.4,98.0,-1.6,-0.2,1.08,GOOD
1790983974753,6583,2178.0,153.75064702248517,32000.0,103.4,98.0,-1.6,-0.2,1.08,GOOD
1790983974753,6584,2214.0,123.14296808208968,32000.0,103.4,98.0,-1.6,-0.2,1.08,GOOD
1790983974753,6585,2253.0,113.20393615951238,32000.0,103.4,98.0,-1.6,-0.2,1.08,GOOD
1790983974753,6586,2289.0,127.29331307209603,32000.0,103.4,98.0,-1.6,-0.2,1.08,GOOD
1790983974753,6587,2227.0,147.08160975145705,32000.0,103.4,98.0,-1.6,-0.2,1.08,GOOD
1790983974753,6588,2201.0,154.47515712039723,32000.0,103.4,98.0,-1.6,-0.2,1.08,GOOD
1790983974753,6589,2316.0,152.84362081193837,32000.0,103.4,98.0,-1.6,-0.2,1.08,GOOD
1790983974753,6590,2302.0,160.60605851514828,32000.0,103.4,98.0,-1.6,-0.2,1.08,GOOD
1790983974753,6591,2252.0,176.32739118983926,32000.0,103.4,98.0,-1.6,-0.2,1.08,GOOD
1790983974753,6592,2142.0,173.86798855858456,32000.0,103.4,98.0,-1.6,-0.2,1.08,GOOD
1790983974753,6593,2287.0,145.97750059042494,32000.0,103.4,98.0,-1.6,-0.2,1.08,GOOD
1790983974753,6594,2298.0,124.07990136785472,32000.0,103.4,98.0,-1.6,-0.2,1.08,GOOD
1790983974753,6595,2311.0,132.87595351084224,32000.0,103.4,98.0,-1.6,-0.2,1.08,GOOD
1790983974753,6596,2300.0,157.19680695711435,32000.0,103.4,98.0,-1.6,-0.2,1.08,GOOD
1790983974753,6597,2038.0,162.83228055768203,32000.0,103.4,98.0,-1.6,-0.2,1.08,GOOD
1790983974753,6598,2042.0,124.81558566735168,32000.0,103.4,98.0,-1.6,-0.2,1.08,GOOD
1790983974753,6599,2052.0,51.633776626843826,32000.0,103.4,98.0,-1.6,-0.2,1.08,GOOD
1790983974753,6600,1934.0,-27.868023228150015,32000.0,103.4,98.0,-1.6,-0.2,1.08,GOOD
1790983974753,6601,1960.0,-101.5330723524532,32000.0,103.4,98.0,-1.6,-0.2,1.08,GOOD
1790983974753,6602,1963.0,-160.68660258572552,32000.0,103.4,98.0,-1.6,-0.2,1.08,GOOD
1790983974753,6603,1958.0,-185.80666004863028,32000.0,103.4,98.0,-1.6,-0.2,1.08,GOOD
1790983974753,6604,1807.0,-180.50260746492143,32000.0,103.4,98.0,-1.6,-0.2,1.08,GOOD
1790983974753,6605,1817.0,-182.6477059805498,32000.0,103.4,98.0,-1.6,-0.2,1.08,GOOD
1790983974753,6606,1822.0,-217.4670535988078,32000.0,103.4,98.0,-1.6,-0.2,1.08,GOOD
1790983974753,6607,1807.0,-267.42398026859485,32000.0,103.4,98.0,-1.6,-0.2,1.08,GOOD
1790983974753,6608,2087.0,-289.27678674451494,32000.0,103.4,98.0,-1.6,-0.2,1.08,GOOD
1790983974753,6609,2077.0,-245.95852107731625,32000.0,103.4,98.0,-1.6,-0.2,1.08,GOOD
1790983974753,6610,2078.0,-149.43218964121726,32000.0,103.4,98.0,-1.6,-0.2,1.08,GOOD
1790983974753,6611,2126.0,-53.88443274146062,32000.0,103.4,98.0,-1.6,-0.2,1.08,GOOD
1790983974753,6612,2101.0,6.164935303373049,32000.0,103.4,98.0,-1.6,-0.2,1.08,GOOD
1790983974753,6613,2070.0,30.541786285891483,32000.0,103.4,98.0,-1.6,-0.2,1.08,GOOD
1790983974753,6614,2073.0,27.737130959664817,32000.0,103.4,98.0,-1.6,-0.2,1.08,GOOD
1790983974753,6615,1951.0,2.724590526649579,32000.0,103.4,98.0,-1.6,-0.2,1.08,GOOD
1790983974753,6616,1988.0,-40.78425554127567,32000.0,103.4,98.0,-1.6,-0.2,1.08,GOOD
1790983974753,6617,1982.0,-87.32568654087295,32000.0,103.4,98.0,-1.6,-0.2,1.08,GOOD
1790983974753,6618,1870.0,-119.71247084611574,32000.0,103.4,98.0,-1.6,-0.2,1.08,GOOD
1790983974753,6619,1896.0,-142.3485064275264,32000.0,103.4,98.0,-1.6,-0.2,1.08,GOOD
1790983974753,6620,1950.0,-163.3270065318751,32000.0,103.4,98.0,-1.6,-0.2,1.08,GOOD
1790983974753,6621,1962.0,-174.03890787966589,32000.0,103.4,98.0,-1.6,-0.2,1.08,GOOD
1790983974753,6622,1838.0,-170.8077048747658,32000.0,103.4,98.0,-1.6,-0.2,1.08,GOOD
1790983974753,6623,1817.0,-170.11512383414612,32000.0,103.4,98.0,-1.6,-0.2,1.08,GOOD
1790983974753,6624,1822.0,-185.9715243253916,32000.0,103.4,98.0,-1.6,-0.2,1.08,GOOD
1790983974753,6625,1840.0,-212.5893577343984,32000.0,103.4,98.0,-1.6,-0.2,1.08,GOOD
1790983974957,6626,1970.0,-231.0067479404965,32000.0,103.4,98.0,-1.6,-0.3,1.08,GOOD
1790983974957,6627,1924.0,-221.80901035563727,32000.0,103.4,98.0,-1.6,-0.3,1.08,GOOD
1790983974957,6628,1897.0,-185.85441677310453,32000.0,103.4,98.0,-1.6,-0.3,1.08,GOOD
1790983974957,6629,1892.0,-146.94882001475204,32000.0,103.4,98.0,-1.6,-0.3,1.08,GOOD
1790983974957,6630,2138.0,-117.31162328986436,32000.0,103.4,98.0,-1.6,-0.3,1.08,GOOD
1790983974957,6631,2123.0,-81.40739223467246,32000.0,103.4,98.0,-1.6,-0.3,1.08,GOOD
1790983974957,6632,2108.0,-30.158152410812384,32000.0,103.4,98.0,-1.6,-0.3,1.08,GOOD
1790983974957,6633,2097.0,21.88374829522249,32000.0,103.4,98.0,-1.6,-0.3,1.08,GOOD
1790983974957,6634,2154.0,62.24083038658787,32000.0,103.4,98.0,-1.6,-0.3,1.08,GOOD
1790983974957,6635,2164.0,89.23529765606726,32000.0,103.4,98.0,-1.6,-0.3,1.08,GOOD
1790983974957,6636,2163.0,100.2413701609828,32000.0,103.4,98.0,-1.6,-0.3,1.08,GOOD
1790983974957,6637,2151.0,95.5336247959154,32000.0,103.4,98.0,-1.6,-0.3,1.08,GOOD
1790983974957,6638,1989.0,81.02281162387584,32000.0,103.4,98.0,-1.6,-0.3,1.08,GOOD
1790983974957,6639,2010.0,56.63831108339649,32000.0,103.4,98.0,-1.6,-0.3,1.08,GOOD
1790983974957,6640,2022.0,20.82069146886123,32000.0,103.4,98.0,-1.6,-0.3,1.08,GOOD
1790983974957,6641,1896.0,-24.603073145471757,32000.0,103.4,98.0,-1.6,-0.3,1.08,GOOD
1790983974957,6642,1891.0,-79.73647506781212,32000.0,103.4,98.0,-1.6,-0.3,1.08,GOOD
1790983974957,6643,1894.0,-132.19099499528758,32000.0,103.4,98.0,-1.6,-0.3,1.08,GOOD
1790983974957,6644,1897.0,-159.43869650747743,32000.0,103.4,98.0,-1.6,-0.3,1.08,GOOD
1790983974957,6645,1903.0,-159.7211738789007,32000.0,103.4,98.0,-1.6,-0.3,1.08,GOOD
1790983974957,6646,1841.0,-155.55316375130448,32000.0,103.4,98.0,-1.6,-0.3,1.08,GOOD
1790983974957,6647,1834.0,-165.65938825700027,32000.0,103.4,98.0,-1.6,-0.3,1.08,GOOD
1790983974957,6648,1830.0,-184.75630586690045,32000.0,103.4,98.0,-1.6,-0.3,1.08,GOOD
1790983974957,6649,2132.0,-184.31928957722212,32000.0,103.4,98.0,-1.6,-0.3,1.08,GOOD
1790983974957,6650,2105.0,-136.41455472463872,32000.0,103.4,98.0,-1.6,-0.3,1.08,GOOD
1790983975052,6651,2095.0,-53.202993220033036,32000.0,93.1,98.0,-1.7,-0.2,1.09,GOOD
1790983975052,6652,2082.0,22.27300285507637,32000.0,93.1,98.0,-1.7,-0.2,1.09,GOOD
1790983975052,6653,2216.0,72.47218015943125,32000.0,93.1,98.0,-1.7,-0.2,1.09,GOOD
1790983975052,6654,2207.0,111.56416793604248,32000.0,93.1,98.0,-1.7,-0.2,1.09,GOOD
1790983975052,6655,2206.0,143.54569075527203,32000.0,93.1,98.0,-1.7,-0.2,1.09,GOOD
1790983975052,6656,2215.0,157.68402313124963,32000.0,93.1,98.0,-1.7,-0.2,1.09,GOOD
1790983975052,6657,1964.0,148.17715431443992,32000.0,93.1,98.0,-1.7,-0.2,1.09,GOOD
1790983975052,6658,1983.0,110.49374804319397,32000.0,93.1,98.0,-1.7,-0.2,1.09,GOOD
1790983975052,6659,1976.0,48.33388368707873,32000.0,93.1,98.0,-1.7,-0.2,1.09,GOOD
1790983975052,6660,1946.0,-20.993842673064314,32000.0,93.1,98.0,-1.7,-0.2,1.09,GOOD
1790983975052,6661,1983.0,-80.29384642627356,32000.0,93.1,98.0,-1.7,-0.2,1.09,GOOD
1790983975052,6662,2003.0,-110.45754529514704,32000.0,93.1,98.0,-1.7,-0.2,1.09,GOOD
1790983975052,6663,2011.0,-97.88632618349943,32000.0,93.1,98.0,-1.7,-0.2,1.09,GOOD
1790983975052,6664,1948.0,-59.57705479701047,32000.0,93.1,98.0,-1.7,-0.2,1.09,GOOD
1790983975052,6665,1919.0,-36.93795908945559,32000.0,93.1,98.0,-1.7,-0.2,1.09,GOOD
1790983975052,6666,1893.0,-54.57726529667187,32000.0,93.1,98.0,-1.7,-0.2,1.09,GOOD
1790983975052,6667,1896.0,-96.80578817766683,32000.0,93.1,98.0,-1.7,-0.2,1.09,GOOD
1790983975052,6668,2008.0,-126.06775771987549,32000.0,93.1,98.0,-1.7,-0.2,1.09,GOOD
1790983975052,6669,1959.0,-119.62794676444052,32000.0,93.1,98.0,-1.7,-0.2,1.09,GOOD
1790983975052,6670,1925.0,-93.02558844503248,32000.0,93.1,98.0,-1.7,-0.2,1.09,GOOD
1790983975052,6671,1919.0,-77.63969423241255,32000.0,93.1,98.0,-1.7,-0.2,1.09,GOOD
1790983975052,6672,2285.0,-66.5313077867275,32000.0,93.1,98.0,-1.7,-0.2,1.09,GOOD
1790983975052,6673,2281.0,-14.438991318258198,32000.0,93.1,98.0,-1.7,-0.2,1.09,GOOD
1790983975052,6674,2276.0,87.36202535223202,32000.0,93.1,98.0,-1.7,-0.2,1.09,GOOD
1790983975052,6675,2289.0,190.71992715911344,32000.0,93.1,98.0,-1.7,-0.2,1.09,GOOD
1790983975145,6676,2074.0,247.7545552582983,32000.0,93.1,98.0,-1.7,-0.3,1.09,GOOD
1790983975145,6677,2082.0,237.31463927228165,32000.0,93.1,98.0,-1.7,-0.3,1.09,GOOD
1790983975145,6678,2089.0,170.6021542633482,32000.0,93.1,98.0,-1.7,-0.3,1.09,GOOD
1790983975145,6679,2099.0,88.05054788590695,32000.0,93.1,98.0,-1.7,-0.3,1.09,GOOD
1790983975145,6680,1930.0,22.18751180205214,32000.0,93.1,98.0,-1.7,-0.3,1.09,GOOD
1790983975145,6681,1981.0,-21.894295974107003,32000.0,93.1,98.0,-1.7,-0.3,1.09,GOOD
1790983975145,6682,1987.0,-46.09502186972278,32000.0,93.1,98.0,-1.7,-0.3,1.09,GOOD
1790983975145,6683,1975.0,-53.78943305330907,32000.0,93.1,98.0,-1.7,-0.3,1.09,GOOD
1790983975145,6684,1862.0,-63.44657088691584,32000.0,93.1,98.0,-1.7,-0.3,1.09,GOOD
1790983975145,6685,1905.0,-90.77008635391283,32000.0,93.1,98.0,-1.7,-0.3,1.09,GOOD
1790983975145,6686,1941.0,-120.40585759912051,32000.0,93.1,98.0,-1.7,-0.3,1.09,GOOD
1790983975145,6687,1936.0,-126.53237082577093,32000.0,93.1,98.0,-1.7,-0.3,1.09,GOOD
1790983975145,6688,1929.0,-112.42250940831843,32000.0,93.1,98.0,-1.7,-0.3,1.09,GOOD
1790983975145,6689,1897.0,-102.39140232685195,32000.0,93.1,98.0,-1.7,-0.3,1.09,GOOD
1790983975145,6690,1908.0,-106.55907718786466,32000.0,93.1,98.0,-1.7,-0.3,1.09,GOOD
1790983975145,6691,1914.0,-112.92166784633224,32000.0,93.1,98.0,-1.7,-0.3,1.09,GOOD
1790983975145,6692,2255.0,-96.68665644342562,32000.0,93.1,98.0,-1.7,-0.3,1.09,GOOD
1790983975145,6693,2224.0,-34.946966456509756,32000.0,93.1,98.0,-1.7,-0.3,1.09,GOOD
1790983975145,6694,2228.0,60.76502263941877,32000.0,93.1,98.0,-1.7,-0.3,1.09,GOOD
1790983975145,6695,2250.0,151.3475788514171,32000.0,93.1,98.0,-1.7,-0.3,1.09,GOOD
1790983975145,6696,2755.0,235.2337774266496,32000.0,93.1,98.0,-1.7,-0.3,1.09,GOOD
1790983975145,6697,2725.0,351.7975617441554,32000.0,93.1,98.0,-1.7,-0.3,1.09,GOOD
1790983975145,6698,2706.0,495.9752981877363,32000.0,93.1,98.0,-1.7,-0.3,1.09,GOOD
1790983975145,6699,2714.0,610.1544314445548,32000.0,93.1,98.0,-1.7,-0.3,1.09,GOOD
1790983975145,6700,1698.0,627.5525298899295,32000.0,93.1,98.0,-1.7,-0.3,1.09,GOOD
1790983975250,6701,1701.0,474.8858664306344,32000.0,93.1,98.0,-1.7,-0.2,1.08,GOOD
1790983975250,6702,1672.0,159.92344478977844,32000.0,93.1,98.0,-1.7,-0.2,1.08,GOOD
1790983975250,6703,1664.0,-187.49320620017258,32000.0,93.1,98.0,-1.7,-0.2,1.08,GOOD
1790983975250,6704,1694.0,-436.07632857258693,32000.0,93.1,98.0,-1.7,-0.2,1.08,GOOD
1790983975250,6705,1788.0,-524.1060752654387,32000.0,93.1,98.0,-1.7,-0.2,1.08,GOOD
1790983975250,6706,1819.0,-458.8110722471751,32000.0,93.1,98.0,-1.7,-0.2,1.08,GOOD
1790983975250,6707,1792.0,-319.69858463884236,32000.0,93.1,98.0,-1.7,-0.2,1.08,GOOD
1790983975250,6708,1934.0,-209.30971121492928,32000.0,93.1,98.0,-1.7,-0.2,1.08,GOOD
1790983975250,6709,1943.0,-165.7830765045235,32000.0,93.1,98.0,-1.7,-0.2,1.08,GOOD
1790983975250,6710,1983.0,-150.1272611006122,32000.0,93.1,98.0,-1.7,-0.2,1.08,GOOD
1790983975250,6711,1983.0,-114.99600417560531,32000.0,93.1,98.0,-1.7,-0.2,1.08,GOOD
1790983975250,6712,2014.0,-59.04168885412772,32000.0,93.1,98.0,-1.7,-0.2,1.08,GOOD
1790983975250,6713,1940.0,-20.62799241604594,32000.0,93.1,98.0,-1.7,-0.2,1.08,GOOD
1790983975250,6714,1944.0,-28.585982827210668,32000.0,93.1,98.0,-1.7,-0.2,1.08,GOOD
1790983975250,6715,1969.0,-63.3147392706713,32000.0,93.1,98.0,-1.7,-0.2,1.08,GOOD
1790983975250,6716,2274.0,-67.96876128744157,32000.0,93.1,98.0,-1.7,-0.2,1.08,GOOD
1790983975250,6717,2224.0,-5.129587809624899,32000.0,93.1,98.0,-1.7,-0.2,1.08,GOOD
1790983975250,6718,2204.0,93.46150391900403,32000.0,93.1,98.0,-1.7,-0.2,1.08,GOOD
1790983975250,6719,2236.0,166.20998183033754,32000.0,93.1,98.0,-1.7,-0.2,1.08,GOOD
1790983975250,6720,2194.0,197.0531591460702,32000.0,93.1,98.0,-1.7,-0.2,1.08,GOOD
1790983975250,6721,2205.0,205.60003657492894,32000.0,93.1,98.0,-1.7,-0.2,1.08,GOOD
1790983975250,6722,2161.0,199.28879957728614,32000.0,93.1,98.0,-1.7,-0.2,1.08,GOOD
1790983975250,6723,2152.0,171.50428731832068,32000.0,93.1,98.0,-1.7,-0.2,1.08,GOOD
1790983975250,6724,1972.0,121.61136348578846,32000.0,93.1,98.0,-1.7,-0.2,1.08,GOOD
1790983975250,6725,2048.0,62.693762953623676,32000.0,93.1,98.0,-1.7,-0.2,1.08,GOOD
1790983975329,6726,2042.0,17.513585601111558,32000.0,93.1,98.0,-1.7,-0.3,1.08,LEAD_OFF
1790983975329,6727,2002.0,-5.084125699300995,32000.0,93.1,98.0,-1.7,-0.3,1.08,LEAD_OFF
1790983975329,6728,1927.0,-24.53634270066283,32000.0,93.1,98.0,-1.7,-0.3,1.08,LEAD_OFF
1790983975329,6729,1983.0,-54.65513340840267,32000.0,93.1,98.0,-1.7,-0.3,1.08,LEAD_OFF
1790983975329,6730,2034.0,-75.79538510645187,32000.0,93.1,98.0,-1.7,-0.3,1.08,LEAD_OFF
1790983975329,6731,2037.0,-65.64710494535005,32000.0,93.1,98.0,-1.7,-0.3,1.08,LEAD_OFF
1790983975329,6732,2074.0,-34.18577660724529,32000.0,93.1,98.0,-1.7,-0.3,1.08,LEAD_OFF
1790983975329,6733,2025.0,-7.570748043126024,32000.0,93.1,98.0,-1.7,-0.3,1.08,LEAD_OFF
1790983975329,6734,2045.0,3.182719862252479,32000.0,93.1,98.0,-1.7,-0.3,1.08,LEAD_OFF
1790983975329,6735,2064.0,7.280060127453175,32000.0,93.1,98.0,-1.7,-0.3,1.08,LEAD_OFF
1790983975329,6736,2356.0,26.578922528519755,32000.0,93.1,98.0,-1.7,-0.3,1.08,LEAD_OFF
1790983975329,6737,2297.0,79.81789081475493,32000.0,93.1,98.0,-1.7,-0.3,1.08,LEAD_OFF
1790983975329,6738,2276.0,154.2548694459,32000.0,93.1,98.0,-1.7,-0.3,1.08,LEAD_OFF
1790983975329,6739,2317.0,217.79820559903993,32000.0,93.1,98.0,-1.7,-0.3,1.08,LEAD_OFF
1790983975329,6740,2420.0,263.27818216131266,32000.0,93.1,98.0,-1.7,-0.3,1.08,LEAD_OFF
1790983975329,6741,2405.0,300.6125702683074,32000.0,93.1,98.0,-1.7,-0.3,1.08,LEAD_OFF
1790983975329,6742,2365.0,323.2885781087461,32000.0,93.1,98.0,-1.7,-0.3,1.08,LEAD_OFF
1790983975329,6743,2372.0,320.7089223919503,32000.0,93.1,98.0,-1.7,-0.3,1.08,LEAD_OFF
1790983975329,6744,2216.0,299.2319741748896,32000.0,93.1,98.0,-1.7,-0.3,1.08,LEAD_OFF
1790983975329,6745,2271.0,267.53232463292,32000.0,93.1,98.0,-1.7,-0.3,1.08,LEAD_OFF
1790983975329,6746,2255.0,228.32556383434948,32000.0,93.1,98.0,-1.7,-0.3,1.08,LEAD_OFF
1790983975329,6747,2222.0,184.8595325334063,32000.0,93.1,98.0,-1.7,-0.3,1.08,LEAD_OFF
1790983975329,6748,2172.0,141.8277630043525,32000.0,93.1,98.0,-1.7,-0.3,1.08,LEAD_OFF
1790983975329,6749,2240.0,111.60723908302133,32000.0,93.1,98.0,-1.7,-0.3,1.08,LEAD_OFF
1790983975329,6750,2287.0,109.9612579628168,32000.0,93.1,98.0,-1.7,-0.3,1.08,LEAD_OFF
1790983975552,6751,2270.0,132.80657885040904,32000.0,93.1,98.0,-1.7,-0.2,1.08,GOOD
1790983975552,6752,2060.0,146.22092999827146,32000.0,93.1,98.0,-1.7,-0.2,1.08,GOOD
1790983975552,6753,2059.0,117.05769079902971,32000.0,93.1,98.0,-1.7,-0.2,1.08,GOOD
1790983975552,6754,2098.0,56.243424609845576,32000.0,93.1,98.0,-1.7,-0.2,1.08,GOOD
1790983975552,6755,2102.0,4.193734191076263,32000.0,93.1,98.0,-1.7,-0.2,1.08,GOOD
1790983975552,6756,2229.0,-17.10424739737936,32000.0,93.1,98.0,-1.7,-0.2,1.08,GOOD
1790983975552,6757,2168.0,-8.631543185417806,32000.0,93.1,98.0,-1.7,-0.2,1.08,GOOD
1790983975552,6758,2166.0,19.893726982710994,32000.0,93.1,98.0,-1.7,-0.2,1.08,GOOD
1790983975552,6759,2181.0,55.306016855362664,32000.0,93.1,98.0,-1.7,-0.2,1.08,GOOD
1790983975552,6760,2086.0,80.207327748317,32000.0,93.1,98.0,-1.7,-0.2,1.08,GOOD
1790983975552,6761,2044.0,70.03486011031015,32000.0,93.1,98.0,-1.7,-0.2,1.08,GOOD
1790983975552,6762,1980.0,15.409835471844797,32000.0,93.1,98.0,-1.7,-0.2,1.08,GOOD
1790983975552,6763,1973.0,-58.17584499081194,32000.0,93.1,98.0,-1.7,-0.2,1.08,GOOD
1790983975552,6764,1986.0,-112.67947333593484,32000.0,93.1,98.0,-1.7,-0.2,1.08,GOOD
1790983975552,6765,2027.0,-131.47849930780035,32000.0,93.1,98.0,-1.7,-0.2,1.08,GOOD
1790983975552,6766,2029.0,-125.61997374680506,32000.0,93.1,98.0,-1.7,-0.2,1.08,GOOD
1790983975552,6767,2019.0,-113.13752536461395,32000.0,93.1,98.0,-1.7,-0.2,1.08,GOOD
1790983975552,6768,1768.0,-109.90222641676654,32000.0,93.1,98.0,-1.7,-0.2,1.08,GOOD
1790983975552,6769,1808.0,-134.04489354930797,32000.0,93.1,98.0,-1.7,-0.2,1.08,GOOD
1790983975552,6770,1822.0,-187.40192878321204,32000.0,93.1,98.0,-1.7,-0.2,1.08,GOOD
1790983975552,6771,1824.0,-248.21773524193608,32000.0,93.1,98.0,-1.7,-0.2,1.08,GOOD
1790983975552,6772,1800.0,-294.3508671501737,32000.0,93.1,98.0,-1.7,-0.2,1.08,GOOD
1790983975552,6773,1824.0,-311.36326897715935,32000.0,93.1,98.0,-1.7,-0.2,1.08,GOOD
1790983975552,6774,1865.0,-292.60844669256437,32000.0,93.1,98.0,-1.7,-0.2,1.08,GOOD
1790983975552,6775,1879.0,-250.44629414764358,32000.0,93.1,98.0,-1.7,-0.2,1.08,GOOD
1790983975553,6776,1994.0,-208.8822372148513,32000.0,93.1,98.0,-1.7,-0.2,1.08,GOOD
1790983975553,6777,1941.0,-177.29930949965032,32000.0,93.1,98.0,-1.7,-0.2,1.08,GOOD
1790983975553,6778,1948.0,-149.21459949500303,32000.0,93.1,98.0,-1.7,-0.2,1.08,GOOD
1790983975553,6779,2139.0,-112.83981544966129,32000.0,93.1,98.0,-1.7,-0.2,1.08,GOOD
1790983975553,6780,2132.0,-58.27963197583082,32000.0,93.1,98.0,-1.7,-0.2,1.08,GOOD
1790983975553,6781,2086.0,-0.11289973285814181,32000.0,93.1,98.0,-1.7,-0.2,1.08,GOOD
1790983975553,6782,2051.0,31.395413883672504,32000.0,93.1,98.0,-1.7,-0.2,1.08,GOOD
1790983975553,6783,1993.0,29.340646054479095,32000.0,93.1,98.0,-1.7,-0.2,1.08,GOOD
1790983975553,6784,2031.0,9.984412255839178,32000.0,93.1,98.0,-1.7,-0.2,1.08,GOOD
1790983975553,6785,2041.0,-12.54981613197576,32000.0,93.1,98.0,-1.7,-0.2,1.08,GOOD
1790983975553,6786,2025.0,-34.55555997490502,32000.0,93.1,98.0,-1.7,-0.2,1.08,GOOD
1790983975553,6787,1854.0,-59.653638959374746,32000.0,93.1,98.0,-1.7,-0.2,1.08,GOOD
1790983975553,6788,1909.0,-90.19596809395449,32000.0,93.1,98.0,-1.7,-0.2,1.08,GOOD
1790983975553,6789,1941.0,-116.37023041176903,32000.0,93.1,98.0,-1.7,-0.2,1.08,GOOD
1790983975553,6790,1949.0,-128.51939596182132,32000.0,93.1,98.0,-1.7,-0.2,1.08,GOOD
1790983975553,6791,1838.0,-137.32610637537425,32000.0,93.1,98.0,-1.7,-0.2,1.08,GOOD
1790983975553,6792,1834.0,-157.4025639818206,32000.0,93.1,98.0,-1.7,-0.2,1.08,GOOD
1790983975553,6793,1852.0,-180.17991420058217,32000.0,93.1,98.0,-1.7,-0.2,1.08,GOOD
1790983975553,6794,1863.0,-188.00164678255805,32000.0,93.1,98.0,-1.7,-0.2,1.08,GOOD
1790983975553,6795,1905.0,-182.853583442866,32000.0,93.1,98.0,-1.7,-0.2,1.08,GOOD
1790983975553,6796,1862.0,-178.6478413744598,32000.0,93.1,98.0,-1.7,-0.2,1.08,GOOD
1790983975553,6797,1849.0,-178.71894764006987,32000.0,93.1,98.0,-1.7,-0.2,1.08,GOOD
1790983975553,6798,1850.0,-174.7595376694727,32000.0,93.1,98.0,-1.7,-0.2,1.08,GOOD
1790983975553,6799,2169.0,-151.33047347478794,32000.0,93.1,98.0,-1.7,-0.2,1.08,GOOD
1790983975553,6800,2142.0,-93.67537820950199,32000.0,93.1,98.0,-1.7,-0.2,1.08,GOOD
1790983975648,6801,2127.0,-13.620475814266007,32000.0,93.1,98.0,-1.7,-0.2,1.08,GOOD
1790983975648,6802,2127.0,57.86257276958466,32000.0,93.1,98.0,-1.7,-0.2,1.08,GOOD
1790983975648,6803,2038.0,104.31879063871646,32000.0,93.1,98.0,-1.7,-0.2,1.08,GOOD
1790983975648,6804,2047.0,116.97457980721873,32000.0,93.1,98.0,-1.7,-0.2,1.08,GOOD
1790983975648,6805,2049.0,89.05966120921605,32000.0,93.1,98.0,-1.7,-0.2,1.08,GOOD
1790983975648,6806,2057.0,35.8928770468532,32000.0,93.1,98.0,-1.7,-0.2,1.08,GOOD
1790983975648,6807,1994.0,-8.803082089229935,32000.0,93.1,98.0,-1.7,-0.2,1.08,GOOD
1790983975648,6808,2035.0,-21.72421930648021,32000.0,93.1,98.0,-1.7,-0.2,1.08,GOOD
1790983975648,6809,2047.0,-7.24389686060728,32000.0,93.1,98.0,-1.7,-0.2,1.08,GOOD
1790983975648,6810,2050.0,10.155268355598409,32000.0,93.1,98.0,-1.7,-0.2,1.08,GOOD
1790983975648,6811,1826.0,2.7207075361317132,32000.0,93.1,98.0,-1.7,-0.2,1.08,GOOD
1790983975648,6812,1835.0,-41.47558011571216,32000.0,93.1,98.0,-1.7,-0.2,1.08,GOOD
1790983975648,6813,1842.0,-102.56481325614392,32000.0,93.1,98.0,-1.7,-0.2,1.08,GOOD
1790983975648,6814,1831.0,-150.85053175935553,32000.0,93.1,98.0,-1.7,-0.2,1.08,GOOD
1790983975648,6815,2074.0,-172.80992955983072,32000.0,93.1,98.0,-1.7,-0.2,1.08,GOOD
1790983975648,6816,2045.0,-156.0828185279045,32000.0,93.1,98.0,-1.7,-0.2,1.08,GOOD
1790983975648,6817,2060.0,-94.9975505559208,32000.0,93.1,98.0,-1.7,-0.2,1.08,GOOD
1790983975648,6818,2110.0,-9.190212046324833,32000.0,93.1,98.0,-1.7,-0.2,1.08,GOOD
1790983975648,6819,2071.0,67.38200384602128,32000.0,93.1,98.0,-1.7,-0.2,1.08,GOOD
1790983975648,6820,2036.0,100.61797120507066,32000.0,93.1,98.0,-1.7,-0.2,1.08,GOOD
1790983975648,6821,2020.0,79.56610997719861,32000.0,93.1,98.0,-1.7,-0.2,1.08,GOOD
1790983975648,6822,2108.0,36.80259585364612,32000.0,93.1,98.0,-1.7,-0.2,1.08,GOOD
1790983975648,6823,2137.0,21.766900648624024,32000.0,93.1,98.0,-1.7,-0.2,1.08,GOOD
1790983975648,6824,2152.0,49.09463856140654,32000.0,93.1,98.0,-1.7,-0.2,1.08,GOOD
1790983975648,6825,2113.0,88.90752658645853,32000.0,93.1,98.0,-1.7,-0.2,1.08,GOOD
1790983975772,6826,1986.0,103.5854744800616,32000.0,88.7,98.0,-1.7,-0.2,1.08,GOOD
1790983975772,6827,2028.0,82.03485990735612,32000.0,88.7,98.0,-1.7,-0.2,1.08,GOOD
1790983975772,6828,2044.0,45.33525256675233,32000.0,88.7,98.0,-1.7,-0.2,1.08,GOOD
1790983975772,6829,2042.0,18.020560284848106,32000.0,88.7,98.0,-1.7,-0.2,1.08,GOOD
1790983975772,6830,1590.0,-14.655867060905916,32000.0,88.7,98.0,-1.7,-0.2,1.08,GOOD
1790983975772,6831,1605.0,-96.06798356233733,32000.0,88.7,98.0,-1.7,-0.2,1.08,GOOD
1790983975772,6832,1603.0,-223.63523013956626,32000.0,88.7,98.0,-1.7,-0.2,1.08,GOOD
1790983975772,6833,1593.0,-341.450481750276,32000.0,88.7,98.0,-1.7,-0.2,1.08,GOOD
1790983975772,6834,2083.0,-395.1749382975038,32000.0,88.7,98.0,-1.7,-0.2,1.08,GOOD
1790983975772,6835,2068.0,-344.70711945266373,32000.0,88.7,98.0,-1.7,-0.2,1.08,GOOD
1790983975772,6836,2091.0,-195.80844080523178,32000.0,88.7,98.0,-1.7,-0.2,1.08,GOOD
1790983975772,6837,2093.0,-16.861830497036365,32000.0,88.7,98.0,-1.7,-0.2,1.08,GOOD
1790983975772,6838,2122.0,119.00917697374706,32000.0,88.7,98.0,-1.7,-0.2,1.08,GOOD
1790983975772,6839,2070.0,173.9600018149008,32000.0,88.7,98.0,-1.7,-0.2,1.08,GOOD
1790983975772,6840,2056.0,150.46529482114377,32000.0,88.7,98.0,-1.7,-0.2,1.08,GOOD
1790983975772,6841,2059.0,90.9145066818797,32000.0,88.7,98.0,-1.7,-0.2,1.08,GOOD
1790983975772,6842,2162.0,53.512826019582434,32000.0,88.7,98.0,-1.7,-0.2,1.08,GOOD
1790983975772,6843,2137.0,66.10833214753816,32000.0,88.7,98.0,-1.7,-0.2,1.08,GOOD
1790983975772,6844,2107.0,102.76488133132398,32000.0,88.7,98.0,-1.7,-0.2,1.08,GOOD
1790983975772,6845,2101.0,120.96053350157659,32000.0,88.7,98.0,-1.7,-0.2,1.08,GOOD
1790983975772,6846,2035.0,110.99454398506944,32000.0,88.7,98.0,-1.7,-0.2,1.08,GOOD
1790983975772,6847,2064.0,90.82179836637252,32000.0,88.7,98.0,-1.7,-0.2,1.08,GOOD
1790983975772,6848,2059.0,74.11071533036858,32000.0,88.7,98.0,-1.7,-0.2,1.08,GOOD
1790983975772,6849,2051.0,58.683548844915194,32000.0,88.7,98.0,-1.7,-0.2,1.08,GOOD
1790983975772,6850,1903.0,34.042543287994675,32000.0,88.7,98.0,-1.7,-0.2,1.08,GOOD
1790983975877,6851,1948.0,-2.3608724246390436,32000.0,88.7,98.0,-1.7,-0.2,1.07,GOOD
1790983975877,6852,1968.0,-34.73401772073217,32000.0,88.7,98.0,-1.7,-0.2,1.07,GOOD
1790983975877,6853,1966.0,-48.54383853175284,32000.0,88.7,98.0,-1.7,-0.2,1.07,GOOD
1790983975877,6854,2083.0,-47.070117484385676,32000.0,88.7,98.0,-1.7,-0.2,1.07,GOOD
1790983975877,6855,2101.0,-30.54958185280212,32000.0,88.7,98.0,-1.7,-0.2,1.07,GOOD
1790983975877,6856,2140.0,9.943391666994744,32000.0,88.7,98.0,-1.7,-0.2,1.07,GOOD
1790983975877,6857,2160.0,70.861007107176,32000.0,88.7,98.0,-1.7,-0.2,1.07,GOOD
1790983975877,6858,2357.0,137.13150085934447,32000.0,88.7,98.0,-1.7,-0.2,1.07,GOOD
1790983975877,6859,2259.0,196.62596385871694,32000.0,88.7,98.0,-1.7,-0.2,1.07,GOOD
1790983975877,6860,2220.0,235.77216384856354,32000.0,88.7,98.0,-1.7,-0.2,1.07,GOOD
1790983975877,6861,2196.0,245.32492278207928,32000.0,88.7,98.0,-1.7,-0.2,1.07,GOOD
1790983975877,6862,1842.0,219.63733669955144,32000.0,88.7,98.0,-1.7,-0.2,1.07,GOOD
1790983975877,6863,1803.0,136.8961359959754,32000.0,88.7,98.0,-1.7,-0.2,1.07,GOOD
1790983975877,6864,1763.0,-6.447185736586672,32000.0,88.7,98.0,-1.7,-0.2,1.07,GOOD
1790983975877,6865,1760.0,-161.40419167091866,32000.0,88.7,98.0,-1.7,-0.2,1.07,GOOD
1790983975877,6866,2115.0,-253.6422887830595,32000.0,88.7,98.0,-1.7,-0.2,1.07,GOOD
1790983975877,6867,2152.0,-226.58687127848597,32000.0,88.7,98.0,-1.7,-0.2,1.07,GOOD
1790983975877,6868,2149.0,-95.72078457507024,32000.0,88.7,98.0,-1.7,-0.2,1.07,GOOD
1790983975877,6869,2135.0,53.23781707498435,32000.0,88.7,98.0,-1.7,-0.2,1.07,GOOD
1790983975877,6870,1983.0,141.5477068048321,32000.0,88.7,98.0,-1.7,-0.2,1.07,GOOD
1790983975877,6871,2017.0,144.2774845125172,32000.0,88.7,98.0,-1.7,-0.2,1.07,GOOD
1790983975877,6872,2025.0,88.39179843970452,32000.0,88.7,98.0,-1.7,-0.2,1.07,GOOD
1790983975877,6873,2022.0,22.889011578068022,32000.0,88.7,98.0,-1.7,-0.2,1.07,GOOD
1790983975877,6874,1893.0,-24.16656010865522,32000.0,88.7,98.0,-1.7,-0.2,1.07,GOOD
1790983975877,6875,1931.0,-53.72132815977929,32000.0,88.7,98.0,-1.7,-0.2,1.07,GOOD
1790983975988,6876,2001.0,-68.0678258871129,32000.0,88.7,98.0,-1.6,-0.2,1.08,GOOD
1790983975988,6877,2043.0,-61.89278128509504,32000.0,88.7,98.0,-1.6,-0.2,1.08,GOOD
1790983975988,6878,1938.0,-43.25739265804774,32000.0,88.7,98.0,-1.6,-0.2,1.08,GOOD
1790983975988,6879,1936.0,-33.5324812836833,32000.0,88.7,98.0,-1.6,-0.2,1.08,GOOD
1790983975988,6880,1946.0,-38.62622475230866,32000.0,88.7,98.0,-1.6,-0.2,1.08,GOOD
1790983975988,6881,1967.0,-45.804495791098056,32000.0,88.7,98.0,-1.6,-0.2,1.08,GOOD
1790983975988,6882,2100.0,-43.8891903812512,32000.0,88.7,98.0,-1.6,-0.2,1.08,GOOD
1790983975988,6883,2046.0,-28.237851675722037,32000.0,88.7,98.0,-1.6,-0.2,1.08,GOOD
1790983975988,6884,2038.0,-1.9169864140409647,32000.0,88.7,98.0,-1.6,-0.2,1.08,GOOD
1790983975988,6885,2019.0,25.80856924502612,32000.0,88.7,98.0,-1.6,-0.2,1.08,GOOD
1790983975988,6886,2189.0,51.90965203926369,32000.0,88.7,98.0,-1.6,-0.2,1.08,GOOD
1790983975988,6887,2147.0,79.21514604704589,32000.0,88.7,98.0,-1.6,-0.2,1.08,GOOD
1790983975988,6888,2124.0,101.43579261721888,32000.0,88.7,98.0,-1.6,-0.2,1.08,GOOD
1790983975988,6889,2114.0,110.51962531203833,32000.0,88.7,98.0,-1.6,-0.2,1.08,GOOD
1790983975988,6890,2262.0,119.65089515643477,32000.0,88.7,98.0,-1.6,-0.2,1.08,GOOD
1790983975988,6891,2284.0,149.90812105813822,32000.0,88.7,98.0,-1.6,-0.2,1.08,GOOD
1790983975988,6892,2293.0,195.22104888325856,32000.0,88.7,98.0,-1.6,-0.2,1.08,GOOD
1790983975988,6893,2343.0,232.2714913805097,32000.0,88.7,98.0,-1.6,-0.2,1.08,GOOD
1790983975988,6894,2035.0,246.49425163572843,32000.0,88.7,98.0,-1.6,-0.2,1.08,GOOD
1790983975988,6895,2058.0,224.25418035195798,32000.0,88.7,98.0,-1.6,-0.2,1.08,GOOD
1790983975988,6896,2054.0,162.5862478324456,32000.0,88.7,98.0,-1.6,-0.2,1.08,GOOD
1790983975988,6897,2099.0,84.35798932065615,32000.0,88.7,98.0,-1.6,-0.2,1.08,GOOD
1790983975988,6898,2109.0,20.75771480122977,32000.0,88.7,98.0,-1.6,-0.2,1.08,GOOD
1790983975988,6899,2137.0,-2.1220072502786884,32000.0,88.7,98.0,-1.6,-0.2,1.08,GOOD
1790983975988,6900,2148.0,25.313418381940835,32000.0,88.7,98.0,-1.6,-0.2,1.08,GOOD
1790983976094,6901,2248.0,84.57049140404374,32000.0,88.7,98.0,-1.7,-0.3,1.08,GOOD
1790983976094,6902,2200.0,139.66705978355338,32000.0,88.7,98.0,-1.7,-0.3,1.08,GOOD
1790983976094,6903,2178.0,161.9965457181354,32000.0,88.7,98.0,-1.7,-0.3,1.08,GOOD
1790983976094,6904,2177.0,153.33474646380913,32000.0,88.7,98.0,-1.7,-0.3,1.08,GOOD
1790983976094,6905,2401.0,149.30086778553576,32000.0,88.7,98.0,-1.7,-0.3,1.08,GOOD
1790983976094,6906,2353.0,182.39424146058013,32000.0,88.7,98.0,-1.7,-0.3,1.08,GOOD
1790983976094,6907,2326.0,236.24500973399606,32000.0,88.7,98.0,-1.7,-0.3,1.08,GOOD
1790983976094,6908,2315.0,268.54497827855914,32000.0,88.7,98.0,-1.7,-0.3,1.08,GOOD
1790983976094,6909,2391.0,273.6266065494088,32000.0,88.7,98.0,-1.7,-0.3,1.08,GOOD
1790983976094,6910,2398.0,279.6367651080527,32000.0,88.7,98.0,-1.7,-0.3,1.08,GOOD
1790983976094,6911,2383.0,296.30058229804166,32000.0,88.7,98.0,-1.7,-0.3,1.08,GOOD
1790983976094,6912,2395.0,305.343248609546,32000.0,88.7,98.0,-1.7,-0.3,1.08,GOOD
1790983976094,6913,2110.0,286.6483155730768,32000.0,88.7,98.0,-1.7,-0.3,1.08,GOOD
1790983976094,6914,2143.0,231.20135937985262,32000.0,88.7,98.0,-1.7,-0.3,1.08,GOOD
1790983976094,6915,2155.0,154.23642952074155,32000.0,88.7,98.0,-1.7,-0.3,1.08,GOOD
1790983976094,6916,1973.0,78.59861026736037,32000.0,88.7,98.0,-1.7,-0.3,1.08,GOOD
1790983976094,6917,1978.0,1.5533731538265574,32000.0,88.7,98.0,-1.7,-0.3,1.08,GOOD
1790983976094,6918,2006.0,-74.66562296214883,32000.0,88.7,98.0,-1.7,-0.3,1.08,GOOD
1790983976094,6919,2019.0,-119.77104572200471,32000.0,88.7,98.0,-1.7,-0.3,1.08,GOOD
1790983976094,6920,1900.0,-123.47521412802402,32000.0,88.7,98.0,-1.7,-0.3,1.08,GOOD
1790983976094,6921,1848.0,-121.68702053979783,32000.0,88.7,98.0,-1.7,-0.3,1.08,GOOD
1790983976094,6922,1831.0,-150.72630866445053,32000.0,88.7,98.0,-1.7,-0.3,1.08,GOOD
1790983976094,6923,1820.0,-204.04635915409062,32000.0,88.7,98.0,-1.7,-0.3,1.08,GOOD
1790983976094,6924,2046.0,-240.8097809810983,32000.0,88.7,98.0,-1.7,-0.3,1.08,GOOD
1790983976094,6925,2034.0,-223.30935949143299,32000.0,88.7,98.0,-1.7,-0.3,1.08,GOOD
1790983976186,6926,2012.0,-158.77134492582033,32000.0,88.7,98.0,-1.7,-0.3,1.09,GOOD
1790983976186,6927,2002.0,-92.50643707764868,32000.0,88.7,98.0,-1.7,-0.3,1.09,GOOD
1790983976186,6928,2229.0,-45.997088799999446,32000.0,88.7,98.0,-1.7,-0.3,1.09,GOOD
1790983976186,6929,2225.0,1.4481607357649362,32000.0,88.7,98.0,-1.7,-0.3,1.09,GOOD
1790983976186,6930,2219.0,60.37822258454141,32000.0,88.7,98.0,-1.7,-0.3,1.09,GOOD
1790983976186,6931,2202.0,109.60199191625462,32000.0,88.7,98.0,-1.7,-0.3,1.09,GOOD
1790983976186,6932,1973.0,124.21761556788776,32000.0,88.7,98.0,-1.7,-0.3,1.09,GOOD
1790983976186,6933,2000.0,91.02975140231656,32000.0,88.7,98.0,-1.7,-0.3,1.09,GOOD
1790983976186,6934,2007.0,21.255450310894297,32000.0,88.7,98.0,-1.7,-0.3,1.09,GOOD
1790983976186,6935,2022.0,-51.62951788835739,32000.0,88.7,98.0,-1.7,-0.3,1.09,GOOD
1790983976186,6936,1874.0,-105.42111126331214,32000.0,88.7,98.0,-1.7,-0.3,1.09,GOOD
1790983976186,6937,1904.0,-140.3919249810512,32000.0,88.7,98.0,-1.7,-0.3,1.09,GOOD
1790983976186,6938,1912.0,-158.67762109372717,32000.0,88.7,98.0,-1.7,-0.3,1.09,GOOD
1790983976186,6939,1906.0,-162.429141314888,32000.0,88.7,98.0,-1.7,-0.3,1.09,GOOD
1790983976186,6940,1907.0,-164.90654897019547,32000.0,88.7,98.0,-1.7,-0.3,1.09,GOOD
1790983976186,6941,1894.0,-175.01938859178563,32000.0,88.7,98.0,-1.7,-0.3,1.09,GOOD
1790983976186,6942,1903.0,-182.7682780412303,32000.0,88.7,98.0,-1.7,-0.3,1.09,GOOD
1790983976186,6943,1902.0,-175.59681629496163,32000.0,88.7,98.0,-1.7,-0.3,1.09,GOOD
1790983976186,6944,1980.0,-156.3073609345745,32000.0,88.7,98.0,-1.7,-0.3,1.09,GOOD
1790983976186,6945,1944.0,-137.6211156020793,32000.0,88.7,98.0,-1.7,-0.3,1.09,GOOD
1790983976186,6946,1928.0,-128.3788942516111,32000.0,88.7,98.0,-1.7,-0.3,1.09,GOOD
1790983976186,6947,1929.0,-125.4301927053891,32000.0,88.7,98.0,-1.7,-0.3,1.09,GOOD
1790983976186,6948,2139.0,-111.05987652873515,32000.0,88.7,98.0,-1.7,-0.3,1.09,GOOD
1790983976186,6949,2132.0,-68.68869258301723,32000.0,88.7,98.0,-1.7,-0.3,1.09,GOOD
1790983976186,6950,2125.0,-9.861407487299912,32000.0,88.7,98.0,-1.7,-0.3,1.09,GOOD
1790983976186,6951,2143.0,38.45521619921058,32000.0,88.7,98.0,-1.7,-0.3,1.09,GOOD
1790983976186,6952,2115.0,69.33842788663198,32000.0,88.7,98.0,-1.7,-0.3,1.09,GOOD
1790983976186,6953,2118.0,88.03750098623068,32000.0,88.7,98.0,-1.7,-0.3,1.09,GOOD
1790983976186,6954,2087.0,89.34070256296016,32000.0,88.7,98.0,-1.7,-0.3,1.09,GOOD
1790983976186,6955,2108.0,67.52565031945997,32000.0,88.7,98.0,-1.7,-0.3,1.09,GOOD
1790983976186,6956,2032.0,33.452365724761826,32000.0,88.7,98.0,-1.7,-0.3,1.09,GOOD
1790983976186,6957,2069.0,7.347799983081831,32000.0,88.7,98.0,-1.7,-0.3,1.09,GOOD
1790983976186,6958,2061.0,0.02066506716865124,32000.0,88.7,98.0,-1.7,-0.3,1.09,GOOD
1790983976186,6959,2053.0,2.9149188476648717,32000.0,88.7,98.0,-1.7,-0.3,1.09,GOOD
1790983976186,6960,1815.0,-10.523619091387358,32000.0,88.7,98.0,-1.7,-0.3,1.09,GOOD
1790983976186,6961,1848.0,-61.45870094176625,32000.0,88.7,98.0,-1.7,-0.3,1.09,GOOD
1790983976186,6962,1865.0,-132.29187955383816,32000.0,88.7,98.0,-1.7,-0.3,1.09,GOOD
1790983976186,6963,1862.0,-184.18321083394608,32000.0,88.7,98.0,-1.7,-0.3,1.09,GOOD
1790983976186,6964,2046.0,-198.83098152207083,32000.0,88.7,98.0,-1.7,-0.3,1.09,GOOD
1790983976186,6965,2023.0,-174.62668123634893,32000.0,88.7,98.0,-1.7,-0.3,1.09,GOOD
1790983976186,6966,2036.0,-118.93952131831264,32000.0,88.7,98.0,-1.7,-0.3,1.09,GOOD
1790983976186,6967,2016.0,-53.10667811786547,32000.0,88.7,98.0,-1.7,-0.3,1.09,GOOD
1790983976186,6968,2084.0,-0.7233790617651001,32000.0,88.7,98.0,-1.7,-0.3,1.09,GOOD
1790983976186,6969,2048.0,23.896241641501348,32000.0,88.7,98.0,-1.7,-0.3,1.09,GOOD
1790983976186,6970,2042.0,19.129893596977066,32000.0,88.7,98.0,-1.7,-0.3,1.09,GOOD
1790983976186,6971,2051.0,0.3048316328922871,32000.0,88.7,98.0,-1.7,-0.3,1.09,GOOD
1790983976186,6972,2151.0,-4.661861846220253,32000.0,88.7,98.0,-1.7,-0.3,1.09,GOOD
1790983976186,6973,2142.0,19.82761952354958,32000.0,88.7,98.0,-1.7,-0.3,1.09,GOOD
1790983976186,6974,2140.0,57.49377020228896,32000.0,88.7,98.0,-1.7,-0.3,1.09,GOOD
1790983976186,6975,2156.0,82.18733062729453,32000.0,88.7,98.0,-1.7,-0.3,1.09,GOOD
1790983976331,6976,2012.0,85.74013925573328,32000.0,88.7,98.0,-1.7,-0.3,1.08,GOOD
1790983976331,6977,2038.0,70.28225245424406,32000.0,88.7,98.0,-1.7,-0.3,1.08,GOOD
1790983976331,6978,2018.0,39.89389052629679,32000.0,88.7,98.0,-1.7,-0.3,1.08,GOOD
1790983976331,6979,2013.0,1.693883905078101,32000.0,88.7,98.0,-1.7,-0.3,1.08,GOOD
1790983976331,6980,1905.0,-39.69926261614546,32000.0,88.7,98.0,-1.7,-0.3,1.08,GOOD
1790983976331,6981,1947.0,-78.66089921178678,32000.0,88.7,98.0,-1.7,-0.3,1.08,GOOD
1790983976331,6982,1951.0,-102.33751702598414,32000.0,88.7,98.0,-1.7,-0.3,1.08,GOOD
1790983976331,6983,1933.0,-105.9973295183326,32000.0,88.7,98.0,-1.7,-0.3,1.08,GOOD
1790983976331,6984,2045.0,-100.16228290807774,32000.0,88.7,98.0,-1.7,-0.3,1.08,GOOD
1790983976331,6985,2031.0,-88.08922673581239,32000.0,88.7,98.0,-1.7,-0.3,1.08,GOOD
1790983976331,6986,2044.0,-63.068446597415154,32000.0,88.7,98.0,-1.7,-0.3,1.08,GOOD
1790983976331,6987,2023.0,-28.1485951491579,32000.0,88.7,98.0,-1.7,-0.3,1.08,GOOD
1790983976331,6988,2129.0,4.700758631100362,32000.0,88.7,98.0,-1.7,-0.3,1.08,GOOD
1790983976331,6989,2078.0,27.14718499303485,32000.0,88.7,98.0,-1.7,-0.3,1.08,GOOD
1790983976331,6990,2077.0,35.94132507543491,32000.0,88.7,98.0,-1.7,-0.3,1.08,GOOD
1790983976331,6991,2086.0,35.346151098843634,32000.0,88.7,98.0,-1.7,-0.3,1.08,GOOD
1790983976331,6992,2150.0,39.53291664517252,32000.0,88.7,98.0,-1.7,-0.3,1.08,GOOD
1790983976331,6993,2139.0,56.48640448799459,32000.0,88.7,98.0,-1.7,-0.3,1.08,GOOD
1790983976331,6994,2120.0,74.95851338230534,32000.0,88.7,98.0,-1.7,-0.3,1.08,GOOD
1790983976331,6995,2142.0,81.43045360804538,32000.0,88.7,98.0,-1.7,-0.3,1.08,GOOD
1790983976331,6996,1989.0,74.70542099819144,32000.0,88.7,98.0,-1.7,-0.3,1.08,GOOD
1790983976331,6997,2004.0,53.69612872971021,32000.0,88.7,98.0,-1.7,-0.3,1.08,GOOD
1790983976331,6998,1983.0,16.87276420677149,32000.0,88.7,98.0,-1.7,-0.3,1.08,GOOD
1790983976331,6999,1933.0,-29.73278524297405,32000.0,88.7,98.0,-1.7,-0.3,1.08,GOOD
1790983976331,7000,1831.0,-80.78026274827286,32000.0,88.7,98.0,-1.7,-0.3,1.08,GOOD
1790983976413,7001,1885.0,-129.82384054975572,32000.0,90.9,98.0,-1.6,-0.3,1.08,GOOD
1790983976413,7002,1888.0,-161.96077707188914,32000.0,90.9,98.0,-1.6,-0.3,1.08,GOOD
1790983976413,7003,1864.0,-170.9457723666427,32000.0,90.9,98.0,-1.6,-0.3,1.08,GOOD
1790983976413,7004,1924.0,-168.16713196047317,32000.0,90.9,98.0,-1.6,-0.3,1.08,GOOD
1790983976413,7005,1927.0,-160.02034991112973,32000.0,90.9,98.0,-1.6,-0.3,1.08,GOOD
1790983976413,7006,1953.0,-140.96873205434306,32000.0,90.9,98.0,-1.6,-0.3,1.08,GOOD
1790983976413,7007,1937.0,-111.75350839867582,32000.0,90.9,98.0,-1.6,-0.3,1.08,GOOD
1790983976413,7008,2274.0,-72.75866334582754,32000.0,90.9,98.0,-1.6,-0.3,1.08,GOOD
1790983976413,7009,2249.0,-8.474721927560484,32000.0,90.9,98.0,-1.6,-0.3,1.08,GOOD
1790983976413,7010,2254.0,82.3368174439037,32000.0,90.9,98.0,-1.6,-0.3,1.08,GOOD
1790983976413,7011,2297.0,172.2242811672924,32000.0,90.9,98.0,-1.6,-0.3,1.08,GOOD
1790983976413,7012,2845.0,260.6750707599451,32000.0,90.9,98.0,-1.6,-0.3,1.08,GOOD
1790983976413,7013,2771.0,384.2865124285097,32000.0,90.9,98.0,-1.6,-0.3,1.08,GOOD
1790983976413,7014,2750.0,535.1674623333727,32000.0,90.9,98.0,-1.6,-0.3,1.08,GOOD
1790983976413,7015,2772.0,654.9442400160776,32000.0,90.9,98.0,-1.6,-0.3,1.08,GOOD
1790983976413,7016,1792.0,678.3986085312185,32000.0,90.9,98.0,-1.6,-0.3,1.08,GOOD
1790983976413,7017,1784.0,531.0127449914319,32000.0,90.9,98.0,-1.6,-0.3,1.08,GOOD
1790983976413,7018,1706.0,215.61802429760618,32000.0,90.9,98.0,-1.6,-0.3,1.08,GOOD
1790983976413,7019,1673.0,-140.46364870560126,32000.0,90.9,98.0,-1.6,-0.3,1.08,GOOD
1790983976413,7020,1800.0,-398.60228117527777,32000.0,90.9,98.0,-1.6,-0.3,1.08,GOOD
1790983976413,7021,1896.0,-484.8658258139014,32000.0,90.9,98.0,-1.6,-0.3,1.08,GOOD
1790983976413,7022,1905.0,-407.8456230319109,32000.0,90.9,98.0,-1.6,-0.3,1.08,GOOD
1790983976413,7023,1856.0,-260.52436221431685,32000.0,90.9,98.0,-1.6,-0.3,1.08,GOOD
1790983976413,7024,1925.0,-152.34817687207172,32000.0,90.9,98.0,-1.6,-0.3,1.08,GOOD
1790983976413,7025,1927.0,-121.98380663727758,32000.0,90.9,98.0,-1.6,-0.3,1.08,GOOD
1790983976573,7026,1968.0,-131.3619826694972,32000.0,90.9,98.0,-1.6,-0.3,1.08,GOOD
1790983976573,7027,1953.0,-130.60087459696214,32000.0,90.9,98.0,-1.6,-0.3,1.08,GOOD
1790983976573,7028,1838.0,-113.80993486237742,32000.0,90.9,98.0,-1.6,-0.3,1.08,GOOD
1790983976573,7029,1777.0,-116.45773956452905,32000.0,90.9,98.0,-1.6,-0.3,1.08,GOOD
1790983976573,7030,1801.0,-159.80309533344592,32000.0,90.9,98.0,-1.6,-0.3,1.08,GOOD
1790983976573,7031,1842.0,-216.19725208068053,32000.0,90.9,98.0,-1.6,-0.3,1.08,GOOD
1790983976573,7032,2167.0,-230.65764487575626,32000.0,90.9,98.0,-1.6,-0.3,1.08,GOOD
1790983976573,7033,2104.0,-168.2013156558105,32000.0,90.9,98.0,-1.6,-0.3,1.08,GOOD
1790983976573,7034,2087.0,-56.80253558855844,32000.0,90.9,98.0,-1.6,-0.3,1.08,GOOD
1790983976573,7035,2133.0,40.520539750213416,32000.0,90.9,98.0,-1.6,-0.3,1.08,GOOD
1790983976573,7036,2298.0,101.94848339340146,32000.0,90.9,98.0,-1.6,-0.3,1.08,GOOD
1790983976573,7037,2303.0,150.0186387295001,32000.0,90.9,98.0,-1.6,-0.3,1.08,GOOD
1790983976573,7038,2253.0,194.5781584813011,32000.0,90.9,98.0,-1.6,-0.3,1.08,GOOD
1790983976573,7039,2250.0,220.95297425748603,32000.0,90.9,98.0,-1.6,-0.3,1.08,GOOD
1790983976573,7040,2021.0,215.5863198268522,32000.0,90.9,98.0,-1.6,-0.3,1.08,GOOD
1790983976573,7041,2082.0,173.01487522766746,32000.0,90.9,98.0,-1.6,-0.3,1.08,GOOD
1790983976573,7042,2065.0,104.13590669086824,32000.0,90.9,98.0,-1.6,-0.3,1.08,GOOD
1790983976573,7043,2015.0,33.70030583420621,32000.0,90.9,98.0,-1.6,-0.3,1.08,GOOD
1790983976573,7044,1754.0,-31.00757615091829,32000.0,90.9,98.0,-1.6,-0.3,1.08,GOOD
1790983976573,7045,1808.0,-100.46045478101364,32000.0,90.9,98.0,-1.6,-0.3,1.08,GOOD
1790983976573,7046,1836.0,-167.78543827106543,32000.0,90.9,98.0,-1.6,-0.3,1.08,GOOD
1790983976573,7047,1802.0,-214.54279560290314,32000.0,90.9,98.0,-1.6,-0.3,1.08,GOOD
1790983976573,7048,1851.0,-239.92629995856151,32000.0,90.9,98.0,-1.6,-0.3,1.08,GOOD
1790983976573,7049,1838.0,-246.7827652406596,32000.0,90.9,98.0,-1.6,-0.3,1.08,GOOD
1790983976573,7050,1888.0,-228.25408391962813,32000.0,90.9,98.0,-1.6,-0.3,1.08,GOOD
1790983976678,7051,1923.0,-185.85895541363718,32000.0,90.9,98.0,-1.7,-0.4,1.08,GOOD
1790983976678,7052,2557.0,-114.7549416488661,32000.0,90.9,98.0,-1.7,-0.4,1.08,GOOD
1790983976678,7053,2499.0,15.25265580901248,32000.0,90.9,98.0,-1.7,-0.4,1.08,GOOD
1790983976678,7054,2521.0,200.86183336224647,32000.0,90.9,98.0,-1.7,-0.4,1.08,GOOD
1790983976678,7055,2583.0,384.61920404039637,32000.0,90.9,98.0,-1.7,-0.4,1.08,GOOD
1790983976678,7056,2480.0,514.5345209384132,32000.0,90.9,98.0,-1.7,-0.4,1.08,GOOD
1790983976678,7057,2436.0,557.9810472591417,32000.0,90.9,98.0,-1.7,-0.4,1.08,GOOD
1790983976678,7058,2387.0,506.4644592877364,32000.0,90.9,98.0,-1.7,-0.4,1.08,GOOD
1790983976678,7059,2403.0,402.61839394177395,32000.0,90.9,98.0,-1.7,-0.4,1.08,GOOD
1790983976678,7060,2259.0,312.09205077822855,32000.0,90.9,98.0,-1.7,-0.4,1.08,GOOD
1790983976678,7061,2299.0,262.7237681972001,32000.0,90.9,98.0,-1.7,-0.4,1.08,GOOD
1790983976678,7062,2259.0,236.03041925895354,32000.0,90.9,98.0,-1.7,-0.4,1.08,GOOD
1790983976678,7063,2202.0,203.12132907667512,32000.0,90.9,98.0,-1.7,-0.4,1.08,GOOD
1790983976678,7064,1854.0,142.2468020477063,32000.0,90.9,98.0,-1.7,-0.4,1.08,GOOD
1790983976678,7065,1906.0,45.73508124798744,32000.0,90.9,98.0,-1.7,-0.4,1.08,GOOD
1790983976678,7066,1913.0,-62.56806348825559,32000.0,90.9,98.0,-1.7,-0.4,1.08,GOOD
1790983976678,7067,1854.0,-149.9656812164411,32000.0,90.9,98.0,-1.7,-0.4,1.08,GOOD
1790983976678,7068,2388.0,-191.6244557623194,32000.0,90.9,98.0,-1.7,-0.4,1.08,GOOD
1790983976678,7069,2398.0,-142.8014079568751,32000.0,90.9,98.0,-1.7,-0.4,1.08,GOOD
1790983976678,7070,2477.0,14.39975389615963,32000.0,90.9,98.0,-1.7,-0.4,1.08,GOOD
1790983976678,7071,2491.0,217.84269243549755,32000.0,90.9,98.0,-1.7,-0.4,1.08,GOOD
1790983976678,7072,2185.0,366.10942574497346,32000.0,90.9,98.0,-1.7,-0.4,1.08,GOOD
1790983976678,7073,2094.0,377.6674889158818,32000.0,90.9,98.0,-1.7,-0.4,1.08,GOOD
1790983976678,7074,2077.0,253.2605127063034,32000.0,90.9,98.0,-1.7,-0.4,1.08,GOOD
1790983976678,7075,2093.0,84.62440079292814,32000.0,90.9,98.0,-1.7,-0.4,1.08,GOOD
1790983976788,7076,2218.0,-28.233615344853437,32000.0,90.9,98.0,-1.6,-0.3,1.08,GOOD
1790983976788,7077,2142.0,-50.006165258611546,32000.0,90.9,98.0,-1.6,-0.3,1.08,GOOD
1790983976788,7078,2070.0,-18.05085390159371,32000.0,90.9,98.0,-1.6,-0.3,1.08,GOOD
1790983976788,7079,2066.0,8.636619148723417,32000.0,90.9,98.0,-1.6,-0.3,1.08,GOOD
1790983976788,7080,1992.0,3.806338678241974,32000.0,90.9,98.0,-1.6,-0.3,1.08,GOOD
1790983976788,7081,2031.0,-27.04585644415842,32000.0,90.9,98.0,-1.6,-0.3,1.08,GOOD
1790983976788,7082,1992.0,-68.53352799538068,32000.0,90.9,98.0,-1.6,-0.3,1.08,GOOD
1790983976788,7083,1951.0,-107.12470409598902,32000.0,90.9,98.0,-1.6,-0.3,1.08,GOOD
1790983976788,7084,1826.0,-140.42172057541163,32000.0,90.9,98.0,-1.6,-0.3,1.08,GOOD
1790983976788,7085,1911.0,-172.1483098925017,32000.0,90.9,98.0,-1.6,-0.3,1.08,GOOD
1790983976788,7086,1961.0,-195.86969086805675,32000.0,90.9,98.0,-1.6,-0.3,1.08,GOOD
1790983976788,7087,1937.0,-201.52934768717543,32000.0,90.9,98.0,-1.6,-0.3,1.08,GOOD
1790983976788,7088,1798.0,-198.02375362088986,32000.0,90.9,98.0,-1.6,-0.3,1.08,GOOD
1790983976788,7089,1839.0,-203.7204629208026,32000.0,90.9,98.0,-1.6,-0.3,1.08,GOOD
1790983976788,7090,1909.0,-216.24112628719163,32000.0,90.9,98.0,-1.6,-0.3,1.08,GOOD
1790983976788,7091,1939.0,-218.29518650297783,32000.0,90.9,98.0,-1.6,-0.3,1.08,GOOD
1790983976788,7092,1840.0,-209.91817374207014,32000.0,90.9,98.0,-1.6,-0.3,1.08,GOOD
1790983976788,7093,1776.0,-209.53665695587887,32000.0,90.9,98.0,-1.6,-0.3,1.08,GOOD
1790983976788,7094,1788.0,-224.73524701565944,32000.0,90.9,98.0,-1.6,-0.3,1.08,GOOD
1790983976788,7095,1824.0,-243.41035062513978,32000.0,90.9,98.0,-1.6,-0.3,1.08,GOOD
1790983976788,7096,2113.0,-244.16829240128138,32000.0,90.9,98.0,-1.6,-0.3,1.08,GOOD
1790983976788,7097,2044.0,-206.29594020765393,32000.0,90.9,98.0,-1.6,-0.3,1.08,GOOD
1790983976788,7098,1970.0,-136.24755748800015,32000.0,90.9,98.0,-1.6,-0.3,1.08,GOOD
1790983976788,7099,2001.0,-67.65584251515466,32000.0,90.9,98.0,-1.6,-0.3,1.08,GOOD
1790983976788,7100,2138.0,-19.087439145344078,32000.0,90.9,98.0,-1.6,-0.3,1.08,GOOD
1790983976895,7101,2123.0,12.127728255059324,32000.0,90.9,98.0,-1.6,-0.2,1.08,GOOD
1790983976895,7102,2083.0,24.947861631488188,32000.0,90.9,98.0,-1.6,-0.2,1.08,GOOD
1790983976895,7103,2055.0,20.587711952361193,32000.0,90.9,98.0,-1.6,-0.2,1.08,GOOD
1790983976895,7104,2008.0,13.45891129814038,32000.0,90.9,98.0,-1.6,-0.2,1.08,GOOD
1790983976895,7105,2049.0,10.995278527703524,32000.0,90.9,98.0,-1.6,-0.2,1.08,GOOD
1790983976895,7106,2060.0,3.2691929412882565,32000.0,90.9,98.0,-1.6,-0.2,1.08,GOOD
1790983976895,7107,2033.0,-17.555920697295612,32000.0,90.9,98.0,-1.6,-0.2,1.08,GOOD
1790983976895,7108,1812.0,-48.9240296871015,32000.0,90.9,98.0,-1.6,-0.2,1.08,GOOD
1790983976895,7109,1846.0,-87.52691478547025,32000.0,90.9,98.0,-1.6,-0.2,1.08,GOOD
1790983976895,7110,1870.0,-128.02372476270602,32000.0,90.9,98.0,-1.6,-0.2,1.08,GOOD
1790983976895,7111,1867.0,-165.46866663881232,32000.0,90.9,98.0,-1.6,-0.2,1.08,GOOD
1790983976895,7112,1861.0,-200.1125026738913,32000.0,90.9,98.0,-1.6,-0.2,1.08,GOOD
1790983976895,7113,1855.0,-222.1762510740603,32000.0,90.9,98.0,-1.6,-0.2,1.08,GOOD
1790983976895,7114,1885.0,-213.42816429119378,32000.0,90.9,98.0,-1.6,-0.2,1.08,GOOD
1790983976895,7115,1915.0,-175.82708750257518,32000.0,90.9,98.0,-1.6,-0.2,1.08,GOOD
1790983976895,7116,2108.0,-131.09802416373267,32000.0,90.9,98.0,-1.6,-0.2,1.08,GOOD
1790983976895,7117,2049.0,-89.89170798777796,32000.0,90.9,98.0,-1.6,-0.2,1.08,GOOD
1790983976895,7118,2025.0,-49.06232187527171,32000.0,90.9,98.0,-1.6,-0.2,1.08,GOOD
1790983976895,7119,2035.0,-7.787081052867215,32000.0,90.9,98.0,-1.6,-0.2,1.08,GOOD
1790983976895,7120,2144.0,30.870827840797347,32000.0,90.9,98.0,-1.6,-0.2,1.08,GOOD
1790983976895,7121,2115.0,58.40300584802763,32000.0,90.9,98.0,-1.6,-0.2,1.08,GOOD
1790983976895,7122,2084.0,63.65712202398882,32000.0,90.9,98.0,-1.6,-0.2,1.08,GOOD
1790983976895,7123,2079.0,51.88652742514188,32000.0,90.9,98.0,-1.6,-0.2,1.08,GOOD
1790983976895,7124,2005.0,43.416948208453164,32000.0,90.9,98.0,-1.6,-0.2,1.08,GOOD
1790983976895,7125,2022.0,41.106647897155284,32000.0,90.9,98.0,-1.6,-0.2,1.08,GOOD
1790983976980,7126,2008.0,26.12274974299283,32000.0,90.2,98.0,-1.6,-0.2,1.08,GOOD
1790983976980,7127,2009.0,-9.093870350681259,32000.0,90.2,98.0,-1.6,-0.2,1.08,GOOD
1790983976980,7128,1989.0,-44.81612493422972,32000.0,90.2,98.0,-1.6,-0.2,1.08,GOOD
1790983976980,7129,2044.0,-53.577435788921385,32000.0,90.2,98.0,-1.6,-0.2,1.08,GOOD
1790983976980,7130,2069.0,-29.835239029855803,32000.0,90.2,98.0,-1.6,-0.2,1.08,GOOD
1790983976980,7131,2067.0,3.1342487149378115,32000.0,90.2,98.0,-1.6,-0.2,1.08,GOOD
1790983976980,7132,1894.0,12.873469097080863,32000.0,90.2,98.0,-1.6,-0.2,1.08,GOOD
1790983976980,7133,1884.0,-15.095444500865245,32000.0,90.2,98.0,-1.6,-0.2,1.08,GOOD
1790983976980,7134,1891.0,-63.2275413798865,32000.0,90.2,98.0,-1.6,-0.2,1.08,GOOD
1790983976980,7135,1887.0,-104.56014577024874,32000.0,90.2,98.0,-1.6,-0.2,1.08,GOOD
1790983976980,7136,1988.0,-129.76661925519983,32000.0,90.2,98.0,-1.6,-0.2,1.08,GOOD
1790983976980,7137,1941.0,-136.8468707331782,32000.0,90.2,98.0,-1.6,-0.2,1.08,GOOD
1790983976980,7138,1926.0,-123.13020326574815,32000.0,90.2,98.0,-1.6,-0.2,1.08,GOOD
1790983976980,7139,1933.0,-94.72361974600892,32000.0,90.2,98.0,-1.6,-0.2,1.08,GOOD
1790983976980,7140,2117.0,-60.80778338450449,32000.0,90.2,98.0,-1.6,-0.2,1.08,GOOD
1790983976980,7141,2085.0,-24.85376920811718,32000.0,90.2,98.0,-1.6,-0.2,1.08,GOOD
1790983976980,7142,2071.0,8.082599168590194,32000.0,90.2,98.0,-1.6,-0.2,1.08,GOOD
1790983976980,7143,2073.0,33.92223584021397,32000.0,90.2,98.0,-1.6,-0.2,1.08,GOOD
1790983976980,7144,1926.0,51.17992080641719,32000.0,90.2,98.0,-1.6,-0.2,1.08,GOOD
1790983976980,7145,1934.0,44.74434400905907,32000.0,90.2,98.0,-1.6,-0.2,1.08,GOOD
1790983976980,7146,1926.0,1.064695195531172,32000.0,90.2,98.0,-1.6,-0.2,1.08,GOOD
1790983976980,7147,1923.0,-62.77168188731393,32000.0,90.2,98.0,-1.6,-0.2,1.08,GOOD
1790983976980,7148,1999.0,-107.6901414654546,32000.0,90.2,98.0,-1.6,-0.2,1.08,GOOD
1790983976980,7149,2031.0,-103.18378082529924,32000.0,90.2,98.0,-1.6,-0.2,1.08,GOOD
1790983976980,7150,2037.0,-55.42037632414074,32000.0,90.2,98.0,-1.6,-0.2,1.08,GOOD
1790983977206,7151,2024.0,-3.199867334028303,32000.0,90.2,98.0,-1.7,-0.3,1.07,GOOD
1790983977206,7152,1615.0,6.170981749214068,32000.0,90.2,98.0,-1.7,-0.3,1.07,GOOD
1790983977206,7153,1648.0,-59.75879373695073,32000.0,90.2,98.0,-1.7,-0.3,1.07,GOOD
1790983977206,7154,1665.0,-179.7258452650294,32000.0,90.2,98.0,-1.7,-0.3,1.07,GOOD
1790983977206,7155,1659.0,-291.9333536113649,32000.0,90.2,98.0,-1.7,-0.3,1.07,GOOD
1790983977206,7156,2299.0,-334.91268918632323,32000.0,90.2,98.0,-1.7,-0.3,1.07,GOOD
1790983977206,7157,2276.0,-251.89177229543643,32000.0,90.2,98.0,-1.7,-0.3,1.07,GOOD
1790983977206,7158,2313.0,-47.94510787964553,32000.0,90.2,98.0,-1.7,-0.3,1.07,GOOD
1790983977206,7159,2326.0,183.86338682414888,32000.0,90.2,98.0,-1.7,-0.3,1.07,GOOD
1790983977206,7160,3109.0,378.9062771074488,32000.0,90.2,98.0,-1.7,-0.3,1.07,GOOD
1790983977206,7161,3036.0,564.4970088196026,32000.0,90.2,98.0,-1.7,-0.3,1.07,GOOD
1790983977206,7162,3035.0,756.7001133146352,32000.0,90.2,98.0,-1.7,-0.3,1.07,GOOD
1790983977206,7163,3063.0,914.7385472570857,32000.0,90.2,98.0,-1.7,-0.3,1.07,GOOD
1790983977206,7164,1776.0,964.4644147406192,32000.0,90.2,98.0,-1.7,-0.3,1.07,GOOD
1790983977206,7165,1724.0,791.8471072439442,32000.0,90.2,98.0,-1.7,-0.3,1.07,GOOD
1790983977206,7166,1638.0,379.93942972030874,32000.0,90.2,98.0,-1.7,-0.3,1.07,GOOD
1790983977206,7167,1614.0,-102.99975616637278,32000.0,90.2,98.0,-1.7,-0.3,1.07,GOOD
1790983977206,7168,1664.0,-459.67402498267603,32000.0,90.2,98.0,-1.7,-0.3,1.07,GOOD
1790983977206,7169,1757.0,-592.2867019141053,32000.0,90.2,98.0,-1.7,-0.3,1.07,GOOD
1790983977206,7170,1754.0,-522.2495603682305,32000.0,90.2,98.0,-1.7,-0.3,1.07,GOOD
1790983977206,7171,1718.0,-369.009399217157,32000.0,90.2,98.0,-1.7,-0.3,1.07,GOOD
1790983977206,7172,1935.0,-255.4406507581591,32000.0,90.2,98.0,-1.7,-0.3,1.07,GOOD
1790983977206,7173,1990.0,-206.00113446142402,32000.0,90.2,98.0,-1.7,-0.3,1.07,GOOD
1790983977206,7174,2047.0,-165.05940011998115,32000.0,90.2,98.0,-1.7,-0.3,1.07,GOOD
1790983977206,7175,2024.0,-93.22743660671445,32000.0,90.2,98.0,-1.7,-0.3,1.07,GOOD
1790983977207,7176,1929.0,-14.92632825719619,32000.0,90.2,98.0,-1.7,-0.3,1.07,GOOD
1790983977207,7177,1890.0,13.166764620122354,32000.0,90.2,98.0,-1.7,-0.3,1.07,GOOD
1790983977207,7178,1930.0,-27.3503179035117,32000.0,90.2,98.0,-1.7,-0.3,1.07,GOOD
1790983977207,7179,1972.0,-89.45145286865333,32000.0,90.2,98.0,-1.7,-0.3,1.07,GOOD
1790983977207,7180,2204.0,-104.97037148946046,32000.0,90.2,98.0,-1.7,-0.3,1.07,GOOD
1790983977207,7181,2128.0,-46.53434274927921,32000.0,90.2,98.0,-1.7,-0.3,1.07,GOOD
1790983977207,7182,2104.0,44.337706160433626,32000.0,90.2,98.0,-1.7,-0.3,1.07,GOOD
1790983977207,7183,2163.0,106.63686915214218,32000.0,90.2,98.0,-1.7,-0.3,1.07,GOOD
1790983977207,7184,2037.0,123.90675430393864,32000.0,90.2,98.0,-1.7,-0.3,1.07,GOOD
1790983977207,7185,2048.0,109.91239917285526,32000.0,90.2,98.0,-1.7,-0.3,1.07,GOOD
1790983977207,7186,1994.0,76.1355695823751,32000.0,90.2,98.0,-1.7,-0.3,1.07,GOOD
1790983977207,7187,1989.0,30.775304035701822,32000.0,90.2,98.0,-1.7,-0.3,1.07,GOOD
1790983977207,7188,2044.0,-13.175634269597891,32000.0,90.2,98.0,-1.7,-0.3,1.07,GOOD
1790983977207,7189,2121.0,-32.38131010013,32000.0,90.2,98.0,-1.7,-0.3,1.07,GOOD
1790983977207,7190,2112.0,-10.64505551950299,32000.0,90.2,98.0,-1.7,-0.3,1.07,GOOD
1790983977207,7191,2071.0,36.28884801860981,32000.0,90.2,98.0,-1.7,-0.3,1.07,GOOD
1790983977207,7192,2023.0,70.71183169743537,32000.0,90.2,98.0,-1.7,-0.3,1.07,GOOD
1790983977207,7193,2082.0,71.07108575103787,32000.0,90.2,98.0,-1.7,-0.3,1.07,GOOD
1790983977207,7194,2123.0,52.21263719049712,32000.0,90.2,98.0,-1.7,-0.3,1.07,GOOD
1790983977207,7195,2097.0,41.832242402642564,32000.0,90.2,98.0,-1.7,-0.3,1.07,GOOD
1790983977207,7196,2127.0,49.36853728995838,32000.0,90.2,98.0,-1.7,-0.3,1.07,GOOD
1790983977207,7197,2087.0,66.28029425615213,32000.0,90.2,98.0,-1.7,-0.3,1.07,GOOD
1790983977207,7198,2131.0,80.28826987443199,32000.0,90.2,98.0,-1.7,-0.3,1.07,GOOD
1790983977207,7199,2271.0,91.18557196471622,32000.0,90.2,98.0,-1.7,-0.3,1.07,GOOD
1790983977207,7200,2213.0,111.90235450058168,32000.0,90.2,98.0,-1.7,-0.3,1.07,GOOD
1790983977289,7201,2142.0,140.69154555795967,32000.0,90.2,98.0,-1.7,-0.4,1.08,GOOD
1790983977289,7202,2124.0,156.51158351087622,32000.0,90.2,98.0,-1.7,-0.4,1.08,GOOD
1790983977289,7203,2127.0,147.72958259965492,32000.0,90.2,98.0,-1.7,-0.4,1.08,GOOD
1790983977289,7204,2175.0,122.13856393320768,32000.0,90.2,98.0,-1.7,-0.4,1.08,GOOD
1790983977289,7205,2167.0,96.34091457866722,32000.0,90.2,98.0,-1.7,-0.4,1.08,GOOD
1790983977289,7206,2143.0,83.87143679907523,32000.0,90.2,98.0,-1.7,-0.4,1.08,GOOD
1790983977289,7207,2433.0,99.14552012591687,32000.0,90.2,98.0,-1.7,-0.4,1.08,GOOD
1790983977289,7208,2487.0,161.74298316666432,32000.0,90.2,98.0,-1.7,-0.4,1.08,GOOD
1790983977289,7209,2533.0,264.7300356604806,32000.0,90.2,98.0,-1.7,-0.4,1.08,GOOD
1790983977289,7210,2521.0,366.23706586758874,32000.0,90.2,98.0,-1.7,-0.4,1.08,GOOD
1790983977289,7211,2180.0,420.5994378809477,32000.0,90.2,98.0,-1.7,-0.4,1.08,GOOD
1790983977289,7212,2177.0,395.4344594444382,32000.0,90.2,98.0,-1.7,-0.4,1.08,GOOD
1790983977289,7213,2213.0,298.4809262124438,32000.0,90.2,98.0,-1.7,-0.4,1.08,GOOD
1790983977289,7214,2246.0,182.31962380783813,32000.0,90.2,98.0,-1.7,-0.4,1.08,GOOD
1790983977289,7215,2300.0,100.91722662457394,32000.0,90.2,98.0,-1.7,-0.4,1.08,GOOD
1790983977289,7216,2246.0,81.2403752217345,32000.0,90.2,98.0,-1.7,-0.4,1.08,GOOD
1790983977289,7217,2224.0,114.10701957976764,32000.0,90.2,98.0,-1.7,-0.4,1.08,GOOD
1790983977289,7218,2219.0,158.51529440058493,32000.0,90.2,98.0,-1.7,-0.4,1.08,GOOD
1790983977289,7219,2319.0,176.0922084001029,32000.0,90.2,98.0,-1.7,-0.4,1.08,GOOD
1790983977289,7220,2294.0,164.2912458389963,32000.0,90.2,98.0,-1.7,-0.4,1.08,GOOD
1790983977289,7221,2260.0,148.1445688761852,32000.0,90.2,98.0,-1.7,-0.4,1.08,GOOD
1790983977289,7222,2243.0,147.67592556835427,32000.0,90.2,98.0,-1.7,-0.4,1.08,GOOD
1790983977289,7223,2113.0,153.92148766970573,32000.0,90.2,98.0,-1.7,-0.4,1.08,GOOD
1790983977289,7224,2140.0,134.3739861052681,32000.0,90.2,98.0,-1.7,-0.4,1.08,GOOD
1790983977289,7225,2118.0,76.39800495129109,32000.0,90.2,98.0,-1.7,-0.4,1.08,GOOD
1790983977416,7226,2090.0,9.06519251701343,32000.0,90.2,98.0,-1.7,-0.2,1.08,GOOD
1790983977416,7227,1928.0,-37.077951242410705,32000.0,90.2,98.0,-1.7,-0.2,1.08,GOOD
1790983977416,7228,1970.0,-66.21165253759331,32000.0,90.2,98.0,-1.7,-0.2,1.08,GOOD
1790983977416,7229,1986.0,-97.13000614135743,32000.0,90.2,98.0,-1.7,-0.2,1.08,GOOD
1790983977416,7230,1972.0,-133.48311876267687,32000.0,90.2,98.0,-1.7,-0.2,1.08,GOOD
1790983977416,7231,1884.0,-166.5784200374723,32000.0,90.2,98.0,-1.7,-0.2,1.08,GOOD
1790983977416,7232,1910.0,-186.55796059040085,32000.0,90.2,98.0,-1.7,-0.2,1.08,GOOD
1790983977416,7233,1944.0,-187.83015063397903,32000.0,90.2,98.0,-1.7,-0.2,1.08,GOOD
1790983977416,7234,1962.0,-177.01630346673193,32000.0,90.2,98.0,-1.7,-0.2,1.08,GOOD
1790983977416,7235,1889.0,-172.25278598764743,32000.0,90.2,98.0,-1.7,-0.2,1.08,GOOD
1790983977416,7236,1851.0,-184.5527868923276,32000.0,90.2,98.0,-1.7,-0.2,1.08,GOOD
1790983977416,7237,1845.0,-204.409745282368,32000.0,90.2,98.0,-1.7,-0.2,1.08,GOOD
1790983977416,7238,1854.0,-216.97599856484285,32000.0,90.2,98.0,-1.7,-0.2,1.08,GOOD
1790983977416,7239,2063.0,-215.77061076301064,32000.0,90.2,98.0,-1.7,-0.2,1.08,GOOD
1790983977416,7240,2042.0,-193.97464836828274,32000.0,90.2,98.0,-1.7,-0.2,1.08,GOOD
1790983977416,7241,2016.0,-149.82480734168462,32000.0,90.2,98.0,-1.7,-0.2,1.08,GOOD
1790983977416,7242,1985.0,-96.82826134940908,32000.0,90.2,98.0,-1.7,-0.2,1.08,GOOD
1790983977416,7243,2031.0,-53.31904738894926,32000.0,90.2,98.0,-1.7,-0.2,1.08,GOOD
1790983977416,7244,2017.0,-34.23176672111633,32000.0,90.2,98.0,-1.7,-0.2,1.08,GOOD
1790983977416,7245,2000.0,-46.290768991141206,32000.0,90.2,98.0,-1.7,-0.2,1.08,GOOD
1790983977416,7246,1988.0,-76.7222125367086,32000.0,90.2,98.0,-1.7,-0.2,1.08,GOOD
1790983977416,7247,1968.0,-98.00914198904763,32000.0,90.2,98.0,-1.7,-0.2,1.08,GOOD
1790983977416,7248,1985.0,-96.50457767813593,32000.0,90.2,98.0,-1.7,-0.2,1.08,GOOD
1790983977416,7249,1986.0,-86.29405516899797,32000.0,90.2,98.0,-1.7,-0.2,1.08,GOOD
1790983977416,7250,1979.0,-87.9780776504372,32000.0,90.2,98.0,-1.7,-0.2,1.08,GOOD
1790983977501,7251,2006.0,-100.54753707109113,32000.0,90.2,98.0,-1.6,-0.2,1.07,GOOD
1790983977501,7252,2018.0,-101.9926184595301,32000.0,90.2,98.0,-1.6,-0.2,1.07,GOOD
1790983977501,7253,2046.0,-79.6279891548193,32000.0,90.2,98.0,-1.6,-0.2,1.07,GOOD
1790983977501,7254,2042.0,-48.15566971943611,32000.0,90.2,98.0,-1.6,-0.2,1.07,GOOD
1790983977501,7255,1889.0,-36.92379865408441,32000.0,90.2,98.0,-1.6,-0.2,1.07,GOOD
1790983977501,7256,1888.0,-63.172951855653864,32000.0,90.2,98.0,-1.6,-0.2,1.07,GOOD
1790983977501,7257,1896.0,-111.00731176456031,32000.0,90.2,98.0,-1.6,-0.2,1.07,GOOD
1790983977501,7258,1911.0,-148.70664141557705,32000.0,90.2,98.0,-1.6,-0.2,1.07,GOOD
1790983977501,7259,2008.0,-161.63265795885746,32000.0,90.2,98.0,-1.6,-0.2,1.07,GOOD
1790983977501,7260,1989.0,-151.1374549340114,32000.0,90.2,98.0,-1.6,-0.2,1.07,GOOD
1790983977501,7261,1965.0,-124.09535650870887,32000.0,90.2,98.0,-1.6,-0.2,1.07,GOOD
1790983977501,7262,1933.0,-93.15744875756867,32000.0,90.2,98.0,-1.6,-0.2,1.07,GOOD
1790983977501,7263,2064.0,-68.6758083791859,32000.0,90.2,98.0,-1.6,-0.2,1.07,GOOD
1790983977501,7264,2033.0,-51.50443227135461,32000.0,90.2,98.0,-1.6,-0.2,1.07,GOOD
1790983977501,7265,2016.0,-41.81388138234988,32000.0,90.2,98.0,-1.6,-0.2,1.07,GOOD
1790983977501,7266,2002.0,-39.792050944068514,32000.0,90.2,98.0,-1.6,-0.2,1.07,GOOD
1790983977501,7267,2068.0,-35.35482229689333,32000.0,90.2,98.0,-1.6,-0.2,1.07,GOOD
1790983977501,7268,2075.0,-18.64493789283639,32000.0,90.2,98.0,-1.6,-0.2,1.07,GOOD
1790983977501,7269,2083.0,2.742021567819968,32000.0,90.2,98.0,-1.6,-0.2,1.07,GOOD
1790983977501,7270,1986.0,11.037956573424587,32000.0,90.2,98.0,-1.6,-0.2,1.07,GOOD
1790983977501,7271,2006.0,-0.22010203692890196,32000.0,90.2,98.0,-1.6,-0.2,1.07,GOOD
1790983977501,7272,2008.0,-18.358589698419344,32000.0,90.2,98.0,-1.6,-0.2,1.07,GOOD
1790983977501,7273,2005.0,-30.230279602634884,32000.0,90.2,98.0,-1.6,-0.2,1.07,GOOD
1790983977501,7274,1830.0,-45.74610021244705,32000.0,90.2,98.0,-1.6,-0.2,1.07,GOOD
1790983977501,7275,1851.0,-84.84047169373709,32000.0,90.2,98.0,-1.6,-0.2,1.07,GOOD
1790983977584,7276,1865.0,-139.00767352713274,32000.0,92.3,98.0,-1.6,-0.2,1.08,GOOD
1790983977584,7277,1874.0,-176.62310916549313,32000.0,92.3,98.0,-1.6,-0.2,1.08,GOOD
1790983977584,7278,2115.0,-176.30491995060189,32000.0,92.3,98.0,-1.6,-0.2,1.08,GOOD
1790983977584,7279,2097.0,-131.33503330169935,32000.0,92.3,98.0,-1.6,-0.2,1.08,GOOD
1790983977584,7280,2077.0,-55.373396006423164,32000.0,92.3,98.0,-1.6,-0.2,1.08,GOOD
1790983977584,7281,2064.0,18.5639826492551,32000.0,92.3,98.0,-1.6,-0.2,1.08,GOOD
1790983977584,7282,2204.0,70.29953905874126,32000.0,92.3,98.0,-1.6,-0.2,1.08,GOOD
1790983977584,7283,2185.0,103.00369739451847,32000.0,92.3,98.0,-1.6,-0.2,1.08,GOOD
1790983977584,7284,2179.0,120.96250835750189,32000.0,92.3,98.0,-1.6,-0.2,1.08,GOOD
1790983977584,7285,2189.0,126.63775967450985,32000.0,92.3,98.0,-1.6,-0.2,1.08,GOOD
1790983977584,7286,2081.0,127.85705030846604,32000.0,92.3,98.0,-1.6,-0.2,1.08,GOOD
1790983977584,7287,2074.0,122.31821757488403,32000.0,92.3,98.0,-1.6,-0.2,1.08,GOOD
1790983977584,7288,2056.0,97.44106288755253,32000.0,92.3,98.0,-1.6,-0.2,1.08,GOOD
1790983977584,7289,2063.0,53.51565604562346,32000.0,92.3,98.0,-1.6,-0.2,1.08,GOOD
1790983977584,7290,1872.0,3.0014512679283465,32000.0,92.3,98.0,-1.6,-0.2,1.08,GOOD
1790983977584,7291,1896.0,-46.797101040242296,32000.0,92.3,98.0,-1.6,-0.2,1.08,GOOD
1790983977584,7292,1879.0,-91.61588948659019,32000.0,92.3,98.0,-1.6,-0.2,1.08,GOOD
1790983977584,7293,1861.0,-128.71027992217566,32000.0,92.3,98.0,-1.6,-0.2,1.08,GOOD
1790983977584,7294,1833.0,-162.634248607582,32000.0,92.3,98.0,-1.6,-0.2,1.08,GOOD
1790983977584,7295,1867.0,-191.07769051819201,32000.0,92.3,98.0,-1.6,-0.2,1.08,GOOD
1790983977584,7296,1879.0,-198.36906504084817,32000.0,92.3,98.0,-1.6,-0.2,1.08,GOOD
1790983977584,7297,1873.0,-179.66458784291598,32000.0,92.3,98.0,-1.6,-0.2,1.08,GOOD
1790983977584,7298,1938.0,-152.0727309994105,32000.0,92.3,98.0,-1.6,-0.2,1.08,GOOD
1790983977584,7299,1919.0,-131.89074754838958,32000.0,92.3,98.0,-1.6,-0.2,1.08,GOOD
1790983977584,7300,1926.0,-119.048530435709,32000.0,92.3,98.0,-1.6,-0.2,1.08,GOOD
1790983977719,7301,1925.0,-105.50970520270246,32000.0,92.3,98.0,-1.7,-0.3,1.07,GOOD
1790983977719,7302,2123.0,-81.4785279147826,32000.0,92.3,98.0,-1.7,-0.3,1.07,GOOD
1790983977719,7303,2089.0,-39.70717202611144,32000.0,92.3,98.0,-1.7,-0.3,1.07,GOOD
1790983977719,7304,2104.0,11.063404253398105,32000.0,92.3,98.0,-1.7,-0.3,1.07,GOOD
1790983977719,7305,2119.0,54.61655176271973,32000.0,92.3,98.0,-1.7,-0.3,1.07,GOOD
1790983977719,7306,2986.0,121.99653501892128,32000.0,92.3,98.0,-1.7,-0.3,1.07,GOOD
1790983977719,7307,2989.0,289.463299508938,32000.0,92.3,98.0,-1.7,-0.3,1.07,GOOD
1790983977719,7308,3019.0,554.6130391005513,32000.0,92.3,98.0,-1.7,-0.3,1.07,GOOD
1790983977719,7309,3070.0,812.1619126243971,32000.0,92.3,98.0,-1.7,-0.3,1.07,GOOD
1790983977719,7310,2112.0,945.9012917258926,32000.0,92.3,98.0,-1.7,-0.3,1.07,GOOD
1790983977719,7311,2056.0,859.5802164554477,32000.0,92.3,98.0,-1.7,-0.3,1.07,GOOD
1790983977719,7312,1961.0,554.517770832818,32000.0,92.3,98.0,-1.7,-0.3,1.07,GOOD
1790983977719,7313,1892.0,168.87680544233945,32000.0,92.3,98.0,-1.7,-0.3,1.07,GOOD
1790983977719,7314,1620.0,-152.52275296724082,32000.0,92.3,98.0,-1.7,-0.3,1.07,GOOD
1790983977719,7315,1699.0,-347.0035034039443,32000.0,92.3,98.0,-1.7,-0.3,1.07,GOOD
1790983977719,7316,1699.0,-413.2072566289893,32000.0,92.3,98.0,-1.7,-0.3,1.07,GOOD
1790983977719,7317,1686.0,-396.90439488537214,32000.0,92.3,98.0,-1.7,-0.3,1.07,GOOD
1790983977719,7318,1881.0,-363.9640271276565,32000.0,92.3,98.0,-1.7,-0.3,1.07,GOOD
1790983977719,7319,1926.0,-333.0246653824248,32000.0,92.3,98.0,-1.7,-0.3,1.07,GOOD
1790983977719,7320,1979.0,-274.12068200854037,32000.0,92.3,98.0,-1.7,-0.3,1.07,GOOD
1790983977719,7321,1965.0,-177.4982973606741,32000.0,92.3,98.0,-1.7,-0.3,1.07,GOOD
1790983977719,7322,1940.0,-83.93767431360553,32000.0,92.3,98.0,-1.7,-0.3,1.07,GOOD
1790983977719,7323,1898.0,-47.509403055428635,32000.0,92.3,98.0,-1.7,-0.3,1.07,GOOD
1790983977719,7324,1935.0,-76.18672131231041,32000.0,92.3,98.0,-1.7,-0.3,1.07,GOOD
1790983977719,7325,1976.0,-119.45866846267498,32000.0,92.3,98.0,-1.7,-0.3,1.07,GOOD
1790983977823,7326,2147.0,-118.18848562170244,32000.0,92.3,98.0,-1.5,-0.2,1.08,GOOD
1790983977823,7327,2087.0,-61.0031061908678,32000.0,92.3,98.0,-1.5,-0.2,1.08,GOOD
1790983977823,7328,2066.0,7.6940096213847635,32000.0,92.3,98.0,-1.5,-0.2,1.08,GOOD
1790983977823,7329,2107.0,44.26318906489256,32000.0,92.3,98.0,-1.5,-0.2,1.08,GOOD
1790983977823,7330,2155.0,56.40946614787588,32000.0,92.3,98.0,-1.5,-0.2,1.08,GOOD
1790983977823,7331,2140.0,72.93334972510631,32000.0,92.3,98.0,-1.5,-0.2,1.08,GOOD
1790983977823,7332,2091.0,91.88571935617603,32000.0,92.3,98.0,-1.5,-0.2,1.08,GOOD
1790983977823,7333,2081.0,89.9138587717058,32000.0,92.3,98.0,-1.5,-0.2,1.08,GOOD
1790983977823,7334,2037.0,62.90702139671523,32000.0,92.3,98.0,-1.5,-0.2,1.08,GOOD
1790983977823,7335,2102.0,33.0066299013974,32000.0,92.3,98.0,-1.5,-0.2,1.08,GOOD
1790983977823,7336,2075.0,21.292833070058013,32000.0,92.3,98.0,-1.5,-0.2,1.08,GOOD
1790983977823,7337,2035.0,22.833515280643176,32000.0,92.3,98.0,-1.5,-0.2,1.08,GOOD
1790983977823,7338,1954.0,14.116156559616202,32000.0,92.3,98.0,-1.5,-0.2,1.08,GOOD
1790983977823,7339,2012.0,-13.10246361618888,32000.0,92.3,98.0,-1.5,-0.2,1.08,GOOD
1790983977823,7340,2050.0,-38.226900364999345,32000.0,92.3,98.0,-1.5,-0.2,1.08,GOOD
1790983977823,7341,2042.0,-41.13687190754538,32000.0,92.3,98.0,-1.5,-0.2,1.08,GOOD
1790983977823,7342,2056.0,-27.84582512364922,32000.0,92.3,98.0,-1.5,-0.2,1.08,GOOD
1790983977823,7343,2023.0,-14.741546731469255,32000.0,92.3,98.0,-1.5,-0.2,1.08,GOOD
1790983977823,7344,2057.0,-6.53494660160339,32000.0,92.3,98.0,-1.5,-0.2,1.08,GOOD
1790983977823,7345,2079.0,2.380175498267925,32000.0,92.3,98.0,-1.5,-0.2,1.08,GOOD
1790983977823,7346,2274.0,21.73382850546106,32000.0,92.3,98.0,-1.5,-0.2,1.08,GOOD
1790983977823,7347,2230.0,60.638368421213436,32000.0,92.3,98.0,-1.5,-0.2,1.08,GOOD
1790983977823,7348,2227.0,113.27024630001875,32000.0,92.3,98.0,-1.5,-0.2,1.08,GOOD
1790983977823,7349,2270.0,162.73949492133542,32000.0,92.3,98.0,-1.5,-0.2,1.08,GOOD
1790983977823,7350,2410.0,205.7566693293765,32000.0,92.3,98.0,-1.5,-0.2,1.08,GOOD
1790983977824,7351,2390.0,248.31374611783593,32000.0,92.3,98.0,-1.5,-0.2,1.08,GOOD
1790983977824,7352,2375.0,283.6246703837693,32000.0,92.3,98.0,-1.5,-0.2,1.08,GOOD
1790983977824,7353,2378.0,301.84548599749564,32000.0,92.3,98.0,-1.5,-0.2,1.08,GOOD
1790983977824,7354,2305.0,305.995187149103,32000.0,92.3,98.0,-1.5,-0.2,1.08,GOOD
1790983977824,7355,2334.0,298.8858487198867,32000.0,92.3,98.0,-1.5,-0.2,1.08,GOOD
1790983977824,7356,2315.0,276.9365176767814,32000.0,92.3,98.0,-1.5,-0.2,1.08,GOOD
1790983977824,7357,2286.0,241.81205559195988,32000.0,92.3,98.0,-1.5,-0.2,1.08,GOOD
1790983977824,7358,2207.0,202.8454528412643,32000.0,92.3,98.0,-1.5,-0.2,1.08,GOOD
1790983977824,7359,2254.0,171.59787438329906,32000.0,92.3,98.0,-1.5,-0.2,1.08,GOOD
1790983977824,7360,2275.0,155.83615739614325,32000.0,92.3,98.0,-1.5,-0.2,1.08,GOOD
1790983977824,7361,2241.0,150.45626547265675,32000.0,92.3,98.0,-1.5,-0.2,1.08,GOOD
1790983977824,7362,2068.0,134.83123683760238,32000.0,92.3,98.0,-1.5,-0.2,1.08,GOOD
1790983977824,7363,2079.0,93.62355952016713,32000.0,92.3,98.0,-1.5,-0.2,1.08,GOOD
1790983977824,7364,2112.0,41.232348674566595,32000.0,92.3,98.0,-1.5,-0.2,1.08,GOOD
1790983977824,7365,2127.0,4.497500926406477,32000.0,92.3,98.0,-1.5,-0.2,1.08,GOOD
1790983977824,7366,2260.0,-6.3937697118328,32000.0,92.3,98.0,-1.5,-0.2,1.08,GOOD
1790983977824,7367,2210.0,8.584260907215283,32000.0,92.3,98.0,-1.5,-0.2,1.08,GOOD
1790983977824,7368,2216.0,45.22935233196746,32000.0,92.3,98.0,-1.5,-0.2,1.08,GOOD
1790983977824,7369,2231.0,90.24691523568328,32000.0,92.3,98.0,-1.5,-0.2,1.08,GOOD
1790983977824,7370,2127.0,120.83350745235066,32000.0,92.3,98.0,-1.5,-0.2,1.08,GOOD
1790983977824,7371,2102.0,110.2024874069153,32000.0,92.3,98.0,-1.5,-0.2,1.08,GOOD
1790983977824,7372,2071.0,55.45329952598125,32000.0,92.3,98.0,-1.5,-0.2,1.08,GOOD
1790983977824,7373,2081.0,-9.28301474745362,32000.0,92.3,98.0,-1.5,-0.2,1.08,GOOD
1790983977824,7374,1982.0,-50.813255699921925,32000.0,92.3,98.0,-1.5,-0.2,1.08,GOOD
1790983977824,7375,1995.0,-72.43874562426363,32000.0,92.3,98.0,-1.5,-0.2,1.08,GOOD
1790983978046,7376,1972.0,-95.7781697524614,32000.0,92.3,98.0,-1.6,-0.4,1.08,GOOD
1790983978046,7377,1954.0,-126.87794872011686,32000.0,92.3,98.0,-1.6,-0.4,1.08,GOOD
1790983978046,7378,1848.0,-157.68260890559148,32000.0,92.3,98.0,-1.6,-0.4,1.08,GOOD
1790983978046,7379,1885.0,-183.40492636982162,32000.0,92.3,98.0,-1.6,-0.4,1.08,GOOD
1790983978046,7380,1900.0,-203.32726604780487,32000.0,92.3,98.0,-1.6,-0.4,1.08,GOOD
1790983978046,7381,1870.0,-218.4379817026441,32000.0,92.3,98.0,-1.6,-0.4,1.08,GOOD
1790983978046,7382,1799.0,-234.29114448142687,32000.0,92.3,98.0,-1.6,-0.4,1.08,GOOD
1790983978046,7383,1818.0,-252.4920285238706,32000.0,92.3,98.0,-1.6,-0.4,1.08,GOOD
1790983978046,7384,1856.0,-263.12914738787214,32000.0,92.3,98.0,-1.6,-0.4,1.08,GOOD
1790983978046,7385,1871.0,-258.60374406404765,32000.0,92.3,98.0,-1.6,-0.4,1.08,GOOD
1790983978046,7386,1959.0,-242.69506301079306,32000.0,92.3,98.0,-1.6,-0.4,1.08,GOOD
1790983978046,7387,1932.0,-218.14100097481906,32000.0,92.3,98.0,-1.6,-0.4,1.08,GOOD
1790983978046,7388,1942.0,-184.3649005511807,32000.0,92.3,98.0,-1.6,-0.4,1.08,GOOD
1790983978046,7389,1960.0,-146.66934701057468,32000.0,92.3,98.0,-1.6,-0.4,1.08,GOOD
1790983978046,7390,1989.0,-115.51657298114151,32000.0,92.3,98.0,-1.6,-0.4,1.08,GOOD
1790983978046,7391,1965.0,-100.39947602983358,32000.0,92.3,98.0,-1.6,-0.4,1.08,GOOD
1790983978046,7392,1959.0,-102.05282357372141,32000.0,92.3,98.0,-1.6,-0.4,1.08,GOOD
1790983978046,7393,1971.0,-108.26083421794934,32000.0,92.3,98.0,-1.6,-0.4,1.08,GOOD
1790983978046,7394,2048.0,-102.4385253244264,32000.0,92.3,98.0,-1.6,-0.4,1.08,GOOD
1790983978046,7395,2053.0,-79.54863634997422,32000.0,92.3,98.0,-1.6,-0.4,1.08,GOOD
1790983978046,7396,2030.0,-52.38851367994738,32000.0,92.3,98.0,-1.6,-0.4,1.08,GOOD
1790983978046,7397,2015.0,-36.56364631821495,32000.0,92.3,98.0,-1.6,-0.4,1.08,GOOD
1790983978046,7398,1898.0,-37.20104477451582,32000.0,92.3,98.0,-1.6,-0.4,1.08,GOOD
1790983978046,7399,1939.0,-54.76349471550519,32000.0,92.3,98.0,-1.6,-0.4,1.08,GOOD
1790983978046,7400,1938.0,-85.23967844463351,32000.0,92.3,98.0,-1.6,-0.4,1.08,GOOD
1790983978133,7401,1919.0,-118.31496331590799,32000.0,99.2,98.0,-1.6,-0.2,1.08,GOOD
1790983978133,7402,1934.0,-142.8055672519498,32000.0,99.2,98.0,-1.6,-0.2,1.08,GOOD
1790983978133,7403,1964.0,-146.97430407533813,32000.0,99.2,98.0,-1.6,-0.2,1.08,GOOD
1790983978133,7404,2002.0,-125.66727520279406,32000.0,99.2,98.0,-1.6,-0.2,1.08,GOOD
1790983978133,7405,2001.0,-90.99922082959814,32000.0,99.2,98.0,-1.6,-0.2,1.08,GOOD
1790983978133,7406,1896.0,-67.78945166767193,32000.0,99.2,98.0,-1.6,-0.2,1.08,GOOD
1790983978133,7407,1874.0,-74.41335765024272,32000.0,99.2,98.0,-1.6,-0.2,1.08,GOOD
1790983978133,7408,1887.0,-104.10069264372628,32000.0,99.2,98.0,-1.6,-0.2,1.08,GOOD
1790983978133,7409,1903.0,-133.514130611185,32000.0,99.2,98.0,-1.6,-0.2,1.08,GOOD
1790983978133,7410,2065.0,-143.47520194027794,32000.0,99.2,98.0,-1.6,-0.2,1.08,GOOD
1790983978133,7411,2043.0,-122.9638708672847,32000.0,99.2,98.0,-1.6,-0.2,1.08,GOOD
1790983978133,7412,2026.0,-76.15164372367853,32000.0,99.2,98.0,-1.6,-0.2,1.08,GOOD
1790983978133,7413,2035.0,-23.621377298954933,32000.0,99.2,98.0,-1.6,-0.2,1.08,GOOD
1790983978133,7414,2074.0,16.068164227521038,32000.0,99.2,98.0,-1.6,-0.2,1.08,GOOD
1790983978133,7415,2079.0,35.17646393402301,32000.0,99.2,98.0,-1.6,-0.2,1.08,GOOD
1790983978133,7416,2062.0,34.58351185482276,32000.0,99.2,98.0,-1.6,-0.2,1.08,GOOD
1790983978133,7417,2068.0,25.094360367736396,32000.0,99.2,98.0,-1.6,-0.2,1.08,GOOD
1790983978133,7418,2044.0,21.459524250004296,32000.0,99.2,98.0,-1.6,-0.2,1.08,GOOD
1790983978133,7419,2077.0,27.183585713081168,32000.0,99.2,98.0,-1.6,-0.2,1.08,GOOD
1790983978133,7420,2081.0,33.16575501052274,32000.0,99.2,98.0,-1.6,-0.2,1.08,GOOD
1790983978133,7421,2064.0,31.647510235099194,32000.0,99.2,98.0,-1.6,-0.2,1.08,GOOD
1790983978133,7422,1953.0,21.107253466683645,32000.0,99.2,98.0,-1.6,-0.2,1.08,GOOD
1790983978133,7423,1981.0,2.468581225418319,32000.0,99.2,98.0,-1.6,-0.2,1.08,GOOD
1790983978133,7424,1998.0,-19.17740246178368,32000.0,99.2,98.0,-1.6,-0.2,1.08,GOOD
1790983978133,7425,1993.0,-37.989369497996535,32000.0,99.2,98.0,-1.6,-0.2,1.08,GOOD
1790983978245,7426,1973.0,-53.663314673345,32000.0,99.2,98.0,-1.6,-0.3,1.08,GOOD
1790983978245,7427,1965.0,-64.5657484229358,32000.0,99.2,98.0,-1.6,-0.3,1.08,GOOD
1790983978245,7428,1982.0,-64.51147964705402,32000.0,99.2,98.0,-1.6,-0.3,1.08,GOOD
1790983978245,7429,1988.0,-53.794879447760515,32000.0,99.2,98.0,-1.6,-0.3,1.08,GOOD
1790983978245,7430,1993.0,-43.69408307828388,32000.0,99.2,98.0,-1.6,-0.3,1.08,GOOD
1790983978245,7431,1960.0,-44.262449140640236,32000.0,99.2,98.0,-1.6,-0.3,1.08,GOOD
1790983978245,7432,1953.0,-52.97877640694911,32000.0,99.2,98.0,-1.6,-0.3,1.08,GOOD
1790983978245,7433,1949.0,-59.84276812953937,32000.0,99.2,98.0,-1.6,-0.3,1.08,GOOD
1790983978245,7434,2048.0,-57.68969233269664,32000.0,99.2,98.0,-1.6,-0.3,1.08,GOOD
1790983978245,7435,2035.0,-45.17477565711116,32000.0,99.2,98.0,-1.6,-0.3,1.08,GOOD
1790983978245,7436,1993.0,-28.642930298096513,32000.0,99.2,98.0,-1.6,-0.3,1.08,GOOD
1790983978245,7437,1996.0,-16.771382166343543,32000.0,99.2,98.0,-1.6,-0.3,1.08,GOOD
1790983978245,7438,2024.0,-9.018192895763912,32000.0,99.2,98.0,-1.6,-0.3,1.08,GOOD
1790983978245,7439,2038.0,-1.1108041972337954,32000.0,99.2,98.0,-1.6,-0.3,1.08,GOOD
1790983978245,7440,2032.0,3.786706446556405,32000.0,99.2,98.0,-1.6,-0.3,1.08,GOOD
1790983978245,7441,2034.0,2.3874309784074104,32000.0,99.2,98.0,-1.6,-0.3,1.08,GOOD
1790983978245,7442,1940.0,-2.2972218556165855,32000.0,99.2,98.0,-1.6,-0.3,1.08,GOOD
1790983978245,7443,1962.0,-9.822211062982225,32000.0,99.2,98.0,-1.6,-0.3,1.08,GOOD
1790983978245,7444,1964.0,-23.283205186318945,32000.0,99.2,98.0,-1.6,-0.3,1.08,GOOD
1790983978245,7445,1962.0,-42.45303260403472,32000.0,99.2,98.0,-1.6,-0.3,1.08,GOOD
1790983978245,7446,1984.0,-60.898603025346006,32000.0,99.2,98.0,-1.6,-0.3,1.08,GOOD
1790983978245,7447,2010.0,-65.16649068430306,32000.0,99.2,98.0,-1.6,-0.3,1.08,GOOD
1790983978245,7448,2048.0,-45.459997281036,32000.0,99.2,98.0,-1.6,-0.3,1.08,GOOD
1790983978245,7449,2053.0,-9.688851270478432,32000.0,99.2,98.0,-1.6,-0.3,1.08,GOOD
1790983978245,7450,2667.0,45.82031167377038,32000.0,99.2,98.0,-1.6,-0.3,1.08,GOOD
1790983978314,7451,2651.0,161.85308097077439,32000.0,99.2,98.0,-1.7,-0.2,1.08,GOOD
1790983978314,7452,2675.0,345.8125181734973,32000.0,99.2,98.0,-1.7,-0.2,1.08,GOOD
1790983978314,7453,2697.0,533.7989139950012,32000.0,99.2,98.0,-1.7,-0.2,1.08,GOOD
1790983978314,7454,2248.0,644.4377990001998,32000.0,99.2,98.0,-1.7,-0.2,1.08,GOOD
1790983978314,7455,2191.0,614.223767534457,32000.0,99.2,98.0,-1.7,-0.2,1.08,GOOD
1790983978314,7456,2139.0,446.74177685222344,32000.0,99.2,98.0,-1.7,-0.2,1.08,GOOD
1790983978314,7457,2134.0,232.276086318175,32000.0,99.2,98.0,-1.7,-0.2,1.08,GOOD
1790983978314,7458,1766.0,56.42008271995055,32000.0,99.2,98.0,-1.7,-0.2,1.08,GOOD
1790983978314,7459,1793.0,-69.80839107962015,32000.0,99.2,98.0,-1.7,-0.2,1.08,GOOD
1790983978314,7460,1770.0,-166.14415887841503,32000.0,99.2,98.0,-1.7,-0.2,1.08,GOOD
1790983978314,7461,1751.0,-238.41035153149699,32000.0,99.2,98.0,-1.7,-0.2,1.08,GOOD
1790983978314,7462,1968.0,-281.0749111659585,32000.0,99.2,98.0,-1.7,-0.2,1.08,GOOD
1790983978314,7463,2025.0,-272.3677298350251,32000.0,99.2,98.0,-1.7,-0.2,1.08,GOOD
1790983978314,7464,2048.0,-198.34074503711912,32000.0,99.2,98.0,-1.7,-0.2,1.08,GOOD
1790983978314,7465,2028.0,-89.65146685554254,32000.0,99.2,98.0,-1.7,-0.2,1.08,GOOD
1790983978314,7466,1882.0,-7.731737124885161,32000.0,99.2,98.0,-1.7,-0.2,1.08,GOOD
1790983978314,7467,1906.0,0.9361561149679023,32000.0,99.2,98.0,-1.7,-0.2,1.08,GOOD
1790983978314,7468,1925.0,-53.433464629479005,32000.0,99.2,98.0,-1.7,-0.2,1.08,GOOD
1790983978314,7469,1948.0,-114.62994382050643,32000.0,99.2,98.0,-1.7,-0.2,1.08,GOOD
1790983978314,7470,1956.0,-138.1865226237611,32000.0,99.2,98.0,-1.7,-0.2,1.08,GOOD
1790983978314,7471,1912.0,-124.59918591533254,32000.0,99.2,98.0,-1.7,-0.2,1.08,GOOD
1790983978314,7472,1909.0,-103.97171770619472,32000.0,99.2,98.0,-1.7,-0.2,1.08,GOOD
1790983978314,7473,1926.0,-98.55821123189779,32000.0,99.2,98.0,-1.7,-0.2,1.08,GOOD
1790983978314,7474,2101.0,-97.72650427597497,32000.0,99.2,98.0,-1.7,-0.2,1.08,GOOD
1790983978314,7475,2081.0,-73.10192978956607,32000.0,99.2,98.0,-1.7,-0.2,1.08,GOOD
1790983978443,7476,2062.0,-21.60845746254394,32000.0,99.2,98.0,-1.7,-0.2,1.08,LEAD_OFF
1790983978443,7477,2073.0,28.579822970416032,32000.0,99.2,98.0,-1.7,-0.2,1.08,LEAD_OFF
1790983978443,7478,2098.0,56.75952551096127,32000.0,99.2,98.0,-1.7,-0.2,1.08,LEAD_OFF
1790983978443,7479,2109.0,65.96097672641746,32000.0,99.2,98.0,-1.7,-0.2,1.08,LEAD_OFF
1790983978443,7480,2089.0,66.61051320263707,32000.0,99.2,98.0,-1.7,-0.2,1.08,LEAD_OFF
1790983978443,7481,2080.0,63.90657442270594,32000.0,99.2,98.0,-1.7,-0.2,1.08,LEAD_OFF
1790983978443,7482,2125.0,61.170565381148926,32000.0,99.2,98.0,-1.7,-0.2,1.08,LEAD_OFF
1790983978443,7483,2151.0,64.8314123641816,32000.0,99.2,98.0,-1.7,-0.2,1.08,LEAD_OFF
1790983978443,7484,2155.0,77.83541720013203,32000.0,99.2,98.0,-1.7,-0.2,1.08,LEAD_OFF
1790983978443,7485,2148.0,94.53827105632081,32000.0,99.2,98.0,-1.7,-0.2,1.08,LEAD_OFF
1790983978443,7486,2007.0,102.20478723401229,32000.0,99.2,98.0,-1.7,-0.2,1.08,LEAD_OFF
1790983978443,7487,2035.0,87.04144564405124,32000.0,99.2,98.0,-1.7,-0.2,1.08,LEAD_OFF
1790983978443,7488,2058.0,51.67844521941027,32000.0,99.2,98.0,-1.7,-0.2,1.08,LEAD_OFF
1790983978443,7489,2068.0,16.49096951069992,32000.0,99.2,98.0,-1.7,-0.2,1.08,LEAD_OFF
1790983978443,7490,2095.0,-1.3658364903497695,32000.0,99.2,98.0,-1.7,-0.2,1.08,LEAD_OFF
1790983978443,7491,2071.0,2.8925122790347233,32000.0,99.2,98.0,-1.7,-0.2,1.08,LEAD_OFF
1790983978443,7492,2067.0,21.921518028427773,32000.0,99.2,98.0,-1.7,-0.2,1.08,LEAD_OFF
1790983978443,7493,2077.0,40.206655790633526,32000.0,99.2,98.0,-1.7,-0.2,1.08,LEAD_OFF
1790983978443,7494,2266.0,53.23064128963758,32000.0,99.2,98.0,-1.7,-0.2,1.08,LEAD_OFF
1790983978443,7495,2234.0,76.15454988737152,32000.0,99.2,98.0,-1.7,-0.2,1.08,LEAD_OFF
1790983978443,7496,2227.0,116.9686146125297,32000.0,99.2,98.0,-1.7,-0.2,1.08,LEAD_OFF
1790983978443,7497,2225.0,161.5876416571669,32000.0,99.2,98.0,-1.7,-0.2,1.08,LEAD_OFF
1790983978443,7498,2368.0,197.9443184271991,32000.0,99.2,98.0,-1.7,-0.2,1.08,LEAD_OFF
1790983978443,7499,2360.0,228.49367546826505,32000.0,99.2,98.0,-1.7,-0.2,1.08,LEAD_OFF
1790983978443,7500,2347.0,253.95408801019363,32000.0,99.2,98.0,-1.7,-0.2,1.08,LEAD_OFF
1790983978443,7501,2357.0,270.59409418220383,32000.0,99.2,98.0,-1.7,-0.2,1.08,LEAD_OFF
1790983978443,7502,2387.0,283.4954554816238,32000.0,99.2,98.0,-1.7,-0.2,1.08,LEAD_OFF
1790983978443,7503,2397.0,298.85518742212605,32000.0,99.2,98.0,-1.7,-0.2,1.08,LEAD_OFF
1790983978443,7504,2392.0,309.8011891165689,32000.0,99.2,98.0,-1.7,-0.2,1.08,LEAD_OFF
1790983978443,7505,2382.0,306.63956596041066,32000.0,99.2,98.0,-1.7,-0.2,1.08,LEAD_OFF
1790983978443,7506,2209.0,287.13653757481745,32000.0,99.2,98.0,-1.7,-0.2,1.08,LEAD_OFF
1790983978443,7507,2236.0,251.05642082025534,32000.0,99.2,98.0,-1.7,-0.2,1.08,LEAD_OFF
1790983978443,7508,2233.0,203.7584514032088,32000.0,99.2,98.0,-1.7,-0.2,1.08,LEAD_OFF
1790983978443,7509,2220.0,156.20443525005606,32000.0,99.2,98.0,-1.7,-0.2,1.08,LEAD_OFF
1790983978443,7510,1959.0,105.57383909145527,32000.0,99.2,98.0,-1.7,-0.2,1.08,LEAD_OFF
1790983978443,7511,1961.0,37.71456542179475,32000.0,99.2,98.0,-1.7,-0.2,1.08,LEAD_OFF
1790983978443,7512,1996.0,-38.95256310692315,32000.0,99.2,98.0,-1.7,-0.2,1.08,LEAD_OFF
1790983978443,7513,1987.0,-96.65331243543316,32000.0,99.2,98.0,-1.7,-0.2,1.08,LEAD_OFF
1790983978443,7514,1950.0,-129.4097774948291,32000.0,99.2,98.0,-1.7,-0.2,1.08,LEAD_OFF
1790983978443,7515,1933.0,-151.08585763556312,32000.0,99.2,98.0,-1.7,-0.2,1.08,LEAD_OFF
1790983978443,7516,1926.0,-164.29726380123896,32000.0,99.2,98.0,-1.7,-0.2,1.08,LEAD_OFF
1790983978443,7517,1917.0,-163.48069111992658,32000.0,99.2,98.0,-1.7,-0.2,1.08,LEAD_OFF
1790983978443,7518,2081.0,-150.0039378416965,32000.0,99.2,98.0,-1.7,-0.2,1.08,LEAD_OFF
1790983978443,7519,2041.0,-127.68160673813193,32000.0,99.2,98.0,-1.7,-0.2,1.08,LEAD_OFF
1790983978443,7520,2036.0,-101.31143146143035,32000.0,99.2,98.0,-1.7,-0.2,1.08,LEAD_OFF
1790983978443,7521,2036.0,-75.05136348263541,32000.0,99.2,98.0,-1.7,-0.2,1.08,LEAD_OFF
1790983978443,7522,2032.0,-49.262736113694395,32000.0,99.2,98.0,-1.7,-0.2,1.08,LEAD_OFF
1790983978443,7523,2033.0,-31.87509164616963,32000.0,99.2,98.0,-1.7,-0.2,1.08,LEAD_OFF
1790983978443,7524,2037.0,-35.430720104769335,32000.0,99.2,98.0,-1.7,-0.2,1.08,LEAD_OFF
1790983978443,7525,2053.0,-54.85026447512479,32000.0,99.2,98.0,-1.7,-0.2,1.08,LEAD_OFF
1790983978640,7526,1887.0,-72.82221390855466,32000.0,99.2,98.0,-1.7,-0.3,1.09,GOOD
1790983978640,7527,1906.0,-88.22300165041241,32000.0,99.2,98.0,-1.7,-0.3,1.09,GOOD
1790983978640,7528,1891.0,-112.94394072329939,32000.0,99.2,98.0,-1.7,-0.3,1.09,GOOD
1790983978640,7529,1887.0,-150.4263885184797,32000.0,99.2,98.0,-1.7,-0.3,1.09,GOOD
1790983978640,7530,1150.0,-219.27494770400483,32000.0,99.2,98.0,-1.7,-0.3,1.09,GOOD
1790983978640,7531,1164.0,-363.84547469983454,32000.0,99.2,98.0,-1.7,-0.3,1.09,GOOD
1790983978640,7532,1126.0,-575.7758539224214,32000.0,99.2,98.0,-1.7,-0.3,1.09,GOOD
1790983978640,7533,1088.0,-779.5941683185564,32000.0,99.2,98.0,-1.7,-0.3,1.09,GOOD
1790983978640,7534,2335.0,-873.4152845745792,32000.0,99.2,98.0,-1.7,-0.3,1.09,GOOD
1790983978640,7535,2342.0,-735.3413571801295,32000.0,99.2,98.0,-1.7,-0.3,1.09,GOOD
1790983978640,7536,2399.0,-356.27135010462473,32000.0,99.2,98.0,-1.7,-0.3,1.09,GOOD
1790983978640,7537,2405.0,91.43891065552796,32000.0,99.2,98.0,-1.7,-0.3,1.09,GOOD
1790983978640,7538,1984.0,402.5632183996416,32000.0,99.2,98.0,-1.7,-0.3,1.09,GOOD
1790983978640,7539,1924.0,455.73660303858213,32000.0,99.2,98.0,-1.7,-0.3,1.09,GOOD
1790983978640,7540,1911.0,273.0539791831492,32000.0,99.2,98.0,-1.7,-0.3,1.09,GOOD
1790983978640,7541,1942.0,13.663162841997377,32000.0,99.2,98.0,-1.7,-0.3,1.09,GOOD
1790983978640,7542,2159.0,-149.32528745078673,32000.0,99.2,98.0,-1.7,-0.3,1.09,GOOD
1790983978640,7543,2145.0,-144.54433232100337,32000.0,99.2,98.0,-1.7,-0.3,1.09,GOOD
1790983978640,7544,2110.0,-31.12094961602512,32000.0,99.2,98.0,-1.7,-0.3,1.09,GOOD
1790983978640,7545,2117.0,76.51429358707104,32000.0,99.2,98.0,-1.7,-0.3,1.09,GOOD
1790983978640,7546,2070.0,118.27695685020382,32000.0,99.2,98.0,-1.7,-0.3,1.09,GOOD
1790983978640,7547,2095.0,109.22716644972667,32000.0,99.2,98.0,-1.7,-0.3,1.09,GOOD
1790983978640,7548,2071.0,85.87527441601898,32000.0,99.2,98.0,-1.7,-0.3,1.09,GOOD
1790983978640,7549,2054.0,63.29427073428251,32000.0,99.2,98.0,-1.7,-0.3,1.09,GOOD
1790983978640,7550,1837.0,29.66453448938672,32000.0,99.2,98.0,-1.7,-0.3,1.09,GOOD
1790983978641,7551,1891.0,-27.808368428067396,32000.0,99.2,98.0,-1.7,-0.3,1.09,GOOD
1790983978641,7552,1906.0,-91.4123963900388,32000.0,99.2,98.0,-1.7,-0.3,1.09,GOOD
1790983978641,7553,1882.0,-130.97536787239812,32000.0,99.2,98.0,-1.7,-0.3,1.09,GOOD
1790983978641,7554,1841.0,-146.8989355332276,32000.0,99.2,98.0,-1.7,-0.3,1.09,GOOD
1790983978641,7555,1859.0,-158.46491656224782,32000.0,99.2,98.0,-1.7,-0.3,1.09,GOOD
1790983978641,7556,1941.0,-164.9828974889411,32000.0,99.2,98.0,-1.7,-0.3,1.09,GOOD
1790983978641,7557,2022.0,-146.72036108197477,32000.0,99.2,98.0,-1.7,-0.3,1.09,GOOD
1790983978641,7558,2011.0,-98.54702048393133,32000.0,99.2,98.0,-1.7,-0.3,1.09,GOOD
1790983978641,7559,1860.0,-49.64649971788929,32000.0,99.2,98.0,-1.7,-0.3,1.09,GOOD
1790983978641,7560,1887.0,-37.17119559224141,32000.0,99.2,98.0,-1.7,-0.3,1.09,GOOD
1790983978641,7561,1921.0,-61.022730637116794,32000.0,99.2,98.0,-1.7,-0.3,1.09,GOOD
1790983978641,7562,1913.0,-90.04053123767005,32000.0,99.2,98.0,-1.7,-0.3,1.09,GOOD
1790983978641,7563,1844.0,-108.50286154103686,32000.0,99.2,98.0,-1.7,-0.3,1.09,GOOD
1790983978641,7564,1812.0,-125.27155667148106,32000.0,99.2,98.0,-1.7,-0.3,1.09,GOOD
1790983978641,7565,1824.0,-145.57573218784137,32000.0,99.2,98.0,-1.7,-0.3,1.09,GOOD
1790983978641,7566,2214.0,-146.13022649669574,32000.0,99.2,98.0,-1.7,-0.3,1.09,GOOD
1790983978641,7567,2201.0,-88.94993356911174,32000.0,99.2,98.0,-1.7,-0.3,1.09,GOOD
1790983978641,7568,2182.0,20.462389124796594,32000.0,99.2,98.0,-1.7,-0.3,1.09,GOOD
1790983978641,7569,2169.0,128.7192417209071,32000.0,99.2,98.0,-1.7,-0.3,1.09,GOOD
1790983978641,7570,1915.0,187.36074418556007,32000.0,99.2,98.0,-1.7,-0.3,1.09,GOOD
1790983978641,7571,2015.0,172.8665554558767,32000.0,99.2,98.0,-1.7,-0.3,1.09,GOOD
1790983978641,7572,2013.0,99.45602462639162,32000.0,99.2,98.0,-1.7,-0.3,1.09,GOOD
1790983978641,7573,2000.0,14.614899281708709,32000.0,99.2,98.0,-1.7,-0.3,1.09,GOOD
1790983978641,7574,1870.0,-44.334631850350355,32000.0,99.2,98.0,-1.7,-0.3,1.09,GOOD
1790983978641,7575,1920.0,-69.49601491563024,32000.0,99.2,98.0,-1.7,-0.3,1.09,GOOD
1790983978836,7576,1935.0,-69.80065763611582,32000.0,99.2,98.0,-1.7,-0.2,1.08,GOOD
1790983978836,7577,1937.0,-63.5804229097432,32000.0,99.2,98.0,-1.7,-0.2,1.08,GOOD
1790983978836,7578,1735.0,-76.06260172313524,32000.0,99.2,98.0,-1.7,-0.2,1.08,GOOD
1790983978836,7579,1734.0,-120.28996463785067,32000.0,99.2,98.0,-1.7,-0.2,1.08,GOOD
1790983978836,7580,1745.0,-176.29311030728434,32000.0,99.2,98.0,-1.7,-0.2,1.08,GOOD
1790983978836,7581,1747.0,-214.44630981369053,32000.0,99.2,98.0,-1.7,-0.2,1.08,GOOD
1790983978836,7582,1877.0,-228.90340261655547,32000.0,99.2,98.0,-1.7,-0.2,1.08,GOOD
1790983978836,7583,1838.0,-223.84127920747918,32000.0,99.2,98.0,-1.7,-0.2,1.08,GOOD
1790983978836,7584,1837.0,-198.06204013941957,32000.0,99.2,98.0,-1.7,-0.2,1.08,GOOD
1790983978836,7585,1847.0,-154.7138166003058,32000.0,99.2,98.0,-1.7,-0.2,1.08,GOOD
1790983978836,7586,2232.0,-94.96231924762387,32000.0,99.2,98.0,-1.7,-0.2,1.08,GOOD
1790983978836,7587,2199.0,-11.687360553679099,32000.0,99.2,98.0,-1.7,-0.2,1.08,GOOD
1790983978836,7588,2194.0,84.20912756325552,32000.0,99.2,98.0,-1.7,-0.2,1.08,GOOD
1790983978836,7589,2204.0,167.135691361563,32000.0,99.2,98.0,-1.7,-0.2,1.08,GOOD
1790983978836,7590,2591.0,244.88357634158723,32000.0,99.2,98.0,-1.7,-0.2,1.08,GOOD
1790983978836,7591,2603.0,348.54138956453176,32000.0,99.2,98.0,-1.7,-0.2,1.08,GOOD
1790983978836,7592,2614.0,466.2253310618271,32000.0,99.2,98.0,-1.7,-0.2,1.08,GOOD
1790983978836,7593,2645.0,553.5451630501825,32000.0,99.2,98.0,-1.7,-0.2,1.08,GOOD
1790983978836,7594,1757.0,568.2660527665057,32000.0,99.2,98.0,-1.7,-0.2,1.08,GOOD
1790983978836,7595,1806.0,456.4457167184117,32000.0,99.2,98.0,-1.7,-0.2,1.08,GOOD
1790983978836,7596,1775.0,217.5404373840895,32000.0,99.2,98.0,-1.7,-0.2,1.08,GOOD
1790983978836,7597,1766.0,-56.72675754432332,32000.0,99.2,98.0,-1.7,-0.2,1.08,GOOD
1790983978836,7598,1856.0,-264.52554614112603,32000.0,99.2,98.0,-1.7,-0.2,1.08,GOOD
1790983978836,7599,1892.0,-340.6804123590832,32000.0,99.2,98.0,-1.7,-0.2,1.08,GOOD
1790983978836,7600,1923.0,-277.22998973588517,32000.0,99.2,98.0,-1.7,-0.2,1.08,GOOD
1790983978938,7601,1876.0,-147.2160194618072,32000.0,99.2,98.0,-1.7,-0.4,1.09,GOOD
1790983978938,7602,1836.0,-59.568616266964966,32000.0,99.2,98.0,-1.7,-0.4,1.09,GOOD
1790983978938,7603,1879.0,-64.66162739249322,32000.0,99.2,98.0,-1.7,-0.4,1.09,GOOD
1790983978938,7604,1957.0,-112.8351990939181,32000.0,99.2,98.0,-1.7,-0.4,1.09,GOOD
1790983978938,7605,1991.0,-122.14861053994473,32000.0,99.2,98.0,-1.7,-0.4,1.09,GOOD
1790983978938,7606,2045.0,-71.49801188695395,32000.0,99.2,98.0,-1.7,-0.4,1.09,GOOD
1790983978938,7607,1967.0,-8.533635767078465,32000.0,99.2,98.0,-1.7,-0.4,1.09,GOOD
1790983978938,7608,1954.0,16.009780581977612,32000.0,99.2,98.0,-1.7,-0.4,1.09,GOOD
1790983978938,7609,1971.0,3.1934609380230032,32000.0,99.2,98.0,-1.7,-0.4,1.09,GOOD
1790983978938,7610,2163.0,-2.2137149466028756,32000.0,99.2,98.0,-1.7,-0.4,1.09,GOOD
1790983978938,7611,2126.0,31.20146662859539,32000.0,99.2,98.0,-1.7,-0.4,1.09,GOOD
1790983978938,7612,2105.0,82.42250306260712,32000.0,99.2,98.0,-1.7,-0.4,1.09,GOOD
1790983978938,7613,2155.0,115.12151282334159,32000.0,99.2,98.0,-1.7,-0.4,1.09,GOOD
1790983978938,7614,1999.0,125.43104276899243,32000.0,99.2,98.0,-1.7,-0.4,1.09,GOOD
1790983978938,7615,2050.0,121.75534883645777,32000.0,99.2,98.0,-1.7,-0.4,1.09,GOOD
1790983978938,7616,2036.0,102.84088465733231,32000.0,99.2,98.0,-1.7,-0.4,1.09,GOOD
1790983978938,7617,2045.0,69.51641668796883,32000.0,99.2,98.0,-1.7,-0.4,1.09,GOOD
1790983978938,7618,2028.0,33.6002210287539,32000.0,99.2,98.0,-1.7,-0.4,1.09,GOOD
1790983978938,7619,2056.0,16.03386181905559,32000.0,99.2,98.0,-1.7,-0.4,1.09,GOOD
1790983978938,7620,2051.0,28.133879170686704,32000.0,99.2,98.0,-1.7,-0.4,1.09,GOOD
1790983978938,7621,2001.0,51.898974571226525,32000.0,99.2,98.0,-1.7,-0.4,1.09,GOOD
1790983978938,7622,2013.0,55.78149606236873,32000.0,99.2,98.0,-1.7,-0.4,1.09,GOOD
1790983978938,7623,2040.0,35.02501690093061,32000.0,99.2,98.0,-1.7,-0.4,1.09,GOOD
1790983978938,7624,2087.0,18.443727221092345,32000.0,99.2,98.0,-1.7,-0.4,1.09,GOOD
1790983978938,7625,2097.0,30.459240836342197,32000.0,99.2,98.0,-1.7,-0.4,1.09,GOOD
1790983979043,7626,2011.0,59.38904371189711,32000.0,99.2,98.0,-1.4,-0.2,1.08,LEAD_OFF
1790983979043,7627,1976.0,70.2406464975686,32000.0,99.2,98.0,-1.4,-0.2,1.08,LEAD_OFF
1790983979043,7628,1986.0,47.87247007845992,32000.0,99.2,98.0,-1.4,-0.2,1.08,LEAD_OFF
1790983979043,7629,2001.0,12.81934678011793,32000.0,99.2,98.0,-1.4,-0.2,1.08,LEAD_OFF
1790983979043,7630,2453.0,8.573043164367304,32000.0,99.2,98.0,-1.4,-0.2,1.08,LEAD_OFF
1790983979043,7631,2395.0,76.83712485001242,32000.0,99.2,98.0,-1.4,-0.2,1.08,LEAD_OFF
1790983979043,7632,2366.0,203.8151664676991,32000.0,99.2,98.0,-1.4,-0.2,1.08,LEAD_OFF
1790983979043,7633,2372.0,324.06738383861733,32000.0,99.2,98.0,-1.4,-0.2,1.08,LEAD_OFF
1790983979043,7634,2262.0,389.49200974809264,32000.0,99.2,98.0,-1.4,-0.2,1.08,LEAD_OFF
1790983979043,7635,2273.0,387.10364913562194,32000.0,99.2,98.0,-1.4,-0.2,1.08,LEAD_OFF
1790983979043,7636,2252.0,329.0996042722252,32000.0,99.2,98.0,-1.4,-0.2,1.08,LEAD_OFF
1790983979043,7637,2256.0,252.38213480681912,32000.0,99.2,98.0,-1.4,-0.2,1.08,LEAD_OFF
1790983979043,7638,2203.0,196.9238649276874,32000.0,99.2,98.0,-1.4,-0.2,1.08,LEAD_OFF
1790983979043,7639,2251.0,178.78293167180578,32000.0,99.2,98.0,-1.4,-0.2,1.08,LEAD_OFF
1790983979043,7640,2247.0,186.07789076027893,32000.0,99.2,98.0,-1.4,-0.2,1.08,LEAD_OFF
1790983979043,7641,2219.0,193.78183514988552,32000.0,99.2,98.0,-1.4,-0.2,1.08,LEAD_OFF
1790983979043,7642,2075.0,180.50124391304814,32000.0,99.2,98.0,-1.4,-0.2,1.08,LEAD_OFF
1790983979043,7643,2115.0,143.10650000655417,32000.0,99.2,98.0,-1.4,-0.2,1.08,LEAD_OFF
1790983979043,7644,2133.0,101.03229830361259,32000.0,99.2,98.0,-1.4,-0.2,1.08,LEAD_OFF
1790983979043,7645,2118.0,72.72758042603758,32000.0,99.2,98.0,-1.4,-0.2,1.08,LEAD_OFF
1790983979043,7646,2004.0,50.77587758551375,32000.0,99.2,98.0,-1.4,-0.2,1.08,LEAD_OFF
1790983979043,7647,1967.0,17.781879464976097,32000.0,99.2,98.0,-1.4,-0.2,1.08,LEAD_OFF
1790983979043,7648,1970.0,-23.43822884512857,32000.0,99.2,98.0,-1.4,-0.2,1.08,LEAD_OFF
1790983979043,7649,1984.0,-55.57496782051048,32000.0,99.2,98.0,-1.4,-0.2,1.08,LEAD_OFF
1790983979043,7650,2063.0,-70.70381656331537,32000.0,99.2,98.0,-1.4,-0.2,1.08,LEAD_OFF
1790983979135,7651,2002.0,-72.29552149678744,32000.0,99.2,98.0,-1.8,-0.2,1.08,GOOD
1790983979135,7652,1988.0,-66.30010752084155,32000.0,99.2,98.0,-1.8,-0.2,1.08,GOOD
1790983979135,7653,1995.0,-55.71525221443219,32000.0,99.2,98.0,-1.8,-0.2,1.08,GOOD
1790983979135,7654,2117.0,-38.66524686170647,32000.0,99.2,98.0,-1.8,-0.2,1.08,GOOD
1790983979135,7655,2096.0,-15.793298618404293,32000.0,99.2,98.0,-1.8,-0.2,1.08,GOOD
1790983979135,7656,2062.0,2.9820714631881433,32000.0,99.2,98.0,-1.8,-0.2,1.08,GOOD
1790983979135,7657,2056.0,10.799294392630843,32000.0,99.2,98.0,-1.8,-0.2,1.08,GOOD
1790983979135,7658,1960.0,11.384794981996508,32000.0,99.2,98.0,-1.8,-0.2,1.08,GOOD
1790983979135,7659,1982.0,2.0415773332885436,32000.0,99.2,98.0,-1.8,-0.2,1.08,GOOD
1790983979135,7660,1975.0,-25.98584661323443,32000.0,99.2,98.0,-1.8,-0.2,1.08,GOOD
1790983979135,7661,1961.0,-67.48018464792719,32000.0,99.2,98.0,-1.8,-0.2,1.08,GOOD
1790983979135,7662,1858.0,-105.42520051023875,32000.0,99.2,98.0,-1.8,-0.2,1.08,GOOD
1790983979135,7663,1912.0,-127.68096472562044,32000.0,99.2,98.0,-1.8,-0.2,1.08,GOOD
1790983979135,7664,1928.0,-132.97769456634663,32000.0,99.2,98.0,-1.8,-0.2,1.08,GOOD
1790983979135,7665,1911.0,-131.6312698042601,32000.0,99.2,98.0,-1.8,-0.2,1.08,GOOD
1790983979135,7666,1741.0,-143.33447571950376,32000.0,99.2,98.0,-1.8,-0.2,1.08,GOOD
1790983979135,7667,1763.0,-178.2763893690581,32000.0,99.2,98.0,-1.8,-0.2,1.08,GOOD
1790983979135,7668,1773.0,-219.7450167906415,32000.0,99.2,98.0,-1.8,-0.2,1.08,GOOD
1790983979135,7669,1785.0,-245.66604305344967,32000.0,99.2,98.0,-1.8,-0.2,1.08,GOOD
1790983979135,7670,1871.0,-253.88951459287563,32000.0,99.2,98.0,-1.8,-0.2,1.08,GOOD
1790983979135,7671,1835.0,-247.92363324685525,32000.0,99.2,98.0,-1.8,-0.2,1.08,GOOD
1790983979135,7672,1836.0,-225.8253275496927,32000.0,99.2,98.0,-1.8,-0.2,1.08,GOOD
1790983979135,7673,1838.0,-191.0985933871081,32000.0,99.2,98.0,-1.8,-0.2,1.08,GOOD
1790983979135,7674,2140.0,-147.54941654632205,32000.0,99.2,98.0,-1.8,-0.2,1.08,GOOD
1790983979135,7675,2103.0,-89.43573211566633,32000.0,99.2,98.0,-1.8,-0.2,1.08,GOOD
1790983979233,7676,2078.0,-21.25550059615349,32000.0,99.2,98.0,-1.8,-0.3,1.08,GOOD
1790983979233,7677,2091.0,39.35964615449781,32000.0,99.2,98.0,-1.8,-0.3,1.08,GOOD
1790983979233,7678,2078.0,84.60934324717378,32000.0,99.2,98.0,-1.8,-0.3,1.08,GOOD
1790983979233,7679,2072.0,108.06034613998783,32000.0,99.2,98.0,-1.8,-0.3,1.08,GOOD
1790983979233,7680,2047.0,97.18072305018968,32000.0,99.2,98.0,-1.8,-0.3,1.08,GOOD
1790983979233,7681,2047.0,57.549203793971294,32000.0,99.2,98.0,-1.8,-0.3,1.08,GOOD
1790983979233,7682,1836.0,12.6939617043449,32000.0,99.2,98.0,-1.8,-0.3,1.08,GOOD
1790983979233,7683,1856.0,-28.246864464691463,32000.0,99.2,98.0,-1.8,-0.3,1.08,GOOD
1790983979233,7684,1836.0,-73.19838323681522,32000.0,99.2,98.0,-1.8,-0.3,1.08,GOOD
1790983979233,7685,1796.0,-127.67138890996429,32000.0,99.2,98.0,-1.8,-0.3,1.08,GOOD
1790983979233,7686,1905.0,-181.269382056025,32000.0,99.2,98.0,-1.8,-0.3,1.08,GOOD
1790983979233,7687,1992.0,-198.94660839900038,32000.0,99.2,98.0,-1.8,-0.3,1.08,GOOD
1790983979233,7688,2057.0,-151.57246284241054,32000.0,99.2,98.0,-1.8,-0.3,1.08,GOOD
1790983979233,7689,2075.0,-58.61890826381208,32000.0,99.2,98.0,-1.8,-0.3,1.08,GOOD
1790983979233,7690,2047.0,25.894472518039063,32000.0,99.2,98.0,-1.8,-0.3,1.08,GOOD
1790983979233,7691,2004.0,63.61209511170034,32000.0,99.2,98.0,-1.8,-0.3,1.08,GOOD
1790983979233,7692,2003.0,57.92492219376744,32000.0,99.2,98.0,-1.8,-0.3,1.08,GOOD
1790983979233,7693,2008.0,36.54207812611571,32000.0,99.2,98.0,-1.8,-0.3,1.08,GOOD
1790983979233,7694,2093.0,21.368708404048544,32000.0,99.2,98.0,-1.8,-0.3,1.08,GOOD
1790983979233,7695,2015.0,17.078154116664216,32000.0,99.2,98.0,-1.8,-0.3,1.08,GOOD
1790983979233,7696,1986.0,15.468302192970226,32000.0,99.2,98.0,-1.8,-0.3,1.08,GOOD
1790983979233,7697,1993.0,10.91885924478548,32000.0,99.2,98.0,-1.8,-0.3,1.08,GOOD
1790983979233,7698,2170.0,14.352564301959951,32000.0,99.2,98.0,-1.8,-0.3,1.08,GOOD
1790983979233,7699,2150.0,39.72428076726058,32000.0,99.2,98.0,-1.8,-0.3,1.08,GOOD
1790983979233,7700,2127.0,77.95161840514328,32000.0,99.2,98.0,-1.8,-0.3,1.08,GOOD
1790983979333,7701,2126.0,107.65642764997158,32000.0,100.3,98.0,-1.7,-0.2,1.08,GOOD
1790983979333,7702,2108.0,123.94368817588966,32000.0,100.3,98.0,-1.7,-0.2,1.08,GOOD
1790983979333,7703,2137.0,131.78131250821372,32000.0,100.3,98.0,-1.7,-0.2,1.08,GOOD
1790983979333,7704,2136.0,129.6659433358484,32000.0,100.3,98.0,-1.7,-0.2,1.08,GOOD
1790983979333,7705,2135.0,116.3588675524085,32000.0,100.3,98.0,-1.7,-0.2,1.08,GOOD
1790983979333,7706,1892.0,92.33137149520769,32000.0,100.3,98.0,-1.7,-0.2,1.08,GOOD
1790983979333,7707,1925.0,52.09581707294263,32000.0,100.3,98.0,-1.7,-0.2,1.08,GOOD
1790983979333,7708,1926.0,-2.3500119429666917,32000.0,100.3,98.0,-1.7,-0.2,1.08,GOOD
1790983979333,7709,1913.0,-57.337212528661226,32000.0,100.3,98.0,-1.7,-0.2,1.08,GOOD
1790983979333,7710,1871.0,-104.56173903085379,32000.0,100.3,98.0,-1.7,-0.2,1.08,GOOD
1790983979333,7711,1945.0,-134.63475042452498,32000.0,100.3,98.0,-1.7,-0.2,1.08,GOOD
1790983979333,7712,2021.0,-128.24901073761052,32000.0,100.3,98.0,-1.7,-0.2,1.08,GOOD
1790983979333,7713,2041.0,-81.10174258093038,32000.0,100.3,98.0,-1.7,-0.2,1.08,GOOD
1790983979333,7714,1871.0,-28.569108386188596,32000.0,100.3,98.0,-1.7,-0.2,1.08,GOOD
1790983979333,7715,1848.0,-19.457009726665433,32000.0,100.3,98.0,-1.7,-0.2,1.08,GOOD
1790983979333,7716,1861.0,-59.341190557985854,32000.0,100.3,98.0,-1.7,-0.2,1.08,GOOD
1790983979333,7717,1860.0,-109.09546484562819,32000.0,100.3,98.0,-1.7,-0.2,1.08,GOOD
1790983979333,7718,2140.0,-128.60358851288808,32000.0,100.3,98.0,-1.7,-0.2,1.08,GOOD
1790983979333,7719,2096.0,-97.16500386314904,32000.0,100.3,98.0,-1.7,-0.2,1.08,GOOD
1790983979333,7720,2086.0,-25.977606027389648,32000.0,100.3,98.0,-1.7,-0.2,1.08,GOOD
1790983979333,7721,2079.0,49.739840442894405,32000.0,100.3,98.0,-1.7,-0.2,1.08,GOOD
1790983979333,7722,2151.0,106.10702473389222,32000.0,100.3,98.0,-1.7,-0.2,1.08,GOOD
1790983979333,7723,2150.0,136.950551479347,32000.0,100.3,98.0,-1.7,-0.2,1.08,GOOD
1790983979333,7724,2139.0,140.90068130172324,32000.0,100.3,98.0,-1.7,-0.2,1.08,GOOD
1790983979333,7725,2146.0,126.95834151263003,32000.0,100.3,98.0,-1.7,-0.2,1.08,GOOD
1790983979428,7726,2335.0,125.30088219120394,32000.0,100.3,98.0,-1.6,-0.2,1.08,GOOD
1790983979428,7727,2385.0,167.76138990905878,32000.0,100.3,98.0,-1.6,-0.2,1.08,GOOD
1790983979428,7728,2409.0,246.973879832562,32000.0,100.3,98.0,-1.6,-0.2,1.08,GOOD
1790983979428,7729,2428.0,321.9350566510418,32000.0,100.3,98.0,-1.6,-0.2,1.08,GOOD
1790983979428,7730,1896.0,347.29070682327415,32000.0,100.3,98.0,-1.6,-0.2,1.08,GOOD
1790983979428,7731,1897.0,282.94881959873584,32000.0,100.3,98.0,-1.6,-0.2,1.08,GOOD
1790983979428,7732,1872.0,135.34536969658393,32000.0,100.3,98.0,-1.6,-0.2,1.08,GOOD
1790983979428,7733,1835.0,-34.89324933867063,32000.0,100.3,98.0,-1.6,-0.2,1.08,GOOD
1790983979428,7734,1669.0,-179.42590569124042,32000.0,100.3,98.0,-1.6,-0.2,1.08,GOOD
1790983979428,7735,1654.0,-283.4309704139305,32000.0,100.3,98.0,-1.6,-0.2,1.08,GOOD
1790983979428,7736,1646.0,-339.0291665924219,32000.0,100.3,98.0,-1.6,-0.2,1.08,GOOD
1790983979428,7737,1612.0,-352.18912428237854,32000.0,100.3,98.0,-1.6,-0.2,1.08,GOOD
1790983979428,7738,2027.0,-339.77608736962713,32000.0,100.3,98.0,-1.6,-0.2,1.08,GOOD
1790983979428,7739,2010.0,-292.48503026333253,32000.0,100.3,98.0,-1.6,-0.2,1.08,GOOD
1790983979428,7740,2015.0,-196.66146732555387,32000.0,100.3,98.0,-1.6,-0.2,1.08,GOOD
1790983979428,7741,2028.0,-74.8449301209584,32000.0,100.3,98.0,-1.6,-0.2,1.08,GOOD
1790983979428,7742,2162.0,36.14437221513706,32000.0,100.3,98.0,-1.6,-0.2,1.08,GOOD
1790983979428,7743,2133.0,108.82916212099065,32000.0,100.3,98.0,-1.6,-0.2,1.08,GOOD
1790983979428,7744,2131.0,130.0712256003468,32000.0,100.3,98.0,-1.6,-0.2,1.08,GOOD
1790983979428,7745,2168.0,118.13307694053164,32000.0,100.3,98.0,-1.6,-0.2,1.08,GOOD
1790983979428,7746,2043.0,111.23948696514242,32000.0,100.3,98.0,-1.6,-0.2,1.08,GOOD
1790983979428,7747,2038.0,116.1108472571593,32000.0,100.3,98.0,-1.6,-0.2,1.08,GOOD
1790983979428,7748,2011.0,103.02253102570776,32000.0,100.3,98.0,-1.6,-0.2,1.08,GOOD
1790983979428,7749,2023.0,56.54562455384465,32000.0,100.3,98.0,-1.6,-0.2,1.08,GOOD
1790983979428,7750,2014.0,1.387627272264635,32000.0,100.3,98.0,-1.6,-0.2,1.08,GOOD
1790983979556,7751,2060.0,-22.381551248244772,32000.0,100.3,98.0,-1.7,-0.3,1.09,GOOD
1790983979556,7752,2050.0,-2.5804757962839684,32000.0,100.3,98.0,-1.7,-0.3,1.09,GOOD
1790983979556,7753,2025.0,30.467795025398672,32000.0,100.3,98.0,-1.7,-0.3,1.09,GOOD
1790983979556,7754,1921.0,35.11958588710513,32000.0,100.3,98.0,-1.7,-0.3,1.09,GOOD
1790983979556,7755,1942.0,1.6567194690932974,32000.0,100.3,98.0,-1.7,-0.3,1.09,GOOD
1790983979556,7756,1948.0,-40.429100531733596,32000.0,100.3,98.0,-1.7,-0.3,1.09,GOOD
1790983979556,7757,2107.0,-55.75872374866215,32000.0,100.3,98.0,-1.7,-0.3,1.09,GOOD
1790983979556,7758,2044.0,-36.27576098180571,32000.0,100.3,98.0,-1.7,-0.3,1.09,GOOD
1790983979556,7759,2033.0,-4.161045655135764,32000.0,100.3,98.0,-1.7,-0.3,1.09,GOOD
1790983979556,7760,2063.0,19.991197185540386,32000.0,100.3,98.0,-1.7,-0.3,1.09,GOOD
1790983979556,7761,2327.0,49.80157315147866,32000.0,100.3,98.0,-1.7,-0.3,1.09,GOOD
1790983979556,7762,2303.0,111.01589315699887,32000.0,100.3,98.0,-1.7,-0.3,1.09,GOOD
1790983979556,7763,2284.0,190.25794740678643,32000.0,100.3,98.0,-1.7,-0.3,1.09,GOOD
1790983979556,7764,2212.0,244.9793882953755,32000.0,100.3,98.0,-1.7,-0.3,1.09,GOOD
1790983979556,7765,2261.0,259.3249950150587,32000.0,100.3,98.0,-1.7,-0.3,1.09,GOOD
1790983979556,7766,2277.0,252.9739928548353,32000.0,100.3,98.0,-1.7,-0.3,1.09,GOOD
1790983979556,7767,2250.0,242.42458734337598,32000.0,100.3,98.0,-1.7,-0.3,1.09,GOOD
1790983979556,7768,2034.0,216.48761085880892,32000.0,100.3,98.0,-1.7,-0.3,1.09,GOOD
1790983979556,7769,2081.0,160.19640705069784,32000.0,100.3,98.0,-1.7,-0.3,1.09,GOOD
1790983979556,7770,2121.0,94.49056972452713,32000.0,100.3,98.0,-1.7,-0.3,1.09,GOOD
1790983979556,7771,2133.0,56.70322028990904,32000.0,100.3,98.0,-1.7,-0.3,1.09,GOOD
1790983979556,7772,2050.0,47.58327600553518,32000.0,100.3,98.0,-1.7,-0.3,1.09,GOOD
1790983979556,7773,2039.0,38.487380766425986,32000.0,100.3,98.0,-1.7,-0.3,1.09,GOOD
1790983979556,7774,2069.0,20.71435542595844,32000.0,100.3,98.0,-1.7,-0.3,1.09,GOOD
1790983979556,7775,2100.0,12.659981268321324,32000.0,100.3,98.0,-1.7,-0.3,1.09,GOOD
1790983979650,7776,2335.0,32.13918238282579,32000.0,100.3,98.0,-1.6,-0.2,1.08,GOOD
1790983979650,7777,2278.0,82.18836283973548,32000.0,100.3,98.0,-1.6,-0.2,1.08,GOOD
1790983979650,7778,2248.0,144.5457796866674,32000.0,100.3,98.0,-1.6,-0.2,1.08,GOOD
1790983979650,7779,2246.0,193.57765074068007,32000.0,100.3,98.0,-1.6,-0.2,1.08,GOOD
1790983979650,7780,2318.0,223.16897503674818,32000.0,100.3,98.0,-1.6,-0.2,1.08,GOOD
1790983979650,7781,2284.0,237.22003698202462,32000.0,100.3,98.0,-1.6,-0.2,1.08,GOOD
1790983979650,7782,2243.0,229.7546458755529,32000.0,100.3,98.0,-1.6,-0.2,1.08,GOOD
1790983979650,7783,2196.0,198.72079995808457,32000.0,100.3,98.0,-1.6,-0.2,1.08,GOOD
1790983979650,7784,2346.0,168.17531563241351,32000.0,100.3,98.0,-1.6,-0.2,1.08,GOOD
1790983979650,7785,2356.0,171.55961673319484,32000.0,100.3,98.0,-1.6,-0.2,1.08,GOOD
1790983979650,7786,2348.0,206.91104921210862,32000.0,100.3,98.0,-1.6,-0.2,1.08,GOOD
1790983979650,7787,2334.0,238.16466274341826,32000.0,100.3,98.0,-1.6,-0.2,1.08,GOOD
1790983979650,7788,1981.0,232.02076458662265,32000.0,100.3,98.0,-1.6,-0.2,1.08,GOOD
1790983979650,7789,2011.0,171.93011834111473,32000.0,100.3,98.0,-1.6,-0.2,1.08,GOOD
1790983979650,7790,2018.0,72.74345653161839,32000.0,100.3,98.0,-1.6,-0.2,1.08,GOOD
1790983979650,7791,2021.0,-26.87565806115603,32000.0,100.3,98.0,-1.6,-0.2,1.08,GOOD
1790983979650,7792,1814.0,-108.32918696336314,32000.0,100.3,98.0,-1.6,-0.2,1.08,GOOD
1790983979650,7793,1839.0,-175.24268305603297,32000.0,100.3,98.0,-1.6,-0.2,1.08,GOOD
1790983979650,7794,1871.0,-218.93131457041176,32000.0,100.3,98.0,-1.6,-0.2,1.08,GOOD
1790983979650,7795,1871.0,-228.27157756579373,32000.0,100.3,98.0,-1.6,-0.2,1.08,GOOD
1790983979650,7796,1956.0,-218.39091695057112,32000.0,100.3,98.0,-1.6,-0.2,1.08,GOOD
1790983979650,7797,1925.0,-208.5041944732907,32000.0,100.3,98.0,-1.6,-0.2,1.08,GOOD
1790983979650,7798,1935.0,-195.06549369028517,32000.0,100.3,98.0,-1.6,-0.2,1.08,GOOD
1790983979650,7799,1973.0,-165.2792895651814,32000.0,100.3,98.0,-1.6,-0.2,1.08,GOOD
1790983979650,7800,1934.0,-124.71036504218893,32000.0,100.3,98.0,-1.6,-0.2,1.08,GOOD
1790983979761,7801,1901.0,-104.02395144205933,32000.0,100.3,98.0,-1.7,-0.1,1.07,GOOD
1790983979761,7802,1884.0,-123.90110162020767,32000.0,100.3,98.0,-1.7,-0.1,1.07,GOOD
1790983979761,7803,2163.0,-152.55635213588317,32000.0,100.3,98.0,-1.7,-0.1,1.07,GOOD
1790983979761,7804,2173.0,-127.71533007553045,32000.0,100.3,98.0,-1.7,-0.1,1.07,GOOD
1790983979761,7805,2171.0,-38.758354457336836,32000.0,100.3,98.0,-1.7,-0.1,1.07,GOOD
1790983979761,7806,1923.0,46.588976917345555,32000.0,100.3,98.0,-1.7,-0.1,1.07,GOOD
1790983979761,7807,1941.0,57.52126516257627,32000.0,100.3,98.0,-1.7,-0.1,1.07,GOOD
1790983979761,7808,1953.0,-2.5748244180907705,32000.0,100.3,98.0,-1.7,-0.1,1.07,GOOD
1790983979761,7809,1965.0,-75.03059319026417,32000.0,100.3,98.0,-1.7,-0.1,1.07,GOOD
1790983979761,7810,1876.0,-123.24663227051626,32000.0,100.3,98.0,-1.7,-0.1,1.07,GOOD
1790983979761,7811,1894.0,-153.16340131676014,32000.0,100.3,98.0,-1.7,-0.1,1.07,GOOD
1790983979761,7812,1906.0,-172.13492697291122,32000.0,100.3,98.0,-1.7,-0.1,1.07,GOOD
1790983979761,7813,1911.0,-173.22759566651416,32000.0,100.3,98.0,-1.7,-0.1,1.07,GOOD
1790983979761,7814,1909.0,-158.41902408910704,32000.0,100.3,98.0,-1.7,-0.1,1.07,GOOD
1790983979761,7815,1866.0,-146.39230103218347,32000.0,100.3,98.0,-1.7,-0.1,1.07,GOOD
1790983979761,7816,1868.0,-151.82413599839222,32000.0,100.3,98.0,-1.7,-0.1,1.07,GOOD
1790983979761,7817,2083.0,-159.54782066135743,32000.0,100.3,98.0,-1.7,-0.1,1.07,GOOD
1790983979761,7818,2042.0,-135.07871308530525,32000.0,100.3,98.0,-1.7,-0.1,1.07,GOOD
1790983979761,7819,2022.0,-77.45729252575245,32000.0,100.3,98.0,-1.7,-0.1,1.07,GOOD
1790983979761,7820,2011.0,-25.525300173799938,32000.0,100.3,98.0,-1.7,-0.1,1.07,GOOD
1790983979761,7821,1997.0,-5.69722459016325,32000.0,100.3,98.0,-1.7,-0.1,1.07,GOOD
1790983979761,7822,2085.0,-8.756000615317163,32000.0,100.3,98.0,-1.7,-0.1,1.07,GOOD
1790983979761,7823,2082.0,-10.314654492369026,32000.0,100.3,98.0,-1.7,-0.1,1.07,GOOD
1790983979761,7824,2017.0,-2.2104482694573537,32000.0,100.3,98.0,-1.7,-0.1,1.07,GOOD
1790983979761,7825,2049.0,3.6235401627299706,32000.0,100.3,98.0,-1.7,-0.1,1.07,GOOD
1790983979857,7826,2066.0,3.2631788329529225,32000.0,100.3,98.0,-1.7,-0.4,1.09,GOOD
1790983979857,7827,2058.0,5.338178216514665,32000.0,100.3,98.0,-1.7,-0.4,1.09,GOOD
1790983979857,7828,1846.0,2.350712311411045,32000.0,100.3,98.0,-1.7,-0.4,1.09,GOOD
1790983979857,7829,1857.0,-30.72939566095779,32000.0,100.3,98.0,-1.7,-0.4,1.09,GOOD
1790983979857,7830,1871.0,-94.21510693387,32000.0,100.3,98.0,-1.7,-0.4,1.09,GOOD
1790983979857,7831,1972.0,-150.4842018274161,32000.0,100.3,98.0,-1.7,-0.4,1.09,GOOD
1790983979857,7832,1924.0,-166.95514834565697,32000.0,100.3,98.0,-1.7,-0.4,1.09,GOOD
1790983979857,7833,1913.0,-149.1879462301962,32000.0,100.3,98.0,-1.7,-0.4,1.09,GOOD
1790983979857,7834,1886.0,-124.76571888869627,32000.0,100.3,98.0,-1.7,-0.4,1.09,GOOD
1790983979857,7835,2125.0,-102.95389422313428,32000.0,100.3,98.0,-1.7,-0.4,1.09,GOOD
1790983979857,7836,2092.0,-66.97558411264228,32000.0,100.3,98.0,-1.7,-0.4,1.09,GOOD
1790983979857,7837,2078.0,-14.287502992133497,32000.0,100.3,98.0,-1.7,-0.4,1.09,GOOD
1790983979857,7838,2076.0,31.886257595303483,32000.0,100.3,98.0,-1.7,-0.4,1.09,GOOD
1790983979857,7839,2240.0,63.92099129492882,32000.0,100.3,98.0,-1.7,-0.4,1.09,GOOD
1790983979857,7840,2247.0,99.73343861793009,32000.0,100.3,98.0,-1.7,-0.4,1.09,GOOD
1790983979857,7841,2253.0,145.017725216729,32000.0,100.3,98.0,-1.7,-0.4,1.09,GOOD
1790983979857,7842,2086.0,177.00596187657524,32000.0,100.3,98.0,-1.7,-0.4,1.09,GOOD
1790983979857,7843,2121.0,172.6118076066655,32000.0,100.3,98.0,-1.7,-0.4,1.09,GOOD
1790983979857,7844,2127.0,139.09903282327554,32000.0,100.3,98.0,-1.7,-0.4,1.09,GOOD
1790983979857,7845,2132.0,102.2415722814875,32000.0,100.3,98.0,-1.7,-0.4,1.09,GOOD
1790983979857,7846,1893.0,66.13348848830219,32000.0,100.3,98.0,-1.7,-0.4,1.09,GOOD
1790983979857,7847,1919.0,12.779631869840165,32000.0,100.3,98.0,-1.7,-0.4,1.09,GOOD
1790983979857,7848,1939.0,-52.91637335342632,32000.0,100.3,98.0,-1.7,-0.4,1.09,GOOD
1790983979857,7849,1954.0,-100.23881959918799,32000.0,100.3,98.0,-1.7,-0.4,1.09,GOOD
1790983979857,7850,2074.0,-112.2595882910127,32000.0,100.3,98.0,-1.7,-0.4,1.09,GOOD
1790983979951,7851,2033.0,-92.80948192211748,32000.0,100.3,98.0,-1.7,-0.2,1.08,GOOD
1790983979951,7852,2018.0,-55.98073996989559,32000.0,100.3,98.0,-1.7,-0.2,1.08,GOOD
1790983979951,7853,2133.0,-14.963720517099622,32000.0,100.3,98.0,-1.7,-0.2,1.08,GOOD
1790983979951,7854,2105.0,26.290601359678504,32000.0,100.3,98.0,-1.7,-0.2,1.08,GOOD
1790983979951,7855,2085.0,57.23026967945445,32000.0,100.3,98.0,-1.7,-0.2,1.08,GOOD
1790983979951,7856,2101.0,63.745342663225884,32000.0,100.3,98.0,-1.7,-0.2,1.08,GOOD
1790983979951,7857,2103.0,54.212790787922,32000.0,100.3,98.0,-1.7,-0.2,1.08,GOOD
1790983979951,7858,2121.0,50.757265124374335,32000.0,100.3,98.0,-1.7,-0.2,1.08,GOOD
1790983979951,7859,2118.0,59.93237220718268,32000.0,100.3,98.0,-1.7,-0.2,1.08,GOOD
1790983979951,7860,2000.0,64.67711190527207,32000.0,100.3,98.0,-1.7,-0.2,1.08,GOOD
1790983979951,7861,2036.0,45.65371861824851,32000.0,100.3,98.0,-1.7,-0.2,1.08,GOOD
1790983979951,7862,2062.0,12.045925444513104,32000.0,100.3,98.0,-1.7,-0.2,1.08,GOOD
1790983979951,7863,2073.0,-7.716088328163386,32000.0,100.3,98.0,-1.7,-0.2,1.08,GOOD
1790983979951,7864,1861.0,-12.707902716150322,32000.0,100.3,98.0,-1.7,-0.2,1.08,GOOD
1790983979951,7865,1870.0,-35.396392905242536,32000.0,100.3,98.0,-1.7,-0.2,1.08,GOOD
1790983979951,7866,1879.0,-88.09100771973694,32000.0,100.3,98.0,-1.7,-0.2,1.08,GOOD
1790983979951,7867,1891.0,-142.54222745617705,32000.0,100.3,98.0,-1.7,-0.2,1.08,GOOD
1790983979951,7868,2115.0,-162.6550946295971,32000.0,100.3,98.0,-1.7,-0.2,1.08,GOOD
1790983979951,7869,2099.0,-128.5262138293231,32000.0,100.3,98.0,-1.7,-0.2,1.08,GOOD
1790983979951,7870,2089.0,-53.719975188295926,32000.0,100.3,98.0,-1.7,-0.2,1.08,GOOD
1790983979951,7871,2506.0,38.37562197596439,32000.0,100.3,98.0,-1.7,-0.2,1.08,GOOD
1790983979951,7872,2439.0,152.8944403758393,32000.0,100.3,98.0,-1.7,-0.2,1.08,GOOD
1790983979951,7873,2402.0,278.0730841717329,32000.0,100.3,98.0,-1.7,-0.2,1.08,GOOD
1790983979951,7874,2369.0,363.69240907601693,32000.0,100.3,98.0,-1.7,-0.2,1.08,GOOD
1790983979951,7875,1942.0,368.14598551277896,32000.0,100.3,98.0,-1.7,-0.2,1.08,GOOD
1790983980035,7876,1936.0,274.3543109103166,32000.0,95.6,98.0,-1.6,-0.2,1.07,GOOD
1790983980035,7877,1925.0,109.25439362949173,32000.0,95.6,98.0,-1.6,-0.2,1.07,GOOD
1790983980035,7878,1633.0,-68.44442583512577,32000.0,95.6,98.0,-1.6,-0.2,1.07,GOOD
1790983980035,7879,1689.0,-224.81508927513468,32000.0,95.6,98.0,-1.6,-0.2,1.07,GOOD
1790983980035,7880,1718.0,-337.5193124242339,32000.0,95.6,98.0,-1.6,-0.2,1.07,GOOD
1790983980035,7881,1731.0,-381.0712825756299,32000.0,95.6,98.0,-1.6,-0.2,1.07,GOOD
1790983980035,7882,1954.0,-356.8891652745815,32000.0,95.6,98.0,-1.6,-0.2,1.07,GOOD
1790983980035,7883,1910.0,-288.5112782708429,32000.0,95.6,98.0,-1.6,-0.2,1.07,GOOD
1790983980035,7884,1925.0,-206.40573522493133,32000.0,95.6,98.0,-1.6,-0.2,1.07,GOOD
1790983980035,7885,1931.0,-136.79274008331424,32000.0,95.6,98.0,-1.6,-0.2,1.07,GOOD
1790983980035,7886,1991.0,-87.00478678414956,32000.0,95.6,98.0,-1.6,-0.2,1.07,GOOD
1790983980035,7887,1940.0,-57.68640804459291,32000.0,95.6,98.0,-1.6,-0.2,1.07,GOOD
1790983980035,7888,1926.0,-55.64653231158541,32000.0,95.6,98.0,-1.6,-0.2,1.07,GOOD
1790983980035,7889,1940.0,-76.47122201816723,32000.0,95.6,98.0,-1.6,-0.2,1.07,GOOD
1790983980035,7890,2240.0,-83.3683592215609,32000.0,95.6,98.0,-1.6,-0.2,1.07,GOOD
1790983980035,7891,2226.0,-32.33528209835722,32000.0,95.6,98.0,-1.6,-0.2,1.07,GOOD
1790983980035,7892,2231.0,67.44103560355845,32000.0,95.6,98.0,-1.6,-0.2,1.07,GOOD
1790983980035,7893,2121.0,155.07112798249457,32000.0,95.6,98.0,-1.6,-0.2,1.07,GOOD
1790983980035,7894,2159.0,187.79248856568384,32000.0,95.6,98.0,-1.6,-0.2,1.07,GOOD
1790983980035,7895,2162.0,175.6266909269969,32000.0,95.6,98.0,-1.6,-0.2,1.07,GOOD
1790983980035,7896,2145.0,148.88833352524182,32000.0,95.6,98.0,-1.6,-0.2,1.07,GOOD
1790983980035,7897,1978.0,115.14516716550212,32000.0,95.6,98.0,-1.6,-0.2,1.07,GOOD
1790983980035,7898,2007.0,64.9543209927707,32000.0,95.6,98.0,-1.6,-0.2,1.07,GOOD
1790983980035,7899,2039.0,10.15463602912181,32000.0,95.6,98.0,-1.6,-0.2,1.07,GOOD
1790983980035,7900,2034.0,-21.168440617515703,32000.0,95.6,98.0,-1.6,-0.2,1.07,GOOD
1790983980161,7901,1998.0,-25.908777177188803,32000.0,95.6,98.0,-1.7,-0.4,1.09,GOOD
1790983980161,7902,2008.0,-25.298270287939786,32000.0,95.6,98.0,-1.7,-0.4,1.09,GOOD
1790983980161,7903,2029.0,-29.074219598378193,32000.0,95.6,98.0,-1.7,-0.4,1.09,GOOD
1790983980161,7904,2053.0,-27.227591612462575,32000.0,95.6,98.0,-1.7,-0.4,1.09,GOOD
1790983980161,7905,2145.0,-9.281318739764778,32000.0,95.6,98.0,-1.7,-0.4,1.09,GOOD
1790983980161,7906,2135.0,23.33053950746194,32000.0,95.6,98.0,-1.7,-0.4,1.09,GOOD
1790983980161,7907,2094.0,56.432908446544076,32000.0,95.6,98.0,-1.7,-0.4,1.09,GOOD
1790983980161,7908,2084.0,74.4532369517833,32000.0,95.6,98.0,-1.7,-0.4,1.09,GOOD
1790983980161,7909,2250.0,82.06601809755503,32000.0,95.6,98.0,-1.7,-0.4,1.09,GOOD
1790983980161,7910,2221.0,99.86970875780432,32000.0,95.6,98.0,-1.7,-0.4,1.09,GOOD
1790983980161,7911,2229.0,130.4270672565948,32000.0,95.6,98.0,-1.7,-0.4,1.09,GOOD
1790983980161,7912,2228.0,157.06837066426266,32000.0,95.6,98.0,-1.7,-0.4,1.09,GOOD
1790983980161,7913,2321.0,176.84646162570994,32000.0,95.6,98.0,-1.7,-0.4,1.09,GOOD
1790983980161,7914,2341.0,202.74825337310835,32000.0,95.6,98.0,-1.7,-0.4,1.09,GOOD
1790983980161,7915,2339.0,235.8909971219794,32000.0,95.6,98.0,-1.7,-0.4,1.09,GOOD
1790983980161,7916,2337.0,260.7208141220584,32000.0,95.6,98.0,-1.7,-0.4,1.09,GOOD
1790983980161,7917,2269.0,266.155960499271,32000.0,95.6,98.0,-1.7,-0.4,1.09,GOOD
1790983980161,7918,2304.0,255.36744319286476,32000.0,95.6,98.0,-1.7,-0.4,1.09,GOOD
1790983980161,7919,2308.0,239.4836263106171,32000.0,95.6,98.0,-1.7,-0.4,1.09,GOOD
1790983980161,7920,2307.0,225.74212248907455,32000.0,95.6,98.0,-1.7,-0.4,1.09,GOOD
1790983980161,7921,2183.0,208.61193178604233,32000.0,95.6,98.0,-1.7,-0.4,1.09,GOOD
1790983980161,7922,2203.0,179.66154125712242,32000.0,95.6,98.0,-1.7,-0.4,1.09,GOOD
1790983980161,7923,2222.0,146.40093462666044,32000.0,95.6,98.0,-1.7,-0.4,1.09,GOOD
1790983980161,7924,2228.0,124.62813573934324,32000.0,95.6,98.0,-1.7,-0.4,1.09,GOOD
1790983980161,7925,2217.0,115.23917956193237,32000.0,95.6,98.0,-1.7,-0.4,1.09,GOOD
1790983980261,7926,2188.0,107.91972059455794,32000.0,95.6,98.0,-1.7,-0.3,1.08,GOOD
1790983980261,7927,2170.0,98.6169586505363,32000.0,95.6,98.0,-1.7,-0.3,1.08,GOOD
1790983980261,7928,2168.0,90.19840607723768,32000.0,95.6,98.0,-1.7,-0.3,1.08,GOOD
1790983980261,7929,2225.0,84.61197372476838,32000.0,95.6,98.0,-1.7,-0.3,1.08,GOOD
1790983980261,7930,2193.0,80.6569222284515,32000.0,95.6,98.0,-1.7,-0.3,1.08,GOOD
1790983980261,7931,2187.0,75.90775380274505,32000.0,95.6,98.0,-1.7,-0.3,1.08,GOOD
1790983980261,7932,2190.0,72.27077915665512,32000.0,95.6,98.0,-1.7,-0.3,1.08,GOOD
1790983980261,7933,2180.0,74.51390570674525,32000.0,95.6,98.0,-1.7,-0.3,1.08,GOOD
1790983980261,7934,2150.0,77.32519071608658,32000.0,95.6,98.0,-1.7,-0.3,1.08,GOOD
1790983980261,7935,2174.0,68.55411326246045,32000.0,95.6,98.0,-1.7,-0.3,1.08,GOOD
1790983980261,7936,2175.0,49.720017684274865,32000.0,95.6,98.0,-1.7,-0.3,1.08,GOOD
1790983980261,7937,2027.0,30.936213923495778,32000.0,95.6,98.0,-1.7,-0.3,1.08,GOOD
1790983980261,7938,2048.0,9.585792824836188,32000.0,95.6,98.0,-1.7,-0.3,1.08,GOOD
1790983980261,7939,2039.0,-20.765796756725866,32000.0,95.6,98.0,-1.7,-0.3,1.08,GOOD
1790983980261,7940,2031.0,-56.38404658778722,32000.0,95.6,98.0,-1.7,-0.3,1.08,GOOD
1790983980261,7941,1894.0,-93.81037843638288,32000.0,95.6,98.0,-1.7,-0.3,1.08,GOOD
1790983980261,7942,1919.0,-133.29927557353867,32000.0,95.6,98.0,-1.7,-0.3,1.08,GOOD
1790983980261,7943,1934.0,-166.67399539426987,32000.0,95.6,98.0,-1.7,-0.3,1.08,GOOD
1790983980261,7944,1927.0,-184.1591216280014,32000.0,95.6,98.0,-1.7,-0.3,1.08,GOOD
1790983980261,7945,1868.0,-193.0670951508289,32000.0,95.6,98.0,-1.7,-0.3,1.08,GOOD
1790983980261,7946,1874.0,-206.799951077547,32000.0,95.6,98.0,-1.7,-0.3,1.08,GOOD
1790983980261,7947,1898.0,-221.07880016615286,32000.0,95.6,98.0,-1.7,-0.3,1.08,GOOD
1790983980261,7948,1903.0,-221.72941095844305,32000.0,95.6,98.0,-1.7,-0.3,1.08,GOOD
1790983980261,7949,2037.0,-204.2822757065072,32000.0,95.6,98.0,-1.7,-0.3,1.08,GOOD
1790983980261,7950,2011.0,-172.3132351575572,32000.0,95.6,98.0,-1.7,-0.3,1.08,GOOD
1790983980375,7951,2003.0,-134.0731619681685,32000.0,95.6,98.0,-1.7,-0.3,1.08,GOOD
1790983980375,7952,2142.0,-94.51919583086512,32000.0,95.6,98.0,-1.7,-0.3,1.08,GOOD
1790983980375,7953,2135.0,-47.46909685959614,32000.0,95.6,98.0,-1.7,-0.3,1.08,GOOD
1790983980375,7954,2113.0,1.6613978401982823,32000.0,95.6,98.0,-1.7,-0.3,1.08,GOOD
1790983980375,7955,2102.0,30.275855433689,32000.0,95.6,98.0,-1.7,-0.3,1.08,GOOD
1790983980375,7956,1962.0,25.612950034228845,32000.0,95.6,98.0,-1.7,-0.3,1.08,GOOD
1790983980375,7957,1988.0,-7.325833140520588,32000.0,95.6,98.0,-1.7,-0.3,1.08,GOOD
1790983980375,7958,1983.0,-51.97820410169713,32000.0,95.6,98.0,-1.7,-0.3,1.08,GOOD
1790983980375,7959,1979.0,-91.41014602021967,32000.0,95.6,98.0,-1.7,-0.3,1.08,GOOD
1790983980375,7960,1977.0,-118.97842979143194,32000.0,95.6,98.0,-1.7,-0.3,1.08,GOOD
1790983980375,7961,2001.0,-130.50465553475493,32000.0,95.6,98.0,-1.7,-0.3,1.08,GOOD
1790983980375,7962,2031.0,-119.81181978206509,32000.0,95.6,98.0,-1.7,-0.3,1.08,GOOD
1790983980375,7963,2024.0,-91.3755512327408,32000.0,95.6,98.0,-1.7,-0.3,1.08,GOOD
1790983980375,7964,1826.0,-72.25948373781716,32000.0,95.6,98.0,-1.7,-0.3,1.08,GOOD
1790983980375,7965,1823.0,-95.4068428556518,32000.0,95.6,98.0,-1.7,-0.3,1.08,GOOD
1790983980375,7966,1831.0,-157.32710548605704,32000.0,95.6,98.0,-1.7,-0.3,1.08,GOOD
1790983980375,7967,1832.0,-218.51128776925742,32000.0,95.6,98.0,-1.7,-0.3,1.08,GOOD
1790983980375,7968,2003.0,-244.89424350812925,32000.0,95.6,98.0,-1.7,-0.3,1.08,GOOD
1790983980375,7969,1978.0,-224.84257845981412,32000.0,95.6,98.0,-1.7,-0.3,1.08,GOOD
1790983980375,7970,1975.0,-171.47266715589615,32000.0,95.6,98.0,-1.7,-0.3,1.08,GOOD
1790983980375,7971,1980.0,-113.37123179747509,32000.0,95.6,98.0,-1.7,-0.3,1.08,GOOD
1790983980375,7972,2126.0,-65.88648637304746,32000.0,95.6,98.0,-1.7,-0.3,1.08,GOOD
1790983980375,7973,2106.0,-25.744368842321695,32000.0,95.6,98.0,-1.7,-0.3,1.08,GOOD
1790983980375,7974,2093.0,6.510586089722057,32000.0,95.6,98.0,-1.7,-0.3,1.08,GOOD
1790983980375,7975,2093.0,25.06102143199257,32000.0,95.6,98.0,-1.7,-0.3,1.08,GOOD
1790983980454,7976,2057.0,33.14564594011962,32000.0,95.6,98.0,-1.7,-0.3,1.08,GOOD
1790983980454,7977,2057.0,34.48387679329866,32000.0,95.6,98.0,-1.7,-0.3,1.08,GOOD
1790983980454,7978,2056.0,24.785368223205367,32000.0,95.6,98.0,-1.7,-0.3,1.08,GOOD
1790983980454,7979,2058.0,3.8071341142824373,32000.0,95.6,98.0,-1.7,-0.3,1.08,GOOD
1790983980454,7980,2005.0,-18.42117753255283,32000.0,95.6,98.0,-1.7,-0.3,1.08,GOOD
1790983980454,7981,2021.0,-31.399328023382743,32000.0,95.6,98.0,-1.7,-0.3,1.08,GOOD
1790983980454,7982,2027.0,-33.411227058860476,32000.0,95.6,98.0,-1.7,-0.3,1.08,GOOD
1790983980454,7983,2027.0,-32.22435381410399,32000.0,95.6,98.0,-1.7,-0.3,1.08,GOOD
1790983980454,7984,1896.0,-41.572870827851744,32000.0,95.6,98.0,-1.7,-0.3,1.08,GOOD
1790983980454,7985,1910.0,-69.6284156002882,32000.0,95.6,98.0,-1.7,-0.3,1.08,GOOD
1790983980454,7986,1914.0,-105.088527977983,32000.0,95.6,98.0,-1.7,-0.3,1.08,GOOD
1790983980454,7987,1910.0,-129.76535841680254,32000.0,95.6,98.0,-1.7,-0.3,1.08,GOOD
1790983980454,7988,1890.0,-143.1357246509075,32000.0,95.6,98.0,-1.7,-0.3,1.08,GOOD
1790983980454,7989,1893.0,-154.58630217243712,32000.0,95.6,98.0,-1.7,-0.3,1.08,GOOD
1790983980454,7990,1905.0,-162.0094170135786,32000.0,95.6,98.0,-1.7,-0.3,1.08,GOOD
1790983980454,7991,1914.0,-156.0872872227737,32000.0,95.6,98.0,-1.7,-0.3,1.08,GOOD
1790983980454,7992,2088.0,-132.23763080501726,32000.0,95.6,98.0,-1.7,-0.3,1.08,GOOD
1790983980454,7993,2058.0,-90.83499330825397,32000.0,95.6,98.0,-1.7,-0.3,1.08,GOOD
1790983980454,7994,2054.0,-42.20823909871686,32000.0,95.6,98.0,-1.7,-0.3,1.08,GOOD
1790983980454,7995,2063.0,-1.220515274904658,32000.0,95.6,98.0,-1.7,-0.3,1.08,GOOD
1790983980454,7996,2064.0,27.60611720552039,32000.0,95.6,98.0,-1.7,-0.3,1.08,GOOD
1790983980454,7997,2056.0,42.63038742262597,32000.0,95.6,98.0,-1.7,-0.3,1.08,GOOD
1790983980454,7998,2040.0,38.17850744162709,32000.0,95.6,98.0,-1.7,-0.3,1.08,GOOD
1790983980454,7999,2051.0,17.881870135905217,32000.0,95.6,98.0,-1.7,-0.3,1.08,GOOD
1790983980454,8000,2092.0,1.6839759797018026,32000.0,95.6,98.0,-1.7,-0.3,1.08,GOOD
1790983980678,8001,2104.0,8.311553050401365,32000.0,102.9,98.0,-1.7,-0.3,1.08,GOOD
1790983980678,8002,2092.0,32.77274794450939,32000.0,102.9,98.0,-1.7,-0.3,1.08,GOOD
1790983980678,8003,1918.0,45.7598203769238,32000.0,102.9,98.0,-1.7,-0.3,1.08,GOOD
1790983980678,8004,1949.0,21.44833932689551,32000.0,102.9,98.0,-1.7,-0.3,1.08,GOOD
1790983980678,8005,1976.0,-28.55568246506487,32000.0,102.9,98.0,-1.7,-0.3,1.08,GOOD
1790983980678,8006,1985.0,-68.10016803108294,32000.0,102.9,98.0,-1.7,-0.3,1.08,GOOD
1790983980678,8007,1956.0,-82.38432471609772,32000.0,102.9,98.0,-1.7,-0.3,1.08,GOOD
1790983980678,8008,1938.0,-84.09950849996974,32000.0,102.9,98.0,-1.7,-0.3,1.08,GOOD
1790983980678,8009,1941.0,-84.98855941907304,32000.0,102.9,98.0,-1.7,-0.3,1.08,GOOD
1790983980678,8010,1940.0,-84.5917662215123,32000.0,102.9,98.0,-1.7,-0.3,1.08,GOOD
1790983980678,8011,2087.0,-76.51118131690251,32000.0,102.9,98.0,-1.7,-0.3,1.08,GOOD
1790983980678,8012,2060.0,-54.207077561824065,32000.0,102.9,98.0,-1.7,-0.3,1.08,GOOD
1790983980678,8013,2061.0,-21.105010828942227,32000.0,102.9,98.0,-1.7,-0.3,1.08,GOOD
1790983980678,8014,2060.0,11.270822704721379,32000.0,102.9,98.0,-1.7,-0.3,1.08,GOOD
1790983980678,8015,2178.0,40.91717684013114,32000.0,102.9,98.0,-1.7,-0.3,1.08,GOOD
1790983980678,8016,2165.0,73.1645004983847,32000.0,102.9,98.0,-1.7,-0.3,1.08,GOOD
1790983980678,8017,2156.0,102.28167664818312,32000.0,102.9,98.0,-1.7,-0.3,1.08,GOOD
1790983980678,8018,2159.0,117.5358733597665,32000.0,102.9,98.0,-1.7,-0.3,1.08,GOOD
1790983980678,8019,2052.0,118.45328715401712,32000.0,102.9,98.0,-1.7,-0.3,1.08,GOOD
1790983980678,8020,2060.0,105.92524140280644,32000.0,102.9,98.0,-1.7,-0.3,1.08,GOOD
1790983980678,8021,2051.0,78.21302664577047,32000.0,102.9,98.0,-1.7,-0.3,1.08,GOOD
1790983980678,8022,1976.0,37.58297133334067,32000.0,102.9,98.0,-1.7,-0.3,1.08,GOOD
1790983980678,8023,1987.0,-8.544475748175923,32000.0,102.9,98.0,-1.7,-0.3,1.08,GOOD
1790983980678,8024,2004.0,-43.535798755027244,32000.0,102.9,98.0,-1.7,-0.3,1.08,GOOD
1790983980678,8025,2004.0,-52.63922365551061,32000.0,102.9,98.0,-1.7,-0.3,1.08,GOOD
1790983980679,8026,1973.0,-44.25134098088786,32000.0,102.9,98.0,-1.7,-0.3,1.08,GOOD
1790983980679,8027,1958.0,-41.45860145587375,32000.0,102.9,98.0,-1.7,-0.3,1.08,GOOD
1790983980679,8028,1961.0,-52.9446869281537,32000.0,102.9,98.0,-1.7,-0.3,1.08,GOOD
1790983980679,8029,1967.0,-66.16967640191005,32000.0,102.9,98.0,-1.7,-0.3,1.08,GOOD
1790983980679,8030,2080.0,-64.38469365145892,32000.0,102.9,98.0,-1.7,-0.3,1.08,GOOD
1790983980679,8031,2058.0,-42.10653802135247,32000.0,102.9,98.0,-1.7,-0.3,1.08,GOOD
1790983980679,8032,2050.0,-11.093888823578595,32000.0,102.9,98.0,-1.7,-0.3,1.08,GOOD
1790983980679,8033,2099.0,14.69064038901928,32000.0,102.9,98.0,-1.7,-0.3,1.08,GOOD
1790983980679,8034,2113.0,37.3661474470599,32000.0,102.9,98.0,-1.7,-0.3,1.08,GOOD
1790983980679,8035,2109.0,61.329441513269224,32000.0,102.9,98.0,-1.7,-0.3,1.08,GOOD
1790983980679,8036,2104.0,77.87532546189334,32000.0,102.9,98.0,-1.7,-0.3,1.08,GOOD
1790983980679,8037,1989.0,74.47054793591019,32000.0,102.9,98.0,-1.7,-0.3,1.08,GOOD
1790983980679,8038,2002.0,48.1125237001718,32000.0,102.9,98.0,-1.7,-0.3,1.08,GOOD
1790983980679,8039,2010.0,12.168058348536812,32000.0,102.9,98.0,-1.7,-0.3,1.08,GOOD
1790983980679,8040,2001.0,-15.74505617609012,32000.0,102.9,98.0,-1.7,-0.3,1.08,GOOD
1790983980679,8041,2016.0,-31.779389581363603,32000.0,102.9,98.0,-1.7,-0.3,1.08,GOOD
1790983980679,8042,2030.0,-38.30454805185393,32000.0,102.9,98.0,-1.7,-0.3,1.08,GOOD
1790983980679,8043,2055.0,-31.670634590653684,32000.0,102.9,98.0,-1.7,-0.3,1.08,GOOD
1790983980679,8044,2479.0,6.404351626162393,32000.0,102.9,98.0,-1.7,-0.3,1.08,GOOD
1790983980679,8045,2471.0,101.97912719461739,32000.0,102.9,98.0,-1.7,-0.3,1.08,GOOD
1790983980679,8046,2474.0,240.7167165128329,32000.0,102.9,98.0,-1.7,-0.3,1.08,GOOD
1790983980679,8047,2350.0,361.039893717803,32000.0,102.9,98.0,-1.7,-0.3,1.08,GOOD
1790983980679,8048,2328.0,414.8907405592475,32000.0,102.9,98.0,-1.7,-0.3,1.08,GOOD
1790983980679,8049,2294.0,398.14031003731304,32000.0,102.9,98.0,-1.7,-0.3,1.08,GOOD
1790983980679,8050,2245.0,332.05367205489654,32000.0,102.9,98.0,-1.7,-0.3,1.08,GOOD
1790983980835,8051,1754.0,226.250554471951,32000.0,102.9,98.0,-1.7,-0.2,1.08,GOOD
1790983980835,8052,1793.0,74.26025085131194,32000.0,102.9,98.0,-1.7,-0.2,1.08,GOOD
1790983980835,8053,1794.0,-94.74676813056539,32000.0,102.9,98.0,-1.7,-0.2,1.08,GOOD
1790983980835,8054,1771.0,-223.51837503995364,32000.0,102.9,98.0,-1.7,-0.2,1.08,GOOD
1790983980835,8055,1897.0,-289.67937178342396,32000.0,102.9,98.0,-1.7,-0.2,1.08,GOOD
1790983980835,8056,1944.0,-296.64602468941257,32000.0,102.9,98.0,-1.7,-0.2,1.08,GOOD
1790983980835,8057,1992.0,-245.81401142295675,32000.0,102.9,98.0,-1.7,-0.2,1.08,GOOD
1790983980835,8058,1974.0,-154.97703592845062,32000.0,102.9,98.0,-1.7,-0.2,1.08,GOOD
1790983980835,8059,1958.0,-69.41616010018753,32000.0,102.9,98.0,-1.7,-0.2,1.08,GOOD
1790983980835,8060,1952.0,-33.62547701073863,32000.0,102.9,98.0,-1.7,-0.2,1.08,GOOD
1790983980835,8061,1972.0,-50.89381395435942,32000.0,102.9,98.0,-1.7,-0.2,1.08,GOOD
1790983980835,8062,2028.0,-80.04893942045317,32000.0,102.9,98.0,-1.7,-0.2,1.08,GOOD
1790983980835,8063,2007.0,-79.72894935613832,32000.0,102.9,98.0,-1.7,-0.2,1.08,GOOD
1790983980835,8064,1972.0,-52.58611682417747,32000.0,102.9,98.0,-1.7,-0.2,1.08,GOOD
1790983980835,8065,2118.0,-28.080004914041623,32000.0,102.9,98.0,-1.7,-0.2,1.08,GOOD
1790983980835,8066,2145.0,-10.682439072766787,32000.0,102.9,98.0,-1.7,-0.2,1.08,GOOD
1790983980835,8067,2167.0,19.071112905570317,32000.0,102.9,98.0,-1.7,-0.2,1.08,GOOD
1790983980835,8068,2165.0,66.77672150574293,32000.0,102.9,98.0,-1.7,-0.2,1.08,GOOD
1790983980835,8069,2149.0,114.20455196949487,32000.0,102.9,98.0,-1.7,-0.2,1.08,GOOD
1790983980835,8070,2141.0,136.75101046301754,32000.0,102.9,98.0,-1.7,-0.2,1.08,GOOD
1790983980835,8071,2157.0,127.62809835684037,32000.0,102.9,98.0,-1.7,-0.2,1.08,GOOD
1790983980835,8072,2183.0,106.56797804492848,32000.0,102.9,98.0,-1.7,-0.2,1.08,GOOD
1790983980835,8073,2050.0,94.0367522996214,32000.0,102.9,98.0,-1.7,-0.2,1.08,GOOD
1790983980835,8074,2044.0,83.3219625849739,32000.0,102.9,98.0,-1.7,-0.2,1.08,GOOD
1790983980835,8075,2040.0,57.849613358299706,32000.0,102.9,98.0,-1.7,-0.2,1.08,GOOD
1790983980920,8076,1999.0,18.369727060567364,32000.0,102.9,98.0,-1.8,-0.3,1.07,GOOD
1790983980920,8077,2031.0,-20.807278752751223,32000.0,102.9,98.0,-1.8,-0.3,1.07,GOOD
1790983980920,8078,2039.0,-42.80195639558856,32000.0,102.9,98.0,-1.8,-0.3,1.07,GOOD
1790983980920,8079,2029.0,-40.7597037844709,32000.0,102.9,98.0,-1.8,-0.3,1.07,GOOD
1790983980920,8080,2175.0,-20.756330449652477,32000.0,102.9,98.0,-1.8,-0.3,1.07,GOOD
1790983980920,8081,2157.0,12.430198465689552,32000.0,102.9,98.0,-1.8,-0.3,1.07,GOOD
1790983980920,8082,2174.0,53.487539827996706,32000.0,102.9,98.0,-1.8,-0.3,1.07,GOOD
1790983980920,8083,2317.0,97.19476083700302,32000.0,102.9,98.0,-1.8,-0.3,1.07,GOOD
1790983980920,8084,2259.0,146.03388547920673,32000.0,102.9,98.0,-1.8,-0.3,1.07,GOOD
1790983980920,8085,2232.0,190.42639323208874,32000.0,102.9,98.0,-1.8,-0.3,1.07,GOOD
1790983980920,8086,2233.0,208.67530906946587,32000.0,102.9,98.0,-1.8,-0.3,1.07,GOOD
1790983980920,8087,2238.0,198.41089155563932,32000.0,102.9,98.0,-1.8,-0.3,1.07,GOOD
1790983980920,8088,2256.0,178.56788109574728,32000.0,102.9,98.0,-1.8,-0.3,1.07,GOOD
1790983980920,8089,2245.0,165.96437058414273,32000.0,102.9,98.0,-1.8,-0.3,1.07,GOOD
1790983980920,8090,2143.0,159.02002419294163,32000.0,102.9,98.0,-1.8,-0.3,1.07,GOOD
1790983980920,8091,2158.0,143.28949758023703,32000.0,102.9,98.0,-1.8,-0.3,1.07,GOOD
1790983980920,8092,2178.0,116.07355384864366,32000.0,102.9,98.0,-1.8,-0.3,1.07,GOOD
1790983980920,8093,2190.0,91.66644806384669,32000.0,102.9,98.0,-1.8,-0.3,1.07,GOOD
1790983980920,8094,2223.0,82.29087685304333,32000.0,102.9,98.0,-1.8,-0.3,1.07,GOOD
1790983980920,8095,2207.0,89.199413227833,32000.0,102.9,98.0,-1.8,-0.3,1.07,GOOD
1790983980920,8096,2218.0,105.55345269190656,32000.0,102.9,98.0,-1.8,-0.3,1.07,GOOD
1790983980920,8097,2191.0,120.53969574985618,32000.0,102.9,98.0,-1.8,-0.3,1.07,GOOD
1790983980920,8098,2271.0,127.48356559367079,32000.0,102.9,98.0,-1.8,-0.3,1.07,GOOD
1790983980920,8099,2236.0,129.48692948008772,32000.0,102.9,98.0,-1.8,-0.3,1.07,GOOD
1790983980920,8100,2219.0,130.78088425939256,32000.0,102.9,98.0,-1.8,-0.3,1.07,GOOD
1790983981015,8101,2197.0,129.42211743093327,32000.0,102.9,98.0,-1.7,-0.4,1.07,GOOD
1790983981015,8102,2206.0,123.21109073021726,32000.0,102.9,98.0,-1.7,-0.4,1.07,GOOD
1790983981015,8103,2193.0,112.17389173091452,32000.0,102.9,98.0,-1.7,-0.4,1.07,GOOD
1790983981015,8104,2167.0,95.92223801198949,32000.0,102.9,98.0,-1.7,-0.4,1.07,GOOD
1790983981015,8105,2011.0,70.13836470458806,32000.0,102.9,98.0,-1.7,-0.4,1.07,GOOD
1790983981015,8106,2033.0,29.08798317752316,32000.0,102.9,98.0,-1.7,-0.4,1.07,GOOD
1790983981015,8107,2052.0,-19.67776491070365,32000.0,102.9,98.0,-1.7,-0.4,1.07,GOOD
1790983981015,8108,1902.0,-64.26469934751323,32000.0,102.9,98.0,-1.7,-0.4,1.07,GOOD
1790983981015,8109,1887.0,-110.58371288224434,32000.0,102.9,98.0,-1.7,-0.4,1.07,GOOD
1790983981015,8110,1878.0,-162.4043471745839,32000.0,102.9,98.0,-1.7,-0.4,1.07,GOOD
1790983981015,8111,1892.0,-203.27178013288017,32000.0,102.9,98.0,-1.7,-0.4,1.07,GOOD
1790983981015,8112,1920.0,-219.2637607682591,32000.0,102.9,98.0,-1.7,-0.4,1.07,GOOD
1790983981015,8113,1928.0,-214.15039924801852,32000.0,102.9,98.0,-1.7,-0.4,1.07,GOOD
1790983981015,8114,1921.0,-199.75319540469653,32000.0,102.9,98.0,-1.7,-0.4,1.07,GOOD
1790983981015,8115,1923.0,-183.64297345437404,32000.0,102.9,98.0,-1.7,-0.4,1.07,GOOD
1790983981015,8116,1961.0,-166.2098148175086,32000.0,102.9,98.0,-1.7,-0.4,1.07,GOOD
1790983981015,8117,1937.0,-148.47593138322026,32000.0,102.9,98.0,-1.7,-0.4,1.07,GOOD
1790983981015,8118,1914.0,-139.10841253314055,32000.0,102.9,98.0,-1.7,-0.4,1.07,GOOD
1790983981015,8119,1862.0,-146.5904215532305,32000.0,102.9,98.0,-1.7,-0.4,1.07,GOOD
1790983981015,8120,1989.0,-162.2934274415099,32000.0,102.9,98.0,-1.7,-0.4,1.07,GOOD
1790983981015,8121,1971.0,-163.04364315018796,32000.0,102.9,98.0,-1.7,-0.4,1.07,GOOD
1790983981015,8122,1972.0,-141.90576870201596,32000.0,102.9,98.0,-1.7,-0.4,1.07,GOOD
1790983981015,8123,1962.0,-117.10328109601497,32000.0,102.9,98.0,-1.7,-0.4,1.07,GOOD
1790983981015,8124,2053.0,-99.95410092861934,32000.0,102.9,98.0,-1.7,-0.4,1.07,GOOD
1790983981015,8125,2052.0,-80.449145519312,32000.0,102.9,98.0,-1.7,-0.4,1.07,GOOD
1790983981153,8126,2062.0,-51.535217970263325,32000.0,102.9,98.0,-1.6,-0.2,1.08,GOOD
1790983981153,8127,2078.0,-22.556806069575,32000.0,102.9,98.0,-1.6,-0.2,1.08,GOOD
1790983981153,8128,1979.0,-7.410222865964793,32000.0,102.9,98.0,-1.6,-0.2,1.08,GOOD
1790983981153,8129,1974.0,-14.8684078140924,32000.0,102.9,98.0,-1.6,-0.2,1.08,GOOD
1790983981153,8130,1966.0,-40.987429493375984,32000.0,102.9,98.0,-1.6,-0.2,1.08,GOOD
1790983981153,8131,1976.0,-70.62792917633884,32000.0,102.9,98.0,-1.6,-0.2,1.08,GOOD
1790983981153,8132,1878.0,-95.9606582293163,32000.0,102.9,98.0,-1.6,-0.2,1.08,GOOD
1790983981153,8133,1896.0,-121.44156419935871,32000.0,102.9,98.0,-1.6,-0.2,1.08,GOOD
1790983981153,8134,1884.0,-146.45463643043902,32000.0,102.9,98.0,-1.6,-0.2,1.08,GOOD
1790983981153,8135,1956.0,-159.71298321369883,32000.0,102.9,98.0,-1.6,-0.2,1.08,GOOD
1790983981153,8136,1959.0,-153.43996506825783,32000.0,102.9,98.0,-1.6,-0.2,1.08,GOOD
1790983981153,8137,1976.0,-132.3887019511148,32000.0,102.9,98.0,-1.6,-0.2,1.08,GOOD
1790983981153,8138,1983.0,-106.71000668187023,32000.0,102.9,98.0,-1.6,-0.2,1.08,GOOD
1790983981153,8139,2037.0,-80.03885503951281,32000.0,102.9,98.0,-1.6,-0.2,1.08,GOOD
1790983981153,8140,2006.0,-52.47711039279798,32000.0,102.9,98.0,-1.6,-0.2,1.08,GOOD
1790983981153,8141,1992.0,-32.28524291048217,32000.0,102.9,98.0,-1.6,-0.2,1.08,GOOD
1790983981153,8142,2047.0,-27.12813117699579,32000.0,102.9,98.0,-1.6,-0.2,1.08,GOOD
1790983981153,8143,2062.0,-27.485663288139037,32000.0,102.9,98.0,-1.6,-0.2,1.08,GOOD
1790983981153,8144,2048.0,-19.089299659210514,32000.0,102.9,98.0,-1.6,-0.2,1.08,GOOD
1790983981153,8145,2013.0,-4.551144633835607,32000.0,102.9,98.0,-1.6,-0.2,1.08,GOOD
1790983981153,8146,1931.0,-1.2635566848968174,32000.0,102.9,98.0,-1.6,-0.2,1.08,GOOD
1790983981153,8147,1967.0,-21.20095933511781,32000.0,102.9,98.0,-1.6,-0.2,1.08,GOOD
1790983981153,8148,1985.0,-53.63363485692974,32000.0,102.9,98.0,-1.6,-0.2,1.08,GOOD
1790983981153,8149,1928.0,-78.19725220000865,32000.0,102.9,98.0,-1.6,-0.2,1.08,GOOD
1790983981153,8150,1926.0,-90.49289642846361,32000.0,102.9,98.0,-1.6,-0.2,1.08,GOOD
1790983981350,8151,1932.0,-97.21345825866608,32000.0,102.9,98.0,-1.6,-0.3,1.08,GOOD
1790983981350,8152,1963.0,-99.7909286818844,32000.0,102.9,98.0,-1.6,-0.3,1.08,GOOD
1790983981350,8153,1973.0,-95.50197501934773,32000.0,102.9,98.0,-1.6,-0.3,1.08,GOOD
1790983981350,8154,1966.0,-84.83077363592648,32000.0,102.9,98.0,-1.6,-0.3,1.08,GOOD
1790983981350,8155,1958.0,-72.55838072829829,32000.0,102.9,98.0,-1.6,-0.3,1.08,GOOD
1790983981350,8156,1967.0,-63.08828945000604,32000.0,102.9,98.0,-1.6,-0.3,1.08,GOOD
1790983981350,8157,2098.0,-52.51422411596005,32000.0,102.9,98.0,-1.6,-0.3,1.08,GOOD
1790983981350,8158,2071.0,-30.408174373767633,32000.0,102.9,98.0,-1.6,-0.3,1.08,GOOD
1790983981350,8159,2052.0,1.5254729796379625,32000.0,102.9,98.0,-1.6,-0.3,1.08,GOOD
1790983981350,8160,2066.0,28.81159096006646,32000.0,102.9,98.0,-1.6,-0.3,1.08,GOOD
1790983981350,8161,2053.0,44.07441219830544,32000.0,102.9,98.0,-1.6,-0.3,1.08,GOOD
1790983981350,8162,2052.0,47.63155927519337,32000.0,102.9,98.0,-1.6,-0.3,1.08,GOOD
1790983981350,8163,2047.0,40.00800113399246,32000.0,102.9,98.0,-1.6,-0.3,1.08,GOOD
1790983981350,8164,2065.0,26.5299853982872,32000.0,102.9,98.0,-1.6,-0.3,1.08,GOOD
1790983981350,8165,2069.0,18.62121445752358,32000.0,102.9,98.0,-1.6,-0.3,1.08,GOOD
1790983981350,8166,2080.0,23.77055001850728,32000.0,102.9,98.0,-1.6,-0.3,1.08,GOOD
1790983981350,8167,2091.0,38.01137564652657,32000.0,102.9,98.0,-1.6,-0.3,1.08,GOOD
1790983981350,8168,1890.0,43.32544887443205,32000.0,102.9,98.0,-1.6,-0.3,1.08,GOOD
1790983981350,8169,1932.0,17.71317941650471,32000.0,102.9,98.0,-1.6,-0.3,1.08,GOOD
1790983981350,8170,1930.0,-33.87955985770314,32000.0,102.9,98.0,-1.6,-0.3,1.08,GOOD
1790983981350,8171,1899.0,-82.2828187545881,32000.0,102.9,98.0,-1.6,-0.3,1.08,GOOD
1790983981350,8172,1906.0,-112.10059996097164,32000.0,102.9,98.0,-1.6,-0.3,1.08,GOOD
1790983981350,8173,1920.0,-125.16153529014817,32000.0,102.9,98.0,-1.6,-0.3,1.08,GOOD
1790983981350,8174,1917.0,-123.90110819657146,32000.0,102.9,98.0,-1.6,-0.3,1.08,GOOD
1790983981350,8175,2060.0,-106.52447680603018,32000.0,102.9,98.0,-1.6,-0.3,1.08,GOOD
1790983981350,8176,2041.0,-69.7318691175131,32000.0,102.9,98.0,-1.6,-0.3,1.08,GOOD
1790983981350,8177,2046.0,-22.51472692606367,32000.0,102.9,98.0,-1.6,-0.3,1.08,GOOD
1790983981350,8178,2116.0,18.66143312614013,32000.0,102.9,98.0,-1.6,-0.3,1.08,GOOD
1790983981350,8179,2110.0,51.147041551228604,32000.0,102.9,98.0,-1.6,-0.3,1.08,GOOD
1790983981350,8180,2096.0,77.60946448904734,32000.0,102.9,98.0,-1.6,-0.3,1.08,GOOD
1790983981350,8181,2092.0,92.11008586078628,32000.0,102.9,98.0,-1.6,-0.3,1.08,GOOD
1790983981350,8182,2016.0,87.86276928594512,32000.0,102.9,98.0,-1.6,-0.3,1.08,GOOD
1790983981350,8183,2040.0,65.84936790354692,32000.0,102.9,98.0,-1.6,-0.3,1.08,GOOD
1790983981350,8184,2035.0,37.86223659254267,32000.0,102.9,98.0,-1.6,-0.3,1.08,GOOD
1790983981350,8185,2021.0,17.20776671382021,32000.0,102.9,98.0,-1.6,-0.3,1.08,GOOD
1790983981350,8186,1999.0,5.03325361346822,32000.0,102.9,98.0,-1.6,-0.3,1.08,GOOD
1790983981350,8187,2027.0,-3.474602825948808,32000.0,102.9,98.0,-1.6,-0.3,1.08,GOOD
1790983981350,8188,2039.0,-6.605133762348694,32000.0,102.9,98.0,-1.6,-0.3,1.08,GOOD
1790983981350,8189,2039.0,-0.7730907413007655,32000.0,102.9,98.0,-1.6,-0.3,1.08,GOOD
1790983981350,8190,1974.0,7.550947091670257,32000.0,102.9,98.0,-1.6,-0.3,1.08,GOOD
1790983981350,8191,1968.0,4.906355114964528,32000.0,102.9,98.0,-1.6,-0.3,1.08,GOOD
1790983981350,8192,1976.0,-11.95249945871008,32000.0,102.9,98.0,-1.6,-0.3,1.08,GOOD
1790983981350,8193,1978.0,-31.79912302286481,32000.0,102.9,98.0,-1.6,-0.3,1.08,GOOD
1790983981350,8194,2118.0,-38.35526886805482,32000.0,102.9,98.0,-1.6,-0.3,1.08,GOOD
1790983981350,8195,2093.0,-18.855964279617368,32000.0,102.9,98.0,-1.6,-0.3,1.08,GOOD
1790983981350,8196,2096.0,21.789538275289992,32000.0,102.9,98.0,-1.6,-0.3,1.08,GOOD
1790983981350,8197,2146.0,64.64671956319557,32000.0,102.9,98.0,-1.6,-0.3,1.08,GOOD
1790983981350,8198,2159.0,99.23740080326105,32000.0,102.9,98.0,-1.6,-0.3,1.08,GOOD
1790983981350,8199,2136.0,122.59577940106297,32000.0,102.9,98.0,-1.6,-0.3,1.08,GOOD
1790983981350,8200,2122.0,129.71181091615807,32000.0,102.9,98.0,-1.6,-0.3,1.08,GOOD
1790983981435,8201,1991.0,116.14711213882785,32000.0,102.9,98.0,-1.6,-0.2,1.08,GOOD
1790983981435,8202,2014.0,81.75785830630656,32000.0,102.9,98.0,-1.6,-0.2,1.08,GOOD
1790983981435,8203,2016.0,37.428583883395206,32000.0,102.9,98.0,-1.6,-0.2,1.08,GOOD
1790983981435,8204,2013.0,0.1441935102743077,32000.0,102.9,98.0,-1.6,-0.2,1.08,GOOD
1790983981435,8205,2018.0,-21.982772510716067,32000.0,102.9,98.0,-1.6,-0.2,1.08,GOOD
1790983981435,8206,2036.0,-27.630217503704635,32000.0,102.9,98.0,-1.6,-0.2,1.08,GOOD
1790983981435,8207,2052.0,-16.291987381237313,32000.0,102.9,98.0,-1.6,-0.2,1.08,GOOD
1790983981435,8208,2058.0,6.26211466302191,32000.0,102.9,98.0,-1.6,-0.2,1.08,GOOD
1790983981435,8209,1916.0,21.141706238109563,32000.0,102.9,98.0,-1.6,-0.2,1.08,GOOD
1790983981435,8210,1915.0,5.863642885496348,32000.0,102.9,98.0,-1.6,-0.2,1.08,GOOD
1790983981435,8211,1921.0,-37.56111567998424,32000.0,102.9,98.0,-1.6,-0.2,1.08,GOOD
1790983981435,8212,1935.0,-80.82835258669995,32000.0,102.9,98.0,-1.6,-0.2,1.08,GOOD
1790983981435,8213,2078.0,-97.00975804515359,32000.0,102.9,98.0,-1.6,-0.2,1.08,GOOD
1790983981435,8214,2053.0,-75.76394596570282,32000.0,102.9,98.0,-1.6,-0.2,1.08,GOOD
1790983981435,8215,2047.0,-29.383916779007073,32000.0,102.9,98.0,-1.6,-0.2,1.08,GOOD
1790983981435,8216,2164.0,21.1089549451203,32000.0,102.9,98.0,-1.6,-0.2,1.08,GOOD
1790983981435,8217,2183.0,70.17742716498283,32000.0,102.9,98.0,-1.6,-0.2,1.08,GOOD
1790983981435,8218,2189.0,116.28638017709095,32000.0,102.9,98.0,-1.6,-0.2,1.08,GOOD
1790983981435,8219,2183.0,148.39196033263494,32000.0,102.9,98.0,-1.6,-0.2,1.08,GOOD
1790983981435,8220,2679.0,180.9211293624408,32000.0,102.9,98.0,-1.6,-0.2,1.08,GOOD
1790983981435,8221,2682.0,265.38956440602595,32000.0,102.9,98.0,-1.6,-0.2,1.08,GOOD
1790983981435,8222,2703.0,412.97918862214635,32000.0,102.9,98.0,-1.6,-0.2,1.08,GOOD
1790983981435,8223,2710.0,563.4436811028368,32000.0,102.9,98.0,-1.6,-0.2,1.08,GOOD
1790983981435,8224,1837.0,625.4739527430443,32000.0,102.9,98.0,-1.6,-0.2,1.08,GOOD
1790983981435,8225,1828.0,510.8983914243349,32000.0,102.9,98.0,-1.6,-0.2,1.08,GOOD
1790983981549,8226,1801.0,231.50925116487818,32000.0,102.9,98.0,-1.5,-0.2,1.08,GOOD
1790983981549,8227,1790.0,-78.73142885163941,32000.0,102.9,98.0,-1.5,-0.2,1.08,GOOD
1790983981549,8228,1652.0,-301.98307852345613,32000.0,102.9,98.0,-1.5,-0.2,1.08,GOOD
1790983981549,8229,1689.0,-408.4967116577468,32000.0,102.9,98.0,-1.5,-0.2,1.08,GOOD
1790983981549,8230,1683.0,-418.5885171748382,32000.0,102.9,98.0,-1.5,-0.2,1.08,GOOD
1790983981549,8231,1670.0,-377.2637003726243,32000.0,102.9,98.0,-1.5,-0.2,1.08,GOOD
1790983981549,8232,2009.0,-328.31331783266126,32000.0,102.9,98.0,-1.5,-0.2,1.08,GOOD
1790983981549,8233,2015.0,-272.25711170841566,32000.0,102.9,98.0,-1.5,-0.2,1.08,GOOD
1790983981549,8234,2033.0,-188.70216439524523,32000.0,102.9,98.0,-1.5,-0.2,1.08,GOOD
1790983981549,8235,2019.0,-85.36374897188622,32000.0,102.9,98.0,-1.5,-0.2,1.08,GOOD
1790983981549,8236,2065.0,6.22911894284805,32000.0,102.9,98.0,-1.5,-0.2,1.08,GOOD
1790983981549,8237,2047.0,54.676235736119,32000.0,102.9,98.0,-1.5,-0.2,1.08,GOOD
1790983981549,8238,2060.0,50.39862877259284,32000.0,102.9,98.0,-1.5,-0.2,1.08,GOOD
1790983981549,8239,2154.0,23.616164749811343,32000.0,102.9,98.0,-1.5,-0.2,1.08,GOOD
1790983981549,8240,2160.0,24.669873256805722,32000.0,102.9,98.0,-1.5,-0.2,1.08,GOOD
1790983981549,8241,2139.0,67.67529894366042,32000.0,102.9,98.0,-1.5,-0.2,1.08,GOOD
1790983981549,8242,2111.0,113.61894140827353,32000.0,102.9,98.0,-1.5,-0.2,1.08,GOOD
1790983981549,8243,2038.0,119.16892788054881,32000.0,102.9,98.0,-1.5,-0.2,1.08,GOOD
1790983981549,8244,2081.0,83.67727321361274,32000.0,102.9,98.0,-1.5,-0.2,1.08,GOOD
1790983981549,8245,2074.0,44.35414220814827,32000.0,102.9,98.0,-1.5,-0.2,1.08,GOOD
1790983981549,8246,2063.0,29.20946187355795,32000.0,102.9,98.0,-1.5,-0.2,1.08,GOOD
1790983981549,8247,1972.0,25.881131026647807,32000.0,102.9,98.0,-1.5,-0.2,1.08,GOOD
1790983981549,8248,1999.0,7.755019307132898,32000.0,102.9,98.0,-1.5,-0.2,1.08,GOOD
1790983981549,8249,2025.0,-22.74354645423687,32000.0,102.9,98.0,-1.5,-0.2,1.08,GOOD
1790983981549,8250,2077.0,-37.39717839741416,32000.0,102.9,98.0,-1.5,-0.2,1.08,GOOD
1790983981706,8251,2042.0,-23.27315790359846,32000.0,102.9,98.0,-1.6,-0.3,1.08,GOOD
1790983981706,8252,2029.0,0.4915230217649902,32000.0,102.9,98.0,-1.6,-0.3,1.08,GOOD
1790983981706,8253,2044.0,10.739185930175305,32000.0,102.9,98.0,-1.6,-0.3,1.08,GOOD
1790983981706,8254,2213.0,14.356511182369223,32000.0,102.9,98.0,-1.6,-0.3,1.08,GOOD
1790983981706,8255,2207.0,39.212767402401425,32000.0,102.9,98.0,-1.6,-0.3,1.08,GOOD
1790983981706,8256,2179.0,88.91790945570304,32000.0,102.9,98.0,-1.6,-0.3,1.08,GOOD
1790983981706,8257,2201.0,135.55350955707718,32000.0,102.9,98.0,-1.6,-0.3,1.08,GOOD
1790983981706,8258,2231.0,160.81124525663688,32000.0,102.9,98.0,-1.6,-0.3,1.08,GOOD
1790983981706,8259,2248.0,171.43739162998185,32000.0,102.9,98.0,-1.6,-0.3,1.08,GOOD
1790983981706,8260,2246.0,178.1180855641755,32000.0,102.9,98.0,-1.6,-0.3,1.08,GOOD
1790983981706,8261,2188.0,180.66091559952895,32000.0,102.9,98.0,-1.6,-0.3,1.08,GOOD
1790983981706,8262,2206.0,173.7593579669632,32000.0,102.9,98.0,-1.6,-0.3,1.08,GOOD
1790983981706,8263,2229.0,160.95604956984297,32000.0,102.9,98.0,-1.6,-0.3,1.08,GOOD
1790983981706,8264,2256.0,153.44218277735513,32000.0,102.9,98.0,-1.6,-0.3,1.08,GOOD
1790983981706,8265,2239.0,155.37706983342076,32000.0,102.9,98.0,-1.6,-0.3,1.08,GOOD
1790983981706,8266,2225.0,160.47324360098514,32000.0,102.9,98.0,-1.6,-0.3,1.08,GOOD
1790983981706,8267,2218.0,162.21381650324463,32000.0,102.9,98.0,-1.6,-0.3,1.08,GOOD
1790983981706,8268,2256.0,161.19854198768428,32000.0,102.9,98.0,-1.6,-0.3,1.08,GOOD
1790983981706,8269,2252.0,161.0924479173581,32000.0,102.9,98.0,-1.6,-0.3,1.08,GOOD
1790983981706,8270,2243.0,160.8677731193388,32000.0,102.9,98.0,-1.6,-0.3,1.08,GOOD
1790983981706,8271,2225.0,156.92277931037438,32000.0,102.9,98.0,-1.6,-0.3,1.08,GOOD
1790983981706,8272,2327.0,154.40654962221092,32000.0,102.9,98.0,-1.6,-0.3,1.08,GOOD
1790983981706,8273,2334.0,166.31650369579017,32000.0,102.9,98.0,-1.6,-0.3,1.08,GOOD
1790983981706,8274,2331.0,192.796348286073,32000.0,102.9,98.0,-1.6,-0.3,1.08,GOOD
1790983981706,8275,2179.0,210.96386679117063,32000.0,102.9,98.0,-1.6,-0.3,1.08,GOOD
1790983981799,8276,2178.0,196.36392820120392,32000.0,102.9,98.0,-1.6,-0.2,1.08,GOOD
1790983981799,8277,2175.0,152.08710791449084,32000.0,102.9,98.0,-1.6,-0.2,1.08,GOOD
1790983981799,8278,2177.0,103.23679647671645,32000.0,102.9,98.0,-1.6,-0.2,1.08,GOOD
1790983981799,8279,2032.0,61.454888415252015,32000.0,102.9,98.0,-1.6,-0.2,1.08,GOOD
1790983981799,8280,2043.0,17.587892522775384,32000.0,102.9,98.0,-1.6,-0.2,1.08,GOOD
1790983981799,8281,2026.0,-28.67094642404053,32000.0,102.9,98.0,-1.6,-0.2,1.08,GOOD
1790983981799,8282,2019.0,-63.26128395646703,32000.0,102.9,98.0,-1.6,-0.2,1.08,GOOD
1790983981799,8283,1910.0,-86.03069893743653,32000.0,102.9,98.0,-1.6,-0.2,1.08,GOOD
1790983981799,8284,1917.0,-114.1070719381159,32000.0,102.9,98.0,-1.6,-0.2,1.08,GOOD
1790983981799,8285,1910.0,-152.11942619630707,32000.0,102.9,98.0,-1.6,-0.2,1.08,GOOD
1790983981799,8286,1888.0,-185.04149701682718,32000.0,102.9,98.0,-1.6,-0.2,1.08,GOOD
1790983981799,8287,1984.0,-198.4783163538979,32000.0,102.9,98.0,-1.6,-0.2,1.08,GOOD
1790983981799,8288,1972.0,-188.25135034387537,32000.0,102.9,98.0,-1.6,-0.2,1.08,GOOD
1790983981799,8289,1983.0,-162.42795337786853,32000.0,102.9,98.0,-1.6,-0.2,1.08,GOOD
1790983981799,8290,1978.0,-135.55832465565064,32000.0,102.9,98.0,-1.6,-0.2,1.08,GOOD
1790983981799,8291,1991.0,-114.94288980020609,32000.0,102.9,98.0,-1.6,-0.2,1.08,GOOD
1790983981799,8292,1980.0,-101.21484448483518,32000.0,102.9,98.0,-1.6,-0.2,1.08,GOOD
1790983981799,8293,1984.0,-96.03079251060322,32000.0,102.9,98.0,-1.6,-0.2,1.08,GOOD
1790983981799,8294,1997.0,-99.1375118682081,32000.0,102.9,98.0,-1.6,-0.2,1.08,GOOD
1790983981799,8295,2018.0,-102.58782930285037,32000.0,102.9,98.0,-1.6,-0.2,1.08,GOOD
1790983981799,8296,2009.0,-97.02479723539275,32000.0,102.9,98.0,-1.6,-0.2,1.08,GOOD
1790983981799,8297,2000.0,-83.61064382813308,32000.0,102.9,98.0,-1.6,-0.2,1.08,GOOD
1790983981799,8298,2010.0,-72.42767191857095,32000.0,102.9,98.0,-1.6,-0.2,1.08,GOOD
1790983981799,8299,1940.0,-72.35792853160973,32000.0,102.9,98.0,-1.6,-0.2,1.08,GOOD
1790983981799,8300,1954.0,-86.03387050120888,32000.0,102.9,98.0,-1.6,-0.2,1.08,GOOD
1790983981869,8301,1939.0,-106.72565468028803,32000.0,102.9,98.0,-1.7,-0.4,1.07,GOOD
1790983981869,8302,1936.0,-123.90799596039729,32000.0,102.9,98.0,-1.7,-0.4,1.07,GOOD
1790983981869,8303,1905.0,-135.32563883736293,32000.0,102.9,98.0,-1.7,-0.4,1.07,GOOD
1790983981869,8304,1939.0,-144.27365758662677,32000.0,102.9,98.0,-1.7,-0.4,1.07,GOOD
1790983981869,8305,1946.0,-148.50187205487157,32000.0,102.9,98.0,-1.7,-0.4,1.07,GOOD
1790983981869,8306,1937.0,-143.570211358834,32000.0,102.9,98.0,-1.7,-0.4,1.07,GOOD
1790983981869,8307,1919.0,-133.43337161603282,32000.0,102.9,98.0,-1.7,-0.4,1.07,GOOD
1790983981869,8308,1906.0,-127.81113871687148,32000.0,102.9,98.0,-1.7,-0.4,1.07,GOOD
1790983981869,8309,1888.0,-132.2907956155742,32000.0,102.9,98.0,-1.7,-0.4,1.07,GOOD
1790983981869,8310,1877.0,-145.20707220406314,32000.0,102.9,98.0,-1.7,-0.4,1.07,GOOD
1790983981869,8311,1991.0,-155.98564410123197,32000.0,102.9,98.0,-1.7,-0.4,1.07,GOOD
1790983981869,8312,1970.0,-149.065888550026,32000.0,102.9,98.0,-1.7,-0.4,1.07,GOOD
1790983981869,8313,1978.0,-122.50428292189473,32000.0,102.9,98.0,-1.7,-0.4,1.07,GOOD
1790983981869,8314,2041.0,-88.76074479795889,32000.0,102.9,98.0,-1.7,-0.4,1.07,GOOD
1790983981869,8315,2037.0,-55.585904833322694,32000.0,102.9,98.0,-1.7,-0.4,1.07,GOOD
1790983981869,8316,2026.0,-27.47949250052317,32000.0,102.9,98.0,-1.7,-0.4,1.07,GOOD
1790983981869,8317,2006.0,-12.494413379746554,32000.0,102.9,98.0,-1.7,-0.4,1.07,GOOD
1790983981869,8318,1997.0,-13.869959919432844,32000.0,102.9,98.0,-1.7,-0.4,1.07,GOOD
1790983981869,8319,2034.0,-24.102402208381115,32000.0,102.9,98.0,-1.7,-0.4,1.07,GOOD
1790983981869,8320,2041.0,-30.561708904650143,32000.0,102.9,98.0,-1.7,-0.4,1.07,GOOD
1790983981869,8321,2031.0,-27.605919597858822,32000.0,102.9,98.0,-1.7,-0.4,1.07,GOOD
1790983981869,8322,1944.0,-23.309419742609172,32000.0,102.9,98.0,-1.7,-0.4,1.07,GOOD
1790983981869,8323,1966.0,-29.996230646662895,32000.0,102.9,98.0,-1.7,-0.4,1.07,GOOD
1790983981869,8324,1988.0,-46.76126339928439,32000.0,102.9,98.0,-1.7,-0.4,1.07,GOOD
1790983981869,8325,1989.0,-61.29035942918976,32000.0,102.9,98.0,-1.7,-0.4,1.07,GOOD
1790983981948,8326,1924.0,-69.54709862759879,32000.0,102.9,98.0,-1.6,-0.4,1.08,GOOD
1790983981948,8327,1914.0,-78.7166576442934,32000.0,102.9,98.0,-1.6,-0.4,1.08,GOOD
1790983981948,8328,1922.0,-91.38657154127586,32000.0,102.9,98.0,-1.6,-0.4,1.08,GOOD
1790983981948,8329,2059.0,-96.72989597596404,32000.0,102.9,98.0,-1.6,-0.4,1.08,GOOD
1790983981948,8330,2044.0,-81.15825065418272,32000.0,102.9,98.0,-1.6,-0.4,1.08,GOOD
1790983981948,8331,2026.0,-48.35717504366915,32000.0,102.9,98.0,-1.6,-0.4,1.08,GOOD
1790983981948,8332,2013.0,-16.543073838593592,32000.0,102.9,98.0,-1.6,-0.4,1.08,GOOD
1790983981948,8333,2087.0,5.869721214430552,32000.0,102.9,98.0,-1.6,-0.4,1.08,GOOD
1790983981948,8334,2108.0,24.65952283067034,32000.0,102.9,98.0,-1.6,-0.4,1.08,GOOD
1790983981948,8335,2104.0,42.230262465535134,32000.0,102.9,98.0,-1.6,-0.4,1.08,GOOD
1790983981948,8336,2103.0,53.98495735009758,32000.0,102.9,98.0,-1.6,-0.4,1.08,GOOD
1790983981948,8337,2036.0,58.40985476860794,32000.0,102.9,98.0,-1.6,-0.4,1.08,GOOD
1790983981948,8338,2052.0,56.27910448081342,32000.0,102.9,98.0,-1.6,-0.4,1.08,GOOD
1790983981948,8339,2056.0,47.16835647114019,32000.0,102.9,98.0,-1.6,-0.4,1.08,GOOD
1790983981948,8340,2060.0,31.83362304856469,32000.0,102.9,98.0,-1.6,-0.4,1.08,GOOD
1790983981948,8341,1960.0,11.204733383414018,32000.0,102.9,98.0,-1.6,-0.4,1.08,GOOD
1790983981948,8342,1973.0,-13.07912697333507,32000.0,102.9,98.0,-1.6,-0.4,1.08,GOOD
1790983981948,8343,1974.0,-34.03372864422431,32000.0,102.9,98.0,-1.6,-0.4,1.08,GOOD
1790983981948,8344,1988.0,-45.83317780581718,32000.0,102.9,98.0,-1.6,-0.4,1.08,GOOD
1790983981948,8345,1939.0,-54.373495407755996,32000.0,102.9,98.0,-1.6,-0.4,1.08,GOOD
1790983981948,8346,1930.0,-68.4720588778421,32000.0,102.9,98.0,-1.6,-0.4,1.08,GOOD
1790983981948,8347,1928.0,-84.32523990603178,32000.0,102.9,98.0,-1.6,-0.4,1.08,GOOD
1790983981948,8348,1982.0,-89.25706847231629,32000.0,102.9,98.0,-1.6,-0.4,1.08,GOOD
1790983981948,8349,1952.0,-80.33078656935908,32000.0,102.9,98.0,-1.6,-0.4,1.08,GOOD
1790983981948,8350,1933.0,-71.21558003580714,32000.0,102.9,98.0,-1.6,-0.4,1.08,GOOD
1790983982132,8351,1925.0,-73.95454646175568,32000.0,102.9,98.0,-1.6,-0.3,1.08,GOOD
1790983982132,8352,2052.0,-77.80959129470037,32000.0,102.9,98.0,-1.6,-0.3,1.08,GOOD
1790983982132,8353,2047.0,-60.5858940624166,32000.0,102.9,98.0,-1.6,-0.3,1.08,GOOD
1790983982132,8354,2050.0,-22.737390370170758,32000.0,102.9,98.0,-1.6,-0.3,1.08,GOOD
1790983982132,8355,2055.0,12.383400732205068,32000.0,102.9,98.0,-1.6,-0.3,1.08,GOOD
1790983982132,8356,2043.0,30.925497667126745,32000.0,102.9,98.0,-1.6,-0.3,1.08,GOOD
1790983982132,8357,2044.0,37.222164922338536,32000.0,102.9,98.0,-1.6,-0.3,1.08,GOOD
1790983982132,8358,2049.0,38.20215882844387,32000.0,102.9,98.0,-1.6,-0.3,1.08,GOOD
1790983982132,8359,2061.0,35.54078854481692,32000.0,102.9,98.0,-1.6,-0.3,1.08,GOOD
1790983982132,8360,1977.0,26.95572598308065,32000.0,102.9,98.0,-1.6,-0.3,1.08,GOOD
1790983982132,8361,1992.0,10.605208101840493,32000.0,102.9,98.0,-1.6,-0.3,1.08,GOOD
1790983982132,8362,1999.0,-7.44474758894126,32000.0,102.9,98.0,-1.6,-0.3,1.08,GOOD
1790983982132,8363,1999.0,-18.22918506322232,32000.0,102.9,98.0,-1.6,-0.3,1.08,GOOD
1790983982132,8364,1983.0,-23.184195308729862,32000.0,102.9,98.0,-1.6,-0.3,1.08,GOOD
1790983982132,8365,1982.0,-29.000570571190917,32000.0,102.9,98.0,-1.6,-0.3,1.08,GOOD
1790983982132,8366,1984.0,-34.61166201589001,32000.0,102.9,98.0,-1.6,-0.3,1.08,GOOD
1790983982132,8367,1994.0,-34.003368728102814,32000.0,102.9,98.0,-1.6,-0.3,1.08,GOOD
1790983982132,8368,1970.0,-28.35965460784564,32000.0,102.9,98.0,-1.6,-0.3,1.08,GOOD
1790983982132,8369,1959.0,-27.44481097963606,32000.0,102.9,98.0,-1.6,-0.3,1.08,GOOD
1790983982132,8370,1944.0,-36.94408644522734,32000.0,102.9,98.0,-1.6,-0.3,1.08,GOOD
1790983982132,8371,2127.0,-43.81675178260339,32000.0,102.9,98.0,-1.6,-0.3,1.08,GOOD
1790983982132,8372,2111.0,-23.56892322383333,32000.0,102.9,98.0,-1.6,-0.3,1.08,GOOD
1790983982132,8373,2110.0,24.901105063841236,32000.0,102.9,98.0,-1.6,-0.3,1.08,GOOD
1790983982132,8374,2118.0,74.27366981957793,32000.0,102.9,98.0,-1.6,-0.3,1.08,GOOD
1790983982132,8375,2121.0,104.66342927713174,32000.0,102.9,98.0,-1.6,-0.3,1.08,GOOD
1790983982224,8376,2124.0,116.4615697724995,32000.0,93.9,98.0,-1.6,-0.4,1.06,GOOD
1790983982224,8377,2119.0,115.9865191601688,32000.0,93.9,98.0,-1.6,-0.4,1.06,GOOD
1790983982224,8378,2119.0,107.9671771817925,32000.0,93.9,98.0,-1.6,-0.4,1.06,GOOD
1790983982224,8379,2078.0,96.23862739398476,32000.0,93.9,98.0,-1.6,-0.4,1.06,GOOD
1790983982224,8380,2109.0,84.89070218991225,32000.0,93.9,98.0,-1.6,-0.4,1.06,GOOD
1790983982224,8381,2107.0,78.51928929300085,32000.0,93.9,98.0,-1.6,-0.4,1.06,GOOD
1790983982224,8382,2108.0,77.75477558963169,32000.0,93.9,98.0,-1.6,-0.4,1.06,GOOD
1790983982224,8383,1939.0,71.19955154629952,32000.0,93.9,98.0,-1.6,-0.4,1.06,GOOD
1790983982224,8384,1968.0,43.05115633406019,32000.0,93.9,98.0,-1.6,-0.4,1.06,GOOD
1790983982224,8385,1977.0,-1.598394427422674,32000.0,93.9,98.0,-1.6,-0.4,1.06,GOOD
1790983982224,8386,1970.0,-39.86252008506097,32000.0,93.9,98.0,-1.6,-0.4,1.06,GOOD
1790983982224,8387,1931.0,-62.4952422554215,32000.0,93.9,98.0,-1.6,-0.4,1.06,GOOD
1790983982224,8388,1935.0,-76.3615954923139,32000.0,93.9,98.0,-1.6,-0.4,1.06,GOOD
1790983982224,8389,1936.0,-84.34165569629621,32000.0,93.9,98.0,-1.6,-0.4,1.06,GOOD
1790983982224,8390,2078.0,-78.49713544682496,32000.0,93.9,98.0,-1.6,-0.4,1.06,GOOD
1790983982224,8391,2057.0,-50.87657038689675,32000.0,93.9,98.0,-1.6,-0.4,1.06,GOOD
1790983982224,8392,2047.0,-11.135411987799435,32000.0,93.9,98.0,-1.6,-0.4,1.06,GOOD
1790983982224,8393,2046.0,20.472238775851693,32000.0,93.9,98.0,-1.6,-0.4,1.06,GOOD
1790983982224,8394,2121.0,40.040802740395236,32000.0,93.9,98.0,-1.6,-0.4,1.06,GOOD
1790983982224,8395,2120.0,58.72959559422853,32000.0,93.9,98.0,-1.6,-0.4,1.06,GOOD
1790983982224,8396,2109.0,77.95028831684104,32000.0,93.9,98.0,-1.6,-0.4,1.06,GOOD
1790983982224,8397,2109.0,87.90894298856583,32000.0,93.9,98.0,-1.6,-0.4,1.06,GOOD
1790983982224,8398,2106.0,87.40502978203125,32000.0,93.9,98.0,-1.6,-0.4,1.06,GOOD
1790983982224,8399,2155.0,87.48687346251057,32000.0,93.9,98.0,-1.6,-0.4,1.06,GOOD
1790983982224,8400,2167.0,97.06625696771711,32000.0,93.9,98.0,-1.6,-0.4,1.06,GOOD
1790983982365,8401,2173.0,112.68048009014629,32000.0,93.9,98.0,-1.7,-0.3,1.08,GOOD
1790983982365,8402,2594.0,141.66451651385654,32000.0,93.9,98.0,-1.7,-0.3,1.08,GOOD
1790983982365,8403,2599.0,219.24589564625262,32000.0,93.9,98.0,-1.7,-0.3,1.08,GOOD
1790983982365,8404,2609.0,351.9801573872769,32000.0,93.9,98.0,-1.7,-0.3,1.08,GOOD
1790983982365,8405,2612.0,487.4630243455311,32000.0,93.9,98.0,-1.7,-0.3,1.08,GOOD
1790983982365,8406,1762.0,539.4355882934306,32000.0,93.9,98.0,-1.7,-0.3,1.08,GOOD
1790983982365,8407,1729.0,418.7678947706721,32000.0,93.9,98.0,-1.7,-0.3,1.08,GOOD
1790983982365,8408,1692.0,135.39197801419544,32000.0,93.9,98.0,-1.7,-0.3,1.08,GOOD
1790983982365,8409,1651.0,-177.71045178370846,32000.0,93.9,98.0,-1.7,-0.3,1.08,GOOD
1790983982365,8410,1802.0,-393.0673151958187,32000.0,93.9,98.0,-1.7,-0.3,1.08,GOOD
1790983982365,8411,1817.0,-459.58528981898155,32000.0,93.9,98.0,-1.7,-0.3,1.08,GOOD
1790983982365,8412,1823.0,-398.4609927225702,32000.0,93.9,98.0,-1.7,-0.3,1.08,GOOD
1790983982365,8413,1813.0,-284.92995742599874,32000.0,93.9,98.0,-1.7,-0.3,1.08,GOOD
1790983982365,8414,2121.0,-185.93819384937495,32000.0,93.9,98.0,-1.7,-0.3,1.08,GOOD
1790983982365,8415,2121.0,-109.7070074713625,32000.0,93.9,98.0,-1.7,-0.3,1.08,GOOD
1790983982365,8416,2140.0,-36.83767510761021,32000.0,93.9,98.0,-1.7,-0.3,1.08,GOOD
1790983982365,8417,2155.0,36.7786250734716,32000.0,93.9,98.0,-1.7,-0.3,1.08,GOOD
1790983982365,8418,2157.0,102.140445916224,32000.0,93.9,98.0,-1.7,-0.3,1.08,GOOD
1790983982365,8419,2139.0,142.05245129725097,32000.0,93.9,98.0,-1.7,-0.3,1.08,GOOD
1790983982365,8420,2154.0,142.25848961810837,32000.0,93.9,98.0,-1.7,-0.3,1.08,GOOD
1790983982365,8421,2059.0,111.02556239140138,32000.0,93.9,98.0,-1.7,-0.3,1.08,GOOD
1790983982365,8422,2073.0,73.26440025182438,32000.0,93.9,98.0,-1.7,-0.3,1.08,GOOD
1790983982365,8423,2056.0,48.63715405483028,32000.0,93.9,98.0,-1.7,-0.3,1.08,GOOD
1790983982365,8424,2038.0,35.60077084538887,32000.0,93.9,98.0,-1.7,-0.3,1.08,GOOD
1790983982365,8425,2037.0,18.057090482606156,32000.0,93.9,98.0,-1.7,-0.3,1.08,GOOD
1790983982451,8426,2068.0,-5.705563674755357,32000.0,93.9,98.0,-1.6,-0.3,1.08,GOOD
1790983982451,8427,2086.0,-15.376712320119683,32000.0,93.9,98.0,-1.6,-0.3,1.08,GOOD
1790983982451,8428,2074.0,1.496918492580655,32000.0,93.9,98.0,-1.6,-0.3,1.08,GOOD
1790983982451,8429,2010.0,26.01956291473102,32000.0,93.9,98.0,-1.6,-0.3,1.08,GOOD
1790983982451,8430,1997.0,26.653056100544077,32000.0,93.9,98.0,-1.6,-0.3,1.08,GOOD
1790983982451,8431,2004.0,-2.1721264685175288,32000.0,93.9,98.0,-1.6,-0.3,1.08,GOOD
1790983982451,8432,2003.0,-35.16537717714416,32000.0,93.9,98.0,-1.6,-0.3,1.08,GOOD
1790983982451,8433,2105.0,-45.57958542469415,32000.0,93.9,98.0,-1.6,-0.3,1.08,GOOD
1790983982451,8434,2078.0,-27.451893665873353,32000.0,93.9,98.0,-1.6,-0.3,1.08,GOOD
1790983982451,8435,2077.0,2.4541222141506873,32000.0,93.9,98.0,-1.6,-0.3,1.08,GOOD
1790983982451,8436,2096.0,25.100250435707412,32000.0,93.9,98.0,-1.6,-0.3,1.08,GOOD
1790983982451,8437,2303.0,47.36531994424931,32000.0,93.9,98.0,-1.6,-0.3,1.08,GOOD
1790983982451,8438,2288.0,92.31437712270635,32000.0,93.9,98.0,-1.6,-0.3,1.08,GOOD
1790983982451,8439,2278.0,156.420296324135,32000.0,93.9,98.0,-1.6,-0.3,1.08,GOOD
1790983982451,8440,2296.0,209.5438814144494,32000.0,93.9,98.0,-1.6,-0.3,1.08,GOOD
1790983982451,8441,2184.0,232.38584256976316,32000.0,93.9,98.0,-1.6,-0.3,1.08,GOOD
1790983982451,8442,2193.0,222.63553555937588,32000.0,93.9,98.0,-1.6,-0.3,1.08,GOOD
1790983982451,8443,2182.0,187.72307737583606,32000.0,93.9,98.0,-1.6,-0.3,1.08,GOOD
1790983982451,8444,2187.0,143.9067886168209,32000.0,93.9,98.0,-1.6,-0.3,1.08,GOOD
1790983982451,8445,2203.0,109.07756509751383,32000.0,93.9,98.0,-1.6,-0.3,1.08,GOOD
1790983982451,8446,2232.0,97.30418509598661,32000.0,93.9,98.0,-1.6,-0.3,1.08,GOOD
1790983982451,8447,2234.0,111.47438838580106,32000.0,93.9,98.0,-1.6,-0.3,1.08,GOOD
1790983982451,8448,2219.0,136.78593719706444,32000.0,93.9,98.0,-1.6,-0.3,1.08,GOOD
1790983982451,8449,2218.0,151.77295972864852,32000.0,93.9,98.0,-1.6,-0.3,1.08,GOOD
1790983982451,8450,2225.0,149.03275250201136,32000.0,93.9,98.0,-1.6,-0.3,1.08,GOOD
1790983982531,8451,2242.0,139.531760495732,32000.0,93.9,98.0,-1.6,-0.3,1.07,GOOD
1790983982531,8452,2236.0,136.13042848477536,32000.0,93.9,98.0,-1.6,-0.3,1.07,GOOD
1790983982531,8453,2345.0,143.44670371096873,32000.0,93.9,98.0,-1.6,-0.3,1.07,GOOD
1790983982531,8454,2324.0,162.51179533391698,32000.0,93.9,98.0,-1.6,-0.3,1.07,GOOD
1790983982531,8455,2333.0,189.0743860547708,32000.0,93.9,98.0,-1.6,-0.3,1.07,GOOD
1790983982531,8456,2342.0,213.87840197697898,32000.0,93.9,98.0,-1.6,-0.3,1.07,GOOD
1790983982531,8457,2311.0,229.90646949435288,32000.0,93.9,98.0,-1.6,-0.3,1.07,GOOD
1790983982531,8458,2297.0,230.8664049797549,32000.0,93.9,98.0,-1.6,-0.3,1.07,GOOD
1790983982531,8459,2286.0,213.79090616673892,32000.0,93.9,98.0,-1.6,-0.3,1.07,GOOD
1790983982531,8460,2306.0,187.5223332558926,32000.0,93.9,98.0,-1.6,-0.3,1.07,GOOD
1790983982531,8461,2149.0,161.8064726549117,32000.0,93.9,98.0,-1.6,-0.3,1.07,GOOD
1790983982531,8462,2155.0,130.9731349859498,32000.0,93.9,98.0,-1.6,-0.3,1.07,GOOD
1790983982531,8463,2121.0,87.71863527203136,32000.0,93.9,98.0,-1.6,-0.3,1.07,GOOD
1790983982531,8464,2109.0,38.63573324955573,32000.0,93.9,98.0,-1.6,-0.3,1.07,GOOD
1790983982531,8465,2066.0,-5.8086045835668205,32000.0,93.9,98.0,-1.6,-0.3,1.07,GOOD
1790983982531,8466,2107.0,-37.73003470317231,32000.0,93.9,98.0,-1.6,-0.3,1.07,GOOD
1790983982531,8467,2115.0,-50.08432732695989,32000.0,93.9,98.0,-1.6,-0.3,1.07,GOOD
1790983982531,8468,2093.0,-44.52732225499435,32000.0,93.9,98.0,-1.6,-0.3,1.07,GOOD
1790983982531,8469,1956.0,-40.313926147878036,32000.0,93.9,98.0,-1.6,-0.3,1.07,GOOD
1790983982531,8470,1955.0,-60.601879158509675,32000.0,93.9,98.0,-1.6,-0.3,1.07,GOOD
1790983982531,8471,1964.0,-104.18025067863677,32000.0,93.9,98.0,-1.6,-0.3,1.07,GOOD
1790983982531,8472,1945.0,-148.04722086898067,32000.0,93.9,98.0,-1.6,-0.3,1.07,GOOD
1790983982531,8473,1972.0,-175.81646770311573,32000.0,93.9,98.0,-1.6,-0.3,1.07,GOOD
1790983982531,8474,1952.0,-185.1306101879366,32000.0,93.9,98.0,-1.6,-0.3,1.07,GOOD
1790983982531,8475,1959.0,-179.94753294176724,32000.0,93.9,98.0,-1.6,-0.3,1.07,GOOD
1790983982614,8476,1964.0,-167.16174394424286,32000.0,93.9,98.0,-1.7,-0.3,1.08,GOOD
1790983982614,8477,2015.0,-152.61681632874127,32000.0,93.9,98.0,-1.7,-0.3,1.08,GOOD
1790983982614,8478,1989.0,-139.17533591790922,32000.0,93.9,98.0,-1.7,-0.3,1.08,GOOD
1790983982614,8479,1999.0,-128.7011050722342,32000.0,93.9,98.0,-1.7,-0.3,1.08,GOOD
1790983982614,8480,2019.0,-119.79406468361712,32000.0,93.9,98.0,-1.7,-0.3,1.08,GOOD
1790983982614,8481,1994.0,-109.16142832063967,32000.0,93.9,98.0,-1.7,-0.3,1.08,GOOD
1790983982614,8482,1998.0,-100.53542256204165,32000.0,93.9,98.0,-1.7,-0.3,1.08,GOOD
1790983982614,8483,1974.0,-101.39680203546274,32000.0,93.9,98.0,-1.7,-0.3,1.08,GOOD
1790983982614,8484,1970.0,-111.84516067761257,32000.0,93.9,98.0,-1.7,-0.3,1.08,GOOD
1790983982614,8485,1926.0,-125.63499194655915,32000.0,93.9,98.0,-1.7,-0.3,1.08,GOOD
1790983982614,8486,1950.0,-138.1945006353899,32000.0,93.9,98.0,-1.7,-0.3,1.08,GOOD
1790983982614,8487,1945.0,-148.0787547359954,32000.0,93.9,98.0,-1.7,-0.3,1.08,GOOD
1790983982614,8488,1930.0,-155.50338382311952,32000.0,93.9,98.0,-1.7,-0.3,1.08,GOOD
1790983982614,8489,1868.0,-163.57705335233462,32000.0,93.9,98.0,-1.7,-0.3,1.08,GOOD
1790983982614,8490,1891.0,-174.91307208959392,32000.0,93.9,98.0,-1.7,-0.3,1.08,GOOD
1790983982614,8491,1894.0,-186.0941917075052,32000.0,93.9,98.0,-1.7,-0.3,1.08,GOOD
1790983982614,8492,1883.0,-193.2137114403239,32000.0,93.9,98.0,-1.7,-0.3,1.08,GOOD
1790983982614,8493,1915.0,-196.8153437823628,32000.0,93.9,98.0,-1.7,-0.3,1.08,GOOD
1790983982614,8494,1896.0,-195.3770764634799,32000.0,93.9,98.0,-1.7,-0.3,1.08,GOOD
1790983982614,8495,1909.0,-186.04308969517183,32000.0,93.9,98.0,-1.7,-0.3,1.08,GOOD
1790983982614,8496,1922.0,-171.15454495051205,32000.0,93.9,98.0,-1.7,-0.3,1.08,GOOD
1790983982614,8497,2017.0,-153.45096120895664,32000.0,93.9,98.0,-1.7,-0.3,1.08,GOOD
1790983982614,8498,2002.0,-130.61284837691363,32000.0,93.9,98.0,-1.7,-0.3,1.08,GOOD
1790983982614,8499,2000.0,-102.599693225046,32000.0,93.9,98.0,-1.7,-0.3,1.08,GOOD
1790983982614,8500,2015.0,-74.94052057813575,32000.0,93.9,98.0,-1.7,-0.3,1.08,GOOD
1790983982729,8501,2042.0,-51.601660481105405,32000.0,93.9,98.0,-1.6,-0.3,1.08,GOOD
1790983982729,8502,2040.0,-34.947748303132286,32000.0,93.9,98.0,-1.6,-0.3,1.08,GOOD
1790983982729,8503,2019.0,-28.488925419441202,32000.0,93.9,98.0,-1.6,-0.3,1.08,GOOD
1790983982729,8504,2021.0,-31.487561296122912,32000.0,93.9,98.0,-1.6,-0.3,1.08,GOOD
1790983982729,8505,1960.0,-38.386331612759676,32000.0,93.9,98.0,-1.6,-0.3,1.08,GOOD
1790983982729,8506,1986.0,-47.4979922155041,32000.0,93.9,98.0,-1.6,-0.3,1.08,GOOD
1790983982729,8507,1979.0,-60.39723657888018,32000.0,93.9,98.0,-1.6,-0.3,1.08,GOOD
1790983982729,8508,1968.0,-75.56873225253754,32000.0,93.9,98.0,-1.6,-0.3,1.08,GOOD
1790983982729,8509,1816.0,-94.0849609658909,32000.0,93.9,98.0,-1.6,-0.3,1.08,GOOD
1790983982729,8510,1838.0,-122.3709705727281,32000.0,93.9,98.0,-1.6,-0.3,1.08,GOOD
1790983982729,8511,1835.0,-158.58580318219083,32000.0,93.9,98.0,-1.6,-0.3,1.08,GOOD
1790983982729,8512,1818.0,-192.36000776781106,32000.0,93.9,98.0,-1.6,-0.3,1.08,GOOD
1790983982729,8513,1978.0,-212.1745083325505,32000.0,93.9,98.0,-1.6,-0.3,1.08,GOOD
1790983982729,8514,1972.0,-200.6980110021263,32000.0,93.9,98.0,-1.6,-0.3,1.08,GOOD
1790983982729,8515,1994.0,-151.7182402244556,32000.0,93.9,98.0,-1.6,-0.3,1.08,GOOD
1790983982729,8516,1997.0,-86.84623419062727,32000.0,93.9,98.0,-1.6,-0.3,1.08,GOOD
1790983982729,8517,2006.0,-36.25300336000336,32000.0,93.9,98.0,-1.6,-0.3,1.08,GOOD
1790983982729,8518,1965.0,-16.981405199336532,32000.0,93.9,98.0,-1.6,-0.3,1.08,GOOD
1790983982729,8519,1948.0,-27.461539812085633,32000.0,93.9,98.0,-1.6,-0.3,1.08,GOOD
1790983982729,8520,1978.0,-50.09515882791176,32000.0,93.9,98.0,-1.6,-0.3,1.08,GOOD
1790983982729,8521,2071.0,-60.49300936990099,32000.0,93.9,98.0,-1.6,-0.3,1.08,GOOD
1790983982729,8522,2043.0,-45.84681890663151,32000.0,93.9,98.0,-1.6,-0.3,1.08,GOOD
1790983982729,8523,2018.0,-18.28652275849976,32000.0,93.9,98.0,-1.6,-0.3,1.08,GOOD
1790983982729,8524,2023.0,1.5624427875255886,32000.0,93.9,98.0,-1.6,-0.3,1.08,GOOD
1790983982729,8525,2036.0,9.32940148351617,32000.0,93.9,98.0,-1.6,-0.3,1.08,GOOD
1790983982809,8526,2049.0,12.404430223526825,32000.0,93.9,98.0,-1.6,-0.2,1.08,GOOD
1790983982809,8527,2039.0,13.508964763754017,32000.0,93.9,98.0,-1.6,-0.2,1.08,GOOD
1790983982809,8528,2025.0,10.35764475182128,32000.0,93.9,98.0,-1.6,-0.2,1.08,GOOD
1790983982809,8529,1859.0,-2.038145396829206,32000.0,93.9,98.0,-1.6,-0.2,1.08,GOOD
1790983982809,8530,1918.0,-30.163849055064095,32000.0,93.9,98.0,-1.6,-0.2,1.08,GOOD
1790983982809,8531,1927.0,-68.00549372834674,32000.0,93.9,98.0,-1.6,-0.2,1.08,GOOD
1790983982809,8532,1916.0,-99.60818390881994,32000.0,93.9,98.0,-1.6,-0.2,1.08,GOOD
1790983982809,8533,1908.0,-118.1571760269787,32000.0,93.9,98.0,-1.6,-0.2,1.08,GOOD
1790983982809,8534,1909.0,-123.25331279513584,32000.0,93.9,98.0,-1.6,-0.2,1.08,GOOD
1790983982809,8535,1930.0,-114.06957253425313,32000.0,93.9,98.0,-1.6,-0.2,1.08,GOOD
1790983982809,8536,1928.0,-96.26289876774763,32000.0,93.9,98.0,-1.6,-0.2,1.08,GOOD
1790983982809,8537,2005.0,-79.8857417616353,32000.0,93.9,98.0,-1.6,-0.2,1.08,GOOD
1790983982809,8538,1977.0,-66.5869599320799,32000.0,93.9,98.0,-1.6,-0.2,1.08,GOOD
1790983982809,8539,1986.0,-51.10775086214209,32000.0,93.9,98.0,-1.6,-0.2,1.08,GOOD
1790983982809,8540,1992.0,-31.734168326486625,32000.0,93.9,98.0,-1.6,-0.2,1.08,GOOD
1790983982809,8541,2043.0,-11.46833446934794,32000.0,93.9,98.0,-1.6,-0.2,1.08,GOOD
1790983982809,8542,2016.0,4.14729099928485,32000.0,93.9,98.0,-1.6,-0.2,1.08,GOOD
1790983982809,8543,2005.0,9.830903823485219,32000.0,93.9,98.0,-1.6,-0.2,1.08,GOOD
1790983982809,8544,2022.0,8.156786462150572,32000.0,93.9,98.0,-1.6,-0.2,1.08,GOOD
1790983982809,8545,2053.0,10.430061211051159,32000.0,93.9,98.0,-1.6,-0.2,1.08,GOOD
1790983982809,8546,2054.0,22.250385829176324,32000.0,93.9,98.0,-1.6,-0.2,1.08,GOOD
1790983982809,8547,2030.0,34.61688112408252,32000.0,93.9,98.0,-1.6,-0.2,1.08,GOOD
1790983982809,8548,2034.0,36.99469641481752,32000.0,93.9,98.0,-1.6,-0.2,1.08,GOOD
1790983982809,8549,2001.0,31.060052161339406,32000.0,93.9,98.0,-1.6,-0.2,1.08,GOOD
1790983982809,8550,2027.0,24.532163568202435,32000.0,93.9,98.0,-1.6,-0.2,1.08,GOOD
1790983982908,8551,2031.0,20.657094574934792,32000.0,93.9,98.0,-1.7,-0.3,1.08,GOOD
1790983982908,8552,2020.0,17.39995505560717,32000.0,93.9,98.0,-1.7,-0.3,1.08,GOOD
1790983982908,8553,1954.0,10.306097209749868,32000.0,93.9,98.0,-1.7,-0.3,1.08,GOOD
1790983982908,8554,1960.0,-2.7534439437636014,32000.0,93.9,98.0,-1.7,-0.3,1.08,GOOD
1790983982908,8555,1970.0,-17.52107448959494,32000.0,93.9,98.0,-1.7,-0.3,1.08,GOOD
1790983982908,8556,1965.0,-29.0002480350421,32000.0,93.9,98.0,-1.7,-0.3,1.08,GOOD
1790983982908,8557,2015.0,-36.02056631937738,32000.0,93.9,98.0,-1.7,-0.3,1.08,GOOD
1790983982908,8558,1996.0,-35.2092406482532,32000.0,93.9,98.0,-1.7,-0.3,1.08,GOOD
1790983982908,8559,2004.0,-23.127487260098544,32000.0,93.9,98.0,-1.7,-0.3,1.08,GOOD
1790983982908,8560,1999.0,-4.58272098446619,32000.0,93.9,98.0,-1.7,-0.3,1.08,GOOD
1790983982908,8561,2107.0,13.565738702187069,32000.0,93.9,98.0,-1.7,-0.3,1.08,GOOD
1790983982908,8562,2075.0,31.53194882787187,32000.0,93.9,98.0,-1.7,-0.3,1.08,GOOD
1790983982908,8563,2055.0,49.30448804050828,32000.0,93.9,98.0,-1.7,-0.3,1.08,GOOD
1790983982908,8564,2072.0,63.06409338458491,32000.0,93.9,98.0,-1.7,-0.3,1.08,GOOD
1790983982908,8565,2060.0,72.12839514007851,32000.0,93.9,98.0,-1.7,-0.3,1.08,GOOD
1790983982908,8566,2064.0,75.03547283074226,32000.0,93.9,98.0,-1.7,-0.3,1.08,GOOD
1790983982908,8567,2062.0,68.46949415239501,32000.0,93.9,98.0,-1.7,-0.3,1.08,GOOD
1790983982908,8568,2092.0,57.72301313004108,32000.0,93.9,98.0,-1.7,-0.3,1.08,GOOD
1790983982908,8569,2017.0,52.85899093119011,32000.0,93.9,98.0,-1.7,-0.3,1.08,GOOD
1790983982908,8570,2029.0,52.62873364312232,32000.0,93.9,98.0,-1.7,-0.3,1.08,GOOD
1790983982908,8571,2013.0,46.99072007621042,32000.0,93.9,98.0,-1.7,-0.3,1.08,GOOD
1790983982908,8572,1993.0,30.91399614014438,32000.0,93.9,98.0,-1.7,-0.3,1.08,GOOD
1790983982908,8573,1974.0,7.594438034717166,32000.0,93.9,98.0,-1.7,-0.3,1.08,GOOD
1790983982908,8574,2006.0,-12.730343508832007,32000.0,93.9,98.0,-1.7,-0.3,1.08,GOOD
1790983982908,8575,2026.0,-18.496902810012642,32000.0,93.9,98.0,-1.7,-0.3,1.08,GOOD
1790983983146,8576,2009.0,-9.325040468672086,32000.0,103.3,98.0,-1.6,-0.3,1.08,GOOD
1790983983146,8577,1945.0,-0.058003946467257705,32000.0,103.3,98.0,-1.6,-0.3,1.08,GOOD
1790983983146,8578,1934.0,-6.085848889467884,32000.0,103.3,98.0,-1.6,-0.3,1.08,GOOD
1790983983146,8579,1933.0,-26.473756914616438,32000.0,103.3,98.0,-1.6,-0.3,1.08,GOOD
1790983983146,8580,1934.0,-48.608088203541584,32000.0,103.3,98.0,-1.6,-0.3,1.08,GOOD
1790983983146,8581,2012.0,-61.29393644678419,32000.0,103.3,98.0,-1.6,-0.3,1.08,GOOD
1790983983146,8582,1976.0,-58.24298626974875,32000.0,103.3,98.0,-1.6,-0.3,1.08,GOOD
1790983983146,8583,1970.0,-42.41997413194673,32000.0,103.3,98.0,-1.6,-0.3,1.08,GOOD
1790983983146,8584,1983.0,-24.042742385960928,32000.0,103.3,98.0,-1.6,-0.3,1.08,GOOD
1790983983146,8585,2116.0,-5.321391885991517,32000.0,103.3,98.0,-1.6,-0.3,1.08,GOOD
1790983983146,8586,2110.0,21.358951112981096,32000.0,103.3,98.0,-1.6,-0.3,1.08,GOOD
1790983983146,8587,2100.0,55.54136626404671,32000.0,103.3,98.0,-1.6,-0.3,1.08,GOOD
1790983983146,8588,2112.0,86.69386584596386,32000.0,103.3,98.0,-1.6,-0.3,1.08,GOOD
1790983983146,8589,2503.0,124.76928716120477,32000.0,103.3,98.0,-1.6,-0.3,1.08,GOOD
1790983983146,8590,2544.0,204.32335667576703,32000.0,103.3,98.0,-1.6,-0.3,1.08,GOOD
1790983983146,8591,2559.0,327.78108904653556,32000.0,103.3,98.0,-1.6,-0.3,1.08,GOOD
1790983983146,8592,1996.0,427.22315277795394,32000.0,103.3,98.0,-1.6,-0.3,1.08,GOOD
1790983983146,8593,1979.0,414.6437279372209,32000.0,103.3,98.0,-1.6,-0.3,1.08,GOOD
1790983983146,8594,1941.0,278.1524322556812,32000.0,103.3,98.0,-1.6,-0.3,1.08,GOOD
1790983983146,8595,1905.0,89.81770697465069,32000.0,103.3,98.0,-1.6,-0.3,1.08,GOOD
1790983983146,8596,1693.0,-84.02898385462328,32000.0,103.3,98.0,-1.6,-0.3,1.08,GOOD
1790983983146,8597,1702.0,-217.6165656065536,32000.0,103.3,98.0,-1.6,-0.3,1.08,GOOD
1790983983146,8598,1706.0,-294.0328661114279,32000.0,103.3,98.0,-1.6,-0.3,1.08,GOOD
1790983983146,8599,2091.0,-295.03079127916226,32000.0,103.3,98.0,-1.6,-0.3,1.08,GOOD
1790983983146,8600,2064.0,-221.10665625703822,32000.0,103.3,98.0,-1.6,-0.3,1.08,GOOD
1790983983147,8601,2076.0,-110.68511496950362,32000.0,103.3,98.0,-1.6,-0.3,1.08,GOOD
1790983983147,8602,2107.0,-9.510179178090443,32000.0,103.3,98.0,-1.6,-0.3,1.08,GOOD
1790983983147,8603,2063.0,69.38729215389176,32000.0,103.3,98.0,-1.6,-0.3,1.08,GOOD
1790983983147,8604,2041.0,118.81607397196971,32000.0,103.3,98.0,-1.6,-0.3,1.08,GOOD
1790983983147,8605,2024.0,116.79793042706419,32000.0,103.3,98.0,-1.6,-0.3,1.08,GOOD
1790983983147,8606,1997.0,62.653774343081416,32000.0,103.3,98.0,-1.6,-0.3,1.08,GOOD
1790983983147,8607,2044.0,-0.8968830615971086,32000.0,103.3,98.0,-1.6,-0.3,1.08,GOOD
1790983983147,8608,2052.0,-21.873506397262148,32000.0,103.3,98.0,-1.6,-0.3,1.08,GOOD
1790983983147,8609,2032.0,5.313518426760222,32000.0,103.3,98.0,-1.6,-0.3,1.08,GOOD
1790983983147,8610,2010.0,35.41910371585139,32000.0,103.3,98.0,-1.6,-0.3,1.08,GOOD
1790983983147,8611,2033.0,32.01778882065623,32000.0,103.3,98.0,-1.6,-0.3,1.08,GOOD
1790983983147,8612,2075.0,11.192293221078135,32000.0,103.3,98.0,-1.6,-0.3,1.08,GOOD
1790983983147,8613,2085.0,12.273110554541239,32000.0,103.3,98.0,-1.6,-0.3,1.08,GOOD
1790983983147,8614,2101.0,42.871867821515444,32000.0,103.3,98.0,-1.6,-0.3,1.08,GOOD
1790983983147,8615,2062.0,72.76268145416789,32000.0,103.3,98.0,-1.6,-0.3,1.08,GOOD
1790983983147,8616,2075.0,75.76292999111627,32000.0,103.3,98.0,-1.6,-0.3,1.08,GOOD
1790983983147,8617,2172.0,64.54917534818566,32000.0,103.3,98.0,-1.6,-0.3,1.08,GOOD
1790983983147,8618,2169.0,73.35753929430669,32000.0,103.3,98.0,-1.6,-0.3,1.08,GOOD
1790983983147,8619,2141.0,107.14728145180078,32000.0,103.3,98.0,-1.6,-0.3,1.08,GOOD
1790983983147,8620,2126.0,134.56784363300903,32000.0,103.3,98.0,-1.6,-0.3,1.08,GOOD
1790983983147,8621,2166.0,135.15193467129973,32000.0,103.3,98.0,-1.6,-0.3,1.08,GOOD
1790983983147,8622,2198.0,124.95606738244679,32000.0,103.3,98.0,-1.6,-0.3,1.08,GOOD
1790983983147,8623,2197.0,128.6909276700315,32000.0,103.3,98.0,-1.6,-0.3,1.08,GOOD
1790983983147,8624,2180.0,146.19083820468074,32000.0,103.3,98.0,-1.6,-0.3,1.08,GOOD
1790983983147,8625,2133.0,156.59010390753224,32000.0,103.3,98.0,-1.6,-0.3,1.08,GOOD
1790983983230,8626,2160.0,147.13895059273355,32000.0,103.3,98.0,-1.6,-0.4,1.08,GOOD
1790983983230,8627,2183.0,128.91538410893907,32000.0,103.3,98.0,-1.6,-0.4,1.08,GOOD
1790983983230,8628,2192.0,120.75333575764465,32000.0,103.3,98.0,-1.6,-0.4,1.08,GOOD
1790983983230,8629,2111.0,122.86877788720622,32000.0,103.3,98.0,-1.6,-0.4,1.08,GOOD
1790983983230,8630,2103.0,118.05285983678128,32000.0,103.3,98.0,-1.6,-0.4,1.08,GOOD
1790983983230,8631,2146.0,100.07026904535893,32000.0,103.3,98.0,-1.6,-0.4,1.08,GOOD
1790983983230,8632,2174.0,84.25613861343516,32000.0,103.3,98.0,-1.6,-0.4,1.08,GOOD
1790983983230,8633,2284.0,88.48527132276507,32000.0,103.3,98.0,-1.6,-0.4,1.08,GOOD
1790983983230,8634,2247.0,116.94737786245686,32000.0,103.3,98.0,-1.6,-0.4,1.08,GOOD
1790983983230,8635,2233.0,156.0045814997154,32000.0,103.3,98.0,-1.6,-0.4,1.08,GOOD
1790983983230,8636,2230.0,185.50466305918127,32000.0,103.3,98.0,-1.6,-0.4,1.08,GOOD
1790983983230,8637,2287.0,198.18110322959654,32000.0,103.3,98.0,-1.6,-0.4,1.08,GOOD
1790983983230,8638,2270.0,199.50916183499209,32000.0,103.3,98.0,-1.6,-0.4,1.08,GOOD
1790983983230,8639,2251.0,194.1227428335578,32000.0,103.3,98.0,-1.6,-0.4,1.08,GOOD
1790983983230,8640,2241.0,184.57334249043726,32000.0,103.3,98.0,-1.6,-0.4,1.08,GOOD
1790983983230,8641,2390.0,182.33572132444704,32000.0,103.3,98.0,-1.6,-0.4,1.08,GOOD
1790983983230,8642,2405.0,203.63199772787556,32000.0,103.3,98.0,-1.6,-0.4,1.08,GOOD
1790983983230,8643,2404.0,244.74870549762628,32000.0,103.3,98.0,-1.6,-0.4,1.08,GOOD
1790983983230,8644,2398.0,282.303881963633,32000.0,103.3,98.0,-1.6,-0.4,1.08,GOOD
1790983983230,8645,2280.0,298.3767684767156,32000.0,103.3,98.0,-1.6,-0.4,1.08,GOOD
1790983983230,8646,2290.0,286.7478263849281,32000.0,103.3,98.0,-1.6,-0.4,1.08,GOOD
1790983983230,8647,2292.0,251.51278804244234,32000.0,103.3,98.0,-1.6,-0.4,1.08,GOOD
1790983983230,8648,2290.0,206.28259531442453,32000.0,103.3,98.0,-1.6,-0.4,1.08,GOOD
1790983983230,8649,2041.0,157.02750856965338,32000.0,103.3,98.0,-1.6,-0.4,1.08,GOOD
1790983983230,8650,2053.0,96.28481406807454,32000.0,103.3,98.0,-1.6,-0.4,1.08,GOOD
1790983983342,8651,2055.0,28.593662992853478,32000.0,103.3,98.0,-1.6,-0.3,1.08,GOOD
1790983983342,8652,2050.0,-27.773749944940455,32000.0,103.3,98.0,-1.6,-0.3,1.08,GOOD
1790983983342,8653,1949.0,-71.25496026767543,32000.0,103.3,98.0,-1.6,-0.3,1.08,GOOD
1790983983342,8654,1947.0,-112.78614424374555,32000.0,103.3,98.0,-1.6,-0.3,1.08,GOOD
1790983983342,8655,1959.0,-146.682018318948,32000.0,103.3,98.0,-1.6,-0.3,1.08,GOOD
1790983983342,8656,1953.0,-158.3931518712082,32000.0,103.3,98.0,-1.6,-0.3,1.08,GOOD
1790983983342,8657,1931.0,-154.83015215675562,32000.0,103.3,98.0,-1.6,-0.3,1.08,GOOD
1790983983342,8658,1912.0,-159.02671203232114,32000.0,103.3,98.0,-1.6,-0.3,1.08,GOOD
1790983983342,8659,1896.0,-178.0760555033497,32000.0,103.3,98.0,-1.6,-0.3,1.08,GOOD
1790983983342,8660,1866.0,-197.5319364313234,32000.0,103.3,98.0,-1.6,-0.3,1.08,GOOD
1790983983342,8661,2029.0,-199.76626369830007,32000.0,103.3,98.0,-1.6,-0.3,1.08,GOOD
1790983983342,8662,2016.0,-177.31568267632628,32000.0,103.3,98.0,-1.6,-0.3,1.08,GOOD
1790983983342,8663,2006.0,-141.78572934783838,32000.0,103.3,98.0,-1.6,-0.3,1.08,GOOD
1790983983342,8664,2007.0,-111.88215151257644,32000.0,103.3,98.0,-1.6,-0.3,1.08,GOOD
1790983983342,8665,1983.0,-91.11347153514517,32000.0,103.3,98.0,-1.6,-0.3,1.08,GOOD
1790983983342,8666,1978.0,-77.4493349380842,32000.0,103.3,98.0,-1.6,-0.3,1.08,GOOD
1790983983342,8667,1978.0,-77.96975148540304,32000.0,103.3,98.0,-1.6,-0.3,1.08,GOOD
1790983983342,8668,1988.0,-96.03493498277886,32000.0,103.3,98.0,-1.6,-0.3,1.08,GOOD
1790983983342,8669,1955.0,-118.82293498373599,32000.0,103.3,98.0,-1.6,-0.3,1.08,GOOD
1790983983342,8670,1965.0,-128.57169166794222,32000.0,103.3,98.0,-1.6,-0.3,1.08,GOOD
1790983983342,8671,1958.0,-121.6161234699068,32000.0,103.3,98.0,-1.6,-0.3,1.08,GOOD
1790983983342,8672,1959.0,-112.05894774615625,32000.0,103.3,98.0,-1.6,-0.3,1.08,GOOD
1790983983342,8673,1921.0,-116.17897201096068,32000.0,103.3,98.0,-1.6,-0.3,1.08,GOOD
1790983983342,8674,1940.0,-133.14592764628526,32000.0,103.3,98.0,-1.6,-0.3,1.08,GOOD
1790983983342,8675,1944.0,-145.18762036892593,32000.0,103.3,98.0,-1.6,-0.3,1.08,GOOD
1790983983425,8676,1939.0,-140.9542631605246,32000.0,103.3,98.0,-1.5,-0.3,1.07,GOOD
1790983983425,8677,1879.0,-132.7741473170716,32000.0,103.3,98.0,-1.5,-0.3,1.07,GOOD
1790983983425,8678,1894.0,-140.149236719888,32000.0,103.3,98.0,-1.5,-0.3,1.07,GOOD
1790983983425,8679,1904.0,-160.62860611308514,32000.0,103.3,98.0,-1.5,-0.3,1.07,GOOD
1790983983425,8680,1906.0,-173.48299921801436,32000.0,103.3,98.0,-1.5,-0.3,1.07,GOOD
1790983983425,8681,2034.0,-164.01364774382193,32000.0,103.3,98.0,-1.5,-0.3,1.07,GOOD
1790983983425,8682,2018.0,-131.8179821698405,32000.0,103.3,98.0,-1.5,-0.3,1.07,GOOD
1790983983425,8683,2020.0,-90.22839816179996,32000.0,103.3,98.0,-1.5,-0.3,1.07,GOOD
1790983983425,8684,2047.0,-54.595255194067036,32000.0,103.3,98.0,-1.5,-0.3,1.07,GOOD
1790983983425,8685,2039.0,-27.69581367282145,32000.0,103.3,98.0,-1.5,-0.3,1.07,GOOD
1790983983425,8686,2026.0,-9.605422524933717,32000.0,103.3,98.0,-1.5,-0.3,1.07,GOOD
1790983983425,8687,2023.0,-6.494012092808446,32000.0,103.3,98.0,-1.5,-0.3,1.07,GOOD
1790983983425,8688,1962.0,-20.90715932908641,32000.0,103.3,98.0,-1.5,-0.3,1.07,GOOD
1790983983425,8689,1986.0,-45.07716538244178,32000.0,103.3,98.0,-1.5,-0.3,1.07,GOOD
1790983983425,8690,1986.0,-64.54760921858458,32000.0,103.3,98.0,-1.5,-0.3,1.07,GOOD
1790983983425,8691,1867.0,-75.88473675150854,32000.0,103.3,98.0,-1.5,-0.3,1.07,GOOD
1790983983425,8692,1867.0,-95.1289967032724,32000.0,103.3,98.0,-1.5,-0.3,1.07,GOOD
1790983983425,8693,1878.0,-129.77928048272366,32000.0,103.3,98.0,-1.5,-0.3,1.07,GOOD
1790983983425,8694,1882.0,-162.79177676089398,32000.0,103.3,98.0,-1.5,-0.3,1.07,GOOD
1790983983425,8695,2000.0,-172.40994686752964,32000.0,103.3,98.0,-1.5,-0.3,1.07,GOOD
1790983983425,8696,1973.0,-150.2262055548568,32000.0,103.3,98.0,-1.5,-0.3,1.07,GOOD
1790983983425,8697,1966.0,-109.4649169309144,32000.0,103.3,98.0,-1.5,-0.3,1.07,GOOD
1790983983425,8698,1977.0,-73.63515713312735,32000.0,103.3,98.0,-1.5,-0.3,1.07,GOOD
1790983983425,8699,2078.0,-49.37698285870962,32000.0,103.3,98.0,-1.5,-0.3,1.07,GOOD
1790983983425,8700,2060.0,-26.39076698553526,32000.0,103.3,98.0,-1.5,-0.3,1.07,GOOD
1790983983779,8701,2049.0,-2.344402000436642,25.0,86.2,98.0,-1.6,-0.2,1.08,GOOD
1790983983779,8702,2052.0,14.326618070835417,24.0,86.2,98.0,-1.6,-0.2,1.08,GOOD
1790983983779,8703,2046.0,21.53165930589755,24.0,86.2,98.0,-1.6,-0.2,1.08,GOOD
1790983983779,8704,2040.0,23.114828201019776,24.0,86.2,98.0,-1.6,-0.2,1.08,GOOD
1790983983779,8705,2018.0,18.580743695349398,24.0,86.2,98.0,-1.6,-0.2,1.08,GOOD
1790983983779,8706,1971.0,4.000282993960453,21.0,86.2,98.0,-1.6,-0.2,1.08,GOOD
1790983983779,8707,2045.0,-16.833730748017707,21.0,86.2,98.0,-1.6,-0.2,1.08,GOOD
1790983983779,8708,2062.0,-27.238329406087033,21.0,86.2,98.0,-1.6,-0.2,1.08,GOOD
1790983983779,8709,2071.0,-16.021891326479853,21.0,86.2,98.0,-1.6,-0.2,1.08,GOOD
1790983983779,8710,2070.0,7.353160771135364,20.0,86.2,98.0,-1.6,-0.2,1.08,GOOD
1790983983779,8711,1963.0,22.751437194784806,22.0,86.2,98.0,-1.6,-0.2,1.08,GOOD
1790983983779,8712,1974.0,15.59697745914433,21.0,86.2,98.0,-1.6,-0.2,1.08,GOOD
1790983983779,8713,1988.0,-9.998338576661792,21.0,86.2,98.0,-1.6,-0.2,1.08,GOOD
1790983983779,8714,1929.0,-38.928290005648094,21.0,86.2,98.0,-1.6,-0.2,1.08,GOOD
1790983983779,8715,1935.0,-65.507083991871,23.0,86.2,98.0,-1.6,-0.2,1.08,GOOD
1790983983779,8716,1938.0,-88.07185895650503,23.0,86.2,98.0,-1.6,-0.2,1.08,GOOD
1790983983779,8717,1942.0,-99.03100277353161,22.0,86.2,98.0,-1.6,-0.2,1.08,GOOD
1790983983779,8718,2002.0,-93.1477711929277,23.0,86.2,98.0,-1.6,-0.2,1.08,GOOD
1790983983779,8719,1988.0,-74.0593342314504,21.0,86.2,98.0,-1.6,-0.2,1.08,GOOD
1790983983779,8720,1985.0,-53.06840734550273,22.0,86.2,98.0,-1.6,-0.2,1.08,GOOD
1790983983779,8721,2072.0,-36.265477963337474,21.0,86.2,98.0,-1.6,-0.2,1.08,GOOD
1790983983779,8722,2070.0,-15.293123939287202,21.0,86.2,98.0,-1.6,-0.2,1.08,GOOD
1790983983779,8723,2074.0,14.322053437245373,22.0,86.2,98.0,-1.6,-0.2,1.08,GOOD
1790983983779,8724,2070.0,41.079856089921975,22.0,86.2,98.0,-1.6,-0.2,1.08,GOOD
1790983983779,8725,2051.0,52.87673885208619,22.0,86.2,98.0,-1.6,-0.2,1.08,GOOD
1790983983780,8726,2053.0,49.48451360899331,32000.0,86.2,98.0,-1.6,-0.2,1.08,GOOD
1790983983780,8727,2054.0,39.835605716024105,32000.0,86.2,98.0,-1.6,-0.2,1.08,GOOD
1790983983780,8728,2058.0,32.39873657344887,32000.0,86.2,98.0,-1.6,-0.2,1.08,GOOD
1790983983780,8729,1965.0,25.2125107065065,32000.0,86.2,98.0,-1.6,-0.2,1.08,GOOD
1790983983780,8730,1974.0,8.514753754139381,32000.0,86.2,98.0,-1.6,-0.2,1.08,GOOD
1790983983780,8731,1984.0,-17.231657084248102,32000.0,86.2,98.0,-1.6,-0.2,1.08,GOOD
1790983983780,8732,1950.0,-39.866795621882396,32000.0,86.2,98.0,-1.6,-0.2,1.08,GOOD
1790983983780,8733,1968.0,-53.73063250754495,32000.0,86.2,98.0,-1.6,-0.2,1.08,GOOD
1790983983780,8734,1965.0,-60.87797111845269,32000.0,86.2,98.0,-1.6,-0.2,1.08,GOOD
1790983983780,8735,1977.0,-61.96708863519653,32000.0,86.2,98.0,-1.6,-0.2,1.08,GOOD
1790983983780,8736,1976.0,-56.84533188742127,32000.0,86.2,98.0,-1.6,-0.2,1.08,GOOD
1790983983780,8737,1965.0,-48.42913839467246,32000.0,86.2,98.0,-1.6,-0.2,1.08,GOOD
1790983983780,8738,1966.0,-42.55114499603336,32000.0,86.2,98.0,-1.6,-0.2,1.08,GOOD
1790983983780,8739,1968.0,-42.49354092067515,32000.0,86.2,98.0,-1.6,-0.2,1.08,GOOD
1790983983780,8740,2118.0,-39.9098837738481,32000.0,86.2,98.0,-1.6,-0.2,1.08,GOOD
1790983983780,8741,2109.0,-17.513026115596993,32000.0,86.2,98.0,-1.6,-0.2,1.08,GOOD
1790983983780,8742,2109.0,26.508665254568697,32000.0,86.2,98.0,-1.6,-0.2,1.08,GOOD
1790983983780,8743,2082.0,70.82168424449004,32000.0,86.2,98.0,-1.6,-0.2,1.08,GOOD
1790983983780,8744,2096.0,95.52113937982823,32000.0,86.2,98.0,-1.6,-0.2,1.08,GOOD
1790983983780,8745,2089.0,97.87051387056397,32000.0,86.2,98.0,-1.6,-0.2,1.08,GOOD
1790983983780,8746,2079.0,85.84169039618922,32000.0,86.2,98.0,-1.6,-0.2,1.08,GOOD
1790983983780,8747,2061.0,68.44989781397771,32000.0,86.2,98.0,-1.6,-0.2,1.08,GOOD
1790983983780,8748,2076.0,53.51030057366757,32000.0,86.2,98.0,-1.6,-0.2,1.08,GOOD
1790983983780,8749,2084.0,47.21154115713513,32000.0,86.2,98.0,-1.6,-0.2,1.08,GOOD
1790983983780,8750,1994.0,46.17041443475563,32000.0,86.2,98.0,-1.6,-0.2,1.08,GOOD
1790983983781,8751,1984.0,35.79699308600999,32000.0,86.2,98.0,-1.6,-0.2,1.08,GOOD
1790983983781,8752,1988.0,9.992923979309364,32000.0,86.2,98.0,-1.6,-0.2,1.08,GOOD
1790983983781,8753,1995.0,-18.44720825592494,32000.0,86.2,98.0,-1.6,-0.2,1.08,GOOD
1790983983781,8754,1976.0,-35.97087088136219,32000.0,86.2,98.0,-1.6,-0.2,1.08,GOOD
1790983983781,8755,1957.0,-43.07303538754341,32000.0,86.2,98.0,-1.6,-0.2,1.08,GOOD
1790983983781,8756,1939.0,-48.29422813429123,32000.0,86.2,98.0,-1.6,-0.2,1.08,GOOD
1790983983781,8757,2048.0,-52.31420255755696,32000.0,86.2,98.0,-1.6,-0.2,1.08,GOOD
1790983983781,8758,2060.0,-43.44588649562172,32000.0,86.2,98.0,-1.6,-0.2,1.08,GOOD
1790983983781,8759,2063.0,-16.588171472158415,32000.0,86.2,98.0,-1.6,-0.2,1.08,GOOD
1790983983781,8760,2065.0,16.415199299143104,32000.0,86.2,98.0,-1.6,-0.2,1.08,GOOD
1790983983781,8761,2093.0,43.19372747393708,32000.0,86.2,98.0,-1.6,-0.2,1.08,GOOD
1790983983781,8762,2092.0,61.280918771652566,32000.0,86.2,98.0,-1.6,-0.2,1.08,GOOD
1790983983781,8763,2100.0,71.5407967227695,32000.0,86.2,98.0,-1.6,-0.2,1.08,GOOD
1790983983781,8764,2106.0,74.99751794672244,32000.0,86.2,98.0,-1.6,-0.2,1.08,GOOD
1790983983781,8765,1930.0,68.5906692852954,32000.0,86.2,98.0,-1.6,-0.2,1.08,GOOD
1790983983781,8766,1943.0,41.82255405301952,32000.0,86.2,98.0,-1.6,-0.2,1.08,GOOD
1790983983781,8767,1940.0,-4.680396226772869,32000.0,86.2,98.0,-1.6,-0.2,1.08,GOOD
1790983983781,8768,2279.0,-39.036884472339466,32000.0,86.2,98.0,-1.6,-0.2,1.08,GOOD
1790983983781,8769,2295.0,-15.224721978207715,32000.0,86.2,98.0,-1.6,-0.2,1.08,GOOD
1790983983781,8770,2319.0,75.60980306886472,32000.0,86.2,98.0,-1.6,-0.2,1.08,GOOD
1790983983781,8771,2340.0,192.68375344711805,32000.0,86.2,98.0,-1.6,-0.2,1.08,GOOD
1790983983781,8772,2563.0,298.3621544176106,32000.0,86.2,98.0,-1.6,-0.2,1.08,GOOD
1790983983781,8773,2498.0,383.1836998547997,32000.0,86.2,98.0,-1.6,-0.2,1.08,GOOD
1790983983781,8774,2484.0,437.3625739160551,32000.0,86.2,98.0,-1.6,-0.2,1.08,GOOD
1790983983781,8775,2464.0,451.04649628205925,32000.0,86.2,98.0,-1.6,-0.2,1.08,GOOD
1790983983889,8776,1871.0,415.2364334676217,32000.0,86.2,98.0,-1.6,-0.3,1.08,GOOD
1790983983889,8777,1852.0,299.6902084922836,32000.0,86.2,98.0,-1.6,-0.3,1.08,GOOD
1790983983889,8778,1808.0,102.97874976841929,32000.0,86.2,98.0,-1.6,-0.3,1.08,GOOD
1790983983889,8779,1797.0,-110.47609068201574,32000.0,86.2,98.0,-1.6,-0.3,1.08,GOOD
1790983983889,8780,1923.0,-263.668176836852,32000.0,86.2,98.0,-1.6,-0.3,1.08,GOOD
1790983983889,8781,1985.0,-307.185292654263,32000.0,86.2,98.0,-1.6,-0.3,1.08,GOOD
1790983983889,8782,2017.0,-240.96101764506736,32000.0,86.2,98.0,-1.6,-0.3,1.08,GOOD
1790983983889,8783,2034.0,-123.56842436646785,32000.0,86.2,98.0,-1.6,-0.3,1.08,GOOD
1790983983889,8784,2100.0,-27.214898918535894,32000.0,86.2,98.0,-1.6,-0.3,1.08,GOOD
1790983983889,8785,2117.0,19.30630015210169,32000.0,86.2,98.0,-1.6,-0.3,1.08,GOOD
1790983983889,8786,2137.0,36.168005552676455,32000.0,86.2,98.0,-1.6,-0.3,1.08,GOOD
1790983983889,8787,2130.0,53.25684205355205,32000.0,86.2,98.0,-1.6,-0.3,1.08,GOOD
1790983983889,8788,1962.0,69.59330786577694,32000.0,86.2,98.0,-1.6,-0.3,1.08,GOOD
1790983983889,8789,1969.0,54.75922756096783,32000.0,86.2,98.0,-1.6,-0.3,1.08,GOOD
1790983983889,8790,1995.0,-0.01596102983222636,32000.0,86.2,98.0,-1.6,-0.3,1.08,GOOD
1790983983889,8791,2007.0,-59.23044054332955,32000.0,86.2,98.0,-1.6,-0.3,1.08,GOOD
1790983983889,8792,2011.0,-85.33728238713583,32000.0,86.2,98.0,-1.6,-0.3,1.08,GOOD
1790983983889,8793,1979.0,-76.22491786559232,32000.0,86.2,98.0,-1.6,-0.3,1.08,GOOD
1790983983889,8794,1967.0,-58.150302893390176,32000.0,86.2,98.0,-1.6,-0.3,1.08,GOOD
1790983983889,8795,1974.0,-54.3480380041014,32000.0,86.2,98.0,-1.6,-0.3,1.08,GOOD
1790983983889,8796,2067.0,-61.119442148056,32000.0,86.2,98.0,-1.6,-0.3,1.08,GOOD
1790983983889,8797,2047.0,-57.027234136167635,32000.0,86.2,98.0,-1.6,-0.3,1.08,GOOD
1790983983889,8798,2024.0,-35.53506494574668,32000.0,86.2,98.0,-1.6,-0.3,1.08,GOOD
1790983983889,8799,2010.0,-13.60243317774424,32000.0,86.2,98.0,-1.6,-0.3,1.08,GOOD
1790983983889,8800,2161.0,-1.397267262993183,32000.0,86.2,98.0,-1.6,-0.3,1.08,GOOD
1790983984030,8801,2174.0,15.104740124048142,32000.0,86.2,98.0,-1.6,-0.3,1.08,GOOD
1790983984030,8802,2173.0,48.02285327079691,32000.0,86.2,98.0,-1.6,-0.3,1.08,GOOD
1790983984030,8803,2169.0,87.85377346730904,32000.0,86.2,98.0,-1.6,-0.3,1.08,GOOD
1790983984030,8804,2129.0,117.42797425626168,32000.0,86.2,98.0,-1.6,-0.3,1.08,GOOD
1790983984030,8805,2147.0,125.87257761994245,32000.0,86.2,98.0,-1.6,-0.3,1.08,GOOD
1790983984030,8806,2160.0,114.35939430894614,32000.0,86.2,98.0,-1.6,-0.3,1.08,GOOD
1790983984030,8807,2168.0,95.9670333647031,32000.0,86.2,98.0,-1.6,-0.3,1.08,GOOD
1790983984030,8808,2156.0,85.02041854756206,32000.0,86.2,98.0,-1.6,-0.3,1.08,GOOD
1790983984030,8809,2174.0,87.42647175260208,32000.0,86.2,98.0,-1.6,-0.3,1.08,GOOD
1790983984030,8810,2187.0,99.43949531352737,32000.0,86.2,98.0,-1.6,-0.3,1.08,GOOD
1790983984030,8811,2194.0,111.77658387642575,32000.0,86.2,98.0,-1.6,-0.3,1.08,GOOD
1790983984030,8812,2169.0,116.22488831807436,32000.0,86.2,98.0,-1.6,-0.3,1.08,GOOD
1790983984030,8813,2168.0,111.96823796709185,32000.0,86.2,98.0,-1.6,-0.3,1.08,GOOD
1790983984030,8814,2166.0,105.44199192502074,32000.0,86.2,98.0,-1.6,-0.3,1.08,GOOD
1790983984030,8815,2168.0,101.45969066579376,32000.0,86.2,98.0,-1.6,-0.3,1.08,GOOD
1790983984030,8816,2247.0,100.46116900317463,32000.0,86.2,98.0,-1.6,-0.3,1.08,GOOD
1790983984030,8817,2242.0,105.70797145106765,32000.0,86.2,98.0,-1.6,-0.3,1.08,GOOD
1790983984030,8818,2239.0,120.49651190485687,32000.0,86.2,98.0,-1.6,-0.3,1.08,GOOD
1790983984030,8819,2242.0,141.20130057707308,32000.0,86.2,98.0,-1.6,-0.3,1.08,GOOD
1790983984030,8820,2484.0,169.0438949465909,32000.0,86.2,98.0,-1.6,-0.3,1.08,GOOD
1790983984030,8821,2480.0,216.12686329084738,32000.0,86.2,98.0,-1.6,-0.3,1.08,GOOD
1790983984030,8822,2477.0,279.6617161294986,32000.0,86.2,98.0,-1.6,-0.3,1.08,GOOD
1790983984030,8823,2480.0,336.96563715270963,32000.0,86.2,98.0,-1.6,-0.3,1.08,GOOD
1790983984030,8824,2368.0,369.8509752470285,32000.0,86.2,98.0,-1.6,-0.3,1.08,GOOD
1790983984030,8825,2369.0,367.17014507781107,32000.0,86.2,98.0,-1.6,-0.3,1.08,GOOD
1790983984134,8826,2367.0,327.3522237926335,32000.0,86.2,98.0,-1.7,-0.3,1.08,GOOD
1790983984134,8827,2372.0,269.19416423689756,32000.0,86.2,98.0,-1.7,-0.3,1.08,GOOD
1790983984134,8828,2237.0,216.91869492696742,32000.0,86.2,98.0,-1.7,-0.3,1.08,GOOD
1790983984134,8829,2247.0,178.7569438920134,32000.0,86.2,98.0,-1.7,-0.3,1.08,GOOD
1790983984134,8830,2240.0,150.59000134129377,32000.0,86.2,98.0,-1.7,-0.3,1.08,GOOD
1790983984134,8831,2233.0,125.55461436640601,32000.0,86.2,98.0,-1.7,-0.3,1.08,GOOD
1790983984134,8832,2063.0,91.38786904038813,32000.0,86.2,98.0,-1.7,-0.3,1.08,GOOD
1790983984134,8833,2074.0,39.11968078375184,32000.0,86.2,98.0,-1.7,-0.3,1.08,GOOD
1790983984134,8834,2065.0,-17.914573202120522,32000.0,86.2,98.0,-1.7,-0.3,1.08,GOOD
1790983984134,8835,2048.0,-58.37679474202105,32000.0,86.2,98.0,-1.7,-0.3,1.08,GOOD
1790983984134,8836,1975.0,-85.3583810773315,32000.0,86.2,98.0,-1.7,-0.3,1.08,GOOD
1790983984134,8837,1971.0,-116.7394424330987,32000.0,86.2,98.0,-1.7,-0.3,1.08,GOOD
1790983984134,8838,1975.0,-151.37314836167457,32000.0,86.2,98.0,-1.7,-0.3,1.08,GOOD
1790983984134,8839,1965.0,-171.34782856775055,32000.0,86.2,98.0,-1.7,-0.3,1.08,GOOD
1790983984134,8840,2039.0,-169.2286593253636,32000.0,86.2,98.0,-1.7,-0.3,1.08,GOOD
1790983984134,8841,2031.0,-153.44809717658882,32000.0,86.2,98.0,-1.7,-0.3,1.08,GOOD
1790983984134,8842,2031.0,-135.91217163420455,32000.0,86.2,98.0,-1.7,-0.3,1.08,GOOD
1790983984134,8843,2022.0,-121.57445644949028,32000.0,86.2,98.0,-1.7,-0.3,1.08,GOOD
1790983984134,8844,1994.0,-109.23174182973585,32000.0,86.2,98.0,-1.7,-0.3,1.08,GOOD
1790983984134,8845,1968.0,-103.79983302476204,32000.0,86.2,98.0,-1.7,-0.3,1.08,GOOD
1790983984134,8846,1971.0,-115.14661868047085,32000.0,86.2,98.0,-1.7,-0.3,1.08,GOOD
1790983984134,8847,1969.0,-141.1032641977137,32000.0,86.2,98.0,-1.7,-0.3,1.08,GOOD
1790983984134,8848,1992.0,-163.4939467734717,32000.0,86.2,98.0,-1.7,-0.3,1.08,GOOD
1790983984134,8849,1992.0,-165.20805722996184,32000.0,86.2,98.0,-1.7,-0.3,1.08,GOOD
1790983984134,8850,1990.0,-148.28630001283966,32000.0,86.2,98.0,-1.7,-0.3,1.08,GOOD
1790983984216,8851,1988.0,-130.71692308787817,32000.0,86.2,98.0,-1.7,-0.2,1.07,GOOD
1790983984216,8852,1955.0,-126.75707059270255,32000.0,86.2,98.0,-1.7,-0.2,1.07,GOOD
1790983984216,8853,1975.0,-134.84629094850501,32000.0,86.2,98.0,-1.7,-0.2,1.07,GOOD
1790983984216,8854,1976.0,-142.5078873565086,32000.0,86.2,98.0,-1.7,-0.2,1.07,GOOD
1790983984216,8855,1962.0,-142.61111463689028,32000.0,86.2,98.0,-1.7,-0.2,1.07,GOOD
1790983984216,8856,1861.0,-144.88767456351331,32000.0,86.2,98.0,-1.7,-0.2,1.07,GOOD
1790983984216,8857,1878.0,-163.71358983681645,32000.0,86.2,98.0,-1.7,-0.2,1.07,GOOD
1790983984216,8858,1892.0,-194.13146498154478,32000.0,86.2,98.0,-1.7,-0.2,1.07,GOOD
1790983984216,8859,1897.0,-215.9666265841152,32000.0,86.2,98.0,-1.7,-0.2,1.07,GOOD
1790983984216,8860,2026.0,-214.9592460182246,32000.0,86.2,98.0,-1.7,-0.2,1.07,GOOD
1790983984216,8861,2005.0,-187.30195458061152,32000.0,86.2,98.0,-1.7,-0.2,1.07,GOOD
1790983984216,8862,2011.0,-142.37856614111672,32000.0,86.2,98.0,-1.7,-0.2,1.07,GOOD
1790983984216,8863,2014.0,-98.99473966896113,32000.0,86.2,98.0,-1.7,-0.2,1.07,GOOD
1790983984216,8864,2044.0,-68.80271278510139,32000.0,86.2,98.0,-1.7,-0.2,1.07,GOOD
1790983984216,8865,2021.0,-53.800870429835214,32000.0,86.2,98.0,-1.7,-0.2,1.07,GOOD
1790983984216,8866,2019.0,-53.20014140876715,32000.0,86.2,98.0,-1.7,-0.2,1.07,GOOD
1790983984216,8867,2024.0,-61.305930571808105,32000.0,86.2,98.0,-1.7,-0.2,1.07,GOOD
1790983984216,8868,1997.0,-68.32338939999713,32000.0,86.2,98.0,-1.7,-0.2,1.07,GOOD
1790983984216,8869,1990.0,-71.41071255009157,32000.0,86.2,98.0,-1.7,-0.2,1.07,GOOD
1790983984216,8870,1977.0,-76.50925091556543,32000.0,86.2,98.0,-1.7,-0.2,1.07,GOOD
1790983984216,8871,1974.0,-87.6598173887053,32000.0,86.2,98.0,-1.7,-0.2,1.07,GOOD
1790983984216,8872,1926.0,-102.650011571016,32000.0,86.2,98.0,-1.7,-0.2,1.07,GOOD
1790983984216,8873,1955.0,-116.84933968091565,32000.0,86.2,98.0,-1.7,-0.2,1.07,GOOD
1790983984216,8874,1945.0,-125.84191052292158,32000.0,86.2,98.0,-1.7,-0.2,1.07,GOOD
1790983984216,8875,1933.0,-129.57157689262877,32000.0,86.2,98.0,-1.7,-0.2,1.07,GOOD
1790983984384,8876,1894.0,-134.21147313647054,32000.0,86.2,98.0,-1.6,-0.4,1.07,GOOD
1790983984384,8877,1910.0,-143.52290673911983,32000.0,86.2,98.0,-1.6,-0.4,1.07,GOOD
1790983984384,8878,1920.0,-152.26762143674895,32000.0,86.2,98.0,-1.6,-0.4,1.07,GOOD
1790983984384,8879,1913.0,-154.34461298598342,32000.0,86.2,98.0,-1.6,-0.4,1.07,GOOD
1790983984384,8880,1988.0,-148.86371803837608,32000.0,86.2,98.0,-1.6,-0.4,1.07,GOOD
1790983984384,8881,1985.0,-133.9493728326644,32000.0,86.2,98.0,-1.6,-0.4,1.07,GOOD
1790983984384,8882,1996.0,-108.85919656690783,32000.0,86.2,98.0,-1.6,-0.4,1.07,GOOD
1790983984384,8883,1998.0,-80.29812644150955,32000.0,86.2,98.0,-1.6,-0.4,1.07,GOOD
1790983984384,8884,2076.0,-54.780435664369556,32000.0,86.2,98.0,-1.6,-0.4,1.07,GOOD
1790983984384,8885,2058.0,-32.2468464153502,32000.0,86.2,98.0,-1.6,-0.4,1.07,GOOD
1790983984384,8886,2054.0,-13.072932200243532,32000.0,86.2,98.0,-1.6,-0.4,1.07,GOOD
1790983984384,8887,2062.0,0.16729981303855102,32000.0,86.2,98.0,-1.6,-0.4,1.07,GOOD
1790983984384,8888,2016.0,6.751982082843287,32000.0,86.2,98.0,-1.6,-0.4,1.07,GOOD
1790983984384,8889,2008.0,3.6917364453367387,32000.0,86.2,98.0,-1.6,-0.4,1.07,GOOD
1790983984384,8890,1991.0,-12.213625975657944,32000.0,86.2,98.0,-1.6,-0.4,1.07,GOOD
1790983984384,8891,1997.0,-35.63338025975861,32000.0,86.2,98.0,-1.6,-0.4,1.07,GOOD
1790983984384,8892,1973.0,-55.58732013177561,32000.0,86.2,98.0,-1.6,-0.4,1.07,GOOD
1790983984384,8893,1986.0,-65.57699010395844,32000.0,86.2,98.0,-1.6,-0.4,1.07,GOOD
1790983984384,8894,1981.0,-67.03124430239781,32000.0,86.2,98.0,-1.6,-0.4,1.07,GOOD
1790983984384,8895,1962.0,-66.2547271421503,32000.0,86.2,98.0,-1.6,-0.4,1.07,GOOD
1790983984384,8896,1895.0,-71.60446007509411,32000.0,86.2,98.0,-1.6,-0.4,1.07,GOOD
1790983984384,8897,1921.0,-87.26082532261421,32000.0,86.2,98.0,-1.6,-0.4,1.07,GOOD
1790983984384,8898,1934.0,-105.94148183479791,32000.0,86.2,98.0,-1.6,-0.4,1.07,GOOD
1790983984384,8899,1925.0,-116.95952328421367,32000.0,86.2,98.0,-1.6,-0.4,1.07,GOOD
1790983984384,8900,1966.0,-117.60206186912792,32000.0,86.2,98.0,-1.6,-0.4,1.07,GOOD
1790983984385,8901,1957.0,-108.7259446336963,32000.0,86.2,98.0,-1.6,-0.4,1.07,GOOD
1790983984385,8902,1969.0,-91.92398436681336,32000.0,86.2,98.0,-1.6,-0.4,1.07,GOOD
1790983984385,8903,1958.0,-73.33436866773457,32000.0,86.2,98.0,-1.6,-0.4,1.07,GOOD
1790983984385,8904,2054.0,-57.647183204615,32000.0,86.2,98.0,-1.6,-0.4,1.07,GOOD
1790983984385,8905,2022.0,-41.69615494980482,32000.0,86.2,98.0,-1.6,-0.4,1.07,GOOD
1790983984385,8906,2025.0,-23.51331978609801,32000.0,86.2,98.0,-1.6,-0.4,1.07,GOOD
1790983984385,8907,2040.0,-6.620868753675248,32000.0,86.2,98.0,-1.6,-0.4,1.07,GOOD
1790983984385,8908,2067.0,8.111872824862225,32000.0,86.2,98.0,-1.6,-0.4,1.07,GOOD
1790983984385,8909,2053.0,20.672668596511862,32000.0,86.2,98.0,-1.6,-0.4,1.07,GOOD
1790983984385,8910,2042.0,26.934575456422305,32000.0,86.2,98.0,-1.6,-0.4,1.07,GOOD
1790983984385,8911,2053.0,25.57183952423063,32000.0,86.2,98.0,-1.6,-0.4,1.07,GOOD
1790983984385,8912,1969.0,19.625808126854412,32000.0,86.2,98.0,-1.6,-0.4,1.07,GOOD
1790983984385,8913,1978.0,7.270741356426091,32000.0,86.2,98.0,-1.6,-0.4,1.07,GOOD
1790983984385,8914,1966.0,-14.288138910830117,32000.0,86.2,98.0,-1.6,-0.4,1.07,GOOD
1790983984385,8915,1956.0,-40.144435533856964,32000.0,86.2,98.0,-1.6,-0.4,1.07,GOOD
1790983984385,8916,1933.0,-62.534671343505266,32000.0,86.2,98.0,-1.6,-0.4,1.07,GOOD
1790983984385,8917,1949.0,-75.98939700252859,32000.0,86.2,98.0,-1.6,-0.4,1.07,GOOD
1790983984385,8918,1960.0,-78.16871459554878,32000.0,86.2,98.0,-1.6,-0.4,1.07,GOOD
1790983984385,8919,1942.0,-72.88063734819099,32000.0,86.2,98.0,-1.6,-0.4,1.07,GOOD
1790983984385,8920,1954.0,-68.30474699347349,32000.0,86.2,98.0,-1.6,-0.4,1.07,GOOD
1790983984385,8921,1948.0,-67.32466682003474,32000.0,86.2,98.0,-1.6,-0.4,1.07,GOOD
1790983984385,8922,1957.0,-65.75652392059689,32000.0,86.2,98.0,-1.6,-0.4,1.07,GOOD
1790983984385,8923,1948.0,-61.24606503233711,32000.0,86.2,98.0,-1.6,-0.4,1.07,GOOD
1790983984385,8924,2108.0,-51.04173158685721,32000.0,86.2,98.0,-1.6,-0.4,1.07,GOOD
1790983984385,8925,2086.0,-25.69157772883953,32000.0,86.2,98.0,-1.6,-0.4,1.07,GOOD
1790983984476,8926,2095.0,15.77746302102514,32000.0,77.2,98.0,-1.6,-0.4,1.08,GOOD
1790983984476,8927,2116.0,59.42760581419249,32000.0,77.2,98.0,-1.6,-0.4,1.08,GOOD
1790983984476,8928,2076.0,91.53304220467874,32000.0,77.2,98.0,-1.6,-0.4,1.08,GOOD
1790983984476,8929,2055.0,101.9878403577784,32000.0,77.2,98.0,-1.6,-0.4,1.08,GOOD
1790983984476,8930,2042.0,86.95863859269059,32000.0,77.2,98.0,-1.6,-0.4,1.08,GOOD
1790983984476,8931,2053.0,57.71325784828847,32000.0,77.2,98.0,-1.6,-0.4,1.08,GOOD
1790983984476,8932,2042.0,33.45254943507288,32000.0,77.2,98.0,-1.6,-0.4,1.08,GOOD
1790983984476,8933,2058.0,24.57330526640698,32000.0,77.2,98.0,-1.6,-0.4,1.08,GOOD
1790983984476,8934,2044.0,27.33218861472279,32000.0,77.2,98.0,-1.6,-0.4,1.08,GOOD
1790983984476,8935,2034.0,31.283624600573503,32000.0,77.2,98.0,-1.6,-0.4,1.08,GOOD
1790983984476,8936,1997.0,28.39609317076783,32000.0,77.2,98.0,-1.6,-0.4,1.08,GOOD
1790983984476,8937,2020.0,18.27324919707926,32000.0,77.2,98.0,-1.6,-0.4,1.08,GOOD
1790983984476,8938,2028.0,7.689588326396888,32000.0,77.2,98.0,-1.6,-0.4,1.08,GOOD
1790983984476,8939,2014.0,2.187448039612517,32000.0,77.2,98.0,-1.6,-0.4,1.08,GOOD
1790983984476,8940,1903.0,-4.247514052155761,32000.0,77.2,98.0,-1.6,-0.4,1.08,GOOD
1790983984476,8941,1911.0,-23.613817372468215,32000.0,77.2,98.0,-1.6,-0.4,1.08,GOOD
1790983984476,8942,1936.0,-53.72193858576668,32000.0,77.2,98.0,-1.6,-0.4,1.08,GOOD
1790983984476,8943,1938.0,-78.37820992015342,32000.0,77.2,98.0,-1.6,-0.4,1.08,GOOD
1790983984476,8944,1976.0,-87.26164652689715,32000.0,77.2,98.0,-1.6,-0.4,1.08,GOOD
1790983984476,8945,1949.0,-80.85825093773137,32000.0,77.2,98.0,-1.6,-0.4,1.08,GOOD
1790983984476,8946,1952.0,-65.3582208780592,32000.0,77.2,98.0,-1.6,-0.4,1.08,GOOD
1790983984476,8947,1955.0,-49.25866599985082,32000.0,77.2,98.0,-1.6,-0.4,1.08,GOOD
1790983984476,8948,2049.0,-35.93142448492458,32000.0,77.2,98.0,-1.6,-0.4,1.08,GOOD
1790983984476,8949,2033.0,-21.055642358546272,32000.0,77.2,98.0,-1.6,-0.4,1.08,GOOD
1790983984476,8950,2030.0,-2.3349191881025697,32000.0,77.2,98.0,-1.6,-0.4,1.08,GOOD
1790983984557,8951,2054.0,17.639095388213534,32000.0,77.2,98.0,-1.7,-0.3,1.08,GOOD
1790983984557,8952,2047.0,37.06252652419914,32000.0,77.2,98.0,-1.7,-0.3,1.08,GOOD
1790983984557,8953,2050.0,51.343785116444295,32000.0,77.2,98.0,-1.7,-0.3,1.08,GOOD
1790983984557,8954,2035.0,53.44579602159017,32000.0,77.2,98.0,-1.7,-0.3,1.08,GOOD
1790983984557,8955,2033.0,44.13385471177571,32000.0,77.2,98.0,-1.7,-0.3,1.08,GOOD
1790983984557,8956,2041.0,33.779893587335245,32000.0,77.2,98.0,-1.7,-0.3,1.08,GOOD
1790983984557,8957,2081.0,33.04160705755847,32000.0,77.2,98.0,-1.7,-0.3,1.08,GOOD
1790983984557,8958,2093.0,43.90123785925049,32000.0,77.2,98.0,-1.7,-0.3,1.08,GOOD
1790983984557,8959,2074.0,58.708250531846474,32000.0,77.2,98.0,-1.7,-0.3,1.08,GOOD
1790983984557,8960,2634.0,90.68805461529057,32000.0,77.2,98.0,-1.7,-0.3,1.08,GOOD
1790983984557,8961,2634.0,188.10274192914108,32000.0,77.2,98.0,-1.7,-0.3,1.08,GOOD
1790983984557,8962,2670.0,357.96209757394445,32000.0,77.2,98.0,-1.7,-0.3,1.08,GOOD
1790983984557,8963,2683.0,532.5844377363597,32000.0,77.2,98.0,-1.7,-0.3,1.08,GOOD
1790983984557,8964,1984.0,620.8788337477638,32000.0,77.2,98.0,-1.7,-0.3,1.08,GOOD
1790983984557,8965,1921.0,544.1039947071168,32000.0,77.2,98.0,-1.7,-0.3,1.08,GOOD
1790983984557,8966,1878.0,309.0743500919144,32000.0,77.2,98.0,-1.7,-0.3,1.08,GOOD
1790983984557,8967,1857.0,29.502641034521666,32000.0,77.2,98.0,-1.7,-0.3,1.08,GOOD
1790983984557,8968,1811.0,-181.7514005645151,32000.0,77.2,98.0,-1.7,-0.3,1.08,GOOD
1790983984557,8969,1825.0,-281.5111049636396,32000.0,77.2,98.0,-1.7,-0.3,1.08,GOOD
1790983984557,8970,1814.0,-283.64467074823847,32000.0,77.2,98.0,-1.7,-0.3,1.08,GOOD
1790983984557,8971,1803.0,-237.59620303097688,32000.0,77.2,98.0,-1.7,-0.3,1.08,GOOD
1790983984557,8972,2111.0,-188.31345869433332,32000.0,77.2,98.0,-1.7,-0.3,1.08,GOOD
1790983984557,8973,2129.0,-134.85724723453546,32000.0,77.2,98.0,-1.7,-0.3,1.08,GOOD
1790983984557,8974,2144.0,-57.839150072203566,32000.0,77.2,98.0,-1.7,-0.3,1.08,GOOD
1790983984557,8975,2143.0,35.14657151646648,32000.0,77.2,98.0,-1.7,-0.3,1.08,GOOD
1790983984811,8976,1994.0,109.62179673590403,32000.0,77.2,98.0,-1.8,-0.4,1.09,GOOD
1790983984811,8977,1999.0,124.48032721895024,32000.0,77.2,98.0,-1.8,-0.4,1.09,GOOD
1790983984811,8978,2010.0,72.01920101926447,32000.0,77.2,98.0,-1.8,-0.4,1.09,GOOD
1790983984811,8979,2025.0,-3.30937324318079,32000.0,77.2,98.0,-1.8,-0.4,1.09,GOOD
1790983984811,8980,1964.0,-49.445824207127146,32000.0,77.2,98.0,-1.8,-0.4,1.09,GOOD
1790983984811,8981,1965.0,-55.024217851089254,32000.0,77.2,98.0,-1.8,-0.4,1.09,GOOD
1790983984811,8982,1966.0,-45.212412777722655,32000.0,77.2,98.0,-1.8,-0.4,1.09,GOOD
1790983984811,8983,1984.0,-45.14080754459829,32000.0,77.2,98.0,-1.8,-0.4,1.09,GOOD
1790983984811,8984,2058.0,-53.07352205020672,32000.0,77.2,98.0,-1.8,-0.4,1.09,GOOD
1790983984811,8985,2039.0,-46.89975801292219,32000.0,77.2,98.0,-1.8,-0.4,1.09,GOOD
1790983984811,8986,2029.0,-18.319437684158892,32000.0,77.2,98.0,-1.8,-0.4,1.09,GOOD
1790983984811,8987,2019.0,12.694184349424981,32000.0,77.2,98.0,-1.8,-0.4,1.09,GOOD
1790983984811,8988,2121.0,26.718427233596046,32000.0,77.2,98.0,-1.8,-0.4,1.09,GOOD
1790983984811,8989,2112.0,30.606419347867735,32000.0,77.2,98.0,-1.8,-0.4,1.09,GOOD
1790983984811,8990,2109.0,41.84306028153254,32000.0,77.2,98.0,-1.8,-0.4,1.09,GOOD
1790983984811,8991,2100.0,63.50098652553851,32000.0,77.2,98.0,-1.8,-0.4,1.09,GOOD
1790983984811,8992,2132.0,85.23546947753142,32000.0,77.2,98.0,-1.8,-0.4,1.09,GOOD
1790983984811,8993,2132.0,96.64067447499326,32000.0,77.2,98.0,-1.8,-0.4,1.09,GOOD
1790983984811,8994,2145.0,96.1707725839974,32000.0,77.2,98.0,-1.8,-0.4,1.09,GOOD
1790983984811,8995,2149.0,92.9052061703842,32000.0,77.2,98.0,-1.8,-0.4,1.09,GOOD
1790983984811,8996,2104.0,95.77266238273992,32000.0,77.2,98.0,-1.8,-0.4,1.09,GOOD
1790983984811,8997,2113.0,100.55776883638055,32000.0,77.2,98.0,-1.8,-0.4,1.09,GOOD
1790983984811,8998,2117.0,96.83202901774368,32000.0,77.2,98.0,-1.8,-0.4,1.09,GOOD
1790983984811,8999,2125.0,83.56034955159194,32000.0,77.2,98.0,-1.8,-0.4,1.09,GOOD
1790983984811,9000,2067.0,68.26544223008162,32000.0,77.2,98.0,-1.8,-0.4,1.09,GOOD
1790983984812,9001,2079.0,56.55912163865523,32000.0,77.2,98.0,-1.8,-0.4,1.09,GOOD
1790983984812,9002,2083.0,49.469311571906296,32000.0,77.2,98.0,-1.8,-0.4,1.09,GOOD
1790983984812,9003,2080.0,44.466403866279904,32000.0,77.2,98.0,-1.8,-0.4,1.09,GOOD
1790983984812,9004,2240.0,43.573889284079875,32000.0,77.2,98.0,-1.8,-0.4,1.09,GOOD
1790983984812,9005,2232.0,61.64399978052758,32000.0,77.2,98.0,-1.8,-0.4,1.09,GOOD
1790983984812,9006,2234.0,105.45921326265632,32000.0,77.2,98.0,-1.8,-0.4,1.09,GOOD
1790983984812,9007,2219.0,156.44685438077073,32000.0,77.2,98.0,-1.8,-0.4,1.09,GOOD
1790983984812,9008,2336.0,193.92789139984774,32000.0,77.2,98.0,-1.8,-0.4,1.09,GOOD
1790983984812,9009,2326.0,216.72553439230984,32000.0,77.2,98.0,-1.8,-0.4,1.09,GOOD
1790983984812,9010,2326.0,232.02178565971155,32000.0,77.2,98.0,-1.8,-0.4,1.09,GOOD
1790983984812,9011,2332.0,243.59473928216173,32000.0,77.2,98.0,-1.8,-0.4,1.09,GOOD
1790983984812,9012,2372.0,256.0708971517081,32000.0,77.2,98.0,-1.8,-0.4,1.09,GOOD
1790983984812,9013,2366.0,271.4529021319405,32000.0,77.2,98.0,-1.8,-0.4,1.09,GOOD
1790983984812,9014,2368.0,282.22201300914634,32000.0,77.2,98.0,-1.8,-0.4,1.09,GOOD
1790983984812,9015,2382.0,281.8095212089468,32000.0,77.2,98.0,-1.8,-0.4,1.09,GOOD
1790983984812,9016,2321.0,274.1154457226695,32000.0,77.2,98.0,-1.8,-0.4,1.09,GOOD
1790983984812,9017,2321.0,263.9153643625949,32000.0,77.2,98.0,-1.8,-0.4,1.09,GOOD
1790983984812,9018,2312.0,250.05348493081846,32000.0,77.2,98.0,-1.8,-0.4,1.09,GOOD
1790983984812,9019,2309.0,230.25866257856978,32000.0,77.2,98.0,-1.8,-0.4,1.09,GOOD
1790983984812,9020,2138.0,199.74213860121012,32000.0,77.2,98.0,-1.8,-0.4,1.09,GOOD
1790983984812,9021,2147.0,152.32719840436187,32000.0,77.2,98.0,-1.8,-0.4,1.09,GOOD
1790983984812,9022,2144.0,96.28121436397932,32000.0,77.2,98.0,-1.8,-0.4,1.09,GOOD
1790983984812,9023,2013.0,45.609739347623716,32000.0,77.2,98.0,-1.8,-0.4,1.09,GOOD
1790983984812,9024,1993.0,-5.122805499197673,32000.0,77.2,98.0,-1.8,-0.4,1.09,GOOD
1790983984812,9025,1990.0,-62.426939829609054,32000.0,77.2,98.0,-1.8,-0.4,1.09,GOOD
1790983984894,9026,1993.0,-111.13626667719016,32000.0,77.2,98.0,-1.7,-0.3,1.08,GOOD
1790983984894,9027,2056.0,-131.86070828269766,32000.0,77.2,98.0,-1.7,-0.3,1.08,GOOD
1790983984894,9028,2037.0,-122.04187035889674,32000.0,77.2,98.0,-1.7,-0.3,1.08,GOOD
1790983984894,9029,2031.0,-98.37510308415797,32000.0,77.2,98.0,-1.7,-0.3,1.08,GOOD
1790983984894,9030,2036.0,-80.32235280613233,32000.0,77.2,98.0,-1.7,-0.3,1.08,GOOD
1790983984894,9031,1933.0,-76.54250276576165,32000.0,77.2,98.0,-1.7,-0.3,1.08,GOOD
1790983984894,9032,1933.0,-90.81790845806572,32000.0,77.2,98.0,-1.7,-0.3,1.08,GOOD
1790983984894,9033,1923.0,-121.41860551298086,32000.0,77.2,98.0,-1.7,-0.3,1.08,GOOD
1790983984894,9034,1928.0,-156.5842153272393,32000.0,77.2,98.0,-1.7,-0.3,1.08,GOOD
1790983984894,9035,1969.0,-181.0034420666604,32000.0,77.2,98.0,-1.7,-0.3,1.08,GOOD
1790983984894,9036,1987.0,-182.42259357351472,32000.0,77.2,98.0,-1.7,-0.3,1.08,GOOD
1790983984894,9037,1988.0,-160.01578210842587,32000.0,77.2,98.0,-1.7,-0.3,1.08,GOOD
1790983984894,9038,1977.0,-128.6455938375486,32000.0,77.2,98.0,-1.7,-0.3,1.08,GOOD
1790983984894,9039,1841.0,-112.4619040513572,32000.0,77.2,98.0,-1.7,-0.3,1.08,GOOD
1790983984894,9040,1862.0,-129.78041628093635,32000.0,77.2,98.0,-1.7,-0.3,1.08,GOOD
1790983984894,9041,1866.0,-172.45335963616427,32000.0,77.2,98.0,-1.7,-0.3,1.08,GOOD
1790983984894,9042,1856.0,-212.74437068689477,32000.0,77.2,98.0,-1.7,-0.3,1.08,GOOD
1790983984894,9043,1954.0,-230.0942225761354,32000.0,77.2,98.0,-1.7,-0.3,1.08,GOOD
1790983984894,9044,1941.0,-217.68358154894966,32000.0,77.2,98.0,-1.7,-0.3,1.08,GOOD
1790983984894,9045,1944.0,-183.3017099386591,32000.0,77.2,98.0,-1.7,-0.3,1.08,GOOD
1790983984894,9046,1938.0,-146.42727726831234,32000.0,77.2,98.0,-1.7,-0.3,1.08,GOOD
1790983984894,9047,1972.0,-121.29039070068194,32000.0,77.2,98.0,-1.7,-0.3,1.08,GOOD
1790983984894,9048,1945.0,-109.8786996990823,32000.0,77.2,98.0,-1.7,-0.3,1.08,GOOD
1790983984894,9049,1937.0,-109.59042419836372,32000.0,77.2,98.0,-1.7,-0.3,1.08,GOOD
1790983984894,9050,1942.0,-116.03411749016806,32000.0,77.2,98.0,-1.7,-0.3,1.08,GOOD
1790983985041,9051,1982.0,-120.28984237978752,32000.0,77.2,98.0,-1.7,-0.3,1.08,GOOD
1790983985041,9052,1976.0,-114.65116265297793,32000.0,77.2,98.0,-1.7,-0.3,1.08,GOOD
1790983985041,9053,1972.0,-101.67852140758283,32000.0,77.2,98.0,-1.7,-0.3,1.08,GOOD
1790983985041,9054,1948.0,-90.92168805486668,32000.0,77.2,98.0,-1.7,-0.3,1.08,GOOD
1790983985041,9055,1968.0,-87.45051874289642,32000.0,77.2,98.0,-1.7,-0.3,1.08,GOOD
1790983985041,9056,1979.0,-87.61943700983753,32000.0,77.2,98.0,-1.7,-0.3,1.08,GOOD
1790983985041,9057,1971.0,-86.46537892544262,32000.0,77.2,98.0,-1.7,-0.3,1.08,GOOD
1790983985041,9058,1886.0,-87.60856680767506,32000.0,77.2,98.0,-1.7,-0.3,1.08,GOOD
1790983985041,9059,1892.0,-99.70399242039825,32000.0,77.2,98.0,-1.7,-0.3,1.08,GOOD
1790983985041,9060,1901.0,-121.02944680363566,32000.0,77.2,98.0,-1.7,-0.3,1.08,GOOD
1790983985041,9061,1903.0,-139.71558150301246,32000.0,77.2,98.0,-1.7,-0.3,1.08,GOOD
1790983985041,9062,1935.0,-147.87243375080126,32000.0,77.2,98.0,-1.7,-0.3,1.08,GOOD
1790983985041,9063,1920.0,-144.32513233000986,32000.0,77.2,98.0,-1.7,-0.3,1.08,GOOD
1790983985041,9064,1928.0,-131.62405058392622,32000.0,77.2,98.0,-1.7,-0.3,1.08,GOOD
1790983985041,9065,1942.0,-114.77310628490608,32000.0,77.2,98.0,-1.7,-0.3,1.08,GOOD
1790983985041,9066,2036.0,-95.72059938107829,32000.0,77.2,98.0,-1.7,-0.3,1.08,GOOD
1790983985041,9067,2016.0,-72.16008882988471,32000.0,77.2,98.0,-1.7,-0.3,1.08,GOOD
1790983985041,9068,2002.0,-46.62094206799134,32000.0,77.2,98.0,-1.7,-0.3,1.08,GOOD
1790983985041,9069,2007.0,-26.428503054226226,32000.0,77.2,98.0,-1.7,-0.3,1.08,GOOD
1790983985041,9070,2058.0,-12.209459653131018,32000.0,77.2,98.0,-1.7,-0.3,1.08,GOOD
1790983985041,9071,2058.0,0.5113654845013791,32000.0,77.2,98.0,-1.7,-0.3,1.08,GOOD
1790983985041,9072,2043.0,10.586023991845478,32000.0,77.2,98.0,-1.7,-0.3,1.08,GOOD
1790983985041,9073,2045.0,14.383803527736642,32000.0,77.2,98.0,-1.7,-0.3,1.08,GOOD
1790983985041,9074,1973.0,12.498350331947522,32000.0,77.2,98.0,-1.7,-0.3,1.08,GOOD
1790983985041,9075,1989.0,4.447971007717165,32000.0,77.2,98.0,-1.7,-0.3,1.08,GOOD
1790983985122,9076,1989.0,-11.316430250250123,32000.0,77.2,98.0,-1.7,-0.3,1.08,GOOD
1790983985122,9077,1982.0,-31.515501726083343,32000.0,77.2,98.0,-1.7,-0.3,1.08,GOOD
1790983985122,9078,1908.0,-51.74259331909187,32000.0,77.2,98.0,-1.7,-0.3,1.08,GOOD
1790983985122,9079,1935.0,-69.39059990103387,32000.0,77.2,98.0,-1.7,-0.3,1.08,GOOD
1790983985122,9080,1943.0,-80.30664658224157,32000.0,77.2,98.0,-1.7,-0.3,1.08,GOOD
1790983985122,9081,1937.0,-83.51669918270227,32000.0,77.2,98.0,-1.7,-0.3,1.08,GOOD
1790983985122,9082,1914.0,-86.31251290366947,32000.0,77.2,98.0,-1.7,-0.3,1.08,GOOD
1790983985122,9083,1905.0,-93.83935191620705,32000.0,77.2,98.0,-1.7,-0.3,1.08,GOOD
1790983985122,9084,1915.0,-100.71162603401851,32000.0,77.2,98.0,-1.7,-0.3,1.08,GOOD
1790983985122,9085,1922.0,-100.0708353304656,32000.0,77.2,98.0,-1.7,-0.3,1.08,GOOD
1790983985122,9086,2048.0,-89.72323068383164,32000.0,77.2,98.0,-1.7,-0.3,1.08,GOOD
1790983985122,9087,2023.0,-67.36401634947178,32000.0,77.2,98.0,-1.7,-0.3,1.08,GOOD
1790983985122,9088,2016.0,-35.3358908389593,32000.0,77.2,98.0,-1.7,-0.3,1.08,GOOD
1790983985122,9089,2016.0,-3.3824575866793474,32000.0,77.2,98.0,-1.7,-0.3,1.08,GOOD
1790983985122,9090,2043.0,20.8224120370516,32000.0,77.2,98.0,-1.7,-0.3,1.08,GOOD
1790983985122,9091,2028.0,32.777174059242505,32000.0,77.2,98.0,-1.7,-0.3,1.08,GOOD
1790983985122,9092,2025.0,29.652496039085047,32000.0,77.2,98.0,-1.7,-0.3,1.08,GOOD
1790983985122,9093,2023.0,17.359660769247313,32000.0,77.2,98.0,-1.7,-0.3,1.08,GOOD
1790983985122,9094,2020.0,9.470863741147646,32000.0,77.2,98.0,-1.7,-0.3,1.08,GOOD
1790983985122,9095,2032.0,12.55986717827994,32000.0,77.2,98.0,-1.7,-0.3,1.08,GOOD
1790983985122,9096,2022.0,19.266770468427843,32000.0,77.2,98.0,-1.7,-0.3,1.08,GOOD
1790983985122,9097,2023.0,19.106083198680786,32000.0,77.2,98.0,-1.7,-0.3,1.08,GOOD
1790983985122,9098,1929.0,8.761551824982929,32000.0,77.2,98.0,-1.7,-0.3,1.08,GOOD
1790983985122,9099,1943.0,-9.670844157239323,32000.0,77.2,98.0,-1.7,-0.3,1.08,GOOD
1790983985122,9100,1938.0,-31.084505506281268,32000.0,77.2,98.0,-1.7,-0.3,1.08,GOOD
1790983985207,9101,1966.0,-49.73626587655154,32000.0,77.2,98.0,-1.7,-0.3,1.08,GOOD
1790983985207,9102,1893.0,-64.92036249955699,32000.0,77.2,98.0,-1.7,-0.3,1.08,GOOD
1790983985207,9103,1898.0,-79.16193225855187,32000.0,77.2,98.0,-1.7,-0.3,1.08,GOOD
1790983985207,9104,1915.0,-89.26838802380192,32000.0,77.2,98.0,-1.7,-0.3,1.08,GOOD
1790983985207,9105,1897.0,-90.3887296762114,32000.0,77.2,98.0,-1.7,-0.3,1.08,GOOD
1790983985207,9106,1968.0,-85.9032785112648,32000.0,77.2,98.0,-1.7,-0.3,1.08,GOOD
1790983985207,9107,1948.0,-79.42142364491603,32000.0,77.2,98.0,-1.7,-0.3,1.08,GOOD
1790983985207,9108,1959.0,-68.52996788014643,32000.0,77.2,98.0,-1.7,-0.3,1.08,GOOD
1790983985207,9109,1958.0,-51.46227735204926,32000.0,77.2,98.0,-1.7,-0.3,1.08,GOOD
1790983985207,9110,2087.0,-27.49307271669658,32000.0,77.2,98.0,-1.7,-0.3,1.08,GOOD
1790983985207,9111,2071.0,4.145948616465422,32000.0,77.2,98.0,-1.7,-0.3,1.08,GOOD
1790983985207,9112,2076.0,37.41370806334898,32000.0,77.2,98.0,-1.7,-0.3,1.08,GOOD
1790983985207,9113,2096.0,64.44072842582501,32000.0,77.2,98.0,-1.7,-0.3,1.08,GOOD
1790983985207,9114,2072.0,85.58267609021314,32000.0,77.2,98.0,-1.7,-0.3,1.08,GOOD
1790983985207,9115,2068.0,99.51450122904743,32000.0,77.2,98.0,-1.7,-0.3,1.08,GOOD
1790983985207,9116,2054.0,98.18261875453882,32000.0,77.2,98.0,-1.7,-0.3,1.08,GOOD
1790983985207,9117,2060.0,80.7896542424713,32000.0,77.2,98.0,-1.7,-0.3,1.08,GOOD
1790983985207,9118,2080.0,61.335318921314496,32000.0,77.2,98.0,-1.7,-0.3,1.08,GOOD
1790983985207,9119,2103.0,57.318866298919616,32000.0,77.2,98.0,-1.7,-0.3,1.08,GOOD
1790983985207,9120,2098.0,71.59175311797502,32000.0,77.2,98.0,-1.7,-0.3,1.08,GOOD
1790983985207,9121,2085.0,89.36541547355976,32000.0,77.2,98.0,-1.7,-0.3,1.08,GOOD
1790983985207,9122,1897.0,88.2961201445761,32000.0,77.2,98.0,-1.7,-0.3,1.08,GOOD
1790983985207,9123,1914.0,52.92716831408136,32000.0,77.2,98.0,-1.7,-0.3,1.08,GOOD
1790983985207,9124,1895.0,-6.835444801860266,32000.0,77.2,98.0,-1.7,-0.3,1.08,GOOD
1790983985207,9125,1898.0,-64.0662767288942,32000.0,77.2,98.0,-1.7,-0.3,1.08,GOOD
1790983985299,9126,1950.0,-100.673649409018,32000.0,78.6,98.0,-1.7,-0.2,1.09,GOOD
1790983985299,9127,1936.0,-109.92889330668257,32000.0,78.6,98.0,-1.7,-0.2,1.09,GOOD
1790983985299,9128,1952.0,-93.48736326763529,32000.0,78.6,98.0,-1.7,-0.2,1.09,GOOD
1790983985299,9129,1952.0,-63.307546844463076,32000.0,78.6,98.0,-1.7,-0.2,1.09,GOOD
1790983985299,9130,2046.0,-33.06747504982531,32000.0,78.6,98.0,-1.7,-0.2,1.09,GOOD
1790983985299,9131,2032.0,-7.973594431317368,32000.0,78.6,98.0,-1.7,-0.2,1.09,GOOD
1790983985299,9132,2042.0,12.83083199890382,32000.0,78.6,98.0,-1.7,-0.2,1.09,GOOD
1790983985299,9133,2061.0,32.07929615982377,32000.0,78.6,98.0,-1.7,-0.2,1.09,GOOD
1790983985299,9134,2084.0,53.475540785864624,32000.0,78.6,98.0,-1.7,-0.2,1.09,GOOD
1790983985299,9135,2066.0,73.9305612631067,32000.0,78.6,98.0,-1.7,-0.2,1.09,GOOD
1790983985299,9136,2060.0,82.97679458784529,32000.0,78.6,98.0,-1.7,-0.2,1.09,GOOD
1790983985299,9137,2078.0,78.27126705626058,32000.0,78.6,98.0,-1.7,-0.2,1.09,GOOD
1790983985299,9138,2202.0,76.65167246595543,32000.0,78.6,98.0,-1.7,-0.2,1.09,GOOD
1790983985299,9139,2232.0,100.36007213310829,32000.0,78.6,98.0,-1.7,-0.2,1.09,GOOD
1790983985299,9140,2239.0,148.95589589980545,32000.0,78.6,98.0,-1.7,-0.2,1.09,GOOD
1790983985299,9141,2248.0,198.86476758172034,32000.0,78.6,98.0,-1.7,-0.2,1.09,GOOD
1790983985299,9142,2623.0,246.64867575703795,32000.0,78.6,98.0,-1.7,-0.2,1.09,GOOD
1790983985299,9143,2622.0,324.03704707629413,32000.0,78.6,98.0,-1.7,-0.2,1.09,GOOD
1790983985299,9144,2622.0,437.16405081453826,32000.0,78.6,98.0,-1.7,-0.2,1.09,GOOD
1790983985299,9145,2612.0,541.7434272400736,32000.0,78.6,98.0,-1.7,-0.2,1.09,GOOD
1790983985299,9146,1796.0,567.6526553531019,32000.0,78.6,98.0,-1.7,-0.2,1.09,GOOD
1790983985299,9147,1764.0,440.3941538928136,32000.0,78.6,98.0,-1.7,-0.2,1.09,GOOD
1790983985299,9148,1735.0,169.55275809520694,32000.0,78.6,98.0,-1.7,-0.2,1.09,GOOD
1790983985299,9149,1702.0,-126.69580900238307,32000.0,78.6,98.0,-1.7,-0.2,1.09,GOOD
1790983985299,9150,1789.0,-335.2317101880533,32000.0,78.6,98.0,-1.7,-0.2,1.09,GOOD
1790983985381,9151,1813.0,-409.3329148361923,32000.0,78.6,98.0,-1.7,-0.2,1.07,GOOD
1790983985381,9152,1822.0,-363.0808612317612,32000.0,78.6,98.0,-1.7,-0.2,1.07,GOOD
1790983985381,9153,1817.0,-261.8250869208073,32000.0,78.6,98.0,-1.7,-0.2,1.07,GOOD
1790983985381,9154,2123.0,-170.77237498715533,32000.0,78.6,98.0,-1.7,-0.2,1.07,GOOD
1790983985381,9155,2119.0,-100.41623751187541,32000.0,78.6,98.0,-1.7,-0.2,1.07,GOOD
1790983985381,9156,2142.0,-29.485834523852223,32000.0,78.6,98.0,-1.7,-0.2,1.07,GOOD
1790983985381,9157,2155.0,48.77808793177674,32000.0,78.6,98.0,-1.7,-0.2,1.07,GOOD
1790983985381,9158,2020.0,115.91356169889217,32000.0,78.6,98.0,-1.7,-0.2,1.07,GOOD
1790983985381,9159,2009.0,134.8830595661849,32000.0,78.6,98.0,-1.7,-0.2,1.07,GOOD
1790983985381,9160,2014.0,89.48764346815952,32000.0,78.6,98.0,-1.7,-0.2,1.07,GOOD
1790983985381,9161,2032.0,16.100105244495843,32000.0,78.6,98.0,-1.7,-0.2,1.07,GOOD
1790983985381,9162,2013.0,-30.769023164951015,32000.0,78.6,98.0,-1.7,-0.2,1.07,GOOD
1790983985381,9163,2016.0,-31.656960249827655,32000.0,78.6,98.0,-1.7,-0.2,1.07,GOOD
1790983985381,9164,1998.0,-11.137205744902829,32000.0,78.6,98.0,-1.7,-0.2,1.07,GOOD
1790983985381,9165,2001.0,-3.134962860562281,32000.0,78.6,98.0,-1.7,-0.2,1.07,GOOD
1790983985381,9166,2011.0,-14.603446156773746,32000.0,78.6,98.0,-1.7,-0.2,1.07,GOOD
1790983985381,9167,2019.0,-25.375136677877475,32000.0,78.6,98.0,-1.7,-0.2,1.07,GOOD
1790983985381,9168,2004.0,-19.935111572353847,32000.0,78.6,98.0,-1.7,-0.2,1.07,GOOD
1790983985381,9169,1987.0,-8.195029041287913,32000.0,78.6,98.0,-1.7,-0.2,1.07,GOOD
1790983985381,9170,2026.0,-7.830718705005707,32000.0,78.6,98.0,-1.7,-0.2,1.07,GOOD
1790983985381,9171,2031.0,-16.71061146123429,32000.0,78.6,98.0,-1.7,-0.2,1.07,GOOD
1790983985381,9172,2043.0,-17.394972048741064,32000.0,78.6,98.0,-1.7,-0.2,1.07,GOOD
1790983985381,9173,2031.0,-2.6762885900917834,32000.0,78.6,98.0,-1.7,-0.2,1.07,GOOD
1790983985381,9174,2182.0,21.460892132295978,32000.0,78.6,98.0,-1.7,-0.2,1.07,GOOD
1790983985381,9175,2167.0,52.110421836653174,32000.0,78.6,98.0,-1.7,-0.2,1.07,GOOD
1790983985607,9176,2182.0,87.88578011612276,32000.0,78.6,98.0,-1.6,-0.3,1.09,GOOD
1790983985607,9177,2197.0,123.50276178533171,32000.0,78.6,98.0,-1.6,-0.3,1.09,GOOD
1790983985607,9178,2167.0,153.5395570897419,32000.0,78.6,98.0,-1.6,-0.3,1.09,GOOD
1790983985607,9179,2169.0,168.9181481778461,32000.0,78.6,98.0,-1.6,-0.3,1.09,GOOD
1790983985607,9180,2176.0,162.61114751277478,32000.0,78.6,98.0,-1.6,-0.3,1.09,GOOD
1790983985607,9181,2199.0,143.55970076918715,32000.0,78.6,98.0,-1.6,-0.3,1.09,GOOD
1790983985607,9182,2156.0,129.63670853388288,32000.0,78.6,98.0,-1.6,-0.3,1.09,GOOD
1790983985607,9183,2166.0,127.67476066446791,32000.0,78.6,98.0,-1.6,-0.3,1.09,GOOD
1790983985607,9184,2149.0,129.64524962590764,32000.0,78.6,98.0,-1.6,-0.3,1.09,GOOD
1790983985607,9185,2142.0,124.41728746878125,32000.0,78.6,98.0,-1.6,-0.3,1.09,GOOD
1790983985607,9186,2173.0,110.48122139920021,32000.0,78.6,98.0,-1.6,-0.3,1.09,GOOD
1790983985607,9187,2196.0,100.17733307171355,32000.0,78.6,98.0,-1.6,-0.3,1.09,GOOD
1790983985607,9188,2192.0,105.52287186749123,32000.0,78.6,98.0,-1.6,-0.3,1.09,GOOD
1790983985607,9189,2172.0,121.48192942515921,32000.0,78.6,98.0,-1.6,-0.3,1.09,GOOD
1790983985607,9190,2204.0,133.1217793222861,32000.0,78.6,98.0,-1.6,-0.3,1.09,GOOD
1790983985607,9191,2214.0,135.409798098765,32000.0,78.6,98.0,-1.6,-0.3,1.09,GOOD
1790983985607,9192,2238.0,136.06570177797434,32000.0,78.6,98.0,-1.6,-0.3,1.09,GOOD
1790983985607,9193,2236.0,142.84279386116162,32000.0,78.6,98.0,-1.6,-0.3,1.09,GOOD
1790983985607,9194,2391.0,160.88922118737165,32000.0,78.6,98.0,-1.6,-0.3,1.09,GOOD
1790983985607,9195,2385.0,196.26217807616774,32000.0,78.6,98.0,-1.6,-0.3,1.09,GOOD
1790983985607,9196,2396.0,244.03538970691113,32000.0,78.6,98.0,-1.6,-0.3,1.09,GOOD
1790983985607,9197,2406.0,286.7160101443303,32000.0,78.6,98.0,-1.6,-0.3,1.09,GOOD
1790983985607,9198,2327.0,310.13277322415524,32000.0,78.6,98.0,-1.6,-0.3,1.09,GOOD
1790983985607,9199,2314.0,306.35273776977704,32000.0,78.6,98.0,-1.6,-0.3,1.09,GOOD
1790983985607,9200,2300.0,276.0508805529464,32000.0,78.6,98.0,-1.6,-0.3,1.09,GOOD
1790983985608,9201,2316.0,233.70457043965988,32000.0,78.6,98.0,-1.6,-0.3,1.09,GOOD
1790983985608,9202,2138.0,191.98696426421296,32000.0,78.6,98.0,-1.6,-0.3,1.09,GOOD
1790983985608,9203,2149.0,147.33784578747338,32000.0,78.6,98.0,-1.6,-0.3,1.09,GOOD
1790983985608,9204,2122.0,96.93448481018333,32000.0,78.6,98.0,-1.6,-0.3,1.09,GOOD
1790983985608,9205,2109.0,49.311703575716685,32000.0,78.6,98.0,-1.6,-0.3,1.09,GOOD
1790983985608,9206,1963.0,5.348420606464086,32000.0,78.6,98.0,-1.6,-0.3,1.09,GOOD
1790983985608,9207,1989.0,-43.5181173059992,32000.0,78.6,98.0,-1.6,-0.3,1.09,GOOD
1790983985608,9208,1986.0,-92.01141691890635,32000.0,78.6,98.0,-1.6,-0.3,1.09,GOOD
1790983985608,9209,1950.0,-125.05528643858489,32000.0,78.6,98.0,-1.6,-0.3,1.09,GOOD
1790983985608,9210,1931.0,-143.3784784534432,32000.0,78.6,98.0,-1.6,-0.3,1.09,GOOD
1790983985608,9211,1928.0,-158.5343647025625,32000.0,78.6,98.0,-1.6,-0.3,1.09,GOOD
1790983985608,9212,1952.0,-171.81796262664818,32000.0,78.6,98.0,-1.6,-0.3,1.09,GOOD
1790983985608,9213,1938.0,-175.7850770724569,32000.0,78.6,98.0,-1.6,-0.3,1.09,GOOD
1790983985608,9214,1993.0,-167.5073454233509,32000.0,78.6,98.0,-1.6,-0.3,1.09,GOOD
1790983985608,9215,1976.0,-151.1248431396251,32000.0,78.6,98.0,-1.6,-0.3,1.09,GOOD
1790983985608,9216,1992.0,-133.69411998660266,32000.0,78.6,98.0,-1.6,-0.3,1.09,GOOD
1790983985608,9217,2011.0,-119.15170047426022,32000.0,78.6,98.0,-1.6,-0.3,1.09,GOOD
1790983985608,9218,2026.0,-104.87309398614711,32000.0,78.6,98.0,-1.6,-0.3,1.09,GOOD
1790983985608,9219,1997.0,-90.02976215420938,32000.0,78.6,98.0,-1.6,-0.3,1.09,GOOD
1790983985608,9220,1991.0,-81.30045869031407,32000.0,78.6,98.0,-1.6,-0.3,1.09,GOOD
1790983985608,9221,2007.0,-82.89314208322563,32000.0,78.6,98.0,-1.6,-0.3,1.09,GOOD
1790983985608,9222,1933.0,-91.80111264005328,32000.0,78.6,98.0,-1.6,-0.3,1.09,GOOD
1790983985608,9223,1940.0,-106.35066776246703,32000.0,78.6,98.0,-1.6,-0.3,1.09,GOOD
1790983985608,9224,1917.0,-125.65541569004299,32000.0,78.6,98.0,-1.6,-0.3,1.09,GOOD
1790983985608,9225,1909.0,-145.59118224549866,32000.0,78.6,98.0,-1.6,-0.3,1.09,GOOD
1790983985692,9226,1905.0,-162.4779975402551,32000.0,78.6,98.0,-1.7,-0.3,1.09,GOOD
1790983985692,9227,1931.0,-172.76300056945814,32000.0,78.6,98.0,-1.7,-0.3,1.09,GOOD
1790983985692,9228,1936.0,-172.26435433458985,32000.0,78.6,98.0,-1.7,-0.3,1.09,GOOD
1790983985692,9229,1910.0,-162.42144911631053,32000.0,78.6,98.0,-1.7,-0.3,1.09,GOOD
1790983985692,9230,1917.0,-151.90351743457404,32000.0,78.6,98.0,-1.7,-0.3,1.09,GOOD
1790983985692,9231,1935.0,-146.48035063086655,32000.0,78.6,98.0,-1.7,-0.3,1.09,GOOD
1790983985692,9232,1959.0,-142.84581050309924,32000.0,78.6,98.0,-1.7,-0.3,1.09,GOOD
1790983985692,9233,1947.0,-135.82040431098446,32000.0,78.6,98.0,-1.7,-0.3,1.09,GOOD
1790983985692,9234,1929.0,-126.49999183959791,32000.0,78.6,98.0,-1.7,-0.3,1.09,GOOD
1790983985692,9235,1906.0,-120.98987466801903,32000.0,78.6,98.0,-1.7,-0.3,1.09,GOOD
1790983985692,9236,1920.0,-123.13642644758136,32000.0,78.6,98.0,-1.7,-0.3,1.09,GOOD
1790983985692,9237,1932.0,-130.10167497403168,32000.0,78.6,98.0,-1.7,-0.3,1.09,GOOD
1790983985692,9238,2039.0,-131.32127819064914,32000.0,78.6,98.0,-1.7,-0.3,1.09,GOOD
1790983985692,9239,2012.0,-114.30106127928411,32000.0,78.6,98.0,-1.7,-0.3,1.09,GOOD
1790983985692,9240,2009.0,-80.60929466139129,32000.0,78.6,98.0,-1.7,-0.3,1.09,GOOD
1790983985692,9241,2026.0,-46.312670350891445,32000.0,78.6,98.0,-1.7,-0.3,1.09,GOOD
1790983985692,9242,1992.0,-25.321826761139857,32000.0,78.6,98.0,-1.7,-0.3,1.09,GOOD
1790983985692,9243,1989.0,-23.77948050317605,32000.0,78.6,98.0,-1.7,-0.3,1.09,GOOD
1790983985692,9244,1974.0,-38.86418924910943,32000.0,78.6,98.0,-1.7,-0.3,1.09,GOOD
1790983985692,9245,1964.0,-58.924765822358594,32000.0,78.6,98.0,-1.7,-0.3,1.09,GOOD
1790983985692,9246,1934.0,-74.32005819561594,32000.0,78.6,98.0,-1.7,-0.3,1.09,GOOD
1790983985692,9247,1958.0,-84.34831493891969,32000.0,78.6,98.0,-1.7,-0.3,1.09,GOOD
1790983985692,9248,1951.0,-91.459343992039,32000.0,78.6,98.0,-1.7,-0.3,1.09,GOOD
1790983985692,9249,1931.0,-96.76600268058476,32000.0,78.6,98.0,-1.7,-0.3,1.09,GOOD
1790983985692,9250,1901.0,-101.81627102555089,32000.0,78.6,98.0,-1.7,-0.3,1.09,GOOD
1790983985798,9251,1911.0,-107.88573199365823,32000.0,78.6,98.0,-1.6,-0.3,1.08,GOOD
1790983985798,9252,1925.0,-113.76058125693125,32000.0,78.6,98.0,-1.6,-0.3,1.08,GOOD
1790983985798,9253,1914.0,-117.96942151292228,32000.0,78.6,98.0,-1.6,-0.3,1.08,GOOD
1790983985798,9254,2004.0,-117.24508264672593,32000.0,78.6,98.0,-1.6,-0.3,1.08,GOOD
1790983985798,9255,1971.0,-103.78999567652161,32000.0,78.6,98.0,-1.6,-0.3,1.08,GOOD
1790983985798,9256,1982.0,-77.42841739724302,32000.0,78.6,98.0,-1.6,-0.3,1.08,GOOD
1790983985798,9257,1993.0,-50.58684430905396,32000.0,78.6,98.0,-1.6,-0.3,1.08,GOOD
1790983985798,9258,2106.0,-29.72906715248052,32000.0,78.6,98.0,-1.6,-0.3,1.08,GOOD
1790983985798,9259,2078.0,-7.794098345790785,32000.0,78.6,98.0,-1.6,-0.3,1.08,GOOD
1790983985798,9260,2065.0,18.326682536256197,32000.0,78.6,98.0,-1.6,-0.3,1.08,GOOD
1790983985798,9261,2076.0,41.32300895195917,32000.0,78.6,98.0,-1.6,-0.3,1.08,GOOD
1790983985798,9262,2027.0,53.623430318904695,32000.0,78.6,98.0,-1.6,-0.3,1.08,GOOD
1790983985798,9263,2022.0,49.10851867027304,32000.0,78.6,98.0,-1.6,-0.3,1.08,GOOD
1790983985798,9264,1995.0,26.568803225102922,32000.0,78.6,98.0,-1.6,-0.3,1.08,GOOD
1790983985798,9265,1999.0,-3.7448671530725743,32000.0,78.6,98.0,-1.6,-0.3,1.08,GOOD
1790983985798,9266,1969.0,-27.583616677158858,32000.0,78.6,98.0,-1.6,-0.3,1.08,GOOD
1790983985798,9267,1994.0,-38.96616998825967,32000.0,78.6,98.0,-1.6,-0.3,1.08,GOOD
1790983985798,9268,1985.0,-41.45439701849984,32000.0,78.6,98.0,-1.6,-0.3,1.08,GOOD
1790983985798,9269,1970.0,-42.13029020233803,32000.0,78.6,98.0,-1.6,-0.3,1.08,GOOD
1790983985798,9270,1921.0,-47.19321567472316,32000.0,78.6,98.0,-1.6,-0.3,1.08,GOOD
1790983985798,9271,1945.0,-57.78287847536147,32000.0,78.6,98.0,-1.6,-0.3,1.08,GOOD
1790983985798,9272,1957.0,-68.11172917125077,32000.0,78.6,98.0,-1.6,-0.3,1.08,GOOD
1790983985798,9273,2010.0,-70.64088817727819,32000.0,78.6,98.0,-1.6,-0.3,1.08,GOOD
1790983985798,9274,1938.0,-64.60244507722487,32000.0,78.6,98.0,-1.6,-0.3,1.08,GOOD
1790983985798,9275,1924.0,-58.63677117778763,32000.0,78.6,98.0,-1.6,-0.3,1.08,GOOD
1790983985917,9276,1933.0,-59.724059353136525,32000.0,78.6,98.0,-1.6,-0.2,1.08,GOOD
1790983985917,9277,2048.0,-60.8779969809051,32000.0,78.6,98.0,-1.6,-0.2,1.08,GOOD
1790983985917,9278,2027.0,-49.740473940958175,32000.0,78.6,98.0,-1.6,-0.2,1.08,GOOD
1790983985917,9279,2008.0,-27.954626100686138,32000.0,78.6,98.0,-1.6,-0.2,1.08,GOOD
1790983985917,9280,1999.0,-8.006542295695473,32000.0,78.6,98.0,-1.6,-0.2,1.08,GOOD
1790983985917,9281,2048.0,6.121143869550551,32000.0,78.6,98.0,-1.6,-0.2,1.08,GOOD
1790983985917,9282,2055.0,18.75146896709321,32000.0,78.6,98.0,-1.6,-0.2,1.08,GOOD
1790983985917,9283,2054.0,28.86122435592797,32000.0,78.6,98.0,-1.6,-0.2,1.08,GOOD
1790983985917,9284,2036.0,31.65520650242283,32000.0,78.6,98.0,-1.6,-0.2,1.08,GOOD
1790983985917,9285,1995.0,27.896355080427238,32000.0,78.6,98.0,-1.6,-0.2,1.08,GOOD
1790983985917,9286,2021.0,22.226805255749095,32000.0,78.6,98.0,-1.6,-0.2,1.08,GOOD
1790983985917,9287,2021.0,17.028090413854198,32000.0,78.6,98.0,-1.6,-0.2,1.08,GOOD
1790983985917,9288,2023.0,10.557994734581573,32000.0,78.6,98.0,-1.6,-0.2,1.08,GOOD
1790983985917,9289,1963.0,-0.09368182616939791,32000.0,78.6,98.0,-1.6,-0.2,1.08,GOOD
1790983985917,9290,1974.0,-13.452680135203963,32000.0,78.6,98.0,-1.6,-0.2,1.08,GOOD
1790983985917,9291,1995.0,-22.386996903837073,32000.0,78.6,98.0,-1.6,-0.2,1.08,GOOD
1790983985917,9292,2004.0,-22.59842593397803,32000.0,78.6,98.0,-1.6,-0.2,1.08,GOOD
1790983985917,9293,2085.0,-16.155920185348315,32000.0,78.6,98.0,-1.6,-0.2,1.08,GOOD
1790983985917,9294,2058.0,-2.4066502540040706,32000.0,78.6,98.0,-1.6,-0.2,1.08,GOOD
1790983985917,9295,2059.0,20.17172347597497,32000.0,78.6,98.0,-1.6,-0.2,1.08,GOOD
1790983985917,9296,2069.0,46.03972650343399,32000.0,78.6,98.0,-1.6,-0.2,1.08,GOOD
1790983985917,9297,2126.0,67.44498282355673,32000.0,78.6,98.0,-1.6,-0.2,1.08,GOOD
1790983985917,9298,2099.0,79.9856932499082,32000.0,78.6,98.0,-1.6,-0.2,1.08,GOOD
1790983985917,9299,2081.0,82.26817826709478,32000.0,78.6,98.0,-1.6,-0.2,1.08,GOOD
1790983985917,9300,2067.0,77.64745945156001,32000.0,78.6,98.0,-1.6,-0.2,1.08,GOOD
1790983985997,9301,2001.0,70.07929810422073,32000.0,79.8,98.0,-1.6,-0.2,1.08,GOOD
1790983985997,9302,2003.0,54.74861952759154,32000.0,79.8,98.0,-1.6,-0.2,1.08,GOOD
1790983985997,9303,1994.0,26.23808381242707,32000.0,79.8,98.0,-1.6,-0.2,1.08,GOOD
1790983985997,9304,1991.0,-7.727434470275647,32000.0,79.8,98.0,-1.6,-0.2,1.08,GOOD
1790983985997,9305,1976.0,-31.83829139606633,32000.0,79.8,98.0,-1.6,-0.2,1.08,GOOD
1790983985997,9306,2000.0,-37.41003085866157,32000.0,79.8,98.0,-1.6,-0.2,1.08,GOOD
1790983985997,9307,2006.0,-28.513719263378675,32000.0,79.8,98.0,-1.6,-0.2,1.08,GOOD
1790983985997,9308,1988.0,-18.01665663811527,32000.0,79.8,98.0,-1.6,-0.2,1.08,GOOD
1790983985997,9309,1935.0,-18.164349700260527,32000.0,79.8,98.0,-1.6,-0.2,1.08,GOOD
1790983985997,9310,1953.0,-30.519876552439072,32000.0,79.8,98.0,-1.6,-0.2,1.08,GOOD
1790983985997,9311,1979.0,-43.93747770502374,32000.0,79.8,98.0,-1.6,-0.2,1.08,GOOD
1790983985997,9312,1995.0,-47.316650300812874,32000.0,79.8,98.0,-1.6,-0.2,1.08,GOOD
1790983985997,9313,1922.0,-44.24157576232925,32000.0,79.8,98.0,-1.6,-0.2,1.08,GOOD
1790983985997,9314,1917.0,-47.615281412347755,32000.0,79.8,98.0,-1.6,-0.2,1.08,GOOD
1790983985997,9315,1931.0,-59.48448951978365,32000.0,79.8,98.0,-1.6,-0.2,1.08,GOOD
1790983985997,9316,1945.0,-68.98817349498572,32000.0,79.8,98.0,-1.6,-0.2,1.08,GOOD
1790983985997,9317,2499.0,-48.703898497182266,32000.0,79.8,98.0,-1.6,-0.2,1.08,GOOD
1790983985997,9318,2497.0,45.45786281513757,32000.0,79.8,98.0,-1.6,-0.2,1.08,GOOD
1790983985997,9319,2525.0,213.66992016023627,32000.0,79.8,98.0,-1.6,-0.2,1.08,GOOD
1790983985997,9320,2567.0,392.5683214343045,32000.0,79.8,98.0,-1.6,-0.2,1.08,GOOD
1790983985997,9321,2284.0,512.8079993233738,32000.0,79.8,98.0,-1.6,-0.2,1.08,GOOD
1790983985997,9322,2223.0,524.1275030777899,32000.0,79.8,98.0,-1.6,-0.2,1.08,GOOD
1790983985997,9323,2166.0,420.7271471871581,32000.0,79.8,98.0,-1.6,-0.2,1.08,GOOD
1790983985997,9324,2139.0,261.8557802154828,32000.0,79.8,98.0,-1.6,-0.2,1.08,GOOD
1790983985997,9325,1735.0,111.1729228174409,32000.0,79.8,98.0,-1.6,-0.2,1.08,GOOD
1790983986109,9326,1754.0,-21.229173002685435,32000.0,79.8,98.0,-1.5,-0.3,1.08,GOOD
1790983986109,9327,1733.0,-143.33689140411556,32000.0,79.8,98.0,-1.5,-0.3,1.08,GOOD
1790983986109,9328,1701.0,-245.60073512654552,32000.0,79.8,98.0,-1.5,-0.3,1.08,GOOD
1790983986109,9329,1903.0,-310.98563069971283,32000.0,79.8,98.0,-1.5,-0.3,1.08,GOOD
1790983986109,9330,1957.0,-313.2055323071219,32000.0,79.8,98.0,-1.5,-0.3,1.08,GOOD
1790983986109,9331,1995.0,-239.91425418431552,32000.0,79.8,98.0,-1.5,-0.3,1.08,GOOD
1790983986109,9332,1983.0,-127.10731273222152,32000.0,79.8,98.0,-1.5,-0.3,1.08,GOOD
1790983986109,9333,1916.0,-38.26590446593258,32000.0,79.8,98.0,-1.5,-0.3,1.08,GOOD
1790983986109,9334,1920.0,-14.542026301446008,32000.0,79.8,98.0,-1.5,-0.3,1.08,GOOD
1790983986109,9335,1951.0,-43.773211127944165,32000.0,79.8,98.0,-1.5,-0.3,1.08,GOOD
1790983986109,9336,1970.0,-78.41760734127682,32000.0,79.8,98.0,-1.5,-0.3,1.08,GOOD
1790983986109,9337,2035.0,-83.09752526070801,32000.0,79.8,98.0,-1.5,-0.3,1.08,GOOD
1790983986109,9338,2000.0,-58.04518576545372,32000.0,79.8,98.0,-1.5,-0.3,1.08,GOOD
1790983986109,9339,1995.0,-27.434234772938108,32000.0,79.8,98.0,-1.5,-0.3,1.08,GOOD
1790983986109,9340,2007.0,-10.330367459546096,32000.0,79.8,98.0,-1.5,-0.3,1.08,GOOD
1790983986109,9341,2136.0,0.14488850116918117,32000.0,79.8,98.0,-1.5,-0.3,1.08,GOOD
1790983986109,9342,2099.0,22.364224586202347,32000.0,79.8,98.0,-1.5,-0.3,1.08,GOOD
1790983986109,9343,2076.0,53.69268613482679,32000.0,79.8,98.0,-1.5,-0.3,1.08,GOOD
1790983986109,9344,2061.0,73.49991107482869,32000.0,79.8,98.0,-1.5,-0.3,1.08,GOOD
1790983986109,9345,2132.0,76.45321792050582,32000.0,79.8,98.0,-1.5,-0.3,1.08,GOOD
1790983986109,9346,2147.0,78.17485094789507,32000.0,79.8,98.0,-1.5,-0.3,1.08,GOOD
1790983986109,9347,2124.0,88.53526425491867,32000.0,79.8,98.0,-1.5,-0.3,1.08,GOOD
1790983986109,9348,2114.0,99.66943964906804,32000.0,79.8,98.0,-1.5,-0.3,1.08,GOOD
1790983986109,9349,1992.0,98.10011173877362,32000.0,79.8,98.0,-1.5,-0.3,1.08,GOOD
1790983986109,9350,2035.0,76.55708750232452,32000.0,79.8,98.0,-1.5,-0.3,1.08,GOOD
1790983986194,9351,2053.0,43.15258881106549,32000.0,79.8,98.0,-1.6,-0.3,1.07,GOOD
1790983986194,9352,2049.0,15.417640775355943,32000.0,79.8,98.0,-1.6,-0.3,1.07,GOOD
1790983986194,9353,2067.0,2.980685938470396,32000.0,79.8,98.0,-1.6,-0.3,1.07,GOOD
1790983986194,9354,2094.0,8.175818127335983,32000.0,79.8,98.0,-1.6,-0.3,1.07,GOOD
1790983986194,9355,2125.0,30.61468714719374,32000.0,79.8,98.0,-1.6,-0.3,1.07,GOOD
1790983986194,9356,2133.0,61.926524955972184,32000.0,79.8,98.0,-1.6,-0.3,1.07,GOOD
1790983986194,9357,2109.0,86.63057640358652,32000.0,79.8,98.0,-1.6,-0.3,1.07,GOOD
1790983986194,9358,2084.0,93.43686271489742,32000.0,79.8,98.0,-1.6,-0.3,1.07,GOOD
1790983986194,9359,2079.0,84.24957025332677,32000.0,79.8,98.0,-1.6,-0.3,1.07,GOOD
1790983986194,9360,2086.0,69.71871193516492,32000.0,79.8,98.0,-1.6,-0.3,1.07,GOOD
1790983986194,9361,2235.0,63.103242208506984,32000.0,79.8,98.0,-1.6,-0.3,1.07,GOOD
1790983986194,9362,2207.0,76.94856025236598,32000.0,79.8,98.0,-1.6,-0.3,1.07,GOOD
1790983986194,9363,2157.0,107.98119117536527,32000.0,79.8,98.0,-1.6,-0.3,1.07,GOOD
1790983986194,9364,2192.0,137.65499983799225,32000.0,79.8,98.0,-1.6,-0.3,1.07,GOOD
1790983986194,9365,2352.0,161.70231468843375,32000.0,79.8,98.0,-1.6,-0.3,1.07,GOOD
1790983986194,9366,2343.0,192.56856558269402,32000.0,79.8,98.0,-1.6,-0.3,1.07,GOOD
1790983986194,9367,2324.0,229.00724866415825,32000.0,79.8,98.0,-1.6,-0.3,1.07,GOOD
1790983986194,9368,2321.0,256.3126364274081,32000.0,79.8,98.0,-1.6,-0.3,1.07,GOOD
1790983986194,9369,2345.0,271.8370028537764,32000.0,79.8,98.0,-1.6,-0.3,1.07,GOOD
1790983986194,9370,2360.0,282.27704317965436,32000.0,79.8,98.0,-1.6,-0.3,1.07,GOOD
1790983986194,9371,2360.0,286.3604994557006,32000.0,79.8,98.0,-1.6,-0.3,1.07,GOOD
1790983986194,9372,2352.0,279.2029980707636,32000.0,79.8,98.0,-1.6,-0.3,1.07,GOOD
1790983986194,9373,2308.0,264.91794317364224,32000.0,79.8,98.0,-1.6,-0.3,1.07,GOOD
1790983986194,9374,2327.0,253.17590415651821,32000.0,79.8,98.0,-1.6,-0.3,1.07,GOOD
1790983986194,9375,2329.0,247.34485324392807,32000.0,79.8,98.0,-1.6,-0.3,1.07,GOOD
