timestamp_ms,ecg_filtered,ppg_dc_ir,ecg_bpm,spo2_pct
492094,2001.0,430.0,186.3,0.0
491097,2178.0,425.0,186.3,0.0
491097,2167.0,425.0,186.3,0.0
491114,1932.0,425.0,186.3,0.0
491114,1968.0,425.0,186.3,0.0
491115,1974.0,425.0,186.3,0.0
491115,13.0,0.0,2.3,-0.8
492094,2001.0,430.0,186.3,0.0
492094,2058.0,430.0,186.3,0.0
492095,2067.0,430.0,186.3,0.0
492107,1991.0,431.0,186.3,0.0
492108,1975.0,431.0,186.3,0.0
492108,1969.0,431.0,186.3,0.0
492125,2061.0,431.0,186.3,0.0
492125,2050.0,431.0,186.3,0.0
492125,2046.0,431.0,186.3,0.0
492125,2044.0,431.0,186.3,0.0
492138,2245.0,431.0,186.3,0.0
492138,2243.0,431.0,186.3,0.0
492139,2213.0,431.0,186.3,0.0
492155,2135.0,432.0,186.3,0.0
492156,2171.0,432.0,186.3,0.0
492156,2154.0,432.0,186.3,0.0
492156,2142.0,432.0,186.3,0.0
492170,1917.0,432.0,186.3,0.0
492170,1910.0,432.0,186.3,0.0
492170,1904.0,432.0,186.3,0.0
492183,2129.0,432.0,186.3,0.0
492183,2120.0,432.0,186.3,0.0
492184,2128.0,432.0,186.3,0.0
492184,2126.0,432.0,186.3,0.0
492200,2248.0,433.0,186.3,0.0
492201,2220.0,433.0,186.3,0.0
492201,2204.0,433.0,186.3,0.0
492201,2218.0,433.0,186.3,0.0
492214,2033.0,433.0,186.3,0.0
492214,2079.0,433.0,186.3,0.0
492214,2068.0,433.0,186.3,0.0
492227,1977.0,433.0,186.3,0.0
492227,1981.0,433.0,186.3,0.0
492228,1985.0,433.0,186.3,0.0
492244,2094.0,434.0,186.3,0.0
492245,2064.0,434.0,186.3,0.0
492245,2057.0,434.0,186.3,0.0
492245,2070.0,434.0,186.3,0.0
492258,2108.0,434.0,186.3,0.0
492258,2099.0,434.0,186.3,0.0
492258,2077.0,434.0,186.3,0.0
492275,2056.0,435.0,186.3,0.0
492276,2083.0,435.0,186.3,0.0
492276,2097.0,435.0,186.3,0.0
492276,2088.0,435.0,186.3,0.0
492289,1940.0,435.0,186.3,0.0
492290,1936.0,435.0,186.3,0.0
492290,1965.0,435.0,186.3,0.0
492303,2113.0,436.0,186.3,0.0
492303,2069.0,436.0,186.3,0.0
492303,2073.0,436.0,186.3,0.0
492303,2075.0,436.0,186.3,0.0
492320,1997.0,436.0,186.3,0.0
492320,1989.0,436.0,186.3,0.0
492321,1987.0,436.0,186.3,0.0
492321,1977.0,436.0,186.3,0.0
492333,2078.0,436.0,186.3,0.0
492334,2155.0,436.0,186.3,0.0
492334,2175.0,436.0,186.3,0.0
492347,1950.0,436.0,186.3,0.0
492347,1926.0,436.0,186.3,0.0
492348,1919.0,436.0,186.3,0.0
492348,1924.0,436.0,186.3,0.0
492365,2029.0,437.0,186.3,0.0
492365,2026.0,437.0,186.3,0.0
492365,2021.0,437.0,186.3,0.0
492365,2020.0,437.0,186.3,0.0
492379,2214.0,437.0,186.3,0.0
492379,2202.0,437.0,186.3,0.0
492380,2207.0,437.0,186.3,0.0
492395,2006.0,438.0,186.3,0.0
492396,2032.0,438.0,186.3,0.0
492396,2012.0,438.0,186.3,0.0
492396,2015.0,438.0,186.3,0.0
492410,1955.0,438.0,186.3,0.0
492410,1963.0,438.0,186.3,0.0
492410,1962.0,438.0,186.3,0.0
492423,2037.0,438.0,186.3,0.0
492423,2032.0,438.0,186.3,0.0
492424,2019.0,438.0,186.3,0.0
492424,2040.0,438.0,186.3,0.0
492441,2157.0,438.0,186.3,0.0
492441,2137.0,438.0,186.3,0.0
492441,2127.0,438.0,186.3,0.0
492441,2139.0,438.0,186.3,0.0
492454,1996.0,438.0,186.3,0.0
492454,2024.0,438.0,186.3,0.0
492455,2013.0,438.0,186.3,0.0
492467,1972.0,438.0,186.3,0.0
492468,1982.0,438.0,186.3,0.0
492468,1991.0,438.0,186.3,0.0
492484,2091.0,438.0,186.3,0.0
492485,2050.0,438.0,186.3,0.0
492485,2043.0,438.0,186.3,0.0
492485,2047.0,438.0,186.3,0.0
492499,2116.0,438.0,186.3,0.0
492499,2107.0,438.0,186.3,0.0
492499,2080.0,438.0,186.3,0.0
492515,1973.0,438.0,186.3,0.0
492516,2001.0,438.0,186.3,0.0
492516,2009.0,438.0,186.3,0.0
492516,2007.0,438.0,186.3,0.0
492529,1954.0,438.0,186.3,0.0
492530,1958.0,438.0,186.3,0.0
492530,1964.0,438.0,186.3,0.0
492543,2111.0,438.0,186.3,0.0
492543,2083.0,438.0,186.3,0.0
492543,2076.0,438.0,186.3,0.0
492543,2091.0,438.0,186.3,0.0
492560,2047.0,438.0,186.3,0.0
492560,2045.0,438.0,186.3,0.0
492561,2026.0,438.0,186.3,0.0
492561,2020.0,438.0,186.3,0.0
492573,2009.0,438.0,186.3,0.0
492574,2066.0,438.0,186.3,0.0
492574,2066.0,438.0,186.3,0.0
492587,1989.0,438.0,186.3,0.0
492587,1970.0,438.0,186.3,0.0
492587,1967.0,438.0,186.3,0.0
492604,2065.0,438.0,186.3,0.0
492604,2072.0,438.0,186.3,0.0
492604,2062.0,438.0,186.3,0.0
492605,2052.0,438.0,186.3,0.0
492618,2196.0,438.0,186.3,0.0
492618,2205.0,438.0,186.3,0.0
492619,2203.0,438.0,186.3,0.0
492635,2140.0,438.0,186.3,0.0
492635,2197.0,438.0,186.3,0.0
492635,2211.0,438.0,186.3,0.0
492635,2214.0,438.0,186.3,0.0
492649,1920.0,438.0,186.3,0.0
492649,1898.0,438.0,186.3,0.0
492650,1884.0,438.0,186.3,0.0
492662,2075.0,438.0,186.3,0.0
492663,2076.0,438.0,186.3,0.0
492663,2092.0,438.0,186.3,0.0
492663,2099.0,438.0,186.3,0.0
492680,2110.0,438.0,186.3,0.0
492680,2073.0,438.0,186.3,0.0
492680,2082.0,438.0,186.3,0.0
492680,2082.0,438.0,186.3,0.0
492693,1937.0,438.0,186.3,0.0
492693,1936.0,438.0,186.3,0.0
492694,1902.0,438.0,186.3,0.0
492706,2002.0,438.0,186.3,0.0
492706,2004.0,438.0,186.3,0.0
492707,2016.0,438.0,186.3,0.0
492724,2007.0,438.0,186.3,0.0
492724,1981.0,438.0,186.3,0.0
492725,1971.0,438.0,186.3,0.0
492725,1991.0,438.0,186.3,0.0
492738,4095.0,437.0,82.6,0.0
492739,4095.0,437.0,82.6,0.0
492739,4095.0,437.0,82.6,0.0
492739,4095.0,437.0,82.6,0.0
492756,1265.0,437.0,82.6,0.0
492756,1288.0,437.0,82.6,0.0
492757,1200.0,437.0,82.6,0.0
492757,1176.0,437.0,82.6,0.0
492770,2300.0,437.0,82.6,0.0
492771,2338.0,437.0,82.6,0.0
492771,2337.0,437.0,82.6,0.0
492783,1913.0,437.0,82.6,0.0
492784,1840.0,437.0,82.6,0.0
492784,1852.0,437.0,82.6,0.0
492784,1939.0,437.0,82.6,0.0
492801,2270.0,437.0,82.6,0.0
492802,2181.0,437.0,82.6,0.0
492802,2147.0,437.0,82.6,0.0
492802,2184.0,437.0,82.6,0.0
492814,1999.0,437.0,82.6,0.0
492815,2036.0,437.0,82.6,0.0
492815,1983.0,437.0,82.6,0.0
492829,1905.0,438.0,82.6,0.0
492829,1939.0,438.0,82.6,0.0
492830,1985.0,438.0,82.6,0.0
492830,1970.0,438.0,82.6,0.0
492847,1960.0,438.0,82.6,0.0
492848,1920.0,438.0,82.6,0.0
492848,1941.0,438.0,82.6,0.0
492848,1998.0,438.0,82.6,0.0
492861,2189.0,437.0,82.6,0.0
492861,2126.0,437.0,82.6,0.0
492861,2093.0,437.0,82.6,0.0
492879,2087.0,437.0,82.6,0.0
492879,2147.0,437.0,82.6,0.0
492879,2133.0,437.0,82.6,0.0
492879,2066.0,437.0,82.6,0.0
492892,1872.0,437.0,82.6,0.0
492893,1928.0,437.0,82.6,0.0
492893,1978.0,437.0,82.6,0.0
492905,2057.0,437.0,82.6,0.0
492906,1978.0,437.0,82.6,0.0
492906,1950.0,437.0,82.6,0.0
492906,2000.0,437.0,82.6,0.0
492923,2098.0,437.0,82.6,0.0
492923,2060.0,437.0,82.6,0.0
492924,2018.0,437.0,82.6,0.0
492924,2018.0,437.0,82.6,0.0
492937,2091.0,437.0,82.6,0.0
492938,2119.0,437.0,82.6,0.0
492938,2101.0,437.0,82.6,0.0
492954,1975.0,437.0,82.6,0.0
492954,2016.0,437.0,82.6,0.0
492954,2050.0,437.0,82.6,0.0
492955,2079.0,437.0,82.6,0.0
492968,1998.0,437.0,82.6,0.0
492969,1916.0,437.0,82.6,0.0
492969,1908.0,437.0,82.6,0.0
492970,1923.0,437.0,82.6,0.0
492982,2041.0,437.0,82.6,0.0
492983,2045.0,437.0,82.6,0.0
492983,2030.0,437.0,82.6,0.0
493000,2327.0,437.0,82.6,0.0
493000,2333.0,437.0,82.6,0.0
493001,2346.0,437.0,82.6,0.0
493001,2341.0,437.0,82.6,0.0
493013,1939.0,437.0,82.6,0.0
493014,1903.0,437.0,82.6,0.0
493014,1911.0,437.0,82.6,0.0
493027,2007.0,437.0,82.6,0.0
493028,1999.0,437.0,82.6,0.0
493028,1992.0,437.0,82.6,0.0
493028,1985.0,437.0,82.6,0.0
493044,2050.0,437.0,82.6,0.0
493045,2045.0,437.0,82.6,0.0
493045,1995.0,437.0,82.6,0.0
493045,2000.0,437.0,82.6,0.0
493059,2158.0,437.0,82.6,0.0
493059,2167.0,437.0,82.6,0.0
493059,2162.0,437.0,82.6,0.0
493060,2179.0,437.0,82.6,0.0
493075,2063.0,437.0,82.6,0.0
493076,2087.0,437.0,82.6,0.0
493076,2096.0,437.0,82.6,0.0
493076,2100.0,437.0,82.6,0.0
493090,1948.0,437.0,82.6,0.0
493090,1942.0,437.0,82.6,0.0
493090,1918.0,437.0,82.6,0.0
493103,2062.0,436.0,82.6,0.0
493103,2062.0,436.0,82.6,0.0
493103,2072.0,436.0,82.6,0.0
493104,2092.0,436.0,82.6,0.0
493121,2104.0,436.0,82.6,0.0
493122,2072.0,436.0,82.6,0.0
493122,2094.0,436.0,82.6,0.0
493122,2111.0,436.0,82.6,0.0
493135,2200.0,436.0,82.6,0.0
493135,2229.0,436.0,82.6,0.0
493135,2232.0,436.0,82.6,0.0
493149,1889.0,435.0,82.6,0.0
493149,1889.0,435.0,82.6,0.0
493150,1882.0,435.0,82.6,0.0
493150,1845.0,435.0,82.6,0.0
493166,1984.0,435.0,82.6,0.0
493167,2014.0,435.0,82.6,0.0
493167,2039.0,435.0,82.6,0.0
493167,2029.0,435.0,82.6,0.0
493180,2469.0,435.0,82.6,0.0
493180,2413.0,435.0,82.6,0.0
493181,2449.0,435.0,82.6,0.0
493193,1925.0,435.0,82.6,0.0
493193,1972.0,435.0,82.6,0.0
493194,1954.0,435.0,82.6,0.0
493194,1956.0,435.0,82.6,0.0
493211,1816.0,436.0,82.6,0.0
493212,1881.0,436.0,82.6,0.0
493212,1871.0,436.0,82.6,0.0
493212,1807.0,436.0,82.6,0.0
493226,1969.0,436.0,82.6,0.0
493226,2007.0,436.0,82.6,0.0
493227,2062.0,436.0,82.6,0.0
493242,2086.0,435.0,82.6,0.0
493243,2024.0,435.0,82.6,0.0
493243,1983.0,435.0,82.6,0.0
493244,2011.0,435.0,82.6,0.0
493257,2327.0,435.0,82.6,0.0
493258,2334.0,435.0,82.6,0.0
493258,2294.0,435.0,82.6,0.0
493258,2269.0,435.0,82.6,0.0
493270,1863.0,435.0,82.6,0.0
493271,1903.0,435.0,82.6,0.0
493271,1876.0,435.0,82.6,0.0
493288,1932.0,435.0,82.6,0.0
493288,1890.0,435.0,82.6,0.0
493289,1936.0,435.0,82.6,0.0
493289,1973.0,435.0,82.6,0.0
493301,2114.0,435.0,82.6,0.0
493302,2055.0,435.0,82.6,0.0
493302,2030.0,435.0,82.6,0.0
493319,2201.0,435.0,82.6,0.0
493319,2234.0,435.0,82.6,0.0
493319,2224.0,435.0,82.6,0.0
493319,2171.0,435.0,82.6,0.0
493332,1850.0,435.0,82.6,0.0
493333,1808.0,435.0,82.6,0.0
493333,1955.0,435.0,82.6,0.0
493346,1980.0,434.0,82.6,0.0
493347,1851.0,434.0,82.6,0.0
493347,1921.0,434.0,82.6,0.0
493347,1957.0,434.0,82.6,0.0
493365,2287.0,434.0,82.6,0.0
493366,2099.0,434.0,82.6,0.0
493366,2007.0,434.0,82.6,0.0
493366,1982.0,434.0,82.6,0.0
493379,1819.0,434.0,82.6,0.0
493379,1897.0,434.0,82.6,0.0
493379,1892.0,434.0,82.6,0.0
493392,2091.0,434.0,82.6,0.0
493392,2089.0,434.0,82.6,0.0
493393,2122.0,434.0,82.6,0.0
493393,2132.0,434.0,82.6,0.0
493409,1898.0,434.0,82.6,0.0
493410,1887.0,434.0,82.6,0.0
493410,1885.0,434.0,82.6,0.0
493410,1903.0,434.0,82.6,0.0
493423,2123.0,433.0,82.6,0.0
493423,2085.0,433.0,82.6,0.0
493423,2069.0,433.0,82.6,0.0
493437,2130.0,432.0,82.6,0.0
493437,2154.0,432.0,82.6,0.0
493438,2164.0,432.0,82.6,0.0
493438,2145.0,432.0,82.6,0.0
493453,2029.0,432.0,82.6,0.0
493454,2111.0,432.0,82.6,0.0
493454,2159.0,432.0,82.6,0.0
493454,2165.0,432.0,82.6,0.0
493468,1926.0,432.0,82.6,0.0
493468,1908.0,432.0,82.6,0.0
493468,1893.0,432.0,82.6,0.0
493486,2057.0,432.0,82.6,0.0
493486,2037.0,432.0,82.6,0.0
493486,2029.0,432.0,82.6,0.0
493486,2023.0,432.0,82.6,0.0
493499,2275.0,432.0,82.6,0.0
493500,2238.0,432.0,82.6,0.0
493500,2245.0,432.0,82.6,0.0
493512,1896.0,431.0,82.6,0.0
493513,1955.0,431.0,82.6,0.0
493513,1953.0,431.0,82.6,0.0
493513,1970.0,431.0,82.6,0.0
493530,1882.0,432.0,82.6,0.0
493530,1888.0,432.0,82.6,0.0
493531,1883.0,432.0,82.6,0.0
493531,1857.0,432.0,82.6,0.0
493543,2016.0,432.0,82.6,0.0
493544,2020.0,432.0,82.6,0.0
493544,2052.0,432.0,82.6,0.0
493560,2117.0,431.0,82.6,0.0
493561,2095.0,431.0,82.6,0.0
493561,2060.0,431.0,82.6,0.0
493561,2076.0,431.0,82.6,0.0
493575,2076.0,431.0,82.6,0.0
493575,2095.0,431.0,82.6,0.0
493576,2083.0,431.0,82.6,0.0
493588,1940.0,431.0,82.6,0.0
493589,1952.0,431.0,82.6,0.0
493589,1959.0,431.0,82.6,0.0
493589,1957.0,431.0,82.6,0.0
493607,1968.0,430.0,82.6,0.0
493607,1958.0,430.0,82.6,0.0
493607,1973.0,430.0,82.6,0.0
493607,1981.0,430.0,82.6,0.0
493620,2161.0,430.0,82.6,0.0
493620,2147.0,430.0,82.6,0.0
493621,2141.0,430.0,82.6,0.0
493633,1896.0,429.0,82.6,0.0
493634,1922.0,429.0,82.6,0.0
493634,1879.0,429.0,82.6,0.0
493634,1867.0,429.0,82.6,0.0
493651,1966.0,429.0,82.6,0.0
493652,2011.0,429.0,82.6,0.0
493652,2019.0,429.0,82.6,0.0
493653,1990.0,429.0,82.6,0.0
493667,1991.0,428.0,82.6,0.0
493667,1866.0,428.0,82.6,0.0
493667,1861.0,428.0,82.6,0.0
493667,1830.0,428.0,82.6,0.0
493683,2262.0,428.0,82.6,0.0
493684,2231.0,428.0,82.6,0.0
493684,2265.0,428.0,82.6,0.0
493684,2305.0,428.0,82.6,0.0
493697,2033.0,427.0,82.6,0.0
493698,2004.0,427.0,82.6,0.0
493698,1964.0,427.0,82.6,0.0
493711,1917.0,427.0,82.6,0.0
493711,1952.0,427.0,82.6,0.0
493711,1979.0,427.0,82.6,0.0
493711,1952.0,427.0,82.6,0.0
493729,1909.0,427.0,82.6,0.0
493730,1903.0,427.0,82.6,0.0
493730,1944.0,427.0,82.6,0.0
493730,1841.0,427.0,82.6,0.0
493743,2013.0,427.0,82.6,0.0
493743,1975.0,427.0,82.6,0.0
493743,1983.0,427.0,82.6,0.0
493757,2128.0,426.0,82.6,0.0
493757,2140.0,426.0,82.6,0.0
493757,2119.0,426.0,82.6,0.0
493758,2112.0,426.0,82.6,0.0
493774,2088.0,426.0,82.6,0.0
493775,2159.0,426.0,82.6,0.0
493775,2182.0,426.0,82.6,0.0
493775,2179.0,426.0,82.6,0.0
493788,1918.0,426.0,82.6,0.0
493788,1920.0,426.0,82.6,0.0
493788,1935.0,426.0,82.6,0.0
493805,2040.0,426.0,82.6,0.0
493806,2012.0,426.0,82.6,0.0
493806,2000.0,426.0,82.6,0.0
493806,2005.0,426.0,82.6,0.0
493819,2294.0,426.0,82.6,0.0
493819,2286.0,426.0,82.6,0.0
493819,2274.0,426.0,82.6,0.0
493832,1835.0,425.0,82.6,0.0
493832,1840.0,425.0,82.6,0.0
493833,1843.0,425.0,82.6,0.0
493833,1820.0,425.0,82.6,0.0
493850,1987.0,425.0,82.6,0.0
493851,2002.0,425.0,82.6,0.0
493851,2010.0,425.0,82.6,0.0
493851,1998.0,425.0,82.6,0.0
493865,2013.0,425.0,82.6,0.0
493865,1986.0,425.0,82.6,0.0
493865,2002.0,425.0,82.6,0.0
493878,2316.0,425.0,82.6,0.0
493878,2314.0,425.0,82.6,0.0
493879,2305.0,425.0,82.6,0.0
493879,2304.0,425.0,82.6,0.0
493895,2011.0,425.0,82.6,0.0
493896,2026.0,425.0,82.6,0.0
493896,2039.0,425.0,82.6,0.0
493896,2030.0,425.0,82.6,0.0
493909,1965.0,425.0,82.6,0.0
493909,1969.0,425.0,82.6,0.0
493909,1960.0,425.0,82.6,0.0
493922,2206.0,425.0,82.6,0.0
493922,2172.0,425.0,82.6,0.0
493922,2177.0,425.0,82.6,0.0
493923,2195.0,425.0,82.6,0.0
493939,2039.0,425.0,82.6,0.0
493940,2018.0,425.0,82.6,0.0
493940,2008.0,425.0,82.6,0.0
493940,2023.0,425.0,82.6,0.0
493954,2018.0,425.0,82.6,0.0
493954,2043.0,425.0,82.6,0.0
493954,2029.0,425.0,82.6,0.0
493971,1908.0,425.0,82.6,0.0
493971,1874.0,425.0,82.6,0.0
493971,1922.0,425.0,82.6,0.0
493972,1928.0,425.0,82.6,0.0
493985,2025.0,425.0,82.6,0.0
493986,1985.0,425.0,82.6,0.0
493986,2012.0,425.0,82.6,0.0
493998,2158.0,425.0,82.6,0.0
493999,2168.0,425.0,82.6,0.0
493999,2158.0,425.0,82.6,0.0
493999,2157.0,425.0,82.6,0.0
494016,2131.0,425.0,82.6,0.0
494016,2161.0,425.0,82.6,0.0
494016,2164.0,425.0,82.6,0.0
494017,2145.0,425.0,82.6,0.0
494029,1939.0,425.0,82.6,0.0
494029,1921.0,425.0,82.6,0.0
494030,1925.0,425.0,82.6,0.0
494043,2084.0,425.0,82.6,0.0
494043,2070.0,425.0,82.6,0.0
494044,2065.0,425.0,82.6,0.0
494044,2083.0,425.0,82.6,0.0
494059,1974.0,425.0,82.6,0.0
494060,1966.0,425.0,82.6,0.0
494060,1963.0,425.0,82.6,0.0
494060,1933.0,425.0,82.6,0.0
494074,2099.0,425.0,82.6,0.0
494074,2136.0,425.0,82.6,0.0
494074,2141.0,425.0,82.6,0.0
494091,1905.0,425.0,82.6,0.0
494091,1860.0,425.0,82.6,0.0
494091,1875.0,425.0,82.6,0.0
494091,1869.0,425.0,82.6,0.0
494105,2032.0,425.0,82.6,0.0
494105,2016.0,425.0,82.6,0.0
494106,2028.0,425.0,82.6,0.0
494118,2112.0,425.0,82.6,0.0
494119,2136.0,425.0,82.6,0.0
494119,2124.0,425.0,82.6,0.0
494119,2109.0,425.0,82.6,0.0
494136,1988.0,425.0,82.6,0.0
494136,2006.0,425.0,82.6,0.0
494136,1993.0,425.0,82.6,0.0
494137,1985.0,425.0,82.6,0.0
494149,1966.0,425.0,82.6,0.0
494149,1981.0,425.0,82.6,0.0
494150,1973.0,425.0,82.6,0.0
494163,2010.0,425.0,82.6,0.0
494164,2000.0,425.0,82.6,0.0
494164,2009.0,425.0,82.6,0.0
494164,2021.0,425.0,82.6,0.0
494180,2363.0,425.0,82.6,0.0
494180,2316.0,425.0,82.6,0.0
494180,2310.0,425.0,82.6,0.0
494181,2316.0,425.0,82.6,0.0
494194,1918.0,426.0,82.6,0.0
494194,1962.0,426.0,82.6,0.0
494195,1933.0,426.0,82.6,0.0
494211,1927.0,426.0,82.6,0.0
494211,1930.0,426.0,82.6,0.0
494211,1952.0,426.0,82.6,0.0
494211,1812.0,426.0,82.6,0.0
494225,2026.0,426.0,82.6,0.0
494225,1995.0,426.0,82.6,0.0
494226,2013.0,426.0,82.6,0.0
494238,2228.0,426.0,82.6,0.0
494239,2211.0,426.0,82.6,0.0
494239,2194.0,426.0,82.6,0.0
494239,2183.0,426.0,82.6,0.0
494256,1959.0,426.0,82.6,0.0
494256,1988.0,426.0,82.6,0.0
494256,1990.0,426.0,82.6,0.0
494257,1959.0,426.0,82.6,0.0
494269,1958.0,426.0,82.6,0.0
494270,1960.0,426.0,82.6,0.0
494270,1997.0,426.0,82.6,0.0
494287,1995.0,427.0,82.6,0.0
494287,1960.0,427.0,82.6,0.0
494287,1941.0,427.0,82.6,0.0
494288,1961.0,427.0,82.6,0.0
494300,2132.0,427.0,82.6,0.0
494301,2123.0,427.0,82.6,0.0
494301,2096.0,427.0,82.6,0.0
494314,1887.0,427.0,82.6,0.0
494315,1892.0,427.0,82.6,0.0
494315,1913.0,427.0,82.6,0.0
494315,1898.0,427.0,82.6,0.0
494333,2040.0,428.0,82.6,0.0
494333,2092.0,428.0,82.6,0.0
494334,2159.0,428.0,82.6,0.0
494334,2187.0,428.0,82.6,0.0
494346,1996.0,428.0,82.6,0.0
494347,1951.0,428.0,82.6,0.0
494347,1934.0,428.0,82.6,0.0
494360,2206.0,428.0,82.6,0.0
494360,2224.0,428.0,82.6,0.0
494360,2217.0,428.0,82.6,0.0
494360,2213.0,428.0,82.6,0.0
494377,2167.0,427.0,82.6,0.0
494378,2196.0,427.0,82.6,0.0
494378,2192.0,427.0,82.6,0.0
494378,2174.0,427.0,82.6,0.0
494392,1886.0,428.0,82.6,0.0
494393,1906.0,428.0,82.6,0.0
494393,1908.0,428.0,82.6,0.0
494409,1832.0,428.0,82.6,0.0
494409,1924.0,428.0,82.6,0.0
494409,1928.0,428.0,82.6,0.0
494423,2090.0,428.0,82.6,0.0
494423,2081.0,428.0,82.6,0.0
494424,2075.0,428.0,82.6,0.0
494436,2078.0,428.0,82.6,0.0
494437,2088.0,428.0,82.6,0.0
494437,2091.0,428.0,82.6,0.0
494454,1897.0,428.0,82.6,0.0
494455,1914.0,428.0,82.6,0.0
494455,1904.0,428.0,82.6,0.0
494456,1899.0,428.0,82.6,0.0
494468,1989.0,428.0,82.6,0.0
494469,1943.0,428.0,82.6,0.0
494469,1998.0,428.0,82.6,0.0
494482,2055.0,429.0,82.6,0.0
494483,2044.0,429.0,82.6,0.0
494483,2039.0,429.0,82.6,0.0
494499,2106.0,429.0,82.6,0.0
494499,2106.0,429.0,82.6,0.0
494499,2106.0,429.0,82.6,0.0
494513,1918.0,429.0,82.6,0.0
494514,1962.0,429.0,82.6,0.0
494514,1976.0,429.0,82.6,0.0
494514,1962.0,429.0,82.6,0.0
494527,2002.0,429.0,82.6,0.0
494527,1986.0,429.0,82.6,0.0
494527,1998.0,429.0,82.6,0.0
494544,2108.0,429.0,82.6,0.0
494544,2084.0,429.0,82.6,0.0
494545,2074.0,429.0,82.6,0.0
494557,2092.0,429.0,82.6,0.0
494557,2093.0,429.0,82.6,0.0
494558,2077.0,429.0,82.6,0.0
494575,2102.0,429.0,82.6,0.0
494575,2155.0,429.0,82.6,0.0
494575,2175.0,429.0,82.6,0.0
494588,1953.0,429.0,82.6,0.0
494588,1945.0,429.0,82.6,0.0
494588,1920.0,429.0,82.6,0.0
494602,2179.0,429.0,82.6,0.0
494602,2174.0,429.0,82.6,0.0
494603,2186.0,429.0,82.6,0.0
494618,2000.0,429.0,82.6,0.0
494619,1987.0,429.0,82.6,0.0
494619,2000.0,429.0,82.6,0.0
494632,1959.0,430.0,82.6,0.0
494633,2016.0,430.0,82.6,0.0
494633,2053.0,430.0,82.6,0.0
494646,2018.0,430.0,82.6,0.0
494646,1986.0,430.0,82.6,0.0
494646,1983.0,430.0,82.6,0.0
494663,2134.0,430.0,82.6,0.0
494663,2138.0,430.0,82.6,0.0
494663,2114.0,430.0,82.6,0.0
494676,2010.0,430.0,82.6,0.0
494677,2019.0,430.0,82.6,0.0
494677,2042.0,430.0,82.6,0.0
494677,2060.0,430.0,82.6,0.0
494694,2026.0,430.0,82.6,0.0
494694,2054.0,430.0,82.6,0.0
494695,2043.0,430.0,82.6,0.0
494707,1977.0,430.0,82.6,0.0
494708,1971.0,430.0,82.6,0.0
494708,1971.0,430.0,82.6,0.0
494721,2026.0,431.0,82.6,0.0
494722,2034.0,431.0,82.6,0.0
494722,2040.0,431.0,82.6,0.0
494723,2045.0,431.0,82.6,0.0
494738,2059.0,431.0,82.6,0.0
494739,2053.0,431.0,82.6,0.0
494739,2054.0,431.0,82.6,0.0
494752,1957.0,431.0,82.6,0.0
494753,1971.0,431.0,82.6,0.0
494753,2007.0,431.0,82.6,0.0
494753,2001.0,431.0,82.6,0.0
494769,1920.0,431.0,82.6,0.0
494769,1919.0,431.0,82.6,0.0
494770,1921.0,431.0,82.6,0.0
494770,1914.0,431.0,82.6,0.0
494784,2005.0,431.0,82.6,0.0
494784,2006.0,431.0,82.6,0.0
494784,2049.0,431.0,82.6,0.0
494797,2129.0,431.0,82.6,0.0
494797,2133.0,431.0,82.6,0.0
494797,2125.0,431.0,82.6,0.0
494798,2145.0,431.0,82.6,0.0
494815,1998.0,431.0,82.6,0.0
494816,2027.0,431.0,82.6,0.0
494816,2007.0,431.0,82.6,0.0
494816,2001.0,431.0,82.6,0.0
494829,1958.0,432.0,82.6,0.0
494829,1969.0,432.0,82.6,0.0
494829,1971.0,432.0,82.6,0.0
494843,2092.0,432.0,82.6,0.0
494843,2074.0,432.0,82.6,0.0
494843,2085.0,432.0,82.6,0.0
494844,2090.0,432.0,82.6,0.0
494860,2181.0,432.0,82.6,0.0
494861,2165.0,432.0,82.6,0.0
494861,2154.0,432.0,82.6,0.0
494861,2150.0,432.0,82.6,0.0
494874,1994.0,432.0,82.6,0.0
494874,2030.0,432.0,82.6,0.0
494875,2035.0,432.0,82.6,0.0
494887,1975.0,432.0,82.6,0.0
494888,1962.0,432.0,82.6,0.0
494888,1993.0,432.0,82.6,0.0
494888,1979.0,432.0,82.6,0.0
494905,2097.0,434.0,82.6,0.0
494905,2050.0,434.0,82.6,0.0
494905,2070.0,434.0,82.6,0.0
494906,2082.0,434.0,82.6,0.0
494918,2161.0,434.0,82.6,0.0
494918,2153.0,434.0,82.6,0.0
494919,2152.0,434.0,82.6,0.0
494935,1995.0,434.0,82.6,0.0
494936,2053.0,434.0,82.6,0.0
494936,2016.0,434.0,82.6,0.0
494936,1997.0,434.0,82.6,0.0
494949,1948.0,435.0,82.6,0.0
494949,1969.0,435.0,82.6,0.0
494949,1977.0,435.0,82.6,0.0
494963,2091.0,435.0,82.6,0.0
494963,2057.0,435.0,82.6,0.0
494963,2053.0,435.0,82.6,0.0
494964,2078.0,435.0,82.6,0.0
494980,2208.0,435.0,82.6,0.0
494981,2176.0,435.0,82.6,0.0
494981,2157.0,435.0,82.6,0.0
494981,2158.0,435.0,82.6,0.0
494994,2021.0,436.0,82.6,0.0
494994,2082.0,436.0,82.6,0.0
494994,2086.0,436.0,82.6,0.0
495007,1986.0,436.0,82.6,0.0
495007,1977.0,436.0,82.6,0.0
495007,1989.0,436.0,82.6,0.0
495008,1979.0,436.0,82.6,0.0
495024,2109.0,437.0,82.6,0.0
495025,2087.0,437.0,82.6,0.0
495025,2082.0,437.0,82.6,0.0
495025,2094.0,437.0,82.6,0.0
495038,2122.0,438.0,82.6,0.0
495038,2103.0,438.0,82.6,0.0
495038,2083.0,438.0,82.6,0.0
495055,2003.0,438.0,82.6,0.0
495055,2060.0,438.0,82.6,0.0
495056,2053.0,438.0,82.6,0.0
495056,2034.0,438.0,82.6,0.0
495068,1958.0,438.0,82.6,0.0
495069,1961.0,438.0,82.6,0.0
495069,1969.0,438.0,82.6,0.0
495082,2240.0,438.0,82.6,0.0
495083,2189.0,438.0,82.6,0.0
495083,2174.0,438.0,82.6,0.0
495083,2190.0,438.0,82.6,0.0
495100,2190.0,439.0,82.6,0.0
495100,2162.0,439.0,82.6,0.0
495101,2150.0,439.0,82.6,0.0
495101,2142.0,439.0,82.6,0.0
495113,1937.0,439.0,82.6,0.0
495114,1949.0,439.0,82.6,0.0
495114,1945.0,439.0,82.6,0.0
495130,1938.0,439.0,82.6,0.0
495131,1918.0,439.0,82.6,0.0
495131,1971.0,439.0,82.6,0.0
495131,1957.0,439.0,82.6,0.0
495144,2035.0,440.0,82.6,0.0
495144,2015.0,440.0,82.6,0.0
495144,2008.0,440.0,82.6,0.0
495157,2555.0,440.0,82.6,0.0
495157,2579.0,440.0,82.6,0.0
495157,2580.0,440.0,82.6,0.0
495158,2610.0,440.0,82.6,0.0
495175,1823.0,440.0,82.6,0.0
495176,1871.0,440.0,82.6,0.0
495176,1892.0,440.0,82.6,0.0
495176,1837.0,440.0,82.6,0.0
495190,1967.0,440.0,82.6,0.0
495190,2023.0,440.0,82.6,0.0
495191,2029.0,440.0,82.6,0.0
495191,2018.0,440.0,82.6,0.0
495204,2034.0,441.0,82.6,0.0
495204,2006.0,441.0,82.6,0.0
495204,2026.0,441.0,82.6,0.0
495221,2160.0,441.0,82.6,0.0
495221,2140.0,441.0,82.6,0.0
495221,2123.0,441.0,82.6,0.0
495222,2117.0,441.0,82.6,0.0
495234,2019.0,441.0,82.6,0.0
495235,2075.0,441.0,82.6,0.0
495235,2076.0,441.0,82.6,0.0
495247,1966.0,441.0,82.6,0.0
495248,1962.0,441.0,82.6,0.0
495248,1972.0,441.0,82.6,0.0
495248,1978.0,441.0,82.6,0.0
495265,2058.0,441.0,82.6,0.0
495265,2037.0,441.0,82.6,0.0
495265,2036.0,441.0,82.6,0.0
495265,2054.0,441.0,82.6,0.0
495279,2170.0,441.0,82.6,0.0
495279,2155.0,441.0,82.6,0.0
495279,2152.0,441.0,82.6,0.0
495295,2036.0,441.0,82.6,0.0
495296,2082.0,441.0,82.6,0.0
495296,2070.0,441.0,82.6,0.0
495296,2063.0,441.0,82.6,0.0
495310,1928.0,441.0,82.6,0.0
495310,1940.0,441.0,82.6,0.0
495310,1936.0,441.0,82.6,0.0
495323,2034.0,441.0,82.6,0.0
495323,2015.0,441.0,82.6,0.0
495323,2005.0,441.0,82.6,0.0
495324,2026.0,441.0,82.6,0.0
495340,2128.0,441.0,82.6,0.0
495341,2103.0,441.0,82.6,0.0
495341,2093.0,441.0,82.6,0.0
495341,2091.0,441.0,82.6,0.0
495354,1966.0,441.0,82.6,0.0
495354,2009.0,441.0,82.6,0.0
495354,2010.0,441.0,82.6,0.0
495367,1996.0,441.0,82.6,0.0
495367,1986.0,441.0,82.6,0.0
495367,1998.0,441.0,82.6,0.0
495367,2002.0,441.0,82.6,0.0
495384,2193.0,441.0,82.6,0.0
495384,2163.0,441.0,82.6,0.0
495385,2142.0,441.0,82.6,0.0
495385,2147.0,441.0,82.6,0.0
495398,2231.0,441.0,82.6,0.0
495399,2209.0,441.0,82.6,0.0
495399,2215.0,441.0,82.6,0.0
495415,2098.0,441.0,82.6,0.0
495415,2159.0,441.0,82.6,0.0
495415,2168.0,441.0,82.6,0.0
495416,2154.0,441.0,82.6,0.0
495429,1906.0,440.0,82.6,0.0
495430,1906.0,440.0,82.6,0.0
495430,1924.0,440.0,82.6,0.0
495442,2149.0,440.0,82.6,0.0
495443,2109.0,440.0,82.6,0.0
495443,2121.0,440.0,82.6,0.0
495443,2149.0,440.0,82.6,0.0
495460,2306.0,440.0,82.6,0.0
495460,2272.0,440.0,82.6,0.0
495460,2277.0,440.0,82.6,0.0
495460,2262.0,440.0,82.6,0.0
495473,1922.0,440.0,82.6,0.0
495473,1998.0,440.0,82.6,0.0
495474,1990.0,440.0,82.6,0.0
495486,2019.0,440.0,82.6,0.0
495486,2013.0,440.0,82.6,0.0
495487,2040.0,440.0,82.6,0.0
495487,2032.0,440.0,82.6,0.0
495503,2095.0,440.0,82.6,0.0
495504,2078.0,440.0,82.6,0.0
495504,2078.0,440.0,82.6,0.0
495504,2113.0,440.0,82.6,0.0
495517,2174.0,440.0,82.6,0.0
495517,2157.0,440.0,82.6,0.0
495517,2120.0,440.0,82.6,0.0
495534,1978.0,440.0,82.6,0.0
495535,2031.0,440.0,82.6,0.0
495535,2043.0,440.0,82.6,0.0
495535,2004.0,440.0,82.6,0.0
495548,1936.0,439.0,82.6,0.0
495549,1955.0,439.0,82.6,0.0
495549,1973.0,439.0,82.6,0.0
495562,2191.0,439.0,82.6,0.0
495562,2143.0,439.0,82.6,0.0
495562,2131.0,439.0,82.6,0.0
495563,2156.0,439.0,82.6,0.0
495579,1988.0,439.0,82.6,0.0
495580,1976.0,439.0,82.6,0.0
495580,1942.0,439.0,82.6,0.0
495580,1944.0,439.0,82.6,0.0
495593,2012.0,439.0,82.6,0.0
495593,2066.0,439.0,82.6,0.0
495593,2073.0,439.0,82.6,0.0
495606,1937.0,439.0,82.6,0.0
495607,1958.0,439.0,82.6,0.0
495607,1956.0,439.0,82.6,0.0
495607,1975.0,439.0,82.6,0.0
495624,2173.0,439.0,82.6,0.0
495624,2106.0,439.0,82.6,0.0
495624,2112.0,439.0,82.6,0.0
495624,2124.0,439.0,82.6,0.0
495638,2045.0,439.0,82.6,0.0
495638,2037.0,439.0,82.6,0.0
495639,2019.0,439.0,82.6,0.0
495655,2009.0,439.0,82.6,0.0
495655,2028.0,439.0,82.6,0.0
495655,2050.0,439.0,82.6,0.0
495655,2050.0,439.0,82.6,0.0
495669,1939.0,439.0,82.6,0.0
495669,1941.0,439.0,82.6,0.0
495670,1945.0,439.0,82.6,0.0
495682,2218.0,439.0,82.6,0.0
495683,2181.0,439.0,82.6,0.0
495683,2163.0,439.0,82.6,0.0
495683,2174.0,439.0,82.6,0.0
495700,2094.0,439.0,82.6,0.0
495701,2096.0,439.0,82.6,0.0
495701,2048.0,439.0,82.6,0.0
495701,2044.0,439.0,82.6,0.0
495714,2058.0,439.0,82.6,0.0
495714,2144.0,439.0,82.6,0.0
495714,2167.0,439.0,82.6,0.0
495731,1822.0,439.0,82.6,0.0
495732,1803.0,439.0,82.6,0.0
495732,1799.0,439.0,82.6,0.0
495732,1805.0,439.0,82.6,0.0
495745,2082.0,439.0,82.6,0.0
495745,2056.0,439.0,82.6,0.0
495745,2065.0,439.0,82.6,0.0
495759,2214.0,438.0,82.6,0.0
495759,2210.0,438.0,82.6,0.0
495760,2213.0,438.0,82.6,0.0
495760,2217.0,438.0,82.6,0.0
495778,2296.0,438.0,111.5,0.0
495778,2302.0,438.0,111.5,0.0
495778,2308.0,438.0,111.5,0.0
495778,2313.0,438.0,111.5,0.0
495791,1856.0,438.0,111.5,0.0
495791,1850.0,438.0,111.5,0.0
495792,1831.0,438.0,111.5,0.0
495804,2064.0,438.0,111.5,0.0
495805,2059.0,438.0,111.5,0.0
495805,2069.0,438.0,111.5,0.0
495805,2082.0,438.0,111.5,0.0
495822,2357.0,438.0,111.5,0.0
495822,2310.0,438.0,111.5,0.0
495822,2298.0,438.0,111.5,0.0
495823,2318.0,438.0,111.5,0.0
495835,1975.0,438.0,111.5,0.0
495836,2017.0,438.0,111.5,0.0
495836,1999.0,438.0,111.5,0.0
495849,1935.0,438.0,111.5,0.0
495850,1964.0,438.0,111.5,0.0
495850,1975.0,438.0,111.5,0.0
495850,1946.0,438.0,111.5,0.0
495867,1974.0,438.0,111.5,0.0
495867,1959.0,438.0,111.5,0.0
495868,1988.0,438.0,111.5,0.0
495868,1994.0,438.0,111.5,0.0
495880,2423.0,438.0,111.5,0.0
495881,2366.0,438.0,111.5,0.0
495881,2382.0,438.0,111.5,0.0
495898,2248.0,438.0,111.5,0.0
495899,2273.0,438.0,111.5,0.0
495899,2234.0,438.0,111.5,0.0
495899,2198.0,438.0,111.5,0.0
495912,1859.0,438.0,111.5,0.0
495912,1901.0,438.0,111.5,0.0
495912,1897.0,438.0,111.5,0.0
495925,2062.0,438.0,111.5,0.0
495925,2022.0,438.0,111.5,0.0
495925,2048.0,438.0,111.5,0.0
495926,2096.0,438.0,111.5,0.0
495942,2167.0,438.0,111.5,0.0
495943,2085.0,438.0,111.5,0.0
495943,2069.0,438.0,111.5,0.0
495943,2101.0,438.0,111.5,0.0
495956,2081.0,438.0,111.5,0.0
495957,2087.0,438.0,111.5,0.0
495957,2037.0,438.0,111.5,0.0
495970,1901.0,438.0,111.5,0.0
495970,1938.0,438.0,111.5,0.0
495970,1983.0,438.0,111.5,0.0
495970,1968.0,438.0,111.5,0.0
495987,1941.0,437.0,111.5,0.0
495988,1890.0,437.0,111.5,0.0
495988,1918.0,437.0,111.5,0.0
495988,1927.0,437.0,111.5,0.0
496001,2146.0,437.0,111.5,0.0
496001,2105.0,437.0,111.5,0.0
496001,2094.0,437.0,111.5,0.0
496018,1908.0,437.0,111.5,0.0
496019,1957.0,437.0,111.5,0.0
496019,1935.0,437.0,111.5,0.0
496019,1881.0,437.0,111.5,0.0
496032,1933.0,437.0,111.5,0.0
496032,1979.0,437.0,111.5,0.0
496032,2013.0,437.0,111.5,0.0
496046,2013.0,437.0,111.5,0.0
496047,1952.0,437.0,111.5,0.0
496047,1928.0,437.0,111.5,0.0
496047,1960.0,437.0,111.5,0.0
496063,2109.0,437.0,111.5,0.0
496063,2105.0,437.0,111.5,0.0
496063,2068.0,437.0,111.5,0.0
496064,2057.0,437.0,111.5,0.0
496077,2129.0,437.0,111.5,0.0
496078,2163.0,437.0,111.5,0.0
496078,2139.0,437.0,111.5,0.0
496094,1909.0,437.0,111.5,0.0
496094,1920.0,437.0,111.5,0.0
496094,1935.0,437.0,111.5,0.0
496094,1969.0,437.0,111.5,0.0
496108,1984.0,437.0,111.5,0.0
496108,1960.0,437.0,111.5,0.0
496109,1962.0,437.0,111.5,0.0
496121,2190.0,436.0,111.5,0.0
496122,2191.0,436.0,111.5,0.0
496122,2189.0,436.0,111.5,0.0
496122,2144.0,436.0,111.5,0.0
496140,2104.0,436.0,111.5,0.0
496140,2126.0,436.0,111.5,0.0
496140,2125.0,436.0,111.5,0.0
496140,2127.0,436.0,111.5,0.0
496153,1998.0,436.0,111.5,0.0
496153,2048.0,436.0,111.5,0.0
496154,2044.0,436.0,111.5,0.0
496167,1965.0,436.0,111.5,0.0
496168,1937.0,436.0,111.5,0.0
496168,1914.0,436.0,111.5,0.0
496168,1907.0,436.0,111.5,0.0
496184,2132.0,436.0,111.5,0.0
496185,2119.0,436.0,111.5,0.0
496185,2117.0,436.0,111.5,0.0
496185,2102.0,436.0,111.5,0.0
496199,2046.0,435.0,111.5,0.0
496199,2041.0,435.0,111.5,0.0
496199,2036.0,435.0,111.5,0.0
496216,2185.0,435.0,111.5,0.0
496217,2201.0,435.0,111.5,0.0
496217,2205.0,435.0,111.5,0.0
496217,2199.0,435.0,111.5,0.0
496230,1907.0,435.0,111.5,0.0
496230,1894.0,435.0,111.5,0.0
496230,1879.0,435.0,111.5,0.0
496243,2227.0,434.0,111.5,0.0
496243,2213.0,434.0,111.5,0.0
496243,2212.0,434.0,111.5,0.0
496261,1932.0,434.0,111.5,0.0
496261,1936.0,434.0,111.5,0.0
496262,1905.0,434.0,111.5,0.0
496262,1905.0,434.0,111.5,0.0
496275,2226.0,433.0,111.5,0.0
496276,2262.0,433.0,103.6,0.0
496276,2268.0,433.0,103.6,0.0
496288,1907.0,433.0,103.6,0.0
496289,1894.0,433.0,103.6,0.0
496289,1893.0,433.0,103.6,0.0
496289,1893.0,433.0,103.6,0.0
496306,2006.0,432.0,103.6,0.0
496306,2011.0,432.0,103.6,0.0
496306,2008.0,432.0,103.6,0.0
496307,2013.0,432.0,103.6,0.0
496319,2002.0,432.0,103.6,0.0
496320,2005.0,432.0,103.6,0.0
496320,1998.0,432.0,103.6,0.0
496337,2210.0,432.0,103.6,0.0
496337,2240.0,432.0,103.6,0.0
496337,2248.0,432.0,103.6,0.0
496337,2243.0,432.0,103.6,0.0
496350,1889.0,431.0,103.6,0.0
496351,1873.0,431.0,103.6,0.0
496351,1863.0,431.0,103.6,0.0
496363,2008.0,431.0,103.6,0.0
496364,2014.0,431.0,103.6,0.0
496364,2027.0,431.0,103.6,0.0
496364,2030.0,431.0,103.6,0.0
496382,2114.0,431.0,103.6,0.0
496382,2073.0,431.0,103.6,0.0
496382,2078.0,431.0,103.6,0.0
496383,2089.0,431.0,103.6,0.0
496396,2150.0,431.0,103.6,0.0
496396,2176.0,431.0,103.6,0.0
496397,2176.0,431.0,103.6,0.0
496409,1929.0,431.0,103.6,0.0
496410,1928.0,431.0,103.6,0.0
496410,1908.0,431.0,103.6,0.0
496410,1888.0,431.0,103.6,0.0
496427,1981.0,430.0,103.6,0.0
496427,1985.0,430.0,103.6,0.0
496427,1994.0,430.0,103.6,0.0
496428,1986.0,430.0,103.6,0.0
496440,2110.0,430.0,103.6,0.0
496441,2099.0,430.0,103.6,0.0
496441,2134.0,430.0,103.6,0.0
496457,1855.0,429.0,103.6,0.0
496458,1833.0,429.0,103.6,0.0
496459,1818.0,429.0,103.6,0.0
496459,1810.0,429.0,103.6,0.0
496471,2001.0,429.0,103.6,0.0
496472,2042.0,429.0,103.6,0.0
496472,2056.0,429.0,103.6,0.0
496486,1985.0,429.0,103.6,0.0
496486,1958.0,429.0,103.6,0.0
496486,1955.0,429.0,103.6,0.0
496487,1975.0,429.0,103.6,0.0
496505,3156.0,429.0,103.6,0.0
496505,3021.0,429.0,103.6,0.0
496505,3025.0,429.0,103.6,0.0
496506,3004.0,429.0,103.6,0.0
496518,1411.0,429.0,103.6,0.0
496519,1410.0,429.0,103.6,0.0
496519,1369.0,429.0,103.6,0.0
496531,2155.0,428.0,103.6,0.0
496532,2187.0,428.0,103.6,0.0
496532,2273.0,428.0,103.6,0.0
496532,2271.0,428.0,103.6,0.0
496549,1863.0,429.0,103.6,0.0
496549,1819.0,429.0,103.6,0.0
496550,1868.0,429.0,103.6,0.0
496550,1929.0,429.0,103.6,0.0
496562,2159.0,429.0,103.6,0.0
496563,2081.0,429.0,103.6,0.0
496563,2031.0,429.0,103.6,0.0
496580,1990.0,429.0,103.6,0.0
496580,2062.0,429.0,103.6,0.0
496580,2053.0,429.0,103.6,0.0
496580,1989.0,429.0,103.6,0.0
496593,1887.0,429.0,103.6,0.0
496594,1962.0,429.0,103.6,0.0
496594,2029.0,429.0,103.6,0.0
496607,2005.0,428.0,103.6,0.0
496608,1859.0,428.0,103.6,0.0
496608,1914.0,428.0,103.6,0.0
496608,1842.0,428.0,103.6,0.0
496626,2030.0,428.0,103.6,0.0
496627,2023.0,428.0,103.6,0.0
496627,1980.0,428.0,103.6,0.0
496627,1963.0,428.0,103.6,0.0
496640,2132.0,428.0,103.6,0.0
496640,2144.0,428.0,103.6,0.0
496640,2156.0,428.0,103.6,0.0
496654,1971.0,428.0,103.6,0.0
496654,1983.0,428.0,103.6,0.0
496655,2026.0,428.0,103.6,0.0
496655,2059.0,428.0,103.6,0.0
496671,1933.0,428.0,103.6,0.0
496671,1912.0,428.0,103.6,0.0
496671,1870.0,428.0,103.6,0.0
496671,1881.0,428.0,103.6,0.0
496685,2053.0,428.0,103.6,0.0
496685,2022.0,428.0,103.6,0.0
496686,2012.0,428.0,103.6,0.0
496701,2084.0,428.0,103.6,0.0
496702,2081.0,428.0,103.6,0.0
496702,2102.0,428.0,103.6,0.0
496702,2108.0,428.0,103.6,0.0
496716,2039.0,427.0,103.6,0.0
496716,2030.0,427.0,103.6,0.0
496716,2059.0,427.0,103.6,0.0
496729,1966.0,427.0,103.6,0.0
496729,1974.0,427.0,103.6,0.0
496729,1958.0,427.0,103.6,0.0
496730,1936.0,427.0,103.6,0.0
496747,1959.0,427.0,103.6,0.0
496748,1975.0,427.0,103.6,0.0
496748,1979.0,427.0,103.6,0.0
496748,1961.0,427.0,103.6,0.0
496761,2093.0,427.0,103.6,0.0
496761,2073.0,427.0,103.6,0.0
496761,2102.0,427.0,103.6,0.0
496775,2014.0,428.0,103.6,0.0
496775,2008.0,428.0,103.6,0.0
496776,2000.0,428.0,103.6,0.0
496776,1991.0,428.0,103.6,0.0
496792,1948.0,428.0,103.6,0.0
496792,1956.0,428.0,103.6,0.0
496793,1961.0,428.0,103.6,0.0
496793,1986.0,428.0,103.6,0.0
496807,1972.0,428.0,103.6,0.0
496807,1983.0,428.0,103.6,0.0
496807,1988.0,428.0,103.6,0.0
496824,1997.0,428.0,103.6,0.0
496824,1976.0,428.0,103.6,0.0
496825,1977.0,428.0,103.6,0.0
496825,2020.0,428.0,103.6,0.0
496837,2210.0,428.0,103.6,0.0
496838,2196.0,428.0,103.6,0.0
496838,2179.0,428.0,103.6,0.0
496851,1888.0,428.0,103.6,0.0
496851,1904.0,428.0,103.6,0.0
496851,1903.0,428.0,103.6,0.0
496851,1872.0,428.0,103.6,0.0
496869,1953.0,428.0,103.6,0.0
496869,1940.0,428.0,103.6,0.0
496870,1965.0,428.0,103.6,0.0
496870,1965.0,428.0,103.6,0.0
496883,2011.0,428.0,103.6,0.0
496884,1993.0,428.0,103.6,0.0
496884,2013.0,428.0,103.6,0.0
496897,2281.0,428.0,103.6,0.0
496897,2290.0,428.0,103.6,0.0
496897,2283.0,428.0,103.6,0.0
496897,2279.0,428.0,103.6,0.0
496914,1934.0,428.0,103.6,0.0
496915,1980.0,428.0,103.6,0.0
496915,2018.0,428.0,103.6,0.0
496915,2005.0,428.0,103.6,0.0
496928,1960.0,428.0,103.6,0.0
496929,1974.0,428.0,103.6,0.0
496929,1979.0,428.0,103.6,0.0
496942,2152.0,428.0,103.6,0.0
496942,2099.0,428.0,103.6,0.0
496943,2088.0,428.0,103.6,0.0
496943,2126.0,428.0,103.6,0.0
496960,2660.0,428.0,103.6,0.0
496960,2630.0,428.0,103.6,0.0
496960,2609.0,428.0,103.6,0.0
496961,2629.0,428.0,103.6,0.0
496974,1782.0,428.0,103.6,0.0
496974,1809.0,428.0,103.6,0.0
496975,1780.0,428.0,103.6,0.0
496991,1939.0,428.0,103.6,0.0
496991,1959.0,428.0,103.6,0.0
496991,2001.0,428.0,103.6,0.0
496991,2003.0,428.0,103.6,0.0
497005,2006.0,428.0,103.6,0.0
497005,1958.0,428.0,103.6,0.0
497006,1988.0,428.0,103.6,0.0
497018,2259.0,429.0,103.6,0.0
497019,2279.0,429.0,103.6,0.0
497019,2227.0,429.0,103.6,0.0
497019,2193.0,429.0,103.6,0.0
497036,2005.0,429.0,103.6,0.0
497036,2070.0,429.0,103.6,0.0
497037,2069.0,429.0,103.6,0.0
497037,2047.0,429.0,103.6,0.0
497049,1923.0,429.0,103.6,0.0
497050,1942.0,429.0,103.6,0.0
497050,1976.0,429.0,103.6,0.0
497067,2030.0,429.0,103.6,0.0
497067,1972.0,429.0,103.6,0.0
497067,1949.0,429.0,103.6,0.0
497068,1988.0,429.0,103.6,0.0
497080,2020.0,429.0,103.6,0.0
497081,2008.0,429.0,103.6,0.0
497081,1970.0,429.0,103.6,0.0
497094,1896.0,429.0,103.6,0.0
497095,1920.0,429.0,103.6,0.0
497095,1950.0,429.0,103.6,0.0
497095,1942.0,429.0,103.6,0.0
497113,1964.0,429.0,103.6,0.0
497114,1980.0,429.0,103.6,0.0
497114,2011.0,429.0,103.6,0.0
497114,2043.0,429.0,103.6,0.0
497127,1980.0,430.0,103.6,0.0
497127,1945.0,430.0,103.6,0.0
497127,1933.0,430.0,103.6,0.0
497140,1985.0,430.0,103.6,0.0
497140,2008.0,430.0,103.6,0.0
497141,2018.0,430.0,103.6,0.0
497141,1970.0,430.0,103.6,0.0
497158,2053.0,430.0,103.6,0.0
497158,2074.0,430.0,103.6,0.0
497158,2090.0,430.0,103.6,0.0
497158,2086.0,430.0,103.6,0.0
497171,1921.0,430.0,103.6,0.0
497171,1906.0,430.0,103.6,0.0
497172,1921.0,430.0,103.6,0.0
497185,2017.0,430.0,103.6,0.0
497186,2014.0,430.0,103.6,0.0
497186,1997.0,430.0,103.6,0.0
497186,1989.0,430.0,103.6,0.0
497203,2004.0,430.0,103.6,0.0
497203,2013.0,430.0,103.6,0.0
497203,2004.0,430.0,103.6,0.0
497204,1997.0,430.0,103.6,0.0
497216,2073.0,430.0,103.6,0.0
497216,2114.0,430.0,103.6,0.0
497217,2123.0,430.0,103.6,0.0
497234,1961.0,430.0,103.6,0.0
497234,1975.0,430.0,103.6,0.0
497235,1965.0,430.0,103.6,0.0
497235,1979.0,430.0,103.6,0.0
497248,2013.0,430.0,103.6,0.0
497248,2003.0,430.0,103.6,0.0
497249,1977.0,430.0,103.6,0.0
497263,2039.0,430.0,103.6,0.0
497263,2036.0,430.0,103.6,0.0
497263,2042.0,430.0,103.6,0.0
497264,2050.0,430.0,103.6,0.0
497279,2076.0,430.0,103.6,0.0
497280,2062.0,430.0,103.6,0.0
497280,2061.0,430.0,103.6,0.0
497280,2088.0,430.0,103.6,0.0
497293,1946.0,429.0,103.6,0.0
497294,1966.0,429.0,103.6,0.0
497294,1952.0,429.0,103.6,0.0
497307,1983.0,429.0,103.6,0.0
497307,1995.0,429.0,103.6,0.0
497307,2002.0,429.0,103.6,0.0
497307,2002.0,429.0,103.6,0.0
497324,2076.0,430.0,103.6,0.0
497324,2051.0,430.0,103.6,0.0
497325,2069.0,430.0,103.6,0.0
497325,2077.0,430.0,103.6,0.0
497337,2235.0,430.0,103.6,0.0
497338,2219.0,430.0,103.6,0.0
497338,2218.0,430.0,103.6,0.0
497355,2030.0,430.0,103.6,0.0
497355,2069.0,430.0,103.6,0.0
497356,2062.0,430.0,103.6,0.0
497356,2048.0,430.0,103.6,0.0
497368,1960.0,430.0,103.6,0.0
497369,1963.0,430.0,103.6,0.0
497369,1970.0,430.0,103.6,0.0
497382,2050.0,431.0,103.6,0.0
497383,2026.0,431.0,103.6,0.0
497383,2029.0,431.0,103.6,0.0
497383,2061.0,431.0,103.6,0.0
497399,2173.0,431.0,103.6,0.0
497399,2150.0,431.0,103.6,0.0
497400,2129.0,431.0,103.6,0.0
497400,2139.0,431.0,103.6,0.0
497413,1976.0,431.0,103.6,0.0
497414,2016.0,431.0,103.6,0.0
497414,1987.0,431.0,103.6,0.0
497430,1905.0,431.0,103.6,0.0
497430,1904.0,431.0,103.6,0.0
497430,1929.0,431.0,103.6,0.0
497431,1923.0,431.0,103.6,0.0
497444,2067.0,431.0,103.6,0.0
497445,2041.0,431.0,103.6,0.0
497445,2060.0,431.0,103.6,0.0
497457,2136.0,431.0,103.6,0.0
497458,2138.0,431.0,103.6,0.0
497458,2111.0,431.0,103.6,0.0
497458,2099.0,431.0,103.6,0.0
497476,1982.0,431.0,103.6,0.0
497476,2025.0,431.0,103.6,0.0
497476,1993.0,431.0,103.6,0.0
497477,1997.0,431.0,103.6,0.0
497489,1929.0,431.0,103.6,0.0
497490,1959.0,431.0,103.6,0.0
497490,1979.0,431.0,103.6,0.0
497503,2069.0,431.0,103.6,0.0
497504,2040.0,431.0,103.6,0.0
497504,2033.0,431.0,103.6,0.0
497504,2046.0,431.0,103.6,0.0
497520,2185.0,431.0,103.6,0.0
497520,2187.0,431.0,103.6,0.0
497520,2161.0,431.0,103.6,0.0
497521,2152.0,431.0,103.6,0.0
497534,1891.0,432.0,103.6,0.0
497534,1893.0,432.0,103.6,0.0
497535,1883.0,432.0,103.6,0.0
497551,1972.0,432.0,103.6,0.0
497552,1980.0,432.0,103.6,0.0
497552,2013.0,432.0,103.6,0.0
497552,2026.0,432.0,103.6,0.0
497565,2046.0,432.0,103.6,0.0
497565,1989.0,432.0,103.6,0.0
497565,1990.0,432.0,103.6,0.0
497578,2144.0,432.0,103.6,0.0
497578,2163.0,432.0,103.6,0.0
497579,2164.0,432.0,103.6,0.0
497579,2133.0,432.0,103.6,0.0
497596,1715.0,432.0,103.6,0.0
497597,1737.0,432.0,103.6,0.0
497597,1742.0,432.0,103.6,0.0
497597,1719.0,432.0,103.6,0.0
497611,2026.0,432.0,103.6,0.0
497611,2032.0,432.0,103.6,0.0
497612,2057.0,432.0,103.6,0.0
497624,2085.0,432.0,103.6,0.0
497625,2052.0,432.0,103.6,0.0
497625,2016.0,432.0,103.6,0.0
497625,2013.0,432.0,103.6,0.0
497642,2166.0,433.0,103.6,0.0
497643,2156.0,433.0,103.6,0.0
497643,2139.0,433.0,103.6,0.0
497643,2115.0,433.0,103.6,0.0
497656,2002.0,433.0,103.6,0.0
497656,2057.0,433.0,103.6,0.0
497656,2070.0,433.0,103.6,0.0
497669,1958.0,433.0,103.6,0.0
497669,1944.0,433.0,103.6,0.0
497669,1933.0,433.0,103.6,0.0
497670,1966.0,433.0,103.6,0.0
497686,2056.0,434.0,103.6,0.0
497687,2007.0,434.0,103.6,0.0
497687,1989.0,434.0,103.6,0.0
497687,1987.0,434.0,103.6,0.0
497700,1974.0,434.0,103.6,0.0
497701,1978.0,434.0,103.6,0.0
497701,1958.0,434.0,103.6,0.0
497717,2136.0,434.0,103.6,0.0
497717,2147.0,434.0,103.6,0.0
497718,2166.0,434.0,103.6,0.0
497718,2181.0,434.0,103.6,0.0
497731,1904.0,435.0,103.6,0.0
497732,1903.0,435.0,103.6,0.0
497732,1905.0,435.0,103.6,0.0
497744,2030.0,435.0,103.6,0.0
497745,2031.0,435.0,103.6,0.0
497745,2031.0,435.0,103.6,0.0
497745,2022.0,435.0,103.6,0.0
497762,2176.0,436.0,103.6,0.0
497763,2168.0,436.0,103.6,0.0
497763,2195.0,436.0,103.6,0.0
497763,2167.0,436.0,103.6,0.0
497775,2080.0,436.0,103.6,0.0
497776,2116.0,436.0,103.6,0.0
497776,2136.0,436.0,103.6,0.0
497789,1965.0,436.0,103.6,0.0
497789,1960.0,436.0,103.6,0.0
497789,1951.0,436.0,103.6,0.0
497806,2041.0,437.0,103.6,0.0
497806,2017.0,437.0,103.6,0.0
497806,2029.0,437.0,103.6,0.0
497807,2043.0,437.0,103.6,0.0
497820,2208.0,437.0,103.6,0.0
497821,2192.0,437.0,103.6,0.0
497821,2193.0,437.0,103.6,0.0
497837,2028.0,437.0,103.6,0.0
497837,2051.0,437.0,103.6,0.0
497837,2030.0,437.0,103.6,0.0
497837,2017.0,437.0,103.6,0.0
497851,1935.0,438.0,103.6,0.0
497851,1956.0,438.0,103.6,0.0
497852,1950.0,438.0,103.6,0.0
497864,2021.0,438.0,103.6,0.0
497865,2002.0,438.0,103.6,0.0
497865,2011.0,438.0,103.6,0.0
497865,2038.0,438.0,103.6,0.0
497882,2145.0,439.0,103.6,0.0
497882,2100.0,439.0,103.6,0.0
497882,2092.0,439.0,103.6,0.0
497883,2098.0,439.0,103.6,0.0
497895,2039.0,439.0,103.6,0.0
497896,2075.0,439.0,103.6,0.0
497896,2036.0,439.0,103.6,0.0
497912,1867.0,439.0,103.6,0.0
497913,1865.0,439.0,103.6,0.0
497913,1899.0,439.0,103.6,0.0
497913,1915.0,439.0,103.6,0.0
497926,2038.0,439.0,103.6,0.0
497926,2021.0,439.0,103.6,0.0
497926,2051.0,439.0,103.6,0.0
497940,2124.0,440.0,103.6,0.0
497940,2122.0,440.0,103.6,0.0
497940,2097.0,440.0,103.6,0.0
497941,2089.0,440.0,103.6,0.0
497957,2138.0,440.0,103.6,0.0
497958,2163.0,440.0,103.6,0.0
497958,2163.0,440.0,103.6,0.0
497958,2141.0,440.0,103.6,0.0
497972,1891.0,440.0,103.6,0.0
497972,1879.0,440.0,103.6,0.0
497972,1907.0,440.0,103.6,0.0
497985,2055.0,440.0,103.6,0.0
497985,2028.0,440.0,103.6,0.0
497986,2031.0,440.0,103.6,0.0
497986,2037.0,440.0,103.6,0.0
498003,2078.0,440.0,103.6,0.0
498003,2058.0,440.0,103.6,0.0
498003,2051.0,440.0,103.6,0.0
498004,2051.0,440.0,103.6,0.0
498016,2222.0,440.0,103.6,0.0
498017,2253.0,440.0,103.6,0.0
498017,2247.0,440.0,103.6,0.0
498034,1887.0,441.0,103.6,0.0
498035,1943.0,441.0,103.6,0.0
498035,1980.0,441.0,103.6,0.0
498035,1977.0,441.0,103.6,0.0
498048,2005.0,441.0,103.6,0.0
498048,2022.0,441.0,103.6,0.0
498048,1989.0,441.0,103.6,0.0
498062,2114.0,440.0,103.6,0.0
498062,2097.0,440.0,103.6,0.0
498063,2083.0,440.0,103.6,0.0
498063,2093.0,440.0,103.6,0.0
498081,2324.0,440.0,103.6,0.0
498081,2325.0,440.0,103.6,0.0
498082,2297.0,440.0,103.6,0.0
498082,2291.0,440.0,103.6,0.0
498094,2115.0,440.0,103.6,0.0
498095,2200.0,440.0,103.6,0.0
498095,2233.0,440.0,103.6,0.0
498109,1890.0,440.0,103.6,0.0
498109,1877.0,440.0,103.6,0.0
498110,1832.0,440.0,103.6,0.0
498110,1817.0,440.0,103.6,0.0
498126,2117.0,440.0,103.6,0.0
498126,2063.0,440.0,103.6,0.0
498127,2065.0,440.0,103.6,0.0
498127,2058.0,440.0,103.6,0.0
498140,2234.0,441.0,103.6,0.0
498141,2244.0,441.0,103.6,0.0
498141,2220.0,441.0,103.6,0.0
498158,2246.0,441.0,103.6,0.0
498158,2280.0,441.0,103.6,0.0
498159,2242.0,441.0,103.6,0.0
498159,2210.0,441.0,103.6,0.0
498173,1930.0,440.0,103.6,0.0
498173,2029.0,440.0,103.6,0.0
498174,2098.0,440.0,103.6,0.0
498191,1723.0,440.0,103.6,0.0
498191,1761.0,440.0,103.6,0.0
498192,1745.0,440.0,103.6,0.0
498204,2158.0,440.0,103.6,0.0
498205,2120.0,440.0,103.6,0.0
498205,2088.0,440.0,103.6,0.0
498219,2355.0,440.0,103.6,0.0
498219,2357.0,440.0,103.6,0.0
498219,2367.0,440.0,103.6,0.0
498235,2288.0,440.0,103.6,0.0
498236,2345.0,440.0,103.6,0.0
498236,2355.0,440.0,103.6,0.0
498250,1804.0,440.0,103.6,0.0
498250,1802.0,440.0,103.6,0.0
498250,1780.0,440.0,103.6,0.0
498267,2053.0,440.0,103.6,0.0
498267,2003.0,440.0,103.6,0.0
498267,1998.0,440.0,103.6,0.0
498281,2377.0,440.0,103.6,0.0
498282,2326.0,440.0,103.6,0.0
498282,2296.0,440.0,103.6,0.0
498295,2003.0,440.0,103.6,0.0
498295,2101.0,440.0,103.6,0.0
498295,2137.0,440.0,103.6,0.0
498312,1766.0,440.0,103.6,0.0
498313,1837.0,440.0,103.6,0.0
498313,1858.0,440.0,103.6,0.0
498326,2010.0,440.0,103.6,0.0
498326,1996.0,440.0,103.6,0.0
498326,1996.0,440.0,103.6,0.0
498340,2568.0,439.0,103.6,0.0
498340,2550.0,439.0,103.6,0.0
498341,2570.0,439.0,103.6,0.0
498357,1933.0,439.0,103.6,0.0
498357,1958.0,439.0,103.6,0.0
498357,1925.0,439.0,103.6,0.0
498371,1916.0,438.0,103.6,0.0
498371,1929.0,438.0,103.6,0.0
498372,1970.0,438.0,103.6,0.0
498389,1923.0,438.0,103.6,0.0
498389,1878.0,438.0,103.6,0.0
498389,1844.0,438.0,103.6,0.0
498402,2065.0,438.0,103.6,0.0
498403,2082.0,438.0,103.6,0.0
498403,2081.0,438.0,103.6,0.0
498415,1934.0,438.0,103.6,0.0
498416,1937.0,438.0,103.6,0.0
498416,1973.0,438.0,103.6,0.0
498433,1902.0,437.0,103.6,0.0
498434,1966.0,437.0,103.6,0.0
498434,1954.0,437.0,103.6,0.0
498446,1959.0,437.0,103.6,0.0
498447,1953.0,437.0,103.6,0.0
498447,1974.0,437.0,103.6,0.0
498461,2077.0,437.0,103.6,0.0
498461,2050.0,437.0,103.6,0.0
498461,2029.0,437.0,103.6,0.0
498479,2005.0,437.0,103.6,0.0
498479,2046.0,437.0,103.6,0.0
498479,2029.0,437.0,103.6,0.0
498492,1894.0,437.0,103.6,0.0
498492,1863.0,437.0,103.6,0.0
498493,1876.0,437.0,103.6,0.0
498510,1850.0,437.0,103.6,0.0
498510,1864.0,437.0,103.6,0.0
498510,1841.0,437.0,103.6,0.0
498523,2000.0,437.0,103.6,0.0
498524,2009.0,437.0,103.6,0.0
498524,2037.0,437.0,103.6,0.0
498538,2385.0,436.0,111.5,0.0
498538,2375.0,436.0,111.5,0.0
498538,2371.0,436.0,111.5,0.0
498554,1815.0,436.0,111.5,0.0
498555,1863.0,436.0,111.5,0.0
498555,1848.0,436.0,111.5,0.0
498568,1908.0,437.0,111.5,0.0
498569,1919.0,437.0,111.5,0.0
498569,1960.0,437.0,111.5,0.0
498582,2051.0,437.0,111.5,0.0
498582,2022.0,437.0,111.5,0.0
498582,1981.0,437.0,111.5,0.0
498599,2075.0,437.0,111.5,0.0
498600,2108.0,437.0,111.5,0.0
498600,2141.0,437.0,111.5,0.0
498612,1897.0,437.0,111.5,0.0
498613,1843.0,437.0,111.5,0.0
498613,1833.0,437.0,111.5,0.0
498630,1917.0,437.0,111.5,0.0
498630,2058.0,437.0,111.5,0.0
498631,1938.0,437.0,111.5,0.0
498643,2301.0,437.0,111.5,0.0
498644,2239.0,437.0,111.5,0.0
498644,2252.0,437.0,111.5,0.0
498657,2045.0,436.0,111.5,0.0
498658,2051.0,436.0,111.5,0.0
498658,2025.0,436.0,111.5,0.0
498674,1978.0,436.0,111.5,0.0
498674,2040.0,436.0,111.5,0.0
498675,2100.0,436.0,111.5,0.0
498688,1962.0,437.0,111.5,0.0
498688,1905.0,437.0,111.5,0.0
498689,1885.0,437.0,111.5,0.0
498689,1892.0,437.0,111.5,0.0
498701,2267.0,437.0,111.5,0.0
498702,2249.0,437.0,111.5,0.0
498702,2208.0,437.0,111.5,0.0
498719,2186.0,437.0,111.5,0.0
498720,2200.0,437.0,111.5,0.0
498720,2202.0,437.0,111.5,0.0
498720,2213.0,437.0,111.5,0.0
498733,1890.0,437.0,111.5,0.0
498733,1906.0,437.0,111.5,0.0
498733,1931.0,437.0,111.5,0.0
498750,1888.0,437.0,111.5,0.0
498751,1871.0,437.0,111.5,0.0
498751,1858.0,437.0,111.5,0.0
498751,1859.0,437.0,111.5,0.0
498764,2098.0,437.0,111.5,0.0
498764,2091.0,437.0,111.5,0.0
498764,2088.0,437.0,111.5,0.0
498778,2327.0,436.0,111.5,0.0
498778,2321.0,436.0,111.5,0.0
498779,2334.0,436.0,111.5,0.0
498779,2382.0,436.0,111.5,0.0
498794,2042.0,436.0,111.5,0.0
498795,2096.0,436.0,111.5,0.0
498795,2111.0,436.0,111.5,0.0
498795,2097.0,436.0,111.5,0.0
498809,1927.0,436.0,111.5,0.0
498809,1921.0,436.0,111.5,0.0
498809,1907.0,436.0,111.5,0.0
498826,2019.0,436.0,111.5,0.0
498827,1995.0,436.0,111.5,0.0
498827,2021.0,436.0,111.5,0.0
498827,2035.0,436.0,111.5,0.0
498840,2165.0,436.0,111.5,0.0
498840,2135.0,436.0,111.5,0.0
498840,2130.0,436.0,111.5,0.0
498853,1878.0,436.0,111.5,0.0
498853,1965.0,436.0,111.5,0.0
498853,1938.0,436.0,111.5,0.0
498854,1945.0,436.0,111.5,0.0
498872,1845.0,436.0,111.5,0.0
498872,1905.0,436.0,111.5,0.0
498872,1918.0,436.0,111.5,0.0
498872,1897.0,436.0,111.5,0.0
498886,1986.0,435.0,111.5,0.0
498886,1981.0,435.0,111.5,0.0
498887,2002.0,435.0,111.5,0.0
498899,2159.0,435.0,111.5,0.0
498900,2125.0,435.0,111.5,0.0
498900,2096.0,435.0,111.5,0.0
498900,2109.0,435.0,111.5,0.0
498917,1974.0,435.0,111.5,0.0
498917,2005.0,435.0,111.5,0.0
498918,1975.0,435.0,111.5,0.0
498918,1954.0,435.0,111.5,0.0
498930,1934.0,435.0,111.5,0.0
498931,1974.0,435.0,111.5,0.0
498931,1973.0,435.0,111.5,0.0
498948,1932.0,435.0,111.5,0.0
498948,1886.0,435.0,111.5,0.0
498948,1887.0,435.0,111.5,0.0
498949,1909.0,435.0,111.5,0.0
498961,2413.0,434.0,114.9,0.0
498962,2375.0,434.0,114.9,0.0
498962,2357.0,434.0,114.9,0.0
498974,2003.0,434.0,114.9,0.0
498975,2094.0,434.0,114.9,0.0
498975,2081.0,434.0,114.9,0.0
498975,2068.0,434.0,114.9,0.0
498993,1797.0,434.0,114.9,0.0
498993,1878.0,434.0,114.9,0.0
498994,1762.0,434.0,114.9,0.0
498994,1925.0,434.0,114.9,0.0
499007,1964.0,433.0,114.9,0.0
499008,1956.0,433.0,114.9,0.0
499008,2000.0,433.0,114.9,0.0
499021,2213.0,433.0,114.9,0.0
499021,2162.0,433.0,114.9,0.0
499021,2139.0,433.0,114.9,0.0
499021,2164.0,433.0,114.9,0.0
499038,2077.0,433.0,114.9,0.0
499039,2106.0,433.0,114.9,0.0
499039,2070.0,433.0,114.9,0.0
499039,2043.0,433.0,114.9,0.0
499052,1900.0,432.0,114.9,0.0
499052,1937.0,432.0,114.9,0.0
499052,1932.0,432.0,114.9,0.0
499066,2015.0,432.0,114.9,0.0
499066,1975.0,432.0,114.9,0.0
499066,1986.0,432.0,114.9,0.0
499067,2024.0,432.0,114.9,0.0
499082,1941.0,432.0,114.9,0.0
499083,1911.0,432.0,114.9,0.0
499083,1886.0,432.0,114.9,0.0
499083,1915.0,432.0,114.9,0.0
499097,2608.0,432.0,114.9,0.0
499097,2577.0,432.0,114.9,0.0
499097,2626.0,432.0,114.9,0.0
499113,1682.0,432.0,114.9,0.0
499114,1744.0,432.0,114.9,0.0
499114,1602.0,432.0,114.9,0.0
499114,1715.0,432.0,114.9,0.0
499128,2031.0,431.0,114.9,0.0
499128,2047.0,431.0,114.9,0.0
499128,2080.0,431.0,114.9,0.0
499141,2039.0,431.0,114.9,0.0
499141,2005.0,431.0,114.9,0.0
499141,1981.0,431.0,114.9,0.0
499142,2000.0,431.0,114.9,0.0
499159,2259.0,430.0,114.9,0.0
499159,2246.0,430.0,114.9,0.0
499160,2213.0,430.0,114.9,0.0
499160,2198.0,430.0,114.9,0.0
499173,1896.0,430.0,114.9,0.0
499173,1909.0,430.0,114.9,0.0
499173,1900.0,430.0,114.9,0.0
499187,1978.0,430.0,114.9,0.0
499187,1961.0,430.0,114.9,0.0
499187,1990.0,430.0,114.9,0.0
499188,2006.0,430.0,114.9,0.0
499203,2097.0,429.0,114.9,0.0
499204,2053.0,429.0,114.9,0.0
499204,2020.0,429.0,114.9,0.0
499204,2065.0,429.0,114.9,0.0
499218,2220.0,429.0,114.9,0.0
499218,2210.0,429.0,114.9,0.0
499218,2188.0,429.0,114.9,0.0
499235,1873.0,429.0,114.9,0.0
499236,1904.0,429.0,114.9,0.0
499236,1913.0,429.0,114.9,0.0
499236,1891.0,429.0,114.9,0.0
499249,1971.0,428.0,114.9,0.0
499249,2008.0,428.0,114.9,0.0
499249,2007.0,428.0,114.9,0.0
499262,2216.0,428.0,114.9,0.0
499262,2162.0,428.0,114.9,0.0
499262,2135.0,428.0,114.9,0.0
499279,1984.0,429.0,114.9,0.0
499280,2016.0,429.0,114.9,0.0
499280,2012.0,429.0,114.9,0.0
499280,1985.0,429.0,114.9,0.0
499292,1776.0,428.0,114.9,0.0
499293,1978.0,428.0,114.9,0.0
499293,2006.0,428.0,114.9,0.0
499307,1996.0,428.0,114.9,0.0
499307,1969.0,428.0,114.9,0.0
499307,1947.0,428.0,114.9,0.0
499308,1960.0,428.0,114.9,0.0
499324,2102.0,428.0,114.9,0.0
499325,2087.0,428.0,114.9,0.0
499325,2055.0,428.0,114.9,0.0
499326,2021.0,428.0,114.9,0.0
499338,2004.0,428.0,114.9,0.0
499339,2023.0,428.0,114.9,0.0
499339,2013.0,428.0,114.9,0.0
499356,2175.0,427.0,114.9,0.0
499356,2193.0,427.0,114.9,0.0
499357,2221.0,427.0,114.9,0.0
499357,2242.0,427.0,136.5,0.0
499369,1913.0,427.0,136.5,0.0
499370,1894.0,427.0,136.5,0.0
499370,1885.0,427.0,136.5,0.0
499382,2128.0,427.0,136.5,0.0
499383,2116.0,427.0,136.5,0.0
499383,2136.0,427.0,136.5,0.0
499400,2118.0,427.0,136.5,0.0
499400,2106.0,427.0,136.5,0.0
499400,2105.0,427.0,136.5,0.0
499401,2102.0,427.0,136.5,0.0
499413,1951.0,427.0,136.5,0.0
499414,1928.0,427.0,136.5,0.0
499414,1813.0,427.0,136.5,0.0
499430,1947.0,427.0,136.5,0.0
499431,1953.0,427.0,136.5,0.0
499431,1963.0,427.0,136.5,0.0
499431,1971.0,427.0,136.5,0.0
499445,2037.0,426.0,136.5,0.0
499445,2013.0,426.0,136.5,0.0
499445,2009.0,426.0,136.5,0.0
499458,2226.0,426.0,136.5,0.0
499458,2238.0,426.0,136.5,0.0
499459,2237.0,426.0,136.5,0.0
499459,2231.0,426.0,136.5,0.0
499477,2054.0,426.0,136.5,0.0
499477,2080.0,426.0,136.5,0.0
499477,2083.0,426.0,136.5,0.0
499477,2068.0,426.0,136.5,0.0
499490,1936.0,426.0,136.5,0.0
499491,1937.0,426.0,136.5,0.0
499491,1930.0,426.0,136.5,0.0
499504,2051.0,426.0,136.5,0.0
499505,2040.0,426.0,136.5,0.0
499505,2032.0,426.0,136.5,0.0
499505,2054.0,426.0,136.5,0.0
499521,2335.0,426.0,136.5,0.0
499521,2294.0,426.0,136.5,0.0
499521,2284.0,426.0,136.5,0.0
499522,2298.0,426.0,136.5,0.0
499535,1810.0,427.0,136.5,0.0
499535,1815.0,427.0,136.5,0.0
499536,1793.0,427.0,136.5,0.0
499551,1980.0,427.0,136.5,0.0
499552,1996.0,427.0,136.5,0.0
499552,2030.0,427.0,136.5,0.0
499552,2034.0,427.0,136.5,0.0
499566,2047.0,426.0,136.5,0.0
499566,1985.0,426.0,136.5,0.0
499566,1989.0,426.0,136.5,0.0
499579,2187.0,426.0,136.5,0.0
499579,2214.0,426.0,136.5,0.0
499579,2179.0,426.0,136.5,0.0
499580,2188.0,426.0,136.5,0.0
499597,1849.0,426.0,136.5,0.0
499598,1871.0,426.0,136.5,0.0
499598,1845.0,426.0,136.5,0.0
499598,1836.0,426.0,136.5,0.0
499611,1991.0,426.0,136.5,0.0
499611,2008.0,426.0,136.5,0.0
499611,2017.0,426.0,136.5,0.0
499625,2020.0,427.0,136.5,0.0
499625,1997.0,427.0,136.5,0.0
499625,1978.0,427.0,136.5,0.0
499626,1981.0,427.0,136.5,0.0
499642,3331.0,427.0,136.5,0.0
499643,3184.0,427.0,136.5,0.0
499643,3138.0,427.0,136.5,0.0
499643,3110.0,427.0,136.5,0.0
499656,1464.0,426.0,136.5,0.0
499657,1530.0,426.0,136.5,0.0
499657,1493.0,426.0,136.5,0.0
499674,2054.0,427.0,136.5,0.0
499674,2108.0,427.0,136.5,0.0
499675,2200.0,427.0,136.5,0.0
499675,2215.0,427.0,136.5,0.0
499687,1917.0,427.0,136.5,0.0
499688,1857.0,427.0,136.5,0.0
499688,1872.0,427.0,136.5,0.0
499701,2139.0,427.0,136.5,0.0
499701,2163.0,427.0,136.5,0.0
499701,2108.0,427.0,136.5,0.0
499701,2093.0,427.0,136.5,0.0
499719,2082.0,427.0,136.5,0.0
499720,2118.0,427.0,136.5,0.0
499720,2128.0,427.0,136.5,0.0
499720,2071.0,427.0,136.5,0.0
499733,1890.0,427.0,136.5,0.0
499734,1932.0,427.0,136.5,0.0
499734,1970.0,427.0,136.5,0.0
499747,2025.0,427.0,136.5,0.0
499747,1979.0,427.0,136.5,0.0
499747,1956.0,427.0,136.5,0.0
499747,1970.0,427.0,136.5,0.0
499764,2046.0,427.0,136.5,0.0
499765,2039.0,427.0,136.5,0.0
499765,1999.0,427.0,136.5,0.0
499765,1968.0,427.0,136.5,0.0
499778,2107.0,427.0,136.5,0.0
499778,2143.0,427.0,136.5,0.0
499778,2142.0,427.0,136.5,0.0
499791,1918.0,427.0,136.5,0.0
499792,2011.0,427.0,136.5,0.0
499792,1900.0,427.0,136.5,0.0
499792,1926.0,427.0,136.5,0.0
499809,1958.0,427.0,136.5,0.0
499809,1930.0,427.0,136.5,0.0
499809,1899.0,427.0,136.5,0.0
499810,1918.0,427.0,136.5,0.0
499823,2162.0,428.0,136.5,0.0
499824,2149.0,428.0,136.5,0.0
499824,2142.0,428.0,136.5,0.0
499840,1895.0,428.0,136.5,0.0
499840,1896.0,428.0,136.5,0.0
499840,1908.0,428.0,136.5,0.0
499841,1905.0,428.0,136.5,0.0
499854,1970.0,428.0,136.5,0.0
499854,1955.0,428.0,136.5,0.0
499855,1967.0,428.0,136.5,0.0
499867,1981.0,428.0,136.5,0.0
499868,1970.0,428.0,136.5,0.0
499868,1960.0,428.0,136.5,0.0
499868,1961.0,428.0,136.5,0.0
499885,2079.0,429.0,136.5,0.0
499885,2065.0,429.0,136.5,0.0
499885,2066.0,429.0,136.5,0.0
499885,2039.0,429.0,136.5,0.0
499898,2071.0,429.0,136.5,0.0
499899,2102.0,429.0,136.5,0.0
499899,2082.0,429.0,136.5,0.0
499916,2245.0,429.0,136.5,0.0
499916,2261.0,429.0,136.5,0.0
499917,2270.0,429.0,136.5,0.0
499917,2277.0,429.0,136.5,0.0
499929,1913.0,429.0,136.5,0.0
499930,1888.0,429.0,136.5,0.0
499930,1877.0,429.0,136.5,0.0
499944,2075.0,429.0,136.5,0.0
499944,2081.0,429.0,136.5,0.0
499944,2100.0,429.0,136.5,0.0
499944,2092.0,429.0,136.5,0.0
499961,2104.0,430.0,136.5,0.0
499962,2082.0,430.0,136.5,0.0
499962,2109.0,430.0,136.5,0.0
499962,2118.0,430.0,136.5,0.0
499976,2213.0,430.0,136.5,0.0
499976,2243.0,430.0,136.5,0.0
499976,2231.0,430.0,136.5,0.0
499989,1920.0,430.0,136.5,0.0
499989,1919.0,430.0,136.5,0.0
499990,1911.0,430.0,136.5,0.0
499990,1872.0,430.0,136.5,0.0
500006,2019.0,430.0,136.5,0.0
500007,2030.0,430.0,136.5,0.0
500007,2031.0,430.0,136.5,0.0
500007,2044.0,430.0,136.5,0.0
500020,2313.0,430.0,136.5,0.0
500021,2279.0,430.0,136.5,0.0
500021,2300.0,430.0,136.5,0.0
500034,1965.0,430.0,136.5,0.0
500035,1996.0,430.0,136.5,0.0
500035,1973.0,430.0,136.5,0.0
500035,1957.0,430.0,136.5,0.0
500051,1938.0,430.0,136.5,0.0
500051,1959.0,430.0,136.5,0.0
500052,1949.0,430.0,136.5,0.0
500052,1913.0,430.0,136.5,0.0
500065,1980.0,430.0,136.5,0.0
500066,2002.0,430.0,136.5,0.0
500066,2044.0,430.0,136.5,0.0
500083,2198.0,430.0,136.5,0.0
500083,2124.0,430.0,136.5,0.0
500084,2120.0,430.0,136.5,0.0
500084,2117.0,430.0,136.5,0.0
500097,2205.0,430.0,136.5,0.0
500097,2231.0,430.0,136.5,0.0
500097,2188.0,430.0,136.5,0.0
500110,1890.0,431.0,136.5,0.0
500110,1907.0,431.0,136.5,0.0
500110,1925.0,431.0,136.5,0.0
500111,1835.0,431.0,136.5,0.0
500127,1982.0,431.0,136.5,0.0
500128,1978.0,431.0,136.5,0.0
500128,2006.0,431.0,136.5,0.0
500128,2029.0,431.0,136.5,0.0
500141,2215.0,431.0,136.5,0.0
500141,2162.0,431.0,136.5,0.0
500141,2139.0,431.0,136.5,0.0
500155,1877.0,431.0,136.5,0.0
500155,1895.0,431.0,136.5,0.0
500155,1852.0,431.0,136.5,0.0
500156,1815.0,431.0,136.5,0.0
500172,1972.0,431.0,136.5,0.0
500173,2013.0,431.0,136.5,0.0
500173,2047.0,431.0,136.5,0.0
500173,2045.0,431.0,136.5,0.0
500186,1970.0,431.0,136.5,0.0
500186,1956.0,431.0,136.5,0.0
500186,1988.0,431.0,136.5,0.0
500203,2214.0,431.0,136.5,0.0
500204,2167.0,431.0,136.5,0.0
500204,2123.0,431.0,136.5,0.0
500204,2115.0,431.0,136.5,0.0
500217,1965.0,431.0,136.5,0.0
500218,2009.0,431.0,136.5,0.0
500218,1995.0,431.0,136.5,0.0
500231,1930.0,431.0,136.5,0.0
500232,1937.0,431.0,136.5,0.0
500232,1961.0,431.0,136.5,0.0
500232,1989.0,431.0,136.5,0.0
500248,1980.0,431.0,136.5,0.0
500248,1951.0,431.0,136.5,0.0
500248,1938.0,431.0,136.5,0.0
500249,1959.0,431.0,136.5,0.0
500262,2045.0,431.0,136.5,0.0
500263,2025.0,431.0,136.5,0.0
500263,1997.0,431.0,136.5,0.0
500279,2132.0,431.0,136.5,0.0
500279,2153.0,431.0,136.5,0.0
500279,2162.0,431.0,136.5,0.0
500280,2146.0,431.0,136.5,0.0
500293,1926.0,431.0,136.5,0.0
500294,1970.0,431.0,136.5,0.0
500294,2004.0,431.0,136.5,0.0
500307,2034.0,432.0,136.5,0.0
500307,2013.0,432.0,136.5,0.0
500307,1997.0,432.0,136.5,0.0
500307,1981.0,432.0,136.5,0.0
500325,2056.0,432.0,136.5,0.0
500326,2052.0,432.0,136.5,0.0
500326,2033.0,432.0,136.5,0.0
500326,2018.0,432.0,136.5,0.0
500339,2169.0,432.0,136.5,0.0
500339,2180.0,432.0,136.5,0.0
500339,2195.0,432.0,136.5,0.0
500353,1882.0,431.0,136.5,0.0
500353,1905.0,431.0,136.5,0.0
500354,1931.0,431.0,136.5,0.0
500354,1940.0,431.0,136.5,0.0
500369,1967.0,432.0,136.5,0.0
500370,1944.0,432.0,136.5,0.0
500370,1934.0,432.0,136.5,0.0
500370,1917.0,432.0,136.5,0.0
500384,2050.0,432.0,136.5,0.0
500384,2054.0,432.0,136.5,0.0
500385,2064.0,432.0,136.5,0.0
500401,2196.0,432.0,136.5,0.0
500402,2168.0,432.0,136.5,0.0
500402,2169.0,432.0,136.5,0.0
500402,2175.0,432.0,136.5,0.0
500415,2055.0,432.0,136.5,0.0
500415,2087.0,432.0,136.5,0.0
500415,2081.0,432.0,136.5,0.0
500428,1975.0,432.0,136.5,0.0
500428,1929.0,432.0,136.5,0.0
500429,1973.0,432.0,136.5,0.0
500429,1955.0,432.0,136.5,0.0
500447,2030.0,432.0,136.5,0.0
500447,2001.0,432.0,136.5,0.0
500447,2022.0,432.0,136.5,0.0
500447,2028.0,432.0,136.5,0.0
500461,2129.0,432.0,136.5,0.0
500461,2107.0,432.0,136.5,0.0
500462,2115.0,432.0,136.5,0.0
500474,2146.0,433.0,136.5,0.0
500475,2221.0,433.0,136.5,0.0
500475,2234.0,433.0,136.5,0.0
500475,2235.0,433.0,136.5,0.0
500492,1786.0,433.0,136.5,0.0
500492,1796.0,433.0,136.5,0.0
500493,1797.0,433.0,136.5,0.0
500493,1762.0,433.0,136.5,0.0
500505,2027.0,433.0,136.5,0.0
500506,2037.0,433.0,136.5,0.0
500506,2080.0,433.0,136.5,0.0
500519,2074.0,434.0,136.5,0.0
500519,2048.0,434.0,136.5,0.0
500519,2026.0,434.0,136.5,0.0
500520,2049.0,434.0,136.5,0.0
500536,2178.0,434.0,136.5,0.0
500537,2186.0,434.0,136.5,0.0
500537,2168.0,434.0,136.5,0.0
500537,2166.0,434.0,136.5,0.0
500551,1911.0,435.0,136.5,0.0
500551,1983.0,435.0,136.5,0.0
500551,1916.0,435.0,136.5,0.0
500567,1997.0,435.0,136.5,0.0
500568,1978.0,435.0,136.5,0.0
500568,2000.0,435.0,136.5,0.0
500568,2022.0,435.0,136.5,0.0
500581,2213.0,436.0,136.5,0.0
500582,2178.0,436.0,136.5,0.0
500582,2163.0,436.0,136.5,0.0
500595,1966.0,436.0,136.5,0.0
500595,2025.0,436.0,136.5,0.0
500595,2015.0,436.0,136.5,0.0
500595,2001.0,436.0,136.5,0.0
500612,1899.0,437.0,136.5,0.0
500613,1940.0,437.0,136.5,0.0
500613,1962.0,437.0,136.5,0.0
500613,1948.0,437.0,136.5,0.0
500626,1987.0,437.0,136.5,0.0
500626,2015.0,437.0,136.5,0.0
500626,2010.0,437.0,136.5,0.0
500640,2290.0,437.0,136.5,0.0
500640,2259.0,437.0,136.5,0.0
500640,2225.0,437.0,136.5,0.0
500641,2253.0,437.0,136.5,0.0
500656,2043.0,438.0,136.5,0.0
500657,2089.0,438.0,136.5,0.0
500657,2061.0,438.0,136.5,0.0
500657,2028.0,438.0,136.5,0.0
500671,1934.0,438.0,136.5,0.0
500671,1965.0,438.0,136.5,0.0
500671,1966.0,438.0,136.5,0.0
500687,1991.0,438.0,136.5,0.0
500688,1960.0,438.0,136.5,0.0
500688,1978.0,438.0,136.5,0.0
500688,2009.0,438.0,136.5,0.0
500702,2166.0,438.0,136.5,0.0
500702,2142.0,438.0,136.5,0.0
500702,2108.0,438.0,136.5,0.0
500715,2043.0,439.0,136.5,0.0
500715,2108.0,439.0,136.5,0.0
500715,2114.0,439.0,136.5,0.0
500715,2107.0,439.0,136.5,0.0
500732,1874.0,439.0,136.5,0.0
500733,1888.0,439.0,136.5,0.0
500733,1923.0,439.0,136.5,0.0
500733,1925.0,439.0,136.5,0.0
500746,2042.0,439.0,136.5,0.0
500746,2016.0,439.0,136.5,0.0
500746,2033.0,439.0,136.5,0.0
500760,2212.0,439.0,136.5,0.0
500760,2190.0,439.0,136.5,0.0
500761,2160.0,439.0,136.5,0.0
500761,2149.0,439.0,136.5,0.0
500776,2076.0,439.0,136.5,0.0
500777,2092.0,439.0,136.5,0.0
500777,2077.0,439.0,136.5,0.0
500777,2056.0,439.0,136.5,0.0
500791,1925.0,440.0,136.5,0.0
500791,1945.0,440.0,136.5,0.0
500791,1957.0,440.0,136.5,0.0
500807,1995.0,440.0,136.5,0.0
500808,1967.0,440.0,136.5,0.0
500808,1975.0,440.0,136.5,0.0
500808,1993.0,440.0,136.5,0.0
500822,2155.0,441.0,136.5,0.0
500822,2135.0,441.0,136.5,0.0
500822,2108.0,441.0,136.5,0.0
500835,2069.0,441.0,136.5,0.0
500835,2150.0,441.0,136.5,0.0
500835,2165.0,441.0,136.5,0.0
500836,2153.0,441.0,136.5,0.0
500852,1842.0,441.0,136.5,0.0
500853,1886.0,441.0,136.5,0.0
500854,1926.0,441.0,136.5,0.0
500854,1944.0,441.0,136.5,0.0
500866,2044.0,441.0,136.5,0.0
500867,2014.0,441.0,136.5,0.0
500867,2028.0,441.0,136.5,0.0
500884,2076.0,441.0,136.5,0.0
500884,2048.0,441.0,136.5,0.0
500884,2041.0,441.0,136.5,0.0
500885,2044.0,441.0,136.5,0.0
500897,2098.0,441.0,136.5,0.0
500898,2128.0,441.0,136.5,0.0
500898,2106.0,441.0,136.5,0.0
500911,1923.0,441.0,136.5,0.0
500912,1920.0,441.0,136.5,0.0
500912,1929.0,441.0,136.5,0.0
500912,1939.0,441.0,136.5,0.0
500930,2024.0,441.0,136.5,0.0
500930,2029.0,441.0,136.5,0.0
500930,2039.0,441.0,136.5,0.0
500931,2046.0,441.0,136.5,0.0
500943,2067.0,441.0,136.5,0.0
500944,2050.0,441.0,136.5,0.0
500944,2039.0,441.0,136.5,0.0
500956,2078.0,441.0,136.5,0.0
500957,2102.0,441.0,136.5,0.0
500957,2112.0,441.0,136.5,0.0
500974,1926.0,440.0,136.5,0.0
500974,1891.0,440.0,136.5,0.0
500974,1886.0,440.0,136.5,0.0
500974,1883.0,440.0,136.5,0.0
500987,2005.0,440.0,136.5,0.0
500987,1996.0,440.0,136.5,0.0
500988,2000.0,440.0,136.5,0.0
501001,2170.0,440.0,136.5,0.0
501001,2171.0,440.0,136.5,0.0
501002,2154.0,440.0,136.5,0.0
501002,2150.0,440.0,136.5,0.0
501017,2049.0,440.0,136.5,0.0
501018,2043.0,440.0,136.5,0.0
501018,2049.0,440.0,136.5,0.0
501018,2048.0,440.0,136.5,0.0
501032,1885.0,440.0,136.5,0.0
501032,2047.0,440.0,136.5,0.0
501032,1932.0,440.0,136.5,0.0
501049,1970.0,440.0,136.5,0.0
501050,1945.0,440.0,136.5,0.0
501050,1953.0,440.0,136.5,0.0
501050,1950.0,440.0,136.5,0.0
501063,2180.0,440.0,136.5,0.0
501063,2154.0,440.0,136.5,0.0
501063,2152.0,440.0,136.5,0.0
501076,2039.0,440.0,136.5,0.0
501076,2045.0,440.0,136.5,0.0
501076,2045.0,440.0,136.5,0.0
501077,2045.0,440.0,136.5,0.0
501093,1921.0,439.0,136.5,0.0
501094,1943.0,439.0,136.5,0.0
501094,1950.0,439.0,136.5,0.0
501094,1947.0,439.0,136.5,0.0
501106,1992.0,439.0,136.5,0.0
501107,2003.0,439.0,136.5,0.0
501107,2016.0,439.0,136.5,0.0
501121,2270.0,440.0,136.5,0.0
501121,2236.0,440.0,136.5,0.0
501121,2221.0,440.0,136.5,0.0
501121,2249.0,440.0,136.5,0.0
501137,1936.0,440.0,136.5,0.0
501138,1942.0,440.0,136.5,0.0
501138,1904.0,440.0,136.5,0.0
501138,1908.0,440.0,136.5,0.0
501151,1982.0,439.0,136.5,0.0
501152,2003.0,439.0,136.5,0.0
501152,1991.0,439.0,136.5,0.0
501169,1860.0,439.0,136.5,0.0
501169,1783.0,439.0,136.5,0.0
501170,1815.0,439.0,136.5,0.0
501170,1817.0,439.0,136.5,0.0
501182,2173.0,439.0,136.5,0.0
501183,2148.0,439.0,136.5,0.0
501183,2174.0,439.0,136.5,0.0
501195,2064.0,439.0,136.5,0.0
501196,2099.0,439.0,136.5,0.0
501196,2089.0,439.0,136.5,0.0
501213,1865.0,439.0,136.5,0.0
501213,1889.0,439.0,136.5,0.0
501213,1935.0,439.0,136.5,0.0
501213,1944.0,439.0,136.5,0.0
501226,2070.0,439.0,136.5,0.0
501226,2019.0,439.0,136.5,0.0
501227,2023.0,439.0,136.5,0.0
501240,1991.0,439.0,136.5,0.0
501241,1995.0,439.0,136.5,0.0
501241,1977.0,439.0,136.5,0.0
501241,1966.0,439.0,136.5,0.0
501258,2363.0,439.0,136.5,0.0
501258,2382.0,439.0,136.5,0.0
501258,2392.0,439.0,136.5,0.0
501259,2396.0,439.0,136.5,0.0
501272,1809.0,438.0,136.5,0.0
501272,1814.0,438.0,136.5,0.0
501273,1800.0,438.0,136.5,0.0
501290,1976.0,438.0,136.5,0.0
501290,1960.0,438.0,136.5,0.0
501290,1977.0,438.0,136.5,0.0
501291,1971.0,438.0,136.5,0.0
501303,2025.0,438.0,136.5,0.0
501304,2005.0,438.0,136.5,0.0
501304,2009.0,438.0,136.5,0.0
501316,2273.0,438.0,136.5,0.0
501317,2287.0,438.0,136.5,0.0
501317,2313.0,438.0,136.5,0.0
501317,2325.0,438.0,136.5,0.0
501334,2142.0,438.0,136.5,0.0
501335,2434.0,438.0,136.5,0.0
501335,2479.0,438.0,136.5,0.0
501335,2647.0,438.0,136.5,0.0
501349,1840.0,438.0,136.5,0.0
501349,1736.0,438.0,136.5,0.0
501350,1668.0,438.0,136.5,0.0
501365,2247.0,438.0,136.5,0.0
501366,2249.0,438.0,136.5,0.0
501366,2276.0,438.0,136.5,0.0
501366,2335.0,438.0,136.5,0.0
501380,2066.0,438.0,136.5,0.0
501380,2016.0,438.0,136.5,0.0
501380,2010.0,438.0,136.5,0.0
501393,1947.0,438.0,136.5,0.0
501393,2055.0,438.0,136.5,0.0
501394,2007.0,438.0,136.5,0.0
501394,1966.0,438.0,136.5,0.0
501412,1899.0,437.0,136.5,0.0
501412,1922.0,437.0,136.5,0.0
501413,2016.0,437.0,136.5,0.0
501413,2162.0,437.0,136.5,0.0
501426,2371.0,437.0,136.5,0.0
501426,2213.0,437.0,136.5,0.0
501426,2191.0,437.0,136.5,0.0
501440,2057.0,436.0,136.5,0.0
501440,2096.0,436.0,136.5,0.0
501441,2075.0,436.0,136.5,0.0
501441,2108.0,436.0,136.5,0.0
501457,2134.0,436.0,136.5,0.0
501458,2158.0,436.0,136.5,0.0
501458,2129.0,436.0,136.5,0.0
501458,2075.0,436.0,136.5,0.0
501471,1865.0,436.0,136.5,0.0
501471,1931.0,436.0,136.5,0.0
501472,1944.0,436.0,136.5,0.0
501484,2109.0,436.0,136.5,0.0
501485,2035.0,436.0,136.5,0.0
501485,2045.0,436.0,136.5,0.0
501485,2099.0,436.0,136.5,0.0
501502,2452.0,437.0,136.5,0.0
501502,2380.0,437.0,136.5,0.0
501503,2308.0,437.0,136.5,0.0
501503,2357.0,437.0,136.5,0.0
501515,1995.0,437.0,136.5,0.0
501516,2046.0,437.0,136.5,0.0
501516,2014.0,437.0,136.5,0.0
501533,1877.0,437.0,136.5,0.0
501534,1869.0,437.0,136.5,0.0
501534,1928.0,437.0,136.5,0.0
501534,1779.0,437.0,136.5,0.0
501548,1985.0,437.0,136.5,0.0
501548,1940.0,437.0,136.5,0.0
501549,1782.0,437.0,136.5,0.0
501561,2311.0,437.0,141.5,0.0
501562,2290.0,437.0,141.5,0.0
501562,2238.0,437.0,141.5,0.0
501562,2213.0,437.0,141.5,0.0
501579,2129.0,437.0,141.5,0.0
501580,2174.0,437.0,141.5,0.0
501580,2167.0,437.0,141.5,0.0
501580,2129.0,437.0,141.5,0.0
501592,1884.0,437.0,141.5,0.0
501593,1887.0,437.0,141.5,0.0
501593,1918.0,437.0,141.5,0.0
501607,2036.0,436.0,141.5,0.0
501607,1979.0,436.0,141.5,0.0
501607,1980.0,436.0,141.5,0.0
501607,2012.0,436.0,141.5,0.0
501623,2106.0,436.0,141.5,0.0
501624,2081.0,436.0,141.5,0.0
501624,2039.0,436.0,141.5,0.0
501624,2039.0,436.0,141.5,0.0
501638,2258.0,436.0,141.5,0.0
501638,2285.0,436.0,141.5,0.0
501638,2276.0,436.0,141.5,0.0
501654,1855.0,436.0,141.5,0.0
501655,1852.0,436.0,141.5,0.0
501655,1899.0,436.0,141.5,0.0
501655,1871.0,436.0,141.5,0.0
501669,2005.0,436.0,141.5,0.0
501669,1999.0,436.0,141.5,0.0
501669,2009.0,436.0,141.5,0.0
501682,2073.0,436.0,141.5,0.0
501682,2077.0,436.0,141.5,0.0
501682,2051.0,436.0,141.5,0.0
501683,2050.0,436.0,141.5,0.0
501700,2143.0,436.0,141.5,0.0
501700,2142.0,436.0,141.5,0.0
501700,2146.0,436.0,141.5,0.0
501701,2138.0,436.0,141.5,0.0
501713,1919.0,436.0,141.5,0.0
501714,1936.0,436.0,141.5,0.0
501714,1932.0,436.0,141.5,0.0
501731,1939.0,436.0,141.5,0.0
501732,1938.0,436.0,141.5,0.0
501732,1927.0,436.0,141.5,0.0
501732,1939.0,436.0,141.5,0.0
501745,1982.0,436.0,141.5,0.0
501745,1984.0,436.0,141.5,0.0
501745,1989.0,436.0,141.5,0.0
501759,2088.0,436.0,141.5,0.0
501759,2090.0,436.0,141.5,0.0
501759,2095.0,436.0,141.5,0.0
501759,2104.0,436.0,141.5,0.0
501777,2091.0,436.0,141.5,0.0
501778,2111.0,436.0,141.5,0.0
501778,2107.0,436.0,141.5,0.0
501778,2125.0,436.0,141.5,0.0
501791,1952.0,435.0,141.5,0.0
501791,1924.0,435.0,141.5,0.0
501791,1926.0,435.0,141.5,0.0
501804,2104.0,435.0,141.5,0.0
501804,2096.0,435.0,141.5,0.0
501804,2096.0,435.0,141.5,0.0
501805,2070.0,435.0,141.5,0.0
501821,2188.0,435.0,141.5,0.0
501822,2175.0,435.0,141.5,0.0
501822,2174.0,435.0,141.5,0.0
501822,2173.0,435.0,141.5,0.0
501835,2074.0,435.0,141.5,0.0
501835,2120.0,435.0,141.5,0.0
501836,2164.0,435.0,141.5,0.0
501849,1923.0,434.0,141.5,0.0
501850,1929.0,434.0,141.5,0.0
501850,1910.0,434.0,141.5,0.0
501850,1898.0,434.0,141.5,0.0
501867,1947.0,434.0,141.5,0.0
501868,1968.0,434.0,141.5,0.0
501868,1990.0,434.0,141.5,0.0
501869,1993.0,434.0,141.5,0.0
501881,2196.0,434.0,141.5,0.0
501882,2176.0,434.0,141.5,0.0
501882,2173.0,434.0,141.5,0.0
501899,2196.0,434.0,141.5,0.0
501899,2199.0,434.0,141.5,0.0
501899,2179.0,434.0,141.5,0.0
501900,2163.0,434.0,141.5,0.0
501912,1899.0,433.0,141.5,0.0
501913,1912.0,433.0,141.5,0.0
501913,1898.0,433.0,141.5,0.0
501926,2012.0,433.0,141.5,0.0
501927,1978.0,433.0,141.5,0.0
501927,1993.0,433.0,141.5,0.0
501927,2029.0,433.0,141.5,0.0
501943,2236.0,433.0,141.5,0.0
501943,2166.0,433.0,141.5,0.0
501944,2156.0,433.0,141.5,0.0
501944,2170.0,433.0,141.5,0.0
501957,2087.0,432.0,141.5,0.0
501958,2092.0,432.0,141.5,0.0
501958,2064.0,432.0,141.5,0.0
501974,1915.0,432.0,141.5,0.0
501974,1958.0,432.0,141.5,0.0
501974,1985.0,432.0,141.5,0.0
501974,1984.0,432.0,141.5,0.0
501988,1959.0,432.0,141.5,0.0
501989,1943.0,432.0,141.5,0.0
501989,1973.0,432.0,141.5,0.0
502001,2291.0,431.0,146.3,0.0
502002,2255.0,431.0,146.3,0.0
502002,2229.0,431.0,146.3,0.0
502002,2231.0,431.0,146.3,0.0
502021,2055.0,431.0,146.3,0.0
502021,2073.0,431.0,146.3,0.0
502021,2054.0,431.0,146.3,0.0
502021,2033.0,431.0,146.3,0.0
502034,2144.0,430.0,146.3,0.0
502034,2252.0,430.0,146.3,0.0
502035,2282.0,430.0,146.3,0.0
502048,1903.0,430.0,146.3,0.0
502049,1855.0,430.0,146.3,0.0
502049,1854.0,430.0,146.3,0.0
502049,1858.0,430.0,146.3,0.0
502066,2081.0,429.0,146.3,0.0
502066,2062.0,429.0,146.3,0.0
502067,2054.0,429.0,146.3,0.0
502067,2049.0,429.0,146.3,0.0
502079,1998.0,429.0,146.3,0.0
502080,2015.0,429.0,146.3,0.0
502080,1998.0,429.0,146.3,0.0
502097,2071.0,429.0,146.3,0.0
502097,2074.0,429.0,146.3,0.0
502097,2085.0,429.0,146.3,0.0
502097,2091.0,429.0,146.3,0.0
502110,1938.0,428.0,146.3,0.0
502110,1917.0,428.0,146.3,0.0
502111,1937.0,428.0,146.3,0.0
502123,2108.0,428.0,146.3,0.0
502124,2099.0,428.0,146.3,0.0
502124,2098.0,428.0,146.3,0.0
502124,2093.0,428.0,146.3,0.0
502142,2118.0,428.0,146.3,0.0
502143,2128.0,428.0,146.3,0.0
502143,2130.0,428.0,146.3,0.0
502143,2133.0,428.0,146.3,0.0
502157,4095.0,428.0,146.3,0.0
502157,4095.0,428.0,146.3,0.0
502157,4095.0,428.0,146.3,0.0
502170,1706.0,428.0,146.3,0.0
502171,1598.0,428.0,146.3,0.0
502171,1402.0,428.0,146.3,0.0
502171,1258.0,428.0,146.3,0.0
502188,2159.0,428.0,146.3,0.0
502188,2207.0,428.0,146.3,0.0
502189,2216.0,428.0,146.3,0.0
502189,2065.0,428.0,146.3,0.0
502201,1870.0,428.0,146.3,0.0
502202,1924.0,428.0,146.3,0.0
502202,2064.0,428.0,146.3,0.0
502219,2140.0,428.0,146.3,0.0
502219,2053.0,428.0,146.3,0.0
502219,1956.0,428.0,146.3,0.0
502219,2001.0,428.0,146.3,0.0
502232,1926.0,427.0,146.3,0.0
502232,2015.0,427.0,146.3,0.0
502233,1927.0,427.0,146.3,0.0
502246,1926.0,427.0,146.3,0.0
502247,1950.0,427.0,146.3,0.0
502247,2052.0,427.0,146.3,0.0
502247,2081.0,427.0,146.3,0.0
502265,2090.0,427.0,146.3,0.0
502265,1989.0,427.0,146.3,0.0
502265,2018.0,427.0,146.3,0.0
502266,2119.0,427.0,146.3,0.0
502278,2384.0,427.0,146.3,0.0
502278,2307.0,427.0,146.3,0.0
502279,2240.0,427.0,146.3,0.0
502291,1813.0,426.0,146.3,0.0
502292,1903.0,426.0,146.3,0.0
502292,1908.0,426.0,146.3,0.0
502292,1807.0,426.0,146.3,0.0
502309,1889.0,427.0,146.3,0.0
502310,1925.0,427.0,146.3,0.0
502310,2018.0,427.0,146.3,0.0
502310,2011.0,427.0,146.3,0.0
502323,2118.0,427.0,146.3,0.0
502323,2030.0,427.0,146.3,0.0
502324,2106.0,427.0,146.3,0.0
502340,2186.0,426.0,146.3,0.0
502341,2190.0,426.0,146.3,0.0
502341,2104.0,426.0,146.3,0.0
502341,2048.0,426.0,146.3,0.0
502355,1861.0,426.0,146.3,0.0
502355,1953.0,426.0,146.3,0.0
502355,1972.0,426.0,146.3,0.0
502368,1968.0,426.0,146.3,0.0
502368,1928.0,426.0,146.3,0.0
502368,1977.0,426.0,146.3,0.0
502369,2054.0,426.0,146.3,0.0
502386,2062.0,426.0,146.3,0.0
502387,1978.0,426.0,146.3,0.0
502387,1924.0,426.0,146.3,0.0
502387,1970.0,426.0,146.3,0.0
502400,2374.0,426.0,146.3,0.0
502400,2351.0,426.0,146.3,0.0
502400,2286.0,426.0,146.3,0.0
502414,1807.0,425.0,146.3,0.0
502414,1862.0,425.0,146.3,0.0
502414,1912.0,425.0,146.3,0.0
502415,1899.0,425.0,146.3,0.0
502430,1979.0,425.0,146.3,0.0
502431,1949.0,425.0,146.3,0.0
502431,1983.0,425.0,146.3,0.0
502431,2019.0,425.0,146.3,0.0
502445,2041.0,425.0,146.3,0.0
502445,1980.0,425.0,146.3,0.0
502445,1965.0,425.0,146.3,0.0
502462,2109.0,425.0,146.3,0.0
502462,2149.0,425.0,146.3,0.0
502462,2127.0,425.0,146.3,0.0
502463,2077.0,425.0,146.3,0.0
502476,2607.0,426.0,146.3,0.0
502477,2691.0,426.0,146.3,0.0
502477,2758.0,426.0,146.3,0.0
502489,1812.0,426.0,146.3,0.0
502490,1691.0,426.0,146.3,0.0
502490,1636.0,426.0,146.3,0.0
502490,1616.0,426.0,146.3,0.0
502508,2074.0,426.0,146.3,0.0
502508,2089.0,426.0,146.3,0.0
502509,2064.0,426.0,146.3,0.0
502509,2031.0,426.0,146.3,0.0
502521,2005.0,426.0,146.3,0.0
502522,2024.0,426.0,146.3,0.0
502522,2055.0,426.0,146.3,0.0
502535,2391.0,426.0,146.3,0.0
502536,2410.0,426.0,146.3,0.0
502536,2425.0,426.0,146.3,0.0
502536,2497.0,426.0,146.3,0.0
502552,1753.0,426.0,146.3,0.0
502552,1727.0,426.0,146.3,0.0
502553,1675.0,426.0,146.3,0.0
502553,1642.0,426.0,146.3,0.0
502566,2063.0,426.0,146.3,0.0
502567,2100.0,426.0,146.3,0.0
502567,2088.0,426.0,146.3,0.0
502584,2023.0,426.0,146.3,0.0
502584,1988.0,426.0,146.3,0.0
502584,2012.0,426.0,146.3,0.0
502584,2066.0,426.0,146.3,0.0
502597,2196.0,426.0,146.3,0.0
502598,2166.0,426.0,146.3,0.0
502598,2153.0,426.0,146.3,0.0
502610,1924.0,426.0,146.3,0.0
502611,1930.0,426.0,146.3,0.0
502611,1937.0,426.0,146.3,0.0
502611,1860.0,426.0,146.3,0.0
502629,1922.0,427.0,146.3,0.0
502630,1950.0,427.0,146.3,0.0
502630,1932.0,427.0,146.3,0.0
502630,1979.0,427.0,146.3,0.0
502644,2078.0,427.0,146.3,0.0
502644,2045.0,427.0,146.3,0.0
502644,2090.0,427.0,146.3,0.0
502657,2076.0,427.0,146.3,0.0
502658,2096.0,427.0,146.3,0.0
502658,2046.0,427.0,146.3,0.0
502658,2034.0,427.0,146.3,0.0
502675,1879.0,427.0,146.3,0.0
502675,1917.0,427.0,146.3,0.0
502676,1896.0,427.0,146.3,0.0
502676,1861.0,427.0,146.3,0.0
502688,1959.0,427.0,146.3,0.0
502689,1984.0,427.0,146.3,0.0
502689,2040.0,427.0,146.3,0.0
502706,2043.0,427.0,146.3,0.0
502706,1985.0,427.0,146.3,0.0
502706,1967.0,427.0,146.3,0.0
502706,2001.0,427.0,146.3,0.0
502719,2118.0,427.0,146.3,0.0
502719,2111.0,427.0,146.3,0.0
502720,2085.0,427.0,146.3,0.0
502733,1944.0,427.0,146.3,0.0
502734,1944.0,427.0,146.3,0.0
502734,1984.0,427.0,146.3,0.0
502734,1968.0,427.0,146.3,0.0
502751,1904.0,428.0,146.3,0.0
502751,1906.0,428.0,146.3,0.0
502752,1928.0,428.0,146.3,0.0
502752,1942.0,428.0,146.3,0.0
502765,2064.0,428.0,146.3,0.0
502766,2015.0,428.0,146.3,0.0
502766,2016.0,428.0,146.3,0.0
502779,2069.0,428.0,146.3,0.0
502779,2100.0,428.0,146.3,0.0
502779,2081.0,428.0,146.3,0.0
502780,2070.0,428.0,146.3,0.0
502796,2107.0,428.0,146.3,0.0
502797,2154.0,428.0,146.3,0.0
502797,2177.0,428.0,146.3,0.0
502797,2165.0,428.0,146.3,0.0
502810,1910.0,428.0,146.3,0.0
502810,1900.0,428.0,146.3,0.0
502810,1921.0,428.0,146.3,0.0
502824,2068.0,428.0,146.3,0.0
502825,2049.0,428.0,146.3,0.0
502825,2030.0,428.0,146.3,0.0
502825,2039.0,428.0,146.3,0.0
502841,2147.0,428.0,146.3,0.0
502841,2153.0,428.0,146.3,0.0
502841,2134.0,428.0,146.3,0.0
502841,2118.0,428.0,146.3,0.0
502855,2102.0,428.0,146.3,0.0
502856,2147.0,428.0,146.3,0.0
502856,2160.0,428.0,146.3,0.0
502873,1852.0,428.0,146.3,0.0
502873,1880.0,428.0,146.3,0.0
502874,1884.0,428.0,146.3,0.0
502874,1907.0,428.0,146.3,0.0
502886,2027.0,428.0,146.3,0.0
502887,2021.0,428.0,146.3,0.0
502887,2025.0,428.0,146.3,0.0
502900,2056.0,428.0,146.3,0.0
502900,2068.0,428.0,146.3,0.0
502900,2058.0,428.0,146.3,0.0
502900,2073.0,428.0,146.3,0.0
502917,2270.0,428.0,146.3,0.0
502918,2277.0,428.0,146.3,0.0
502918,2288.0,428.0,146.3,0.0
502918,2288.0,428.0,146.3,0.0
502931,1876.0,428.0,146.3,0.0
502931,1871.0,428.0,146.3,0.0
502932,1850.0,428.0,146.3,0.0
502945,2031.0,428.0,146.3,0.0
502945,2012.0,428.0,146.3,0.0
502946,2051.0,428.0,146.3,0.0
502946,2057.0,428.0,146.3,0.0
502963,2119.0,428.0,146.3,0.0
502963,2090.0,428.0,146.3,0.0
502963,2095.0,428.0,146.3,0.0
502963,2096.0,428.0,146.3,0.0
502976,1968.0,428.0,146.3,0.0
502976,1961.0,428.0,146.3,0.0
502977,1961.0,428.0,146.3,0.0
502994,1981.0,428.0,146.3,0.0
502994,2017.0,428.0,146.3,0.0
502994,2044.0,428.0,146.3,0.0
502995,2052.0,428.0,146.3,0.0
503007,1975.0,428.0,146.3,0.0
503008,1969.0,428.0,146.3,0.0
503008,1970.0,428.0,146.3,0.0
503020,2135.0,428.0,146.3,0.0
503021,2111.0,428.0,146.3,0.0
503021,2105.0,428.0,146.3,0.0
503021,2115.0,428.0,146.3,0.0
503038,2136.0,428.0,146.3,0.0
503038,2135.0,428.0,146.3,0.0
503039,2125.0,428.0,146.3,0.0
503039,2108.0,428.0,146.3,0.0
503052,1900.0,428.0,146.3,0.0
503053,1910.0,428.0,146.3,0.0
503053,1920.0,428.0,146.3,0.0
503069,1962.0,428.0,146.3,0.0
503069,1926.0,428.0,146.3,0.0
503069,1930.0,428.0,146.3,0.0
503070,1949.0,428.0,146.3,0.0
503083,2089.0,428.0,146.3,0.0
503084,2053.0,428.0,146.3,0.0
503084,2044.0,428.0,146.3,0.0
503096,2107.0,428.0,146.3,0.0
503097,2136.0,428.0,146.3,0.0
503097,2111.0,428.0,146.3,0.0
503097,2126.0,428.0,146.3,0.0
503115,1915.0,429.0,146.3,0.0
503115,1961.0,429.0,146.3,0.0
503115,1965.0,429.0,146.3,0.0
503116,1940.0,429.0,146.3,0.0
503128,1985.0,429.0,146.3,0.0
503129,1975.0,429.0,146.3,0.0
503129,2008.0,429.0,146.3,0.0
503142,2039.0,430.0,146.3,0.0
503143,2019.0,430.0,146.3,0.0
503143,1999.0,430.0,146.3,0.0
503143,2012.0,430.0,146.3,0.0
503159,2202.0,430.0,146.3,0.0
503159,2204.0,430.0,146.3,0.0
503160,2193.0,430.0,146.3,0.0
503160,2185.0,430.0,146.3,0.0
503174,1898.0,429.0,146.3,0.0
503174,1890.0,429.0,146.3,0.0
503174,1919.0,429.0,146.3,0.0
503191,1950.0,429.0,146.3,0.0
503192,1943.0,429.0,146.3,0.0
503192,1946.0,429.0,146.3,0.0
503192,1975.0,429.0,146.3,0.0
503204,2083.0,429.0,146.3,0.0
503205,2055.0,429.0,146.3,0.0
503205,2041.0,429.0,146.3,0.0
503218,2127.0,430.0,146.3,0.0
503218,2164.0,430.0,146.3,0.0
503218,2151.0,430.0,146.3,0.0
503219,2128.0,430.0,146.3,0.0
503237,2167.0,430.0,146.3,0.0
503237,2204.0,430.0,146.3,0.0
503237,2213.0,430.0,146.3,0.0
503237,2214.0,430.0,146.3,0.0
503251,1880.0,430.0,146.3,0.0
503251,1881.0,430.0,146.3,0.0
503252,1881.0,430.0,146.3,0.0
503264,2128.0,430.0,146.3,0.0
503265,2107.0,430.0,146.3,0.0
503265,2111.0,430.0,146.3,0.0
503265,2110.0,430.0,146.3,0.0
503282,2128.0,431.0,146.3,0.0
503282,2112.0,431.0,146.3,0.0
503282,2101.0,431.0,146.3,0.0
503282,2107.0,431.0,146.3,0.0
503295,2074.0,431.0,146.3,0.0
503295,2120.0,431.0,146.3,0.0
503296,2126.0,431.0,146.3,0.0
503308,1967.0,431.0,146.3,0.0
503309,1964.0,431.0,146.3,0.0
503309,1952.0,431.0,146.3,0.0
503309,1943.0,431.0,146.3,0.0
503326,2064.0,431.0,146.3,0.0
503326,2049.0,431.0,146.3,0.0
503327,2061.0,431.0,146.3,0.0
503327,2049.0,431.0,146.3,0.0
503339,2118.0,431.0,146.3,0.0
503340,2125.0,431.0,146.3,0.0
503340,2131.0,431.0,146.3,0.0
503357,2154.0,431.0,146.3,0.0
503357,2199.0,431.0,146.3,0.0
503357,2183.0,431.0,146.3,0.0
503358,2174.0,431.0,146.3,0.0
503371,1898.0,431.0,146.3,0.0
503372,1908.0,431.0,146.3,0.0
503372,1906.0,431.0,146.3,0.0
503384,2059.0,432.0,146.3,0.0
503385,2037.0,432.0,146.3,0.0
503385,2043.0,432.0,146.3,0.0
503385,2068.0,432.0,146.3,0.0
503402,2191.0,432.0,146.3,0.0
503402,2139.0,432.0,146.3,0.0
503402,2116.0,432.0,146.3,0.0
503403,2141.0,432.0,146.3,0.0
503415,1901.0,432.0,146.3,0.0
503416,1917.0,432.0,146.3,0.0
503416,1886.0,432.0,146.3,0.0
503432,1941.0,433.0,146.3,0.0
503433,1940.0,433.0,146.3,0.0
503433,1964.0,433.0,146.3,0.0
503433,1966.0,433.0,146.3,0.0
503446,2000.0,433.0,146.3,0.0
503446,1981.0,433.0,146.3,0.0
503446,2003.0,433.0,146.3,0.0
503459,2191.0,433.0,146.3,0.0
503459,2180.0,433.0,146.3,0.0
503460,2162.0,433.0,146.3,0.0
503477,2069.0,434.0,146.3,0.0
503478,2087.0,434.0,146.3,0.0
503478,2104.0,434.0,146.3,0.0
503478,2102.0,434.0,146.3,0.0
503492,1929.0,434.0,146.3,0.0
503492,1922.0,434.0,146.3,0.0
503492,1950.0,434.0,146.3,0.0
503505,1965.0,435.0,146.3,0.0
503505,2045.0,435.0,146.3,0.0
503506,2029.0,435.0,146.3,0.0
503506,2034.0,435.0,146.3,0.0
503522,2122.0,435.0,146.3,0.0
503523,2123.0,435.0,146.3,0.0
503523,2108.0,435.0,146.3,0.0
503523,2099.0,435.0,146.3,0.0
503536,2054.0,435.0,146.3,0.0
503536,2085.0,435.0,146.3,0.0
503536,2093.0,435.0,146.3,0.0
503550,1938.0,436.0,146.3,0.0
503550,1926.0,436.0,146.3,0.0
503551,1924.0,436.0,146.3,0.0
503551,1921.0,436.0,146.3,0.0
503566,2056.0,436.0,146.3,0.0
503567,2024.0,436.0,146.3,0.0
503567,2010.0,436.0,146.3,0.0
503567,2002.0,436.0,146.3,0.0
503581,2210.0,436.0,146.3,0.0
503581,2198.0,436.0,146.3,0.0
503581,2198.0,436.0,146.3,0.0
503597,2021.0,437.0,146.3,0.0
503598,2023.0,437.0,146.3,0.0
503598,2021.0,437.0,146.3,0.0
503598,2016.0,437.0,146.3,0.0
503612,1953.0,437.0,146.3,0.0
503612,1959.0,437.0,146.3,0.0
503612,1957.0,437.0,146.3,0.0
503625,2031.0,437.0,146.3,0.0
503625,1993.0,437.0,146.3,0.0
503625,2025.0,437.0,146.3,0.0
503626,2038.0,437.0,146.3,0.0
503642,2211.0,437.0,146.3,0.0
503643,2173.0,437.0,146.3,0.0
503643,2167.0,437.0,146.3,0.0
503643,2174.0,437.0,146.3,0.0
503656,2026.0,437.0,146.3,0.0
503656,2044.0,437.0,146.3,0.0
503656,2034.0,437.0,146.3,0.0
503670,1948.0,438.0,146.3,0.0
503670,1962.0,438.0,146.3,0.0
503670,1969.0,438.0,146.3,0.0
503670,1960.0,438.0,146.3,0.0
503686,2015.0,438.0,146.3,0.0
503687,1992.0,438.0,146.3,0.0
503688,1992.0,438.0,146.3,0.0
503688,1998.0,438.0,146.3,0.0
503702,2263.0,439.0,146.3,0.0
503702,2221.0,439.0,146.3,0.0
503702,2219.0,439.0,146.3,0.0
503703,2230.0,439.0,146.3,0.0
503720,2130.0,439.0,146.3,0.0
503720,2118.0,439.0,146.3,0.0
503720,2096.0,439.0,146.3,0.0
503720,2102.0,439.0,146.3,0.0
503733,1928.0,439.0,146.3,0.0
503733,1944.0,439.0,146.3,0.0
503734,1920.0,439.0,146.3,0.0
503746,2001.0,439.0,146.3,0.0
503747,1990.0,439.0,146.3,0.0
503747,2015.0,439.0,146.3,0.0
503747,2026.0,439.0,146.3,0.0
503764,2054.0,439.0,146.3,0.0
503764,2018.0,439.0,146.3,0.0
503764,2019.0,439.0,146.3,0.0
503764,2042.0,439.0,146.3,0.0
503777,2254.0,439.0,146.3,0.0
503777,2242.0,439.0,146.3,0.0
503778,2223.0,439.0,146.3,0.0
503791,1873.0,439.0,146.3,0.0
503792,1905.0,439.0,146.3,0.0
503792,1865.0,439.0,146.3,0.0
503792,1861.0,439.0,146.3,0.0
503808,1976.0,439.0,146.3,0.0
503808,2003.0,439.0,146.3,0.0
503808,2035.0,439.0,146.3,0.0
503809,2030.0,439.0,146.3,0.0
503822,2018.0,438.0,146.3,0.0
503822,1997.0,438.0,146.3,0.0
503823,2018.0,438.0,146.3,0.0
503839,2408.0,438.0,146.3,0.0
503840,2385.0,438.0,146.3,0.0
503840,2361.0,438.0,146.3,0.0
503840,2357.0,438.0,146.3,0.0
503853,1809.0,438.0,146.3,0.0
503853,1853.0,438.0,146.3,0.0
503853,1859.0,438.0,146.3,0.0
503866,2046.0,438.0,146.3,0.0
503866,2027.0,438.0,146.3,0.0
503867,2068.0,438.0,146.3,0.0
503883,2144.0,438.0,146.3,0.0
503884,2111.0,438.0,146.3,0.0
503884,2068.0,438.0,146.3,0.0
503884,2062.0,438.0,146.3,0.0
503896,1988.0,438.0,146.3,0.0
503897,2026.0,438.0,146.3,0.0
503897,2001.0,438.0,146.3,0.0
503911,1947.0,438.0,146.3,0.0
503911,1939.0,438.0,146.3,0.0
503911,1971.0,438.0,146.3,0.0
503911,1992.0,438.0,146.3,0.0
503927,1995.0,438.0,146.3,0.0
503928,1967.0,438.0,146.3,0.0
503928,1967.0,438.0,146.3,0.0
503928,1997.0,438.0,146.3,0.0
503941,2158.0,437.0,146.3,0.0
503942,2138.0,437.0,146.3,0.0
503942,2109.0,437.0,146.3,0.0
503959,2088.0,437.0,146.3,0.0
503959,2120.0,437.0,146.3,0.0
503959,2130.0,437.0,146.3,0.0
503960,2118.0,437.0,146.3,0.0
503972,1911.0,437.0,146.3,0.0
503973,1906.0,437.0,146.3,0.0
503973,1914.0,437.0,146.3,0.0
503985,2070.0,437.0,146.3,0.0
503986,2032.0,437.0,146.3,0.0
503986,2009.0,437.0,146.3,0.0
504002,2048.0,438.0,146.3,0.0
504003,2050.0,438.0,146.3,0.0
504003,2050.0,438.0,146.3,0.0
504003,2024.0,438.0,146.3,0.0
504016,1977.0,438.0,146.3,0.0
504016,2002.0,438.0,146.3,0.0
504016,2020.0,438.0,146.3,0.0
504030,1977.0,438.0,146.3,0.0
504030,1959.0,438.0,146.3,0.0
504031,1951.0,438.0,146.3,0.0
504031,1959.0,438.0,146.3,0.0
504046,2019.0,438.0,146.3,0.0
504047,2014.0,438.0,146.3,0.0
504047,1991.0,438.0,146.3,0.0
504047,1986.0,438.0,146.3,0.0
504061,2150.0,438.0,146.3,0.0
504061,2156.0,438.0,146.3,0.0
504061,2148.0,438.0,146.3,0.0
504078,2057.0,437.0,146.3,0.0
504079,2058.0,437.0,146.3,0.0
504079,2064.0,437.0,146.3,0.0
504079,2068.0,437.0,146.3,0.0
504092,1950.0,437.0,146.3,0.0
504092,1948.0,437.0,146.3,0.0
504092,1929.0,437.0,146.3,0.0
504105,2052.0,437.0,146.3,0.0
504106,2047.0,437.0,146.3,0.0
504106,2058.0,437.0,146.3,0.0
504106,2053.0,437.0,146.3,0.0
504123,2087.0,438.0,146.3,0.0
504123,2071.0,438.0,146.3,0.0
504123,2077.0,438.0,146.3,0.0
504123,2086.0,438.0,146.3,0.0
504136,2134.0,438.0,146.3,0.0
504137,2144.0,438.0,146.3,0.0
504137,2155.0,438.0,146.3,0.0
504150,1917.0,438.0,146.3,0.0
504151,1938.0,438.0,146.3,0.0
504151,1918.0,438.0,146.3,0.0
504151,1887.0,438.0,146.3,0.0
504168,1972.0,438.0,146.3,0.0
504169,1965.0,438.0,146.3,0.0
504169,2029.0,438.0,146.3,0.0
504169,1977.0,438.0,146.3,0.0
504182,2046.0,438.0,146.3,0.0
504182,2038.0,438.0,146.3,0.0
504182,2048.0,438.0,146.3,0.0
504199,2100.0,437.0,146.3,0.0
504200,2101.0,437.0,146.3,0.0
504200,2079.0,437.0,146.3,0.0
504201,2077.0,437.0,146.3,0.0
504213,1944.0,437.0,146.3,0.0
504214,2018.0,437.0,146.3,0.0
504214,2013.0,437.0,146.3,0.0
504227,1966.0,437.0,146.3,0.0
504228,1970.0,437.0,146.3,0.0
504228,1960.0,437.0,146.3,0.0
504228,1964.0,437.0,146.3,0.0
504244,1984.0,437.0,146.3,0.0
504245,1986.0,437.0,146.3,0.0
504245,1978.0,437.0,146.3,0.0
504245,1993.0,437.0,146.3,0.0
504258,2666.0,437.0,146.3,0.0
504259,2621.0,437.0,146.3,0.0
504259,2625.0,437.0,146.3,0.0
504275,1860.0,437.0,146.3,0.0
504275,1927.0,437.0,146.3,0.0
504275,1910.0,437.0,146.3,0.0
504276,1891.0,437.0,146.3,0.0
504289,1987.0,437.0,146.3,0.0
504290,2026.0,437.0,146.3,0.0
504290,2025.0,437.0,146.3,0.0
504302,2172.0,437.0,146.3,0.0
504303,2126.0,437.0,146.3,0.0
504303,2129.0,437.0,146.3,0.0
504303,2172.0,437.0,146.3,0.0
504321,2251.0,436.0,146.3,0.0
504322,2201.0,436.0,146.3,0.0
504322,2159.0,436.0,146.3,0.0
504322,2183.0,436.0,146.3,0.0
504335,2280.0,436.0,146.3,0.0
504335,2417.0,436.0,146.3,0.0
504335,2425.0,436.0,146.3,0.0
504349,1830.0,436.0,146.3,0.0
504349,1792.0,436.0,146.3,0.0
504349,1806.0,436.0,146.3,0.0
504350,1785.0,436.0,146.3,0.0
504365,2146.0,436.0,146.3,0.0
504366,2118.0,436.0,146.3,0.0
504366,2146.0,436.0,146.3,0.0
504366,2172.0,436.0,146.3,0.0
504380,2162.0,436.0,146.3,0.0
504380,2120.0,436.0,146.3,0.0
504380,2128.0,436.0,146.3,0.0
504397,2360.0,435.0,146.3,0.0
504398,2437.0,435.0,146.3,0.0
504398,2411.0,435.0,146.3,0.0
504398,2386.0,435.0,146.3,0.0
504411,1827.0,435.0,146.3,0.0
504411,1832.0,435.0,146.3,0.0
504411,1843.0,435.0,146.3,0.0
504424,2102.0,435.0,146.3,0.0
504424,2070.0,435.0,146.3,0.0
504424,2092.0,435.0,146.3,0.0
504425,2129.0,435.0,146.3,0.0
504442,2351.0,436.0,146.3,0.0
504443,2292.0,436.0,146.3,0.0
504443,2262.0,436.0,146.3,0.0
504443,2267.0,436.0,146.3,0.0
504457,2141.0,436.0,146.3,0.0
504457,2160.0,436.0,146.3,0.0
504457,2126.0,436.0,146.3,0.0
504470,1919.0,436.0,146.3,0.0
504470,1942.0,436.0,146.3,0.0
504470,1954.0,436.0,146.3,0.0
504471,1948.0,436.0,146.3,0.0
504487,1978.0,436.0,146.3,0.0
504488,1958.0,436.0,146.3,0.0
504488,1975.0,436.0,146.3,0.0
504488,1991.0,436.0,146.3,0.0
504501,2204.0,436.0,146.3,0.0
504501,2166.0,436.0,146.3,0.0
504501,2164.0,436.0,146.3,0.0
504514,2011.0,435.0,146.3,0.0
504514,2056.0,435.0,146.3,0.0
504514,2049.0,435.0,146.3,0.0
504531,1868.0,435.0,146.3,0.0
504532,1869.0,435.0,146.3,0.0
504532,1922.0,435.0,146.3,0.0
504532,1921.0,435.0,146.3,0.0
504545,2071.0,435.0,146.3,0.0
504545,2019.0,435.0,146.3,0.0
504545,2022.0,435.0,146.3,0.0
504563,3503.0,435.0,196.7,0.0
504563,3376.0,435.0,196.7,0.0
504563,3298.0,435.0,196.7,0.0
504564,3254.0,435.0,196.7,0.0
504577,1280.0,435.0,196.7,0.0
504577,1346.0,435.0,196.7,0.0
504578,1303.0,435.0,196.7,0.0
504590,2269.0,435.0,196.7,0.0
504591,2287.0,435.0,196.7,0.0
504591,2355.0,435.0,196.7,0.0
504591,2372.0,435.0,196.7,0.0
504608,1877.0,435.0,196.7,0.0
504608,1798.0,435.0,196.7,0.0
504608,1804.0,435.0,196.7,0.0
504608,1870.0,435.0,196.7,0.0
504621,2297.0,434.0,196.7,0.0
504621,2238.0,434.0,196.7,0.0
504622,2183.0,434.0,196.7,0.0
504634,1995.0,434.0,196.7,0.0
504635,2097.0,434.0,196.7,0.0
504635,2127.0,434.0,196.7,0.0
504635,2097.0,434.0,196.7,0.0
504652,1825.0,434.0,196.7,0.0
504652,1864.0,434.0,196.7,0.0
504652,1914.0,434.0,196.7,0.0
504653,1931.0,434.0,196.7,0.0
504666,2038.0,434.0,196.7,0.0
504666,1973.0,434.0,196.7,0.0
504667,1996.0,434.0,196.7,0.0
504683,2175.0,434.0,196.7,0.0
504683,2150.0,434.0,196.7,0.0
504683,2107.0,434.0,196.7,0.0
504684,2082.0,434.0,196.7,0.0
504698,2277.0,434.0,196.7,0.0
504698,2314.0,434.0,196.7,0.0
504698,2312.0,434.0,196.7,0.0
504711,1867.0,434.0,196.7,0.0
504711,1848.0,434.0,196.7,0.0
504712,1855.0,434.0,196.7,0.0
504712,1866.0,434.0,196.7,0.0
504729,1950.0,434.0,196.7,0.0
504729,1916.0,434.0,196.7,0.0
504729,1906.0,434.0,196.7,0.0
504730,1907.0,434.0,196.7,0.0
504742,2160.0,433.0,196.7,0.0
504742,2160.0,433.0,196.7,0.0
504743,2146.0,433.0,196.7,0.0
504756,2132.0,433.0,196.7,0.0
504757,2161.0,433.0,196.7,0.0
504757,2174.0,433.0,196.7,0.0
504757,2181.0,433.0,196.7,0.0
504773,1868.0,433.0,196.7,0.0
504773,1857.0,433.0,196.7,0.0
504773,1854.0,433.0,196.7,0.0
504774,1847.0,433.0,196.7,0.0
504787,2014.0,432.0,196.7,0.0
504788,2009.0,432.0,196.7,0.0
504788,2013.0,432.0,196.7,0.0
504804,2151.0,432.0,196.7,0.0
504804,2112.0,432.0,196.7,0.0
504805,2108.0,432.0,196.7,0.0
504805,2095.0,432.0,196.7,0.0
504818,1955.0,431.0,196.7,0.0
504819,1964.0,431.0,196.7,0.0
504819,1964.0,431.0,196.7,0.0
504832,1992.0,431.0,196.7,0.0
504832,1990.0,431.0,196.7,0.0
504832,1988.0,431.0,196.7,0.0
504833,1994.0,431.0,196.7,0.0
504849,1931.0,430.0,196.7,0.0
504850,1924.0,430.0,196.7,0.0
504850,1937.0,430.0,196.7,0.0
504850,1938.0,430.0,196.7,0.0
504863,2039.0,430.0,196.7,0.0
504863,2025.0,430.0,196.7,0.0
504863,2019.0,430.0,196.7,0.0
504877,2001.0,429.0,196.7,0.0
504877,2007.0,429.0,196.7,0.0
504877,2007.0,429.0,196.7,0.0
504878,1998.0,429.0,196.7,0.0
504893,1993.0,429.0,196.7,0.0
504894,2039.0,429.0,196.7,0.0
504894,2046.0,429.0,196.7,0.0
504894,2055.0,429.0,196.7,0.0
504908,1957.0,428.0,196.7,0.0
504908,1951.0,428.0,196.7,0.0
504908,1878.0,428.0,196.7,0.0
504925,2077.0,428.0,196.7,0.0
504926,2035.0,428.0,196.7,0.0
504926,2035.0,428.0,196.7,0.0
504926,2040.0,428.0,196.7,0.0
504939,2028.0,428.0,196.7,0.0
504939,2031.0,428.0,196.7,0.0
504939,2029.0,428.0,196.7,0.0
504952,2032.0,427.0,196.7,0.0
504952,1959.0,427.0,196.7,0.0
504952,1969.0,427.0,196.7,0.0
504953,1956.0,427.0,196.7,0.0
504969,1926.0,428.0,196.7,0.0
504970,1923.0,428.0,196.7,0.0
504970,1933.0,428.0,196.7,0.0
504970,1928.0,428.0,196.7,0.0
504983,2027.0,427.0,196.7,0.0
504983,2025.0,427.0,196.7,0.0
504983,2017.0,427.0,196.7,0.0
504997,2096.0,427.0,196.7,0.0
504997,2101.0,427.0,196.7,0.0
504998,2113.0,427.0,196.7,0.0
504998,2110.0,427.0,196.7,0.0
505015,1946.0,427.0,196.7,0.0
505015,1972.0,427.0,196.7,0.0
505015,1969.0,427.0,196.7,0.0
505016,1974.0,427.0,196.7,0.0
505028,1966.0,427.0,196.7,0.0
505029,1975.0,427.0,196.7,0.0
505029,1987.0,427.0,196.7,0.0
505046,1986.0,426.0,196.7,0.0
505046,1992.0,426.0,196.7,0.0
505046,1991.0,426.0,196.7,0.0
505046,1987.0,426.0,196.7,0.0
505059,2080.0,426.0,196.7,0.0
505059,2086.0,426.0,196.7,0.0
505060,2073.0,426.0,196.7,0.0
505072,1932.0,426.0,196.7,0.0
505073,1931.0,426.0,196.7,0.0
505073,1919.0,426.0,196.7,0.0
505073,1900.0,426.0,196.7,0.0
505090,1982.0,426.0,196.7,0.0
505090,1968.0,426.0,196.7,0.0
505090,1997.0,426.0,196.7,0.0
505090,2003.0,426.0,196.7,0.0
505103,2065.0,426.0,196.7,0.0
505104,2048.0,426.0,196.7,0.0
505104,2043.0,426.0,196.7,0.0
505117,2110.0,425.0,196.7,0.0
505118,2123.0,425.0,196.7,0.0
505118,2121.0,425.0,196.7,0.0
505118,2121.0,425.0,196.7,0.0
505135,1909.0,425.0,196.7,0.0
505135,1928.0,425.0,196.7,0.0
505136,1930.0,425.0,196.7,0.0
505136,1920.0,425.0,196.7,0.0
505148,1983.0,425.0,196.7,0.0
505149,1990.0,425.0,196.7,0.0
505149,1974.0,425.0,196.7,0.0
505166,2043.0,425.0,196.7,0.0
505167,1997.0,425.0,196.7,0.0
505167,1985.0,425.0,196.7,0.0
505167,1989.0,425.0,196.7,0.0
505180,2192.0,425.0,196.7,0.0
505180,2195.0,425.0,196.7,0.0
505180,2187.0,425.0,196.7,0.0
505193,1884.0,424.0,196.7,0.0
505193,1904.0,424.0,196.7,0.0
505193,1935.0,424.0,196.7,0.0
505210,1927.0,424.0,196.7,0.0
505210,1900.0,424.0,196.7,0.0
505211,1905.0,424.0,196.7,0.0
505211,1921.0,424.0,196.7,0.0
505224,2069.0,424.0,196.7,0.0
505225,2041.0,424.0,196.7,0.0
505225,2047.0,424.0,196.7,0.0
505241,2073.0,424.0,196.7,0.0
505241,2095.0,424.0,196.7,0.0
505241,2068.0,424.0,196.7,0.0
505241,2057.0,424.0,196.7,0.0
505255,2093.0,424.0,196.7,0.0
505255,2129.0,424.0,196.7,0.0
505256,2145.0,424.0,196.7,0.0
505268,1960.0,424.0,196.7,0.0
505268,1940.0,424.0,196.7,0.0
505269,1922.0,424.0,196.7,0.0
505269,1937.0,424.0,196.7,0.0
505287,2013.0,424.0,196.7,0.0
505287,2007.0,424.0,196.7,0.0
505287,1997.0,424.0,196.7,0.0
505288,1983.0,424.0,196.7,0.0
505300,2090.0,424.0,196.7,0.0
505301,2093.0,424.0,196.7,0.0
505301,2090.0,424.0,196.7,0.0
505314,2006.0,424.0,196.7,0.0
505315,2038.0,424.0,196.7,0.0
505315,2041.0,424.0,196.7,0.0
505315,2046.0,424.0,196.7,0.0
505331,1936.0,424.0,196.7,0.0
505332,1923.0,424.0,196.7,0.0
505332,1929.0,424.0,196.7,0.0
505332,1923.0,424.0,196.7,0.0
505345,1985.0,424.0,196.7,0.0
505346,1990.0,424.0,196.7,0.0
505346,1998.0,424.0,196.7,0.0
505362,2109.0,424.0,196.7,0.0
505362,2088.0,424.0,196.7,0.0
505362,2082.0,424.0,196.7,0.0
505362,2093.0,424.0,196.7,0.0
505376,2177.0,424.0,196.7,0.0
505376,2226.0,424.0,196.7,0.0
505377,2231.0,424.0,196.7,0.0
505389,1930.0,424.0,196.7,0.0
505390,1926.0,424.0,196.7,0.0
505390,1902.0,424.0,196.7,0.0
505390,1866.0,424.0,196.7,0.0
505408,1988.0,424.0,196.7,0.0
505408,1988.0,424.0,196.7,0.0
505408,2002.0,424.0,196.7,0.0
505408,1972.0,424.0,196.7,0.0
505421,2249.0,424.0,196.7,0.0
505421,2226.0,424.0,196.7,0.0
505422,2246.0,424.0,196.7,0.0
505435,2108.0,424.0,196.7,0.0
505436,2118.0,424.0,196.7,0.0
505436,2094.0,424.0,196.7,0.0
505436,2101.0,424.0,196.7,0.0
505452,1879.0,424.0,196.7,0.0
505452,1910.0,424.0,196.7,0.0
505452,1899.0,424.0,196.7,0.0
505453,1863.0,424.0,196.7,0.0
505466,1998.0,424.0,196.7,0.0
505467,2011.0,424.0,196.7,0.0
505467,2037.0,424.0,196.7,0.0
505484,2092.0,424.0,196.7,0.0
505484,2050.0,424.0,196.7,0.0
505484,2029.0,424.0,196.7,0.0
505484,2061.0,424.0,196.7,0.0
505497,1972.0,424.0,196.7,0.0
505497,1977.0,424.0,196.7,0.0
505498,1935.0,424.0,196.7,0.0
505510,1962.0,425.0,196.7,0.0
505511,1977.0,425.0,196.7,0.0
505511,2006.0,425.0,196.7,0.0
505528,1969.0,425.0,196.7,0.0
505529,1932.0,425.0,196.7,0.0
505529,1919.0,425.0,196.7,0.0
505529,1919.0,425.0,196.7,0.0
505543,2089.0,425.0,196.7,0.0
505543,2072.0,425.0,196.7,0.0
505544,2050.0,425.0,196.7,0.0
505556,2053.0,425.0,196.7,0.0
505557,2083.0,425.0,196.7,0.0
505557,2110.0,425.0,196.7,0.0
505557,2114.0,425.0,196.7,0.0
505574,2027.0,425.0,196.7,0.0
505574,2027.0,425.0,196.7,0.0
505574,2085.0,425.0,196.7,0.0
505575,2121.0,425.0,196.7,0.0
505587,1984.0,425.0,196.7,0.0
505588,1948.0,425.0,196.7,0.0
505588,1935.0,425.0,196.7,0.0
505605,2067.0,425.0,196.7,0.0
505606,2072.0,425.0,196.7,0.0
505606,2069.0,425.0,196.7,0.0
505606,2045.0,425.0,196.7,0.0
505619,3171.0,426.0,196.7,0.0
505619,3091.0,426.0,196.7,0.0
505619,3141.0,426.0,196.7,0.0
505633,1507.0,426.0,196.7,0.0
505634,1532.0,426.0,196.7,0.0
505634,1446.0,426.0,196.7,0.0
505634,1407.0,426.0,196.7,0.0
505651,2031.0,426.0,196.7,0.0
505651,2102.0,426.0,196.7,0.0
505652,2093.0,426.0,196.7,0.0
505652,2031.0,426.0,196.7,0.0
505665,1938.0,426.0,196.7,0.0
505666,1962.0,426.0,196.7,0.0
505666,2039.0,426.0,196.7,0.0
505678,2345.0,426.0,196.7,0.0
505679,2261.0,426.0,196.7,0.0
505679,2229.0,426.0,196.7,0.0
505679,2278.0,426.0,196.7,0.0
505696,1931.0,426.0,196.7,0.0
505696,1971.0,426.0,196.7,0.0
505697,1885.0,426.0,196.7,0.0
505697,1845.0,426.0,196.7,0.0
505709,1981.0,426.0,196.7,0.0
505710,2047.0,426.0,196.7,0.0
505710,2065.0,426.0,196.7,0.0
505727,1972.0,427.0,196.7,0.0
505727,1896.0,427.0,196.7,0.0
505728,1942.0,427.0,196.7,0.0
505728,2004.0,427.0,196.7,0.0
505740,2237.0,427.0,196.7,0.0
505741,2169.0,427.0,196.7,0.0
505741,2131.0,427.0,196.7,0.0
505755,2077.0,428.0,196.7,0.0
505755,2185.0,428.0,196.7,0.0
505755,2191.0,428.0,196.7,0.0
505755,2150.0,428.0,196.7,0.0
505773,1817.0,428.0,196.7,0.0
505774,1913.0,428.0,196.7,0.0
505774,1965.0,428.0,196.7,0.0
505774,1953.0,428.0,196.7,0.0
505787,2002.0,428.0,196.7,0.0
505787,1977.0,428.0,196.7,0.0
505787,2008.0,428.0,196.7,0.0
505800,2202.0,428.0,196.7,0.0
505800,2179.0,428.0,196.7,0.0
505801,2146.0,428.0,196.7,0.0
505801,2124.0,428.0,196.7,0.0
505817,2121.0,428.0,196.7,0.0
505818,2176.0,428.0,196.7,0.0
505818,2151.0,428.0,196.7,0.0
505818,2110.0,428.0,196.7,0.0
505831,1896.0,428.0,196.7,0.0
505831,1921.0,428.0,196.7,0.0
505831,1939.0,428.0,196.7,0.0
505845,2063.0,428.0,196.7,0.0
505845,2021.0,428.0,196.7,0.0
505845,2021.0,428.0,196.7,0.0
505846,2054.0,428.0,196.7,0.0
505862,2125.0,428.0,196.7,0.0
505863,2098.0,428.0,196.7,0.0
505863,2060.0,428.0,196.7,0.0
505863,2054.0,428.0,196.7,0.0
505876,2061.0,428.0,196.7,0.0
505876,2095.0,428.0,196.7,0.0
505876,2076.0,428.0,196.7,0.0
505893,1933.0,429.0,196.7,0.0
505894,1985.0,429.0,196.7,0.0
505894,2015.0,429.0,196.7,0.0
505895,2072.0,429.0,196.7,0.0
505907,1978.0,429.0,196.7,0.0
505908,1930.0,429.0,196.7,0.0
505908,1944.0,429.0,196.7,0.0
505921,2197.0,429.0,196.7,0.0
505922,2193.0,429.0,196.7,0.0
505922,2197.0,429.0,196.7,0.0
505922,2170.0,429.0,196.7,0.0
505938,2034.0,429.0,196.7,0.0
505938,2062.0,429.0,196.7,0.0
505939,2066.0,429.0,196.7,0.0
505939,2052.0,429.0,196.7,0.0
505952,1933.0,429.0,196.7,0.0
505953,1929.0,429.0,196.7,0.0
505953,1936.0,429.0,196.7,0.0
505969,1979.0,429.0,196.7,0.0
505969,1953.0,429.0,196.7,0.0
505969,1948.0,429.0,196.7,0.0
505969,1943.0,429.0,196.7,0.0
505983,2150.0,430.0,196.7,0.0
505983,2128.0,430.0,196.7,0.0
505983,2118.0,430.0,196.7,0.0
505996,2009.0,430.0,196.7,0.0
505996,2028.0,430.0,196.7,0.0
505997,2028.0,430.0,196.7,0.0
505997,2021.0,430.0,196.7,0.0
506014,2030.0,430.0,196.7,0.0
506015,2067.0,430.0,196.7,0.0
506015,2084.0,430.0,196.7,0.0
506015,2087.0,430.0,196.7,0.0
506028,1961.0,430.0,196.7,0.0
506028,1961.0,430.0,196.7,0.0
506029,1953.0,430.0,196.7,0.0
506042,2147.0,431.0,196.7,0.0
506042,2134.0,431.0,196.7,0.0
506043,2120.0,431.0,196.7,0.0
506043,2120.0,431.0,196.7,0.0
506059,2121.0,431.0,196.7,0.0
506059,2119.0,431.0,196.7,0.0
506059,2114.0,431.0,196.7,0.0
506059,2122.0,431.0,196.7,0.0
506073,1921.0,430.0,196.7,0.0
506073,1940.0,430.0,196.7,0.0
506073,1957.0,430.0,196.7,0.0
506089,1920.0,430.0,196.7,0.0
506090,1928.0,430.0,196.7,0.0
506090,1937.0,430.0,196.7,0.0
506090,1931.0,430.0,196.7,0.0
506104,2097.0,430.0,196.7,0.0
506104,2071.0,430.0,196.7,0.0
506104,2082.0,430.0,196.7,0.0
506117,2381.0,431.0,196.7,0.0
506117,2392.0,431.0,196.7,0.0
506117,2395.0,431.0,196.7,0.0
506117,2399.0,431.0,196.7,0.0
506135,1964.0,431.0,196.7,0.0
506136,2007.0,431.0,196.7,0.0
506136,2023.0,431.0,196.7,0.0
506136,2001.0,431.0,196.7,0.0
506149,1987.0,431.0,196.7,0.0
506149,2009.0,431.0,196.7,0.0
506150,2011.0,431.0,196.7,0.0
506163,2109.0,431.0,196.7,0.0
506164,2079.0,431.0,196.7,0.0
506164,2075.0,431.0,196.7,0.0
506164,2099.0,431.0,196.7,0.0
506181,2103.0,432.0,196.7,0.0
506181,2082.0,432.0,196.7,0.0
506181,2061.0,432.0,196.7,0.0
506181,2064.0,432.0,196.7,0.0
506194,1974.0,432.0,196.7,0.0
506194,1999.0,432.0,196.7,0.0
506195,2000.0,432.0,196.7,0.0
506207,1973.0,432.0,196.7,0.0
506207,1986.0,432.0,196.7,0.0
506208,2010.0,432.0,196.7,0.0
506224,2078.0,433.0,196.7,0.0
506225,2074.0,433.0,196.7,0.0
506225,2019.0,433.0,196.7,0.0
506225,2029.0,433.0,196.7,0.0
506238,2261.0,433.0,196.7,0.0
506238,2273.0,433.0,196.7,0.0
506238,2261.0,433.0,196.7,0.0
506255,1920.0,434.0,196.7,0.0
506256,1956.0,434.0,196.7,0.0
506256,1959.0,434.0,196.7,0.0
506256,1959.0,434.0,196.7,0.0
506269,1983.0,434.0,196.7,0.0
506269,1984.0,434.0,196.7,0.0
506269,1992.0,434.0,196.7,0.0
506283,2098.0,435.0,196.7,0.0
506283,2082.0,435.0,196.7,0.0
506283,2074.0,435.0,196.7,0.0
506284,2070.0,435.0,196.7,0.0
506300,2085.0,435.0,196.7,0.0
506301,2079.0,435.0,196.7,0.0
506301,2072.0,435.0,196.7,0.0
506301,2059.0,435.0,196.7,0.0
506314,1950.0,435.0,196.7,0.0
506314,1973.0,435.0,196.7,0.0
506314,1964.0,435.0,196.7,0.0
506331,1968.0,436.0,196.7,0.0
506331,1934.0,436.0,196.7,0.0
506331,1960.0,436.0,196.7,0.0
506332,1967.0,436.0,196.7,0.0
506344,2108.0,436.0,196.7,0.0
506345,2075.0,436.0,196.7,0.0
506345,2065.0,436.0,196.7,0.0
506358,2150.0,436.0,196.7,0.0
506358,2160.0,436.0,196.7,0.0
506358,2148.0,436.0,196.7,0.0
506358,2126.0,436.0,196.7,0.0
506376,2099.0,436.0,196.7,0.0
506376,2122.0,436.0,196.7,0.0
506377,2124.0,436.0,196.7,0.0
506377,2133.0,436.0,196.7,0.0
506390,1924.0,436.0,196.7,0.0
506391,1926.0,436.0,196.7,0.0
506391,1900.0,436.0,196.7,0.0
506404,2087.0,437.0,196.7,0.0
506404,2074.0,437.0,196.7,0.0
506404,2072.0,437.0,196.7,0.0
506404,2081.0,437.0,196.7,0.0
506421,2131.0,437.0,196.7,0.0
506421,2116.0,437.0,196.7,0.0
506422,2108.0,437.0,196.7,0.0
506422,2106.0,437.0,196.7,0.0
506434,2121.0,437.0,196.7,0.0
506435,2190.0,437.0,196.7,0.0
506435,2204.0,437.0,196.7,0.0
506448,1974.0,437.0,196.7,0.0
506448,1950.0,437.0,196.7,0.0
506448,1944.0,437.0,196.7,0.0
506448,1930.0,437.0,196.7,0.0
506465,2071.0,438.0,196.7,0.0
506466,2076.0,438.0,196.7,0.0
506466,2084.0,438.0,196.7,0.0
506466,2084.0,438.0,196.7,0.0
506479,2106.0,438.0,196.7,0.0
506480,2095.0,438.0,196.7,0.0
506480,2097.0,438.0,196.7,0.0
506496,2164.0,438.0,196.7,0.0
506496,2184.0,438.0,196.7,0.0
506497,2204.0,438.0,196.7,0.0
506497,2191.0,438.0,196.7,0.0
506510,1911.0,438.0,196.7,0.0
506511,1910.0,438.0,196.7,0.0
506511,1893.0,438.0,196.7,0.0
506524,2075.0,438.0,196.7,0.0
506524,2059.0,438.0,196.7,0.0
506524,2080.0,438.0,196.7,0.0
506524,2094.0,438.0,196.7,0.0
506541,2225.0,439.0,196.7,0.0
506542,2194.0,439.0,196.7,0.0
506542,2182.0,439.0,196.7,0.0
506542,2199.0,439.0,196.7,0.0
506555,2122.0,439.0,196.7,0.0
506555,2197.0,439.0,196.7,0.0
506555,2185.0,439.0,196.7,0.0
506568,1947.0,439.0,196.7,0.0
506568,1951.0,439.0,196.7,0.0
506569,1957.0,439.0,196.7,0.0
506569,1932.0,439.0,196.7,0.0
506585,2094.0,438.0,196.7,0.0
506586,2054.0,438.0,196.7,0.0
506586,2096.0,438.0,196.7,0.0
506586,2109.0,438.0,196.7,0.0
506600,2629.0,438.0,196.7,0.0
506600,2578.0,438.0,196.7,0.0
506600,2580.0,438.0,196.7,0.0
506616,1922.0,438.0,196.7,0.0
506617,1963.0,438.0,196.7,0.0
506617,1906.0,438.0,196.7,0.0
506617,1888.0,438.0,196.7,0.0
506631,1972.0,438.0,196.7,0.0
506631,2026.0,438.0,196.7,0.0
506631,2036.0,438.0,196.7,0.0
506644,2234.0,438.0,196.7,0.0
506644,2144.0,438.0,196.7,0.0
506644,2164.0,438.0,196.7,0.0
506645,2220.0,438.0,196.7,0.0
506661,2199.0,438.0,196.7,0.0
506662,2144.0,438.0,196.7,0.0
506662,2075.0,438.0,196.7,0.0
506662,2120.0,438.0,196.7,0.0
506675,1962.0,438.0,196.7,0.0
506675,1989.0,438.0,196.7,0.0
506675,1938.0,438.0,196.7,0.0
506689,1921.0,438.0,196.7,0.0
506689,1949.0,438.0,196.7,0.0
506689,2019.0,438.0,196.7,0.0
506689,2032.0,438.0,196.7,0.0
506705,1989.0,438.0,196.7,0.0
506706,1936.0,438.0,196.7,0.0
506706,1962.0,438.0,196.7,0.0
506706,2018.0,438.0,196.7,0.0
506719,2172.0,438.0,196.7,0.0
506720,2130.0,438.0,196.7,0.0
506720,2087.0,438.0,196.7,0.0
506736,1995.0,438.0,196.7,0.0
506736,2069.0,438.0,196.7,0.0
506737,2075.0,438.0,196.7,0.0
506737,2030.0,438.0,196.7,0.0
506750,1915.0,438.0,196.7,0.0
506751,1932.0,438.0,196.7,0.0
506751,1978.0,438.0,196.7,0.0
506763,2105.0,437.0,196.7,0.0
506764,2060.0,437.0,196.7,0.0
506764,2034.0,437.0,196.7,0.0
506764,2069.0,437.0,196.7,0.0
506781,2176.0,437.0,196.7,0.0
506781,2160.0,437.0,196.7,0.0
506782,2123.0,437.0,196.7,0.0
506782,2100.0,437.0,196.7,0.0
506794,2013.0,437.0,196.7,0.0
506795,2077.0,437.0,196.7,0.0
506795,2081.0,437.0,196.7,0.0
506808,1943.0,437.0,196.7,0.0
506809,1921.0,437.0,196.7,0.0
506809,1939.0,437.0,196.7,0.0
506809,1971.0,437.0,196.7,0.0
506825,2116.0,437.0,196.7,0.0
506825,2056.0,437.0,196.7,0.0
506825,2044.0,437.0,196.7,0.0
506826,2071.0,437.0,196.7,0.0
506839,2452.0,437.0,196.7,0.0
506839,2441.0,437.0,196.7,0.0
506840,2436.0,437.0,196.7,0.0
506856,1849.0,437.0,196.7,0.0
506856,1911.0,437.0,196.7,0.0
506856,1909.0,437.0,196.7,0.0
506856,1881.0,437.0,196.7,0.0
506870,1972.0,437.0,196.7,0.0
506870,1992.0,437.0,196.7,0.0
506871,2014.0,437.0,196.7,0.0
506883,2091.0,437.0,196.7,0.0
506884,2056.0,437.0,196.7,0.0
506884,2034.0,437.0,196.7,0.0
506884,2069.0,437.0,196.7,0.0
506901,2174.0,437.0,196.7,0.0
506901,2161.0,437.0,196.7,0.0
506901,2125.0,437.0,196.7,0.0
506901,2108.0,437.0,196.7,0.0
506914,2136.0,437.0,196.7,0.0
506914,2032.0,437.0,196.7,0.0
506915,2035.0,437.0,196.7,0.0
506928,1961.0,436.0,196.7,0.0
506929,1932.0,436.0,196.7,0.0
506929,1937.0,436.0,196.7,0.0
506930,1951.0,436.0,196.7,0.0
506946,2077.0,436.0,196.7,0.0
506946,2025.0,436.0,196.7,0.0
506946,2009.0,436.0,196.7,0.0
506947,2024.0,436.0,196.7,0.0
506960,2220.0,436.0,196.7,0.0
506961,2205.0,436.0,196.7,0.0
506961,2196.0,436.0,196.7,0.0
506979,2061.0,436.0,196.7,0.0
506979,2072.0,436.0,196.7,0.0
506979,2087.0,436.0,196.7,0.0
506979,2078.0,436.0,196.7,0.0
506992,1917.0,436.0,196.7,0.0
506992,1925.0,436.0,196.7,0.0
506993,1936.0,436.0,196.7,0.0
507005,2069.0,436.0,196.7,0.0
507006,2028.0,436.0,196.7,0.0
507006,2014.0,436.0,196.7,0.0
507006,2024.0,436.0,196.7,0.0
507023,2222.0,435.0,196.7,0.0
507023,2197.0,435.0,196.7,0.0
507024,2171.0,435.0,196.7,0.0
507024,2174.0,435.0,196.7,0.0
507036,1994.0,435.0,196.7,0.0
507037,2024.0,435.0,196.7,0.0
507037,2015.0,435.0,196.7,0.0
507054,1947.0,434.0,196.7,0.0
507054,1980.0,434.0,196.7,0.0
507054,1983.0,434.0,196.7,0.0
507055,2006.0,434.0,196.7,0.0
507068,1924.0,434.0,196.7,0.0
507069,1946.0,434.0,196.7,0.0
507069,1948.0,434.0,196.7,0.0
507082,2171.0,434.0,196.7,0.0
507082,2104.0,434.0,196.7,0.0
507083,2091.0,434.0,196.7,0.0
507083,2089.0,434.0,196.7,0.0
507100,2157.0,434.0,196.7,0.0
507101,2165.0,434.0,196.7,0.0
507101,2150.0,434.0,196.7,0.0
507101,2168.0,434.0,196.7,0.0
507114,1916.0,434.0,196.7,0.0
507114,2065.0,434.0,196.7,0.0
507114,2092.0,434.0,196.7,0.0
507128,1944.0,434.0,196.7,0.0
507128,1956.0,434.0,196.7,0.0
507128,1950.0,434.0,196.7,0.0
507129,1926.0,434.0,196.7,0.0
507144,2137.0,434.0,196.7,0.0
507145,2112.0,434.0,196.7,0.0
507145,2121.0,434.0,196.7,0.0
507145,2115.0,434.0,196.7,0.0
507159,2192.0,435.0,196.7,0.0
507159,2182.0,435.0,196.7,0.0
507159,2199.0,435.0,196.7,0.0
507175,2039.0,434.0,196.7,0.0
507175,2091.0,434.0,196.7,0.0
507176,2063.0,434.0,196.7,0.0
507176,2060.0,434.0,196.7,0.0
507189,1933.0,434.0,196.7,0.0
507190,1953.0,434.0,196.7,0.0
507190,1946.0,434.0,196.7,0.0
507203,2304.0,434.0,93.3,0.0
507203,2264.0,434.0,93.3,0.0
507203,2271.0,434.0,93.3,0.0
507204,2292.0,434.0,93.3,0.0
507221,2223.0,434.0,93.3,0.0
507222,2192.0,434.0,93.3,0.0
507222,2162.0,434.0,93.3,0.0
507222,2184.0,434.0,93.3,0.0
507235,2241.0,434.0,93.3,0.0
507235,2323.0,434.0,93.3,0.0
507236,2310.0,434.0,93.3,0.0
507249,1855.0,434.0,93.3,0.0
507250,1852.0,434.0,93.3,0.0
507250,1849.0,434.0,93.3,0.0
507250,1815.0,434.0,93.3,0.0
507267,2054.0,434.0,93.3,0.0
507267,1948.0,434.0,93.3,0.0
507267,2061.0,434.0,93.3,0.0
507268,2068.0,434.0,93.3,0.0
507280,2284.0,434.0,93.3,0.0
507281,2250.0,434.0,93.3,0.0
507281,2247.0,434.0,93.3,0.0
507297,1891.0,434.0,93.3,0.0
507298,1922.0,434.0,93.3,0.0
507298,1884.0,434.0,93.3,0.0
507298,1844.0,434.0,93.3,0.0
507311,1976.0,434.0,93.3,0.0
507311,2012.0,434.0,93.3,0.0
507311,2042.0,434.0,93.3,0.0
507324,2203.0,434.0,93.3,0.0
507324,2127.0,434.0,93.3,0.0
507325,2122.0,434.0,93.3,0.0
507325,2135.0,434.0,93.3,0.0
507343,2272.0,433.0,93.3,0.0
507343,2208.0,433.0,93.3,0.0
507343,2167.0,433.0,93.3,0.0
507343,2183.0,433.0,93.3,0.0
507357,2110.0,433.0,93.3,0.0
507357,2142.0,433.0,93.3,0.0
507358,2108.0,433.0,93.3,0.0
507370,1907.0,433.0,93.3,0.0
507371,1915.0,433.0,93.3,0.0
507371,1947.0,433.0,93.3,0.0
507372,1948.0,433.0,93.3,0.0
507388,1864.0,433.0,93.3,0.0
507389,1797.0,433.0,93.3,0.0
507389,1808.0,433.0,93.3,0.0
507389,1828.0,433.0,93.3,0.0
507402,2165.0,432.0,93.3,0.0
507402,2121.0,432.0,93.3,0.0
507403,2125.0,432.0,93.3,0.0
507416,2090.0,432.0,93.3,0.0
507417,2157.0,432.0,93.3,0.0
507417,2163.0,432.0,93.3,0.0
507417,2125.0,432.0,93.3,0.0
507433,1901.0,432.0,93.3,0.0
507434,1934.0,432.0,93.3,0.0
507434,1946.0,432.0,93.3,0.0
507434,1926.0,432.0,93.3,0.0
507448,1962.0,433.0,93.3,0.0
507448,1962.0,433.0,93.3,0.0
507449,1994.0,433.0,93.3,0.0
507449,1995.0,433.0,93.3,0.0
507465,1978.0,433.0,93.3,0.0
507465,1975.0,433.0,93.3,0.0
507466,1961.0,433.0,93.3,0.0
507466,2003.0,433.0,93.3,0.0
507479,2288.0,432.0,93.3,0.0
507480,2272.0,432.0,93.3,0.0
507480,2248.0,432.0,93.3,0.0
507493,1878.0,432.0,93.3,0.0
507493,1915.0,432.0,93.3,0.0
507493,1907.0,432.0,93.3,0.0
507493,1900.0,432.0,93.3,0.0
507510,1908.0,432.0,93.3,0.0
507510,1915.0,432.0,93.3,0.0
507511,1936.0,432.0,93.3,0.0
507511,1922.0,432.0,93.3,0.0
507524,2191.0,432.0,93.3,0.0
507524,2151.0,432.0,93.3,0.0
507525,2163.0,432.0,93.3,0.0
507538,2053.0,431.0,93.3,0.0
507539,2057.0,431.0,93.3,0.0
507539,2029.0,431.0,93.3,0.0
507539,2017.0,431.0,93.3,0.0
507556,2204.0,431.0,93.3,0.0
507556,2268.0,431.0,93.3,0.0
507557,2260.0,431.0,93.3,0.0
507557,2239.0,431.0,93.3,0.0
507569,1876.0,431.0,93.3,0.0
507570,1886.0,431.0,93.3,0.0
507570,1914.0,431.0,93.3,0.0
507587,2025.0,430.0,93.3,0.0
507587,1993.0,430.0,93.3,0.0
507588,1987.0,430.0,93.3,0.0
507588,2012.0,430.0,93.3,0.0
507600,2001.0,430.0,93.3,0.0
507601,1991.0,430.0,93.3,0.0
507601,1968.0,430.0,93.3,0.0
507613,1866.0,430.0,93.3,0.0
507614,2078.0,430.0,93.3,0.0
507614,2084.0,430.0,93.3,0.0
507614,2088.0,430.0,93.3,0.0
507631,1868.0,429.0,93.3,0.0
507631,1872.0,429.0,93.3,0.0
507632,1893.0,429.0,93.3,0.0
507632,1868.0,429.0,93.3,0.0
507644,2133.0,429.0,93.3,0.0
507645,2103.0,429.0,93.3,0.0
507645,2108.0,429.0,93.3,0.0
507658,1857.0,428.0,93.3,0.0
507659,1867.0,428.0,93.3,0.0
507659,1840.0,428.0,93.3,0.0
507659,1830.0,428.0,93.3,0.0
507676,2096.0,427.0,93.3,0.0
507677,2114.0,427.0,93.3,0.0
507677,2136.0,427.0,93.3,0.0
507677,2117.0,427.0,93.3,0.0
507690,1962.0,427.0,93.3,0.0
507690,1948.0,427.0,93.3,0.0
507690,1942.0,427.0,93.3,0.0
507708,2009.0,427.0,93.3,0.0
507708,1902.0,427.0,93.3,0.0
507708,1857.0,427.0,93.3,0.0
507708,1830.0,427.0,93.3,0.0
507721,1985.0,426.0,93.3,0.0
507721,2008.0,426.0,93.3,0.0
507722,2018.0,426.0,93.3,0.0
507735,2118.0,426.0,93.3,0.0
507736,2136.0,426.0,93.3,0.0
507736,2148.0,426.0,93.3,0.0
507736,2155.0,426.0,93.3,0.0
507752,1889.0,426.0,93.3,0.0
507752,1899.0,426.0,93.3,0.0
507752,1910.0,426.0,93.3,0.0
507752,1924.0,426.0,93.3,0.0
507766,2053.0,425.0,93.3,0.0
507766,2020.0,425.0,93.3,0.0
507767,2010.0,425.0,93.3,0.0
507782,2094.0,425.0,93.3,0.0
507783,2099.0,425.0,93.3,0.0
507783,2090.0,425.0,93.3,0.0
507783,2085.0,425.0,93.3,0.0
507797,1930.0,425.0,93.3,0.0
507797,1936.0,425.0,93.3,0.0
507798,1952.0,425.0,93.3,0.0
507798,1928.0,425.0,93.3,0.0
507810,1978.0,424.0,93.3,0.0
507811,1998.0,424.0,93.3,0.0
507811,1991.0,424.0,93.3,0.0
507829,1909.0,424.0,93.3,0.0
507829,1904.0,424.0,93.3,0.0
507830,1895.0,424.0,93.3,0.0
507830,1902.0,424.0,93.3,0.0
507842,2038.0,424.0,93.3,0.0
507843,2064.0,424.0,93.3,0.0
507843,2038.0,424.0,93.3,0.0
507857,1936.0,424.0,93.3,0.0
507857,1939.0,424.0,93.3,0.0
507857,1937.0,424.0,93.3,0.0
507857,1925.0,424.0,93.3,0.0
507873,2018.0,424.0,93.3,0.0
507874,2092.0,424.0,93.3,0.0
507874,2119.0,424.0,93.3,0.0
507874,2135.0,424.0,93.3,0.0
507887,1945.0,423.0,93.3,0.0
507888,1917.0,423.0,93.3,0.0
507888,1912.0,423.0,93.3,0.0
507901,2099.0,423.0,93.3,0.0
507901,2098.0,423.0,93.3,0.0
507901,2088.0,423.0,93.3,0.0
507901,2125.0,423.0,93.3,0.0
507918,2087.0,423.0,93.3,0.0
507919,2082.0,423.0,93.3,0.0
507919,2078.0,423.0,93.3,0.0
507919,2085.0,423.0,93.3,0.0
507931,1936.0,422.0,93.3,0.0
507932,1907.0,422.0,93.3,0.0
507932,1907.0,422.0,93.3,0.0
507949,1928.0,423.0,93.3,0.0
507949,1927.0,423.0,93.3,0.0
507950,1934.0,423.0,93.3,0.0
507950,1935.0,423.0,93.3,0.0
507962,2136.0,423.0,93.3,0.0
507963,2121.0,423.0,93.3,0.0
507963,2124.0,423.0,93.3,0.0
507976,2117.0,423.0,93.3,0.0
507977,2134.0,423.0,93.3,0.0
507977,2118.0,423.0,93.3,0.0
507977,2105.0,423.0,93.3,0.0
507994,2978.0,423.0,196.7,0.0
507995,3255.0,423.0,196.7,0.0
507995,3453.0,423.0,196.7,0.0
507996,3826.0,423.0,196.7,0.0
508009,1567.0,423.0,196.7,0.0
508009,1484.0,423.0,196.7,0.0
508009,1388.0,423.0,196.7,0.0
508026,2343.0,422.0,196.7,0.0
508027,2336.0,422.0,196.7,0.0
508027,2433.0,422.0,196.7,0.0
508027,2477.0,422.0,196.7,0.0
508040,1921.0,422.0,196.7,0.0
508040,1844.0,422.0,196.7,0.0
508040,1830.0,422.0,196.7,0.0
508053,1992.0,422.0,196.7,0.0
508053,2036.0,422.0,196.7,0.0
508053,2018.0,422.0,196.7,0.0
508054,1932.0,422.0,196.7,0.0
508071,1909.0,422.0,196.7,0.0
508072,1977.0,422.0,196.7,0.0
508072,2033.0,422.0,196.7,0.0
508072,1987.0,422.0,196.7,0.0
508086,1959.0,422.0,196.7,0.0
508086,1943.0,422.0,196.7,0.0
508086,2003.0,422.0,196.7,0.0
508099,2074.0,422.0,196.7,0.0
508099,2059.0,422.0,196.7,0.0
508099,1986.0,422.0,196.7,0.0
508100,2008.0,422.0,196.7,0.0
508116,2086.0,422.0,196.7,0.0
508117,2138.0,422.0,196.7,0.0
508117,2109.0,422.0,196.7,0.0
508117,2054.0,422.0,196.7,0.0
508130,1898.0,422.0,196.7,0.0
508130,1944.0,422.0,196.7,0.0
508131,1966.0,422.0,196.7,0.0
508144,2069.0,422.0,196.7,0.0
508145,2008.0,422.0,196.7,0.0
508145,2006.0,422.0,196.7,0.0
508145,2051.0,422.0,196.7,0.0
508161,2088.0,422.0,196.7,0.0
508162,2046.0,422.0,196.7,0.0
508162,2006.0,422.0,196.7,0.0
508162,2013.0,422.0,196.7,0.0
508176,2320.0,422.0,196.7,0.0
508176,2372.0,422.0,196.7,0.0
508176,2380.0,422.0,196.7,0.0
508192,1764.0,422.0,196.7,0.0
508193,1759.0,422.0,196.7,0.0
508193,1796.0,422.0,196.7,0.0
508193,1794.0,422.0,196.7,0.0
508207,2013.0,422.0,196.7,0.0
508207,2021.0,422.0,196.7,0.0
508207,2033.0,422.0,196.7,0.0
508220,2037.0,422.0,196.7,0.0
508220,2035.0,422.0,196.7,0.0
508220,2025.0,422.0,196.7,0.0
508221,2002.0,422.0,196.7,0.0
508237,2008.0,422.0,196.7,0.0
508238,2029.0,422.0,196.7,0.0
508238,2019.0,422.0,196.7,0.0
508238,2007.0,422.0,196.7,0.0
508251,1940.0,422.0,196.7,0.0
508251,1950.0,422.0,196.7,0.0
508251,1969.0,422.0,196.7,0.0
508265,2016.0,423.0,196.7,0.0
508265,1968.0,423.0,196.7,0.0
508265,1986.0,423.0,196.7,0.0
508265,2002.0,423.0,196.7,0.0
508281,2114.0,423.0,196.7,0.0
508282,2104.0,423.0,196.7,0.0
508282,2082.0,423.0,196.7,0.0
508282,2073.0,423.0,196.7,0.0
508296,2257.0,423.0,196.7,0.0
508296,2298.0,423.0,196.7,0.0
508297,2308.0,423.0,196.7,0.0
508315,1935.0,423.0,196.7,0.0
508315,1953.0,423.0,196.7,0.0
508315,1984.0,423.0,196.7,0.0
508315,1989.0,423.0,196.7,0.0
508328,1990.0,423.0,196.7,0.0
508328,1994.0,423.0,196.7,0.0
508329,1989.0,423.0,196.7,0.0
508341,2173.0,423.0,196.7,0.0
508342,2150.0,423.0,196.7,0.0
508342,2162.0,423.0,196.7,0.0
508359,2175.0,423.0,196.7,0.0
508359,2184.0,423.0,196.7,0.0
508359,2168.0,423.0,196.7,0.0
508359,2160.0,423.0,196.7,0.0
508373,1913.0,423.0,196.7,0.0
508373,1973.0,423.0,196.7,0.0
508373,1975.0,423.0,196.7,0.0
508389,1923.0,423.0,196.7,0.0
508390,1925.0,423.0,196.7,0.0
508390,1925.0,423.0,196.7,0.0
508390,1932.0,423.0,196.7,0.0
508404,2109.0,424.0,196.7,0.0
508404,2069.0,424.0,196.7,0.0
508405,2080.0,424.0,196.7,0.0
508417,2091.0,424.0,196.7,0.0
508418,2106.0,424.0,196.7,0.0
508418,2102.0,424.0,196.7,0.0
508418,2076.0,424.0,196.7,0.0
508436,2027.0,424.0,196.7,0.0
508436,2066.0,424.0,196.7,0.0
508436,2077.0,424.0,196.7,0.0
508437,2069.0,424.0,196.7,0.0
508449,1939.0,424.0,196.7,0.0
508450,1931.0,424.0,196.7,0.0
508451,1940.0,424.0,196.7,0.0
508464,2074.0,424.0,196.7,0.0
508465,2044.0,424.0,196.7,0.0
508465,2028.0,424.0,196.7,0.0
508465,2035.0,424.0,196.7,0.0
508481,2153.0,424.0,196.7,0.0
508481,2136.0,424.0,196.7,0.0
508482,2128.0,424.0,196.7,0.0
508482,2121.0,424.0,196.7,0.0
508495,2170.0,424.0,196.7,0.0
508496,2241.0,424.0,196.7,0.0
508496,2229.0,424.0,196.7,0.0
508509,1927.0,424.0,196.7,0.0
508509,1913.0,424.0,196.7,0.0
508509,1913.0,424.0,196.7,0.0
508510,1889.0,424.0,196.7,0.0
508526,2033.0,424.0,196.7,0.0
508527,2022.0,424.0,196.7,0.0
508527,2029.0,424.0,196.7,0.0
508527,2029.0,424.0,196.7,0.0
508540,2132.0,425.0,196.7,0.0
508540,2108.0,425.0,196.7,0.0
508540,2114.0,425.0,196.7,0.0
508557,2282.0,424.0,196.7,0.0
508558,2293.0,424.0,196.7,0.0
508558,2293.0,424.0,196.7,0.0
508558,2286.0,424.0,196.7,0.0
508571,1881.0,424.0,196.7,0.0
508571,1858.0,424.0,196.7,0.0
508572,1851.0,424.0,196.7,0.0
508585,2066.0,424.0,196.7,0.0
508585,2049.0,424.0,196.7,0.0
508586,2072.0,424.0,196.7,0.0
508586,2075.0,424.0,196.7,0.0
508603,2189.0,424.0,196.7,0.0
508603,2140.0,424.0,196.7,0.0
508603,2144.0,424.0,196.7,0.0
508604,2157.0,424.0,196.7,0.0
508616,1849.0,424.0,196.7,0.0
508617,1832.0,424.0,196.7,0.0
508617,1799.0,424.0,196.7,0.0
508633,2005.0,424.0,196.7,0.0
508634,2022.0,424.0,196.7,0.0
508634,2052.0,424.0,196.7,0.0
508634,2037.0,424.0,196.7,0.0
508647,1939.0,424.0,196.7,0.0
508647,1922.0,424.0,196.7,0.0
508648,1953.0,424.0,196.7,0.0
508660,2096.0,424.0,196.7,0.0
508661,2102.0,424.0,196.7,0.0
508661,2077.0,424.0,196.7,0.0
508661,2064.0,424.0,196.7,0.0
508679,2093.0,424.0,196.7,0.0
508679,2147.0,424.0,196.7,0.0
508679,2112.0,424.0,196.7,0.0
508679,2056.0,424.0,196.7,0.0
508693,1908.0,425.0,196.7,0.0
508693,1963.0,425.0,196.7,0.0
508694,1991.0,425.0,196.7,0.0
508706,2020.0,426.0,196.7,0.0
508707,1994.0,426.0,196.7,0.0
508707,1992.0,426.0,196.7,0.0
508707,1998.0,426.0,196.7,0.0
508724,2061.0,426.0,196.7,0.0
508724,2043.0,426.0,196.7,0.0
508724,2029.0,426.0,196.7,0.0
508725,2012.0,426.0,196.7,0.0
508737,2110.0,426.0,196.7,0.0
508738,2114.0,426.0,196.7,0.0
508738,2112.0,426.0,196.7,0.0
508754,1971.0,426.0,196.7,0.0
508755,2004.0,426.0,196.7,0.0
508755,2011.0,426.0,196.7,0.0
508755,2020.0,426.0,196.7,0.0
508768,1985.0,426.0,196.7,0.0
508768,1982.0,426.0,196.7,0.0
508768,1982.0,426.0,196.7,0.0
508782,2021.0,426.0,196.7,0.0
508782,2052.0,426.0,196.7,0.0
508782,2047.0,426.0,196.7,0.0
508783,2050.0,426.0,196.7,0.0
508799,2101.0,426.0,196.7,0.0
508800,2100.0,426.0,196.7,0.0
508800,2102.0,426.0,196.7,0.0
508800,2102.0,426.0,196.7,0.0
508814,1966.0,426.0,196.7,0.0
508814,2006.0,426.0,196.7,0.0
508814,2010.0,426.0,196.7,0.0
508827,2004.0,427.0,196.7,0.0
508828,1986.0,427.0,196.7,0.0
508828,1983.0,427.0,196.7,0.0
508828,1979.0,427.0,196.7,0.0
508845,2063.0,427.0,196.7,0.0
508845,2047.0,427.0,196.7,0.0
508845,2051.0,427.0,196.7,0.0
508845,2049.0,427.0,196.7,0.0
508858,2201.0,427.0,196.7,0.0
508858,2221.0,427.0,196.7,0.0
508859,2224.0,427.0,196.7,0.0
508872,1901.0,427.0,196.7,0.0
508872,1900.0,427.0,196.7,0.0
508873,1898.0,427.0,196.7,0.0
508873,1863.0,427.0,196.7,0.0
508889,1972.0,428.0,196.7,0.0
508889,1962.0,428.0,196.7,0.0
508889,1978.0,428.0,196.7,0.0
508889,1965.0,428.0,196.7,0.0
508903,2128.0,427.0,196.7,0.0
508903,2113.0,427.0,196.7,0.0
508904,2141.0,427.0,196.7,0.0
508920,2173.0,427.0,196.7,0.0
508920,2167.0,427.0,196.7,0.0
508920,2131.0,427.0,196.7,0.0
508921,2130.0,427.0,196.7,0.0
508934,1988.0,427.0,196.7,0.0
508934,2064.0,427.0,196.7,0.0
508935,2053.0,427.0,196.7,0.0
508947,1976.0,427.0,196.7,0.0
508948,1962.0,427.0,196.7,0.0
508948,1997.0,427.0,196.7,0.0
508948,1972.0,427.0,196.7,0.0
508965,2080.0,428.0,196.7,0.0
508966,2047.0,428.0,196.7,0.0
508966,2050.0,428.0,196.7,0.0
508966,2068.0,428.0,196.7,0.0
508979,2027.0,428.0,196.7,0.0
508979,2019.0,428.0,196.7,0.0
508979,1980.0,428.0,196.7,0.0
508996,2164.0,428.0,196.7,0.0
508997,2209.0,428.0,196.7,0.0
508997,2232.0,428.0,196.7,0.0
508997,2209.0,428.0,196.7,0.0
509010,1883.0,429.0,196.7,0.0
509011,1879.0,429.0,196.7,0.0
509011,1901.0,429.0,196.7,0.0
509024,2119.0,429.0,196.7,0.0
509024,2100.0,429.0,196.7,0.0
509024,2092.0,429.0,196.7,0.0
509024,2094.0,429.0,196.7,0.0
509042,2153.0,429.0,196.7,0.0
509043,2109.0,429.0,196.7,0.0
509043,2099.0,429.0,196.7,0.0
509043,2100.0,429.0,196.7,0.0
509056,2149.0,430.0,196.7,0.0
509056,2168.0,430.0,196.7,0.0
509056,2170.0,430.0,196.7,0.0
509069,1945.0,430.0,196.7,0.0
509069,1939.0,430.0,196.7,0.0
509069,1927.0,430.0,196.7,0.0
509086,2015.0,431.0,196.7,0.0
509086,2027.0,431.0,196.7,0.0
509086,2017.0,431.0,196.7,0.0
509087,2022.0,431.0,196.7,0.0
509099,2192.0,431.0,196.7,0.0
509100,2182.0,431.0,196.7,0.0
509100,2180.0,431.0,196.7,0.0
509113,1900.0,431.0,196.7,0.0
509114,1927.0,431.0,196.7,0.0
509114,1929.0,431.0,196.7,0.0
509114,1910.0,431.0,196.7,0.0
509131,1931.0,432.0,196.7,0.0
509131,1946.0,432.0,196.7,0.0
509131,1956.0,432.0,196.7,0.0
509132,1935.0,432.0,196.7,0.0
509144,2032.0,432.0,196.7,0.0
509145,2024.0,432.0,196.7,0.0
509145,2044.0,432.0,196.7,0.0
509162,2125.0,433.0,196.7,0.0
509162,2112.0,433.0,196.7,0.0
509162,2088.0,433.0,196.7,0.0
509163,2090.0,433.0,196.7,0.0
509175,2143.0,433.0,196.7,0.0
509176,2192.0,433.0,196.7,0.0
509176,2201.0,433.0,196.7,0.0
509188,1934.0,433.0,196.7,0.0
509189,1931.0,433.0,196.7,0.0
509189,1934.0,433.0,196.7,0.0
509189,1916.0,433.0,196.7,0.0
509206,2027.0,433.0,196.7,0.0
509206,2004.0,433.0,196.7,0.0
509207,2017.0,433.0,196.7,0.0
509207,2017.0,433.0,196.7,0.0
509220,2199.0,434.0,196.7,0.0
509221,2175.0,434.0,196.7,0.0
509221,2170.0,434.0,196.7,0.0
509237,2006.0,434.0,196.7,0.0
509237,2030.0,434.0,196.7,0.0
509237,2014.0,434.0,196.7,0.0
509237,1989.0,434.0,196.7,0.0
509251,1947.0,435.0,196.7,0.0
509251,1972.0,435.0,196.7,0.0
509252,1965.0,435.0,196.7,0.0
509264,2046.0,435.0,196.7,0.0
509264,2020.0,435.0,196.7,0.0
509265,2028.0,435.0,196.7,0.0
509265,2050.0,435.0,196.7,0.0
509282,2214.0,435.0,196.7,0.0
509283,2175.0,435.0,196.7,0.0
509283,2148.0,435.0,196.7,0.0
509283,2146.0,435.0,196.7,0.0
509296,1991.0,436.0,196.7,0.0
509296,2025.0,436.0,196.7,0.0
509297,2005.0,436.0,196.7,0.0
509310,1953.0,436.0,196.7,0.0
509311,1966.0,436.0,196.7,0.0
509311,1973.0,436.0,196.7,0.0
509311,1976.0,436.0,196.7,0.0
509327,2003.0,436.0,196.7,0.0
509327,1983.0,436.0,196.7,0.0
509327,1997.0,436.0,196.7,0.0
509327,2017.0,436.0,196.7,0.0
509341,2272.0,437.0,196.7,0.0
509341,2233.0,437.0,196.7,0.0
509342,2230.0,437.0,196.7,0.0
509357,2168.0,437.0,196.7,0.0
509358,2203.0,437.0,196.7,0.0
509358,2193.0,437.0,196.7,0.0
509358,2179.0,437.0,196.7,0.0
509372,1884.0,437.0,196.7,0.0
509372,1900.0,437.0,196.7,0.0
509372,1912.0,437.0,196.7,0.0
509385,2044.0,437.0,196.7,0.0
509386,2002.0,437.0,196.7,0.0
509386,2022.0,437.0,196.7,0.0
509386,2044.0,437.0,196.7,0.0
509404,2057.0,437.0,196.7,0.0
509404,2029.0,437.0,196.7,0.0
509404,1998.0,437.0,196.7,0.0
509405,2010.0,437.0,196.7,0.0
509417,2113.0,437.0,196.7,0.0
509418,2124.0,437.0,196.7,0.0
509418,2110.0,437.0,196.7,0.0
509431,1907.0,437.0,196.7,0.0
509432,2014.0,437.0,196.7,0.0
509432,1822.0,437.0,196.7,0.0
509432,1938.0,437.0,196.7,0.0
509448,1966.0,437.0,196.7,0.0
509448,1959.0,437.0,196.7,0.0
509448,1992.0,437.0,196.7,0.0
509449,1993.0,437.0,196.7,0.0
509462,2175.0,437.0,196.7,0.0
509463,2133.0,437.0,196.7,0.0
509463,2126.0,437.0,196.7,0.0
509479,2246.0,437.0,196.7,0.0
509480,2260.0,437.0,196.7,0.0
509480,2253.0,437.0,196.7,0.0
509480,2235.0,437.0,196.7,0.0
509493,1870.0,436.0,196.7,0.0
509493,1873.0,436.0,196.7,0.0
509493,1887.0,436.0,196.7,0.0
509506,2036.0,436.0,196.7,0.0
509506,2014.0,436.0,196.7,0.0
509507,2012.0,436.0,196.7,0.0
509507,2034.0,436.0,196.7,0.0
509525,2089.0,437.0,196.7,0.0
509525,2060.0,437.0,196.7,0.0
509525,2038.0,437.0,196.7,0.0
509526,2049.0,437.0,196.7,0.0
509539,2131.0,437.0,196.7,0.0
509540,2140.0,437.0,196.7,0.0
509540,2123.0,437.0,196.7,0.0
509552,1921.0,437.0,196.7,0.0
509553,1945.0,437.0,196.7,0.0
509553,1955.0,437.0,196.7,0.0
509553,1945.0,437.0,196.7,0.0
509570,1900.0,437.0,196.7,0.0
509570,1876.0,437.0,196.7,0.0
509570,1889.0,437.0,196.7,0.0
509570,1895.0,437.0,196.7,0.0
509583,2090.0,437.0,196.7,0.0
509583,2068.0,437.0,196.7,0.0
509584,2079.0,437.0,196.7,0.0
509596,2113.0,437.0,196.7,0.0
509596,2142.0,437.0,196.7,0.0
509597,2137.0,437.0,196.7,0.0
509613,1878.0,436.0,196.7,0.0
509614,2013.0,436.0,196.7,0.0
509614,1924.0,436.0,196.7,0.0
509614,1923.0,436.0,196.7,0.0
509627,2005.0,436.0,196.7,0.0
509627,1995.0,436.0,196.7,0.0
509627,1995.0,436.0,196.7,0.0
509644,2120.0,435.0,196.7,0.0
509645,2089.0,435.0,196.7,0.0
509645,2080.0,435.0,196.7,0.0
509645,2065.0,435.0,196.7,0.0
509659,2041.0,435.0,196.7,0.0
509659,2044.0,435.0,196.7,0.0
509659,2042.0,435.0,196.7,0.0
509672,1950.0,435.0,196.7,0.0
509672,1951.0,435.0,196.7,0.0
509672,1953.0,435.0,196.7,0.0
509673,1942.0,435.0,196.7,0.0
509689,1947.0,435.0,196.7,0.0
509690,1921.0,435.0,196.7,0.0
509690,1925.0,435.0,196.7,0.0
509690,1916.0,435.0,196.7,0.0
509702,2044.0,435.0,196.7,0.0
509703,2043.0,435.0,196.7,0.0
509703,2037.0,435.0,196.7,0.0
509716,2053.0,435.0,196.7,0.0
509716,2073.0,435.0,196.7,0.0
509716,2075.0,435.0,196.7,0.0
509733,1958.0,434.0,196.7,0.0
509734,1997.0,434.0,196.7,0.0
509734,2019.0,434.0,196.7,0.0
509734,2052.0,434.0,196.7,0.0
509747,2013.0,434.0,196.7,0.0
509747,1995.0,434.0,196.7,0.0
509747,1981.0,434.0,196.7,0.0
509765,2054.0,434.0,196.7,0.0
509766,2043.0,434.0,196.7,0.0
509766,2037.0,434.0,196.7,0.0
509766,2041.0,434.0,196.7,0.0
509781,2055.0,433.0,196.7,0.0
509782,2050.0,433.0,196.7,0.0
509782,2043.0,433.0,196.7,0.0
509783,2048.0,433.0,196.7,0.0
509800,2282.0,433.0,196.7,0.0
509801,2272.0,433.0,196.7,0.0
509801,2275.0,433.0,196.7,0.0
509801,2270.0,433.0,196.7,0.0
509814,1942.0,433.0,196.7,0.0
509814,1964.0,433.0,196.7,0.0
509814,1951.0,433.0,196.7,0.0
509828,1963.0,433.0,196.7,0.0
509829,1955.0,433.0,196.7,0.0
509829,1972.0,433.0,196.7,0.0
509829,1957.0,433.0,196.7,0.0
509845,3524.0,433.0,196.7,0.0
509846,3338.0,433.0,196.7,0.0
509846,3330.0,433.0,196.7,0.0
509846,3319.0,433.0,196.7,0.0
509860,1300.0,433.0,196.7,0.0
509860,1303.0,433.0,196.7,0.0
509860,1246.0,433.0,196.7,0.0
509876,2305.0,433.0,196.7,0.0
509877,2362.0,433.0,196.7,0.0
509877,2435.0,433.0,196.7,0.0
509877,2413.0,433.0,196.7,0.0
509891,1780.0,433.0,196.7,0.0
509891,1755.0,433.0,196.7,0.0
509891,1793.0,433.0,196.7,0.0
509904,2179.0,432.0,196.7,0.0
509905,2158.0,432.0,196.7,0.0
509905,2096.0,432.0,196.7,0.0
509905,2062.0,432.0,196.7,0.0
509922,2146.0,432.0,196.7,0.0
509922,2185.0,432.0,196.7,0.0
509922,2173.0,432.0,196.7,0.0
509922,2118.0,432.0,196.7,0.0
509935,2701.0,432.0,196.7,0.0
509936,2920.0,432.0,196.7,0.0
509936,3045.0,432.0,196.7,0.0
509953,1258.0,432.0,196.7,0.0
509953,1225.0,432.0,196.7,0.0
509953,1130.0,432.0,196.7,0.0
509953,1081.0,432.0,196.7,0.0
509966,2259.0,432.0,196.7,0.0
509966,2331.0,432.0,196.7,0.0
509967,2363.0,432.0,196.7,0.0
509981,2000.0,432.0,196.7,0.0
509981,1950.0,432.0,196.7,0.0
509981,1943.0,432.0,196.7,0.0
509981,2007.0,432.0,196.7,0.0
509999,2311.0,432.0,196.7,0.0
510000,2283.0,432.0,196.7,0.0
510000,2244.0,432.0,196.7,0.0
510000,2271.0,432.0,196.7,0.0
510013,1878.0,432.0,196.7,0.0
510013,1891.0,432.0,196.7,0.0
510013,1852.0,432.0,196.7,0.0
510027,1963.0,432.0,196.7,0.0
510028,1981.0,432.0,196.7,0.0
510028,2029.0,432.0,196.7,0.0
510028,2050.0,432.0,196.7,0.0
510044,2134.0,432.0,196.7,0.0
510044,2042.0,432.0,196.7,0.0
510045,2067.0,432.0,196.7,0.0
510045,2115.0,432.0,196.7,0.0
510058,2003.0,432.0,196.7,0.0
510059,1940.0,432.0,196.7,0.0
510059,1941.0,432.0,196.7,0.0
510075,2177.0,432.0,196.7,0.0
510075,2281.0,432.0,196.7,0.0
510075,2320.0,432.0,196.7,0.0
510076,2312.0,432.0,196.7,0.0
510089,1836.0,432.0,196.7,0.0
510090,1831.0,432.0,196.7,0.0
510090,1861.0,432.0,196.7,0.0
510102,2200.0,432.0,196.7,0.0
510103,2169.0,432.0,196.7,0.0
510103,2149.0,432.0,196.7,0.0
510103,2164.0,432.0,196.7,0.0
510121,2130.0,432.0,196.7,0.0
510122,2108.0,432.0,196.7,0.0
510122,2076.0,432.0,196.7,0.0
510122,2075.0,432.0,196.7,0.0
510134,2156.0,432.0,196.7,0.0
510135,2254.0,432.0,196.7,0.0
510135,2269.0,432.0,196.7,0.0
510149,1895.0,432.0,196.7,0.0
510149,1868.0,432.0,196.7,0.0
510149,1847.0,432.0,196.7,0.0
510149,1863.0,432.0,196.7,0.0
510165,2075.0,432.0,196.7,0.0
510166,2055.0,432.0,196.7,0.0
510166,2057.0,432.0,196.7,0.0
510166,2068.0,432.0,196.7,0.0
510180,2055.0,432.0,196.7,0.0
510180,2050.0,432.0,196.7,0.0
510180,2027.0,432.0,196.7,0.0
510193,1925.0,431.0,196.7,0.0
510193,1954.0,431.0,196.7,0.0
510193,1979.0,431.0,196.7,0.0
510193,1991.0,431.0,196.7,0.0
510210,1912.0,431.0,196.7,0.0
510211,1912.0,431.0,196.7,0.0
510211,1915.0,431.0,196.7,0.0
510211,1905.0,431.0,196.7,0.0
510224,2039.0,431.0,196.7,0.0
510224,2024.0,431.0,196.7,0.0
510225,2038.0,431.0,196.7,0.0
510242,2640.0,430.0,196.7,0.0
510242,2563.0,430.0,196.7,0.0
510242,2546.0,430.0,196.7,0.0
510243,2519.0,430.0,196.7,0.0
510256,1821.0,430.0,196.7,0.0
510256,1848.0,430.0,196.7,0.0
510257,1838.0,430.0,196.7,0.0
510269,2042.0,430.0,196.7,0.0
510270,2038.0,430.0,196.7,0.0
510270,2072.0,430.0,196.7,0.0
510270,2061.0,430.0,196.7,0.0
510287,1981.0,430.0,196.7,0.0
510287,1930.0,430.0,196.7,0.0
510287,1933.0,430.0,196.7,0.0
510287,1973.0,430.0,196.7,0.0
510300,2120.0,430.0,196.7,0.0
510300,2090.0,430.0,196.7,0.0
510301,2076.0,430.0,196.7,0.0
510313,1991.0,430.0,196.7,0.0
510314,2036.0,430.0,196.7,0.0
510314,2033.0,430.0,196.7,0.0
510314,2042.0,430.0,196.7,0.0
510331,1876.0,430.0,196.7,0.0
510331,1893.0,430.0,196.7,0.0
510331,1883.0,430.0,196.7,0.0
510331,1899.0,430.0,196.7,0.0
510344,2086.0,430.0,196.7,0.0
510344,2063.0,430.0,196.7,0.0
510345,2082.0,430.0,196.7,0.0
510362,2094.0,430.0,196.7,0.0
510362,2062.0,430.0,196.7,0.0
510362,2033.0,430.0,196.7,0.0
510363,2038.0,430.0,196.7,0.0
510376,2208.0,429.0,196.7,0.0
510377,2266.0,429.0,196.7,0.0
510377,2261.0,429.0,196.7,0.0
510390,1890.0,429.0,196.7,0.0
510390,1888.0,429.0,196.7,0.0
510390,1875.0,429.0,196.7,0.0
510391,1888.0,429.0,196.7,0.0
510407,2010.0,429.0,196.7,0.0
510408,1981.0,429.0,196.7,0.0
510408,1979.0,429.0,196.7,0.0
510408,1980.0,429.0,196.7,0.0
510421,2160.0,429.0,196.7,0.0
510421,2138.0,429.0,196.7,0.0
510422,2142.0,429.0,196.7,0.0
510434,1963.0,429.0,196.7,0.0
510434,2008.0,429.0,196.7,0.0
510435,2019.0,429.0,196.7,0.0
510435,2009.0,429.0,196.7,0.0
510452,1910.0,427.0,196.7,0.0
510452,1914.0,427.0,196.7,0.0
510452,1911.0,427.0,196.7,0.0
510452,1920.0,427.0,196.7,0.0
510466,2025.0,427.0,196.7,0.0
510466,2006.0,427.0,196.7,0.0
510466,2011.0,427.0,196.7,0.0
510482,2097.0,427.0,196.7,0.0
510483,2079.0,427.0,196.7,0.0
510483,2066.0,427.0,196.7,0.0
510483,2061.0,427.0,196.7,0.0
510497,2381.0,427.0,196.7,0.0
510497,2394.0,427.0,196.7,0.0
510497,2408.0,427.0,196.7,0.0
510510,1856.0,427.0,196.7,0.0
510511,1837.0,427.0,196.7,0.0
510511,1822.0,427.0,196.7,0.0
510511,1796.0,427.0,196.7,0.0
510528,1974.0,426.0,196.7,0.0
510528,1954.0,426.0,196.7,0.0
510529,1966.0,426.0,196.7,0.0
510529,1946.0,426.0,196.7,0.0
510541,2077.0,426.0,196.7,0.0
510542,2078.0,426.0,196.7,0.0
510542,2097.0,426.0,196.7,0.0
510559,2148.0,425.0,196.7,0.0
510559,2141.0,425.0,196.7,0.0
510559,2118.0,425.0,196.7,0.0
510560,2115.0,425.0,196.7,0.0
510572,1924.0,425.0,196.7,0.0
510573,1935.0,425.0,196.7,0.0
510573,1961.0,425.0,196.7,0.0
510586,1983.0,425.0,196.7,0.0
510587,1975.0,425.0,196.7,0.0
510587,1998.0,425.0,196.7,0.0
510587,2025.0,425.0,196.7,0.0
510604,2086.0,425.0,196.7,0.0
510604,2039.0,425.0,196.7,0.0
510604,2037.0,425.0,196.7,0.0
510605,2050.0,425.0,196.7,0.0
510618,2104.0,425.0,196.7,0.0
510619,2101.0,425.0,196.7,0.0
510619,2070.0,425.0,196.7,0.0
510631,1914.0,425.0,196.7,0.0
510632,1930.0,425.0,196.7,0.0
510632,1957.0,425.0,196.7,0.0
510632,1945.0,425.0,196.7,0.0
510649,1936.0,424.0,196.7,0.0
510649,1950.0,424.0,196.7,0.0
510650,1983.0,424.0,196.7,0.0
510650,1970.0,424.0,196.7,0.0
510662,2051.0,424.0,196.7,0.0
510663,2029.0,424.0,196.7,0.0
510663,2024.0,424.0,196.7,0.0
510680,2180.0,423.0,196.7,0.0
510680,2182.0,423.0,196.7,0.0
510680,2164.0,423.0,196.7,0.0
510680,2137.0,423.0,196.7,0.0
510693,1934.0,423.0,196.7,0.0
510694,1995.0,423.0,196.7,0.0
510694,2013.0,423.0,196.7,0.0
510707,1951.0,423.0,196.7,0.0
510708,1947.0,423.0,196.7,0.0
510708,1961.0,423.0,196.7,0.0
510708,1960.0,423.0,196.7,0.0
510726,2023.0,422.0,196.7,0.0
510726,1999.0,422.0,196.7,0.0
510726,2002.0,422.0,196.7,0.0
510727,2011.0,422.0,196.7,0.0
510739,2156.0,422.0,196.7,0.0
510740,2148.0,422.0,196.7,0.0
510740,2152.0,422.0,196.7,0.0
510752,1893.0,422.0,196.7,0.0
510753,1893.0,422.0,196.7,0.0
510753,1903.0,422.0,196.7,0.0
510770,1953.0,422.0,196.7,0.0
510770,1956.0,422.0,196.7,0.0
510770,1966.0,422.0,196.7,0.0
510771,1957.0,422.0,196.7,0.0
510783,2058.0,422.0,196.7,0.0
510784,2031.0,422.0,196.7,0.0
510784,2024.0,422.0,196.7,0.0
510800,2188.0,421.0,196.7,0.0
510801,2189.0,421.0,196.7,0.0
510801,2190.0,421.0,196.7,0.0
510801,2164.0,421.0,196.7,0.0
510815,2046.0,421.0,196.7,0.0
510815,2087.0,421.0,196.7,0.0
510815,2111.0,421.0,196.7,0.0
510828,1968.0,421.0,196.7,0.0
510828,1948.0,421.0,196.7,0.0
510829,1935.0,421.0,196.7,0.0
510829,1938.0,421.0,196.7,0.0
510847,2018.0,421.0,196.7,0.0
510847,2008.0,421.0,196.7,0.0
510848,2001.0,421.0,196.7,0.0
510848,1992.0,421.0,196.7,0.0
510860,2173.0,421.0,196.7,0.0
510861,2166.0,421.0,196.7,0.0
510861,2181.0,421.0,196.7,0.0
510874,1886.0,421.0,196.7,0.0
510875,1866.0,421.0,196.7,0.0
510875,1878.0,421.0,196.7,0.0
510875,1877.0,421.0,196.7,0.0
510891,1989.0,421.0,196.7,0.0
510891,1992.0,421.0,196.7,0.0
510892,1987.0,421.0,196.7,0.0
510892,1974.0,421.0,196.7,0.0
510905,2050.0,422.0,196.7,0.0
510906,2032.0,422.0,196.7,0.0
510906,2030.0,422.0,196.7,0.0
510921,2078.0,422.0,196.7,0.0
510922,2067.0,422.0,196.7,0.0
510922,2058.0,422.0,196.7,0.0
510922,2055.0,422.0,196.7,0.0
510936,2078.0,422.0,196.7,0.0
510936,2100.0,422.0,196.7,0.0
510936,2103.0,422.0,196.7,0.0
510949,1937.0,422.0,196.7,0.0
510949,1949.0,422.0,196.7,0.0
510950,1938.0,422.0,196.7,0.0
510950,1950.0,422.0,196.7,0.0
510968,1940.0,422.0,196.7,0.0
510968,1952.0,422.0,196.7,0.0
510968,1928.0,422.0,196.7,0.0
510969,1931.0,422.0,196.7,0.0
510981,2090.0,422.0,196.7,0.0
510982,2093.0,422.0,196.7,0.0
510982,2078.0,422.0,196.7,0.0
510995,2633.0,421.0,196.7,0.0
510996,2685.0,421.0,196.7,0.0
510996,2712.0,421.0,196.7,0.0
510996,2747.0,421.0,196.7,0.0
511012,1612.0,421.0,196.7,0.0
511012,1607.0,421.0,196.7,0.0
511012,1570.0,421.0,196.7,0.0
511013,1544.0,421.0,196.7,0.0
511026,2121.0,422.0,196.7,0.0
511027,2130.0,422.0,196.7,0.0
511027,2151.0,422.0,196.7,0.0
511043,2074.0,422.0,196.7,0.0
511044,2034.0,422.0,196.7,0.0
511044,2022.0,422.0,196.7,0.0
511044,2047.0,422.0,196.7,0.0
511057,2228.0,422.0,196.7,0.0
511057,2225.0,422.0,196.7,0.0
511057,2207.0,422.0,196.7,0.0
511070,1892.0,422.0,196.7,0.0
511070,1898.0,422.0,196.7,0.0
511071,1904.0,422.0,196.7,0.0
511071,1827.0,422.0,196.7,0.0
511088,1951.0,422.0,196.7,0.0
511089,1937.0,422.0,196.7,0.0
511089,1984.0,422.0,196.7,0.0
511089,1980.0,422.0,196.7,0.0
511102,2166.0,422.0,196.7,0.0
511102,2122.0,422.0,196.7,0.0
511103,2137.0,422.0,196.7,0.0
511116,2095.0,422.0,196.7,0.0
511116,2107.0,422.0,196.7,0.0
511117,2071.0,422.0,196.7,0.0
511117,2064.0,422.0,196.7,0.0
511133,1943.0,422.0,196.7,0.0
511134,2028.0,422.0,196.7,0.0
511134,2063.0,422.0,196.7,0.0
511134,2010.0,422.0,196.7,0.0
511147,1974.0,422.0,196.7,0.0
511147,1955.0,422.0,196.7,0.0
511148,1992.0,422.0,196.7,0.0
511160,2155.0,422.0,196.7,0.0
511161,2101.0,422.0,196.7,0.0
511161,2122.0,422.0,196.7,0.0
511161,2111.0,422.0,196.7,0.0
511178,2153.0,423.0,196.7,0.0
511178,2149.0,423.0,196.7,0.0
511178,2120.0,423.0,196.7,0.0
511179,2126.0,423.0,196.7,0.0
511191,1917.0,423.0,196.7,0.0
511191,1935.0,423.0,196.7,0.0
511192,1909.0,423.0,196.7,0.0
511209,1966.0,423.0,196.7,0.0
511209,1948.0,423.0,196.7,0.0
511209,1963.0,423.0,196.7,0.0
511209,1998.0,423.0,196.7,0.0
511223,2120.0,423.0,196.7,0.0
511223,2080.0,423.0,196.7,0.0
511223,2076.0,423.0,196.7,0.0
511236,2074.0,423.0,196.7,0.0
511236,2138.0,423.0,196.7,0.0
511237,2108.0,423.0,196.7,0.0
511237,2092.0,423.0,196.7,0.0
511253,1935.0,424.0,196.7,0.0
511254,1995.0,424.0,196.7,0.0
511254,2016.0,424.0,196.7,0.0
511254,1967.0,424.0,196.7,0.0
511267,1926.0,424.0,196.7,0.0
511268,1964.0,424.0,196.7,0.0
511268,1971.0,424.0,196.7,0.0
511281,2090.0,424.0,196.7,0.0
511281,2065.0,424.0,196.7,0.0
511281,2047.0,424.0,196.7,0.0
511281,2042.0,424.0,196.7,0.0
511298,2153.0,424.0,196.7,0.0
511299,2178.0,424.0,196.7,0.0
511299,2192.0,424.0,196.7,0.0
511299,2178.0,424.0,196.7,0.0
511313,1885.0,424.0,196.7,0.0
511313,1936.0,424.0,196.7,0.0
511314,1934.0,424.0,196.7,0.0
511330,1933.0,424.0,196.7,0.0
511330,1909.0,424.0,196.7,0.0
511330,1924.0,424.0,196.7,0.0
511331,1937.0,424.0,196.7,0.0
511344,2037.0,424.0,196.7,0.0
511344,2015.0,424.0,196.7,0.0
511345,2022.0,424.0,196.7,0.0
511357,2339.0,424.0,196.7,0.0
511358,2361.0,424.0,39.7,0.0
511358,2360.0,424.0,39.7,0.0
511358,2370.0,424.0,39.7,0.0
511375,1972.0,424.0,39.7,0.0
511375,2029.0,424.0,39.7,0.0
511376,2040.0,424.0,39.7,0.0
511376,2033.0,424.0,39.7,0.0
511388,1990.0,424.0,39.7,0.0
511389,1976.0,424.0,39.7,0.0
511389,1972.0,424.0,39.7,0.0
511406,1991.0,425.0,39.7,0.0
511406,1982.0,425.0,39.7,0.0
511406,1987.0,425.0,39.7,0.0
511406,1993.0,425.0,39.7,0.0
511419,2323.0,425.0,39.7,0.0
511419,2302.0,425.0,39.7,0.0
511420,2300.0,425.0,39.7,0.0
511433,1868.0,425.0,39.7,0.0
511434,1911.0,425.0,39.7,0.0
511434,1909.0,425.0,39.7,0.0
511434,1900.0,425.0,39.7,0.0
511451,1911.0,425.0,39.7,0.0
511451,1930.0,425.0,39.7,0.0
511451,1917.0,425.0,39.7,0.0
511452,1910.0,425.0,39.7,0.0
511465,2028.0,425.0,39.7,0.0
511466,2020.0,425.0,39.7,0.0
511466,2033.0,425.0,39.7,0.0
511478,2154.0,426.0,39.7,0.0
511479,2139.0,426.0,39.7,0.0
511479,2149.0,426.0,39.7,0.0
511479,2135.0,426.0,39.7,0.0
511496,2213.0,426.0,39.7,0.0
511496,2247.0,426.0,39.7,0.0
511497,2239.0,426.0,39.7,0.0
511497,2212.0,426.0,39.7,0.0
511509,1903.0,426.0,39.7,0.0
511510,1914.0,426.0,39.7,0.0
511510,1880.0,426.0,39.7,0.0
511526,2039.0,425.0,39.7,0.0
511527,1990.0,425.0,39.7,0.0
511527,2017.0,425.0,39.7,0.0
511527,2042.0,425.0,39.7,0.0
511540,2090.0,425.0,39.7,0.0
511540,2060.0,425.0,39.7,0.0
511541,2059.0,425.0,39.7,0.0
511554,2052.0,426.0,39.7,0.0
511554,2104.0,426.0,39.7,0.0
511555,2098.0,426.0,39.7,0.0
511555,2095.0,426.0,39.7,0.0
511573,1864.0,426.0,39.7,0.0
511573,1891.0,426.0,39.7,0.0
511573,1934.0,426.0,39.7,0.0
511574,1935.0,426.0,39.7,0.0
511586,2021.0,426.0,39.7,0.0
511587,2004.0,426.0,39.7,0.0
511587,2024.0,426.0,39.7,0.0
511599,2189.0,426.0,39.7,0.0
511600,2183.0,426.0,39.7,0.0
511600,2150.0,426.0,39.7,0.0
511600,2152.0,426.0,39.7,0.0
511617,2122.0,426.0,39.7,0.0
511617,2152.0,426.0,39.7,0.0
511617,2133.0,426.0,39.7,0.0
511618,2102.0,426.0,39.7,0.0
511630,1922.0,426.0,39.7,0.0
511631,1942.0,426.0,39.7,0.0
511631,1946.0,426.0,39.7,0.0
511648,1984.0,426.0,39.7,0.0
511648,1959.0,426.0,39.7,0.0
511648,1976.0,426.0,39.7,0.0
511648,2000.0,426.0,39.7,0.0
511662,2146.0,426.0,39.7,0.0
511663,2102.0,426.0,39.7,0.0
511663,2098.0,426.0,39.7,0.0
511663,2109.0,426.0,39.7,0.0
511676,2132.0,426.0,39.7,0.0
511676,2156.0,426.0,39.7,0.0
511676,2134.0,426.0,39.7,0.0
511694,1908.0,426.0,39.7,0.0
511695,1956.0,426.0,39.7,0.0
511695,1969.0,426.0,39.7,0.0
511695,1967.0,426.0,39.7,0.0
511708,1984.0,426.0,39.7,0.0
511708,1975.0,426.0,39.7,0.0
511708,1979.0,426.0,39.7,0.0
511722,2348.0,427.0,39.7,0.0
511722,2306.0,427.0,39.7,0.0
511722,2290.0,427.0,39.7,0.0
511723,2291.0,427.0,39.7,0.0
511738,2024.0,427.0,39.7,0.0
511739,2023.0,427.0,39.7,0.0
511739,2010.0,427.0,39.7,0.0
511739,2017.0,427.0,39.7,0.0
511752,1967.0,427.0,39.7,0.0
511753,1978.0,427.0,39.7,0.0
511753,1976.0,427.0,39.7,0.0
511766,2000.0,427.0,39.7,0.0
511766,1976.0,427.0,39.7,0.0
511766,1983.0,427.0,39.7,0.0
511767,2011.0,427.0,39.7,0.0
511783,2148.0,427.0,39.7,0.0
511784,2107.0,427.0,39.7,0.0
511784,2088.0,427.0,39.7,0.0
511784,2107.0,427.0,39.7,0.0
511797,2085.0,427.0,39.7,0.0
511797,2069.0,427.0,39.7,0.0
511797,2050.0,427.0,39.7,0.0
511814,2046.0,428.0,39.7,0.0
511815,2104.0,428.0,39.7,0.0
511815,2138.0,428.0,39.7,0.0
511815,2146.0,428.0,39.7,0.0
511828,1980.0,428.0,39.7,0.0
511828,1940.0,428.0,39.7,0.0
511828,1938.0,428.0,39.7,0.0
511842,2047.0,429.0,39.7,0.0
511842,2039.0,429.0,39.7,0.0
511843,2036.0,429.0,39.7,0.0
511843,2036.0,429.0,39.7,0.0
511858,2077.0,429.0,39.7,0.0
511859,2087.0,429.0,39.7,0.0
511859,2087.0,429.0,39.7,0.0
511859,2079.0,429.0,39.7,0.0
511873,1913.0,429.0,39.7,0.0
511873,1963.0,429.0,39.7,0.0
511873,1983.0,429.0,39.7,0.0
511889,1933.0,429.0,39.7,0.0
511890,1920.0,429.0,39.7,0.0
511890,1909.0,429.0,39.7,0.0
511890,1913.0,429.0,39.7,0.0
511903,2026.0,430.0,39.7,0.0
511904,2030.0,430.0,39.7,0.0
511904,2000.0,430.0,39.7,0.0
511917,2080.0,430.0,39.7,0.0
511917,2079.0,430.0,39.7,0.0
511917,2102.0,430.0,39.7,0.0
511917,2082.0,430.0,39.7,0.0
511935,2137.0,430.0,39.7,0.0
511935,2179.0,430.0,39.7,0.0
511936,2185.0,430.0,39.7,0.0
511936,2183.0,430.0,39.7,0.0
511948,1829.0,431.0,39.7,0.0
511949,1930.0,431.0,39.7,0.0
511949,1919.0,431.0,39.7,0.0
511963,2070.0,432.0,39.7,0.0
511963,2055.0,432.0,39.7,0.0
511963,2086.0,432.0,39.7,0.0
511963,2091.0,432.0,39.7,0.0
511979,2227.0,432.0,39.7,0.0
511979,2222.0,432.0,39.7,0.0
511980,2220.0,432.0,39.7,0.0
511980,2225.0,432.0,39.7,0.0
511993,1822.0,432.0,39.7,0.0
511994,1897.0,432.0,39.7,0.0
511994,1882.0,432.0,39.7,0.0
512011,1963.0,433.0,39.7,0.0
512011,1942.0,433.0,39.7,0.0
512011,1966.0,433.0,39.7,0.0
512012,1956.0,433.0,39.7,0.0
512024,2041.0,433.0,39.7,0.0
512024,2029.0,433.0,39.7,0.0
512025,2041.0,433.0,39.7,0.0
512037,2142.0,433.0,39.7,0.0
512038,2138.0,433.0,39.7,0.0
512038,2114.0,433.0,39.7,0.0
512038,2115.0,433.0,39.7,0.0
512056,2158.0,434.0,39.7,0.0
512056,2202.0,434.0,39.7,0.0
512056,2194.0,434.0,39.7,0.0
512057,2185.0,434.0,39.7,0.0
512070,1924.0,434.0,39.7,0.0
512070,1908.0,434.0,39.7,0.0
512071,1930.0,434.0,39.7,0.0
512083,2125.0,434.0,39.7,0.0
512084,2096.0,434.0,39.7,0.0
512084,2104.0,434.0,39.7,0.0
512084,2132.0,434.0,39.7,0.0
512101,2218.0,435.0,39.7,0.0
512101,2181.0,435.0,39.7,0.0
512102,2165.0,435.0,39.7,0.0
512102,2163.0,435.0,39.7,0.0
512114,1920.0,435.0,39.7,0.0
512115,1950.0,435.0,39.7,0.0
512115,1918.0,435.0,39.7,0.0
512131,1927.0,435.0,39.7,0.0
512132,1951.0,435.0,39.7,0.0
512132,1994.0,435.0,39.7,0.0
512132,1995.0,435.0,39.7,0.0
512145,2004.0,435.0,39.7,0.0
512145,1985.0,435.0,39.7,0.0
512145,1984.0,435.0,39.7,0.0
512158,2072.0,436.0,39.7,0.0
512158,2077.0,436.0,39.7,0.0
512159,2056.0,436.0,39.7,0.0
512159,2042.0,436.0,39.7,0.0
512177,2287.0,436.0,39.7,0.0
512177,2323.0,436.0,39.7,0.0
512177,2325.0,436.0,39.7,0.0
512177,2320.0,436.0,39.7,0.0
512191,1842.0,436.0,39.7,0.0
512191,1833.0,436.0,39.7,0.0
512192,1844.0,436.0,39.7,0.0
512204,2121.0,437.0,39.7,0.0
512205,2089.0,437.0,39.7,0.0
512205,2092.0,437.0,39.7,0.0
512205,2082.0,437.0,39.7,0.0
512222,2133.0,437.0,39.7,0.0
512222,2103.0,437.0,39.7,0.0
512222,2070.0,437.0,39.7,0.0
512223,2086.0,437.0,39.7,0.0
512235,2048.0,437.0,39.7,0.0
512236,2076.0,437.0,39.7,0.0
512236,2067.0,437.0,39.7,0.0
512253,1902.0,437.0,39.7,0.0
512253,1924.0,437.0,39.7,0.0
512253,1949.0,437.0,39.7,0.0
512253,1968.0,437.0,39.7,0.0
512266,2030.0,437.0,39.7,0.0
512266,2005.0,437.0,39.7,0.0
512267,2012.0,437.0,39.7,0.0
512280,2226.0,438.0,39.7,0.0
512280,2187.0,438.0,39.7,0.0
512281,2183.0,438.0,39.7,0.0
512281,2178.0,438.0,39.7,0.0
512298,2281.0,437.0,39.7,0.0
512298,2296.0,437.0,39.7,0.0
512298,2289.0,437.0,39.7,0.0
512298,2291.0,437.0,39.7,0.0
512312,1863.0,437.0,39.7,0.0
512312,1857.0,437.0,39.7,0.0
512313,1859.0,437.0,39.7,0.0
512325,2059.0,437.0,39.7,0.0
512326,2036.0,437.0,39.7,0.0
512326,2055.0,437.0,39.7,0.0
512326,2074.0,437.0,39.7,0.0
512342,2093.0,437.0,39.7,0.0
512343,2053.0,437.0,39.7,0.0
512343,2064.0,437.0,39.7,0.0
512343,2080.0,437.0,39.7,0.0
512356,2140.0,437.0,39.7,0.0
512356,2140.0,437.0,39.7,0.0
512356,2129.0,437.0,39.7,0.0
512370,1925.0,438.0,39.7,0.0
512370,1929.0,438.0,39.7,0.0
512370,1978.0,438.0,39.7,0.0
512371,1925.0,438.0,39.7,0.0
512386,2004.0,437.0,39.7,0.0
512387,1998.0,437.0,39.7,0.0
512387,2022.0,437.0,39.7,0.0
512387,2012.0,437.0,39.7,0.0
512401,2247.0,437.0,39.7,0.0
512401,2216.0,437.0,39.7,0.0
512401,2230.0,437.0,39.7,0.0
512417,2174.0,437.0,39.7,0.0
512418,2170.0,437.0,39.7,0.0
512418,2148.0,437.0,39.7,0.0
512418,2129.0,437.0,39.7,0.0
512432,1900.0,437.0,39.7,0.0
512432,1934.0,437.0,39.7,0.0
512432,1946.0,437.0,39.7,0.0
512445,2022.0,437.0,39.7,0.0
512445,1995.0,437.0,39.7,0.0
512445,2019.0,437.0,39.7,0.0
512445,2049.0,437.0,39.7,0.0
512462,2093.0,437.0,39.7,0.0
512462,2053.0,437.0,39.7,0.0
512463,2034.0,437.0,39.7,0.0
512463,2058.0,437.0,39.7,0.0
512475,2024.0,437.0,39.7,0.0
512476,2038.0,437.0,39.7,0.0
512476,2023.0,437.0,39.7,0.0
512489,1931.0,437.0,39.7,0.0
512490,1958.0,437.0,39.7,0.0
512490,1965.0,437.0,39.7,0.0
512490,1969.0,437.0,39.7,0.0
512506,2008.0,437.0,39.7,0.0
512506,2007.0,437.0,39.7,0.0
512507,2010.0,437.0,39.7,0.0
512507,2026.0,437.0,39.7,0.0
512520,2080.0,436.0,39.7,0.0
512521,2056.0,436.0,39.7,0.0
512521,2056.0,436.0,39.7,0.0
512537,2113.0,436.0,39.7,0.0
512537,2142.0,436.0,39.7,0.0
512537,2142.0,436.0,39.7,0.0
512537,2115.0,436.0,39.7,0.0
512551,1895.0,436.0,39.7,0.0
512551,1918.0,436.0,39.7,0.0
512552,1932.0,436.0,39.7,0.0
512564,2061.0,436.0,39.7,0.0
512565,2028.0,436.0,39.7,0.0
512565,2037.0,436.0,39.7,0.0
512565,2055.0,436.0,39.7,0.0
512582,2169.0,436.0,39.7,0.0
512582,2143.0,436.0,39.7,0.0
512582,2095.0,436.0,39.7,0.0
512582,2110.0,436.0,39.7,0.0
512595,2102.0,436.0,39.7,0.0
512596,2140.0,436.0,39.7,0.0
512596,2146.0,436.0,39.7,0.0
512613,1841.0,436.0,39.7,0.0
512614,1890.0,436.0,39.7,0.0
512614,1907.0,436.0,39.7,0.0
512616,1954.0,436.0,39.7,0.0
512630,1968.0,435.0,39.7,0.0
512631,1948.0,435.0,39.7,0.0
512631,1975.0,435.0,39.7,0.0
512631,1972.0,435.0,39.7,0.0
512648,1969.0,435.0,39.7,0.0
512648,1935.0,435.0,39.7,0.0
512648,1921.0,435.0,39.7,0.0
512649,1938.0,435.0,39.7,0.0
512661,2072.0,435.0,39.7,0.0
512662,2081.0,435.0,39.7,0.0
512662,2065.0,435.0,39.7,0.0
512679,1941.0,435.0,39.7,0.0
512679,1958.0,435.0,39.7,0.0
512679,1960.0,435.0,39.7,0.0
512680,1953.0,435.0,39.7,0.0
512692,1978.0,435.0,39.7,0.0
512693,1946.0,435.0,39.7,0.0
512693,1992.0,435.0,39.7,0.0
512706,2005.0,435.0,39.7,0.0
512707,1988.0,435.0,39.7,0.0
512707,1979.0,435.0,39.7,0.0
512707,1976.0,435.0,39.7,0.0
512725,2119.0,434.0,39.7,0.0
512725,2069.0,434.0,39.7,0.0
512725,2058.0,434.0,39.7,0.0
512726,2052.0,434.0,39.7,0.0
512739,2184.0,434.0,39.7,0.0
512740,2189.0,434.0,39.7,0.0
512740,2192.0,434.0,39.7,0.0
512752,1936.0,434.0,39.7,0.0
512753,1943.0,434.0,39.7,0.0
512753,1981.0,434.0,39.7,0.0
512754,2021.0,434.0,39.7,0.0
512771,1870.0,434.0,39.7,0.0
512772,1873.0,434.0,39.7,0.0
512772,1876.0,434.0,39.7,0.0
512772,1856.0,434.0,39.7,0.0
512785,2726.0,434.0,39.7,0.0
512785,2604.0,434.0,39.7,0.0
512785,2598.0,434.0,39.7,0.0
512802,2147.0,434.0,39.7,0.0
512802,2158.0,434.0,39.7,0.0
512803,2116.0,434.0,39.7,0.0
512803,2114.0,434.0,39.7,0.0
512815,2077.0,434.0,39.7,0.0
512816,2120.0,434.0,39.7,0.0
512816,2098.0,434.0,39.7,0.0
512830,1900.0,434.0,39.7,0.0
512830,1892.0,434.0,39.7,0.0
512830,1935.0,434.0,39.7,0.0
512830,1957.0,434.0,39.7,0.0
512848,1973.0,434.0,39.7,0.0
512848,1928.0,434.0,39.7,0.0
512849,1919.0,434.0,39.7,0.0
512849,1962.0,434.0,39.7,0.0
512861,2256.0,434.0,39.7,0.0
512862,2229.0,434.0,39.7,0.0
512862,2183.0,434.0,39.7,0.0
512875,2051.0,434.0,39.7,0.0
512875,2133.0,434.0,39.7,0.0
512875,2157.0,434.0,39.7,0.0
512875,2150.0,434.0,39.7,0.0
512892,1814.0,434.0,39.7,0.0
512893,1837.0,434.0,39.7,0.0
512893,1872.0,434.0,39.7,0.0
512893,1887.0,434.0,39.7,0.0
512906,2059.0,434.0,39.7,0.0
512906,2033.0,434.0,39.7,0.0
512906,2021.0,434.0,39.7,0.0
512920,2093.0,433.0,39.7,0.0
512921,2112.0,433.0,39.7,0.0
512921,2088.0,433.0,39.7,0.0
512921,2069.0,433.0,39.7,0.0
512938,2250.0,433.0,39.7,0.0
512938,2264.0,433.0,39.7,0.0
512939,2250.0,433.0,39.7,0.0
512939,2241.0,433.0,39.7,0.0
512952,1856.0,433.0,39.7,0.0
512952,1865.0,433.0,39.7,0.0
512952,1876.0,433.0,39.7,0.0
512969,1875.0,433.0,39.7,0.0
512970,1864.0,433.0,39.7,0.0
512970,1881.0,433.0,39.7,0.0
512970,1864.0,433.0,39.7,0.0
512983,2181.0,433.0,39.7,0.0
512983,2165.0,433.0,39.7,0.0
512983,2140.0,433.0,39.7,0.0
512997,2125.0,433.0,39.7,0.0
512997,2146.0,433.0,39.7,0.0
512997,2138.0,433.0,39.7,0.0
512998,2132.0,433.0,39.7,0.0
513013,1949.0,433.0,39.7,0.0
513014,1990.0,433.0,39.7,0.0
513014,2012.0,433.0,39.7,0.0
513014,2017.0,433.0,39.7,0.0
513028,1967.0,433.0,39.7,0.0
513028,1943.0,433.0,39.7,0.0
513028,1965.0,433.0,39.7,0.0
513044,2056.0,433.0,39.7,0.0
513044,2016.0,433.0,39.7,0.0
513045,2012.0,433.0,39.7,0.0
513045,2024.0,433.0,39.7,0.0
513058,2253.0,433.0,39.7,0.0
513059,2247.0,433.0,39.7,0.0
513059,2236.0,433.0,39.7,0.0
513072,1879.0,433.0,39.7,0.0
513072,1848.0,433.0,39.7,0.0
513073,1869.0,433.0,39.7,0.0
513073,1917.0,433.0,39.7,0.0
513091,1178.0,433.0,39.7,0.0
513091,1137.0,433.0,39.7,0.0
513091,1113.0,433.0,39.7,0.0
513092,1060.0,433.0,39.7,0.0
513104,2280.0,433.0,39.7,0.0
513105,2319.0,433.0,39.7,0.0
513105,2386.0,433.0,39.7,0.0
513118,2146.0,432.0,39.7,0.0
513119,2101.0,432.0,39.7,0.0
513119,2022.0,432.0,39.7,0.0
513119,2029.0,432.0,39.7,0.0
513135,2091.0,432.0,39.7,0.0
513135,2163.0,432.0,39.7,0.0
513135,2124.0,432.0,39.7,0.0
513136,2078.0,432.0,39.7,0.0
513149,1901.0,432.0,39.7,0.0
513149,1949.0,432.0,39.7,0.0
513150,1976.0,432.0,39.7,0.0
513166,2031.0,432.0,39.7,0.0
513167,1971.0,432.0,39.7,0.0
513167,1974.0,432.0,39.7,0.0
513167,2018.0,432.0,39.7,0.0
513180,2066.0,432.0,39.7,0.0
513180,2048.0,432.0,39.7,0.0
513180,1991.0,432.0,39.7,0.0
513193,2092.0,432.0,39.7,0.0
513194,2126.0,432.0,39.7,0.0
513194,2157.0,432.0,39.7,0.0
513194,2130.0,432.0,39.7,0.0
513212,1895.0,431.0,39.7,0.0
513213,2219.0,431.0,39.7,0.0
513213,2431.0,431.0,39.7,0.0
513213,2697.0,431.0,39.7,0.0
513227,3257.0,431.0,39.7,0.0
513227,3082.0,431.0,39.7,0.0
513227,3054.0,431.0,39.7,0.0
513228,3035.0,431.0,39.7,0.0
513240,1566.0,431.0,39.7,0.0
513240,1597.0,431.0,39.7,0.0
513241,1544.0,431.0,39.7,0.0
513257,2383.0,431.0,39.7,0.0
513258,2412.0,431.0,39.7,0.0
513258,2485.0,431.0,39.7,0.0
513258,2486.0,431.0,39.7,0.0
513271,1766.0,430.0,39.7,0.0
513271,1734.0,430.0,39.7,0.0
513271,1750.0,430.0,39.7,0.0
513284,2170.0,430.0,39.7,0.0
513284,2165.0,430.0,39.7,0.0
513284,2126.0,430.0,39.7,0.0
513285,2093.0,430.0,39.7,0.0
513301,2138.0,430.0,39.7,0.0
513302,2163.0,430.0,39.7,0.0
513302,2178.0,430.0,39.7,0.0
513302,2142.0,430.0,39.7,0.0
513316,2239.0,430.0,39.7,0.0
513316,2292.0,430.0,39.7,0.0
513316,2332.0,430.0,39.7,0.0
513332,1864.0,430.0,39.7,0.0
513333,1828.0,430.0,39.7,0.0
513333,1804.0,430.0,39.7,0.0
513333,1808.0,430.0,39.7,0.0
513347,2020.0,430.0,39.7,0.0
513347,2044.0,430.0,39.7,0.0
513347,2038.0,430.0,39.7,0.0
513360,2038.0,430.0,39.7,0.0
513360,2025.0,430.0,39.7,0.0
513361,2037.0,430.0,39.7,0.0
513361,2083.0,430.0,39.7,0.0
513378,3057.0,429.0,39.7,0.0
513378,3052.0,429.0,39.7,0.0
513379,3096.0,429.0,39.7,0.0
513379,3166.0,429.0,39.7,0.0
513391,1585.0,429.0,39.7,0.0
513392,1513.0,429.0,39.7,0.0
513392,1433.0,429.0,39.7,0.0
513409,1998.0,428.0,39.7,0.0
513409,2040.0,428.0,39.7,0.0
513409,2121.0,428.0,39.7,0.0
513409,2107.0,428.0,39.7,0.0
513422,1968.0,428.0,39.7,0.0
513423,1903.0,428.0,39.7,0.0
513423,1964.0,428.0,39.7,0.0
513436,2196.0,428.0,39.7,0.0
513437,2217.0,428.0,39.7,0.0
513437,2144.0,428.0,39.7,0.0
513437,2111.0,428.0,39.7,0.0
513455,2165.0,428.0,39.7,0.0
513455,2279.0,428.0,39.7,0.0
513455,2291.0,428.0,39.7,0.0
513456,2241.0,428.0,39.7,0.0
513468,1873.0,427.0,39.7,0.0
513469,1902.0,427.0,39.7,0.0
513469,1937.0,427.0,39.7,0.0
513481,2224.0,427.0,39.7,0.0
513482,2165.0,427.0,39.7,0.0
513482,2149.0,427.0,39.7,0.0
513482,2189.0,427.0,39.7,0.0
513499,2056.0,427.0,39.7,0.0
513500,2028.0,427.0,39.7,0.0
513500,1968.0,427.0,39.7,0.0
513500,1958.0,427.0,39.7,0.0
513513,2009.0,427.0,39.7,0.0
513513,2085.0,427.0,39.7,0.0
513513,2061.0,427.0,39.7,0.0
513531,1895.0,426.0,39.7,0.0
513531,1866.0,426.0,39.7,0.0
513531,1914.0,426.0,39.7,0.0
513531,1945.0,426.0,39.7,0.0
513545,2024.0,426.0,39.7,0.0
513545,1971.0,426.0,39.7,0.0
513546,1965.0,426.0,39.7,0.0
513558,2191.0,426.0,39.7,0.0
513559,2210.0,426.0,39.7,0.0
513559,2193.0,426.0,39.7,0.0
513559,2161.0,426.0,39.7,0.0
513577,2074.0,425.0,39.7,0.0
513577,2113.0,425.0,39.7,0.0
513577,2127.0,425.0,39.7,0.0
513577,2139.0,425.0,39.7,0.0
513590,1908.0,425.0,39.7,0.0
513590,1925.0,425.0,39.7,0.0
513591,1931.0,425.0,39.7,0.0
513603,1997.0,425.0,39.7,0.0
513604,1989.0,425.0,39.7,0.0
513604,1956.0,425.0,39.7,0.0
513604,1969.0,425.0,39.7,0.0
513621,2089.0,424.0,39.7,0.0
513621,2094.0,424.0,39.7,0.0
513621,2086.0,424.0,39.7,0.0
513621,2072.0,424.0,39.7,0.0
513635,2114.0,424.0,39.7,0.0
513635,2166.0,424.0,39.7,0.0
513636,2191.0,424.0,39.7,0.0
513651,1860.0,424.0,39.7,0.0
513652,1867.0,424.0,39.7,0.0
513652,1853.0,424.0,39.7,0.0
513652,1856.0,424.0,39.7,0.0
513666,1996.0,424.0,39.7,0.0
513666,2006.0,424.0,39.7,0.0
513667,2007.0,424.0,39.7,0.0
513679,2258.0,424.0,39.7,0.0
513680,2249.0,424.0,39.7,0.0
513680,2272.0,424.0,39.7,0.0
513680,2278.0,424.0,39.7,0.0
513698,2067.0,423.0,39.7,0.0
513698,2074.0,423.0,39.7,0.0
513698,2058.0,423.0,39.7,0.0
513699,2070.0,423.0,39.7,0.0
513711,1950.0,423.0,39.7,0.0
513712,1938.0,423.0,39.7,0.0
513712,1922.0,423.0,39.7,0.0
513725,2035.0,423.0,39.7,0.0
513726,2001.0,423.0,39.7,0.0
513726,2006.0,423.0,39.7,0.0
513726,1988.0,423.0,39.7,0.0
513742,2107.0,423.0,39.7,0.0
513742,2093.0,423.0,39.7,0.0
513743,2100.0,423.0,39.7,0.0
513743,2121.0,423.0,39.7,0.0
513756,1896.0,423.0,39.7,0.0
513757,1875.0,423.0,39.7,0.0
513757,1854.0,423.0,39.7,0.0
513773,1965.0,423.0,39.7,0.0
513773,2043.0,423.0,39.7,0.0
513773,2073.0,423.0,39.7,0.0
513773,2093.0,423.0,39.7,0.0
513787,1944.0,423.0,39.7,0.0
513787,1932.0,423.0,39.7,0.0
513788,1941.0,423.0,39.7,0.0
513800,2146.0,423.0,39.7,0.0
513801,2139.0,423.0,39.7,0.0
513801,2131.0,423.0,39.7,0.0
513801,2131.0,423.0,39.7,0.0
513819,2125.0,423.0,39.7,0.0
513820,2130.0,423.0,39.7,0.0
513820,2091.0,423.0,39.7,0.0
513820,2099.0,423.0,39.7,0.0
513834,1945.0,423.0,39.7,0.0
513834,1987.0,423.0,39.7,0.0
513834,1962.0,423.0,39.7,0.0
513835,1966.0,423.0,39.7,0.0
513847,1969.0,423.0,39.7,0.0
513848,1979.0,423.0,39.7,0.0
513848,1999.0,423.0,39.7,0.0
513864,2068.0,423.0,39.7,0.0
513865,2027.0,423.0,39.7,0.0
513865,2022.0,423.0,39.7,0.0
513865,2022.0,423.0,39.7,0.0
513878,2252.0,423.0,39.7,0.0
513878,2236.0,423.0,39.7,0.0
513878,2227.0,423.0,39.7,0.0
513891,1893.0,423.0,39.7,0.0
513891,1896.0,423.0,39.7,0.0
513891,1883.0,423.0,39.7,0.0
513892,1876.0,423.0,39.7,0.0
513908,1920.0,422.0,39.7,0.0
513909,1918.0,422.0,39.7,0.0
513909,1927.0,422.0,39.7,0.0
513909,1922.0,422.0,39.7,0.0
513922,2068.0,423.0,39.7,0.0
513922,2093.0,423.0,39.7,0.0
513922,2103.0,423.0,39.7,0.0
513939,2123.0,423.0,39.7,0.0
513940,2111.0,423.0,39.7,0.0
513940,2087.0,423.0,39.7,0.0
513940,2085.0,423.0,39.7,0.0
513954,2049.0,423.0,39.7,0.0
513954,2118.0,423.0,39.7,0.0
513954,2129.0,423.0,39.7,0.0
513967,1962.0,423.0,39.7,0.0
513967,1954.0,423.0,39.7,0.0
513967,1953.0,423.0,39.7,0.0
513968,1950.0,423.0,39.7,0.0
513985,2086.0,423.0,39.7,0.0
513985,2054.0,423.0,39.7,0.0
513985,2053.0,423.0,39.7,0.0
513986,2053.0,423.0,39.7,0.0
513998,2010.0,423.0,39.7,0.0
513999,1945.0,423.0,39.7,0.0
513999,2003.0,423.0,39.7,0.0
514016,1963.0,423.0,39.7,0.0
514016,1991.0,423.0,39.7,0.0
514016,2009.0,423.0,39.7,0.0
514016,1992.0,423.0,39.7,0.0
514029,1970.0,423.0,39.7,0.0
514030,1963.0,423.0,39.7,0.0
514030,1964.0,423.0,39.7,0.0
514043,2114.0,423.0,39.7,0.0
514044,2081.0,423.0,39.7,0.0
514044,2056.0,423.0,39.7,0.0
514044,2064.0,423.0,39.7,0.0
514061,2071.0,424.0,39.7,0.0
514061,2073.0,424.0,39.7,0.0
514061,2071.0,424.0,39.7,0.0
514062,2054.0,424.0,39.7,0.0
514075,2151.0,424.0,39.7,0.0
514076,2196.0,424.0,39.7,0.0
514076,2214.0,424.0,39.7,0.0
514089,1936.0,424.0,39.7,0.0
514089,1910.0,424.0,39.7,0.0
514089,1900.0,424.0,39.7,0.0
514089,1887.0,424.0,39.7,0.0
514106,2019.0,424.0,39.7,0.0
514107,1985.0,424.0,39.7,0.0
514107,2018.0,424.0,39.7,0.0
514107,2003.0,424.0,39.7,0.0
514120,2171.0,424.0,39.7,0.0
514120,2158.0,424.0,39.7,0.0
514120,2180.0,424.0,39.7,0.0
514134,1823.0,425.0,39.7,0.0
514134,1977.0,425.0,39.7,0.0
514135,1980.0,425.0,39.7,0.0
514135,1978.0,425.0,39.7,0.0
514151,1940.0,425.0,39.7,0.0
514151,1956.0,425.0,39.7,0.0
514151,1928.0,425.0,39.7,0.0
514152,1917.0,425.0,39.7,0.0
514165,2032.0,425.0,39.7,0.0
514165,2023.0,425.0,39.7,0.0
514166,2050.0,425.0,39.7,0.0
514183,2084.0,425.0,39.7,0.0
514183,2075.0,425.0,39.7,0.0
514183,2050.0,425.0,39.7,0.0
514184,2071.0,425.0,39.7,0.0
514196,2074.0,425.0,39.7,0.0
514197,2079.0,425.0,39.7,0.0
514197,2061.0,425.0,39.7,0.0
514209,1943.0,425.0,39.7,0.0
514210,1961.0,425.0,39.7,0.0
514210,1955.0,425.0,39.7,0.0
514210,1947.0,425.0,39.7,0.0
514227,1987.0,426.0,39.7,0.0
514227,1978.0,426.0,39.7,0.0
514228,1994.0,426.0,39.7,0.0
514228,2006.0,426.0,39.7,0.0
514240,2243.0,426.0,39.7,0.0
514241,2210.0,426.0,39.7,0.0
514241,2218.0,426.0,39.7,0.0
514258,1830.0,426.0,39.7,0.0
514258,1831.0,426.0,39.7,0.0
514259,1819.0,426.0,39.7,0.0
514259,1796.0,426.0,39.7,0.0
514272,2001.0,427.0,39.7,0.0
514273,2097.0,427.0,39.7,0.0
514273,2066.0,427.0,39.7,0.0
514286,1997.0,427.0,39.7,0.0
514286,1954.0,427.0,39.7,0.0
514286,1940.0,427.0,39.7,0.0
514286,1970.0,427.0,39.7,0.0
514304,2113.0,427.0,39.7,0.0
514305,2085.0,427.0,39.7,0.0
514305,2054.0,427.0,39.7,0.0
514305,2052.0,427.0,39.7,0.0
514318,2020.0,427.0,39.7,0.0
514318,2084.0,427.0,39.7,0.0
514318,2056.0,427.0,39.7,0.0
514332,1934.0,427.0,39.7,0.0
514332,1928.0,427.0,39.7,0.0
514332,1939.0,427.0,39.7,0.0
514333,1932.0,427.0,39.7,0.0
514348,1788.0,427.0,39.7,0.0
514349,1904.0,427.0,39.7,0.0
514349,1920.0,427.0,39.7,0.0
514349,1915.0,427.0,39.7,0.0
514363,2088.0,427.0,39.7,0.0
514363,2059.0,427.0,39.7,0.0
514363,2059.0,427.0,39.7,0.0
514376,1937.0,427.0,39.7,0.0
514376,1964.0,427.0,39.7,0.0
514376,1970.0,427.0,39.7,0.0
514377,1955.0,427.0,39.7,0.0
514393,2039.0,427.0,39.7,0.0
514394,2071.0,427.0,39.7,0.0
514394,2100.0,427.0,39.7,0.0
514394,2124.0,427.0,39.7,0.0
514407,1978.0,427.0,39.7,0.0
514407,1949.0,427.0,39.7,0.0
514407,1948.0,427.0,39.7,0.0
514424,2058.0,427.0,39.7,0.0
514424,2054.0,427.0,39.7,0.0
514425,2048.0,427.0,39.7,0.0
514425,2048.0,427.0,39.7,0.0
514437,2162.0,427.0,39.7,0.0
514438,2168.0,427.0,39.7,0.0
514438,2174.0,427.0,39.7,0.0
514452,1916.0,428.0,39.7,0.0
514452,1899.0,428.0,39.7,0.0
514452,1883.0,428.0,39.7,0.0
514452,1860.0,428.0,39.7,0.0
514468,1983.0,428.0,39.7,0.0
514469,1982.0,428.0,39.7,0.0
514469,1976.0,428.0,39.7,0.0
514469,1971.0,428.0,39.7,0.0
514482,2013.0,428.0,39.7,0.0
514483,2032.0,428.0,39.7,0.0
514483,2031.0,428.0,39.7,0.0
514496,2232.0,428.0,39.7,0.0
514496,2253.0,428.0,39.7,0.0
514496,2255.0,428.0,39.7,0.0
514496,2268.0,428.0,39.7,0.0
514513,1881.0,428.0,39.7,0.0
514513,1907.0,428.0,39.7,0.0
514514,1903.0,428.0,39.7,0.0
514514,1900.0,428.0,39.7,0.0
514526,2029.0,428.0,39.7,0.0
514527,2027.0,428.0,39.7,0.0
514527,2017.0,428.0,39.7,0.0
514544,2097.0,429.0,39.7,0.0
514545,2048.0,429.0,39.7,0.0
514545,2058.0,429.0,39.7,0.0
514545,2070.0,429.0,39.7,0.0
514557,2135.0,429.0,39.7,0.0
514558,2129.0,429.0,39.7,0.0
514558,2123.0,429.0,39.7,0.0
514572,1920.0,429.0,39.7,0.0
514572,1928.0,429.0,39.7,0.0
514572,1918.0,429.0,39.7,0.0
514572,1884.0,429.0,39.7,0.0
514588,1979.0,429.0,39.7,0.0
514588,1982.0,429.0,39.7,0.0
514589,1996.0,429.0,39.7,0.0
514589,2001.0,429.0,39.7,0.0
514602,2080.0,430.0,39.7,0.0
514603,2066.0,430.0,39.7,0.0
514603,2083.0,430.0,39.7,0.0
514619,2246.0,430.0,39.7,0.0
514619,2249.0,430.0,39.7,0.0
514619,2232.0,430.0,39.7,0.0
514619,2216.0,430.0,39.7,0.0
514633,1890.0,430.0,39.7,0.0
514633,1932.0,430.0,39.7,0.0
514634,1919.0,430.0,39.7,0.0
514646,1989.0,430.0,39.7,0.0
514647,1988.0,430.0,39.7,0.0
514647,2024.0,430.0,39.7,0.0
514647,2035.0,430.0,39.7,0.0
514664,2093.0,430.0,39.7,0.0
514665,2043.0,430.0,39.7,0.0
514665,2043.0,430.0,39.7,0.0
514665,2057.0,430.0,39.7,0.0
514678,1975.0,430.0,39.7,0.0
514678,1961.0,430.0,39.7,0.0
514679,1943.0,430.0,39.7,0.0
514692,1951.0,431.0,39.7,0.0
514692,1966.0,431.0,39.7,0.0
514693,1986.0,431.0,39.7,0.0
514693,1993.0,431.0,39.7,0.0
514708,1923.0,431.0,39.7,0.0
514709,1912.0,431.0,39.7,0.0
514709,1933.0,431.0,39.7,0.0
514709,1942.0,431.0,39.7,0.0
514723,2170.0,431.0,39.7,0.0
514723,2107.0,431.0,39.7,0.0
514723,2117.0,431.0,39.7,0.0
514739,2226.0,431.0,39.7,0.0
514740,2253.0,431.0,39.7,0.0
514740,2241.0,431.0,39.7,0.0
514740,2209.0,431.0,39.7,0.0
514753,1924.0,431.0,39.7,0.0
514754,1976.0,431.0,39.7,0.0
514754,2038.0,431.0,39.7,0.0
514767,2007.0,431.0,39.7,0.0
514767,1983.0,431.0,39.7,0.0
514767,2000.0,431.0,39.7,0.0
514768,2011.0,431.0,39.7,0.0
514785,2034.0,432.0,39.7,0.0
514786,2000.0,432.0,39.7,0.0
514786,1989.0,432.0,39.7,0.0
514786,2017.0,432.0,39.7,0.0
514799,2314.0,432.0,39.7,0.0
514799,2287.0,432.0,39.7,0.0
514799,2301.0,432.0,39.7,0.0
514813,1841.0,433.0,39.7,0.0
514813,1882.0,433.0,39.7,0.0
514813,1900.0,433.0,39.7,0.0
514813,1891.0,433.0,39.7,0.0
514830,1929.0,433.0,39.7,0.0
514831,1918.0,433.0,39.7,0.0
514831,1953.0,433.0,39.7,0.0
514831,1936.0,433.0,39.7,0.0
514843,2037.0,433.0,39.7,0.0
514844,2024.0,433.0,39.7,0.0
514844,2036.0,433.0,39.7,0.0
514857,2296.0,433.0,39.7,0.0
514857,2284.0,433.0,39.7,0.0
514857,2271.0,433.0,39.7,0.0
514857,2270.0,433.0,39.7,0.0
514874,1954.0,434.0,39.7,0.0
514875,2010.0,434.0,39.7,0.0
514875,2009.0,434.0,39.7,0.0
514875,2003.0,434.0,39.7,0.0
514888,1982.0,434.0,39.7,0.0
514888,1984.0,434.0,39.7,0.0
514888,2001.0,434.0,39.7,0.0
514905,2081.0,435.0,39.7,0.0
514905,2036.0,435.0,39.7,0.0
514906,2046.0,435.0,39.7,0.0
514906,2065.0,435.0,39.7,0.0
514918,2156.0,435.0,39.7,0.0
514919,2164.0,435.0,39.7,0.0
514919,2142.0,435.0,39.7,0.0
514933,1924.0,435.0,39.7,0.0
514933,1935.0,435.0,39.7,0.0
514933,1961.0,435.0,39.7,0.0
514933,1948.0,435.0,39.7,0.0
514950,1926.0,435.0,39.7,0.0
514950,1944.0,435.0,39.7,0.0
514951,1819.0,435.0,39.7,0.0
514951,1943.0,435.0,39.7,0.0
514963,2099.0,436.0,39.7,0.0
514964,2058.0,436.0,39.7,0.0
514964,2072.0,436.0,39.7,0.0
514981,2035.0,436.0,39.7,0.0
514982,2025.0,436.0,39.7,0.0
514982,1992.0,436.0,39.7,0.0
514982,1980.0,436.0,39.7,0.0
514994,2140.0,436.0,39.7,0.0
514995,2215.0,436.0,39.7,0.0
514995,2216.0,436.0,39.7,0.0
515008,1950.0,436.0,39.7,0.0
515008,1917.0,436.0,39.7,0.0
515008,1929.0,436.0,39.7,0.0
515008,1936.0,436.0,39.7,0.0
515026,2043.0,437.0,39.7,0.0
515027,2027.0,437.0,39.7,0.0
515027,2006.0,437.0,39.7,0.0
515027,2011.0,437.0,39.7,0.0
515040,2054.0,437.0,39.7,0.0
515041,2046.0,437.0,39.7,0.0
515041,2029.0,437.0,39.7,0.0
515054,1922.0,438.0,39.7,0.0
515054,1901.0,438.0,39.7,0.0
515055,1933.0,438.0,39.7,0.0
515055,1924.0,438.0,39.7,0.0
515072,1957.0,438.0,39.7,0.0
515072,1948.0,438.0,39.7,0.0
515072,1964.0,438.0,39.7,0.0
515073,1977.0,438.0,39.7,0.0
515085,2003.0,438.0,39.7,0.0
515086,1964.0,438.0,39.7,0.0
515086,1977.0,438.0,39.7,0.0
515102,2081.0,438.0,39.7,0.0
515103,2094.0,438.0,39.7,0.0
515103,2071.0,438.0,39.7,0.0
515103,2067.0,438.0,39.7,0.0
515116,2171.0,438.0,39.7,0.0
515116,2214.0,438.0,39.7,0.0
515116,2218.0,438.0,39.7,0.0
515130,1908.0,439.0,39.7,0.0
515130,1895.0,439.0,39.7,0.0
515130,1875.0,439.0,39.7,0.0
515131,1889.0,439.0,39.7,0.0
515148,2018.0,439.0,39.7,0.0
515148,2017.0,439.0,39.7,0.0
515148,2021.0,439.0,39.7,0.0
515148,1999.0,439.0,39.7,0.0
515162,2155.0,439.0,39.7,0.0
515162,2141.0,439.0,39.7,0.0
515163,2141.0,439.0,39.7,0.0
515175,2064.0,439.0,39.7,0.0
515176,2087.0,439.0,39.7,0.0
515176,2092.0,439.0,39.7,0.0
515176,2110.0,439.0,39.7,0.0
515193,1877.0,439.0,39.7,0.0
515193,1906.0,439.0,39.7,0.0
515193,1892.0,439.0,39.7,0.0
515193,1880.0,439.0,39.7,0.0
515206,2027.0,439.0,39.7,0.0
515206,2026.0,439.0,39.7,0.0
515206,2035.0,439.0,39.7,0.0
515220,2160.0,439.0,39.7,0.0
515220,2133.0,439.0,39.7,0.0
515221,2136.0,439.0,39.7,0.0
515221,2153.0,439.0,39.7,0.0
515236,1938.0,439.0,39.7,0.0
515237,1935.0,439.0,39.7,0.0
515237,1907.0,439.0,39.7,0.0
515237,1906.0,439.0,39.7,0.0
515251,1978.0,439.0,39.7,0.0
515251,1997.0,439.0,39.7,0.0
515251,1995.0,439.0,39.7,0.0
515267,1964.0,439.0,39.7,0.0
515268,1948.0,439.0,39.7,0.0
515268,1965.0,439.0,39.7,0.0
515268,1977.0,439.0,39.7,0.0
515282,2210.0,439.0,39.7,0.0
515282,2172.0,439.0,39.7,0.0
515282,2169.0,439.0,39.7,0.0
515295,1944.0,439.0,39.7,0.0
515295,1974.0,439.0,39.7,0.0
515295,1959.0,439.0,39.7,0.0
515296,1940.0,439.0,39.7,0.0
515312,1943.0,439.0,39.7,0.0
515313,1974.0,439.0,39.7,0.0
515313,2014.0,439.0,39.7,0.0
515313,1993.0,439.0,39.7,0.0
515326,2016.0,439.0,39.7,0.0
515326,1994.0,439.0,39.7,0.0
515326,2016.0,439.0,39.7,0.0
515340,2114.0,439.0,39.7,0.0
515340,2092.0,439.0,39.7,0.0
515340,2070.0,439.0,39.7,0.0
515340,2061.0,439.0,39.7,0.0
515356,1893.0,439.0,39.7,0.0
515357,1902.0,439.0,39.7,0.0
515357,1874.0,439.0,39.7,0.0
515357,1826.0,439.0,39.7,0.0
515370,1943.0,439.0,39.7,0.0
515371,2018.0,439.0,39.7,0.0
515371,2016.0,439.0,39.7,0.0
515387,1955.0,439.0,39.7,0.0
515387,1916.0,439.0,39.7,0.0
515388,1915.0,439.0,39.7,0.0
515388,1932.0,439.0,39.7,0.0
515401,2030.0,439.0,39.7,0.0
515402,2016.0,439.0,39.7,0.0
515402,2006.0,439.0,39.7,0.0
515414,2131.0,439.0,39.7,0.0
515415,2216.0,439.0,39.7,0.0
515415,2250.0,439.0,39.7,0.0
515415,2242.0,439.0,39.7,0.0
515432,1834.0,438.0,39.7,0.0
515433,1839.0,438.0,39.7,0.0
515433,1817.0,438.0,39.7,0.0
515433,1834.0,438.0,39.7,0.0
515446,2037.0,438.0,39.7,0.0
515446,2015.0,438.0,39.7,0.0
515446,2045.0,438.0,39.7,0.0
515460,2251.0,438.0,39.7,0.0
515460,2225.0,438.0,39.7,0.0
515461,2210.0,438.0,39.7,0.0
515461,2211.0,438.0,39.7,0.0
515478,2236.0,438.0,39.7,0.0
515479,2246.0,438.0,39.7,0.0
515479,2237.0,438.0,39.7,0.0
515479,2231.0,438.0,39.7,0.0
515492,1890.0,438.0,39.7,0.0
515492,1912.0,438.0,39.7,0.0
515492,1905.0,438.0,39.7,0.0
515509,1932.0,438.0,39.7,0.0
515510,1927.0,438.0,39.7,0.0
515510,1943.0,438.0,39.7,0.0
515510,2002.0,438.0,39.7,0.0
515523,2073.0,438.0,39.7,0.0
515523,2042.0,438.0,39.7,0.0
515523,2056.0,438.0,39.7,0.0
515536,2063.0,438.0,39.7,0.0
515536,2078.0,438.0,39.7,0.0
515537,2068.0,438.0,39.7,0.0
515537,2058.0,438.0,39.7,0.0
515554,1945.0,438.0,39.7,0.0
515554,1967.0,438.0,39.7,0.0
515554,1974.0,438.0,39.7,0.0
515554,1972.0,438.0,39.7,0.0
515568,1970.0,438.0,39.7,0.0
515569,1977.0,438.0,39.7,0.0
515569,1995.0,438.0,39.7,0.0
515569,1994.0,438.0,39.7,0.0
515585,2034.0,438.0,39.7,0.0
515586,1996.0,438.0,39.7,0.0
515586,2001.0,438.0,39.7,0.0
515586,2008.0,438.0,39.7,0.0
515599,2042.0,438.0,39.7,0.0
515600,2015.0,438.0,39.7,0.0
515600,1985.0,438.0,39.7,0.0
515613,1973.0,437.0,39.7,0.0
515613,1966.0,437.0,39.7,0.0
515613,1978.0,437.0,39.7,0.0
515614,1949.0,437.0,39.7,0.0
515631,1945.0,437.0,39.7,0.0
515632,1993.0,437.0,39.7,0.0
515632,1949.0,437.0,39.7,0.0
515632,1972.0,437.0,39.7,0.0
515645,2031.0,437.0,39.7,0.0
515646,1997.0,437.0,39.7,0.0
515646,1999.0,437.0,39.7,0.0
515659,2178.0,437.0,39.7,0.0
515660,2175.0,437.0,39.7,0.0
515660,2170.0,437.0,39.7,0.0
515660,2165.0,437.0,39.7,0.0
515677,2248.0,437.0,39.7,0.0
515677,2260.0,437.0,39.7,0.0
515678,2266.0,437.0,39.7,0.0
515678,2259.0,437.0,39.7,0.0
515690,1878.0,437.0,39.7,0.0
515691,1886.0,437.0,39.7,0.0
515691,1872.0,437.0,39.7,0.0
515708,2014.0,437.0,39.7,0.0
515708,1986.0,437.0,39.7,0.0
515708,1997.0,437.0,39.7,0.0
515709,2001.0,437.0,39.7,0.0
515721,2059.0,437.0,39.7,0.0
515722,2041.0,437.0,39.7,0.0
515722,2037.0,437.0,39.7,0.0
515735,2121.0,437.0,39.7,0.0
515735,2176.0,437.0,39.7,0.0
515736,2194.0,437.0,39.7,0.0
515736,2194.0,437.0,39.7,0.0
515754,1954.0,436.0,39.7,0.0
515754,2007.0,436.0,39.7,0.0
515754,2017.0,436.0,39.7,0.0
515754,2020.0,436.0,39.7,0.0
515768,1964.0,437.0,39.7,0.0
515769,1955.0,437.0,39.7,0.0
515769,1953.0,437.0,39.7,0.0
515781,2251.0,437.0,39.7,0.0
515782,2215.0,437.0,39.7,0.0
515782,2209.0,437.0,39.7,0.0
515782,2206.0,437.0,39.7,0.0
515799,2276.0,437.0,39.7,0.0
515799,2262.0,437.0,39.7,0.0
515799,2250.0,437.0,39.7,0.0
515800,2256.0,437.0,39.7,0.0
515812,1895.0,437.0,39.7,0.0
515813,1919.0,437.0,39.7,0.0
515813,1935.0,437.0,39.7,0.0
515830,1867.0,436.0,39.7,0.0
515830,1868.0,436.0,39.7,0.0
515830,1892.0,436.0,39.7,0.0
515830,1884.0,436.0,39.7,0.0
515843,2124.0,436.0,39.7,0.0
515843,2100.0,436.0,39.7,0.0
515844,2113.0,436.0,39.7,0.0
515857,2188.0,436.0,39.7,0.0
515858,2207.0,436.0,39.7,0.0
515858,2186.0,436.0,39.7,0.0
515858,2164.0,436.0,39.7,0.0
515875,2096.0,436.0,39.7,0.0
515875,2156.0,436.0,39.7,0.0
515875,2156.0,436.0,39.7,0.0
515876,2145.0,436.0,39.7,0.0
515889,1895.0,436.0,39.7,0.0
515890,1903.0,436.0,39.7,0.0
515890,1933.0,436.0,39.7,0.0
515890,1906.0,436.0,39.7,0.0
515903,2136.0,436.0,39.7,0.0
515903,2124.0,436.0,39.7,0.0
515903,2148.0,436.0,39.7,0.0
515920,2184.0,436.0,39.7,0.0
515921,2167.0,436.0,39.7,0.0
515921,2129.0,436.0,39.7,0.0
515921,2114.0,436.0,39.7,0.0
515934,2126.0,436.0,39.7,0.0
515934,2219.0,436.0,39.7,0.0
515934,2228.0,436.0,39.7,0.0
515948,1934.0,436.0,39.7,0.0
515948,1883.0,436.0,39.7,0.0
515948,1896.0,436.0,39.7,0.0
515949,1889.0,436.0,39.7,0.0
515964,2072.0,435.0,39.7,0.0
515965,2067.0,435.0,39.7,0.0
515965,2051.0,435.0,39.7,0.0
515965,2085.0,435.0,39.7,0.0
515979,2223.0,435.0,39.7,0.0
515979,2210.0,435.0,39.7,0.0
515979,2193.0,435.0,39.7,0.0
515996,2215.0,435.0,39.7,0.0
515997,2258.0,435.0,39.7,0.0
515997,2262.0,435.0,39.7,0.0
515997,2253.0,435.0,39.7,0.0
516010,1892.0,435.0,39.7,0.0
516010,1896.0,435.0,39.7,0.0
516010,1897.0,435.0,39.7,0.0
516023,2090.0,435.0,39.7,0.0
516023,2066.0,435.0,39.7,0.0
516023,2100.0,435.0,39.7,0.0
516024,2096.0,435.0,39.7,0.0
516041,2164.0,436.0,39.7,0.0
516041,2143.0,436.0,39.7,0.0
516041,2120.0,436.0,39.7,0.0
516041,2120.0,436.0,39.7,0.0
516054,2053.0,436.0,39.7,0.0
516054,2087.0,436.0,39.7,0.0
516055,2080.0,436.0,39.7,0.0
516068,1939.0,436.0,39.7,0.0
516069,1939.0,436.0,39.7,0.0
516069,1952.0,436.0,39.7,0.0
516069,1936.0,436.0,39.7,0.0
516086,2025.0,436.0,39.7,0.0
516086,2002.0,436.0,39.7,0.0
516086,2007.0,436.0,39.7,0.0
516087,2018.0,436.0,39.7,0.0
516099,2091.0,436.0,39.7,0.0
516099,2075.0,436.0,39.7,0.0
516100,2069.0,436.0,39.7,0.0
516117,2273.0,435.0,39.7,0.0
516117,2306.0,435.0,39.7,0.0
516117,2286.0,435.0,39.7,0.0
516117,2287.0,435.0,39.7,0.0
516130,1871.0,435.0,39.7,0.0
516130,1874.0,435.0,39.7,0.0
516131,1871.0,435.0,39.7,0.0
516143,2192.0,435.0,39.7,0.0
516144,2158.0,435.0,39.7,0.0
516144,2170.0,435.0,39.7,0.0
516144,2175.0,435.0,39.7,0.0
516161,2188.0,435.0,39.7,0.0
516161,2159.0,435.0,39.7,0.0
516161,2149.0,435.0,39.7,0.0
516162,2149.0,435.0,39.7,0.0
516174,2205.0,435.0,39.7,0.0
516175,2269.0,435.0,39.7,0.0
516175,2265.0,435.0,39.7,0.0
516192,1762.0,434.0,39.7,0.0
516192,1818.0,434.0,39.7,0.0
516192,1818.0,434.0,39.7,0.0
516193,1808.0,434.0,39.7,0.0
516206,2043.0,434.0,39.7,0.0
516207,2026.0,434.0,39.7,0.0
516207,2039.0,434.0,39.7,0.0
516219,2265.0,433.0,123.7,0.0
516220,2235.0,433.0,123.7,0.0
516220,2233.0,433.0,123.7,0.0
516220,2210.0,433.0,123.7,0.0
516238,2160.0,433.0,123.7,0.0
516238,2168.0,433.0,123.7,0.0
516239,2143.0,433.0,123.7,0.0
516239,2127.0,433.0,123.7,0.0
516251,1915.0,433.0,123.7,0.0
516252,1938.0,433.0,123.7,0.0
516252,1946.0,433.0,123.7,0.0
516265,2025.0,432.0,123.7,0.0
516266,1991.0,432.0,123.7,0.0
516266,2007.0,432.0,123.7,0.0
516266,2030.0,432.0,123.7,0.0
516282,2142.0,432.0,123.7,0.0
516282,2086.0,432.0,123.7,0.0
516283,2075.0,432.0,123.7,0.0
516283,2094.0,432.0,123.7,0.0
516296,2413.0,432.0,123.7,0.0
516297,2425.0,432.0,123.7,0.0
516297,2405.0,432.0,123.7,0.0
516310,1824.0,432.0,123.7,0.0
516310,1850.0,432.0,123.7,0.0
516310,1836.0,432.0,123.7,0.0
516310,1819.0,432.0,123.7,0.0
516327,1985.0,432.0,123.7,0.0
516327,1993.0,432.0,123.7,0.0
516328,2018.0,432.0,123.7,0.0
516328,2017.0,432.0,123.7,0.0
516341,2114.0,431.0,123.7,0.0
516341,2084.0,431.0,123.7,0.0
516341,2100.0,431.0,123.7,0.0
516358,2286.0,431.0,123.7,0.0
516359,2286.0,431.0,123.7,0.0
516359,2252.0,431.0,123.7,0.0
516359,2247.0,431.0,123.7,0.0
516372,1870.0,430.0,123.7,0.0
516372,1898.0,430.0,123.7,0.0
516373,1884.0,430.0,123.7,0.0
516386,1987.0,430.0,123.7,0.0
516387,1975.0,430.0,123.7,0.0
516387,2011.0,430.0,123.7,0.0
516387,2045.0,430.0,123.7,0.0
516403,2123.0,430.0,123.7,0.0
516403,2065.0,430.0,123.7,0.0
516403,2046.0,430.0,123.7,0.0
516404,2077.0,430.0,123.7,0.0
516417,1958.0,429.0,123.7,0.0
516417,1950.0,429.0,123.7,0.0
516418,1911.0,429.0,123.7,0.0
516434,2101.0,429.0,123.7,0.0
516435,2147.0,429.0,123.7,0.0
516435,2185.0,429.0,123.7,0.0
516435,2189.0,429.0,123.7,0.0
516448,1930.0,429.0,123.7,0.0
516448,1902.0,429.0,123.7,0.0
516448,1924.0,429.0,123.7,0.0
516461,2102.0,428.0,123.7,0.0
516461,2100.0,428.0,123.7,0.0
516461,2097.0,428.0,123.7,0.0
516462,2061.0,428.0,123.7,0.0
516479,2086.0,428.0,123.7,0.0
516480,2099.0,428.0,123.7,0.0
516480,2087.0,428.0,123.7,0.0
516480,2063.0,428.0,123.7,0.0
516493,2135.0,428.0,123.7,0.0
516493,2241.0,428.0,123.7,0.0
516494,2290.0,428.0,123.7,0.0
516507,1910.0,427.0,123.7,0.0
516508,1800.0,427.0,123.7,0.0
516508,1834.0,427.0,123.7,0.0
516508,1815.0,427.0,123.7,0.0
516525,2254.0,427.0,76.2,0.0
516525,2220.0,427.0,76.2,0.0
516526,2206.0,427.0,76.2,0.0
516526,2182.0,427.0,76.2,0.0
516538,1973.0,426.0,76.2,0.0
516539,1990.0,426.0,76.2,0.0
516539,2003.0,426.0,76.2,0.0
516556,2114.0,426.0,76.2,0.0
516556,2115.0,426.0,76.2,0.0
516556,2118.0,426.0,76.2,0.0
516556,2140.0,426.0,76.2,0.0
516569,1936.0,426.0,76.2,0.0
516569,1931.0,426.0,76.2,0.0
516570,1918.0,426.0,76.2,0.0
516582,1990.0,426.0,76.2,0.0
516583,2001.0,426.0,76.2,0.0
516583,2013.0,426.0,76.2,0.0
516583,2018.0,426.0,76.2,0.0
516601,2120.0,426.0,76.2,0.0
516601,2100.0,426.0,76.2,0.0
516601,2103.0,426.0,76.2,0.0
516602,2112.0,426.0,76.2,0.0
516615,2020.0,426.0,76.2,0.0
516615,2025.0,426.0,76.2,0.0
516616,2026.0,426.0,76.2,0.0
516628,1970.0,426.0,76.2,0.0
516629,1969.0,426.0,76.2,0.0
516629,1982.0,426.0,76.2,0.0
516629,1956.0,426.0,76.2,0.0
516646,1982.0,426.0,76.2,0.0
516646,1983.0,426.0,76.2,0.0
516647,1999.0,426.0,76.2,0.0
516647,1994.0,426.0,76.2,0.0
516659,2422.0,426.0,76.2,0.0
516660,2376.0,426.0,76.2,0.0
516660,2390.0,426.0,76.2,0.0
516674,1926.0,426.0,76.2,0.0
516674,1962.0,426.0,76.2,0.0
516674,1934.0,426.0,76.2,0.0
516674,1910.0,426.0,76.2,0.0
516690,1925.0,426.0,76.2,0.0
516691,1958.0,426.0,76.2,0.0
516691,1956.0,426.0,76.2,0.0
516691,1913.0,426.0,76.2,0.0
516705,2011.0,426.0,76.2,0.0
516705,2030.0,426.0,76.2,0.0
516705,2062.0,426.0,76.2,0.0
516721,2109.0,426.0,76.2,0.0
516722,2063.0,426.0,76.2,0.0
516722,2042.0,426.0,76.2,0.0
516722,2059.0,426.0,76.2,0.0
516736,2091.0,426.0,76.2,0.0
516736,2106.0,426.0,76.2,0.0
516736,2077.0,426.0,76.2,0.0
516749,1924.0,426.0,76.2,0.0
516749,1948.0,426.0,76.2,0.0
516749,1977.0,426.0,76.2,0.0
516749,1960.0,426.0,76.2,0.0
516766,1993.0,426.0,76.2,0.0
516767,1961.0,426.0,76.2,0.0
516767,1967.0,426.0,76.2,0.0
516767,2000.0,426.0,76.2,0.0
516780,2153.0,426.0,76.2,0.0
516780,2115.0,426.0,76.2,0.0
516780,2114.0,426.0,76.2,0.0
516794,1955.0,426.0,76.2,0.0
516794,2003.0,426.0,76.2,0.0
516794,1990.0,426.0,76.2,0.0
516795,1961.0,426.0,76.2,0.0
516811,1887.0,426.0,76.2,0.0
516811,1962.0,426.0,76.2,0.0
516811,1972.0,426.0,76.2,0.0
516812,1959.0,426.0,76.2,0.0
516825,1987.0,426.0,76.2,0.0
516826,1967.0,426.0,76.2,0.0
516826,1997.0,426.0,76.2,0.0
516842,2158.0,426.0,76.2,0.0
516842,2125.0,426.0,76.2,0.0
516843,2102.0,426.0,76.2,0.0
516843,2092.0,426.0,76.2,0.0
516856,2079.0,426.0,76.2,0.0
516857,2107.0,426.0,76.2,0.0
516857,2086.0,426.0,76.2,0.0
516869,1931.0,426.0,76.2,0.0
516870,1953.0,426.0,76.2,0.0
516870,1960.0,426.0,76.2,0.0
516870,1964.0,426.0,76.2,0.0
516887,1995.0,426.0,76.2,0.0
516887,1963.0,426.0,76.2,0.0
516888,1966.0,426.0,76.2,0.0
516888,1982.0,426.0,76.2,0.0
516900,2219.0,426.0,161.6,0.0
516901,2192.0,426.0,161.6,0.0
516901,2165.0,426.0,161.6,0.0
516918,2149.0,426.0,161.6,0.0
516918,2174.0,426.0,161.6,0.0
516918,2176.0,426.0,161.6,0.0
516919,2169.0,426.0,161.6,0.0
516931,1920.0,426.0,161.6,0.0
516932,1931.0,426.0,161.6,0.0
516932,1924.0,426.0,161.6,0.0
516945,2040.0,426.0,161.6,0.0
516946,2003.0,426.0,161.6,0.0
516946,2005.0,426.0,161.6,0.0
516946,2011.0,426.0,161.6,0.0
516964,2108.0,426.0,161.6,0.0
516965,2051.0,426.0,161.6,0.0
516965,2032.0,426.0,161.6,0.0
516965,2039.0,426.0,161.6,0.0
516978,2037.0,426.0,161.6,0.0
516978,2044.0,426.0,161.6,0.0
516978,2044.0,426.0,161.6,0.0
516991,1937.0,426.0,161.6,0.0
516991,1947.0,426.0,161.6,0.0
516991,1956.0,426.0,161.6,0.0
516992,1942.0,426.0,161.6,0.0
517009,1940.0,426.0,161.6,0.0
517009,1887.0,426.0,161.6,0.0
517009,1917.0,426.0,161.6,0.0
517009,1938.0,426.0,161.6,0.0
517023,2168.0,427.0,161.6,0.0
517024,2139.0,427.0,161.6,0.0
517024,2144.0,427.0,161.6,0.0
517039,2095.0,427.0,161.6,0.0
517040,2101.0,427.0,161.6,0.0
517040,2082.0,427.0,161.6,0.0
517040,2089.0,427.0,161.6,0.0
517054,2147.0,427.0,161.6,0.0
517054,2222.0,427.0,161.6,0.0
517055,2254.0,427.0,161.6,0.0
517067,1950.0,427.0,161.6,0.0
517068,1923.0,427.0,161.6,0.0
517068,1912.0,427.0,161.6,0.0
517068,1911.0,427.0,161.6,0.0
517086,2076.0,427.0,161.6,0.0
517086,2039.0,427.0,161.6,0.0
517086,2020.0,427.0,161.6,0.0
517087,1981.0,427.0,161.6,0.0
517100,2183.0,427.0,161.6,0.0
517101,2177.0,427.0,161.6,0.0
517101,2178.0,427.0,161.6,0.0
517114,2094.0,427.0,161.6,0.0
517115,2097.0,427.0,161.6,0.0
517115,2100.0,427.0,161.6,0.0
517116,2110.0,427.0,161.6,0.0
517133,1907.0,427.0,161.6,0.0
517133,1936.0,427.0,161.6,0.0
517133,1933.0,427.0,161.6,0.0
517133,1919.0,427.0,161.6,0.0
517146,1992.0,427.0,161.6,0.0
517147,1998.0,427.0,161.6,0.0
517147,2009.0,427.0,161.6,0.0
517164,2068.0,427.0,161.6,0.0
517164,2043.0,427.0,161.6,0.0
517164,2028.0,427.0,161.6,0.0
517164,2036.0,427.0,161.6,0.0
517177,2136.0,427.0,161.6,0.0
517177,2142.0,427.0,161.6,0.0
517178,2148.0,427.0,161.6,0.0
517190,1910.0,428.0,161.6,0.0
517191,1923.0,428.0,161.6,0.0
517191,1924.0,428.0,161.6,0.0
517191,1893.0,428.0,161.6,0.0
517209,1890.0,428.0,161.6,0.0
517209,1864.0,428.0,161.6,0.0
517210,1886.0,428.0,161.6,0.0
517210,1882.0,428.0,161.6,0.0
517223,2088.0,428.0,161.6,0.0
517224,2068.0,428.0,161.6,0.0
517224,2083.0,428.0,161.6,0.0
517236,2044.0,428.0,161.6,0.0
517237,2056.0,428.0,161.6,0.0
517237,2037.0,428.0,161.6,0.0
517237,2042.0,428.0,161.6,0.0
517254,2010.0,428.0,161.6,0.0
517255,2036.0,428.0,161.6,0.0
517255,2045.0,428.0,161.6,0.0
517255,2030.0,428.0,161.6,0.0
517268,1962.0,428.0,161.6,0.0
517268,1954.0,428.0,161.6,0.0
517268,1978.0,428.0,161.6,0.0
517282,2124.0,428.0,161.6,0.0
517282,2095.0,428.0,161.6,0.0
517282,2091.0,428.0,161.6,0.0
517283,2105.0,428.0,161.6,0.0
517298,2044.0,428.0,161.6,0.0
517299,2035.0,428.0,161.6,0.0
517299,2008.0,428.0,161.6,0.0
517299,2003.0,428.0,161.6,0.0
517313,1966.0,429.0,161.6,0.0
517313,1954.0,429.0,161.6,0.0
517313,1978.0,429.0,161.6,0.0
517330,1936.0,429.0,161.6,0.0
517330,1931.0,429.0,161.6,0.0
517330,1956.0,429.0,161.6,0.0
517331,1961.0,429.0,161.6,0.0
517344,2046.0,429.0,161.6,0.0
517344,2016.0,429.0,161.6,0.0
517345,2010.0,429.0,161.6,0.0
517357,2192.0,430.0,160.0,0.0
517358,2212.0,430.0,160.0,0.0
517358,2200.0,430.0,160.0,0.0
517358,2187.0,430.0,160.0,0.0
517375,2164.0,430.0,160.0,0.0
517375,2212.0,430.0,160.0,0.0
517375,2244.0,430.0,160.0,0.0
517376,2248.0,430.0,160.0,0.0
517388,1940.0,430.0,160.0,0.0
517389,1904.0,430.0,160.0,0.0
517389,1904.0,430.0,160.0,0.0
517402,2096.0,430.0,160.0,0.0
517403,2082.0,430.0,160.0,0.0
517403,2100.0,430.0,160.0,0.0
517403,2111.0,430.0,160.0,0.0
517419,2109.0,430.0,160.0,0.0
517419,2097.0,430.0,160.0,0.0
517420,2091.0,430.0,160.0,0.0
517420,2101.0,430.0,160.0,0.0
517433,2002.0,430.0,160.0,0.0
517434,2033.0,430.0,160.0,0.0
517434,2014.0,430.0,160.0,0.0
517451,1913.0,431.0,160.0,0.0
517452,1933.0,431.0,160.0,0.0
517452,1962.0,431.0,160.0,0.0
517452,1964.0,431.0,160.0,0.0
517465,2017.0,431.0,160.0,0.0
517465,1998.0,431.0,160.0,0.0
517465,2012.0,431.0,160.0,0.0
517478,2129.0,431.0,160.0,0.0
517479,2118.0,431.0,160.0,0.0
517479,2118.0,431.0,160.0,0.0
517479,2122.0,431.0,160.0,0.0
517496,2220.0,431.0,160.0,0.0
517496,2252.0,431.0,160.0,0.0
517497,2250.0,431.0,160.0,0.0
517497,2243.0,431.0,160.0,0.0
517511,1884.0,431.0,160.0,0.0
517511,1895.0,431.0,160.0,0.0
517511,1868.0,431.0,160.0,0.0
517527,1979.0,432.0,160.0,0.0
517528,1970.0,432.0,160.0,0.0
517528,1979.0,432.0,160.0,0.0
517528,1987.0,432.0,160.0,0.0
517542,2054.0,432.0,160.0,0.0
517542,2036.0,432.0,160.0,0.0
517542,2030.0,432.0,160.0,0.0
517555,2047.0,432.0,160.0,0.0
517555,2080.0,432.0,160.0,0.0
517555,2085.0,432.0,160.0,0.0
517555,2059.0,432.0,160.0,0.0
517573,2041.0,432.0,160.0,0.0
517574,2076.0,432.0,160.0,0.0
517574,2101.0,432.0,160.0,0.0
517574,2116.0,432.0,160.0,0.0
517587,1966.0,432.0,160.0,0.0
517587,1955.0,432.0,160.0,0.0
517587,1962.0,432.0,160.0,0.0
517601,2197.0,432.0,160.0,0.0
517601,2173.0,432.0,160.0,0.0
517601,2177.0,432.0,160.0,0.0
517602,2185.0,432.0,160.0,0.0
517617,2004.0,432.0,160.0,0.0
517618,2001.0,432.0,160.0,0.0
517618,1986.0,432.0,160.0,0.0
517618,1978.0,432.0,160.0,0.0
517632,1948.0,433.0,160.0,0.0
517632,1972.0,433.0,160.0,0.0
517632,1971.0,433.0,160.0,0.0
517648,1921.0,433.0,160.0,0.0
517649,1913.0,433.0,160.0,0.0
517649,1914.0,433.0,160.0,0.0
517649,1925.0,433.0,160.0,0.0
517663,2080.0,434.0,160.0,0.0
517663,2059.0,434.0,160.0,0.0
517663,2047.0,434.0,160.0,0.0
517676,2234.0,434.0,164.7,0.0
517676,2253.0,434.0,164.7,0.0
517676,2254.0,434.0,164.7,0.0
517677,2246.0,434.0,164.7,0.0
517694,1926.0,434.0,164.7,0.0
517695,1950.0,434.0,164.7,0.0
517695,1956.0,434.0,164.7,0.0
517695,1939.0,434.0,164.7,0.0
517708,1930.0,434.0,164.7,0.0
517708,1994.0,434.0,164.7,0.0
517708,2011.0,434.0,164.7,0.0
517722,2177.0,435.0,164.7,0.0
517722,2139.0,435.0,164.7,0.0
517723,2138.0,435.0,164.7,0.0
517723,2147.0,435.0,164.7,0.0
517739,2174.0,435.0,164.7,0.0
517739,2169.0,435.0,164.7,0.0
517739,2158.0,435.0,164.7,0.0
517739,2158.0,435.0,164.7,0.0
517753,1941.0,436.0,164.7,0.0
517753,1948.0,436.0,164.7,0.0
517754,1933.0,436.0,164.7,0.0
517770,1964.0,436.0,164.7,0.0
517771,1973.0,436.0,164.7,0.0
517771,1995.0,436.0,164.7,0.0
517771,2012.0,436.0,164.7,0.0
517784,2070.0,436.0,164.7,0.0
517784,2034.0,436.0,164.7,0.0
517784,2039.0,436.0,164.7,0.0
517797,2087.0,437.0,164.7,0.0
517797,2100.0,437.0,164.7,0.0
517798,2100.0,437.0,164.7,0.0
517798,2076.0,437.0,164.7,0.0
517816,2343.0,437.0,164.7,0.0
517816,2343.0,437.0,164.7,0.0
517816,2372.0,437.0,164.7,0.0
517817,2386.0,437.0,164.7,0.0
517830,1845.0,438.0,164.7,0.0
517831,1956.0,438.0,164.7,0.0
517831,1829.0,438.0,164.7,0.0
517843,2120.0,438.0,164.7,0.0
517844,2096.0,438.0,164.7,0.0
517844,2103.0,438.0,164.7,0.0
517844,2099.0,438.0,164.7,0.0
517861,2147.0,439.0,164.7,0.0
517861,2125.0,439.0,164.7,0.0
517862,2119.0,439.0,164.7,0.0
517862,2115.0,439.0,164.7,0.0
517875,2086.0,439.0,164.7,0.0
517875,2124.0,439.0,164.7,0.0
517875,2132.0,439.0,164.7,0.0
517888,1965.0,439.0,164.7,0.0
517888,1954.0,439.0,164.7,0.0
517888,1956.0,439.0,164.7,0.0
517889,1946.0,439.0,164.7,0.0
517906,2009.0,439.0,164.7,0.0
517906,2015.0,439.0,164.7,0.0
517906,2014.0,439.0,164.7,0.0
517906,2019.0,439.0,164.7,0.0
517920,2124.0,439.0,164.7,0.0
517920,2110.0,439.0,164.7,0.0
517921,2114.0,439.0,164.7,0.0
517937,2144.0,439.0,164.7,0.0
517937,2161.0,439.0,164.7,0.0
517937,2154.0,439.0,164.7,0.0
517938,2156.0,439.0,164.7,0.0
517951,1910.0,440.0,164.7,0.0
517951,1937.0,440.0,164.7,0.0
517952,1936.0,440.0,164.7,0.0
517964,2079.0,440.0,164.7,0.0
517965,2053.0,440.0,164.7,0.0
517965,2067.0,440.0,164.7,0.0
517965,2073.0,440.0,164.7,0.0
517982,2181.0,440.0,164.7,0.0
517982,2132.0,440.0,164.7,0.0
517982,2130.0,440.0,164.7,0.0
517983,2148.0,440.0,164.7,0.0
517995,2108.0,440.0,164.7,0.0
517996,2084.0,440.0,164.7,0.0
517996,2102.0,440.0,164.7,0.0
518013,1925.0,441.0,164.7,0.0
518013,1960.0,441.0,164.7,0.0
518013,1991.0,441.0,164.7,0.0
518013,1985.0,441.0,164.7,0.0
518026,1992.0,441.0,164.7,0.0
518026,1979.0,441.0,164.7,0.0
518027,1997.0,441.0,164.7,0.0
518040,2249.0,441.0,158.4,0.0
518041,2215.0,441.0,158.4,0.0
518041,2199.0,441.0,158.4,0.0
518041,2205.0,441.0,158.4,0.0
518059,2087.0,441.0,158.4,0.0
518059,2095.0,441.0,158.4,0.0
518059,2075.0,441.0,158.4,0.0
518060,2084.0,441.0,158.4,0.0
518072,1937.0,441.0,158.4,0.0
518073,1935.0,441.0,158.4,0.0
518073,1935.0,441.0,158.4,0.0
518085,1984.0,441.0,158.4,0.0
518086,1988.0,441.0,158.4,0.0
518086,1991.0,441.0,158.4,0.0
518103,2147.0,442.0,158.4,0.0
518103,2126.0,442.0,158.4,0.0
518103,2106.0,442.0,158.4,0.0
518103,2079.0,442.0,158.4,0.0
518116,1953.0,442.0,158.4,0.0
518116,1999.0,442.0,158.4,0.0
518117,1999.0,442.0,158.4,0.0
518130,1950.0,441.0,158.4,0.0
518130,1948.0,441.0,158.4,0.0
518131,1959.0,441.0,158.4,0.0
518131,1976.0,441.0,158.4,0.0
518147,1983.0,441.0,158.4,0.0
518147,1949.0,441.0,158.4,0.0
518147,1935.0,441.0,158.4,0.0
518148,1944.0,441.0,158.4,0.0
518161,2122.0,441.0,158.4,0.0
518161,2100.0,441.0,158.4,0.0
518162,2091.0,441.0,158.4,0.0
518179,1980.0,440.0,158.4,0.0
518179,1995.0,440.0,158.4,0.0
518179,1987.0,440.0,158.4,0.0
518179,1989.0,440.0,158.4,0.0
518192,1971.0,440.0,158.4,0.0
518192,1999.0,440.0,158.4,0.0
518193,2027.0,440.0,158.4,0.0
518205,2015.0,440.0,158.4,0.0
518206,2000.0,440.0,158.4,0.0
518206,1986.0,440.0,158.4,0.0
518206,1988.0,440.0,158.4,0.0
518223,2016.0,441.0,158.4,0.0
518223,2016.0,441.0,158.4,0.0
518223,2018.0,441.0,158.4,0.0
518224,2006.0,441.0,158.4,0.0
518236,2224.0,441.0,158.4,0.0
518237,2235.0,441.0,158.4,0.0
518237,2250.0,441.0,158.4,0.0
518254,1904.0,441.0,158.4,0.0
518254,1932.0,441.0,158.4,0.0
518254,1922.0,441.0,158.4,0.0
518254,1914.0,441.0,158.4,0.0
518268,2001.0,440.0,158.4,0.0
518268,2006.0,440.0,158.4,0.0
518269,2002.0,440.0,158.4,0.0
518281,2079.0,440.0,158.4,0.0
518282,2069.0,440.0,158.4,0.0
518282,2077.0,440.0,158.4,0.0
518282,2092.0,440.0,158.4,0.0
518300,2391.0,440.0,158.4,0.0
518301,2348.0,440.0,158.4,0.0
518301,2335.0,440.0,158.4,0.0
518301,2337.0,440.0,158.4,0.0
518314,1880.0,440.0,158.4,0.0
518314,1896.0,440.0,158.4,0.0
518315,1895.0,440.0,158.4,0.0
518328,1981.0,440.0,158.4,0.0
518329,1982.0,440.0,158.4,0.0
518329,2014.0,440.0,158.4,0.0
518329,2003.0,440.0,158.4,0.0
518345,3329.0,440.0,166.1,0.0
518346,3115.0,440.0,166.1,0.0
518346,3111.0,440.0,166.1,0.0
518346,3105.0,440.0,166.1,0.0
518359,1506.0,440.0,166.1,0.0
518360,1501.0,440.0,166.1,0.0
518360,1452.0,440.0,166.1,0.0
518376,2054.0,440.0,166.1,0.0
518376,2079.0,440.0,166.1,0.0
518377,2120.0,440.0,166.1,0.0
518377,2072.0,440.0,166.1,0.0
518390,1848.0,440.0,166.1,0.0
518391,1873.0,440.0,166.1,0.0
518391,1935.0,440.0,166.1,0.0
518404,2117.0,440.0,166.1,0.0
518404,2054.0,440.0,166.1,0.0
518404,2004.0,440.0,166.1,0.0
518405,2009.0,440.0,166.1,0.0
518423,1989.0,440.0,166.1,0.0
518423,2034.0,440.0,166.1,0.0
518423,2009.0,440.0,166.1,0.0
518423,1954.0,440.0,166.1,0.0
518436,2150.0,440.0,166.1,0.0
518437,2218.0,440.0,166.1,0.0
518437,2258.0,440.0,166.1,0.0
518450,1913.0,439.0,166.1,0.0
518451,1861.0,439.0,166.1,0.0
518451,1840.0,439.0,166.1,0.0
518451,1886.0,439.0,166.1,0.0
518468,2052.0,439.0,166.1,0.0
518469,2039.0,439.0,166.1,0.0
518469,2005.0,439.0,166.1,0.0
518469,1996.0,439.0,166.1,0.0
518482,1960.0,439.0,166.1,0.0
518482,1984.0,439.0,166.1,0.0
518482,1981.0,439.0,166.1,0.0
518499,2286.0,439.0,166.1,0.0
518500,2260.0,439.0,166.1,0.0
518500,2295.0,439.0,166.1,0.0
518500,2327.0,439.0,166.1,0.0
518513,1907.0,439.0,166.1,0.0
518513,1902.0,439.0,166.1,0.0
518513,1885.0,439.0,166.1,0.0
518527,1986.0,439.0,166.1,0.0
518527,2014.0,439.0,166.1,0.0
518527,2017.0,439.0,166.1,0.0
518528,1983.0,439.0,166.1,0.0
518545,2002.0,439.0,166.1,0.0
518545,2003.0,439.0,166.1,0.0
518545,2032.0,439.0,166.1,0.0
518546,2031.0,439.0,166.1,0.0
518559,2169.0,439.0,166.1,0.0
518559,2140.0,439.0,166.1,0.0
518560,2162.0,439.0,166.1,0.0
518572,1959.0,438.0,166.1,0.0
518573,1970.0,438.0,166.1,0.0
518573,1975.0,438.0,166.1,0.0
518573,1980.0,438.0,166.1,0.0
518591,1878.0,438.0,166.1,0.0
518591,1924.0,438.0,166.1,0.0
518591,1918.0,438.0,166.1,0.0
518592,1875.0,438.0,166.1,0.0
518604,2047.0,438.0,166.1,0.0
518605,2051.0,438.0,166.1,0.0
518605,2090.0,438.0,166.1,0.0
518622,2160.0,437.0,166.1,0.0
518622,2104.0,437.0,166.1,0.0
518622,2081.0,437.0,166.1,0.0
518623,2103.0,437.0,166.1,0.0
518635,2085.0,437.0,166.1,0.0
518636,2117.0,437.0,166.1,0.0
518636,2081.0,437.0,166.1,0.0
518649,1901.0,437.0,166.1,0.0
518650,1920.0,437.0,166.1,0.0
518650,1969.0,437.0,166.1,0.0
518650,1952.0,437.0,166.1,0.0
518668,1929.0,437.0,166.1,0.0
518668,1893.0,437.0,166.1,0.0
518669,1912.0,437.0,166.1,0.0
518669,1945.0,437.0,166.1,0.0
518681,2126.0,437.0,166.1,0.0
518682,2087.0,437.0,166.1,0.0
518682,2076.0,437.0,166.1,0.0
518695,2143.0,436.0,166.1,0.0
518695,2206.0,436.0,166.1,0.0
518695,2213.0,436.0,166.1,0.0
518695,2193.0,436.0,166.1,0.0
518712,1852.0,437.0,166.1,0.0
518713,1948.0,437.0,166.1,0.0
518713,1965.0,437.0,166.1,0.0
518714,2030.0,437.0,166.1,0.0
518728,1919.0,437.0,166.1,0.0
518729,1906.0,437.0,166.1,0.0
518729,1930.0,437.0,166.1,0.0
518729,1933.0,437.0,166.1,0.0
518747,1962.0,436.0,166.1,0.0
518747,1959.0,436.0,166.1,0.0
518748,1982.0,436.0,166.1,0.0
518748,1969.0,436.0,166.1,0.0
518760,2218.0,436.0,166.1,0.0
518761,2189.0,436.0,166.1,0.0
518761,2170.0,436.0,166.1,0.0
518778,2098.0,436.0,166.1,0.0
518778,2129.0,436.0,166.1,0.0
518779,2126.0,436.0,166.1,0.0
518779,2110.0,436.0,166.1,0.0
518791,1916.0,436.0,166.1,0.0
518792,1956.0,436.0,166.1,0.0
518792,1957.0,436.0,166.1,0.0
518805,2054.0,436.0,166.1,0.0
518805,2024.0,436.0,166.1,0.0
518805,2006.0,436.0,166.1,0.0
518805,2021.0,436.0,166.1,0.0
518822,2254.0,435.0,166.1,0.0
518823,2212.0,435.0,166.1,0.0
518823,2197.0,435.0,166.1,0.0
518823,2182.0,435.0,166.1,0.0
518837,2021.0,435.0,166.1,0.0
518837,2046.0,435.0,166.1,0.0
518837,2036.0,435.0,166.1,0.0
518853,2009.0,435.0,166.1,0.0
518854,2062.0,435.0,166.1,0.0
518854,2093.0,435.0,166.1,0.0
518854,2110.0,435.0,166.1,0.0
518868,1944.0,435.0,166.1,0.0
518868,1921.0,435.0,166.1,0.0
518868,1920.0,435.0,166.1,0.0
518881,2177.0,435.0,166.1,0.0
518881,2153.0,435.0,166.1,0.0
518882,2170.0,435.0,166.1,0.0
518882,2164.0,435.0,166.1,0.0
518900,2294.0,435.0,166.1,0.0
518900,2277.0,435.0,166.1,0.0
518901,2267.0,435.0,166.1,0.0
518901,2287.0,435.0,166.1,0.0
518913,2073.0,435.0,166.1,0.0
518914,2138.0,435.0,166.1,0.0
518914,2161.0,435.0,166.1,0.0
518928,1928.0,435.0,166.1,0.0
518928,1921.0,435.0,166.1,0.0
518928,1890.0,435.0,166.1,0.0
518928,1888.0,435.0,166.1,0.0
518944,2067.0,435.0,166.1,0.0
518945,2059.0,435.0,166.1,0.0
518945,2064.0,435.0,166.1,0.0
518945,2067.0,435.0,166.1,0.0
518959,2036.0,434.0,166.1,0.0
518959,2022.0,434.0,166.1,0.0
518959,2035.0,434.0,166.1,0.0
518976,2090.0,434.0,166.1,0.0
518977,2100.0,434.0,166.1,0.0
518977,2097.0,434.0,166.1,0.0
518977,2073.0,434.0,166.1,0.0
518990,1936.0,434.0,166.1,0.0
518990,1942.0,434.0,166.1,0.0
518990,1933.0,434.0,166.1,0.0
519003,2140.0,434.0,166.1,0.0
519003,2113.0,434.0,166.1,0.0
519003,2111.0,434.0,166.1,0.0
519021,2167.0,434.0,166.1,0.0
519022,2139.0,434.0,166.1,0.0
519022,2117.0,434.0,166.1,0.0
519022,2123.0,434.0,166.1,0.0
519036,2348.0,433.0,166.1,0.0
519036,2378.0,433.0,166.1,0.0
519036,2400.0,433.0,166.1,0.0
519049,1827.0,433.0,166.1,0.0
519050,1848.0,433.0,166.1,0.0
519050,1821.0,433.0,166.1,0.0
519050,1816.0,433.0,166.1,0.0
519067,1984.0,433.0,166.1,0.0
519068,1962.0,433.0,166.1,0.0
519068,1960.0,433.0,166.1,0.0
519068,1945.0,433.0,166.1,0.0
519080,2284.0,433.0,166.1,0.0
519081,2281.0,433.0,166.1,0.0
519081,2286.0,433.0,166.1,0.0
519094,2029.0,433.0,166.1,0.0
519094,2064.0,433.0,166.1,0.0
519094,2059.0,433.0,166.1,0.0
519111,1859.0,432.0,166.1,0.0
519111,1867.0,432.0,166.1,0.0
519112,1884.0,432.0,166.1,0.0
519112,1879.0,432.0,166.1,0.0
519125,2017.0,431.0,166.1,0.0
519126,1999.0,431.0,166.1,0.0
519126,2018.0,431.0,166.1,0.0
519142,2069.0,431.0,166.1,0.0
519142,2031.0,431.0,166.1,0.0
519142,2008.0,431.0,166.1,0.0
519143,2015.0,431.0,166.1,0.0
519156,2319.0,431.0,166.1,0.0
519157,2355.0,431.0,166.1,0.0
519157,2351.0,431.0,166.1,0.0
519170,1859.0,431.0,166.1,0.0
519170,1850.0,431.0,166.1,0.0
519170,1851.0,431.0,166.1,0.0
519170,1829.0,431.0,166.1,0.0
519187,1990.0,431.0,166.1,0.0
519188,1982.0,431.0,166.1,0.0
519188,1987.0,431.0,166.1,0.0
519188,1983.0,431.0,166.1,0.0
519201,1980.0,430.0,166.1,0.0
519202,1990.0,430.0,166.1,0.0
519202,1976.0,430.0,166.1,0.0
519215,2356.0,430.0,166.1,0.0
519216,2383.0,430.0,166.1,0.0
519216,2398.0,430.0,166.1,0.0
519216,2413.0,430.0,166.1,0.0
519232,1816.0,430.0,166.1,0.0
519232,1848.0,430.0,166.1,0.0
519233,1860.0,430.0,166.1,0.0
519233,1870.0,430.0,166.1,0.0
519246,2017.0,428.0,166.1,0.0
519247,2019.0,428.0,166.1,0.0
519247,1991.0,428.0,166.1,0.0
519263,2204.0,428.0,166.1,0.0
519263,2157.0,428.0,166.1,0.0
519264,2158.0,428.0,166.1,0.0
519264,2170.0,428.0,166.1,0.0
519277,2048.0,427.0,166.1,0.0
519278,2038.0,427.0,166.1,0.0
519278,2018.0,427.0,166.1,0.0
519290,1948.0,427.0,166.1,0.0
519291,1970.0,427.0,166.1,0.0
519291,1965.0,427.0,166.1,0.0
519291,1966.0,427.0,166.1,0.0
519308,1813.0,427.0,166.1,0.0
519308,1798.0,427.0,166.1,0.0
519309,1809.0,427.0,166.1,0.0
519309,1780.0,427.0,166.1,0.0
519321,2136.0,426.0,166.1,0.0
519322,2113.0,426.0,166.1,0.0
519322,2127.0,426.0,166.1,0.0
519335,2103.0,427.0,166.1,0.0
519336,2111.0,427.0,166.1,0.0
519336,2118.0,427.0,166.1,0.0
519336,2062.0,427.0,166.1,0.0
519352,1994.0,427.0,166.1,0.0
519353,2370.0,427.0,166.1,0.0
519353,2495.0,427.0,166.1,0.0
519353,2551.0,427.0,166.1,0.0
519367,1848.0,426.0,166.1,0.0
519367,1781.0,426.0,166.1,0.0
519367,1725.0,426.0,166.1,0.0
519384,2331.0,426.0,166.1,0.0
519385,2305.0,426.0,166.1,0.0
519385,2352.0,426.0,166.1,0.0
519385,2412.0,426.0,166.1,0.0
519398,1866.0,426.0,166.1,0.0
519398,1810.0,426.0,166.1,0.0
519398,1747.0,426.0,166.1,0.0
519411,1910.0,426.0,166.1,0.0
519411,2045.0,426.0,166.1,0.0
519411,2067.0,426.0,166.1,0.0
519428,1908.0,426.0,166.1,0.0
519428,1868.0,426.0,166.1,0.0
519429,1856.0,426.0,166.1,0.0
519429,1911.0,426.0,166.1,0.0
519441,2303.0,426.0,166.1,0.0
519442,2232.0,426.0,166.1,0.0
519442,2224.0,426.0,166.1,0.0
519455,1996.0,426.0,166.1,0.0
519456,2057.0,426.0,166.1,0.0
519456,2058.0,426.0,166.1,0.0
519456,2030.0,426.0,166.1,0.0
519472,1895.0,426.0,166.1,0.0
519472,1956.0,426.0,166.1,0.0
519473,2003.0,426.0,166.1,0.0
519473,2004.0,426.0,166.1,0.0
519486,1977.0,425.0,166.1,0.0
519487,1955.0,425.0,166.1,0.0
519487,1974.0,425.0,166.1,0.0
519504,2040.0,425.0,166.1,0.0
519505,2049.0,425.0,166.1,0.0
519505,2016.0,425.0,166.1,0.0
519505,2003.0,425.0,166.1,0.0
519518,2168.0,425.0,166.1,0.0
519518,2189.0,425.0,166.1,0.0
519519,2190.0,425.0,166.1,0.0
519531,1886.0,425.0,166.1,0.0
519532,1882.0,425.0,166.1,0.0
519532,1883.0,425.0,166.1,0.0
519532,1893.0,425.0,166.1,0.0
519549,1941.0,425.0,166.1,0.0
519549,1915.0,425.0,166.1,0.0
519549,1900.0,425.0,166.1,0.0
519549,1896.0,425.0,166.1,0.0
519562,2151.0,425.0,166.1,0.0
519562,2147.0,425.0,166.1,0.0
519563,2139.0,425.0,166.1,0.0
519576,2173.0,424.0,166.1,0.0
519576,2205.0,424.0,166.1,0.0
519577,2203.0,424.0,166.1,0.0
519577,2212.0,424.0,166.1,0.0
519593,1920.0,424.0,166.1,0.0
519594,1960.0,424.0,166.1,0.0
519594,1976.0,424.0,166.1,0.0
519594,1975.0,424.0,166.1,0.0
519607,1987.0,424.0,166.1,0.0
519607,1971.0,424.0,166.1,0.0
519607,1992.0,424.0,166.1,0.0
519624,2069.0,424.0,166.1,0.0
519625,2034.0,424.0,166.1,0.0
519625,2033.0,424.0,166.1,0.0
519625,2030.0,424.0,166.1,0.0
519638,2152.0,424.0,166.1,0.0
519638,2164.0,424.0,166.1,0.0
519639,2162.0,424.0,166.1,0.0
519651,2023.0,424.0,166.1,0.0
519652,1953.0,424.0,166.1,0.0
519652,1948.0,424.0,166.1,0.0
519652,1940.0,424.0,166.1,0.0
519669,1911.0,424.0,166.1,0.0
519670,1912.0,424.0,166.1,0.0
519670,1926.0,424.0,166.1,0.0
519670,1929.0,424.0,166.1,0.0
519683,2062.0,424.0,166.1,0.0
519684,2052.0,424.0,166.1,0.0
519684,2050.0,424.0,166.1,0.0
519700,2277.0,424.0,166.1,0.0
519700,2259.0,424.0,166.1,0.0
519700,2246.0,424.0,166.1,0.0
519701,2241.0,424.0,166.1,0.0
519714,1931.0,425.0,166.1,0.0
519714,1958.0,425.0,166.1,0.0
519715,1928.0,425.0,166.1,0.0
519727,1981.0,425.0,166.1,0.0
519728,1979.0,425.0,166.1,0.0
519728,2001.0,425.0,166.1,0.0
519728,2013.0,425.0,166.1,0.0
519746,1997.0,425.0,166.1,0.0
519746,1963.0,425.0,166.1,0.0
519746,1947.0,425.0,166.1,0.0
519747,2000.0,425.0,166.1,0.0
519759,2019.0,425.0,166.1,0.0
519760,2005.0,425.0,166.1,0.0
519760,1989.0,425.0,166.1,0.0
519774,2078.0,425.0,166.1,0.0
519774,2131.0,425.0,166.1,0.0
519775,2176.0,425.0,166.1,0.0
519775,2175.0,425.0,166.1,0.0
519791,1882.0,425.0,166.1,0.0
519791,1899.0,425.0,166.1,0.0
519792,1904.0,425.0,166.1,0.0
519792,1899.0,425.0,166.1,0.0
519805,2004.0,425.0,166.1,0.0
519806,2001.0,425.0,166.1,0.0
519806,1997.0,425.0,166.1,0.0
519823,2217.0,426.0,166.1,0.0
519824,2140.0,426.0,166.1,0.0
519824,2118.0,426.0,166.1,0.0
519824,2098.0,426.0,166.1,0.0
519837,2040.0,426.0,166.1,0.0
519837,2075.0,426.0,166.1,0.0
519837,2072.0,426.0,166.1,0.0
519850,1956.0,426.0,166.1,0.0
519850,1963.0,426.0,166.1,0.0
519850,1976.0,426.0,166.1,0.0
519868,1933.0,425.0,166.1,0.0
519869,1896.0,425.0,166.1,0.0
519869,1887.0,425.0,166.1,0.0
519869,1908.0,425.0,166.1,0.0
519883,2115.0,426.0,166.1,0.0
519883,2108.0,426.0,166.1,0.0
519883,2101.0,426.0,166.1,0.0
519896,2151.0,426.0,166.1,0.0
519896,2158.0,426.0,166.1,0.0
519896,2159.0,426.0,166.1,0.0
519897,2165.0,426.0,166.1,0.0
519913,2081.0,426.0,166.1,0.0
519914,2130.0,426.0,166.1,0.0
519914,2134.0,426.0,166.1,0.0
519914,2133.0,426.0,166.1,0.0
519927,1946.0,426.0,166.1,0.0
519928,1961.0,426.0,166.1,0.0
519928,1946.0,426.0,166.1,0.0
519945,2057.0,426.0,166.1,0.0
519945,2027.0,426.0,166.1,0.0
519945,2037.0,426.0,166.1,0.0
519946,2031.0,426.0,166.1,0.0
519958,2112.0,426.0,166.1,0.0
519959,2110.0,426.0,166.1,0.0
519959,2107.0,426.0,166.1,0.0
519972,2024.0,426.0,166.1,0.0
519973,2115.0,426.0,166.1,0.0
519973,2158.0,426.0,166.1,0.0
519973,2136.0,426.0,166.1,0.0
519990,1813.0,426.0,166.1,0.0
519991,1824.0,426.0,166.1,0.0
519991,1815.0,426.0,166.1,0.0
519991,1822.0,426.0,166.1,0.0
520004,2040.0,426.0,166.1,0.0
520005,2048.0,426.0,166.1,0.0
520005,2071.0,426.0,166.1,0.0
520018,2085.0,426.0,166.1,0.0
520018,2054.0,426.0,166.1,0.0
520018,2040.0,426.0,166.1,0.0
520019,2059.0,426.0,166.1,0.0
520035,2270.0,426.0,166.1,0.0
520036,2289.0,426.0,166.1,0.0
520036,2291.0,426.0,166.1,0.0
520036,2285.0,426.0,166.1,0.0
520048,1895.0,427.0,166.1,0.0
520049,1899.0,427.0,166.1,0.0
520049,1879.0,427.0,166.1,0.0
520063,2103.0,427.0,166.1,0.0
520063,2093.0,427.0,166.1,0.0
520063,2109.0,427.0,166.1,0.0
520064,2130.0,427.0,166.1,0.0
520079,1991.0,427.0,166.1,0.0
520080,1932.0,427.0,166.1,0.0
520080,1925.0,427.0,166.1,0.0
520080,1955.0,427.0,166.1,0.0
520094,2155.0,427.0,166.1,0.0
520094,2165.0,427.0,166.1,0.0
520094,2141.0,427.0,166.1,0.0
520110,1879.0,427.0,166.1,0.0
520111,1898.0,427.0,166.1,0.0
520111,1908.0,427.0,166.1,0.0
520111,1888.0,427.0,166.1,0.0
520125,2036.0,427.0,166.1,0.0
520125,2025.0,427.0,166.1,0.0
520125,2044.0,427.0,166.1,0.0
520138,2231.0,428.0,166.1,0.0
520138,2234.0,428.0,166.1,0.0
520138,2221.0,428.0,166.1,0.0
520139,2220.0,428.0,166.1,0.0
520155,2274.0,428.0,166.1,0.0
520156,2323.0,428.0,188.1,0.0
520156,2317.0,428.0,188.1,0.0
520156,2308.0,428.0,188.1,0.0
520169,1889.0,428.0,188.1,0.0
520169,1892.0,428.0,188.1,0.0
520169,1887.0,428.0,188.1,0.0
520183,2107.0,427.0,188.1,0.0
520183,2077.0,427.0,188.1,0.0
520184,2094.0,427.0,188.1,0.0
520184,2135.0,427.0,188.1,0.0
520199,2181.0,427.0,188.1,0.0
520200,2128.0,427.0,188.1,0.0
520200,2123.0,427.0,188.1,0.0
520200,2148.0,427.0,188.1,0.0
520214,2216.0,427.0,188.1,0.0
520214,2252.0,427.0,188.1,0.0
520214,2230.0,427.0,188.1,0.0
520231,1815.0,427.0,188.1,0.0
520232,1864.0,427.0,188.1,0.0
520232,1882.0,427.0,188.1,0.0
520232,1860.0,427.0,188.1,0.0
520245,2086.0,427.0,188.1,0.0
520245,2060.0,427.0,188.1,0.0
520245,2087.0,427.0,188.1,0.0
520258,2182.0,427.0,188.1,0.0
520258,2145.0,427.0,188.1,0.0
520259,2120.0,427.0,188.1,0.0
520259,2143.0,427.0,188.1,0.0
520276,2195.0,427.0,188.1,0.0
520276,2223.0,427.0,188.1,0.0
520276,2199.0,427.0,188.1,0.0
520276,2174.0,427.0,188.1,0.0
520289,1899.0,427.0,188.1,0.0
520289,1925.0,427.0,188.1,0.0
520290,1933.0,427.0,188.1,0.0
520303,2087.0,428.0,188.1,0.0
520304,2048.0,428.0,188.1,0.0
520304,2059.0,428.0,188.1,0.0
520304,2108.0,428.0,188.1,0.0
520321,2012.0,428.0,188.1,0.0
520321,1975.0,428.0,188.1,0.0
520321,1957.0,428.0,188.1,0.0
520322,1976.0,428.0,188.1,0.0
520334,2229.0,428.0,188.1,0.0
520335,2268.0,428.0,188.1,0.0
520335,2256.0,428.0,188.1,0.0
520352,1845.0,428.0,188.1,0.0
520353,1915.0,428.0,188.1,0.0
520353,1910.0,428.0,188.1,0.0
520353,1941.0,428.0,188.1,0.0
520366,2009.0,428.0,188.1,0.0
520366,2002.0,428.0,188.1,0.0
520366,2019.0,428.0,188.1,0.0
520379,2081.0,429.0,188.1,0.0
520379,2059.0,429.0,188.1,0.0
520380,2046.0,429.0,188.1,0.0
520380,2043.0,429.0,188.1,0.0
520397,2136.0,428.0,188.1,0.0
520397,2154.0,428.0,188.1,0.0
520397,2148.0,428.0,188.1,0.0
520397,2133.0,428.0,188.1,0.0
520411,1906.0,428.0,188.1,0.0
520411,1950.0,428.0,188.1,0.0
520412,1951.0,428.0,188.1,0.0
520427,1959.0,429.0,188.1,0.0
520428,1936.0,429.0,188.1,0.0
520428,1952.0,429.0,188.1,0.0
520428,1968.0,429.0,188.1,0.0
520442,2159.0,429.0,188.1,0.0
520442,2106.0,429.0,188.1,0.0
520442,2098.0,429.0,188.1,0.0
520455,2073.0,429.0,188.1,0.0
520455,2106.0,429.0,188.1,0.0
520455,2106.0,429.0,188.1,0.0
520456,2088.0,429.0,188.1,0.0
520473,2027.0,430.0,188.1,0.0
520474,2103.0,430.0,188.1,0.0
520474,2101.0,430.0,188.1,0.0
520474,2110.0,430.0,188.1,0.0
520487,1970.0,430.0,188.1,0.0
520487,1967.0,430.0,188.1,0.0
520487,1963.0,430.0,188.1,0.0
520501,2143.0,430.0,188.1,0.0
520501,2132.0,430.0,188.1,0.0
520501,2132.0,430.0,188.1,0.0
520502,2130.0,430.0,188.1,0.0
520518,2113.0,430.0,188.1,0.0
520518,2135.0,430.0,188.1,0.0
520518,2117.0,430.0,188.1,0.0
520518,2107.0,430.0,188.1,0.0
520532,1954.0,430.0,188.1,0.0
520532,1968.0,430.0,188.1,0.0
520532,1986.0,430.0,188.1,0.0
520548,1928.0,430.0,188.1,0.0
520549,1918.0,430.0,188.1,0.0
520549,1894.0,430.0,188.1,0.0
520549,1931.0,430.0,188.1,0.0
520562,2136.0,431.0,188.1,0.0
520563,2116.0,431.0,188.1,0.0
520563,2132.0,431.0,188.1,0.0
520576,1943.0,431.0,188.1,0.0
520576,1950.0,431.0,188.1,0.0
520576,1927.0,431.0,188.1,0.0
520576,1918.0,431.0,188.1,0.0
520594,2030.0,431.0,188.1,0.0
520595,2063.0,431.0,188.1,0.0
520595,2084.0,431.0,188.1,0.0
520595,2064.0,431.0,188.1,0.0
520608,1943.0,432.0,188.1,0.0
520608,1934.0,432.0,188.1,0.0
520608,1992.0,432.0,188.1,0.0
520622,2176.0,432.0,188.1,0.0
520622,2142.0,432.0,188.1,0.0
520622,2123.0,432.0,188.1,0.0
520622,2140.0,432.0,188.1,0.0
520638,1950.0,432.0,188.1,0.0
520639,1962.0,432.0,188.1,0.0
520639,1934.0,432.0,188.1,0.0
520639,1938.0,432.0,188.1,0.0
520653,2033.0,432.0,188.1,0.0
520653,2091.0,432.0,188.1,0.0
520653,2108.0,432.0,188.1,0.0
520666,1990.0,433.0,188.1,0.0
520666,1970.0,433.0,188.1,0.0
520666,1976.0,433.0,188.1,0.0
520667,1976.0,433.0,188.1,0.0
520683,2103.0,433.0,188.1,0.0
520684,2076.0,433.0,188.1,0.0
520684,2073.0,433.0,188.1,0.0
520684,2076.0,433.0,188.1,0.0
520697,2279.0,433.0,132.6,0.0
520697,2274.0,433.0,132.6,0.0
520697,2299.0,433.0,132.6,0.0
520715,1996.0,434.0,132.6,0.0
520715,2034.0,434.0,132.6,0.0
520715,2044.0,434.0,132.6,0.0
520715,2024.0,434.0,132.6,0.0
520729,1961.0,434.0,132.6,0.0
520729,1970.0,434.0,132.6,0.0
520730,1970.0,434.0,132.6,0.0
520742,2074.0,435.0,132.6,0.0
520743,2051.0,435.0,132.6,0.0
520743,2057.0,435.0,132.6,0.0
520743,2064.0,435.0,132.6,0.0
520760,2197.0,435.0,132.6,0.0
520760,2174.0,435.0,132.6,0.0
520760,2161.0,435.0,132.6,0.0
520761,2170.0,435.0,132.6,0.0
520773,1979.0,435.0,132.6,0.0
520774,2005.0,435.0,132.6,0.0
520774,1988.0,435.0,132.6,0.0
520790,1944.0,436.0,132.6,0.0
520791,1932.0,436.0,132.6,0.0
520791,1961.0,436.0,132.6,0.0
520791,1977.0,436.0,132.6,0.0
520804,2027.0,436.0,132.6,0.0
520804,2006.0,436.0,132.6,0.0
520805,2021.0,436.0,132.6,0.0
520817,2118.0,436.0,132.6,0.0
520817,2126.0,436.0,132.6,0.0
520818,2109.0,436.0,132.6,0.0
520818,2102.0,436.0,132.6,0.0
520836,2052.0,437.0,132.6,0.0
520836,2079.0,437.0,132.6,0.0
520836,2075.0,437.0,132.6,0.0
520836,2054.0,437.0,132.6,0.0
520850,1931.0,437.0,132.6,0.0
520850,1929.0,437.0,132.6,0.0
520851,1955.0,437.0,132.6,0.0
520863,2087.0,438.0,132.6,0.0
520863,2057.0,438.0,132.6,0.0
520864,2078.0,438.0,132.6,0.0
520864,2069.0,438.0,132.6,0.0
520880,2321.0,438.0,132.6,0.0
520881,2286.0,438.0,132.6,0.0
520881,2268.0,438.0,132.6,0.0
520881,2295.0,438.0,132.6,0.0
520894,1957.0,438.0,132.6,0.0
520894,1994.0,438.0,132.6,0.0
520895,1980.0,438.0,132.6,0.0
520907,1985.0,438.0,132.6,0.0
520907,1991.0,438.0,132.6,0.0
520908,2012.0,438.0,132.6,0.0
520924,2097.0,438.0,132.6,0.0
520925,2042.0,438.0,132.6,0.0
520925,2017.0,438.0,132.6,0.0
520925,2026.0,438.0,132.6,0.0
520939,2157.0,438.0,132.6,0.0
520939,2158.0,438.0,132.6,0.0
520939,2139.0,438.0,132.6,0.0
520955,2098.0,438.0,132.6,0.0
520956,2103.0,438.0,132.6,0.0
520956,2126.0,438.0,132.6,0.0
520956,2124.0,438.0,132.6,0.0
520970,1936.0,439.0,132.6,0.0
520970,1927.0,439.0,132.6,0.0
520970,1939.0,439.0,132.6,0.0
520983,2142.0,439.0,132.6,0.0
520983,2121.0,439.0,132.6,0.0
520983,2113.0,439.0,132.6,0.0
520983,2102.0,439.0,132.6,0.0
521000,2152.0,438.0,132.6,0.0
521001,2145.0,438.0,132.6,0.0
521001,2136.0,438.0,132.6,0.0
521001,2136.0,438.0,132.6,0.0
521013,2113.0,438.0,132.6,0.0
521014,2175.0,438.0,132.6,0.0
521014,2212.0,438.0,132.6,0.0
521027,1963.0,438.0,132.6,0.0
521027,1937.0,438.0,132.6,0.0
521027,1946.0,438.0,132.6,0.0
521044,2102.0,438.0,132.6,0.0
521044,2073.0,438.0,132.6,0.0
521044,2077.0,438.0,132.6,0.0
521045,2085.0,438.0,132.6,0.0
521058,2304.0,438.0,149.1,0.0
521059,2279.0,438.0,149.1,0.0
521059,2289.0,438.0,149.1,0.0
521075,2115.0,438.0,149.1,0.0
521075,2165.0,438.0,149.1,0.0
521075,2153.0,438.0,149.1,0.0
521076,2143.0,438.0,149.1,0.0
521089,1918.0,438.0,149.1,0.0
521090,1926.0,438.0,149.1,0.0
521090,1913.0,438.0,149.1,0.0
521102,2030.0,438.0,149.1,0.0
521103,2011.0,438.0,149.1,0.0
521103,2028.0,438.0,149.1,0.0
521103,2063.0,438.0,149.1,0.0
521120,2187.0,438.0,149.1,0.0
521121,2140.0,438.0,149.1,0.0
521121,2121.0,438.0,149.1,0.0
521121,2139.0,438.0,149.1,0.0
521134,2920.0,438.0,149.1,0.0
521134,3177.0,438.0,149.1,0.0
521134,3235.0,438.0,149.1,0.0
521151,1103.0,438.0,149.1,0.0
521152,1093.0,438.0,149.1,0.0
521152,1030.0,438.0,149.1,0.0
521152,950.0,438.0,149.1,0.0
521165,2321.0,438.0,149.1,0.0
521165,2398.0,438.0,149.1,0.0
521165,2497.0,438.0,149.1,0.0
521179,2129.0,438.0,149.1,0.0
521179,2017.0,438.0,149.1,0.0
521180,1979.0,438.0,149.1,0.0
521180,2028.0,438.0,149.1,0.0
521198,2127.0,438.0,149.1,0.0
521198,2128.0,438.0,149.1,0.0
521199,2050.0,438.0,149.1,0.0
521199,2010.0,438.0,149.1,0.0
521211,1962.0,438.0,149.1,0.0
521212,2312.0,438.0,149.1,0.0
521212,2477.0,438.0,149.1,0.0
521225,3541.0,438.0,149.1,0.0
521225,3274.0,438.0,149.1,0.0
521225,3302.0,438.0,149.1,0.0
521225,3310.0,438.0,149.1,0.0
521242,1853.0,438.0,149.1,0.0
521243,1822.0,438.0,149.1,0.0
521243,1773.0,438.0,149.1,0.0
521243,1855.0,438.0,149.1,0.0
521256,2338.0,438.0,149.1,0.0
521256,2319.0,438.0,149.1,0.0
521256,2230.0,438.0,149.1,0.0
521270,1764.0,437.0,149.1,0.0
521270,1825.0,437.0,149.1,0.0
521271,1883.0,437.0,149.1,0.0
521271,1868.0,437.0,149.1,0.0
521288,1905.0,437.0,149.1,0.0
521288,1849.0,437.0,149.1,0.0
521288,1875.0,437.0,149.1,0.0
521289,1931.0,437.0,149.1,0.0
521301,2054.0,437.0,149.1,0.0
521302,1993.0,437.0,149.1,0.0
521302,1982.0,437.0,149.1,0.0
521319,2241.0,437.0,149.1,0.0
521319,2281.0,437.0,149.1,0.0
521320,2279.0,437.0,149.1,0.0
521320,2225.0,437.0,149.1,0.0
521332,1810.0,437.0,149.1,0.0
521333,1860.0,437.0,149.1,0.0
521333,1900.0,437.0,149.1,0.0
521346,2048.0,437.0,149.1,0.0
521346,1997.0,437.0,149.1,0.0
521346,1978.0,437.0,149.1,0.0
521363,2068.0,436.0,149.1,0.0
521363,2076.0,436.0,149.1,0.0
521364,2051.0,436.0,149.1,0.0
521364,2019.0,436.0,149.1,0.0
521377,2166.0,436.0,149.1,0.0
521378,2188.0,436.0,149.1,0.0
521378,2230.0,436.0,149.1,0.0
521394,1991.0,436.0,149.1,0.0
521394,1972.0,436.0,149.1,0.0
521394,1960.0,436.0,149.1,0.0
521395,1987.0,436.0,149.1,0.0
521408,2000.0,437.0,149.1,0.0
521409,1990.0,437.0,149.1,0.0
521409,1968.0,437.0,149.1,0.0
521421,2022.0,437.0,149.1,0.0
521422,2025.0,437.0,149.1,0.0
521422,2043.0,437.0,149.1,0.0
521422,2045.0,437.0,149.1,0.0
521440,2208.0,436.0,149.1,0.0
521441,2168.0,436.0,149.1,0.0
521441,2183.0,436.0,149.1,0.0
521441,2203.0,436.0,149.1,0.0
521454,2050.0,436.0,149.1,0.0
521454,2064.0,436.0,149.1,0.0
521454,2052.0,436.0,149.1,0.0
521468,1923.0,437.0,149.1,0.0
521468,1961.0,437.0,149.1,0.0
521468,1958.0,437.0,149.1,0.0
521469,1920.0,437.0,149.1,0.0
521484,2064.0,437.0,149.1,0.0
521485,2051.0,437.0,149.1,0.0
521485,2082.0,437.0,149.1,0.0
521485,2064.0,437.0,149.1,0.0
521499,2044.0,437.0,149.1,0.0
521499,2029.0,437.0,149.1,0.0
521499,2040.0,437.0,149.1,0.0
521515,2093.0,436.0,149.1,0.0
521516,2104.0,436.0,149.1,0.0
521516,2078.0,436.0,149.1,0.0
521516,2058.0,436.0,149.1,0.0
521529,1921.0,436.0,149.1,0.0
521530,1937.0,436.0,149.1,0.0
521530,1960.0,436.0,149.1,0.0
521543,2169.0,436.0,149.1,0.0
521543,2131.0,436.0,149.1,0.0
521543,2150.0,436.0,149.1,0.0
521543,2174.0,436.0,149.1,0.0
521561,2270.0,436.0,149.1,0.0
521562,2210.0,436.0,149.1,0.0
521562,2193.0,436.0,149.1,0.0
521562,2195.0,436.0,149.1,0.0
521576,2231.0,436.0,149.1,0.0
521576,2266.0,436.0,149.1,0.0
521577,2247.0,436.0,149.1,0.0
521589,1840.0,436.0,149.1,0.0
521590,1899.0,436.0,149.1,0.0
521590,1763.0,436.0,149.1,0.0
521590,1893.0,436.0,149.1,0.0
521607,1944.0,436.0,149.1,0.0
521607,1945.0,436.0,149.1,0.0
521608,1961.0,436.0,149.1,0.0
521608,1980.0,436.0,149.1,0.0
521620,2068.0,436.0,149.1,0.0
521621,2036.0,436.0,149.1,0.0
521621,2036.0,436.0,149.1,0.0
521638,2457.0,435.0,149.1,0.0
521638,2490.0,435.0,149.1,0.0
521638,2460.0,435.0,149.1,0.0
521639,2444.0,435.0,149.1,0.0
521651,1773.0,435.0,149.1,0.0
521652,1820.0,435.0,149.1,0.0
521652,1840.0,435.0,149.1,0.0
521664,2065.0,435.0,149.1,0.0
521665,2045.0,435.0,149.1,0.0
521665,2047.0,435.0,149.1,0.0
521665,2090.0,435.0,149.1,0.0
521683,2195.0,435.0,149.1,0.0
521683,2120.0,435.0,149.1,0.0
521683,2099.0,435.0,149.1,0.0
521684,2133.0,435.0,149.1,0.0
521697,2287.0,435.0,149.1,0.0
521698,2281.0,435.0,149.1,0.0
521698,2255.0,435.0,149.1,0.0
521710,1860.0,435.0,149.1,0.0
521711,1874.0,435.0,149.1,0.0
521711,1879.0,435.0,149.1,0.0
521711,1845.0,435.0,149.1,0.0
521728,1568.0,435.0,149.1,0.0
521729,1483.0,435.0,149.1,0.0
521729,1451.0,435.0,149.1,0.0
521729,1430.0,435.0,149.1,0.0
521742,2157.0,435.0,149.1,0.0
521742,2182.0,435.0,149.1,0.0
521742,2238.0,435.0,149.1,0.0
521759,1986.0,435.0,149.1,0.0
521760,1974.0,435.0,149.1,0.0
521760,1913.0,435.0,149.1,0.0
521760,1884.0,435.0,149.1,0.0
521773,2008.0,435.0,149.1,0.0
521773,2131.0,435.0,149.1,0.0
521774,2154.0,435.0,149.1,0.0
521787,1920.0,435.0,149.1,0.0
521788,1877.0,435.0,149.1,0.0
521788,1906.0,435.0,149.1,0.0
521788,1938.0,435.0,149.1,0.0
521806,2017.0,434.0,149.1,0.0
521806,1971.0,434.0,149.1,0.0
521806,1941.0,434.0,149.1,0.0
521807,1960.0,434.0,149.1,0.0
521819,2148.0,434.0,149.1,0.0
521820,2152.0,434.0,149.1,0.0
521820,2113.0,434.0,149.1,0.0
521832,1992.0,434.0,149.1,0.0
521833,2088.0,434.0,149.1,0.0
521833,2127.0,434.0,149.1,0.0
521833,2153.0,434.0,149.1,0.0
521850,1815.0,434.0,149.1,0.0
521850,1802.0,434.0,149.1,0.0
521851,1802.0,434.0,149.1,0.0
521851,1817.0,434.0,149.1,0.0
521863,2173.0,434.0,149.1,0.0
521864,2124.0,434.0,149.1,0.0
521864,2126.0,434.0,149.1,0.0
521881,2209.0,434.0,149.1,0.0
521881,2191.0,434.0,149.1,0.0
521882,2164.0,434.0,149.1,0.0
521882,2162.0,434.0,149.1,0.0
521895,2132.0,433.0,149.1,0.0
521896,2172.0,433.0,149.1,0.0
521896,2183.0,433.0,149.1,0.0
521909,1924.0,433.0,149.1,0.0
521909,1918.0,433.0,149.1,0.0
521909,1903.0,433.0,149.1,0.0
521909,1938.0,433.0,149.1,0.0
521927,1953.0,433.0,149.1,0.0
521928,1936.0,433.0,149.1,0.0
521928,1916.0,433.0,149.1,0.0
521928,1915.0,433.0,149.1,0.0
521941,2186.0,433.0,149.1,0.0
521941,2167.0,433.0,149.1,0.0
521941,2177.0,433.0,149.1,0.0
521955,2136.0,433.0,149.1,0.0
521955,2164.0,433.0,149.1,0.0
521955,2172.0,433.0,149.1,0.0
521956,2165.0,433.0,149.1,0.0
521971,1883.0,432.0,149.1,0.0
521972,1891.0,432.0,149.1,0.0
521972,1866.0,432.0,149.1,0.0
521972,1858.0,432.0,149.1,0.0
521985,2002.0,432.0,149.1,0.0
521986,2009.0,432.0,149.1,0.0
521986,2022.0,432.0,149.1,0.0
521999,2146.0,432.0,149.1,0.0
521999,2114.0,432.0,149.1,0.0
521999,2109.0,432.0,149.1,0.0
522000,2125.0,432.0,149.1,0.0
522017,2144.0,431.0,149.1,0.0
522017,2132.0,431.0,149.1,0.0
522017,2121.0,431.0,149.1,0.0
522018,2129.0,431.0,149.1,0.0
522031,1914.0,431.0,149.1,0.0
522031,1937.0,431.0,149.1,0.0
522031,1922.0,431.0,149.1,0.0
522049,1936.0,431.0,149.1,0.0
522049,1935.0,431.0,149.1,0.0
522049,1944.0,431.0,149.1,0.0
522049,1962.0,431.0,149.1,0.0
522062,2050.0,430.0,149.1,0.0
522062,2023.0,430.0,149.1,0.0
522063,2033.0,430.0,149.1,0.0
522076,1970.0,430.0,149.1,0.0
522077,1979.0,430.0,149.1,0.0
522077,1976.0,430.0,149.1,0.0
522077,1948.0,430.0,149.1,0.0
522093,2036.0,430.0,149.1,0.0
522093,2148.0,430.0,149.1,0.0
522094,2192.0,430.0,149.1,0.0
522094,2179.0,430.0,149.1,0.0
522107,1908.0,429.0,149.1,0.0
522108,1902.0,429.0,149.1,0.0
522108,1901.0,429.0,149.1,0.0
522125,2059.0,429.0,149.1,0.0
522125,2035.0,429.0,149.1,0.0
522125,2029.0,429.0,149.1,0.0
522125,2024.0,429.0,149.1,0.0
522138,2086.0,428.0,149.1,0.0
522139,2082.0,428.0,149.1,0.0
522139,2074.0,428.0,149.1,0.0
522155,2048.0,428.0,149.1,0.0
522156,2070.0,428.0,149.1,0.0
522156,2079.0,428.0,149.1,0.0
522156,2082.0,428.0,149.1,0.0
522169,1948.0,428.0,149.1,0.0
522169,1943.0,428.0,149.1,0.0
522169,1948.0,428.0,149.1,0.0
522182,2160.0,427.0,149.1,0.0
522183,2134.0,427.0,149.1,0.0
522183,2125.0,427.0,149.1,0.0
522183,2123.0,427.0,149.1,0.0
522200,2117.0,427.0,149.1,0.0
522200,2148.0,427.0,149.1,0.0
522201,2139.0,427.0,149.1,0.0
522201,2145.0,427.0,149.1,0.0
522214,1979.0,427.0,149.1,0.0
522215,1994.0,427.0,149.1,0.0
522215,1987.0,427.0,149.1,0.0
522231,1969.0,427.0,149.1,0.0
522231,1951.0,427.0,149.1,0.0
522231,1961.0,427.0,149.1,0.0
522232,1971.0,427.0,149.1,0.0
522245,2013.0,427.0,149.1,0.0
522246,1979.0,427.0,149.1,0.0
522246,1984.0,427.0,149.1,0.0
522258,2056.0,427.0,149.1,0.0
522259,2065.0,427.0,149.1,0.0
522259,2051.0,427.0,149.1,0.0
522259,2043.0,427.0,149.1,0.0
522276,2227.0,426.0,149.1,0.0
522276,2251.0,426.0,149.1,0.0
522276,2253.0,426.0,149.1,0.0
522277,2254.0,426.0,149.1,0.0
522289,1893.0,426.0,149.1,0.0
522289,1899.0,426.0,149.1,0.0
522290,1881.0,426.0,149.1,0.0
522302,2100.0,426.0,149.1,0.0
522303,2100.0,426.0,149.1,0.0
522303,2101.0,426.0,149.1,0.0
522320,2169.0,425.0,149.1,0.0
522320,2139.0,425.0,149.1,0.0
522320,2143.0,425.0,149.1,0.0
522321,2156.0,425.0,149.1,0.0
522334,2135.0,425.0,149.1,0.0
522335,2182.0,425.0,149.1,0.0
522335,2192.0,425.0,149.1,0.0
522351,1851.0,425.0,149.1,0.0
522351,1861.0,425.0,149.1,0.0
522352,1864.0,425.0,149.1,0.0
522352,1862.0,425.0,149.1,0.0
522365,2026.0,425.0,149.1,0.0
522366,2015.0,425.0,149.1,0.0
522366,2010.0,425.0,149.1,0.0
522379,2177.0,425.0,149.1,0.0
522379,2176.0,425.0,149.1,0.0
522379,2161.0,425.0,149.1,0.0
522379,2167.0,425.0,149.1,0.0
522396,2259.0,424.0,149.1,0.0
522396,2272.0,424.0,149.1,0.0
522397,2277.0,424.0,149.1,0.0
522397,2289.0,424.0,149.1,0.0
522409,1887.0,424.0,149.1,0.0
522410,1790.0,424.0,149.1,0.0
522410,1875.0,424.0,149.1,0.0
522423,2063.0,424.0,149.1,0.0
522424,2061.0,424.0,149.1,0.0
522424,2086.0,424.0,149.1,0.0
522424,2094.0,424.0,149.1,0.0
522440,2322.0,424.0,149.1,0.0
522440,2283.0,424.0,149.1,0.0
522440,2287.0,424.0,149.1,0.0
522441,2305.0,424.0,149.1,0.0
522454,1974.0,425.0,149.1,0.0
522454,2002.0,425.0,149.1,0.0
522455,1965.0,425.0,149.1,0.0
522471,1919.0,425.0,149.1,0.0
522471,1948.0,425.0,149.1,0.0
522471,1964.0,425.0,149.1,0.0
522472,1944.0,425.0,149.1,0.0
522485,2009.0,425.0,149.1,0.0
522486,1975.0,425.0,149.1,0.0
522486,2007.0,425.0,149.1,0.0
522499,3602.0,425.0,149.1,0.0
522499,3487.0,425.0,149.1,0.0
522500,3500.0,425.0,149.1,0.0
522500,3538.0,425.0,149.1,0.0
522516,1907.0,425.0,149.1,0.0
522517,1949.0,425.0,149.1,0.0
522517,1885.0,425.0,149.1,0.0
522517,1869.0,425.0,149.1,0.0
522530,2052.0,425.0,149.1,0.0
522530,2088.0,425.0,149.1,0.0
522531,2060.0,425.0,149.1,0.0
522544,2015.0,425.0,149.1,0.0
522544,1964.0,425.0,149.1,0.0
522545,2028.0,425.0,149.1,0.0
522545,2065.0,425.0,149.1,0.0
522561,2152.0,425.0,149.1,0.0
522561,2078.0,425.0,149.1,0.0
522561,2048.0,425.0,149.1,0.0
522561,2094.0,425.0,149.1,0.0
522575,2010.0,425.0,149.1,0.0
522575,2015.0,425.0,149.1,0.0
522576,1949.0,425.0,149.1,0.0
522593,1971.0,425.0,149.1,0.0
522593,2060.0,425.0,149.1,0.0
522593,2135.0,425.0,149.1,0.0
522594,2132.0,425.0,149.1,0.0
522606,1945.0,425.0,149.1,0.0
522607,1905.0,425.0,149.1,0.0
522607,1932.0,425.0,149.1,0.0
522619,2295.0,425.0,149.1,0.0
522620,2279.0,425.0,149.1,0.0
522620,2237.0,425.0,149.1,0.0
522620,2217.0,425.0,149.1,0.0
522637,4095.0,426.0,149.1,0.0
522638,4095.0,426.0,149.1,0.0
522638,4095.0,426.0,149.1,0.0
522638,4095.0,426.0,149.1,0.0
522651,1195.0,426.0,149.1,0.0
522651,1131.0,426.0,149.1,0.0
522651,1033.0,426.0,149.1,0.0
522668,2196.0,426.0,149.1,0.0
522669,2190.0,426.0,149.1,0.0
522669,2288.0,426.0,149.1,0.0
522669,2310.0,426.0,149.1,0.0
522683,1966.0,426.0,149.1,0.0
522683,1890.0,426.0,149.1,0.0
522683,1916.0,426.0,149.1,0.0
522696,2222.0,426.0,149.1,0.0
522696,2262.0,426.0,149.1,0.0
522696,2208.0,426.0,149.1,0.0
522697,2149.0,426.0,149.1,0.0
522714,1939.0,426.0,149.1,0.0
522715,2025.0,426.0,149.1,0.0
522715,2057.0,426.0,149.1,0.0
522715,1998.0,426.0,149.1,0.0
522728,1904.0,426.0,149.1,0.0
522728,1939.0,426.0,149.1,0.0
522728,2000.0,426.0,149.1,0.0
522742,2154.0,426.0,149.1,0.0
522742,2084.0,426.0,149.1,0.0
522743,2011.0,426.0,149.1,0.0
522743,2056.0,426.0,149.1,0.0
522759,2310.0,426.0,149.1,0.0
522759,2295.0,426.0,149.1,0.0
522759,2243.0,426.0,149.1,0.0
522760,2211.0,426.0,149.1,0.0
522773,1985.0,427.0,149.1,0.0
522774,2091.0,427.0,149.1,0.0
522774,2111.0,427.0,149.1,0.0
522789,1856.0,427.0,149.1,0.0
522790,1822.0,427.0,149.1,0.0
522790,1846.0,427.0,149.1,0.0
522790,1875.0,427.0,149.1,0.0
522804,2141.0,427.0,149.1,0.0
522804,2087.0,427.0,149.1,0.0
522805,2065.0,427.0,149.1,0.0
522817,2017.0,427.0,149.1,0.0
522818,2060.0,427.0,149.1,0.0
522818,2056.0,427.0,149.1,0.0
522818,2020.0,427.0,149.1,0.0
522836,2106.0,427.0,149.1,0.0
522836,2141.0,427.0,149.1,0.0
522836,2171.0,427.0,149.1,0.0
522837,2170.0,427.0,149.1,0.0
522849,1874.0,427.0,149.1,0.0
522850,1868.0,427.0,149.1,0.0
522850,1911.0,427.0,149.1,0.0
522863,2102.0,428.0,149.1,0.0
522864,2076.0,428.0,149.1,0.0
522864,2068.0,428.0,149.1,0.0
522864,2050.0,428.0,149.1,0.0
522880,2153.0,428.0,149.1,0.0
522880,2153.0,428.0,149.1,0.0
522880,2148.0,428.0,149.1,0.0
522881,2131.0,428.0,149.1,0.0
522894,1949.0,428.0,149.1,0.0
522895,1995.0,428.0,149.1,0.0
522895,1974.0,428.0,149.1,0.0
522912,1935.0,428.0,149.1,0.0
522912,1933.0,428.0,149.1,0.0
522912,1949.0,428.0,149.1,0.0
522912,1978.0,428.0,149.1,0.0
522925,2028.0,428.0,149.1,0.0
522926,1992.0,428.0,149.1,0.0
522926,1980.0,428.0,149.1,0.0
522939,2150.0,428.0,149.1,0.0
522939,2161.0,428.0,149.1,0.0
522940,2164.0,428.0,149.1,0.0
522940,2164.0,428.0,149.1,0.0
522958,2128.0,429.0,149.1,0.0
522958,2134.0,429.0,149.1,0.0
522958,2135.0,429.0,149.1,0.0
522958,2134.0,429.0,149.1,0.0
522972,1907.0,429.0,149.1,0.0
522972,1892.0,429.0,149.1,0.0
522972,1910.0,429.0,149.1,0.0
522985,2000.0,429.0,149.1,0.0
522985,1992.0,429.0,149.1,0.0
522986,2020.0,429.0,149.1,0.0
522986,2006.0,429.0,149.1,0.0
523003,2079.0,429.0,149.1,0.0
523003,2057.0,429.0,149.1,0.0
523003,2053.0,429.0,149.1,0.0
523003,2057.0,429.0,149.1,0.0
523016,2246.0,429.0,149.1,0.0
523016,2242.0,429.0,149.1,0.0
523017,2250.0,429.0,149.1,0.0
523029,1895.0,429.0,149.1,0.0
523030,1907.0,429.0,149.1,0.0
523030,1883.0,429.0,149.1,0.0
523046,1986.0,430.0,149.1,0.0
523047,1982.0,430.0,149.1,0.0
523047,1998.0,430.0,149.1,0.0
523047,2012.0,430.0,149.1,0.0
523061,2173.0,430.0,149.1,0.0
523061,2118.0,430.0,149.1,0.0
523061,2129.0,430.0,149.1,0.0
523077,2421.0,430.0,149.1,0.0
523078,2439.0,430.0,149.1,0.0
523078,2439.0,430.0,149.1,0.0
523078,2411.0,430.0,149.1,0.0
523092,1797.0,430.0,149.1,0.0
523092,1801.0,430.0,149.1,0.0
523092,1802.0,430.0,149.1,0.0
523105,2032.0,430.0,149.1,0.0
523105,2009.0,430.0,149.1,0.0
523105,2036.0,430.0,149.1,0.0
523105,2068.0,430.0,149.1,0.0
523122,2079.0,430.0,149.1,0.0
523123,2062.0,430.0,149.1,0.0
523123,2006.0,430.0,149.1,0.0
523123,2044.0,430.0,149.1,0.0
523135,2073.0,430.0,149.1,0.0
523136,2075.0,430.0,149.1,0.0
523136,2042.0,430.0,149.1,0.0
523149,1937.0,430.0,149.1,0.0
523149,1945.0,430.0,149.1,0.0
523149,1968.0,430.0,149.1,0.0
523150,1959.0,430.0,149.1,0.0
523167,1963.0,430.0,149.1,0.0
523167,1929.0,430.0,149.1,0.0
523167,1966.0,430.0,149.1,0.0
523167,1991.0,430.0,149.1,0.0
523181,2233.0,431.0,149.1,0.0
523181,2169.0,431.0,149.1,0.0
523182,2169.0,431.0,149.1,0.0
523198,2144.0,431.0,149.1,0.0
523198,2171.0,431.0,149.1,0.0
523198,2149.0,431.0,149.1,0.0
523199,2122.0,431.0,149.1,0.0
523212,1882.0,431.0,149.1,0.0
523212,1962.0,431.0,149.1,0.0
523213,1983.0,431.0,149.1,0.0
523225,2038.0,431.0,149.1,0.0
523226,1984.0,431.0,149.1,0.0
523226,1982.0,431.0,149.1,0.0
523226,2028.0,431.0,149.1,0.0
523243,2076.0,431.0,149.1,0.0
523243,2040.0,431.0,149.1,0.0
523243,2024.0,431.0,149.1,0.0
523243,2038.0,431.0,149.1,0.0
523256,2133.0,431.0,149.1,0.0
523256,2151.0,431.0,149.1,0.0
523257,2122.0,431.0,149.1,0.0
523270,1903.0,431.0,149.1,0.0
523271,1909.0,431.0,149.1,0.0
523271,1928.0,431.0,149.1,0.0
523271,1920.0,431.0,149.1,0.0
523287,1964.0,431.0,149.1,0.0
523287,1958.0,431.0,149.1,0.0
523287,1950.0,431.0,149.1,0.0
523288,1946.0,431.0,149.1,0.0
523301,2088.0,432.0,149.1,0.0
523301,2056.0,432.0,149.1,0.0
523302,2067.0,432.0,149.1,0.0
523317,2290.0,432.0,149.1,0.0
523318,2305.0,432.0,149.1,0.0
523318,2300.0,432.0,149.1,0.0
523318,2287.0,432.0,149.1,0.0
523332,1844.0,432.0,149.1,0.0
523332,1814.0,432.0,149.1,0.0
523332,1899.0,432.0,149.1,0.0
523345,2044.0,432.0,149.1,0.0
523345,2020.0,432.0,149.1,0.0
523346,2042.0,432.0,149.1,0.0
523346,2057.0,432.0,149.1,0.0
523362,2179.0,432.0,149.1,0.0
523363,2138.0,432.0,149.1,0.0
523363,2112.0,432.0,149.1,0.0
523363,2134.0,432.0,149.1,0.0
523376,2268.0,432.0,149.1,0.0
523376,2264.0,432.0,149.1,0.0
523376,2246.0,432.0,149.1,0.0
523390,1864.0,433.0,149.1,0.0
523391,1880.0,433.0,149.1,0.0
523391,1872.0,433.0,149.1,0.0
523391,1849.0,433.0,149.1,0.0
523407,1984.0,433.0,149.1,0.0
523407,1975.0,433.0,149.1,0.0
523407,1996.0,433.0,149.1,0.0
523407,1995.0,433.0,149.1,0.0
523421,2052.0,434.0,149.1,0.0
523421,2033.0,434.0,149.1,0.0
523421,2045.0,434.0,149.1,0.0
523437,2247.0,434.0,149.1,0.0
523438,2255.0,434.0,149.1,0.0
523438,2230.0,434.0,149.1,0.0
523438,2220.0,434.0,149.1,0.0
523452,1869.0,435.0,149.1,0.0
523452,1898.0,435.0,149.1,0.0
523452,1893.0,435.0,149.1,0.0
523465,1986.0,435.0,149.1,0.0
523465,1982.0,435.0,149.1,0.0
523466,2019.0,435.0,149.1,0.0
523466,2028.0,435.0,149.1,0.0
523482,2184.0,435.0,149.1,0.0
523483,2115.0,435.0,149.1,0.0
523483,2113.0,435.0,149.1,0.0
523483,2132.0,435.0,149.1,0.0
523496,2063.0,436.0,149.1,0.0
523496,2073.0,436.0,149.1,0.0
523496,2040.0,436.0,149.1,0.0
523510,1924.0,436.0,149.1,0.0
523510,1947.0,436.0,149.1,0.0
523510,1963.0,436.0,149.1,0.0
523511,1936.0,436.0,149.1,0.0
523527,1952.0,436.0,149.1,0.0
523527,1925.0,436.0,149.1,0.0
523527,1945.0,436.0,149.1,0.0
523527,1943.0,436.0,149.1,0.0
523541,2223.0,437.0,149.1,0.0
523542,2152.0,437.0,149.1,0.0
523542,2172.0,437.0,149.1,0.0
523559,2124.0,437.0,149.1,0.0
523560,2139.0,437.0,149.1,0.0
523560,2098.0,437.0,149.1,0.0
523560,2072.0,437.0,149.1,0.0
523573,2032.0,437.0,149.1,0.0
523573,2110.0,437.0,149.1,0.0
523573,2136.0,437.0,149.1,0.0
523586,2006.0,438.0,149.1,0.0
523587,1926.0,438.0,149.1,0.0
523587,1929.0,438.0,149.1,0.0
523587,1949.0,438.0,149.1,0.0
523604,2118.0,439.0,149.1,0.0
523604,2076.0,439.0,149.1,0.0
523604,2057.0,439.0,149.1,0.0
523604,2059.0,439.0,149.1,0.0
523617,2070.0,439.0,149.1,0.0
523617,2055.0,439.0,149.1,0.0
523618,2058.0,439.0,149.1,0.0
523631,1917.0,439.0,149.1,0.0
523631,1919.0,439.0,149.1,0.0
523632,1943.0,439.0,149.1,0.0
523632,1926.0,439.0,149.1,0.0
523647,1966.0,440.0,149.1,0.0
523648,1938.0,440.0,149.1,0.0
523648,1960.0,440.0,149.1,0.0
523648,1977.0,440.0,149.1,0.0
523662,2026.0,440.0,149.1,0.0
523662,2003.0,440.0,149.1,0.0
523662,1996.0,440.0,149.1,0.0
523679,2294.0,440.0,149.1,0.0
523680,2293.0,440.0,149.1,0.0
523680,2294.0,440.0,149.1,0.0
523680,2280.0,440.0,149.1,0.0
523693,1885.0,440.0,149.1,0.0
523693,1916.0,440.0,149.1,0.0
523693,1919.0,440.0,149.1,0.0
523706,2021.0,440.0,149.1,0.0
523706,1999.0,440.0,149.1,0.0
523706,2006.0,440.0,149.1,0.0
523723,2069.0,441.0,149.1,0.0
523724,2049.0,441.0,149.1,0.0
523724,2032.0,441.0,149.1,0.0
523724,2031.0,441.0,149.1,0.0
523737,2141.0,441.0,149.1,0.0
523737,2157.0,441.0,149.1,0.0
523737,2161.0,441.0,149.1,0.0
523751,1912.0,441.0,149.1,0.0
523751,1908.0,441.0,149.1,0.0
523751,1886.0,441.0,149.1,0.0
523751,1897.0,441.0,149.1,0.0
523767,1991.0,441.0,149.1,0.0
523768,1967.0,441.0,149.1,0.0
523768,1983.0,441.0,149.1,0.0
523768,1983.0,441.0,149.1,0.0
523781,2087.0,441.0,149.1,0.0
523782,2070.0,441.0,149.1,0.0
523782,2088.0,441.0,149.1,0.0
523799,2204.0,441.0,149.1,0.0
523799,2194.0,441.0,149.1,0.0
523800,2187.0,441.0,149.1,0.0
523800,2182.0,441.0,149.1,0.0
523812,1934.0,441.0,149.1,0.0
523813,1990.0,441.0,149.1,0.0
523813,1990.0,441.0,149.1,0.0
523825,2013.0,441.0,149.1,0.0
523826,1995.0,441.0,149.1,0.0
523826,2000.0,441.0,149.1,0.0
523843,2192.0,441.0,149.1,0.0
523843,2149.0,441.0,149.1,0.0
523843,2135.0,441.0,149.1,0.0
523843,2133.0,441.0,149.1,0.0
523856,2156.0,441.0,149.1,0.0
523856,2175.0,441.0,149.1,0.0
523857,2174.0,441.0,149.1,0.0
523870,1884.0,441.0,149.1,0.0
523870,1894.0,441.0,149.1,0.0
523871,2010.0,441.0,149.1,0.0
523871,1873.0,441.0,149.1,0.0
523886,1992.0,441.0,149.1,0.0
523887,1993.0,441.0,149.1,0.0
523887,1998.0,441.0,149.1,0.0
523887,1995.0,441.0,149.1,0.0
523901,2079.0,441.0,149.1,0.0
523901,2059.0,441.0,149.1,0.0
523901,2071.0,441.0,149.1,0.0
523918,2195.0,441.0,149.1,0.0
523919,2192.0,441.0,149.1,0.0
523919,2184.0,441.0,149.1,0.0
523919,2196.0,441.0,149.1,0.0
523932,1891.0,441.0,149.1,0.0
523932,1920.0,441.0,149.1,0.0
523932,1939.0,441.0,149.1,0.0
523945,2049.0,441.0,149.1,0.0
523945,2020.0,441.0,149.1,0.0
523946,2032.0,441.0,149.1,0.0
523946,2031.0,441.0,149.1,0.0
523963,2134.0,441.0,149.1,0.0
523963,2094.0,441.0,149.1,0.0
523964,2086.0,441.0,149.1,0.0
523964,2099.0,441.0,149.1,0.0
523978,2006.0,441.0,149.1,0.0
523979,2013.0,441.0,149.1,0.0
523979,1983.0,441.0,149.1,0.0
523979,1993.0,441.0,149.1,0.0
523995,2145.0,441.0,149.1,0.0
523995,2175.0,441.0,149.1,0.0
523996,2175.0,441.0,149.1,0.0
523996,2161.0,441.0,149.1,0.0
524010,1882.0,440.0,149.1,0.0
524010,1898.0,440.0,149.1,0.0
524010,1900.0,440.0,149.1,0.0
524023,2085.0,440.0,149.1,0.0
524024,2067.0,440.0,149.1,0.0
524024,2069.0,440.0,149.1,0.0
524024,2089.0,440.0,149.1,0.0
524042,2129.0,440.0,149.1,0.0
524042,2095.0,440.0,149.1,0.0
524042,2062.0,440.0,149.1,0.0
524043,2085.0,440.0,149.1,0.0
524055,2063.0,440.0,149.1,0.0
524056,2076.0,440.0,149.1,0.0
524056,2066.0,440.0,149.1,0.0
524069,1901.0,440.0,149.1,0.0
524070,1945.0,440.0,149.1,0.0
524070,1969.0,440.0,149.1,0.0
524070,1952.0,440.0,149.1,0.0
524086,1964.0,440.0,149.1,0.0
524086,1939.0,440.0,149.1,0.0
524087,1938.0,440.0,149.1,0.0
524087,1890.0,440.0,149.1,0.0
524100,2135.0,439.0,149.1,0.0
524101,2103.0,439.0,149.1,0.0
524101,2108.0,439.0,149.1,0.0
524118,2207.0,439.0,149.1,0.0
524118,2212.0,439.0,149.1,0.0
524118,2206.0,439.0,149.1,0.0
524118,2186.0,439.0,149.1,0.0
524131,1873.0,439.0,149.1,0.0
524131,1879.0,439.0,149.1,0.0
524132,1874.0,439.0,149.1,0.0
524144,2068.0,439.0,149.1,0.0
524145,2021.0,439.0,149.1,0.0
524145,2037.0,439.0,149.1,0.0
524145,2056.0,439.0,149.1,0.0
524163,2150.0,439.0,149.1,0.0
524163,2083.0,439.0,149.1,0.0
524164,2067.0,439.0,149.1,0.0
524164,2079.0,439.0,149.1,0.0
524177,2202.0,438.0,149.1,0.0
524178,2204.0,438.0,149.1,0.0
524178,2188.0,438.0,149.1,0.0
524191,1902.0,438.0,149.1,0.0
524191,1892.0,438.0,149.1,0.0
524191,1895.0,438.0,149.1,0.0
524191,1871.0,438.0,149.1,0.0
524208,1929.0,438.0,149.1,0.0
524209,1914.0,438.0,149.1,0.0
524209,1927.0,438.0,149.1,0.0
524209,1934.0,438.0,149.1,0.0
524221,2103.0,438.0,149.1,0.0
524222,2077.0,438.0,149.1,0.0
524222,2070.0,438.0,149.1,0.0
524235,2093.0,438.0,149.1,0.0
524235,2125.0,438.0,149.1,0.0
524236,2110.0,438.0,149.1,0.0
524236,2100.0,438.0,149.1,0.0
524253,2000.0,438.0,149.1,0.0
524253,2085.0,438.0,149.1,0.0
524253,2129.0,438.0,149.1,0.0
524254,2119.0,438.0,149.1,0.0
524267,1920.0,438.0,149.1,0.0
524268,1913.0,438.0,149.1,0.0
524268,1920.0,438.0,149.1,0.0
524284,2378.0,438.0,149.1,0.0
524285,2220.0,438.0,149.1,0.0
524285,2188.0,438.0,149.1,0.0
524285,2154.0,438.0,149.1,0.0
524298,1962.0,438.0,149.1,0.0
524299,1998.0,438.0,149.1,0.0
524299,1983.0,438.0,149.1,0.0
524312,2039.0,438.0,149.1,0.0
524312,2031.0,438.0,149.1,0.0
524312,2159.0,438.0,149.1,0.0
524312,2008.0,438.0,149.1,0.0
524329,1962.0,438.0,149.1,0.0
524330,1979.0,438.0,149.1,0.0
524330,1994.0,438.0,149.1,0.0
524330,1997.0,438.0,149.1,0.0
524343,2040.0,437.0,149.1,0.0
524343,2016.0,437.0,149.1,0.0
524343,2017.0,437.0,149.1,0.0
524357,2306.0,437.0,149.1,0.0
524357,2297.0,437.0,149.1,0.0
524357,2293.0,437.0,149.1,0.0
524358,2286.0,437.0,149.1,0.0
524373,1901.0,437.0,149.1,0.0
524374,1930.0,437.0,149.1,0.0
524374,1941.0,437.0,149.1,0.0
524374,1918.0,437.0,149.1,0.0
524388,1970.0,438.0,149.1,0.0
524388,1983.0,438.0,149.1,0.0
524388,1994.0,438.0,149.1,0.0
524404,2068.0,437.0,149.1,0.0
524405,2020.0,437.0,149.1,0.0
524405,2012.0,437.0,149.1,0.0
524405,2018.0,437.0,149.1,0.0
524419,2214.0,437.0,149.1,0.0
524419,2225.0,437.0,149.1,0.0
524419,2194.0,437.0,149.1,0.0
524432,1897.0,437.0,149.1,0.0
524432,1984.0,437.0,149.1,0.0
524433,2008.0,437.0,149.1,0.0
524433,2029.0,437.0,149.1,0.0
524449,1862.0,437.0,149.1,0.0
524450,1880.0,437.0,149.1,0.0
524450,1868.0,437.0,149.1,0.0
524450,1844.0,437.0,149.1,0.0
524463,2151.0,437.0,149.1,0.0
524463,2123.0,437.0,149.1,0.0
524463,2150.0,437.0,149.1,0.0
524477,2190.0,438.0,149.1,0.0
524477,2184.0,438.0,149.1,0.0
524478,2164.0,438.0,149.1,0.0
524478,2164.0,438.0,149.1,0.0
524493,2100.0,438.0,149.1,0.0
524494,2177.0,438.0,149.1,0.0
524494,2179.0,438.0,149.1,0.0
524494,2172.0,438.0,149.1,0.0
524508,1905.0,437.0,149.1,0.0
524508,1901.0,437.0,149.1,0.0
524508,1907.0,437.0,149.1,0.0
524524,2035.0,437.0,149.1,0.0
524525,2036.0,437.0,149.1,0.0
524525,2033.0,437.0,149.1,0.0
524525,2064.0,437.0,149.1,0.0
524539,2104.0,437.0,149.1,0.0
524539,2072.0,437.0,149.1,0.0
524539,2044.0,437.0,149.1,0.0
524552,1952.0,437.0,149.1,0.0
524553,2110.0,437.0,149.1,0.0
524553,2137.0,437.0,149.1,0.0
524553,2135.0,437.0,149.1,0.0
524570,1753.0,437.0,149.1,0.0
524570,1765.0,437.0,149.1,0.0
524570,1772.0,437.0,149.1,0.0
524571,1749.0,437.0,149.1,0.0
524583,2167.0,437.0,149.1,0.0
524584,2140.0,437.0,149.1,0.0
524584,2163.0,437.0,149.1,0.0
524600,2130.0,437.0,149.1,0.0
524601,2111.0,437.0,149.1,0.0
524601,2066.0,437.0,149.1,0.0
524601,2070.0,437.0,149.1,0.0
524614,2109.0,436.0,149.1,0.0
524614,2171.0,436.0,149.1,0.0
524614,2175.0,436.0,149.1,0.0
524628,1903.0,436.0,149.1,0.0
524628,1887.0,436.0,149.1,0.0
524629,1907.0,436.0,149.1,0.0
524629,1910.0,436.0,149.1,0.0
524646,2016.0,436.0,149.1,0.0
524647,1991.0,436.0,149.1,0.0
524647,1999.0,436.0,149.1,0.0
524647,2015.0,436.0,149.1,0.0
524660,2036.0,436.0,149.1,0.0
524660,2015.0,436.0,149.1,0.0
524661,1993.0,436.0,149.1,0.0
524673,2176.0,435.0,149.1,0.0
524674,2253.0,435.0,149.1,0.0
524674,2307.0,435.0,149.1,0.0
524674,2322.0,435.0,149.1,0.0
524691,1756.0,435.0,149.1,0.0
524691,1765.0,435.0,149.1,0.0
524691,1763.0,435.0,149.1,0.0
524691,1771.0,435.0,149.1,0.0
524705,2104.0,435.0,149.1,0.0
524705,2056.0,435.0,149.1,0.0
524706,2065.0,435.0,149.1,0.0
524722,2141.0,435.0,149.1,0.0
524722,2120.0,435.0,149.1,0.0
524722,2104.0,435.0,149.1,0.0
524723,2106.0,435.0,149.1,0.0
524736,2629.0,435.0,149.1,0.0
524737,2643.0,435.0,149.1,0.0
524737,2614.0,435.0,149.1,0.0
524750,1746.0,435.0,149.1,0.0
524750,1733.0,435.0,149.1,0.0
524750,1700.0,435.0,149.1,0.0
524750,1663.0,435.0,149.1,0.0
524768,1930.0,434.0,149.1,0.0
524769,1961.0,434.0,149.1,0.0
524769,1965.0,434.0,149.1,0.0
524769,1954.0,434.0,149.1,0.0
524782,2899.0,434.0,149.1,0.0
524782,2810.0,434.0,149.1,0.0
524783,2747.0,434.0,149.1,0.0
524797,3770.0,434.0,149.1,0.0
524797,3713.0,434.0,149.1,0.0
524797,3893.0,434.0,149.1,0.0
524798,3943.0,434.0,149.1,0.0
524815,2916.0,434.0,149.1,0.0
524816,3246.0,434.0,149.1,0.0
524816,3369.0,434.0,149.1,0.0
524816,3283.0,434.0,149.1,0.0
524829,1603.0,434.0,149.1,0.0
524830,1654.0,434.0,149.1,0.0
524830,1519.0,434.0,149.1,0.0
524847,2105.0,433.0,149.1,0.0
524848,2056.0,433.0,149.1,0.0
524848,2174.0,433.0,149.1,0.0
524848,2292.0,433.0,149.1,0.0
524861,2106.0,433.0,149.1,0.0
524862,1940.0,433.0,149.1,0.0
524862,1885.0,433.0,149.1,0.0
524879,2189.0,433.0,149.1,0.0
524879,2290.0,433.0,149.1,0.0
524880,2256.0,433.0,149.1,0.0
524880,2125.0,433.0,149.1,0.0
524892,1769.0,433.0,149.1,0.0
524893,1906.0,433.0,149.1,0.0
524893,2011.0,433.0,149.1,0.0
524907,2023.0,432.0,149.1,0.0
524907,1892.0,432.0,149.1,0.0
524907,1913.0,432.0,149.1,0.0
524907,1933.0,432.0,149.1,0.0
524923,2153.0,432.0,149.1,0.0
524923,2100.0,432.0,149.1,0.0
524924,1996.0,432.0,149.1,0.0
524924,1959.0,432.0,149.1,0.0
524937,2132.0,431.0,149.1,0.0
524938,2236.0,431.0,149.1,0.0
524938,2206.0,431.0,149.1,0.0
524955,2189.0,431.0,149.1,0.0
524955,2202.0,431.0,149.1,0.0
524955,2288.0,431.0,149.1,0.0
524956,2361.0,431.0,149.1,0.0
524968,1906.0,430.0,149.1,0.0
524969,1814.0,430.0,149.1,0.0
524969,1771.0,430.0,149.1,0.0
524981,2044.0,430.0,149.1,0.0
524982,2111.0,430.0,149.1,0.0
524982,2101.0,430.0,149.1,0.0
524999,2132.0,430.0,149.1,0.0
524999,2098.0,430.0,149.1,0.0
524999,2135.0,430.0,149.1,0.0
525000,2199.0,430.0,149.1,0.0
525012,1975.0,429.0,149.1,0.0
525013,1991.0,429.0,149.1,0.0
525013,1971.0,429.0,149.1,0.0
525030,1825.0,429.0,149.1,0.0
525031,1888.0,429.0,149.1,0.0
525031,1873.0,429.0,149.1,0.0
525031,1814.0,429.0,149.1,0.0
525044,1954.0,429.0,149.1,0.0
525045,1979.0,429.0,149.1,0.0
525045,2035.0,429.0,149.1,0.0
525058,2305.0,429.0,149.1,0.0
525058,2254.0,429.0,149.1,0.0
525058,2202.0,429.0,149.1,0.0
525058,2262.0,429.0,149.1,0.0
525076,2235.0,428.0,149.1,0.0
525077,2249.0,428.0,149.1,0.0
525077,2200.0,428.0,149.1,0.0
525077,2174.0,428.0,149.1,0.0
525090,1870.0,428.0,149.1,0.0
525090,1908.0,428.0,149.1,0.0
525090,1886.0,428.0,149.1,0.0
525104,1944.0,428.0,149.1,0.0
525104,1927.0,428.0,149.1,0.0
525104,1983.0,428.0,149.1,0.0
525104,2032.0,428.0,149.1,0.0
525120,2497.0,428.0,149.1,0.0
525121,2397.0,428.0,149.1,0.0
525121,2369.0,428.0,149.1,0.0
525121,2399.0,428.0,149.1,0.0
525134,2105.0,427.0,149.1,0.0
525135,2118.0,427.0,149.1,0.0
525135,2069.0,427.0,149.1,0.0
525151,1791.0,427.0,149.1,0.0
525151,1861.0,427.0,149.1,0.0
525151,1918.0,427.0,149.1,0.0
525152,1884.0,427.0,149.1,0.0
525165,1988.0,427.0,149.1,0.0
525166,1948.0,427.0,149.1,0.0
525166,1998.0,427.0,149.1,0.0
525179,2126.0,427.0,149.1,0.0
525179,2111.0,427.0,149.1,0.0
525179,2060.0,427.0,149.1,0.0
525180,2082.0,427.0,149.1,0.0
525197,2045.0,426.0,149.1,0.0
525198,2072.0,426.0,149.1,0.0
525198,2037.0,426.0,149.1,0.0
525198,1985.0,426.0,149.1,0.0
525211,1881.0,426.0,149.1,0.0
525211,1947.0,426.0,149.1,0.0
525211,1973.0,426.0,149.1,0.0
525225,1984.0,426.0,149.1,0.0
525225,1928.0,426.0,149.1,0.0
525226,1937.0,426.0,149.1,0.0
525226,1988.0,426.0,149.1,0.0
525241,2249.0,426.0,149.1,0.0
525242,2186.0,426.0,149.1,0.0
525242,2141.0,426.0,149.1,0.0
525242,2139.0,426.0,149.1,0.0
525256,1996.0,426.0,149.1,0.0
525256,2040.0,426.0,149.1,0.0
525256,2007.0,426.0,149.1,0.0
525273,2026.0,426.0,149.1,0.0
525273,2088.0,426.0,149.1,0.0
525274,2152.0,426.0,149.1,0.0
525274,2193.0,426.0,149.1,0.0
525286,1939.0,426.0,149.1,0.0
525287,1885.0,426.0,149.1,0.0
525287,1887.0,426.0,149.1,0.0
525300,2181.0,426.0,149.1,0.0
525300,2174.0,426.0,149.1,0.0
525300,2146.0,426.0,149.1,0.0
525300,2118.0,426.0,149.1,0.0
525318,2488.0,426.0,149.1,0.0
525319,2509.0,426.0,149.1,0.0
525319,2523.0,426.0,149.1,0.0
525319,2508.0,426.0,149.1,0.0
525333,1816.0,426.0,149.1,0.0
525333,2040.0,426.0,149.1,0.0
525334,2115.0,426.0,149.1,0.0
525346,2064.0,426.0,149.1,0.0
525347,2020.0,426.0,149.1,0.0
525347,1990.0,426.0,149.1,0.0
525347,1948.0,426.0,149.1,0.0
525364,2050.0,426.0,149.1,0.0
525364,2065.0,426.0,149.1,0.0
525364,2095.0,426.0,149.1,0.0
525364,2109.0,426.0,149.1,0.0
525377,2500.0,426.0,149.1,0.0
525377,2476.0,426.0,149.1,0.0
525378,2497.0,426.0,149.1,0.0
525390,1766.0,426.0,149.1,0.0
525391,1774.0,426.0,149.1,0.0
525391,1730.0,426.0,149.1,0.0
525391,1703.0,426.0,149.1,0.0
525408,1984.0,426.0,149.1,0.0
525408,2009.0,426.0,149.1,0.0
525409,2004.0,426.0,149.1,0.0
525409,1984.0,426.0,149.1,0.0
525422,2008.0,426.0,149.1,0.0
525423,2004.0,426.0,149.1,0.0
525423,2062.0,426.0,149.1,0.0
525439,2302.0,426.0,149.1,0.0
525439,2254.0,426.0,149.1,0.0
525439,2225.0,426.0,149.1,0.0
525440,2232.0,426.0,149.1,0.0
525453,2010.0,426.0,149.1,0.0
525454,2071.0,426.0,149.1,0.0
525454,2042.0,426.0,149.1,0.0
525466,1929.0,426.0,149.1,0.0
525467,1941.0,426.0,149.1,0.0
525467,1983.0,426.0,149.1,0.0
525467,1977.0,426.0,149.1,0.0
525484,2035.0,426.0,149.1,0.0
525485,1988.0,426.0,149.1,0.0
525485,2006.0,426.0,149.1,0.0
525485,2047.0,426.0,149.1,0.0
525498,2188.0,426.0,149.1,0.0
525498,2149.0,426.0,149.1,0.0
525498,2114.0,426.0,149.1,0.0
525515,2086.0,426.0,149.1,0.0
525516,2129.0,426.0,149.1,0.0
525516,2134.0,426.0,149.1,0.0
525516,2090.0,426.0,149.1,0.0
525529,1828.0,427.0,149.1,0.0
525529,1923.0,427.0,149.1,0.0
525529,1985.0,427.0,149.1,0.0
525543,2103.0,427.0,149.1,0.0
525543,2050.0,427.0,149.1,0.0
525544,2036.0,427.0,149.1,0.0
525544,2060.0,427.0,149.1,0.0
525561,2112.0,427.0,149.1,0.0
525561,2106.0,427.0,149.1,0.0
525561,2044.0,427.0,149.1,0.0
525562,2060.0,427.0,149.1,0.0
525575,2270.0,427.0,149.1,0.0
525576,2319.0,427.0,149.1,0.0
525576,2317.0,427.0,149.1,0.0
525588,1856.0,427.0,149.1,0.0
525589,1858.0,427.0,149.1,0.0
525589,1847.0,427.0,149.1,0.0
525589,1844.0,427.0,149.1,0.0
525606,2003.0,427.0,149.1,0.0
525607,1977.0,427.0,149.1,0.0
525607,1927.0,427.0,149.1,0.0
525607,1977.0,427.0,149.1,0.0
525620,2148.0,427.0,149.1,0.0
525620,2133.0,427.0,149.1,0.0
525620,2140.0,427.0,149.1,0.0
525637,2106.0,427.0,149.1,0.0
525637,2124.0,427.0,149.1,0.0
525638,2110.0,427.0,149.1,0.0
525638,2094.0,427.0,149.1,0.0
525650,1876.0,427.0,149.1,0.0
525651,1915.0,427.0,149.1,0.0
525651,1916.0,427.0,149.1,0.0
525665,1970.0,427.0,149.1,0.0
525665,1962.0,427.0,149.1,0.0
525665,1981.0,427.0,149.1,0.0
525665,2005.0,427.0,149.1,0.0
525683,2048.0,427.0,149.1,0.0
525684,2012.0,427.0,149.1,0.0
525684,2009.0,427.0,149.1,0.0
525684,2011.0,427.0,149.1,0.0
525697,2312.0,427.0,149.1,0.0
525697,2336.0,427.0,149.1,0.0
525697,2333.0,427.0,149.1,0.0
525710,1841.0,427.0,149.1,0.0
525710,1846.0,427.0,149.1,0.0
525711,1849.0,427.0,149.1,0.0
525711,1798.0,427.0,149.1,0.0
525728,1947.0,427.0,149.1,0.0
525728,1949.0,427.0,149.1,0.0
525728,1967.0,427.0,149.1,0.0
525728,1964.0,427.0,149.1,0.0
525742,2148.0,427.0,149.1,0.0
525742,2126.0,427.0,149.1,0.0
525743,2136.0,427.0,149.1,0.0
525758,2161.0,427.0,149.1,0.0
525759,2144.0,427.0,149.1,0.0
525759,2149.0,427.0,149.1,0.0
525759,2111.0,427.0,149.1,0.0
525773,1963.0,428.0,149.1,0.0
525773,2016.0,428.0,149.1,0.0
525773,2009.0,428.0,149.1,0.0
525786,1957.0,428.0,149.1,0.0
525786,1946.0,428.0,149.1,0.0
525787,1968.0,428.0,149.1,0.0
525787,1990.0,428.0,149.1,0.0
525804,2073.0,428.0,149.1,0.0
525805,2014.0,428.0,149.1,0.0
525805,2007.0,428.0,149.1,0.0
525805,2019.0,428.0,149.1,0.0
525818,2195.0,428.0,149.1,0.0
525818,2176.0,428.0,149.1,0.0
525819,2157.0,428.0,149.1,0.0
525832,1904.0,429.0,149.1,0.0
525832,1986.0,429.0,149.1,0.0
525833,1994.0,429.0,149.1,0.0
525833,1992.0,429.0,149.1,0.0
525849,1885.0,429.0,149.1,0.0
525849,1889.0,429.0,149.1,0.0
525849,1909.0,429.0,149.1,0.0
525849,1897.0,429.0,149.1,0.0
525863,2089.0,429.0,149.1,0.0
525863,2058.0,429.0,149.1,0.0
525863,2072.0,429.0,149.1,0.0
525879,2196.0,429.0,149.1,0.0
525880,2178.0,429.0,149.1,0.0
525880,2163.0,429.0,149.1,0.0
525880,2138.0,429.0,149.1,0.0
525893,2048.0,429.0,149.1,0.0
525894,2109.0,429.0,149.1,0.0
525894,2111.0,429.0,149.1,0.0
525907,1961.0,429.0,149.1,0.0
525907,1923.0,429.0,149.1,0.0
525907,1942.0,429.0,149.1,0.0
525907,1944.0,429.0,149.1,0.0
525925,2028.0,429.0,149.1,0.0
525926,1990.0,429.0,149.1,0.0
525926,1985.0,429.0,149.1,0.0
525926,1997.0,429.0,149.1,0.0
525938,2241.0,429.0,149.1,0.0
525939,2219.0,429.0,149.1,0.0
525939,2207.0,429.0,149.1,0.0
525953,1966.0,430.0,149.1,0.0
525953,2018.0,430.0,149.1,0.0
525953,2027.0,430.0,149.1,0.0
525954,2027.0,430.0,149.1,0.0
525969,1889.0,430.0,149.1,0.0
525970,1912.0,430.0,149.1,0.0
525970,1911.0,430.0,149.1,0.0
525970,1899.0,430.0,149.1,0.0
525983,2047.0,429.0,149.1,0.0
525984,2033.0,429.0,149.1,0.0
525984,2046.0,429.0,149.1,0.0
525997,2283.0,430.0,149.1,0.0
525997,2282.0,430.0,149.1,0.0
525997,2277.0,430.0,149.1,0.0
525998,2275.0,430.0,149.1,0.0
526015,3969.0,430.0,110.9,0.0
526015,4095.0,430.0,110.9,0.0
526015,4095.0,430.0,110.9,0.0
526016,4095.0,430.0,110.9,0.0
526028,1867.0,430.0,110.9,0.0
526029,1715.0,430.0,110.9,0.0
526029,1568.0,430.0,110.9,0.0
526046,2256.0,430.0,110.9,0.0
526046,2316.0,430.0,110.9,0.0
526046,2409.0,430.0,110.9,0.0
526047,2419.0,430.0,110.9,0.0
526060,1884.0,430.0,110.9,0.0
526060,1827.0,430.0,110.9,0.0
526061,1885.0,430.0,110.9,0.0
526073,2097.0,430.0,110.9,0.0
526074,2148.0,430.0,110.9,0.0
526074,2099.0,430.0,110.9,0.0
526074,2074.0,430.0,110.9,0.0
526091,1830.0,430.0,110.9,0.0
526091,1885.0,430.0,110.9,0.0
526091,1899.0,430.0,110.9,0.0
526092,1826.0,430.0,110.9,0.0
526104,2052.0,430.0,110.9,0.0
526105,2041.0,430.0,110.9,0.0
526105,2106.0,430.0,110.9,0.0
526122,2055.0,431.0,110.9,0.0
526122,2006.0,431.0,110.9,0.0
526122,1952.0,431.0,110.9,0.0
526123,1993.0,431.0,110.9,0.0
526135,2149.0,431.0,110.9,0.0
526135,2174.0,431.0,110.9,0.0
526136,2138.0,431.0,110.9,0.0
526148,1867.0,431.0,110.9,0.0
526149,1885.0,431.0,110.9,0.0
526149,1931.0,431.0,110.9,0.0
526149,1904.0,431.0,110.9,0.0
526167,1968.0,431.0,110.9,0.0
526167,1913.0,431.0,110.9,0.0
526168,1929.0,431.0,110.9,0.0
526168,1974.0,431.0,110.9,0.0
526181,2064.0,432.0,110.9,0.0
526182,2019.0,432.0,110.9,0.0
526182,1993.0,432.0,110.9,0.0
526194,2125.0,432.0,110.9,0.0
526195,2183.0,432.0,110.9,0.0
526195,2197.0,432.0,110.9,0.0
526195,2169.0,432.0,110.9,0.0
526212,1820.0,432.0,110.9,0.0
526212,1872.0,432.0,110.9,0.0
526212,1926.0,432.0,110.9,0.0
526213,1913.0,432.0,110.9,0.0
526225,1995.0,433.0,110.9,0.0
526226,1989.0,433.0,110.9,0.0
526226,2001.0,433.0,110.9,0.0
526243,2088.0,433.0,110.9,0.0
526243,2064.0,433.0,110.9,0.0
526243,2035.0,433.0,110.9,0.0
526243,2013.0,433.0,110.9,0.0
526256,2250.0,433.0,110.9,0.0
526256,2291.0,433.0,110.9,0.0
526257,2292.0,433.0,110.9,0.0
526270,1826.0,433.0,110.9,0.0
526270,1838.0,433.0,110.9,0.0
526271,1838.0,433.0,110.9,0.0
526271,1829.0,433.0,110.9,0.0
526288,1995.0,434.0,110.9,0.0
526288,1993.0,434.0,110.9,0.0
526288,1993.0,434.0,110.9,0.0
526288,1981.0,434.0,110.9,0.0
526302,2090.0,434.0,110.9,0.0
526302,2067.0,434.0,110.9,0.0
526303,2060.0,434.0,110.9,0.0
526315,2080.0,434.0,110.9,0.0
526315,2092.0,434.0,110.9,0.0
526316,2099.0,434.0,110.9,0.0
526316,2103.0,434.0,110.9,0.0
526333,1960.0,435.0,110.9,0.0
526333,2000.0,435.0,110.9,0.0
526333,2007.0,435.0,110.9,0.0
526333,2033.0,435.0,110.9,0.0
526346,1982.0,435.0,110.9,0.0
526346,1982.0,435.0,110.9,0.0
526346,1969.0,435.0,110.9,0.0
526360,2182.0,436.0,110.9,0.0
526360,2167.0,436.0,110.9,0.0
526361,2172.0,436.0,110.9,0.0
526361,2180.0,436.0,110.9,0.0
526376,2204.0,436.0,110.9,0.0
526377,2206.0,436.0,110.9,0.0
526377,2203.0,436.0,110.9,0.0
526377,2206.0,436.0,110.9,0.0
526391,1877.0,436.0,110.9,0.0
526391,1911.0,436.0,110.9,0.0
526391,1867.0,436.0,110.9,0.0
526407,1887.0,436.0,110.9,0.0
526408,1944.0,436.0,110.9,0.0
526408,1951.0,436.0,110.9,0.0
526408,1953.0,436.0,110.9,0.0
526422,2046.0,437.0,110.9,0.0
526422,2023.0,437.0,110.9,0.0
526423,2028.0,437.0,110.9,0.0
526435,2046.0,437.0,110.9,0.0
526436,2074.0,437.0,110.9,0.0
526436,2065.0,437.0,110.9,0.0
526436,2050.0,437.0,110.9,0.0
526453,1929.0,437.0,110.9,0.0
526453,1958.0,437.0,110.9,0.0
526453,1980.0,437.0,110.9,0.0
526453,1966.0,437.0,110.9,0.0
526466,1967.0,437.0,110.9,0.0
526466,1968.0,437.0,110.9,0.0
526467,1988.0,437.0,110.9,0.0
526480,2198.0,438.0,110.9,0.0
526480,2145.0,438.0,110.9,0.0
526481,2130.0,438.0,110.9,0.0
526481,2149.0,438.0,110.9,0.0
526496,2168.0,438.0,110.9,0.0
526497,2168.0,438.0,110.9,0.0
526497,2151.0,438.0,110.9,0.0
526497,2151.0,438.0,110.9,0.0
526511,1894.0,439.0,110.9,0.0
526511,1913.0,439.0,110.9,0.0
526512,1905.0,439.0,110.9,0.0
526528,1890.0,439.0,110.9,0.0
526529,1880.0,439.0,110.9,0.0
526529,1896.0,439.0,110.9,0.0
526529,1903.0,439.0,110.9,0.0
526542,2097.0,439.0,110.9,0.0
526542,2063.0,439.0,110.9,0.0
526542,2067.0,439.0,110.9,0.0
526555,2106.0,440.0,110.9,0.0
526555,2147.0,440.0,110.9,0.0
526556,2134.0,440.0,110.9,0.0
526556,2096.0,440.0,110.9,0.0
526572,1917.0,440.0,110.9,0.0
526573,1975.0,440.0,110.9,0.0
526573,2025.0,440.0,110.9,0.0
526573,2014.0,440.0,110.9,0.0
526586,1973.0,440.0,110.9,0.0
526586,1972.0,440.0,110.9,0.0
526586,1982.0,440.0,110.9,0.0
526600,2231.0,440.0,110.9,0.0
526600,2177.0,440.0,110.9,0.0
526600,2153.0,440.0,110.9,0.0
526601,2185.0,440.0,110.9,0.0
526616,2089.0,440.0,110.9,0.0
526617,2098.0,440.0,110.9,0.0
526617,2069.0,440.0,110.9,0.0
526617,2072.0,440.0,110.9,0.0
526631,1903.0,440.0,110.9,0.0
526631,1942.0,440.0,110.9,0.0
526631,1929.0,440.0,110.9,0.0
526648,1912.0,440.0,110.9,0.0
526649,1897.0,440.0,110.9,0.0
526649,1921.0,440.0,110.9,0.0
526649,1934.0,440.0,110.9,0.0
526662,2080.0,440.0,110.9,0.0
526662,2073.0,440.0,110.9,0.0
526662,2059.0,440.0,110.9,0.0
526675,2010.0,440.0,110.9,0.0
526675,2060.0,440.0,110.9,0.0
526675,2037.0,440.0,110.9,0.0
526692,1903.0,441.0,110.9,0.0
526692,1940.0,441.0,110.9,0.0
526693,1947.0,441.0,110.9,0.0
526693,2004.0,441.0,110.9,0.0
526705,2004.0,440.0,110.9,0.0
526706,1969.0,440.0,110.9,0.0
526706,1970.0,440.0,110.9,0.0
526719,2216.0,440.0,110.9,0.0
526720,2208.0,440.0,110.9,0.0
526720,2200.0,440.0,110.9,0.0
526720,2183.0,440.0,110.9,0.0
526736,1970.0,440.0,110.9,0.0
526736,2016.0,440.0,110.9,0.0
526736,2029.0,440.0,110.9,0.0
526737,2014.0,440.0,110.9,0.0
526750,1944.0,440.0,110.9,0.0
526751,1955.0,440.0,110.9,0.0
526751,1950.0,440.0,110.9,0.0
526768,1965.0,440.0,110.9,0.0
526768,1922.0,440.0,110.9,0.0
526768,1916.0,440.0,110.9,0.0
526768,1921.0,440.0,110.9,0.0
526781,2091.0,440.0,110.9,0.0
526782,2083.0,440.0,110.9,0.0
526782,2077.0,440.0,110.9,0.0
526794,2030.0,440.0,110.9,0.0
526795,2070.0,440.0,110.9,0.0
526795,2084.0,440.0,110.9,0.0
526796,2090.0,440.0,110.9,0.0
526813,2061.0,440.0,110.9,0.0
526813,2133.0,440.0,110.9,0.0
526813,2162.0,440.0,110.9,0.0
526814,2184.0,440.0,110.9,0.0
526826,1970.0,440.0,110.9,0.0
526827,1945.0,440.0,110.9,0.0
526827,1913.0,440.0,110.9,0.0
526844,3664.0,439.0,133.0,0.0
526845,3409.0,439.0,133.0,0.0
526845,3373.0,439.0,133.0,0.0
526845,3355.0,439.0,133.0,0.0
526859,1418.0,439.0,133.0,0.0
526859,1429.0,439.0,133.0,0.0
526859,1390.0,439.0,133.0,0.0
526875,2168.0,439.0,133.0,0.0
526876,2230.0,439.0,133.0,0.0
526876,2276.0,439.0,133.0,0.0
526876,2233.0,439.0,133.0,0.0
526890,1823.0,439.0,133.0,0.0
526890,1813.0,439.0,133.0,0.0
526890,1857.0,439.0,133.0,0.0
526903,2152.0,439.0,133.0,0.0
526903,2111.0,439.0,133.0,0.0
526903,2065.0,439.0,133.0,0.0
526904,2052.0,439.0,133.0,0.0
526920,2132.0,439.0,133.0,0.0
526921,2157.0,439.0,133.0,0.0
526921,2131.0,439.0,133.0,0.0
526921,2088.0,439.0,133.0,0.0
526934,2018.0,439.0,133.0,0.0
526935,2079.0,439.0,133.0,0.0
526935,2154.0,439.0,133.0,0.0
526952,1859.0,439.0,133.0,0.0
526952,1864.0,439.0,133.0,0.0
526953,1873.0,439.0,133.0,0.0
526953,1920.0,439.0,133.0,0.0
526965,2047.0,439.0,133.0,0.0
526966,2019.0,439.0,133.0,0.0
526966,1984.0,439.0,133.0,0.0
526980,2233.0,438.0,133.0,0.0
526980,2216.0,438.0,133.0,0.0
526980,2247.0,438.0,133.0,0.0
526980,2239.0,438.0,133.0,0.0
526997,2131.0,438.0,133.0,0.0
526997,2127.0,438.0,133.0,0.0
526998,2140.0,438.0,133.0,0.0
526998,2179.0,438.0,133.0,0.0
527010,1913.0,438.0,133.0,0.0
527011,1893.0,438.0,133.0,0.0
527011,1870.0,438.0,133.0,0.0
527024,2001.0,438.0,133.0,0.0
527024,2029.0,438.0,133.0,0.0
527024,2042.0,438.0,133.0,0.0
527024,2026.0,438.0,133.0,0.0
527041,1999.0,439.0,133.0,0.0
527042,2017.0,439.0,133.0,0.0
527042,2021.0,439.0,133.0,0.0
527042,2039.0,439.0,133.0,0.0
527055,2108.0,438.0,133.0,0.0
527055,2106.0,438.0,133.0,0.0
527055,2105.0,438.0,133.0,0.0
527072,1900.0,438.0,133.0,0.0
527073,1945.0,438.0,133.0,0.0
527073,1941.0,438.0,133.0,0.0
527073,1935.0,438.0,133.0,0.0
527086,1957.0,438.0,133.0,0.0
527087,1976.0,438.0,133.0,0.0
527087,1983.0,438.0,133.0,0.0
527100,2011.0,438.0,133.0,0.0
527100,2001.0,438.0,133.0,0.0
527100,2010.0,438.0,133.0,0.0
527101,2037.0,438.0,133.0,0.0
527118,4095.0,438.0,133.0,0.0
527118,4081.0,438.0,133.0,0.0
527118,4095.0,438.0,133.0,0.0
527119,4095.0,438.0,133.0,0.0
527131,1152.0,438.0,133.0,0.0
527131,1082.0,438.0,133.0,0.0
527132,930.0,438.0,133.0,0.0
527144,2230.0,438.0,133.0,0.0
527145,2321.0,438.0,133.0,0.0
527145,2479.0,438.0,133.0,0.0
527145,2508.0,438.0,133.0,0.0
527162,1945.0,438.0,133.0,0.0
527162,1843.0,438.0,133.0,0.0
527162,1895.0,438.0,133.0,0.0
527163,2003.0,438.0,133.0,0.0
527175,2167.0,438.0,133.0,0.0
527175,2071.0,438.0,133.0,0.0
527176,2006.0,438.0,133.0,0.0
527193,1858.0,437.0,133.0,0.0
527193,1989.0,437.0,133.0,0.0
527193,2000.0,437.0,133.0,0.0
527193,1880.0,437.0,133.0,0.0
527207,1876.0,437.0,133.0,0.0
527207,1926.0,437.0,133.0,0.0
527207,2030.0,437.0,133.0,0.0
527220,2261.0,437.0,133.0,0.0
527221,2167.0,437.0,133.0,0.0
527221,2102.0,437.0,133.0,0.0
527221,2160.0,437.0,133.0,0.0
527238,2182.0,437.0,133.0,0.0
527239,2163.0,437.0,133.0,0.0
527239,2088.0,437.0,133.0,0.0
527239,2027.0,437.0,133.0,0.0
527252,1875.0,437.0,133.0,0.0
527252,1977.0,437.0,133.0,0.0
527252,1983.0,437.0,133.0,0.0
527266,1981.0,437.0,133.0,0.0
527266,1899.0,437.0,133.0,0.0
527266,1944.0,437.0,133.0,0.0
527267,2025.0,437.0,133.0,0.0
527282,2267.0,437.0,133.0,0.0
527283,2137.0,437.0,133.0,0.0
527283,2083.0,437.0,133.0,0.0
527284,2126.0,437.0,133.0,0.0
527297,2136.0,436.0,133.0,0.0
527298,2137.0,436.0,133.0,0.0
527298,2048.0,436.0,133.0,0.0
527314,2028.0,436.0,133.0,0.0
527315,2119.0,436.0,133.0,0.0
527315,2206.0,436.0,133.0,0.0
527315,2195.0,436.0,133.0,0.0
527328,1874.0,436.0,133.0,0.0
527329,1836.0,436.0,133.0,0.0
527329,1871.0,436.0,133.0,0.0
527342,2179.0,436.0,133.0,0.0
527342,2142.0,436.0,133.0,0.0
527342,2086.0,436.0,133.0,0.0
527343,2074.0,436.0,133.0,0.0
527359,1990.0,436.0,133.0,0.0
527360,2031.0,436.0,133.0,0.0
527360,2020.0,436.0,133.0,0.0
527360,1978.0,436.0,133.0,0.0
527373,2011.0,436.0,133.0,0.0
527373,2086.0,436.0,133.0,0.0
527373,2144.0,436.0,133.0,0.0
527387,1952.0,437.0,133.0,0.0
527387,1895.0,437.0,133.0,0.0
527387,1859.0,437.0,133.0,0.0
527388,1880.0,437.0,133.0,0.0
527404,2039.0,437.0,133.0,0.0
527404,2037.0,437.0,133.0,0.0
527404,2006.0,437.0,133.0,0.0
527404,1989.0,437.0,133.0,0.0
527418,2116.0,436.0,133.0,0.0
527418,2144.0,436.0,133.0,0.0
527419,2140.0,436.0,133.0,0.0
527436,2161.0,436.0,133.0,0.0
527436,2169.0,436.0,133.0,0.0
527436,2193.0,436.0,133.0,0.0
527436,2208.0,436.0,133.0,0.0
527449,1914.0,436.0,133.0,0.0
527450,1888.0,436.0,133.0,0.0
527450,1860.0,436.0,133.0,0.0
527462,2041.0,436.0,133.0,0.0
527463,2051.0,436.0,133.0,0.0
527463,2060.0,436.0,133.0,0.0
527463,2069.0,436.0,133.0,0.0
527480,2038.0,436.0,133.0,0.0
527480,2041.0,436.0,133.0,0.0
527480,2047.0,436.0,133.0,0.0
527481,2073.0,436.0,133.0,0.0
527493,2074.0,436.0,133.0,0.0
527493,2109.0,436.0,133.0,0.0
527494,2136.0,436.0,133.0,0.0
527507,1911.0,436.0,133.0,0.0
527507,1928.0,436.0,133.0,0.0
527508,1894.0,436.0,133.0,0.0
527508,1861.0,436.0,133.0,0.0
527523,2020.0,436.0,133.0,0.0
527524,2047.0,436.0,133.0,0.0
527524,2066.0,436.0,133.0,0.0
527524,2044.0,436.0,133.0,0.0
527538,2081.0,436.0,133.0,0.0
527539,2094.0,436.0,133.0,0.0
527539,2116.0,436.0,133.0,0.0
527556,2259.0,435.0,133.0,0.0
527556,2251.0,435.0,133.0,0.0
527557,2219.0,435.0,133.0,0.0
527557,2230.0,435.0,133.0,0.0
527570,1873.0,435.0,133.0,0.0
527570,1884.0,435.0,133.0,0.0
527570,1862.0,435.0,133.0,0.0
527583,2113.0,435.0,133.0,0.0
527583,2088.0,435.0,133.0,0.0
527583,2131.0,435.0,133.0,0.0
527583,2136.0,435.0,133.0,0.0
527600,2200.0,435.0,133.0,0.0
527601,2154.0,435.0,133.0,0.0
527601,2138.0,435.0,133.0,0.0
527601,2197.0,435.0,133.0,0.0
527613,2017.0,435.0,133.0,0.0
527614,2029.0,435.0,133.0,0.0
527614,1993.0,435.0,133.0,0.0
527628,1916.0,434.0,133.0,0.0
527628,1783.0,434.0,133.0,0.0
527628,1969.0,434.0,133.0,0.0
527628,1927.0,434.0,133.0,0.0
527645,1986.0,434.0,133.0,0.0
527646,1964.0,434.0,133.0,0.0
527646,2004.0,434.0,133.0,0.0
527646,2021.0,434.0,133.0,0.0
527659,1980.0,433.0,133.0,0.0
527659,1937.0,433.0,133.0,0.0
527659,1951.0,433.0,133.0,0.0
527676,2296.0,433.0,133.0,0.0
527677,2328.0,433.0,133.0,0.0
527677,2312.0,433.0,133.0,0.0
527677,2281.0,433.0,133.0,0.0
527690,1832.0,433.0,133.0,0.0
527690,1847.0,433.0,133.0,0.0
527690,1881.0,433.0,133.0,0.0
527703,2103.0,433.0,133.0,0.0
527703,2069.0,433.0,133.0,0.0
527703,2083.0,433.0,133.0,0.0
527704,2105.0,433.0,133.0,0.0
527721,2133.0,432.0,133.0,0.0
527721,2097.0,432.0,133.0,0.0
527722,2071.0,432.0,133.0,0.0
527722,2088.0,432.0,133.0,0.0
527735,2102.0,431.0,133.0,0.0
527736,2123.0,431.0,133.0,0.0
527736,2093.0,431.0,133.0,0.0
527752,1876.0,431.0,133.0,0.0
527752,1902.0,431.0,133.0,0.0
527752,1972.0,431.0,133.0,0.0
527752,1923.0,431.0,133.0,0.0
527766,1962.0,430.0,133.0,0.0
527767,1941.0,430.0,133.0,0.0
527767,1969.0,430.0,133.0,0.0
527779,2132.0,430.0,133.0,0.0
527780,2122.0,430.0,133.0,0.0
527780,2099.0,430.0,133.0,0.0
527780,2078.0,430.0,133.0,0.0
527798,2095.0,429.0,133.0,0.0
527798,2116.0,429.0,133.0,0.0
527798,2102.0,429.0,133.0,0.0
527799,2086.0,429.0,133.0,0.0
527811,1904.0,429.0,133.0,0.0
527812,1924.0,429.0,133.0,0.0
527812,1950.0,429.0,133.0,0.0
527825,1989.0,429.0,133.0,0.0
527826,1963.0,429.0,133.0,0.0
527826,1965.0,429.0,133.0,0.0
527826,1985.0,429.0,133.0,0.0
527842,2145.0,429.0,133.0,0.0
527842,2108.0,429.0,133.0,0.0
527843,2092.0,429.0,133.0,0.0
527843,2092.0,429.0,133.0,0.0
527857,2086.0,429.0,133.0,0.0
527857,2101.0,429.0,133.0,0.0
527858,2088.0,429.0,133.0,0.0
527874,2026.0,428.0,133.0,0.0
527875,2052.0,428.0,133.0,0.0
527875,2073.0,428.0,133.0,0.0
527875,2075.0,428.0,133.0,0.0
527888,1934.0,428.0,133.0,0.0
527888,1910.0,428.0,133.0,0.0
527889,1944.0,428.0,133.0,0.0
527901,2132.0,428.0,133.0,0.0
527901,2126.0,428.0,133.0,0.0
527902,2113.0,428.0,133.0,0.0
527919,2158.0,428.0,133.0,0.0
527920,2171.0,428.0,133.0,0.0
527920,2159.0,428.0,133.0,0.0
527920,2154.0,428.0,133.0,0.0
527934,1908.0,427.0,133.0,0.0
527934,1935.0,427.0,133.0,0.0
527934,1933.0,427.0,133.0,0.0
527947,1973.0,427.0,133.0,0.0
527947,1968.0,427.0,133.0,0.0
527947,1976.0,427.0,133.0,0.0
527948,1982.0,427.0,133.0,0.0
527964,2021.0,427.0,133.0,0.0
527965,1991.0,427.0,133.0,0.0
527965,1994.0,427.0,133.0,0.0
527965,2000.0,427.0,133.0,0.0
527977,2084.0,427.0,133.0,0.0
527978,2085.0,427.0,133.0,0.0
527978,2087.0,427.0,133.0,0.0
527991,1918.0,427.0,133.0,0.0
527991,1916.0,427.0,133.0,0.0
527991,1913.0,427.0,133.0,0.0
527992,1893.0,427.0,133.0,0.0
528009,1923.0,426.0,133.0,0.0
528009,1911.0,426.0,133.0,0.0
528009,1931.0,426.0,133.0,0.0
528009,1921.0,426.0,133.0,0.0
528022,2049.0,426.0,133.0,0.0
528022,2043.0,426.0,133.0,0.0
528023,2050.0,426.0,133.0,0.0
528040,2140.0,426.0,133.0,0.0
528040,2117.0,426.0,133.0,0.0
528040,2114.0,426.0,133.0,0.0
528040,2104.0,426.0,133.0,0.0
528054,2265.0,425.0,133.0,0.0
528054,2322.0,425.0,133.0,0.0
528055,2385.0,425.0,133.0,0.0
528067,1897.0,425.0,133.0,0.0
528068,1875.0,425.0,133.0,0.0
528068,1863.0,425.0,133.0,0.0
528068,1828.0,425.0,133.0,0.0
528085,2068.0,425.0,133.0,0.0
528085,2056.0,425.0,133.0,0.0
528085,2059.0,425.0,133.0,0.0
528085,2068.0,425.0,133.0,0.0
528098,2123.0,425.0,133.0,0.0
528098,2108.0,425.0,133.0,0.0
528099,2125.0,425.0,133.0,0.0
528111,1913.0,425.0,133.0,0.0
528112,1907.0,425.0,133.0,0.0
528112,1876.0,425.0,133.0,0.0
528128,1919.0,425.0,133.0,0.0
528129,1947.0,425.0,133.0,0.0
528129,1951.0,425.0,133.0,0.0
528129,1950.0,425.0,133.0,0.0
528143,2095.0,425.0,133.0,0.0
528143,2066.0,425.0,133.0,0.0
528143,2071.0,425.0,133.0,0.0
528160,2012.0,425.0,133.0,0.0
528160,2017.0,425.0,133.0,0.0
528160,1991.0,425.0,133.0,0.0
528160,1981.0,425.0,133.0,0.0
528174,2096.0,425.0,133.0,0.0
528175,2143.0,425.0,133.0,0.0
528175,2165.0,425.0,133.0,0.0
528187,1926.0,425.0,133.0,0.0
528188,1894.0,425.0,133.0,0.0
528188,1891.0,425.0,133.0,0.0
528188,1902.0,425.0,133.0,0.0
528205,2109.0,425.0,133.0,0.0
528205,2051.0,425.0,133.0,0.0
528205,2025.0,425.0,133.0,0.0
528206,2012.0,425.0,133.0,0.0
528218,1923.0,425.0,133.0,0.0
528218,1950.0,425.0,133.0,0.0
528219,1939.0,425.0,133.0,0.0
528231,1981.0,425.0,133.0,0.0
528232,1989.0,425.0,133.0,0.0
528232,2001.0,425.0,133.0,0.0
528248,1889.0,425.0,133.0,0.0
528249,1907.0,425.0,133.0,0.0
528249,1888.0,425.0,133.0,0.0
528249,1883.0,425.0,133.0,0.0
528263,2066.0,425.0,133.0,0.0
528263,2069.0,425.0,133.0,0.0
528263,2046.0,425.0,133.0,0.0
528279,2053.0,425.0,133.0,0.0
528280,2047.0,425.0,133.0,0.0
528280,2049.0,425.0,133.0,0.0
528280,2044.0,425.0,133.0,0.0
528294,2065.0,426.0,133.0,0.0
528294,2082.0,426.0,133.0,0.0
528294,2102.0,426.0,133.0,0.0
528307,1943.0,426.0,133.0,0.0
528308,1932.0,426.0,133.0,0.0
528308,1921.0,426.0,133.0,0.0
528308,1906.0,426.0,133.0,0.0
528325,1986.0,426.0,133.0,0.0
528325,1985.0,426.0,133.0,0.0
528326,1990.0,426.0,133.0,0.0
528326,1977.0,426.0,133.0,0.0
528338,2176.0,426.0,133.0,0.0
528339,2163.0,426.0,133.0,0.0
528339,2191.0,426.0,133.0,0.0
528356,2262.0,426.0,133.0,0.0
528356,2278.0,426.0,133.0,0.0
528356,2253.0,426.0,133.0,0.0
528357,2245.0,426.0,133.0,0.0
528369,1873.0,426.0,133.0,0.0
528370,1881.0,426.0,133.0,0.0
528370,1851.0,426.0,133.0,0.0
528383,2026.0,427.0,133.0,0.0
528384,2023.0,427.0,133.0,0.0
528384,2059.0,427.0,133.0,0.0
528384,2076.0,427.0,133.0,0.0
528402,2139.0,427.0,133.0,0.0
528402,2084.0,427.0,133.0,0.0
528402,2075.0,427.0,133.0,0.0
528403,2110.0,427.0,133.0,0.0
528415,2115.0,427.0,133.0,0.0
528416,2115.0,427.0,133.0,0.0
528416,2081.0,427.0,133.0,0.0
528429,1917.0,427.0,133.0,0.0
528429,1951.0,427.0,133.0,0.0
528429,1944.0,427.0,133.0,0.0
528429,1916.0,427.0,133.0,0.0
528446,1970.0,428.0,133.0,0.0
528447,1968.0,428.0,133.0,0.0
528447,1987.0,428.0,133.0,0.0
528447,1995.0,428.0,133.0,0.0
528460,2101.0,428.0,133.0,0.0
528460,2066.0,428.0,133.0,0.0
528460,2081.0,428.0,133.0,0.0
528474,2118.0,428.0,133.0,0.0
528474,2144.0,428.0,133.0,0.0
528475,2142.0,428.0,133.0,0.0
528475,2126.0,428.0,133.0,0.0
528492,1858.0,428.0,133.0,0.0
528492,1902.0,428.0,133.0,0.0
528492,1925.0,428.0,133.0,0.0
528492,1894.0,428.0,133.0,0.0
528505,1985.0,428.0,133.0,0.0
528505,1999.0,428.0,133.0,0.0
528506,2042.0,428.0,133.0,0.0
528522,2093.0,428.0,133.0,0.0
528523,2052.0,428.0,133.0,0.0
528523,2029.0,428.0,133.0,0.0
528523,2042.0,428.0,133.0,0.0
528536,2120.0,429.0,133.0,0.0
528536,2138.0,429.0,133.0,0.0
528536,2114.0,429.0,133.0,0.0
528549,1912.0,429.0,133.0,0.0
528549,1918.0,429.0,133.0,0.0
528550,1935.0,429.0,133.0,0.0
528550,1921.0,429.0,133.0,0.0
528567,1967.0,429.0,133.0,0.0
528567,1950.0,429.0,133.0,0.0
528567,1982.0,429.0,133.0,0.0
528567,2001.0,429.0,133.0,0.0
528580,2117.0,429.0,133.0,0.0
528580,2085.0,429.0,133.0,0.0
528581,2080.0,429.0,133.0,0.0
528594,2007.0,428.0,133.0,0.0
528594,2060.0,428.0,133.0,0.0
528595,2054.0,428.0,133.0,0.0
528595,2034.0,428.0,133.0,0.0
528611,1882.0,428.0,133.0,0.0
528612,1893.0,428.0,133.0,0.0
528612,1934.0,428.0,133.0,0.0
528612,1891.0,428.0,133.0,0.0
528625,1986.0,428.0,133.0,0.0
528625,1983.0,428.0,133.0,0.0
528625,2011.0,428.0,133.0,0.0
528642,2039.0,429.0,133.0,0.0
528643,2010.0,429.0,133.0,0.0
528643,1997.0,429.0,133.0,0.0
528643,2002.0,429.0,133.0,0.0
528656,2300.0,429.0,133.0,0.0
528656,2324.0,429.0,133.0,0.0
528656,2320.0,429.0,133.0,0.0
528669,1858.0,429.0,133.0,0.0
528669,1847.0,429.0,133.0,0.0
528670,1842.0,429.0,133.0,0.0
528670,1832.0,429.0,133.0,0.0
528686,1992.0,429.0,133.0,0.0
528687,1985.0,429.0,133.0,0.0
528687,1985.0,429.0,133.0,0.0
528687,1977.0,429.0,133.0,0.0
528700,2217.0,429.0,133.0,0.0
528700,2195.0,429.0,133.0,0.0
528700,2186.0,429.0,133.0,0.0
528714,1904.0,429.0,133.0,0.0
528714,1918.0,429.0,133.0,0.0
528714,1898.0,429.0,133.0,0.0
528715,1893.0,429.0,133.0,0.0
528731,1954.0,429.0,133.0,0.0
528732,1983.0,429.0,133.0,0.0
528732,1990.0,429.0,133.0,0.0
528732,1978.0,429.0,133.0,0.0
528745,1991.0,429.0,133.0,0.0
528745,1989.0,429.0,133.0,0.0
528745,2003.0,429.0,133.0,0.0
528762,2206.0,429.0,133.0,0.0
528762,2157.0,429.0,133.0,0.0
528763,2153.0,429.0,133.0,0.0
528763,2153.0,429.0,133.0,0.0
528776,2135.0,429.0,133.0,0.0
528776,2166.0,429.0,133.0,0.0
528776,2151.0,429.0,133.0,0.0
528789,1908.0,429.0,133.0,0.0
528789,1907.0,429.0,133.0,0.0
528789,1924.0,429.0,133.0,0.0
528790,1911.0,429.0,133.0,0.0
528806,1981.0,429.0,133.0,0.0
528807,1949.0,429.0,133.0,0.0
528807,1958.0,429.0,133.0,0.0
528807,1957.0,429.0,133.0,0.0
528820,2274.0,429.0,133.0,0.0
528821,2237.0,429.0,133.0,0.0
528821,2245.0,429.0,133.0,0.0
528834,1974.0,430.0,133.0,0.0
528834,1994.0,430.0,133.0,0.0
528834,1969.0,430.0,133.0,0.0
528835,1949.0,430.0,133.0,0.0
528852,1903.0,430.0,133.0,0.0
528852,1957.0,430.0,133.0,0.0
528852,1983.0,430.0,133.0,0.0
528852,1957.0,430.0,133.0,0.0
528865,1985.0,430.0,133.0,0.0
528865,1982.0,430.0,133.0,0.0
528866,2010.0,430.0,133.0,0.0
528883,2157.0,430.0,133.0,0.0
528883,2106.0,430.0,133.0,0.0
528883,2079.0,430.0,133.0,0.0
528884,2084.0,430.0,133.0,0.0
528896,2050.0,430.0,133.0,0.0
528897,2057.0,430.0,133.0,0.0
528897,2024.0,430.0,133.0,0.0
528910,1917.0,430.0,133.0,0.0
528911,1931.0,430.0,133.0,0.0
528911,1957.0,430.0,133.0,0.0
528911,1957.0,430.0,133.0,0.0
528927,1949.0,430.0,133.0,0.0
528927,1909.0,430.0,133.0,0.0
528927,1927.0,430.0,133.0,0.0
528928,1944.0,430.0,133.0,0.0
528941,2078.0,431.0,133.0,0.0
528941,2049.0,431.0,133.0,0.0
528942,2058.0,431.0,133.0,0.0
528957,2031.0,431.0,133.0,0.0
528958,2028.0,431.0,133.0,0.0
528958,2058.0,431.0,133.0,0.0
528958,2051.0,431.0,133.0,0.0
528972,1916.0,431.0,133.0,0.0
528972,1940.0,431.0,133.0,0.0
528972,1975.0,431.0,133.0,0.0
528985,2055.0,431.0,133.0,0.0
528985,2011.0,431.0,133.0,0.0
528985,1990.0,431.0,133.0,0.0
528986,2027.0,431.0,133.0,0.0
529003,2142.0,431.0,133.0,0.0
529004,2111.0,431.0,133.0,0.0
529004,2082.0,431.0,133.0,0.0
529004,2080.0,431.0,133.0,0.0
529017,2192.0,431.0,133.0,0.0
529017,2206.0,431.0,133.0,0.0
529017,2197.0,431.0,133.0,0.0
529031,1873.0,432.0,133.0,0.0
529031,1887.0,432.0,133.0,0.0
529031,1876.0,432.0,133.0,0.0
529031,1865.0,432.0,133.0,0.0
529047,1950.0,432.0,133.0,0.0
529048,1951.0,432.0,133.0,0.0
529048,2014.0,432.0,133.0,0.0
529048,1963.0,432.0,133.0,0.0
529061,2129.0,433.0,133.0,0.0
529062,2110.0,433.0,133.0,0.0
529062,2102.0,433.0,133.0,0.0
529078,2099.0,433.0,133.0,0.0
529078,2108.0,433.0,133.0,0.0
529078,2100.0,433.0,133.0,0.0
529079,2096.0,433.0,133.0,0.0
529092,1899.0,433.0,133.0,0.0
529093,1963.0,433.0,133.0,0.0
529093,1971.0,433.0,133.0,0.0
529105,2025.0,433.0,133.0,0.0
529106,1995.0,433.0,133.0,0.0
529106,2003.0,433.0,133.0,0.0
529106,1997.0,433.0,133.0,0.0
529124,2051.0,434.0,133.0,0.0
529124,2025.0,434.0,133.0,0.0
529124,2014.0,434.0,133.0,0.0
529125,2033.0,434.0,133.0,0.0
529137,2076.0,434.0,133.0,0.0
529138,2070.0,434.0,133.0,0.0
529138,2059.0,434.0,133.0,0.0
529151,1916.0,435.0,133.0,0.0
529152,1924.0,435.0,133.0,0.0
529152,1918.0,435.0,133.0,0.0
529152,2030.0,435.0,133.0,0.0
529168,1941.0,435.0,133.0,0.0
529168,1930.0,435.0,133.0,0.0
529168,1937.0,435.0,133.0,0.0
529168,1933.0,435.0,133.0,0.0
529182,2117.0,435.0,133.0,0.0
529182,2097.0,435.0,133.0,0.0
529183,2107.0,435.0,133.0,0.0
529199,2124.0,436.0,133.0,0.0
529200,2119.0,436.0,133.0,0.0
529200,2101.0,436.0,133.0,0.0
529200,2094.0,436.0,133.0,0.0
529213,1985.0,436.0,133.0,0.0
529213,2014.0,436.0,133.0,0.0
529213,2014.0,436.0,133.0,0.0
529226,1980.0,436.0,133.0,0.0
529226,1953.0,436.0,133.0,0.0
529227,1974.0,436.0,133.0,0.0
529227,1986.0,436.0,133.0,0.0
529245,2031.0,438.0,133.0,0.0
529245,2008.0,438.0,133.0,0.0
529245,1989.0,438.0,133.0,0.0
529246,2007.0,438.0,133.0,0.0
529259,2206.0,438.0,133.0,0.0
529260,2183.0,438.0,133.0,0.0
529260,2172.0,438.0,133.0,0.0
529272,1925.0,439.0,133.0,0.0
529273,1988.0,439.0,133.0,0.0
529273,1999.0,439.0,133.0,0.0
529273,1999.0,439.0,133.0,0.0
529290,1879.0,439.0,133.0,0.0
529290,1876.0,439.0,133.0,0.0
529290,1879.0,439.0,133.0,0.0
529291,1868.0,439.0,133.0,0.0
529303,2047.0,439.0,133.0,0.0
529304,2039.0,439.0,133.0,0.0
529304,2056.0,439.0,133.0,0.0
529316,2165.0,439.0,133.0,0.0
529317,2163.0,439.0,133.0,0.0
529317,2147.0,439.0,133.0,0.0
529333,2021.0,439.0,133.0,0.0
529334,2088.0,439.0,133.0,0.0
529334,2096.0,439.0,133.0,0.0
529334,2090.0,439.0,133.0,0.0
529347,1949.0,439.0,133.0,0.0
529347,1949.0,439.0,133.0,0.0
529347,1935.0,439.0,133.0,0.0
529364,2053.0,440.0,133.0,0.0
529365,2034.0,440.0,133.0,0.0
529365,2019.0,440.0,133.0,0.0
529365,2027.0,440.0,133.0,0.0
529378,2142.0,440.0,133.0,0.0
529379,2138.0,440.0,133.0,0.0
529379,2128.0,440.0,133.0,0.0
529392,1905.0,440.0,133.0,0.0
529392,1904.0,440.0,133.0,0.0
529392,1912.0,440.0,133.0,0.0
529393,1898.0,440.0,133.0,0.0
529409,1947.0,440.0,133.0,0.0
529410,1954.0,440.0,133.0,0.0
529410,1962.0,440.0,133.0,0.0
529410,1968.0,440.0,133.0,0.0
529422,2064.0,441.0,133.0,0.0
529423,2053.0,441.0,133.0,0.0
529423,2061.0,441.0,133.0,0.0
529436,2181.0,441.0,133.0,0.0
529436,2188.0,441.0,133.0,0.0
529436,2180.0,441.0,133.0,0.0
529453,1845.0,441.0,133.0,0.0
529453,1857.0,441.0,133.0,0.0
529453,1844.0,441.0,133.0,0.0
529454,1836.0,441.0,133.0,0.0
529466,2001.0,441.0,133.0,0.0
529466,2008.0,441.0,133.0,0.0
529467,2014.0,441.0,133.0,0.0
529483,2116.0,441.0,133.0,0.0
529484,2079.0,441.0,133.0,0.0
529484,2057.0,441.0,133.0,0.0
529484,2045.0,441.0,133.0,0.0
529497,2091.0,441.0,133.0,0.0
529497,2112.0,441.0,133.0,0.0
529498,2108.0,441.0,133.0,0.0
529511,1929.0,441.0,133.0,0.0
529511,1930.0,441.0,133.0,0.0
529512,1930.0,441.0,133.0,0.0
529512,1926.0,441.0,133.0,0.0
529528,1931.0,441.0,133.0,0.0
529529,1929.0,441.0,133.0,0.0
529529,1932.0,441.0,133.0,0.0
529529,1936.0,441.0,133.0,0.0
529542,2072.0,441.0,133.0,0.0
529542,2055.0,441.0,133.0,0.0
529542,2054.0,441.0,133.0,0.0
529559,2092.0,441.0,133.0,0.0
529559,2093.0,441.0,133.0,0.0
529560,2084.0,441.0,133.0,0.0
529560,2072.0,441.0,133.0,0.0
529572,1990.0,441.0,133.0,0.0
529573,2068.0,441.0,133.0,0.0
529573,2087.0,441.0,133.0,0.0
529586,1999.0,441.0,133.0,0.0
529586,1985.0,441.0,133.0,0.0
529586,1973.0,441.0,133.0,0.0
529604,2113.0,441.0,133.0,0.0
529604,2081.0,441.0,133.0,0.0
529604,2080.0,441.0,133.0,0.0
529605,2071.0,441.0,133.0,0.0
529618,1948.0,441.0,133.0,0.0
529619,1968.0,441.0,133.0,0.0
529619,1964.0,441.0,133.0,0.0
529632,1963.0,441.0,133.0,0.0
529632,1969.0,441.0,133.0,0.0
529632,1980.0,441.0,133.0,0.0
529632,1988.0,441.0,133.0,0.0
529650,1926.0,440.0,133.0,0.0
529650,1891.0,440.0,133.0,0.0
529651,1918.0,440.0,133.0,0.0
529651,1920.0,440.0,133.0,0.0
529664,2022.0,440.0,133.0,0.0
529664,2005.0,440.0,133.0,0.0
529664,2000.0,440.0,133.0,0.0
529678,2173.0,440.0,133.0,0.0
529678,2177.0,440.0,133.0,0.0
529678,2166.0,440.0,133.0,0.0
529679,2176.0,440.0,133.0,0.0
529694,2096.0,440.0,133.0,0.0
529695,2128.0,440.0,133.0,0.0
529695,2139.0,440.0,133.0,0.0
529696,2147.0,440.0,133.0,0.0
529709,1913.0,441.0,133.0,0.0
529710,1906.0,441.0,133.0,0.0
529710,1882.0,441.0,133.0,0.0
529726,1986.0,441.0,133.0,0.0
529726,1991.0,441.0,133.0,0.0
529727,1983.0,441.0,133.0,0.0
529727,2003.0,441.0,133.0,0.0
529740,2039.0,440.0,133.0,0.0
529741,2023.0,440.0,133.0,0.0
529741,2012.0,440.0,133.0,0.0
529754,2048.0,440.0,133.0,0.0
529754,2078.0,440.0,133.0,0.0
529754,2071.0,440.0,133.0,0.0
529755,2059.0,440.0,133.0,0.0
529771,1913.0,440.0,133.0,0.0
529772,1902.0,440.0,133.0,0.0
529772,1807.0,440.0,133.0,0.0
529772,1890.0,440.0,133.0,0.0
529785,1998.0,440.0,133.0,0.0
529785,1993.0,440.0,133.0,0.0
529786,2018.0,440.0,133.0,0.0
529799,2160.0,440.0,133.0,0.0
529800,2132.0,440.0,133.0,0.0
529800,2113.0,440.0,133.0,0.0
529800,2128.0,440.0,133.0,0.0
529816,2065.0,440.0,133.0,0.0
529816,2070.0,440.0,133.0,0.0
529817,2076.0,440.0,133.0,0.0
529817,2048.0,440.0,133.0,0.0
529830,1926.0,440.0,133.0,0.0
529831,1949.0,440.0,133.0,0.0
529831,1945.0,440.0,133.0,0.0
529848,1962.0,440.0,133.0,0.0
529848,1935.0,440.0,133.0,0.0
529848,1951.0,440.0,133.0,0.0
529848,1965.0,440.0,133.0,0.0
529861,2168.0,440.0,133.0,0.0
529861,2130.0,440.0,133.0,0.0
529862,2120.0,440.0,133.0,0.0
529874,1978.0,440.0,133.0,0.0
529875,2003.0,440.0,133.0,0.0
529875,2002.0,440.0,133.0,0.0
529875,1990.0,440.0,133.0,0.0
529892,1917.0,439.0,133.0,0.0
529892,1968.0,439.0,133.0,0.0
529893,1985.0,439.0,133.0,0.0
529893,1977.0,439.0,133.0,0.0
529905,1983.0,439.0,133.0,0.0
529906,2000.0,439.0,133.0,0.0
529906,1992.0,439.0,133.0,0.0
529920,2205.0,438.0,133.0,0.0
529920,2182.0,438.0,133.0,0.0
529920,2160.0,438.0,133.0,0.0
529921,2170.0,438.0,133.0,0.0
529937,2139.0,438.0,133.0,0.0
529938,2152.0,438.0,133.0,0.0
529938,2134.0,438.0,133.0,0.0
529938,2113.0,438.0,133.0,0.0
529951,1922.0,438.0,133.0,0.0
529951,1939.0,438.0,133.0,0.0
529951,1947.0,438.0,133.0,0.0
529968,1887.0,438.0,133.0,0.0
529969,1863.0,438.0,133.0,0.0
529969,1865.0,438.0,133.0,0.0
529969,1890.0,438.0,133.0,0.0
529982,2116.0,438.0,133.0,0.0
529982,2100.0,438.0,133.0,0.0
529982,2094.0,438.0,133.0,0.0
529995,2153.0,438.0,133.0,0.0
529995,2178.0,438.0,133.0,0.0
529996,2188.0,438.0,133.0,0.0
529996,2157.0,438.0,133.0,0.0
530012,1902.0,437.0,133.0,0.0
530013,1948.0,437.0,133.0,0.0
530013,1974.0,437.0,133.0,0.0
530013,1972.0,437.0,133.0,0.0
530027,1972.0,437.0,133.0,0.0
530027,1971.0,437.0,133.0,0.0
530027,1975.0,437.0,133.0,0.0
530043,2005.0,437.0,133.0,0.0
530044,1994.0,437.0,133.0,0.0
530044,1987.0,437.0,133.0,0.0
530044,1997.0,437.0,133.0,0.0
530057,2089.0,438.0,133.0,0.0
530058,2093.0,438.0,133.0,0.0
530058,2074.0,438.0,133.0,0.0
530071,1912.0,438.0,133.0,0.0
530071,1919.0,438.0,133.0,0.0
530072,1918.0,438.0,133.0,0.0
530072,1935.0,438.0,133.0,0.0
530090,1913.0,438.0,133.0,0.0
530090,1905.0,438.0,133.0,0.0
530091,1908.0,438.0,133.0,0.0
530091,1911.0,438.0,133.0,0.0
530103,2086.0,438.0,133.0,0.0
530104,2061.0,438.0,133.0,0.0
530104,2055.0,438.0,133.0,0.0
530117,2088.0,438.0,133.0,0.0
530118,2080.0,438.0,133.0,0.0
530118,2095.0,438.0,133.0,0.0
530118,2092.0,438.0,133.0,0.0
530134,2063.0,438.0,133.0,0.0
530134,2109.0,438.0,133.0,0.0
530135,2124.0,438.0,133.0,0.0
530135,2130.0,438.0,133.0,0.0
530148,1923.0,437.0,133.0,0.0
530149,1919.0,437.0,133.0,0.0
530149,1920.0,437.0,133.0,0.0
530166,2014.0,437.0,133.0,0.0
530166,1987.0,437.0,133.0,0.0
530166,1983.0,437.0,133.0,0.0
530167,1996.0,437.0,133.0,0.0
530179,2155.0,437.0,133.0,0.0
530180,2141.0,437.0,133.0,0.0
530180,2130.0,437.0,133.0,0.0
530193,2027.0,437.0,133.0,0.0
530193,2043.0,437.0,133.0,0.0
530193,2054.0,437.0,133.0,0.0
530194,2055.0,437.0,133.0,0.0
530211,1883.0,438.0,133.0,0.0
530212,1900.0,438.0,133.0,0.0
530212,1895.0,438.0,133.0,0.0
530212,1904.0,438.0,133.0,0.0
530226,2008.0,438.0,133.0,0.0
530226,1993.0,438.0,133.0,0.0
530226,2004.0,438.0,133.0,0.0
530239,2110.0,438.0,133.0,0.0
530239,2093.0,438.0,133.0,0.0
530240,2107.0,438.0,133.0,0.0
530240,2086.0,438.0,133.0,0.0
530257,2125.0,438.0,133.0,0.0
530257,2127.0,438.0,133.0,0.0
530257,2114.0,438.0,133.0,0.0
530258,2104.0,438.0,133.0,0.0
530270,1918.0,437.0,133.0,0.0
530270,1926.0,437.0,133.0,0.0
530271,1909.0,437.0,133.0,0.0
530283,2026.0,437.0,133.0,0.0
530284,2018.0,437.0,133.0,0.0
530284,2032.0,437.0,133.0,0.0
530284,2050.0,437.0,133.0,0.0
530301,2159.0,437.0,133.0,0.0
530301,2136.0,437.0,133.0,0.0
530301,2129.0,437.0,133.0,0.0
530301,2134.0,437.0,133.0,0.0
530314,1983.0,437.0,133.0,0.0
530314,1990.0,437.0,133.0,0.0
530315,1968.0,437.0,133.0,0.0
530331,1938.0,437.0,133.0,0.0
530332,1938.0,437.0,133.0,0.0
530332,1952.0,437.0,133.0,0.0
530332,1984.0,437.0,133.0,0.0
530346,1975.0,436.0,133.0,0.0
530346,1954.0,436.0,133.0,0.0
530346,1976.0,436.0,133.0,0.0
530359,2047.0,436.0,133.0,0.0
530359,2029.0,436.0,133.0,0.0
530360,2024.0,436.0,133.0,0.0
530360,2030.0,436.0,133.0,0.0
530377,1975.0,436.0,133.0,0.0
530377,2002.0,436.0,133.0,0.0
530377,1985.0,436.0,133.0,0.0
530377,1962.0,436.0,133.0,0.0
530390,1948.0,436.0,133.0,0.0
530390,1961.0,436.0,133.0,0.0
530391,1980.0,436.0,133.0,0.0
530403,2056.0,436.0,133.0,0.0
530404,2019.0,436.0,133.0,0.0
530404,2007.0,436.0,133.0,0.0
530404,2028.0,436.0,133.0,0.0
530421,2088.0,436.0,133.0,0.0
530421,2068.0,436.0,133.0,0.0
530421,2040.0,436.0,133.0,0.0
530422,2043.0,436.0,133.0,0.0
530435,2265.0,436.0,133.0,0.0
530436,2297.0,436.0,133.0,0.0
530436,2295.0,436.0,133.0,0.0
530452,1844.0,436.0,133.0,0.0
530452,1873.0,436.0,133.0,0.0
530452,1902.0,436.0,133.0,0.0
530453,1909.0,436.0,133.0,0.0
530466,1988.0,436.0,133.0,0.0
530466,1993.0,436.0,133.0,0.0
530467,1994.0,436.0,133.0,0.0
530479,2161.0,436.0,133.0,0.0
530480,2152.0,436.0,133.0,0.0
530480,2156.0,436.0,133.0,0.0
530480,2149.0,436.0,133.0,0.0
530497,2140.0,435.0,133.0,0.0
530497,2137.0,435.0,133.0,0.0
530497,2126.0,435.0,133.0,0.0
530498,2138.0,435.0,133.0,0.0
530510,1920.0,435.0,133.0,0.0
530510,1934.0,435.0,133.0,0.0
530511,1911.0,435.0,133.0,0.0
530523,2033.0,435.0,133.0,0.0
530524,2024.0,435.0,133.0,0.0
530524,2033.0,435.0,133.0,0.0
530524,2043.0,435.0,133.0,0.0
530541,2124.0,434.0,133.0,0.0
530541,2106.0,434.0,133.0,0.0
530542,2094.0,434.0,133.0,0.0
530542,2097.0,434.0,133.0,0.0
530556,3722.0,434.0,133.0,0.0
530556,3797.0,434.0,133.0,0.0
530556,3865.0,434.0,133.0,0.0
530572,1222.0,434.0,133.0,0.0
530573,1298.0,434.0,133.0,0.0
530573,1198.0,434.0,133.0,0.0
530573,1111.0,434.0,133.0,0.0
530587,2236.0,433.0,133.0,0.0
530587,2349.0,433.0,133.0,0.0
530587,2407.0,433.0,133.0,0.0
530600,1983.0,433.0,133.0,0.0
530600,1859.0,433.0,133.0,0.0
530601,1861.0,433.0,133.0,0.0
530601,1977.0,433.0,133.0,0.0
530617,2271.0,432.0,133.0,0.0
530618,2202.0,432.0,133.0,0.0
530618,2103.0,432.0,133.0,0.0
530618,2096.0,432.0,133.0,0.0
530631,1922.0,432.0,133.0,0.0
530631,1972.0,432.0,133.0,0.0
530632,1914.0,432.0,133.0,0.0
530645,1934.0,431.0,133.0,0.0
530646,1934.0,431.0,133.0,0.0
530646,2032.0,431.0,133.0,0.0
530646,2083.0,431.0,133.0,0.0
530662,2183.0,431.0,133.0,0.0
530662,2069.0,431.0,133.0,0.0
530663,2073.0,431.0,133.0,0.0
530663,2165.0,431.0,133.0,0.0
530676,2123.0,431.0,133.0,0.0
530677,2055.0,431.0,133.0,0.0
530677,1977.0,431.0,133.0,0.0
530694,1917.0,430.0,133.0,0.0
530695,2014.0,430.0,133.0,0.0
530695,2061.0,430.0,133.0,0.0
530695,2018.0,430.0,133.0,0.0
530708,1903.0,430.0,133.0,0.0
530708,1925.0,430.0,133.0,0.0
530708,2010.0,430.0,133.0,0.0
530721,2114.0,430.0,133.0,0.0
530722,2040.0,430.0,133.0,0.0
530722,1974.0,430.0,133.0,0.0
530722,1991.0,430.0,133.0,0.0
530739,1947.0,430.0,133.0,0.0
530739,1990.0,430.0,133.0,0.0
530739,1927.0,430.0,133.0,0.0
530739,1872.0,430.0,133.0,0.0
530752,1997.0,430.0,133.0,0.0
530752,2121.0,430.0,133.0,0.0
530753,2184.0,430.0,133.0,0.0
530766,1986.0,430.0,133.0,0.0
530766,1886.0,430.0,133.0,0.0
530767,1886.0,430.0,133.0,0.0
530767,1946.0,430.0,133.0,0.0
530782,2095.0,429.0,133.0,0.0
530783,2053.0,429.0,133.0,0.0
530783,2014.0,429.0,133.0,0.0
530783,2022.0,429.0,133.0,0.0
530797,2088.0,429.0,133.0,0.0
530797,2110.0,429.0,133.0,0.0
530797,2076.0,429.0,133.0,0.0
530814,2081.0,429.0,133.0,0.0
530815,2117.0,429.0,133.0,0.0
530815,2191.0,429.0,133.0,0.0
530815,2221.0,429.0,133.0,0.0
530828,1950.0,429.0,133.0,0.0
530828,1903.0,429.0,133.0,0.0
530828,1901.0,429.0,133.0,0.0
530841,2017.0,428.0,133.0,0.0
530841,2034.0,428.0,133.0,0.0
530842,2031.0,428.0,133.0,0.0
530842,1999.0,428.0,133.0,0.0
530859,2207.0,428.0,133.0,0.0
530859,2235.0,428.0,133.0,0.0
530859,2256.0,428.0,133.0,0.0
530859,2235.0,428.0,133.0,0.0
530872,1866.0,428.0,133.0,0.0
530872,1913.0,428.0,133.0,0.0
530873,1941.0,428.0,133.0,0.0
530886,2016.0,427.0,133.0,0.0
530887,1992.0,427.0,133.0,0.0
530887,1969.0,427.0,133.0,0.0
530887,1956.0,427.0,133.0,0.0
530903,2044.0,427.0,133.0,0.0
530904,2043.0,427.0,133.0,0.0
530904,2047.0,427.0,133.0,0.0
530904,2033.0,427.0,133.0,0.0
530917,2106.0,427.0,133.0,0.0
530917,2112.0,427.0,133.0,0.0
530917,2123.0,427.0,133.0,0.0
530934,2052.0,427.0,133.0,0.0
530935,2065.0,427.0,133.0,0.0
530935,2061.0,427.0,133.0,0.0
530935,2076.0,427.0,133.0,0.0
530948,1979.0,427.0,133.0,0.0
530948,1918.0,427.0,133.0,0.0
530948,1948.0,427.0,133.0,0.0
530961,2027.0,426.0,133.0,0.0
530961,2026.0,426.0,133.0,0.0
530962,2057.0,426.0,133.0,0.0
530962,2059.0,426.0,133.0,0.0
530979,2376.0,426.0,133.0,0.0
530979,2355.0,426.0,133.0,0.0
530979,2352.0,426.0,133.0,0.0
530979,2372.0,426.0,133.0,0.0
530993,1815.0,426.0,133.0,0.0
530994,1823.0,426.0,133.0,0.0
530994,1802.0,426.0,133.0,0.0
531010,1978.0,426.0,133.0,0.0
531010,1994.0,426.0,133.0,0.0
531011,2013.0,426.0,133.0,0.0
531011,2025.0,426.0,133.0,0.0
531025,1980.0,426.0,133.0,0.0
531025,1962.0,426.0,133.0,0.0
531025,1993.0,426.0,133.0,0.0
531038,2106.0,426.0,133.0,0.0
531038,2096.0,426.0,133.0,0.0
531038,2083.0,426.0,133.0,0.0
531039,2077.0,426.0,133.0,0.0
531056,2244.0,426.0,133.0,0.0
531057,2270.0,426.0,133.0,0.0
531057,2271.0,426.0,133.0,0.0
531057,2247.0,426.0,133.0,0.0
531070,1878.0,426.0,133.0,0.0
531070,1883.0,426.0,133.0,0.0
531070,1891.0,426.0,133.0,0.0
531084,2068.0,427.0,133.0,0.0
531084,2029.0,427.0,133.0,0.0
531084,2045.0,427.0,133.0,0.0
531085,2067.0,427.0,133.0,0.0
531100,2147.0,427.0,133.0,0.0
531101,2140.0,427.0,133.0,0.0
531101,2097.0,427.0,133.0,0.0
531101,2104.0,427.0,133.0,0.0
531114,2230.0,427.0,133.0,0.0
531115,2275.0,427.0,133.0,0.0
531115,2270.0,427.0,133.0,0.0
531128,1894.0,427.0,133.0,0.0
531129,1891.0,427.0,133.0,0.0
531129,1875.0,427.0,133.0,0.0
531129,1858.0,427.0,133.0,0.0
531146,2046.0,427.0,133.0,0.0
531147,1920.0,427.0,133.0,0.0
531147,1885.0,427.0,133.0,0.0
531147,1839.0,427.0,133.0,0.0
531160,1921.0,427.0,133.0,0.0
531160,1966.0,427.0,133.0,0.0
531160,2001.0,427.0,133.0,0.0
531177,2147.0,427.0,133.0,0.0
531178,2151.0,427.0,133.0,0.0
531178,2133.0,427.0,133.0,0.0
531178,2097.0,427.0,133.0,0.0
531191,1856.0,427.0,133.0,0.0
531191,1924.0,427.0,133.0,0.0
531191,1926.0,427.0,133.0,0.0
531205,1988.0,427.0,133.0,0.0
531205,1972.0,427.0,133.0,0.0
531206,1985.0,427.0,133.0,0.0
531206,2012.0,427.0,133.0,0.0
531223,2105.0,427.0,133.0,0.0
531223,2062.0,427.0,133.0,0.0
531223,2039.0,427.0,133.0,0.0
531223,2049.0,427.0,133.0,0.0
531236,2136.0,427.0,133.0,0.0
531236,2146.0,427.0,133.0,0.0
531237,2139.0,427.0,133.0,0.0
531249,1925.0,427.0,133.0,0.0
531250,1903.0,427.0,133.0,0.0
531250,1936.0,427.0,133.0,0.0
531250,1925.0,427.0,133.0,0.0
531267,1996.0,427.0,133.0,0.0
531267,1973.0,427.0,133.0,0.0
531267,1993.0,427.0,133.0,0.0
531267,2000.0,427.0,133.0,0.0
531280,2246.0,427.0,133.0,0.0
531281,2175.0,427.0,133.0,0.0
531281,2187.0,427.0,133.0,0.0
531298,2204.0,428.0,133.0,0.0
531298,2205.0,428.0,133.0,0.0
531299,2177.0,428.0,133.0,0.0
531299,2183.0,428.0,133.0,0.0
531312,1871.0,428.0,133.0,0.0
531313,1913.0,428.0,133.0,0.0
531313,1912.0,428.0,133.0,0.0
531325,1983.0,428.0,133.0,0.0
531326,1981.0,428.0,133.0,0.0
531326,1998.0,428.0,133.0,0.0
531326,2007.0,428.0,133.0,0.0
531343,2099.0,428.0,133.0,0.0
531343,2055.0,428.0,133.0,0.0
531344,2033.0,428.0,133.0,0.0
531344,2051.0,428.0,133.0,0.0
531356,2022.0,428.0,133.0,0.0
531357,2020.0,428.0,133.0,0.0
531357,1996.0,428.0,133.0,0.0
531369,1949.0,428.0,133.0,0.0
531370,1970.0,428.0,133.0,0.0
531370,1988.0,428.0,133.0,0.0
531387,1972.0,428.0,133.0,0.0
531387,1934.0,428.0,133.0,0.0
531387,1902.0,428.0,133.0,0.0
531387,1913.0,428.0,133.0,0.0
531400,2067.0,428.0,133.0,0.0
531400,2061.0,428.0,133.0,0.0
531401,2044.0,428.0,133.0,0.0
531418,1995.0,428.0,133.0,0.0
531418,2012.0,428.0,133.0,0.0
531418,2026.0,428.0,133.0,0.0
531418,2030.0,428.0,133.0,0.0
531432,1929.0,428.0,133.0,0.0
531432,1962.0,428.0,133.0,0.0
531433,1987.0,428.0,133.0,0.0
531445,2020.0,428.0,133.0,0.0
531446,2000.0,428.0,133.0,0.0
531446,2000.0,428.0,133.0,0.0
531446,1977.0,428.0,133.0,0.0
531463,2065.0,428.0,133.0,0.0
531463,2067.0,428.0,133.0,0.0
531463,2054.0,428.0,133.0,0.0
531463,2044.0,428.0,133.0,0.0
531476,2168.0,428.0,133.0,0.0
531476,2165.0,428.0,133.0,0.0
531477,2176.0,428.0,133.0,0.0
531489,1917.0,428.0,133.0,0.0
531490,1918.0,428.0,133.0,0.0
531490,1913.0,428.0,133.0,0.0
531507,1993.0,429.0,133.0,0.0
531507,2008.0,429.0,133.0,0.0
531507,1995.0,429.0,133.0,0.0
531507,1997.0,429.0,133.0,0.0
531521,2015.0,429.0,133.0,0.0
531521,2009.0,429.0,133.0,0.0
531522,2026.0,429.0,133.0,0.0
531538,2121.0,429.0,133.0,0.0
531538,2140.0,429.0,133.0,0.0
531538,2117.0,429.0,133.0,0.0
531539,2115.0,429.0,133.0,0.0
531552,1908.0,429.0,133.0,0.0
531553,1906.0,429.0,133.0,0.0
531553,1888.0,429.0,133.0,0.0
531565,1996.0,429.0,133.0,0.0
531566,1994.0,429.0,133.0,0.0
531566,2016.0,429.0,133.0,0.0
531566,2018.0,429.0,133.0,0.0
531583,2136.0,429.0,133.0,0.0
531583,2089.0,429.0,133.0,0.0
531583,2080.0,429.0,133.0,0.0
531584,2081.0,429.0,133.0,0.0
531596,2092.0,429.0,133.0,0.0
531597,2094.0,429.0,133.0,0.0
531597,2101.0,429.0,133.0,0.0
531613,2012.0,430.0,133.0,0.0
531614,2073.0,430.0,133.0,0.0
531614,2081.0,430.0,133.0,0.0
531614,2086.0,430.0,133.0,0.0
531627,1963.0,430.0,133.0,0.0
531627,1955.0,430.0,133.0,0.0
531627,1972.0,430.0,133.0,0.0
531641,2241.0,430.0,133.0,0.0
531641,2205.0,430.0,133.0,0.0
531642,2183.0,430.0,133.0,0.0
531642,2199.0,430.0,133.0,0.0
531659,2052.0,430.0,133.0,0.0
531659,2047.0,430.0,133.0,0.0
531659,2027.0,430.0,133.0,0.0
531660,2031.0,430.0,133.0,0.0
531673,1978.0,430.0,133.0,0.0
531673,2024.0,430.0,133.0,0.0
531674,2012.0,430.0,133.0,0.0
531686,1984.0,430.0,133.0,0.0
531687,1946.0,430.0,133.0,0.0
531687,1975.0,430.0,133.0,0.0
531687,1992.0,430.0,133.0,0.0
531704,2061.0,430.0,133.0,0.0
531704,2038.0,430.0,133.0,0.0
531705,2010.0,430.0,133.0,0.0
531705,2032.0,430.0,133.0,0.0
531717,2237.0,430.0,133.0,0.0
531718,2219.0,430.0,133.0,0.0
531718,2216.0,430.0,133.0,0.0
531735,2056.0,431.0,133.0,0.0
531735,2099.0,431.0,133.0,0.0
531735,2094.0,431.0,133.0,0.0
531735,2100.0,431.0,133.0,0.0
531748,1947.0,431.0,133.0,0.0
531748,1946.0,431.0,133.0,0.0
531749,1950.0,431.0,133.0,0.0
531762,2153.0,431.0,133.0,0.0
531763,2103.0,431.0,133.0,0.0
531763,2107.0,431.0,133.0,0.0
531763,2111.0,431.0,133.0,0.0
531781,2049.0,431.0,133.0,0.0
531781,2028.0,431.0,133.0,0.0
531781,2017.0,431.0,133.0,0.0
531781,2019.0,431.0,133.0,0.0
531794,2074.0,432.0,133.0,0.0
531794,2108.0,432.0,133.0,0.0
531795,2102.0,432.0,133.0,0.0
531807,1966.0,432.0,133.0,0.0
531808,1954.0,432.0,133.0,0.0
531808,1937.0,432.0,133.0,0.0
531808,1950.0,432.0,133.0,0.0
531825,2027.0,432.0,133.0,0.0
531825,2020.0,432.0,133.0,0.0
531825,2007.0,432.0,133.0,0.0
531825,2018.0,432.0,133.0,0.0
531838,2185.0,432.0,133.0,0.0
531838,2181.0,432.0,133.0,0.0
531839,2179.0,432.0,133.0,0.0
531852,1905.0,432.0,133.0,0.0
531853,1930.0,432.0,133.0,0.0
531853,1913.0,432.0,133.0,0.0
531853,1901.0,432.0,133.0,0.0
531869,1958.0,433.0,133.0,0.0
531869,1947.0,433.0,133.0,0.0
531869,1981.0,433.0,133.0,0.0
531869,1947.0,433.0,133.0,0.0
531883,2114.0,433.0,133.0,0.0
531883,2090.0,433.0,133.0,0.0
531883,2109.0,433.0,133.0,0.0
531900,2205.0,433.0,133.0,0.0
531901,2172.0,433.0,133.0,0.0
531901,2152.0,433.0,133.0,0.0
531901,2152.0,433.0,133.0,0.0
531914,2034.0,433.0,133.0,0.0
531914,2085.0,433.0,133.0,0.0
531914,2088.0,433.0,133.0,0.0
531927,1966.0,433.0,133.0,0.0
531927,1947.0,433.0,133.0,0.0
531927,1971.0,433.0,133.0,0.0
531928,2020.0,433.0,133.0,0.0
531944,2093.0,433.0,133.0,0.0
531945,2050.0,433.0,133.0,0.0
531945,2047.0,433.0,133.0,0.0
531945,2072.0,433.0,133.0,0.0
531958,2211.0,433.0,133.0,0.0
531958,2186.0,433.0,133.0,0.0
531958,2176.0,433.0,133.0,0.0
531972,1912.0,434.0,133.0,0.0
531972,1978.0,434.0,133.0,0.0
531972,1972.0,434.0,133.0,0.0
531973,1964.0,434.0,133.0,0.0
531989,1889.0,434.0,133.0,0.0
531990,1906.0,434.0,133.0,0.0
531990,1916.0,434.0,133.0,0.0
531990,1912.0,434.0,133.0,0.0
532003,2122.0,434.0,133.0,0.0
532003,2094.0,434.0,133.0,0.0
532003,2126.0,434.0,133.0,0.0
532020,2126.0,435.0,133.0,0.0
532020,2108.0,435.0,133.0,0.0
532021,2079.0,435.0,133.0,0.0
532021,2063.0,435.0,133.0,0.0
532033,2131.0,435.0,133.0,0.0
532034,2213.0,435.0,133.0,0.0
532034,2205.0,435.0,133.0,0.0
532047,1950.0,435.0,133.0,0.0
532047,1924.0,435.0,133.0,0.0
532047,1930.0,435.0,133.0,0.0
532048,1935.0,435.0,133.0,0.0
532064,2097.0,435.0,133.0,0.0
532065,2067.0,435.0,133.0,0.0
532065,2071.0,435.0,133.0,0.0
532065,2066.0,435.0,133.0,0.0
532078,2065.0,435.0,133.0,0.0
532078,2072.0,435.0,133.0,0.0
532078,2055.0,435.0,133.0,0.0
532092,1924.0,435.0,133.0,0.0
532092,1957.0,435.0,133.0,0.0
532093,1975.0,435.0,133.0,0.0
532093,1962.0,435.0,133.0,0.0
532109,1940.0,436.0,133.0,0.0
532110,1935.0,436.0,133.0,0.0
532110,1952.0,436.0,133.0,0.0
532110,1954.0,436.0,133.0,0.0
532123,2028.0,436.0,133.0,0.0
532123,2014.0,436.0,133.0,0.0
532123,2019.0,436.0,133.0,0.0
532140,2193.0,437.0,133.0,0.0
532141,2176.0,437.0,133.0,0.0
532141,2155.0,437.0,133.0,0.0
532141,2142.0,437.0,133.0,0.0
532154,2120.0,437.0,133.0,0.0
532154,2193.0,437.0,133.0,0.0
532154,2214.0,437.0,133.0,0.0
532167,1965.0,437.0,133.0,0.0
532167,1935.0,437.0,133.0,0.0
532167,1930.0,437.0,133.0,0.0
532168,1921.0,437.0,133.0,0.0
532184,2084.0,438.0,133.0,0.0
532185,2067.0,438.0,133.0,0.0
532185,2065.0,438.0,133.0,0.0
532185,2066.0,438.0,133.0,0.0
532198,2151.0,438.0,133.0,0.0
532199,2111.0,438.0,133.0,0.0
532199,2129.0,438.0,133.0,0.0
532212,1933.0,438.0,133.0,0.0
532212,1946.0,438.0,133.0,0.0
532212,1979.0,438.0,133.0,0.0
532212,1933.0,438.0,133.0,0.0
532229,1949.0,439.0,133.0,0.0
532229,1960.0,439.0,133.0,0.0
532230,1969.0,439.0,133.0,0.0
532230,1940.0,439.0,133.0,0.0
532242,2071.0,439.0,133.0,0.0
532243,2062.0,439.0,133.0,0.0
532243,2070.0,439.0,133.0,0.0
532260,2161.0,439.0,133.0,0.0
532260,2137.0,439.0,133.0,0.0
532261,2121.0,439.0,133.0,0.0
532261,2121.0,439.0,133.0,0.0
532273,2016.0,439.0,133.0,0.0
532274,2068.0,439.0,133.0,0.0
532274,2088.0,439.0,133.0,0.0
532286,1974.0,439.0,133.0,0.0
532287,1967.0,439.0,133.0,0.0
532287,1978.0,439.0,133.0,0.0
532304,2030.0,440.0,133.0,0.0
532304,2021.0,440.0,133.0,0.0
532304,2010.0,440.0,133.0,0.0
532304,2010.0,440.0,133.0,0.0
532317,2143.0,440.0,133.0,0.0
532317,2151.0,440.0,133.0,0.0
532318,2147.0,440.0,133.0,0.0
532331,1900.0,439.0,133.0,0.0
532331,1906.0,439.0,133.0,0.0
532332,1912.0,439.0,133.0,0.0
532332,1908.0,439.0,133.0,0.0
532348,1921.0,439.0,133.0,0.0
532349,1920.0,439.0,133.0,0.0
532349,1921.0,439.0,133.0,0.0
532349,1918.0,439.0,133.0,0.0
532362,2078.0,439.0,133.0,0.0
532362,2068.0,439.0,133.0,0.0
532362,2072.0,439.0,133.0,0.0
532379,2088.0,439.0,133.0,0.0
532380,2079.0,439.0,133.0,0.0
532380,2071.0,439.0,133.0,0.0
532380,2059.0,439.0,133.0,0.0
532393,1986.0,439.0,133.0,0.0
532393,2023.0,439.0,133.0,0.0
532393,2040.0,439.0,133.0,0.0
532406,1993.0,439.0,133.0,0.0
532406,1973.0,439.0,133.0,0.0
532406,1976.0,439.0,133.0,0.0
532423,2084.0,439.0,133.0,0.0
532423,2064.0,439.0,133.0,0.0
532424,2067.0,439.0,133.0,0.0
532424,2056.0,439.0,133.0,0.0
532436,2227.0,439.0,133.0,0.0
532437,2245.0,439.0,133.0,0.0
532437,2251.0,439.0,133.0,0.0
532451,1882.0,438.0,133.0,0.0
532451,1874.0,438.0,133.0,0.0
532451,1881.0,438.0,133.0,0.0
532451,1855.0,438.0,133.0,0.0
532468,1981.0,438.0,133.0,0.0
532469,1977.0,438.0,133.0,0.0
532469,1983.0,438.0,133.0,0.0
532469,1971.0,438.0,133.0,0.0
532483,2048.0,438.0,133.0,0.0
532483,2041.0,438.0,133.0,0.0
532484,2058.0,438.0,133.0,0.0
532501,2154.0,438.0,133.0,0.0
532501,2138.0,438.0,133.0,0.0
532501,2127.0,438.0,133.0,0.0
532501,2130.0,438.0,133.0,0.0
532514,2031.0,438.0,133.0,0.0
532514,2065.0,438.0,133.0,0.0
532515,2058.0,438.0,133.0,0.0
532528,1950.0,438.0,133.0,0.0
532529,1924.0,438.0,133.0,0.0
532529,1806.0,438.0,133.0,0.0
532529,1934.0,438.0,133.0,0.0
532545,1994.0,437.0,133.0,0.0
532546,1981.0,437.0,133.0,0.0
532546,1995.0,437.0,133.0,0.0
532546,1991.0,437.0,133.0,0.0
532560,2258.0,437.0,133.0,0.0
532560,2231.0,437.0,133.0,0.0
532560,2233.0,437.0,133.0,0.0
532577,1970.0,437.0,133.0,0.0
532578,1984.0,437.0,133.0,0.0
532578,1970.0,437.0,133.0,0.0
532578,1936.0,437.0,133.0,0.0
532591,1958.0,437.0,133.0,0.0
532591,1991.0,437.0,133.0,0.0
532591,2002.0,437.0,133.0,0.0
532604,1963.0,437.0,133.0,0.0
532604,1954.0,437.0,133.0,0.0
532605,1961.0,437.0,133.0,0.0
532605,1987.0,437.0,133.0,0.0
532623,2093.0,437.0,133.0,0.0
532623,2063.0,437.0,133.0,0.0
532623,2041.0,437.0,133.0,0.0
532624,2032.0,437.0,133.0,0.0
532637,3161.0,437.0,133.0,0.0
532638,3181.0,437.0,133.0,0.0
532638,3212.0,437.0,133.0,0.0
532651,1509.0,437.0,133.0,0.0
532651,1511.0,437.0,133.0,0.0
532651,1439.0,437.0,133.0,0.0
532651,1361.0,437.0,133.0,0.0
532668,2024.0,437.0,133.0,0.0
532669,2068.0,437.0,133.0,0.0
532669,2096.0,437.0,133.0,0.0
532669,2039.0,437.0,133.0,0.0
532682,1968.0,437.0,133.0,0.0
532682,1976.0,437.0,133.0,0.0
532682,2045.0,437.0,133.0,0.0
532695,2065.0,437.0,133.0,0.0
532695,2043.0,437.0,133.0,0.0
532695,1985.0,437.0,133.0,0.0
532712,1878.0,437.0,133.0,0.0
532713,2011.0,437.0,133.0,0.0
532713,2022.0,437.0,133.0,0.0
532713,2036.0,437.0,133.0,0.0
532726,1981.0,437.0,133.0,0.0
532726,1965.0,437.0,133.0,0.0
532726,2013.0,437.0,133.0,0.0
532743,2085.0,436.0,133.0,0.0
532744,2047.0,436.0,133.0,0.0
532744,2001.0,436.0,133.0,0.0
532744,2013.0,436.0,133.0,0.0
532758,2310.0,436.0,133.0,0.0
532758,2324.0,436.0,133.0,0.0
532758,2285.0,436.0,133.0,0.0
532771,1857.0,436.0,133.0,0.0
532772,2155.0,436.0,133.0,0.0
532772,2447.0,436.0,133.0,0.0
532772,2686.0,436.0,133.0,0.0
532789,1324.0,436.0,133.0,0.0
532790,1249.0,436.0,133.0,0.0
532790,1190.0,436.0,133.0,0.0
532790,1131.0,436.0,133.0,0.0
532803,2226.0,436.0,133.0,0.0
532803,2283.0,436.0,133.0,0.0
532803,2352.0,436.0,133.0,0.0
532820,2052.0,436.0,133.0,0.0
532820,2002.0,436.0,133.0,0.0
532821,1954.0,436.0,133.0,0.0
532821,1972.0,436.0,133.0,0.0
532833,2117.0,436.0,133.0,0.0
532834,2194.0,436.0,133.0,0.0
532834,2169.0,436.0,133.0,0.0
532848,1894.0,436.0,133.0,0.0
532848,1884.0,436.0,133.0,0.0
532848,1920.0,436.0,133.0,0.0
532848,1810.0,436.0,133.0,0.0
532866,2015.0,436.0,133.0,0.0
532867,1976.0,436.0,133.0,0.0
532867,1971.0,436.0,133.0,0.0
532867,2012.0,436.0,133.0,0.0
532880,2173.0,436.0,133.0,0.0
532880,2138.0,436.0,133.0,0.0
532880,2123.0,436.0,133.0,0.0
532893,1892.0,436.0,133.0,0.0
532893,1924.0,436.0,133.0,0.0
532893,1925.0,436.0,133.0,0.0
532894,1894.0,436.0,133.0,0.0
532910,1956.0,436.0,133.0,0.0
532911,1978.0,436.0,133.0,0.0
532911,2012.0,436.0,133.0,0.0
532911,1990.0,436.0,133.0,0.0
532924,2057.0,436.0,133.0,0.0
532924,2002.0,436.0,133.0,0.0
532924,2042.0,436.0,133.0,0.0
532938,2084.0,436.0,133.0,0.0
532938,2080.0,436.0,133.0,0.0
532939,2044.0,436.0,133.0,0.0
532939,2042.0,436.0,133.0,0.0
532955,2120.0,436.0,133.0,0.0
532955,2190.0,436.0,133.0,0.0
532955,2185.0,436.0,133.0,0.0
532956,2157.0,436.0,133.0,0.0
532969,1875.0,436.0,133.0,0.0
532969,1909.0,436.0,133.0,0.0
532970,1924.0,436.0,133.0,0.0
532987,2007.0,436.0,133.0,0.0
532987,1958.0,436.0,133.0,0.0
532987,1973.0,436.0,133.0,0.0
532987,1989.0,436.0,133.0,0.0
533000,2088.0,436.0,133.0,0.0
533000,2061.0,436.0,133.0,0.0
533001,2042.0,436.0,133.0,0.0
533013,2117.0,436.0,133.0,0.0
533014,2191.0,436.0,133.0,0.0
533014,2231.0,436.0,133.0,0.0
533014,2237.0,436.0,133.0,0.0
533031,1792.0,435.0,133.0,0.0
533031,1831.0,435.0,133.0,0.0
533031,1819.0,435.0,133.0,0.0
533032,1824.0,435.0,133.0,0.0
533044,2061.0,435.0,133.0,0.0
533045,2048.0,435.0,133.0,0.0
533045,2060.0,435.0,133.0,0.0
533062,2150.0,435.0,133.0,0.0
533062,2124.0,435.0,133.0,0.0
533062,2106.0,435.0,133.0,0.0
533063,2098.0,435.0,133.0,0.0
533076,2552.0,435.0,133.0,0.0
533077,2608.0,435.0,133.0,0.0
533077,2631.0,435.0,133.0,0.0
533078,2635.0,435.0,133.0,0.0
533090,1740.0,435.0,133.0,0.0
533091,1736.0,435.0,133.0,0.0
533091,1715.0,435.0,133.0,0.0
533108,1981.0,435.0,133.0,0.0
533108,1960.0,435.0,133.0,0.0
533108,2010.0,435.0,133.0,0.0
533109,2011.0,435.0,133.0,0.0
533121,1999.0,435.0,133.0,0.0
533122,1983.0,435.0,133.0,0.0
533122,1994.0,435.0,133.0,0.0
533135,2152.0,435.0,133.0,0.0
533136,2173.0,435.0,133.0,0.0
533136,2158.0,435.0,133.0,0.0
533136,2143.0,435.0,133.0,0.0
533152,1869.0,434.0,133.0,0.0
533152,1937.0,434.0,133.0,0.0
533152,1942.0,434.0,133.0,0.0
533153,1925.0,434.0,133.0,0.0
533166,1976.0,434.0,133.0,0.0
533167,1968.0,434.0,133.0,0.0
533167,2008.0,434.0,133.0,0.0
533183,2025.0,434.0,133.0,0.0
533183,1998.0,434.0,133.0,0.0
533183,1980.0,434.0,133.0,0.0
533183,1985.0,434.0,133.0,0.0
533197,1994.0,434.0,133.0,0.0
533197,1990.0,434.0,133.0,0.0
533198,1969.0,434.0,133.0,0.0
533210,1948.0,434.0,133.0,0.0
533211,1964.0,434.0,133.0,0.0
533211,1994.0,434.0,133.0,0.0
533211,2019.0,434.0,133.0,0.0
533229,1914.0,433.0,133.0,0.0
533230,1899.0,433.0,133.0,0.0
533230,1917.0,433.0,133.0,0.0
533230,1926.0,433.0,133.0,0.0
533243,2022.0,433.0,133.0,0.0
533243,2019.0,433.0,133.0,0.0
533243,1992.0,433.0,133.0,0.0
533257,2088.0,433.0,133.0,0.0
533257,2121.0,433.0,133.0,0.0
533258,2117.0,433.0,133.0,0.0
533258,2104.0,433.0,133.0,0.0
533274,2175.0,433.0,133.0,0.0
533274,2231.0,433.0,133.0,0.0
533274,2274.0,433.0,133.0,0.0
533274,2300.0,433.0,133.0,0.0
533288,1874.0,433.0,133.0,0.0
533288,1861.0,433.0,133.0,0.0
533289,1839.0,433.0,133.0,0.0
533305,2030.0,432.0,133.0,0.0
533306,2022.0,432.0,133.0,0.0
533306,2033.0,432.0,133.0,0.0
533306,2009.0,432.0,133.0,0.0
533319,2460.0,432.0,133.0,0.0
533319,2431.0,432.0,133.0,0.0
533319,2440.0,432.0,133.0,0.0
533332,1865.0,432.0,133.0,0.0
533332,1927.0,432.0,133.0,0.0
533333,1910.0,432.0,133.0,0.0
533333,1910.0,432.0,133.0,0.0
533350,1854.0,432.0,133.0,0.0
533351,1893.0,432.0,133.0,0.0
533351,1890.0,432.0,133.0,0.0
533351,1854.0,432.0,133.0,0.0
533365,2000.0,432.0,133.0,0.0
533365,2007.0,432.0,133.0,0.0
533366,2053.0,432.0,133.0,0.0
533378,2462.0,431.0,133.0,0.0
533379,2422.0,431.0,133.0,0.0
533379,2402.0,431.0,133.0,0.0
533379,2435.0,431.0,133.0,0.0
533396,3473.0,431.0,133.0,0.0
533397,3534.0,431.0,133.0,0.0
533397,3521.0,431.0,133.0,0.0
533397,3548.0,431.0,133.0,0.0
533410,1345.0,431.0,133.0,0.0
533410,1366.0,431.0,133.0,0.0
533410,1256.0,431.0,133.0,0.0
533427,2152.0,430.0,133.0,0.0
533427,2167.0,430.0,133.0,0.0
533428,2289.0,430.0,133.0,0.0
533428,2331.0,430.0,133.0,0.0
533440,2034.0,430.0,133.0,0.0
533441,1916.0,430.0,133.0,0.0
533441,1939.0,430.0,133.0,0.0
533454,2133.0,429.0,133.0,0.0
533455,2206.0,429.0,133.0,0.0
533455,2129.0,429.0,133.0,0.0
533455,2046.0,429.0,133.0,0.0
533472,1860.0,429.0,133.0,0.0
533473,1991.0,429.0,133.0,0.0
533473,2008.0,429.0,133.0,0.0
533473,1974.0,429.0,133.0,0.0
533486,1905.0,429.0,133.0,0.0
533487,1926.0,429.0,133.0,0.0
533487,2011.0,429.0,133.0,0.0
533500,2119.0,428.0,133.0,0.0
533500,2037.0,428.0,133.0,0.0
533500,1966.0,428.0,133.0,0.0
533501,1996.0,428.0,133.0,0.0
533518,2107.0,428.0,133.0,0.0
533518,2126.0,428.0,133.0,0.0
533518,2069.0,428.0,133.0,0.0
533518,2008.0,428.0,133.0,0.0
533531,1905.0,428.0,133.0,0.0
533531,1974.0,428.0,133.0,0.0
533532,1972.0,428.0,133.0,0.0
533545,1990.0,428.0,133.0,0.0
533546,1926.0,428.0,133.0,0.0
533546,1953.0,428.0,133.0,0.0
533546,2014.0,428.0,133.0,0.0
533562,2028.0,428.0,133.0,0.0
533562,1962.0,428.0,133.0,0.0
533562,1917.0,428.0,133.0,0.0
533563,1946.0,428.0,133.0,0.0
533576,1874.0,427.0,133.0,0.0
533577,1895.0,427.0,133.0,0.0
533577,1844.0,427.0,133.0,0.0
533594,2043.0,427.0,133.0,0.0
533594,2063.0,427.0,133.0,0.0
533594,2152.0,427.0,133.0,0.0
533595,2186.0,427.0,133.0,0.0
533607,1931.0,426.0,133.0,0.0
533608,1870.0,426.0,133.0,0.0
533608,1879.0,426.0,133.0,0.0
533620,2032.0,426.0,133.0,0.0
533621,2064.0,426.0,133.0,0.0
533621,2026.0,426.0,133.0,0.0
533638,2207.0,426.0,133.0,0.0
533638,2196.0,426.0,133.0,0.0
533638,2260.0,426.0,133.0,0.0
533638,2289.0,426.0,133.0,0.0
533651,1881.0,426.0,133.0,0.0
533651,1851.0,426.0,133.0,0.0
533652,1851.0,426.0,133.0,0.0
533665,2001.0,426.0,133.0,0.0
533666,2038.0,426.0,133.0,0.0
533666,2014.0,426.0,133.0,0.0
533666,1956.0,426.0,133.0,0.0
533682,1997.0,425.0,133.0,0.0
533683,2026.0,425.0,133.0,0.0
533683,2061.0,425.0,133.0,0.0
533683,2026.0,425.0,133.0,0.0
533697,3278.0,425.0,56.6,0.0
533697,3271.0,425.0,56.6,0.0
533697,3325.0,425.0,56.6,0.0
533714,1659.0,424.0,56.6,0.0
533715,1697.0,424.0,56.6,0.0
533715,1596.0,424.0,56.6,0.0
533715,1510.0,424.0,56.6,0.0
533728,2130.0,424.0,56.6,0.0
533728,2225.0,424.0,56.6,0.0
533728,2214.0,424.0,56.6,0.0
533741,2090.0,424.0,56.6,0.0
533741,2005.0,424.0,56.6,0.0
533742,2051.0,424.0,56.6,0.0
533742,2149.0,424.0,56.6,0.0
533759,2148.0,424.0,56.6,0.0
533759,2073.0,424.0,56.6,0.0
533759,2005.0,424.0,56.6,0.0
533759,2042.0,424.0,56.6,0.0
533772,2018.0,424.0,56.6,0.0
533772,2073.0,424.0,56.6,0.0
533773,1999.0,424.0,56.6,0.0
533786,1901.0,424.0,56.6,0.0
533786,1932.0,424.0,56.6,0.0
533787,2015.0,424.0,56.6,0.0
533787,2007.0,424.0,56.6,0.0
533803,2154.0,423.0,56.6,0.0
533804,2073.0,423.0,56.6,0.0
533804,2103.0,423.0,56.6,0.0
533804,2182.0,423.0,56.6,0.0
533817,1853.0,423.0,56.6,0.0
533817,1798.0,423.0,56.6,0.0
533818,1735.0,423.0,56.6,0.0
533835,2080.0,423.0,56.6,0.0
533835,2168.0,423.0,56.6,0.0
533836,2197.0,423.0,56.6,0.0
533836,2142.0,423.0,56.6,0.0
533849,1871.0,423.0,56.6,0.0
533849,1883.0,423.0,56.6,0.0
533849,1941.0,423.0,56.6,0.0
533863,2150.0,423.0,56.6,0.0
533863,2072.0,423.0,56.6,0.0
533864,2017.0,423.0,56.6,0.0
533864,2040.0,423.0,56.6,0.0
533880,2066.0,423.0,56.6,0.0
533880,2079.0,423.0,56.6,0.0
533880,2023.0,423.0,56.6,0.0
533881,1990.0,423.0,56.6,0.0
533894,2317.0,424.0,56.6,0.0
533894,2416.0,424.0,56.6,0.0
533895,2446.0,424.0,56.6,0.0
533911,1756.0,424.0,56.6,0.0
533911,1737.0,424.0,56.6,0.0
533911,1742.0,424.0,56.6,0.0
533911,1732.0,424.0,56.6,0.0
533925,2072.0,424.0,56.6,0.0
533925,2059.0,424.0,56.6,0.0
533925,2036.0,424.0,56.6,0.0
533938,2111.0,424.0,56.6,0.0
533938,2143.0,424.0,56.6,0.0
533939,2140.0,424.0,56.6,0.0
533939,2128.0,424.0,56.6,0.0
533957,2141.0,424.0,56.6,0.0
533957,2150.0,424.0,56.6,0.0
533957,2169.0,424.0,56.6,0.0
533957,2162.0,424.0,56.6,0.0
533970,1909.0,424.0,56.6,0.0
533970,1890.0,424.0,56.6,0.0
533971,1885.0,424.0,56.6,0.0
533984,2051.0,424.0,56.6,0.0
533985,2044.0,424.0,56.6,0.0
533985,2040.0,424.0,56.6,0.0
533985,2028.0,424.0,56.6,0.0
534002,2155.0,424.0,56.6,0.0
534003,2123.0,424.0,56.6,0.0
534003,2136.0,424.0,56.6,0.0
534003,2130.0,424.0,56.6,0.0
534016,2136.0,424.0,56.6,0.0
534016,2137.0,424.0,56.6,0.0
534016,2155.0,424.0,56.6,0.0
534033,2015.0,424.0,56.6,0.0
534033,2068.0,424.0,56.6,0.0
534034,2100.0,424.0,56.6,0.0
534034,2085.0,424.0,56.6,0.0
534046,1964.0,424.0,56.6,0.0
534047,1958.0,424.0,56.6,0.0
534047,1960.0,424.0,56.6,0.0
534060,2131.0,425.0,56.6,0.0
534060,2112.0,425.0,56.6,0.0
534060,2111.0,425.0,56.6,0.0
534061,2147.0,425.0,56.6,0.0
534078,2206.0,425.0,56.6,0.0
534079,2205.0,425.0,56.6,0.0
534079,2215.0,425.0,56.6,0.0
534079,2224.0,425.0,56.6,0.0
534093,1978.0,425.0,56.6,0.0
534093,2021.0,425.0,56.6,0.0
534093,2002.0,425.0,56.6,0.0
534106,1996.0,425.0,56.6,0.0
534106,1972.0,425.0,56.6,0.0
534107,1994.0,425.0,56.6,0.0
534107,1994.0,425.0,56.6,0.0
534124,2053.0,425.0,56.6,0.0
534124,2015.0,425.0,56.6,0.0
534124,2023.0,425.0,56.6,0.0
534125,2052.0,425.0,56.6,0.0
534137,2181.0,425.0,56.6,0.0
534138,2166.0,425.0,56.6,0.0
534138,2162.0,425.0,56.6,0.0
534155,1959.0,425.0,56.6,0.0
534155,2020.0,425.0,56.6,0.0
534155,2003.0,425.0,56.6,0.0
534156,1984.0,425.0,56.6,0.0
534168,1952.0,425.0,56.6,0.0
534169,1979.0,425.0,56.6,0.0
534169,2001.0,425.0,56.6,0.0
534182,2073.0,425.0,56.6,0.0
534183,2031.0,425.0,56.6,0.0
534183,2031.0,425.0,56.6,0.0
534183,2057.0,425.0,56.6,0.0
534200,2213.0,425.0,56.6,0.0
534200,2186.0,425.0,56.6,0.0
534200,2155.0,425.0,56.6,0.0
534201,2161.0,425.0,56.6,0.0
534214,2116.0,425.0,56.6,0.0
534215,2175.0,425.0,56.6,0.0
534215,2162.0,425.0,56.6,0.0
534227,1927.0,426.0,56.6,0.0
534228,1945.0,426.0,56.6,0.0
534228,1946.0,426.0,56.6,0.0
534228,1926.0,426.0,56.6,0.0
534245,2045.0,426.0,56.6,0.0
534245,2012.0,426.0,56.6,0.0
534245,2010.0,426.0,56.6,0.0
534246,2033.0,426.0,56.6,0.0
534258,2299.0,426.0,56.6,0.0
534259,2287.0,426.0,56.6,0.0
534259,2277.0,426.0,56.6,0.0
534272,1866.0,426.0,56.6,0.0
534273,1801.0,426.0,56.6,0.0
534273,1856.0,426.0,56.6,0.0
534273,1822.0,426.0,56.6,0.0
534289,1978.0,426.0,56.6,0.0
534289,1998.0,426.0,56.6,0.0
534289,2028.0,426.0,56.6,0.0
534290,2017.0,426.0,56.6,0.0
534303,2088.0,425.0,56.6,0.0
534304,2061.0,425.0,56.6,0.0
534304,2077.0,425.0,56.6,0.0
534320,2301.0,425.0,56.6,0.0
534320,2257.0,425.0,56.6,0.0
534321,2226.0,425.0,56.6,0.0
534321,2222.0,425.0,56.6,0.0
534334,2124.0,425.0,56.6,0.0
534335,2189.0,425.0,56.6,0.0
534335,2187.0,425.0,56.6,0.0
534347,1938.0,426.0,56.6,0.0
534348,1924.0,426.0,56.6,0.0
534348,1923.0,426.0,56.6,0.0
534348,1944.0,426.0,56.6,0.0
534365,2041.0,426.0,56.6,0.0
534365,2007.0,426.0,56.6,0.0
534366,2010.0,426.0,56.6,0.0
534366,2032.0,426.0,56.6,0.0
534378,1949.0,426.0,56.6,0.0
534379,1936.0,426.0,56.6,0.0
534379,1927.0,426.0,56.6,0.0
534396,2059.0,426.0,56.6,0.0
534396,2108.0,426.0,56.6,0.0
534396,2103.0,426.0,56.6,0.0
534396,2092.0,426.0,56.6,0.0
534409,1923.0,426.0,56.6,0.0
534410,1907.0,426.0,56.6,0.0
534410,1932.0,426.0,56.6,0.0
534423,2116.0,426.0,56.6,0.0
534424,2090.0,426.0,56.6,0.0
534424,2073.0,426.0,56.6,0.0
534424,2066.0,426.0,56.6,0.0
534442,2077.0,426.0,56.6,0.0
534442,2082.0,426.0,56.6,0.0
534442,2059.0,426.0,56.6,0.0
534443,2061.0,426.0,56.6,0.0
534455,2015.0,426.0,56.6,0.0
534456,2036.0,426.0,56.6,0.0
534456,2031.0,426.0,56.6,0.0
534468,1959.0,426.0,56.6,0.0
534469,1949.0,426.0,56.6,0.0
534469,1958.0,426.0,56.6,0.0
534469,1963.0,426.0,56.6,0.0
534486,1993.0,426.0,56.6,0.0
534486,1971.0,426.0,56.6,0.0
534486,1978.0,426.0,56.6,0.0
534487,1976.0,426.0,56.6,0.0
534499,2248.0,426.0,56.6,0.0
534499,2237.0,426.0,56.6,0.0
534500,2227.0,426.0,56.6,0.0
534513,3474.0,427.0,64.0,0.0
534514,3895.0,427.0,64.0,0.0
534514,4095.0,427.0,64.0,0.0
534514,4095.0,427.0,64.0,0.0
534531,1165.0,427.0,64.0,0.0
534531,1115.0,427.0,64.0,0.0
534532,978.0,427.0,64.0,0.0
534532,827.0,427.0,64.0,0.0
534544,2268.0,427.0,64.0,0.0
534545,2398.0,427.0,64.0,0.0
534545,2449.0,427.0,64.0,0.0
534562,1977.0,427.0,64.0,0.0
534562,1877.0,427.0,64.0,0.0
534563,1878.0,427.0,64.0,0.0
534563,1942.0,427.0,64.0,0.0
534575,2109.0,427.0,64.0,0.0
534576,2075.0,427.0,64.0,0.0
534576,2035.0,427.0,64.0,0.0
534589,1908.0,427.0,64.0,0.0
534589,1963.0,427.0,64.0,0.0
534589,1986.0,427.0,64.0,0.0
534589,1940.0,427.0,64.0,0.0
534606,1971.0,428.0,64.0,0.0
534607,1948.0,428.0,64.0,0.0
534607,1992.0,428.0,64.0,0.0
534607,2020.0,428.0,64.0,0.0
534620,2155.0,428.0,64.0,0.0
534621,2099.0,428.0,64.0,0.0
534621,2120.0,428.0,64.0,0.0
534634,2019.0,428.0,64.0,0.0
534634,2059.0,428.0,64.0,0.0
534634,2033.0,428.0,64.0,0.0
534634,1990.0,428.0,64.0,0.0
534651,1893.0,428.0,64.0,0.0
534652,1962.0,428.0,64.0,0.0
534652,1983.0,428.0,64.0,0.0
534652,1951.0,428.0,64.0,0.0
534665,1998.0,428.0,64.0,0.0
534665,1994.0,428.0,64.0,0.0
534665,2025.0,428.0,64.0,0.0
534682,2116.0,429.0,64.0,0.0
534682,2076.0,429.0,64.0,0.0
534683,2037.0,429.0,64.0,0.0
534683,2036.0,429.0,64.0,0.0
534695,2051.0,429.0,64.0,0.0
534696,2083.0,429.0,64.0,0.0
534696,2034.0,429.0,64.0,0.0
534709,1917.0,429.0,64.0,0.0
534709,1935.0,429.0,64.0,0.0
534709,1982.0,429.0,64.0,0.0
534709,1982.0,429.0,64.0,0.0
534726,1990.0,429.0,64.0,0.0
534727,1964.0,429.0,64.0,0.0
534727,1984.0,429.0,64.0,0.0
534727,2022.0,429.0,64.0,0.0
534740,2065.0,429.0,64.0,0.0
534741,2034.0,429.0,64.0,0.0
534741,1999.0,429.0,64.0,0.0
534754,2362.0,429.0,64.0,0.0
534754,2492.0,429.0,64.0,0.0
534754,2543.0,429.0,64.0,0.0
534754,2544.0,429.0,64.0,0.0
534771,1581.0,429.0,64.0,0.0
534772,1582.0,429.0,64.0,0.0
534772,1601.0,429.0,64.0,0.0
534772,1588.0,429.0,64.0,0.0
534784,2142.0,429.0,64.0,0.0
534785,2131.0,429.0,64.0,0.0
534785,2160.0,429.0,64.0,0.0
534802,2179.0,430.0,64.0,0.0
534802,2136.0,430.0,64.0,0.0
534803,2105.0,430.0,64.0,0.0
534803,2096.0,430.0,64.0,0.0
534815,2182.0,430.0,64.0,0.0
534816,2211.0,430.0,64.0,0.0
534816,2166.0,430.0,64.0,0.0
534830,1891.0,430.0,64.0,0.0
534830,1885.0,430.0,64.0,0.0
534830,1901.0,430.0,64.0,0.0
534831,1910.0,430.0,64.0,0.0
534846,2027.0,430.0,64.0,0.0
534847,1973.0,430.0,64.0,0.0
534847,1978.0,430.0,64.0,0.0
534847,1983.0,430.0,64.0,0.0
534860,2289.0,431.0,64.0,0.0
534861,2250.0,431.0,64.0,0.0
534861,2233.0,431.0,64.0,0.0
534874,1936.0,432.0,64.0,0.0
534874,1991.0,432.0,64.0,0.0
534874,1985.0,432.0,64.0,0.0
534874,1972.0,432.0,64.0,0.0
534891,1915.0,432.0,64.0,0.0
534891,1919.0,432.0,64.0,0.0
534892,1899.0,432.0,64.0,0.0
534892,1917.0,432.0,64.0,0.0
534904,1967.0,432.0,64.0,0.0
534905,1977.0,432.0,64.0,0.0
534905,2013.0,432.0,64.0,0.0
534923,2089.0,433.0,64.0,0.0
534923,2040.0,433.0,64.0,0.0
534923,2016.0,433.0,64.0,0.0
534924,2013.0,433.0,64.0,0.0
534936,1982.0,433.0,64.0,0.0
534937,2005.0,433.0,64.0,0.0
534937,1995.0,433.0,64.0,0.0
534950,1952.0,435.0,64.0,0.0
534951,1954.0,435.0,64.0,0.0
534951,1979.0,435.0,64.0,0.0
534951,1963.0,435.0,64.0,0.0
534967,1949.0,435.0,64.0,0.0
534967,1930.0,435.0,64.0,0.0
534967,1929.0,435.0,64.0,0.0
534968,1960.0,435.0,64.0,0.0
534981,2166.0,436.0,64.0,0.0
534981,2146.0,436.0,64.0,0.0
534982,2122.0,436.0,64.0,0.0
534997,2317.0,436.0,64.0,0.0
534998,2340.0,436.0,64.0,0.0
534998,2338.0,436.0,64.0,0.0
534998,2332.0,436.0,64.0,0.0
535012,1809.0,436.0,64.0,0.0
535012,1815.0,436.0,64.0,0.0
535012,1801.0,436.0,64.0,0.0
535025,2049.0,436.0,64.0,0.0
535025,2039.0,436.0,64.0,0.0
535025,2046.0,436.0,64.0,0.0
535026,2062.0,436.0,64.0,0.0
535043,2045.0,437.0,64.0,0.0
535044,2003.0,437.0,64.0,0.0
535044,2011.0,437.0,64.0,0.0
535044,2020.0,437.0,64.0,0.0
535057,2118.0,437.0,64.0,0.0
535057,2118.0,437.0,64.0,0.0
535057,2109.0,437.0,64.0,0.0
535071,1919.0,437.0,64.0,0.0
535071,1929.0,437.0,64.0,0.0
535071,1921.0,437.0,64.0,0.0
535072,1900.0,437.0,64.0,0.0
535087,1962.0,438.0,64.0,0.0
535088,1956.0,438.0,64.0,0.0
535088,1976.0,438.0,64.0,0.0
535088,1969.0,438.0,64.0,0.0
535101,2062.0,438.0,64.0,0.0
535102,2050.0,438.0,64.0,0.0
535102,2052.0,438.0,64.0,0.0
535115,2045.0,438.0,64.0,0.0
535115,2061.0,438.0,64.0,0.0
535115,2060.0,438.0,64.0,0.0
535115,2058.0,438.0,64.0,0.0
535132,1963.0,438.0,64.0,0.0
535132,2014.0,438.0,64.0,0.0
535133,2000.0,438.0,64.0,0.0
535133,2041.0,438.0,64.0,0.0
535145,1985.0,438.0,64.0,0.0
535146,1976.0,438.0,64.0,0.0
535146,1984.0,438.0,64.0,0.0
535163,2069.0,439.0,64.0,0.0
535163,2041.0,439.0,64.0,0.0
535164,2039.0,439.0,64.0,0.0
535164,2038.0,439.0,64.0,0.0
535176,2149.0,439.0,64.0,0.0
535177,2135.0,439.0,64.0,0.0
535177,2149.0,439.0,64.0,0.0
535190,1908.0,440.0,64.0,0.0
535191,1915.0,440.0,64.0,0.0
535191,1918.0,440.0,64.0,0.0
535191,1828.0,440.0,64.0,0.0
535207,2010.0,440.0,64.0,0.0
535207,2014.0,440.0,64.0,0.0
535208,2032.0,440.0,64.0,0.0
535208,2039.0,440.0,64.0,0.0
535221,2221.0,440.0,64.0,0.0
535222,2158.0,440.0,64.0,0.0
535222,2162.0,440.0,64.0,0.0
535238,1958.0,439.0,64.0,0.0
535239,1984.0,439.0,64.0,0.0
535239,1956.0,439.0,64.0,0.0
535239,1947.0,439.0,64.0,0.0
535252,1950.0,439.0,64.0,0.0
535252,2015.0,439.0,64.0,0.0
535252,2023.0,439.0,64.0,0.0
535265,2006.0,439.0,64.0,0.0
535265,1972.0,439.0,64.0,0.0
535266,1982.0,439.0,64.0,0.0
535266,1994.0,439.0,64.0,0.0
535283,2148.0,440.0,64.0,0.0
535284,2110.0,440.0,64.0,0.0
535284,2082.0,440.0,64.0,0.0
535284,2088.0,440.0,64.0,0.0
535298,1985.0,440.0,64.0,0.0
535298,2000.0,440.0,64.0,0.0
535298,1980.0,440.0,64.0,0.0
535311,1959.0,440.0,64.0,0.0
535312,1952.0,440.0,64.0,0.0
535312,1963.0,440.0,64.0,0.0
535312,1959.0,440.0,64.0,0.0
535329,1900.0,440.0,64.0,0.0
535330,1885.0,440.0,64.0,0.0
535331,1895.0,440.0,64.0,0.0
535331,1919.0,440.0,64.0,0.0
535343,3098.0,440.0,64.0,0.0
535344,2878.0,440.0,64.0,0.0
535344,2811.0,440.0,64.0,0.0
535361,2068.0,440.0,64.0,0.0
535361,2136.0,440.0,64.0,0.0
535361,2084.0,440.0,64.0,0.0
535361,2066.0,440.0,64.0,0.0
535374,2201.0,440.0,64.0,0.0
535375,2298.0,440.0,64.0,0.0
535375,2311.0,440.0,64.0,0.0
535388,1849.0,440.0,64.0,0.0
535389,1798.0,440.0,64.0,0.0
535389,1830.0,440.0,64.0,0.0
535390,1877.0,440.0,64.0,0.0
535408,2037.0,439.0,64.0,0.0
535408,1988.0,439.0,64.0,0.0
535408,1960.0,439.0,64.0,0.0
535408,1980.0,439.0,64.0,0.0
535421,2061.0,439.0,64.0,0.0
535421,2057.0,439.0,64.0,0.0
535422,2019.0,439.0,64.0,0.0
535434,2994.0,439.0,64.0,0.0
535435,3269.0,439.0,64.0,0.0
535435,3471.0,439.0,64.0,0.0
535435,3577.0,439.0,64.0,0.0
535452,1088.0,440.0,64.0,0.0
535453,1095.0,440.0,64.0,0.0
535453,1030.0,440.0,64.0,0.0
535453,1052.0,440.0,64.0,0.0
535465,2363.0,440.0,64.0,0.0
535466,2393.0,440.0,64.0,0.0
535466,2402.0,440.0,64.0,0.0
535480,2059.0,441.0,64.0,0.0
535480,2015.0,441.0,64.0,0.0
535480,2010.0,441.0,64.0,0.0
535481,2031.0,441.0,64.0,0.0
535497,2046.0,440.0,64.0,0.0
535498,2116.0,440.0,64.0,0.0
535498,2011.0,440.0,64.0,0.0
535498,2016.0,440.0,64.0,0.0
535511,1951.0,440.0,64.0,0.0
535511,1967.0,440.0,64.0,0.0
535511,1946.0,440.0,64.0,0.0
535528,1920.0,440.0,64.0,0.0
535529,1928.0,440.0,64.0,0.0
535529,1950.0,440.0,64.0,0.0
535529,1958.0,440.0,64.0,0.0
535542,2066.0,440.0,64.0,0.0
535542,2041.0,440.0,64.0,0.0
535542,2042.0,440.0,64.0,0.0
535555,1981.0,440.0,64.0,0.0
535555,1999.0,440.0,64.0,0.0
535556,1983.0,440.0,64.0,0.0
535556,1952.0,440.0,64.0,0.0
535572,2009.0,440.0,64.0,0.0
535573,2066.0,440.0,64.0,0.0
535573,2076.0,440.0,64.0,0.0
535573,2065.0,440.0,64.0,0.0
535587,1924.0,440.0,64.0,0.0
535587,1917.0,440.0,64.0,0.0
535587,1940.0,440.0,64.0,0.0
535603,2072.0,440.0,64.0,0.0
535604,2050.0,440.0,64.0,0.0
535604,2030.0,440.0,64.0,0.0
535604,2040.0,440.0,64.0,0.0
535618,2146.0,440.0,64.0,0.0
535618,2136.0,440.0,64.0,0.0
535618,2138.0,440.0,64.0,0.0
535631,1804.0,440.0,64.0,0.0
535632,1896.0,440.0,64.0,0.0
535632,1889.0,440.0,64.0,0.0
535632,1892.0,440.0,64.0,0.0
535650,1930.0,440.0,64.0,0.0
535650,1924.0,440.0,64.0,0.0
535650,1943.0,440.0,64.0,0.0
535650,1917.0,440.0,64.0,0.0
535663,2049.0,440.0,64.0,0.0
535663,2037.0,440.0,64.0,0.0
535664,2039.0,440.0,64.0,0.0
535677,2144.0,439.0,64.0,0.0
535678,2157.0,439.0,64.0,0.0
535678,2148.0,439.0,64.0,0.0
535678,2140.0,439.0,64.0,0.0
535694,1975.0,439.0,64.0,0.0
535694,2003.0,439.0,64.0,0.0
535694,2011.0,439.0,64.0,0.0
535695,2001.0,439.0,64.0,0.0
535708,1947.0,439.0,64.0,0.0
535709,1955.0,439.0,64.0,0.0
535709,1964.0,439.0,64.0,0.0
535725,2008.0,439.0,64.0,0.0
535725,1984.0,439.0,64.0,0.0
535725,1999.0,439.0,64.0,0.0
535726,1988.0,439.0,64.0,0.0
535739,2228.0,439.0,64.0,0.0
535740,2211.0,439.0,64.0,0.0
535740,2206.0,439.0,64.0,0.0
535752,1934.0,439.0,64.0,0.0
535753,1998.0,439.0,64.0,0.0
535753,1982.0,439.0,64.0,0.0
535754,1968.0,439.0,64.0,0.0
535771,1955.0,439.0,64.0,0.0
535772,2036.0,439.0,64.0,0.0
535772,2067.0,439.0,64.0,0.0
535773,2092.0,439.0,64.0,0.0
535786,1948.0,439.0,64.0,0.0
535787,1923.0,439.0,64.0,0.0
535787,1924.0,439.0,64.0,0.0
535787,1917.0,439.0,64.0,0.0
535800,2154.0,439.0,64.0,0.0
535800,2154.0,439.0,64.0,0.0
535800,2165.0,439.0,64.0,0.0
535817,2255.0,438.0,64.0,0.0
535817,2262.0,438.0,64.0,0.0
535818,2253.0,438.0,64.0,0.0
535818,2249.0,438.0,64.0,0.0
535830,1881.0,438.0,64.0,0.0
535831,1892.0,438.0,64.0,0.0
535831,1901.0,438.0,64.0,0.0
535844,2097.0,438.0,64.0,0.0
535844,2073.0,438.0,64.0,0.0
535844,2103.0,438.0,64.0,0.0
535844,2094.0,438.0,64.0,0.0
535861,2188.0,438.0,64.0,0.0
535861,2144.0,438.0,64.0,0.0
535862,2151.0,438.0,64.0,0.0
535862,2176.0,438.0,64.0,0.0
535874,2012.0,438.0,64.0,0.0
535875,2012.0,438.0,64.0,0.0
535875,1978.0,438.0,64.0,0.0
535892,1930.0,437.0,64.0,0.0
535893,2003.0,437.0,64.0,0.0
535893,2057.0,437.0,64.0,0.0
535893,2054.0,437.0,64.0,0.0
535907,1940.0,437.0,64.0,0.0
535907,1921.0,437.0,64.0,0.0
535907,1914.0,437.0,64.0,0.0
535920,2258.0,437.0,64.0,0.0
535920,2222.0,437.0,64.0,0.0
535920,2210.0,437.0,64.0,0.0
535921,2227.0,437.0,64.0,0.0
535938,2066.0,437.0,64.0,0.0
535938,2080.0,437.0,64.0,0.0
535938,2048.0,437.0,64.0,0.0
535938,2035.0,437.0,64.0,0.0
535951,1921.0,437.0,64.0,0.0
535951,1961.0,437.0,64.0,0.0
535952,1946.0,437.0,64.0,0.0
535964,2015.0,437.0,64.0,0.0
535965,1993.0,437.0,64.0,0.0
535965,1995.0,437.0,64.0,0.0
535965,1993.0,437.0,64.0,0.0
535981,2142.0,436.0,64.0,0.0
535982,2082.0,436.0,64.0,0.0
535982,2068.0,436.0,64.0,0.0
535982,2093.0,436.0,64.0,0.0
535996,2009.0,436.0,64.0,0.0
535996,2022.0,436.0,64.0,0.0
535996,1986.0,436.0,64.0,0.0
536012,1978.0,436.0,64.0,0.0
536013,2106.0,436.0,64.0,0.0
536013,2065.0,436.0,64.0,0.0
536013,2085.0,436.0,64.0,0.0
536027,1949.0,436.0,64.0,0.0
536027,1920.0,436.0,64.0,0.0
536027,1915.0,436.0,64.0,0.0
536040,2011.0,436.0,64.0,0.0
536040,2009.0,436.0,64.0,0.0
536040,1997.0,436.0,64.0,0.0
536040,1991.0,436.0,64.0,0.0
536057,2232.0,436.0,64.0,0.0
536058,2204.0,436.0,64.0,0.0
536058,2238.0,436.0,64.0,0.0
536058,2232.0,436.0,64.0,0.0
536071,1868.0,436.0,64.0,0.0
536071,1881.0,436.0,64.0,0.0
536072,1881.0,436.0,64.0,0.0
536085,2018.0,436.0,64.0,0.0
536086,1996.0,436.0,64.0,0.0
536086,1994.0,436.0,64.0,0.0
536086,2003.0,436.0,64.0,0.0
536102,2103.0,435.0,64.0,0.0
536102,2091.0,435.0,64.0,0.0
536102,2079.0,435.0,64.0,0.0
536102,2091.0,435.0,64.0,0.0
536116,1982.0,435.0,64.0,0.0
536116,1982.0,435.0,64.0,0.0
536116,1962.0,435.0,64.0,0.0
536133,1900.0,435.0,64.0,0.0
536133,1896.0,435.0,64.0,0.0
536133,1906.0,435.0,64.0,0.0
536133,1899.0,435.0,64.0,0.0
536147,1980.0,435.0,64.0,0.0
536147,1973.0,435.0,64.0,0.0
536148,2002.0,435.0,64.0,0.0
536160,2117.0,435.0,64.0,0.0
536161,2113.0,435.0,64.0,0.0
536161,2077.0,435.0,64.0,0.0
536161,2067.0,435.0,64.0,0.0
536178,2163.0,434.0,64.0,0.0
536178,2175.0,434.0,64.0,0.0
536178,2169.0,434.0,64.0,0.0
536179,2156.0,434.0,64.0,0.0
536191,1906.0,434.0,64.0,0.0
536191,1917.0,434.0,64.0,0.0
536192,1916.0,434.0,64.0,0.0
536205,2010.0,434.0,64.0,0.0
536206,1976.0,434.0,64.0,0.0
536206,1980.0,434.0,64.0,0.0
536206,1988.0,434.0,64.0,0.0
536222,2110.0,434.0,64.0,0.0
536223,2090.0,434.0,64.0,0.0
536223,2089.0,434.0,64.0,0.0
536223,2095.0,434.0,64.0,0.0
536236,2110.0,433.0,64.0,0.0
536237,2105.0,433.0,64.0,0.0
536237,2091.0,433.0,64.0,0.0
536253,2135.0,432.0,64.0,0.0
536254,2216.0,432.0,64.0,0.0
536254,2256.0,432.0,64.0,0.0
536254,2278.0,432.0,64.0,0.0
536268,1880.0,432.0,64.0,0.0
536268,1860.0,432.0,64.0,0.0
536268,1837.0,432.0,64.0,0.0
536281,2045.0,432.0,64.0,0.0
536281,2044.0,432.0,64.0,0.0
536281,2061.0,432.0,64.0,0.0
536281,2077.0,432.0,64.0,0.0
536298,2090.0,431.0,64.0,0.0
536298,2079.0,431.0,64.0,0.0
536299,2074.0,431.0,64.0,0.0
536299,2068.0,431.0,64.0,0.0
536311,1942.0,431.0,64.0,0.0
536312,1949.0,431.0,64.0,0.0
536312,1939.0,431.0,64.0,0.0
536325,1975.0,431.0,64.0,0.0
536326,1973.0,431.0,64.0,0.0
536326,1995.0,431.0,64.0,0.0
536326,1989.0,431.0,64.0,0.0
536342,2016.0,431.0,64.0,0.0
536342,2002.0,431.0,64.0,0.0
536343,2010.0,431.0,64.0,0.0
536343,2016.0,431.0,64.0,0.0
536357,2148.0,430.0,64.0,0.0
536357,2145.0,430.0,64.0,0.0
536357,2140.0,430.0,64.0,0.0
536358,2151.0,430.0,64.0,0.0
536375,2032.0,430.0,64.0,0.0
536375,2048.0,430.0,64.0,0.0
536375,2034.0,430.0,64.0,0.0
536375,2021.0,430.0,64.0,0.0
536388,1951.0,430.0,64.0,0.0
536388,1957.0,430.0,64.0,0.0
536389,1988.0,430.0,64.0,0.0
536401,2077.0,429.0,64.0,0.0
536402,2068.0,429.0,64.0,0.0
536402,2069.0,429.0,64.0,0.0
536402,2105.0,429.0,64.0,0.0
536419,1998.0,429.0,64.0,0.0
536419,1977.0,429.0,64.0,0.0
536419,1968.0,429.0,64.0,0.0
536419,1988.0,429.0,64.0,0.0
536432,1962.0,429.0,64.0,0.0
536432,1952.0,429.0,64.0,0.0
536433,1936.0,429.0,64.0,0.0
536446,1955.0,429.0,64.0,0.0
536446,1967.0,429.0,64.0,0.0
536447,1988.0,429.0,64.0,0.0
536447,1980.0,429.0,64.0,0.0
536462,2064.0,428.0,64.0,0.0
536463,2046.0,428.0,64.0,0.0
536463,2055.0,428.0,64.0,0.0
536463,2068.0,428.0,64.0,0.0
536477,2098.0,428.0,64.0,0.0
536477,2074.0,428.0,64.0,0.0
536477,2068.0,428.0,64.0,0.0
536494,1976.0,427.0,64.0,0.0
536495,2007.0,427.0,64.0,0.0
536495,2003.0,427.0,64.0,0.0
536495,1976.0,427.0,64.0,0.0
536508,1948.0,427.0,64.0,0.0
536508,1957.0,427.0,64.0,0.0
536508,1962.0,427.0,64.0,0.0
536521,2099.0,427.0,64.0,0.0
536521,2059.0,427.0,64.0,0.0
536522,2083.0,427.0,64.0,0.0
536522,2075.0,427.0,64.0,0.0
536539,2193.0,427.0,64.0,0.0
536539,2181.0,427.0,64.0,0.0
536539,2162.0,427.0,64.0,0.0
536540,2153.0,427.0,64.0,0.0
536552,1918.0,427.0,64.0,0.0
536552,1982.0,427.0,64.0,0.0
536553,1965.0,427.0,64.0,0.0
536566,1962.0,426.0,64.0,0.0
536567,1943.0,426.0,64.0,0.0
536567,1977.0,426.0,64.0,0.0
536567,1985.0,426.0,64.0,0.0
536584,2049.0,425.0,64.0,0.0
536584,2032.0,425.0,64.0,0.0
536584,2016.0,425.0,64.0,0.0
536584,2038.0,425.0,64.0,0.0
536597,2072.0,425.0,64.0,0.0
536597,2052.0,425.0,64.0,0.0
536598,2037.0,425.0,64.0,0.0
536614,2043.0,425.0,64.0,0.0
536615,2088.0,425.0,64.0,0.0
536615,2108.0,425.0,64.0,0.0
536615,2087.0,425.0,64.0,0.0
536628,1908.0,425.0,64.0,0.0
536628,1920.0,425.0,64.0,0.0
536628,1937.0,425.0,64.0,0.0
536641,2046.0,425.0,64.0,0.0
536641,2028.0,425.0,64.0,0.0
536642,2022.0,425.0,64.0,0.0
536642,2039.0,425.0,64.0,0.0
536659,2250.0,425.0,64.0,0.0
536659,2232.0,425.0,64.0,0.0
536659,2214.0,425.0,64.0,0.0
536660,2214.0,425.0,64.0,0.0
536673,1962.0,425.0,64.0,0.0
536674,1986.0,425.0,64.0,0.0
536674,1992.0,425.0,64.0,0.0
536690,1898.0,425.0,64.0,0.0
536690,1899.0,425.0,64.0,0.0
536690,1912.0,425.0,64.0,0.0
536691,1921.0,425.0,64.0,0.0
536704,2025.0,425.0,64.0,0.0
536705,2010.0,425.0,64.0,0.0
536705,2004.0,425.0,64.0,0.0
536717,2249.0,425.0,64.0,0.0
536718,2251.0,425.0,64.0,0.0
536718,2245.0,425.0,64.0,0.0
536718,2237.0,425.0,64.0,0.0
536736,1974.0,425.0,64.0,0.0
536736,1990.0,425.0,64.0,0.0
536736,1989.0,425.0,64.0,0.0
536737,1979.0,425.0,64.0,0.0
536749,1943.0,425.0,64.0,0.0
536750,1966.0,425.0,64.0,0.0
536750,1981.0,425.0,64.0,0.0
536763,2089.0,425.0,64.0,0.0
536764,2042.0,425.0,64.0,0.0
536764,2040.0,425.0,64.0,0.0
536764,2045.0,425.0,64.0,0.0
536780,2143.0,425.0,64.0,0.0
536780,2115.0,425.0,64.0,0.0
536781,2111.0,425.0,64.0,0.0
536781,2115.0,425.0,64.0,0.0
536794,2093.0,425.0,64.0,0.0
536795,2121.0,425.0,64.0,0.0
536795,2124.0,425.0,64.0,0.0
536811,1860.0,425.0,64.0,0.0
536811,1862.0,425.0,64.0,0.0
536811,1868.0,425.0,64.0,0.0
536811,1853.0,425.0,64.0,0.0
536825,2014.0,425.0,64.0,0.0
536826,1995.0,425.0,64.0,0.0
536826,2006.0,425.0,64.0,0.0
536838,3635.0,425.0,64.0,0.0
536839,3496.0,425.0,64.0,0.0
536839,3500.0,425.0,64.0,0.0
536839,3533.0,425.0,64.0,0.0
536857,1749.0,425.0,64.0,0.0
536857,1810.0,425.0,64.0,0.0
536858,1756.0,425.0,64.0,0.0
536858,1770.0,425.0,64.0,0.0
536870,2098.0,425.0,64.0,0.0
536871,2109.0,425.0,64.0,0.0
536871,2088.0,425.0,64.0,0.0
536885,1912.0,425.0,64.0,0.0
536885,1894.0,425.0,64.0,0.0
536885,1939.0,425.0,64.0,0.0
536886,1985.0,425.0,64.0,0.0
536902,2098.0,425.0,64.0,0.0
536903,2034.0,425.0,64.0,0.0
536903,2019.0,425.0,64.0,0.0
536903,2051.0,425.0,64.0,0.0
536916,2251.0,425.0,64.0,0.0
536916,2256.0,425.0,64.0,0.0
536916,2220.0,425.0,64.0,0.0
536933,1809.0,425.0,64.0,0.0
536933,1975.0,425.0,64.0,0.0
536934,1999.0,425.0,64.0,0.0
536934,2002.0,425.0,64.0,0.0
536946,1959.0,425.0,64.0,0.0
536947,1956.0,425.0,64.0,0.0
536947,1985.0,425.0,64.0,0.0
536960,2057.0,425.0,64.0,0.0
536960,2033.0,425.0,64.0,0.0
536960,2003.0,425.0,64.0,0.0
536961,2019.0,425.0,64.0,0.0
536979,2221.0,426.0,64.0,0.0
536979,2201.0,426.0,64.0,0.0
536979,2177.0,426.0,64.0,0.0
536980,2147.0,426.0,64.0,0.0
536993,1941.0,427.0,64.0,0.0
536994,2001.0,427.0,64.0,0.0
536994,2049.0,427.0,64.0,0.0
537006,1980.0,427.0,64.0,0.0
537007,1949.0,427.0,64.0,0.0
537007,1952.0,427.0,64.0,0.0
537007,1974.0,427.0,64.0,0.0
537024,2058.0,427.0,64.0,0.0
537024,2045.0,427.0,64.0,0.0
537025,2009.0,427.0,64.0,0.0
537025,2017.0,427.0,64.0,0.0
537037,2072.0,427.0,64.0,0.0
537038,2073.0,427.0,64.0,0.0
537038,2047.0,427.0,64.0,0.0
537051,1905.0,427.0,64.0,0.0
537052,1926.0,427.0,64.0,0.0
537052,1941.0,427.0,64.0,0.0
537052,1942.0,427.0,64.0,0.0
537068,1923.0,427.0,64.0,0.0
537068,1915.0,427.0,64.0,0.0
537068,1932.0,427.0,64.0,0.0
537069,1939.0,427.0,64.0,0.0
537082,2091.0,427.0,64.0,0.0
537083,2074.0,427.0,64.0,0.0
537083,2064.0,427.0,64.0,0.0
537099,2097.0,427.0,64.0,0.0
537099,2096.0,427.0,64.0,0.0
537099,2083.0,427.0,64.0,0.0
537100,2073.0,427.0,64.0,0.0
537113,1935.0,427.0,64.0,0.0
537113,1982.0,427.0,64.0,0.0
537114,1969.0,427.0,64.0,0.0
537114,1968.0,427.0,64.0,0.0
537127,1957.0,427.0,64.0,0.0
537127,1968.0,427.0,64.0,0.0
537128,1974.0,427.0,64.0,0.0
537144,2038.0,427.0,64.0,0.0
537145,2000.0,427.0,64.0,0.0
537145,1986.0,427.0,64.0,0.0
537145,1997.0,427.0,64.0,0.0
537157,2060.0,428.0,64.0,0.0
537158,2057.0,428.0,64.0,0.0
537158,2061.0,428.0,64.0,0.0
537172,1914.0,428.0,64.0,0.0
537172,1937.0,428.0,64.0,0.0
537172,1949.0,428.0,64.0,0.0
537173,1971.0,428.0,64.0,0.0
537188,1938.0,428.0,64.0,0.0
537189,1925.0,428.0,64.0,0.0
537189,1930.0,428.0,64.0,0.0
537189,1931.0,428.0,64.0,0.0
537203,1985.0,428.0,64.0,0.0
537203,1980.0,428.0,64.0,0.0
537203,1975.0,428.0,64.0,0.0
537219,2070.0,429.0,64.0,0.0
537220,2067.0,429.0,64.0,0.0
537220,2053.0,429.0,64.0,0.0
537220,2049.0,429.0,64.0,0.0
537234,1891.0,429.0,64.0,0.0
537234,1886.0,429.0,64.0,0.0
537234,1887.0,429.0,64.0,0.0
537247,1983.0,429.0,64.0,0.0
537247,1984.0,429.0,64.0,0.0
537247,1984.0,429.0,64.0,0.0
537247,1993.0,429.0,64.0,0.0
537264,1998.0,429.0,64.0,0.0
537265,1985.0,429.0,64.0,0.0
537265,1979.0,429.0,64.0,0.0
537265,1986.0,429.0,64.0,0.0
537278,2081.0,429.0,64.0,0.0
537278,2078.0,429.0,64.0,0.0
537278,2077.0,429.0,64.0,0.0
537292,1936.0,429.0,64.0,0.0
537292,1981.0,429.0,64.0,0.0
537292,1982.0,429.0,64.0,0.0
537293,1978.0,429.0,64.0,0.0
537308,1927.0,429.0,64.0,0.0
537309,1935.0,429.0,64.0,0.0
537309,1933.0,429.0,64.0,0.0
537309,1933.0,429.0,64.0,0.0
537323,2045.0,429.0,64.0,0.0
537323,2031.0,429.0,64.0,0.0
537323,2035.0,429.0,64.0,0.0
537339,2181.0,429.0,64.0,0.0
537340,2164.0,429.0,64.0,0.0
537340,2159.0,429.0,64.0,0.0
537340,2149.0,429.0,64.0,0.0
537354,1886.0,429.0,64.0,0.0
537354,1905.0,429.0,64.0,0.0
537354,1891.0,429.0,64.0,0.0
537367,1987.0,429.0,64.0,0.0
537367,1965.0,429.0,64.0,0.0
537367,2001.0,429.0,64.0,0.0
537368,2020.0,429.0,64.0,0.0
537385,2053.0,429.0,64.0,0.0
537385,2008.0,429.0,64.0,0.0
537385,2009.0,429.0,64.0,0.0
537386,2002.0,429.0,64.0,0.0
537398,2136.0,429.0,64.0,0.0
537398,2132.0,429.0,64.0,0.0
537399,2122.0,429.0,64.0,0.0
537412,1922.0,428.0,64.0,0.0
537412,1958.0,428.0,64.0,0.0
537413,1963.0,428.0,64.0,0.0
537413,1964.0,428.0,64.0,0.0
537428,1922.0,428.0,64.0,0.0
537429,1930.0,428.0,64.0,0.0
537429,1942.0,428.0,64.0,0.0
537429,1937.0,428.0,64.0,0.0
537443,2099.0,429.0,64.0,0.0
537443,2094.0,429.0,64.0,0.0
537443,2104.0,429.0,64.0,0.0
537460,2183.0,429.0,64.0,0.0
537461,2170.0,429.0,64.0,0.0
537461,2116.0,429.0,64.0,0.0
537461,2132.0,429.0,64.0,0.0
537474,2069.0,429.0,64.0,0.0
537474,2130.0,429.0,64.0,0.0
537474,2134.0,429.0,64.0,0.0
537487,1950.0,429.0,64.0,0.0
537487,1938.0,429.0,64.0,0.0
537487,1943.0,429.0,64.0,0.0
537488,1938.0,429.0,64.0,0.0
537504,2054.0,429.0,64.0,0.0
537505,2027.0,429.0,64.0,0.0
537505,2021.0,429.0,64.0,0.0
537505,2034.0,429.0,64.0,0.0
537518,2061.0,429.0,64.0,0.0
537518,2057.0,429.0,64.0,0.0
537518,2053.0,429.0,64.0,0.0
537532,1924.0,429.0,64.0,0.0
537532,1971.0,429.0,64.0,0.0
537532,1980.0,429.0,64.0,0.0
537532,1985.0,429.0,64.0,0.0
537548,1912.0,429.0,64.0,0.0
537549,1920.0,429.0,64.0,0.0
537549,1939.0,429.0,64.0,0.0
537549,1922.0,429.0,64.0,0.0
537562,2079.0,429.0,64.0,0.0
537563,2056.0,429.0,64.0,0.0
537563,2065.0,429.0,64.0,0.0
537580,2099.0,429.0,64.0,0.0
537580,2084.0,429.0,64.0,0.0
537581,2075.0,429.0,64.0,0.0
537581,2058.0,429.0,64.0,0.0
537593,2040.0,429.0,64.0,0.0
537594,2088.0,429.0,64.0,0.0
537594,2095.0,429.0,64.0,0.0
537607,1969.0,430.0,64.0,0.0
537607,1932.0,430.0,64.0,0.0
537607,1950.0,430.0,64.0,0.0
537607,1939.0,430.0,64.0,0.0
537624,2059.0,431.0,64.0,0.0
537624,2055.0,431.0,64.0,0.0
537625,2023.0,431.0,64.0,0.0
537625,2040.0,431.0,64.0,0.0
537637,2105.0,431.0,64.0,0.0
537638,2106.0,431.0,64.0,0.0
537638,2089.0,431.0,64.0,0.0
537651,1902.0,431.0,64.0,0.0
537652,1917.0,431.0,64.0,0.0
537652,1928.0,431.0,64.0,0.0
537652,1919.0,431.0,64.0,0.0
537668,1956.0,431.0,64.0,0.0
537668,2004.0,431.0,64.0,0.0
537668,1937.0,431.0,64.0,0.0
537669,1927.0,431.0,64.0,0.0
537682,2031.0,431.0,64.0,0.0
537683,2031.0,431.0,64.0,0.0
537683,2029.0,431.0,64.0,0.0
537700,2107.0,432.0,64.0,0.0
537700,2113.0,432.0,64.0,0.0
537700,2089.0,432.0,64.0,0.0
537701,2077.0,432.0,64.0,0.0
537713,1992.0,432.0,64.0,0.0
537714,2053.0,432.0,64.0,0.0
537714,2045.0,432.0,64.0,0.0
537726,1956.0,432.0,64.0,0.0
537727,1935.0,432.0,64.0,0.0
537727,1957.0,432.0,64.0,0.0
537727,1958.0,432.0,64.0,0.0
537744,2062.0,433.0,64.0,0.0
537745,2032.0,433.0,64.0,0.0
537745,2030.0,433.0,64.0,0.0
537745,2044.0,433.0,64.0,0.0
537758,2021.0,433.0,64.0,0.0
537758,2010.0,433.0,64.0,0.0
537758,2015.0,433.0,64.0,0.0
537775,2110.0,433.0,64.0,0.0
537776,2123.0,433.0,64.0,0.0
537776,2140.0,433.0,64.0,0.0
537776,2145.0,433.0,64.0,0.0
537790,1903.0,433.0,64.0,0.0
537790,1902.0,433.0,64.0,0.0
537790,1898.0,433.0,64.0,0.0
537803,2076.0,434.0,64.0,0.0
537803,2049.0,434.0,64.0,0.0
537804,2047.0,434.0,64.0,0.0
537804,2040.0,434.0,64.0,0.0
537821,2068.0,434.0,64.0,0.0
537822,2090.0,434.0,64.0,0.0
537822,2065.0,434.0,64.0,0.0
537822,2057.0,434.0,64.0,0.0
537835,2000.0,435.0,64.0,0.0
537835,1998.0,435.0,64.0,0.0
537835,2003.0,435.0,64.0,0.0
537849,1955.0,435.0,64.0,0.0
537849,1960.0,435.0,64.0,0.0
537850,1953.0,435.0,64.0,0.0
537850,1947.0,435.0,64.0,0.0
537865,1982.0,435.0,64.0,0.0
537866,1963.0,435.0,64.0,0.0
537866,1988.0,435.0,64.0,0.0
537866,1986.0,435.0,64.0,0.0
537880,2210.0,436.0,64.0,0.0
537880,2179.0,436.0,64.0,0.0
537880,2184.0,436.0,64.0,0.0
537896,2120.0,436.0,64.0,0.0
537896,2125.0,436.0,64.0,0.0
537897,2127.0,436.0,64.0,0.0
537897,2128.0,436.0,64.0,0.0
537910,1919.0,437.0,64.0,0.0
537911,1925.0,437.0,64.0,0.0
537911,1923.0,437.0,64.0,0.0
537923,1999.0,437.0,64.0,0.0
537924,1992.0,437.0,64.0,0.0
537924,2003.0,437.0,64.0,0.0
537924,2025.0,437.0,64.0,0.0
537942,2160.0,437.0,64.0,0.0
537942,2112.0,437.0,64.0,0.0
537942,2105.0,437.0,64.0,0.0
537943,2126.0,437.0,64.0,0.0
537955,2178.0,438.0,64.0,0.0
537956,2214.0,438.0,64.0,0.0
537956,2187.0,438.0,64.0,0.0
537969,1887.0,438.0,64.0,0.0
537970,1905.0,438.0,64.0,0.0
537970,1894.0,438.0,64.0,0.0
537970,1874.0,438.0,64.0,0.0
537986,1990.0,438.0,64.0,0.0
537986,1994.0,438.0,64.0,0.0
537986,2015.0,438.0,64.0,0.0
537987,2021.0,438.0,64.0,0.0
538000,2136.0,438.0,64.0,0.0
538000,2111.0,438.0,64.0,0.0
538001,2116.0,438.0,64.0,0.0
538016,2113.0,438.0,64.0,0.0
538017,2132.0,438.0,64.0,0.0
538017,2109.0,438.0,64.0,0.0
538017,2097.0,438.0,64.0,0.0
538031,1912.0,439.0,64.0,0.0
538031,1938.0,439.0,64.0,0.0
538031,1917.0,439.0,64.0,0.0
538044,1996.0,439.0,64.0,0.0
538044,1983.0,439.0,64.0,0.0
538044,1986.0,439.0,64.0,0.0
538045,2027.0,439.0,64.0,0.0
538062,2105.0,439.0,64.0,0.0
538063,2068.0,439.0,64.0,0.0
538063,2034.0,439.0,64.0,0.0
538063,2065.0,439.0,64.0,0.0
538076,2129.0,439.0,64.0,0.0
538076,2133.0,439.0,64.0,0.0
538076,2115.0,439.0,64.0,0.0
538090,1908.0,438.0,64.0,0.0
538090,1918.0,438.0,64.0,0.0
538090,1928.0,438.0,64.0,0.0
538090,1911.0,438.0,64.0,0.0
538106,1958.0,438.0,64.0,0.0
538107,1934.0,438.0,64.0,0.0
538107,1954.0,438.0,64.0,0.0
538107,1953.0,438.0,64.0,0.0
538120,2110.0,439.0,64.0,0.0
538121,2092.0,439.0,64.0,0.0
538121,2094.0,439.0,64.0,0.0
538134,2056.0,439.0,64.0,0.0
538134,2082.0,439.0,64.0,0.0
538134,2057.0,439.0,64.0,0.0
538135,2060.0,439.0,64.0,0.0
538151,1909.0,438.0,64.0,0.0
538152,1939.0,438.0,64.0,0.0
538152,1968.0,438.0,64.0,0.0
538152,1943.0,438.0,64.0,0.0
538165,2010.0,438.0,64.0,0.0
538165,1996.0,438.0,64.0,0.0
538165,2024.0,438.0,64.0,0.0
538182,2080.0,439.0,64.0,0.0
538183,2040.0,439.0,64.0,0.0
538183,2011.0,439.0,64.0,0.0
538183,2026.0,439.0,64.0,0.0
538196,2112.0,439.0,64.0,0.0
538196,2120.0,439.0,64.0,0.0
538197,2106.0,439.0,64.0,0.0
538211,1891.0,439.0,64.0,0.0
538211,1894.0,439.0,64.0,0.0
538211,1899.0,439.0,64.0,0.0
538212,1905.0,439.0,64.0,0.0
538228,1918.0,439.0,64.0,0.0
538229,1901.0,439.0,64.0,0.0
538229,1910.0,439.0,64.0,0.0
538229,1924.0,439.0,64.0,0.0
538242,2030.0,439.0,64.0,0.0
538242,2028.0,439.0,64.0,0.0
538242,2000.0,439.0,64.0,0.0
538259,2327.0,439.0,64.0,0.0
538260,2315.0,439.0,64.0,0.0
538260,2304.0,439.0,64.0,0.0
538260,2291.0,439.0,64.0,0.0
538273,1921.0,439.0,64.0,0.0
538273,1967.0,439.0,64.0,0.0
538273,1985.0,439.0,64.0,0.0
538286,1999.0,439.0,64.0,0.0
538286,1983.0,439.0,64.0,0.0
538286,1989.0,439.0,64.0,0.0
538287,1990.0,439.0,64.0,0.0
538305,2010.0,439.0,64.0,0.0
538305,1983.0,439.0,64.0,0.0
538305,1974.0,439.0,64.0,0.0
538306,1977.0,439.0,64.0,0.0
538319,2105.0,439.0,64.0,0.0
538320,2094.0,439.0,64.0,0.0
538320,2082.0,439.0,64.0,0.0
538332,1931.0,438.0,64.0,0.0
538333,1935.0,438.0,64.0,0.0
538333,1944.0,438.0,64.0,0.0
538333,1920.0,438.0,64.0,0.0
538350,1951.0,438.0,64.0,0.0
538350,1964.0,438.0,64.0,0.0
538350,1978.0,438.0,64.0,0.0
538350,1973.0,438.0,64.0,0.0
538363,2055.0,438.0,64.0,0.0
538364,2034.0,438.0,64.0,0.0
538364,2025.0,438.0,64.0,0.0
538377,2238.0,438.0,64.0,0.0
538378,2237.0,438.0,64.0,0.0
538378,2236.0,438.0,64.0,0.0
538378,2232.0,438.0,64.0,0.0
538394,1971.0,438.0,64.0,0.0
538394,2005.0,438.0,64.0,0.0
538394,1990.0,438.0,64.0,0.0
538395,1983.0,438.0,64.0,0.0
538408,1953.0,439.0,64.0,0.0
538409,1961.0,439.0,64.0,0.0
538409,1954.0,439.0,64.0,0.0
538425,2002.0,438.0,64.0,0.0
538425,1988.0,438.0,64.0,0.0
538425,1980.0,438.0,64.0,0.0
538426,1992.0,438.0,64.0,0.0
538439,2041.0,438.0,64.0,0.0
538440,2029.0,438.0,64.0,0.0
538440,2019.0,438.0,64.0,0.0
538452,2035.0,438.0,64.0,0.0
538453,2056.0,438.0,64.0,0.0
538453,2039.0,438.0,64.0,0.0
538453,2040.0,438.0,64.0,0.0
538470,1928.0,438.0,64.0,0.0
538471,1911.0,438.0,64.0,0.0
538471,1962.0,438.0,64.0,0.0
538471,1937.0,438.0,64.0,0.0
538484,2059.0,438.0,64.0,0.0
538484,2030.0,438.0,64.0,0.0
538484,2027.0,438.0,64.0,0.0
538501,2161.0,439.0,64.0,0.0
538501,2145.0,439.0,64.0,0.0
538502,2131.0,439.0,64.0,0.0
538502,2124.0,439.0,64.0,0.0
538514,2138.0,438.0,64.0,0.0
538515,2184.0,438.0,64.0,0.0
538515,2187.0,438.0,64.0,0.0
538528,1894.0,438.0,64.0,0.0
538529,1883.0,438.0,64.0,0.0
538529,1886.0,438.0,64.0,0.0
538529,1895.0,438.0,64.0,0.0
538547,1987.0,438.0,64.0,0.0
538547,1975.0,438.0,64.0,0.0
538548,1990.0,438.0,64.0,0.0
538548,1989.0,438.0,64.0,0.0
538560,2189.0,438.0,64.0,0.0
538561,2173.0,438.0,64.0,0.0
538561,2162.0,438.0,64.0,0.0
538573,2148.0,438.0,64.0,0.0
538574,2196.0,438.0,64.0,0.0
538574,2212.0,438.0,64.0,0.0
538574,2219.0,438.0,64.0,0.0
538591,1818.0,439.0,64.0,0.0
538592,1850.0,439.0,64.0,0.0
538592,1853.0,439.0,64.0,0.0
538592,1864.0,439.0,64.0,0.0
538605,2077.0,439.0,64.0,0.0
538605,2059.0,439.0,64.0,0.0
538605,2076.0,439.0,64.0,0.0
538622,2685.0,439.0,56.6,0.0
538623,2536.0,439.0,56.6,0.0
538623,2515.0,439.0,56.6,0.0
538623,2488.0,439.0,56.6,0.0
538637,2107.0,439.0,56.6,0.0
538637,2139.0,439.0,56.6,0.0
538637,2120.0,439.0,56.6,0.0
538650,1939.0,439.0,56.6,0.0
538650,1960.0,439.0,56.6,0.0
538651,1811.0,439.0,56.6,0.0
538651,1946.0,439.0,56.6,0.0
538668,1841.0,439.0,56.6,0.0
538669,1834.0,439.0,56.6,0.0
538669,1883.0,439.0,56.6,0.0
538669,1901.0,439.0,56.6,0.0
538682,2141.0,439.0,56.6,0.0
538683,2081.0,439.0,56.6,0.0
538683,2095.0,439.0,56.6,0.0
538696,2177.0,438.0,56.6,0.0
538697,2188.0,438.0,56.6,0.0
538697,2164.0,438.0,56.6,0.0
538697,2131.0,438.0,56.6,0.0
538713,2156.0,438.0,56.6,0.0
538713,2157.0,438.0,56.6,0.0
538713,2202.0,438.0,56.6,0.0
538714,2195.0,438.0,56.6,0.0
538727,1878.0,439.0,56.6,0.0
538728,1864.0,439.0,56.6,0.0
538728,1896.0,439.0,56.6,0.0
538744,2158.0,439.0,56.6,0.0
538744,2094.0,439.0,56.6,0.0
538744,2072.0,439.0,56.6,0.0
538744,2096.0,439.0,56.6,0.0
538758,2251.0,439.0,56.6,0.0
538758,2247.0,439.0,56.6,0.0
538759,2217.0,439.0,56.6,0.0
538771,1879.0,439.0,56.6,0.0
538772,1952.0,439.0,56.6,0.0
538772,1958.0,439.0,56.6,0.0
538772,2001.0,439.0,56.6,0.0
538790,1764.0,439.0,56.6,0.0
538790,1762.0,439.0,56.6,0.0
538790,1797.0,439.0,56.6,0.0
538791,1766.0,439.0,56.6,0.0
538803,2157.0,439.0,56.6,0.0
538804,2114.0,439.0,56.6,0.0
538804,2125.0,439.0,56.6,0.0
538817,2436.0,438.0,56.6,0.0
538818,2418.0,438.0,56.6,0.0
538818,2412.0,438.0,56.6,0.0
538818,2406.0,438.0,56.6,0.0
538834,2245.0,438.0,56.6,0.0
538834,2330.0,438.0,56.6,0.0
538834,2344.0,438.0,56.6,0.0
538835,2341.0,438.0,56.6,0.0
538848,1832.0,438.0,56.6,0.0
538848,1834.0,438.0,56.6,0.0
538849,1822.0,438.0,56.6,0.0
538865,2056.0,438.0,56.6,0.0
538866,2007.0,438.0,56.6,0.0
538866,2016.0,438.0,56.6,0.0
538866,2038.0,438.0,56.6,0.0
538879,2311.0,438.0,56.6,0.0
538879,2266.0,438.0,56.6,0.0
538879,2261.0,438.0,56.6,0.0
538892,1980.0,438.0,56.6,0.0
538892,2127.0,438.0,56.6,0.0
538893,2243.0,438.0,56.6,0.0
538893,2147.0,438.0,56.6,0.0
538911,1665.0,438.0,56.6,0.0
538911,1710.0,438.0,56.6,0.0
538912,1806.0,438.0,56.6,0.0
538915,2181.0,438.0,56.6,0.0
538916,2208.0,438.0,56.6,0.0
538928,1899.0,438.0,56.6,0.0
538929,1926.0,438.0,56.6,0.0
538929,1910.0,438.0,56.6,0.0
538945,1981.0,437.0,56.6,0.0
538946,1946.0,437.0,56.6,0.0
538946,1988.0,437.0,56.6,0.0
538946,2008.0,437.0,56.6,0.0
538959,2225.0,437.0,56.6,0.0
538959,2152.0,437.0,56.6,0.0
538959,2127.0,437.0,56.6,0.0
538972,1980.0,437.0,56.6,0.0
538972,2097.0,437.0,56.6,0.0
538973,2099.0,437.0,56.6,0.0
538973,2066.0,437.0,56.6,0.0
538989,1740.0,438.0,56.6,0.0
538990,1796.0,438.0,56.6,0.0
538990,1849.0,438.0,56.6,0.0
538990,1822.0,438.0,56.6,0.0
539003,2023.0,438.0,56.6,0.0
539003,2017.0,438.0,56.6,0.0
539003,2096.0,438.0,56.6,0.0
539020,2436.0,438.0,56.6,0.0
539021,2372.0,438.0,56.6,0.0
539021,2295.0,438.0,56.6,0.0
539021,2285.0,438.0,56.6,0.0
539035,2342.0,438.0,56.6,0.0
539035,2430.0,438.0,56.6,0.0
539036,2419.0,438.0,56.6,0.0
539036,2368.0,438.0,56.6,0.0
539048,1812.0,437.0,56.6,0.0
539049,1841.0,437.0,56.6,0.0
539049,1842.0,437.0,56.6,0.0
539067,1966.0,437.0,56.6,0.0
539067,1895.0,437.0,56.6,0.0
539067,1921.0,437.0,56.6,0.0
539067,1962.0,437.0,56.6,0.0
539080,2306.0,437.0,56.6,0.0
539080,2240.0,437.0,56.6,0.0
539081,2215.0,437.0,56.6,0.0
539093,2207.0,437.0,56.6,0.0
539094,2335.0,437.0,56.6,0.0
539094,2365.0,437.0,56.6,0.0
539094,2337.0,437.0,56.6,0.0
539110,1677.0,436.0,56.6,0.0
539111,1723.0,436.0,56.6,0.0
539111,1749.0,436.0,56.6,0.0
539111,1725.0,436.0,56.6,0.0
539125,2047.0,435.0,56.6,0.0
539125,2032.0,435.0,56.6,0.0
539125,2057.0,435.0,56.6,0.0
539141,2188.0,435.0,56.6,0.0
539142,2129.0,435.0,56.6,0.0
539142,2084.0,435.0,56.6,0.0
539142,2078.0,435.0,56.6,0.0
539156,2244.0,435.0,56.6,0.0
539156,2274.0,435.0,56.6,0.0
539156,2249.0,435.0,56.6,0.0
539169,1867.0,435.0,56.6,0.0
539169,1865.0,435.0,56.6,0.0
539170,1896.0,435.0,56.6,0.0
539170,1889.0,435.0,56.6,0.0
539187,1955.0,435.0,56.6,0.0
539187,1906.0,435.0,56.6,0.0
539187,1914.0,435.0,56.6,0.0
539187,1941.0,435.0,56.6,0.0
539200,2197.0,435.0,56.6,0.0
539200,2154.0,435.0,56.6,0.0
539201,2136.0,435.0,56.6,0.0
539214,2240.0,434.0,56.6,0.0
539215,2330.0,434.0,56.6,0.0
539216,2317.0,434.0,56.6,0.0
539216,2365.0,434.0,56.6,0.0
539232,1813.0,434.0,56.6,0.0
539233,1842.0,434.0,56.6,0.0
539233,1890.0,434.0,56.6,0.0
539233,1891.0,434.0,56.6,0.0
539246,1976.0,433.0,56.6,0.0
539247,2064.0,433.0,56.6,0.0
539247,1994.0,433.0,56.6,0.0
539264,2039.0,432.0,56.6,0.0
539264,2005.0,432.0,56.6,0.0
539265,1974.0,432.0,56.6,0.0
539265,1988.0,432.0,56.6,0.0
539277,2036.0,432.0,56.6,0.0
539278,2042.0,432.0,56.6,0.0
539278,2031.0,432.0,56.6,0.0
539290,1918.0,432.0,56.6,0.0
539291,1934.0,432.0,56.6,0.0
539291,1960.0,432.0,56.6,0.0
539291,1966.0,432.0,56.6,0.0
539308,1942.0,431.0,56.6,0.0
539308,1932.0,431.0,56.6,0.0
539309,1953.0,431.0,56.6,0.0
539309,1953.0,431.0,56.6,0.0
539321,2094.0,431.0,56.6,0.0
539322,2068.0,431.0,56.6,0.0
539322,2055.0,431.0,56.6,0.0
539339,2138.0,431.0,56.6,0.0
539339,2139.0,431.0,56.6,0.0
539339,2130.0,431.0,56.6,0.0
539340,2131.0,431.0,56.6,0.0
539352,1998.0,431.0,56.6,0.0
539353,2051.0,431.0,56.6,0.0
539353,2073.0,431.0,56.6,0.0
539366,1948.0,430.0,56.6,0.0
539367,1883.0,430.0,56.6,0.0
539368,1757.0,430.0,56.6,0.0
539368,1863.0,430.0,56.6,0.0
539386,1962.0,429.0,56.6,0.0
539386,1940.0,429.0,56.6,0.0
539386,1934.0,429.0,56.6,0.0
539387,1938.0,429.0,56.6,0.0
539399,2108.0,429.0,56.6,0.0
539400,2095.0,429.0,56.6,0.0
539400,2101.0,429.0,56.6,0.0
539413,2110.0,429.0,56.6,0.0
539414,2142.0,429.0,56.6,0.0
539414,2147.0,429.0,56.6,0.0
539414,2151.0,429.0,56.6,0.0
539430,1877.0,428.0,56.6,0.0
539430,1899.0,428.0,56.6,0.0
539430,1872.0,428.0,56.6,0.0
539431,1854.0,428.0,56.6,0.0
539444,1979.0,428.0,56.6,0.0
539445,1991.0,428.0,56.6,0.0
539445,2001.0,428.0,56.6,0.0
539460,2199.0,428.0,56.6,0.0
539461,2152.0,428.0,56.6,0.0
539461,2152.0,428.0,56.6,0.0
539461,2154.0,428.0,56.6,0.0
539475,2195.0,428.0,56.6,0.0
539475,2218.0,428.0,56.6,0.0
539475,2210.0,428.0,56.6,0.0
539488,1900.0,428.0,56.6,0.0
539488,1909.0,428.0,56.6,0.0
539489,2019.0,428.0,56.6,0.0
539489,1874.0,428.0,56.6,0.0
539507,1944.0,428.0,56.6,0.0
539507,1926.0,428.0,56.6,0.0
539507,1938.0,428.0,56.6,0.0
539508,1926.0,428.0,56.6,0.0
539520,2235.0,427.0,56.6,0.0
539521,2209.0,427.0,56.6,0.0
539521,2214.0,427.0,56.6,0.0
539535,2199.0,427.0,56.6,0.0
539535,2240.0,427.0,56.6,0.0
539535,2220.0,427.0,56.6,0.0
539536,2225.0,427.0,56.6,0.0
539551,1807.0,427.0,56.6,0.0
539552,1875.0,427.0,56.6,0.0
539552,1882.0,427.0,56.6,0.0
539552,1728.0,427.0,56.6,0.0
539566,1979.0,427.0,56.6,0.0
539566,2001.0,427.0,56.6,0.0
539566,2023.0,427.0,56.6,0.0
539583,2209.0,427.0,56.6,0.0
539583,2116.0,427.0,56.6,0.0
539584,2105.0,427.0,56.6,0.0
539584,2109.0,427.0,56.6,0.0
539596,2052.0,426.0,56.6,0.0
539597,2067.0,426.0,56.6,0.0
539597,2030.0,426.0,56.6,0.0
539609,1925.0,426.0,56.6,0.0
539610,1947.0,426.0,56.6,0.0
539610,1974.0,426.0,56.6,0.0
539610,1948.0,426.0,56.6,0.0
539628,1826.0,427.0,56.6,0.0
539629,1823.0,427.0,56.6,0.0
539629,1827.0,427.0,56.6,0.0
539629,1839.0,427.0,56.6,0.0
539642,2104.0,426.0,56.6,0.0
539643,2063.0,426.0,56.6,0.0
539643,2072.0,426.0,56.6,0.0
539656,1975.0,426.0,56.6,0.0
539656,1993.0,426.0,56.6,0.0
539656,1966.0,426.0,56.6,0.0
539657,1952.0,426.0,56.6,0.0
539674,2073.0,426.0,56.6,0.0
539674,2122.0,426.0,56.6,0.0
539675,2166.0,426.0,56.6,0.0
539675,2152.0,426.0,56.6,0.0
539688,1893.0,426.0,56.6,0.0
539688,1889.0,426.0,56.6,0.0
539688,1918.0,426.0,56.6,0.0
539701,2241.0,426.0,56.6,0.0
539701,2206.0,426.0,56.6,0.0
539701,2184.0,426.0,56.6,0.0
539702,2196.0,426.0,56.6,0.0
539718,2242.0,426.0,56.6,0.0
539719,2221.0,426.0,56.6,0.0
539719,2179.0,426.0,56.6,0.0
539719,2201.0,426.0,56.6,0.0
539733,1991.0,426.0,56.6,0.0
539733,2061.0,426.0,56.6,0.0
539734,2062.0,426.0,56.6,0.0
539734,2051.0,426.0,56.6,0.0
539750,1886.0,426.0,56.6,0.0
539750,1890.0,426.0,56.6,0.0
539750,1902.0,426.0,56.6,0.0
539751,1891.0,426.0,56.6,0.0
539764,2003.0,426.0,56.6,0.0
539765,1995.0,426.0,56.6,0.0
539765,2020.0,426.0,56.6,0.0
539778,2220.0,426.0,56.6,0.0
539778,2214.0,426.0,56.6,0.0
539778,2196.0,426.0,56.6,0.0
539778,2189.0,426.0,56.6,0.0
539795,2326.0,426.0,56.6,0.0
539796,2322.0,426.0,56.6,0.0
539796,2317.0,426.0,56.6,0.0
539796,2312.0,426.0,56.6,0.0
539809,1861.0,426.0,56.6,0.0
539809,1905.0,426.0,56.6,0.0
539809,1905.0,426.0,56.6,0.0
539826,1992.0,426.0,56.6,0.0
539827,1978.0,426.0,56.6,0.0
539827,1996.0,426.0,56.6,0.0
539827,2023.0,426.0,56.6,0.0
539840,2426.0,426.0,105.6,0.0
539840,2390.0,426.0,105.6,0.0
539840,2363.0,426.0,105.6,0.0
539854,2214.0,427.0,105.6,0.0
539854,2298.0,427.0,105.6,0.0
539855,2292.0,427.0,105.6,0.0
539855,2281.0,427.0,105.6,0.0
539872,1865.0,427.0,105.6,0.0
539873,1980.0,427.0,105.6,0.0
539873,2012.0,427.0,105.6,0.0
539873,1996.0,427.0,105.6,0.0
539886,1989.0,427.0,105.6,0.0
539886,1989.0,427.0,105.6,0.0
539886,2022.0,427.0,105.6,0.0
539899,2284.0,427.0,105.6,0.0
539899,2228.0,427.0,105.6,0.0
539900,2208.0,427.0,105.6,0.0
539900,2246.0,427.0,105.6,0.0
539916,2111.0,427.0,105.6,0.0
539917,2116.0,427.0,105.6,0.0
539917,2074.0,427.0,105.6,0.0
539917,2058.0,427.0,105.6,0.0
539930,2081.0,427.0,105.6,0.0
539930,1949.0,427.0,105.6,0.0
539930,1936.0,427.0,105.6,0.0
539944,2033.0,428.0,105.6,0.0
539944,1997.0,428.0,105.6,0.0
539945,2033.0,428.0,105.6,0.0
539945,2068.0,428.0,105.6,0.0
539961,2076.0,428.0,105.6,0.0
539962,2031.0,428.0,105.6,0.0
539962,2008.0,428.0,105.6,0.0
539962,2042.0,428.0,105.6,0.0
539975,2101.0,428.0,105.6,0.0
539975,2102.0,428.0,105.6,0.0
539975,2064.0,428.0,105.6,0.0
539992,1954.0,428.0,105.6,0.0
539993,2023.0,428.0,105.6,0.0
539993,2070.0,428.0,105.6,0.0
539993,2086.0,428.0,105.6,0.0
540006,1964.0,428.0,105.6,0.0
540006,1914.0,428.0,105.6,0.0
540006,1947.0,428.0,105.6,0.0
540019,2146.0,428.0,105.6,0.0
540019,2134.0,428.0,105.6,0.0
540019,2099.0,428.0,105.6,0.0
540020,2104.0,428.0,105.6,0.0
540037,2273.0,428.0,105.6,0.0
540037,2295.0,428.0,105.6,0.0
540037,2286.0,428.0,105.6,0.0
540037,2283.0,428.0,105.6,0.0
540050,1838.0,428.0,105.6,0.0
540050,1847.0,428.0,105.6,0.0
540051,1850.0,428.0,105.6,0.0
540064,2043.0,428.0,105.6,0.0
540065,2019.0,428.0,105.6,0.0
540065,2030.0,428.0,105.6,0.0
540065,2048.0,428.0,105.6,0.0
540082,2294.0,428.0,105.6,0.0
540082,2227.0,428.0,105.6,0.0
540082,2208.0,428.0,105.6,0.0
540082,2218.0,428.0,105.6,0.0
540095,2161.0,428.0,105.6,0.0
540095,2187.0,428.0,105.6,0.0
540096,2176.0,428.0,105.6,0.0
540113,1902.0,428.0,105.6,0.0
540113,1937.0,428.0,105.6,0.0
540113,1966.0,428.0,105.6,0.0
540114,1964.0,428.0,105.6,0.0
540126,1967.0,428.0,105.6,0.0
540126,1958.0,428.0,105.6,0.0
540127,1989.0,428.0,105.6,0.0
540139,2088.0,428.0,105.6,0.0
540140,2039.0,428.0,105.6,0.0
540140,2024.0,428.0,105.6,0.0
540140,2032.0,428.0,105.6,0.0
540157,2562.0,428.0,105.6,0.0
540157,2548.0,428.0,105.6,0.0
540158,2539.0,428.0,105.6,0.0
540158,2546.0,428.0,105.6,0.0
540171,1751.0,428.0,105.6,0.0
540172,1786.0,428.0,105.6,0.0
540172,1792.0,428.0,105.6,0.0
540188,1912.0,428.0,105.6,0.0
540188,1910.0,428.0,105.6,0.0
540188,1938.0,428.0,105.6,0.0
540189,1935.0,428.0,105.6,0.0
540202,2135.0,429.0,105.6,0.0
540203,2084.0,429.0,105.6,0.0
540203,2089.0,429.0,105.6,0.0
540215,2262.0,429.0,105.6,0.0
540216,2298.0,429.0,72.6,0.0
540216,2282.0,429.0,72.6,0.0
540216,2293.0,429.0,72.6,0.0
540234,1998.0,429.0,72.6,0.0
540234,2056.0,429.0,72.6,0.0
540235,2056.0,429.0,72.6,0.0
540235,2030.0,429.0,72.6,0.0
540247,1934.0,429.0,72.6,0.0
540248,1952.0,429.0,72.6,0.0
540248,1963.0,429.0,72.6,0.0
540262,2104.0,430.0,72.6,0.0
540262,2067.0,430.0,72.6,0.0
540262,2050.0,430.0,72.6,0.0
540262,2073.0,430.0,72.6,0.0
540278,2470.0,430.0,72.6,0.0
540279,2440.0,430.0,72.6,0.0
540279,2419.0,430.0,72.6,0.0
540279,2415.0,430.0,72.6,0.0
540293,1865.0,430.0,72.6,0.0
540293,1934.0,430.0,72.6,0.0
540293,1896.0,430.0,72.6,0.0
540309,1908.0,430.0,72.6,0.0
540309,1904.0,430.0,72.6,0.0
540310,1939.0,430.0,72.6,0.0
540310,1941.0,430.0,72.6,0.0
540323,2024.0,430.0,72.6,0.0
540324,1988.0,430.0,72.6,0.0
540324,2007.0,430.0,72.6,0.0
540336,1842.0,430.0,72.6,0.0
540337,1848.0,430.0,72.6,0.0
540337,1848.0,430.0,72.6,0.0
540337,1771.0,430.0,72.6,0.0
540355,2153.0,430.0,72.6,0.0
540356,2190.0,430.0,72.6,0.0
540356,2210.0,430.0,72.6,0.0
540356,2191.0,430.0,72.6,0.0
540369,1874.0,430.0,72.6,0.0
540369,1874.0,430.0,72.6,0.0
540369,1895.0,430.0,72.6,0.0
540383,2129.0,430.0,72.6,0.0
540383,2090.0,430.0,72.6,0.0
540383,2070.0,430.0,72.6,0.0
540383,2076.0,430.0,72.6,0.0
540400,2250.0,431.0,72.6,0.0
540401,2223.0,431.0,72.6,0.0
540401,2208.0,431.0,72.6,0.0
540401,2198.0,431.0,72.6,0.0
540413,2018.0,431.0,72.6,0.0
540414,2077.0,431.0,72.6,0.0
540414,2082.0,431.0,72.6,0.0
540431,1867.0,431.0,72.6,0.0
540431,1891.0,431.0,72.6,0.0
540431,1894.0,431.0,72.6,0.0
540432,1900.0,431.0,72.6,0.0
540444,1987.0,431.0,72.6,0.0
540445,1979.0,431.0,72.6,0.0
540445,1977.0,431.0,72.6,0.0
540457,2317.0,431.0,72.6,0.0
540458,2317.0,431.0,72.6,0.0
540458,2313.0,431.0,72.6,0.0
540458,2308.0,431.0,72.6,0.0
540476,2126.0,431.0,72.6,0.0
540476,2137.0,431.0,72.6,0.0
540477,2148.0,431.0,72.6,0.0
540477,2156.0,431.0,72.6,0.0
540490,1911.0,431.0,72.6,0.0
540491,1912.0,431.0,72.6,0.0
540491,1907.0,431.0,72.6,0.0
540503,2040.0,431.0,72.6,0.0
540504,2004.0,431.0,72.6,0.0
540504,2035.0,431.0,72.6,0.0
540504,2042.0,431.0,72.6,0.0
540521,2228.0,431.0,72.6,0.0
540521,2183.0,431.0,72.6,0.0
540521,2186.0,431.0,72.6,0.0
540522,2196.0,431.0,72.6,0.0
540534,2145.0,431.0,72.6,0.0
540535,2162.0,431.0,72.6,0.0
540535,2166.0,431.0,72.6,0.0
540552,1841.0,431.0,72.6,0.0
540552,1971.0,431.0,72.6,0.0
540553,1991.0,431.0,72.6,0.0
540553,1863.0,431.0,72.6,0.0
540565,2012.0,432.0,72.6,0.0
540566,1986.0,432.0,72.6,0.0
540566,1997.0,432.0,72.6,0.0
540580,2147.0,432.0,72.6,0.0
540580,2128.0,432.0,72.6,0.0
540580,2115.0,432.0,72.6,0.0
540580,2127.0,432.0,72.6,0.0
540597,2401.0,432.0,152.2,0.0
540598,2390.0,432.0,152.2,0.0
540598,2368.0,432.0,152.2,0.0
540598,2380.0,432.0,152.2,0.0
540612,1787.0,432.0,152.2,0.0
540612,1817.0,432.0,152.2,0.0
540612,1788.0,432.0,152.2,0.0
540625,2010.0,432.0,152.2,0.0
540625,2002.0,432.0,152.2,0.0
540626,2044.0,432.0,152.2,0.0
540626,2057.0,432.0,152.2,0.0
540643,1963.0,432.0,152.2,0.0
540643,1928.0,432.0,152.2,0.0
540643,1933.0,432.0,152.2,0.0
540643,1953.0,432.0,152.2,0.0
540656,2249.0,433.0,152.2,0.0
540656,2228.0,433.0,152.2,0.0
540657,2204.0,433.0,152.2,0.0
540670,1857.0,433.0,152.2,0.0
540671,1888.0,433.0,152.2,0.0
540671,1887.0,433.0,152.2,0.0
540671,1852.0,433.0,152.2,0.0
540687,1911.0,434.0,152.2,0.0
540687,1907.0,434.0,152.2,0.0
540687,1933.0,434.0,152.2,0.0
540688,1932.0,434.0,152.2,0.0
540701,2021.0,434.0,152.2,0.0
540701,2003.0,434.0,152.2,0.0
540702,2027.0,434.0,152.2,0.0
540718,2159.0,435.0,152.2,0.0
540718,2147.0,435.0,152.2,0.0
540718,2115.0,435.0,152.2,0.0
540718,2103.0,435.0,152.2,0.0
540732,1935.0,435.0,152.2,0.0
540732,2002.0,435.0,152.2,0.0
540733,1991.0,435.0,152.2,0.0
540745,1970.0,435.0,152.2,0.0
540746,1945.0,435.0,152.2,0.0
540746,1982.0,435.0,152.2,0.0
540746,1996.0,435.0,152.2,0.0
540763,2142.0,436.0,152.2,0.0
540763,2084.0,436.0,152.2,0.0
540763,2090.0,436.0,152.2,0.0
540764,2089.0,436.0,152.2,0.0
540776,2158.0,436.0,152.2,0.0
540777,2155.0,436.0,152.2,0.0
540777,2136.0,436.0,152.2,0.0
540793,2142.0,436.0,152.2,0.0
540794,2197.0,436.0,152.2,0.0
540794,2220.0,436.0,152.2,0.0
540794,2231.0,436.0,152.2,0.0
540807,1913.0,436.0,152.2,0.0
540807,1893.0,436.0,152.2,0.0
540807,1906.0,436.0,152.2,0.0
540821,2143.0,437.0,152.2,0.0
540821,2124.0,437.0,152.2,0.0
540822,2109.0,437.0,152.2,0.0
540822,2116.0,437.0,152.2,0.0
540839,2015.0,437.0,152.2,0.0
540840,2009.0,437.0,152.2,0.0
540840,2012.0,437.0,152.2,0.0
540840,1996.0,437.0,152.2,0.0
540853,2161.0,437.0,152.2,0.0
540853,2251.0,437.0,152.2,0.0
540854,2276.0,437.0,152.2,0.0
540866,1931.0,437.0,152.2,0.0
540867,1904.0,437.0,152.2,0.0
540867,1888.0,437.0,152.2,0.0
540867,1870.0,437.0,152.2,0.0
540884,2084.0,438.0,152.2,0.0
540884,2054.0,438.0,152.2,0.0
540884,2112.0,438.0,152.2,0.0
540885,2071.0,438.0,152.2,0.0
540897,2093.0,438.0,152.2,0.0
540897,2095.0,438.0,152.2,0.0
540898,2099.0,438.0,152.2,0.0
540911,1946.0,438.0,152.2,0.0
540911,1923.0,438.0,152.2,0.0
540912,1918.0,438.0,152.2,0.0
540912,1926.0,438.0,152.2,0.0
540929,1887.0,438.0,152.2,0.0
540929,1902.0,438.0,152.2,0.0
540929,1888.0,438.0,152.2,0.0
540929,1878.0,438.0,152.2,0.0
540942,2067.0,438.0,152.2,0.0
540942,2037.0,438.0,152.2,0.0
540943,2057.0,438.0,152.2,0.0
540959,2147.0,438.0,152.2,0.0
540960,2126.0,438.0,152.2,0.0
540960,2114.0,438.0,152.2,0.0
540960,2115.0,438.0,152.2,0.0
540973,2139.0,438.0,152.2,0.0
540973,2224.0,438.0,165.2,0.0
540974,2242.0,438.0,165.2,0.0
540986,1947.0,438.0,165.2,0.0
540987,1910.0,438.0,165.2,0.0
540987,1885.0,438.0,165.2,0.0
540988,1860.0,438.0,165.2,0.0
541005,2076.0,439.0,165.2,0.0
541005,2042.0,439.0,165.2,0.0
541006,2051.0,439.0,165.2,0.0
541006,2055.0,439.0,165.2,0.0
541019,2185.0,439.0,165.2,0.0
541020,2161.0,439.0,165.2,0.0
541020,2156.0,439.0,165.2,0.0
541036,2218.0,439.0,165.2,0.0
541037,2230.0,439.0,165.2,0.0
541037,2229.0,439.0,165.2,0.0
541037,2211.0,439.0,165.2,0.0
541051,1834.0,439.0,165.2,0.0
541051,1883.0,439.0,165.2,0.0
541051,1884.0,439.0,165.2,0.0
541064,2019.0,439.0,165.2,0.0
541065,1962.0,439.0,165.2,0.0
541065,1968.0,439.0,165.2,0.0
541065,1969.0,439.0,165.2,0.0
541083,2068.0,439.0,165.2,0.0
541084,2020.0,439.0,165.2,0.0
541084,2023.0,439.0,165.2,0.0
541084,2026.0,439.0,165.2,0.0
541098,2307.0,439.0,165.2,0.0
541098,2325.0,439.0,165.2,0.0
541098,2273.0,439.0,165.2,0.0
541111,1842.0,439.0,165.2,0.0
541111,1861.0,439.0,165.2,0.0
541112,1847.0,439.0,165.2,0.0
541112,1871.0,439.0,165.2,0.0
541129,1869.0,439.0,165.2,0.0
541129,1875.0,439.0,165.2,0.0
541129,1885.0,439.0,165.2,0.0
541130,1883.0,439.0,165.2,0.0
541142,2097.0,439.0,165.2,0.0
541143,2057.0,439.0,165.2,0.0
541143,2080.0,439.0,165.2,0.0
541160,2058.0,439.0,165.2,0.0
541160,2045.0,439.0,165.2,0.0
541161,2012.0,439.0,165.2,0.0
541161,1996.0,439.0,165.2,0.0
541173,2205.0,439.0,165.2,0.0
541174,2283.0,439.0,165.2,0.0
541174,2308.0,439.0,165.2,0.0
541187,1866.0,438.0,165.2,0.0
541188,1835.0,438.0,165.2,0.0
541188,1828.0,438.0,165.2,0.0
541188,1830.0,438.0,165.2,0.0
541205,2049.0,438.0,165.2,0.0
541206,2030.0,438.0,165.2,0.0
541206,2028.0,438.0,165.2,0.0
541206,2040.0,438.0,165.2,0.0
541220,2054.0,438.0,165.2,0.0
541220,2048.0,438.0,165.2,0.0
541220,2029.0,438.0,165.2,0.0
541233,2149.0,438.0,165.2,0.0
541233,2236.0,438.0,165.2,0.0
541234,2299.0,438.0,165.2,0.0
541234,2362.0,438.0,165.2,0.0
541251,1726.0,438.0,165.2,0.0
541252,1736.0,438.0,165.2,0.0
541252,1738.0,438.0,165.2,0.0
541252,1755.0,438.0,165.2,0.0
541265,2059.0,438.0,165.2,0.0
541265,2062.0,438.0,165.2,0.0
541265,2073.0,438.0,165.2,0.0
541279,4095.0,437.0,165.2,0.0
541279,4095.0,437.0,165.2,0.0
541279,4095.0,437.0,165.2,0.0
541280,4095.0,437.0,165.2,0.0
541296,1392.0,437.0,165.2,0.0
541296,1380.0,437.0,165.2,0.0
541296,1274.0,437.0,165.2,0.0
541296,1260.0,437.0,165.2,0.0
541310,2206.0,437.0,165.2,0.0
541310,2265.0,437.0,165.2,0.0
541311,2242.0,437.0,165.2,0.0
541328,1828.0,437.0,165.2,0.0
541328,1797.0,437.0,165.2,0.0
541328,1858.0,437.0,165.2,0.0
541328,1915.0,437.0,165.2,0.0
541341,2307.0,437.0,165.2,0.0
541342,2180.0,437.0,165.2,0.0
541342,2128.0,437.0,165.2,0.0
541355,2008.0,437.0,165.2,0.0
541355,2092.0,437.0,165.2,0.0
541355,2061.0,437.0,165.2,0.0
541356,2009.0,437.0,165.2,0.0
541372,1923.0,436.0,165.2,0.0
541373,1997.0,436.0,165.2,0.0
541373,2061.0,436.0,165.2,0.0
541373,2042.0,436.0,165.2,0.0
541387,1907.0,436.0,165.2,0.0
541387,1882.0,436.0,165.2,0.0
541387,1936.0,436.0,165.2,0.0
541403,2158.0,436.0,165.2,0.0
541404,2115.0,436.0,165.2,0.0
541404,2054.0,436.0,165.2,0.0
541404,2038.0,436.0,165.2,0.0
541417,2247.0,436.0,165.2,0.0
541418,2280.0,436.0,165.2,0.0
541419,2249.0,436.0,165.2,0.0
541431,1837.0,436.0,165.2,0.0
541432,1839.0,436.0,165.2,0.0
541432,1881.0,436.0,165.2,0.0
541432,1915.0,436.0,165.2,0.0
541450,1863.0,436.0,165.2,0.0
541451,1872.0,436.0,165.2,0.0
541451,1906.0,436.0,165.2,0.0
541451,1911.0,436.0,165.2,0.0
541464,2005.0,436.0,165.2,0.0
541464,1988.0,436.0,165.2,0.0
541464,1974.0,436.0,165.2,0.0
541478,2043.0,435.0,165.2,0.0
541478,2059.0,435.0,165.2,0.0
541478,2078.0,435.0,165.2,0.0
541479,2065.0,435.0,165.2,0.0
541494,2155.0,435.0,165.2,0.0
541495,2177.0,435.0,165.2,0.0
541495,2224.0,435.0,165.2,0.0
541495,2228.0,435.0,165.2,0.0
541509,1882.0,435.0,165.2,0.0
541509,1856.0,435.0,165.2,0.0
541509,1839.0,435.0,165.2,0.0
541526,1994.0,435.0,165.2,0.0
541526,1987.0,435.0,165.2,0.0
541527,1989.0,435.0,165.2,0.0
541527,1973.0,435.0,165.2,0.0
541539,2262.0,435.0,165.2,0.0
541540,2250.0,435.0,165.2,0.0
541540,2260.0,435.0,165.2,0.0
541553,1963.0,435.0,165.2,0.0
541553,1989.0,435.0,165.2,0.0
541553,1951.0,435.0,165.2,0.0
541571,1869.0,435.0,165.2,0.0
541572,1894.0,435.0,165.2,0.0
541572,1903.0,435.0,165.2,0.0
541572,1917.0,435.0,165.2,0.0
541585,2008.0,435.0,165.2,0.0
541585,1982.0,435.0,165.2,0.0
541585,2009.0,435.0,165.2,0.0
541599,2262.0,434.0,165.2,0.0
541599,2239.0,434.0,165.2,0.0
541599,2207.0,434.0,165.2,0.0
541600,2199.0,434.0,165.2,0.0
541617,2274.0,434.0,165.2,0.0
541617,2296.0,434.0,165.2,0.0
541618,2288.0,434.0,165.2,0.0
541618,2264.0,434.0,165.2,0.0
541630,1834.0,434.0,165.2,0.0
541631,1856.0,434.0,165.2,0.0
541631,1859.0,434.0,165.2,0.0
541648,1917.0,434.0,165.2,0.0
541648,1905.0,434.0,165.2,0.0
541648,1922.0,434.0,165.2,0.0
541649,1959.0,434.0,165.2,0.0
541661,2169.0,434.0,165.2,0.0
541662,2131.0,434.0,165.2,0.0
541662,2109.0,434.0,165.2,0.0
541675,2261.0,434.0,165.2,0.0
541676,2300.0,434.0,165.2,0.0
541676,2312.0,434.0,165.2,0.0
541676,2307.0,434.0,165.2,0.0
541693,2027.0,434.0,165.2,0.0
541693,2126.0,434.0,165.2,0.0
541694,2164.0,434.0,165.2,0.0
541694,2177.0,434.0,165.2,0.0
541707,1900.0,433.0,165.2,0.0
541708,1890.0,433.0,165.2,0.0
541708,1887.0,433.0,165.2,0.0
541721,2123.0,433.0,165.2,0.0
541721,2130.0,433.0,165.2,0.0
541722,2120.0,433.0,165.2,0.0
541722,2120.0,433.0,165.2,0.0
541739,2227.0,433.0,165.2,0.0
541739,2204.0,433.0,165.2,0.0
541740,2184.0,433.0,165.2,0.0
541740,2192.0,433.0,165.2,0.0
541753,1939.0,433.0,165.2,0.0
541753,2004.0,433.0,165.2,0.0
541753,2000.0,433.0,165.2,0.0
541770,1874.0,432.0,165.2,0.0
541771,1886.0,432.0,165.2,0.0
541771,1903.0,432.0,165.2,0.0
541771,1932.0,432.0,165.2,0.0
541784,1991.0,432.0,165.2,0.0
541784,1981.0,432.0,165.2,0.0
541784,2000.0,432.0,165.2,0.0
541798,2395.0,432.0,165.2,0.0
541798,2382.0,432.0,165.2,0.0
541799,2367.0,432.0,165.2,0.0
541799,2369.0,432.0,165.2,0.0
541816,1954.0,432.0,165.2,0.0
541817,1977.0,432.0,165.2,0.0
541817,1970.0,432.0,165.2,0.0
541817,1951.0,432.0,165.2,0.0
541830,1941.0,432.0,165.2,0.0
541830,1956.0,432.0,165.2,0.0
541830,1961.0,432.0,165.2,0.0
541843,2049.0,432.0,165.2,0.0
541843,2013.0,432.0,165.2,0.0
541844,2019.0,432.0,165.2,0.0
541860,2173.0,432.0,165.2,0.0
541861,2173.0,432.0,165.2,0.0
541861,2133.0,432.0,165.2,0.0
541861,2119.0,432.0,165.2,0.0
541875,2220.0,432.0,165.2,0.0
541875,2281.0,432.0,165.2,0.0
541876,2300.0,432.0,165.2,0.0
541892,1863.0,432.0,165.2,0.0
541892,1898.0,432.0,165.2,0.0
541892,1956.0,432.0,165.2,0.0
541893,1928.0,432.0,165.2,0.0
541906,1973.0,432.0,165.2,0.0
541907,1963.0,432.0,165.2,0.0
541907,1943.0,432.0,165.2,0.0
541920,2135.0,432.0,165.2,0.0
541920,2131.0,432.0,165.2,0.0
541920,2146.0,432.0,165.2,0.0
541920,2160.0,432.0,165.2,0.0
541938,2225.0,432.0,165.2,0.0
541939,2214.0,432.0,165.2,0.0
541939,2213.0,432.0,165.2,0.0
541939,2237.0,432.0,165.2,0.0
541952,1882.0,432.0,165.2,0.0
541952,1881.0,432.0,165.2,0.0
541952,1857.0,432.0,165.2,0.0
541966,1969.0,432.0,165.2,0.0
541966,1981.0,432.0,165.2,0.0
541966,1992.0,432.0,165.2,0.0
541967,1992.0,432.0,165.2,0.0
541982,2141.0,432.0,165.2,0.0
541983,2073.0,432.0,165.2,0.0
541983,2108.0,432.0,165.2,0.0
541983,2118.0,432.0,165.2,0.0
541997,2360.0,432.0,165.2,0.0
541997,2344.0,432.0,165.2,0.0
541997,2344.0,432.0,165.2,0.0
542013,1968.0,431.0,165.2,0.0
542014,2033.0,431.0,165.2,0.0
542014,2027.0,431.0,165.2,0.0
542014,2004.0,431.0,165.2,0.0
542027,1923.0,431.0,165.2,0.0
542028,1963.0,431.0,165.2,0.0
542028,1959.0,431.0,165.2,0.0
542041,2179.0,431.0,165.2,0.0
542041,2134.0,431.0,165.2,0.0
542041,2135.0,431.0,165.2,0.0
542042,2171.0,431.0,165.2,0.0
542060,2343.0,430.0,165.2,0.0
542060,2298.0,430.0,165.2,0.0
542060,2257.0,430.0,165.2,0.0
542061,2256.0,430.0,165.2,0.0
542074,2118.0,430.0,165.2,0.0
542075,2180.0,430.0,165.2,0.0
542075,2154.0,430.0,165.2,0.0
542087,1911.0,430.0,165.2,0.0
542088,1903.0,430.0,165.2,0.0
542088,1998.0,430.0,165.2,0.0
542088,1940.0,430.0,165.2,0.0
542105,2022.0,429.0,165.2,0.0
542105,1973.0,429.0,165.2,0.0
542106,1992.0,429.0,165.2,0.0
542106,2016.0,429.0,165.2,0.0
542118,2162.0,429.0,165.2,0.0
542119,2128.0,429.0,165.2,0.0
542119,2104.0,429.0,165.2,0.0
542136,1976.0,428.0,165.2,0.0
542136,2016.0,428.0,165.2,0.0
542136,2002.0,428.0,165.2,0.0
542136,1974.0,428.0,165.2,0.0
542149,1913.0,428.0,165.2,0.0
542149,1942.0,428.0,165.2,0.0
542150,1979.0,428.0,165.2,0.0
542162,2076.0,428.0,165.2,0.0
542163,2028.0,428.0,165.2,0.0
542163,2014.0,428.0,165.2,0.0
542163,2040.0,428.0,165.2,0.0
542181,2088.0,427.0,165.2,0.0
542181,2059.0,427.0,165.2,0.0
542181,2027.0,427.0,165.2,0.0
542182,2023.0,427.0,165.2,0.0
542195,2349.0,428.0,165.2,0.0
542196,2416.0,428.0,165.2,0.0
542196,2428.0,428.0,165.2,0.0
542209,1826.0,427.0,165.2,0.0
542209,1805.0,427.0,165.2,0.0
542209,1831.0,427.0,165.2,0.0
542210,1814.0,427.0,165.2,0.0
542226,1975.0,427.0,165.2,0.0
542227,1984.0,427.0,165.2,0.0
542227,1978.0,427.0,165.2,0.0
542227,1974.0,427.0,165.2,0.0
542240,2092.0,427.0,165.2,0.0
542240,2073.0,427.0,165.2,0.0
542240,2080.0,427.0,165.2,0.0
542254,2074.0,426.0,165.2,0.0
542254,2127.0,426.0,165.2,0.0
542254,2091.0,426.0,165.2,0.0
542254,2106.0,426.0,165.2,0.0
542270,1880.0,426.0,165.2,0.0
542271,1914.0,426.0,165.2,0.0
542271,1890.0,426.0,165.2,0.0
542271,1876.0,426.0,165.2,0.0
542284,1972.0,426.0,165.2,0.0
542285,1985.0,426.0,165.2,0.0
542285,2004.0,426.0,165.2,0.0
542301,2066.0,426.0,165.2,0.0
542301,2065.0,426.0,165.2,0.0
542302,2039.0,426.0,165.2,0.0
542302,2044.0,426.0,165.2,0.0
542315,1987.0,426.0,165.2,0.0
542316,1995.0,426.0,165.2,0.0
542316,1976.0,426.0,165.2,0.0
542329,1947.0,425.0,165.2,0.0
542329,1962.0,425.0,165.2,0.0
542329,1978.0,425.0,165.2,0.0
542329,1948.0,425.0,165.2,0.0
542346,1962.0,425.0,165.2,0.0
542347,1972.0,425.0,165.2,0.0
542347,1988.0,425.0,165.2,0.0
542347,1986.0,425.0,165.2,0.0
542360,2167.0,425.0,165.2,0.0
542360,2149.0,425.0,165.2,0.0
542360,2137.0,425.0,165.2,0.0
542374,2223.0,425.0,165.2,0.0
542374,2292.0,425.0,165.2,0.0
542375,2282.0,425.0,165.2,0.0
542375,2293.0,425.0,165.2,0.0
542391,1791.0,425.0,165.2,0.0
542391,1807.0,425.0,165.2,0.0
542391,1808.0,425.0,165.2,0.0
542392,1783.0,425.0,165.2,0.0
542405,2027.0,424.0,165.2,0.0
542405,2025.0,424.0,165.2,0.0
542406,2041.0,424.0,165.2,0.0
542422,2067.0,424.0,165.2,0.0
542422,2028.0,424.0,165.2,0.0
542422,2018.0,424.0,165.2,0.0
542422,2031.0,424.0,165.2,0.0
542436,2021.0,423.0,165.2,0.0
542436,2039.0,423.0,165.2,0.0
542437,2016.0,423.0,165.2,0.0
542449,1914.0,423.0,165.2,0.0
542449,1936.0,423.0,165.2,0.0
542450,1972.0,423.0,165.2,0.0
542450,1957.0,423.0,165.2,0.0
542466,1930.0,423.0,165.2,0.0
542467,1920.0,423.0,165.2,0.0
542467,1921.0,423.0,165.2,0.0
542467,1925.0,423.0,165.2,0.0
542480,2109.0,423.0,165.2,0.0
542480,2077.0,423.0,165.2,0.0
542481,2079.0,423.0,165.2,0.0
542494,2211.0,423.0,165.2,0.0
542495,2286.0,423.0,165.2,0.0
542495,2308.0,423.0,165.2,0.0
542496,2294.0,423.0,165.2,0.0
542513,2262.0,423.0,165.2,0.0
542513,2363.0,423.0,165.2,0.0
542513,2414.0,423.0,165.2,0.0
542514,2423.0,423.0,165.2,0.0
542526,1874.0,423.0,165.2,0.0
542527,1845.0,423.0,165.2,0.0
542527,1829.0,423.0,165.2,0.0
542544,2063.0,423.0,165.2,0.0
542544,2069.0,423.0,165.2,0.0
542545,2081.0,423.0,165.2,0.0
542545,2099.0,423.0,165.2,0.0
542557,2249.0,423.0,165.2,0.0
542558,2232.0,423.0,165.2,0.0
542558,2235.0,423.0,165.2,0.0
542571,1853.0,423.0,165.2,0.0
542571,1867.0,423.0,165.2,0.0
542571,1976.0,423.0,165.2,0.0
542571,1818.0,423.0,165.2,0.0
542588,1916.0,424.0,165.2,0.0
542589,1932.0,424.0,165.2,0.0
542589,1941.0,424.0,165.2,0.0
542589,1928.0,424.0,165.2,0.0
542603,2027.0,424.0,165.2,0.0
542603,2020.0,424.0,165.2,0.0
542603,2041.0,424.0,165.2,0.0
542619,2268.0,424.0,165.2,0.0
542620,2224.0,424.0,165.2,0.0
542620,2202.0,424.0,165.2,0.0
542620,2206.0,424.0,165.2,0.0
542634,1999.0,424.0,165.2,0.0
542634,2043.0,424.0,165.2,0.0
542634,2001.0,424.0,165.2,0.0
542647,1941.0,424.0,165.2,0.0
542647,1944.0,424.0,165.2,0.0
542647,1971.0,424.0,165.2,0.0
542648,1974.0,424.0,165.2,0.0
542666,1973.0,424.0,165.2,0.0
542666,1951.0,424.0,165.2,0.0
542666,1959.0,424.0,165.2,0.0
542667,1990.0,424.0,165.2,0.0
542679,2363.0,425.0,165.2,0.0
542680,2310.0,425.0,165.2,0.0
542680,2294.0,425.0,165.2,0.0
542693,1991.0,426.0,165.2,0.0
542694,2063.0,426.0,165.2,0.0
542694,2072.0,426.0,165.2,0.0
542694,2059.0,426.0,165.2,0.0
542710,1854.0,426.0,165.2,0.0
542710,1874.0,426.0,165.2,0.0
542710,1886.0,426.0,165.2,0.0
542711,1859.0,426.0,165.2,0.0
542724,2039.0,426.0,165.2,0.0
542724,2018.0,426.0,165.2,0.0
542725,2046.0,426.0,165.2,0.0
542740,2194.0,426.0,165.2,0.0
542741,2161.0,426.0,165.2,0.0
542741,2125.0,426.0,165.2,0.0
542741,2126.0,426.0,165.2,0.0
542755,2037.0,426.0,165.2,0.0
542755,2066.0,426.0,165.2,0.0
542755,2053.0,426.0,165.2,0.0
542768,1947.0,426.0,165.2,0.0
542768,1912.0,426.0,165.2,0.0
542769,1953.0,426.0,165.2,0.0
542769,1961.0,426.0,165.2,0.0
542786,1979.0,426.0,165.2,0.0
542787,1940.0,426.0,165.2,0.0
542787,1958.0,426.0,165.2,0.0
542787,1982.0,426.0,165.2,0.0
542800,2131.0,426.0,165.2,0.0
542800,2091.0,426.0,165.2,0.0
542801,2071.0,426.0,165.2,0.0
542814,2212.0,427.0,165.2,0.0
542814,2281.0,427.0,165.2,0.0
542815,2290.0,427.0,165.2,0.0
542815,2290.0,427.0,165.2,0.0
542831,1814.0,427.0,165.2,0.0
542832,1866.0,427.0,165.2,0.0
542832,1880.0,427.0,165.2,0.0
542832,1890.0,427.0,165.2,0.0
542845,2013.0,427.0,165.2,0.0
542845,1987.0,427.0,165.2,0.0
542845,2011.0,427.0,165.2,0.0
542862,2046.0,427.0,165.2,0.0
542863,2027.0,427.0,165.2,0.0
542863,2017.0,427.0,165.2,0.0
542863,2013.0,427.0,165.2,0.0
542875,2113.0,427.0,165.2,0.0
542876,2132.0,427.0,165.2,0.0
542876,2116.0,427.0,165.2,0.0
542889,1915.0,427.0,165.2,0.0
542889,1915.0,427.0,165.2,0.0
542889,1915.0,427.0,165.2,0.0
542907,1943.0,427.0,165.2,0.0
542908,1928.0,427.0,165.2,0.0
542908,1914.0,427.0,165.2,0.0
542908,1918.0,427.0,165.2,0.0
542921,2081.0,427.0,165.2,0.0
542922,2075.0,427.0,165.2,0.0
542922,2065.0,427.0,165.2,0.0
542935,2065.0,427.0,165.2,0.0
542935,2096.0,427.0,165.2,0.0
542935,2080.0,427.0,165.2,0.0
542935,2094.0,427.0,165.2,0.0
542952,1936.0,427.0,165.2,0.0
542952,1992.0,427.0,165.2,0.0
542953,2001.0,427.0,165.2,0.0
542953,2003.0,427.0,165.2,0.0
542965,1982.0,427.0,165.2,0.0
542966,1972.0,427.0,165.2,0.0
542966,1964.0,427.0,165.2,0.0
542979,2110.0,427.0,165.2,0.0
542979,2101.0,427.0,165.2,0.0
542979,2099.0,427.0,165.2,0.0
542979,2109.0,427.0,165.2,0.0
542996,2095.0,427.0,165.2,0.0
542996,2094.0,427.0,165.2,0.0
542997,2075.0,427.0,165.2,0.0
542997,2103.0,427.0,165.2,0.0
543009,1926.0,427.0,165.2,0.0
543010,1933.0,427.0,165.2,0.0
543010,1910.0,427.0,165.2,0.0
543027,1898.0,427.0,165.2,0.0
543028,1892.0,427.0,165.2,0.0
543028,1917.0,427.0,165.2,0.0
543028,1903.0,427.0,165.2,0.0
543042,2090.0,427.0,165.2,0.0
543043,2063.0,427.0,165.2,0.0
543043,2065.0,427.0,165.2,0.0
543055,2099.0,427.0,165.2,0.0
543056,2116.0,427.0,165.2,0.0
543056,2099.0,427.0,165.2,0.0
543056,2094.0,427.0,165.2,0.0
543073,2000.0,427.0,165.2,0.0
543073,2075.0,427.0,165.2,0.0
543074,2096.0,427.0,165.2,0.0
543074,2095.0,427.0,165.2,0.0
543086,1922.0,427.0,165.2,0.0
543087,1959.0,427.0,165.2,0.0
543087,1952.0,427.0,165.2,0.0
543103,2102.0,427.0,165.2,0.0
543104,2058.0,427.0,165.2,0.0
543104,2051.0,427.0,165.2,0.0
543104,2056.0,427.0,165.2,0.0
543117,2159.0,427.0,165.2,0.0
543117,2160.0,427.0,165.2,0.0
543118,2152.0,427.0,165.2,0.0
543131,1948.0,428.0,165.2,0.0
543131,1920.0,428.0,165.2,0.0
543132,1926.0,428.0,165.2,0.0
543132,1931.0,428.0,165.2,0.0
543149,1860.0,428.0,165.2,0.0
543149,1869.0,428.0,165.2,0.0
543149,1726.0,428.0,165.2,0.0
543150,1877.0,428.0,165.2,0.0
543163,2012.0,428.0,165.2,0.0
543163,1999.0,428.0,165.2,0.0
543164,2021.0,428.0,165.2,0.0
543176,2273.0,428.0,165.2,0.0
543177,2262.0,428.0,165.2,0.0
543177,2239.0,428.0,165.2,0.0
543177,2237.0,428.0,165.2,0.0
543194,2055.0,428.0,165.2,0.0
543194,2104.0,428.0,165.2,0.0
543194,2090.0,428.0,165.2,0.0
543194,2078.0,428.0,165.2,0.0
543207,1943.0,428.0,165.2,0.0
543207,1949.0,428.0,165.2,0.0
543208,1923.0,428.0,165.2,0.0
543221,2268.0,429.0,165.2,0.0
543221,2224.0,429.0,165.2,0.0
543222,2227.0,429.0,165.2,0.0
543222,2252.0,429.0,165.2,0.0
543237,2191.0,429.0,165.2,0.0
543238,2169.0,429.0,165.2,0.0
543238,2141.0,429.0,165.2,0.0
543238,2159.0,429.0,165.2,0.0
543252,1948.0,429.0,165.2,0.0
543252,1967.0,429.0,165.2,0.0
543252,1934.0,429.0,165.2,0.0
543268,1932.0,429.0,165.2,0.0
543269,1942.0,429.0,165.2,0.0
543269,1982.0,429.0,165.2,0.0
543269,1992.0,429.0,165.2,0.0
543283,2217.0,429.0,165.2,0.0
543283,2140.0,429.0,165.2,0.0
543283,2145.0,429.0,165.2,0.0
543296,2047.0,429.0,165.2,0.0
543296,2053.0,429.0,165.2,0.0
543296,2023.0,429.0,165.2,0.0
543297,2012.0,429.0,165.2,0.0
543313,1986.0,429.0,165.2,0.0
543314,2058.0,429.0,165.2,0.0
543314,2070.0,429.0,165.2,0.0
543314,2029.0,429.0,165.2,0.0
543327,1926.0,430.0,165.2,0.0
543327,1930.0,430.0,165.2,0.0
543327,1970.0,430.0,165.2,0.0
543341,2215.0,430.0,165.2,0.0
543341,2159.0,430.0,165.2,0.0
543341,2139.0,430.0,165.2,0.0
543342,2157.0,430.0,165.2,0.0
543357,2219.0,430.0,165.2,0.0
543358,2211.0,430.0,165.2,0.0
543358,2173.0,430.0,165.2,0.0
543358,2154.0,430.0,165.2,0.0
543372,1902.0,430.0,165.2,0.0
543372,1954.0,430.0,165.2,0.0
543372,1942.0,430.0,165.2,0.0
543388,1927.0,430.0,165.2,0.0
543389,1905.0,430.0,165.2,0.0
543389,1935.0,430.0,165.2,0.0
543389,1960.0,430.0,165.2,0.0
543402,2123.0,430.0,165.2,0.0
543403,2068.0,430.0,165.2,0.0
543403,2057.0,430.0,165.2,0.0
543416,2104.0,431.0,165.2,0.0
543416,2133.0,431.0,165.2,0.0
543416,2114.0,431.0,165.2,0.0
543417,2091.0,431.0,165.2,0.0
543435,2247.0,431.0,165.2,0.0
543435,2297.0,431.0,165.2,0.0
543435,2346.0,431.0,165.2,0.0
543436,2331.0,431.0,165.2,0.0
543449,1816.0,431.0,165.2,0.0
543450,1803.0,431.0,165.2,0.0
543450,1813.0,431.0,165.2,0.0
543465,2008.0,431.0,165.2,0.0
543466,1982.0,431.0,165.2,0.0
543466,1979.0,431.0,165.2,0.0
543466,1972.0,431.0,165.2,0.0
543480,2233.0,431.0,165.2,0.0
543480,2219.0,431.0,165.2,0.0
543480,2218.0,431.0,165.2,0.0
543493,2097.0,432.0,165.2,0.0
543493,2160.0,432.0,165.2,0.0
543494,2179.0,432.0,165.2,0.0
543494,2219.0,432.0,165.2,0.0
543511,1813.0,432.0,165.2,0.0
543512,1831.0,432.0,165.2,0.0
543512,1835.0,432.0,165.2,0.0
543512,1829.0,432.0,165.2,0.0
543525,1986.0,432.0,165.2,0.0
543525,2004.0,432.0,165.2,0.0
543526,2018.0,432.0,165.2,0.0
543539,2171.0,433.0,165.2,0.0
543539,2147.0,433.0,165.2,0.0
543540,2142.0,433.0,165.2,0.0
543540,2141.0,433.0,165.2,0.0
543555,2039.0,433.0,165.2,0.0
543556,2039.0,433.0,165.2,0.0
543556,2020.0,433.0,165.2,0.0
543556,2012.0,433.0,165.2,0.0
543570,1946.0,434.0,165.2,0.0
543570,1957.0,434.0,165.2,0.0
543570,1929.0,434.0,165.2,0.0
543586,1954.0,434.0,165.2,0.0
543587,1934.0,434.0,165.2,0.0
543587,1954.0,434.0,165.2,0.0
543587,1961.0,434.0,165.2,0.0
543600,2122.0,435.0,165.2,0.0
543601,2090.0,435.0,165.2,0.0
543601,2089.0,435.0,165.2,0.0
543613,2073.0,435.0,165.2,0.0
543614,2114.0,435.0,165.2,0.0
543614,2120.0,435.0,165.2,0.0
543614,2100.0,435.0,165.2,0.0
543632,1958.0,435.0,165.2,0.0
543632,2031.0,435.0,165.2,0.0
543633,1956.0,435.0,165.2,0.0
543633,2094.0,435.0,165.2,0.0
543645,1978.0,436.0,165.2,0.0
543646,1975.0,436.0,165.2,0.0
543646,1981.0,436.0,165.2,0.0
543659,2165.0,436.0,165.2,0.0
543660,2126.0,436.0,165.2,0.0
543660,2127.0,436.0,165.2,0.0
543660,2129.0,436.0,165.2,0.0
543676,2327.0,437.0,165.2,0.0
543676,2347.0,437.0,165.2,0.0
543677,2323.0,437.0,165.2,0.0
543677,2321.0,437.0,165.2,0.0
543690,1824.0,437.0,165.2,0.0
543691,1833.0,437.0,165.2,0.0
543691,1818.0,437.0,165.2,0.0
543707,1939.0,437.0,165.2,0.0
543707,1910.0,437.0,165.2,0.0
543707,1921.0,437.0,165.2,0.0
543707,1949.0,437.0,165.2,0.0
543721,2091.0,437.0,165.2,0.0
543721,2048.0,437.0,165.2,0.0
543722,2057.0,437.0,165.2,0.0
543734,2144.0,437.0,165.2,0.0
543735,2205.0,437.0,165.2,0.0
543735,2175.0,437.0,165.2,0.0
543735,2152.0,437.0,165.2,0.0
543753,1956.0,438.0,165.2,0.0
543753,2017.0,438.0,165.2,0.0
543753,2033.0,438.0,165.2,0.0
543754,2046.0,438.0,165.2,0.0
543766,1973.0,438.0,165.2,0.0
543767,1954.0,438.0,165.2,0.0
543767,1975.0,438.0,165.2,0.0
543780,2103.0,438.0,165.2,0.0
543781,2061.0,438.0,165.2,0.0
543781,2046.0,438.0,165.2,0.0
543781,2062.0,438.0,165.2,0.0
543797,2309.0,439.0,165.2,0.0
543797,2304.0,439.0,165.2,0.0
543797,2287.0,439.0,165.2,0.0
543797,2278.0,439.0,165.2,0.0
543811,1837.0,438.0,165.2,0.0
543811,1873.0,438.0,165.2,0.0
543812,1878.0,438.0,165.2,0.0
543829,1935.0,439.0,165.2,0.0
543829,1923.0,439.0,165.2,0.0
543829,1950.0,439.0,165.2,0.0
543830,1951.0,439.0,165.2,0.0
543843,2053.0,439.0,165.2,0.0
543843,2008.0,439.0,165.2,0.0
543843,2007.0,439.0,165.2,0.0
543856,2242.0,439.0,165.2,0.0
543856,2270.0,439.0,165.2,0.0
543857,2263.0,439.0,165.2,0.0
543857,2234.0,439.0,165.2,0.0
543875,2143.0,439.0,165.2,0.0
543875,2218.0,439.0,165.2,0.0
543875,2226.0,439.0,165.2,0.0
543875,2225.0,439.0,165.2,0.0
543889,1877.0,440.0,165.2,0.0
543889,1852.0,440.0,165.2,0.0
543890,1860.0,440.0,165.2,0.0
543903,2152.0,439.0,165.2,0.0
543903,2100.0,439.0,165.2,0.0
543903,2091.0,439.0,165.2,0.0
543904,2110.0,439.0,165.2,0.0
543920,2224.0,439.0,165.2,0.0
543921,2193.0,439.0,165.2,0.0
543921,2181.0,439.0,165.2,0.0
543921,2177.0,439.0,165.2,0.0
543934,3227.0,439.0,165.2,0.0
543934,3553.0,439.0,165.2,0.0
543934,3755.0,439.0,165.2,0.0
543948,1651.0,439.0,165.2,0.0
543948,1646.0,439.0,165.2,0.0
543949,1519.0,439.0,165.2,0.0
543949,1383.0,439.0,165.2,0.0
543965,2284.0,439.0,165.2,0.0
543965,2396.0,439.0,165.2,0.0
543966,2461.0,439.0,165.2,0.0
543966,2414.0,439.0,165.2,0.0
543979,1941.0,440.0,165.2,0.0
543980,1929.0,440.0,165.2,0.0
543980,1995.0,440.0,165.2,0.0
543996,2142.0,440.0,165.2,0.0
543997,2102.0,440.0,165.2,0.0
543997,2041.0,440.0,165.2,0.0
543997,2056.0,440.0,165.2,0.0
544011,1926.0,439.0,165.2,0.0
544011,1945.0,439.0,165.2,0.0
544011,2027.0,439.0,165.2,0.0
544024,1976.0,439.0,165.2,0.0
544024,1986.0,439.0,165.2,0.0
544024,2052.0,439.0,165.2,0.0
544025,2071.0,439.0,165.2,0.0
544042,2072.0,439.0,165.2,0.0
544042,2008.0,439.0,165.2,0.0
544042,2010.0,439.0,165.2,0.0
544043,2077.0,439.0,165.2,0.0
544055,2242.0,439.0,165.2,0.0
544055,2226.0,439.0,165.2,0.0
544056,2185.0,439.0,165.2,0.0
544069,1847.0,439.0,165.2,0.0
544070,1897.0,439.0,165.2,0.0
544070,1905.0,439.0,165.2,0.0
544070,1852.0,439.0,165.2,0.0
544086,1944.0,439.0,165.2,0.0
544086,1954.0,439.0,165.2,0.0
544086,2012.0,439.0,165.2,0.0
544086,2015.0,439.0,165.2,0.0
544100,2110.0,439.0,165.2,0.0
544100,2062.0,439.0,165.2,0.0
544101,2087.0,439.0,165.2,0.0
544118,2538.0,439.0,165.2,0.0
544118,2549.0,439.0,165.2,0.0
544118,2506.0,439.0,165.2,0.0
544119,2464.0,439.0,165.2,0.0
544131,1745.0,439.0,165.2,0.0
544132,1831.0,439.0,165.2,0.0
544132,1818.0,439.0,165.2,0.0
544144,2091.0,439.0,165.2,0.0
544145,2027.0,439.0,165.2,0.0
544145,2068.0,439.0,165.2,0.0
544145,2105.0,439.0,165.2,0.0
544162,2253.0,438.0,165.2,0.0
544162,2151.0,438.0,165.2,0.0
544163,2143.0,438.0,165.2,0.0
544163,2190.0,438.0,165.2,0.0
544175,2043.0,438.0,165.2,0.0
544176,2065.0,438.0,165.2,0.0
544176,1981.0,438.0,165.2,0.0
544193,1982.0,437.0,165.2,0.0
544193,2084.0,437.0,165.2,0.0
544193,2146.0,437.0,165.2,0.0
544193,2142.0,437.0,165.2,0.0
544207,1894.0,437.0,165.2,0.0
544207,1870.0,437.0,165.2,0.0
544208,1900.0,437.0,165.2,0.0
544220,2165.0,437.0,165.2,0.0
544221,2138.0,437.0,165.2,0.0
544221,2095.0,437.0,165.2,0.0
544221,2087.0,437.0,165.2,0.0
544239,2025.0,437.0,165.2,0.0
544239,2048.0,437.0,165.2,0.0
544239,2028.0,437.0,165.2,0.0
544240,1986.0,437.0,165.2,0.0
544252,1985.0,437.0,165.2,0.0
544253,2067.0,437.0,165.2,0.0
544253,2105.0,437.0,165.2,0.0
544266,1946.0,436.0,165.2,0.0
544267,1902.0,436.0,165.2,0.0
544267,1885.0,436.0,165.2,0.0
544267,1907.0,436.0,165.2,0.0
544283,2145.0,436.0,165.2,0.0
544284,2103.0,436.0,165.2,0.0
544284,2068.0,436.0,165.2,0.0
544284,2060.0,436.0,165.2,0.0
544298,2130.0,437.0,165.2,0.0
544298,2164.0,437.0,165.2,0.0
544298,2145.0,437.0,165.2,0.0
544314,2173.0,437.0,165.2,0.0
544315,2215.0,437.0,165.2,0.0
544315,2244.0,437.0,165.2,0.0
544315,2266.0,437.0,165.2,0.0
544329,1873.0,436.0,165.2,0.0
544329,1855.0,436.0,165.2,0.0
544329,1827.0,436.0,165.2,0.0
544342,2084.0,436.0,165.2,0.0
544342,2092.0,436.0,165.2,0.0
544343,2088.0,436.0,165.2,0.0
544343,2083.0,436.0,165.2,0.0
544360,2212.0,436.0,165.2,0.0
544361,2192.0,436.0,165.2,0.0
544361,2193.0,436.0,165.2,0.0
544361,2203.0,436.0,165.2,0.0
544374,2100.0,436.0,165.2,0.0
544374,2102.0,436.0,165.2,0.0
544374,2112.0,436.0,165.2,0.0
544388,1915.0,436.0,165.2,0.0
544388,1911.0,436.0,165.2,0.0
544389,1909.0,436.0,165.2,0.0
544389,1873.0,436.0,165.2,0.0
544405,2009.0,436.0,165.2,0.0
544405,2020.0,436.0,165.2,0.0
544405,2028.0,436.0,165.2,0.0
544405,2018.0,436.0,165.2,0.0
544419,2230.0,435.0,165.2,0.0
544419,2215.0,435.0,165.2,0.0
544420,2231.0,435.0,165.2,0.0
544436,2129.0,435.0,165.2,0.0
544437,2139.0,435.0,165.2,0.0
544437,2113.0,435.0,165.2,0.0
544437,2099.0,435.0,165.2,0.0
544450,1912.0,435.0,165.2,0.0
544450,1936.0,435.0,165.2,0.0
544450,1936.0,435.0,165.2,0.0
544463,2086.0,435.0,165.2,0.0
544463,2040.0,435.0,165.2,0.0
544464,2060.0,435.0,165.2,0.0
544464,2086.0,435.0,165.2,0.0
544481,2041.0,435.0,165.2,0.0
544482,1996.0,435.0,165.2,0.0
544482,1972.0,435.0,165.2,0.0
544482,2012.0,435.0,165.2,0.0
544496,2244.0,435.0,165.2,0.0
544496,2236.0,435.0,165.2,0.0
544496,2220.0,435.0,165.2,0.0
544509,1849.0,435.0,165.2,0.0
544509,1879.0,435.0,165.2,0.0
544510,1888.0,435.0,165.2,0.0
544510,1861.0,435.0,165.2,0.0
544526,1874.0,435.0,165.2,0.0
544527,1856.0,435.0,165.2,0.0
544527,1862.0,435.0,165.2,0.0
544527,1862.0,435.0,165.2,0.0
544540,2068.0,435.0,165.2,0.0
544540,2048.0,435.0,165.2,0.0
544540,2069.0,435.0,165.2,0.0
544553,2326.0,435.0,165.2,0.0
544553,2386.0,435.0,165.2,0.0
544554,2410.0,435.0,165.2,0.0
544570,1629.0,434.0,165.2,0.0
544571,1645.0,434.0,165.2,0.0
544571,1649.0,434.0,165.2,0.0
544571,1633.0,434.0,165.2,0.0
544584,2118.0,434.0,165.2,0.0
544584,2104.0,434.0,165.2,0.0
544585,2125.0,434.0,165.2,0.0
544602,3221.0,433.0,89.8,0.0
544602,3043.0,433.0,89.8,0.0
544603,2966.0,433.0,89.8,0.0
544603,2936.0,433.0,89.8,0.0
544616,1669.0,433.0,89.8,0.0
544617,1715.0,433.0,89.8,0.0
544617,1684.0,433.0,89.8,0.0
544629,2114.0,433.0,89.8,0.0
544630,2135.0,433.0,89.8,0.0
544630,2204.0,433.0,89.8,0.0
544630,2176.0,433.0,89.8,0.0
544647,1874.0,433.0,89.8,0.0
544647,1812.0,433.0,89.8,0.0
544648,1845.0,433.0,89.8,0.0
544648,1909.0,433.0,89.8,0.0
544660,2209.0,433.0,89.8,0.0
544661,2139.0,433.0,89.8,0.0
544661,2119.0,433.0,89.8,0.0
544678,2198.0,433.0,89.8,0.0
544678,2256.0,433.0,89.8,0.0
544678,2247.0,433.0,89.8,0.0
544679,2191.0,433.0,89.8,0.0
544691,1846.0,433.0,89.8,0.0
544692,1930.0,433.0,89.8,0.0
544692,1989.0,433.0,89.8,0.0
544705,2019.0,432.0,89.8,0.0
544706,1956.0,432.0,89.8,0.0
544706,1928.0,432.0,89.8,0.0
544706,1950.0,432.0,89.8,0.0
544723,2129.0,432.0,89.8,0.0
544723,2093.0,432.0,89.8,0.0
544724,2058.0,432.0,89.8,0.0
544724,2049.0,432.0,89.8,0.0
544737,2447.0,432.0,89.8,0.0
544738,2464.0,432.0,89.8,0.0
544738,2455.0,432.0,89.8,0.0
544751,1752.0,432.0,89.8,0.0
544751,1788.0,432.0,89.8,0.0
544751,1769.0,432.0,89.8,0.0
544752,1756.0,432.0,89.8,0.0
544768,1996.0,432.0,89.8,0.0
544769,1995.0,432.0,89.8,0.0
544769,2004.0,432.0,89.8,0.0
544769,2016.0,432.0,89.8,0.0
544782,2123.0,432.0,89.8,0.0
544782,2089.0,432.0,89.8,0.0
544782,2087.0,432.0,89.8,0.0
544796,2185.0,432.0,89.8,0.0
544796,2172.0,432.0,89.8,0.0
544796,2191.0,432.0,89.8,0.0
544796,2198.0,432.0,89.8,0.0
544812,1943.0,432.0,89.8,0.0
544813,2014.0,432.0,89.8,0.0
544813,2019.0,432.0,89.8,0.0
544813,2027.0,432.0,89.8,0.0
544826,1940.0,431.0,89.8,0.0
544827,1938.0,431.0,89.8,0.0
544827,1937.0,431.0,89.8,0.0
544843,2142.0,431.0,89.8,0.0
544844,2104.0,431.0,89.8,0.0
544844,2093.0,431.0,89.8,0.0
544844,2108.0,431.0,89.8,0.0
544858,2035.0,431.0,89.8,0.0
544858,2012.0,431.0,89.8,0.0
544858,2004.0,431.0,89.8,0.0
544871,1940.0,431.0,89.8,0.0
544871,1982.0,431.0,89.8,0.0
544871,1996.0,431.0,89.8,0.0
544872,2010.0,431.0,89.8,0.0
544889,1708.0,430.0,89.8,0.0
544889,1697.0,430.0,89.8,0.0
544889,1705.0,430.0,89.8,0.0
544889,1674.0,430.0,89.8,0.0
544902,2314.0,430.0,89.8,0.0
544902,2279.0,430.0,89.8,0.0
544903,2301.0,430.0,89.8,0.0
544916,2069.0,430.0,89.8,0.0
544917,2072.0,430.0,89.8,0.0
544917,2027.0,430.0,89.8,0.0
544917,2018.0,430.0,89.8,0.0
544933,2077.0,430.0,89.8,0.0
544933,2166.0,430.0,89.8,0.0
544933,2177.0,430.0,89.8,0.0
544933,2156.0,430.0,89.8,0.0
544947,1868.0,429.0,89.8,0.0
544947,1879.0,429.0,89.8,0.0
544948,1906.0,429.0,89.8,0.0
544965,2043.0,428.0,89.8,0.0
544965,1993.0,428.0,89.8,0.0
544965,1995.0,428.0,89.8,0.0
544965,2025.0,428.0,89.8,0.0
544978,2246.0,428.0,89.8,0.0
544978,2222.0,428.0,89.8,0.0
544979,2188.0,428.0,89.8,0.0
544991,1861.0,428.0,89.8,0.0
544992,1915.0,428.0,89.8,0.0
544992,1930.0,428.0,89.8,0.0
544992,1903.0,428.0,89.8,0.0
545009,1858.0,428.0,89.8,0.0
545009,1856.0,428.0,89.8,0.0
545009,1878.0,428.0,89.8,0.0
545009,1876.0,428.0,89.8,0.0
545022,2097.0,428.0,89.8,0.0
545023,2064.0,428.0,89.8,0.0
545023,2080.0,428.0,89.8,0.0
545037,2235.0,427.0,89.8,0.0
545037,2227.0,427.0,89.8,0.0
545037,2194.0,427.0,89.8,0.0
545038,2180.0,427.0,89.8,0.0
545055,2076.0,427.0,89.8,0.0
545055,2123.0,427.0,89.8,0.0
545055,2118.0,427.0,89.8,0.0
545055,2092.0,427.0,89.8,0.0
545068,1882.0,426.0,89.8,0.0
545068,1913.0,426.0,89.8,0.0
545069,1922.0,426.0,89.8,0.0
545086,1981.0,426.0,89.8,0.0
545086,1931.0,426.0,89.8,0.0
545086,1938.0,426.0,89.8,0.0
545086,1963.0,426.0,89.8,0.0
545099,2215.0,426.0,89.8,0.0
545099,2195.0,426.0,89.8,0.0
545100,2174.0,426.0,89.8,0.0
545112,1967.0,426.0,89.8,0.0
545113,2026.0,426.0,89.8,0.0
545113,2050.0,426.0,89.8,0.0
545113,2040.0,426.0,89.8,0.0
545130,1846.0,425.0,89.8,0.0
545130,1854.0,425.0,89.8,0.0
545130,1866.0,425.0,89.8,0.0
545130,1871.0,425.0,89.8,0.0
545144,2004.0,424.0,89.8,0.0
545144,1968.0,424.0,89.8,0.0
545144,1993.0,424.0,89.8,0.0
545160,2093.0,424.0,89.8,0.0
545161,2068.0,424.0,89.8,0.0
545161,2042.0,424.0,89.8,0.0
545161,2034.0,424.0,89.8,0.0
545175,2190.0,424.0,89.8,0.0
545175,2250.0,424.0,89.8,0.0
545175,2240.0,424.0,89.8,0.0
545188,1900.0,424.0,89.8,0.0
545188,1874.0,424.0,89.8,0.0
545188,1895.0,424.0,89.8,0.0
545189,1871.0,424.0,89.8,0.0
545207,1966.0,424.0,89.8,0.0
545207,1949.0,424.0,89.8,0.0
545207,1946.0,424.0,89.8,0.0
545207,1931.0,424.0,89.8,0.0
545220,2157.0,424.0,89.8,0.0
545220,2149.0,424.0,89.8,0.0
545221,2151.0,424.0,89.8,0.0
545234,2127.0,424.0,89.8,0.0
545235,2197.0,424.0,89.8,0.0
545235,2174.0,424.0,89.8,0.0
545235,2177.0,424.0,89.8,0.0
545251,1860.0,424.0,89.8,0.0
545251,1875.0,424.0,89.8,0.0
545251,1862.0,424.0,89.8,0.0
545252,1846.0,424.0,89.8,0.0
545265,1987.0,424.0,89.8,0.0
545266,1984.0,424.0,89.8,0.0
545266,1993.0,424.0,89.8,0.0
545282,2097.0,423.0,89.8,0.0
545282,2065.0,423.0,89.8,0.0
545282,2060.0,423.0,89.8,0.0
545282,2068.0,423.0,89.8,0.0
545296,2209.0,423.0,89.8,0.0
545296,2213.0,423.0,89.8,0.0
545297,2202.0,423.0,89.8,0.0
545309,1871.0,423.0,89.8,0.0
545309,1878.0,423.0,89.8,0.0
545310,1875.0,423.0,89.8,0.0
545310,1891.0,423.0,89.8,0.0
545328,1825.0,423.0,89.8,0.0
545328,1850.0,423.0,89.8,0.0
545328,1843.0,423.0,89.8,0.0
545329,1826.0,423.0,89.8,0.0
545341,2033.0,423.0,89.8,0.0
545342,2026.0,423.0,89.8,0.0
545342,2050.0,423.0,89.8,0.0
545356,2025.0,422.0,89.8,0.0
545356,2032.0,422.0,89.8,0.0
545356,1999.0,422.0,89.8,0.0
545356,1978.0,422.0,89.8,0.0
545373,1828.0,422.0,89.8,0.0
545374,1836.0,422.0,89.8,0.0
545374,1819.0,422.0,89.8,0.0
545374,1773.0,422.0,89.8,0.0
545387,1955.0,422.0,89.8,0.0
545387,1996.0,422.0,89.8,0.0
545387,2019.0,422.0,89.8,0.0
545404,1998.0,422.0,89.8,0.0
545404,1960.0,422.0,89.8,0.0
545405,1931.0,422.0,89.8,0.0
545405,1948.0,422.0,89.8,0.0
545417,2087.0,422.0,89.8,0.0
545418,2080.0,422.0,89.8,0.0
545418,2069.0,422.0,89.8,0.0
545431,1906.0,422.0,89.8,0.0
545431,1929.0,422.0,89.8,0.0
545431,1933.0,422.0,89.8,0.0
545432,1940.0,422.0,89.8,0.0
545449,1889.0,422.0,89.8,0.0
545450,1872.0,422.0,89.8,0.0
545450,1876.0,422.0,89.8,0.0
545450,1889.0,422.0,89.8,0.0
545464,2060.0,423.0,89.8,0.0
545464,2020.0,423.0,89.8,0.0
545464,2018.0,423.0,89.8,0.0
545477,2147.0,423.0,89.8,0.0
545477,2164.0,423.0,89.8,0.0
545477,2173.0,423.0,89.8,0.0
545478,2133.0,423.0,89.8,0.0
545494,2229.0,423.0,89.8,0.0
545495,2280.0,423.0,89.8,0.0
545495,2298.0,423.0,89.8,0.0
545495,2302.0,423.0,89.8,0.0
545508,1875.0,423.0,89.8,0.0
545508,1860.0,423.0,89.8,0.0
545508,1856.0,423.0,89.8,0.0
545522,2022.0,423.0,89.8,0.0
545522,2017.0,423.0,89.8,0.0
545523,2024.0,423.0,89.8,0.0
545523,2039.0,423.0,89.8,0.0
545539,1892.0,423.0,89.8,0.0
545539,1897.0,423.0,89.8,0.0
545539,1892.0,423.0,89.8,0.0
545539,1892.0,423.0,89.8,0.0
545553,2046.0,423.0,89.8,0.0
545553,2058.0,423.0,89.8,0.0
545553,2053.0,423.0,89.8,0.0
545569,1903.0,423.0,89.8,0.0
545570,1914.0,423.0,89.8,0.0
545570,1919.0,423.0,89.8,0.0
545570,1909.0,423.0,89.8,0.0
545584,2029.0,423.0,89.8,0.0
545584,2012.0,423.0,89.8,0.0
545585,2009.0,423.0,89.8,0.0
545597,2158.0,423.0,89.8,0.0
545597,2159.0,423.0,89.8,0.0
545598,2166.0,423.0,89.8,0.0
545598,2178.0,423.0,89.8,0.0
545614,1788.0,423.0,89.8,0.0
545615,1786.0,423.0,89.8,0.0
545615,1765.0,423.0,89.8,0.0
545615,1754.0,423.0,89.8,0.0
545628,2017.0,423.0,89.8,0.0
545628,2021.0,423.0,89.8,0.0
545628,2022.0,423.0,89.8,0.0
545642,2212.0,423.0,89.8,0.0
545642,2162.0,423.0,89.8,0.0
545642,2164.0,423.0,89.8,0.0
545643,2163.0,423.0,89.8,0.0
545658,2268.0,423.0,89.8,0.0
545659,2255.0,423.0,89.8,0.0
545659,2239.0,423.0,89.8,0.0
545660,2247.0,423.0,89.8,0.0
545673,1940.0,424.0,89.8,0.0
545673,1977.0,424.0,89.8,0.0
545674,1964.0,424.0,89.8,0.0
545690,1898.0,424.0,89.8,0.0
545690,1897.0,424.0,89.8,0.0
545690,1944.0,424.0,89.8,0.0
545691,1954.0,424.0,89.8,0.0
545704,1920.0,424.0,89.8,0.0
545705,1907.0,424.0,89.8,0.0
545705,1945.0,424.0,89.8,0.0
545717,2207.0,424.0,89.8,0.0
545718,2199.0,424.0,89.8,0.0
545718,2177.0,424.0,89.8,0.0
545718,2168.0,424.0,89.8,0.0
545735,2090.0,424.0,89.8,0.0
545735,2107.0,424.0,89.8,0.0
545736,2107.0,424.0,89.8,0.0
545736,2097.0,424.0,89.8,0.0
545748,1916.0,424.0,89.8,0.0
545749,1913.0,424.0,89.8,0.0
545749,1904.0,424.0,89.8,0.0
545766,1975.0,425.0,89.8,0.0
545766,1932.0,425.0,89.8,0.0
545766,1935.0,425.0,89.8,0.0
545766,1944.0,425.0,89.8,0.0
545779,2230.0,425.0,89.8,0.0
545780,2216.0,425.0,89.8,0.0
545780,2207.0,425.0,89.8,0.0
545793,2059.0,425.0,89.8,0.0
545794,2093.0,425.0,89.8,0.0
545794,2106.0,425.0,89.8,0.0
545794,2117.0,425.0,89.8,0.0
545812,1855.0,426.0,89.8,0.0
545812,1880.0,426.0,89.8,0.0
545812,1903.0,426.0,89.8,0.0
545813,1880.0,426.0,89.8,0.0
545825,1977.0,426.0,89.8,0.0
545826,1986.0,426.0,89.8,0.0
545826,1999.0,426.0,89.8,0.0
545838,2313.0,426.0,89.8,0.0
545839,2281.0,426.0,89.8,0.0
545839,2277.0,426.0,89.8,0.0
545839,2260.0,426.0,89.8,0.0
545856,2058.0,426.0,89.8,0.0
545856,2060.0,426.0,89.8,0.0
545857,2055.0,426.0,89.8,0.0
545857,2046.0,426.0,89.8,0.0
545869,1932.0,426.0,89.8,0.0
545870,1949.0,426.0,89.8,0.0
545870,1935.0,426.0,89.8,0.0
545887,1935.0,426.0,89.8,0.0
545888,1840.0,426.0,89.8,0.0
545888,1943.0,426.0,89.8,0.0
545888,1945.0,426.0,89.8,0.0
545902,2133.0,426.0,89.8,0.0
545903,2090.0,426.0,89.8,0.0
545903,2081.0,426.0,89.8,0.0
545903,2103.0,426.0,89.8,0.0
545919,1991.0,426.0,89.8,0.0
545919,1974.0,426.0,89.8,0.0
545919,1948.0,426.0,89.8,0.0
545919,1944.0,426.0,89.8,0.0
545933,2101.0,426.0,89.8,0.0
545933,2151.0,426.0,89.8,0.0
545934,2163.0,426.0,89.8,0.0
545946,1934.0,427.0,89.8,0.0
545946,1948.0,427.0,89.8,0.0
545947,1929.0,427.0,89.8,0.0
545947,1932.0,427.0,89.8,0.0
545963,2071.0,427.0,89.8,0.0
545964,2031.0,427.0,89.8,0.0
545965,2023.0,427.0,89.8,0.0
545965,2034.0,427.0,89.8,0.0
545977,2029.0,427.0,89.8,0.0
545978,2030.0,427.0,89.8,0.0
545978,2020.0,427.0,89.8,0.0
545995,2282.0,428.0,89.8,0.0
545995,2315.0,428.0,89.8,0.0
545996,2332.0,428.0,89.8,0.0
545996,2343.0,428.0,89.8,0.0
546008,1854.0,428.0,89.8,0.0
546009,1854.0,428.0,89.8,0.0
546009,1838.0,428.0,89.8,0.0
546022,2071.0,428.0,89.8,0.0
546023,2062.0,428.0,89.8,0.0
546023,2061.0,428.0,89.8,0.0
546023,2069.0,428.0,89.8,0.0
546039,2188.0,428.0,89.8,0.0
546039,2166.0,428.0,89.8,0.0
546040,2167.0,428.0,89.8,0.0
546040,2177.0,428.0,89.8,0.0
546053,1932.0,428.0,89.8,0.0
546054,1944.0,428.0,89.8,0.0
546054,1939.0,428.0,89.8,0.0
546070,1922.0,428.0,89.8,0.0
546071,1945.0,428.0,89.8,0.0
546071,1969.0,428.0,89.8,0.0
546071,1943.0,428.0,89.8,0.0
546084,2002.0,428.0,89.8,0.0
546084,1975.0,428.0,89.8,0.0
546084,1989.0,428.0,89.8,0.0
546097,2253.0,428.0,89.8,0.0
546097,2255.0,428.0,89.8,0.0
546098,2248.0,428.0,89.8,0.0
546098,2238.0,428.0,89.8,0.0
546115,2059.0,429.0,89.8,0.0
546116,2094.0,429.0,89.8,0.0
546116,2050.0,429.0,89.8,0.0
546116,2052.0,429.0,89.8,0.0
546130,1913.0,429.0,89.8,0.0
546130,1933.0,429.0,89.8,0.0
546130,1931.0,429.0,89.8,0.0
546143,2023.0,429.0,89.8,0.0
546143,2002.0,429.0,89.8,0.0
546144,2014.0,429.0,89.8,0.0
546144,2035.0,429.0,89.8,0.0
546161,2239.0,429.0,89.8,0.0
546161,2192.0,429.0,89.8,0.0
546161,2162.0,429.0,89.8,0.0
546161,2183.0,429.0,89.8,0.0
546174,1878.0,429.0,89.8,0.0
546175,1889.0,429.0,89.8,0.0
546175,1862.0,429.0,89.8,0.0
546187,1974.0,430.0,89.8,0.0
546188,2055.0,430.0,89.8,0.0
546188,2010.0,430.0,89.8,0.0
546189,2005.0,430.0,89.8,0.0
546205,1962.0,429.0,89.8,0.0
546206,1940.0,429.0,89.8,0.0
546206,1949.0,429.0,89.8,0.0
546206,1968.0,429.0,89.8,0.0
546220,2057.0,429.0,89.8,0.0
546220,2035.0,429.0,89.8,0.0
546220,2020.0,429.0,89.8,0.0
546236,1971.0,429.0,89.8,0.0
546237,1997.0,429.0,89.8,0.0
546237,1990.0,429.0,89.8,0.0
546237,1968.0,429.0,89.8,0.0
546251,1936.0,429.0,89.8,0.0
546251,1959.0,429.0,89.8,0.0
546251,1976.0,429.0,89.8,0.0
546252,1943.0,429.0,89.8,0.0
546264,1982.0,430.0,89.8,0.0
546265,1965.0,430.0,89.8,0.0
546265,1984.0,430.0,89.8,0.0
546282,2032.0,430.0,89.8,0.0
546282,2015.0,430.0,89.8,0.0
546282,1992.0,430.0,89.8,0.0
546283,1984.0,430.0,89.8,0.0
546295,2097.0,430.0,89.8,0.0
546296,2134.0,430.0,89.8,0.0
546296,2140.0,430.0,89.8,0.0
546312,1939.0,430.0,89.8,0.0
546313,1953.0,430.0,89.8,0.0
546313,1965.0,430.0,89.8,0.0
546313,1983.0,430.0,89.8,0.0
546326,1998.0,430.0,89.8,0.0
546326,1980.0,430.0,89.8,0.0
546326,1961.0,430.0,89.8,0.0
546340,2080.0,431.0,89.8,0.0
546340,2084.0,431.0,89.8,0.0
546341,2099.0,431.0,89.8,0.0
546341,2081.0,431.0,89.8,0.0
546357,2306.0,431.0,89.8,0.0
546358,2277.0,431.0,89.8,0.0
546358,2297.0,431.0,89.8,0.0
546358,2302.0,431.0,89.8,0.0
546372,1881.0,431.0,89.8,0.0
546372,1892.0,431.0,89.8,0.0
546372,1883.0,431.0,89.8,0.0
546385,2020.0,431.0,89.8,0.0
546385,2006.0,431.0,89.8,0.0
546386,2020.0,431.0,89.8,0.0
546386,2005.0,431.0,89.8,0.0
546402,1972.0,432.0,89.8,0.0
546403,1970.0,432.0,89.8,0.0
546403,1953.0,432.0,89.8,0.0
546403,1977.0,432.0,89.8,0.0
546416,2179.0,432.0,89.8,0.0
546416,2173.0,432.0,89.8,0.0
546416,2183.0,432.0,89.8,0.0
546430,1908.0,433.0,89.8,0.0
546430,1896.0,433.0,89.8,0.0
546430,1880.0,433.0,89.8,0.0
546431,1856.0,433.0,89.8,0.0
546446,1954.0,433.0,89.8,0.0
546447,1963.0,433.0,89.8,0.0
546447,1965.0,433.0,89.8,0.0
546447,1945.0,433.0,89.8,0.0
546461,2035.0,433.0,89.8,0.0
546461,2036.0,433.0,89.8,0.0
546461,2055.0,433.0,89.8,0.0
546477,2215.0,434.0,89.8,0.0
546478,2196.0,434.0,89.8,0.0
546478,2165.0,434.0,89.8,0.0
546478,2182.0,434.0,89.8,0.0
546491,1884.0,434.0,89.8,0.0
546492,1944.0,434.0,89.8,0.0
546492,1938.0,434.0,89.8,0.0
546505,2018.0,434.0,89.8,0.0
546505,2006.0,434.0,89.8,0.0
546505,2024.0,434.0,89.8,0.0
546506,2035.0,434.0,89.8,0.0
546522,2063.0,435.0,89.8,0.0
546523,2021.0,435.0,89.8,0.0
546523,2036.0,435.0,89.8,0.0
546523,2061.0,435.0,89.8,0.0
546535,2288.0,435.0,89.8,0.0
546536,2266.0,435.0,89.8,0.0
546536,2250.0,435.0,89.8,0.0
546550,1853.0,436.0,89.8,0.0
546550,1886.0,436.0,89.8,0.0
546550,1867.0,436.0,89.8,0.0
546550,1835.0,436.0,89.8,0.0
546566,1957.0,436.0,89.8,0.0
546566,1975.0,436.0,89.8,0.0
546567,2006.0,436.0,89.8,0.0
546567,2002.0,436.0,89.8,0.0
546580,2227.0,436.0,89.8,0.0
546581,2188.0,436.0,89.8,0.0
546581,2216.0,436.0,89.8,0.0
546597,2229.0,436.0,89.8,0.0
546597,2235.0,436.0,89.8,0.0
546598,2201.0,436.0,89.8,0.0
546598,2206.0,436.0,89.8,0.0
546611,1902.0,437.0,89.8,0.0
546612,1983.0,437.0,89.8,0.0
546612,1991.0,437.0,89.8,0.0
546624,2017.0,437.0,89.8,0.0
546625,1975.0,437.0,89.8,0.0
546625,2018.0,437.0,89.8,0.0
546625,2043.0,437.0,89.8,0.0
546642,2090.0,437.0,89.8,0.0
546642,2043.0,437.0,89.8,0.0
546643,2026.0,437.0,89.8,0.0
546643,2068.0,437.0,89.8,0.0
546655,2204.0,437.0,89.8,0.0
546656,2198.0,437.0,89.8,0.0
546656,2167.0,437.0,89.8,0.0
546670,1861.0,437.0,89.8,0.0
546670,1887.0,437.0,89.8,0.0
546671,1921.0,437.0,89.8,0.0
546673,1870.0,437.0,89.8,0.0
546690,1943.0,438.0,89.8,0.0
546691,1960.0,438.0,89.8,0.0
546691,1995.0,438.0,89.8,0.0
546691,2019.0,438.0,89.8,0.0
546704,2072.0,438.0,89.8,0.0
546704,1994.0,438.0,89.8,0.0
546705,1994.0,438.0,89.8,0.0
546721,2169.0,438.0,89.8,0.0
546722,2187.0,438.0,89.8,0.0
546722,2154.0,438.0,89.8,0.0
546722,2125.0,438.0,89.8,0.0
546735,2070.0,438.0,89.8,0.0
546735,2112.0,438.0,89.8,0.0
546736,2124.0,438.0,89.8,0.0
546749,1922.0,439.0,89.8,0.0
546750,1895.0,439.0,89.8,0.0
546750,1881.0,439.0,89.8,0.0
546750,1905.0,439.0,89.8,0.0
546768,1905.0,439.0,89.8,0.0
546768,1874.0,439.0,89.8,0.0
546768,1878.0,439.0,89.8,0.0
546769,1843.0,439.0,89.8,0.0
546781,2131.0,439.0,89.8,0.0
546782,2118.0,439.0,89.8,0.0
546782,2121.0,439.0,89.8,0.0
546795,2049.0,438.0,89.8,0.0
546795,2046.0,438.0,89.8,0.0
546795,2062.0,438.0,89.8,0.0
546796,2086.0,438.0,89.8,0.0
546813,2070.0,439.0,89.8,0.0
546814,2114.0,439.0,89.8,0.0
546814,2118.0,439.0,89.8,0.0
546814,2136.0,439.0,89.8,0.0
546828,1927.0,439.0,89.8,0.0
546828,1913.0,439.0,89.8,0.0
546828,1897.0,439.0,89.8,0.0
546844,1962.0,439.0,89.8,0.0
546844,1986.0,439.0,89.8,0.0
546845,2001.0,439.0,89.8,0.0
546845,1998.0,439.0,89.8,0.0
546858,2107.0,439.0,89.8,0.0
546859,2084.0,439.0,89.8,0.0
546859,2093.0,439.0,89.8,0.0
546872,1948.0,439.0,89.8,0.0
546872,1997.0,439.0,89.8,0.0
546872,1972.0,439.0,89.8,0.0
546872,1973.0,439.0,89.8,0.0
546890,1869.0,439.0,89.8,0.0
546891,1889.0,439.0,89.8,0.0
546891,1887.0,439.0,89.8,0.0
546891,1871.0,439.0,89.8,0.0
546904,1992.0,438.0,89.8,0.0
546904,1996.0,438.0,89.8,0.0
546904,2031.0,438.0,89.8,0.0
546918,2149.0,438.0,89.8,0.0
546918,2134.0,438.0,89.8,0.0
546919,2114.0,438.0,89.8,0.0
546919,2128.0,438.0,89.8,0.0
546935,2137.0,438.0,89.8,0.0
546935,2158.0,438.0,89.8,0.0
546935,2136.0,438.0,89.8,0.0
546935,2143.0,438.0,89.8,0.0
546949,1903.0,438.0,89.8,0.0
546949,1913.0,438.0,89.8,0.0
546950,1879.0,438.0,89.8,0.0
546965,1965.0,438.0,89.8,0.0
546966,1958.0,438.0,89.8,0.0
546966,1977.0,438.0,89.8,0.0
546966,1998.0,438.0,89.8,0.0
546980,2192.0,438.0,89.8,0.0
546980,2146.0,438.0,89.8,0.0
546981,2138.0,438.0,89.8,0.0
546981,2159.0,438.0,89.8,0.0
546993,2029.0,438.0,89.8,0.0
546994,2051.0,438.0,89.8,0.0
546994,2015.0,438.0,89.8,0.0
547012,1871.0,438.0,89.8,0.0
547012,1936.0,438.0,89.8,0.0
547012,2000.0,438.0,89.8,0.0
547013,1997.0,438.0,89.8,0.0
547025,2000.0,438.0,89.8,0.0
547026,1973.0,438.0,89.8,0.0
547026,1999.0,438.0,89.8,0.0
547039,2241.0,438.0,89.8,0.0
547040,2222.0,438.0,89.8,0.0
547040,2189.0,438.0,89.8,0.0
547040,2198.0,438.0,89.8,0.0
547057,2111.0,438.0,89.8,0.0
547057,2120.0,438.0,89.8,0.0
547057,2103.0,438.0,89.8,0.0
547057,2079.0,438.0,89.8,0.0
547070,1902.0,438.0,89.8,0.0
547070,1930.0,438.0,89.8,0.0
547071,1912.0,438.0,89.8,0.0
547083,1979.0,438.0,89.8,0.0
547084,1963.0,438.0,89.8,0.0
547084,1973.0,438.0,89.8,0.0
547084,2002.0,438.0,89.8,0.0
547101,2087.0,437.0,89.8,0.0
547101,2040.0,437.0,89.8,0.0
547101,2024.0,437.0,89.8,0.0
547102,2035.0,437.0,89.8,0.0
547114,2074.0,437.0,89.8,0.0
547115,2084.0,437.0,89.8,0.0
547115,2069.0,437.0,89.8,0.0
547132,1966.0,437.0,89.8,0.0
547133,1992.0,437.0,89.8,0.0
547133,2022.0,437.0,89.8,0.0
547133,2033.0,437.0,89.8,0.0
547147,1944.0,437.0,89.8,0.0
547147,1896.0,437.0,89.8,0.0
547147,1940.0,437.0,89.8,0.0
547160,2108.0,437.0,89.8,0.0
547160,2091.0,437.0,89.8,0.0
547161,2087.0,437.0,89.8,0.0
547161,2077.0,437.0,89.8,0.0
547178,2024.0,437.0,89.8,0.0
547178,2040.0,437.0,89.8,0.0
547178,2039.0,437.0,89.8,0.0
547178,2023.0,437.0,89.8,0.0
547191,1936.0,437.0,89.8,0.0
547191,1931.0,437.0,89.8,0.0
547192,1934.0,437.0,89.8,0.0
547204,1971.0,437.0,89.8,0.0
547204,1965.0,437.0,89.8,0.0
547205,1981.0,437.0,89.8,0.0
547205,1997.0,437.0,89.8,0.0
547222,2135.0,437.0,89.8,0.0
547222,2109.0,437.0,89.8,0.0
547222,2100.0,437.0,89.8,0.0
547222,2085.0,437.0,89.8,0.0
547235,2042.0,437.0,89.8,0.0
547235,2056.0,437.0,89.8,0.0
547236,2043.0,437.0,89.8,0.0
547253,2102.0,436.0,89.8,0.0
547253,2055.0,436.0,89.8,0.0
547253,2069.0,436.0,89.8,0.0
547253,2040.0,436.0,89.8,0.0
547267,1938.0,436.0,89.8,0.0
547267,1910.0,436.0,89.8,0.0
547268,1905.0,436.0,89.8,0.0
547268,1921.0,436.0,89.8,0.0
547281,2193.0,436.0,89.8,0.0
547282,2165.0,436.0,89.8,0.0
547282,2182.0,436.0,89.8,0.0
547298,2201.0,436.0,89.8,0.0
547299,2209.0,436.0,89.8,0.0
547299,2199.0,436.0,89.8,0.0
547299,2188.0,436.0,89.8,0.0
547312,1895.0,436.0,89.8,0.0
547312,1974.0,436.0,89.8,0.0
547312,1980.0,436.0,89.8,0.0
547326,1974.0,436.0,89.8,0.0
547326,1957.0,436.0,89.8,0.0
547326,1961.0,436.0,89.8,0.0
547327,1958.0,436.0,89.8,0.0
547342,2157.0,436.0,89.8,0.0
547343,2108.0,436.0,89.8,0.0
547343,2094.0,436.0,89.8,0.0
547343,2103.0,436.0,89.8,0.0
547357,2135.0,436.0,89.8,0.0
547357,2129.0,436.0,89.8,0.0
547357,2115.0,436.0,89.8,0.0
547373,2175.0,436.0,89.8,0.0
547374,2265.0,436.0,89.8,0.0
547374,2337.0,436.0,89.8,0.0
547375,2358.0,436.0,89.8,0.0
547388,1831.0,435.0,89.8,0.0
547389,1815.0,435.0,89.8,0.0
547389,1806.0,435.0,89.8,0.0
547389,1788.0,435.0,89.8,0.0
547402,2193.0,435.0,89.8,0.0
547402,2169.0,435.0,89.8,0.0
547402,2178.0,435.0,89.8,0.0
547419,2308.0,435.0,89.8,0.0
547420,2251.0,435.0,89.8,0.0
547420,2233.0,435.0,89.8,0.0
547420,2231.0,435.0,89.8,0.0
547433,2270.0,435.0,89.8,0.0
547433,2384.0,435.0,89.8,0.0
547434,2423.0,435.0,89.8,0.0
547447,1822.0,434.0,89.8,0.0
547448,1796.0,434.0,89.8,0.0
547448,1778.0,434.0,89.8,0.0
547448,1738.0,434.0,89.8,0.0
547464,2155.0,434.0,89.8,0.0
547464,2140.0,434.0,89.8,0.0
547464,2165.0,434.0,89.8,0.0
547464,2173.0,434.0,89.8,0.0
547478,2100.0,434.0,89.8,0.0
547478,2087.0,434.0,89.8,0.0
547478,2088.0,434.0,89.8,0.0
547496,2157.0,434.0,89.8,0.0
547496,2177.0,434.0,89.8,0.0
547496,2165.0,434.0,89.8,0.0
547496,2145.0,434.0,89.8,0.0
547509,1894.0,434.0,89.8,0.0
547509,1909.0,434.0,89.8,0.0
547510,1900.0,434.0,89.8,0.0
547522,2091.0,434.0,89.8,0.0
547523,2053.0,434.0,89.8,0.0
547523,2066.0,434.0,89.8,0.0
547523,2091.0,434.0,89.8,0.0
547540,2166.0,435.0,89.8,0.0
547540,2120.0,435.0,89.8,0.0
547541,2104.0,435.0,89.8,0.0
547541,2123.0,435.0,89.8,0.0
547553,2147.0,435.0,89.8,0.0
547554,2199.0,435.0,89.8,0.0
547554,2197.0,435.0,89.8,0.0
547571,1781.0,435.0,89.8,0.0
547571,1822.0,435.0,89.8,0.0
547571,1838.0,435.0,89.8,0.0
547572,1818.0,435.0,89.8,0.0
547585,1994.0,435.0,89.8,0.0
547586,1966.0,435.0,89.8,0.0
547586,1993.0,435.0,89.8,0.0
547598,2296.0,435.0,89.8,0.0
547599,2250.0,435.0,89.8,0.0
547599,2239.0,435.0,89.8,0.0
547599,2246.0,435.0,89.8,0.0
547617,2379.0,434.0,89.8,0.0
547617,2394.0,434.0,89.8,0.0
547618,2379.0,434.0,89.8,0.0
547618,2367.0,434.0,89.8,0.0
547630,1808.0,434.0,89.8,0.0
547631,1838.0,434.0,89.8,0.0
547631,1811.0,434.0,89.8,0.0
547645,2040.0,434.0,89.8,0.0
547645,2008.0,434.0,89.8,0.0
547645,2043.0,434.0,89.8,0.0
547645,2054.0,434.0,89.8,0.0
547661,2142.0,434.0,89.8,0.0
547662,2109.0,434.0,89.8,0.0
547662,2090.0,434.0,89.8,0.0
547662,2104.0,434.0,89.8,0.0
547675,2008.0,434.0,89.8,0.0
547676,2000.0,434.0,89.8,0.0
547676,1960.0,434.0,89.8,0.0
547692,1982.0,434.0,89.8,0.0
547692,2068.0,434.0,89.8,0.0
547692,2131.0,434.0,89.8,0.0
547692,2132.0,434.0,89.8,0.0
547706,1911.0,434.0,89.8,0.0
547706,1966.0,434.0,89.8,0.0
547707,1896.0,434.0,89.8,0.0
547719,2183.0,434.0,119.6,0.0
547720,2137.0,434.0,119.6,0.0
547721,2109.0,434.0,119.6,0.0
547721,2100.0,434.0,119.6,0.0
547739,2601.0,434.0,119.6,0.0
547740,2584.0,434.0,119.6,0.0
547740,2553.0,434.0,119.6,0.0
547740,2516.0,434.0,119.6,0.0
547753,1791.0,433.0,119.6,0.0
547753,1854.0,433.0,119.6,0.0
547753,1857.0,433.0,119.6,0.0
547767,1997.0,433.0,119.6,0.0
547767,1985.0,433.0,119.6,0.0
547767,2001.0,433.0,119.6,0.0
547768,2003.0,433.0,119.6,0.0
547784,2016.0,433.0,119.6,0.0
547785,1980.0,433.0,119.6,0.0
547785,1979.0,433.0,119.6,0.0
547785,2001.0,433.0,119.6,0.0
547798,2481.0,433.0,119.6,0.0
547798,2449.0,433.0,119.6,0.0
547798,2447.0,433.0,119.6,0.0
547811,1787.0,433.0,119.6,0.0
547811,1819.0,433.0,119.6,0.0
547811,1796.0,433.0,119.6,0.0
547828,1915.0,432.0,119.6,0.0
547828,1924.0,432.0,119.6,0.0
547829,1952.0,432.0,119.6,0.0
547829,1975.0,432.0,119.6,0.0
547841,2057.0,432.0,119.6,0.0
547842,2000.0,432.0,119.6,0.0
547842,2001.0,432.0,119.6,0.0
547859,2271.0,431.0,119.6,0.0
547860,2281.0,431.0,119.6,0.0
547860,2254.0,431.0,119.6,0.0
547860,2209.0,431.0,119.6,0.0
547873,1993.0,431.0,119.6,0.0
547873,2087.0,431.0,119.6,0.0
547873,2136.0,431.0,119.6,0.0
547887,1937.0,430.0,119.6,0.0
547887,1882.0,430.0,119.6,0.0
547888,1891.0,430.0,119.6,0.0
547888,1902.0,430.0,119.6,0.0
547904,2047.0,429.0,119.6,0.0
547905,2007.0,429.0,119.6,0.0
547905,1977.0,429.0,119.6,0.0
547905,1977.0,429.0,119.6,0.0
547918,2159.0,429.0,119.6,0.0
547918,2175.0,429.0,119.6,0.0
547918,2162.0,429.0,119.6,0.0
547935,2227.0,429.0,119.6,0.0
547936,2247.0,429.0,119.6,0.0
547936,2266.0,429.0,119.6,0.0
547936,2281.0,429.0,119.6,0.0
547949,1881.0,428.0,119.6,0.0
547949,1855.0,428.0,119.6,0.0
547949,1728.0,428.0,119.6,0.0
547962,2042.0,428.0,119.6,0.0
547962,2043.0,428.0,119.6,0.0
547962,2035.0,428.0,119.6,0.0
547980,2092.0,428.0,119.6,0.0
547981,2080.0,428.0,119.6,0.0
547981,2051.0,428.0,119.6,0.0
547981,2055.0,428.0,119.6,0.0
547994,2212.0,428.0,119.6,0.0
547995,2240.0,428.0,119.6,0.0
547995,2243.0,428.0,119.6,0.0
548008,1895.0,427.0,119.6,0.0
548008,1874.0,427.0,119.6,0.0
548008,1873.0,427.0,119.6,0.0
548008,1850.0,427.0,119.6,0.0
548025,1970.0,427.0,119.6,0.0
548026,1969.0,427.0,119.6,0.0
548026,1977.0,427.0,119.6,0.0
548026,1963.0,427.0,119.6,0.0
548039,2213.0,427.0,119.6,0.0
548040,2178.0,427.0,119.6,0.0
548040,2188.0,427.0,119.6,0.0
548056,2253.0,426.0,133.5,0.0
548057,2250.0,426.0,133.5,0.0
548057,2232.0,426.0,133.5,0.0
548057,2232.0,426.0,133.5,0.0
548070,1866.0,426.0,133.5,0.0
548070,1817.0,426.0,133.5,0.0
548070,1858.0,426.0,133.5,0.0
548084,1957.0,426.0,133.5,0.0
548084,1950.0,426.0,133.5,0.0
548085,1994.0,426.0,133.5,0.0
548085,2005.0,426.0,133.5,0.0
548102,2092.0,426.0,133.5,0.0
548102,2054.0,426.0,133.5,0.0
548102,2044.0,426.0,133.5,0.0
548102,2067.0,426.0,133.5,0.0
548116,2140.0,426.0,133.5,0.0
548116,2129.0,426.0,133.5,0.0
548117,2102.0,426.0,133.5,0.0
548129,1891.0,426.0,133.5,0.0
548130,1943.0,426.0,133.5,0.0
548130,1927.0,426.0,133.5,0.0
548130,1891.0,426.0,133.5,0.0
548147,1898.0,425.0,133.5,0.0
548147,1888.0,425.0,133.5,0.0
548148,1932.0,425.0,133.5,0.0
548148,1903.0,425.0,133.5,0.0
548160,2079.0,425.0,133.5,0.0
548161,2042.0,425.0,133.5,0.0
548161,2065.0,425.0,133.5,0.0
548178,2038.0,425.0,133.5,0.0
548178,2045.0,425.0,133.5,0.0
548179,1998.0,425.0,133.5,0.0
548179,1992.0,425.0,133.5,0.0
548191,1948.0,425.0,133.5,0.0
548192,2012.0,425.0,133.5,0.0
548192,2026.0,425.0,133.5,0.0
548205,1962.0,424.0,133.5,0.0
548206,1908.0,424.0,133.5,0.0
548206,1925.0,424.0,133.5,0.0
548206,1952.0,424.0,133.5,0.0
548224,2081.0,424.0,133.5,0.0
548225,2028.0,424.0,133.5,0.0
548225,2013.0,424.0,133.5,0.0
548225,2011.0,424.0,133.5,0.0
548238,1974.0,424.0,133.5,0.0
548238,1987.0,424.0,133.5,0.0
548238,1974.0,424.0,133.5,0.0
548251,1960.0,424.0,133.5,0.0
548251,2013.0,424.0,133.5,0.0
548252,2068.0,424.0,133.5,0.0
548252,2104.0,424.0,133.5,0.0
548269,1772.0,424.0,133.5,0.0
548269,1734.0,424.0,133.5,0.0
548269,1741.0,424.0,133.5,0.0
548269,1746.0,424.0,133.5,0.0
548283,2097.0,424.0,133.5,0.0
548283,2080.0,424.0,133.5,0.0
548284,2078.0,424.0,133.5,0.0
548300,2079.0,424.0,133.5,0.0
548300,2072.0,424.0,133.5,0.0
548300,2065.0,424.0,133.5,0.0
548300,2047.0,424.0,133.5,0.0
548314,2215.0,424.0,133.5,0.0
548314,2273.0,424.0,133.5,0.0
548315,2297.0,424.0,133.5,0.0
548327,1893.0,424.0,133.5,0.0
548328,1866.0,424.0,133.5,0.0
548328,1860.0,424.0,133.5,0.0
548328,1853.0,424.0,133.5,0.0
548346,1972.0,424.0,133.5,0.0
548347,1974.0,424.0,133.5,0.0
548347,1958.0,424.0,133.5,0.0
548347,1956.0,424.0,133.5,0.0
548360,2046.0,424.0,133.5,0.0
548360,2044.0,424.0,133.5,0.0
548360,2069.0,424.0,133.5,0.0
548374,2359.0,424.0,133.5,0.0
548374,2414.0,424.0,133.5,0.0
548375,2419.0,424.0,133.5,0.0
548375,2452.0,424.0,133.5,0.0
548391,1746.0,424.0,133.5,0.0
548391,1760.0,424.0,133.5,0.0
548391,1713.0,424.0,133.5,0.0
548392,1705.0,424.0,133.5,0.0
548405,2045.0,424.0,133.5,0.0
548406,2049.0,424.0,133.5,0.0
548406,2048.0,424.0,133.5,0.0
548423,2160.0,424.0,133.5,0.0
548423,2092.0,424.0,133.5,0.0
548424,2103.0,424.0,133.5,0.0
548424,2113.0,424.0,133.5,0.0
548436,2026.0,424.0,133.5,0.0
548437,2004.0,424.0,133.5,0.0
548437,1976.0,424.0,133.5,0.0
548450,1924.0,424.0,133.5,0.0
548450,1954.0,424.0,133.5,0.0
548450,1959.0,424.0,133.5,0.0
548451,1942.0,424.0,133.5,0.0
548468,1892.0,424.0,133.5,0.0
548469,1899.0,424.0,133.5,0.0
548469,1924.0,424.0,133.5,0.0
548469,1925.0,424.0,133.5,0.0
548483,2058.0,424.0,133.5,0.0
548483,2028.0,424.0,133.5,0.0
548484,2035.0,424.0,133.5,0.0
548496,2183.0,424.0,133.5,0.0
548497,2196.0,424.0,164.6,0.0
548497,2174.0,424.0,164.6,0.0
548497,2162.0,424.0,164.6,0.0
548514,2212.0,424.0,164.6,0.0
548514,2271.0,424.0,164.6,0.0
548515,2260.0,424.0,164.6,0.0
548515,2280.0,424.0,164.6,0.0
548527,1892.0,424.0,164.6,0.0
548528,1893.0,424.0,164.6,0.0
548528,1886.0,424.0,164.6,0.0
548545,2054.0,425.0,164.6,0.0
548545,2000.0,425.0,164.6,0.0
548545,1995.0,425.0,164.6,0.0
548545,2003.0,425.0,164.6,0.0
548558,2062.0,425.0,164.6,0.0
548558,2059.0,425.0,164.6,0.0
548559,2047.0,425.0,164.6,0.0
548572,1981.0,425.0,164.6,0.0
548573,2015.0,425.0,164.6,0.0
548573,2011.0,425.0,164.6,0.0
548573,2004.0,425.0,164.6,0.0
548590,1919.0,425.0,164.6,0.0
548590,1918.0,425.0,164.6,0.0
548590,1935.0,425.0,164.6,0.0
548591,1942.0,425.0,164.6,0.0
548604,1979.0,425.0,164.6,0.0
548605,1970.0,425.0,164.6,0.0
548605,1980.0,425.0,164.6,0.0
548617,2231.0,425.0,164.6,0.0
548618,2221.0,425.0,164.6,0.0
548618,2212.0,425.0,164.6,0.0
548618,2206.0,425.0,164.6,0.0
548635,2150.0,425.0,164.6,0.0
548635,2177.0,425.0,164.6,0.0
548635,2178.0,425.0,164.6,0.0
548636,2176.0,425.0,164.6,0.0
548648,1900.0,425.0,164.6,0.0
548649,1905.0,425.0,164.6,0.0
548649,1897.0,425.0,164.6,0.0
548666,1968.0,426.0,164.6,0.0
548666,1943.0,426.0,164.6,0.0
548667,1969.0,426.0,164.6,0.0
548667,1950.0,426.0,164.6,0.0
548679,2108.0,426.0,164.6,0.0
548680,2093.0,426.0,164.6,0.0
548680,2082.0,426.0,164.6,0.0
548693,2123.0,426.0,164.6,0.0
548694,2193.0,426.0,164.6,0.0
548694,2189.0,426.0,164.6,0.0
548694,2185.0,426.0,164.6,0.0
548712,1967.0,427.0,164.6,0.0
548713,2028.0,427.0,164.6,0.0
548713,2048.0,427.0,164.6,0.0
548713,2051.0,427.0,164.6,0.0
548726,1972.0,427.0,164.6,0.0
548727,1960.0,427.0,164.6,0.0
548727,1937.0,427.0,164.6,0.0
548741,2086.0,427.0,164.6,0.0
548741,2057.0,427.0,164.6,0.0
548741,2053.0,427.0,164.6,0.0
548742,2067.0,427.0,164.6,0.0
548757,2296.0,427.0,164.6,0.0
548758,2294.0,427.0,164.6,0.0
548758,2281.0,427.0,164.6,0.0
548758,2280.0,427.0,164.6,0.0
548772,1912.0,427.0,164.6,0.0
548772,1945.0,427.0,164.6,0.0
548772,1971.0,427.0,164.6,0.0
548788,1878.0,427.0,164.6,0.0
548789,1726.0,427.0,164.6,0.0
548789,1886.0,427.0,164.6,0.0
548789,1882.0,427.0,164.6,0.0
548802,2041.0,427.0,164.6,0.0
548803,2031.0,427.0,164.6,0.0
548803,2046.0,427.0,164.6,0.0
548816,2331.0,427.0,166.4,0.0
548816,2339.0,427.0,166.4,0.0
548816,2324.0,427.0,166.4,0.0
548816,2334.0,427.0,166.4,0.0
548834,1994.0,427.0,166.4,0.0
548835,2038.0,427.0,166.4,0.0
548835,2010.0,427.0,166.4,0.0
548835,2001.0,427.0,166.4,0.0
548848,1953.0,427.0,166.4,0.0
548848,1969.0,427.0,166.4,0.0
548848,1974.0,427.0,166.4,0.0
548862,2099.0,428.0,166.4,0.0
548862,2054.0,428.0,166.4,0.0
548862,2054.0,428.0,166.4,0.0
548863,2076.0,428.0,166.4,0.0
548878,2249.0,428.0,166.4,0.0
548879,2218.0,428.0,166.4,0.0
548879,2200.0,428.0,166.4,0.0
548879,2210.0,428.0,166.4,0.0
548892,2054.0,428.0,166.4,0.0
548893,2107.0,428.0,166.4,0.0
548893,2116.0,428.0,166.4,0.0
548906,1948.0,428.0,166.4,0.0
548906,1959.0,428.0,166.4,0.0
548906,1952.0,428.0,166.4,0.0
548906,1955.0,428.0,166.4,0.0
548923,2194.0,429.0,166.4,0.0
548924,2132.0,429.0,166.4,0.0
548924,2145.0,429.0,166.4,0.0
548924,2161.0,429.0,166.4,0.0
548937,2090.0,429.0,166.4,0.0
548937,2072.0,429.0,166.4,0.0
548937,2075.0,429.0,166.4,0.0
548954,2014.0,429.0,166.4,0.0
548955,2065.0,429.0,166.4,0.0
548955,2056.0,429.0,166.4,0.0
548955,2029.0,429.0,166.4,0.0
548967,1924.0,429.0,166.4,0.0
548968,1950.0,429.0,166.4,0.0
548968,1966.0,429.0,166.4,0.0
548982,2171.0,430.0,166.4,0.0
548982,2127.0,430.0,166.4,0.0
548982,2111.0,430.0,166.4,0.0
548982,2135.0,430.0,166.4,0.0
548998,2230.0,430.0,166.4,0.0
548998,2198.0,430.0,166.4,0.0
548999,2163.0,430.0,166.4,0.0
548999,2157.0,430.0,166.4,0.0
549012,1975.0,430.0,166.4,0.0
549013,2011.0,430.0,166.4,0.0
549013,1997.0,430.0,166.4,0.0
549029,1888.0,430.0,166.4,0.0
549029,1879.0,430.0,166.4,0.0
549029,1916.0,430.0,166.4,0.0
549029,1911.0,430.0,166.4,0.0
549043,2066.0,430.0,166.4,0.0
549043,2027.0,430.0,166.4,0.0
549044,2023.0,430.0,166.4,0.0
549056,1986.0,430.0,166.4,0.0
549057,2008.0,430.0,166.4,0.0
549057,1984.0,430.0,166.4,0.0
549057,1959.0,430.0,166.4,0.0
549075,2289.0,430.0,166.4,0.0
549075,2340.0,430.0,166.4,0.0
549075,2365.0,430.0,166.4,0.0
549076,2324.0,430.0,166.4,0.0
549088,1829.0,430.0,166.4,0.0
549089,1822.0,430.0,166.4,0.0
549089,1820.0,430.0,166.4,0.0
549102,2181.0,430.0,166.4,0.0
549103,2144.0,430.0,166.4,0.0
549103,2140.0,430.0,166.4,0.0
549103,2139.0,430.0,166.4,0.0
549120,2218.0,430.0,166.4,0.0
549121,2180.0,430.0,166.4,0.0
549121,2187.0,430.0,166.4,0.0
549121,2172.0,430.0,166.4,0.0
549134,2067.0,430.0,166.4,0.0
549134,2109.0,430.0,166.4,0.0
549134,2141.0,430.0,166.4,0.0
549151,1862.0,430.0,166.4,0.0
549151,1882.0,430.0,166.4,0.0
549152,1911.0,430.0,166.4,0.0
549152,1917.0,430.0,166.4,0.0
549164,2015.0,430.0,166.4,0.0
549165,1981.0,430.0,166.4,0.0
549165,2003.0,430.0,166.4,0.0
549178,2240.0,431.0,164.5,0.0
549178,2238.0,431.0,164.5,0.0
549178,2231.0,431.0,164.5,0.0
549178,2238.0,431.0,164.5,0.0
549196,2046.0,431.0,164.5,0.0
549197,2069.0,431.0,164.5,0.0
549197,2046.0,431.0,164.5,0.0
549197,2046.0,431.0,164.5,0.0
549211,1918.0,432.0,164.5,0.0
549211,1949.0,432.0,164.5,0.0
549211,1928.0,432.0,164.5,0.0
549224,2056.0,432.0,164.5,0.0
549224,2023.0,432.0,164.5,0.0
549224,2031.0,432.0,164.5,0.0
549224,2041.0,432.0,164.5,0.0
549241,2207.0,432.0,164.5,0.0
549242,2161.0,432.0,164.5,0.0
549242,2153.0,432.0,164.5,0.0
549242,2170.0,432.0,164.5,0.0
549254,2026.0,432.0,164.5,0.0
549255,2012.0,432.0,164.5,0.0
549255,1993.0,432.0,164.5,0.0
549268,1974.0,433.0,164.5,0.0
549268,1967.0,433.0,164.5,0.0
549268,1989.0,433.0,164.5,0.0
549285,1997.0,433.0,164.5,0.0
549285,1965.0,433.0,164.5,0.0
549286,1959.0,433.0,164.5,0.0
549286,1986.0,433.0,164.5,0.0
549299,2086.0,433.0,164.5,0.0
549300,2077.0,433.0,164.5,0.0
549300,2050.0,433.0,164.5,0.0
549316,2177.0,433.0,164.5,0.0
549316,2188.0,433.0,164.5,0.0
549316,2222.0,433.0,164.5,0.0
549317,2223.0,433.0,164.5,0.0
549330,1864.0,434.0,164.5,0.0
549331,1856.0,434.0,164.5,0.0
549331,1870.0,434.0,164.5,0.0
549343,2024.0,435.0,164.5,0.0
549344,2025.0,435.0,164.5,0.0
549344,2018.0,435.0,164.5,0.0
549344,2002.0,435.0,164.5,0.0
549361,2021.0,435.0,164.5,0.0
549361,2023.0,435.0,164.5,0.0
549361,2015.0,435.0,164.5,0.0
549362,2011.0,435.0,164.5,0.0
549374,2077.0,436.0,164.5,0.0
549375,2102.0,436.0,164.5,0.0
549375,2112.0,436.0,164.5,0.0
549391,1927.0,436.0,164.5,0.0
549392,1925.0,436.0,164.5,0.0
549392,1925.0,436.0,164.5,0.0
549392,1917.0,436.0,164.5,0.0
549405,1976.0,436.0,164.5,0.0
549405,1978.0,436.0,164.5,0.0
549406,1986.0,436.0,164.5,0.0
549419,1929.0,437.0,164.5,0.0
549419,1923.0,437.0,164.5,0.0
549420,1930.0,437.0,164.5,0.0
549420,1937.0,437.0,164.5,0.0
549437,2241.0,437.0,164.5,0.0
549437,2236.0,437.0,164.5,0.0
549437,2244.0,437.0,164.5,0.0
549437,2243.0,437.0,164.5,0.0
549451,1886.0,437.0,164.5,0.0
549451,1868.0,437.0,164.5,0.0
549452,1857.0,437.0,164.5,0.0
549464,1999.0,438.0,164.5,0.0
549465,1984.0,438.0,164.5,0.0
549465,2016.0,438.0,164.5,0.0
549465,2010.0,438.0,164.5,0.0
549482,2025.0,438.0,164.5,0.0
549483,1999.0,438.0,164.5,0.0
549483,2001.0,438.0,164.5,0.0
549483,2012.0,438.0,164.5,0.0
549496,2286.0,438.0,164.5,0.0
549496,2277.0,438.0,164.5,0.0
549497,2279.0,438.0,164.5,0.0
549511,1858.0,438.0,164.5,0.0
549511,1983.0,438.0,164.5,0.0
549512,2031.0,438.0,164.5,0.0
549512,2153.0,438.0,164.8,0.0
549529,1161.0,439.0,164.8,0.0
549530,1242.0,439.0,164.8,0.0
549530,1195.0,439.0,164.8,0.0
549530,1116.0,439.0,164.8,0.0
549543,2256.0,439.0,164.8,0.0
549543,2302.0,439.0,164.8,0.0
549543,2389.0,439.0,164.8,0.0
549560,1776.0,439.0,164.8,0.0
549561,1734.0,439.0,164.8,0.0
549561,1668.0,439.0,164.8,0.0
549561,1678.0,439.0,164.8,0.0
549574,2236.0,439.0,164.8,0.0
549574,2280.0,439.0,164.8,0.0
549575,2249.0,439.0,164.8,0.0
549588,1830.0,439.0,164.8,0.0
549589,1810.0,439.0,164.8,0.0
549589,1870.0,439.0,164.8,0.0
549589,1891.0,439.0,164.8,0.0
549605,2027.0,439.0,164.8,0.0
549605,1936.0,439.0,164.8,0.0
549606,1938.0,439.0,164.8,0.0
549606,1962.0,439.0,164.8,0.0
549619,2227.0,440.0,164.8,0.0
549620,2190.0,440.0,164.8,0.0
549620,2160.0,440.0,164.8,0.0
549636,2028.0,440.0,164.8,0.0
549637,2065.0,440.0,164.8,0.0
549637,2066.0,440.0,164.8,0.0
549637,2034.0,440.0,164.8,0.0
549651,1895.0,440.0,164.8,0.0
549651,1929.0,440.0,164.8,0.0
549651,1975.0,440.0,164.8,0.0
549664,2042.0,440.0,164.8,0.0
549665,1996.0,440.0,164.8,0.0
549665,1978.0,440.0,164.8,0.0
549665,1978.0,440.0,164.8,0.0
549682,2062.0,440.0,164.8,0.0
549683,2050.0,440.0,164.8,0.0
549683,2021.0,440.0,164.8,0.0
549683,2010.0,440.0,164.8,0.0
549696,2166.0,440.0,164.8,0.0
549696,2187.0,440.0,164.8,0.0
549696,2214.0,440.0,164.8,0.0
549710,1882.0,440.0,164.8,0.0
549710,1870.0,440.0,164.8,0.0
549710,1876.0,440.0,164.8,0.0
549710,1876.0,440.0,164.8,0.0
549727,1953.0,440.0,164.8,0.0
549728,1938.0,440.0,164.8,0.0
549728,1923.0,440.0,164.8,0.0
549728,1928.0,440.0,164.8,0.0
549741,2092.0,440.0,164.8,0.0
549741,2095.0,440.0,164.8,0.0
549741,2071.0,440.0,164.8,0.0
549758,2091.0,439.0,164.8,0.0
549759,2086.0,439.0,164.8,0.0
549759,2096.0,439.0,164.8,0.0
549759,2088.0,439.0,164.8,0.0
549772,1921.0,439.0,164.8,0.0
549772,1958.0,439.0,164.8,0.0
549772,1975.0,439.0,164.8,0.0
549785,1984.0,439.0,164.8,0.0
549785,1973.0,439.0,164.8,0.0
549786,1982.0,439.0,164.8,0.0
549786,1979.0,439.0,164.8,0.0
549804,2028.0,439.0,164.8,0.0
549804,2019.0,439.0,164.8,0.0
549804,2034.0,439.0,164.8,0.0
549805,1999.0,439.0,164.8,0.0
549818,1979.0,439.0,164.8,0.0
549819,1977.0,439.0,164.8,0.0
549819,1985.0,439.0,164.8,0.0
549831,1964.0,439.0,164.8,0.0
549832,1980.0,439.0,164.8,0.0
549832,1997.0,439.0,164.8,0.0
549832,1992.0,439.0,164.8,0.0
549849,1899.0,439.0,164.8,0.0
549849,1922.0,439.0,164.8,0.0
549850,1913.0,439.0,164.8,0.0
549850,1915.0,439.0,164.8,0.0
549862,2035.0,439.0,164.8,0.0
549863,2049.0,439.0,164.8,0.0
549863,2037.0,439.0,164.8,0.0
549880,2171.0,439.0,164.8,0.0
549880,2077.0,439.0,164.8,0.0
549880,2068.0,439.0,164.8,0.0
549881,2061.0,439.0,164.8,0.0
549893,2110.0,438.0,164.8,0.0
549894,2166.0,438.0,164.8,0.0
549894,2181.0,438.0,164.8,0.0
549907,1913.0,438.0,164.8,0.0
549908,1910.0,438.0,164.8,0.0
549908,1866.0,438.0,164.8,0.0
549908,1874.0,438.0,164.8,0.0
549925,2024.0,438.0,164.8,0.0
549925,2014.0,438.0,164.8,0.0
549926,2014.0,438.0,164.8,0.0
549926,2006.0,438.0,164.8,0.0
549939,2095.0,438.0,164.8,0.0
549940,2086.0,438.0,164.8,0.0
549940,2104.0,438.0,164.8,0.0
549953,2013.0,438.0,164.8,0.0
549953,2043.0,438.0,164.8,0.0
549953,2042.0,438.0,164.8,0.0
549953,2040.0,438.0,164.8,0.0
549971,1800.0,438.0,164.8,0.0
549971,1914.0,438.0,164.8,0.0
549971,1912.0,438.0,164.8,0.0
549971,1869.0,438.0,164.8,0.0
549984,2004.0,438.0,164.8,0.0
549984,2005.0,438.0,164.8,0.0
549985,2021.0,438.0,164.8,0.0
549998,2229.0,438.0,164.8,0.0
549998,2201.0,438.0,164.8,0.0
549999,2207.0,438.0,164.8,0.0
549999,2218.0,438.0,164.8,0.0
550015,1946.0,438.0,164.8,0.0
550015,1937.0,438.0,164.8,0.0
550015,1917.0,438.0,164.8,0.0
550015,1902.0,438.0,164.8,0.0
550029,1972.0,438.0,164.8,0.0
550029,1987.0,438.0,164.8,0.0
550030,1974.0,438.0,164.8,0.0
550047,1937.0,437.0,164.8,0.0
550047,1921.0,437.0,164.8,0.0
550047,1936.0,437.0,164.8,0.0
550048,1947.0,437.0,164.8,0.0
550060,2188.0,437.0,164.8,0.0
550061,2152.0,437.0,164.8,0.0
550061,2147.0,437.0,164.8,0.0
550073,2041.0,437.0,164.8,0.0
550074,2087.0,437.0,164.8,0.0
550074,2078.0,437.0,164.8,0.0
550091,1846.0,438.0,164.8,0.0
550091,1850.0,438.0,164.8,0.0
550092,1876.0,438.0,164.8,0.0
550092,1877.0,438.0,164.8,0.0
550104,2021.0,438.0,164.8,0.0
550105,2001.0,438.0,164.8,0.0
550105,2000.0,438.0,164.8,0.0
550122,2043.0,438.0,164.8,0.0
550123,2034.0,438.0,164.8,0.0
550123,2017.0,438.0,164.8,0.0
550123,2005.0,438.0,164.8,0.0
550137,2170.0,438.0,164.8,0.0
550137,2194.0,438.0,164.8,0.0
550137,2200.0,438.0,164.8,0.0
550150,1890.0,437.0,164.8,0.0
550150,1878.0,437.0,164.8,0.0
550151,1884.0,437.0,164.8,0.0
550151,1892.0,437.0,164.8,0.0
550168,1976.0,437.0,164.8,0.0
550169,1968.0,437.0,164.8,0.0
550169,2046.0,437.0,164.8,0.0
550169,1969.0,437.0,164.8,0.0
550182,1996.0,437.0,164.8,0.0
550182,1994.0,437.0,164.8,0.0
550183,1995.0,437.0,164.8,0.0
550196,2148.0,437.0,164.8,0.0
550196,2149.0,437.0,164.8,0.0
550197,2170.0,437.0,164.8,0.0
550197,2168.0,437.0,164.8,0.0
550213,1999.0,437.0,164.8,0.0
550213,2015.0,437.0,164.8,0.0
550213,2017.0,437.0,164.8,0.0
550213,2043.0,437.0,164.8,0.0
550227,1966.0,438.0,164.8,0.0
550227,1947.0,438.0,164.8,0.0
550228,1929.0,438.0,164.8,0.0
550244,2038.0,438.0,164.8,0.0
550244,2030.0,438.0,164.8,0.0
550244,2051.0,438.0,164.8,0.0
550244,2048.0,438.0,164.8,0.0
550258,2150.0,438.0,164.8,0.0
550258,2131.0,438.0,164.8,0.0
550259,2123.0,438.0,164.8,0.0
550271,1942.0,437.0,164.8,0.0
550272,1995.0,437.0,164.8,0.0
550272,1968.0,437.0,164.8,0.0
550272,1956.0,437.0,164.8,0.0
550290,1874.0,437.0,164.8,0.0
550290,1900.0,437.0,164.8,0.0
550291,1902.0,437.0,164.8,0.0
550291,1890.0,437.0,164.8,0.0
550303,1997.0,437.0,164.8,0.0
550304,2009.0,437.0,164.8,0.0
550304,2045.0,437.0,164.8,0.0
550318,2277.0,437.0,164.8,0.0
550318,2269.0,437.0,164.8,0.0
550318,2254.0,437.0,164.8,0.0
550318,2263.0,437.0,164.8,0.0
550334,2312.0,437.0,164.8,0.0
550334,2359.0,437.0,164.8,0.0
550335,2346.0,437.0,164.8,0.0
550335,2352.0,437.0,164.8,0.0
550348,1816.0,436.0,164.8,0.0
550349,1866.0,436.0,164.8,0.0
550349,1817.0,436.0,164.8,0.0
550366,2015.0,436.0,164.8,0.0
550366,1984.0,436.0,164.8,0.0
550366,2011.0,436.0,164.8,0.0
550366,2045.0,436.0,164.8,0.0
550379,2168.0,436.0,164.8,0.0
550379,2118.0,436.0,164.8,0.0
550380,2115.0,436.0,164.8,0.0
550392,2080.0,436.0,164.8,0.0
550393,2162.0,436.0,164.8,0.0
550393,2161.0,436.0,164.8,0.0
550393,2139.0,436.0,164.8,0.0
550411,1780.0,437.0,164.8,0.0
550411,1824.0,437.0,164.8,0.0
550412,1787.0,437.0,164.8,0.0
550412,1939.0,437.0,164.8,0.0
550425,1988.0,437.0,164.8,0.0
550426,1979.0,437.0,164.8,0.0
550426,2023.0,437.0,164.8,0.0
550439,2314.0,437.0,164.8,0.0
550439,2255.0,437.0,164.8,0.0
550439,2216.0,437.0,164.8,0.0
550439,2240.0,437.0,164.8,0.0
550456,2308.0,436.0,164.8,0.0
550456,2326.0,436.0,164.8,0.0
550457,2296.0,436.0,164.8,0.0
550457,2274.0,436.0,164.8,0.0
550469,1841.0,436.0,164.8,0.0
550470,1880.0,436.0,164.8,0.0
550470,1870.0,436.0,164.8,0.0
550482,2013.0,436.0,164.8,0.0
550483,1988.0,436.0,164.8,0.0
550483,2034.0,436.0,164.8,0.0
550500,2445.0,436.0,164.8,0.0
550500,2390.0,436.0,164.8,0.0
550500,2334.0,436.0,164.8,0.0
550501,2322.0,436.0,164.8,0.0
550513,2070.0,436.0,164.8,0.0
550514,2175.0,436.0,164.8,0.0
550514,2179.0,436.0,164.8,0.0
550531,1762.0,435.0,164.8,0.0
550531,1771.0,435.0,164.8,0.0
550531,1788.0,435.0,164.8,0.0
550532,1841.0,435.0,164.8,0.0
550545,2058.0,435.0,164.8,0.0
550546,1999.0,435.0,164.8,0.0
550546,1990.0,435.0,164.8,0.0
550558,2486.0,435.0,164.8,0.0
550559,2477.0,435.0,164.8,0.0
550559,2451.0,435.0,164.8,0.0
550559,2402.0,435.0,164.8,0.0
550576,2195.0,434.0,164.8,0.0
550577,2239.0,434.0,164.8,0.0
550577,2242.0,434.0,164.8,0.0
550577,2227.0,434.0,164.8,0.0
550590,1869.0,434.0,164.8,0.0
550590,1861.0,434.0,164.8,0.0
550590,1878.0,434.0,164.8,0.0
550607,1895.0,434.0,164.8,0.0
550607,1853.0,434.0,164.8,0.0
550608,1857.0,434.0,164.8,0.0
550608,1860.0,434.0,164.8,0.0
550620,2187.0,434.0,164.8,0.0
550621,2156.0,434.0,164.8,0.0
550621,2158.0,434.0,164.8,0.0
550635,2316.0,434.0,164.8,0.0
550635,2361.0,434.0,164.8,0.0
550635,2362.0,434.0,164.8,0.0
550635,2361.0,434.0,164.8,0.0
550652,1934.0,433.0,164.8,0.0
550653,2008.0,433.0,164.8,0.0
550653,2058.0,433.0,164.8,0.0
550653,2058.0,433.0,164.8,0.0
550666,1941.0,433.0,164.8,0.0
550667,1942.0,433.0,164.8,0.0
550667,1941.0,433.0,164.8,0.0
550680,2199.0,433.0,164.8,0.0
550680,2189.0,433.0,164.8,0.0
550680,2207.0,433.0,164.8,0.0
550680,2198.0,433.0,164.8,0.0
550697,2271.0,432.0,164.8,0.0
550698,2248.0,432.0,164.8,0.0
550698,2229.0,432.0,164.8,0.0
550698,2243.0,432.0,164.8,0.0
550711,1852.0,432.0,164.8,0.0
550711,1920.0,432.0,164.8,0.0
550711,1866.0,432.0,164.8,0.0
550725,1988.0,432.0,164.8,0.0
550725,1998.0,432.0,164.8,0.0
550726,2018.0,432.0,164.8,0.0
550726,2037.0,432.0,164.8,0.0
550742,4078.0,432.0,164.8,0.0
550742,3939.0,432.0,164.8,0.0
550743,3988.0,432.0,164.8,0.0
550743,4055.0,432.0,164.8,0.0
550756,1353.0,431.0,164.8,0.0
550757,1308.0,431.0,164.8,0.0
550757,1195.0,431.0,164.8,0.0
550774,2234.0,430.0,164.8,0.0
550774,2349.0,430.0,164.8,0.0
550774,2464.0,430.0,164.8,0.0
550775,2428.0,430.0,164.8,0.0
550787,1756.0,430.0,164.8,0.0
550788,1735.0,430.0,164.8,0.0
550788,1783.0,430.0,164.8,0.0
550800,2233.0,430.0,164.8,0.0
550801,2200.0,430.0,164.8,0.0
550801,2099.0,430.0,164.8,0.0
550801,2066.0,430.0,164.8,0.0
550818,2284.0,429.0,164.8,0.0
550818,2345.0,429.0,164.8,0.0
550819,2311.0,429.0,164.8,0.0
550819,2233.0,429.0,164.8,0.0
550831,1792.0,429.0,164.8,0.0
550832,1901.0,429.0,164.8,0.0
550832,1961.0,429.0,164.8,0.0
550849,1946.0,429.0,164.8,0.0
550849,1928.0,429.0,164.8,0.0
550850,1865.0,429.0,164.8,0.0
550850,1915.0,429.0,164.8,0.0
550864,2078.0,428.0,164.8,0.0
550864,2030.0,428.0,164.8,0.0
550864,1963.0,428.0,164.8,0.0
550877,2826.0,428.0,164.8,0.0
550878,2910.0,428.0,164.8,0.0
550878,2937.0,428.0,164.8,0.0
550878,2935.0,428.0,164.8,0.0
550896,1914.0,428.0,164.8,0.0
550896,1921.0,428.0,164.8,0.0
550896,1954.0,428.0,164.8,0.0
550897,1989.0,428.0,164.8,0.0
550909,2002.0,428.0,164.8,0.0
550910,1938.0,428.0,164.8,0.0
550910,1913.0,428.0,164.8,0.0
550923,1969.0,427.0,164.8,0.0
550924,1949.0,427.0,164.8,0.0
550924,2005.0,427.0,164.8,0.0
550924,1973.0,427.0,164.8,0.0
550940,2161.0,427.0,164.8,0.0
550940,2144.0,427.0,164.8,0.0
550941,2168.0,427.0,164.8,0.0
550941,2175.0,427.0,164.8,0.0
550954,1944.0,427.0,164.8,0.0
550955,2086.0,427.0,164.8,0.0
550955,2070.0,427.0,164.8,0.0
550971,1872.0,427.0,164.8,0.0
550971,1901.0,427.0,164.8,0.0
550971,1903.0,427.0,164.8,0.0
550971,1881.0,427.0,164.8,0.0
550985,1978.0,426.0,164.8,0.0
550985,1986.0,426.0,164.8,0.0
550986,1996.0,426.0,164.8,0.0
550998,2105.0,426.0,164.8,0.0
550999,2087.0,426.0,164.8,0.0
550999,2083.0,426.0,164.8,0.0
550999,2103.0,426.0,164.8,0.0
551017,2018.0,426.0,164.8,0.0
551018,1999.0,426.0,164.8,0.0
551018,1971.0,426.0,164.8,0.0
551018,1962.0,426.0,164.8,0.0
551031,2039.0,425.0,164.8,0.0
551031,1952.0,425.0,164.8,0.0
551031,1934.0,425.0,164.8,0.0
551045,1955.0,425.0,164.8,0.0
551045,1937.0,425.0,164.8,0.0
551046,1962.0,425.0,164.8,0.0
551046,1996.0,425.0,164.8,0.0
551063,2009.0,425.0,164.8,0.0
551063,1970.0,425.0,164.8,0.0
551063,1971.0,425.0,164.8,0.0
551063,1984.0,425.0,164.8,0.0
551076,2196.0,425.0,164.8,0.0
551076,2190.0,425.0,164.8,0.0
551077,2173.0,425.0,164.8,0.0
551089,1877.0,425.0,164.8,0.0
551090,1900.0,425.0,164.8,0.0
551090,1893.0,425.0,164.8,0.0
551090,1873.0,425.0,164.8,0.0
551107,1879.0,425.0,164.8,0.0
551108,1851.0,425.0,164.8,0.0
551108,1858.0,425.0,164.8,0.0
551108,1875.0,425.0,164.8,0.0
551121,2265.0,425.0,164.8,0.0
551121,2222.0,425.0,164.8,0.0
551122,2259.0,425.0,164.8,0.0
551139,2080.0,424.0,164.8,0.0
551139,2078.0,424.0,164.8,0.0
551139,2046.0,424.0,164.8,0.0
551139,2027.0,424.0,164.8,0.0
551153,2029.0,424.0,164.8,0.0
551153,2085.0,424.0,164.8,0.0
551154,2093.0,424.0,164.8,0.0
551166,1946.0,424.0,164.8,0.0
551167,1899.0,424.0,164.8,0.0
551167,1915.0,424.0,164.8,0.0
551167,1939.0,424.0,164.8,0.0
551184,2038.0,424.0,164.8,0.0
551185,1990.0,424.0,164.8,0.0
551185,1966.0,424.0,164.8,0.0
551185,1979.0,424.0,164.8,0.0
551198,2173.0,424.0,164.8,0.0
551198,2185.0,424.0,164.8,0.0
551198,2158.0,424.0,164.8,0.0
551215,2055.0,424.0,164.8,0.0
551215,2083.0,424.0,164.8,0.0
551216,2098.0,424.0,164.8,0.0
551216,2097.0,424.0,164.8,0.0
551228,1918.0,424.0,164.8,0.0
551229,1907.0,424.0,164.8,0.0
551229,1920.0,424.0,164.8,0.0
551242,2049.0,424.0,164.8,0.0
551243,2037.0,424.0,164.8,0.0
551243,2027.0,424.0,164.8,0.0
551243,2029.0,424.0,164.8,0.0
551260,1909.0,424.0,164.8,0.0
551261,1924.0,424.0,164.8,0.0
551261,1915.0,424.0,164.8,0.0
551261,1912.0,424.0,164.8,0.0
551275,2215.0,424.0,164.8,0.0
551275,2242.0,424.0,164.8,0.0
551275,2260.0,424.0,164.8,0.0
551288,1890.0,424.0,164.8,0.0
551288,1883.0,424.0,164.8,0.0
551288,1859.0,424.0,164.8,0.0
551288,1848.0,424.0,164.8,0.0
551305,1985.0,425.0,164.8,0.0
551306,1992.0,425.0,164.8,0.0
551306,1966.0,425.0,164.8,0.0
551306,1950.0,425.0,164.8,0.0
551319,2222.0,425.0,164.8,0.0
551319,2220.0,425.0,164.8,0.0
551319,2233.0,425.0,164.8,0.0
551333,2319.0,425.0,164.8,0.0
551333,2379.0,425.0,164.8,0.0
551334,2412.0,425.0,164.8,0.0
551334,2445.0,425.0,164.8,0.0
551350,1686.0,425.0,164.8,0.0
551350,1697.0,425.0,164.8,0.0
551350,1649.0,425.0,164.8,0.0
551350,1609.0,425.0,164.8,0.0
551364,2070.0,426.0,164.8,0.0
551364,2110.0,426.0,164.8,0.0
551364,2135.0,426.0,164.8,0.0
551380,1893.0,426.0,164.8,0.0
551381,1882.0,426.0,164.8,0.0
551381,1878.0,426.0,164.8,0.0
551381,1910.0,426.0,164.8,0.0
551395,2243.0,426.0,164.8,0.0
551395,2237.0,426.0,164.8,0.0
551395,2217.0,426.0,164.8,0.0
551408,1874.0,426.0,164.8,0.0
551408,1914.0,426.0,164.8,0.0
551409,1881.0,426.0,164.8,0.0
551409,1851.0,426.0,164.8,0.0
551426,1957.0,426.0,164.8,0.0
551426,1954.0,426.0,164.8,0.0
551426,1980.0,426.0,164.8,0.0
551426,1987.0,426.0,164.8,0.0
551439,2114.0,426.0,164.8,0.0
551439,2086.0,426.0,164.8,0.0
551440,2102.0,426.0,164.8,0.0
551453,2113.0,425.0,164.8,0.0
551453,2167.0,425.0,164.8,0.0
551454,2137.0,425.0,164.8,0.0
551454,2122.0,425.0,164.8,0.0
551470,1853.0,425.0,164.8,0.0
551470,1887.0,425.0,164.8,0.0
551470,1877.0,425.0,164.8,0.0
551470,1834.0,425.0,164.8,0.0
551484,2003.0,425.0,164.8,0.0
551484,2024.0,425.0,164.8,0.0
551484,2054.0,425.0,164.8,0.0
551501,2142.0,425.0,164.8,0.0
551502,2087.0,425.0,164.8,0.0
551502,2064.0,425.0,164.8,0.0
551502,2085.0,425.0,164.8,0.0
551515,2094.0,425.0,164.8,0.0
551515,2123.0,425.0,164.8,0.0
551515,2092.0,425.0,164.8,0.0
551528,1917.0,426.0,164.8,0.0
551528,1903.0,426.0,164.8,0.0
551529,1944.0,426.0,164.8,0.0
551529,1940.0,426.0,164.8,0.0
551546,1967.0,426.0,164.8,0.0
551546,1936.0,426.0,164.8,0.0
551546,1956.0,426.0,164.8,0.0
551547,1965.0,426.0,164.8,0.0
551559,2270.0,426.0,164.8,0.0
551560,2200.0,426.0,164.8,0.0
551560,2200.0,426.0,164.8,0.0
551577,2095.0,427.0,164.8,0.0
551577,2120.0,427.0,164.8,0.0
551577,2098.0,427.0,164.8,0.0
551578,2070.0,427.0,164.8,0.0
551591,1902.0,427.0,164.8,0.0
551591,1944.0,427.0,164.8,0.0
551592,1980.0,427.0,164.8,0.0
551604,2050.0,427.0,164.8,0.0
551605,1999.0,427.0,164.8,0.0
551605,2003.0,427.0,164.8,0.0
551605,2024.0,427.0,164.8,0.0
551623,2103.0,427.0,164.8,0.0
551623,2061.0,427.0,164.8,0.0
551623,2028.0,427.0,164.8,0.0
551624,2040.0,427.0,164.8,0.0
551636,2181.0,427.0,164.8,0.0
551637,2207.0,427.0,164.8,0.0
551637,2190.0,427.0,164.8,0.0
551649,1878.0,427.0,164.8,0.0
551650,1899.0,427.0,164.8,0.0
551650,1894.0,427.0,164.8,0.0
551650,1887.0,427.0,164.8,0.0
551667,1924.0,427.0,164.8,0.0
551667,1885.0,427.0,164.8,0.0
551667,1902.0,427.0,164.8,0.0
551668,1919.0,427.0,164.8,0.0
551681,2191.0,427.0,164.8,0.0
551681,2154.0,427.0,164.8,0.0
551682,2149.0,427.0,164.8,0.0
551697,2127.0,427.0,164.8,0.0
551698,2132.0,427.0,164.8,0.0
551698,2115.0,427.0,164.8,0.0
551698,2099.0,427.0,164.8,0.0
551712,1879.0,427.0,164.8,0.0
551712,1917.0,427.0,164.8,0.0
551712,1908.0,427.0,164.8,0.0
551725,1989.0,427.0,164.8,0.0
551725,1961.0,427.0,164.8,0.0
551726,1981.0,427.0,164.8,0.0
551726,2003.0,427.0,164.8,0.0
551743,2053.0,428.0,164.8,0.0
551744,2008.0,428.0,164.8,0.0
551744,1997.0,428.0,164.8,0.0
551744,1995.0,428.0,164.8,0.0
551757,2114.0,428.0,164.8,0.0
551757,2136.0,428.0,164.8,0.0
551757,2117.0,428.0,164.8,0.0
551771,1910.0,428.0,164.8,0.0
551771,1937.0,428.0,164.8,0.0
551772,1957.0,428.0,164.8,0.0
551772,1988.0,428.0,164.8,0.0
551787,1890.0,428.0,164.8,0.0
551788,1853.0,428.0,164.8,0.0
551788,1739.0,428.0,164.8,0.0
551788,1873.0,428.0,164.8,0.0
551802,2149.0,428.0,164.8,0.0
551802,2114.0,428.0,164.8,0.0
551802,2124.0,428.0,164.8,0.0
551818,2275.0,428.0,164.8,0.0
551819,2258.0,428.0,164.8,0.0
551819,2240.0,428.0,164.8,0.0
551819,2227.0,428.0,164.8,0.0
551832,2078.0,429.0,164.8,0.0
551833,2143.0,429.0,164.8,0.0
551833,2156.0,429.0,164.8,0.0
551846,1956.0,429.0,164.8,0.0
551846,1941.0,429.0,164.8,0.0
551846,1927.0,429.0,164.8,0.0
551846,1934.0,429.0,164.8,0.0
551864,2106.0,429.0,164.8,0.0
551865,2055.0,429.0,164.8,0.0
551865,2040.0,429.0,164.8,0.0
551865,2056.0,429.0,164.8,0.0
551877,1595.0,429.0,164.8,0.0
551878,1599.0,429.0,164.8,0.0
551878,1585.0,429.0,164.8,0.0
551892,2124.0,429.0,164.8,0.0
551892,2198.0,429.0,164.8,0.0
551892,2252.0,429.0,164.8,0.0
551892,2271.0,429.0,164.8,0.0
551908,1799.0,429.0,164.8,0.0
551909,1763.0,429.0,164.8,0.0
551909,1753.0,429.0,164.8,0.0
551909,1779.0,429.0,164.8,0.0
551923,2085.0,429.0,164.8,0.0
551923,2078.0,429.0,164.8,0.0
551923,2059.0,429.0,164.8,0.0
551936,2178.0,430.0,164.8,0.0
551937,2219.0,430.0,164.8,0.0
551937,2227.0,430.0,164.8,0.0
551937,2199.0,430.0,164.8,0.0
551954,1971.0,430.0,164.8,0.0
551954,1997.0,430.0,164.8,0.0
551954,1994.0,430.0,164.8,0.0
551955,2019.0,430.0,164.8,0.0
551967,1958.0,430.0,164.8,0.0
551968,1954.0,430.0,164.8,0.0
551968,1954.0,430.0,164.8,0.0
551985,2002.0,430.0,164.8,0.0
551985,1990.0,430.0,164.8,0.0
551985,1976.0,430.0,164.8,0.0
551986,1992.0,430.0,164.8,0.0
551998,2131.0,430.0,164.8,0.0
551999,2144.0,430.0,164.8,0.0
551999,2148.0,430.0,164.8,0.0
552012,2012.0,429.0,164.8,0.0
552013,2068.0,429.0,164.8,0.0
552013,2080.0,429.0,164.8,0.0
552013,2095.0,429.0,164.8,0.0
552030,1850.0,430.0,164.8,0.0
552030,1861.0,430.0,164.8,0.0
552030,1849.0,430.0,164.8,0.0
552030,1835.0,430.0,164.8,0.0
552043,2023.0,430.0,164.8,0.0
552043,2032.0,430.0,164.8,0.0
552044,2046.0,430.0,164.8,0.0
552056,2013.0,430.0,164.8,0.0
552057,2010.0,430.0,164.8,0.0
552057,1983.0,430.0,164.8,0.0
552073,2144.0,431.0,164.8,0.0
552074,2183.0,431.0,164.8,0.0
552074,2200.0,431.0,164.8,0.0
552074,2196.0,431.0,164.8,0.0
552087,1905.0,431.0,164.8,0.0
552087,1905.0,431.0,164.8,0.0
552087,1900.0,431.0,164.8,0.0
552104,2047.0,431.0,164.8,0.0
