timestamp_ms,ecg_filtered,ppg_dc_ir,ecg_bpm,spo2_pct
465379,1964.0,408.0,144.8,0.0
465383,2071.0,408.0,144.8,0.0
465387,2008.0,408.0,144.8,0.0
465391,1871.0,408.0,144.8,0.0
465395,1906.0,408.0,144.8,0.0
465399,2023.0,408.0,144.8,0.0
465402,2122.0,408.0,144.8,0.0
465411,1555.0,407.0,144.8,0.0
465412,1907.0,407.0,144.8,0.0
465415,1996.0,407.0,144.8,0.0
465419,2036.0,407.0,144.8,0.0
465423,2118.0,407.0,144.8,0.0
465427,2081.0,407.0,144.8,0.0
465441,3025.0,407.0,144.8,0.0
465443,2705.0,407.0,144.8,0.0
465443,2193.0,407.0,144.8,0.0
465444,2169.0,407.0,144.8,0.0
465457,2350.0,406.0,144.8,0.0
465457,2703.0,406.0,144.8,0.0
465458,2452.0,406.0,144.8,0.0
465459,2127.0,406.0,144.8,0.0
465474,1548.0,406.0,144.8,0.0
465474,2043.0,406.0,144.8,0.0
465475,2322.0,406.0,144.8,0.0
465475,2070.0,406.0,144.8,0.0
465488,1645.0,405.0,144.8,0.0
465489,1596.0,405.0,144.8,0.0
465489,1959.0,405.0,144.8,0.0
465501,3099.0,405.0,151.7,0.0
465502,2845.0,405.0,151.7,0.0
465502,2513.0,405.0,151.7,0.0
465503,2534.0,405.0,151.7,0.0
465519,2805.0,404.0,151.7,0.0
465520,3010.0,404.0,151.7,0.0
465520,2784.0,404.0,151.7,0.0
465520,2504.0,404.0,151.7,0.0
465532,1577.0,404.0,151.7,0.0
465533,1935.0,404.0,151.7,0.0
465533,2063.0,404.0,151.7,0.0
465550,1583.0,403.0,151.7,0.0
465551,1281.0,403.0,151.7,0.0
465551,1349.0,403.0,151.7,0.0
465551,1637.0,403.0,151.7,0.0
465564,2605.0,403.0,151.7,0.0
465564,2324.0,403.0,151.7,0.0
465564,2084.0,403.0,151.7,0.0
465578,2111.0,403.0,151.7,0.0
465579,2425.0,403.0,151.7,0.0
465579,2510.0,403.0,151.7,0.0
465579,2321.0,403.0,151.7,0.0
465595,1524.0,403.0,151.7,0.0
465595,1722.0,403.0,151.7,0.0
465596,1935.0,403.0,151.7,0.0
465596,2021.0,403.0,151.7,0.0
465609,1403.0,402.0,151.7,0.0
465610,1221.0,402.0,151.7,0.0
465610,1285.0,402.0,151.7,0.0
465627,1921.0,401.0,151.7,0.0
465627,1871.0,401.0,151.7,0.0
465627,1694.0,401.0,151.7,0.0
465628,1537.0,401.0,151.7,0.0
465640,2304.0,401.0,151.7,0.0
465641,2465.0,401.0,151.7,0.0
465641,2528.0,401.0,151.7,0.0
465653,1498.0,401.0,151.7,0.0
465654,1460.0,401.0,151.7,0.0
465654,1492.0,401.0,151.7,0.0
465672,1398.0,401.0,151.7,0.0
465672,1480.0,401.0,151.7,0.0
465672,1452.0,401.0,151.7,0.0
465673,1375.0,401.0,151.7,0.0
465686,1897.0,400.0,151.7,0.0
465686,1905.0,400.0,151.7,0.0
465687,1948.0,400.0,151.7,0.0
465699,2420.0,400.0,151.7,0.0
465700,2350.0,400.0,151.7,0.0
465700,2359.0,400.0,151.7,0.0
465700,2462.0,400.0,151.7,0.0
465717,2186.0,400.0,151.7,0.0
465718,2208.0,400.0,151.7,0.0
465718,2124.0,400.0,151.7,0.0
465718,2139.0,400.0,151.7,0.0
465731,1392.0,400.0,151.7,0.0
465731,1478.0,400.0,151.7,0.0
465731,1410.0,400.0,151.7,0.0
465748,1546.0,399.0,151.7,0.0
465749,1466.0,399.0,151.7,0.0
465749,1560.0,399.0,151.7,0.0
465749,1622.0,399.0,151.7,0.0
465762,2512.0,399.0,151.7,0.0
465762,2369.0,399.0,151.7,0.0
465762,2370.0,399.0,151.7,0.0
465776,2013.0,399.0,151.7,0.0
465776,2153.0,399.0,151.7,0.0
465776,2068.0,399.0,151.7,0.0
465777,1966.0,399.0,151.7,0.0
465793,1519.0,399.0,151.7,0.0
465794,1756.0,399.0,151.7,0.0
465794,1823.0,399.0,151.7,0.0
465794,1744.0,399.0,151.7,0.0
465808,1604.0,398.0,151.7,0.0
465808,1589.0,398.0,151.7,0.0
465808,1686.0,398.0,151.7,0.0
465821,2521.0,398.0,156.0,0.0
465821,2412.0,398.0,156.0,0.0
465822,2307.0,398.0,156.0,0.0
465822,2385.0,398.0,156.0,0.0
465839,2394.0,398.0,156.0,0.0
465839,2453.0,398.0,156.0,0.0
465839,2351.0,398.0,156.0,0.0
465839,2287.0,398.0,156.0,0.0
465852,1385.0,398.0,156.0,0.0
465852,1552.0,398.0,156.0,0.0
465853,1540.0,398.0,156.0,0.0
465866,1949.0,398.0,156.0,0.0
465867,1814.0,398.0,156.0,0.0
465867,1870.0,398.0,156.0,0.0
465867,1952.0,398.0,156.0,0.0
465883,2679.0,398.0,156.0,0.0
465884,2500.0,398.0,156.0,0.0
465884,2458.0,398.0,156.0,0.0
465884,2576.0,398.0,156.0,0.0
465898,3017.0,398.0,156.0,0.0
465898,3022.0,398.0,156.0,0.0
465898,2918.0,398.0,156.0,0.0
465915,1885.0,398.0,156.0,0.0
465916,2061.0,398.0,156.0,0.0
465916,2128.0,398.0,156.0,0.0
465916,2069.0,398.0,156.0,0.0
465929,1294.0,398.0,156.0,0.0
465929,1287.0,398.0,156.0,0.0
465929,1363.0,398.0,156.0,0.0
465942,2630.0,398.0,156.0,0.0
465942,2504.0,398.0,156.0,0.0
465942,2478.0,398.0,156.0,0.0
465943,2525.0,398.0,156.0,0.0
465959,2446.0,399.0,156.0,0.0
465960,2461.0,399.0,156.0,0.0
465960,2393.0,399.0,156.0,0.0
465960,2376.0,399.0,156.0,0.0
465973,1561.0,399.0,156.0,0.0
465973,1697.0,399.0,156.0,0.0
465974,1684.0,399.0,156.0,0.0
465987,1779.0,399.0,156.0,0.0
465987,1680.0,399.0,156.0,0.0
465988,1744.0,399.0,156.0,0.0
465988,1785.0,399.0,156.0,0.0
466005,2277.0,399.0,156.0,0.0
466006,2080.0,399.0,156.0,0.0
466006,2047.0,399.0,156.0,0.0
466006,2143.0,399.0,156.0,0.0
466019,2475.0,399.0,156.0,0.0
466019,2461.0,399.0,156.0,0.0
466019,2399.0,399.0,156.0,0.0
466037,2132.0,400.0,156.0,0.0
466037,2300.0,400.0,156.0,0.0
466037,2349.0,400.0,156.0,0.0
466037,2319.0,400.0,156.0,0.0
466050,1570.0,400.0,156.0,0.0
466050,1587.0,400.0,156.0,0.0
466051,1644.0,400.0,156.0,0.0
466063,2707.0,400.0,156.0,0.0
466064,2593.0,400.0,156.0,0.0
466064,2552.0,400.0,156.0,0.0
466081,2796.0,399.0,156.0,0.0
466081,2849.0,399.0,156.0,0.0
466081,2826.0,399.0,156.0,0.0
466082,2792.0,399.0,156.0,0.0
466095,2123.0,399.0,156.0,0.0
466095,2250.0,399.0,156.0,0.0
466096,2303.0,399.0,156.0,0.0
466112,1712.0,400.0,156.0,0.0
466112,1711.0,400.0,156.0,0.0
466112,1731.0,400.0,156.0,0.0
466112,1770.0,400.0,156.0,0.0
466126,2186.0,400.0,156.0,0.0
466126,2074.0,400.0,156.0,0.0
466126,2028.0,400.0,156.0,0.0
466139,2406.0,400.0,164.7,0.0
466139,2455.0,400.0,164.7,0.0
466140,2478.0,400.0,164.7,0.0
466140,2485.0,400.0,164.7,0.0
466158,2150.0,400.0,164.7,0.0
466158,2208.0,400.0,164.7,0.0
466158,2224.0,400.0,164.7,0.0
466158,2254.0,400.0,164.7,0.0
466171,1359.0,400.0,164.7,0.0
466171,1382.0,400.0,164.7,0.0
466172,1361.0,400.0,164.7,0.0
466185,2039.0,401.0,164.7,0.0
466186,1959.0,401.0,164.7,0.0
466186,1978.0,401.0,164.7,0.0
466186,1974.0,401.0,164.7,0.0
466202,2416.0,401.0,164.7,0.0
466202,2348.0,401.0,164.7,0.0
466203,2369.0,401.0,164.7,0.0
466203,2423.0,401.0,164.7,0.0
466216,2062.0,401.0,164.7,0.0
466217,2043.0,401.0,164.7,0.0
466217,2010.0,401.0,164.7,0.0
466234,1557.0,401.0,164.7,0.0
466234,1697.0,401.0,164.7,0.0
466234,1749.0,401.0,164.7,0.0
466235,1712.0,401.0,164.7,0.0
466247,1685.0,401.0,164.7,0.0
466247,1631.0,401.0,164.7,0.0
466248,1674.0,401.0,164.7,0.0
466260,2453.0,401.0,164.7,0.0
466261,2411.0,401.0,164.7,0.0
466261,2388.0,401.0,164.7,0.0
466279,2329.0,401.0,164.7,0.0
466279,2427.0,401.0,164.7,0.0
466279,2432.0,401.0,164.7,0.0
466279,2369.0,401.0,164.7,0.0
466292,1398.0,402.0,164.7,0.0
466293,1508.0,402.0,164.7,0.0
466293,1555.0,402.0,164.7,0.0
466306,1906.0,401.0,164.7,0.0
466307,1770.0,401.0,164.7,0.0
466307,1769.0,401.0,164.7,0.0
466307,1795.0,401.0,164.7,0.0
466324,2361.0,402.0,164.7,0.0
466324,2228.0,402.0,164.7,0.0
466325,2173.0,402.0,164.7,0.0
466325,2182.0,402.0,164.7,0.0
466337,2215.0,402.0,164.7,0.0
466338,2259.0,402.0,164.7,0.0
466338,2228.0,402.0,164.7,0.0
466355,1769.0,402.0,164.7,0.0
466355,1889.0,402.0,164.7,0.0
466355,1956.0,402.0,164.7,0.0
466356,1944.0,402.0,164.7,0.0
466368,1563.0,402.0,164.7,0.0
466369,1516.0,402.0,164.7,0.0
466369,1510.0,402.0,164.7,0.0
466381,2588.0,402.0,164.7,0.0
466382,2509.0,402.0,164.7,0.0
466382,2504.0,402.0,164.7,0.0
466382,2532.0,402.0,164.7,0.0
466400,2535.0,402.0,164.7,0.0
466401,2535.0,402.0,164.7,0.0
466401,2505.0,402.0,164.7,0.0
466401,2509.0,402.0,164.7,0.0
466415,1781.0,403.0,164.7,0.0
466415,1882.0,403.0,164.7,0.0
466415,1883.0,403.0,164.7,0.0
466428,1554.0,403.0,164.7,0.0
466428,1500.0,403.0,164.7,0.0
466429,1516.0,403.0,164.7,0.0
466429,1517.0,403.0,164.7,0.0
466446,1996.0,403.0,164.7,0.0
466446,1849.0,403.0,164.7,0.0
466446,1865.0,403.0,164.7,0.0
466447,1886.0,403.0,164.7,0.0
466459,2427.0,403.0,186.9,0.0
466459,2389.0,403.0,186.9,0.0
466460,2379.0,403.0,186.9,0.0
466473,1632.0,403.0,186.9,0.0
466473,1754.0,403.0,186.9,0.0
466474,1748.0,403.0,186.9,0.0
466474,1715.0,403.0,186.9,0.0
466490,2044.0,403.0,186.9,0.0
466490,2080.0,403.0,186.9,0.0
466491,2168.0,403.0,186.9,0.0
466491,2138.0,403.0,186.9,0.0
466504,2786.0,404.0,186.9,0.0
466505,2665.0,404.0,186.9,0.0
466505,2706.0,404.0,186.9,0.0
466521,2346.0,404.0,186.9,0.0
466521,2314.0,404.0,186.9,0.0
466522,2208.0,404.0,186.9,0.0
466522,2177.0,404.0,186.9,0.0
466535,2026.0,405.0,186.9,0.0
466536,2183.0,405.0,186.9,0.0
466536,2161.0,405.0,186.9,0.0
466548,1443.0,405.0,186.9,0.0
466549,1368.0,405.0,186.9,0.0
466549,1414.0,405.0,186.9,0.0
466549,1459.0,405.0,186.9,0.0
466566,2000.0,405.0,186.9,0.0
466566,1830.0,405.0,186.9,0.0
466567,1794.0,405.0,186.9,0.0
466567,1845.0,405.0,186.9,0.0
466579,2483.0,405.0,186.9,0.0
466580,2447.0,405.0,186.9,0.0
466580,2411.0,405.0,186.9,0.0
466597,2182.0,406.0,186.9,0.0
466597,2300.0,406.0,186.9,0.0
466597,2345.0,406.0,186.9,0.0
466598,2312.0,406.0,186.9,0.0
466610,1420.0,406.0,186.9,0.0
466611,1461.0,406.0,186.9,0.0
466611,1499.0,406.0,186.9,0.0
466624,2394.0,406.0,186.9,0.0
466625,2267.0,406.0,186.9,0.0
466625,2258.0,406.0,186.9,0.0
466625,2292.0,406.0,186.9,0.0
466643,2622.0,406.0,186.9,0.0
466643,2514.0,406.0,186.9,0.0
466644,2448.0,406.0,186.9,0.0
466644,2459.0,406.0,186.9,0.0
466656,2380.0,406.0,186.9,0.0
466657,2476.0,406.0,186.9,0.0
466657,2454.0,406.0,186.9,0.0
466670,1668.0,406.0,186.9,0.0
466670,1693.0,406.0,186.9,0.0
466670,1721.0,406.0,186.9,0.0
466670,1702.0,406.0,186.9,0.0
466687,2036.0,406.0,186.9,0.0
466688,1931.0,406.0,186.9,0.0
466688,1944.0,406.0,186.9,0.0
466688,1962.0,406.0,186.9,0.0
466701,2794.0,406.0,186.9,0.0
466701,2742.0,406.0,186.9,0.0
466701,2753.0,406.0,186.9,0.0
466715,2087.0,405.0,186.9,0.0
466715,2182.0,405.0,186.9,0.0
466715,2140.0,405.0,186.9,0.0
466715,2083.0,405.0,186.9,0.0
466732,1503.0,406.0,186.9,0.0
466733,1692.0,406.0,186.9,0.0
466733,1712.0,406.0,186.9,0.0
466733,1650.0,406.0,186.9,0.0
466746,1864.0,406.0,186.9,0.0
466746,1824.0,406.0,186.9,0.0
466746,1882.0,406.0,186.9,0.0
466763,2382.0,406.0,186.9,0.0
466764,2219.0,406.0,186.9,0.0
466764,2141.0,406.0,186.9,0.0
466764,2165.0,406.0,186.9,0.0
466777,2162.0,406.0,186.9,0.0
466777,2226.0,406.0,186.9,0.0
466777,2168.0,406.0,186.9,0.0
466790,1278.0,406.0,186.9,0.0
466791,1329.0,406.0,186.9,0.0
466791,1383.0,406.0,186.9,0.0
466791,1350.0,406.0,186.9,0.0
466808,1466.0,407.0,186.9,0.0
466808,1404.0,407.0,186.9,0.0
466809,1450.0,407.0,186.9,0.0
466809,1472.0,407.0,186.9,0.0
466822,2399.0,407.0,181.7,0.0
466823,2278.0,407.0,181.7,0.0
466823,2275.0,407.0,181.7,0.0
466839,2409.0,407.0,181.7,0.0
466839,2475.0,407.0,181.7,0.0
466840,2428.0,407.0,181.7,0.0
466840,2358.0,407.0,181.7,0.0
466853,1540.0,408.0,181.7,0.0
466854,1714.0,408.0,181.7,0.0
466854,1776.0,408.0,181.7,0.0
466866,1823.0,408.0,181.7,0.0
466867,1692.0,408.0,181.7,0.0
466867,1711.0,408.0,181.7,0.0
466867,1760.0,408.0,181.7,0.0
466885,2150.0,408.0,181.7,0.0
466885,1970.0,408.0,181.7,0.0
466886,1897.0,408.0,181.7,0.0
466886,1924.0,408.0,181.7,0.0
466898,2407.0,408.0,181.7,0.0
466899,2417.0,408.0,181.7,0.0
466899,2358.0,408.0,181.7,0.0
466912,1485.0,409.0,181.7,0.0
466913,1619.0,409.0,181.7,0.0
466913,1661.0,409.0,181.7,0.0
466913,1640.0,409.0,181.7,0.0
466929,1395.0,409.0,181.7,0.0
466930,1376.0,409.0,181.7,0.0
466930,1417.0,409.0,181.7,0.0
466930,1421.0,409.0,181.7,0.0
466943,2309.0,410.0,181.7,0.0
466944,2219.0,410.0,181.7,0.0
466944,2243.0,410.0,181.7,0.0
466957,2267.0,410.0,181.7,0.0
466957,2325.0,410.0,181.7,0.0
466957,2269.0,410.0,181.7,0.0
466957,2230.0,410.0,181.7,0.0
466974,1844.0,410.0,181.7,0.0
466975,2019.0,410.0,181.7,0.0
466975,1994.0,410.0,181.7,0.0
466975,1953.0,410.0,181.7,0.0
466988,1510.0,411.0,181.7,0.0
466988,1511.0,411.0,181.7,0.0
466988,1538.0,411.0,181.7,0.0
467005,2084.0,411.0,181.7,0.0
467006,1908.0,411.0,181.7,0.0
467006,1882.0,411.0,181.7,0.0
467006,1918.0,411.0,181.7,0.0
467019,2417.0,412.0,181.7,0.0
467019,2394.0,412.0,181.7,0.0
467019,2355.0,412.0,181.7,0.0
467033,1545.0,412.0,181.7,0.0
467033,1686.0,412.0,181.7,0.0
467033,1680.0,412.0,181.7,0.0
467033,1645.0,412.0,181.7,0.0
467049,1433.0,413.0,181.7,0.0
467050,1477.0,413.0,181.7,0.0
467050,1535.0,413.0,181.7,0.0
467050,1507.0,413.0,181.7,0.0
467064,2862.0,413.0,181.7,0.0
467064,2762.0,413.0,181.7,0.0
467064,2832.0,413.0,181.7,0.0
467081,2877.0,414.0,181.7,0.0
467082,2785.0,414.0,181.7,0.0
467082,2643.0,414.0,181.7,0.0
467082,2588.0,414.0,181.7,0.0
467094,1575.0,414.0,181.7,0.0
467095,1775.0,414.0,181.7,0.0
467095,1734.0,414.0,181.7,0.0
467108,1662.0,414.0,181.7,0.0
467108,1573.0,414.0,181.7,0.0
467108,1671.0,414.0,181.7,0.0
467126,1970.0,415.0,181.7,0.0
467127,1823.0,415.0,181.7,0.0
467127,1650.0,415.0,181.7,0.0
467127,1610.0,415.0,181.7,0.0
467140,2540.0,416.0,182.0,0.0
467141,2617.0,416.0,182.0,0.0
467141,2578.0,416.0,182.0,0.0
467154,1732.0,416.0,182.0,0.0
467154,1781.0,416.0,182.0,0.0
467154,1855.0,416.0,182.0,0.0
467154,1915.0,416.0,182.0,0.0
467171,1532.0,416.0,182.0,0.0
467172,1550.0,416.0,182.0,0.0
467172,1554.0,416.0,182.0,0.0
467172,1611.0,416.0,182.0,0.0
467185,2216.0,417.0,182.0,0.0
467185,2106.0,417.0,182.0,0.0
467186,2064.0,417.0,182.0,0.0
467198,2469.0,417.0,182.0,0.0
467198,2510.0,417.0,182.0,0.0
467199,2560.0,417.0,182.0,0.0
467216,2312.0,417.0,182.0,0.0
467217,2357.0,417.0,182.0,0.0
467217,2357.0,417.0,182.0,0.0
467217,2385.0,417.0,182.0,0.0
467231,1651.0,418.0,182.0,0.0
467231,1687.0,418.0,182.0,0.0
467232,1684.0,418.0,182.0,0.0
467248,1790.0,418.0,182.0,0.0
467248,1731.0,418.0,182.0,0.0
467249,1777.0,418.0,182.0,0.0
467249,1787.0,418.0,182.0,0.0
467262,2727.0,418.0,182.0,0.0
467263,2631.0,418.0,182.0,0.0
467263,2650.0,418.0,182.0,0.0
467275,2364.0,418.0,182.0,0.0
467276,2448.0,418.0,182.0,0.0
467276,2387.0,418.0,182.0,0.0
467276,2344.0,418.0,182.0,0.0
467293,1790.0,418.0,182.0,0.0
467294,1952.0,418.0,182.0,0.0
467294,1976.0,418.0,182.0,0.0
467294,1915.0,418.0,182.0,0.0
467307,1734.0,419.0,182.0,0.0
467307,1704.0,419.0,182.0,0.0
467307,1753.0,419.0,182.0,0.0
467321,2528.0,419.0,182.0,0.0
467321,2430.0,419.0,182.0,0.0
467321,2401.0,419.0,182.0,0.0
467321,2478.0,419.0,182.0,0.0
467338,2336.0,419.0,182.0,0.0
467338,2357.0,419.0,182.0,0.0
467339,2287.0,419.0,182.0,0.0
467339,2279.0,419.0,182.0,0.0
467352,1456.0,419.0,182.0,0.0
467353,1597.0,419.0,182.0,0.0
467353,1570.0,419.0,182.0,0.0
467371,1282.0,419.0,182.0,0.0
467371,1298.0,419.0,182.0,0.0
467371,1422.0,419.0,182.0,0.0
467371,1504.0,419.0,182.0,0.0
467384,2185.0,419.0,182.0,0.0
467385,1988.0,419.0,182.0,0.0
467385,1964.0,419.0,182.0,0.0
467397,2266.0,419.0,182.0,0.0
467398,2358.0,419.0,182.0,0.0
467398,2311.0,419.0,182.0,0.0
467398,2243.0,419.0,182.0,0.0
467415,1844.0,419.0,182.0,0.0
467415,2021.0,419.0,182.0,0.0
467415,2072.0,419.0,182.0,0.0
467416,2021.0,419.0,182.0,0.0
467428,1431.0,419.0,182.0,0.0
467429,1414.0,419.0,182.0,0.0
467429,1469.0,419.0,182.0,0.0
467446,1959.0,418.0,182.0,0.0
467446,1802.0,418.0,182.0,0.0
467446,1730.0,418.0,182.0,0.0
467447,1744.0,418.0,182.0,0.0
467460,2516.0,418.0,181.7,0.0
467460,2503.0,418.0,181.7,0.0
467461,2465.0,418.0,181.7,0.0
467473,1707.0,418.0,181.7,0.0
467474,1829.0,418.0,181.7,0.0
467474,1864.0,418.0,181.7,0.0
467474,1856.0,418.0,181.7,0.0
467492,1501.0,418.0,181.7,0.0
467493,1590.0,418.0,181.7,0.0
467493,1651.0,418.0,181.7,0.0
467493,1676.0,418.0,181.7,0.0
467506,1954.0,418.0,181.7,0.0
467506,1773.0,418.0,181.7,0.0
467507,1728.0,418.0,181.7,0.0
467520,2577.0,418.0,181.7,0.0
467521,2545.0,418.0,181.7,0.0
467521,2526.0,418.0,181.7,0.0
467521,2533.0,418.0,181.7,0.0
467537,2324.0,418.0,181.7,0.0
467538,2376.0,418.0,181.7,0.0
467538,2364.0,418.0,181.7,0.0
467538,2362.0,418.0,181.7,0.0
467552,1444.0,417.0,181.7,0.0
467552,1560.0,417.0,181.7,0.0
467552,1545.0,417.0,181.7,0.0
467569,1374.0,417.0,181.7,0.0
467570,1347.0,417.0,181.7,0.0
467570,1388.0,417.0,181.7,0.0
467570,1428.0,417.0,181.7,0.0
467582,2391.0,417.0,181.7,0.0
467583,2285.0,417.0,181.7,0.0
467583,2296.0,417.0,181.7,0.0
467596,2105.0,417.0,181.7,0.0
467596,2185.0,417.0,181.7,0.0
467596,2139.0,417.0,181.7,0.0
467614,2027.0,418.0,181.7,0.0
467614,2164.0,418.0,181.7,0.0
467615,2274.0,418.0,181.7,0.0
467615,2325.0,418.0,181.7,0.0
467627,2309.0,418.0,181.7,0.0
467628,2180.0,418.0,181.7,0.0
467628,2177.0,418.0,181.7,0.0
467642,2423.0,417.0,181.7,0.0
467642,2355.0,417.0,181.7,0.0
467642,2279.0,417.0,181.7,0.0
467643,2239.0,417.0,181.7,0.0
467660,2488.0,417.0,181.7,0.0
467660,2560.0,417.0,181.7,0.0
467661,2572.0,417.0,181.7,0.0
467661,2546.0,417.0,181.7,0.0
467673,1695.0,417.0,181.7,0.0
467674,1787.0,417.0,181.7,0.0
467674,1834.0,417.0,181.7,0.0
467691,1474.0,417.0,181.7,0.0
467691,1496.0,417.0,181.7,0.0
467691,1493.0,417.0,181.7,0.0
467692,1517.0,417.0,181.7,0.0
467704,2167.0,417.0,181.7,0.0
467705,2077.0,417.0,181.7,0.0
467705,2046.0,417.0,181.7,0.0
467718,2457.0,416.0,181.7,0.0
467719,2479.0,416.0,181.7,0.0
467719,2500.0,416.0,181.7,0.0
467719,2526.0,416.0,181.7,0.0
467736,2267.0,416.0,181.7,0.0
467737,2321.0,416.0,181.7,0.0
467737,2324.0,416.0,181.7,0.0
467737,2360.0,416.0,181.7,0.0
467751,1526.0,416.0,181.7,0.0
467751,1563.0,416.0,181.7,0.0
467751,1576.0,416.0,181.7,0.0
467764,2350.0,416.0,183.9,0.0
467764,2275.0,416.0,183.9,0.0
467764,2319.0,416.0,183.9,0.0
467764,2329.0,416.0,183.9,0.0
467782,2709.0,416.0,183.9,0.0
467782,2614.0,416.0,183.9,0.0
467782,2604.0,416.0,183.9,0.0
467782,2667.0,416.0,183.9,0.0
467795,2274.0,416.0,183.9,0.0
467795,2284.0,416.0,183.9,0.0
467796,2253.0,416.0,183.9,0.0
467809,1612.0,416.0,183.9,0.0
467810,1702.0,416.0,183.9,0.0
467810,1774.0,416.0,183.9,0.0
467810,1704.0,416.0,183.9,0.0
467826,2027.0,416.0,183.9,0.0
467827,1966.0,416.0,183.9,0.0
467827,2014.0,416.0,183.9,0.0
467827,2020.0,416.0,183.9,0.0
467840,2698.0,416.0,183.9,0.0
467841,2603.0,416.0,183.9,0.0
467841,2648.0,416.0,183.9,0.0
467858,2573.0,416.0,183.9,0.0
467859,2619.0,416.0,183.9,0.0
467859,2521.0,416.0,183.9,0.0
467859,2442.0,416.0,183.9,0.0
467872,1439.0,416.0,183.9,0.0
467872,1605.0,416.0,183.9,0.0
467872,1607.0,416.0,183.9,0.0
467885,1963.0,415.0,183.9,0.0
467885,1796.0,415.0,183.9,0.0
467885,1869.0,415.0,183.9,0.0
467902,2404.0,416.0,183.9,0.0
467903,2341.0,416.0,183.9,0.0
467903,2213.0,416.0,183.9,0.0
467903,2137.0,416.0,183.9,0.0
467916,2021.0,416.0,183.9,0.0
467916,2177.0,416.0,183.9,0.0
467916,2173.0,416.0,183.9,0.0
467930,1353.0,416.0,183.9,0.0
467930,1337.0,416.0,183.9,0.0
467930,1388.0,416.0,183.9,0.0
467930,1478.0,416.0,183.9,0.0
467948,1472.0,416.0,183.9,0.0
467948,1348.0,416.0,183.9,0.0
467948,1265.0,416.0,183.9,0.0
467948,1303.0,416.0,183.9,0.0
467961,2424.0,416.0,183.9,0.0
467962,2364.0,416.0,183.9,0.0
467962,2321.0,416.0,183.9,0.0
467979,2391.0,415.0,183.9,0.0
467980,2444.0,415.0,183.9,0.0
467980,2451.0,415.0,183.9,0.0
467980,2412.0,415.0,183.9,0.0
467993,1646.0,415.0,183.9,0.0
467993,1728.0,415.0,183.9,0.0
467994,1827.0,415.0,183.9,0.0
468007,1642.0,415.0,183.9,0.0
468007,1572.0,415.0,183.9,0.0
468008,1551.0,415.0,183.9,0.0
468008,1528.0,415.0,183.9,0.0
468024,2148.0,415.0,183.9,0.0
468024,2063.0,415.0,183.9,0.0
468024,2068.0,415.0,183.9,0.0
468024,2029.0,415.0,183.9,0.0
468038,2384.0,415.0,183.9,0.0
468038,2389.0,415.0,183.9,0.0
468039,2402.0,415.0,183.9,0.0
468054,1932.0,415.0,183.9,0.0
468055,2026.0,415.0,183.9,0.0
468055,2023.0,415.0,183.9,0.0
468055,2008.0,415.0,183.9,0.0
468069,1535.0,414.0,183.9,0.0
468069,1558.0,414.0,183.9,0.0
468069,1560.0,414.0,183.9,0.0
468082,2321.0,414.0,190.5,0.0
468083,2249.0,414.0,190.5,0.0
468083,2287.0,414.0,190.5,0.0
468083,2335.0,414.0,190.5,0.0
468101,2423.0,413.0,190.5,0.0
468101,2325.0,413.0,190.5,0.0
468101,2286.0,413.0,190.5,0.0
468102,2322.0,413.0,190.5,0.0
468114,1903.0,413.0,190.5,0.0
468115,1997.0,413.0,190.5,0.0
468115,1943.0,413.0,190.5,0.0
468128,1455.0,412.0,190.5,0.0
468129,1486.0,412.0,190.5,0.0
468129,1528.0,412.0,190.5,0.0
468129,1494.0,412.0,190.5,0.0
468145,1922.0,412.0,190.5,0.0
468146,1828.0,412.0,190.5,0.0
468146,1856.0,412.0,190.5,0.0
468146,1897.0,412.0,190.5,0.0
468159,2373.0,412.0,190.5,0.0
468160,2291.0,412.0,190.5,0.0
468160,2291.0,412.0,190.5,0.0
468173,1873.0,411.0,190.5,0.0
468173,2006.0,411.0,190.5,0.0
468173,1986.0,411.0,190.5,0.0
468173,1928.0,411.0,190.5,0.0
468190,2117.0,411.0,190.5,0.0
468191,2213.0,411.0,190.5,0.0
468191,2296.0,411.0,190.5,0.0
468191,2245.0,411.0,190.5,0.0
468204,2224.0,411.0,190.5,0.0
468204,2135.0,411.0,190.5,0.0
468204,2176.0,411.0,190.5,0.0
468221,2381.0,411.0,190.5,0.0
468222,2314.0,411.0,190.5,0.0
468222,2231.0,411.0,190.5,0.0
468222,2234.0,411.0,190.5,0.0
468235,2076.0,411.0,190.5,0.0
468235,2196.0,411.0,190.5,0.0
468236,2164.0,411.0,190.5,0.0
468249,1447.0,410.0,190.5,0.0
468250,1408.0,410.0,190.5,0.0
468250,1463.0,410.0,190.5,0.0
468250,1471.0,410.0,190.5,0.0
468267,1690.0,410.0,190.5,0.0
468268,1596.0,410.0,190.5,0.0
468268,1608.0,410.0,190.5,0.0
468268,1634.0,410.0,190.5,0.0
468281,2328.0,410.0,190.5,0.0
468281,2276.0,410.0,190.5,0.0
468281,2237.0,410.0,190.5,0.0
468298,2395.0,409.0,190.5,0.0
468299,2460.0,409.0,190.5,0.0
468299,2455.0,409.0,190.5,0.0
468299,2411.0,409.0,190.5,0.0
468312,1684.0,409.0,190.5,0.0
468312,1786.0,409.0,190.5,0.0
468312,1818.0,409.0,190.5,0.0
468325,2189.0,409.0,190.5,0.0
468325,2092.0,409.0,190.5,0.0
468325,2081.0,409.0,190.5,0.0
468343,2433.0,409.0,190.5,0.0
468344,2387.0,409.0,190.5,0.0
468344,2332.0,409.0,190.5,0.0
468344,2285.0,409.0,190.5,0.0
468357,2517.0,408.0,190.5,0.0
468358,2586.0,408.0,190.5,0.0
468358,2611.0,408.0,190.5,0.0
468371,1895.0,408.0,190.5,0.0
468371,1883.0,408.0,190.5,0.0
468371,1879.0,408.0,190.5,0.0
468371,1908.0,408.0,190.5,0.0
468388,1990.0,408.0,190.5,0.0
468389,1970.0,408.0,190.5,0.0
468389,1937.0,408.0,190.5,0.0
468389,1925.0,408.0,190.5,0.0
468402,2532.0,408.0,190.5,0.0
468402,2510.0,408.0,190.5,0.0
468402,2509.0,408.0,190.5,0.0
468416,2346.0,407.0,190.5,0.0
468417,2366.0,407.0,190.5,0.0
468417,2360.0,407.0,190.5,0.0
468417,2384.0,407.0,190.5,0.0
468433,1779.0,407.0,190.5,0.0
468433,1849.0,407.0,190.5,0.0
468434,1842.0,407.0,190.5,0.0
468434,1828.0,407.0,190.5,0.0
468447,1638.0,406.0,190.5,0.0
468448,1652.0,406.0,190.5,0.0
468448,1635.0,406.0,190.5,0.0
468464,2051.0,406.0,190.5,0.0
468464,1945.0,406.0,190.5,0.0
468465,1948.0,406.0,190.5,0.0
468465,1990.0,406.0,190.5,0.0
468478,2305.0,405.0,179.4,0.0
468479,2265.0,405.0,179.4,0.0
468479,2242.0,405.0,179.4,0.0
468492,1556.0,405.0,179.4,0.0
468492,1664.0,405.0,179.4,0.0
468492,1656.0,405.0,179.4,0.0
468492,1586.0,405.0,179.4,0.0
468509,1476.0,405.0,179.4,0.0
468510,1526.0,405.0,179.4,0.0
468510,1575.0,405.0,179.4,0.0
468510,1512.0,405.0,179.4,0.0
468522,2154.0,404.0,179.4,0.0
468523,2102.0,404.0,179.4,0.0
468523,2166.0,404.0,179.4,0.0
468537,2258.0,404.0,179.4,0.0
468537,2253.0,404.0,179.4,0.0
468537,2179.0,404.0,179.4,0.0
468538,2184.0,404.0,179.4,0.0
468554,1836.0,404.0,179.4,0.0
468554,1963.0,404.0,179.4,0.0
468554,1933.0,404.0,179.4,0.0
468554,1860.0,404.0,179.4,0.0
468568,1587.0,403.0,179.4,0.0
468569,1652.0,403.0,179.4,0.0
468569,1699.0,403.0,179.4,0.0
468586,1833.0,402.0,179.4,0.0
468586,1695.0,402.0,179.4,0.0
468587,1675.0,402.0,179.4,0.0
468587,1741.0,402.0,179.4,0.0
468599,2420.0,402.0,179.4,0.0
468600,2359.0,402.0,179.4,0.0
468600,2308.0,402.0,179.4,0.0
468613,1767.0,402.0,179.4,0.0
468613,1890.0,402.0,179.4,0.0
468613,1910.0,402.0,179.4,0.0
468630,1575.0,401.0,179.4,0.0
468631,1532.0,401.0,179.4,0.0
468631,1600.0,401.0,179.4,0.0
468631,1670.0,401.0,179.4,0.0
468644,2163.0,401.0,179.4,0.0
468644,2057.0,401.0,179.4,0.0
468644,2018.0,401.0,179.4,0.0
468658,2360.0,400.0,179.4,0.0
468658,2445.0,400.0,179.4,0.0
468658,2407.0,400.0,179.4,0.0
468658,2439.0,400.0,179.4,0.0
468675,2109.0,399.0,179.4,0.0
468676,2196.0,399.0,179.4,0.0
468676,2252.0,399.0,179.4,0.0
468676,2247.0,399.0,179.4,0.0
468689,1541.0,399.0,179.4,0.0
468689,1529.0,399.0,179.4,0.0
468689,1534.0,399.0,179.4,0.0
468707,1758.0,399.0,179.4,0.0
468707,1699.0,399.0,179.4,0.0
468707,1657.0,399.0,179.4,0.0
468707,1656.0,399.0,179.4,0.0
468720,2364.0,398.0,179.4,0.0
468721,2346.0,398.0,179.4,0.0
468721,2342.0,398.0,179.4,0.0
468734,1957.0,398.0,179.4,0.0
468735,2010.0,398.0,179.4,0.0
468735,2010.0,398.0,179.4,0.0
468735,2001.0,398.0,179.4,0.0
468751,1663.0,398.0,179.4,0.0
468752,1727.0,398.0,179.4,0.0
468752,1736.0,398.0,179.4,0.0
468752,1727.0,398.0,179.4,0.0
468765,2550.0,398.0,179.4,0.0
468766,2525.0,398.0,179.4,0.0
468766,2554.0,398.0,179.4,0.0
468782,2692.0,398.0,179.4,0.0
468782,2581.0,398.0,179.4,0.0
468783,2515.0,398.0,179.4,0.0
468783,2521.0,398.0,179.4,0.0
468796,2006.0,398.0,179.4,0.0
468797,2058.0,398.0,179.4,0.0
468797,2011.0,398.0,179.4,0.0
468810,1641.0,398.0,179.4,0.0
468810,1675.0,398.0,179.4,0.0
468810,1729.0,398.0,179.4,0.0
468810,1729.0,398.0,179.4,0.0
468828,1582.0,397.0,179.4,0.0
468829,1505.0,397.0,179.4,0.0
468829,1522.0,397.0,179.4,0.0
468829,1571.0,397.0,179.4,0.0
468842,2339.0,397.0,173.7,0.0
468842,2250.0,397.0,173.7,0.0
468843,2234.0,397.0,173.7,0.0
468856,2244.0,397.0,173.7,0.0
468856,2322.0,397.0,173.7,0.0
468857,2311.0,397.0,173.7,0.0
468857,2278.0,397.0,173.7,0.0
468874,1949.0,397.0,173.7,0.0
468874,2066.0,397.0,173.7,0.0
468875,2118.0,397.0,173.7,0.0
468875,2094.0,397.0,173.7,0.0
468887,1744.0,397.0,173.7,0.0
468888,1726.0,397.0,173.7,0.0
468888,1744.0,397.0,173.7,0.0
468905,2131.0,397.0,173.7,0.0
468905,2032.0,397.0,173.7,0.0
468906,2005.0,397.0,173.7,0.0
468906,2014.0,397.0,173.7,0.0
468918,2546.0,397.0,173.7,0.0
468919,2551.0,397.0,173.7,0.0
468919,2548.0,397.0,173.7,0.0
468931,1894.0,398.0,173.7,0.0
468932,1960.0,398.0,173.7,0.0
468932,1947.0,398.0,173.7,0.0
468950,1915.0,399.0,173.7,0.0
468950,1938.0,399.0,173.7,0.0
468951,1973.0,399.0,173.7,0.0
468951,1998.0,399.0,173.7,0.0
468964,2356.0,402.0,173.7,0.0
468965,2271.0,402.0,173.7,0.0
468965,2268.0,402.0,173.7,0.0
468977,2600.0,403.0,173.7,0.0
468978,2639.0,403.0,173.7,0.0
468978,2627.0,403.0,173.7,0.0
468978,2620.0,403.0,173.7,0.0
468995,2256.0,408.0,173.7,0.0
468996,2338.0,408.0,173.7,0.0
468996,2345.0,408.0,173.7,0.0
468996,2338.0,408.0,173.7,0.0
469008,1692.0,411.0,173.7,0.0
469009,1692.0,411.0,173.7,0.0
469009,1693.0,411.0,173.7,0.0
469026,1808.0,418.0,173.7,0.0
469026,1723.0,418.0,173.7,0.0
469026,1719.0,418.0,173.7,0.0
469027,1718.0,418.0,173.7,0.0
469039,2303.0,422.0,173.7,0.0
469040,2257.0,422.0,173.7,0.0
469040,2267.0,422.0,173.7,0.0
469053,1861.0,433.0,173.7,0.0
469054,1920.0,433.0,173.7,0.0
469054,1918.0,433.0,173.7,0.0
469054,1885.0,433.0,173.7,0.0
469071,1605.0,439.0,173.7,0.0
469071,1691.0,439.0,173.7,0.0
469072,1717.0,439.0,173.7,0.0
469072,1694.0,439.0,173.7,0.0
469085,1762.0,452.0,173.7,0.0
469086,1720.0,452.0,173.7,0.0
469086,1743.0,452.0,173.7,0.0
469099,2323.0,459.0,173.7,0.0
469099,2294.0,459.0,173.7,0.0
469099,2279.0,459.0,173.7,0.0
469099,2305.0,459.0,173.7,0.0
469116,2194.0,473.0,173.7,0.0
469117,2227.0,473.0,173.7,0.0
469117,2193.0,473.0,173.7,0.0
469117,2194.0,473.0,173.7,0.0
469129,1567.0,481.0,173.7,0.0
469130,1623.0,481.0,173.7,0.0
469130,1609.0,481.0,173.7,0.0
469144,2078.0,496.0,173.7,0.0
469144,2025.0,496.0,173.7,0.0
469144,2071.0,496.0,173.7,0.0
469144,2118.0,496.0,173.7,0.0
469160,2308.0,504.0,171.9,0.0
469161,2210.0,504.0,171.9,0.0
469161,2193.0,504.0,171.9,0.0
469161,2265.0,504.0,171.9,0.0
469175,2114.0,521.0,171.9,0.0
469175,2129.0,521.0,171.9,0.0
469175,2057.0,521.0,171.9,0.0
469191,1638.0,530.0,171.9,0.0
469192,1763.0,530.0,171.9,0.0
469192,1826.0,530.0,171.9,0.0
469192,1794.0,530.0,171.9,0.0
469206,1773.0,550.0,171.9,0.0
469206,1731.0,550.0,171.9,0.0
469206,1774.0,550.0,171.9,0.0
469219,2381.0,561.0,171.9,0.0
469219,2330.0,561.0,171.9,0.0
469220,2289.0,561.0,171.9,0.0
469220,2310.0,561.0,171.9,0.0
469237,2324.0,584.0,171.9,0.0
469237,2366.0,584.0,171.9,0.0
469237,2324.0,584.0,171.9,0.0
469238,2296.0,584.0,171.9,0.0
469250,1605.0,597.0,171.9,0.0
469251,1682.0,597.0,171.9,0.0
469251,1684.0,597.0,171.9,0.0
469264,2030.0,620.0,171.9,0.0
469265,1939.0,620.0,171.9,0.0
469265,1974.0,620.0,171.9,0.0
469265,2022.0,620.0,171.9,0.0
469281,2448.0,630.0,171.9,0.0
469281,2341.0,630.0,171.9,0.0
469282,2308.0,630.0,171.9,0.0
469282,2368.0,630.0,171.9,0.0
469295,2143.0,649.0,171.9,0.0
469296,2152.0,649.0,171.9,0.0
469296,2091.0,649.0,171.9,0.0
469313,1836.0,663.0,171.9,0.0
469313,1959.0,663.0,171.9,0.0
469314,2033.0,663.0,171.9,0.0
469314,2022.0,663.0,171.9,0.0
469326,1752.0,669.0,171.9,0.0
469327,1698.0,669.0,171.9,0.0
469327,1739.0,669.0,171.9,0.0
469340,2359.0,674.0,171.9,0.0
469340,2316.0,674.0,171.9,0.0
469340,2264.0,674.0,171.9,0.0
469357,2266.0,682.0,171.9,0.0
469357,2365.0,682.0,171.9,0.0
469358,2380.0,682.0,171.9,0.0
469358,2367.0,682.0,171.9,0.0
469370,2024.0,686.0,171.9,0.0
469371,2086.0,686.0,171.9,0.0
469371,2143.0,686.0,171.9,0.0
469384,2774.0,696.0,171.9,0.0
469385,2669.0,696.0,171.9,0.0
469385,2645.0,696.0,171.9,0.0
469385,2610.0,696.0,171.9,0.0
469402,2195.0,709.0,171.9,0.0
469402,2118.0,709.0,171.9,0.0
469403,2062.0,709.0,171.9,0.0
469403,2027.0,709.0,171.9,0.0
469415,2056.0,718.0,171.9,0.0
469416,2126.0,718.0,171.9,0.0
469416,2120.0,718.0,171.9,0.0
469433,1816.0,743.0,171.9,0.0
469433,1851.0,743.0,171.9,0.0
469434,1900.0,743.0,171.9,0.0
469434,1930.0,743.0,171.9,0.0
469446,1849.0,761.0,171.9,0.0
469447,1760.0,761.0,171.9,0.0
469447,1733.0,761.0,171.9,0.0
469459,2408.0,784.0,171.9,0.0
469460,2398.0,784.0,171.9,0.0
469460,2412.0,784.0,171.9,0.0
469477,2383.0,849.0,171.9,0.0
469477,2411.0,849.0,171.9,0.0
469478,2399.0,849.0,171.9,0.0
469478,2374.0,849.0,171.9,0.0
469491,1761.0,944.0,171.9,0.0
469492,1820.0,944.0,171.9,0.0
469492,1801.0,944.0,171.9,0.0
469508,1780.0,1007.0,171.9,0.0
469508,1790.0,1007.0,171.9,0.0
469509,1816.0,1007.0,171.9,0.0
469522,2436.0,1169.0,171.9,0.0
469522,2369.0,1169.0,171.9,0.0
469523,2337.0,1169.0,171.9,0.0
469535,2412.0,1265.0,171.9,0.0
469536,2499.0,1265.0,171.9,0.0
469536,2504.0,1265.0,171.9,0.0
469554,2253.0,1470.0,171.9,0.0
469554,2296.0,1470.0,171.9,0.0
469554,2336.0,1470.0,171.9,0.0
469567,2096.0,1577.0,171.9,0.0
469567,2062.0,1577.0,171.9,0.0
469567,2005.0,1577.0,171.9,0.0
469580,2674.0,1683.0,171.9,0.0
469580,2677.0,1683.0,171.9,0.0
469581,2690.0,1683.0,171.9,0.0
469598,2672.0,1897.0,171.9,0.0
469598,2644.0,1897.0,171.9,0.0
469598,2615.0,1897.0,171.9,0.0
469611,1863.0,2118.0,171.9,0.0
469612,1959.0,2118.0,171.9,0.0
469612,1975.0,2118.0,171.9,0.0
469625,1936.0,2230.0,171.9,0.0
469625,1848.0,2230.0,171.9,0.0
469625,1823.0,2230.0,171.9,0.0
469642,2262.0,2458.0,171.9,0.0
469643,2160.0,2458.0,171.9,0.0
469643,2103.0,2458.0,171.9,0.0
469655,2102.0,2572.0,171.9,0.0
469656,2170.0,2572.0,171.9,0.0
469656,2210.0,2572.0,171.9,0.0
469673,1897.0,2800.0,171.9,0.0
469674,1922.0,2800.0,171.9,0.0
469674,1925.0,2800.0,171.9,0.0
469686,1625.0,2914.0,171.9,0.0
469687,1616.0,2914.0,171.9,0.0
469687,1594.0,2914.0,171.9,0.0
469701,2297.0,3141.0,171.9,0.0
469701,2233.0,3141.0,171.9,0.0
469701,2276.0,3141.0,171.9,0.0
469717,2313.0,3253.0,171.9,0.0
469718,2313.0,3253.0,171.9,0.0
469718,2261.0,3253.0,171.9,0.0
469731,1613.0,3478.0,171.9,0.0
469732,1726.0,3478.0,171.9,0.0
469732,1783.0,3478.0,171.9,0.0
469748,1535.0,3589.0,171.9,0.0
469748,1478.0,3589.0,171.9,0.0
469748,1467.0,3589.0,171.9,0.0
469762,2212.0,3810.0,171.9,0.0
469762,2187.0,3810.0,171.9,0.0
469763,2167.0,3810.0,171.9,0.0
469775,2127.0,3921.0,171.9,0.0
469775,2153.0,3921.0,171.9,0.0
469776,2191.0,3921.0,171.9,0.0
469794,1980.0,4140.0,171.9,0.0
469794,2048.0,4140.0,171.9,0.0
469794,2040.0,4140.0,171.9,0.0
469807,1614.0,4250.0,171.9,0.0
469807,1598.0,4250.0,171.9,0.0
469807,1603.0,4250.0,171.9,0.0
469821,2306.0,4467.0,151.5,0.0
469821,2249.0,4467.0,151.5,0.0
469821,2252.0,4467.0,151.5,0.0
469837,2367.0,4576.0,151.5,0.0
469838,2382.0,4576.0,151.5,0.0
469838,2353.0,4576.0,151.5,0.0
469851,1656.0,4791.0,151.5,0.0
469852,1748.0,4791.0,151.5,0.0
469852,1787.0,4791.0,151.5,0.0
469868,1626.0,4898.0,151.5,0.0
469868,1585.0,4898.0,151.5,0.0
469868,1582.0,4898.0,151.5,0.0
469882,2222.0,5111.0,151.5,0.0
469882,2181.0,5111.0,151.5,0.0
469883,2173.0,5111.0,151.5,0.0
469895,2142.0,5217.0,151.5,0.0
469896,2188.0,5217.0,151.5,0.0
469896,2205.0,5217.0,151.5,0.0
469914,1978.0,5427.0,151.5,0.0
469914,2052.0,5427.0,151.5,0.0
469914,2069.0,5427.0,151.5,0.0
469927,1579.0,5532.0,151.5,0.0
469927,1540.0,5532.0,151.5,0.0
469928,1532.0,5532.0,151.5,0.0
469941,2235.0,5741.0,151.5,0.0
469941,2194.0,5741.0,151.5,0.0
469942,2192.0,5741.0,151.5,0.0
469958,2382.0,5844.0,151.5,0.0
469958,2396.0,5844.0,151.5,0.0
469958,2379.0,5844.0,151.5,0.0
469972,2310.0,6050.0,151.5,0.0
469972,2426.0,6050.0,151.5,0.0
469972,2456.0,6050.0,151.5,0.0
469988,1975.0,6153.0,151.5,0.0
469989,1919.0,6153.0,151.5,0.0
469989,1892.0,6153.0,151.5,0.0
470002,1867.0,6356.0,151.5,0.0
470003,1852.0,6356.0,151.5,0.0
470003,1840.0,6356.0,151.5,0.0
470016,2284.0,6458.0,151.5,0.0
470016,2271.0,6458.0,151.5,0.0
470016,2307.0,6458.0,151.5,0.0
470034,2052.0,6659.0,151.5,0.0
470035,2123.0,6659.0,151.5,0.0
470035,2117.0,6659.0,151.5,0.0
470048,1587.0,6760.0,151.5,0.0
470048,1597.0,6760.0,151.5,0.0
470048,1615.0,6760.0,151.5,0.0
470062,2170.0,6960.0,151.5,0.0
470062,2092.0,6960.0,151.5,0.0
470062,2080.0,6960.0,151.5,0.0
470079,2351.0,7158.0,151.5,0.0
470080,2376.0,7158.0,151.5,0.0
470080,2338.0,7158.0,151.5,0.0
470093,1912.0,7256.0,151.5,0.0
470093,1982.0,7256.0,151.5,0.0
470093,2024.0,7256.0,151.5,0.0
470106,1840.0,7355.0,151.5,0.0
470106,1770.0,7355.0,151.5,0.0
470106,1739.0,7355.0,151.5,0.0
470123,2123.0,7550.0,151.5,0.0
470124,2070.0,7550.0,151.5,0.0
470124,2058.0,7550.0,151.5,0.0
470137,2492.0,7648.0,176.5,0.0
470137,2502.0,7648.0,176.5,0.0
470137,2526.0,7648.0,176.5,0.0
470154,2407.0,7841.0,176.5,0.0
470155,2479.0,7841.0,176.5,0.0
470155,2476.0,7841.0,176.5,0.0
470168,1842.0,7937.0,176.5,0.0
470168,1851.0,7937.0,176.5,0.0
470168,1856.0,7937.0,176.5,0.0
470182,2392.0,8128.0,176.5,0.0
470182,2321.0,8128.0,176.5,0.0
470183,2324.0,8128.0,176.5,0.0
470200,2505.0,8317.0,176.5,0.0
470200,2483.0,8317.0,176.5,0.0
470200,2436.0,8317.0,176.5,0.0
470201,2363.0,8317.0,176.5,0.0
470213,1984.0,8410.0,176.5,0.0
470214,2061.0,8410.0,176.5,0.0
470214,2075.0,8410.0,176.5,0.0
470231,1600.0,8596.0,176.5,0.0
470231,1682.0,8596.0,176.5,0.0
470232,1725.0,8596.0,176.5,0.0
470244,1762.0,8688.0,176.5,0.0
470245,1696.0,8688.0,176.5,0.0
470245,1663.0,8688.0,176.5,0.0
470258,2247.0,8869.0,176.5,0.0
470259,2246.0,8869.0,176.5,0.0
470259,2263.0,8869.0,176.5,0.0
470276,2202.0,8960.0,176.5,0.0
470276,2216.0,8960.0,176.5,0.0
470277,2200.0,8960.0,176.5,0.0
470290,1492.0,9138.0,176.5,0.0
470291,1571.0,9138.0,176.5,0.0
470291,1583.0,9138.0,176.5,0.0
470303,1832.0,9227.0,176.5,0.0
470304,1767.0,9227.0,176.5,0.0
470304,1783.0,9227.0,176.5,0.0
470321,2165.0,9403.0,176.5,0.0
470322,2105.0,9403.0,176.5,0.0
470322,2053.0,9403.0,176.5,0.0
470334,2019.0,9491.0,176.5,0.0
470335,2104.0,9491.0,176.5,0.0
470335,2139.0,9491.0,176.5,0.0
470352,1785.0,9666.0,176.5,0.0
470353,1841.0,9666.0,176.5,0.0
470353,1856.0,9666.0,176.5,0.0
470365,1645.0,9753.0,176.5,0.0
470366,1615.0,9753.0,176.5,0.0
470366,1591.0,9753.0,176.5,0.0
470380,2267.0,9926.0,176.5,0.0
470380,2231.0,9926.0,176.5,0.0
470380,2250.0,9926.0,176.5,0.0
470398,2368.0,10097.0,176.5,0.0
470399,2352.0,10097.0,176.5,0.0
470399,2296.0,10097.0,176.5,0.0
470411,1694.0,10183.0,176.5,0.0
470412,1803.0,10183.0,176.5,0.0
470412,1860.0,10183.0,176.5,0.0
470425,1770.0,10268.0,176.5,0.0
470425,1662.0,10268.0,176.5,0.0
470425,1650.0,10268.0,176.5,0.0
470442,2139.0,10438.0,176.5,0.0
470443,2088.0,10438.0,176.5,0.0
470443,2036.0,10438.0,176.5,0.0
470456,2258.0,10522.0,189.1,0.0
470456,2296.0,10522.0,189.1,0.0
470456,2331.0,10522.0,189.1,0.0
470470,1580.0,10690.0,189.1,0.0
470470,1610.0,10690.0,189.1,0.0
470470,1586.0,10690.0,189.1,0.0
470486,1491.0,10773.0,189.1,0.0
470487,1476.0,10773.0,189.1,0.0
470487,1500.0,10773.0,189.1,0.0
470488,1492.0,10773.0,189.1,0.0
470501,2139.0,10938.0,189.1,0.0
470502,2056.0,10938.0,189.1,0.0
470502,2084.0,10938.0,189.1,0.0
470519,2331.0,11102.0,189.1,0.0
470520,2294.0,11102.0,189.1,0.0
470520,2227.0,11102.0,189.1,0.0
470533,1873.0,11184.0,189.1,0.0
470533,1987.0,11184.0,189.1,0.0
470533,2053.0,11184.0,189.1,0.0
470546,2022.0,11265.0,189.1,0.0
470546,1967.0,11265.0,189.1,0.0
470546,1943.0,11265.0,189.1,0.0
470563,2538.0,11426.0,189.1,0.0
470564,2446.0,11426.0,189.1,0.0
470564,2419.0,11426.0,189.1,0.0
470577,2071.0,11587.0,189.1,0.0
470578,2056.0,11587.0,189.1,0.0
470578,2065.0,11587.0,189.1,0.0
470591,1679.0,11667.0,189.1,0.0
470591,1745.0,11667.0,189.1,0.0
470591,1744.0,11667.0,189.1,0.0
470608,1463.0,11826.0,189.1,0.0
470608,1482.0,11826.0,189.1,0.0
470609,1507.0,11826.0,189.1,0.0
470621,2186.0,11905.0,189.1,0.0
470622,2107.0,11905.0,189.1,0.0
470622,2109.0,11905.0,189.1,0.0
470639,2356.0,12062.0,189.1,0.0
470639,2341.0,12062.0,189.1,0.0
470640,2321.0,12062.0,189.1,0.0
470652,1905.0,12140.0,189.1,0.0
470653,2009.0,12140.0,189.1,0.0
470653,2037.0,12140.0,189.1,0.0
470666,1704.0,12218.0,189.1,0.0
470666,1653.0,12218.0,189.1,0.0
470666,1622.0,12218.0,189.1,0.0
470683,2074.0,12372.0,189.1,0.0
470683,2015.0,12372.0,189.1,0.0
470684,2005.0,12372.0,189.1,0.0
470697,2474.0,12526.0,189.1,0.0
470698,2457.0,12526.0,189.1,0.0
470698,2451.0,12526.0,189.1,0.0
470714,2317.0,12603.0,189.1,0.0
470714,2368.0,12603.0,189.1,0.0
470714,2387.0,12603.0,189.1,0.0
470728,1778.0,12756.0,189.1,0.0
470728,1773.0,12756.0,189.1,0.0
470728,1816.0,12756.0,189.1,0.0
470741,2526.0,12831.0,189.1,0.0
470741,2473.0,12831.0,189.1,0.0
470742,2460.0,12831.0,189.1,0.0
470760,2626.0,12982.0,189.1,0.0
470760,2608.0,12982.0,189.1,0.0
470760,2551.0,12982.0,189.1,0.0
470773,2175.0,13057.0,189.1,0.0
470773,2249.0,13057.0,189.1,0.0
470773,2277.0,13057.0,189.1,0.0
470787,1623.0,13206.0,189.1,0.0
470787,1596.0,13206.0,189.1,0.0
470788,1585.0,13206.0,189.1,0.0
470804,1867.0,13279.0,189.1,0.0
470804,1792.0,13279.0,189.1,0.0
470804,1800.0,13279.0,189.1,0.0
470818,2304.0,13425.0,176.6,0.0
470818,2287.0,13425.0,176.6,0.0
470819,2272.0,13425.0,176.6,0.0
470835,2103.0,13497.0,176.6,0.0
470835,2163.0,13497.0,176.6,0.0
470835,2159.0,13497.0,176.6,0.0
470849,1471.0,13640.0,176.6,0.0
470849,1506.0,13640.0,176.6,0.0
470849,1530.0,13640.0,176.6,0.0
470862,2024.0,13711.0,176.6,0.0
470862,1929.0,13711.0,176.6,0.0
470863,1928.0,13711.0,176.6,0.0
470881,2207.0,13852.0,176.6,0.0
470881,2155.0,13852.0,176.6,0.0
470881,2117.0,13852.0,176.6,0.0
470894,2022.0,13923.0,176.6,0.0
470894,2090.0,13923.0,176.6,0.0
470894,2128.0,13923.0,176.6,0.0
470908,1486.0,14062.0,176.6,0.0
470908,1468.0,14062.0,176.6,0.0
470908,1446.0,14062.0,176.6,0.0
470925,1869.0,14131.0,176.6,0.0
470925,1646.0,14131.0,176.6,0.0
470925,1657.0,14131.0,176.6,0.0
470939,2342.0,14269.0,176.6,0.0
470939,2289.0,14269.0,176.6,0.0
470939,2266.0,14269.0,176.6,0.0
470957,2345.0,14406.0,176.6,0.0
470957,2373.0,14406.0,176.6,0.0
470957,2365.0,14406.0,176.6,0.0
470970,1616.0,14474.0,176.6,0.0
470970,1676.0,14474.0,176.6,0.0
470971,1704.0,14474.0,176.6,0.0
470983,1935.0,14542.0,176.6,0.0
470984,1896.0,14542.0,176.6,0.0
470984,1829.0,14542.0,176.6,0.0
471002,2138.0,14678.0,176.6,0.0
471002,2077.0,14678.0,176.6,0.0
471002,2042.0,14678.0,176.6,0.0
471016,2293.0,14812.0,176.6,0.0
471016,2324.0,14812.0,176.6,0.0
471016,2332.0,14812.0,176.6,0.0
471029,1595.0,14879.0,176.6,0.0
471029,1644.0,14879.0,176.6,0.0
471030,1628.0,14879.0,176.6,0.0
471047,1586.0,15012.0,176.6,0.0
471047,1582.0,15012.0,176.6,0.0
471047,1615.0,15012.0,176.6,0.0
471060,2348.0,15078.0,176.6,0.0
471060,2262.0,15078.0,176.6,0.0
471061,2241.0,15078.0,176.6,0.0
471073,2030.0,15144.0,176.6,0.0
471074,2113.0,15144.0,176.6,0.0
471074,2104.0,15144.0,176.6,0.0
471091,1733.0,15275.0,176.6,0.0
471091,1813.0,15275.0,176.6,0.0
471091,1866.0,15275.0,176.6,0.0
471104,1828.0,15341.0,176.6,0.0
471104,1732.0,15341.0,176.6,0.0
471105,1686.0,15341.0,176.6,0.0
471122,2051.0,15469.0,176.6,0.0
471122,2010.0,15469.0,176.6,0.0
471123,2003.0,15469.0,176.6,0.0
471136,2535.0,15598.0,182.5,0.0
471137,2555.0,15598.0,182.5,0.0
471137,2561.0,15598.0,182.5,0.0
471149,2315.0,15662.0,182.5,0.0
471150,2379.0,15662.0,182.5,0.0
471150,2370.0,15662.0,182.5,0.0
471167,1687.0,15790.0,182.5,0.0
471167,1655.0,15790.0,182.5,0.0
471167,1668.0,15790.0,182.5,0.0
471180,2113.0,15853.0,182.5,0.0
471180,2055.0,15853.0,182.5,0.0
471181,2042.0,15853.0,182.5,0.0
471193,2193.0,15916.0,182.5,0.0
471194,2255.0,15916.0,182.5,0.0
471194,2269.0,15916.0,182.5,0.0
471211,1713.0,16041.0,182.5,0.0
471211,1789.0,16041.0,182.5,0.0
471211,1816.0,16041.0,182.5,0.0
471225,1710.0,16166.0,182.5,0.0
471225,1646.0,16166.0,182.5,0.0
471225,1597.0,16166.0,182.5,0.0
471242,2143.0,16228.0,182.5,0.0
471242,2081.0,16228.0,182.5,0.0
471242,2077.0,16228.0,182.5,0.0
471256,2425.0,16352.0,182.5,0.0
471256,2432.0,16352.0,182.5,0.0
471257,2466.0,16352.0,182.5,0.0
471269,1719.0,16413.0,182.5,0.0
471270,1771.0,16413.0,182.5,0.0
471270,1781.0,16413.0,182.5,0.0
471287,1689.0,16535.0,182.5,0.0
471287,1684.0,16535.0,182.5,0.0
471287,1714.0,16535.0,182.5,0.0
471300,2509.0,16596.0,182.5,0.0
471300,2445.0,16596.0,182.5,0.0
471300,2425.0,16596.0,182.5,0.0
471313,2347.0,16656.0,182.5,0.0
471313,2433.0,16656.0,182.5,0.0
471314,2419.0,16656.0,182.5,0.0
471331,2097.0,16776.0,182.5,0.0
471331,2156.0,16776.0,182.5,0.0
471331,2192.0,16776.0,182.5,0.0
471345,2071.0,16896.0,182.5,0.0
471345,2013.0,16896.0,182.5,0.0
471345,1979.0,16896.0,182.5,0.0
471361,2467.0,16955.0,182.5,0.0
471362,2402.0,16955.0,182.5,0.0
471362,2411.0,16955.0,182.5,0.0
471376,2549.0,17073.0,182.5,0.0
471376,2544.0,17073.0,182.5,0.0
471376,2531.0,17073.0,182.5,0.0
471389,1690.0,17131.0,182.5,0.0
471389,1746.0,17131.0,182.5,0.0
471389,1747.0,17131.0,182.5,0.0
471407,1509.0,17247.0,182.5,0.0
471407,1491.0,17247.0,182.5,0.0
471407,1517.0,17247.0,182.5,0.0
471420,2290.0,17304.0,182.5,0.0
471420,2201.0,17304.0,182.5,0.0
471421,2170.0,17304.0,182.5,0.0
471434,2136.0,17417.0,182.5,0.0
471434,2196.0,17417.0,182.5,0.0
471435,2213.0,17417.0,182.5,0.0
471451,1726.0,17473.0,182.5,0.0
471451,1788.0,17473.0,182.5,0.0
471451,1813.0,17473.0,182.5,0.0
471465,1649.0,17584.0,182.5,0.0
471465,1623.0,17584.0,182.5,0.0
471465,1580.0,17584.0,182.5,0.0
471482,2056.0,17639.0,182.5,0.0
471482,1962.0,17639.0,182.5,0.0
471482,1986.0,17639.0,182.5,0.0
471496,2325.0,17749.0,176.6,0.0
471496,2326.0,17749.0,176.6,0.0
471497,2315.0,17749.0,176.6,0.0
471509,1619.0,17804.0,176.6,0.0
471510,1693.0,17804.0,176.6,0.0
471510,1702.0,17804.0,176.6,0.0
471527,1504.0,17913.0,176.6,0.0
471527,1507.0,17913.0,176.6,0.0
471527,1528.0,17913.0,176.6,0.0
471540,2300.0,17967.0,176.6,0.0
471541,2238.0,17967.0,176.6,0.0
471541,2193.0,17967.0,176.6,0.0
471558,2407.0,18075.0,176.6,0.0
471558,2409.0,18075.0,176.6,0.0
471559,2400.0,18075.0,176.6,0.0
471571,1872.0,18129.0,176.6,0.0
471572,1935.0,18129.0,176.6,0.0
471572,1951.0,18129.0,176.6,0.0
471585,1626.0,18235.0,176.6,0.0
471586,1595.0,18235.0,176.6,0.0
471586,1586.0,18235.0,176.6,0.0
471604,1751.0,18342.0,176.6,0.0
471605,1694.0,18342.0,176.6,0.0
471605,1690.0,18342.0,176.6,0.0
471617,2421.0,18395.0,176.6,0.0
471618,2404.0,18395.0,176.6,0.0
471618,2403.0,18395.0,176.6,0.0
471631,1866.0,18447.0,176.6,0.0
471631,1916.0,18447.0,176.6,0.0
471631,1923.0,18447.0,176.6,0.0
471648,1626.0,18552.0,176.6,0.0
471649,1683.0,18552.0,176.6,0.0
471649,1717.0,18552.0,176.6,0.0
471662,2202.0,18604.0,176.6,0.0
471662,2109.0,18604.0,176.6,0.0
471662,2080.0,18604.0,176.6,0.0
471676,2371.0,18708.0,176.6,0.0
471676,2403.0,18708.0,176.6,0.0
471677,2402.0,18708.0,176.6,0.0
471693,2173.0,18811.0,176.6,0.0
471694,2226.0,18811.0,176.6,0.0
471694,2251.0,18811.0,176.6,0.0
471707,1549.0,18862.0,176.6,0.0
471707,1557.0,18862.0,176.6,0.0
471707,1545.0,18862.0,176.6,0.0
471725,1678.0,18964.0,176.6,0.0
471725,1635.0,18964.0,176.6,0.0
471725,1654.0,18964.0,176.6,0.0
471738,2414.0,19014.0,176.6,0.0
471738,2362.0,19014.0,176.6,0.0
471739,2351.0,19014.0,176.6,0.0
471751,2431.0,19065.0,176.6,0.0
471752,2540.0,19065.0,176.6,0.0
471752,2558.0,19065.0,176.6,0.0
471769,2219.0,19165.0,176.6,0.0
471769,2224.0,19165.0,176.6,0.0
471769,2258.0,19165.0,176.6,0.0
471783,1810.0,19264.0,176.6,0.0
471783,1718.0,19264.0,176.6,0.0
471783,1658.0,19264.0,176.6,0.0
471799,2374.0,19314.0,178.6,0.0
471800,2346.0,19314.0,178.6,0.0
471800,2383.0,19314.0,178.6,0.0
471813,2211.0,19412.0,178.6,0.0
471814,2217.0,19412.0,178.6,0.0
471814,2195.0,19412.0,178.6,0.0
471827,1563.0,19461.0,178.6,0.0
471827,1617.0,19461.0,178.6,0.0
471827,1629.0,19461.0,178.6,0.0
471845,1648.0,19559.0,178.6,0.0
471846,1552.0,19559.0,178.6,0.0
471846,1590.0,19559.0,178.6,0.0
471858,2457.0,19608.0,178.6,0.0
471859,2422.0,19608.0,178.6,0.0
471859,2373.0,19608.0,178.6,0.0
471873,2187.0,19704.0,178.6,0.0
471873,2267.0,19704.0,178.6,0.0
471873,2297.0,19704.0,178.6,0.0
471889,1837.0,19752.0,178.6,0.0
471890,1862.0,19752.0,178.6,0.0
471890,1876.0,19752.0,178.6,0.0
471903,2009.0,19849.0,178.6,0.0
471904,1958.0,19849.0,178.6,0.0
471904,1948.0,19849.0,178.6,0.0
471920,2490.0,19897.0,178.6,0.0
471921,2408.0,19897.0,178.6,0.0
471921,2402.0,19897.0,178.6,0.0
471934,2643.0,19992.0,178.6,0.0
471935,2654.0,19992.0,178.6,0.0
471935,2644.0,19992.0,178.6,0.0
471948,1914.0,20039.0,178.6,0.0
471948,1964.0,20039.0,178.6,0.0
471948,1983.0,20039.0,178.6,0.0
471966,1917.0,20134.0,178.6,0.0
471967,1888.0,20134.0,178.6,0.0
471967,1889.0,20134.0,178.6,0.0
471979,2561.0,20180.0,178.6,0.0
471980,2511.0,20180.0,178.6,0.0
471980,2489.0,20180.0,178.6,0.0
471993,2344.0,20272.0,178.6,0.0
471994,2391.0,20272.0,178.6,0.0
471994,2377.0,20272.0,178.6,0.0
472010,1766.0,20318.0,178.6,0.0
472010,1842.0,20318.0,178.6,0.0
472011,1853.0,20318.0,178.6,0.0
472024,1646.0,20407.0,178.6,0.0
472025,1582.0,20407.0,178.6,0.0
472025,1570.0,20407.0,178.6,0.0
472042,1962.0,20496.0,178.6,0.0
472042,1889.0,20496.0,178.6,0.0
472042,1871.0,20496.0,178.6,0.0
472055,2269.0,20540.0,178.6,0.0
472056,2308.0,20540.0,178.6,0.0
472056,2296.0,20540.0,178.6,0.0
472068,1561.0,20584.0,178.6,0.0
472069,1614.0,20584.0,178.6,0.0
472069,1601.0,20584.0,178.6,0.0
472087,1459.0,20671.0,178.6,0.0
472088,1498.0,20671.0,178.6,0.0
472088,1521.0,20671.0,178.6,0.0
472100,2152.0,20714.0,178.6,0.0
472101,2058.0,20714.0,178.6,0.0
472101,2044.0,20714.0,178.6,0.0
472115,2276.0,20799.0,185.2,0.0
472115,2316.0,20799.0,185.2,0.0
472115,2328.0,20799.0,185.2,0.0
472116,2340.0,20799.0,185.2,0.0
472133,2069.0,20884.0,185.2,0.0
472133,2131.0,20884.0,185.2,0.0
472133,2187.0,20884.0,185.2,0.0
472146,1528.0,20926.0,185.2,0.0
472146,1509.0,20926.0,185.2,0.0
472147,1501.0,20926.0,185.2,0.0
472159,2262.0,20968.0,185.2,0.0
472160,2230.0,20968.0,185.2,0.0
472160,2235.0,20968.0,185.2,0.0
472177,2408.0,21052.0,185.2,0.0
472177,2383.0,21052.0,185.2,0.0
472177,2355.0,21052.0,185.2,0.0
472190,1763.0,21094.0,185.2,0.0
472190,1861.0,21094.0,185.2,0.0
472191,1881.0,21094.0,185.2,0.0
472208,1542.0,21177.0,185.2,0.0
472208,1564.0,21177.0,185.2,0.0
472208,1584.0,21177.0,185.2,0.0
472222,2009.0,21260.0,185.2,0.0
472222,1923.0,21260.0,185.2,0.0
472223,1897.0,21260.0,185.2,0.0
472235,2350.0,21301.0,185.2,0.0
472236,2369.0,21301.0,185.2,0.0
472236,2405.0,21301.0,185.2,0.0
472253,2135.0,21383.0,185.2,0.0
472253,2190.0,21383.0,185.2,0.0
472253,2195.0,21383.0,185.2,0.0
472266,1612.0,21424.0,185.2,0.0
472266,1626.0,21424.0,185.2,0.0
472266,1635.0,21424.0,185.2,0.0
472279,2361.0,21464.0,185.2,0.0
472279,2301.0,21464.0,185.2,0.0
472280,2322.0,21464.0,185.2,0.0
472297,2466.0,21545.0,185.2,0.0
472297,2451.0,21545.0,185.2,0.0
472297,2393.0,21545.0,185.2,0.0
472311,1783.0,21625.0,185.2,0.0
472311,1870.0,21625.0,185.2,0.0
472311,1937.0,21625.0,185.2,0.0
472327,1553.0,21665.0,185.2,0.0
472328,1553.0,21665.0,185.2,0.0
472328,1559.0,21665.0,185.2,0.0
472342,1979.0,21744.0,185.2,0.0
472342,1918.0,21744.0,185.2,0.0
472342,1914.0,21744.0,185.2,0.0
472355,2318.0,21783.0,185.2,0.0
472355,2325.0,21783.0,185.2,0.0
472355,2349.0,21783.0,185.2,0.0
472372,2692.0,21862.0,185.2,0.0
472373,2779.0,21862.0,185.2,0.0
472373,2778.0,21862.0,185.2,0.0
472386,2284.0,21900.0,185.2,0.0
472386,2286.0,21900.0,185.2,0.0
472386,2285.0,21900.0,185.2,0.0
472399,2341.0,21939.0,185.2,0.0
472399,2268.0,21939.0,185.2,0.0
472399,2260.0,21939.0,185.2,0.0
472416,2411.0,22017.0,185.2,0.0
472417,2422.0,22017.0,185.2,0.0
472417,2409.0,22017.0,185.2,0.0
472430,1846.0,22093.0,185.2,0.0
472431,1921.0,22093.0,185.2,0.0
472431,1951.0,22093.0,185.2,0.0
472447,1587.0,22131.0,185.2,0.0
472448,1588.0,22131.0,185.2,0.0
472448,1598.0,22131.0,185.2,0.0
472462,2050.0,22208.0,185.2,0.0
472462,1980.0,22208.0,185.2,0.0
472462,1971.0,22208.0,185.2,0.0
472475,2391.0,22245.0,179.2,0.0
472475,2397.0,22245.0,179.2,0.0
472475,2406.0,22245.0,179.2,0.0
472492,2210.0,22321.0,179.2,0.0
472493,2281.0,22321.0,179.2,0.0
472493,2284.0,22321.0,179.2,0.0
472506,1637.0,22358.0,179.2,0.0
472506,1650.0,22358.0,179.2,0.0
472506,1644.0,22358.0,179.2,0.0
472520,2382.0,22433.0,179.2,0.0
472520,2321.0,22433.0,179.2,0.0
472520,2323.0,22433.0,179.2,0.0
472536,2644.0,22470.0,179.2,0.0
472537,2660.0,22470.0,179.2,0.0
472537,2642.0,22470.0,179.2,0.0
472550,2157.0,22544.0,179.2,0.0
472551,2236.0,22544.0,179.2,0.0
472551,2277.0,22544.0,179.2,0.0
472567,1898.0,22581.0,179.2,0.0
472568,1909.0,22581.0,179.2,0.0
472568,1926.0,22581.0,179.2,0.0
472581,2390.0,22653.0,179.2,0.0
472582,2329.0,22653.0,179.2,0.0
472582,2305.0,22653.0,179.2,0.0
472595,2623.0,22690.0,179.2,0.0
472595,2634.0,22690.0,179.2,0.0
472595,2654.0,22690.0,179.2,0.0
472612,2250.0,22761.0,179.2,0.0
472613,2316.0,22761.0,179.2,0.0
472613,2325.0,22761.0,179.2,0.0
472625,1569.0,22797.0,179.2,0.0
472626,1554.0,22797.0,179.2,0.0
472626,1561.0,22797.0,179.2,0.0
472639,2204.0,22866.0,179.2,0.0
472640,2129.0,22866.0,179.2,0.0
472640,2120.0,22866.0,179.2,0.0
472656,2340.0,22901.0,179.2,0.0
472656,2326.0,22901.0,179.2,0.0
472657,2281.0,22901.0,179.2,0.0
472670,1743.0,22969.0,179.2,0.0
472671,1848.0,22969.0,179.2,0.0
472671,1890.0,22969.0,179.2,0.0
472687,1483.0,23002.0,179.2,0.0
472688,1495.0,23002.0,179.2,0.0
472688,1502.0,23002.0,179.2,0.0
472701,1923.0,23069.0,179.2,0.0
472702,1874.0,23069.0,179.2,0.0
472702,1860.0,23069.0,179.2,0.0
472715,2272.0,23102.0,179.2,0.0
472715,2282.0,23102.0,179.2,0.0
472715,2303.0,23102.0,179.2,0.0
472732,2042.0,23168.0,179.2,0.0
472733,2109.0,23168.0,179.2,0.0
472733,2102.0,23168.0,179.2,0.0
472745,1476.0,23201.0,179.2,0.0
472746,1471.0,23201.0,179.2,0.0
472746,1492.0,23201.0,179.2,0.0
472759,2220.0,23266.0,179.2,0.0
472760,2131.0,23266.0,179.2,0.0
472760,2126.0,23266.0,179.2,0.0
472776,2371.0,23299.0,179.2,0.0
472777,2381.0,23299.0,179.2,0.0
472777,2344.0,23299.0,179.2,0.0
472790,1807.0,23364.0,179.2,0.0
472791,1902.0,23364.0,179.2,0.0
472791,1937.0,23364.0,179.2,0.0
472807,1539.0,23396.0,179.2,0.0
472808,1554.0,23396.0,179.2,0.0
472808,1554.0,23396.0,179.2,0.0
472821,1973.0,23460.0,179.2,0.0
472822,1920.0,23460.0,179.2,0.0
472822,1903.0,23460.0,179.2,0.0
472834,2322.0,23492.0,179.4,0.0
472835,2333.0,23492.0,179.4,0.0
472835,2363.0,23492.0,179.4,0.0
472852,2139.0,23555.0,179.4,0.0
472853,2179.0,23555.0,179.4,0.0
472853,2177.0,23555.0,179.4,0.0
472865,1492.0,23587.0,179.4,0.0
472866,1509.0,23587.0,179.4,0.0
472866,1521.0,23587.0,179.4,0.0
472883,1779.0,23650.0,179.4,0.0
472884,1707.0,23650.0,179.4,0.0
472884,1684.0,23650.0,179.4,0.0
472897,2388.0,23681.0,179.4,0.0
472897,2379.0,23681.0,179.4,0.0
472897,2382.0,23681.0,179.4,0.0
472911,1927.0,23743.0,179.4,0.0
472911,1984.0,23743.0,179.4,0.0
472911,1983.0,23743.0,179.4,0.0
472929,1699.0,23804.0,179.4,0.0
472930,1774.0,23804.0,179.4,0.0
472930,1817.0,23804.0,179.4,0.0
472943,1786.0,23835.0,179.4,0.0
472943,1702.0,23835.0,179.4,0.0
472943,1677.0,23835.0,179.4,0.0
472956,2341.0,23865.0,179.4,0.0
472956,2343.0,23865.0,179.4,0.0
472957,2355.0,23865.0,179.4,0.0
472974,2361.0,23925.0,179.4,0.0
472974,2404.0,23925.0,179.4,0.0
472974,2395.0,23925.0,179.4,0.0
472987,2161.0,23955.0,179.4,0.0
472987,2225.0,23955.0,179.4,0.0
472987,2249.0,23955.0,179.4,0.0
473001,2678.0,24014.0,179.4,0.0
473002,2571.0,24014.0,179.4,0.0
473002,2544.0,24014.0,179.4,0.0
473019,2052.0,24074.0,179.4,0.0
473019,2011.0,24074.0,179.4,0.0
473019,1952.0,24074.0,179.4,0.0
473032,2135.0,24103.0,179.4,0.0
473033,2232.0,24103.0,179.4,0.0
473033,2261.0,24103.0,179.4,0.0
473050,1820.0,24163.0,179.4,0.0
473050,1850.0,24163.0,179.4,0.0
473051,1835.0,24163.0,179.4,0.0
473063,1708.0,24192.0,179.4,0.0
473064,1710.0,24192.0,179.4,0.0
473064,1708.0,24192.0,179.4,0.0
473077,2382.0,24221.0,179.4,0.0
473077,2308.0,24221.0,179.4,0.0
473077,2336.0,24221.0,179.4,0.0
473094,2405.0,24279.0,179.4,0.0
473095,2452.0,24279.0,179.4,0.0
473095,2390.0,24279.0,179.4,0.0
473108,1668.0,24337.0,179.4,0.0
473109,1753.0,24337.0,179.4,0.0
473109,1839.0,24337.0,179.4,0.0
473125,1725.0,24366.0,179.4,0.0
473125,1656.0,24366.0,179.4,0.0
473125,1637.0,24366.0,179.4,0.0
473139,2391.0,24424.0,179.1,0.0
473139,2363.0,24424.0,179.1,0.0
473140,2366.0,24424.0,179.1,0.0
473152,2402.0,24453.0,179.1,0.0
473153,2431.0,24453.0,179.1,0.0
473153,2451.0,24453.0,179.1,0.0
473171,2364.0,24510.0,179.1,0.0
473172,2448.0,24510.0,179.1,0.0
473172,2450.0,24510.0,179.1,0.0
473185,1888.0,24538.0,179.1,0.0
473185,1867.0,24538.0,179.1,0.0
473185,1880.0,24538.0,179.1,0.0
473199,2555.0,24595.0,179.1,0.0
473199,2484.0,24595.0,179.1,0.0
473199,2489.0,24595.0,179.1,0.0
473216,2601.0,24623.0,179.1,0.0
473216,2606.0,24623.0,179.1,0.0
473216,2583.0,24623.0,179.1,0.0
473230,1867.0,24678.0,179.1,0.0
473230,1948.0,24678.0,179.1,0.0
473230,1971.0,24678.0,179.1,0.0
473247,1528.0,24732.0,179.1,0.0
473248,1561.0,24732.0,179.1,0.0
473248,1559.0,24732.0,179.1,0.0
473260,1971.0,24759.0,179.1,0.0
473261,1910.0,24759.0,179.1,0.0
473261,1903.0,24759.0,179.1,0.0
473274,2233.0,24786.0,179.1,0.0
473274,2259.0,24786.0,179.1,0.0
473274,2263.0,24786.0,179.1,0.0
473292,2084.0,24838.0,179.1,0.0
473293,2165.0,24838.0,179.1,0.0
473293,2166.0,24838.0,179.1,0.0
473306,1430.0,24864.0,179.1,0.0
473306,1447.0,24864.0,179.1,0.0
473306,1444.0,24864.0,179.1,0.0
473320,2055.0,24915.0,179.1,0.0
473320,1985.0,24915.0,179.1,0.0
473321,1975.0,24915.0,179.1,0.0
473338,2335.0,24966.0,179.1,0.0
473338,2295.0,24966.0,179.1,0.0
473338,2248.0,24966.0,179.1,0.0
473351,1899.0,24992.0,179.1,0.0
473351,1992.0,24992.0,179.1,0.0
473351,2012.0,24992.0,179.1,0.0
473368,1642.0,25042.0,179.1,0.0
473369,1707.0,25042.0,179.1,0.0
473369,1742.0,25042.0,179.1,0.0
473382,1872.0,25067.0,179.1,0.0
473382,1795.0,25067.0,179.1,0.0
473382,1780.0,25067.0,179.1,0.0
473395,2330.0,25092.0,179.1,0.0
473395,2335.0,25092.0,179.1,0.0
473396,2351.0,25092.0,179.1,0.0
473414,2304.0,25142.0,179.1,0.0
473414,2323.0,25142.0,179.1,0.0
473414,2306.0,25142.0,179.1,0.0
473428,1571.0,25192.0,179.1,0.0
473428,1659.0,25192.0,179.1,0.0
473428,1675.0,25192.0,179.1,0.0
473441,1984.0,25217.0,179.1,0.0
473441,1914.0,25217.0,179.1,0.0
473442,1898.0,25217.0,179.1,0.0
473459,2284.0,25266.0,178.4,0.0
473459,2216.0,25266.0,178.4,0.0
473459,2188.0,25266.0,178.4,0.0
473472,2128.0,25291.0,178.4,0.0
473472,2207.0,25291.0,178.4,0.0
473472,2241.0,25291.0,178.4,0.0
473486,1644.0,25340.0,178.4,0.0
473487,1646.0,25340.0,178.4,0.0
473487,1633.0,25340.0,178.4,0.0
473503,1649.0,25364.0,178.4,0.0
473503,1591.0,25364.0,178.4,0.0
473504,1602.0,25364.0,178.4,0.0
473517,2338.0,25412.0,178.4,0.0
473517,2288.0,25412.0,178.4,0.0
473518,2295.0,25412.0,178.4,0.0
473534,2324.0,25436.0,178.4,0.0
473534,2356.0,25436.0,178.4,0.0
473534,2330.0,25436.0,178.4,0.0
473548,1610.0,25484.0,178.4,0.0
473548,1689.0,25484.0,178.4,0.0
473549,1734.0,25484.0,178.4,0.0
473561,1949.0,25507.0,178.4,0.0
473562,1862.0,25507.0,178.4,0.0
473562,1855.0,25507.0,178.4,0.0
473579,2636.0,25554.0,178.4,0.0
473579,2621.0,25554.0,178.4,0.0
473579,2585.0,25554.0,178.4,0.0
473592,2913.0,25578.0,178.4,0.0
473592,2979.0,25578.0,178.4,0.0
473593,2977.0,25578.0,178.4,0.0
473606,1446.0,25625.0,178.4,0.0
473607,1460.0,25625.0,178.4,0.0
473607,1392.0,25625.0,178.4,0.0
473623,1689.0,25648.0,178.4,0.0
473623,1654.0,25648.0,178.4,0.0
473624,1725.0,25648.0,178.4,0.0
473638,2367.0,25695.0,178.4,0.0
473638,2275.0,25695.0,178.4,0.0
473638,2207.0,25695.0,178.4,0.0
473654,2354.0,25718.0,178.4,0.0
473655,2430.0,25718.0,178.4,0.0
473655,2443.0,25718.0,178.4,0.0
473669,1755.0,25764.0,178.4,0.0
473669,1788.0,25764.0,178.4,0.0
473669,1823.0,25764.0,178.4,0.0
473682,1912.0,25787.0,178.4,0.0
473682,1855.0,25787.0,178.4,0.0
473683,1818.0,25787.0,178.4,0.0
473699,2183.0,25832.0,178.4,0.0
473700,2128.0,25832.0,178.4,0.0
473700,2153.0,25832.0,178.4,0.0
473713,2352.0,25855.0,178.4,0.0
473713,2386.0,25855.0,178.4,0.0
473713,2358.0,25855.0,178.4,0.0
473727,1692.0,25900.0,178.4,0.0
473727,1793.0,25900.0,178.4,0.0
473728,1804.0,25900.0,178.4,0.0
473744,1817.0,25923.0,178.4,0.0
473744,1757.0,25923.0,178.4,0.0
473744,1764.0,25923.0,178.4,0.0
473758,2581.0,25968.0,178.4,0.0
473758,2520.0,25968.0,178.4,0.0
473759,2512.0,25968.0,178.4,0.0
473776,2688.0,26012.0,178.4,0.0
473776,2701.0,26012.0,178.4,0.0
473777,2724.0,26012.0,178.4,0.0
473789,2160.0,26035.0,178.4,0.0
473790,2211.0,26035.0,178.4,0.0
473790,2209.0,26035.0,178.4,0.0
473803,1961.0,26057.0,178.4,0.0
473803,1934.0,26057.0,178.4,0.0
473803,1920.0,26057.0,178.4,0.0
473820,2175.0,26100.0,178.4,0.0
473820,2075.0,26100.0,178.4,0.0
473821,2068.0,26100.0,178.4,0.0
473833,2310.0,26121.0,178.4,0.0
473834,2340.0,26121.0,178.4,0.0
473834,2322.0,26121.0,178.4,0.0
473847,1566.0,26164.0,178.4,0.0
473848,1643.0,26164.0,178.4,0.0
473848,1667.0,26164.0,178.4,0.0
473865,1480.0,26205.0,178.4,0.0
473865,1439.0,26205.0,178.4,0.0
473865,1445.0,26205.0,178.4,0.0
473878,2217.0,26226.0,178.4,0.0
473878,2178.0,26226.0,178.4,0.0
473879,2159.0,26226.0,178.4,0.0
473896,2318.0,26266.0,178.4,0.0
473896,2314.0,26266.0,178.4,0.0
473896,2299.0,26266.0,178.4,0.0
473909,1767.0,26286.0,178.4,0.0
473910,1841.0,26286.0,178.4,0.0
473910,1852.0,26286.0,178.4,0.0
473922,1659.0,26306.0,178.4,0.0
473923,1609.0,26306.0,178.4,0.0
473923,1605.0,26306.0,178.4,0.0
473940,2020.0,26345.0,178.4,0.0
473941,1869.0,26345.0,178.4,0.0
473941,1842.0,26345.0,178.4,0.0
473954,2314.0,26384.0,178.4,0.0
473955,2326.0,26384.0,178.4,0.0
473955,2326.0,26384.0,178.4,0.0
473971,2084.0,26404.0,178.4,0.0
473972,2151.0,26404.0,178.4,0.0
473972,2159.0,26404.0,178.4,0.0
473985,1524.0,26443.0,178.4,0.0
473986,1543.0,26443.0,178.4,0.0
473986,1532.0,26443.0,178.4,0.0
473998,2233.0,26462.0,178.4,0.0
473999,2170.0,26462.0,178.4,0.0
473999,2176.0,26462.0,178.4,0.0
474017,2409.0,26501.0,178.4,0.0
474017,2356.0,26501.0,178.4,0.0
474018,2294.0,26501.0,178.4,0.0
474030,2006.0,26520.0,178.4,0.0
474031,2098.0,26520.0,178.4,0.0
474031,2132.0,26520.0,178.4,0.0
474044,1599.0,26559.0,178.4,0.0
474045,1548.0,26559.0,178.4,0.0
474045,1552.0,26559.0,178.4,0.0
474061,1929.0,26578.0,178.4,0.0
474062,1857.0,26578.0,178.4,0.0
474062,1828.0,26578.0,178.4,0.0
474075,2331.0,26617.0,178.4,0.0
474076,2322.0,26617.0,178.4,0.0
474076,2327.0,26617.0,178.4,0.0
474092,2224.0,26636.0,178.4,0.0
474093,2226.0,26636.0,178.4,0.0
474093,2215.0,26636.0,178.4,0.0
474106,1501.0,26674.0,178.4,0.0
474107,1567.0,26674.0,178.4,0.0
474107,1588.0,26674.0,178.4,0.0
474120,2081.0,26692.0,178.4,0.0
474120,2008.0,26692.0,178.4,0.0
474120,1990.0,26692.0,178.4,0.0
474138,2590.0,26730.0,167.1,0.0
474138,2559.0,26730.0,167.1,0.0
474139,2530.0,26730.0,167.1,0.0
474151,2799.0,26748.0,167.1,0.0
474152,2866.0,26748.0,167.1,0.0
474152,2911.0,26748.0,167.1,0.0
474165,1585.0,26785.0,167.1,0.0
474166,1555.0,26785.0,167.1,0.0
474166,1499.0,26785.0,167.1,0.0
474182,1708.0,26803.0,167.1,0.0
474182,1676.0,26803.0,167.1,0.0
474183,1716.0,26803.0,167.1,0.0
474196,2420.0,26840.0,167.1,0.0
474197,2332.0,26840.0,167.1,0.0
474197,2308.0,26840.0,167.1,0.0
474214,2367.0,26876.0,167.1,0.0
474214,2442.0,26876.0,167.1,0.0
474214,2425.0,26876.0,167.1,0.0
474227,1620.0,26895.0,167.1,0.0
474228,1673.0,26895.0,167.1,0.0
474228,1713.0,26895.0,167.1,0.0
474240,2040.0,26913.0,167.1,0.0
474241,1916.0,26913.0,167.1,0.0
474241,1879.0,26913.0,167.1,0.0
474259,2189.0,26950.0,167.1,0.0
474260,2118.0,26950.0,167.1,0.0
474260,2122.0,26950.0,167.1,0.0
474273,2429.0,26986.0,167.1,0.0
474274,2436.0,26986.0,167.1,0.0
474274,2448.0,26986.0,167.1,0.0
474287,1734.0,27004.0,167.1,0.0
474287,1791.0,27004.0,167.1,0.0
474287,1782.0,27004.0,167.1,0.0
474304,1724.0,27040.0,167.1,0.0
474305,1717.0,27040.0,167.1,0.0
474305,1755.0,27040.0,167.1,0.0
474317,2603.0,27058.0,167.1,0.0
474318,2534.0,27058.0,167.1,0.0
474318,2497.0,27058.0,167.1,0.0
474330,2371.0,27076.0,167.1,0.0
474331,2453.0,27076.0,167.1,0.0
474331,2469.0,27076.0,167.1,0.0
474348,2031.0,27111.0,167.1,0.0
474349,2103.0,27111.0,167.1,0.0
474349,2144.0,27111.0,167.1,0.0
474361,2087.0,27129.0,167.1,0.0
474362,2040.0,27129.0,167.1,0.0
474362,1962.0,27129.0,167.1,0.0
474380,2164.0,27164.0,167.1,0.0
474380,2105.0,27164.0,167.1,0.0
474380,2093.0,27164.0,167.1,0.0
474394,2384.0,27199.0,167.1,0.0
474395,2357.0,27199.0,167.1,0.0
474395,2393.0,27199.0,167.1,0.0
474408,1653.0,27216.0,167.1,0.0
474408,1732.0,27216.0,167.1,0.0
474408,1725.0,27216.0,167.1,0.0
474425,1438.0,27249.0,167.1,0.0
474425,1459.0,27249.0,167.1,0.0
474426,1502.0,27249.0,167.1,0.0
474438,2197.0,27266.0,167.1,0.0
474439,2115.0,27266.0,167.1,0.0
474439,2075.0,27266.0,167.1,0.0
474451,2135.0,27282.0,167.1,0.0
474452,2199.0,27282.0,167.1,0.0
474452,2205.0,27282.0,167.1,0.0
474469,1813.0,27313.0,167.1,0.0
474470,1886.0,27313.0,167.1,0.0
474470,1924.0,27313.0,167.1,0.0
474483,1550.0,27345.0,167.1,0.0
474484,1520.0,27345.0,167.1,0.0
474484,1490.0,27345.0,167.1,0.0
474500,1917.0,27360.0,167.1,0.0
474501,1863.0,27360.0,167.1,0.0
474501,1859.0,27360.0,167.1,0.0
474515,2387.0,27391.0,176.0,0.0
474515,2353.0,27391.0,176.0,0.0
474515,2335.0,27391.0,176.0,0.0
474528,1698.0,27406.0,176.0,0.0
474528,1806.0,27406.0,176.0,0.0
474528,1800.0,27406.0,176.0,0.0
474546,1505.0,27437.0,176.0,0.0
474546,1532.0,27437.0,176.0,0.0
474546,1580.0,27437.0,176.0,0.0
474559,2182.0,27452.0,176.0,0.0
474559,2092.0,27452.0,176.0,0.0
474560,2045.0,27452.0,176.0,0.0
474573,2333.0,27483.0,176.0,0.0
474573,2383.0,27483.0,176.0,0.0
474574,2404.0,27483.0,176.0,0.0
474590,2025.0,27498.0,176.0,0.0
474590,2078.0,27498.0,176.0,0.0
474590,2075.0,27498.0,176.0,0.0
474604,1599.0,27528.0,176.0,0.0
474604,1610.0,27528.0,176.0,0.0
474605,1595.0,27528.0,176.0,0.0
474621,1944.0,27543.0,176.0,0.0
474621,1868.0,27543.0,176.0,0.0
474621,1863.0,27543.0,176.0,0.0
474635,2364.0,27573.0,176.0,0.0
474635,2340.0,27573.0,176.0,0.0
474635,2307.0,27573.0,176.0,0.0
474648,1778.0,27588.0,176.0,0.0
474648,1862.0,27588.0,176.0,0.0
474649,1890.0,27588.0,176.0,0.0
474666,1516.0,27618.0,176.0,0.0
474666,1527.0,27618.0,176.0,0.0
474666,1549.0,27618.0,176.0,0.0
474679,2161.0,27632.0,176.0,0.0
474679,2081.0,27632.0,176.0,0.0
474679,2055.0,27632.0,176.0,0.0
474693,2374.0,27662.0,176.0,0.0
474693,2401.0,27662.0,176.0,0.0
474694,2424.0,27662.0,176.0,0.0
474710,2642.0,27677.0,176.0,0.0
474710,2706.0,27677.0,176.0,0.0
474710,2736.0,27677.0,176.0,0.0
474724,2052.0,27706.0,176.0,0.0
474724,1999.0,27706.0,176.0,0.0
474724,1973.0,27706.0,176.0,0.0
474741,1598.0,27735.0,176.0,0.0
474742,1548.0,27735.0,176.0,0.0
474742,1544.0,27735.0,176.0,0.0
474755,2456.0,27750.0,176.0,0.0
474755,2436.0,27750.0,176.0,0.0
474755,2437.0,27750.0,176.0,0.0
474768,1770.0,27764.0,176.0,0.0
474768,1849.0,27764.0,176.0,0.0
474768,1822.0,27764.0,176.0,0.0
474785,1519.0,27793.0,176.0,0.0
474786,1545.0,27793.0,176.0,0.0
474786,1632.0,27793.0,176.0,0.0
474799,2203.0,27807.0,176.0,0.0
474799,2100.0,27807.0,176.0,0.0
474799,2063.0,27807.0,176.0,0.0
474813,2385.0,27835.0,176.0,0.0
474813,2442.0,27835.0,176.0,0.0
474813,2449.0,27835.0,176.0,0.0
474829,2038.0,27850.0,176.0,0.0
474830,2078.0,27850.0,176.0,0.0
474830,2134.0,27850.0,176.0,0.0
474844,1683.0,27878.0,176.0,0.0
474844,1673.0,27878.0,176.0,0.0
474844,1641.0,27878.0,176.0,0.0
474861,1938.0,27907.0,176.0,0.0
474862,1885.0,27907.0,176.0,0.0
474862,1907.0,27907.0,176.0,0.0
474874,2647.0,27921.0,170.5,0.0
474875,2606.0,27921.0,170.5,0.0
474875,2595.0,27921.0,170.5,0.0
474888,2061.0,27935.0,170.5,0.0
474888,2173.0,27935.0,170.5,0.0
474888,2163.0,27935.0,170.5,0.0
474905,1834.0,27964.0,170.5,0.0
474906,1870.0,27964.0,170.5,0.0
474906,1914.0,27964.0,170.5,0.0
474919,2504.0,27978.0,170.5,0.0
474919,2406.0,27978.0,170.5,0.0
474919,2360.0,27978.0,170.5,0.0
474933,2515.0,28006.0,170.5,0.0
474933,2551.0,28006.0,170.5,0.0
474934,2591.0,28006.0,170.5,0.0
474934,2570.0,28006.0,170.5,0.0
474951,2247.0,28033.0,170.5,0.0
474952,2302.0,28033.0,170.5,0.0
474952,2336.0,28033.0,170.5,0.0
474964,1522.0,28047.0,170.5,0.0
474965,1527.0,28047.0,170.5,0.0
474965,1502.0,28047.0,170.5,0.0
474982,1597.0,28072.0,170.5,0.0
474983,1564.0,28072.0,170.5,0.0
474983,1571.0,28072.0,170.5,0.0
474995,2310.0,28085.0,170.5,0.0
474996,2304.0,28085.0,170.5,0.0
474996,2272.0,28085.0,170.5,0.0
475009,1841.0,28097.0,170.5,0.0
475009,1918.0,28097.0,170.5,0.0
475009,1902.0,28097.0,170.5,0.0
475026,1491.0,28122.0,170.5,0.0
475027,1551.0,28122.0,170.5,0.0
475027,1619.0,28122.0,170.5,0.0
475039,2009.0,28134.0,170.5,0.0
475040,1904.0,28134.0,170.5,0.0
475040,1865.0,28134.0,170.5,0.0
475053,2306.0,28157.0,170.5,0.0
475054,2374.0,28157.0,170.5,0.0
475054,2388.0,28157.0,170.5,0.0
475071,2137.0,28181.0,170.5,0.0
475071,2174.0,28181.0,170.5,0.0
475071,2196.0,28181.0,170.5,0.0
475084,1523.0,28193.0,170.5,0.0
475084,1536.0,28193.0,170.5,0.0
475085,1512.0,28193.0,170.5,0.0
475102,1670.0,28216.0,170.5,0.0
475102,1612.0,28216.0,170.5,0.0
475102,1643.0,28216.0,170.5,0.0
475115,2422.0,28228.0,170.5,0.0
475116,2352.0,28228.0,170.5,0.0
475116,2325.0,28228.0,170.5,0.0
475128,1877.0,28240.0,170.5,0.0
475129,1967.0,28240.0,170.5,0.0
475129,1981.0,28240.0,170.5,0.0
475146,1568.0,28264.0,170.5,0.0
475146,1600.0,28264.0,170.5,0.0
475147,1663.0,28264.0,170.5,0.0
475160,1977.0,28287.0,170.5,0.0
475160,1882.0,28287.0,170.5,0.0
475161,1833.0,28287.0,170.5,0.0
475177,2321.0,28299.0,170.5,0.0
475177,2296.0,28299.0,170.5,0.0
475177,2306.0,28299.0,170.5,0.0
475191,2247.0,28322.0,170.5,0.0
475191,2273.0,28322.0,170.5,0.0
475191,2272.0,28322.0,170.5,0.0
475204,1607.0,28334.0,170.5,0.0
475204,1638.0,28334.0,170.5,0.0
475204,1613.0,28334.0,170.5,0.0
475222,1563.0,28357.0,170.5,0.0
475223,1499.0,28357.0,170.5,0.0
475223,1526.0,28357.0,170.5,0.0
475236,2391.0,28369.0,162.4,0.0
475236,2332.0,28369.0,162.4,0.0
475236,2310.0,28369.0,162.4,0.0
475250,2062.0,28391.0,162.4,0.0
475250,2122.0,28391.0,162.4,0.0
475250,2147.0,28391.0,162.4,0.0
475266,1615.0,28403.0,162.4,0.0
475267,1658.0,28403.0,162.4,0.0
475267,1695.0,28403.0,162.4,0.0
475280,1937.0,28426.0,162.4,0.0
475281,1861.0,28426.0,162.4,0.0
475281,1840.0,28426.0,162.4,0.0
475294,3004.0,28437.0,162.4,0.0
475294,3022.0,28437.0,162.4,0.0
475294,3082.0,28437.0,162.4,0.0
475295,3136.0,28437.0,162.4,0.0
475312,2734.0,28459.0,162.4,0.0
475312,2703.0,28459.0,162.4,0.0
475313,2678.0,28459.0,162.4,0.0
475326,1352.0,28471.0,162.4,0.0
475326,1457.0,28471.0,162.4,0.0
475326,1444.0,28471.0,162.4,0.0
475343,1567.0,28493.0,162.4,0.0
475344,1540.0,28493.0,162.4,0.0
475344,1614.0,28493.0,162.4,0.0
475357,2326.0,28504.0,162.4,0.0
475357,2232.0,28504.0,162.4,0.0
475357,2161.0,28504.0,162.4,0.0
475371,2205.0,28525.0,162.4,0.0
475371,2303.0,28525.0,162.4,0.0
475371,2358.0,28525.0,162.4,0.0
475387,1814.0,28537.0,162.4,0.0
475388,1833.0,28537.0,162.4,0.0
475388,1861.0,28537.0,162.4,0.0
475401,1798.0,28559.0,162.4,0.0
475402,1765.0,28559.0,162.4,0.0
475402,1714.0,28559.0,162.4,0.0
475415,2441.0,28570.0,162.4,0.0
475415,2429.0,28570.0,162.4,0.0
475415,2476.0,28570.0,162.4,0.0
475432,2520.0,28592.0,162.4,0.0
475433,2523.0,28592.0,162.4,0.0
475433,2477.0,28592.0,162.4,0.0
475445,1701.0,28603.0,162.4,0.0
475446,1801.0,28603.0,162.4,0.0
475446,1836.0,28603.0,162.4,0.0
475463,1827.0,28625.0,162.4,0.0
475464,1744.0,28625.0,162.4,0.0
475464,1754.0,28625.0,162.4,0.0
475476,2664.0,28636.0,162.4,0.0
475477,2640.0,28636.0,162.4,0.0
475477,2609.0,28636.0,162.4,0.0
475490,2488.0,28657.0,162.4,0.0
475491,2518.0,28657.0,162.4,0.0
475491,2578.0,28657.0,162.4,0.0
475507,2082.0,28668.0,162.4,0.0
475507,2138.0,28668.0,162.4,0.0
475508,2124.0,28668.0,162.4,0.0
475521,1958.0,28689.0,162.4,0.0
475521,1913.0,28689.0,162.4,0.0
475522,1913.0,28689.0,162.4,0.0
475534,2512.0,28700.0,162.4,0.0
475535,2468.0,28700.0,162.4,0.0
475535,2472.0,28700.0,162.4,0.0
475552,2301.0,28720.0,162.4,0.0
475552,2346.0,28720.0,162.4,0.0
475552,2311.0,28720.0,162.4,0.0
475565,1485.0,28730.0,162.4,0.0
475565,1472.0,28730.0,162.4,0.0
475566,1559.0,28730.0,162.4,0.0
475583,1542.0,28749.0,162.4,0.0
475583,1477.0,28749.0,162.4,0.0
475583,1469.0,28749.0,162.4,0.0
475596,2278.0,28759.0,162.4,0.0
475596,2263.0,28759.0,162.4,0.0
475597,2261.0,28759.0,162.4,0.0
475610,2088.0,28776.0,162.4,0.0
475610,2110.0,28776.0,162.4,0.0
475611,2141.0,28776.0,162.4,0.0
475626,1631.0,28786.0,162.4,0.0
475627,1703.0,28786.0,162.4,0.0
475627,1715.0,28786.0,162.4,0.0
475641,1755.0,28803.0,162.4,0.0
475641,1687.0,28803.0,162.4,0.0
475641,1684.0,28803.0,162.4,0.0
475658,2125.0,28821.0,162.4,0.0
475659,2041.0,28821.0,162.4,0.0
475659,2001.0,28821.0,162.4,0.0
475671,2213.0,28830.0,162.4,0.0
475672,2274.0,28830.0,162.4,0.0
475672,2292.0,28830.0,162.4,0.0
475685,1532.0,28839.0,162.4,0.0
475685,1549.0,28839.0,162.4,0.0
475685,1526.0,28839.0,162.4,0.0
475703,1495.0,28856.0,162.4,0.0
475704,1504.0,28856.0,162.4,0.0
475704,1520.0,28856.0,162.4,0.0
475717,2235.0,28865.0,162.4,0.0
475719,2049.0,28865.0,162.4,0.0
475719,1974.0,28865.0,162.4,0.0
475719,1981.0,28865.0,162.4,0.0
475733,2380.0,28882.0,162.4,0.0
475734,2360.0,28882.0,162.4,0.0
475734,2364.0,28882.0,162.4,0.0
475751,2200.0,28899.0,162.4,0.0
475751,2273.0,28899.0,162.4,0.0
475751,2279.0,28899.0,162.4,0.0
475764,1528.0,28908.0,162.4,0.0
475765,1550.0,28908.0,162.4,0.0
475765,1561.0,28908.0,162.4,0.0
475782,1686.0,28926.0,162.4,0.0
475782,1627.0,28926.0,162.4,0.0
475782,1609.0,28926.0,162.4,0.0
475795,2429.0,28934.0,144.8,0.0
475795,2413.0,28934.0,144.8,0.0
475795,2422.0,28934.0,144.8,0.0
475809,2116.0,28951.0,144.8,0.0
475809,2172.0,28951.0,144.8,0.0
475810,2167.0,28951.0,144.8,0.0
475828,1791.0,28969.0,144.8,0.0
475828,1886.0,28969.0,144.8,0.0
475828,1931.0,28969.0,144.8,0.0
475841,1736.0,28977.0,144.8,0.0
475842,1651.0,28977.0,144.8,0.0
475842,1638.0,28977.0,144.8,0.0
475854,2340.0,28986.0,144.8,0.0
475855,2341.0,28986.0,144.8,0.0
475855,2341.0,28986.0,144.8,0.0
475872,2351.0,29004.0,144.8,0.0
475873,2368.0,29004.0,144.8,0.0
475873,2377.0,29004.0,144.8,0.0
475885,1645.0,29012.0,144.8,0.0
475886,1719.0,29012.0,144.8,0.0
475886,1707.0,29012.0,144.8,0.0
475900,2590.0,29029.0,144.8,0.0
475900,2538.0,29029.0,144.8,0.0
475901,2537.0,29029.0,144.8,0.0
475901,2531.0,29029.0,144.8,0.0
475918,2508.0,29046.0,144.8,0.0
475918,2349.0,29046.0,144.8,0.0
475919,2315.0,29046.0,144.8,0.0
475931,2027.0,29054.0,144.8,0.0
475932,2106.0,29054.0,144.8,0.0
475932,2088.0,29054.0,144.8,0.0
475949,2085.0,29071.0,144.8,0.0
475950,2136.0,29071.0,144.8,0.0
475950,2220.0,29071.0,144.8,0.0
475962,1609.0,29080.0,144.8,0.0
475963,1549.0,29080.0,144.8,0.0
475963,1465.0,29080.0,144.8,0.0
475976,2337.0,29088.0,144.8,0.0
475976,2359.0,29088.0,144.8,0.0
475976,2422.0,29088.0,144.8,0.0
475993,2500.0,29105.0,144.8,0.0
475994,2430.0,29105.0,144.8,0.0
475994,2393.0,29105.0,144.8,0.0
476007,1861.0,29122.0,144.8,0.0
476008,2021.0,29122.0,144.8,0.0
476008,2019.0,29122.0,144.8,0.0
476024,1616.0,29130.0,144.8,0.0
476025,1623.0,29130.0,144.8,0.0
476025,1687.0,29130.0,144.8,0.0
476026,1810.0,29130.0,144.8,0.0
476039,2123.0,29147.0,144.8,0.0
476040,1966.0,29147.0,144.8,0.0
476040,1918.0,29147.0,144.8,0.0
476053,2570.0,29155.0,144.8,0.0
476053,2634.0,29155.0,144.8,0.0
476053,2618.0,29155.0,144.8,0.0
476071,2547.0,29173.0,144.8,0.0
476072,2569.0,29173.0,144.8,0.0
476072,2607.0,29173.0,144.8,0.0
476085,1926.0,29181.0,144.8,0.0
476085,1965.0,29181.0,144.8,0.0
476085,1906.0,29181.0,144.8,0.0
476099,2304.0,29198.0,144.8,0.0
476099,2281.0,29198.0,144.8,0.0
476099,2329.0,29198.0,144.8,0.0
476115,2734.0,29206.0,144.8,0.0
476116,2620.0,29206.0,144.8,0.0
476116,2586.0,29206.0,144.8,0.0
476129,2276.0,29223.0,144.8,0.0
476130,2398.0,29223.0,144.8,0.0
476130,2404.0,29223.0,144.8,0.0
476143,1583.0,29231.0,144.8,0.0
476143,1560.0,29231.0,144.8,0.0
476143,1565.0,29231.0,144.8,0.0
476161,1750.0,29247.0,144.8,0.0
476161,1682.0,29247.0,144.8,0.0
476161,1635.0,29247.0,144.8,0.0
476174,2249.0,29254.0,144.8,0.0
476175,2264.0,29254.0,144.8,0.0
476175,2306.0,29254.0,144.8,0.0
476192,2307.0,29269.0,144.8,0.0
476192,2286.0,29269.0,144.8,0.0
476193,2239.0,29269.0,144.8,0.0
476206,1606.0,29283.0,144.8,0.0
476207,1716.0,29283.0,144.8,0.0
476207,1739.0,29283.0,144.8,0.0
476219,1836.0,29290.0,144.8,0.0
476220,1740.0,29290.0,144.8,0.0
476220,1751.0,29290.0,144.8,0.0
476237,2216.0,29303.0,144.8,0.0
476237,2151.0,29303.0,144.8,0.0
476237,2080.0,29303.0,144.8,0.0
476250,2094.0,29310.0,144.8,0.0
476250,2169.0,29310.0,144.8,0.0
476251,2223.0,29310.0,144.8,0.0
476263,1509.0,29317.0,144.8,0.0
476264,1479.0,29317.0,144.8,0.0
476264,1461.0,29317.0,144.8,0.0
476281,1668.0,29331.0,144.8,0.0
476281,1639.0,29331.0,144.8,0.0
476281,1639.0,29331.0,144.8,0.0
476294,2354.0,29338.0,134.9,0.0
476295,2309.0,29338.0,134.9,0.0
476295,2306.0,29338.0,134.9,0.0
476312,2343.0,29351.0,134.9,0.0
476312,2384.0,29351.0,134.9,0.0
476312,2358.0,29351.0,134.9,0.0
476326,1650.0,29365.0,134.9,0.0
476327,1754.0,29365.0,134.9,0.0
476327,1806.0,29365.0,134.9,0.0
476340,1845.0,29372.0,134.9,0.0
476340,1750.0,29372.0,134.9,0.0
476340,1706.0,29372.0,134.9,0.0
476357,2151.0,29385.0,134.9,0.0
476358,2098.0,29385.0,134.9,0.0
476358,2090.0,29385.0,134.9,0.0
476370,2236.0,29392.0,134.9,0.0
476371,2258.0,29392.0,134.9,0.0
476371,2293.0,29392.0,134.9,0.0
476384,1545.0,29399.0,134.9,0.0
476384,1569.0,29399.0,134.9,0.0
476384,1531.0,29399.0,134.9,0.0
476401,1651.0,29413.0,134.9,0.0
476401,1610.0,29413.0,134.9,0.0
476402,1641.0,29413.0,134.9,0.0
476415,2424.0,29426.0,134.9,0.0
476416,2370.0,29426.0,134.9,0.0
476416,2315.0,29426.0,134.9,0.0
476432,2366.0,29433.0,134.9,0.0
476432,2441.0,29433.0,134.9,0.0
476432,2422.0,29433.0,134.9,0.0
476446,1672.0,29446.0,134.9,0.0
476447,1790.0,29446.0,134.9,0.0
476448,1864.0,29446.0,134.9,0.0
476448,1907.0,29446.0,134.9,0.0
476461,1756.0,29453.0,134.9,0.0
476461,1679.0,29453.0,134.9,0.0
476461,1642.0,29453.0,134.9,0.0
476478,1982.0,29467.0,134.9,0.0
476479,1925.0,29467.0,134.9,0.0
476479,1918.0,29467.0,134.9,0.0
476492,2328.0,29473.0,134.9,0.0
476492,2328.0,29473.0,134.9,0.0
476492,2332.0,29473.0,134.9,0.0
476506,1855.0,29487.0,134.9,0.0
476506,1936.0,29487.0,134.9,0.0
476507,1951.0,29487.0,134.9,0.0
476522,2283.0,29493.0,134.9,0.0
476523,2268.0,29493.0,134.9,0.0
476523,2315.0,29493.0,134.9,0.0
476537,2499.0,29507.0,134.9,0.0
476537,2377.0,29507.0,134.9,0.0
476537,2306.0,29507.0,134.9,0.0
476554,2239.0,29513.0,134.9,0.0
476554,2302.0,29513.0,134.9,0.0
476554,2311.0,29513.0,134.9,0.0
476568,2026.0,29527.0,134.9,0.0
476568,2055.0,29527.0,134.9,0.0
476568,2082.0,29527.0,134.9,0.0
476581,1641.0,29533.0,134.9,0.0
476581,1621.0,29533.0,134.9,0.0
476582,1569.0,29533.0,134.9,0.0
476599,1957.0,29547.0,134.9,0.0
476599,1871.0,29547.0,134.9,0.0
476599,1913.0,29547.0,134.9,0.0
476612,2438.0,29553.0,138.1,0.0
476612,2431.0,29553.0,138.1,0.0
476613,2389.0,29553.0,138.1,0.0
476626,1779.0,29566.0,138.1,0.0
476627,1907.0,29566.0,138.1,0.0
476627,1973.0,29566.0,138.1,0.0
476643,1614.0,29573.0,138.1,0.0
476644,1597.0,29573.0,138.1,0.0
476644,1625.0,29573.0,138.1,0.0
476657,2310.0,29586.0,138.1,0.0
476658,2234.0,29586.0,138.1,0.0
476658,2202.0,29586.0,138.1,0.0
476675,2563.0,29599.0,138.1,0.0
476676,2522.0,29599.0,138.1,0.0
476676,2522.0,29599.0,138.1,0.0
476689,2368.0,29606.0,138.1,0.0
476689,2414.0,29606.0,138.1,0.0
476689,2413.0,29606.0,138.1,0.0
476702,1902.0,29613.0,138.1,0.0
476702,1910.0,29613.0,138.1,0.0
476703,1892.0,29613.0,138.1,0.0
476719,2185.0,29626.0,138.1,0.0
476720,2105.0,29626.0,138.1,0.0
476720,2099.0,29626.0,138.1,0.0
476733,2743.0,29633.0,138.1,0.0
476733,2726.0,29633.0,138.1,0.0
476733,2699.0,29633.0,138.1,0.0
476747,2036.0,29645.0,138.1,0.0
476747,2142.0,29645.0,138.1,0.0
476748,2161.0,29645.0,138.1,0.0
476765,1552.0,29657.0,138.1,0.0
476765,1577.0,29657.0,138.1,0.0
476765,1623.0,29657.0,138.1,0.0
476778,1951.0,29663.0,138.1,0.0
476779,1889.0,29663.0,138.1,0.0
476779,1836.0,29663.0,138.1,0.0
476796,2169.0,29674.0,138.1,0.0
476796,2124.0,29674.0,138.1,0.0
476797,2109.0,29674.0,138.1,0.0
476809,2071.0,29679.0,138.1,0.0
476810,2127.0,29679.0,138.1,0.0
476810,2132.0,29679.0,138.1,0.0
476822,1435.0,29685.0,138.1,0.0
476823,1448.0,29685.0,138.1,0.0
476823,1438.0,29685.0,138.1,0.0
476840,1659.0,29695.0,138.1,0.0
476840,1585.0,29695.0,138.1,0.0
476841,1604.0,29695.0,138.1,0.0
476854,2323.0,29705.0,138.1,0.0
476854,2294.0,29705.0,138.1,0.0
476855,2261.0,29705.0,138.1,0.0
476867,1825.0,29709.0,138.1,0.0
476868,1919.0,29709.0,138.1,0.0
476868,1928.0,29709.0,138.1,0.0
476885,1537.0,29719.0,138.1,0.0
476885,1582.0,29719.0,138.1,0.0
476885,1614.0,29719.0,138.1,0.0
476898,1992.0,29724.0,138.1,0.0
476898,1913.0,29724.0,138.1,0.0
476899,1878.0,29724.0,138.1,0.0
476916,2260.0,29734.0,138.1,0.0
476916,2212.0,29734.0,138.1,0.0
476916,2196.0,29734.0,138.1,0.0
476929,2142.0,29739.0,138.1,0.0
476930,2178.0,29739.0,138.1,0.0
476930,2179.0,29739.0,138.1,0.0
476943,1509.0,29748.0,138.1,0.0
476944,1547.0,29748.0,138.1,0.0
476944,1540.0,29748.0,138.1,0.0
476960,1689.0,29753.0,138.1,0.0
476960,1624.0,29753.0,138.1,0.0
476961,1636.0,29753.0,138.1,0.0
476974,2370.0,29764.0,138.1,0.0
476975,2315.0,29764.0,138.1,0.0
476975,2294.0,29764.0,138.1,0.0
476991,2272.0,29769.0,138.1,0.0
476991,2335.0,29769.0,138.1,0.0
476991,2341.0,29769.0,138.1,0.0
477005,1600.0,29778.0,138.1,0.0
477005,1648.0,29778.0,138.1,0.0
477005,1663.0,29778.0,138.1,0.0
477018,2004.0,29783.0,138.1,0.0
477018,1938.0,29783.0,138.1,0.0
477019,1924.0,29783.0,138.1,0.0
477036,2212.0,29793.0,138.1,0.0
477037,2144.0,29793.0,138.1,0.0
477037,2120.0,29793.0,138.1,0.0
477050,2286.0,29798.0,138.1,0.0
477050,2321.0,29798.0,138.1,0.0
477050,2339.0,29798.0,138.1,0.0
477064,1610.0,29809.0,138.1,0.0
477065,1658.0,29809.0,138.1,0.0
477065,1686.0,29809.0,138.1,0.0
477081,1497.0,29814.0,138.1,0.0
477082,1481.0,29814.0,138.1,0.0
477082,1465.0,29814.0,138.1,0.0
477095,2287.0,29824.0,138.1,0.0
477096,2213.0,29824.0,138.1,0.0
477096,2220.0,29824.0,138.1,0.0
477113,2384.0,29834.0,138.1,0.0
477113,2392.0,29834.0,138.1,0.0
477113,2359.0,29834.0,138.1,0.0
477126,1744.0,29839.0,138.1,0.0
477127,1831.0,29839.0,138.1,0.0
477127,1838.0,29839.0,138.1,0.0
477139,1830.0,29844.0,138.1,0.0
477140,1749.0,29844.0,138.1,0.0
477140,1721.0,29844.0,138.1,0.0
477158,2724.0,29855.0,138.1,0.0
477158,2684.0,29855.0,138.1,0.0
477158,2670.0,29855.0,138.1,0.0
477171,2938.0,29860.0,138.1,0.0
477172,2916.0,29860.0,138.1,0.0
477172,2887.0,29860.0,138.1,0.0
477185,1392.0,29870.0,138.1,0.0
477186,1472.0,29870.0,138.1,0.0
477186,1434.0,29870.0,138.1,0.0
477203,1585.0,29880.0,138.1,0.0
477203,1587.0,29880.0,138.1,0.0
477204,1649.0,29880.0,138.1,0.0
477216,2183.0,29885.0,138.1,0.0
477217,2093.0,29885.0,138.1,0.0
477217,2057.0,29885.0,138.1,0.0
477234,2362.0,29896.0,138.1,0.0
477235,2401.0,29896.0,138.1,0.0
477235,2409.0,29896.0,138.1,0.0
477247,1988.0,29901.0,138.1,0.0
477248,2019.0,29901.0,138.1,0.0
477248,2044.0,29901.0,138.1,0.0
477261,1702.0,29907.0,138.1,0.0
477261,1689.0,29907.0,138.1,0.0
477261,1651.0,29907.0,138.1,0.0
477279,1901.0,29917.0,138.1,0.0
477280,1808.0,29917.0,138.1,0.0
477280,1836.0,29917.0,138.1,0.0
477293,2547.0,29928.0,160.2,0.0
477294,2497.0,29928.0,160.2,0.0
477294,2457.0,29928.0,160.2,0.0
477307,2020.0,29933.0,160.2,0.0
477307,2126.0,29933.0,160.2,0.0
477307,2147.0,29933.0,160.2,0.0
477324,1814.0,29945.0,160.2,0.0
477325,1841.0,29945.0,160.2,0.0
477325,1886.0,29945.0,160.2,0.0
477337,2367.0,29950.0,160.2,0.0
477338,2302.0,29950.0,160.2,0.0
477338,2261.0,29950.0,160.2,0.0
477352,2678.0,29961.0,160.2,0.0
477352,2711.0,29961.0,160.2,0.0
477353,2731.0,29961.0,160.2,0.0
477369,2475.0,29967.0,160.2,0.0
477369,2521.0,29967.0,160.2,0.0
477369,2508.0,29967.0,160.2,0.0
477383,1730.0,29978.0,160.2,0.0
477384,1754.0,29978.0,160.2,0.0
477384,1774.0,29978.0,160.2,0.0
477400,1735.0,29983.0,160.2,0.0
477401,1659.0,29983.0,160.2,0.0
477401,1652.0,29983.0,160.2,0.0
477414,2348.0,29992.0,160.2,0.0
477415,2301.0,29992.0,160.2,0.0
477415,2270.0,29992.0,160.2,0.0
477427,1950.0,29997.0,160.2,0.0
477428,2015.0,29997.0,160.2,0.0
477428,2039.0,29997.0,160.2,0.0
477445,1602.0,30006.0,160.2,0.0
477445,1657.0,30006.0,160.2,0.0
477446,1680.0,30006.0,160.2,0.0
477458,1866.0,30010.0,160.2,0.0
477459,1791.0,30010.0,160.2,0.0
477459,1765.0,30010.0,160.2,0.0
477472,2327.0,30019.0,160.2,0.0
477473,2318.0,30019.0,160.2,0.0
477473,2328.0,30019.0,160.2,0.0
477489,2115.0,30023.0,160.2,0.0
477489,2165.0,30023.0,160.2,0.0
477490,2154.0,30023.0,160.2,0.0
477503,1462.0,30030.0,160.2,0.0
477503,1510.0,30030.0,160.2,0.0
477504,1523.0,30030.0,160.2,0.0
477520,1685.0,30034.0,160.2,0.0
477520,1603.0,30034.0,160.2,0.0
477520,1592.0,30034.0,160.2,0.0
477534,2336.0,30042.0,160.2,0.0
477534,2311.0,30042.0,160.2,0.0
477535,2298.0,30042.0,160.2,0.0
477547,1933.0,30046.0,160.2,0.0
477547,2004.0,30046.0,160.2,0.0
477548,2015.0,30046.0,160.2,0.0
477565,1611.0,30054.0,160.2,0.0
477565,1668.0,30054.0,160.2,0.0
477565,1698.0,30054.0,160.2,0.0
477578,1954.0,30058.0,160.2,0.0
477578,1874.0,30058.0,160.2,0.0
477578,1852.0,30058.0,160.2,0.0
477592,2374.0,30067.0,160.2,0.0
477592,2354.0,30067.0,160.2,0.0
477593,2383.0,30067.0,160.2,0.0
477608,2134.0,30071.0,160.2,0.0
477609,2193.0,30071.0,160.2,0.0
477609,2207.0,30071.0,160.2,0.0
477623,1514.0,30079.0,160.2,0.0
477623,1519.0,30079.0,160.2,0.0
477623,1539.0,30079.0,160.2,0.0
477639,1810.0,30083.0,160.2,0.0
477640,1740.0,30083.0,160.2,0.0
477640,1730.0,30083.0,160.2,0.0
477653,2455.0,30091.0,176.6,0.0
477654,2409.0,30091.0,176.6,0.0
477654,2402.0,30091.0,176.6,0.0
477667,1913.0,30096.0,176.6,0.0
477667,1993.0,30096.0,176.6,0.0
477667,1985.0,30096.0,176.6,0.0
477684,1596.0,30104.0,176.6,0.0
477685,1642.0,30104.0,176.6,0.0
477685,1680.0,30104.0,176.6,0.0
477697,1991.0,30108.0,176.6,0.0
477698,1902.0,30108.0,176.6,0.0
477698,1878.0,30108.0,176.6,0.0
477712,2368.0,30117.0,176.6,0.0
477712,2392.0,30117.0,176.6,0.0
477712,2411.0,30117.0,176.6,0.0
477728,2128.0,30121.0,176.6,0.0
477729,2197.0,30121.0,176.6,0.0
477729,2199.0,30121.0,176.6,0.0
477742,1825.0,30129.0,176.6,0.0
477743,1914.0,30129.0,176.6,0.0
477744,1978.0,30129.0,176.6,0.0
477744,1973.0,30129.0,176.6,0.0
477761,2190.0,30137.0,176.6,0.0
477762,2142.0,30137.0,176.6,0.0
477762,2141.0,30137.0,176.6,0.0
477775,2062.0,30141.0,176.6,0.0
477775,1998.0,30141.0,176.6,0.0
477775,1960.0,30141.0,176.6,0.0
477788,2116.0,30145.0,176.6,0.0
477788,2177.0,30145.0,176.6,0.0
477789,2265.0,30145.0,176.6,0.0
477806,1763.0,30153.0,176.6,0.0
477806,1838.0,30153.0,176.6,0.0
477806,1832.0,30153.0,176.6,0.0
477819,1841.0,30157.0,176.6,0.0
477819,1786.0,30157.0,176.6,0.0
477819,1773.0,30157.0,176.6,0.0
477833,2422.0,30165.0,176.6,0.0
477833,2393.0,30165.0,176.6,0.0
477833,2404.0,30165.0,176.6,0.0
477850,2381.0,30174.0,176.6,0.0
477851,2438.0,30174.0,176.6,0.0
477851,2405.0,30174.0,176.6,0.0
477863,1628.0,30178.0,176.6,0.0
477864,1703.0,30178.0,176.6,0.0
477864,1715.0,30178.0,176.6,0.0
477881,1665.0,30187.0,176.6,0.0
477882,1618.0,30187.0,176.6,0.0
477882,1626.0,30187.0,176.6,0.0
477895,2467.0,30191.0,176.6,0.0
477895,2439.0,30191.0,176.6,0.0
477895,2423.0,30191.0,176.6,0.0
477908,2316.0,30196.0,176.6,0.0
477908,2372.0,30196.0,176.6,0.0
477908,2377.0,30196.0,176.6,0.0
477925,2058.0,30205.0,176.6,0.0
477926,2123.0,30205.0,176.6,0.0
477926,2152.0,30205.0,176.6,0.0
477939,2028.0,30214.0,176.6,0.0
477940,1963.0,30214.0,176.6,0.0
477940,1961.0,30214.0,176.6,0.0
477953,2703.0,30218.0,176.6,0.0
477953,2689.0,30218.0,176.6,0.0
477953,2700.0,30218.0,176.6,0.0
477970,2580.0,30227.0,176.6,0.0
477971,2599.0,30227.0,176.6,0.0
477971,2582.0,30227.0,176.6,0.0
477983,1656.0,30231.0,176.6,0.0
477984,1715.0,30231.0,176.6,0.0
477984,1723.0,30231.0,176.6,0.0
478001,1554.0,30240.0,176.6,0.0
478002,1507.0,30240.0,176.6,0.0
478002,1524.0,30240.0,176.6,0.0
478014,2277.0,30243.0,171.2,0.0
478015,2225.0,30243.0,171.2,0.0
478015,2217.0,30243.0,171.2,0.0
478028,2024.0,30247.0,171.2,0.0
478028,2093.0,30247.0,171.2,0.0
478028,2095.0,30247.0,171.2,0.0
478045,1660.0,30254.0,171.2,0.0
478046,1712.0,30254.0,171.2,0.0
478046,1767.0,30254.0,171.2,0.0
478059,1663.0,30261.0,171.2,0.0
478060,1600.0,30261.0,171.2,0.0
478060,1611.0,30261.0,171.2,0.0
478076,2117.0,30264.0,171.2,0.0
478076,2038.0,30264.0,171.2,0.0
478077,2035.0,30264.0,171.2,0.0
478090,2280.0,30271.0,171.2,0.0
478091,2296.0,30271.0,171.2,0.0
478091,2307.0,30271.0,171.2,0.0
478103,1548.0,30274.0,171.2,0.0
478104,1593.0,30274.0,171.2,0.0
478104,1587.0,30274.0,171.2,0.0
478122,1486.0,30280.0,171.2,0.0
478122,1488.0,30280.0,171.2,0.0
478123,1523.0,30280.0,171.2,0.0
478135,2228.0,30283.0,171.2,0.0
478136,2160.0,30283.0,171.2,0.0
478136,2123.0,30283.0,171.2,0.0
478149,2283.0,30289.0,171.2,0.0
478150,2328.0,30289.0,171.2,0.0
478150,2337.0,30289.0,171.2,0.0
478166,1906.0,30292.0,171.2,0.0
478167,1965.0,30292.0,171.2,0.0
478167,2008.0,30292.0,171.2,0.0
478180,1605.0,30298.0,171.2,0.0
478181,1580.0,30298.0,171.2,0.0
478181,1555.0,30298.0,171.2,0.0
478194,2345.0,30301.0,171.2,0.0
478194,2315.0,30301.0,171.2,0.0
478194,2356.0,30301.0,171.2,0.0
478211,2453.0,30307.0,171.2,0.0
478212,2434.0,30307.0,171.2,0.0
478212,2402.0,30307.0,171.2,0.0
478224,1698.0,30311.0,171.2,0.0
478225,1788.0,30311.0,171.2,0.0
478225,1824.0,30311.0,171.2,0.0
478242,1591.0,30317.0,171.2,0.0
478243,1558.0,30317.0,171.2,0.0
478243,1604.0,30317.0,171.2,0.0
478255,2267.0,30320.0,171.2,0.0
478256,2198.0,30320.0,171.2,0.0
478256,2163.0,30320.0,171.2,0.0
478269,2250.0,30327.0,171.2,0.0
478270,2287.0,30327.0,171.2,0.0
478270,2313.0,30327.0,171.2,0.0
478286,1893.0,30331.0,171.2,0.0
478286,1953.0,30331.0,171.2,0.0
478287,1955.0,30331.0,171.2,0.0
478300,1588.0,30337.0,171.2,0.0
478301,1567.0,30337.0,171.2,0.0
478301,1562.0,30337.0,171.2,0.0
478317,2038.0,30340.0,171.2,0.0
478317,1938.0,30340.0,171.2,0.0
478317,1941.0,30340.0,171.2,0.0
478331,2628.0,30346.0,176.9,0.0
478331,2650.0,30346.0,176.9,0.0
478332,2659.0,30346.0,176.9,0.0
478344,2393.0,30349.0,176.9,0.0
478345,2458.0,30349.0,176.9,0.0
478345,2482.0,30349.0,176.9,0.0
478363,1452.0,30356.0,176.9,0.0
478363,1451.0,30356.0,176.9,0.0
478363,1421.0,30356.0,176.9,0.0
478376,2071.0,30359.0,176.9,0.0
478376,2035.0,30359.0,176.9,0.0
478376,2058.0,30359.0,176.9,0.0
478390,2384.0,30365.0,176.9,0.0
478390,2387.0,30365.0,176.9,0.0
478391,2374.0,30365.0,176.9,0.0
478407,1954.0,30369.0,176.9,0.0
478407,2066.0,30369.0,176.9,0.0
478407,2091.0,30369.0,176.9,0.0
478421,1579.0,30375.0,176.9,0.0
478421,1543.0,30375.0,176.9,0.0
478421,1550.0,30375.0,176.9,0.0
478438,1901.0,30382.0,176.9,0.0
478439,1832.0,30382.0,176.9,0.0
478439,1793.0,30382.0,176.9,0.0
478451,2432.0,30385.0,176.9,0.0
478452,2435.0,30385.0,176.9,0.0
478452,2476.0,30385.0,176.9,0.0
478465,1859.0,30389.0,176.9,0.0
478465,1904.0,30389.0,176.9,0.0
478465,1875.0,30389.0,176.9,0.0
478483,1681.0,30396.0,176.9,0.0
478483,1764.0,30396.0,176.9,0.0
478484,1828.0,30396.0,176.9,0.0
478496,2280.0,30400.0,176.9,0.0
478497,2170.0,30400.0,176.9,0.0
478497,2138.0,30400.0,176.9,0.0
478510,2652.0,30407.0,176.9,0.0
478511,2682.0,30407.0,176.9,0.0
478511,2670.0,30407.0,176.9,0.0
478528,2486.0,30414.0,176.9,0.0
478529,2553.0,30414.0,176.9,0.0
478529,2578.0,30414.0,176.9,0.0
478541,1871.0,30418.0,176.9,0.0
478542,1873.0,30418.0,176.9,0.0
478542,1842.0,30418.0,176.9,0.0
478560,1825.0,30425.0,176.9,0.0
478561,1806.0,30425.0,176.9,0.0
478561,1823.0,30425.0,176.9,0.0
478573,2461.0,30429.0,176.9,0.0
478574,2391.0,30429.0,176.9,0.0
478574,2377.0,30429.0,176.9,0.0
478588,2188.0,30435.0,176.9,0.0
478588,2261.0,30435.0,176.9,0.0
478588,2245.0,30435.0,176.9,0.0
478606,1817.0,30438.0,176.9,0.0
478606,1880.0,30438.0,176.9,0.0
478606,1935.0,30438.0,176.9,0.0
478620,1540.0,30444.0,176.9,0.0
478620,1506.0,30444.0,176.9,0.0
478620,1441.0,30444.0,176.9,0.0
478633,2297.0,30446.0,179.1,0.0
478633,2296.0,30446.0,179.1,0.0
478634,2333.0,30446.0,179.1,0.0
478650,2346.0,30451.0,179.1,0.0
478651,2325.0,30451.0,179.1,0.0
478651,2289.0,30451.0,179.1,0.0
478664,1556.0,30453.0,179.1,0.0
478664,1653.0,30453.0,179.1,0.0
478664,1663.0,30453.0,179.1,0.0
478678,1764.0,30458.0,179.1,0.0
478679,1644.0,30458.0,179.1,0.0
478679,1609.0,30458.0,179.1,0.0
478680,1637.0,30458.0,179.1,0.0
478695,2140.0,30460.0,179.1,0.0
478696,2014.0,30460.0,179.1,0.0
478696,1988.0,30460.0,179.1,0.0
478710,2304.0,30465.0,179.1,0.0
478711,2396.0,30465.0,179.1,0.0
478711,2376.0,30465.0,179.1,0.0
478728,2118.0,30469.0,179.1,0.0
478729,2172.0,30469.0,179.1,0.0
478729,2233.0,30469.0,179.1,0.0
478741,1556.0,30471.0,179.1,0.0
478742,1538.0,30471.0,179.1,0.0
478742,1482.0,30471.0,179.1,0.0
478755,2196.0,30473.0,179.1,0.0
478755,2188.0,30473.0,179.1,0.0
478755,2221.0,30473.0,179.1,0.0
478772,2453.0,30478.0,179.1,0.0
478773,2379.0,30478.0,179.1,0.0
478773,2336.0,30478.0,179.1,0.0
478786,1955.0,30483.0,179.1,0.0
478787,2092.0,30483.0,179.1,0.0
478787,2104.0,30483.0,179.1,0.0
478803,1579.0,30485.0,179.1,0.0
478803,1606.0,30485.0,179.1,0.0
478804,1662.0,30485.0,179.1,0.0
478817,1949.0,30490.0,179.1,0.0
478818,1886.0,30490.0,179.1,0.0
478818,1807.0,30490.0,179.1,0.0
478830,2403.0,30493.0,179.1,0.0
478831,2445.0,30493.0,179.1,0.0
478831,2510.0,30493.0,179.1,0.0
478849,2406.0,30497.0,179.1,0.0
478850,2399.0,30497.0,179.1,0.0
478850,2368.0,30497.0,179.1,0.0
478863,1502.0,30500.0,179.1,0.0
478863,1619.0,30500.0,179.1,0.0
478864,1618.0,30500.0,179.1,0.0
478877,1901.0,30505.0,179.1,0.0
478877,1789.0,30505.0,179.1,0.0
478878,1827.0,30505.0,179.1,0.0
478894,2358.0,30508.0,179.1,0.0
478894,2299.0,30508.0,179.1,0.0
478894,2212.0,30508.0,179.1,0.0
478908,2132.0,30512.0,179.1,0.0
478908,2230.0,30512.0,179.1,0.0
478909,2284.0,30512.0,179.1,0.0
478925,1841.0,30515.0,179.1,0.0
478925,1878.0,30515.0,179.1,0.0
478925,1877.0,30515.0,179.1,0.0
478939,2325.0,30519.0,179.1,0.0
478939,2324.0,30519.0,179.1,0.0
478939,2314.0,30519.0,179.1,0.0
478952,3055.0,30522.0,179.1,0.0
478953,2993.0,30522.0,179.1,0.0
478953,3030.0,30522.0,179.1,0.0
478971,2202.0,30527.0,179.1,0.0
478971,2231.0,30527.0,179.1,0.0
478971,2147.0,30527.0,179.1,0.0
478984,1706.0,30529.0,179.1,0.0
478984,1816.0,30529.0,179.1,0.0
478985,1909.0,30529.0,179.1,0.0
478998,1782.0,30534.0,179.1,0.0
478999,1652.0,30534.0,179.1,0.0
478999,1589.0,30534.0,179.1,0.0
479016,2076.0,30540.0,179.1,0.0
479017,2045.0,30540.0,179.1,0.0
479017,2053.0,30540.0,179.1,0.0
479029,2278.0,30542.0,179.1,0.0
479030,2253.0,30542.0,179.1,0.0
479030,2293.0,30542.0,179.1,0.0
479047,2188.0,30548.0,179.1,0.0
479047,2262.0,30548.0,179.1,0.0
479048,2229.0,30548.0,179.1,0.0
479060,1583.0,30550.0,179.1,0.0
479061,1593.0,30550.0,179.1,0.0
479061,1628.0,30550.0,179.1,0.0
479073,2478.0,30553.0,179.1,0.0
479074,2373.0,30553.0,179.1,0.0
479074,2368.0,30553.0,179.1,0.0
479092,2581.0,30558.0,166.8,0.0
479092,2603.0,30558.0,166.8,0.0
479092,2553.0,30558.0,166.8,0.0
479106,2167.0,30564.0,166.8,0.0
479106,2242.0,30564.0,166.8,0.0
479107,2310.0,30564.0,166.8,0.0
479119,1960.0,30567.0,166.8,0.0
479120,1904.0,30567.0,166.8,0.0
479120,1851.0,30567.0,166.8,0.0
479137,2231.0,30573.0,166.8,0.0
479137,2179.0,30573.0,166.8,0.0
479138,2196.0,30573.0,166.8,0.0
479150,2717.0,30576.0,166.8,0.0
479151,2673.0,30576.0,166.8,0.0
479151,2665.0,30576.0,166.8,0.0
479168,2382.0,30581.0,166.8,0.0
479168,2506.0,30581.0,166.8,0.0
479169,2486.0,30581.0,166.8,0.0
479181,1544.0,30584.0,166.8,0.0
479182,1551.0,30584.0,166.8,0.0
479182,1591.0,30584.0,166.8,0.0
479195,2114.0,30588.0,166.8,0.0
479196,2013.0,30588.0,166.8,0.0
479196,2003.0,30588.0,166.8,0.0
479213,2294.0,30590.0,166.8,0.0
479213,2278.0,30590.0,166.8,0.0
479214,2247.0,30590.0,166.8,0.0
479227,2055.0,30594.0,166.8,0.0
479228,2099.0,30594.0,166.8,0.0
479228,2135.0,30594.0,166.8,0.0
479240,1476.0,30595.0,166.8,0.0
479241,1478.0,30595.0,166.8,0.0
479241,1439.0,30595.0,166.8,0.0
479258,1691.0,30599.0,166.8,0.0
479258,1628.0,30599.0,166.8,0.0
479259,1643.0,30599.0,166.8,0.0
479271,2341.0,30600.0,166.8,0.0
479271,2311.0,30600.0,166.8,0.0
479272,2304.0,30600.0,166.8,0.0
479285,1855.0,30603.0,166.8,0.0
479286,1959.0,30603.0,166.8,0.0
479286,1963.0,30603.0,166.8,0.0
479302,1474.0,30604.0,166.8,0.0
479303,1503.0,30604.0,166.8,0.0
479303,1560.0,30604.0,166.8,0.0
479317,1921.0,30607.0,166.8,0.0
479317,1832.0,30607.0,166.8,0.0
479317,1793.0,30607.0,166.8,0.0
479334,2156.0,30609.0,166.8,0.0
479335,2116.0,30609.0,166.8,0.0
479335,2093.0,30609.0,166.8,0.0
479348,2168.0,30611.0,166.8,0.0
479348,2202.0,30611.0,166.8,0.0
479348,2217.0,30611.0,166.8,0.0
479361,1522.0,30612.0,166.8,0.0
479362,1541.0,30612.0,166.8,0.0
479362,1512.0,30612.0,166.8,0.0
479379,1623.0,30615.0,166.8,0.0
479379,1569.0,30615.0,166.8,0.0
479379,1603.0,30615.0,166.8,0.0
479392,2387.0,30617.0,166.8,0.0
479392,2335.0,30617.0,166.8,0.0
479392,2314.0,30617.0,166.8,0.0
479406,1991.0,30620.0,166.8,0.0
479406,2092.0,30620.0,166.8,0.0
479407,2107.0,30620.0,166.8,0.0
479423,1559.0,30622.0,166.8,0.0
479423,1600.0,30622.0,166.8,0.0
479423,1639.0,30622.0,166.8,0.0
479437,1924.0,30625.0,166.8,0.0
479437,1846.0,30625.0,166.8,0.0
479438,1798.0,30625.0,166.8,0.0
479455,2178.0,30628.0,166.8,0.0
479455,2131.0,30628.0,166.8,0.0
479456,2123.0,30628.0,166.8,0.0
479468,2287.0,30630.0,166.8,0.0
479469,2275.0,30630.0,166.8,0.0
479469,2306.0,30630.0,166.8,0.0
479482,1489.0,30632.0,166.8,0.0
479482,1540.0,30632.0,166.8,0.0
479482,1516.0,30632.0,166.8,0.0
479499,1582.0,30635.0,166.8,0.0
479499,1544.0,30635.0,166.8,0.0
479500,1572.0,30635.0,166.8,0.0
479512,2400.0,30637.0,160.2,0.0
479513,2332.0,30637.0,160.2,0.0
479513,2294.0,30637.0,160.2,0.0
479526,2044.0,30640.0,160.2,0.0
479527,2128.0,30640.0,160.2,0.0
479527,2138.0,30640.0,160.2,0.0
479544,2038.0,30644.0,160.2,0.0
479544,2116.0,30644.0,160.2,0.0
479545,2184.0,30644.0,160.2,0.0
479557,2633.0,30646.0,160.2,0.0
479558,2566.0,30646.0,160.2,0.0
479558,2511.0,30646.0,160.2,0.0
479575,2156.0,30649.0,160.2,0.0
479575,2084.0,30649.0,160.2,0.0
479575,2054.0,30649.0,160.2,0.0
479588,2115.0,30651.0,160.2,0.0
479589,2167.0,30651.0,160.2,0.0
479589,2197.0,30651.0,160.2,0.0
479601,1644.0,30653.0,160.2,0.0
479602,1666.0,30653.0,160.2,0.0
479602,1635.0,30653.0,160.2,0.0
479619,1554.0,30658.0,160.2,0.0
479620,1540.0,30658.0,160.2,0.0
479620,1585.0,30658.0,160.2,0.0
479634,2328.0,30662.0,160.2,0.0
479634,2223.0,30662.0,160.2,0.0
479634,2202.0,30662.0,160.2,0.0
479650,2435.0,30664.0,160.2,0.0
479651,2478.0,30664.0,160.2,0.0
479651,2467.0,30664.0,160.2,0.0
479664,1859.0,30669.0,160.2,0.0
479665,1927.0,30669.0,160.2,0.0
479665,1967.0,30669.0,160.2,0.0
479677,1901.0,30671.0,160.2,0.0
479678,1849.0,30671.0,160.2,0.0
479678,1812.0,30671.0,160.2,0.0
479696,2148.0,30675.0,160.2,0.0
479696,2095.0,30675.0,160.2,0.0
479697,2072.0,30675.0,160.2,0.0
479709,2556.0,30678.0,160.2,0.0
479710,2552.0,30678.0,160.2,0.0
479710,2569.0,30678.0,160.2,0.0
479723,1996.0,30683.0,160.2,0.0
479724,2101.0,30683.0,160.2,0.0
479724,2088.0,30683.0,160.2,0.0
479740,1833.0,30685.0,160.2,0.0
479741,1831.0,30685.0,160.2,0.0
479741,1862.0,30685.0,160.2,0.0
479754,2568.0,30689.0,160.2,0.0
479755,2451.0,30689.0,160.2,0.0
479755,2398.0,30689.0,160.2,0.0
479772,2709.0,30692.0,160.2,0.0
479772,2682.0,30692.0,160.2,0.0
479772,2661.0,30692.0,160.2,0.0
479786,2167.0,30696.0,160.2,0.0
479786,2226.0,30696.0,160.2,0.0
479787,2242.0,30696.0,160.2,0.0
479799,1642.0,30698.0,160.2,0.0
479800,1621.0,30698.0,160.2,0.0
479800,1603.0,30698.0,160.2,0.0
479818,1711.0,30701.0,160.2,0.0
479818,1649.0,30701.0,160.2,0.0
479818,1655.0,30701.0,160.2,0.0
479831,2354.0,30702.0,160.0,0.0
479831,2321.0,30702.0,160.0,0.0
479832,2320.0,30702.0,160.0,0.0
479845,1849.0,30705.0,160.0,0.0
479845,1967.0,30705.0,160.0,0.0
479846,1965.0,30705.0,160.0,0.0
479863,1521.0,30707.0,160.0,0.0
479863,1582.0,30707.0,160.0,0.0
479863,1622.0,30707.0,160.0,0.0
479876,1990.0,30708.0,160.0,0.0
479876,1892.0,30708.0,160.0,0.0
479876,1869.0,30708.0,160.0,0.0
479893,2252.0,30710.0,160.0,0.0
479894,2200.0,30710.0,160.0,0.0
479894,2188.0,30710.0,160.0,0.0
479907,2098.0,30710.0,160.0,0.0
479907,2140.0,30710.0,160.0,0.0
479907,2160.0,30710.0,160.0,0.0
479908,2233.0,30710.0,160.0,0.0
479921,1475.0,30711.0,160.0,0.0
479922,1488.0,30711.0,160.0,0.0
479922,1506.0,30711.0,160.0,0.0
479940,1465.0,30712.0,160.0,0.0
479940,1476.0,30712.0,160.0,0.0
479941,1512.0,30712.0,160.0,0.0
479954,2190.0,30715.0,160.0,0.0
479955,2115.0,30715.0,160.0,0.0
479955,2078.0,30715.0,160.0,0.0
479967,2213.0,30715.0,160.0,0.0
479968,2299.0,30715.0,160.0,0.0
479968,2291.0,30715.0,160.0,0.0
479985,1912.0,30717.0,160.0,0.0
479985,1991.0,30717.0,160.0,0.0
479986,2036.0,30717.0,160.0,0.0
479998,1661.0,30719.0,160.0,0.0
479999,1610.0,30719.0,160.0,0.0
479999,1570.0,30719.0,160.0,0.0
480016,1956.0,30721.0,160.0,0.0
480016,1900.0,30721.0,160.0,0.0
480016,1907.0,30721.0,160.0,0.0
480029,2381.0,30722.0,160.0,0.0
480029,2371.0,30722.0,160.0,0.0
480030,2378.0,30722.0,160.0,0.0
480043,1744.0,30724.0,160.0,0.0
480044,1829.0,30724.0,160.0,0.0
480044,1822.0,30724.0,160.0,0.0
480062,1548.0,30726.0,160.0,0.0
480062,1601.0,30726.0,160.0,0.0
480062,1650.0,30726.0,160.0,0.0
480075,2166.0,30727.0,160.0,0.0
480076,2060.0,30727.0,160.0,0.0
480076,2005.0,30727.0,160.0,0.0
480088,2373.0,30729.0,160.0,0.0
480089,2416.0,30729.0,160.0,0.0
480089,2441.0,30729.0,160.0,0.0
480106,2067.0,30732.0,160.0,0.0
480107,2102.0,30732.0,160.0,0.0
480107,2140.0,30732.0,160.0,0.0
480119,1542.0,30733.0,160.0,0.0
480120,1554.0,30733.0,160.0,0.0
480120,1532.0,30733.0,160.0,0.0
480137,1782.0,30735.0,160.0,0.0
480137,1716.0,30735.0,160.0,0.0
480138,1711.0,30735.0,160.0,0.0
480151,2440.0,30737.0,158.1,0.0
480152,2373.0,30737.0,158.1,0.0
480152,2348.0,30737.0,158.1,0.0
480164,1892.0,30739.0,158.1,0.0
480165,1993.0,30739.0,158.1,0.0
480165,2036.0,30739.0,158.1,0.0
480183,2382.0,30741.0,158.1,0.0
480183,2431.0,30741.0,158.1,0.0
480183,2511.0,30741.0,158.1,0.0
480196,2501.0,30743.0,158.1,0.0
480197,2381.0,30743.0,158.1,0.0
480197,2288.0,30743.0,158.1,0.0
480209,2096.0,30744.0,158.1,0.0
480210,2147.0,30744.0,158.1,0.0
480210,2184.0,30744.0,158.1,0.0
480227,2350.0,30747.0,158.1,0.0
480228,2344.0,30747.0,158.1,0.0
480228,2367.0,30747.0,158.1,0.0
480241,1520.0,30750.0,158.1,0.0
480242,1604.0,30750.0,158.1,0.0
480242,1571.0,30750.0,158.1,0.0
480258,1683.0,30752.0,158.1,0.0
480258,1618.0,30752.0,158.1,0.0
480259,1687.0,30752.0,158.1,0.0
480272,2453.0,30756.0,158.1,0.0
480273,2373.0,30756.0,158.1,0.0
480273,2319.0,30756.0,158.1,0.0
480285,2062.0,30757.0,158.1,0.0
480286,2180.0,30757.0,158.1,0.0
480286,2208.0,30757.0,158.1,0.0
480304,1913.0,30761.0,158.1,0.0
480304,1942.0,30761.0,158.1,0.0
480304,1988.0,30761.0,158.1,0.0
480317,1956.0,30763.0,158.1,0.0
480317,1909.0,30763.0,158.1,0.0
480318,1849.0,30763.0,158.1,0.0
480331,2553.0,30766.0,158.1,0.0
480332,2554.0,30766.0,158.1,0.0
480332,2618.0,30766.0,158.1,0.0
480348,2630.0,30768.0,158.1,0.0
480348,2607.0,30768.0,158.1,0.0
480348,2562.0,30768.0,158.1,0.0
480362,1879.0,30772.0,158.1,0.0
480362,1998.0,30772.0,158.1,0.0
480362,2008.0,30772.0,158.1,0.0
480378,1990.0,30774.0,158.1,0.0
480379,1901.0,30774.0,158.1,0.0
480379,1926.0,30774.0,158.1,0.0
480392,2705.0,30778.0,158.1,0.0
480393,2664.0,30778.0,158.1,0.0
480393,2610.0,30778.0,158.1,0.0
480406,2312.0,30780.0,158.1,0.0
480406,2403.0,30780.0,158.1,0.0
480406,2442.0,30780.0,158.1,0.0
480424,1986.0,30783.0,158.1,0.0
480425,2026.0,30783.0,158.1,0.0
480425,2022.0,30783.0,158.1,0.0
480438,1670.0,30784.0,158.1,0.0
480438,1648.0,30784.0,158.1,0.0
480438,1622.0,30784.0,158.1,0.0
480452,2308.0,30786.0,176.5,0.0
480452,2241.0,30786.0,176.5,0.0
480452,2282.0,30786.0,176.5,0.0
480468,2307.0,30787.0,176.5,0.0
480469,2333.0,30787.0,176.5,0.0
480469,2281.0,30787.0,176.5,0.0
480482,1545.0,30788.0,176.5,0.0
480483,1648.0,30788.0,176.5,0.0
480483,1693.0,30788.0,176.5,0.0
480496,1915.0,30789.0,176.5,0.0
480496,1818.0,30789.0,176.5,0.0
480496,1782.0,30789.0,176.5,0.0
480513,2259.0,30790.0,176.5,0.0
480514,2224.0,30790.0,176.5,0.0
480514,2166.0,30790.0,176.5,0.0
480526,2071.0,30790.0,176.5,0.0
480527,2131.0,30790.0,176.5,0.0
480527,2198.0,30790.0,176.5,0.0
480544,1848.0,30791.0,176.5,0.0
480545,1907.0,30791.0,176.5,0.0
480545,1901.0,30791.0,176.5,0.0
480557,1673.0,30791.0,176.5,0.0
480558,1647.0,30791.0,176.5,0.0
480558,1634.0,30791.0,176.5,0.0
480571,2362.0,30792.0,176.5,0.0
480572,2319.0,30792.0,176.5,0.0
480572,2322.0,30792.0,176.5,0.0
480588,2341.0,30792.0,176.5,0.0
480589,2383.0,30792.0,176.5,0.0
480589,2345.0,30792.0,176.5,0.0
480602,1577.0,30793.0,176.5,0.0
480603,1674.0,30793.0,176.5,0.0
480603,1729.0,30793.0,176.5,0.0
480620,1527.0,30794.0,176.5,0.0
480620,1492.0,30794.0,176.5,0.0
480621,1492.0,30794.0,176.5,0.0
480633,2228.0,30795.0,176.5,0.0
480634,2208.0,30795.0,176.5,0.0
480634,2197.0,30795.0,176.5,0.0
480646,2173.0,30796.0,176.5,0.0
480647,2213.0,30796.0,176.5,0.0
480647,2215.0,30796.0,176.5,0.0
480665,2003.0,30798.0,176.5,0.0
480665,2079.0,30798.0,176.5,0.0
480666,2103.0,30798.0,176.5,0.0
480679,1513.0,30800.0,176.5,0.0
480680,1520.0,30800.0,176.5,0.0
480680,1526.0,30800.0,176.5,0.0
480692,2333.0,30801.0,176.5,0.0
480693,2277.0,30801.0,176.5,0.0
480693,2282.0,30801.0,176.5,0.0
480710,2458.0,30803.0,176.5,0.0
480710,2467.0,30803.0,176.5,0.0
480711,2441.0,30803.0,176.5,0.0
480723,1796.0,30804.0,176.5,0.0
480724,1889.0,30804.0,176.5,0.0
480724,1919.0,30804.0,176.5,0.0
480736,1909.0,30805.0,176.5,0.0
480737,1829.0,30805.0,176.5,0.0
480737,1809.0,30805.0,176.5,0.0
480754,2146.0,30806.0,176.5,0.0
480754,2080.0,30806.0,176.5,0.0
480754,2041.0,30806.0,176.5,0.0
480767,2220.0,30807.0,176.5,0.0
480767,2272.0,30807.0,176.5,0.0
480768,2294.0,30807.0,176.5,0.0
480785,1968.0,30810.0,176.5,0.0
480785,2038.0,30810.0,176.5,0.0
480785,2041.0,30810.0,176.5,0.0
480799,1511.0,30812.0,176.5,0.0
480799,1517.0,30812.0,176.5,0.0
480800,1514.0,30812.0,176.5,0.0
480812,2441.0,30813.0,184.6,0.0
480813,2392.0,30813.0,184.6,0.0
480813,2430.0,30813.0,184.6,0.0
480830,3281.0,30815.0,184.6,0.0
480830,3270.0,30815.0,184.6,0.0
480830,3253.0,30815.0,184.6,0.0
480843,1986.0,30816.0,184.6,0.0
480843,2052.0,30816.0,184.6,0.0
480844,2038.0,30816.0,184.6,0.0
480856,1605.0,30817.0,184.6,0.0
480857,1533.0,30817.0,184.6,0.0
480857,1547.0,30817.0,184.6,0.0
480874,2305.0,30819.0,184.6,0.0
480874,2207.0,30819.0,184.6,0.0
480874,2160.0,30819.0,184.6,0.0
480887,2189.0,30820.0,184.6,0.0
480887,2272.0,30820.0,184.6,0.0
480887,2285.0,30820.0,184.6,0.0
480905,1998.0,30823.0,184.6,0.0
480905,2043.0,30823.0,184.6,0.0
480905,2071.0,30823.0,184.6,0.0
480919,1611.0,30826.0,184.6,0.0
480919,1598.0,30826.0,184.6,0.0
480919,1564.0,30826.0,184.6,0.0
480932,2384.0,30827.0,184.6,0.0
480932,2347.0,30827.0,184.6,0.0
480933,2387.0,30827.0,184.6,0.0
480949,2554.0,30830.0,184.6,0.0
480950,2523.0,30830.0,184.6,0.0
480950,2474.0,30830.0,184.6,0.0
480963,1848.0,30832.0,184.6,0.0
480963,1968.0,30832.0,184.6,0.0
480963,1995.0,30832.0,184.6,0.0
480976,2044.0,30834.0,184.6,0.0
480977,1941.0,30834.0,184.6,0.0
480977,1948.0,30834.0,184.6,0.0
480994,2478.0,30837.0,184.6,0.0
480994,2416.0,30837.0,184.6,0.0
480994,2375.0,30837.0,184.6,0.0
481008,2642.0,30840.0,184.6,0.0
481008,2690.0,30840.0,184.6,0.0
481009,2732.0,30840.0,184.6,0.0
481025,2395.0,30842.0,184.6,0.0
481025,2435.0,30842.0,184.6,0.0
481025,2415.0,30842.0,184.6,0.0
481039,1875.0,30846.0,184.6,0.0
481039,1901.0,30846.0,184.6,0.0
481040,1902.0,30846.0,184.6,0.0
481052,2535.0,30847.0,184.6,0.0
481052,2455.0,30847.0,184.6,0.0
481053,2467.0,30847.0,184.6,0.0
481070,2508.0,30850.0,184.6,0.0
481070,2498.0,30850.0,184.6,0.0
481070,2425.0,30850.0,184.6,0.0
481083,1654.0,30851.0,184.6,0.0
481083,1767.0,30851.0,184.6,0.0
481083,1825.0,30851.0,184.6,0.0
481096,1803.0,30851.0,184.6,0.0
481096,1683.0,30851.0,184.6,0.0
481097,1666.0,30851.0,184.6,0.0
481113,2137.0,30853.0,184.6,0.0
481114,2089.0,30853.0,184.6,0.0
481114,2049.0,30853.0,184.6,0.0
481128,2206.0,30854.0,184.6,0.0
481128,2234.0,30854.0,184.6,0.0
481128,2269.0,30854.0,184.6,0.0
481144,1906.0,30854.0,184.6,0.0
481145,1977.0,30854.0,184.6,0.0
481145,1941.0,30854.0,184.6,0.0
481159,1443.0,30855.0,184.6,0.0
481159,1447.0,30855.0,184.6,0.0
481159,1479.0,30855.0,184.6,0.0
481172,2287.0,30855.0,184.6,0.0
481172,2210.0,30855.0,184.6,0.0
481172,2212.0,30855.0,184.6,0.0
481189,2400.0,30855.0,184.6,0.0
481190,2401.0,30855.0,184.6,0.0
481190,2366.0,30855.0,184.6,0.0
481202,1615.0,30856.0,184.6,0.0
481203,1708.0,30856.0,184.6,0.0
481203,1767.0,30856.0,184.6,0.0
481216,1874.0,30856.0,184.6,0.0
481216,1805.0,30856.0,184.6,0.0
481216,1759.0,30856.0,184.6,0.0
481233,2193.0,30857.0,184.6,0.0
481234,2149.0,30857.0,184.6,0.0
481234,2107.0,30857.0,184.6,0.0
481247,2248.0,30858.0,184.6,0.0
481248,2272.0,30858.0,184.6,0.0
481248,2294.0,30858.0,184.6,0.0
481264,1925.0,30858.0,184.6,0.0
481264,1987.0,30858.0,184.6,0.0
481265,1981.0,30858.0,184.6,0.0
481278,1512.0,30860.0,184.6,0.0
481279,1511.0,30860.0,184.6,0.0
481279,1520.0,30860.0,184.6,0.0
481291,2332.0,30860.0,184.6,0.0
481292,2265.0,30860.0,184.6,0.0
481292,2273.0,30860.0,184.6,0.0
481309,2407.0,30862.0,184.6,0.0
481309,2421.0,30862.0,184.6,0.0
481310,2388.0,30862.0,184.6,0.0
481322,1642.0,30862.0,184.6,0.0
481322,1701.0,30862.0,184.6,0.0
481323,1761.0,30862.0,184.6,0.0
481335,2000.0,30863.0,184.6,0.0
481336,1902.0,30863.0,184.6,0.0
481336,1873.0,30863.0,184.6,0.0
481353,2310.0,30865.0,184.6,0.0
481353,2263.0,30865.0,184.6,0.0
481353,2213.0,30865.0,184.6,0.0
481367,2219.0,30866.0,184.6,0.0
481368,2255.0,30866.0,184.6,0.0
481368,2289.0,30866.0,184.6,0.0
481384,1915.0,30867.0,184.6,0.0
481384,1974.0,30867.0,184.6,0.0
481385,1986.0,30867.0,184.6,0.0
481399,1477.0,30868.0,184.6,0.0
481400,1503.0,30868.0,184.6,0.0
481400,1515.0,30868.0,184.6,0.0
481413,2201.0,30869.0,184.6,0.0
481413,2150.0,30869.0,184.6,0.0
481413,2150.0,30869.0,184.6,0.0
481430,2503.0,30871.0,184.6,0.0
481430,2511.0,30871.0,184.6,0.0
481431,2467.0,30871.0,184.6,0.0
481443,2483.0,30872.0,184.6,0.0
481444,2607.0,30872.0,184.6,0.0
481444,2720.0,30872.0,184.6,0.0
481445,2763.0,30872.0,184.6,0.0
481458,2133.0,30874.0,184.6,0.0
481459,2058.0,30874.0,184.6,0.0
481459,2031.0,30874.0,184.6,0.0
481475,1779.0,30875.0,184.6,0.0
481475,1723.0,30875.0,184.6,0.0
481475,1693.0,30875.0,184.6,0.0
481489,2422.0,30877.0,184.6,0.0
481489,2417.0,30877.0,184.6,0.0
481490,2450.0,30877.0,184.6,0.0
481507,2267.0,30879.0,184.6,0.0
481507,2293.0,30879.0,184.6,0.0
481507,2285.0,30879.0,184.6,0.0
481520,1498.0,30880.0,184.6,0.0
481521,1571.0,30880.0,184.6,0.0
481521,1588.0,30880.0,184.6,0.0
481533,2187.0,30881.0,184.6,0.0
481534,2094.0,30881.0,184.6,0.0
481534,2112.0,30881.0,184.6,0.0
481551,2431.0,30884.0,184.6,0.0
481552,2414.0,30884.0,184.6,0.0
481552,2341.0,30884.0,184.6,0.0
481564,2033.0,30885.0,184.6,0.0
481565,2131.0,30885.0,184.6,0.0
481565,2185.0,30885.0,184.6,0.0
481579,1675.0,30888.0,184.6,0.0
481579,1632.0,30888.0,184.6,0.0
481579,1610.0,30888.0,184.6,0.0
481596,1941.0,30890.0,184.6,0.0
481597,1910.0,30890.0,184.6,0.0
481597,1905.0,30890.0,184.6,0.0
481609,2614.0,30892.0,184.6,0.0
481610,2592.0,30892.0,184.6,0.0
481610,2607.0,30892.0,184.6,0.0
481627,2648.0,30895.0,184.6,0.0
481627,2688.0,30895.0,184.6,0.0
481628,2660.0,30895.0,184.6,0.0
481640,1830.0,30896.0,184.6,0.0
481641,1907.0,30896.0,184.6,0.0
481641,1968.0,30896.0,184.6,0.0
481654,2408.0,30898.0,184.6,0.0
481654,2312.0,30898.0,184.6,0.0
481655,2287.0,30898.0,184.6,0.0
481672,2507.0,30901.0,184.6,0.0
481672,2458.0,30901.0,184.6,0.0
481672,2415.0,30901.0,184.6,0.0
481686,2238.0,30904.0,184.6,0.0
481687,2291.0,30904.0,184.6,0.0
481687,2335.0,30904.0,184.6,0.0
481703,1795.0,30905.0,184.6,0.0
481703,1843.0,30905.0,184.6,0.0
481704,1836.0,30905.0,184.6,0.0
481717,1524.0,30906.0,184.6,0.0
481718,1514.0,30906.0,184.6,0.0
481718,1511.0,30906.0,184.6,0.0
481730,2305.0,30907.0,184.6,0.0
481731,2248.0,30907.0,184.6,0.0
481731,2271.0,30907.0,184.6,0.0
481749,2341.0,30908.0,184.6,0.0
481749,2345.0,30908.0,184.6,0.0
481750,2301.0,30908.0,184.6,0.0
481762,1605.0,30909.0,184.6,0.0
481763,1698.0,30909.0,184.6,0.0
481763,1756.0,30909.0,184.6,0.0
481776,1676.0,30910.0,184.6,0.0
481777,1591.0,30910.0,184.6,0.0
481777,1552.0,30910.0,184.6,0.0
481793,2128.0,30911.0,184.6,0.0
481794,2085.0,30911.0,184.6,0.0
481794,2063.0,30911.0,184.6,0.0
481807,2256.0,30911.0,184.6,0.0
481808,2271.0,30911.0,184.6,0.0
481808,2291.0,30911.0,184.6,0.0
481824,1980.0,30912.0,184.6,0.0
481824,2028.0,30912.0,184.6,0.0
481825,2027.0,30912.0,184.6,0.0
481838,1523.0,30913.0,184.6,0.0
481839,1499.0,30913.0,184.6,0.0
481839,1511.0,30913.0,184.6,0.0
481852,2289.0,30913.0,184.6,0.0
481852,2212.0,30913.0,184.6,0.0
481852,2202.0,30913.0,184.6,0.0
481870,2380.0,30915.0,184.6,0.0
481871,2375.0,30915.0,184.6,0.0
481871,2324.0,30915.0,184.6,0.0
481884,1890.0,30916.0,184.6,0.0
481884,1970.0,30916.0,184.6,0.0
481884,2027.0,30916.0,184.6,0.0
481898,1599.0,30916.0,184.6,0.0
481898,1559.0,30916.0,184.6,0.0
481898,1514.0,30916.0,184.6,0.0
481915,1923.0,30918.0,184.6,0.0
481916,1862.0,30918.0,184.6,0.0
481916,1860.0,30918.0,184.6,0.0
481928,2418.0,30919.0,199.3,0.0
481929,2400.0,30919.0,199.3,0.0
481929,2402.0,30919.0,199.3,0.0
481946,2178.0,30921.0,199.3,0.0
481946,2252.0,30921.0,199.3,0.0
481947,2239.0,30921.0,199.3,0.0
481959,1468.0,30921.0,199.3,0.0
481960,1497.0,30921.0,199.3,0.0
481960,1504.0,30921.0,199.3,0.0
481973,2211.0,30922.0,199.3,0.0
481973,2111.0,30922.0,199.3,0.0
481973,2122.0,30922.0,199.3,0.0
481991,2341.0,30924.0,199.3,0.0
481992,2293.0,30924.0,199.3,0.0
481992,2262.0,30924.0,199.3,0.0
482006,2189.0,30926.0,199.3,0.0
482006,2271.0,30926.0,199.3,0.0
482006,2315.0,30926.0,199.3,0.0
482019,1978.0,30926.0,199.3,0.0
482019,1983.0,30926.0,199.3,0.0
482019,1963.0,30926.0,199.3,0.0
482036,2258.0,30928.0,199.3,0.0
482037,2182.0,30928.0,199.3,0.0
482037,2184.0,30928.0,199.3,0.0
482049,2104.0,30929.0,199.3,0.0
482050,2070.0,30929.0,199.3,0.0
482050,2058.0,30929.0,199.3,0.0
482063,1872.0,30930.0,199.3,0.0
482063,1959.0,30930.0,199.3,0.0
482063,1983.0,30930.0,199.3,0.0
482080,1523.0,30932.0,199.3,0.0
482081,1537.0,30932.0,199.3,0.0
482081,1572.0,30932.0,199.3,0.0
482094,2021.0,30934.0,199.3,0.0
482095,1948.0,30934.0,199.3,0.0
482095,1917.0,30934.0,199.3,0.0
482111,2373.0,30935.0,199.3,0.0
482112,2323.0,30935.0,199.3,0.0
482112,2320.0,30935.0,199.3,0.0
482125,2239.0,30937.0,199.3,0.0
482126,2289.0,30937.0,199.3,0.0
482126,2294.0,30937.0,199.3,0.0
482139,1604.0,30938.0,199.3,0.0
482139,1616.0,30938.0,199.3,0.0
482139,1610.0,30938.0,199.3,0.0
482156,1801.0,30940.0,199.3,0.0
482157,1742.0,30940.0,199.3,0.0
482157,1758.0,30940.0,199.3,0.0
482170,2546.0,30942.0,199.3,0.0
482170,2501.0,30942.0,199.3,0.0
482170,2480.0,30942.0,199.3,0.0
482184,2219.0,30944.0,199.3,0.0
482184,2311.0,30944.0,199.3,0.0
482185,2330.0,30944.0,199.3,0.0
482201,1850.0,30946.0,199.3,0.0
482201,1904.0,30946.0,199.3,0.0
482201,1939.0,30946.0,199.3,0.0
482215,2237.0,30949.0,199.3,0.0
482215,2155.0,30949.0,199.3,0.0
482215,2133.0,30949.0,199.3,0.0
482232,2587.0,30950.0,199.3,0.0
482232,2534.0,30950.0,199.3,0.0
482232,2525.0,30950.0,199.3,0.0
482246,2436.0,30953.0,199.3,0.0
482246,2471.0,30953.0,199.3,0.0
482246,2472.0,30953.0,199.3,0.0
482259,1621.0,30954.0,199.3,0.0
482259,1649.0,30954.0,199.3,0.0
482260,1625.0,30954.0,199.3,0.0
482277,1636.0,30956.0,199.3,0.0
482277,1574.0,30956.0,199.3,0.0
482277,1591.0,30956.0,199.3,0.0
482290,2371.0,30957.0,181.5,0.0
482290,2339.0,30957.0,181.5,0.0
482291,2312.0,30957.0,181.5,0.0
482304,1964.0,30958.0,181.5,0.0
482305,2059.0,30958.0,181.5,0.0
482305,2068.0,30958.0,181.5,0.0
482321,1561.0,30959.0,181.5,0.0
482322,1630.0,30959.0,181.5,0.0
482322,1681.0,30959.0,181.5,0.0
482335,1748.0,30959.0,181.5,0.0
482336,1664.0,30959.0,181.5,0.0
482336,1633.0,30959.0,181.5,0.0
482353,2071.0,30960.0,181.5,0.0
482354,2008.0,30960.0,181.5,0.0
482354,1982.0,30960.0,181.5,0.0
482366,2216.0,30960.0,181.5,0.0
482367,2243.0,30960.0,181.5,0.0
482367,2257.0,30960.0,181.5,0.0
482380,1514.0,30960.0,181.5,0.0
482380,1560.0,30960.0,181.5,0.0
482380,1535.0,30960.0,181.5,0.0
482397,1558.0,30960.0,181.5,0.0
482398,1519.0,30960.0,181.5,0.0
482398,1549.0,30960.0,181.5,0.0
482410,2367.0,30960.0,181.5,0.0
482411,2304.0,30960.0,181.5,0.0
482411,2274.0,30960.0,181.5,0.0
482425,2106.0,30961.0,181.5,0.0
482425,2206.0,30961.0,181.5,0.0
482425,2218.0,30961.0,181.5,0.0
482441,1651.0,30961.0,181.5,0.0
482442,1711.0,30961.0,181.5,0.0
482442,1757.0,30961.0,181.5,0.0
482456,1820.0,30962.0,181.5,0.0
482456,1678.0,30962.0,181.5,0.0
482457,1629.0,30962.0,181.5,0.0
482474,2055.0,30962.0,181.5,0.0
482474,1987.0,30962.0,181.5,0.0
482474,1988.0,30962.0,181.5,0.0
482487,2395.0,30963.0,181.5,0.0
482487,2393.0,30963.0,181.5,0.0
482488,2404.0,30963.0,181.5,0.0
482500,1583.0,30963.0,181.5,0.0
482501,1646.0,30963.0,181.5,0.0
482501,1636.0,30963.0,181.5,0.0
482518,1500.0,30964.0,181.5,0.0
482518,1486.0,30964.0,181.5,0.0
482518,1522.0,30964.0,181.5,0.0
482531,2330.0,30964.0,181.5,0.0
482531,2258.0,30964.0,181.5,0.0
482532,2237.0,30964.0,181.5,0.0
482545,2158.0,30965.0,181.5,0.0
482545,2228.0,30965.0,181.5,0.0
482546,2251.0,30965.0,181.5,0.0
482562,1807.0,30966.0,181.5,0.0
482563,1869.0,30966.0,181.5,0.0
482563,1905.0,30966.0,181.5,0.0
482576,2049.0,30967.0,181.5,0.0
482576,1993.0,30967.0,181.5,0.0
482577,1966.0,30967.0,181.5,0.0
482594,2581.0,30967.0,181.5,0.0
482595,2503.0,30967.0,181.5,0.0
482595,2501.0,30967.0,181.5,0.0
482608,2177.0,30968.0,181.5,0.0
482608,2161.0,30968.0,181.5,0.0
482608,2119.0,30968.0,181.5,0.0
482621,1619.0,30968.0,181.5,0.0
482621,1727.0,30968.0,181.5,0.0
482622,1773.0,30968.0,181.5,0.0
482638,1493.0,30969.0,181.5,0.0
482639,1479.0,30969.0,181.5,0.0
482639,1485.0,30969.0,181.5,0.0
482653,2165.0,30970.0,181.5,0.0
482653,2119.0,30970.0,181.5,0.0
482653,2099.0,30970.0,181.5,0.0
482669,2417.0,30970.0,145.5,0.0
482670,2393.0,30970.0,145.5,0.0
482670,2399.0,30970.0,145.5,0.0
482683,2014.0,30972.0,145.5,0.0
482684,2079.0,30972.0,145.5,0.0
482684,2078.0,30972.0,145.5,0.0
482697,1690.0,30972.0,145.5,0.0
482697,1663.0,30972.0,145.5,0.0
482697,1661.0,30972.0,145.5,0.0
482715,1935.0,30974.0,145.5,0.0
482716,1832.0,30974.0,145.5,0.0
482716,1825.0,30974.0,145.5,0.0
482728,2518.0,30975.0,145.5,0.0
482729,2524.0,30975.0,145.5,0.0
482729,2531.0,30975.0,145.5,0.0
482743,2076.0,30976.0,145.5,0.0
482743,2148.0,30976.0,145.5,0.0
482743,2147.0,30976.0,145.5,0.0
482759,1776.0,30977.0,145.5,0.0
482760,1821.0,30977.0,145.5,0.0
482760,1841.0,30977.0,145.5,0.0
482773,2360.0,30978.0,145.5,0.0
482774,2283.0,30978.0,145.5,0.0
482774,2273.0,30978.0,145.5,0.0
482787,2625.0,30979.0,145.5,0.0
482787,2652.0,30979.0,145.5,0.0
482787,2645.0,30979.0,145.5,0.0
482804,2280.0,30981.0,145.5,0.0
482805,2371.0,30981.0,145.5,0.0
482805,2391.0,30981.0,145.5,0.0
482817,1664.0,30982.0,145.5,0.0
482818,1625.0,30982.0,145.5,0.0
482818,1612.0,30982.0,145.5,0.0
482835,1815.0,30983.0,145.5,0.0
482835,1749.0,30983.0,145.5,0.0
482836,1730.0,30983.0,145.5,0.0
482848,2341.0,30983.0,145.5,0.0
482849,2308.0,30983.0,145.5,0.0
482849,2326.0,30983.0,145.5,0.0
482862,1800.0,30984.0,145.5,0.0
482863,1873.0,30984.0,145.5,0.0
482863,1871.0,30984.0,145.5,0.0
482879,1433.0,30984.0,145.5,0.0
482880,1462.0,30984.0,145.5,0.0
482880,1502.0,30984.0,145.5,0.0
482893,1978.0,30984.0,145.5,0.0
482894,1881.0,30984.0,145.5,0.0
482894,1868.0,30984.0,145.5,0.0
482911,2204.0,30983.0,145.5,0.0
482912,2145.0,30983.0,145.5,0.0
482912,2122.0,30983.0,145.5,0.0
482925,2073.0,30983.0,145.5,0.0
482925,2103.0,30983.0,145.5,0.0
482926,2160.0,30983.0,145.5,0.0
482938,1521.0,30983.0,145.5,0.0
482938,1518.0,30983.0,145.5,0.0
482939,1471.0,30983.0,145.5,0.0
482957,1542.0,30983.0,145.5,0.0
482957,1537.0,30983.0,145.5,0.0
482957,1556.0,30983.0,145.5,0.0
482971,2319.0,30982.0,155.7,0.0
482971,2243.0,30982.0,155.7,0.0
482971,2224.0,30982.0,155.7,0.0
482984,2061.0,30982.0,155.7,0.0
482984,2150.0,30982.0,155.7,0.0
482984,2149.0,30982.0,155.7,0.0
483001,1696.0,30982.0,155.7,0.0
483002,1775.0,30982.0,155.7,0.0
483002,1831.0,30982.0,155.7,0.0
483015,1906.0,30982.0,155.7,0.0
483015,1822.0,30982.0,155.7,0.0
483015,1777.0,30982.0,155.7,0.0
483028,2381.0,30981.0,155.7,0.0
483028,2395.0,30981.0,155.7,0.0
483028,2421.0,30981.0,155.7,0.0
483045,2292.0,30982.0,155.7,0.0
483046,2318.0,30982.0,155.7,0.0
483046,2302.0,30982.0,155.7,0.0
483059,1574.0,30982.0,155.7,0.0
483059,1619.0,30982.0,155.7,0.0
483059,1612.0,30982.0,155.7,0.0
483077,1613.0,30982.0,155.7,0.0
483077,1546.0,30982.0,155.7,0.0
483077,1567.0,30982.0,155.7,0.0
483091,2305.0,30983.0,155.7,0.0
483091,2241.0,30983.0,155.7,0.0
483091,2198.0,30983.0,155.7,0.0
483104,2063.0,30983.0,155.7,0.0
483104,2146.0,30983.0,155.7,0.0
483105,2172.0,30983.0,155.7,0.0
483121,1726.0,30983.0,155.7,0.0
483122,1795.0,30983.0,155.7,0.0
483122,1830.0,30983.0,155.7,0.0
483135,1842.0,30983.0,155.7,0.0
483135,1767.0,30983.0,155.7,0.0
483135,1739.0,30983.0,155.7,0.0
483148,2508.0,30983.0,155.7,0.0
483148,2514.0,30983.0,155.7,0.0
483148,2556.0,30983.0,155.7,0.0
483165,2968.0,30983.0,155.7,0.0
483166,3011.0,30983.0,155.7,0.0
483166,2969.0,30983.0,155.7,0.0
483179,1779.0,30983.0,155.7,0.0
483179,1796.0,30983.0,155.7,0.0
483179,1769.0,30983.0,155.7,0.0
483196,1508.0,30984.0,155.7,0.0
483197,1461.0,30984.0,155.7,0.0
483197,1494.0,30984.0,155.7,0.0
483210,2416.0,30984.0,155.7,0.0
483211,2344.0,30984.0,155.7,0.0
483211,2313.0,30984.0,155.7,0.0
483224,2024.0,30984.0,155.7,0.0
483224,2108.0,30984.0,155.7,0.0
483224,2114.0,30984.0,155.7,0.0
483241,1735.0,30985.0,155.7,0.0
483242,1797.0,30985.0,155.7,0.0
483242,1824.0,30985.0,155.7,0.0
483254,1938.0,30985.0,155.7,0.0
483255,1858.0,30985.0,155.7,0.0
483255,1815.0,30985.0,155.7,0.0
483267,2413.0,30985.0,155.7,0.0
483268,2443.0,30985.0,155.7,0.0
483268,2471.0,30985.0,155.7,0.0
483285,2334.0,30986.0,155.7,0.0
483285,2380.0,30986.0,155.7,0.0
483286,2370.0,30986.0,155.7,0.0
483298,1630.0,30987.0,155.7,0.0
483299,1666.0,30987.0,155.7,0.0
483299,1672.0,30987.0,155.7,0.0
483316,1858.0,30987.0,155.7,0.0
483316,1784.0,30987.0,155.7,0.0
483317,1812.0,30987.0,155.7,0.0
483330,2637.0,30988.0,155.7,0.0
483331,2597.0,30988.0,155.7,0.0
483331,2534.0,30988.0,155.7,0.0
483343,2340.0,30989.0,155.7,0.0
483344,2417.0,30989.0,155.7,0.0
483344,2439.0,30989.0,155.7,0.0
483361,2014.0,30990.0,155.7,0.0
483361,2069.0,30990.0,155.7,0.0
483361,2088.0,30990.0,155.7,0.0
483374,2251.0,30991.0,155.7,0.0
483374,2178.0,30991.0,155.7,0.0
483375,2152.0,30991.0,155.7,0.0
483387,2581.0,30992.0,155.7,0.0
483388,2571.0,30992.0,155.7,0.0
483388,2591.0,30992.0,155.7,0.0
483405,2246.0,30993.0,155.7,0.0
483405,2323.0,30993.0,155.7,0.0
483405,2298.0,30993.0,155.7,0.0
483418,1449.0,30993.0,155.7,0.0
483418,1489.0,30993.0,155.7,0.0
483419,1495.0,30993.0,155.7,0.0
483436,1597.0,30993.0,155.7,0.0
483436,1524.0,30993.0,155.7,0.0
483437,1516.0,30993.0,155.7,0.0
483450,2282.0,30993.0,155.7,0.0
483451,2252.0,30993.0,155.7,0.0
483451,2223.0,30993.0,155.7,0.0
483463,1954.0,30992.0,155.7,0.0
483464,2042.0,30992.0,155.7,0.0
483464,2051.0,30992.0,155.7,0.0
483481,1664.0,30991.0,155.7,0.0
483481,1728.0,30991.0,155.7,0.0
483482,1757.0,30991.0,155.7,0.0
483494,1818.0,30991.0,155.7,0.0
483495,1752.0,30991.0,155.7,0.0
483495,1726.0,30991.0,155.7,0.0
483512,2173.0,30990.0,155.7,0.0
483512,2088.0,30990.0,155.7,0.0
483512,2070.0,30990.0,155.7,0.0
483525,2197.0,30989.0,155.7,0.0
483526,2242.0,30989.0,155.7,0.0
483526,2262.0,30989.0,155.7,0.0
483539,1516.0,30988.0,155.7,0.0
483540,1588.0,30988.0,155.7,0.0
483540,1575.0,30988.0,155.7,0.0
483557,1517.0,30988.0,155.7,0.0
483557,1484.0,30988.0,155.7,0.0
483557,1503.0,30988.0,155.7,0.0
483571,2279.0,30986.0,155.7,0.0
483571,2201.0,30986.0,155.7,0.0
483572,2195.0,30986.0,155.7,0.0
483584,2139.0,30986.0,155.7,0.0
483585,2234.0,30986.0,155.7,0.0
483585,2259.0,30986.0,155.7,0.0
483602,1834.0,30985.0,155.7,0.0
483602,1936.0,30985.0,155.7,0.0
483603,1975.0,30985.0,155.7,0.0
483615,1737.0,30985.0,155.7,0.0
483616,1670.0,30985.0,155.7,0.0
483616,1643.0,30985.0,155.7,0.0
483633,2064.0,30985.0,155.7,0.0
483633,1996.0,30985.0,155.7,0.0
483633,1989.0,30985.0,155.7,0.0
483646,2363.0,30984.0,155.7,0.0
483646,2374.0,30984.0,158.3,0.0
483647,2382.0,30984.0,158.3,0.0
483660,1700.0,30984.0,158.3,0.0
483661,1786.0,30984.0,158.3,0.0
483661,1777.0,30984.0,158.3,0.0
483679,1483.0,30984.0,158.3,0.0
483679,1507.0,30984.0,158.3,0.0
483679,1554.0,30984.0,158.3,0.0
483692,2154.0,30983.0,158.3,0.0
483692,2070.0,30983.0,158.3,0.0
483692,2034.0,30983.0,158.3,0.0
483705,2236.0,30983.0,158.3,0.0
483705,2288.0,30983.0,158.3,0.0
483706,2305.0,30983.0,158.3,0.0
483723,1952.0,30984.0,158.3,0.0
483723,2011.0,30984.0,158.3,0.0
483723,2035.0,30984.0,158.3,0.0
483736,1631.0,30984.0,158.3,0.0
483736,1590.0,30984.0,158.3,0.0
483736,1545.0,30984.0,158.3,0.0
483750,2571.0,30983.0,158.3,0.0
483750,2561.0,30983.0,158.3,0.0
483750,2613.0,30983.0,158.3,0.0
483766,3197.0,30983.0,158.3,0.0
483767,3192.0,30983.0,158.3,0.0
483767,3145.0,30983.0,158.3,0.0
483781,1729.0,30983.0,158.3,0.0
483781,1819.0,30983.0,158.3,0.0
483781,1815.0,30983.0,158.3,0.0
483798,1467.0,30983.0,158.3,0.0
483799,1489.0,30983.0,158.3,0.0
483799,1552.0,30983.0,158.3,0.0
483812,2242.0,30983.0,158.3,0.0
483812,2144.0,30983.0,158.3,0.0
483813,2023.0,30983.0,158.3,0.0
483813,1968.0,30983.0,158.3,0.0
483826,2355.0,30983.0,158.3,0.0
483826,2407.0,30983.0,158.3,0.0
483826,2401.0,30983.0,158.3,0.0
483843,2061.0,30983.0,158.3,0.0
483844,2127.0,30983.0,158.3,0.0
483844,2159.0,30983.0,158.3,0.0
483857,1590.0,30983.0,158.3,0.0
483858,1578.0,30983.0,158.3,0.0
483858,1560.0,30983.0,158.3,0.0
483871,2333.0,30984.0,158.3,0.0
483871,2297.0,30984.0,158.3,0.0
483871,2324.0,30984.0,158.3,0.0
483888,2602.0,30984.0,158.3,0.0
483889,2515.0,30984.0,158.3,0.0
483889,2481.0,30984.0,158.3,0.0
483901,1930.0,30985.0,158.3,0.0
483902,2051.0,30985.0,158.3,0.0
483902,2071.0,30985.0,158.3,0.0
483919,1773.0,30985.0,158.3,0.0
483919,1796.0,30985.0,158.3,0.0
483920,1839.0,30985.0,158.3,0.0
483932,2410.0,30986.0,158.3,0.0
483933,2330.0,30986.0,158.3,0.0
483933,2299.0,30986.0,158.3,0.0
483945,2612.0,30986.0,158.3,0.0
483946,2661.0,30986.0,158.3,0.0
483946,2691.0,30986.0,158.3,0.0
483963,2418.0,30987.0,158.3,0.0
483963,2462.0,30987.0,158.3,0.0
483964,2462.0,30987.0,158.3,0.0
483977,1835.0,30988.0,158.3,0.0
483978,1845.0,30988.0,158.3,0.0
483978,1845.0,30988.0,158.3,0.0
483994,2034.0,30988.0,158.3,0.0
483994,1942.0,30988.0,158.3,0.0
483994,1945.0,30988.0,158.3,0.0
484008,2447.0,30988.0,158.3,0.0
484008,2428.0,30988.0,158.3,0.0
484008,2403.0,30988.0,158.3,0.0
484021,1725.0,30988.0,158.3,0.0
484021,1812.0,30988.0,158.3,0.0
484022,1828.0,30988.0,158.3,0.0
484040,1509.0,30987.0,158.3,0.0
484040,1547.0,30987.0,158.3,0.0
484040,1592.0,30987.0,158.3,0.0
484053,1964.0,30987.0,158.3,0.0
484053,1893.0,30987.0,158.3,0.0
484053,1867.0,30987.0,158.3,0.0
484067,2319.0,30985.0,158.3,0.0
484067,2319.0,30985.0,158.3,0.0
484067,2354.0,30985.0,158.3,0.0
484083,2041.0,30985.0,158.3,0.0
484084,2113.0,30985.0,158.3,0.0
484084,2098.0,30985.0,158.3,0.0
484097,1454.0,30983.0,158.3,0.0
484098,1478.0,30983.0,158.3,0.0
484098,1483.0,30983.0,158.3,0.0
484111,2191.0,30982.0,158.3,0.0
484111,2130.0,30982.0,158.3,0.0
484111,2154.0,30982.0,158.3,0.0
484128,2402.0,30981.0,158.3,0.0
484129,2386.0,30981.0,158.3,0.0
484129,2334.0,30981.0,158.3,0.0
484141,1771.0,30980.0,158.3,0.0
484142,1867.0,30980.0,158.3,0.0
484142,1918.0,30980.0,158.3,0.0
484159,1568.0,30978.0,158.3,0.0
484160,1582.0,30978.0,158.3,0.0
484160,1604.0,30978.0,158.3,0.0
484172,2045.0,30977.0,158.3,0.0
484173,1981.0,30977.0,158.3,0.0
484173,1965.0,30977.0,158.3,0.0
484187,2358.0,30976.0,158.3,0.0
484187,2348.0,30976.0,158.3,0.0
484187,2367.0,30976.0,158.3,0.0
484203,2077.0,30975.0,158.3,0.0
484204,2172.0,30975.0,158.3,0.0
484204,2189.0,30975.0,158.3,0.0
484205,2193.0,30975.0,158.3,0.0
484218,1508.0,30974.0,158.3,0.0
484219,1570.0,30974.0,158.3,0.0
484219,1558.0,30974.0,158.3,0.0
484237,1537.0,30973.0,158.3,0.0
484237,1522.0,30973.0,158.3,0.0
484238,1568.0,30973.0,158.3,0.0
484250,2298.0,30972.0,158.3,0.0
484251,2230.0,30972.0,158.3,0.0
484251,2167.0,30972.0,158.3,0.0
484268,2395.0,30971.0,158.3,0.0
484268,2420.0,30971.0,158.3,0.0
484269,2446.0,30971.0,158.3,0.0
484281,1805.0,30971.0,158.3,0.0
484282,1858.0,30971.0,158.3,0.0
484282,1874.0,30971.0,158.3,0.0
484294,1847.0,30970.0,158.3,0.0
484295,1816.0,30970.0,158.3,0.0
484295,1786.0,30970.0,158.3,0.0
484312,2135.0,30969.0,158.3,0.0
484312,2038.0,30969.0,158.3,0.0
484313,2036.0,30969.0,158.3,0.0
484326,2331.0,30968.0,158.3,0.0
484327,2356.0,30968.0,158.3,0.0
484327,2326.0,30968.0,158.3,0.0
484343,2081.0,30968.0,158.3,0.0
484344,2153.0,30968.0,158.3,0.0
484344,2193.0,30968.0,158.3,0.0
484358,1511.0,30966.0,158.3,0.0
484358,1504.0,30966.0,158.3,0.0
484358,1490.0,30966.0,158.3,0.0
484371,2200.0,30966.0,158.3,0.0
484371,2171.0,30966.0,158.3,0.0
484371,2195.0,30966.0,158.3,0.0
484389,2568.0,30965.0,158.3,0.0
484389,2535.0,30965.0,158.3,0.0
484389,2523.0,30965.0,158.3,0.0
484402,2665.0,30965.0,158.3,0.0
484402,2760.0,30965.0,158.3,0.0
484403,2792.0,30965.0,158.3,0.0
484416,2039.0,30964.0,158.3,0.0
484417,1950.0,30964.0,158.3,0.0
484417,1943.0,30964.0,158.3,0.0
484433,1796.0,30964.0,158.3,0.0
484433,1730.0,30964.0,158.3,0.0
484433,1708.0,30964.0,158.3,0.0
484447,2475.0,30963.0,158.3,0.0
484447,2459.0,30963.0,158.3,0.0
484448,2496.0,30963.0,158.3,0.0
484464,2160.0,30963.0,158.3,0.0
484464,2197.0,30963.0,158.3,0.0
484464,2187.0,30963.0,158.3,0.0
484478,1528.0,30963.0,158.3,0.0
484478,1581.0,30963.0,158.3,0.0
484478,1605.0,30963.0,158.3,0.0
484491,2262.0,30963.0,158.3,0.0
484491,2159.0,30963.0,158.3,0.0
484492,2160.0,30963.0,158.3,0.0
484509,2487.0,30963.0,158.3,0.0
484509,2460.0,30963.0,158.3,0.0
484509,2409.0,30963.0,158.3,0.0
484522,1996.0,30963.0,158.3,0.0
484522,2091.0,30963.0,158.3,0.0
484523,2150.0,30963.0,158.3,0.0
484536,1728.0,30964.0,158.3,0.0
484537,1679.0,30964.0,158.3,0.0
484537,1632.0,30964.0,158.3,0.0
484553,2106.0,30964.0,158.3,0.0
484554,2050.0,30964.0,158.3,0.0
484554,2055.0,30964.0,158.3,0.0
484567,2662.0,30964.0,158.3,0.0
484568,2637.0,30964.0,158.3,0.0
484568,2644.0,30964.0,158.3,0.0
484585,2662.0,30965.0,158.3,0.0
484586,2714.0,30965.0,158.3,0.0
484586,2694.0,30965.0,158.3,0.0
484598,1883.0,30965.0,158.3,0.0
484599,1926.0,30965.0,158.3,0.0
484599,1955.0,30965.0,158.3,0.0
484611,2504.0,30966.0,158.3,0.0
484612,2432.0,30966.0,158.3,0.0
484612,2414.0,30966.0,158.3,0.0
484629,2598.0,30966.0,158.3,0.0
484630,2559.0,30966.0,158.3,0.0
484630,2517.0,30966.0,158.3,0.0
484642,2062.0,30966.0,158.3,0.0
484643,2138.0,30966.0,158.3,0.0
484643,2183.0,30966.0,158.3,0.0
484657,1535.0,30966.0,158.3,0.0
484657,1516.0,30966.0,158.3,0.0
484657,1498.0,30966.0,158.3,0.0
484673,1789.0,30966.0,158.3,0.0
484674,1718.0,30966.0,158.3,0.0
484674,1713.0,30966.0,158.3,0.0
484688,2341.0,30965.0,158.3,0.0
484688,2303.0,30965.0,158.3,0.0
484688,2302.0,30965.0,158.3,0.0
484706,2295.0,30963.0,158.3,0.0
484706,2328.0,30963.0,158.3,0.0
484706,2311.0,30963.0,158.3,0.0
484719,1497.0,30963.0,158.3,0.0
484719,1551.0,30963.0,158.3,0.0
484720,1587.0,30963.0,158.3,0.0
484732,1963.0,30962.0,158.3,0.0
484733,1863.0,30962.0,158.3,0.0
484733,1855.0,30962.0,158.3,0.0
484750,2263.0,30960.0,158.3,0.0
484750,2200.0,30960.0,158.3,0.0
484751,2173.0,30960.0,158.3,0.0
484763,2029.0,30959.0,158.3,0.0
484764,2115.0,30959.0,158.3,0.0
484764,2137.0,30959.0,158.3,0.0
484781,1757.0,30957.0,158.3,0.0
484781,1825.0,30957.0,158.3,0.0
484781,1849.0,30957.0,158.3,0.0
484795,1646.0,30956.0,158.3,0.0
484795,1600.0,30956.0,158.3,0.0
484795,1582.0,30956.0,158.3,0.0
484808,2371.0,30955.0,158.3,0.0
484808,2328.0,30955.0,158.3,0.0
484809,2351.0,30955.0,158.3,0.0
484827,2410.0,30953.0,158.3,0.0
484827,2402.0,30953.0,158.3,0.0
484828,2369.0,30953.0,158.3,0.0
484840,1658.0,30953.0,158.3,0.0
484841,1763.0,30953.0,158.3,0.0
484841,1818.0,30953.0,158.3,0.0
484842,1872.0,30953.0,158.3,0.0
484856,1545.0,30952.0,158.3,0.0
484856,1527.0,30952.0,158.3,0.0
484856,1530.0,30952.0,158.3,0.0
484872,2006.0,30951.0,158.3,0.0
484873,1899.0,30951.0,158.3,0.0
484873,1869.0,30951.0,158.3,0.0
484886,2352.0,30950.0,158.3,0.0
484887,2367.0,30950.0,158.3,0.0
484887,2358.0,30950.0,158.3,0.0
484900,1653.0,30950.0,158.3,0.0
484900,1695.0,30950.0,158.3,0.0
484900,1724.0,30950.0,158.3,0.0
484917,1497.0,30949.0,158.3,0.0
484918,1511.0,30949.0,158.3,0.0
484918,1513.0,30949.0,158.3,0.0
484930,2238.0,30948.0,158.3,0.0
484931,2188.0,30948.0,158.3,0.0
484931,2169.0,30948.0,158.3,0.0
484948,2403.0,30948.0,158.3,0.0
484949,2381.0,30948.0,158.3,0.0
484949,2351.0,30948.0,158.3,0.0
484961,1894.0,30947.0,158.3,0.0
484962,1984.0,30947.0,158.3,0.0
484962,2026.0,30947.0,158.3,0.0
484963,2095.0,30947.0,158.3,0.0
484976,1589.0,30947.0,158.3,0.0
484977,1591.0,30947.0,158.3,0.0
484977,1582.0,30947.0,158.3,0.0
484995,1617.0,30946.0,158.3,0.0
484995,1583.0,30946.0,158.3,0.0
484995,1551.0,30946.0,158.3,0.0
485008,2354.0,30946.0,158.3,0.0
485008,2336.0,30946.0,158.3,0.0
485009,2297.0,30946.0,158.3,0.0
485025,2343.0,30946.0,158.3,0.0
485026,2358.0,30946.0,158.3,0.0
485026,2338.0,30946.0,158.3,0.0
485039,1560.0,30945.0,158.3,0.0
485039,1599.0,30945.0,158.3,0.0
485039,1593.0,30945.0,158.3,0.0
485052,2017.0,30945.0,158.3,0.0
485052,1940.0,30945.0,158.3,0.0
485053,1950.0,30945.0,158.3,0.0
485070,2705.0,30944.0,158.3,0.0
485071,2654.0,30944.0,158.3,0.0
485071,2626.0,30944.0,158.3,0.0
485085,3090.0,30944.0,158.3,0.0
485085,3143.0,30944.0,158.3,0.0
485085,3167.0,30944.0,158.3,0.0
485098,1524.0,30944.0,158.3,0.0
485098,1510.0,30944.0,158.3,0.0
485098,1466.0,30944.0,158.3,0.0
485116,1574.0,30944.0,158.3,0.0
485116,1566.0,30944.0,158.3,0.0
485116,1616.0,30944.0,158.3,0.0
485129,2377.0,30944.0,158.3,0.0
485129,2278.0,30944.0,158.3,0.0
485129,2248.0,30944.0,158.3,0.0
485143,2134.0,30944.0,158.3,0.0
485143,2235.0,30944.0,158.3,0.0
485144,2229.0,30944.0,158.3,0.0
485160,1721.0,30945.0,158.3,0.0
485161,1782.0,30945.0,158.3,0.0
485161,1836.0,30945.0,158.3,0.0
485174,1781.0,30945.0,158.3,0.0
485175,1670.0,30945.0,158.3,0.0
485175,1611.0,30945.0,158.3,0.0
485176,1576.0,30945.0,158.3,0.0
485193,1979.0,30946.0,158.3,0.0
485193,1923.0,30946.0,158.3,0.0
485193,1895.0,30946.0,158.3,0.0
485206,2455.0,30946.0,158.3,0.0
485206,2452.0,30946.0,158.3,0.0
485207,2487.0,30946.0,158.3,0.0
485219,1833.0,30947.0,158.3,0.0
485220,1885.0,30947.0,158.3,0.0
485220,1859.0,30947.0,158.3,0.0
485237,1678.0,30948.0,158.3,0.0
485237,1729.0,30948.0,158.3,0.0
485237,1783.0,30948.0,158.3,0.0
485250,2558.0,30948.0,161.3,0.0
485250,2448.0,30948.0,161.3,0.0
485251,2421.0,30948.0,161.3,0.0
485264,2597.0,30949.0,161.3,0.0
485265,2665.0,30949.0,161.3,0.0
485265,2677.0,30949.0,161.3,0.0
485266,2661.0,30949.0,161.3,0.0
485282,2379.0,30950.0,161.3,0.0
485283,2484.0,30950.0,161.3,0.0
485283,2534.0,30950.0,161.3,0.0
485296,1841.0,30950.0,161.3,0.0
485297,1775.0,30950.0,161.3,0.0
485297,1747.0,30950.0,161.3,0.0
485314,1801.0,30951.0,161.3,0.0
485315,1765.0,30951.0,161.3,0.0
485315,1733.0,30951.0,161.3,0.0
485327,2372.0,30951.0,161.3,0.0
485328,2344.0,30951.0,161.3,0.0
485328,2367.0,30951.0,161.3,0.0
485341,1833.0,30951.0,161.3,0.0
485341,1881.0,30951.0,161.3,0.0
485341,1846.0,30951.0,161.3,0.0
485358,1416.0,30951.0,161.3,0.0
485359,1492.0,30951.0,161.3,0.0
485359,1579.0,30951.0,161.3,0.0
485372,1926.0,30950.0,161.3,0.0
485373,1797.0,30950.0,161.3,0.0
485373,1761.0,30950.0,161.3,0.0
485389,2266.0,30950.0,161.3,0.0
485389,2253.0,30950.0,161.3,0.0
485389,2235.0,30950.0,161.3,0.0
485403,2042.0,30950.0,161.3,0.0
485403,2085.0,30950.0,161.3,0.0
485404,2145.0,30950.0,161.3,0.0
485416,1508.0,30949.0,161.3,0.0
485417,1477.0,30949.0,161.3,0.0
485417,1441.0,30949.0,161.3,0.0
485418,1414.0,30949.0,161.3,0.0
485436,1489.0,30949.0,161.3,0.0
485436,1512.0,30949.0,161.3,0.0
485436,1509.0,30949.0,161.3,0.0
485449,2212.0,30948.0,161.3,0.0
485450,2136.0,30948.0,161.3,0.0
485450,2164.0,30948.0,161.3,0.0
485464,2216.0,30947.0,161.3,0.0
485464,2254.0,30947.0,161.3,0.0
485464,2200.0,30947.0,161.3,0.0
485480,1698.0,30947.0,161.3,0.0
485481,1818.0,30947.0,161.3,0.0
485481,1894.0,30947.0,161.3,0.0
485494,1698.0,30946.0,161.3,0.0
485495,1593.0,30946.0,161.3,0.0
485495,1552.0,30946.0,161.3,0.0
485512,2013.0,30946.0,161.3,0.0
485512,1986.0,30946.0,161.3,0.0
485512,1954.0,30946.0,161.3,0.0
485525,2289.0,30946.0,161.3,0.0
485525,2291.0,30946.0,161.3,0.0
485526,2330.0,30946.0,161.3,0.0
485538,1585.0,30945.0,161.3,0.0
485539,1637.0,30945.0,161.3,0.0
485539,1584.0,30945.0,161.3,0.0
485557,1445.0,30946.0,161.3,0.0
485557,1500.0,30946.0,161.3,0.0
485557,1556.0,30946.0,161.3,0.0
485570,2248.0,30946.0,161.3,0.0
485571,2125.0,30946.0,161.3,0.0
485571,2078.0,30946.0,161.3,0.0
485584,2278.0,30945.0,161.3,0.0
485585,2368.0,30945.0,161.3,0.0
485585,2361.0,30945.0,161.3,0.0
485602,2048.0,30945.0,161.3,0.0
485603,2093.0,30945.0,161.3,0.0
485603,2157.0,30945.0,161.3,0.0
485615,1614.0,30945.0,161.3,0.0
485616,1574.0,30945.0,161.3,0.0
485616,1520.0,30945.0,161.3,0.0
485633,1846.0,30945.0,161.3,0.0
485634,1814.0,30945.0,161.3,0.0
485634,1853.0,30945.0,161.3,0.0
485646,2477.0,30945.0,148.0,0.0
485647,2423.0,30945.0,148.0,0.0
485647,2395.0,30945.0,148.0,0.0
485660,1682.0,30945.0,148.0,0.0
485660,1807.0,30945.0,148.0,0.0
485660,1794.0,30945.0,148.0,0.0
485678,1510.0,30945.0,148.0,0.0
485679,1533.0,30945.0,148.0,0.0
485679,1631.0,30945.0,148.0,0.0
485692,1993.0,30945.0,148.0,0.0
485693,1896.0,30945.0,148.0,0.0
485693,1815.0,30945.0,148.0,0.0
485705,2324.0,30945.0,148.0,0.0
485706,2398.0,30945.0,148.0,0.0
485706,2451.0,30945.0,148.0,0.0
485723,2328.0,30945.0,148.0,0.0
485724,2316.0,30945.0,148.0,0.0
485724,2339.0,30945.0,148.0,0.0
485736,2198.0,30945.0,148.0,0.0
485737,2260.0,30945.0,148.0,0.0
485738,2274.0,30945.0,148.0,0.0
485738,2249.0,30945.0,148.0,0.0
485755,1739.0,30946.0,148.0,0.0
485755,1697.0,30946.0,148.0,0.0
485756,1703.0,30946.0,148.0,0.0
485768,2175.0,30946.0,148.0,0.0
485769,2118.0,30946.0,148.0,0.0
485769,2127.0,30946.0,148.0,0.0
485782,2209.0,30947.0,148.0,0.0
485783,2284.0,30947.0,148.0,0.0
485783,2260.0,30947.0,148.0,0.0
485801,1878.0,30948.0,148.0,95.3
485801,1960.0,30948.0,148.0,95.3
485802,2040.0,30948.0,148.0,95.3
485814,1745.0,30948.0,148.0,95.3
485815,1672.0,30948.0,148.0,95.3
485815,1604.0,30948.0,148.0,95.3
485828,2394.0,30949.0,148.0,95.3
485828,2408.0,30949.0,148.0,95.3
485828,2448.0,30949.0,148.0,95.3
485845,2457.0,30950.0,148.0,95.3
485846,2431.0,30950.0,148.0,95.3
485846,2417.0,30950.0,148.0,95.3
485858,1689.0,30950.0,148.0,95.3
485859,1794.0,30950.0,148.0,95.3
485859,1784.0,30950.0,148.0,95.3
485876,1651.0,30952.0,148.0,95.3
485877,1610.0,30952.0,148.0,95.3
485877,1667.0,30952.0,148.0,95.3
485890,2430.0,30953.0,148.0,95.3
485891,2344.0,30953.0,148.0,95.3
485891,2287.0,30953.0,148.0,95.3
485904,2488.0,30954.0,148.0,95.3
485904,2564.0,30954.0,148.0,95.3
485904,2612.0,30954.0,148.0,95.3
485922,2415.0,30956.0,148.0,95.3
485923,2455.0,30956.0,148.0,95.3
485923,2471.0,30956.0,148.0,95.3
485935,1913.0,30956.0,148.0,95.3
485936,1939.0,30956.0,148.0,95.3
485936,1884.0,30956.0,148.0,95.3
485949,2624.0,30957.0,148.0,95.3
485949,2590.0,30957.0,148.0,95.3
485949,2642.0,30957.0,148.0,95.3
485966,2640.0,30958.0,148.0,95.3
485966,2604.0,30958.0,148.0,95.3
485967,2560.0,30958.0,148.0,95.3
485980,1843.0,30959.0,148.0,95.3
485981,2001.0,30959.0,148.0,95.3
485981,2045.0,30959.0,148.0,95.3
485997,1504.0,30960.0,148.0,95.3
485997,1466.0,30960.0,148.0,95.3
485997,1485.0,30960.0,148.0,95.3
486011,2071.0,30961.0,148.0,95.3
486011,2028.0,30961.0,148.0,95.3
486012,1987.0,30961.0,148.0,95.3
486024,2217.0,30961.0,148.0,95.3
486025,2245.0,30961.0,148.0,95.3
486025,2295.0,30961.0,148.0,95.3
486043,2119.0,30961.0,148.0,95.3
486043,2170.0,30961.0,148.0,95.3
486043,2152.0,30961.0,148.0,95.3
486056,1447.0,30961.0,148.0,95.3
486056,1467.0,30961.0,148.0,95.3
486057,1490.0,30961.0,148.0,95.3
486070,2134.0,30961.0,148.0,95.3
486070,2045.0,30961.0,148.0,95.3
486071,2057.0,30961.0,148.0,95.3
486087,2391.0,30961.0,141.3,95.3
486087,2391.0,30961.0,141.3,95.3
486087,2338.0,30961.0,141.3,95.3
486101,1853.0,30961.0,141.3,95.3
486101,1954.0,30961.0,141.3,95.3
486101,2014.0,30961.0,141.3,95.3
486117,1535.0,30961.0,141.3,95.3
486118,1535.0,30961.0,141.3,95.3
486118,1528.0,30961.0,141.3,95.3
486132,1981.0,30961.0,141.3,95.3
486132,1957.0,30961.0,141.3,95.3
486132,1941.0,30961.0,141.3,95.3
486145,2312.0,30961.0,141.3,95.3
486145,2337.0,30961.0,141.3,95.3
486145,2347.0,30961.0,141.3,95.3
486163,2233.0,30961.0,141.3,95.3
486164,2306.0,30961.0,141.3,95.3
486164,2288.0,30961.0,141.3,95.3
486176,1488.0,30961.0,141.3,95.3
486177,1513.0,30961.0,141.3,95.3
486177,1541.0,30961.0,141.3,95.3
486191,2138.0,30962.0,141.3,95.3
486191,2054.0,30962.0,141.3,95.3
486191,2030.0,30962.0,141.3,95.3
486207,2403.0,30962.0,141.3,95.3
486208,2393.0,30962.0,141.3,95.3
486208,2364.0,30962.0,141.3,95.3
486221,1990.0,30962.0,141.3,95.3
486222,2055.0,30962.0,141.3,95.3
486222,2093.0,30962.0,141.3,95.3
486239,1698.0,30963.0,141.3,95.3
486239,1752.0,30963.0,141.3,95.3
486240,1769.0,30963.0,141.3,95.3
486252,1895.0,30963.0,141.3,95.3
486253,1841.0,30963.0,141.3,95.3
486253,1814.0,30963.0,141.3,95.3
486266,2422.0,30964.0,141.3,95.3
486266,2398.0,30964.0,141.3,95.3
486266,2418.0,30964.0,141.3,95.3
486284,2371.0,30965.0,141.3,95.3
486285,2425.0,30965.0,141.3,95.3
486285,2403.0,30965.0,141.3,95.3
486298,1658.0,30965.0,141.3,95.3
486299,1724.0,30965.0,141.3,95.3
486299,1774.0,30965.0,141.3,95.3
486312,2059.0,30965.0,141.3,95.3
486312,1971.0,30965.0,141.3,95.3
486312,1968.0,30965.0,141.3,95.3
486329,2303.0,30966.0,141.3,95.3
486330,2256.0,30966.0,141.3,95.3
486330,2213.0,30966.0,141.3,95.3
486342,2097.0,30966.0,141.3,95.3
486343,2168.0,30966.0,141.3,95.3
486343,2196.0,30966.0,141.3,95.3
486355,1578.0,30967.0,141.3,95.3
486356,1551.0,30967.0,141.3,95.3
486356,1523.0,30967.0,141.3,95.3
486373,1813.0,30968.0,141.3,95.3
486373,1747.0,30968.0,141.3,95.3
486373,1752.0,30968.0,141.3,95.3
486386,2412.0,30968.0,141.3,95.3
486387,2372.0,30968.0,141.3,95.3
486387,2366.0,30968.0,141.3,95.3
486404,2692.0,30970.0,141.3,95.3
486404,2788.0,30970.0,141.3,95.3
486404,2800.0,30970.0,141.3,95.3
486417,2322.0,30970.0,141.3,95.3
486417,2343.0,30970.0,141.3,95.3
486418,2360.0,30970.0,141.3,95.3
486431,2199.0,30971.0,141.3,95.3
486432,2114.0,30971.0,141.3,95.3
486432,2065.0,30971.0,141.3,95.3
486449,2283.0,30972.0,141.3,95.3
486449,2258.0,30972.0,141.3,95.3
486449,2268.0,30972.0,141.3,95.3
486462,2115.0,30973.0,141.3,95.3
486462,2169.0,30973.0,141.3,95.3
486462,2187.0,30973.0,141.3,95.3
486479,1741.0,30974.0,141.3,95.3
486480,1834.0,30974.0,141.3,95.3
486480,1868.0,30974.0,141.3,95.3
486492,1888.0,30975.0,141.3,95.3
486493,1795.0,30975.0,141.3,95.3
486493,1790.0,30975.0,141.3,95.3
486506,2455.0,30976.0,141.3,95.3
486506,2453.0,30976.0,141.3,95.3
486506,2455.0,30976.0,141.3,95.3
486524,2405.0,30977.0,141.3,95.3
486525,2432.0,30977.0,141.3,95.3
486525,2447.0,30977.0,141.3,95.3
486538,1745.0,30979.0,141.3,95.3
486539,1805.0,30979.0,141.3,95.3
486539,1828.0,30979.0,141.3,95.3
486551,2126.0,30980.0,141.3,95.3
486552,2063.0,30980.0,141.3,95.3
486552,2066.0,30980.0,141.3,95.3
486569,2531.0,30982.0,141.3,95.3
486569,2480.0,30982.0,141.3,95.3
486570,2441.0,30982.0,141.3,95.3
486582,2392.0,30983.0,141.3,95.3
486583,2466.0,30983.0,141.3,95.3
486583,2486.0,30983.0,141.3,95.3
486595,1902.0,30984.0,141.3,95.3
486596,1885.0,30984.0,141.3,95.3
486596,1904.0,30984.0,141.3,95.3
486613,2163.0,30986.0,141.3,95.3
486613,2106.0,30986.0,141.3,95.3
486613,2090.0,30986.0,141.3,95.3
486626,2733.0,30987.0,141.3,95.3
486626,2719.0,30987.0,141.3,95.3
486627,2721.0,30987.0,141.3,95.3
486644,2474.0,30988.0,141.3,95.3
486644,2515.0,30988.0,141.3,95.3
486644,2528.0,30988.0,141.3,95.3
486658,1638.0,30989.0,141.3,95.3
486659,1718.0,30989.0,141.3,95.3
486659,1798.0,30989.0,141.3,95.3
486672,1918.0,30990.0,141.3,95.3
486672,1836.0,30990.0,141.3,95.3
486672,1818.0,30990.0,141.3,95.3
486689,2197.0,30991.0,141.3,95.3
486690,2132.0,30991.0,141.3,95.3
486690,2102.0,30991.0,141.3,95.3
486703,2106.0,30991.0,141.3,95.3
486703,2176.0,30991.0,141.3,95.3
486703,2190.0,30991.0,141.3,95.3
486716,1483.0,30992.0,141.3,95.3
486716,1475.0,30992.0,141.3,95.3
486717,1457.0,30992.0,141.3,95.3
486733,1621.0,30992.0,141.3,95.3
486734,1580.0,30992.0,141.3,95.3
486734,1585.0,30992.0,141.3,95.3
486748,2338.0,30992.0,135.7,95.3
486748,2278.0,30992.0,135.7,95.3
486748,2267.0,30992.0,135.7,95.3
486764,2315.0,30992.0,135.7,95.3
486765,2360.0,30992.0,135.7,95.3
486765,2345.0,30992.0,135.7,95.3
486778,1621.0,30993.0,135.7,95.3
486779,1688.0,30993.0,135.7,95.3
486779,1717.0,30993.0,135.7,95.3
486792,1901.0,30993.0,135.7,95.3
486792,1849.0,30993.0,135.7,95.3
486792,1823.0,30993.0,135.7,95.3
486809,2236.0,30993.0,135.7,95.3
486810,2176.0,30993.0,135.7,95.3
486810,2154.0,30993.0,135.7,95.3
486822,2146.0,30994.0,135.7,95.3
486823,2207.0,30994.0,135.7,95.3
486823,2225.0,30994.0,135.7,95.3
486836,1535.0,30994.0,135.7,95.3
486837,1570.0,30994.0,135.7,95.3
486837,1553.0,30994.0,135.7,95.3
486853,1744.0,30994.0,135.7,95.3
486853,1688.0,30994.0,135.7,95.3
486854,1696.0,30994.0,135.7,95.3
486867,2379.0,30995.0,135.7,95.3
486867,2339.0,30995.0,135.7,95.3
486868,2333.0,30995.0,135.7,95.3
486884,2312.0,30996.0,135.7,95.3
486884,2362.0,30996.0,135.7,95.3
486884,2364.0,30996.0,135.7,95.3
486898,1614.0,30996.0,135.7,95.3
486898,1672.0,30996.0,135.7,95.3
486899,1702.0,30996.0,135.7,95.3
486911,1990.0,30996.0,135.7,95.3
486912,1926.0,30996.0,135.7,95.3
486912,1923.0,30996.0,135.7,95.3
486929,2291.0,30997.0,135.7,95.3
486929,2239.0,30997.0,135.7,95.3
486929,2220.0,30997.0,135.7,95.3
486942,2119.0,30998.0,135.7,95.3
486942,2188.0,30998.0,135.7,95.3
486942,2195.0,30998.0,135.7,95.3
486956,1539.0,30999.0,135.7,95.3
486956,1552.0,30999.0,135.7,95.3
486957,1555.0,30999.0,135.7,95.3
486972,1830.0,30999.0,135.7,95.3
486973,1768.0,30999.0,135.7,95.3
486973,1771.0,30999.0,135.7,95.3
486987,2422.0,31000.0,135.7,95.3
486987,2394.0,31000.0,135.7,95.3
486987,2384.0,31000.0,135.7,95.3
487003,2385.0,31001.0,135.7,95.3
487004,2421.0,31001.0,135.7,95.3
487004,2436.0,31001.0,135.7,95.3
487017,1681.0,31002.0,135.7,95.3
487018,1712.0,31002.0,135.7,95.3
487018,1728.0,31002.0,135.7,95.3
487031,2083.0,31002.0,135.7,95.3
487031,1990.0,31002.0,135.7,95.3
487031,1974.0,31002.0,135.7,95.3
487048,2345.0,31003.0,135.7,95.3
487049,2286.0,31003.0,135.7,95.3
487049,2257.0,31003.0,135.7,95.3
487061,2082.0,31004.0,135.7,95.3
487062,2160.0,31004.0,135.7,95.3
487062,2169.0,31004.0,135.7,95.3
487076,1551.0,31005.0,135.7,95.3
487077,1586.0,31005.0,135.7,95.3
487077,1602.0,31005.0,135.7,95.3
487093,1725.0,31006.0,135.7,95.3
487094,1681.0,31006.0,135.7,95.3
487094,1673.0,31006.0,135.7,95.3
487108,3069.0,31007.0,158.7,95.3
487108,3034.0,31007.0,158.7,95.3
487108,3085.0,31007.0,158.7,95.3
487125,2874.0,31009.0,158.7,95.3
487126,2841.0,31009.0,158.7,95.3
487126,2766.0,31009.0,158.7,95.3
487139,1479.0,31010.0,158.7,95.3
487139,1593.0,31010.0,158.7,95.3
487139,1620.0,31010.0,158.7,95.3
487152,1940.0,31011.0,158.7,95.3
487153,1848.0,31011.0,158.7,95.3
487153,1841.0,31011.0,158.7,95.3
487170,2190.0,31013.0,158.7,95.3
487170,2122.0,31013.0,158.7,95.3
487170,2061.0,31013.0,158.7,95.3
487183,2262.0,31014.0,158.7,95.3
487184,2336.0,31014.0,158.7,95.3
487184,2404.0,31014.0,158.7,95.3
487198,1712.0,31016.0,158.7,95.3
487198,1742.0,31016.0,158.7,95.3
487199,1743.0,31016.0,158.7,95.3
487216,1474.0,31018.0,158.7,95.3
487216,1521.0,31018.0,158.7,95.3
487216,1549.0,31018.0,158.7,95.3
487229,2302.0,31019.0,158.7,95.3
487230,2209.0,31019.0,158.7,95.3
487230,2209.0,31019.0,158.7,95.3
487247,2537.0,31021.0,158.7,95.3
487248,2516.0,31021.0,158.7,95.3
487248,2454.0,31021.0,158.7,95.3
487260,2122.0,31022.0,158.7,95.3
487261,2217.0,31022.0,158.7,95.3
487261,2300.0,31022.0,158.7,95.3
487274,1967.0,31023.0,158.7,95.3
487274,1889.0,31023.0,158.7,95.3
487274,1824.0,31023.0,158.7,95.3
487291,2301.0,31025.0,158.7,95.3
487292,2263.0,31025.0,158.7,95.3
487292,2266.0,31025.0,158.7,95.3
487305,2743.0,31027.0,158.7,95.3
487306,2726.0,31027.0,158.7,95.3
487306,2722.0,31027.0,158.7,95.3
487322,2547.0,31028.0,158.7,95.3
487322,2616.0,31028.0,158.7,95.3
487323,2595.0,31028.0,158.7,95.3
487336,1758.0,31031.0,158.7,95.3
487336,1787.0,31031.0,158.7,95.3
487337,1833.0,31031.0,158.7,95.3
487349,2306.0,31032.0,158.7,95.3
487350,2239.0,31032.0,158.7,95.3
487350,2203.0,31032.0,158.7,95.3
487368,2309.0,31034.0,158.7,95.3
487368,2312.0,31034.0,158.7,95.3
487369,2248.0,31034.0,158.7,95.3
487381,2011.0,31035.0,158.7,95.3
487382,2069.0,31035.0,158.7,95.3
487382,2114.0,31035.0,158.7,95.3
487396,1488.0,31036.0,158.7,95.3
487396,1490.0,31036.0,158.7,95.3
487396,1456.0,31036.0,158.7,95.3
487412,1692.0,31036.0,158.7,95.3
487413,1651.0,31036.0,158.7,95.3
487413,1677.0,31036.0,158.7,95.3
487427,2336.0,31037.0,158.7,95.3
487427,2257.0,31037.0,158.7,95.3
487427,2251.0,31037.0,158.7,95.3
487440,1836.0,31037.0,158.7,95.3
487440,1938.0,31037.0,158.7,95.3
487440,1929.0,31037.0,158.7,95.3
487457,1518.0,31038.0,158.7,95.3
487458,1568.0,31038.0,158.7,95.3
487458,1630.0,31038.0,158.7,95.3
487471,1993.0,31039.0,158.7,95.3
487471,1898.0,31039.0,158.7,95.3
487471,1853.0,31039.0,158.7,95.3
487489,2210.0,31039.0,158.7,95.3
487489,2190.0,31039.0,158.7,95.3
487489,2193.0,31039.0,158.7,95.3
487502,2154.0,31040.0,158.7,95.3
487502,2160.0,31040.0,158.7,95.3
487503,2180.0,31040.0,158.7,95.3
487516,1558.0,31040.0,158.7,95.3
487517,1606.0,31040.0,158.7,95.3
487517,1577.0,31040.0,158.7,95.3
487534,1528.0,31041.0,158.7,95.3
487534,1493.0,31041.0,158.7,95.3
487535,1533.0,31041.0,158.7,95.3
487547,2334.0,31042.0,158.7,95.3
487548,2274.0,31042.0,158.7,95.3
487548,2239.0,31042.0,158.7,95.3
487565,2363.0,31043.0,158.7,95.3
487565,2398.0,31043.0,158.7,95.3
487565,2402.0,31043.0,158.7,95.3
487578,1635.0,31043.0,158.7,95.3
487578,1684.0,31043.0,158.7,95.3
487579,1717.0,31043.0,158.7,95.3
487591,1931.0,31044.0,158.7,95.3
487592,1864.0,31044.0,158.7,95.3
487592,1845.0,31044.0,158.7,95.3
487610,2139.0,31045.0,158.7,95.3
487610,2049.0,31045.0,158.7,95.3
487610,2021.0,31045.0,158.7,95.3
487624,2336.0,31046.0,158.7,95.3
487624,2349.0,31046.0,158.7,95.3
487624,2358.0,31046.0,158.7,95.3
487637,1585.0,31047.0,158.7,95.3
487637,1630.0,31047.0,158.7,95.3
487638,1631.0,31047.0,158.7,95.3
487655,1547.0,31048.0,158.7,95.3
487655,1532.0,31048.0,158.7,95.3
487655,1555.0,31048.0,158.7,95.3
487668,2335.0,31049.0,158.7,95.3
487668,2267.0,31049.0,158.7,95.3
487668,2254.0,31049.0,158.7,95.3
487681,2128.0,31049.0,158.7,95.3
487682,2241.0,31049.0,158.7,95.3
487682,2272.0,31049.0,158.7,95.3
487699,1881.0,31049.0,158.7,95.3
487700,1947.0,31049.0,158.7,95.3
487700,2012.0,31049.0,158.7,95.3
487714,1690.0,31051.0,158.7,95.3
487714,1635.0,31051.0,158.7,95.3
487714,1595.0,31051.0,158.7,95.3
487730,1973.0,31051.0,158.7,95.3
487731,1925.0,31051.0,158.7,95.3
487731,1925.0,31051.0,158.7,95.3
487745,2371.0,31053.0,158.7,95.3
487745,2354.0,31053.0,158.7,95.3
487745,2347.0,31053.0,158.7,95.3
487758,1663.0,31054.0,158.7,95.3
487758,1742.0,31054.0,158.7,95.3
487758,1717.0,31054.0,158.7,95.3
487775,1473.0,31056.0,158.7,95.3
487776,1495.0,31056.0,158.7,95.3
487776,1538.0,31056.0,158.7,95.3
487788,2371.0,31057.0,158.7,95.3
487789,2308.0,31057.0,158.7,95.3
487789,2263.0,31057.0,158.7,95.3
487802,2851.0,31058.0,158.7,95.3
487802,2961.0,31058.0,158.7,95.3
487803,3043.0,31058.0,158.7,95.3
487820,2288.0,31059.0,158.7,95.3
487820,2305.0,31059.0,158.7,95.3
487821,2302.0,31059.0,158.7,95.3
487834,1276.0,31061.0,158.7,95.3
487835,1303.0,31061.0,158.7,95.3
487835,1297.0,31061.0,158.7,95.3
487852,1884.0,31063.0,158.7,95.3
487852,1792.0,31063.0,158.7,95.3
487852,1831.0,31063.0,158.7,95.3
487866,2403.0,31065.0,158.7,95.3
487866,2359.0,31065.0,158.7,95.3
487867,2317.0,31065.0,158.7,95.3
487879,1878.0,31066.0,158.7,95.3
487880,1985.0,31066.0,158.7,95.3
487880,2016.0,31066.0,158.7,95.3
487897,1604.0,31068.0,158.7,95.3
487897,1623.0,31068.0,158.7,95.3
487897,1651.0,31068.0,158.7,95.3
487910,2161.0,31069.0,158.7,95.3
487910,2092.0,31069.0,158.7,95.3
487911,2055.0,31069.0,158.7,95.3
487924,2444.0,31071.0,158.7,95.3
487925,2459.0,31071.0,158.7,95.3
487925,2492.0,31071.0,158.7,95.3
487941,2240.0,31073.0,158.7,95.3
487941,2293.0,31073.0,158.7,95.3
487941,2287.0,31073.0,158.7,95.3
487955,1699.0,31075.0,158.7,95.3
487956,1743.0,31075.0,158.7,95.3
487956,1770.0,31075.0,158.7,95.3
487973,1965.0,31078.0,158.7,95.3
487973,1890.0,31078.0,158.7,95.3
487974,1896.0,31078.0,158.7,95.3
487987,2718.0,31079.0,158.7,95.3
487987,2686.0,31079.0,158.7,95.3
487987,2676.0,31079.0,158.7,95.3
488000,2336.0,31081.0,158.7,95.3
488000,2408.0,31081.0,158.7,95.3
488001,2421.0,31081.0,158.7,95.3
488017,1994.0,31082.0,158.7,95.3
488018,2071.0,31082.0,158.7,95.3
488018,2100.0,31082.0,158.7,95.3
488031,2189.0,31084.0,158.7,95.3
488031,2127.0,31084.0,158.7,95.3
488031,2089.0,31084.0,158.7,95.3
488045,2479.0,31085.0,158.7,95.3
488045,2482.0,31085.0,158.7,95.3
488045,2481.0,31085.0,158.7,95.3
488062,2234.0,31087.0,158.7,95.3
488063,2288.0,31087.0,158.7,95.3
488063,2280.0,31087.0,158.7,95.3
488076,1450.0,31088.0,158.7,95.3
488076,1487.0,31088.0,158.7,95.3
488076,1490.0,31088.0,158.7,95.3
488093,1558.0,31089.0,158.7,95.3
488094,1497.0,31089.0,158.7,95.3
488094,1501.0,31089.0,158.7,95.3
488107,2295.0,31090.0,158.7,95.3
488107,2259.0,31090.0,158.7,95.3
488107,2249.0,31090.0,158.7,95.3
488120,1929.0,31091.0,158.7,95.3
488121,1966.0,31091.0,158.7,95.3
488121,1970.0,31091.0,158.7,95.3
488138,1604.0,31092.0,158.7,95.3
488139,1707.0,31092.0,158.7,95.3
488139,1738.0,31092.0,158.7,95.3
488152,1659.0,31093.0,158.7,95.3
488153,1592.0,31093.0,158.7,95.3
488153,1563.0,31093.0,158.7,95.3
488169,2092.0,31093.0,158.7,95.3
488170,2041.0,31093.0,158.7,95.3
488170,2035.0,31093.0,158.7,95.3
488183,2303.0,31094.0,158.7,95.3
488184,2311.0,31094.0,158.7,95.3
488184,2307.0,31094.0,158.7,95.3
488196,1510.0,31094.0,158.7,95.3
488197,1592.0,31094.0,158.7,95.3
488197,1583.0,31094.0,158.7,95.3
488215,1444.0,31095.0,158.7,95.3
488215,1465.0,31095.0,158.7,95.3
488215,1508.0,31095.0,158.7,95.3
488228,2261.0,31096.0,158.7,95.3
488229,2186.0,31096.0,158.7,95.3
488229,2143.0,31096.0,158.7,95.3
488242,2226.0,31097.0,158.7,95.3
488243,2286.0,31097.0,158.7,95.3
488243,2298.0,31097.0,158.7,95.3
488259,1816.0,31098.0,158.7,95.3
488259,1886.0,31098.0,158.7,95.3
488260,1922.0,31098.0,158.7,95.3
488273,1634.0,31098.0,158.7,95.3
488274,1587.0,31098.0,158.7,95.3
488274,1545.0,31098.0,158.7,95.3
488290,1987.0,31099.0,158.7,95.3
488291,1935.0,31099.0,158.7,95.3
488291,1936.0,31099.0,158.7,95.3
488304,2362.0,31100.0,166.7,95.3
488305,2354.0,31100.0,166.7,95.3
488305,2336.0,31100.0,166.7,95.3
488317,1632.0,31101.0,166.7,95.3
488318,1745.0,31101.0,166.7,95.3
488318,1736.0,31101.0,166.7,95.3
488336,1531.0,31102.0,166.7,95.3
488336,1555.0,31102.0,166.7,95.3
488337,1602.0,31102.0,166.7,95.3
488349,2155.0,31103.0,166.7,95.3
488350,2068.0,31103.0,166.7,95.3
488350,2036.0,31103.0,166.7,95.3
488363,2310.0,31104.0,166.7,95.3
488364,2358.0,31104.0,166.7,95.3
488364,2380.0,31104.0,166.7,95.3
488380,2046.0,31105.0,166.7,95.3
488380,2093.0,31105.0,166.7,95.3
488380,2116.0,31105.0,166.7,95.3
488394,1635.0,31106.0,166.7,95.3
488394,1627.0,31106.0,166.7,95.3
488394,1606.0,31106.0,166.7,95.3
488412,1775.0,31107.0,166.7,95.3
488412,1700.0,31107.0,166.7,95.3
488412,1705.0,31107.0,166.7,95.3
488425,2387.0,31108.0,166.7,95.3
488425,2369.0,31108.0,166.7,95.3
488425,2357.0,31108.0,166.7,95.3
488438,1790.0,31109.0,166.7,95.3
488439,1926.0,31109.0,166.7,95.3
488440,1993.0,31109.0,166.7,95.3
488440,1993.0,31109.0,166.7,95.3
488458,1686.0,31110.0,166.7,95.3
488459,1789.0,31110.0,166.7,95.3
488459,1834.0,31110.0,166.7,95.3
488472,1855.0,31111.0,166.7,95.3
488473,1795.0,31111.0,166.7,95.3
488473,1786.0,31111.0,166.7,95.3
488485,3158.0,31112.0,166.7,95.3
488486,3157.0,31112.0,166.7,95.3
488486,3169.0,31112.0,166.7,95.3
488503,2602.0,31114.0,166.7,95.3
488504,2592.0,31114.0,166.7,95.3
488504,2546.0,31114.0,166.7,95.3
488516,1309.0,31115.0,166.7,95.3
488517,1371.0,31115.0,166.7,95.3
488517,1391.0,31115.0,166.7,95.3
488534,1650.0,31117.0,166.7,95.3
488534,1599.0,31117.0,166.7,95.3
488535,1605.0,31117.0,166.7,95.3
488547,2293.0,31118.0,166.7,95.3
488548,2264.0,31118.0,166.7,95.3
488548,2217.0,31118.0,166.7,95.3
488561,2194.0,31120.0,166.7,95.3
488562,2268.0,31120.0,166.7,95.3
488562,2292.0,31120.0,166.7,95.3
488579,1900.0,31121.0,166.7,95.3
488579,1964.0,31121.0,166.7,95.3
488580,1979.0,31121.0,166.7,95.3
488593,1648.0,31123.0,166.7,95.3
488594,1647.0,31123.0,166.7,95.3
488594,1602.0,31123.0,166.7,95.3
488607,2410.0,31124.0,166.7,95.3
488607,2367.0,31124.0,166.7,95.3
488607,2389.0,31124.0,166.7,95.3
488624,2557.0,31127.0,137.0,95.3
488625,2556.0,31127.0,137.0,95.3
488625,2507.0,31127.0,137.0,95.3
488638,1840.0,31128.0,137.0,95.3
488638,1950.0,31128.0,137.0,95.3
488638,1991.0,31128.0,137.0,95.3
488652,2050.0,31129.0,137.0,95.3
488652,1971.0,31129.0,137.0,95.3
488652,1960.0,31129.0,137.0,95.3
488668,2575.0,31130.0,137.0,95.3
488669,2517.0,31130.0,137.0,95.3
488669,2482.0,31130.0,137.0,95.3
488683,2641.0,31133.0,137.0,95.3
488683,2685.0,31133.0,137.0,95.3
488683,2713.0,31133.0,137.0,95.3
488700,2432.0,31136.0,137.0,95.3
488701,2471.0,31136.0,137.0,95.3
488701,2452.0,31136.0,137.0,95.3
488714,1788.0,31137.0,137.0,95.3
488714,1784.0,31137.0,137.0,95.3
488714,1779.0,31137.0,137.0,95.3
488727,2377.0,31138.0,137.0,95.3
488728,2310.0,31138.0,137.0,95.3
488728,2331.0,31138.0,137.0,95.3
488745,2422.0,31139.0,137.0,95.3
488745,2398.0,31139.0,137.0,95.3
488746,2345.0,31139.0,137.0,95.3
488758,1660.0,31140.0,137.0,95.3
488759,1775.0,31140.0,137.0,95.3
488759,1815.0,31140.0,137.0,95.3
488776,1481.0,31141.0,137.0,95.3
488776,1474.0,31141.0,137.0,95.3
488776,1486.0,31141.0,137.0,95.3
488790,1925.0,31142.0,137.0,95.3
488790,1888.0,31142.0,137.0,95.3
488791,1853.0,31142.0,137.0,95.3
488803,2235.0,31142.0,137.0,95.3
488804,2248.0,31142.0,137.0,95.3
488804,2276.0,31142.0,137.0,95.3
488822,2155.0,31143.0,137.0,95.3
488822,2200.0,31143.0,137.0,95.3
488822,2183.0,31143.0,137.0,95.3
488835,1429.0,31143.0,137.0,95.3
488835,1480.0,31143.0,137.0,95.3
488835,1483.0,31143.0,137.0,95.3
488848,2181.0,31144.0,137.0,95.3
488848,2107.0,31144.0,137.0,95.3
488849,2121.0,31144.0,137.0,95.3
488866,2388.0,31144.0,137.0,95.3
488866,2377.0,31144.0,137.0,95.3
488866,2325.0,31144.0,137.0,95.3
488880,1910.0,31144.0,137.0,95.3
488880,2008.0,31144.0,137.0,95.3
488880,2062.0,31144.0,137.0,95.3
488896,1577.0,31145.0,137.0,95.3
488897,1590.0,31145.0,137.0,95.3
488897,1609.0,31145.0,137.0,95.3
488911,1899.0,31145.0,137.0,95.3
488911,1852.0,31145.0,137.0,95.3
488911,1853.0,31145.0,137.0,95.3
488924,2346.0,31145.0,137.0,95.3
488924,2324.0,31145.0,137.0,95.3
488924,2341.0,31145.0,137.0,95.3
488942,2303.0,31146.0,137.0,95.3
488943,2341.0,31146.0,137.0,95.3
488943,2320.0,31146.0,137.0,95.3
488956,1486.0,31146.0,137.0,95.3
488956,1531.0,31146.0,137.0,95.3
488956,1564.0,31146.0,137.0,95.3
488970,2021.0,31148.0,137.0,95.3
488970,1923.0,31148.0,137.0,95.3
488971,1910.0,31148.0,137.0,95.3
488986,2368.0,31148.0,137.0,95.3
488987,2334.0,31148.0,137.0,95.3
488987,2304.0,31148.0,137.0,95.3
489001,2069.0,31149.0,137.0,95.3
489001,2140.0,31149.0,137.0,95.3
489001,2175.0,31149.0,137.0,95.3
489014,1608.0,31150.0,137.0,95.3
489014,1590.0,31150.0,137.0,95.3
489014,1589.0,31150.0,137.0,95.3
489031,1850.0,31150.0,137.0,95.3
489032,1792.0,31150.0,137.0,95.3
489032,1800.0,31150.0,137.0,95.3
489045,2371.0,31151.0,137.0,95.3
489045,2336.0,31151.0,137.0,95.3
489045,2319.0,31151.0,137.0,95.3
489062,2282.0,31152.0,137.0,95.3
489063,2348.0,31152.0,137.0,95.3
489063,2346.0,31152.0,137.0,95.3
489076,1518.0,31152.0,137.0,95.3
489076,1569.0,31152.0,137.0,95.3
489077,1591.0,31152.0,137.0,95.3
489090,1963.0,31152.0,137.0,95.3
489090,1895.0,31152.0,137.0,95.3
489091,1888.0,31152.0,137.0,95.3
489107,2339.0,31153.0,137.0,95.3
489107,2304.0,31153.0,137.0,95.3
489107,2282.0,31153.0,137.0,95.3
489121,2597.0,31154.0,150.5,95.3
489121,2681.0,31154.0,150.5,95.3
489122,2712.0,31154.0,150.5,95.3
489139,2481.0,31155.0,150.5,95.3
489139,2519.0,31155.0,150.5,95.3
489139,2508.0,31155.0,150.5,95.3
489152,1466.0,31156.0,150.5,95.3
489152,1426.0,31156.0,150.5,95.3
489153,1386.0,31156.0,150.5,95.3
489165,2409.0,31156.0,150.5,95.3
489166,2388.0,31156.0,150.5,95.3
489166,2452.0,31156.0,150.5,95.3
489184,2388.0,31158.0,150.5,95.3
489184,2388.0,31158.0,150.5,95.3
489184,2305.0,31158.0,150.5,95.3
489198,1717.0,31159.0,150.5,95.3
489198,1838.0,31159.0,150.5,95.3
489198,1924.0,31159.0,150.5,95.3
489211,1876.0,31160.0,150.5,95.3
489211,1759.0,31160.0,150.5,95.3
489212,1746.0,31160.0,150.5,95.3
489228,2247.0,31161.0,150.5,95.3
489229,2229.0,31161.0,150.5,95.3
489229,2164.0,31161.0,150.5,95.3
489242,2261.0,31162.0,150.5,95.3
489242,2293.0,31162.0,150.5,95.3
489242,2354.0,31162.0,150.5,95.3
489255,1685.0,31163.0,150.5,95.3
489255,1679.0,31163.0,150.5,95.3
489255,1623.0,31163.0,150.5,95.3
489272,1788.0,31165.0,150.5,95.3
489273,1781.0,31165.0,150.5,95.3
489273,1817.0,31165.0,150.5,95.3
489285,2600.0,31166.0,150.5,95.3
489286,2522.0,31166.0,150.5,95.3
489286,2497.0,31166.0,150.5,95.3
489303,2649.0,31168.0,150.5,95.3
489303,2737.0,31168.0,150.5,95.3
489304,2700.0,31168.0,150.5,95.3
489316,1900.0,31169.0,150.5,95.3
489317,1955.0,31169.0,150.5,95.3
489317,2006.0,31169.0,150.5,95.3
489330,2292.0,31171.0,150.5,95.3
489331,2199.0,31171.0,150.5,95.3
489331,2175.0,31171.0,150.5,95.3
489348,2467.0,31173.0,150.5,95.3
489348,2424.0,31173.0,150.5,95.3
489349,2421.0,31173.0,150.5,95.3
489361,2329.0,31174.0,150.5,95.3
489362,2349.0,31174.0,150.5,95.3
489362,2363.0,31174.0,150.5,95.3
489379,1891.0,31175.0,150.5,95.3
489379,1969.0,31175.0,150.5,95.3
489379,1977.0,31175.0,150.5,95.3
489392,1627.0,31176.0,150.5,95.3
489392,1572.0,31176.0,150.5,95.3
489393,1574.0,31176.0,150.5,95.3
489405,2321.0,31177.0,150.5,95.3
489405,2282.0,31177.0,150.5,95.3
489406,2285.0,31177.0,150.5,95.3
489423,2297.0,31178.0,150.5,95.3
489424,2331.0,31178.0,150.5,95.3
489424,2307.0,31178.0,150.5,95.3
489438,1668.0,31178.0,150.5,95.3
489438,1730.0,31178.0,150.5,95.3
489438,1769.0,31178.0,150.5,95.3
489451,1758.0,31178.0,150.5,95.3
489451,1692.0,31178.0,150.5,95.3
489452,1652.0,31178.0,150.5,95.3
489469,2081.0,31179.0,150.5,95.3
489469,2014.0,31179.0,150.5,95.3
489469,2010.0,31179.0,150.5,95.3
489482,2183.0,31179.0,150.5,95.3
489482,2220.0,31179.0,150.5,95.3
489482,2230.0,31179.0,150.5,95.3
489495,1505.0,31179.0,150.5,95.3
489496,1537.0,31179.0,150.5,95.3
489496,1532.0,31179.0,150.5,95.3
489513,1566.0,31179.0,150.5,95.3
489513,1523.0,31179.0,150.5,95.3
489513,1535.0,31179.0,150.5,95.3
489527,2282.0,31179.0,150.5,95.3
489527,2208.0,31179.0,150.5,95.3
489528,2185.0,31179.0,150.5,95.3
489544,2366.0,31179.0,136.7,95.3
489544,2388.0,31179.0,136.7,95.3
489544,2377.0,31179.0,136.7,95.3
489558,1774.0,31180.0,136.7,95.3
489558,1856.0,31180.0,136.7,95.3
489559,1893.0,31180.0,136.7,95.3
489571,1780.0,31181.0,136.7,95.3
489572,1727.0,31181.0,136.7,95.3
489572,1698.0,31181.0,136.7,95.3
489589,2104.0,31181.0,136.7,95.3
489589,2037.0,31181.0,136.7,95.3
489589,2038.0,31181.0,136.7,95.3
489602,2270.0,31182.0,136.7,95.3
489602,2301.0,31182.0,136.7,95.3
489602,2303.0,31182.0,136.7,95.3
489615,1528.0,31182.0,136.7,95.3
489615,1565.0,31182.0,136.7,95.3
489616,1572.0,31182.0,136.7,95.3
489632,1616.0,31182.0,136.7,95.3
489633,1569.0,31182.0,136.7,95.3
489633,1581.0,31182.0,136.7,95.3
489647,2339.0,31183.0,136.7,95.3
489647,2284.0,31183.0,136.7,95.3
489647,2239.0,31183.0,136.7,95.3
489663,2444.0,31183.0,136.7,95.3
489664,2473.0,31183.0,136.7,95.3
489664,2475.0,31183.0,136.7,95.3
489678,1827.0,31185.0,136.7,95.3
489678,1876.0,31185.0,136.7,95.3
489678,1896.0,31185.0,136.7,95.3
489691,1830.0,31185.0,136.7,95.3
489691,1781.0,31185.0,136.7,95.3
489691,1761.0,31185.0,136.7,95.3
489708,2167.0,31186.0,136.7,95.3
489709,2077.0,31186.0,136.7,95.3
489709,2087.0,31186.0,136.7,95.3
489721,2222.0,31186.0,136.7,95.3
489722,2272.0,31186.0,136.7,95.3
489722,2276.0,31186.0,136.7,95.3
489735,1510.0,31187.0,136.7,95.3
489735,1543.0,31187.0,136.7,95.3
489735,1551.0,31187.0,136.7,95.3
489752,1671.0,31187.0,136.7,95.3
489752,1596.0,31187.0,136.7,95.3
489753,1618.0,31187.0,136.7,95.3
489766,2746.0,31188.0,136.7,95.3
489767,2774.0,31188.0,136.7,95.3
489767,2770.0,31188.0,136.7,95.3
489783,3147.0,31189.0,136.7,95.3
489783,3150.0,31189.0,136.7,95.3
489783,3143.0,31189.0,136.7,95.3
489797,1495.0,31190.0,136.7,95.3
489797,1553.0,31190.0,136.7,95.3
489798,1533.0,31190.0,136.7,95.3
489810,1874.0,31191.0,136.7,95.3
489811,1835.0,31191.0,136.7,95.3
489811,1861.0,31191.0,136.7,95.3
489828,2253.0,31193.0,136.7,95.3
489828,2156.0,31193.0,136.7,95.3
489828,2094.0,31193.0,136.7,95.3
489841,2160.0,31193.0,136.7,95.3
489841,2261.0,31193.0,136.7,95.3
489841,2292.0,31193.0,136.7,95.3
489854,1545.0,31194.0,136.7,95.3
489854,1525.0,31194.0,136.7,95.3
489854,1522.0,31194.0,136.7,95.3
489871,1810.0,31196.0,136.7,95.3
489872,1747.0,31196.0,136.7,95.3
489872,1732.0,31196.0,136.7,95.3
489886,2412.0,31198.0,136.7,95.3
489886,2366.0,31198.0,136.7,95.3
489886,2387.0,31198.0,136.7,95.3
489903,2484.0,31199.0,136.7,95.3
489903,2491.0,31199.0,136.7,95.3
489903,2461.0,31199.0,136.7,95.3
489918,1860.0,31201.0,136.7,95.3
489918,2020.0,31201.0,136.7,95.3
489918,2062.0,31201.0,136.7,95.3
489931,1986.0,31202.0,136.7,95.3
489932,1892.0,31202.0,136.7,95.3
489932,1882.0,31202.0,136.7,95.3
489949,2393.0,31204.0,136.7,95.3
489949,2337.0,31204.0,136.7,95.3
489949,2306.0,31204.0,136.7,95.3
489962,2614.0,31205.0,144.8,95.3
489962,2657.0,31205.0,144.8,95.3
489963,2691.0,31205.0,144.8,95.3
489976,1993.0,31208.0,144.8,95.3
489977,2048.0,31208.0,144.8,95.3
489977,2039.0,31208.0,144.8,95.3
489993,1859.0,31209.0,144.8,95.3
489993,1839.0,31209.0,144.8,95.3
489993,1855.0,31209.0,144.8,95.3
490007,2404.0,31211.0,144.8,95.3
490007,2318.0,31211.0,144.8,95.3
490008,2294.0,31211.0,144.8,95.3
490024,2409.0,31211.0,144.8,95.3
490024,2436.0,31211.0,144.8,95.3
490024,2410.0,31211.0,144.8,95.3
490038,1768.0,31213.0,144.8,95.3
490038,1839.0,31213.0,144.8,95.3
490039,1888.0,31213.0,144.8,95.3
490051,1706.0,31213.0,144.8,95.3
490052,1646.0,31213.0,144.8,95.3
490052,1610.0,31213.0,144.8,95.3
490069,1926.0,31214.0,144.8,95.3
490070,1881.0,31214.0,144.8,95.3
490070,1866.0,31214.0,144.8,95.3
490083,2231.0,31214.0,144.8,95.3
490083,2243.0,31214.0,144.8,95.3
490083,2237.0,31214.0,144.8,95.3
490100,2098.0,31215.0,144.8,95.3
490101,2187.0,31215.0,144.8,95.3
490101,2179.0,31215.0,144.8,95.3
490113,1455.0,31215.0,144.8,95.3
490114,1448.0,31215.0,144.8,95.3
490114,1470.0,31215.0,144.8,95.3
490128,2138.0,31215.0,144.8,95.3
490128,2101.0,31215.0,144.8,95.3
490128,2095.0,31215.0,144.8,95.3
490146,2323.0,31215.0,144.8,95.3
490146,2283.0,31215.0,144.8,95.3
490147,2241.0,31215.0,144.8,95.3
490159,1979.0,31215.0,144.8,95.3
490160,2069.0,31215.0,144.8,95.3
490160,2101.0,31215.0,144.8,95.3
490173,1586.0,31215.0,144.8,95.3
490173,1546.0,31215.0,144.8,95.3
490173,1527.0,31215.0,144.8,95.3
490190,1878.0,31215.0,144.8,95.3
490191,1801.0,31215.0,144.8,95.3
490191,1790.0,31215.0,144.8,95.3
490204,2370.0,31215.0,144.8,95.3
490205,2348.0,31215.0,144.8,95.3
490205,2343.0,31215.0,144.8,95.3
490221,2247.0,31216.0,144.8,95.3
490222,2313.0,31216.0,144.8,95.3
490222,2310.0,31216.0,144.8,95.3
490236,1544.0,31217.0,144.8,95.3
490236,1598.0,31217.0,144.8,95.3
490236,1622.0,31217.0,144.8,95.3
490249,2063.0,31217.0,144.8,95.3
490249,1991.0,31217.0,144.8,95.3
490249,1981.0,31217.0,144.8,95.3
490267,2245.0,31217.0,144.8,95.3
490268,2190.0,31217.0,144.8,95.3
490268,2153.0,31217.0,144.8,95.3
490281,2161.0,31218.0,144.8,95.3
490281,2231.0,31218.0,144.8,95.3
490281,2268.0,31218.0,144.8,95.3
490295,1583.0,31218.0,144.8,95.3
490295,1601.0,31218.0,144.8,95.3
490296,1582.0,31218.0,144.8,95.3
490311,1694.0,31219.0,144.8,95.3
490312,1665.0,31219.0,144.8,95.3
490312,1676.0,31219.0,144.8,95.3
490326,2414.0,31218.0,144.8,95.3
490326,2350.0,31218.0,144.8,95.3
490326,2342.0,31218.0,144.8,95.3
490342,2409.0,31219.0,144.8,95.3
490343,2448.0,31219.0,139.6,95.3
490343,2420.0,31219.0,139.6,95.3
490357,1616.0,31219.0,139.6,95.3
490357,1699.0,31219.0,139.6,95.3
490357,1733.0,31219.0,139.6,95.3
490370,1883.0,31220.0,139.6,95.3
490371,1753.0,31220.0,139.6,95.3
490372,1685.0,31220.0,139.6,95.3
490390,1946.0,31220.0,139.6,95.3
490390,1868.0,31220.0,139.6,95.3
490390,1833.0,31220.0,139.6,95.3
490404,2356.0,31221.0,139.6,95.3
490404,2349.0,31221.0,139.6,95.3
490404,2376.0,31221.0,139.6,95.3
490417,1936.0,31222.0,139.6,95.3
490417,1997.0,31222.0,139.6,95.3
490418,2000.0,31222.0,139.6,95.3
490434,2304.0,31223.0,139.6,95.3
490435,2350.0,31223.0,139.6,95.3
490435,2415.0,31223.0,139.6,95.3
490448,2492.0,31223.0,139.6,95.3
490448,2352.0,31223.0,139.6,95.3
490448,2297.0,31223.0,139.6,95.3
490461,2006.0,31224.0,139.6,95.3
490461,2083.0,31224.0,139.6,95.3
490461,2105.0,31224.0,139.6,95.3
490478,1973.0,31224.0,139.6,95.3
490479,2019.0,31224.0,139.6,95.3
490479,2076.0,31224.0,139.6,95.3
490492,1682.0,31225.0,139.6,95.3
490492,1633.0,31225.0,139.6,95.3
490492,1572.0,31225.0,139.6,95.3
490509,1956.0,31227.0,139.6,95.3
490510,1912.0,31227.0,139.6,95.3
490510,1943.0,31227.0,139.6,95.3
490524,2461.0,31229.0,139.6,95.3
490524,2417.0,31229.0,139.6,95.3
490525,2378.0,31229.0,139.6,95.3
490537,1822.0,31229.0,139.6,95.3
490538,1921.0,31229.0,139.6,95.3
490538,1936.0,31229.0,139.6,95.3
490555,1628.0,31231.0,139.6,95.3
490555,1647.0,31231.0,139.6,95.3
490555,1706.0,31231.0,139.6,95.3
490568,2340.0,31232.0,139.6,95.3
490568,2266.0,31232.0,139.6,95.3
490568,2202.0,31232.0,139.6,95.3
490581,2419.0,31233.0,139.6,95.3
490581,2489.0,31233.0,139.6,95.3
490582,2525.0,31233.0,139.6,95.3
490598,2246.0,31235.0,139.6,95.3
490599,2297.0,31235.0,139.6,95.3
490599,2297.0,31235.0,139.6,95.3
490612,1984.0,31236.0,139.6,95.3
490612,1978.0,31236.0,139.6,95.3
490612,1944.0,31236.0,139.6,95.3
490629,2303.0,31238.0,139.6,95.3
490630,2231.0,31238.0,139.6,95.3
490630,2214.0,31238.0,139.6,95.3
490644,2761.0,31240.0,139.6,95.3
490644,2737.0,31240.0,139.6,95.3
490644,2702.0,31240.0,139.6,95.3
490657,1974.0,31241.0,139.6,95.3
490657,2088.0,31241.0,139.6,95.3
490658,2112.0,31241.0,139.6,95.3
490675,1560.0,31243.0,139.6,95.3
490676,1624.0,31243.0,139.6,95.3
490676,1660.0,31243.0,139.6,95.3
490688,2074.0,31244.0,139.6,95.3
490689,1981.0,31244.0,139.6,95.3
490689,1959.0,31244.0,139.6,95.3
490706,2248.0,31245.0,139.6,95.3
490707,2201.0,31245.0,139.6,95.3
490707,2210.0,31245.0,139.6,95.3
490719,2042.0,31245.0,139.6,95.3
490720,2083.0,31245.0,139.6,95.3
490720,2078.0,31245.0,139.6,95.3
490734,1456.0,31246.0,139.6,95.3
490734,1484.0,31246.0,139.6,95.3
490734,1479.0,31246.0,139.6,95.3
490752,1525.0,31246.0,139.6,95.3
490753,1474.0,31246.0,139.6,95.3
490753,1484.0,31246.0,139.6,95.3
490765,2312.0,31246.0,139.6,95.3
490766,2269.0,31246.0,139.6,95.3
490766,2247.0,31246.0,139.6,95.3
490779,1942.0,31246.0,139.6,95.3
490779,2036.0,31246.0,139.6,95.3
490779,2033.0,31246.0,139.6,95.3
490796,1647.0,31247.0,139.6,95.3
490797,1712.0,31247.0,139.6,95.3
490797,1748.0,31247.0,139.6,95.3
490810,1865.0,31247.0,139.6,95.3
490810,1791.0,31247.0,139.6,95.3
490810,1775.0,31247.0,139.6,95.3
490824,2352.0,31246.0,140.9,95.3
490825,2346.0,31246.0,140.9,95.3
490825,2326.0,31246.0,140.9,95.3
490826,2320.0,31246.0,140.9,95.3
490843,2357.0,31246.0,140.9,95.3
490843,2337.0,31246.0,140.9,95.3
490843,2349.0,31246.0,140.9,95.3
490856,1631.0,31246.0,140.9,95.3
490856,1701.0,31246.0,140.9,95.3
490856,1676.0,31246.0,140.9,95.3
490874,1496.0,31246.0,140.9,95.3
490874,1506.0,31246.0,140.9,95.3
490874,1544.0,31246.0,140.9,95.3
490887,2250.0,31247.0,140.9,95.3
490887,2174.0,31247.0,140.9,95.3
490887,2137.0,31247.0,140.9,95.3
490900,2161.0,31247.0,140.9,95.3
490900,2233.0,31247.0,140.9,95.3
490901,2236.0,31247.0,140.9,95.3
490918,1851.0,31248.0,140.9,95.3
490918,1903.0,31248.0,140.9,95.3
490918,1952.0,31248.0,140.9,95.3
490932,1641.0,31248.0,140.9,95.3
490932,1597.0,31248.0,140.9,95.3
490932,1561.0,31248.0,140.9,95.3
490949,2042.0,31249.0,140.9,95.3
490949,1967.0,31249.0,140.9,95.3
490949,1978.0,31249.0,140.9,95.3
490963,2406.0,31250.0,140.9,95.3
490963,2389.0,31250.0,140.9,95.3
490963,2370.0,31250.0,140.9,95.3
490976,1720.0,31250.0,140.9,95.3
490977,1834.0,31250.0,140.9,95.3
490977,1907.0,31250.0,140.9,95.3
490995,1610.0,31251.0,140.9,95.3
490996,1662.0,31251.0,140.9,95.3
490996,1719.0,31251.0,140.9,95.3
491009,2060.0,31251.0,140.9,95.3
491009,1973.0,31251.0,140.9,95.3
491009,1935.0,31251.0,140.9,95.3
491023,2329.0,31252.0,140.9,95.3
491023,2361.0,31252.0,140.9,95.3
491023,2388.0,31252.0,140.9,95.3
491039,2107.0,31252.0,140.9,95.3
491040,2141.0,31252.0,140.9,95.3
491040,2147.0,31252.0,140.9,95.3
491053,1534.0,31253.0,140.9,95.3
491054,1550.0,31253.0,140.9,95.3
491054,1540.0,31253.0,140.9,95.3
491070,1818.0,31253.0,140.9,95.3
491070,1734.0,31253.0,140.9,95.3
491070,1769.0,31253.0,140.9,95.3
491084,2753.0,31254.0,140.9,95.3
491084,2744.0,31254.0,140.9,95.3
491085,2741.0,31254.0,140.9,95.3
491097,2622.0,31254.0,140.9,95.3
491098,2731.0,31254.0,140.9,95.3
491098,2760.0,31254.0,140.9,95.3
491116,1565.0,31256.0,140.9,95.3
491116,1598.0,31256.0,140.9,95.3
491116,1588.0,31256.0,140.9,95.3
491129,1826.0,31256.0,140.9,92.3
491130,1786.0,31256.0,140.9,92.3
491130,1782.0,31256.0,140.9,92.3
491144,2438.0,31258.0,150.0,92.3
491144,2394.0,31258.0,150.0,92.3
491144,2394.0,31258.0,150.0,92.3
491161,2311.0,31259.0,150.0,92.3
491161,2367.0,31259.0,150.0,92.3
491162,2357.0,31259.0,150.0,92.3
491174,1561.0,31260.0,150.0,92.3
491175,1606.0,31260.0,150.0,92.3
491175,1620.0,31260.0,150.0,92.3
491192,1699.0,31262.0,150.0,92.3
491192,1646.0,31262.0,150.0,92.3
491192,1635.0,31262.0,150.0,92.3
491205,2424.0,31262.0,150.0,92.3
491205,2395.0,31262.0,150.0,92.3
491206,2400.0,31262.0,150.0,92.3
491218,2094.0,31263.0,150.0,92.3
491219,2159.0,31263.0,150.0,92.3
491219,2160.0,31263.0,150.0,92.3
491237,1909.0,31264.0,150.0,92.3
491237,1981.0,31264.0,150.0,92.3
491237,2026.0,31264.0,150.0,92.3
491251,1936.0,31266.0,150.0,92.3
491251,1854.0,31266.0,150.0,92.3
491252,1832.0,31266.0,150.0,92.3
491264,2662.0,31267.0,150.0,92.3
491265,2655.0,31267.0,150.0,92.3
491265,2668.0,31267.0,150.0,92.3
491282,2756.0,31269.0,150.0,92.3
491283,2736.0,31269.0,150.0,92.3
491283,2724.0,31269.0,150.0,92.3
491296,1993.0,31270.0,150.0,92.3
491296,2079.0,31270.0,150.0,92.3
491296,2095.0,31270.0,150.0,92.3
491313,1859.0,31272.0,150.0,92.3
491314,1833.0,31272.0,150.0,92.3
491314,1850.0,31272.0,150.0,92.3
491326,2475.0,31273.0,150.0,92.3
491327,2381.0,31273.0,150.0,92.3
491327,2352.0,31273.0,150.0,92.3
491340,2280.0,31275.0,150.0,92.3
491341,2325.0,31275.0,150.0,92.3
491341,2331.0,31275.0,150.0,92.3
491358,1882.0,31275.0,150.0,92.3
491358,1938.0,31275.0,150.0,92.3
491359,1982.0,31275.0,150.0,92.3
491372,1507.0,31276.0,150.0,92.3
491373,1485.0,31276.0,150.0,92.3
491373,1458.0,31276.0,150.0,92.3
491385,2245.0,31276.0,150.0,92.3
491386,2213.0,31276.0,150.0,92.3
491386,2245.0,31276.0,150.0,92.3
491403,2343.0,31276.0,150.0,92.3
491403,2325.0,31276.0,150.0,92.3
491404,2296.0,31276.0,150.0,92.3
491416,1605.0,31276.0,150.0,92.3
491417,1719.0,31276.0,150.0,92.3
491417,1756.0,31276.0,150.0,92.3
491434,1474.0,31276.0,150.0,92.3
491435,1485.0,31276.0,150.0,92.3
491435,1522.0,31276.0,150.0,92.3
491447,2073.0,31276.0,150.0,92.3
491448,2019.0,31276.0,150.0,92.3
491448,1984.0,31276.0,150.0,92.3
491462,2279.0,31275.0,160.1,92.3
491462,2309.0,31275.0,160.1,92.3
491462,2331.0,31275.0,160.1,92.3
491480,2197.0,31275.0,160.1,92.3
491481,2206.0,31275.0,160.1,92.3
491481,2212.0,31275.0,160.1,92.3
491493,1493.0,31275.0,160.1,92.3
491494,1526.0,31275.0,160.1,92.3
491494,1527.0,31275.0,160.1,92.3
491507,2190.0,31275.0,160.1,92.3
491507,2124.0,31275.0,160.1,92.3
491507,2143.0,31275.0,160.1,92.3
491524,2399.0,31275.0,160.1,92.3
491525,2359.0,31275.0,160.1,92.3
491525,2299.0,31275.0,160.1,92.3
491538,1861.0,31275.0,160.1,92.3
491538,1990.0,31275.0,160.1,92.3
491538,2032.0,31275.0,160.1,92.3
491552,1578.0,31275.0,160.1,92.3
491553,1523.0,31275.0,160.1,92.3
491553,1509.0,31275.0,160.1,92.3
491570,1826.0,31275.0,160.1,92.3
491570,1787.0,31275.0,160.1,92.3
491570,1760.0,31275.0,160.1,92.3
491583,2360.0,31275.0,160.1,92.3
491584,2340.0,31275.0,160.1,92.3
491584,2370.0,31275.0,160.1,92.3
491601,2303.0,31276.0,160.1,92.3
491601,2318.0,31276.0,160.1,92.3
491602,2294.0,31276.0,160.1,92.3
491614,1555.0,31276.0,160.1,92.3
491615,1607.0,31276.0,160.1,92.3
491615,1647.0,31276.0,160.1,92.3
491627,2142.0,31276.0,160.1,92.3
491628,2044.0,31276.0,160.1,92.3
491628,2039.0,31276.0,160.1,92.3
491645,2413.0,31276.0,160.1,92.3
491646,2382.0,31276.0,160.1,92.3
491646,2334.0,31276.0,160.1,92.3
491659,2160.0,31277.0,160.1,92.3
491660,2234.0,31277.0,160.1,92.3
491660,2292.0,31277.0,160.1,92.3
491676,1758.0,31277.0,160.1,92.3
491676,1806.0,31277.0,160.1,92.3
491677,1840.0,31277.0,160.1,92.3
491690,1670.0,31278.0,160.1,92.3
491691,1654.0,31278.0,160.1,92.3
491691,1645.0,31278.0,160.1,92.3
491704,2375.0,31278.0,160.1,92.3
491704,2323.0,31278.0,160.1,92.3
491704,2344.0,31278.0,160.1,92.3
491722,2402.0,31279.0,160.1,92.3
491723,2427.0,31279.0,160.1,92.3
491723,2387.0,31279.0,160.1,92.3
491736,1644.0,31279.0,160.1,92.3
491736,1728.0,31279.0,160.1,92.3
491736,1789.0,31279.0,160.1,92.3
491750,1950.0,31280.0,160.1,92.3
491750,1876.0,31280.0,160.1,92.3
491750,1870.0,31280.0,160.1,92.3
491766,3113.0,31281.0,160.1,92.3
491767,3080.0,31281.0,160.1,92.3
491767,3066.0,31281.0,160.1,92.3
491780,2583.0,31281.0,160.1,92.3
491781,2575.0,31281.0,160.1,92.3
491781,2549.0,31281.0,160.1,92.3
491794,1296.0,31282.0,160.1,92.3
491794,1347.0,31282.0,160.1,92.3
491794,1342.0,31282.0,160.1,92.3
491811,1737.0,31283.0,160.1,92.3
491812,1654.0,31283.0,160.1,92.3
491812,1686.0,31283.0,160.1,92.3
491824,2361.0,31284.0,160.1,92.2
491825,2311.0,31284.0,160.1,92.2
491825,2262.0,31284.0,160.1,92.2
491842,2394.0,31285.0,160.1,92.2
491843,2446.0,31285.0,160.1,92.2
491843,2470.0,31285.0,160.0,92.2
491855,1717.0,31285.0,160.0,92.2
491856,1741.0,31285.0,160.0,92.2
491856,1749.0,31285.0,160.0,92.2
491870,1912.0,31287.0,160.0,92.2
491870,1889.0,31287.0,160.0,92.2
491870,1879.0,31287.0,160.0,92.2
491886,2350.0,31288.0,160.0,92.2
491887,2274.0,31288.0,160.0,92.2
491887,2279.0,31288.0,160.0,92.2
491900,2414.0,31289.0,160.0,92.2
491901,2460.0,31289.0,160.0,92.2
491901,2454.0,31289.0,160.0,92.2
491917,2018.0,31290.0,160.0,92.2
491917,2097.0,31290.0,160.0,92.2
491918,2161.0,31290.0,160.0,92.2
491931,1946.0,31291.0,160.0,92.2
491932,1876.0,31291.0,160.0,92.2
491932,1848.0,31291.0,160.0,92.2
491945,2700.0,31292.0,160.0,92.2
491945,2702.0,31292.0,160.0,92.2
491945,2694.0,31292.0,160.0,92.2
491963,2760.0,31294.0,160.0,92.2
491964,2741.0,31294.0,160.0,92.2
491964,2737.0,31294.0,160.0,92.2
491976,2132.0,31295.0,160.0,92.2
491977,2221.0,31295.0,160.0,92.2
491977,2232.0,31295.0,160.0,92.2
491990,1939.0,31295.0,160.0,92.2
491991,1888.0,31295.0,160.0,92.2
491991,1883.0,31295.0,160.0,92.2
492008,2145.0,31296.0,160.0,92.2
492008,2052.0,31296.0,160.0,92.2
492009,2032.0,31296.0,160.0,92.2
492021,2276.0,31297.0,160.0,92.2
492022,2304.0,31297.0,160.0,92.2
492022,2335.0,31297.0,160.0,92.2
492039,2015.0,31297.0,160.0,92.2
492039,2066.0,31297.0,160.0,92.2
492039,2069.0,31297.0,160.0,92.2
492052,1519.0,31297.0,160.0,92.2
492052,1520.0,31297.0,160.0,92.2
492053,1498.0,31297.0,160.0,92.2
492065,2238.0,31297.0,160.0,92.2
492065,2180.0,31297.0,160.0,92.2
492066,2214.0,31297.0,160.0,92.2
492084,2346.0,31296.0,160.0,92.2
492084,2328.0,31296.0,160.0,92.2
492084,2263.0,31296.0,160.0,92.2
492098,1868.0,31296.0,160.0,92.2
492098,1967.0,31296.0,160.0,92.2
492098,2015.0,31296.0,160.0,92.2
492111,1637.0,31295.0,160.0,92.2
492111,1561.0,31295.0,160.0,92.2
492111,1540.0,31295.0,160.0,92.2
492128,1952.0,31295.0,160.0,92.2
492129,1915.0,31295.0,160.0,92.2
492129,1886.0,31295.0,160.0,92.2
492142,2267.0,31294.0,160.0,92.2
492142,2275.0,31294.0,160.0,92.2
492142,2303.0,31294.0,160.0,92.2
492155,1616.0,31294.0,160.0,92.2
492155,1667.0,31294.0,160.0,92.2
492155,1624.0,31294.0,160.0,92.2
492172,1481.0,31293.0,160.0,92.2
492173,1505.0,31293.0,160.0,92.2
492173,1561.0,31293.0,160.0,92.2
492185,2301.0,31293.0,160.0,92.2
492186,2219.0,31293.0,160.0,92.2
492186,2185.0,31293.0,160.0,92.2
492203,2388.0,31293.0,160.0,92.2
492204,2425.0,31293.0,173.9,92.2
492204,2389.0,31293.0,173.9,92.2
492217,1871.0,31292.0,173.9,92.2
492218,1936.0,31292.0,173.9,92.2
492218,1991.0,31292.0,173.9,92.2
492230,1741.0,31292.0,173.9,92.2
492231,1686.0,31292.0,173.9,92.2
492231,1643.0,31292.0,173.9,92.2
492248,2016.0,31292.0,173.9,92.2
492248,1959.0,31292.0,173.9,92.2
492249,1985.0,31292.0,173.9,92.2
492261,2339.0,31292.0,173.9,92.2
492262,2329.0,31292.0,173.9,92.2
492262,2314.0,31292.0,173.9,92.2
492274,1593.0,31292.0,173.9,92.2
492275,1668.0,31292.0,173.9,92.2
492275,1656.0,31292.0,173.9,92.2
492292,1597.0,31292.0,173.9,92.2
492292,1577.0,31292.0,173.9,92.2
492293,1633.0,31292.0,173.9,92.2
492305,2408.0,31292.0,173.9,92.2
492306,2343.0,31292.0,173.9,92.2
492306,2292.0,31292.0,173.9,92.2
492323,2368.0,31291.0,173.9,92.2
492323,2410.0,31291.0,173.9,92.2
492324,2418.0,31291.0,173.9,92.2
492337,1878.0,31291.0,173.9,92.2
492338,1908.0,31291.0,173.9,92.2
492338,1946.0,31291.0,173.9,92.2
492350,1726.0,31291.0,173.9,92.2
492351,1693.0,31291.0,173.9,92.2
492351,1660.0,31291.0,173.9,92.2
492368,1995.0,31292.0,173.9,92.2
492369,1934.0,31292.0,173.9,92.2
492369,1946.0,31292.0,173.9,92.2
492381,2340.0,31292.0,173.9,92.2
492382,2329.0,31292.0,173.9,92.2
492382,2308.0,31292.0,173.9,92.2
492399,2462.0,31292.0,173.9,92.2
492399,2574.0,31292.0,173.9,92.2
492399,2616.0,31292.0,173.9,92.2
492412,2395.0,31292.0,173.9,92.2
492412,2349.0,31292.0,173.9,92.2
492413,2323.0,31292.0,173.9,92.2
492426,2236.0,31293.0,173.9,92.2
492427,2177.0,31293.0,173.9,92.2
492427,2129.0,31293.0,173.9,92.2
492444,2412.0,31293.0,173.9,92.2
492444,2404.0,31293.0,173.9,92.2
492444,2436.0,31293.0,173.9,92.2
492458,2010.0,31293.0,173.9,92.2
492458,2058.0,31293.0,173.9,92.2
492458,2032.0,31293.0,173.9,92.2
492471,1645.0,31294.0,173.9,92.2
492471,1637.0,31294.0,173.9,92.2
492472,1638.0,31294.0,173.9,92.2
492488,1992.0,31295.0,173.9,93.2
492489,1880.0,31295.0,173.9,93.2
492489,1848.0,31295.0,173.9,93.2
492502,2369.0,31295.0,173.9,93.2
492502,2418.0,31295.0,173.9,93.2
492502,2400.0,31295.0,173.9,93.2
492516,1794.0,31297.0,173.9,93.2
492516,1858.0,31297.0,173.9,93.2
492516,1884.0,31297.0,173.9,93.2
492532,1670.0,31297.0,173.9,93.2
492533,1648.0,31297.0,173.9,93.2
492533,1640.0,31297.0,173.9,93.2
492546,2314.0,31299.0,173.9,93.2
492547,2269.0,31299.0,173.9,93.2
492547,2278.0,31299.0,173.9,93.2
492563,2595.0,31299.0,169.1,93.2
492564,2573.0,31299.0,169.1,93.2
492564,2566.0,31299.0,169.1,93.2
492577,2175.0,31300.0,169.1,93.2
492578,2269.0,31300.0,169.1,93.2
492578,2288.0,31300.0,169.1,93.2
492590,2000.0,31301.0,169.1,93.2
492591,1941.0,31301.0,169.1,93.2
492591,1954.0,31301.0,169.1,93.2
492608,2370.0,31303.0,169.1,93.2
492608,2288.0,31303.0,169.1,93.2
492608,2258.0,31303.0,169.1,93.2
492621,2603.0,31304.0,169.1,93.2
492621,2623.0,31304.0,169.1,93.2
492622,2630.0,31304.0,169.1,93.2
492634,1789.0,31305.0,169.1,93.2
492635,1828.0,31305.0,169.1,93.2
492635,1817.0,31305.0,169.1,93.2
492652,1597.0,31306.0,169.1,93.2
492652,1580.0,31306.0,169.1,93.2
492652,1606.0,31306.0,169.1,93.2
492666,2209.0,31307.0,169.1,93.2
492666,2137.0,31307.0,169.1,93.2
492666,2128.0,31307.0,169.1,93.2
492683,2332.0,31308.0,169.1,93.2
492683,2333.0,31308.0,169.1,93.2
492683,2331.0,31308.0,169.1,93.2
492697,1776.0,31308.0,169.1,93.2
492697,1851.0,31308.0,169.1,93.2
492697,1877.0,31308.0,169.1,93.2
492710,1702.0,31308.0,169.1,93.2
492710,1633.0,31308.0,169.1,93.2
492710,1619.0,31308.0,169.1,93.2
492728,1951.0,31308.0,169.1,93.2
492728,1873.0,31308.0,169.1,93.2
492729,1860.0,31308.0,169.1,93.2
492741,2261.0,31308.0,169.1,93.2
492742,2255.0,31308.0,169.1,93.2
492742,2275.0,31308.0,169.1,93.2
492760,2227.0,31308.0,169.1,93.2
492761,2303.0,31308.0,169.1,93.2
492761,2299.0,31308.0,169.1,93.2
492773,1475.0,31308.0,169.1,93.2
492774,1506.0,31308.0,169.1,93.2
492774,1513.0,31308.0,169.1,93.2
492788,2005.0,31307.0,169.1,93.2
492788,1937.0,31307.0,169.1,93.2
492788,1951.0,31307.0,169.1,93.2
492806,2180.0,31306.0,169.1,93.2
492807,2122.0,31306.0,169.1,93.2
492807,2109.0,31306.0,169.1,93.2
492819,2134.0,31306.0,169.1,93.2
492820,2199.0,31306.0,169.1,93.2
492820,2220.0,31306.0,169.1,93.2
492833,1536.0,31306.0,169.1,93.2
492834,1545.0,31306.0,169.1,93.2
492834,1537.0,31306.0,169.1,93.2
492851,1614.0,31307.0,169.1,93.2
492851,1591.0,31307.0,169.1,93.2
492851,1591.0,31307.0,169.1,93.2
492865,2296.0,31307.0,169.1,93.2
492865,2226.0,31307.0,169.1,93.2
492866,2222.0,31307.0,169.1,93.2
492882,2383.0,31307.0,168.9,93.2
492882,2400.0,31307.0,168.9,93.2
492882,2367.0,31307.0,168.9,93.2
492896,1757.0,31308.0,168.9,93.2
492896,1844.0,31308.0,168.9,93.2
492896,1881.0,31308.0,168.9,93.2
492909,1814.0,31308.0,168.9,93.2
492910,1722.0,31308.0,168.9,93.2
492910,1727.0,31308.0,168.9,93.2
492928,1927.0,31309.0,168.9,93.2
492928,1872.0,31309.0,168.9,93.2
492929,1846.0,31309.0,168.9,93.2
492941,2307.0,31309.0,168.9,93.2
492942,2305.0,31309.0,168.9,93.2
492942,2329.0,31309.0,168.9,93.2
492955,1743.0,31310.0,168.9,94.2
492956,1809.0,31310.0,168.9,94.2
492956,1778.0,31310.0,168.9,94.2
492972,1490.0,31310.0,168.9,94.2
492973,1508.0,31310.0,168.9,94.2
492973,1544.0,31310.0,168.9,94.2
492986,2288.0,31311.0,168.9,94.2
492987,2171.0,31311.0,168.9,94.2
492987,2158.0,31311.0,168.9,94.2
493003,3017.0,31311.0,168.9,94.2
493003,3039.0,31311.0,168.9,94.2
493003,3043.0,31311.0,168.9,94.2
493017,2278.0,31311.0,168.9,94.2
493017,2301.0,31311.0,168.9,94.2
493018,2317.0,31311.0,168.9,94.2
493030,1422.0,31312.0,168.9,94.2
493031,1395.0,31312.0,168.9,94.2
493031,1353.0,31312.0,168.9,94.2
493049,1865.0,31312.0,168.9,94.2
493050,1794.0,31312.0,168.9,94.2
493050,1816.0,31312.0,168.9,94.2
493063,2322.0,31313.0,168.9,94.2
493063,2315.0,31313.0,168.9,94.2
493063,2283.0,31313.0,168.9,94.2
493077,1884.0,31313.0,168.9,94.2
493077,1974.0,31313.0,168.9,94.2
493077,1991.0,31313.0,168.9,94.2
493094,1598.0,31314.0,168.9,94.2
493095,1632.0,31314.0,168.9,94.2
493095,1668.0,31314.0,168.9,94.2
493107,2118.0,31315.0,168.9,94.2
493108,2050.0,31315.0,168.9,94.2
493108,2017.0,31315.0,168.9,94.2
493125,2379.0,31316.0,168.9,94.2
493125,2339.0,31316.0,168.9,94.2
493125,2356.0,31316.0,168.9,94.2
493138,2175.0,31316.0,168.9,94.2
493138,2227.0,31316.0,168.9,94.2
493139,2227.0,31316.0,168.9,94.2
493151,1747.0,31317.0,168.9,94.2
493152,1745.0,31317.0,168.9,94.2
493152,1720.0,31317.0,168.9,94.2
493170,1943.0,31319.0,168.9,94.2
493170,1888.0,31319.0,168.9,94.2
493170,1874.0,31319.0,168.9,94.2
493184,2619.0,31320.0,168.9,94.2
493185,2580.0,31320.0,168.9,94.2
493185,2560.0,31320.0,168.9,94.2
493197,2266.0,31321.0,168.9,94.2
493198,2338.0,31321.0,168.9,94.2
493198,2360.0,31321.0,168.9,94.2
493215,1942.0,31322.0,168.9,94.2
493215,1996.0,31322.0,168.9,94.2
493216,2020.0,31322.0,168.9,94.2
493228,2088.0,31323.0,168.9,94.2
493229,2018.0,31323.0,168.9,94.2
493229,1984.0,31323.0,168.9,94.2
493246,2257.0,31325.0,168.9,94.2
493246,2200.0,31325.0,168.9,94.2
493246,2185.0,31325.0,168.9,94.2
493259,2138.0,31325.0,168.9,94.2
493259,2168.0,31325.0,168.9,94.2
493260,2180.0,31325.0,168.9,94.2
493273,1497.0,31326.0,168.9,94.2
493273,1542.0,31326.0,168.9,94.2
493274,1537.0,31326.0,168.9,94.2
493291,1566.0,31326.0,168.9,94.2
493291,1515.0,31326.0,168.9,94.2
493291,1508.0,31326.0,168.9,94.2
493305,2236.0,31326.0,168.9,94.2
493305,2191.0,31326.0,168.9,94.2
493305,2163.0,31326.0,168.9,94.2
493318,1990.0,31326.0,168.9,94.2
493318,2054.0,31326.0,168.9,94.2
493318,2056.0,31326.0,168.9,94.2
493335,1652.0,31326.0,168.9,94.2
493336,1727.0,31326.0,168.9,94.2
493336,1766.0,31326.0,168.9,94.2
493349,1833.0,31326.0,168.9,94.2
493349,1761.0,31326.0,168.9,94.2
493349,1730.0,31326.0,168.9,94.2
493363,2259.0,31325.0,168.9,94.2
493364,2246.0,31325.0,168.9,94.2
493364,2261.0,31325.0,168.9,94.2
493380,2231.0,31325.0,168.9,94.2
493380,2251.0,31325.0,168.9,94.2
493381,2248.0,31325.0,168.9,94.2
493394,1558.0,31324.0,168.9,94.2
493394,1623.0,31324.0,168.9,94.2
493395,1629.0,31324.0,168.9,94.2
493411,1576.0,31324.0,168.9,94.2
493411,1525.0,31324.0,168.9,94.2
493411,1521.0,31324.0,168.9,94.2
493425,2276.0,31324.0,168.9,94.2
493425,2215.0,31324.0,168.9,94.2
493426,2197.0,31324.0,168.9,94.2
493438,2089.0,31323.0,168.9,94.2
493438,2157.0,31323.0,168.9,94.2
493439,2156.0,31323.0,168.9,94.2
493456,1768.0,31323.0,168.9,94.2
493456,1835.0,31323.0,168.9,94.2
493456,1864.0,31323.0,168.9,94.2
493469,1834.0,31323.0,168.9,94.2
493469,1767.0,31323.0,168.9,94.2
493470,1696.0,31323.0,168.9,94.2
493484,2372.0,31323.0,168.9,94.2
493484,2349.0,31323.0,168.9,94.2
493484,2354.0,31323.0,168.9,94.2
493500,2328.0,31323.0,168.9,94.2
493501,2344.0,31323.0,168.9,94.2
493501,2335.0,31323.0,168.9,94.2
493515,1570.0,31323.0,168.9,94.2
493515,1666.0,31323.0,168.9,94.2
493515,1700.0,31323.0,168.9,94.2
493532,1488.0,31323.0,168.9,94.2
493533,1478.0,31323.0,168.9,94.2
493533,1504.0,31323.0,168.9,94.2
493546,2199.0,31323.0,168.9,94.2
493546,2147.0,31323.0,168.9,94.2
493546,2116.0,31323.0,168.9,94.2
493559,2185.0,31323.0,168.9,94.2
493559,2224.0,31323.0,168.9,94.2
493560,2235.0,31323.0,168.9,94.2
493577,2029.0,31324.0,168.9,94.2
493577,2108.0,31324.0,168.9,94.2
493577,2147.0,31324.0,168.9,94.2
493590,2259.0,31324.0,168.9,94.2
493590,2209.0,31324.0,168.9,94.2
493590,2208.0,31324.0,168.9,94.2
493604,2819.0,31324.0,168.9,94.2
493604,2763.0,31324.0,168.9,94.2
493605,2752.0,31324.0,168.9,94.2
493621,2105.0,31325.0,168.9,94.2
493621,2161.0,31325.0,168.9,94.2
493621,2132.0,31325.0,168.9,94.2
493635,1732.0,31325.0,168.9,94.2
493635,1804.0,31325.0,168.9,94.2
493636,1870.0,31325.0,168.9,94.2
493653,1528.0,31325.0,168.9,94.2
493653,1508.0,31325.0,168.9,94.2
493654,1488.0,31325.0,168.9,94.2
493667,2143.0,31325.0,168.9,94.2
493667,2100.0,31325.0,168.9,94.2
493667,2100.0,31325.0,168.9,94.2
493680,2221.0,31326.0,168.9,94.2
493680,2227.0,31326.0,168.9,94.2
493680,2233.0,31326.0,168.9,94.2
493697,2051.0,31326.0,168.9,94.2
493698,2129.0,31326.0,168.9,94.2
493698,2139.0,31326.0,168.9,94.2
493711,1593.0,31327.0,168.9,94.2
493712,1586.0,31327.0,168.9,94.2
493712,1585.0,31327.0,168.9,94.2
493725,2387.0,31328.0,168.9,94.2
493725,2329.0,31328.0,168.9,94.2
493725,2324.0,31328.0,168.9,94.2
493742,2532.0,31329.0,168.9,94.2
493743,2540.0,31329.0,168.9,94.2
493743,2516.0,31329.0,168.9,94.2
493755,1960.0,31329.0,168.9,94.2
493756,2033.0,31329.0,168.9,94.2
493756,2061.0,31329.0,168.9,94.2
493773,1827.0,31330.0,168.9,94.2
493774,1850.0,31330.0,168.9,94.2
493774,1871.0,31330.0,168.9,94.2
493787,2381.0,31331.0,168.9,94.2
493787,2330.0,31331.0,168.9,94.2
493787,2316.0,31331.0,168.9,94.2
493800,2573.0,31332.0,168.9,94.2
493800,2593.0,31332.0,168.9,94.2
493800,2586.0,31332.0,168.9,94.2
493818,2179.0,31332.0,168.9,94.2
493818,2256.0,31332.0,168.9,94.2
493818,2282.0,31332.0,168.9,94.2
493832,1529.0,31333.0,168.9,94.2
493832,1546.0,31333.0,168.9,94.2
493832,1554.0,31333.0,168.9,94.2
493848,1844.0,31333.0,168.9,94.2
493849,1767.0,31333.0,168.9,94.2
493849,1762.0,31333.0,168.9,94.2
493862,2304.0,31333.0,168.9,94.2
493863,2285.0,31333.0,168.9,94.2
493863,2270.0,31333.0,168.9,94.2
493876,1752.0,31333.0,168.9,94.2
493876,1818.0,31333.0,168.9,94.2
493876,1829.0,31333.0,168.9,94.2
493894,1519.0,31332.0,168.9,94.2
493895,1575.0,31332.0,168.9,94.2
493895,1614.0,31332.0,168.9,94.2
493907,1931.0,31332.0,168.9,94.2
493908,1879.0,31332.0,168.9,94.2
493908,1835.0,31332.0,168.9,94.2
493921,2276.0,31331.0,168.9,94.2
493922,2296.0,31331.0,168.9,94.2
493922,2300.0,31331.0,168.9,94.2
493938,2058.0,31331.0,168.9,94.2
493939,2104.0,31331.0,168.9,94.2
493939,2115.0,31331.0,168.9,94.2
493952,1472.0,31329.0,168.9,94.2
493953,1516.0,31329.0,168.9,94.2
493953,1497.0,31329.0,168.9,94.2
493969,1696.0,31329.0,168.9,94.2
493970,1628.0,31329.0,168.9,94.2
493970,1635.0,31329.0,168.9,94.2
493984,2290.0,31328.0,167.1,94.2
493984,2250.0,31328.0,167.1,94.2
493984,2215.0,31328.0,167.1,94.2
493997,1949.0,31327.0,167.1,94.2
493997,2015.0,31327.0,167.1,94.2
493997,2034.0,31327.0,167.1,94.2
494015,1711.0,31327.0,167.1,94.2
494016,1791.0,31327.0,167.1,94.2
494016,1820.0,31327.0,167.1,94.2
494028,1838.0,31326.0,167.1,94.2
494029,1773.0,31326.0,167.1,94.2
494029,1742.0,31326.0,167.1,94.2
494043,2347.0,31325.0,167.1,94.2
494043,2338.0,31325.0,167.1,94.2
494043,2362.0,31325.0,167.1,94.2
494059,2248.0,31325.0,167.1,94.2
494060,2266.0,31325.0,167.1,94.2
494060,2269.0,31325.0,167.1,94.2
494073,1564.0,31324.0,167.1,94.2
494074,1633.0,31324.0,167.1,94.2
494074,1649.0,31324.0,167.1,94.2
494091,1562.0,31324.0,167.1,94.2
494092,1533.0,31324.0,167.1,94.2
494092,1545.0,31324.0,167.1,94.2
494104,2338.0,31324.0,167.1,94.2
494105,2289.0,31324.0,167.1,94.2
494105,2258.0,31324.0,167.1,94.2
494118,2116.0,31324.0,167.1,94.2
494118,2214.0,31324.0,167.1,94.2
494119,2293.0,31324.0,167.1,94.2
494120,2319.0,31324.0,167.1,94.2
494138,2042.0,31323.0,167.1,94.2
494138,2098.0,31323.0,167.1,94.2
494138,2122.0,31323.0,167.1,94.2
494152,1547.0,31322.0,167.1,94.2
494152,1542.0,31322.0,167.1,94.2
494152,1525.0,31322.0,167.1,94.2
494165,2224.0,31322.0,167.1,94.2
494165,2186.0,31322.0,167.1,94.2
494166,2192.0,31322.0,167.1,94.2
494182,2396.0,31323.0,167.1,94.2
494183,2369.0,31323.0,167.1,94.2
494183,2341.0,31323.0,167.1,94.2
494196,1789.0,31323.0,167.1,94.2
494196,1884.0,31323.0,167.1,94.2
494196,1897.0,31323.0,167.1,94.2
494210,1925.0,31323.0,167.1,94.2
494210,1887.0,31323.0,167.1,94.2
494210,1908.0,31323.0,167.1,94.2
494226,2815.0,31323.0,167.1,94.2
494227,2736.0,31323.0,167.1,94.2
494227,2709.0,31323.0,167.1,94.2
494241,2491.0,31323.0,167.1,94.2
494241,2498.0,31323.0,167.1,94.2
494241,2468.0,31323.0,167.1,94.2
494258,1976.0,31324.0,167.1,94.2
494258,2036.0,31324.0,167.1,94.2
494258,2072.0,31324.0,167.1,94.2
494272,1656.0,31324.0,167.1,95.3
494273,1655.0,31324.0,167.1,95.3
494273,1649.0,31324.0,167.1,95.3
494285,2093.0,31325.0,167.1,95.3
494286,2048.0,31325.0,167.1,95.3
494286,2031.0,31325.0,167.1,95.3
494303,2411.0,31325.0,177.0,95.3
494304,2348.0,31325.0,177.0,95.3
494304,2323.0,31325.0,177.0,95.3
494317,1993.0,31326.0,177.0,95.3
494317,2087.0,31326.0,177.0,95.3
494317,2089.0,31326.0,177.0,95.3
494334,1710.0,31327.0,177.0,95.3
494335,1778.0,31327.0,177.0,95.3
494335,1801.0,31327.0,177.0,95.3
494347,2075.0,31327.0,177.0,95.3
494348,1997.0,31327.0,177.0,95.3
494348,1967.0,31327.0,177.0,95.3
494361,2481.0,31328.0,177.0,95.3
494362,2502.0,31328.0,177.0,95.3
494362,2521.0,31328.0,177.0,95.3
494380,2507.0,31330.0,177.0,95.3
494380,2537.0,31330.0,177.0,95.3
494381,2522.0,31330.0,177.0,95.3
494393,1847.0,31330.0,177.0,95.3
494394,1921.0,31330.0,177.0,95.3
494394,1941.0,31330.0,177.0,95.3
494407,2366.0,31331.0,177.0,95.3
494407,2294.0,31331.0,177.0,95.3
494407,2311.0,31331.0,177.0,95.3
494424,2686.0,31332.0,177.0,95.3
494425,2627.0,31332.0,177.0,95.3
494425,2580.0,31332.0,177.0,95.3
494438,2334.0,31332.0,177.0,95.3
494438,2419.0,31332.0,177.0,95.3
494438,2455.0,31332.0,177.0,95.3
494452,1737.0,31333.0,177.0,95.3
494452,1710.0,31333.0,177.0,95.3
494452,1700.0,31333.0,177.0,95.3
494469,1765.0,31333.0,177.0,95.3
494470,1708.0,31333.0,177.0,95.3
494470,1714.0,31333.0,177.0,95.3
494483,2330.0,31333.0,177.0,95.3
494483,2299.0,31333.0,177.0,95.3
494483,2303.0,31333.0,177.0,95.3
494500,2271.0,31333.0,177.0,95.3
494501,2318.0,31333.0,177.0,95.3
494501,2277.0,31333.0,177.0,95.3
494514,1520.0,31333.0,177.0,95.3
494514,1598.0,31333.0,177.0,95.3
494514,1633.0,31333.0,177.0,95.3
494527,1971.0,31332.0,177.0,95.3
494527,1883.0,31332.0,177.0,95.3
494527,1879.0,31332.0,177.0,95.3
494544,2262.0,31331.0,177.0,95.3
494545,2213.0,31331.0,177.0,95.3
494545,2164.0,31331.0,177.0,95.3
494559,2119.0,31330.0,177.0,95.3
494559,2189.0,31330.0,177.0,95.3
494559,2226.0,31330.0,177.0,95.3
494575,1761.0,31329.0,177.0,95.3
494576,1831.0,31329.0,177.0,95.3
494576,1817.0,31329.0,177.0,95.3
494589,1647.0,31328.0,177.0,95.3
494590,1632.0,31328.0,177.0,95.3
494590,1626.0,31328.0,177.0,95.3
494603,2334.0,31328.0,180.2,95.3
494603,2281.0,31328.0,180.2,95.3
494603,2304.0,31328.0,180.2,95.3
494621,2365.0,31326.0,180.2,95.3
494622,2377.0,31326.0,180.2,95.3
494622,2338.0,31326.0,180.2,95.3
494634,1629.0,31326.0,180.2,95.3
494635,1720.0,31326.0,180.2,95.3
494635,1784.0,31326.0,180.2,95.3
494649,1810.0,31324.0,180.2,95.3
494649,1730.0,31324.0,180.2,95.3
494649,1705.0,31324.0,180.2,95.3
494665,2202.0,31324.0,180.2,95.3
494666,2163.0,31324.0,180.2,95.3
494666,2143.0,31324.0,180.2,95.3
494679,2240.0,31324.0,180.2,95.3
494680,2271.0,31324.0,180.2,95.3
494680,2299.0,31324.0,180.2,95.3
494696,1917.0,31323.0,180.2,95.3
494697,1991.0,31323.0,180.2,95.3
494697,1980.0,31323.0,180.2,95.3
494710,1582.0,31323.0,180.2,95.3
494711,1577.0,31323.0,180.2,95.3
494711,1589.0,31323.0,180.2,95.3
494723,2332.0,31322.0,180.2,95.3
494724,2269.0,31322.0,180.2,95.3
494724,2272.0,31322.0,180.2,95.3
494742,2405.0,31322.0,180.2,95.3
494743,2412.0,31322.0,180.2,95.3
494743,2370.0,31322.0,180.2,95.3
494755,1779.0,31321.0,180.2,95.3
494756,1874.0,31321.0,180.2,95.3
494756,1915.0,31321.0,180.2,95.3
494770,1740.0,31320.0,180.2,95.3
494770,1662.0,31320.0,180.2,95.3
494770,1644.0,31320.0,180.2,95.3
494786,2093.0,31320.0,180.2,95.3
494787,2054.0,31320.0,180.2,95.3
494787,2032.0,31320.0,180.2,95.3
494800,2410.0,31319.0,180.2,95.3
494801,2416.0,31319.0,180.2,95.3
494801,2423.0,31319.0,180.2,95.3
494814,1702.0,31319.0,180.2,95.3
494814,1771.0,31319.0,180.2,95.3
494814,1752.0,31319.0,180.2,95.3
494831,1487.0,31319.0,180.2,95.3
494832,1497.0,31319.0,180.2,95.3
494832,1540.0,31319.0,180.2,95.3
494845,2274.0,31319.0,180.2,95.3
494845,2190.0,31319.0,180.2,95.3
494845,2169.0,31319.0,180.2,95.3
494862,2357.0,31319.0,180.2,95.3
494863,2385.0,31319.0,180.2,95.3
494863,2365.0,31319.0,180.2,95.3
494875,1818.0,31319.0,180.2,95.3
494876,1881.0,31319.0,180.2,95.3
494876,1918.0,31319.0,180.2,95.3
494890,1840.0,31319.0,180.2,95.3
494890,1788.0,31319.0,180.2,95.3
494890,1783.0,31319.0,180.2,95.3
494907,2658.0,31319.0,184.2,95.3
494908,2589.0,31319.0,184.2,95.3
494908,2604.0,31319.0,184.2,95.3
494920,2687.0,31320.0,184.2,95.3
494921,2652.0,31320.0,184.2,95.3
494921,2606.0,31320.0,184.2,95.3
494938,1925.0,31320.0,184.2,95.9
494938,2038.0,31320.0,184.2,95.9
494938,2056.0,31320.0,184.2,95.9
494951,1648.0,31320.0,184.2,95.9
494951,1616.0,31320.0,184.2,95.9
494952,1624.0,31320.0,184.2,95.9
494964,2268.0,31321.0,184.2,95.9
494965,2207.0,31321.0,184.2,95.9
494965,2187.0,31321.0,184.2,95.9
494983,2393.0,31321.0,184.2,95.9
494983,2381.0,31321.0,184.2,95.9
494983,2376.0,31321.0,184.2,95.9
494997,2080.0,31322.0,184.2,95.9
494997,2144.0,31322.0,184.2,95.9
494998,2140.0,31322.0,184.2,95.9
495010,1669.0,31322.0,184.2,95.9
495010,1664.0,31322.0,184.2,95.9
495011,1652.0,31322.0,184.2,95.9
495028,1990.0,31323.0,184.2,95.9
495028,1919.0,31323.0,184.2,95.9
495028,1919.0,31323.0,184.2,95.9
495041,2487.0,31324.0,184.2,95.9
495041,2493.0,31324.0,184.2,95.9
495041,2482.0,31324.0,184.2,95.9
495054,1840.0,31324.0,184.2,95.9
495054,1928.0,31324.0,184.2,95.9
495055,1936.0,31324.0,184.2,95.9
495071,1776.0,31326.0,184.2,95.9
495072,1778.0,31326.0,184.2,95.9
495072,1799.0,31326.0,184.2,95.9
495085,2552.0,31326.0,184.2,95.9
495085,2501.0,31326.0,184.2,95.9
495085,2470.0,31326.0,184.2,95.9
495102,2717.0,31328.0,184.2,95.9
495103,2702.0,31328.0,184.2,95.9
495103,2694.0,31328.0,184.2,95.9
495117,2318.0,31329.0,184.2,95.9
495117,2385.0,31329.0,184.2,95.9
495117,2403.0,31329.0,184.2,95.9
495130,1884.0,31330.0,184.2,95.9
495130,1832.0,31330.0,184.2,95.9
495130,1825.0,31330.0,184.2,95.9
495147,1995.0,31330.0,184.2,95.9
495148,1935.0,31330.0,184.2,95.9
495148,1930.0,31330.0,184.2,95.9
495160,2345.0,31330.0,184.2,95.9
495161,2324.0,31330.0,184.2,95.9
495161,2314.0,31330.0,184.2,95.9
495174,1624.0,31330.0,184.2,95.9
495174,1703.0,31330.0,184.2,95.9
495174,1712.0,31330.0,184.2,95.9
495192,1450.0,31328.0,184.2,95.9
495192,1468.0,31328.0,184.2,95.9
495192,1488.0,31328.0,184.2,95.9
495205,2114.0,31328.0,184.2,95.9
495205,2028.0,31328.0,184.2,95.9
495206,2013.0,31328.0,184.2,95.9
495223,2281.0,31326.0,193.7,95.9
495223,2278.0,31326.0,193.7,95.9
495223,2273.0,31326.0,193.7,95.9
495237,1978.0,31325.0,193.7,95.9
495237,2032.0,31325.0,193.7,95.9
495238,2054.0,31325.0,193.7,95.9
495250,1552.0,31324.0,193.7,95.9
495251,1548.0,31324.0,193.7,95.9
495251,1513.0,31324.0,193.7,95.9
495268,1815.0,31323.0,193.7,95.9
495268,1753.0,31323.0,193.7,95.9
495268,1767.0,31323.0,193.7,95.9
495281,2332.0,31322.0,193.7,95.9
495281,2306.0,31322.0,193.7,95.9
495281,2293.0,31322.0,193.7,95.9
495294,1643.0,31321.0,193.7,95.9
495294,1737.0,31321.0,193.7,95.9
495295,1734.0,31321.0,193.7,95.9
495311,1492.0,31320.0,193.7,95.9
495312,1479.0,31320.0,193.7,95.9
495312,1518.0,31320.0,193.7,95.9
495326,2121.0,31318.0,193.7,95.9
495326,2049.0,31318.0,193.7,95.9
495326,2008.0,31318.0,193.7,95.9
495342,2331.0,31318.0,193.7,95.9
495343,2336.0,31318.0,193.7,95.9
495343,2334.0,31318.0,193.7,95.9
495357,1982.0,31317.0,193.7,95.9
495357,2023.0,31317.0,193.7,95.9
495357,2037.0,31317.0,193.7,95.9
495370,1632.0,31316.0,193.7,95.9
495370,1611.0,31316.0,193.7,95.9
495370,1597.0,31316.0,193.7,95.9
495387,1905.0,31315.0,193.7,95.9
495388,1825.0,31315.0,193.7,95.9
495388,1813.0,31315.0,193.7,95.9
495400,2357.0,31315.0,193.7,95.9
495401,2352.0,31315.0,193.7,95.9
495401,2333.0,31315.0,193.7,95.9
495414,1634.0,31315.0,193.7,95.9
495414,1697.0,31315.0,193.7,95.9
495414,1707.0,31315.0,193.7,95.9
495431,1530.0,31314.0,193.7,95.9
495431,1510.0,31314.0,193.7,95.9
495432,1527.0,31314.0,193.7,95.9
495445,2177.0,31313.0,193.7,95.9
495446,2128.0,31313.0,193.7,95.9
495446,2054.0,31313.0,193.7,95.9
495462,2381.0,31313.0,193.7,95.9
495462,2391.0,31313.0,193.7,95.9
495463,2390.0,31313.0,193.7,95.9
495476,1988.0,31313.0,193.7,95.9
495477,2035.0,31313.0,193.7,95.9
495477,2041.0,31313.0,193.7,95.9
495489,1691.0,31313.0,193.7,95.9
495490,1670.0,31313.0,193.7,95.9
495490,1654.0,31313.0,193.7,95.9
495507,2054.0,31313.0,193.7,95.9
495507,1962.0,31313.0,193.7,95.9
495507,1976.0,31313.0,193.7,95.9
495520,2407.0,31312.0,193.7,95.9
495520,2412.0,31312.0,193.7,95.9
495521,2394.0,31312.0,193.7,95.9
495533,1578.0,31312.0,193.7,95.9
495534,1655.0,31312.0,193.7,95.9
495534,1660.0,31312.0,193.7,95.9
495551,1561.0,31312.0,193.7,95.9
495551,1521.0,31312.0,193.7,95.9
495551,1535.0,31312.0,193.7,95.9
495565,2192.0,31313.0,193.7,95.9
495565,2117.0,31313.0,193.7,95.9
495566,2092.0,31313.0,193.7,95.9
495582,2364.0,31313.0,187.6,95.9
495583,2366.0,31313.0,187.6,95.9
495583,2367.0,31313.0,187.6,95.9
495597,2129.0,31312.0,187.6,95.9
495598,2196.0,31312.0,187.6,95.9
495598,2247.0,31312.0,187.6,95.9
495611,2167.0,31313.0,187.6,95.9
495611,2179.0,31313.0,187.6,95.9
495612,2186.0,31313.0,187.6,95.9
495628,2302.0,31313.0,187.6,96.4
495629,2201.0,31313.0,187.6,96.4
495629,2184.0,31313.0,187.6,96.4
495642,2162.0,31314.0,187.6,96.4
495642,2133.0,31314.0,187.6,96.4
495642,2108.0,31314.0,187.6,96.4
495656,1961.0,31315.0,187.6,96.4
495656,2022.0,31315.0,187.6,96.4
495656,2072.0,31315.0,187.6,96.4
495672,1544.0,31315.0,187.6,96.4
495673,1573.0,31315.0,187.6,96.4
495673,1557.0,31315.0,187.6,96.4
495687,1984.0,31316.0,187.6,96.4
495687,1944.0,31316.0,187.6,96.4
495687,1936.0,31316.0,187.6,96.4
495705,2290.0,31317.0,187.6,96.4
495705,2216.0,31317.0,187.6,96.4
495706,2185.0,31317.0,187.6,96.4
495718,2236.0,31317.0,187.6,96.4
495719,2310.0,31317.0,187.6,96.4
495719,2314.0,31317.0,187.6,96.4
495731,1639.0,31318.0,187.6,96.4
495732,1648.0,31318.0,187.6,96.4
495733,1674.0,31318.0,187.6,96.4
495750,1732.0,31319.0,187.6,96.4
495751,1699.0,31319.0,187.6,96.4
495751,1706.0,31319.0,187.6,96.4
495764,2407.0,31320.0,187.6,96.4
495765,2349.0,31320.0,187.6,96.4
495765,2341.0,31320.0,187.6,96.4
495781,2638.0,31321.0,187.6,96.4
495781,2635.0,31321.0,187.6,96.4
495781,2629.0,31321.0,187.6,96.4
495795,2139.0,31323.0,187.6,96.4
495795,2247.0,31323.0,187.6,96.4
495796,2242.0,31323.0,187.6,96.4
495808,2143.0,31324.0,187.6,96.4
495809,2081.0,31324.0,187.6,96.4
495809,2068.0,31324.0,187.6,96.4
495827,2333.0,31325.0,187.6,96.4
495827,2263.0,31325.0,187.6,96.4
495827,2227.0,31325.0,187.6,96.4
495840,2578.0,31326.0,187.6,96.4
495841,2604.0,31326.0,187.6,96.4
495841,2620.0,31326.0,187.6,96.4
495854,1867.0,31327.0,187.6,96.4
495855,1917.0,31327.0,187.6,96.4
495855,1911.0,31327.0,187.6,96.4
495871,1539.0,31327.0,187.6,96.4
495871,1539.0,31327.0,187.6,96.4
495872,1560.0,31327.0,187.6,96.4
495885,2095.0,31327.0,187.6,96.4
495886,2006.0,31327.0,187.6,96.4
495886,1994.0,31327.0,187.6,96.4
495902,2307.0,31327.0,184.8,96.4
495903,2298.0,31327.0,184.8,96.4
495903,2269.0,31327.0,184.8,96.4
495917,1943.0,31326.0,184.8,96.4
495917,2016.0,31326.0,184.8,96.4
495917,2043.0,31326.0,184.8,96.4
495930,1540.0,31326.0,184.8,96.4
495930,1509.0,31326.0,184.8,96.4
495930,1489.0,31326.0,184.8,96.4
495948,1663.0,31325.0,184.8,96.4
495949,1624.0,31325.0,184.8,96.4
495949,1607.0,31325.0,184.8,96.4
495962,2310.0,31324.0,184.8,96.4
495962,2281.0,31324.0,184.8,96.4
495962,2279.0,31324.0,184.8,96.4
495976,1896.0,31323.0,184.8,96.4
495976,1966.0,31323.0,184.8,96.4
495976,1952.0,31323.0,184.8,96.4
495993,1549.0,31322.0,184.8,96.4
495994,1624.0,31322.0,184.8,96.4
495994,1684.0,31322.0,184.8,96.4
496006,1974.0,31322.0,184.8,96.4
496007,1880.0,31322.0,184.8,96.4
496007,1835.0,31322.0,184.8,96.4
496020,2285.0,31321.0,184.8,96.4
496020,2324.0,31321.0,184.8,96.4
496020,2337.0,31321.0,184.8,96.4
496037,2104.0,31320.0,184.8,96.4
496038,2152.0,31320.0,184.8,96.4
496038,2166.0,31320.0,184.8,96.4
496051,1485.0,31320.0,184.8,96.4
496051,1525.0,31320.0,184.8,96.4
496052,1505.0,31320.0,184.8,96.4
496069,1642.0,31319.0,184.8,96.4
496069,1575.0,31319.0,184.8,96.4
496070,1593.0,31319.0,184.8,96.4
496083,2323.0,31318.0,184.8,96.4
496083,2252.0,31318.0,184.8,96.4
496084,2233.0,31318.0,184.8,96.4
496096,1990.0,31318.0,184.8,96.4
496097,2071.0,31318.0,184.8,96.4
496097,2087.0,31318.0,184.8,96.4
496114,1671.0,31318.0,184.8,96.4
496114,1714.0,31318.0,184.8,96.4
496114,1765.0,31318.0,184.8,96.4
496127,1923.0,31317.0,184.8,96.4
496127,1851.0,31317.0,184.8,96.4
496128,1811.0,31317.0,184.8,96.4
496140,2304.0,31317.0,184.8,96.4
496141,2334.0,31317.0,184.8,96.4
496141,2369.0,31317.0,184.8,96.4
496158,2188.0,31316.0,184.8,96.4
496158,2219.0,31316.0,184.8,96.4
496158,2206.0,31316.0,184.8,96.4
496171,1525.0,31316.0,184.8,96.4
496171,1551.0,31316.0,184.8,96.4
496172,1548.0,31316.0,184.8,96.4
496189,1683.0,31316.0,184.8,96.4
496189,1611.0,31316.0,184.8,96.4
496190,1600.0,31316.0,184.8,96.4
496204,2313.0,31316.0,185.0,96.4
496204,2245.0,31316.0,185.0,96.4
496205,2204.0,31316.0,185.0,96.4
496217,2131.0,31316.0,185.0,96.4
496218,2200.0,31316.0,185.0,96.4
496218,2227.0,31316.0,185.0,96.4
496235,1917.0,31316.0,185.0,96.4
496235,1973.0,31316.0,185.0,96.4
496235,1987.0,31316.0,185.0,96.4
496248,1873.0,31316.0,185.0,96.4
496248,1821.0,31316.0,185.0,96.4
496249,1792.0,31316.0,185.0,96.4
496262,2346.0,31316.0,185.0,96.4
496262,2323.0,31316.0,185.0,96.4
496263,2348.0,31316.0,185.0,96.4
496279,2274.0,31316.0,185.0,96.4
496279,2322.0,31316.0,185.0,96.4
496279,2295.0,31316.0,185.0,96.4
496293,1572.0,31316.0,185.0,96.4
496293,1659.0,31316.0,185.0,96.4
496293,1680.0,31316.0,185.0,96.4
496309,1634.0,31317.0,185.0,96.4
496310,1574.0,31317.0,185.0,96.4
496310,1579.0,31317.0,185.0,96.4
496324,2305.0,31317.0,185.0,96.4
496324,2272.0,31317.0,185.0,96.4
496324,2247.0,31317.0,185.0,96.4
496337,2619.0,31317.0,185.0,96.4
496337,2688.0,31317.0,185.0,96.4
496338,2732.0,31317.0,185.0,96.4
496355,2518.0,31318.0,185.0,96.0
496356,2576.0,31318.0,185.0,96.0
496356,2575.0,31318.0,185.0,96.0
496368,1630.0,31318.0,185.0,96.0
496369,1587.0,31318.0,185.0,96.0
496369,1524.0,31318.0,185.0,96.0
496386,2088.0,31319.0,185.0,96.0
496387,1991.0,31319.0,185.0,96.0
496387,2026.0,31319.0,185.0,96.0
496399,2348.0,31320.0,185.0,96.0
496400,2346.0,31320.0,185.0,96.0
496400,2306.0,31320.0,185.0,96.0
496414,1709.0,31321.0,185.0,96.0
496414,1819.0,31321.0,185.0,96.0
496415,1884.0,31321.0,185.0,96.0
496432,1626.0,31322.0,185.0,96.0
496433,1640.0,31322.0,185.0,96.0
496433,1664.0,31322.0,185.0,96.0
496446,2151.0,31323.0,185.0,96.0
496446,2087.0,31323.0,185.0,96.0
496446,2065.0,31323.0,185.0,96.0
496459,2386.0,31324.0,185.0,96.0
496460,2404.0,31324.0,185.0,96.0
496460,2437.0,31324.0,185.0,96.0
496477,2288.0,31324.0,185.0,96.0
496477,2347.0,31324.0,185.0,96.0
496478,2328.0,31324.0,185.0,96.0
496490,1737.0,31325.0,185.0,96.0
496491,1747.0,31325.0,185.0,96.0
496491,1751.0,31325.0,185.0,96.0
496504,2451.0,31326.0,187.4,96.0
496505,2367.0,31326.0,187.4,96.0
496505,2382.0,31326.0,187.4,96.0
496522,2701.0,31327.0,187.4,96.0
496523,2660.0,31327.0,187.4,96.0
496523,2623.0,31327.0,187.4,96.0
496535,2279.0,31328.0,187.4,96.0
496536,2365.0,31328.0,187.4,96.0
496536,2420.0,31328.0,187.4,96.0
496553,2091.0,31330.0,187.4,96.0
496554,2112.0,31330.0,187.4,96.0
496554,2112.0,31330.0,187.4,96.0
496567,2259.0,31331.0,187.4,96.0
496567,2231.0,31331.0,187.4,96.0
496567,2200.0,31331.0,187.4,96.0
496580,2507.0,31332.0,187.4,96.0
496580,2495.0,31332.0,187.4,96.0
496580,2503.0,31332.0,187.4,96.0
496597,2201.0,31332.0,187.4,96.0
496598,2251.0,31332.0,187.4,96.0
496598,2229.0,31332.0,187.4,96.0
496611,1485.0,31333.0,187.4,96.0
496612,1521.0,31333.0,187.4,96.0
496612,1570.0,31333.0,187.4,96.0
496629,1644.0,31333.0,187.4,96.0
496629,1552.0,31333.0,187.4,96.0
496629,1535.0,31333.0,187.4,96.0
496643,2244.0,31332.0,187.4,96.0
496643,2230.0,31332.0,187.4,96.0
496643,2220.0,31332.0,187.4,96.0
496656,1948.0,31332.0,187.4,96.0
496657,2029.0,31332.0,187.4,96.0
496657,2045.0,31332.0,187.4,96.0
496675,1821.0,31331.0,187.4,96.0
496676,1887.0,31331.0,187.4,96.0
496676,1913.0,31331.0,187.4,96.0
496688,1681.0,31331.0,187.4,96.0
496689,1607.0,31331.0,187.4,96.0
496689,1599.0,31331.0,187.4,96.0
496703,2271.0,31330.0,187.4,96.0
496703,2238.0,31330.0,187.4,96.0
496703,2242.0,31330.0,187.4,96.0
496719,2286.0,31330.0,187.4,96.0
496720,2296.0,31330.0,187.4,96.0
496720,2282.0,31330.0,187.4,96.0
496733,1614.0,31328.0,187.4,96.0
496734,1690.0,31328.0,187.4,96.0
496734,1736.0,31328.0,187.4,96.0
496751,1521.0,31328.0,187.4,96.0
496751,1494.0,31328.0,187.4,96.0
496751,1510.0,31328.0,187.4,96.0
496764,2215.0,31327.0,187.4,96.0
496765,2153.0,31327.0,187.4,96.0
496765,2139.0,31327.0,187.4,96.0
496777,2182.0,31327.0,187.4,96.0
496778,2219.0,31327.0,187.4,96.0
496778,2228.0,31327.0,187.4,96.0
496796,1991.0,31327.0,187.4,96.0
496797,2077.0,31327.0,187.4,96.0
496797,2128.0,31327.0,187.4,96.0
496811,1524.0,31327.0,187.4,96.0
496811,1526.0,31327.0,187.4,96.0
496812,1531.0,31327.0,187.4,96.0
496824,2181.0,31327.0,187.4,96.0
496825,2125.0,31327.0,187.4,96.0
496825,2133.0,31327.0,187.4,96.0
496842,2371.0,31326.0,190.5,96.0
496842,2347.0,31326.0,190.5,96.0
496842,2315.0,31326.0,190.5,96.0
496855,1844.0,31326.0,190.5,96.0
496855,1930.0,31326.0,190.5,96.0
496855,1945.0,31326.0,190.5,96.0
496868,1728.0,31326.0,190.5,96.0
496868,1672.0,31326.0,190.5,96.0
496869,1674.0,31326.0,190.5,96.0
496885,2086.0,31326.0,190.5,96.0
496886,2039.0,31326.0,190.5,96.0
496886,1999.0,31326.0,190.5,96.0
496899,2271.0,31326.0,190.5,96.0
496899,2319.0,31326.0,190.5,96.0
496899,2333.0,31326.0,190.5,96.0
496916,2069.0,31325.0,190.5,96.0
496917,2126.0,31325.0,190.5,96.0
496917,2139.0,31325.0,190.5,96.0
496931,1621.0,31325.0,190.5,96.0
496931,1647.0,31325.0,190.5,96.0
496931,1653.0,31325.0,190.5,96.0
496944,2261.0,31326.0,190.5,96.0
496944,2204.0,31326.0,190.5,96.0
496944,2225.0,31326.0,190.5,96.0
496962,2388.0,31326.0,190.5,96.0
496962,2347.0,31326.0,190.5,96.0
496962,2318.0,31326.0,190.5,96.0
496975,1790.0,31326.0,190.5,96.0
496975,1891.0,31326.0,190.5,96.0
496975,1923.0,31326.0,190.5,96.0
496988,1776.0,31326.0,190.5,96.0
496988,1694.0,31326.0,190.5,96.0
496989,1685.0,31326.0,190.5,96.0
497006,2094.0,31326.0,190.5,96.0
497006,2019.0,31326.0,190.5,96.0
497006,1985.0,31326.0,190.5,96.0
497020,2321.0,31327.0,190.5,96.0
497020,2330.0,31327.0,190.5,96.0
497020,2358.0,31327.0,190.5,96.0
497036,2541.0,31327.0,190.5,96.0
497037,2619.0,31327.0,190.5,96.0
497037,2617.0,31327.0,190.5,96.0
497051,2376.0,31328.0,190.5,96.1
497051,2400.0,31328.0,190.5,96.1
497051,2387.0,31328.0,190.5,96.1
497064,2269.0,31328.0,190.5,96.1
497064,2191.0,31328.0,190.5,96.1
497064,2158.0,31328.0,190.5,96.1
497082,2380.0,31329.0,190.5,96.1
497082,2381.0,31329.0,190.5,96.1
497082,2372.0,31329.0,190.5,96.1
497095,1891.0,31330.0,190.5,96.1
497095,1937.0,31330.0,190.5,96.1
497095,1972.0,31330.0,190.5,96.1
497109,1630.0,31331.0,190.5,96.1
497110,1580.0,31331.0,190.5,96.1
497110,1580.0,31331.0,190.5,96.1
497126,2017.0,31331.0,190.5,96.1
497127,1927.0,31331.0,190.5,96.1
497127,1917.0,31331.0,190.5,96.1
497140,2415.0,31333.0,190.5,96.1
497141,2412.0,31333.0,190.5,96.1
497141,2407.0,31333.0,190.5,96.1
497157,2250.0,31334.0,190.5,96.1
497158,2327.0,31334.0,190.5,96.1
497158,2314.0,31334.0,190.5,96.1
497171,1658.0,31335.0,190.5,96.1
497172,1681.0,31335.0,190.5,96.1
497172,1693.0,31335.0,190.5,96.1
497185,2297.0,31336.0,187.1,96.1
497185,2264.0,31336.0,187.1,96.1
497185,2272.0,31336.0,187.1,96.1
497202,2587.0,31337.0,187.1,96.1
497203,2553.0,31337.0,187.1,96.1
497203,2517.0,31337.0,187.1,96.1
497216,2269.0,31338.0,187.1,96.1
497216,2342.0,31338.0,187.1,96.1
497216,2378.0,31338.0,187.1,96.1
497230,1944.0,31340.0,187.1,96.1
497230,1904.0,31340.0,187.1,96.1
497230,1907.0,31340.0,187.1,96.1
497246,2301.0,31341.0,187.1,96.1
497247,2240.0,31341.0,187.1,96.1
497247,2220.0,31341.0,187.1,96.1
497261,2703.0,31343.0,187.1,96.1
497261,2690.0,31343.0,187.1,96.1
497261,2687.0,31343.0,187.1,96.1
497279,2469.0,31344.0,187.1,96.1
497279,2489.0,31344.0,187.1,96.1
497279,2464.0,31344.0,187.1,96.1
497292,1611.0,31345.0,187.1,96.1
497292,1669.0,31345.0,187.1,96.1
497293,1679.0,31345.0,187.1,96.1
497305,2051.0,31345.0,187.1,96.1
497306,2002.0,31345.0,187.1,96.1
497306,1990.0,31345.0,187.1,96.1
497323,2307.0,31346.0,187.1,96.1
497323,2235.0,31346.0,187.1,96.1
497323,2201.0,31346.0,187.1,96.1
497336,1884.0,31346.0,187.1,96.1
497336,1987.0,31346.0,187.1,96.1
497337,2030.0,31346.0,187.1,96.1
497350,1523.0,31346.0,187.1,96.1
497350,1495.0,31346.0,187.1,96.1
497351,1490.0,31346.0,187.1,96.1
497367,1807.0,31345.0,187.1,96.1
497367,1748.0,31345.0,187.1,96.1
497367,1725.0,31345.0,187.1,96.1
497381,2306.0,31344.0,187.1,96.1
497381,2275.0,31344.0,187.1,96.1
497381,2286.0,31344.0,187.1,96.1
497399,2236.0,31344.0,187.1,96.1
497399,2286.0,31344.0,187.1,96.1
497399,2264.0,31344.0,187.1,96.1
497412,1504.0,31343.0,187.1,96.1
497412,1571.0,31343.0,187.1,96.1
497413,1589.0,31343.0,187.1,96.1
497425,2038.0,31343.0,187.1,96.1
497426,1975.0,31343.0,187.1,96.1
497426,1965.0,31343.0,187.1,96.1
497443,2321.0,31342.0,187.1,96.1
497443,2284.0,31342.0,187.1,96.1
497443,2223.0,31342.0,187.1,96.1
497456,1968.0,31342.0,187.1,96.1
497456,2045.0,31342.0,187.1,96.1
497457,2086.0,31342.0,187.1,96.1
497470,1573.0,31341.0,187.1,96.1
497471,1555.0,31341.0,187.1,96.1
497471,1547.0,31341.0,187.1,96.1
497488,1756.0,31340.0,187.1,96.1
497488,1699.0,31340.0,187.1,96.1
497488,1703.0,31340.0,187.1,96.1
497501,2336.0,31340.0,185.0,96.1
497501,2315.0,31340.0,185.0,96.1
497501,2325.0,31340.0,185.0,96.1
497519,2323.0,31340.0,185.0,96.1
497519,2356.0,31340.0,185.0,96.1
497519,2338.0,31340.0,185.0,96.1
497532,1569.0,31340.0,185.0,96.1
497532,1615.0,31340.0,185.0,96.1
497533,1634.0,31340.0,185.0,96.1
497545,2084.0,31340.0,185.0,96.1
497546,2005.0,31340.0,185.0,96.1
497546,2013.0,31340.0,185.0,96.1
497563,2380.0,31340.0,185.0,96.1
497563,2336.0,31340.0,185.0,96.1
497563,2318.0,31340.0,185.0,96.1
497576,2058.0,31340.0,185.0,96.1
497576,2141.0,31340.0,185.0,96.1
497576,2199.0,31340.0,185.0,96.1
497590,1538.0,31340.0,185.0,96.1
497590,1516.0,31340.0,185.0,96.1
497591,1501.0,31340.0,185.0,96.1
497608,1783.0,31341.0,185.0,96.1
497608,1729.0,31341.0,185.0,96.1
497608,1728.0,31341.0,185.0,96.1
497621,2342.0,31341.0,185.0,96.1
497621,2312.0,31341.0,185.0,96.1
497622,2314.0,31341.0,185.0,96.1
497639,2341.0,31341.0,185.0,96.1
497640,2359.0,31341.0,185.0,96.1
497640,2358.0,31341.0,185.0,96.1
497653,1703.0,31341.0,185.0,96.1
497653,1772.0,31341.0,185.0,96.1
497653,1793.0,31341.0,185.0,96.1
497666,2422.0,31341.0,185.0,96.1
497666,2372.0,31341.0,185.0,96.1
497666,2372.0,31341.0,185.0,96.1
497683,2900.0,31341.0,185.0,96.1
497684,2826.0,31341.0,185.0,96.1
497684,2782.0,31341.0,185.0,96.1
497697,1873.0,31341.0,185.0,96.1
497698,1941.0,31341.0,185.0,96.1
497698,1947.0,31341.0,185.0,96.1
497711,1614.0,31342.0,185.0,96.1
497711,1624.0,31342.0,185.0,96.1
497711,1635.0,31342.0,185.0,96.1
497728,1673.0,31342.0,185.0,96.1
497729,1622.0,31342.0,185.0,96.1
497729,1580.0,31342.0,185.0,96.1
497741,2337.0,31343.0,185.0,96.1
497742,2341.0,31343.0,185.0,96.1
497742,2367.0,31343.0,185.0,96.1
497759,2377.0,31344.0,185.0,96.1
497760,2375.0,31344.0,185.0,96.1
497760,2355.0,31344.0,185.0,96.1
497773,1680.0,31344.0,185.0,96.6
497773,1756.0,31344.0,185.0,96.6
497773,1756.0,31344.0,185.0,96.6
497787,1934.0,31345.0,185.0,96.6
497787,1862.0,31345.0,185.0,96.6
497787,1893.0,31345.0,185.0,96.6
497803,2399.0,31345.0,185.0,96.6
497804,2352.0,31345.0,185.0,96.6
497804,2291.0,31345.0,185.0,96.6
497817,2318.0,31347.0,185.0,96.6
497818,2409.0,31347.0,182.6,96.6
497818,2428.0,31347.0,182.6,96.6
497834,2033.0,31347.0,182.6,96.6
497834,2074.0,31347.0,182.6,96.6
497835,2093.0,31347.0,182.6,96.6
497848,2003.0,31348.0,182.6,96.6
497849,1973.0,31348.0,182.6,96.6
497849,1955.0,31348.0,182.6,96.6
497861,2686.0,31349.0,182.6,96.6
497862,2644.0,31349.0,182.6,96.6
497862,2667.0,31349.0,182.6,96.6
497880,2727.0,31350.0,182.6,96.6
497880,2720.0,31350.0,182.6,96.6
497881,2669.0,31350.0,182.6,96.6
497893,1931.0,31351.0,182.6,96.6
497894,2010.0,31351.0,182.6,96.6
497894,2065.0,31351.0,182.6,96.6
497907,1927.0,31353.0,182.6,96.6
497908,1838.0,31353.0,182.6,96.6
497908,1825.0,31353.0,182.6,96.6
497924,2207.0,31353.0,182.6,96.6
497924,2168.0,31353.0,182.6,96.6
497924,2135.0,31353.0,182.6,96.6
497938,2166.0,31353.0,182.6,96.6
497938,2191.0,31353.0,182.6,96.6
497938,2228.0,31353.0,182.6,96.6
497954,1823.0,31354.0,182.6,96.6
497955,1880.0,31354.0,182.6,96.6
497955,1877.0,31354.0,182.6,96.6
497969,1550.0,31353.0,182.6,96.6
497969,1539.0,31353.0,182.6,96.6
497969,1547.0,31353.0,182.6,96.6
497982,2276.0,31353.0,182.6,96.6
497982,2216.0,31353.0,182.6,96.6
497982,2216.0,31353.0,182.6,96.6
498000,2299.0,31353.0,182.6,96.6
498001,2316.0,31353.0,182.6,96.6
498001,2271.0,31353.0,182.6,96.6
498014,1652.0,31352.0,182.6,96.6
498014,1751.0,31352.0,182.6,96.6
498014,1794.0,31352.0,182.6,96.6
498028,1685.0,31352.0,182.6,96.6
498028,1608.0,31352.0,182.6,96.6
498029,1577.0,31352.0,182.6,96.6
498046,1936.0,31351.0,182.6,96.6
498046,1874.0,31351.0,182.6,96.6
498047,1864.0,31351.0,182.6,96.6
498059,2267.0,31351.0,182.6,96.6
498060,2269.0,31351.0,182.6,96.6
498060,2296.0,31351.0,182.6,96.6
498077,2142.0,31350.0,182.6,96.6
498077,2196.0,31350.0,182.6,96.6
498077,2184.0,31350.0,182.6,96.6
498090,1518.0,31350.0,182.6,96.6
498090,1531.0,31350.0,182.6,96.6
498090,1535.0,31350.0,182.6,96.6
498103,2255.0,31349.0,182.6,96.6
498103,2182.0,31349.0,182.6,96.6
498104,2183.0,31349.0,182.6,96.6
498122,2371.0,31348.0,182.6,96.6
498122,2341.0,31348.0,182.6,96.6
498122,2326.0,31348.0,182.6,96.6
498136,1986.0,31348.0,182.6,96.6
498136,2066.0,31348.0,182.6,96.6
498136,2125.0,31348.0,182.6,96.6
498149,1662.0,31348.0,182.6,96.6
498149,1604.0,31348.0,182.6,96.6
498149,1565.0,31348.0,182.6,96.6
498166,1874.0,31348.0,182.6,96.6
498167,1842.0,31348.0,182.6,96.6
498167,1839.0,31348.0,182.6,96.6
498180,2389.0,31348.0,179.4,96.6
498180,2338.0,31348.0,179.4,96.6
498180,2381.0,31348.0,179.4,96.6
498193,1762.0,31348.0,179.4,96.6
498193,1831.0,31348.0,179.4,96.6
498193,1792.0,31348.0,179.4,96.6
498210,1520.0,31348.0,179.4,96.6
498211,1520.0,31348.0,179.4,96.6
498211,1571.0,31348.0,179.4,96.6
498223,2211.0,31348.0,179.4,96.6
498224,2129.0,31348.0,179.4,96.6
498224,2091.0,31348.0,179.4,96.6
498241,2334.0,31348.0,179.4,96.6
498242,2359.0,31348.0,179.4,96.6
498242,2326.0,31348.0,179.4,96.6
498255,1977.0,31348.0,179.4,96.6
498256,2009.0,31348.0,179.4,96.6
498256,2058.0,31348.0,179.4,96.6
498269,1661.0,31348.0,179.4,96.6
498269,1627.0,31348.0,179.4,96.6
498269,1573.0,31348.0,179.4,96.6
498286,2290.0,31348.0,179.4,96.6
498286,2257.0,31348.0,179.4,96.6
498287,2311.0,31348.0,179.4,96.6
498299,3203.0,31349.0,179.4,96.6
498300,3182.0,31349.0,179.4,96.6
498300,3131.0,31349.0,179.4,96.6
498312,1767.0,31349.0,179.4,96.6
498313,1843.0,31349.0,179.4,96.6
498313,1799.0,31349.0,179.4,96.6
498330,1483.0,31349.0,179.4,96.6
498330,1467.0,31349.0,179.4,96.6
498330,1556.0,31349.0,179.4,96.6
498343,2325.0,31349.0,179.4,96.6
498343,2232.0,31349.0,179.4,96.6
498344,2145.0,31349.0,179.4,96.6
498361,2336.0,31349.0,179.4,96.6
498361,2371.0,31349.0,179.4,96.6
498361,2407.0,31349.0,179.4,96.6
498375,1972.0,31350.0,179.4,96.6
498375,1997.0,31350.0,179.4,96.6
498376,2016.0,31350.0,179.4,96.6
498388,1727.0,31350.0,179.4,96.7
498389,1721.0,31350.0,179.4,96.7
498389,1681.0,31350.0,179.4,96.7
498406,1961.0,31351.0,179.4,96.7
498406,1892.0,31351.0,179.4,96.7
498407,1923.0,31351.0,179.4,96.7
498419,2468.0,31352.0,179.4,96.7
498420,2437.0,31352.0,179.4,96.7
498420,2411.0,31352.0,179.4,96.7
498438,2390.0,31353.0,179.4,96.7
498438,2457.0,31353.0,179.4,96.7
498439,2512.0,31353.0,179.4,96.7
498451,1775.0,31353.0,179.4,96.7
498452,1765.0,31353.0,179.4,96.7
498452,1772.0,31353.0,179.4,96.7
498466,2236.0,31355.0,179.4,96.7
498466,2214.0,31355.0,179.4,96.7
498466,2187.0,31355.0,179.4,96.7
498485,2387.0,31356.0,179.4,96.7
498485,2312.0,31356.0,179.4,96.7
498485,2319.0,31356.0,179.4,96.7
498498,2621.0,31357.0,179.4,96.7
498498,2654.0,31357.0,179.4,96.7
498499,2647.0,31357.0,179.4,96.7
498511,1860.0,31358.0,179.4,96.7
498511,1886.0,31358.0,179.4,96.7
498512,1892.0,31358.0,179.4,96.7
498529,1752.0,31360.0,179.4,96.7
498529,1701.0,31360.0,179.4,96.7
498529,1701.0,31360.0,179.4,96.7
498542,2331.0,31360.0,179.4,96.7
498542,2294.0,31360.0,179.4,96.7
498542,2283.0,31360.0,179.4,96.7
498556,2061.0,31361.0,179.4,96.7
498556,2131.0,31361.0,179.4,96.7
498557,2120.0,31361.0,179.4,96.7
498574,1762.0,31361.0,179.4,96.7
498574,1822.0,31361.0,179.4,96.7
498574,1867.0,31361.0,179.4,96.7
498587,1619.0,31360.0,179.4,96.7
498588,1587.0,31360.0,179.4,96.7
498588,1553.0,31360.0,179.4,96.7
498605,1927.0,31360.0,179.4,96.7
498606,1838.0,31360.0,179.4,96.7
498606,1870.0,31360.0,179.4,96.7
498618,2240.0,31359.0,179.4,96.7
498619,2251.0,31359.0,179.4,96.7
498619,2258.0,31359.0,179.4,96.7
498632,1555.0,31359.0,179.4,96.7
498632,1613.0,31359.0,179.4,96.7
498632,1594.0,31359.0,179.4,96.7
498649,1519.0,31358.0,179.4,96.7
498650,1497.0,31358.0,179.4,96.7
498650,1509.0,31358.0,179.4,96.7
498663,2194.0,31356.0,179.4,96.7
498664,2121.0,31356.0,179.4,96.7
498664,2074.0,31356.0,179.4,96.7
498680,2316.0,31356.0,179.4,96.7
498681,2348.0,31356.0,179.4,96.7
498681,2341.0,31356.0,179.4,96.7
498694,1833.0,31355.0,179.4,96.7
498695,1894.0,31355.0,179.4,96.7
498695,1908.0,31355.0,179.4,96.7
498707,1717.0,31354.0,179.4,96.7
498708,1683.0,31354.0,179.4,96.7
498708,1647.0,31354.0,179.4,96.7
498726,1870.0,31353.0,179.4,96.7
498727,1796.0,31353.0,179.4,96.7
498727,1806.0,31353.0,179.4,96.7
498740,2331.0,31353.0,179.4,96.7
498740,2345.0,31353.0,179.4,96.7
498741,2315.0,31353.0,179.4,96.7
498754,1837.0,31352.0,179.4,96.7
498754,1914.0,31352.0,179.4,96.7
498755,1928.0,31352.0,179.4,96.7
498771,1523.0,31352.0,179.4,96.7
498771,1546.0,31352.0,179.4,96.7
498771,1582.0,31352.0,179.4,96.7
498785,2053.0,31351.0,179.4,96.7
498785,1971.0,31351.0,179.4,96.7
498786,1943.0,31351.0,179.4,96.7
498802,2324.0,31351.0,179.4,96.7
498802,2295.0,31351.0,179.4,96.7
498802,2304.0,31351.0,179.4,96.7
498816,2091.0,31350.0,179.4,96.7
498816,2154.0,31350.0,179.4,96.7
498816,2152.0,31350.0,179.4,96.7
498829,1671.0,31350.0,179.4,96.7
498829,1653.0,31350.0,179.4,96.7
498829,1621.0,31350.0,179.4,96.7
498847,1736.0,31349.0,179.4,96.7
498848,1676.0,31349.0,179.4,96.7
498848,1674.0,31349.0,179.4,96.7
498861,2304.0,31349.0,179.4,96.7
498861,2272.0,31349.0,179.4,96.7
498861,2266.0,31349.0,179.4,96.7
498875,1980.0,31348.0,179.4,96.7
498876,2063.0,31348.0,179.4,96.7
498876,2078.0,31348.0,179.4,96.7
498893,1664.0,31348.0,179.4,96.7
498893,1727.0,31348.0,179.4,96.7
498894,1768.0,31348.0,179.4,96.7
498906,1895.0,31348.0,179.4,96.7
498907,1820.0,31348.0,179.4,96.7
498907,1783.0,31348.0,179.4,96.7
498924,2381.0,31347.0,179.4,96.7
498924,2349.0,31347.0,179.4,96.7
498924,2357.0,31347.0,179.4,96.7
498937,2977.0,31347.0,179.4,96.7
498937,3006.0,31347.0,179.4,96.7
498938,3028.0,31347.0,179.4,96.7
498950,1986.0,31347.0,179.4,96.7
498951,1979.0,31347.0,179.4,96.7
498951,1929.0,31347.0,179.4,96.7
498969,1421.0,31347.0,179.4,96.7
498969,1444.0,31347.0,179.4,96.7
498969,1460.0,31347.0,179.4,96.7
498983,2306.0,31347.0,179.4,96.7
498983,2218.0,31347.0,179.4,96.7
498984,2186.0,31347.0,179.4,96.7
498996,2117.0,31348.0,179.4,96.7
498997,2187.0,31348.0,179.4,96.7
498997,2182.0,31348.0,179.4,96.7
499014,1860.0,31348.0,179.4,96.7
499014,1921.0,31348.0,179.4,96.7
499015,1975.0,31348.0,179.4,96.7
499027,1815.0,31348.0,179.4,96.7
499027,1749.0,31348.0,179.4,96.7
499028,1700.0,31348.0,179.4,96.7
499040,2377.0,31348.0,179.4,96.7
499041,2371.0,31348.0,179.4,96.7
499041,2399.0,31348.0,179.4,96.7
499058,2408.0,31348.0,179.4,96.7
499059,2396.0,31348.0,179.4,96.7
499059,2375.0,31348.0,179.4,96.7
499072,1786.0,31349.0,179.4,96.7
499073,1888.0,31349.0,179.4,96.7
499073,1896.0,31349.0,179.4,96.7
499089,1762.0,31349.0,179.4,96.7
499090,1722.0,31349.0,179.4,96.7
499090,1746.0,31349.0,179.4,96.7
499103,2491.0,31350.0,179.4,96.7
499104,2435.0,31350.0,179.4,96.7
499104,2391.0,31350.0,179.4,96.7
499117,2487.0,31350.0,179.4,96.7
499117,2546.0,31350.0,179.4,96.7
499117,2578.0,31350.0,179.4,96.7
499134,2243.0,31351.0,179.4,96.7
499134,2294.0,31351.0,179.4,96.7
499135,2299.0,31351.0,179.4,96.7
499147,2084.0,31352.0,179.4,96.7
499148,2061.0,31352.0,179.4,96.7
499148,2029.0,31352.0,179.4,96.7
499160,2585.0,31352.0,179.4,96.7
499161,2545.0,31352.0,179.4,96.7
499162,2557.0,31352.0,179.4,96.7
499178,2411.0,31352.0,179.4,96.7
499179,2434.0,31352.0,179.4,96.7
499179,2402.0,31352.0,179.4,96.7
499193,1704.0,31352.0,179.4,96.7
499194,1809.0,31352.0,179.4,96.7
499194,1835.0,31352.0,179.4,96.7
499210,1474.0,31352.0,179.4,96.7
499211,1452.0,31352.0,179.4,96.7
499211,1469.0,31352.0,179.4,96.7
499224,2006.0,31351.0,179.4,96.7
499225,1921.0,31351.0,179.4,96.7
499226,1873.0,31351.0,179.4,96.7
499238,2232.0,31350.0,179.4,96.7
499239,2223.0,31350.0,179.4,96.7
499239,2253.0,31350.0,179.4,96.7
499256,2037.0,31349.0,179.4,96.7
499256,2092.0,31349.0,179.4,96.7
499256,2073.0,31349.0,179.4,96.7
499269,1515.0,31348.0,179.4,96.7
499269,1516.0,31348.0,179.4,96.7
499269,1522.0,31348.0,179.4,96.7
499283,2193.0,31346.0,179.4,96.7
499283,2116.0,31346.0,179.4,96.7
499284,2119.0,31346.0,179.4,96.7
499299,2338.0,31345.0,179.4,96.7
499300,2361.0,31345.0,179.4,96.7
499300,2317.0,31345.0,179.4,96.7
499314,1791.0,31344.0,179.4,96.7
499314,1875.0,31344.0,179.4,96.7
499314,1923.0,31344.0,179.4,96.7
499332,1593.0,31342.0,179.4,96.7
499332,1609.0,31342.0,179.4,96.7
499332,1614.0,31342.0,179.4,96.7
499345,1926.0,31341.0,179.4,96.7
499346,1905.0,31341.0,179.4,96.7
499346,1879.0,31341.0,179.4,96.7
499359,2313.0,31340.0,179.4,96.7
499359,2303.0,31340.0,179.4,96.7
499359,2320.0,31340.0,179.4,96.7
499376,2166.0,31339.0,179.4,96.7
499377,2236.0,31339.0,179.4,96.7
499377,2236.0,31339.0,179.4,96.7
499391,1527.0,31338.0,179.4,96.7
499391,1579.0,31338.0,179.4,96.7
499391,1601.0,31338.0,179.4,96.7
499407,1733.0,31337.0,179.4,96.7
499408,1664.0,31337.0,179.4,96.7
499408,1645.0,31337.0,179.4,96.7
499422,2323.0,31337.0,179.4,96.7
499422,2293.0,31337.0,179.4,96.7
499422,2275.0,31337.0,179.4,96.7
499435,2060.0,31336.0,179.4,96.7
499436,2113.0,31336.0,179.4,96.7
499436,2116.0,31336.0,179.4,96.7
499453,1774.0,31335.0,179.4,96.7
499453,1853.0,31335.0,179.4,96.7
499454,1871.0,31335.0,179.4,96.7
499466,1871.0,31335.0,179.4,96.7
499467,1810.0,31335.0,179.4,96.7
499467,1789.0,31335.0,179.4,96.7
499480,2426.0,31334.0,110.5,96.7
499481,2401.0,31334.0,110.5,96.7
499481,2394.0,31334.0,110.5,96.7
499497,2332.0,31334.0,110.5,96.7
499498,2384.0,31334.0,110.5,96.7
499498,2384.0,31334.0,110.5,96.7
499511,1543.0,31334.0,110.5,96.7
499512,1596.0,31334.0,110.5,96.7
499512,1604.0,31334.0,110.5,96.7
499525,2015.0,31334.0,110.5,96.7
499525,1956.0,31334.0,110.5,96.7
499525,1964.0,31334.0,110.5,96.7
499542,2302.0,31333.0,110.5,96.7
499543,2250.0,31333.0,110.5,96.7
499543,2208.0,31333.0,110.5,96.7
499555,2024.0,31333.0,110.5,96.7
499556,2106.0,31333.0,110.5,96.7
499556,2156.0,31333.0,110.5,96.7
499573,1805.0,31332.0,110.5,96.7
499573,1853.0,31332.0,110.5,96.7
499574,1879.0,31332.0,110.5,96.7
499586,2463.0,31332.0,110.5,96.7
499587,2416.0,31332.0,110.5,96.7
499587,2415.0,31332.0,110.5,96.7
499600,3140.0,31332.0,110.5,96.7
499601,3101.0,31332.0,110.5,96.7
499601,3101.0,31332.0,110.5,96.7
499617,2077.0,31332.0,110.5,96.7
499618,2106.0,31332.0,110.5,96.7
499618,2067.0,31332.0,110.5,96.7
499631,1579.0,31332.0,110.5,96.7
499632,1653.0,31332.0,110.5,96.7
499632,1728.0,31332.0,110.5,96.7
499648,1659.0,31333.0,110.5,96.7
499649,1563.0,31333.0,110.5,96.7
499649,1528.0,31333.0,110.5,96.7
499662,2264.0,31333.0,110.5,96.7
499663,2254.0,31333.0,110.5,96.7
499663,2267.0,31333.0,110.5,96.7
499676,2155.0,31333.0,110.5,96.9
499676,2154.0,31333.0,110.5,96.9
499676,2167.0,31333.0,110.5,96.9
499694,1991.0,31333.0,110.5,96.9
499695,2086.0,31333.0,110.5,96.9
499695,2095.0,31333.0,110.5,96.9
499707,1776.0,31334.0,110.5,96.9
499708,1740.0,31334.0,110.5,96.9
499708,1741.0,31334.0,110.5,96.9
499722,2471.0,31334.0,110.5,96.9
499722,2400.0,31334.0,110.5,96.9
499722,2379.0,31334.0,110.5,96.9
499738,2496.0,31335.0,110.5,96.9
499739,2534.0,31335.0,110.5,96.9
499739,2528.0,31335.0,110.5,96.9
499752,1920.0,31335.0,110.5,96.9
499753,1987.0,31335.0,110.5,96.9
499753,2005.0,31335.0,110.5,96.9
499770,1896.0,31336.0,110.5,96.9
499770,1904.0,31336.0,110.5,96.9
499771,1907.0,31336.0,110.5,96.9
499783,2539.0,31337.0,110.5,96.9
499784,2479.0,31337.0,110.5,96.9
499784,2490.0,31337.0,110.5,96.9
499797,2616.0,31337.0,110.5,96.9
499798,2676.0,31337.0,110.5,96.9
499798,2680.0,31337.0,110.5,96.9
499816,2335.0,31339.0,110.5,96.9
499816,2412.0,31339.0,110.5,96.9
499817,2414.0,31339.0,110.5,96.9
499830,1696.0,31339.0,110.5,96.9
499831,1696.0,31339.0,110.5,96.9
499831,1698.0,31339.0,110.5,96.9
499843,2168.0,31339.0,110.5,96.9
499844,2137.0,31339.0,110.5,96.9
499844,2138.0,31339.0,110.5,96.9
499861,2297.0,31339.0,110.5,96.9
499861,2268.0,31339.0,110.5,96.9
499861,2227.0,31339.0,110.5,96.9
499874,1826.0,31339.0,110.5,96.9
499874,1919.0,31339.0,110.5,96.9
499875,1925.0,31339.0,110.5,96.9
499887,1626.0,31338.0,110.5,96.9
499888,1585.0,31338.0,110.5,96.9
499888,1579.0,31338.0,110.5,96.9
499905,1968.0,31337.0,110.5,96.9
499905,1894.0,31337.0,110.5,96.9
499905,1867.0,31337.0,110.5,96.9
499919,2277.0,31336.0,110.5,96.9
499919,2301.0,31336.0,110.5,96.9
499920,2297.0,31336.0,110.5,96.9
499936,2080.0,31335.0,110.5,96.9
499936,2142.0,31335.0,110.5,96.9
499937,2143.0,31335.0,110.5,96.9
499950,1498.0,31334.0,110.5,96.9
499951,1541.0,31334.0,110.5,96.9
499951,1562.0,31334.0,110.5,96.9
499964,2032.0,31333.0,110.5,96.9
499964,1976.0,31333.0,110.5,96.9
499965,1987.0,31333.0,110.5,96.9
499982,2299.0,31332.0,110.5,96.9
499982,2245.0,31332.0,110.5,96.9
499982,2199.0,31332.0,110.5,96.9
499995,1986.0,31331.0,110.5,96.9
499995,2068.0,31331.0,110.5,96.9
499995,2102.0,31331.0,110.5,96.9
500009,1546.0,31330.0,110.5,96.9
500010,1520.0,31330.0,110.5,96.9
500010,1517.0,31330.0,110.5,96.9
500026,1884.0,31329.0,110.5,96.9
500026,1824.0,31329.0,110.5,96.9
500026,1805.0,31329.0,110.5,96.9
500040,2318.0,31329.0,110.5,96.9
500040,2304.0,31329.0,110.5,96.9
500040,2318.0,31329.0,110.5,96.9
500057,2216.0,31328.0,110.5,96.9
500057,2262.0,31328.0,110.5,96.9
500057,2255.0,31328.0,110.5,96.9
500071,1559.0,31328.0,110.5,96.9
500071,1587.0,31328.0,110.5,96.9
500072,1646.0,31328.0,110.5,96.9
500084,2059.0,31327.0,110.5,96.9
500085,1974.0,31327.0,110.5,96.9
500085,1970.0,31327.0,110.5,96.9
500102,2300.0,31327.0,110.5,96.9
500102,2256.0,31327.0,110.5,96.9
500103,2212.0,31327.0,110.5,96.9
500115,2056.0,31326.0,110.5,96.9
500116,2116.0,31326.0,110.5,96.9
500116,2160.0,31326.0,110.5,96.9
500133,1789.0,31326.0,110.5,96.9
500133,1828.0,31326.0,110.5,96.9
500133,1841.0,31326.0,110.5,96.9
500146,1887.0,31326.0,110.5,96.9
500146,1852.0,31326.0,110.5,96.9
500147,1828.0,31326.0,110.5,96.9
500160,2433.0,31326.0,110.5,96.9
500160,2401.0,31326.0,110.5,96.9
500161,2439.0,31326.0,110.5,96.9
500179,2363.0,31325.0,110.5,96.9
500179,2373.0,31325.0,110.5,96.9
500179,2365.0,31325.0,110.5,96.9
500192,1607.0,31325.0,110.5,96.9
500192,1694.0,31325.0,110.5,96.9
500192,1726.0,31325.0,110.5,96.9
500205,1977.0,31325.0,110.5,96.9
500206,1883.0,31325.0,110.5,96.9
500206,1866.0,31325.0,110.5,96.9
500223,2252.0,31325.0,110.5,96.9
500223,2212.0,31325.0,110.5,96.9
500223,2164.0,31325.0,110.5,96.9
500236,2117.0,31325.0,110.5,96.9
500236,2171.0,31325.0,110.5,96.9
500236,2205.0,31325.0,110.5,96.9
500250,1725.0,31325.0,110.5,96.9
500250,1746.0,31325.0,110.5,96.9
500251,1745.0,31325.0,110.5,96.9
500266,2620.0,31325.0,110.5,96.9
500267,2565.0,31325.0,110.5,96.9
500267,2602.0,31325.0,110.5,96.9
500281,2661.0,31325.0,110.5,96.9
500281,2582.0,31325.0,110.5,96.9
500281,2524.0,31325.0,110.5,96.9
500298,2192.0,31326.0,110.5,97.1
500299,2297.0,31326.0,110.5,97.1
500299,2309.0,31326.0,110.5,97.1
500312,1715.0,31326.0,110.5,97.1
500312,1737.0,31326.0,110.5,97.1
500312,1756.0,31326.0,110.5,97.1
500325,1993.0,31326.0,110.5,97.1
500325,1952.0,31326.0,110.5,97.1
500325,1897.0,31326.0,110.5,97.1
500342,2271.0,31327.0,110.5,97.1
500343,2220.0,31327.0,110.5,97.1
500343,2233.0,31327.0,110.5,97.1
500355,2161.0,31327.0,110.5,97.1
500356,2205.0,31327.0,110.5,97.1
500356,2193.0,31327.0,110.5,97.1
500370,1623.0,31328.0,110.5,97.1
500370,1670.0,31328.0,110.5,97.1
500370,1654.0,31328.0,110.5,97.1
500387,1810.0,31329.0,110.5,97.1
500388,1735.0,31329.0,110.5,97.1
500388,1740.0,31329.0,110.5,97.1
500400,2493.0,31329.0,110.5,97.1
500401,2473.0,31329.0,110.5,97.1
500401,2457.0,31329.0,110.5,97.1
500418,2535.0,31331.0,110.5,97.1
500418,2562.0,31331.0,110.5,97.1
500419,2577.0,31331.0,110.5,97.1
500431,1929.0,31331.0,110.5,97.1
500432,1972.0,31331.0,110.5,97.1
500432,1974.0,31331.0,110.5,97.1
500445,2329.0,31332.0,110.5,97.1
500445,2309.0,31332.0,110.5,97.1
500445,2308.0,31332.0,110.5,97.1
500462,2656.0,31333.0,110.5,97.1
500463,2590.0,31333.0,110.5,97.1
500463,2543.0,31333.0,110.5,97.1
500475,2452.0,31334.0,110.5,97.1
500476,2534.0,31334.0,110.5,97.1
500476,2539.0,31334.0,110.5,97.1
500490,1807.0,31335.0,110.5,97.1
500490,1812.0,31335.0,110.5,97.1
500490,1816.0,31335.0,110.5,97.1
500507,1785.0,31336.0,110.5,97.1
500508,1713.0,31336.0,110.5,97.1
500508,1694.0,31336.0,110.5,97.1
500520,2307.0,31336.0,110.5,97.1
500521,2289.0,31336.0,110.5,97.1
500521,2295.0,31336.0,110.5,97.1
500538,2287.0,31336.0,110.5,97.1
500539,2294.0,31336.0,110.5,97.1
500539,2277.0,31336.0,110.5,97.1
500551,1561.0,31336.0,110.5,97.1
500552,1589.0,31336.0,110.5,97.1
500552,1647.0,31336.0,110.5,97.1
500565,1930.0,31336.0,110.5,97.1
500565,1854.0,31336.0,110.5,97.1
500565,1878.0,31336.0,110.5,97.1
500582,2220.0,31335.0,110.5,97.1
500583,2174.0,31335.0,110.5,97.1
500583,2120.0,31335.0,110.5,97.1
500595,1997.0,31335.0,110.5,97.1
500596,2074.0,31335.0,110.5,97.1
500596,2111.0,31335.0,110.5,97.1
500609,1532.0,31333.0,110.5,97.1
500610,1512.0,31333.0,110.5,97.1
500610,1505.0,31333.0,110.5,97.1
500627,1670.0,31332.0,110.5,97.1
500627,1635.0,31332.0,110.5,97.1
500627,1633.0,31332.0,110.5,97.1
500640,2294.0,31331.0,110.5,97.1
500640,2254.0,31331.0,110.5,97.1
500641,2268.0,31331.0,110.5,97.1
500658,2304.0,31330.0,110.5,97.1
500658,2330.0,31330.0,130.3,97.1
500658,2302.0,31330.0,130.3,97.1
500671,1565.0,31330.0,130.3,97.1
500671,1630.0,31330.0,130.3,97.1
500672,1655.0,31330.0,130.3,97.1
500684,2040.0,31330.0,130.3,97.1
500685,1958.0,31330.0,130.3,97.1
500685,1949.0,31330.0,130.3,97.1
500702,2287.0,31328.0,130.3,97.1
500702,2249.0,31328.0,130.3,97.1
500702,2207.0,31328.0,130.3,97.1
500715,2023.0,31328.0,130.3,97.1
500715,2114.0,31328.0,130.3,97.1
500716,2159.0,31328.0,130.3,97.1
500729,1574.0,31328.0,130.3,97.1
500730,1564.0,31328.0,130.3,97.1
500730,1550.0,31328.0,130.3,97.1
500747,1691.0,31327.0,130.3,97.1
500747,1661.0,31327.0,130.3,97.1
500748,1667.0,31327.0,130.3,97.1
500760,2337.0,31327.0,130.3,97.1
500760,2311.0,31327.0,130.3,97.1
500761,2301.0,31327.0,130.3,97.1
500778,2334.0,31327.0,130.3,97.1
500778,2368.0,31327.0,130.3,97.1
500778,2341.0,31327.0,130.3,97.1
500791,1640.0,31327.0,130.3,97.1
500791,1704.0,31327.0,130.3,97.1
500792,1744.0,31327.0,130.3,97.1
500804,2109.0,31327.0,130.3,97.1
500805,2037.0,31327.0,130.3,97.1
500805,2035.0,31327.0,130.3,97.1
500822,2304.0,31327.0,130.3,97.1
500822,2265.0,31327.0,130.3,97.1
500822,2225.0,31327.0,130.3,97.1
500836,2111.0,31327.0,130.3,97.1
500836,2161.0,31327.0,130.3,97.1
500836,2186.0,31327.0,130.3,97.1
500852,1773.0,31327.0,130.3,97.1
500853,1826.0,31327.0,130.3,97.1
500853,1824.0,31327.0,130.3,97.1
500867,1712.0,31327.0,130.3,97.1
500867,1695.0,31327.0,130.3,97.1
500867,1673.0,31327.0,130.3,97.1
500880,2345.0,31327.0,130.3,97.1
500880,2311.0,31327.0,130.3,97.1
500880,2324.0,31327.0,130.3,97.1
500898,2627.0,31327.0,130.3,97.1
500899,2665.0,31327.0,130.3,97.1
500899,2663.0,31327.0,130.3,97.1
500912,2462.0,31328.0,130.3,97.1
500912,2531.0,31328.0,130.3,97.1
500912,2565.0,31328.0,130.3,97.1
500926,2027.0,31328.0,130.3,97.1
500926,1922.0,31328.0,130.3,97.1
500926,1889.0,31328.0,130.3,97.1
500942,2150.0,31328.0,130.3,97.4
500943,2142.0,31328.0,130.3,97.4
500943,2156.0,31328.0,130.3,97.4
500956,2275.0,31329.0,130.3,97.4
500957,2285.0,31329.0,130.3,97.4
500957,2284.0,31329.0,130.3,97.4
500970,1563.0,31330.0,130.3,97.4
500970,1607.0,31330.0,130.3,97.4
500970,1591.0,31330.0,130.3,97.4
500987,1697.0,31330.0,130.3,97.4
500987,1648.0,31330.0,130.3,97.4
500988,1677.0,31330.0,130.3,97.4
501000,2401.0,31331.0,126.9,97.4
501001,2354.0,31331.0,126.9,97.4
501001,2332.0,31331.0,126.9,97.4
501018,2375.0,31332.0,126.9,97.4
501018,2425.0,31332.0,126.9,97.4
501019,2441.0,31332.0,126.9,97.4
501031,1754.0,31332.0,126.9,97.4
501032,1779.0,31332.0,126.9,97.4
501032,1810.0,31332.0,126.9,97.4
501045,2029.0,31334.0,126.9,97.4
501046,1989.0,31334.0,126.9,97.4
501046,1968.0,31334.0,126.9,97.4
501062,2449.0,31334.0,126.9,97.4
501062,2405.0,31334.0,126.9,97.4
501062,2413.0,31334.0,126.9,97.4
501076,2454.0,31336.0,126.9,97.4
501076,2507.0,31336.0,126.9,97.4
501077,2498.0,31336.0,126.9,97.4
501092,2092.0,31337.0,126.9,97.4
501093,2173.0,31337.0,126.9,97.4
501093,2207.0,31337.0,126.9,97.4
501107,2095.0,31339.0,126.9,97.4
501107,2027.0,31339.0,126.9,97.4
501107,2010.0,31339.0,126.9,97.4
501120,2666.0,31339.0,126.9,97.4
501120,2661.0,31339.0,126.9,97.4
501120,2672.0,31339.0,126.9,97.4
501138,2523.0,31341.0,126.9,97.4
501139,2533.0,31341.0,126.9,97.4
501139,2538.0,31341.0,126.9,97.4
501151,1711.0,31341.0,126.9,97.4
501152,1783.0,31341.0,126.9,97.4
501152,1788.0,31341.0,126.9,97.4
501166,1820.0,31343.0,126.9,97.4
501166,1771.0,31343.0,126.9,97.4
501166,1780.0,31343.0,126.9,97.4
501182,2206.0,31343.0,126.9,97.4
501183,2126.0,31343.0,126.9,97.4
501183,2108.0,31343.0,126.9,97.4
501196,2119.0,31342.0,126.9,97.4
501197,2189.0,31342.0,126.9,97.4
501197,2195.0,31342.0,126.9,97.4
501213,1763.0,31342.0,126.9,97.4
501213,1809.0,31342.0,126.9,97.4
501213,1836.0,31342.0,126.9,97.4
501227,1628.0,31341.0,126.9,97.4
501227,1585.0,31341.0,126.9,97.4
501228,1556.0,31341.0,126.9,97.4
501240,2256.0,31341.0,126.9,97.4
501241,2221.0,31341.0,126.9,97.4
501241,2240.0,31341.0,126.9,97.4
501259,2335.0,31340.0,126.9,97.4
501260,2340.0,31340.0,126.9,97.4
501260,2278.0,31340.0,126.9,97.4
501273,1725.0,31340.0,126.9,97.4
501273,1858.0,31340.0,126.9,97.4
501275,2048.0,31340.0,126.9,97.4
501276,2089.0,31340.0,126.9,97.4
501290,1498.0,31338.0,126.9,97.4
501290,1519.0,31338.0,126.9,97.4
501290,1547.0,31338.0,126.9,97.4
501307,1635.0,31337.0,126.9,97.4
501308,1579.0,31337.0,126.9,97.4
501308,1573.0,31337.0,126.9,97.4
501321,2292.0,31337.0,156.0,97.4
501321,2270.0,31337.0,156.0,97.4
501321,2258.0,31337.0,156.0,97.4
501338,2353.0,31336.0,156.0,97.4
501339,2348.0,31336.0,156.0,97.4
501339,2360.0,31336.0,156.0,97.4
501352,1693.0,31336.0,156.0,97.4
501352,1757.0,31336.0,156.0,97.4
501352,1752.0,31336.0,156.0,97.4
501366,1772.0,31336.0,156.0,97.4
501366,1719.0,31336.0,156.0,97.4
501366,1724.0,31336.0,156.0,97.4
501384,2020.0,31336.0,156.0,97.4
501385,1926.0,31336.0,156.0,97.4
501385,1887.0,31336.0,156.0,97.4
501398,2298.0,31336.0,156.0,97.4
501398,2345.0,31336.0,156.0,97.4
501398,2356.0,31336.0,156.0,97.4
501411,1659.0,31336.0,156.0,97.4
501411,1702.0,31336.0,156.0,97.4
501412,1702.0,31336.0,156.0,97.4
501429,1605.0,31336.0,156.0,97.4
501429,1628.0,31336.0,156.0,97.4
501430,1639.0,31336.0,156.0,97.4
501442,2233.0,31336.0,156.0,97.4
501443,2162.0,31336.0,156.0,97.4
501443,2162.0,31336.0,156.0,97.4
501460,2337.0,31335.0,156.0,97.4
501460,2324.0,31335.0,156.0,97.4
501460,2294.0,31335.0,156.0,97.4
501474,1943.0,31335.0,156.0,97.4
501474,2016.0,31335.0,156.0,97.4
501475,2053.0,31335.0,156.0,97.4
501487,1670.0,31335.0,156.0,97.4
501487,1619.0,31335.0,156.0,97.4
501488,1586.0,31335.0,156.0,97.4
501506,1814.0,31335.0,156.0,97.4
501506,1768.0,31335.0,156.0,97.4
501506,1760.0,31335.0,156.0,97.4
501519,2437.0,31335.0,156.0,97.4
501519,2438.0,31335.0,156.0,97.4
501519,2454.0,31335.0,156.0,97.4
501533,2623.0,31336.0,156.0,97.4
501533,2680.0,31336.0,156.0,97.4
501534,2682.0,31336.0,156.0,97.4
501550,1743.0,31336.0,156.0,97.4
501550,1736.0,31336.0,156.0,97.4
501550,1732.0,31336.0,156.0,97.4
501564,1862.0,31336.0,156.0,97.4
501564,1806.0,31336.0,156.0,97.4
501564,1831.0,31336.0,156.0,97.4
501581,2324.0,31336.0,156.0,97.4
501581,2294.0,31336.0,156.0,97.4
501581,2264.0,31336.0,156.0,97.4
501595,2042.0,31337.0,156.0,97.8
501595,2111.0,31337.0,156.0,97.8
501596,2137.0,31337.0,156.0,97.8
501608,1624.0,31338.0,156.0,97.8
501609,1611.0,31338.0,156.0,97.8
501609,1594.0,31338.0,156.0,97.8
501627,1706.0,31338.0,156.0,97.8
501627,1662.0,31338.0,156.0,97.8
501627,1653.0,31338.0,156.0,97.8
501640,2380.0,31339.0,162.3,97.8
501640,2343.0,31339.0,162.3,97.8
501641,2349.0,31339.0,162.3,97.8
501654,2127.0,31340.0,162.3,97.8
501655,2177.0,31340.0,162.3,97.8
501655,2169.0,31340.0,162.3,97.8
501671,1725.0,31340.0,162.3,97.8
501671,1797.0,31340.0,162.3,97.8
501672,1843.0,31340.0,162.3,97.8
501685,2054.0,31341.0,162.3,97.8
501686,1958.0,31341.0,162.3,97.8
501686,1949.0,31341.0,162.3,97.8
501703,2420.0,31342.0,162.3,97.8
501703,2373.0,31342.0,162.3,97.8
501703,2354.0,31342.0,162.3,97.8
501716,2493.0,31343.0,162.3,97.8
501717,2553.0,31343.0,162.3,97.8
501717,2565.0,31343.0,162.3,97.8
501729,1916.0,31344.0,162.3,97.8
501730,1933.0,31344.0,162.3,97.8
501730,1910.0,31344.0,162.3,97.8
501748,1839.0,31346.0,162.3,97.8
501749,1826.0,31346.0,162.3,97.8
501749,1854.0,31346.0,162.3,97.8
501762,2341.0,31347.0,162.3,97.8
501763,2267.0,31347.0,162.3,97.8
501763,2227.0,31347.0,162.3,97.8
501776,2260.0,31347.0,162.3,97.8
501776,2308.0,31347.0,162.3,97.8
501776,2307.0,31347.0,162.3,97.8
501793,1845.0,31347.0,162.3,97.8
501794,1899.0,31347.0,162.3,97.8
501794,1950.0,31347.0,162.3,97.8
501806,1674.0,31347.0,162.3,97.8
501807,1621.0,31347.0,162.3,97.8
501807,1576.0,31347.0,162.3,97.8
501819,2253.0,31347.0,162.3,97.8
501820,2251.0,31347.0,162.3,97.8
501820,2289.0,31347.0,162.3,97.8
501837,2262.0,31347.0,162.3,97.8
501837,2262.0,31347.0,162.3,97.8
501838,2208.0,31347.0,162.3,97.8
501850,1496.0,31346.0,162.3,97.8
501851,1568.0,31346.0,162.3,97.8
501851,1586.0,31346.0,162.3,97.8
501868,1508.0,31346.0,162.3,97.8
501868,1454.0,31346.0,162.3,97.8
501869,1494.0,31346.0,162.3,97.8
501883,2105.0,31344.0,162.3,97.8
501883,2050.0,31344.0,162.3,97.8
501883,1993.0,31344.0,162.3,97.8
501896,2157.0,31344.0,162.3,97.8
501896,2206.0,31344.0,162.3,97.8
501897,2235.0,31344.0,162.3,97.8
501913,1925.0,31342.0,162.3,97.8
501914,1982.0,31342.0,162.3,97.8
501914,1986.0,31342.0,162.3,97.8
501927,1663.0,31342.0,162.3,97.8
501927,1641.0,31342.0,162.3,97.8
501927,1621.0,31342.0,162.3,97.8
501940,2292.0,31341.0,187.2,97.8
501940,2262.0,31341.0,187.2,97.8
501940,2289.0,31341.0,187.2,97.8
501957,2333.0,31340.0,187.2,97.8
501958,2352.0,31340.0,187.2,97.8
501958,2314.0,31340.0,187.2,97.8
501971,1658.0,31339.0,187.2,97.8
501972,1761.0,31339.0,187.2,97.8
501972,1802.0,31339.0,187.2,97.8
501988,1584.0,31339.0,187.2,97.8
501989,1536.0,31339.0,187.2,97.8
501989,1509.0,31339.0,187.2,97.8
502002,2155.0,31338.0,187.2,97.8
502003,2126.0,31338.0,187.2,97.8
502003,2100.0,31338.0,187.2,97.8
502016,2190.0,31338.0,187.2,97.8
502016,2208.0,31338.0,187.2,97.8
502016,2235.0,31338.0,187.2,97.8
502034,1982.0,31338.0,187.2,97.8
502034,2055.0,31338.0,187.2,97.8
502034,2061.0,31338.0,187.2,97.8
502047,1666.0,31337.0,187.2,97.8
502047,1645.0,31337.0,187.2,97.8
502048,1643.0,31337.0,187.2,97.8
502061,2273.0,31337.0,187.2,97.8
502061,2214.0,31337.0,187.2,97.8
502062,2214.0,31337.0,187.2,97.8
502078,2413.0,31337.0,187.2,97.8
502078,2440.0,31337.0,187.2,97.8
502078,2401.0,31337.0,187.2,97.8
502092,1805.0,31336.0,187.2,97.8
502093,1919.0,31336.0,187.2,97.8
502093,1974.0,31336.0,187.2,97.8
502109,1528.0,31336.0,187.2,97.8
502110,1532.0,31336.0,187.2,97.8
502110,1529.0,31336.0,187.2,97.8
502123,2036.0,31336.0,187.2,97.8
502124,1984.0,31336.0,187.2,97.8
502124,1982.0,31336.0,187.2,97.8
502137,2278.0,31336.0,187.2,97.8
502137,2313.0,31336.0,187.2,97.8
502137,2275.0,31336.0,187.2,97.8
502154,2047.0,31335.0,187.2,97.8
502155,2127.0,31335.0,187.2,97.8
502155,2152.0,31335.0,187.2,97.8
502168,1627.0,31335.0,187.2,97.8
502168,1586.0,31335.0,187.2,97.8
502168,1581.0,31335.0,187.2,97.8
502182,2755.0,31335.0,187.2,97.8
502182,2700.0,31335.0,187.2,97.8
502183,2725.0,31335.0,187.2,97.8
502184,2706.0,31335.0,187.2,97.8
502201,2927.0,31335.0,187.2,97.8
502201,2819.0,31335.0,187.2,97.8
502201,2772.0,31335.0,187.2,97.8
502214,1829.0,31335.0,187.2,97.8
502214,1919.0,31335.0,187.2,97.8
502215,1900.0,31335.0,187.2,97.8
502232,1785.0,31336.0,187.2,97.8
502232,1846.0,31336.0,187.2,97.8
502232,1925.0,31336.0,187.2,97.8
502245,1898.0,31336.0,187.2,97.8
502245,1799.0,31336.0,187.2,97.8
502246,1721.0,31336.0,187.2,97.8
502258,2316.0,31336.0,187.2,97.8
502259,2374.0,31336.0,187.2,97.8
502259,2431.0,31336.0,190.6,97.8
502276,2285.0,31336.0,190.6,97.8
502276,2297.0,31336.0,190.6,97.8
502277,2283.0,31336.0,190.6,97.8
502290,1649.0,31337.0,190.6,97.8
502291,1750.0,31337.0,190.6,97.8
502291,1738.0,31337.0,190.6,97.8
502307,1679.0,31337.0,190.6,97.4
502307,1625.0,31337.0,190.6,97.4
502308,1672.0,31337.0,190.6,97.4
502321,2436.0,31338.0,190.6,97.4
502322,2369.0,31338.0,190.6,97.4
502322,2306.0,31338.0,190.6,97.4
502335,2237.0,31338.0,190.6,97.4
502335,2378.0,31338.0,190.6,97.4
502336,2422.0,31338.0,190.6,97.4
502354,2247.0,31339.0,190.6,97.4
502354,2273.0,31339.0,190.6,97.4
502355,2324.0,31339.0,190.6,97.4
502367,1960.0,31340.0,190.6,97.4
502368,1948.0,31340.0,190.6,97.4
502368,1908.0,31340.0,190.6,97.4
502381,2576.0,31341.0,190.6,97.4
502382,2560.0,31341.0,190.6,97.4
502382,2595.0,31341.0,190.6,97.4
502398,2747.0,31342.0,190.6,97.4
502398,2717.0,31342.0,190.6,97.4
502398,2643.0,31342.0,190.6,97.4
502412,1998.0,31342.0,190.6,97.4
502412,2123.0,31342.0,190.6,97.4
502412,2168.0,31342.0,190.6,97.4
502428,1671.0,31343.0,190.6,97.4
502429,1611.0,31343.0,190.6,97.4
502429,1622.0,31343.0,190.6,97.4
502443,2165.0,31342.0,190.6,97.4
502443,2133.0,31342.0,190.6,97.4
502443,2095.0,31342.0,190.6,97.4
502456,2178.0,31342.0,190.6,97.4
502456,2206.0,31342.0,190.6,97.4
502457,2276.0,31342.0,190.6,97.4
502475,2060.0,31341.0,190.6,97.4
502475,2087.0,31341.0,190.6,97.4
502476,2083.0,31341.0,190.6,97.4
502488,1459.0,31341.0,190.6,97.4
502489,1511.0,31341.0,190.6,97.4
502489,1502.0,31341.0,190.6,97.4
502503,2066.0,31338.0,190.6,97.4
502503,1992.0,31338.0,190.6,97.4
502503,1991.0,31338.0,190.6,97.4
502520,2322.0,31337.0,190.6,97.4
502520,2299.0,31337.0,190.6,97.4
502521,2248.0,31337.0,190.6,97.4
502533,1859.0,31336.0,190.6,97.4
502534,1948.0,31336.0,190.6,97.4
502534,1998.0,31336.0,190.6,97.4
502551,1652.0,31334.0,190.6,97.4
502551,1679.0,31334.0,190.6,97.4
502551,1680.0,31334.0,190.6,97.4
502564,1934.0,31333.0,190.6,97.4
502564,1884.0,31333.0,190.6,97.4
502565,1865.0,31333.0,190.6,97.4
502577,2296.0,31332.0,190.6,97.4
502578,2290.0,31332.0,190.6,97.4
502578,2308.0,31332.0,190.6,97.4
502596,2233.0,31330.0,190.6,97.4
502596,2319.0,31330.0,190.6,97.4
502596,2253.0,31330.0,190.6,97.4
502610,1560.0,31328.0,190.6,97.4
502610,1620.0,31328.0,190.6,97.4
502611,1663.0,31328.0,190.6,97.4
502623,2079.0,31328.0,190.6,97.4
502623,1999.0,31328.0,190.6,97.4
502624,1991.0,31328.0,190.6,97.4
502641,2280.0,31326.0,190.6,97.4
502642,2251.0,31326.0,190.6,97.4
502642,2211.0,31326.0,190.6,97.4
502654,2036.0,31325.0,190.6,97.4
502655,2097.0,31325.0,190.6,97.4
502655,2157.0,31325.0,190.6,97.4
502672,1802.0,31324.0,190.6,97.4
502672,1853.0,31324.0,190.6,97.4
502672,1860.0,31324.0,190.6,97.4
502685,1812.0,31324.0,190.6,97.4
502686,1769.0,31324.0,190.6,97.4
502686,1787.0,31324.0,190.6,97.4
502699,2355.0,31322.0,174.2,97.4
502700,2326.0,31322.0,174.2,97.4
502700,2337.0,31322.0,174.2,97.4
502717,2346.0,31322.0,174.2,97.4
502717,2370.0,31322.0,174.2,97.4
502717,2346.0,31322.0,174.2,97.4
502731,1698.0,31321.0,174.2,97.4
502731,1795.0,31321.0,174.2,97.4
502732,1835.0,31321.0,174.2,97.4
502744,2034.0,31320.0,174.2,97.4
502745,1962.0,31320.0,174.2,97.4
502745,1934.0,31320.0,174.2,97.4
502762,2278.0,31319.0,174.2,97.4
502762,2223.0,31319.0,174.2,97.4
502762,2196.0,31319.0,174.2,97.4
502775,2186.0,31319.0,174.2,97.4
502776,2226.0,31319.0,174.2,97.4
502776,2243.0,31319.0,174.2,97.4
502793,1973.0,31318.0,174.2,97.4
502793,2014.0,31318.0,174.2,97.4
502794,2016.0,31318.0,174.2,97.4
502806,1680.0,31317.0,174.2,97.4
502807,1663.0,31317.0,174.2,97.4
502807,1639.0,31317.0,174.2,97.4
502820,2299.0,31316.0,174.2,97.4
502821,2255.0,31316.0,174.2,97.4
502821,2262.0,31316.0,174.2,97.4
502839,2536.0,31315.0,174.2,97.4
502839,2556.0,31315.0,174.2,97.4
502840,2535.0,31315.0,174.2,97.4
502852,2579.0,31315.0,174.2,97.4
502853,2647.0,31315.0,174.2,97.4
502853,2721.0,31315.0,174.2,97.4
502865,2435.0,31315.0,174.2,97.4
502866,2320.0,31315.0,174.2,97.4
502866,2264.0,31315.0,174.2,97.4
502883,1892.0,31315.0,174.2,97.4
502883,1864.0,31315.0,174.2,97.4
502884,1855.0,31315.0,174.2,97.4
502896,2324.0,31315.0,174.2,97.4
502897,2338.0,31315.0,174.2,97.4
502897,2378.0,31315.0,174.2,97.4
502914,2092.0,31314.0,174.2,97.4
502914,2149.0,31314.0,174.2,97.4
502915,2119.0,31314.0,174.2,97.4
502928,1550.0,31314.0,174.2,97.4
502929,1594.0,31314.0,174.2,97.4
502929,1639.0,31314.0,174.2,97.4
502942,2221.0,31314.0,174.2,97.4
502942,2134.0,31314.0,174.2,97.4
502942,2179.0,31314.0,174.2,97.4
502961,2291.0,31314.0,174.2,97.4
502961,2298.0,31314.0,174.2,97.4
502961,2238.0,31314.0,174.2,97.4
502974,2129.0,31314.0,174.2,96.7
502974,2205.0,31314.0,174.2,96.7
502975,2270.0,31314.0,174.2,96.7
502988,1683.0,31314.0,174.2,96.7
502988,1655.0,31314.0,174.2,96.7
502989,1599.0,31314.0,174.2,96.7
503005,2045.0,31314.0,174.2,96.7
503005,2050.0,31314.0,174.2,96.7
503005,2055.0,31314.0,174.2,96.7
503019,2642.0,31315.0,174.0,96.7
503019,2581.0,31315.0,174.0,96.7
503019,2563.0,31315.0,174.0,96.7
503035,2544.0,31316.0,174.0,96.7
503036,2612.0,31316.0,174.0,96.7
503036,2619.0,31316.0,174.0,96.7
503049,1915.0,31316.0,174.0,96.7
503050,1943.0,31316.0,174.0,96.7
503050,1994.0,31316.0,174.0,96.7
503063,2521.0,31316.0,174.0,96.7
503063,2453.0,31316.0,174.0,96.7
503063,2440.0,31316.0,174.0,96.7
503081,2469.0,31317.0,174.0,96.7
503081,2459.0,31317.0,174.0,96.7
503082,2431.0,31317.0,174.0,96.7
503094,2176.0,31317.0,174.0,96.7
503095,2212.0,31317.0,174.0,96.7
503095,2229.0,31317.0,174.0,96.7
503108,1566.0,31317.0,174.0,96.7
503109,1586.0,31317.0,174.0,96.7
503109,1559.0,31317.0,174.0,96.7
503125,1741.0,31316.0,174.0,96.7
503125,1696.0,31316.0,174.0,96.7
503126,1708.0,31316.0,174.0,96.7
503139,2286.0,31314.0,174.0,96.7
503139,2232.0,31314.0,174.0,96.7
503140,2218.0,31314.0,174.0,96.7
503152,1770.0,31313.0,174.0,96.7
503153,1874.0,31313.0,174.0,96.7
503153,1895.0,31313.0,174.0,96.7
503170,1507.0,31312.0,174.0,96.7
503170,1532.0,31312.0,174.0,96.7
503170,1578.0,31312.0,174.0,96.7
503183,2008.0,31311.0,174.0,96.7
503183,1928.0,31311.0,174.0,96.7
503184,1879.0,31311.0,174.0,96.7
503201,2194.0,31309.0,174.0,96.7
503201,2154.0,31309.0,174.0,96.7
503202,2164.0,31309.0,174.0,96.7
503214,2054.0,31308.0,174.0,96.7
503215,2079.0,31308.0,174.0,96.7
503215,2091.0,31308.0,174.0,96.7
503228,1518.0,31306.0,174.0,96.7
503229,1538.0,31306.0,174.0,96.7
503229,1531.0,31306.0,174.0,96.7
503245,1764.0,31305.0,174.0,96.7
503245,1688.0,31305.0,174.0,96.7
503246,1707.0,31305.0,174.0,96.7
503259,2325.0,31303.0,174.0,96.7
503259,2293.0,31303.0,174.0,96.7
503260,2253.0,31303.0,174.0,96.7
503276,2210.0,31302.0,174.0,96.7
503276,2286.0,31302.0,174.0,96.7
503276,2305.0,31302.0,174.0,96.7
503290,1575.0,31300.0,174.0,96.7
503290,1616.0,31300.0,174.0,96.7
503291,1624.0,31300.0,174.0,96.7
503303,2016.0,31299.0,174.0,96.7
503304,1963.0,31299.0,174.0,96.7
503304,1932.0,31299.0,174.0,96.7
503322,2157.0,31298.0,174.0,96.7
503322,2088.0,31298.0,174.0,96.7
503323,2070.0,31298.0,174.0,96.7
503335,2170.0,31297.0,174.0,96.7
503336,2223.0,31297.0,174.0,96.7
503336,2231.0,31297.0,174.0,96.7
503349,1579.0,31295.0,174.0,96.7
503350,1615.0,31295.0,174.0,96.7
503350,1629.0,31295.0,174.0,96.7
503367,1577.0,31294.0,174.0,96.7
503367,1557.0,31294.0,174.0,96.7
503368,1529.0,31294.0,174.0,96.7
503380,2305.0,31293.0,166.7,96.7
503381,2259.0,31293.0,166.7,96.7
503381,2263.0,31293.0,166.7,96.7
503398,2379.0,31292.0,166.7,96.7
503398,2362.0,31292.0,166.7,96.7
503398,2357.0,31292.0,166.7,96.7
503411,1754.0,31291.0,166.7,96.7
503411,1848.0,31291.0,166.7,96.7
503412,1865.0,31291.0,166.7,96.7
503424,1960.0,31290.0,166.7,96.7
503425,1902.0,31290.0,166.7,96.7
503425,1873.0,31290.0,166.7,96.7
503443,2110.0,31289.0,166.7,96.7
503443,2039.0,31289.0,166.7,96.7
503443,2004.0,31289.0,166.7,96.7
503457,2269.0,31288.0,166.7,96.7
503457,2302.0,31288.0,166.7,96.7
503458,2327.0,31288.0,166.7,96.7
503470,1660.0,31287.0,166.7,96.7
503470,1680.0,31287.0,166.7,96.7
503471,1682.0,31287.0,166.7,96.7
503488,1503.0,31286.0,166.7,96.7
503488,1561.0,31286.0,166.7,96.7
503488,1559.0,31286.0,166.7,96.7
503501,2222.0,31286.0,166.7,96.7
503501,2161.0,31286.0,166.7,96.7
503501,2152.0,31286.0,166.7,96.7
503514,2279.0,31285.0,166.7,96.7
503514,2355.0,31285.0,166.7,96.7
503515,2349.0,31285.0,166.7,96.7
503531,2543.0,31285.0,166.7,96.7
503532,2616.0,31285.0,166.7,96.7
503532,2678.0,31285.0,166.7,96.7
503546,1961.0,31284.0,166.7,96.7
503546,1856.0,31284.0,166.7,96.7
503546,1780.0,31284.0,166.7,96.7
503562,1987.0,31284.0,166.7,96.7
503563,1993.0,31284.0,166.7,96.7
503563,2005.0,31284.0,166.7,96.7
503576,2366.0,31284.0,166.7,96.7
503577,2340.0,31284.0,166.7,96.7
503577,2321.0,31284.0,166.7,96.7
503590,1598.0,31283.0,166.7,96.7
503590,1685.0,31283.0,166.7,96.7
503590,1658.0,31283.0,166.7,96.7
503607,1569.0,31283.0,166.7,96.7
503608,1538.0,31283.0,166.7,96.7
503608,1608.0,31283.0,166.7,96.7
503620,2368.0,31283.0,166.7,96.7
503621,2287.0,31283.0,166.7,96.7
503621,2225.0,31283.0,166.7,96.7
503634,2079.0,31283.0,166.7,96.9
503634,2191.0,31283.0,166.7,96.9
503634,2218.0,31283.0,166.7,96.9
503651,1830.0,31283.0,166.7,96.9
503651,1866.0,31283.0,166.7,96.9
503652,1898.0,31283.0,166.7,96.9
503665,1929.0,31284.0,166.7,96.9
503666,1895.0,31284.0,166.7,96.9
503666,1838.0,31284.0,166.7,96.9
503682,2333.0,31284.0,166.7,96.9
503682,2299.0,31284.0,166.7,96.9
503683,2323.0,31284.0,166.7,96.9
503696,2604.0,31284.0,166.7,96.9
503697,2579.0,31284.0,166.7,96.9
503697,2556.0,31284.0,166.7,96.9
503709,1940.0,31285.0,166.7,96.9
503710,2024.0,31285.0,166.7,96.9
503710,2039.0,31285.0,166.7,96.9
503727,1967.0,31285.0,166.7,96.9
503728,1906.0,31285.0,166.7,96.9
503728,1955.0,31285.0,166.7,96.9
503740,2675.0,31285.0,166.7,96.9
503741,2624.0,31285.0,166.7,96.9
503741,2598.0,31285.0,166.7,96.9
503758,2524.0,31286.0,166.7,96.9
503758,2551.0,31286.0,166.7,96.9
503758,2568.0,31286.0,166.7,96.9
503771,1834.0,31286.0,166.7,96.9
503771,1865.0,31286.0,166.7,96.9
503772,1865.0,31286.0,166.7,96.9
503785,1736.0,31285.0,166.7,96.9
503785,1720.0,31285.0,166.7,96.9
503786,1704.0,31285.0,166.7,96.9
503803,2004.0,31284.0,166.7,96.9
503803,1925.0,31284.0,166.7,96.9
503803,1907.0,31284.0,166.7,96.9
503817,2241.0,31283.0,166.7,96.9
503817,2262.0,31283.0,166.7,96.9
503817,2249.0,31283.0,166.7,96.9
503830,1556.0,31282.0,166.7,96.9
503830,1616.0,31282.0,166.7,96.9
503831,1653.0,31282.0,166.7,96.9
503847,1492.0,31280.0,166.7,96.9
503848,1467.0,31280.0,166.7,96.9
503848,1479.0,31280.0,166.7,96.9
503861,2190.0,31279.0,166.7,96.9
503861,2140.0,31279.0,166.7,96.9
503861,2132.0,31279.0,166.7,96.9
503875,2141.0,31277.0,166.7,96.9
503875,2173.0,31277.0,166.7,96.9
503875,2174.0,31277.0,166.7,96.9
503891,1714.0,31276.0,166.7,96.9
503892,1795.0,31276.0,166.7,96.9
503892,1820.0,31276.0,166.7,96.9
503905,1680.0,31275.0,166.7,96.9
503906,1637.0,31275.0,166.7,96.9
503906,1625.0,31275.0,166.7,96.9
503922,2090.0,31274.0,166.7,96.9
503923,2037.0,31274.0,166.7,96.9
503923,2007.0,31274.0,166.7,96.9
503936,2295.0,31272.0,143.1,96.9
503937,2295.0,31272.0,143.1,96.9
503937,2310.0,31272.0,143.1,96.9
503950,1597.0,31271.0,143.1,96.9
503950,1631.0,31271.0,143.1,96.9
503950,1636.0,31271.0,143.1,96.9
503967,1553.0,31269.0,143.1,96.9
503967,1549.0,31269.0,143.1,96.9
503968,1558.0,31269.0,143.1,96.9
503980,2278.0,31268.0,143.1,96.9
503981,2209.0,31268.0,143.1,96.9
503981,2210.0,31268.0,143.1,96.9
503994,2149.0,31266.0,143.1,96.9
503995,2206.0,31266.0,143.1,96.9
503995,2200.0,31266.0,143.1,96.9
504011,1699.0,31266.0,143.1,96.9
504011,1787.0,31266.0,143.1,96.9
504012,1810.0,31266.0,143.1,96.9
504025,1762.0,31265.0,143.1,96.9
504025,1703.0,31265.0,143.1,96.9
504026,1674.0,31265.0,143.1,96.9
504042,2145.0,31264.0,143.1,96.9
504042,2098.0,31264.0,143.1,96.9
504042,2095.0,31264.0,143.1,96.9
504056,2309.0,31263.0,143.1,96.9
504056,2303.0,31263.0,143.1,96.9
504057,2322.0,31263.0,143.1,96.9
504069,1600.0,31262.0,143.1,96.9
504069,1658.0,31262.0,143.1,96.9
504070,1642.0,31262.0,143.1,96.9
504087,1650.0,31261.0,143.1,96.9
504087,1630.0,31261.0,143.1,96.9
504087,1650.0,31261.0,143.1,96.9
504100,2365.0,31261.0,143.1,96.9
504101,2323.0,31261.0,143.1,96.9
504101,2306.0,31261.0,143.1,96.9
504115,2140.0,31259.0,143.1,96.9
504115,2178.0,31259.0,143.1,96.9
504116,2173.0,31259.0,143.1,96.9
504132,1805.0,31259.0,143.1,96.9
504132,1854.0,31259.0,143.1,96.9
504132,1874.0,31259.0,143.1,96.9
504146,1671.0,31258.0,143.1,96.9
504146,1627.0,31258.0,143.1,96.9
504146,1579.0,31258.0,143.1,96.9
504164,1893.0,31257.0,143.1,96.9
504164,1839.0,31257.0,143.1,96.9
504164,1858.0,31257.0,143.1,96.9
504177,2387.0,31257.0,143.1,96.9
504178,2380.0,31257.0,143.1,96.9
504178,2372.0,31257.0,143.1,96.9
504191,2307.0,31256.0,143.1,96.9
504191,2399.0,31256.0,143.1,96.9
504191,2422.0,31256.0,143.1,96.9
504208,2141.0,31255.0,143.1,96.9
504209,2091.0,31255.0,143.1,96.9
504209,2112.0,31255.0,143.1,96.9
504221,1889.0,31255.0,143.1,96.9
504222,1833.0,31255.0,143.1,96.9
504222,1785.0,31255.0,143.1,96.9
504236,2309.0,31255.0,143.1,96.9
504236,2360.0,31255.0,143.1,96.9
504236,2386.0,31255.0,143.1,96.9
504253,2029.0,31255.0,143.1,96.9
504254,2056.0,31255.0,143.1,96.9
504254,2037.0,31255.0,143.1,96.9
504267,1541.0,31255.0,143.1,96.9
504268,1598.0,31255.0,143.1,96.9
504268,1603.0,31255.0,143.1,96.9
504285,1758.0,31255.0,143.1,97.3
504286,1662.0,31255.0,143.1,97.3
504286,1682.0,31255.0,143.1,97.3
504298,2417.0,31255.0,143.1,97.3
504299,2414.0,31255.0,143.1,97.3
504299,2388.0,31255.0,143.1,97.3
504312,1885.0,31255.0,143.1,97.3
504312,1971.0,31255.0,143.1,97.3
504312,2008.0,31255.0,143.1,97.3
504329,1704.0,31255.0,143.1,97.3
504329,1725.0,31255.0,143.1,97.3
504330,1754.0,31255.0,143.1,97.3
504343,2158.0,31255.0,143.1,97.3
504344,2101.0,31255.0,143.1,97.3
504344,2077.0,31255.0,143.1,97.3
504360,2552.0,31255.0,143.1,97.3
504360,2516.0,31255.0,143.1,97.3
504360,2514.0,31255.0,143.1,97.3
504374,2447.0,31257.0,143.1,97.3
504374,2497.0,31257.0,143.1,97.3
504375,2525.0,31257.0,143.1,97.3
504388,1915.0,31257.0,143.1,97.3
504388,1933.0,31257.0,143.1,97.3
504388,1948.0,31257.0,143.1,97.3
504406,2028.0,31258.0,143.1,97.3
504406,1971.0,31258.0,143.1,97.3
504407,1977.0,31258.0,143.1,97.3
504419,2536.0,31258.0,143.1,97.3
504420,2489.0,31258.0,143.1,97.3
504420,2480.0,31258.0,143.1,97.3
504433,2175.0,31259.0,143.1,97.3
504434,2222.0,31259.0,143.1,97.3
504434,2233.0,31259.0,143.1,97.3
504450,1665.0,31259.0,143.1,97.3
504451,1716.0,31259.0,143.1,97.3
504451,1730.0,31259.0,143.1,97.3
504464,1776.0,31258.0,143.1,97.3
504465,1723.0,31258.0,143.1,97.3
504465,1715.0,31258.0,143.1,97.3
504481,2158.0,31258.0,143.1,97.3
504481,2101.0,31258.0,143.1,97.3
504481,2071.0,31258.0,143.1,97.3
504495,2165.0,31256.0,143.1,97.3
504496,2216.0,31256.0,143.1,97.3
504496,2207.0,31256.0,143.1,97.3
504508,1521.0,31255.0,143.1,97.3
504509,1514.0,31255.0,143.1,97.3
504509,1523.0,31255.0,143.1,97.3
504527,1506.0,31254.0,143.1,97.3
504527,1487.0,31254.0,143.1,97.3
504528,1507.0,31254.0,143.1,97.3
504540,2215.0,31253.0,197.4,97.3
504541,2161.0,31253.0,197.4,97.3
504541,2136.0,31253.0,197.4,97.3
504554,2143.0,31251.0,197.4,97.3
504555,2181.0,31251.0,197.4,97.3
504555,2183.0,31251.0,197.4,97.3
504572,1880.0,31250.0,197.4,97.3
504573,1957.0,31250.0,197.4,97.3
504573,1987.0,31250.0,197.4,97.3
504585,1663.0,31249.0,197.4,97.3
504586,1615.0,31249.0,197.4,97.3
504586,1570.0,31249.0,197.4,97.3
504603,1957.0,31247.0,197.4,97.3
504604,1900.0,31247.0,197.4,97.3
504604,1900.0,31247.0,197.4,97.3
504616,2305.0,31247.0,197.4,97.3
504617,2299.0,31247.0,197.4,97.3
504617,2304.0,31247.0,197.4,97.3
504630,1622.0,31246.0,197.4,97.3
504630,1689.0,31246.0,197.4,97.3
504630,1682.0,31246.0,197.4,97.3
504648,1534.0,31245.0,197.4,97.3
504648,1525.0,31245.0,197.4,97.3
504649,1584.0,31245.0,197.4,97.3
504662,2095.0,31244.0,197.4,97.3
504663,2011.0,31244.0,197.4,97.3
504663,1971.0,31244.0,197.4,97.3
504675,2266.0,31243.0,197.4,97.3
504676,2317.0,31243.0,197.4,97.3
504676,2339.0,31243.0,197.4,97.3
504693,2100.0,31243.0,197.4,97.3
504694,2145.0,31243.0,197.4,97.3
504694,2165.0,31243.0,197.4,97.3
504706,1786.0,31242.0,197.4,97.3
504707,1670.0,31242.0,197.4,97.3
504707,1643.0,31242.0,197.4,97.3
504724,1778.0,31241.0,197.4,97.3
504725,1737.0,31241.0,197.4,97.3
504725,1744.0,31241.0,197.4,97.3
504738,2329.0,31241.0,197.4,97.3
504738,2316.0,31241.0,197.4,97.3
504738,2294.0,31241.0,197.4,97.3
504752,1883.0,31240.0,197.4,97.3
504752,1958.0,31240.0,197.4,97.3
504752,1976.0,31240.0,197.4,97.3
504769,1580.0,31240.0,197.4,97.3
504770,1623.0,31240.0,197.4,97.3
504770,1654.0,31240.0,197.4,97.3
504783,1966.0,31239.0,197.4,97.3
504784,1899.0,31239.0,197.4,97.3
504784,1852.0,31239.0,197.4,97.3
504797,2649.0,31239.0,197.4,97.3
504797,2703.0,31239.0,197.4,97.3
504797,2731.0,31239.0,197.4,97.3
504814,2856.0,31238.0,197.4,97.3
504815,2859.0,31238.0,197.4,97.3
504815,2850.0,31238.0,197.4,97.3
504827,1400.0,31238.0,197.4,97.3
504828,1399.0,31238.0,197.4,97.3
504828,1394.0,31238.0,197.4,97.3
504842,2149.0,31238.0,197.4,97.3
504842,2095.0,31238.0,197.4,97.3
504842,2133.0,31238.0,197.4,97.3
504858,2402.0,31238.0,192.9,97.3
504859,2343.0,31238.0,192.9,97.3
504859,2256.0,31238.0,192.9,97.3
504873,2004.0,31237.0,192.9,97.3
504873,2145.0,31237.0,192.9,97.3
504873,2209.0,31237.0,192.9,97.3
504890,1670.0,31237.0,192.9,97.3
504890,1667.0,31237.0,192.9,97.3
504890,1671.0,31237.0,192.9,97.3
504904,1941.0,31237.0,192.9,96.9
504904,1923.0,31237.0,192.9,96.9
504904,1886.0,31237.0,192.9,96.9
504917,2391.0,31237.0,192.9,96.9
504918,2379.0,31237.0,192.9,96.9
504918,2438.0,31237.0,192.9,96.9
504935,2380.0,31238.0,192.9,96.9
504935,2394.0,31238.0,192.9,96.9
504935,2335.0,31238.0,192.9,96.9
504948,1680.0,31238.0,192.9,96.9
504948,1763.0,31238.0,192.9,96.9
504949,1792.0,31238.0,192.9,96.9
504962,2285.0,31238.0,192.9,96.9
504963,2161.0,31238.0,192.9,96.9
504963,2160.0,31238.0,192.9,96.9
504979,2666.0,31238.0,192.9,96.9
504979,2655.0,31238.0,192.9,96.9
504980,2614.0,31238.0,192.9,96.9
504993,2318.0,31239.0,192.9,96.9
504994,2386.0,31239.0,192.9,96.9
504994,2450.0,31239.0,192.9,96.9
505011,2169.0,31240.0,192.9,96.9
505012,2207.0,31240.0,192.9,96.9
505012,2188.0,31240.0,192.9,96.9
505025,2034.0,31241.0,192.9,96.9
505025,2007.0,31241.0,192.9,96.9
505025,1999.0,31241.0,192.9,96.9
505038,2413.0,31241.0,192.9,96.9
505038,2361.0,31241.0,192.9,96.9
505038,2378.0,31241.0,192.9,96.9
505055,2339.0,31240.0,192.9,96.9
505056,2381.0,31240.0,192.9,96.9
505056,2329.0,31240.0,192.9,96.9
505069,1522.0,31240.0,192.9,96.9
505069,1576.0,31240.0,192.9,96.9
505069,1620.0,31240.0,192.9,96.9
505083,1987.0,31239.0,192.9,96.9
505083,1891.0,31239.0,192.9,96.9
505083,1857.0,31239.0,192.9,96.9
505100,2222.0,31238.0,192.9,96.9
505101,2198.0,31238.0,192.9,96.9
505101,2182.0,31238.0,192.9,96.9
505113,2053.0,31238.0,192.9,96.9
505114,2096.0,31238.0,192.9,96.9
505114,2140.0,31238.0,192.9,96.9
505131,1835.0,31237.0,192.9,96.9
505132,1889.0,31237.0,192.9,96.9
505132,1879.0,31237.0,192.9,96.9
505145,1700.0,31236.0,192.9,96.9
505145,1676.0,31236.0,192.9,96.9
505145,1674.0,31236.0,192.9,96.9
505158,2305.0,31235.0,192.9,96.9
505158,2268.0,31235.0,192.9,96.9
505159,2284.0,31235.0,192.9,96.9
505176,2336.0,31234.0,191.5,96.9
505176,2368.0,31234.0,191.5,96.9
505177,2349.0,31234.0,191.5,96.9
505190,1644.0,31233.0,191.5,96.9
505191,1754.0,31233.0,191.5,96.9
505191,1827.0,31233.0,191.5,96.9
505207,1581.0,31232.0,191.5,96.9
505208,1553.0,31232.0,191.5,96.9
505208,1533.0,31232.0,191.5,96.9
505221,2165.0,31231.0,191.5,96.9
505222,2133.0,31231.0,191.5,96.9
505222,2127.0,31231.0,191.5,96.9
505234,2254.0,31230.0,191.5,96.9
505235,2272.0,31230.0,191.5,96.9
505235,2281.0,31230.0,191.5,96.9
505253,2092.0,31229.0,191.5,96.9
505253,2178.0,31229.0,191.5,96.9
505254,2187.0,31229.0,191.5,96.9
505266,1647.0,31229.0,191.5,96.9
505267,1623.0,31229.0,191.5,96.9
505267,1615.0,31229.0,191.5,96.9
505280,2280.0,31229.0,191.5,96.9
505281,2224.0,31229.0,191.5,96.9
505281,2232.0,31229.0,191.5,96.9
505297,2435.0,31229.0,191.5,96.9
505297,2420.0,31229.0,191.5,96.9
505298,2397.0,31229.0,191.5,96.9
505311,1827.0,31228.0,191.5,96.9
505312,1911.0,31228.0,191.5,96.9
505312,1931.0,31228.0,191.5,96.9
505328,1564.0,31228.0,191.5,96.9
505329,1576.0,31228.0,191.5,96.9
505329,1601.0,31228.0,191.5,96.9
505342,2018.0,31228.0,191.5,96.9
505343,1955.0,31228.0,191.5,96.9
505343,1954.0,31228.0,191.5,96.9
505356,2309.0,31228.0,191.5,96.9
505356,2349.0,31228.0,191.5,96.9
505356,2334.0,31228.0,191.5,96.9
505374,2304.0,31227.0,191.5,96.9
505374,2352.0,31227.0,191.5,96.9
505375,2371.0,31227.0,191.5,96.9
505387,2021.0,31227.0,191.5,96.9
505388,2043.0,31227.0,191.5,96.9
505388,2057.0,31227.0,191.5,96.9
505401,2646.0,31227.0,191.5,96.9
505402,2574.0,31227.0,191.5,96.9
505402,2562.0,31227.0,191.5,96.9
505419,2208.0,31227.0,191.5,96.9
505419,2192.0,31227.0,191.5,96.9
505419,2151.0,31227.0,191.5,96.9
505432,2002.0,31227.0,191.5,96.8
505433,2099.0,31227.0,191.5,96.8
505433,2138.0,31227.0,191.5,96.8
505445,1716.0,31227.0,191.5,96.8
505446,1657.0,31227.0,191.5,96.8
505446,1614.0,31227.0,191.5,96.8
505463,2004.0,31227.0,191.5,96.8
505463,1956.0,31227.0,191.5,96.8
505464,1942.0,31227.0,191.5,96.8
505476,2375.0,31228.0,191.5,96.8
505477,2353.0,31228.0,191.5,96.8
505477,2366.0,31228.0,191.5,96.8
505494,2297.0,31228.0,191.5,96.8
505495,2357.0,31228.0,191.5,96.8
505495,2316.0,31228.0,191.5,96.8
505509,1679.0,31228.0,191.5,96.8
505509,1711.0,31228.0,191.5,96.8
505509,1765.0,31228.0,191.5,96.8
505522,2237.0,31229.0,191.5,96.8
505522,2163.0,31229.0,191.5,96.8
505522,2150.0,31229.0,191.5,96.8
505539,2469.0,31229.0,184.2,96.8
505540,2448.0,31229.0,184.2,96.8
505540,2424.0,31229.0,184.2,96.8
505552,2206.0,31230.0,184.2,96.8
505553,2283.0,31230.0,184.2,96.8
505553,2310.0,31230.0,184.2,96.8
505566,1939.0,31230.0,184.2,96.8
505566,1907.0,31230.0,184.2,96.8
505566,1877.0,31230.0,184.2,96.8
505583,2208.0,31230.0,184.2,96.8
505583,2159.0,31230.0,184.2,96.8
505584,2153.0,31230.0,184.2,96.8
505596,2620.0,31231.0,184.2,96.8
505597,2601.0,31231.0,184.2,96.8
505597,2601.0,31231.0,184.2,96.8
505614,2423.0,31232.0,184.2,96.8
505615,2442.0,31232.0,184.2,96.8
505615,2444.0,31232.0,184.2,96.8
505629,1685.0,31233.0,184.2,96.8
505629,1721.0,31233.0,184.2,96.8
505630,1748.0,31233.0,184.2,96.8
505642,2035.0,31233.0,184.2,96.8
505643,1965.0,31233.0,184.2,96.8
505643,1946.0,31233.0,184.2,96.8
505660,2243.0,31233.0,184.2,96.8
505660,2209.0,31233.0,184.2,96.8
505661,2193.0,31233.0,184.2,96.8
505673,2051.0,31233.0,184.2,96.8
505674,2100.0,31233.0,184.2,96.8
505674,2124.0,31233.0,184.2,96.8
505691,1804.0,31233.0,184.2,96.8
505691,1866.0,31233.0,184.2,96.8
505691,1883.0,31233.0,184.2,96.8
505704,1775.0,31232.0,184.2,96.8
505705,1703.0,31232.0,184.2,96.8
505705,1710.0,31232.0,184.2,96.8
505718,2320.0,31231.0,184.2,96.8
505719,2292.0,31231.0,184.2,96.8
505719,2304.0,31231.0,184.2,96.8
505736,2325.0,31231.0,184.2,96.8
505736,2332.0,31231.0,184.2,96.8
505737,2311.0,31231.0,184.2,96.8
505750,1759.0,31229.0,184.2,96.8
505751,1838.0,31229.0,184.2,96.8
505751,1873.0,31229.0,184.2,96.8
505764,1837.0,31228.0,184.2,96.8
505764,1783.0,31228.0,184.2,96.8
505764,1777.0,31228.0,184.2,96.8
505781,2172.0,31227.0,184.2,96.8
505782,2110.0,31227.0,184.2,96.8
505782,2070.0,31227.0,184.2,96.8
505794,2234.0,31226.0,184.2,96.8
505795,2272.0,31226.0,184.2,96.8
505795,2290.0,31226.0,184.2,96.8
505809,1654.0,31226.0,184.2,96.8
505809,1697.0,31226.0,184.2,96.8
505809,1691.0,31226.0,184.2,96.8
505825,1692.0,31225.0,184.2,96.8
505826,1656.0,31225.0,184.2,96.8
505826,1666.0,31225.0,184.2,96.8
505839,2317.0,31224.0,184.8,96.8
505840,2261.0,31224.0,184.8,96.8
505840,2254.0,31224.0,184.8,96.8
505857,2409.0,31223.0,184.8,96.8
505858,2412.0,31223.0,184.8,96.8
505858,2393.0,31223.0,184.8,96.8
505870,1800.0,31223.0,184.8,96.8
505871,1880.0,31223.0,184.8,96.8
505871,1914.0,31223.0,184.8,96.8
505884,1858.0,31223.0,184.8,96.8
505884,1836.0,31223.0,184.8,96.8
505884,1787.0,31223.0,184.8,96.8
505901,2157.0,31222.0,184.8,96.8
505901,2108.0,31222.0,184.8,96.8
505902,2093.0,31222.0,184.8,96.8
505914,2191.0,31222.0,184.8,96.8
505915,2218.0,31222.0,184.8,96.8
505915,2232.0,31222.0,184.8,96.8
505928,1606.0,31221.0,184.8,96.8
505929,1627.0,31221.0,184.8,96.8
505929,1654.0,31221.0,184.8,96.8
505945,1706.0,31220.0,184.8,96.8
505945,1673.0,31220.0,184.8,96.8
505946,1681.0,31220.0,184.8,96.8
505959,2620.0,31220.0,184.8,96.8
505960,2558.0,31220.0,184.8,96.8
505960,2546.0,31220.0,184.8,96.8
505977,2710.0,31219.0,184.8,96.8
505977,2717.0,31219.0,184.8,96.8
505977,2696.0,31219.0,184.8,96.8
505990,1600.0,31219.0,184.8,96.8
505991,1659.0,31219.0,184.8,96.8
505991,1669.0,31219.0,184.8,96.8
506003,1861.0,31219.0,184.8,96.8
506004,1816.0,31219.0,184.8,96.8
506004,1814.0,31219.0,184.8,96.8
506021,2163.0,31218.0,184.8,96.8
506021,2093.0,31218.0,184.8,96.8
506021,2061.0,31218.0,184.8,96.8
506034,2169.0,31218.0,184.8,96.8
506034,2227.0,31218.0,184.8,96.8
506035,2241.0,31218.0,184.8,96.8
506048,1595.0,31218.0,184.8,96.8
506049,1670.0,31218.0,184.8,96.8
506049,1627.0,31218.0,184.8,96.8
506065,1684.0,31218.0,184.8,96.8
506065,1644.0,31218.0,184.8,96.8
506065,1648.0,31218.0,184.8,96.8
506079,2356.0,31217.0,184.8,96.8
506079,2312.0,31217.0,184.8,96.8
506080,2315.0,31217.0,184.8,96.8
506097,2452.0,31217.0,184.8,96.8
506097,2454.0,31217.0,184.8,96.8
506097,2432.0,31217.0,184.8,96.8
506110,1801.0,31217.0,184.8,96.8
506110,1884.0,31217.0,184.8,96.8
506110,1898.0,31217.0,184.8,96.8
506123,2061.0,31217.0,184.8,96.8
506124,1972.0,31217.0,184.8,96.8
506124,1963.0,31217.0,184.8,96.8
506141,2406.0,31218.0,184.8,97.2
506141,2346.0,31218.0,184.8,97.2
506141,2319.0,31218.0,184.8,97.2
506154,2460.0,31218.0,184.8,97.2
506155,2512.0,31218.0,184.8,97.2
506155,2519.0,31218.0,184.8,97.2
506172,2286.0,31218.0,184.8,97.2
506172,2340.0,31218.0,184.8,97.2
506173,2347.0,31218.0,184.8,97.2
506186,1703.0,31218.0,184.8,97.2
506187,1703.0,31218.0,184.8,97.2
506187,1663.0,31218.0,184.8,97.2
506199,2336.0,31218.0,179.0,97.2
506200,2288.0,31218.0,179.0,97.2
506200,2312.0,31218.0,179.0,97.2
506218,2377.0,31217.0,179.0,97.2
506218,2353.0,31217.0,179.0,97.2
506219,2318.0,31217.0,179.0,97.2
506231,1799.0,31217.0,179.0,97.2
506232,1889.0,31217.0,179.0,97.2
506232,1952.0,31217.0,179.0,97.2
506244,1695.0,31216.0,179.0,97.2
506245,1603.0,31216.0,179.0,97.2
506245,1566.0,31216.0,179.0,97.2
506262,1945.0,31214.0,179.0,97.2
506262,1886.0,31214.0,179.0,97.2
506263,1859.0,31214.0,179.0,97.2
506276,2254.0,31212.0,179.0,97.2
506277,2256.0,31212.0,179.0,97.2
506277,2289.0,31212.0,179.0,97.2
506293,2033.0,31211.0,179.0,97.2
506293,2093.0,31211.0,179.0,97.2
506293,2054.0,31211.0,179.0,97.2
506307,1500.0,31210.0,179.0,97.2
506307,1534.0,31210.0,179.0,97.2
506307,1547.0,31210.0,179.0,97.2
506320,2171.0,31208.0,179.0,97.2
506320,2099.0,31208.0,179.0,97.2
506321,2116.0,31208.0,179.0,97.2
506339,2317.0,31206.0,179.0,97.2
506339,2299.0,31206.0,179.0,97.2
506339,2248.0,31206.0,179.0,97.2
506352,1908.0,31205.0,179.0,97.2
506352,1999.0,31205.0,179.0,97.2
506352,2047.0,31205.0,179.0,97.2
506366,1620.0,31203.0,179.0,97.2
506366,1577.0,31203.0,179.0,97.2
506367,1535.0,31203.0,179.0,97.2
506382,1931.0,31203.0,179.0,97.2
506383,1888.0,31203.0,179.0,97.2
506383,1883.0,31203.0,179.0,97.2
506397,2345.0,31201.0,179.0,97.2
506397,2314.0,31201.0,179.0,97.2
506397,2327.0,31201.0,179.0,97.2
506410,1746.0,31200.0,179.0,97.2
506410,1819.0,31200.0,179.0,97.2
506410,1801.0,31200.0,179.0,97.2
506427,1497.0,31199.0,179.0,97.2
506428,1541.0,31199.0,179.0,97.2
506428,1593.0,31199.0,179.0,97.2
506440,2220.0,31198.0,179.0,97.2
506441,2135.0,31198.0,179.0,97.2
506441,2107.0,31198.0,179.0,97.2
506458,2426.0,31197.0,179.0,97.2
506459,2397.0,31197.0,179.0,97.2
506459,2386.0,31197.0,179.0,97.2
506471,1955.0,31197.0,179.0,97.2
506472,2006.0,31197.0,179.0,97.2
506472,2037.0,31197.0,179.0,97.2
506485,1622.0,31195.0,179.0,97.2
506486,1601.0,31195.0,179.0,97.2
506486,1545.0,31195.0,179.0,97.2
506502,1951.0,31195.0,179.0,97.2
506502,1880.0,31195.0,179.0,97.2
506503,1912.0,31195.0,179.0,97.2
506516,2346.0,31194.0,179.1,97.2
506517,2318.0,31194.0,179.1,97.2
506517,2288.0,31194.0,179.1,97.2
506533,2102.0,31193.0,179.1,97.2
506533,2194.0,31193.0,179.1,97.2
506534,2214.0,31193.0,179.1,97.2
506547,1496.0,31192.0,179.1,97.2
506547,1487.0,31192.0,179.1,97.2
506548,1509.0,31192.0,179.1,97.2
506560,2553.0,31192.0,179.1,97.2
506561,2486.0,31192.0,179.1,97.2
506561,2491.0,31192.0,179.1,97.2
506579,2821.0,31191.0,179.1,97.2
506580,2766.0,31191.0,179.1,97.2
506580,2724.0,31191.0,179.1,97.2
506592,1959.0,31190.0,179.1,97.2
506593,2016.0,31190.0,179.1,97.2
506593,2007.0,31190.0,179.1,97.2
506607,1487.0,31189.0,179.1,97.2
506607,1503.0,31189.0,179.1,97.2
506607,1532.0,31189.0,179.1,97.2
506623,1850.0,31189.0,179.1,97.2
506624,1769.0,31189.0,179.1,97.2
506624,1732.0,31189.0,179.1,97.2
506637,2351.0,31188.0,179.1,97.2
506638,2347.0,31188.0,179.1,97.2
506638,2356.0,31188.0,179.1,97.2
506655,2334.0,31188.0,179.1,97.2
506655,2357.0,31188.0,179.1,97.2
506655,2350.0,31188.0,179.1,97.2
506668,1612.0,31188.0,179.1,97.2
506668,1668.0,31188.0,179.1,97.2
506669,1670.0,31188.0,179.1,97.2
506681,2149.0,31187.0,179.1,97.2
506682,2065.0,31187.0,179.1,97.2
506682,2091.0,31187.0,179.1,97.2
506700,2387.0,31188.0,179.1,96.9
506700,2313.0,31188.0,179.1,96.9
506700,2251.0,31188.0,179.1,96.9
506714,2334.0,31188.0,179.1,96.9
506714,2435.0,31188.0,179.1,96.9
506715,2467.0,31188.0,179.1,96.9
506727,1764.0,31188.0,179.1,96.9
506728,1754.0,31188.0,179.1,96.9
506728,1762.0,31188.0,179.1,96.9
506745,1905.0,31189.0,179.1,96.9
506745,1884.0,31189.0,179.1,96.9
506745,1879.0,31189.0,179.1,96.9
506758,2658.0,31189.0,179.1,96.9
506758,2614.0,31189.0,179.1,96.9
506759,2631.0,31189.0,179.1,96.9
506771,2266.0,31189.0,179.1,96.9
506771,2332.0,31189.0,179.1,96.9
506772,2297.0,31189.0,179.1,96.9
506788,1817.0,31189.0,179.1,96.9
506789,1905.0,31189.0,179.1,96.9
506789,1965.0,31189.0,179.1,96.9
506802,2171.0,31189.0,179.1,96.9
506802,2061.0,31189.0,179.1,96.9
506802,2021.0,31189.0,179.1,96.9
506819,2294.0,31188.0,179.1,96.9
506820,2273.0,31188.0,179.1,96.9
506820,2246.0,31188.0,179.1,96.9
506834,2136.0,31187.0,179.1,96.9
506834,2156.0,31187.0,179.1,96.9
506834,2210.0,31187.0,179.1,96.9
506847,1499.0,31186.0,179.1,96.9
506847,1503.0,31186.0,179.1,96.9
506847,1449.0,31186.0,179.1,96.9
506864,1596.0,31185.0,179.1,96.9
506865,1567.0,31185.0,179.1,96.9
506865,1611.0,31185.0,179.1,96.9
506877,2318.0,31184.0,179.4,96.9
506878,2248.0,31184.0,179.4,96.9
506878,2224.0,31184.0,179.4,96.9
506891,1816.0,31183.0,179.4,96.9
506891,1918.0,31183.0,179.4,96.9
506891,1909.0,31183.0,179.4,96.9
506908,1477.0,31180.0,179.4,96.9
506909,1518.0,31180.0,179.4,96.9
506909,1583.0,31180.0,179.4,96.9
506921,2049.0,31179.0,179.4,96.9
506922,1957.0,31179.0,179.4,96.9
506922,1896.0,31179.0,179.4,96.9
506939,2196.0,31176.0,179.4,96.9
506940,2174.0,31176.0,179.4,96.9
506940,2193.0,31176.0,179.4,96.9
506954,2253.0,31174.0,179.4,96.9
506955,2254.0,31174.0,179.4,96.9
506955,2266.0,31174.0,179.4,96.9
506968,1612.0,31173.0,179.4,96.9
506968,1689.0,31173.0,179.4,96.9
506969,1672.0,31173.0,179.4,96.9
506985,1481.0,31170.0,179.4,96.9
506986,1451.0,31170.0,179.4,96.9
506986,1504.0,31170.0,179.4,96.9
506999,2334.0,31169.0,179.4,96.9
506999,2252.0,31169.0,179.4,96.9
506999,2210.0,31169.0,179.4,96.9
507013,2120.0,31168.0,179.4,96.9
507013,2206.0,31168.0,179.4,96.9
507013,2205.0,31168.0,179.4,96.9
507029,1678.0,31167.0,179.4,96.9
507030,1748.0,31167.0,179.4,96.9
507030,1793.0,31167.0,179.4,96.9
507044,1765.0,31165.0,179.4,96.9
507044,1691.0,31165.0,179.4,96.9
507044,1645.0,31165.0,179.4,96.9
507061,2072.0,31164.0,179.4,96.9
507061,2018.0,31164.0,179.4,96.9
507061,2034.0,31164.0,179.4,96.9
507075,2406.0,31163.0,179.4,96.9
507076,2387.0,31163.0,179.4,96.9
507076,2384.0,31163.0,179.4,96.9
507088,1583.0,31162.0,179.4,96.9
507089,1671.0,31162.0,179.4,96.9
507089,1645.0,31162.0,179.4,96.9
507106,1539.0,31160.0,179.4,96.9
507107,1508.0,31160.0,179.4,96.9
507107,1579.0,31160.0,179.4,96.9
507119,2326.0,31160.0,179.4,96.9
507120,2254.0,31160.0,179.4,96.9
507120,2204.0,31160.0,179.4,96.9
507134,2269.0,31159.0,179.4,96.9
507134,2349.0,31159.0,179.4,96.9
507134,2357.0,31159.0,179.4,96.9
507150,1791.0,31158.0,179.4,96.9
507151,1851.0,31158.0,179.4,96.9
507151,1882.0,31158.0,179.4,96.9
507164,1661.0,31157.0,179.4,96.9
507165,1639.0,31157.0,179.4,96.9
507165,1602.0,31157.0,179.4,96.9
507182,1897.0,31155.0,179.4,96.9
507183,1824.0,31155.0,179.4,96.9
507183,1842.0,31155.0,179.4,96.9
507196,2387.0,31155.0,176.9,96.9
507196,2359.0,31155.0,176.9,96.9
507196,2371.0,31155.0,176.9,96.9
507209,1780.0,31154.0,176.9,96.9
507209,1891.0,31154.0,176.9,96.9
507209,1891.0,31154.0,176.9,96.9
507227,2172.0,31153.0,176.9,96.9
507227,2166.0,31153.0,176.9,96.9
507227,2239.0,31153.0,176.9,96.9
507240,2657.0,31153.0,176.9,96.9
507240,2559.0,31153.0,176.9,96.9
507240,2499.0,31153.0,176.9,96.9
507254,2011.0,31152.0,176.9,96.9
507254,2093.0,31152.0,176.9,96.9
507255,2104.0,31152.0,176.9,96.9
507272,2155.0,31151.0,176.9,96.9
507273,2194.0,31151.0,176.9,96.9
507273,2230.0,31151.0,176.9,96.9
507285,1573.0,31151.0,176.9,96.9
507286,1567.0,31151.0,176.9,96.9
507286,1503.0,31151.0,176.9,96.9
507303,1796.0,31150.0,176.9,96.9
507304,1759.0,31150.0,176.9,96.9
507304,1797.0,31150.0,176.9,96.9
507316,2471.0,31150.0,176.9,96.9
507317,2412.0,31150.0,176.9,96.9
507317,2383.0,31150.0,176.9,96.9
507330,1843.0,31150.0,176.9,96.9
507330,1975.0,31150.0,176.9,96.9
507330,1975.0,31150.0,176.9,96.9
507347,1613.0,31149.0,176.9,96.9
507348,1620.0,31149.0,176.9,96.9
507348,1690.0,31149.0,176.9,96.9
507360,2358.0,31149.0,176.9,96.9
507361,2270.0,31149.0,176.9,96.9
507361,2163.0,31149.0,176.9,96.9
507375,2504.0,31148.0,176.9,96.9
507376,2564.0,31148.0,176.9,96.9
507376,2598.0,31148.0,176.9,96.9
507393,2481.0,31149.0,176.9,97.3
507393,2506.0,31149.0,176.9,97.3
507394,2516.0,31149.0,176.9,97.3
507406,1871.0,31149.0,176.9,97.3
507407,1887.0,31149.0,176.9,97.3
507407,1880.0,31149.0,176.9,97.3
507408,1866.0,31149.0,176.9,97.3
507425,1890.0,31149.0,176.9,97.3
507426,1903.0,31149.0,176.9,97.3
507426,1936.0,31149.0,176.9,97.3
507439,2663.0,31149.0,176.9,97.3
507439,2574.0,31149.0,176.9,97.3
507439,2580.0,31149.0,176.9,97.3
507453,2419.0,31150.0,176.9,97.3
507453,2480.0,31150.0,176.9,97.3
507453,2441.0,31150.0,176.9,97.3
507469,1741.0,31149.0,176.9,97.3
507470,1826.0,31149.0,176.9,97.3
507470,1895.0,31149.0,176.9,97.3
507483,1794.0,31149.0,176.9,97.3
507484,1689.0,31149.0,176.9,97.3
507484,1631.0,31149.0,176.9,97.3
507497,2333.0,31148.0,184.9,97.3
507497,2356.0,31148.0,184.9,97.3
507497,2373.0,31148.0,184.9,97.3
507514,2289.0,31146.0,184.9,97.3
507515,2280.0,31146.0,184.9,97.3
507515,2284.0,31146.0,184.9,97.3
507527,1510.0,31145.0,184.9,97.3
507528,1605.0,31145.0,184.9,97.3
507529,1602.0,31145.0,184.9,97.3
507546,1459.0,31143.0,184.9,97.3
507546,1448.0,31143.0,184.9,97.3
507546,1492.0,31143.0,184.9,97.3
507559,2291.0,31142.0,184.9,97.3
507560,2187.0,31142.0,184.9,97.3
507560,2146.0,31142.0,184.9,97.3
507574,2221.0,31140.0,184.9,97.3
507574,2307.0,31140.0,184.9,97.3
507574,2317.0,31140.0,184.9,97.3
507591,1951.0,31137.0,184.9,97.3
507592,2007.0,31137.0,184.9,97.3
507592,2023.0,31137.0,184.9,97.3
507604,1644.0,31136.0,184.9,97.3
507605,1608.0,31136.0,184.9,97.3
507605,1573.0,31136.0,184.9,97.3
507622,1923.0,31134.0,184.9,97.3
507622,1861.0,31134.0,184.9,97.3
507623,1876.0,31134.0,184.9,97.3
507635,2422.0,31133.0,184.9,97.3
507636,2364.0,31133.0,184.9,97.3
507636,2375.0,31133.0,184.9,97.3
507648,1608.0,31132.0,184.9,97.3
507649,1705.0,31132.0,184.9,97.3
507649,1702.0,31132.0,184.9,97.3
507667,1490.0,31130.0,184.9,97.3
507667,1503.0,31130.0,184.9,97.3
507667,1583.0,31130.0,184.9,97.3
507681,2093.0,31128.0,184.9,97.3
507682,1996.0,31128.0,184.9,97.3
507682,1935.0,31128.0,184.9,97.3
507695,2346.0,31127.0,184.9,97.3
507695,2401.0,31127.0,184.9,97.3
507695,2438.0,31127.0,184.9,97.3
507712,2189.0,31126.0,184.9,97.3
507713,2229.0,31126.0,184.9,97.3
507713,2243.0,31126.0,184.9,97.3
507726,1533.0,31125.0,184.9,97.3
507726,1568.0,31125.0,184.9,97.3
507727,1537.0,31125.0,184.9,97.3
507740,2206.0,31124.0,184.9,97.3
507741,2127.0,31124.0,184.9,97.3
507741,2152.0,31124.0,184.9,97.3
507757,2509.0,31123.0,184.9,97.3
507757,2483.0,31123.0,184.9,97.3
507757,2415.0,31123.0,184.9,97.3
507771,1996.0,31122.0,184.9,97.3
507771,2121.0,31122.0,184.9,97.3
507771,2171.0,31122.0,184.9,97.3
507788,1645.0,31121.0,184.9,97.3
507788,1643.0,31121.0,184.9,97.3
507789,1651.0,31121.0,184.9,97.3
507802,1913.0,31120.0,184.9,97.3
507802,1873.0,31120.0,184.9,97.3
507803,1835.0,31120.0,184.9,97.3
507815,2381.0,31119.0,184.8,97.3
507816,2384.0,31119.0,184.8,97.3
507816,2439.0,31119.0,184.8,97.3
507833,2296.0,31118.0,184.8,97.3
507834,2335.0,31118.0,184.8,97.3
507834,2293.0,31118.0,184.8,97.3
507846,1472.0,31118.0,184.8,97.3
507847,1526.0,31118.0,184.8,97.3
507847,1574.0,31118.0,184.8,97.3
507864,1733.0,31117.0,184.8,97.3
507865,1679.0,31117.0,184.8,97.3
507865,1694.0,31117.0,184.8,97.3
507878,3206.0,31117.0,184.8,97.3
507878,3184.0,31117.0,184.8,97.3
507879,3167.0,31117.0,184.8,97.3
507892,2585.0,31115.0,184.8,97.3
507892,2615.0,31115.0,184.8,97.3
507893,2611.0,31115.0,184.8,97.3
507911,1685.0,31115.0,184.8,97.3
507911,1800.0,31115.0,184.8,97.3
507911,1823.0,31115.0,184.8,97.3
507924,1771.0,31115.0,184.8,97.3
507924,1705.0,31115.0,184.8,97.3
507924,1704.0,31115.0,184.8,97.3
507937,2385.0,31115.0,184.8,97.3
507938,2350.0,31115.0,184.8,97.3
507938,2330.0,31115.0,184.8,97.3
507955,2438.0,31114.0,184.8,97.3
507955,2477.0,31114.0,184.8,97.3
507956,2482.0,31114.0,184.8,97.3
507968,1623.0,31114.0,184.8,97.2
507969,1696.0,31114.0,184.8,97.2
507969,1714.0,31114.0,184.8,97.2
507986,1579.0,31114.0,184.8,97.2
507986,1584.0,31114.0,184.8,97.2
507987,1607.0,31114.0,184.8,97.2
508000,2318.0,31114.0,184.8,97.2
508001,2222.0,31114.0,184.8,97.2
508001,2211.0,31114.0,184.8,97.2
508013,2411.0,31115.0,184.8,97.2
508014,2469.0,31115.0,184.8,97.2
508014,2423.0,31115.0,184.8,97.2
508032,2346.0,31115.0,184.8,97.2
508033,2408.0,31115.0,184.8,97.2
508033,2444.0,31115.0,184.8,97.2
508045,1805.0,31116.0,184.8,97.2
508046,1792.0,31116.0,184.8,97.2
508046,1767.0,31116.0,184.8,97.2
508060,2576.0,31117.0,184.8,97.2
508060,2539.0,31117.0,184.8,97.2
508060,2564.0,31117.0,184.8,97.2
508076,2838.0,31117.0,184.8,97.2
508077,2800.0,31117.0,184.8,97.2
508077,2765.0,31117.0,184.8,97.2
508090,2210.0,31119.0,184.8,97.2
508091,2333.0,31119.0,184.8,97.2
508091,2351.0,31119.0,184.8,97.2
508107,1720.0,31119.0,184.8,97.2
508107,1742.0,31119.0,184.8,97.2
508107,1751.0,31119.0,184.8,97.2
508121,2155.0,31120.0,184.8,97.2
508121,2075.0,31120.0,184.8,97.2
508122,2039.0,31120.0,184.8,97.2
508134,2342.0,31120.0,184.8,97.2
508135,2379.0,31120.0,184.8,97.2
508135,2394.0,31120.0,184.8,97.2
508153,2176.0,31120.0,184.8,97.2
508153,2222.0,31120.0,184.8,97.2
508153,2225.0,31120.0,184.8,97.2
508166,1428.0,31120.0,184.8,97.2
508167,1466.0,31120.0,184.8,97.2
508167,1464.0,31120.0,184.8,97.2
508181,2014.0,31120.0,184.8,97.2
508181,1927.0,31120.0,184.8,97.2
508181,1946.0,31120.0,184.8,97.2
508197,2380.0,31119.0,184.8,97.2
508198,2348.0,31119.0,184.8,97.2
508198,2298.0,31119.0,184.8,97.2
508211,1952.0,31118.0,184.8,97.2
508212,2055.0,31118.0,184.8,97.2
508212,2098.0,31118.0,184.8,97.2
508225,1528.0,31117.0,184.8,97.2
508225,1463.0,31117.0,184.8,97.2
508225,1449.0,31117.0,184.8,97.2
508242,1853.0,31117.0,184.8,97.2
508243,1791.0,31117.0,184.8,97.2
508243,1762.0,31117.0,184.8,97.2
508255,2350.0,31116.0,184.8,97.2
508256,2356.0,31116.0,184.8,97.2
508256,2360.0,31116.0,184.8,97.2
508273,2250.0,31116.0,184.8,97.2
508273,2297.0,31116.0,184.8,97.2
508274,2285.0,31116.0,184.8,97.2
508286,1434.0,31115.0,184.8,97.2
508287,1486.0,31115.0,184.8,97.2
508287,1503.0,31115.0,184.8,97.2
508301,2117.0,31114.0,184.8,97.2
508301,2014.0,31114.0,184.8,97.2
508301,2014.0,31114.0,184.8,97.2
508319,2326.0,31114.0,184.8,97.2
508319,2279.0,31114.0,184.8,97.2
508319,2219.0,31114.0,184.8,97.2
508332,2055.0,31114.0,184.8,97.2
508332,2140.0,31114.0,184.8,97.2
508332,2187.0,31114.0,184.8,97.2
508349,1758.0,31114.0,184.8,97.2
508350,1820.0,31114.0,184.8,97.2
508350,1799.0,31114.0,184.8,97.2
508363,1795.0,31113.0,184.8,97.2
508363,1755.0,31113.0,184.8,97.2
508363,1732.0,31113.0,184.8,97.2
508376,2403.0,31113.0,184.8,97.2
508376,2379.0,31113.0,184.8,97.2
508376,2404.0,31113.0,184.8,97.2
508394,2408.0,31114.0,184.8,97.2
508395,2447.0,31114.0,184.8,97.2
508395,2407.0,31114.0,184.8,97.2
508409,1638.0,31114.0,184.8,97.2
508409,1743.0,31114.0,184.8,97.2
508409,1799.0,31114.0,184.8,97.2
508422,1943.0,31114.0,184.8,97.2
508422,1846.0,31114.0,184.8,97.2
508422,1814.0,31114.0,184.8,97.2
508439,2345.0,31114.0,184.8,97.2
508440,2308.0,31114.0,184.8,97.2
508440,2276.0,31114.0,184.8,97.2
508453,2236.0,31114.0,184.8,97.2
508453,2286.0,31114.0,184.8,97.2
508453,2322.0,31114.0,184.8,97.2
508466,1491.0,31114.0,184.8,97.2
508466,1487.0,31114.0,184.8,97.2
508466,1447.0,31114.0,184.8,97.2
508484,1598.0,31115.0,184.8,97.2
508484,1568.0,31115.0,184.8,97.2
508484,1592.0,31115.0,184.8,97.2
508498,2375.0,31116.0,184.8,97.2
508498,2303.0,31116.0,184.8,97.2
508499,2273.0,31116.0,184.8,97.2
508515,2397.0,31116.0,184.8,97.2
508515,2445.0,31116.0,184.8,97.2
508515,2424.0,31116.0,184.8,97.2
508529,1787.0,31116.0,184.8,97.2
508529,1866.0,31116.0,184.8,97.2
508530,1911.0,31116.0,184.8,97.2
508542,2593.0,31117.0,184.8,97.2
508543,2531.0,31117.0,184.8,97.2
508543,2507.0,31117.0,184.8,97.2
508560,2618.0,31118.0,184.8,97.2
508560,2535.0,31118.0,184.8,97.2
508560,2492.0,31118.0,184.8,97.2
508573,1979.0,31118.0,184.8,97.2
508573,2030.0,31118.0,184.8,97.2
508574,2044.0,31118.0,184.8,97.2
508587,1632.0,31119.0,184.8,97.2
508587,1673.0,31119.0,184.8,97.2
508588,1684.0,31119.0,184.8,97.2
508604,1577.0,31120.0,184.8,97.2
508605,1522.0,31120.0,184.8,97.2
508605,1515.0,31120.0,184.8,97.2
508618,2343.0,31122.0,184.8,97.2
508619,2270.0,31122.0,184.8,97.2
508620,2234.0,31122.0,184.8,97.2
508620,2231.0,31122.0,184.8,97.2
508637,2453.0,31124.0,184.8,97.2
508638,2394.0,31124.0,184.8,97.2
508638,2378.0,31124.0,184.8,97.2
508650,2028.0,31125.0,184.8,97.2
508651,2103.0,31125.0,184.8,97.2
508651,2126.0,31125.0,184.8,97.2
508664,1729.0,31125.0,184.8,97.2
508664,1686.0,31125.0,184.8,97.2
508664,1701.0,31125.0,184.8,97.2
508681,2148.0,31128.0,184.8,97.2
508682,2062.0,31128.0,184.8,97.2
508682,2020.0,31128.0,184.8,97.2
508694,2554.0,31129.0,184.8,97.2
508695,2592.0,31129.0,184.8,97.2
508695,2607.0,31129.0,184.8,97.2
508709,1964.0,31131.0,184.8,97.2
508709,2017.0,31131.0,184.8,97.2
508709,2024.0,31131.0,184.8,97.2
508725,1828.0,31132.0,184.8,97.2
508726,1849.0,31132.0,184.8,97.2
508726,1853.0,31132.0,184.8,97.2
508740,2557.0,31134.0,184.8,97.2
508740,2482.0,31134.0,184.8,97.2
508740,2472.0,31134.0,184.8,97.2
508757,2765.0,31136.0,184.8,97.2
508758,2750.0,31136.0,184.8,97.2
508758,2709.0,31136.0,184.8,97.2
508771,2224.0,31137.0,184.8,97.2
508771,2307.0,31137.0,184.8,97.2
508771,2340.0,31137.0,184.8,97.2
508784,1774.0,31139.0,184.8,97.2
508784,1701.0,31139.0,184.8,97.2
508785,1675.0,31139.0,184.8,97.2
508801,1948.0,31140.0,184.8,97.2
508802,1875.0,31140.0,184.8,97.2
508802,1860.0,31140.0,184.8,97.2
508815,2329.0,31140.0,184.8,97.2
508815,2326.0,31140.0,184.8,97.2
508815,2341.0,31140.0,184.8,97.2
508829,1648.0,31142.0,184.8,97.2
508829,1713.0,31142.0,184.8,97.2
508829,1707.0,31142.0,184.8,97.2
508846,1377.0,31143.0,184.8,97.2
508847,1413.0,31143.0,184.8,97.2
508847,1462.0,31143.0,184.8,97.2
508859,2189.0,31143.0,184.8,97.2
508860,2089.0,31143.0,184.8,97.2
508860,2054.0,31143.0,184.8,97.2
508877,2352.0,31144.0,188.1,97.2
508878,2337.0,31144.0,188.1,97.2
508878,2306.0,31144.0,188.1,97.2
508891,1913.0,31145.0,188.1,97.2
508891,1977.0,31145.0,188.1,97.2
508891,2012.0,31145.0,188.1,97.2
508904,1584.0,31145.0,188.1,97.2
508904,1549.0,31145.0,188.1,97.2
508904,1509.0,31145.0,188.1,97.2
508921,1891.0,31146.0,188.1,97.2
508922,1837.0,31146.0,188.1,97.2
508922,1841.0,31146.0,188.1,97.2
508934,2362.0,31147.0,188.1,97.2
508935,2343.0,31147.0,188.1,97.2
508935,2339.0,31147.0,188.1,97.2
508949,1688.0,31147.0,188.1,97.2
508949,1774.0,31147.0,188.1,97.2
508949,1784.0,31147.0,188.1,97.2
508966,1435.0,31148.0,188.1,97.2
508967,1449.0,31148.0,188.1,97.2
508967,1501.0,31148.0,188.1,97.2
508979,2235.0,31149.0,188.1,97.2
508980,2117.0,31149.0,188.1,97.2
508980,2082.0,31149.0,188.1,97.2
508998,2342.0,31151.0,188.1,97.2
508998,2300.0,31151.0,188.1,97.2
508998,2325.0,31151.0,188.1,97.2
509011,2024.0,31152.0,188.1,97.2
509011,2081.0,31152.0,188.1,97.2
509012,2105.0,31152.0,188.1,97.2
509024,1552.0,31152.0,188.1,97.2
509025,1532.0,31152.0,188.1,97.2
509025,1499.0,31152.0,188.1,97.2
509042,1825.0,31153.0,188.1,97.2
509042,1745.0,31153.0,188.1,97.2
509042,1777.0,31153.0,188.1,97.2
509056,2430.0,31155.0,188.1,97.2
509056,2372.0,31155.0,188.1,97.2
509057,2362.0,31155.0,188.1,97.2
509073,2224.0,31156.0,188.1,97.2
509073,2305.0,31156.0,188.1,97.2
509073,2322.0,31156.0,188.1,97.2
509087,1512.0,31159.0,188.1,97.2
509087,1539.0,31159.0,188.1,97.2
509087,1556.0,31159.0,188.1,97.2
509100,2147.0,31160.0,188.1,97.2
509100,2093.0,31160.0,188.1,97.2
509101,2079.0,31160.0,188.1,97.2
509118,2393.0,31162.0,188.1,97.2
509119,2330.0,31162.0,188.1,97.2
509119,2301.0,31162.0,188.1,97.2
509132,2214.0,31163.0,188.1,97.2
509132,2289.0,31163.0,188.1,97.2
509132,2289.0,31163.0,188.1,97.2
509146,1511.0,31165.0,188.1,97.2
509146,1511.0,31165.0,188.1,97.2
509146,1508.0,31165.0,188.1,97.2
509162,1774.0,31166.0,188.1,97.2
509163,1694.0,31166.0,188.1,97.2
509163,1707.0,31166.0,188.1,97.2
509176,2408.0,31169.0,188.1,97.2
509177,2373.0,31169.0,188.1,97.2
509177,2360.0,31169.0,188.1,97.2
509190,1891.0,31170.0,188.1,97.2
509190,1980.0,31170.0,188.1,97.2
509190,1976.0,31170.0,188.1,97.2
509207,1504.0,31173.0,188.1,97.2
509208,1580.0,31173.0,188.1,97.2
509208,1611.0,31173.0,188.1,97.2
509220,2364.0,31174.0,188.1,97.2
509221,2306.0,31174.0,188.1,97.2
509221,2291.0,31174.0,188.1,97.2
509238,3205.0,31177.0,188.1,97.2
509239,3158.0,31177.0,188.1,97.2
509239,3169.0,31177.0,188.1,97.2
509251,2080.0,31178.0,188.1,97.2
509252,2128.0,31178.0,188.1,97.2
509252,2092.0,31178.0,188.1,97.2
509265,1368.0,31181.0,188.1,97.2
509266,1399.0,31181.0,188.1,97.2
509266,1430.0,31181.0,188.1,97.2
509282,1867.0,31183.0,188.1,97.2
509282,1758.0,31183.0,188.1,97.2
509283,1730.0,31183.0,188.1,97.2
509296,2428.0,31186.0,188.1,97.2
509297,2429.0,31186.0,188.1,97.2
509297,2404.0,31186.0,188.1,97.2
509313,2294.0,31187.0,188.1,97.2
509313,2338.0,31187.0,188.1,97.2
509313,2364.0,31187.0,188.1,97.2
509327,1596.0,31191.0,188.1,97.2
509327,1641.0,31191.0,188.1,97.2
509328,1637.0,31191.0,188.1,97.2
509340,2146.0,31193.0,188.1,97.2
509341,2080.0,31193.0,188.1,97.2
509341,2083.0,31193.0,188.1,97.2
509359,2438.0,31196.0,188.1,97.2
509359,2349.0,31196.0,188.1,97.2
509359,2302.0,31196.0,188.1,97.2
509372,2327.0,31198.0,188.1,97.2
509373,2418.0,31198.0,188.1,97.2
509373,2443.0,31198.0,188.1,97.2
509386,1725.0,31202.0,188.1,97.2
509387,1739.0,31202.0,188.1,97.2
509387,1746.0,31202.0,188.1,97.2
509403,1972.0,31204.0,188.1,97.2
509404,1924.0,31204.0,188.1,97.2
509404,1913.0,31204.0,188.1,97.2
509417,2739.0,31208.0,188.1,97.2
509418,2698.0,31208.0,188.1,97.2
509418,2716.0,31208.0,188.1,97.2
509435,2819.0,31212.0,188.1,97.2
509435,2823.0,31212.0,188.1,97.2
509435,2788.0,31212.0,188.1,97.2
509448,1951.0,31214.0,188.1,97.2
509448,2043.0,31214.0,188.1,97.2
509449,2077.0,31214.0,188.1,97.2
509461,2145.0,31216.0,188.1,97.2
509462,2048.0,31216.0,188.1,97.2
509462,2031.0,31216.0,188.1,97.2
509480,2227.0,31219.0,188.1,97.2
509480,2148.0,31219.0,188.1,97.2
509480,2094.0,31219.0,188.1,97.2
509494,2288.0,31223.0,188.1,97.2
509494,2319.0,31223.0,188.1,97.2
509494,2366.0,31223.0,188.1,97.2
509507,1509.0,31224.0,188.1,97.2
509507,1533.0,31224.0,188.1,97.2
509508,1507.0,31224.0,188.1,97.2
509524,1410.0,31228.0,188.1,97.2
509525,1416.0,31228.0,188.1,97.2
509525,1449.0,31228.0,188.1,97.2
509538,2276.0,31229.0,188.1,97.2
509538,2183.0,31229.0,188.1,97.2
509538,2189.0,31229.0,188.1,97.2
509551,2002.0,31231.0,188.1,97.2
509551,2083.0,31231.0,188.1,97.2
509551,2053.0,31231.0,188.1,97.2
509568,1551.0,31233.0,188.1,97.2
509569,1648.0,31233.0,188.1,97.2
509569,1728.0,31233.0,188.1,97.2
509582,1849.0,31235.0,188.1,97.2
509582,1749.0,31235.0,188.1,97.2
509582,1693.0,31235.0,188.1,97.2
509599,2147.0,31237.0,188.1,97.2
509600,2116.0,31237.0,188.1,97.2
509600,2109.0,31237.0,188.1,97.2
509613,2289.0,31240.0,188.1,97.2
509614,2296.0,31240.0,188.1,97.2
509614,2313.0,31240.0,188.1,97.2
509627,1521.0,31242.0,188.1,97.2
509627,1567.0,31242.0,188.1,97.2
509627,1526.0,31242.0,188.1,97.2
509644,1481.0,31245.0,188.1,97.2
509645,1469.0,31245.0,188.1,97.2
509645,1509.0,31245.0,188.1,97.2
509657,2393.0,31247.0,188.1,97.2
509658,2300.0,31247.0,188.1,97.2
509658,2249.0,31247.0,188.1,97.2
509670,1977.0,31248.0,188.1,97.2
509671,2084.0,31248.0,188.1,97.2
509671,2094.0,31248.0,188.1,97.2
509688,1595.0,31252.0,188.1,97.2
509688,1634.0,31252.0,188.1,97.2
509689,1717.0,31252.0,188.1,97.2
509701,1952.0,31253.0,188.1,97.2
509702,1858.0,31253.0,188.1,97.2
509702,1795.0,31253.0,188.1,97.2
509719,2205.0,31257.0,188.1,97.2
509719,2167.0,31257.0,188.1,97.2
509719,2183.0,31257.0,188.1,97.2
509733,2304.0,31260.0,188.1,97.2
509733,2307.0,31260.0,188.1,97.2
509734,2300.0,31260.0,188.1,97.2
509746,1527.0,31262.0,188.1,97.2
509747,1578.0,31262.0,188.1,97.2
509747,1605.0,31262.0,188.1,97.2
509764,1539.0,31266.0,188.1,97.2
509764,1496.0,31266.0,188.1,97.2
509764,1534.0,31266.0,188.1,97.2
509777,2472.0,31268.0,99.8,97.2
509777,2409.0,31268.0,99.8,97.2
509778,2367.0,31268.0,99.8,97.2
509790,2021.0,31269.0,99.8,97.2
509791,2133.0,31269.0,99.8,97.2
509791,2149.0,31269.0,99.8,97.2
509808,1612.0,31273.0,99.8,97.2
509808,1660.0,31273.0,99.8,97.2
509809,1692.0,31273.0,99.8,97.2
509821,1890.0,31275.0,99.8,97.2
509822,1815.0,31275.0,99.8,97.2
509822,1768.0,31275.0,99.8,97.2
509839,2178.0,31277.0,99.8,97.2
509840,2118.0,31277.0,99.8,97.2
509840,2149.0,31277.0,99.8,97.2
509853,2303.0,31281.0,99.8,97.2
509854,2312.0,31281.0,99.8,97.2
509854,2309.0,31281.0,99.8,97.2
509867,1542.0,31283.0,99.8,97.2
509867,1615.0,31283.0,99.8,97.2
509867,1608.0,31283.0,99.8,97.2
509884,2006.0,31287.0,99.8,97.2
509885,1997.0,31287.0,99.8,97.2
509885,2055.0,31287.0,99.8,97.2
509897,3340.0,31289.0,99.8,97.2
509898,3236.0,31289.0,99.8,97.2
509898,3192.0,31289.0,99.8,97.2
509911,1941.0,31291.0,99.8,97.2
509911,2053.0,31291.0,99.8,97.2
509911,1994.0,31291.0,99.8,97.2
509928,1705.0,31295.0,99.8,97.2
509929,1771.0,31295.0,99.8,97.2
509929,1862.0,31295.0,99.8,97.2
509943,1782.0,31300.0,99.8,97.2
509943,1688.0,31300.0,99.8,97.2
509943,1607.0,31300.0,99.8,97.2
509960,2087.0,31302.0,99.8,97.2
509960,2072.0,31302.0,99.8,97.2
509960,2087.0,31302.0,99.8,97.2
509974,2416.0,31306.0,99.8,97.2
509974,2376.0,31306.0,99.8,97.2
509975,2375.0,31306.0,99.8,97.2
509987,1644.0,31308.0,99.8,97.2
509988,1741.0,31308.0,99.8,97.2
509988,1718.0,31308.0,99.8,97.2
510005,1548.0,31312.0,99.8,97.2
510005,1531.0,31312.0,99.8,97.2
510005,1598.0,31312.0,99.8,97.2
510018,2436.0,31314.0,99.8,97.2
510018,2373.0,31314.0,99.8,97.2
510018,2310.0,31314.0,99.8,97.2
510032,2327.0,31319.0,99.8,97.2
510032,2420.0,31319.0,99.8,97.2
510032,2459.0,31319.0,99.8,97.2
510048,1960.0,31321.0,99.8,97.2
510049,1996.0,31321.0,99.8,97.2
510049,2020.0,31321.0,99.8,97.2
510063,2027.0,31326.0,99.8,97.2
510063,1990.0,31326.0,99.8,97.2
510063,1935.0,31326.0,99.8,97.2
510079,2465.0,31328.0,99.8,97.2
510080,2412.0,31328.0,99.8,97.2
510080,2433.0,31328.0,99.8,97.2
510094,2731.0,31332.0,99.8,97.2
510094,2729.0,31332.0,99.8,97.2
510094,2699.0,31332.0,99.8,97.2
510107,1879.0,31335.0,99.8,97.2
510107,1984.0,31335.0,99.8,97.2
510108,1992.0,31335.0,99.8,97.2
510124,1645.0,31339.0,99.8,97.2
510125,1597.0,31339.0,99.8,97.2
510125,1615.0,31339.0,99.8,97.2
510138,2364.0,31342.0,99.8,97.2
510138,2312.0,31342.0,99.8,97.2
510138,2279.0,31342.0,99.8,97.2
510152,2145.0,31346.0,99.8,97.2
510152,2218.0,31346.0,99.8,97.2
510153,2242.0,31346.0,99.8,97.2
510169,1685.0,31348.0,99.8,97.2
510169,1736.0,31348.0,99.8,97.2
510169,1752.0,31348.0,99.8,97.2
510183,1583.0,31352.0,99.8,97.2
510183,1544.0,31352.0,99.8,97.2
510184,1533.0,31352.0,99.8,97.2
510200,2025.0,31354.0,99.8,97.2
510200,1939.0,31354.0,99.8,97.2
510200,1904.0,31354.0,99.8,97.2
510214,2301.0,31358.0,99.8,97.2
510214,2320.0,31358.0,99.8,97.2
510214,2298.0,31358.0,99.8,97.2
510227,1519.0,31360.0,99.8,97.2
510228,1584.0,31360.0,99.8,97.2
510228,1595.0,31360.0,99.8,97.2
510245,1466.0,31364.0,99.8,97.2
510245,1452.0,31364.0,99.8,97.2
510246,1475.0,31364.0,99.8,97.2
510258,2192.0,31366.0,99.8,97.2
510259,2115.0,31366.0,99.8,97.2
510259,2104.0,31366.0,99.8,97.2
510276,2374.0,31370.0,99.8,97.2
510276,2370.0,31370.0,99.8,97.2
510277,2361.0,31370.0,99.8,97.2
510289,1797.0,31371.0,99.8,97.2
510290,1865.0,31371.0,99.8,97.2
510290,1894.0,31371.0,99.8,97.2
510303,1599.0,31375.0,99.8,97.2
510304,1581.0,31375.0,99.8,97.2
510304,1565.0,31375.0,99.8,97.2
510322,1817.0,31380.0,99.8,97.2
510322,1716.0,31380.0,99.8,97.2
510322,1706.0,31380.0,99.8,97.2
510335,2372.0,31382.0,99.8,97.2
510335,2387.0,31382.0,99.8,97.2
510336,2376.0,31382.0,99.8,97.2
510348,1707.0,31384.0,99.8,97.2
510349,1778.0,31384.0,99.8,97.2
510349,1784.0,31384.0,99.8,97.2
510366,1482.0,31387.0,99.8,97.2
510366,1535.0,31387.0,99.8,97.2
510366,1540.0,31387.0,99.8,97.2
510379,2174.0,31390.0,99.8,97.2
510379,2095.0,31390.0,99.8,97.2
510380,2078.0,31390.0,99.8,97.2
510393,2344.0,31394.0,99.8,97.2
510394,2379.0,31394.0,99.8,97.2
510394,2373.0,31394.0,99.8,97.2
510411,2107.0,31398.0,99.8,97.2
510411,2169.0,31398.0,99.8,97.2
510411,2205.0,31398.0,99.8,97.2
510424,1597.0,31401.0,99.8,97.2
510424,1574.0,31401.0,99.8,97.2
510425,1551.0,31401.0,99.8,97.2
510442,1762.0,31405.0,99.8,97.2
510442,1709.0,31405.0,99.8,97.2
510442,1720.0,31405.0,99.8,97.2
510455,2386.0,31407.0,99.8,97.2
510455,2354.0,31407.0,99.8,97.2
510456,2358.0,31407.0,99.8,97.2
510468,1726.0,31409.0,99.8,97.2
510468,1809.0,31409.0,99.8,97.2
510469,1792.0,31409.0,99.8,97.2
510486,1440.0,31414.0,99.8,97.2
510486,1432.0,31414.0,99.8,97.2
510486,1539.0,31414.0,99.8,97.2
510499,2266.0,31416.0,99.8,97.2
510499,2169.0,31416.0,99.8,97.2
510499,2151.0,31416.0,99.8,97.2
510513,2885.0,31420.0,99.8,97.2
510513,2959.0,31420.0,99.8,97.2
510513,2993.0,31420.0,99.8,97.2
510530,2474.0,31425.0,99.8,97.2
510531,2496.0,31425.0,99.8,97.2
510531,2483.0,31425.0,99.8,97.2
510544,1279.0,31427.0,99.8,97.2
510544,1285.0,31427.0,99.8,97.2
510545,1239.0,31427.0,99.8,97.2
510562,1782.0,31432.0,99.8,97.2
510563,1707.0,31432.0,99.8,97.2
510563,1748.0,31432.0,99.8,97.2
510575,2415.0,31434.0,99.8,97.2
510576,2392.0,31434.0,99.8,97.2
510576,2337.0,31434.0,99.8,97.2
510589,1803.0,31436.0,99.8,97.2
510589,1927.0,31436.0,99.8,97.2
510589,1947.0,31436.0,99.8,97.2
510606,1552.0,31441.0,99.8,97.2
510607,1573.0,31441.0,99.8,97.2
510607,1612.0,31441.0,99.8,97.2
510620,2078.0,31445.0,99.8,97.2
510621,2000.0,31445.0,99.8,97.2
510621,1954.0,31445.0,99.8,97.2
510637,2443.0,31448.0,99.8,97.2
510637,2421.0,31448.0,99.8,97.2
510637,2442.0,31448.0,99.8,97.2
510651,2281.0,31453.0,99.8,97.2
510651,2315.0,31453.0,99.8,97.2
510652,2305.0,31453.0,99.8,97.2
510664,1680.0,31455.0,99.8,97.2
510665,1720.0,31455.0,99.8,97.2
510665,1712.0,31455.0,99.8,97.2
510683,1875.0,31460.0,99.8,97.2
510683,1802.0,31460.0,99.8,97.2
510684,1820.0,31460.0,99.8,97.2
510696,2713.0,31463.0,99.8,97.2
510697,2690.0,31463.0,99.8,97.2
510697,2651.0,31463.0,99.8,97.2
510710,2410.0,31468.0,99.8,97.2
510711,2503.0,31468.0,99.8,97.2
510711,2537.0,31468.0,99.8,97.2
510727,1933.0,31471.0,99.8,97.2
510728,1985.0,31471.0,99.8,97.2
510728,2010.0,31471.0,99.8,97.2
510741,2113.0,31476.0,99.8,97.2
510742,2051.0,31476.0,99.8,97.2
510742,2010.0,31476.0,99.8,97.2
510758,2374.0,31478.0,99.8,97.2
510758,2307.0,31478.0,99.8,97.2
510758,2297.0,31478.0,99.8,97.2
510772,2232.0,31483.0,99.8,97.2
510772,2286.0,31483.0,99.8,97.2
510773,2273.0,31483.0,99.8,97.2
510785,1468.0,31485.0,99.8,97.2
510786,1494.0,31485.0,99.8,97.2
510786,1491.0,31485.0,99.8,97.2
510804,1496.0,31490.0,99.8,97.2
510804,1450.0,31490.0,99.8,97.2
510804,1459.0,31490.0,99.8,97.2
510817,2295.0,31492.0,99.8,97.2
510817,2241.0,31492.0,99.8,97.2
510817,2239.0,31492.0,99.8,97.2
510831,2082.0,31496.0,99.8,97.2
510832,2146.0,31496.0,99.8,97.2
510832,2150.0,31496.0,99.8,97.2
510848,1604.0,31499.0,99.8,97.2
510848,1680.0,31499.0,99.8,97.2
510848,1707.0,31499.0,99.8,97.2
510862,1702.0,31503.0,99.8,97.2
510862,1660.0,31503.0,99.8,97.2
510863,1614.0,31503.0,99.8,97.2
510879,2076.0,31507.0,99.8,97.2
510880,2001.0,31507.0,99.8,97.2
510880,1971.0,31507.0,99.8,97.2
510893,2284.0,31509.0,99.8,97.2
510893,2302.0,31509.0,99.8,97.2
510893,2313.0,31509.0,99.8,97.2
510906,1516.0,31512.0,99.8,97.2
510906,1553.0,31512.0,99.8,97.2
510907,1534.0,31512.0,99.8,97.2
510924,1488.0,31516.0,99.8,97.2
510925,1483.0,31516.0,99.8,97.2
510925,1503.0,31516.0,99.8,97.2
510938,2213.0,31521.0,99.8,97.2
510939,2128.0,31521.0,99.8,97.2
510939,2103.0,31521.0,99.8,97.2
510952,2229.0,31523.0,99.8,97.2
510952,2295.0,31523.0,99.8,97.2
510952,2308.0,31523.0,99.8,97.2
510969,1841.0,31528.0,99.8,97.2
510970,1920.0,31528.0,99.8,97.2
510970,1964.0,31528.0,99.8,97.2
510982,1688.0,31530.0,99.8,97.2
510983,1625.0,31530.0,99.8,97.2
510983,1592.0,31530.0,99.8,97.2
510996,2366.0,31533.0,117.6,97.2
510996,2348.0,31533.0,117.6,97.2
510996,2376.0,31533.0,117.6,97.2
511014,2426.0,31537.0,117.6,97.2
511014,2433.0,31537.0,117.6,97.2
511014,2397.0,31537.0,117.6,97.2
511027,1585.0,31540.0,117.6,97.2
511027,1683.0,31540.0,117.6,97.2
511028,1704.0,31540.0,117.6,97.2
511045,1501.0,31544.0,117.6,97.2
511045,1481.0,31544.0,117.6,97.2
511045,1514.0,31544.0,117.6,97.2
511059,2238.0,31549.0,117.6,97.2
511059,2157.0,31549.0,117.6,97.2
511060,2124.0,31549.0,117.6,97.2
511072,2336.0,31551.0,117.6,97.2
511073,2393.0,31551.0,117.6,97.2
511073,2390.0,31551.0,117.6,97.2
511090,1935.0,31556.0,117.6,97.2
511090,1986.0,31556.0,117.6,97.2
511090,1990.0,31556.0,117.6,97.2
511103,1631.0,31559.0,117.6,97.2
511103,1596.0,31559.0,117.6,97.2
511103,1556.0,31559.0,117.6,97.2
511116,2389.0,31561.0,117.6,97.2
511116,2322.0,31561.0,117.6,97.2
511117,2365.0,31561.0,117.6,97.2
511134,2416.0,31565.0,117.6,97.2
511134,2428.0,31565.0,117.6,97.2
511134,2377.0,31565.0,117.6,97.2
511148,1686.0,31570.0,117.6,97.2
511148,1821.0,31570.0,117.6,97.2
511148,1859.0,31570.0,117.6,97.2
511165,2191.0,31573.0,117.6,97.2
511165,2175.0,31573.0,117.6,97.2
511166,2198.0,31573.0,117.6,97.2
511179,2791.0,31579.0,117.6,97.2
511179,2707.0,31579.0,117.6,97.2
511180,2644.0,31579.0,117.6,97.2
511192,2068.0,31581.0,117.6,97.2
511193,2099.0,31581.0,117.6,97.2
511193,2108.0,31581.0,117.6,97.2
511210,2028.0,31586.0,117.6,97.2
511210,2120.0,31586.0,117.6,97.2
511210,2162.0,31586.0,117.6,97.2
511223,1611.0,31589.0,117.6,97.2
511223,1577.0,31589.0,117.6,97.2
511223,1543.0,31589.0,117.6,97.2
511236,2404.0,31591.0,117.6,97.2
511236,2366.0,31591.0,117.6,97.2
511237,2415.0,31591.0,117.6,97.2
511253,2470.0,31596.0,117.6,97.2
511254,2460.0,31596.0,117.6,97.2
511254,2405.0,31596.0,117.6,97.2
511268,1741.0,31601.0,117.6,97.2
511268,1859.0,31601.0,117.6,97.2
511268,1897.0,31601.0,117.6,97.2
511285,1609.0,31604.0,117.6,97.2
511285,1562.0,31604.0,117.6,97.2
511285,1572.0,31604.0,117.6,97.2
511299,2309.0,31610.0,117.6,97.2
511299,2254.0,31610.0,117.6,97.2
511299,2207.0,31610.0,117.6,97.2
511312,2444.0,31612.0,119.8,97.2
511313,2488.0,31612.0,119.8,97.2
511313,2510.0,31612.0,119.8,97.2
511330,2238.0,31618.0,119.8,97.2
511330,2315.0,31618.0,119.8,97.2
511330,2309.0,31618.0,119.8,97.2
511343,1910.0,31620.0,119.8,97.2
511343,1893.0,31620.0,119.8,97.2
511344,1893.0,31620.0,119.8,97.2
511357,2699.0,31626.0,119.8,97.2
511357,2632.0,31626.0,119.8,97.2
511358,2640.0,31626.0,119.8,97.2
511374,2776.0,31629.0,119.8,97.2
511374,2814.0,31629.0,119.8,97.2
511374,2765.0,31629.0,119.8,97.2
511388,2008.0,31634.0,119.8,97.2
511388,2106.0,31634.0,119.8,97.2
511389,2149.0,31634.0,119.8,97.2
511405,1641.0,31637.0,119.8,97.2
511405,1615.0,31637.0,119.8,97.2
511406,1602.0,31637.0,119.8,97.2
511419,2082.0,31642.0,119.8,97.2
511420,2033.0,31642.0,119.8,97.2
511420,2015.0,31642.0,119.8,97.2
511433,2299.0,31644.0,119.8,97.2
511433,2287.0,31644.0,119.8,97.2
511433,2305.0,31644.0,119.8,97.2
511450,2028.0,31649.0,119.8,97.2
511451,2088.0,31649.0,119.8,97.2
511451,2100.0,31649.0,119.8,97.2
511464,1457.0,31652.0,119.8,97.2
511464,1444.0,31652.0,119.8,97.2
511464,1437.0,31652.0,119.8,97.2
511478,2212.0,31657.0,119.8,97.2
511478,2125.0,31657.0,119.8,97.2
511478,2119.0,31657.0,119.8,97.2
511494,2342.0,31659.0,119.8,97.2
511495,2371.0,31659.0,119.8,97.2
511495,2336.0,31659.0,119.8,97.2
511508,1741.0,31664.0,119.8,97.2
511509,1817.0,31664.0,119.8,97.2
511509,1858.0,31664.0,119.8,97.2
511525,1462.0,31666.0,119.8,97.2
511526,1474.0,31666.0,119.8,97.2
511526,1485.0,31666.0,119.8,97.2
511539,2044.0,31670.0,119.8,97.2
511540,1971.0,31670.0,119.8,97.2
511540,1968.0,31670.0,119.8,97.2
511553,2301.0,31673.0,119.8,97.2
511553,2293.0,31673.0,119.8,97.2
511553,2315.0,31673.0,119.8,97.2
511570,2014.0,31678.0,119.8,97.2
511570,2112.0,31678.0,119.8,97.2
511571,2112.0,31678.0,119.8,97.2
511583,1553.0,31680.0,119.8,97.2
511584,1511.0,31680.0,119.8,97.2
511584,1513.0,31680.0,119.8,97.2
511597,2297.0,31685.0,119.8,97.2
511598,2241.0,31685.0,119.8,97.2
511598,2234.0,31685.0,119.8,97.2
511614,2396.0,31688.0,119.8,97.2
511614,2418.0,31688.0,119.8,97.2
511614,2390.0,31688.0,119.8,97.2
511628,1731.0,31693.0,119.8,97.2
511628,1802.0,31693.0,119.8,97.2
511629,1856.0,31693.0,119.8,97.2
511645,1489.0,31695.0,119.8,97.2
511645,1494.0,31695.0,119.8,97.2
511646,1509.0,31695.0,119.8,97.2
511659,2031.0,31700.0,119.8,97.2
511660,2003.0,31700.0,119.8,97.2
511660,1983.0,31700.0,119.8,97.2
511672,2304.0,31702.0,152.1,97.2
511673,2336.0,31702.0,152.1,97.2
511673,2340.0,31702.0,152.1,97.2
511690,2055.0,31708.0,152.1,97.2
511690,2126.0,31708.0,152.1,97.2
511691,2141.0,31708.0,152.1,97.2
511703,1588.0,31710.0,152.1,97.2
511704,1553.0,31710.0,152.1,97.2
511704,1550.0,31710.0,152.1,97.2
511717,2286.0,31715.0,152.1,97.2
511718,2222.0,31715.0,152.1,97.2
511718,2230.0,31715.0,152.1,97.2
511734,2488.0,31718.0,152.1,97.2
511734,2491.0,31718.0,152.1,97.2
511735,2471.0,31718.0,152.1,97.2
511748,1838.0,31723.0,152.1,97.2
511749,1936.0,31723.0,152.1,97.2
511749,1964.0,31723.0,152.1,97.2
511766,1505.0,31728.0,152.1,97.2
511766,1537.0,31728.0,152.1,97.2
511767,1556.0,31728.0,152.1,97.2
511779,2083.0,31731.0,152.1,97.2
511780,2017.0,31731.0,152.1,97.2
511780,1999.0,31731.0,152.1,97.2
511792,2319.0,31733.0,152.1,97.2
511793,2330.0,31733.0,152.1,97.2
511793,2340.0,31733.0,152.1,97.2
511810,2046.0,31739.0,152.1,97.2
511810,2105.0,31739.0,152.1,97.2
511810,2119.0,31739.0,152.1,97.2
511823,1569.0,31742.0,152.1,97.2
511824,1544.0,31742.0,152.1,97.2
511824,1540.0,31742.0,152.1,97.2
511837,2863.0,31747.0,152.1,97.2
511838,2810.0,31747.0,152.1,97.2
511838,2843.0,31747.0,152.1,97.2
511854,3151.0,31749.0,152.1,97.2
511854,3134.0,31749.0,152.1,97.2
511855,3078.0,31749.0,152.1,97.2
511868,1581.0,31754.0,152.1,97.2
511869,1683.0,31754.0,152.1,97.2
511869,1694.0,31754.0,152.1,97.2
511886,1619.0,31760.0,152.1,97.2
511886,1640.0,31760.0,152.1,97.2
511887,1698.0,31760.0,152.1,97.2
511899,2112.0,31762.0,152.1,97.2
511900,2037.0,31762.0,152.1,97.2
511900,1968.0,31762.0,152.1,97.2
511912,2298.0,31765.0,152.1,97.2
511913,2345.0,31765.0,152.1,97.2
511913,2400.0,31765.0,152.1,97.2
511930,2103.0,31770.0,152.1,97.2
511930,2138.0,31770.0,152.1,97.2
511930,2129.0,31770.0,152.1,97.2
511943,1633.0,31773.0,152.1,97.2
511943,1638.0,31773.0,152.1,97.2
511944,1628.0,31773.0,152.1,97.2
511957,2375.0,31778.0,152.1,97.2
511957,2316.0,31778.0,152.1,97.2
511958,2343.0,31778.0,152.1,97.2
511974,2559.0,31781.0,152.1,97.2
511974,2567.0,31781.0,152.1,97.2
511974,2505.0,31781.0,152.1,97.2
511988,1871.0,31786.0,152.1,97.2
511988,1990.0,31786.0,152.1,97.2
511988,2043.0,31786.0,152.1,97.2
512005,1791.0,31792.0,152.1,97.2
512006,1774.0,31792.0,152.1,97.2
512006,1782.0,31792.0,152.1,97.2
512019,2437.0,31794.0,152.1,97.2
512019,2426.0,31794.0,152.1,97.2
512019,2402.0,31794.0,152.1,97.2
512032,2627.0,31797.0,158.0,97.2
512032,2639.0,31797.0,158.0,97.2
512032,2673.0,31797.0,158.0,97.2
512049,2368.0,31803.0,158.0,97.2
512050,2437.0,31803.0,158.0,97.2
512050,2414.0,31803.0,158.0,97.2
512062,1930.0,31806.0,158.0,97.2
512063,1908.0,31806.0,158.0,97.2
512063,1925.0,31806.0,158.0,97.2
512077,2532.0,31812.0,158.0,97.2
512077,2450.0,31812.0,158.0,97.2
512077,2442.0,31812.0,158.0,97.2
512093,2437.0,31814.0,158.0,97.2
512094,2472.0,31814.0,158.0,97.2
512094,2440.0,31814.0,158.0,97.2
512107,1631.0,31819.0,158.0,97.2
512108,1711.0,31819.0,158.0,97.2
512108,1754.0,31819.0,158.0,97.2
512125,1470.0,31824.0,158.0,97.2
512126,1477.0,31824.0,158.0,97.2
512126,1459.0,31824.0,158.0,97.2
512138,2088.0,31826.0,158.0,97.2
512139,2050.0,31826.0,158.0,97.2
512139,2045.0,31826.0,158.0,97.2
512151,2200.0,31829.0,158.0,97.2
512152,2248.0,31829.0,158.0,97.2
512152,2216.0,31829.0,158.0,97.2
512169,1854.0,31833.0,158.0,97.2
512169,1960.0,31833.0,158.0,97.2
512170,1978.0,31833.0,158.0,97.2
512182,1594.0,31835.0,158.0,97.2
512183,1551.0,31835.0,158.0,97.2
512183,1553.0,31835.0,158.0,97.2
512196,2323.0,31840.0,158.0,97.2
512197,2273.0,31840.0,158.0,97.2
512197,2255.0,31840.0,158.0,97.2
512214,2373.0,31844.0,158.0,97.2
512214,2406.0,31844.0,158.0,97.2
512215,2394.0,31844.0,158.0,97.2
512227,1648.0,31847.0,158.0,97.2
512228,1710.0,31847.0,158.0,97.2
512228,1712.0,31847.0,158.0,97.2
512245,1484.0,31852.0,158.0,97.2
512245,1514.0,31852.0,158.0,97.2
512246,1529.0,31852.0,158.0,97.2
512258,2165.0,31854.0,158.0,97.2
512259,2101.0,31854.0,158.0,97.2
512259,2093.0,31854.0,158.0,97.2
512271,2251.0,31857.0,158.0,97.2
512272,2288.0,31857.0,158.0,97.2
512272,2276.0,31857.0,158.0,97.2
512289,1916.0,31861.0,158.0,97.2
512289,2020.0,31861.0,158.0,97.2
512290,2048.0,31861.0,158.0,97.2
512302,1652.0,31864.0,158.0,97.2
512303,1585.0,31864.0,158.0,97.2
512303,1560.0,31864.0,158.0,97.2
512320,2005.0,31868.0,158.0,97.2
512320,1920.0,31868.0,158.0,97.2
512320,1892.0,31868.0,158.0,97.2
512334,2397.0,31873.0,158.0,97.2
512334,2396.0,31873.0,158.0,97.2
512334,2400.0,31873.0,158.0,97.2
512347,1699.0,31876.0,158.0,97.2
512347,1751.0,31876.0,158.0,97.2
512348,1764.0,31876.0,158.0,97.2
512365,1488.0,31881.0,158.0,97.2
512366,1560.0,31881.0,158.0,97.2
512366,1599.0,31881.0,158.0,97.2
512379,2127.0,31884.0,158.0,97.2
512379,2039.0,31884.0,158.0,97.2
512379,2009.0,31884.0,158.0,97.2
512392,2339.0,31886.0,158.0,97.2
512392,2377.0,31886.0,158.0,97.2
512393,2383.0,31886.0,158.0,97.2
512409,2033.0,31890.0,158.0,97.2
512410,2095.0,31890.0,158.0,97.2
512410,2125.0,31890.0,158.0,97.2
512424,1620.0,31895.0,158.0,97.2
512424,1606.0,31895.0,158.0,97.2
512424,1586.0,31895.0,158.0,97.2
512437,2378.0,31898.0,158.0,97.2
512437,2343.0,31898.0,158.0,97.2
512437,2371.0,31898.0,158.0,97.2
512454,2431.0,31903.0,164.6,97.2
512455,2403.0,31903.0,164.6,97.2
512455,2348.0,31903.0,164.6,97.2
512467,1703.0,31905.0,164.6,97.2
512468,1815.0,31905.0,164.6,97.2
512468,1838.0,31905.0,164.6,97.2
512485,1497.0,31910.0,164.6,97.2
512486,1496.0,31910.0,164.6,97.2
512486,1525.0,31910.0,164.6,97.2
512498,2173.0,31913.0,164.6,97.2
512499,2112.0,31913.0,164.6,97.2
512499,2075.0,31913.0,164.6,97.2
512512,2250.0,31916.0,164.6,97.2
512512,2294.0,31916.0,164.6,97.2
512512,2314.0,31916.0,164.6,97.2
512529,2455.0,31920.0,164.6,97.2
512529,2536.0,31920.0,164.6,97.2
512530,2572.0,31920.0,164.6,97.2
512543,2369.0,31925.0,164.6,97.2
512544,2343.0,31925.0,164.6,97.2
512544,2324.0,31925.0,164.6,97.2
512560,1870.0,31928.0,164.6,97.2
512560,1771.0,31928.0,164.6,97.2
512560,1728.0,31928.0,164.6,97.2
512574,2368.0,31933.0,164.6,97.2
512574,2390.0,31933.0,164.6,97.2
512574,2415.0,31933.0,164.6,97.2
512587,1792.0,31936.0,164.6,97.2
512587,1835.0,31936.0,164.6,97.2
512588,1822.0,31936.0,164.6,97.2
512606,1554.0,31941.0,164.6,97.2
512606,1636.0,31941.0,164.6,97.2
512606,1678.0,31941.0,164.6,97.2
512619,2121.0,31944.0,164.6,97.2
512619,2026.0,31944.0,164.6,97.2
512620,1998.0,31944.0,164.6,97.2
512634,2467.0,31949.0,164.6,97.2
512635,2489.0,31949.0,164.6,97.2
512635,2489.0,31949.0,164.6,97.2
512651,2263.0,31952.0,164.6,97.2
512651,2325.0,31952.0,164.6,97.2
512652,2343.0,31952.0,164.6,97.2
512665,1665.0,31957.0,164.6,97.2
512666,1697.0,31957.0,164.6,97.2
512666,1689.0,31957.0,164.6,97.2
512683,1732.0,31962.0,164.6,97.2
512683,1711.0,31962.0,164.6,97.2
512683,1712.0,31962.0,164.6,97.2
512696,2624.0,31965.0,164.6,97.2
512697,2541.0,31965.0,164.6,97.2
512697,2510.0,31965.0,164.6,97.2
512710,2397.0,31967.0,164.6,97.2
512710,2493.0,31967.0,164.6,97.2
512710,2470.0,31967.0,164.6,97.2
512728,2246.0,31971.0,164.6,97.2
512729,2347.0,31971.0,164.6,97.2
512729,2416.0,31971.0,164.6,97.2
512743,1998.0,31977.0,164.6,97.2
512743,1938.0,31977.0,164.6,97.2
512743,1885.0,31977.0,164.6,97.2
512756,2668.0,31980.0,164.6,97.2
512756,2641.0,31980.0,164.6,97.2
512757,2685.0,31980.0,164.6,97.2
512774,2600.0,31985.0,164.6,97.2
512774,2558.0,31985.0,164.6,97.2
512774,2520.0,31985.0,164.6,97.2
512787,1699.0,31987.0,164.6,97.2
512787,1825.0,31987.0,164.6,97.2
512788,1832.0,31987.0,164.6,97.2
512800,1855.0,31990.0,164.6,97.2
512801,1742.0,31990.0,164.6,97.2
512801,1786.0,31990.0,164.6,97.2
512818,2210.0,31995.0,164.6,97.2
512818,2112.0,31995.0,164.6,97.2
512818,2028.0,31995.0,164.6,97.2
512832,2189.0,31999.0,164.6,97.2
512832,2244.0,31999.0,164.6,97.2
512832,2314.0,31999.0,164.6,97.2
512849,1917.0,32001.0,164.6,97.2
512849,1908.0,32001.0,164.6,97.2
512849,1910.0,32001.0,164.6,97.2
512863,1509.0,32006.0,164.6,97.2
512863,1520.0,32006.0,164.6,97.2
512863,1493.0,32006.0,164.6,97.2
512876,2291.0,32009.0,164.6,97.2
512876,2226.0,32009.0,164.6,97.2
512876,2287.0,32009.0,164.6,97.2
512893,2406.0,32013.0,151.8,97.2
512894,2406.0,32013.0,151.8,97.2
512894,2325.0,32013.0,151.8,97.2
512907,1559.0,32016.0,151.8,97.2
512907,1690.0,32016.0,151.8,97.2
512907,1756.0,32016.0,151.8,97.2
512920,1910.0,32018.0,151.8,97.2
512920,1793.0,32018.0,151.8,97.2
512920,1779.0,32018.0,151.8,97.2
512938,2198.0,32022.0,151.8,97.2
512938,2176.0,32022.0,151.8,97.2
512939,2115.0,32022.0,151.8,97.2
512952,2254.0,32027.0,151.8,97.2
512952,2279.0,32027.0,151.8,97.2
512953,2342.0,32027.0,151.8,97.2
512969,1994.0,32029.0,151.8,97.2
512969,2031.0,32029.0,151.8,97.2
512969,2008.0,32029.0,151.8,97.2
512983,1507.0,32033.0,151.8,97.2
512983,1532.0,32033.0,151.8,97.2
512984,1546.0,32033.0,151.8,97.2
512996,2342.0,32036.0,151.8,97.2
512997,2247.0,32036.0,151.8,97.2
512997,2276.0,32036.0,151.8,97.2
513014,2435.0,32040.0,151.8,97.2
513014,2456.0,32040.0,151.8,97.2
513014,2387.0,32040.0,151.8,97.2
513027,1674.0,32043.0,151.8,97.2
513028,1774.0,32043.0,151.8,97.2
513028,1855.0,32043.0,151.8,97.2
513045,1549.0,32048.0,151.8,97.2
513045,1518.0,32048.0,151.8,97.2
513045,1504.0,32048.0,151.8,97.2
513058,2163.0,32050.0,151.8,97.2
513058,2131.0,32050.0,151.8,97.2
513059,2133.0,32050.0,151.8,97.2
513072,2357.0,32055.0,151.8,97.2
513073,2338.0,32055.0,151.8,97.2
513073,2361.0,32055.0,151.8,97.2
513091,2279.0,32060.0,151.8,97.2
513091,2367.0,32060.0,151.8,97.2
513092,2327.0,32060.0,151.8,97.2
513104,1478.0,32063.0,151.8,97.2
513105,1504.0,32063.0,151.8,97.2
513105,1543.0,32063.0,151.8,97.2
513117,2331.0,32065.0,151.8,97.2
513118,2248.0,32065.0,151.8,97.2
513118,2246.0,32065.0,151.8,97.2
513135,2478.0,32070.0,151.8,97.2
513135,2466.0,32070.0,151.8,97.2
513136,2427.0,32070.0,151.8,97.2
513148,1834.0,32072.0,151.8,97.2
513149,1920.0,32072.0,151.8,97.2
513149,1928.0,32072.0,151.8,97.2
513166,1611.0,32077.0,151.8,97.2
513166,1640.0,32077.0,151.8,97.2
513166,1655.0,32077.0,151.8,97.2
513179,2022.0,32079.0,151.8,97.2
513179,1971.0,32079.0,151.8,97.2
513180,1954.0,32079.0,151.8,97.2
513193,2404.0,32082.0,151.8,97.2
513193,2355.0,32082.0,151.8,97.2
513194,2408.0,32082.0,151.8,97.2
513212,2449.0,32087.0,151.8,97.2
513212,2504.0,32087.0,151.8,97.2
513212,2514.0,32087.0,151.8,97.2
513225,2250.0,32090.0,151.8,97.2
513226,2309.0,32090.0,151.8,97.2
513226,2340.0,32090.0,151.8,97.2
513239,2749.0,32092.0,151.8,97.2
513239,2582.0,32092.0,151.8,97.2
513240,2518.0,32092.0,151.8,97.2
513257,2066.0,32097.0,151.8,97.2
513257,2073.0,32097.0,151.8,97.2
513257,2017.0,32097.0,151.8,97.2
513271,2260.0,32102.0,151.8,97.2
513271,2320.0,32102.0,151.8,97.2
513271,2381.0,32102.0,151.8,97.2
513287,1775.0,32104.0,151.8,97.2
513288,1817.0,32104.0,151.8,97.2
513288,1794.0,32104.0,151.8,97.2
513301,1698.0,32110.0,151.8,97.2
513302,1700.0,32110.0,151.8,97.2
513302,1726.0,32110.0,151.8,97.2
513315,2403.0,32112.0,146.1,97.2
513315,2336.0,32112.0,146.1,97.2
513315,2342.0,32112.0,146.1,97.2
513333,2445.0,32117.0,146.1,97.2
513334,2470.0,32117.0,146.1,97.2
513334,2428.0,32117.0,146.1,97.2
513346,1710.0,32119.0,146.1,97.2
513347,1799.0,32119.0,146.1,97.2
513347,1851.0,32119.0,146.1,97.2
513361,1952.0,32124.0,146.1,97.2
513361,1867.0,32124.0,146.1,97.2
513361,1830.0,32124.0,146.1,97.2
513377,2392.0,32127.0,146.1,97.2
513378,2364.0,32127.0,146.1,97.2
513378,2358.0,32127.0,146.1,97.2
513392,2554.0,32130.0,146.1,97.2
513392,2560.0,32130.0,146.1,97.2
513392,2580.0,32130.0,146.1,97.2
513409,2293.0,32133.0,146.1,97.2
513409,2374.0,32133.0,146.1,97.2
513409,2367.0,32133.0,146.1,97.2
513423,1931.0,32138.0,146.1,97.2
513423,1928.0,32138.0,146.1,97.2
513423,1941.0,32138.0,146.1,97.2
513436,2693.0,32140.0,146.1,97.2
513436,2629.0,32140.0,146.1,97.2
513437,2619.0,32140.0,146.1,97.2
513455,2599.0,32145.0,146.1,97.2
513455,2605.0,32145.0,146.1,97.2
513455,2555.0,32145.0,146.1,97.2
513468,1933.0,32147.0,146.1,97.2
513468,1999.0,32147.0,146.1,97.2
513469,2038.0,32147.0,146.1,97.2
513482,1652.0,32151.0,146.1,97.2
513482,1599.0,32151.0,146.1,97.2
513483,1559.0,32151.0,146.1,97.2
513500,1857.0,32155.0,146.1,97.2
513500,1810.0,32155.0,146.1,97.2
513500,1800.0,32155.0,146.1,97.2
513513,2247.0,32157.0,146.1,97.2
513513,2253.0,32157.0,146.1,97.2
513513,2266.0,32157.0,146.1,97.2
513531,2110.0,32161.0,146.1,97.2
513531,2169.0,32161.0,146.1,97.2
513531,2181.0,32161.0,146.1,97.2
513544,1432.0,32163.0,146.1,97.2
513544,1444.0,32163.0,146.1,97.2
513545,1467.0,32163.0,146.1,97.2
513557,2144.0,32165.0,146.1,97.2
513558,2071.0,32165.0,146.1,97.2
513558,2075.0,32165.0,146.1,97.2
513576,2244.0,32169.0,146.1,97.2
513576,2248.0,32169.0,146.1,97.2
513576,2210.0,32169.0,146.1,97.2
513590,2013.0,32173.0,146.1,97.2
513590,2077.0,32173.0,146.1,97.2
513590,2108.0,32173.0,146.1,97.2
513603,1539.0,32175.0,146.1,97.2
513603,1518.0,32175.0,146.1,97.2
513604,1487.0,32175.0,146.1,97.2
513620,1768.0,32179.0,146.1,97.2
513621,1716.0,32179.0,146.1,97.2
513621,1704.0,32179.0,146.1,97.2
513634,2317.0,32181.0,149.8,97.2
513634,2293.0,32181.0,149.8,97.2
513634,2299.0,32181.0,149.8,97.2
513647,1735.0,32183.0,149.8,97.2
513647,1802.0,32183.0,149.8,97.2
513648,1795.0,32183.0,149.8,97.2
513665,1490.0,32188.0,149.8,97.2
513665,1523.0,32188.0,149.8,97.2
513665,1583.0,32188.0,149.8,97.2
513679,2012.0,32192.0,149.8,97.2
513679,1923.0,32192.0,149.8,97.2
513679,1876.0,32192.0,149.8,97.2
513696,2291.0,32194.0,149.8,97.2
513696,2277.0,32194.0,149.8,97.2
513696,2271.0,32194.0,149.8,97.2
513710,2082.0,32198.0,149.8,97.2
513710,2110.0,32198.0,149.8,97.2
513711,2137.0,32198.0,149.8,97.2
513723,1562.0,32201.0,149.8,97.2
513724,1570.0,32201.0,149.8,97.2
513724,1512.0,32201.0,149.8,97.2
513741,1712.0,32205.0,149.8,97.2
513741,1658.0,32205.0,149.8,97.2
513741,1691.0,32205.0,149.8,97.2
513754,2379.0,32207.0,149.8,97.2
513754,2338.0,32207.0,149.8,97.2
513755,2282.0,32207.0,149.8,97.2
513767,1797.0,32209.0,149.8,97.2
513768,1892.0,32209.0,149.8,97.2
513768,1898.0,32209.0,149.8,97.2
513785,1560.0,32213.0,149.8,97.2
513785,1589.0,32213.0,149.8,97.2
513785,1640.0,32213.0,149.8,97.2
513799,2105.0,32217.0,149.8,97.2
513799,2043.0,32217.0,149.8,97.2
513799,1998.0,32217.0,149.8,97.2
513816,2271.0,32219.0,149.8,97.2
513816,2264.0,32219.0,149.8,97.2
513816,2271.0,32219.0,149.8,97.2
513830,2161.0,32223.0,149.8,97.2
513831,2185.0,32223.0,149.8,97.2
513831,2191.0,32223.0,149.8,97.2
513844,1490.0,32225.0,149.8,97.2
513844,1526.0,32225.0,149.8,97.2
513844,1494.0,32225.0,149.8,97.2
513861,1668.0,32229.0,149.8,97.2
513862,1627.0,32229.0,149.8,97.2
513862,1640.0,32229.0,149.8,97.2
513874,2357.0,32231.0,149.8,97.2
513875,2324.0,32231.0,149.8,97.2
513875,2293.0,32231.0,149.8,97.2
513889,2203.0,32235.0,149.8,97.2
513889,2332.0,32235.0,149.8,97.2
513889,2364.0,32235.0,149.8,97.2
513905,2393.0,32237.0,149.8,97.2
513906,2400.0,32237.0,149.8,97.2
513906,2436.0,32237.0,149.8,97.2
513919,1958.0,32241.0,149.8,97.2
513920,1877.0,32241.0,149.8,97.2
513920,1789.0,32241.0,149.8,97.2
513936,2283.0,32243.0,149.8,97.2
513937,2259.0,32243.0,149.8,97.2
513937,2320.0,32243.0,149.8,97.2
513950,2229.0,32247.0,149.8,97.2
513951,2215.0,32247.0,149.8,97.2
513951,2173.0,32247.0,149.8,97.2
513964,1527.0,32249.0,149.8,97.2
513964,1593.0,32249.0,149.8,97.2
513964,1599.0,32249.0,149.8,97.2
513981,1750.0,32253.0,149.8,97.2
513982,1640.0,32253.0,149.8,97.2
513982,1669.0,32253.0,149.8,97.2
513995,2415.0,32255.0,155.7,97.2
513995,2403.0,32255.0,155.7,97.2
513995,2347.0,32255.0,155.7,97.2
514009,2064.0,32260.0,155.7,97.2
514009,2149.0,32260.0,155.7,97.2
514009,2201.0,32260.0,155.7,97.2
514025,1724.0,32262.0,155.7,97.2
514026,1751.0,32262.0,155.7,97.2
514026,1749.0,32262.0,155.7,97.2
514039,2059.0,32266.0,155.7,97.2
514040,2036.0,32266.0,155.7,97.2
514040,2025.0,32266.0,155.7,97.2
514057,2401.0,32270.0,155.7,97.2
514058,2320.0,32270.0,155.7,97.2
514058,2318.0,32270.0,155.7,97.2
514071,2517.0,32272.0,155.7,97.2
514071,2564.0,32272.0,155.7,97.2
514071,2564.0,32272.0,155.7,97.2
514084,1875.0,32274.0,155.7,97.2
514084,1905.0,32274.0,155.7,97.2
514084,1903.0,32274.0,155.7,97.2
514101,2070.0,32279.0,155.7,97.2
514102,2007.0,32279.0,155.7,97.2
514102,1993.0,32279.0,155.7,97.2
514115,2648.0,32281.0,155.7,97.2
514115,2655.0,32281.0,155.7,97.2
514115,2649.0,32281.0,155.7,97.2
514129,2231.0,32285.0,155.7,97.2
514129,2285.0,32285.0,155.7,97.2
514129,2287.0,32285.0,155.7,97.2
514146,1631.0,32287.0,155.7,97.2
514146,1694.0,32287.0,155.7,97.2
514146,1722.0,32287.0,155.7,97.2
514160,1800.0,32290.0,155.7,97.2
514160,1744.0,32290.0,155.7,97.2
514161,1715.0,32290.0,155.7,97.2
514178,2078.0,32293.0,155.7,97.2
514178,2016.0,32293.0,155.7,97.2
514179,1964.0,32293.0,155.7,97.2
514191,2174.0,32295.0,155.7,97.2
514192,2217.0,32295.0,155.7,97.2
514192,2233.0,32295.0,155.7,97.2
514204,1519.0,32297.0,155.7,97.2
514205,1553.0,32297.0,155.7,97.2
514206,1570.0,32297.0,155.7,97.2
514222,1523.0,32300.0,155.7,97.2
514223,1499.0,32300.0,155.7,97.2
514223,1507.0,32300.0,155.7,97.2
514237,2186.0,32303.0,155.7,97.2
514237,2121.0,32303.0,155.7,97.2
514237,2100.0,32303.0,155.7,97.2
514253,2321.0,32305.0,155.7,97.2
514254,2344.0,32305.0,155.7,97.2
514254,2313.0,32305.0,155.7,97.2
514268,1832.0,32308.0,155.7,97.2
514268,1910.0,32308.0,155.7,97.2
514268,1924.0,32308.0,155.7,97.2
514281,1728.0,32310.0,155.7,97.2
514281,1672.0,32310.0,155.7,97.2
514281,1642.0,32310.0,155.7,97.2
514300,1904.0,32313.0,155.7,97.2
514300,1849.0,32313.0,155.7,97.2
514300,1837.0,32313.0,155.7,97.2
514313,2329.0,32315.0,169.0,97.2
514313,2334.0,32315.0,169.0,97.2
514313,2342.0,32315.0,169.0,97.2
514327,1832.0,32318.0,169.0,97.2
514327,1885.0,32318.0,169.0,97.2
514328,1887.0,32318.0,169.0,97.2
514344,1520.0,32320.0,169.0,97.2
514344,1536.0,32320.0,169.0,97.2
514344,1577.0,32320.0,169.0,97.2
514358,2161.0,32323.0,169.0,97.2
514358,2071.0,32323.0,169.0,97.2
514358,2052.0,32323.0,169.0,97.2
514374,2376.0,32325.0,169.0,97.2
514375,2381.0,32325.0,169.0,97.2
514375,2350.0,32325.0,169.0,97.2
514388,1957.0,32328.0,169.0,97.2
514389,2019.0,32328.0,169.0,97.2
514389,2055.0,32328.0,169.0,97.2
514402,1690.0,32330.0,169.0,97.2
514402,1659.0,32330.0,169.0,97.2
514402,1625.0,32330.0,169.0,97.2
514420,1866.0,32334.0,169.0,97.2
514420,1807.0,32334.0,169.0,97.2
514421,1803.0,32334.0,169.0,97.2
514433,2385.0,32335.0,169.0,97.2
514434,2360.0,32335.0,169.0,97.2
514434,2355.0,32335.0,169.0,97.2
514447,1920.0,32338.0,169.0,97.2
514448,2003.0,32338.0,169.0,97.2
514448,1997.0,32338.0,169.0,97.2
514464,1608.0,32340.0,169.0,97.2
514464,1631.0,32340.0,169.0,97.2
514465,1666.0,32340.0,169.0,97.2
514478,2153.0,32343.0,169.0,97.2
514478,2068.0,32343.0,169.0,97.2
514479,2024.0,32343.0,169.0,97.2
514496,2315.0,32347.0,169.0,97.2
514496,2306.0,32347.0,169.0,97.2
514496,2292.0,32347.0,169.0,97.2
514509,2039.0,32348.0,169.0,97.2
514509,2096.0,32348.0,169.0,97.2
514509,2120.0,32348.0,169.0,97.2
514522,1644.0,32350.0,169.0,97.2
514522,1621.0,32350.0,169.0,97.2
514523,1597.0,32350.0,169.0,97.2
514541,1743.0,32354.0,169.0,97.2
514541,1688.0,32354.0,169.0,97.2
514541,1704.0,32354.0,169.0,97.2
514554,2611.0,32355.0,169.0,97.2
514554,2591.0,32355.0,169.0,97.2
514555,2610.0,32355.0,169.0,97.2
514568,2744.0,32358.0,169.0,97.2
514568,2846.0,32358.0,169.0,97.2
514569,2857.0,32358.0,169.0,97.2
514585,1628.0,32361.0,169.0,97.2
514586,1654.0,32361.0,169.0,97.2
514586,1651.0,32361.0,169.0,97.2
514599,1897.0,32363.0,169.0,97.2
514599,1839.0,32363.0,169.0,97.2
514599,1857.0,32363.0,169.0,97.2
514616,2340.0,32367.0,169.0,97.2
514617,2263.0,32367.0,169.0,97.2
514617,2234.0,32367.0,169.0,97.2
514629,2108.0,32368.0,169.0,97.2
514630,2183.0,32368.0,169.0,97.2
514630,2206.0,32368.0,169.0,97.2
514643,1644.0,32370.0,169.0,97.2
514643,1640.0,32370.0,169.0,97.2
514643,1607.0,32370.0,169.0,97.2
514661,1756.0,32373.0,169.0,97.2
514662,1707.0,32373.0,169.0,97.2
514662,1696.0,32373.0,169.0,97.2
514676,2386.0,32377.0,169.0,97.2
514676,2342.0,32377.0,169.0,97.2
514676,2344.0,32377.0,169.0,97.2
514689,2204.0,32378.0,169.0,97.2
514690,2260.0,32378.0,169.0,97.2
514690,2265.0,32378.0,169.0,97.2
514707,1905.0,32382.0,169.0,97.2
514707,1990.0,32382.0,169.0,97.2
514707,2032.0,32382.0,169.0,97.2
514720,2079.0,32384.0,169.0,97.2
514720,1997.0,32384.0,169.0,97.2
514720,1959.0,32384.0,169.0,97.2
514733,2638.0,32385.0,169.3,97.2
514734,2647.0,32385.0,169.3,97.2
514734,2653.0,32385.0,169.3,97.2
514751,2616.0,32389.0,169.3,97.2
514751,2646.0,32389.0,169.3,97.2
514751,2639.0,32389.0,169.3,97.2
514765,1980.0,32393.0,169.3,97.2
514765,2018.0,32393.0,169.3,97.2
514765,2031.0,32393.0,169.3,97.2
514782,1993.0,32394.0,169.3,97.2
514782,1945.0,32394.0,169.3,97.2
514782,1954.0,32394.0,169.3,97.2
514796,2518.0,32399.0,169.3,97.2
514796,2458.0,32399.0,169.3,97.2
514796,2438.0,32399.0,169.3,97.2
514809,2169.0,32400.0,169.3,97.2
514809,2243.0,32400.0,169.3,97.2
514810,2242.0,32400.0,169.3,97.2
514827,1745.0,32403.0,169.3,97.2
514827,1827.0,32403.0,169.3,97.2
514828,1885.0,32403.0,169.3,97.2
514840,1780.0,32405.0,169.3,97.2
514841,1704.0,32405.0,169.3,97.2
514841,1670.0,32405.0,169.3,97.2
514858,2043.0,32407.0,169.3,97.2
514858,1983.0,32407.0,169.3,97.2
514858,1980.0,32407.0,169.3,97.2
514871,2206.0,32409.0,169.3,97.2
514871,2226.0,32409.0,169.3,97.2
514872,2245.0,32409.0,169.3,97.2
514885,1567.0,32411.0,169.3,97.2
514885,1629.0,32411.0,169.3,97.2
514886,1628.0,32411.0,169.3,97.2
514903,1504.0,32413.0,169.3,97.2
514903,1497.0,32413.0,169.3,97.2
514903,1519.0,32413.0,169.3,97.2
514917,2184.0,32415.0,169.3,97.2
514917,2112.0,32415.0,169.3,97.2
514917,2070.0,32415.0,169.3,97.2
514930,2168.0,32416.0,169.3,97.2
514930,2234.0,32416.0,169.3,97.2
514931,2241.0,32416.0,169.3,97.2
514948,1872.0,32419.0,169.3,97.2
514948,1934.0,32419.0,169.3,97.2
514948,1954.0,32419.0,169.3,97.2
514961,1723.0,32420.0,169.3,97.2
514961,1662.0,32420.0,169.3,97.2
514961,1625.0,32420.0,169.3,97.2
514975,2306.0,32423.0,169.3,97.2
514975,2295.0,32423.0,169.3,97.2
514975,2319.0,32423.0,169.3,97.2
514991,2326.0,32424.0,169.3,97.2
514992,2330.0,32424.0,169.3,97.2
514992,2287.0,32424.0,169.3,97.2
515006,1627.0,32426.0,169.3,97.2
515006,1733.0,32426.0,169.3,97.2
515006,1755.0,32426.0,169.3,97.2
515022,1589.0,32427.0,169.3,97.2
515023,1540.0,32427.0,169.3,97.2
515023,1530.0,32427.0,169.3,97.2
515036,2230.0,32429.0,169.3,97.2
515037,2187.0,32429.0,169.3,97.2
515037,2157.0,32429.0,169.3,97.2
515050,2166.0,32431.0,169.3,97.2
515050,2216.0,32431.0,169.3,97.2
515051,2252.0,32431.0,169.3,97.2
515068,1904.0,32433.0,169.3,97.2
515068,1961.0,32433.0,169.3,97.2
515068,1971.0,32433.0,169.3,97.2
515081,1680.0,32434.0,169.3,97.2
515081,1645.0,32434.0,169.3,97.2
515082,1635.0,32434.0,169.3,97.2
515095,2326.0,32437.0,164.3,97.2
515096,2288.0,32437.0,164.3,97.2
515096,2302.0,32437.0,164.3,97.2
515112,2370.0,32439.0,164.3,97.2
515112,2386.0,32439.0,164.3,97.2
515112,2345.0,32439.0,164.3,97.2
515126,1680.0,32441.0,164.3,97.2
515126,1762.0,32441.0,164.3,97.2
515126,1788.0,32441.0,164.3,97.2
515143,1641.0,32443.0,164.3,97.2
515144,1625.0,32443.0,164.3,97.2
515144,1632.0,32443.0,164.3,97.2
515157,2292.0,32445.0,164.3,97.2
515157,2244.0,32445.0,164.3,97.2
515157,2219.0,32445.0,164.3,97.2
515170,2190.0,32446.0,164.3,97.2
515170,2226.0,32446.0,164.3,97.2
515171,2230.0,32446.0,164.3,97.2
515187,1892.0,32448.0,164.3,97.2
515188,1993.0,32448.0,164.3,97.2
515188,1975.0,32448.0,164.3,97.2
515201,1725.0,32450.0,164.3,97.2
515201,1674.0,32450.0,164.3,97.2
515201,1686.0,32450.0,164.3,97.2
515215,2341.0,32452.0,164.3,97.2
515215,2306.0,32452.0,164.3,97.2
515215,2316.0,32452.0,164.3,97.2
515231,2301.0,32453.0,164.3,97.2
515232,2343.0,32453.0,164.3,97.2
515232,2295.0,32453.0,164.3,97.2
515245,2054.0,32455.0,164.3,97.2
515246,2144.0,32455.0,164.3,97.2
515246,2196.0,32455.0,164.3,97.2
515263,2310.0,32458.0,164.3,97.2
515264,2134.0,32458.0,164.3,97.2
515264,2256.0,32458.0,164.3,97.2
515276,2146.0,32459.0,164.3,97.2
515277,2101.0,32459.0,164.3,97.2
515277,2053.0,32459.0,164.3,97.2
515289,2045.0,32460.0,164.3,97.2
515290,2105.0,32460.0,164.3,97.2
515290,2137.0,32460.0,164.3,97.2
515307,1860.0,32463.0,164.3,97.2
515307,1914.0,32463.0,164.3,97.2
515308,1909.0,32463.0,164.3,97.2
515320,1774.0,32464.0,164.3,97.2
515321,1745.0,32464.0,164.3,97.2
515321,1744.0,32464.0,164.3,97.2
515338,2162.0,32467.0,164.3,97.2
515338,2063.0,32467.0,164.3,97.2
515338,2033.0,32467.0,164.3,97.2
515351,2317.0,32468.0,164.3,97.2
515351,2373.0,32468.0,164.3,97.2
515351,2369.0,32468.0,164.3,97.2
515365,1711.0,32471.0,164.3,97.2
515365,1773.0,32471.0,164.3,97.2
515366,1782.0,32471.0,164.3,97.2
515383,1676.0,32473.0,164.3,97.2
515384,1694.0,32473.0,164.3,97.2
515384,1702.0,32473.0,164.3,97.2
515397,2353.0,32475.0,171.2,97.2
515397,2294.0,32475.0,171.2,97.2
515397,2287.0,32475.0,171.2,97.2
515410,2433.0,32476.0,171.2,97.2
515410,2458.0,32476.0,171.2,97.2
515411,2450.0,32476.0,171.2,97.2
515427,2218.0,32478.0,171.2,97.2
515428,2290.0,32478.0,171.2,97.2
515428,2334.0,32478.0,171.2,97.2
515441,2059.0,32480.0,171.2,97.2
515441,2005.0,32480.0,171.2,97.2
515441,1987.0,32480.0,171.2,97.2
515455,2712.0,32482.0,171.2,97.2
515455,2675.0,32482.0,171.2,97.2
515456,2676.0,32482.0,171.2,97.2
515474,2689.0,32484.0,171.2,97.2
515475,2623.0,32484.0,171.2,97.2
515475,2614.0,32484.0,171.2,97.2
515487,2036.0,32485.0,171.2,97.2
515488,2115.0,32485.0,171.2,97.2
515488,2136.0,32485.0,171.2,97.2
515505,1706.0,32487.0,171.2,97.2
515506,1758.0,32487.0,171.2,97.2
515506,1776.0,32487.0,171.2,97.2
515519,1914.0,32488.0,171.2,97.2
515519,1845.0,32488.0,171.2,97.2
515519,1823.0,32488.0,171.2,97.2
515533,2330.0,32491.0,171.2,97.2
515533,2318.0,32491.0,171.2,97.2
515534,2332.0,32491.0,171.2,97.2
515550,2075.0,32492.0,171.2,97.2
515550,2125.0,32492.0,171.2,97.2
515550,2111.0,32492.0,171.2,97.2
515564,1496.0,32493.0,171.2,97.2
515564,1553.0,32493.0,171.2,97.2
515565,1583.0,32493.0,171.2,97.2
515580,1677.0,32494.0,171.2,97.2
515581,1618.0,32494.0,171.2,97.2
515581,1597.0,32494.0,171.2,97.2
515595,2252.0,32495.0,171.2,97.2
515595,2226.0,32495.0,171.2,97.2
515595,2208.0,32495.0,171.2,97.2
515608,1910.0,32496.0,171.2,97.2
515608,1987.0,32496.0,171.2,97.2
515609,2020.0,32496.0,171.2,97.2
515627,1698.0,32498.0,171.2,97.2
515627,1751.0,32498.0,171.2,97.2
515628,1785.0,32498.0,171.2,97.2
515640,1696.0,32498.0,171.2,97.2
515641,1653.0,32498.0,171.2,97.2
515641,1636.0,32498.0,171.2,97.2
515654,2306.0,32499.0,171.2,97.2
515655,2278.0,32499.0,171.2,97.2
515655,2293.0,32499.0,171.2,97.2
515672,2328.0,32501.0,171.2,97.2
515672,2348.0,32501.0,171.2,97.2
515673,2327.0,32501.0,171.2,97.2
515685,1605.0,32502.0,171.2,97.2
515686,1687.0,32502.0,171.2,97.2
515686,1698.0,32502.0,171.2,97.2
515703,1539.0,32503.0,171.2,97.2
515703,1522.0,32503.0,171.2,97.2
515703,1529.0,32503.0,171.2,97.2
515716,2231.0,32504.0,171.2,97.2
515716,2178.0,32504.0,171.2,97.2
515717,2163.0,32504.0,171.2,97.2
515729,2117.0,32505.0,171.2,97.2
515730,2168.0,32505.0,171.2,97.2
515730,2173.0,32505.0,171.2,97.2
515748,1970.0,32507.0,171.2,97.2
515748,2033.0,32507.0,171.2,97.2
515749,2062.0,32507.0,171.2,97.2
515762,1574.0,32509.0,171.2,97.2
515763,1553.0,32509.0,171.2,97.2
515763,1533.0,32509.0,171.2,97.2
515776,2268.0,32510.0,164.0,97.2
515776,2238.0,32510.0,164.0,97.2
515776,2278.0,32510.0,164.0,97.2
515793,2342.0,32511.0,164.0,97.2
515794,2316.0,32511.0,164.0,97.2
515794,2281.0,32511.0,164.0,97.2
515807,1802.0,32512.0,164.0,97.2
515807,1896.0,32512.0,164.0,97.2
515807,1929.0,32512.0,164.0,97.2
515821,1695.0,32513.0,164.0,97.2
515821,1620.0,32513.0,164.0,97.2
515821,1622.0,32513.0,164.0,97.2
515837,2151.0,32514.0,164.0,97.2
515838,2079.0,32514.0,164.0,97.2
515838,2037.0,32514.0,164.0,97.2
515852,2401.0,32516.0,164.0,97.2
515852,2444.0,32516.0,164.0,97.2
515852,2462.0,32516.0,164.0,97.2
515868,2186.0,32516.0,164.0,97.2
515869,2241.0,32516.0,164.0,97.2
515869,2234.0,32516.0,164.0,97.2
515883,1537.0,32518.0,164.0,97.2
515883,1556.0,32518.0,164.0,97.2
515883,1555.0,32518.0,164.0,97.2
515896,2245.0,32518.0,164.0,97.2
515896,2181.0,32518.0,164.0,97.2
515897,2193.0,32518.0,164.0,97.2
515914,2446.0,32520.0,164.0,97.2
515914,2414.0,32520.0,164.0,97.2
515914,2372.0,32520.0,164.0,97.2
515927,1827.0,32521.0,164.0,97.2
515928,1957.0,32521.0,164.0,97.2
515928,2002.0,32521.0,164.0,97.2
515941,1621.0,32522.0,164.0,97.2
515942,1549.0,32522.0,164.0,97.2
515942,1528.0,32522.0,164.0,97.2
515958,2432.0,32523.0,164.0,97.2
515958,2403.0,32523.0,164.0,97.2
515958,2403.0,32523.0,164.0,97.2
515972,3246.0,32524.0,164.0,97.2
515972,3256.0,32524.0,164.0,97.2
515973,3278.0,32524.0,164.0,97.2
515989,2080.0,32525.0,164.0,97.2
515989,2118.0,32525.0,164.0,97.2
515989,2078.0,32525.0,164.0,97.2
516003,1412.0,32526.0,164.0,97.2
516003,1467.0,32526.0,164.0,97.2
516004,1534.0,32526.0,164.0,97.2
516016,2352.0,32527.0,164.0,97.2
516017,2232.0,32527.0,164.0,97.2
516017,2192.0,32527.0,164.0,97.2
516034,2414.0,32528.0,164.0,97.2
516034,2444.0,32528.0,164.0,97.2
516034,2414.0,32528.0,164.0,97.2
516047,1908.0,32529.0,164.0,97.2
516048,1967.0,32529.0,164.0,97.2
516048,2023.0,32529.0,164.0,97.2
516061,1707.0,32531.0,164.0,97.2
516062,1659.0,32531.0,164.0,97.2
516062,1595.0,32531.0,164.0,97.2
516078,1989.0,32532.0,164.0,97.2
516079,1934.0,32532.0,164.0,97.2
516079,1984.0,32532.0,164.0,97.2
516093,2512.0,32533.0,164.0,97.2
516093,2467.0,32533.0,164.0,97.2
516093,2451.0,32533.0,164.0,97.2
516111,2474.0,32535.0,164.0,97.2
516111,2556.0,32535.0,164.0,97.2
516111,2555.0,32535.0,164.0,97.2
516124,1759.0,32536.0,164.0,97.2
516124,1789.0,32536.0,164.0,97.2
516124,1819.0,32536.0,164.0,97.2
516137,2452.0,32537.0,164.0,97.2
516137,2391.0,32537.0,164.0,97.2
516138,2382.0,32537.0,164.0,97.2
516154,2748.0,32538.0,168.9,97.2
516155,2727.0,32538.0,168.9,97.2
516155,2706.0,32538.0,168.9,97.2
516168,2356.0,32539.0,168.9,97.2
516168,2427.0,32539.0,168.9,97.2
516168,2453.0,32539.0,168.9,97.2
516182,1944.0,32541.0,168.9,97.2
516182,1924.0,32541.0,168.9,97.2
516182,1914.0,32541.0,168.9,97.2
516200,2024.0,32542.0,168.9,97.2
516200,1938.0,32542.0,168.9,97.2
516200,1926.0,32542.0,168.9,97.2
516213,2481.0,32543.0,168.9,97.2
516213,2461.0,32543.0,168.9,97.2
516213,2464.0,32543.0,168.9,97.2
516231,2308.0,32544.0,168.9,97.2
516231,2342.0,32544.0,168.9,97.2
516232,2334.0,32544.0,168.9,97.2
516244,1513.0,32545.0,168.9,97.2
516245,1570.0,32545.0,168.9,97.2
516245,1559.0,32545.0,168.9,97.2
516257,1970.0,32545.0,168.9,97.2
516258,1922.0,32545.0,168.9,97.2
516258,1924.0,32545.0,168.9,97.2
516275,2310.0,32546.0,168.9,97.2
516275,2241.0,32546.0,168.9,97.2
516276,2207.0,32546.0,168.9,97.2
516289,2065.0,32546.0,168.9,97.2
516290,2148.0,32546.0,168.9,97.2
516290,2144.0,32546.0,168.9,97.2
516306,1661.0,32547.0,168.9,97.2
516306,1703.0,32547.0,168.9,97.2
516306,1741.0,32547.0,168.9,97.2
516320,1684.0,32547.0,168.9,97.2
516320,1630.0,32547.0,168.9,97.2
516321,1612.0,32547.0,168.9,97.2
516333,2340.0,32548.0,168.9,97.2
516334,2321.0,32548.0,168.9,97.2
516334,2341.0,32548.0,168.9,97.2
516352,2359.0,32548.0,168.9,97.2
516352,2372.0,32548.0,168.9,97.2
516353,2337.0,32548.0,168.9,97.2
516365,1604.0,32548.0,168.9,97.2
516366,1704.0,32548.0,168.9,97.2
516366,1758.0,32548.0,168.9,97.2
516380,1748.0,32549.0,168.9,97.2
516380,1626.0,32549.0,168.9,97.2
516380,1629.0,32549.0,168.9,97.2
516396,2204.0,32549.0,168.9,97.2
516397,2126.0,32549.0,168.9,97.2
516397,2088.0,32549.0,168.9,97.2
516410,2265.0,32549.0,168.9,97.2
516411,2312.0,32549.0,168.9,97.2
516411,2333.0,32549.0,168.9,97.2
516427,1900.0,32549.0,168.9,97.2
516427,1959.0,32549.0,168.9,97.2
516428,1967.0,32549.0,168.9,97.2
516441,1577.0,32550.0,168.9,97.2
516442,1564.0,32550.0,168.9,97.2
516442,1541.0,32550.0,168.9,97.2
516454,2334.0,32550.0,168.9,97.2
516455,2285.0,32550.0,168.9,97.2
516455,2297.0,32550.0,168.9,97.2
516473,2425.0,32550.0,168.9,97.2
516473,2420.0,32550.0,168.9,97.2
516474,2378.0,32550.0,168.9,97.2
516486,1735.0,32551.0,168.9,97.2
516487,1834.0,32551.0,168.9,97.2
516487,1885.0,32551.0,168.9,97.2
516501,1706.0,32551.0,168.9,97.2
516501,1630.0,32551.0,168.9,97.2
516501,1618.0,32551.0,168.9,97.2
516518,1959.0,32552.0,168.9,97.2
516519,1902.0,32552.0,168.9,97.2
516519,1872.0,32552.0,168.9,97.2
516532,2304.0,32552.0,168.9,97.2
516532,2308.0,32552.0,168.9,97.2
516532,2334.0,32552.0,168.9,97.2
516549,2183.0,32552.0,168.9,97.2
516550,2238.0,32552.0,168.9,97.2
516550,2223.0,32552.0,168.9,97.2
516563,1553.0,32553.0,168.9,97.2
516563,1584.0,32553.0,168.9,97.2
516563,1593.0,32553.0,168.9,97.2
516576,2312.0,32553.0,168.9,97.2
516576,2244.0,32553.0,168.9,97.2
516576,2247.0,32553.0,168.9,97.2
516594,2406.0,32553.0,168.9,97.2
516595,2385.0,32553.0,168.9,97.2
516595,2334.0,32553.0,168.9,97.2
516608,1987.0,32553.0,168.9,97.2
516609,2072.0,32553.0,168.9,97.2
516609,2120.0,32553.0,168.9,97.2
516622,1631.0,32554.0,168.9,97.2
516622,1595.0,32554.0,168.9,97.2
516622,1549.0,32554.0,168.9,97.2
516639,1851.0,32554.0,168.9,97.2
516640,1835.0,32554.0,168.9,97.2
516640,1806.0,32554.0,168.9,97.2
516652,2340.0,32554.0,168.9,97.2
516653,2306.0,32554.0,168.9,97.2
516653,2326.0,32554.0,168.9,97.2
516666,1797.0,32555.0,168.9,97.2
516666,1894.0,32555.0,168.9,97.2
516666,1849.0,32555.0,168.9,97.2
516684,2242.0,32555.0,168.9,97.2
516684,2303.0,32555.0,168.9,97.2
516684,2405.0,32555.0,168.9,97.2
516698,2668.0,32555.0,149.7,97.2
516698,2517.0,32555.0,149.7,97.2
516699,2412.0,32555.0,149.7,97.2
516715,2073.0,32555.0,149.7,97.2
516715,2116.0,32555.0,149.7,97.2
516715,2096.0,32555.0,149.7,97.2
516729,2205.0,32556.0,149.7,97.2
516729,2208.0,32556.0,149.7,97.2
516730,2260.0,32556.0,149.7,97.2
516742,1599.0,32557.0,149.7,97.2
516742,1595.0,32557.0,149.7,97.2
516743,1518.0,32557.0,149.7,97.2
516760,1764.0,32557.0,149.7,97.2
516760,1740.0,32557.0,149.7,97.2
516760,1826.0,32557.0,149.7,97.2
516773,2451.0,32558.0,149.7,97.2
516773,2365.0,32558.0,149.7,97.2
516773,2304.0,32558.0,149.7,97.2
516786,1817.0,32558.0,149.7,97.2
516786,1946.0,32558.0,149.7,97.2
516786,1951.0,32558.0,149.7,97.2
516804,1610.0,32558.0,149.7,97.2
516804,1608.0,32558.0,149.7,97.2
516804,1685.0,32558.0,149.7,97.2
516818,2209.0,32559.0,149.7,97.2
516818,2134.0,32559.0,149.7,97.2
516818,2054.0,32559.0,149.7,97.2
516835,2403.0,32559.0,149.7,97.2
516835,2424.0,32559.0,149.7,97.2
516836,2452.0,32559.0,149.7,97.2
516849,2456.0,32560.0,149.7,97.2
516850,2444.0,32560.0,149.7,97.2
516850,2430.0,32560.0,149.7,97.2
516863,1900.0,32561.0,149.7,97.2
516863,1948.0,32561.0,149.7,97.2
516863,1932.0,32561.0,149.7,97.2
516880,2075.0,32562.0,149.7,97.2
516881,1988.0,32562.0,149.7,97.2
516881,2037.0,32562.0,149.7,97.2
516893,2753.0,32562.0,149.7,97.2
516894,2742.0,32562.0,149.7,97.2
516894,2671.0,32562.0,149.7,97.2
516908,2251.0,32563.0,149.7,97.2
516908,2357.0,32563.0,149.7,97.2
516908,2394.0,32563.0,149.7,97.2
516924,1738.0,32563.0,149.7,97.2
516925,1738.0,32563.0,149.7,97.2
516925,1748.0,32563.0,149.7,97.2
516938,1969.0,32564.0,149.7,97.2
516939,1937.0,32564.0,149.7,97.2
516939,1904.0,32564.0,149.7,97.2
516955,2213.0,32564.0,149.7,97.2
516956,2163.0,32564.0,149.7,97.2
516956,2179.0,32564.0,149.7,97.2
516969,2137.0,32564.0,149.7,97.2
516970,2163.0,32564.0,149.7,97.2
516970,2148.0,32564.0,149.7,97.2
516983,1463.0,32564.0,149.7,97.2
516983,1500.0,32564.0,149.7,97.2
516983,1518.0,32564.0,149.7,97.2
517001,1603.0,32564.0,149.7,97.2
517001,1523.0,32564.0,149.7,97.2
517001,1524.0,32564.0,149.7,97.2
517014,2270.0,32564.0,149.7,97.2
517014,2253.0,32564.0,149.7,97.2
517014,2230.0,32564.0,149.7,97.2
517028,1950.0,32563.0,149.7,97.2
517028,2013.0,32563.0,149.7,97.2
517029,2028.0,32563.0,149.7,97.2
517045,1582.0,32563.0,149.7,97.2
517045,1630.0,32563.0,149.7,97.2
517045,1640.0,32563.0,149.7,97.2
517059,1840.0,32562.0,149.7,97.2
517059,1752.0,32562.0,149.7,97.2
517060,1731.0,32562.0,149.7,97.2
517077,2075.0,32562.0,149.7,97.2
517077,2008.0,32562.0,149.7,97.2
517078,1979.0,32562.0,149.7,97.2
517090,2211.0,32562.0,149.7,97.2
517091,2251.0,32562.0,149.7,97.2
517091,2248.0,32562.0,149.7,97.2
517104,1583.0,32562.0,149.7,97.2
517104,1605.0,32562.0,149.7,97.2
517104,1635.0,32562.0,149.7,97.2
517121,1616.0,32561.0,149.7,97.2
517122,1584.0,32561.0,149.7,97.2
517122,1603.0,32561.0,149.7,97.2
517134,2306.0,32561.0,149.7,97.2
517135,2255.0,32561.0,149.7,97.2
517135,2237.0,32561.0,149.7,97.2
517149,2130.0,32561.0,149.7,97.2
517149,2196.0,32561.0,149.7,97.2
517150,2186.0,32561.0,149.7,97.2
517166,1826.0,32561.0,149.7,97.2
517167,1905.0,32561.0,149.7,97.2
517167,1929.0,32561.0,149.7,97.2
517180,1779.0,32561.0,149.7,97.2
517180,1716.0,32561.0,149.7,97.2
517180,1684.0,32561.0,149.7,97.2
517197,2084.0,32561.0,149.7,97.2
517198,2007.0,32561.0,149.7,97.2
517198,2034.0,32561.0,149.7,97.2
517211,2274.0,32561.0,149.7,97.2
517211,2270.0,32561.0,149.7,97.2
517211,2290.0,32561.0,149.7,97.2
517224,1630.0,32560.0,149.7,97.2
517225,1697.0,32560.0,149.7,97.2
517225,1691.0,32560.0,149.7,97.2
517242,1588.0,32560.0,149.7,97.2
517242,1572.0,32560.0,149.7,97.2
517242,1609.0,32560.0,149.7,97.2
517256,2285.0,32560.0,149.7,97.2
517256,2198.0,32560.0,149.7,97.2
517256,2174.0,32560.0,149.7,97.2
517272,2363.0,32560.0,128.0,97.2
517273,2398.0,32560.0,128.0,97.2
517273,2377.0,32560.0,128.0,97.2
517286,1912.0,32560.0,128.0,97.2
517287,1967.0,32560.0,128.0,97.2
517287,2003.0,32560.0,128.0,97.2
517299,1892.0,32560.0,128.0,97.2
517300,1850.0,32560.0,128.0,97.2
517300,1817.0,32560.0,128.0,97.2
517318,1970.0,32560.0,128.0,97.2
517318,1899.0,32560.0,128.0,97.2
517319,1889.0,32560.0,128.0,97.2
517331,2320.0,32560.0,128.0,97.2
517332,2304.0,32560.0,128.0,97.2
517332,2314.0,32560.0,128.0,97.2
517345,1747.0,32560.0,128.0,97.2
517346,1835.0,32560.0,128.0,97.2
517346,1821.0,32560.0,128.0,97.2
517362,1575.0,32559.0,128.0,97.2
517362,1568.0,32559.0,128.0,97.2
517362,1585.0,32559.0,128.0,97.2
517376,2247.0,32559.0,128.0,97.2
517376,2175.0,32559.0,128.0,97.2
517376,2152.0,32559.0,128.0,97.2
517392,2877.0,32559.0,128.0,97.2
517393,2917.0,32559.0,128.0,97.2
517393,2945.0,32559.0,128.0,97.2
517407,2699.0,32559.0,128.0,97.2
517407,2734.0,32559.0,128.0,97.2
517407,2735.0,32559.0,128.0,97.2
517420,1643.0,32559.0,128.0,97.2
517420,1594.0,32559.0,128.0,97.2
517421,1528.0,32559.0,128.0,97.2
517438,2012.0,32559.0,128.0,97.2
517439,1941.0,32559.0,128.0,97.2
517439,1973.0,32559.0,128.0,97.2
517452,2356.0,32559.0,128.0,97.2
517452,2335.0,32559.0,128.0,97.2
517452,2298.0,32559.0,128.0,97.2
517466,1808.0,32560.0,128.0,97.2
517466,1906.0,32560.0,128.0,97.2
517467,1953.0,32560.0,128.0,97.2
517482,1617.0,32560.0,128.0,97.2
517483,1576.0,32560.0,128.0,97.2
517483,1602.0,32560.0,128.0,97.2
517496,2227.0,32560.0,128.0,97.2
517497,2178.0,32560.0,128.0,97.2
517497,2144.0,32560.0,128.0,97.2
517510,2308.0,32560.0,128.0,97.2
517511,2348.0,32560.0,128.0,97.2
517511,2367.0,32560.0,128.0,97.2
517528,2167.0,32561.0,128.0,97.2
517529,2227.0,32561.0,128.0,97.2
517529,2224.0,32561.0,128.0,97.2
517541,1762.0,32561.0,128.0,97.2
517542,1769.0,32561.0,128.0,97.2
517542,1761.0,32561.0,128.0,97.2
517559,2086.0,32562.0,128.0,97.2
517559,2004.0,32562.0,128.0,97.2
517560,1989.0,32562.0,128.0,97.2
517572,2665.0,32563.0,128.0,97.2
517573,2661.0,32563.0,128.0,97.2
517573,2647.0,32563.0,128.0,97.2
517586,2271.0,32563.0,128.0,97.2
517587,2329.0,32563.0,128.0,97.2
517587,2353.0,32563.0,128.0,97.2
517603,1977.0,32563.0,128.0,97.2
517603,1952.0,32563.0,128.0,97.2
517604,1988.0,32563.0,128.0,97.2
517617,2412.0,32564.0,128.0,97.2
517618,2346.0,32564.0,128.0,97.2
517618,2346.0,32564.0,128.0,97.2
517635,2469.0,32564.0,128.0,97.2
517635,2432.0,32564.0,128.0,97.2
517635,2422.0,32564.0,128.0,97.2
517648,2092.0,32564.0,128.0,97.2
517648,2151.0,32564.0,128.0,97.2
517649,2157.0,32564.0,128.0,97.2
517661,1626.0,32564.0,128.0,97.2
517662,1596.0,32564.0,128.0,97.2
517662,1585.0,32564.0,128.0,97.2
517680,1723.0,32564.0,128.0,97.2
517680,1672.0,32564.0,128.0,97.2
517680,1652.0,32564.0,128.0,97.2
517694,2280.0,32564.0,128.0,97.2
517694,2250.0,32564.0,128.0,97.2
517694,2239.0,32564.0,128.0,97.2
517707,1919.0,32563.0,128.0,97.2
517707,1960.0,32563.0,128.0,97.2
517708,1970.0,32563.0,128.0,97.2
517725,1593.0,32563.0,128.0,97.2
517725,1659.0,32563.0,128.0,97.2
517725,1688.0,32563.0,128.0,97.2
517738,1955.0,32562.0,128.0,97.2
517738,1882.0,32562.0,128.0,97.2
517738,1852.0,32562.0,128.0,97.2
517751,2269.0,32562.0,128.0,97.2
517751,2279.0,32562.0,128.0,97.2
517751,2281.0,32562.0,128.0,97.2
517768,2086.0,32561.0,128.0,97.2
517769,2126.0,32561.0,128.0,97.2
517769,2147.0,32561.0,128.0,97.2
517782,1591.0,32561.0,128.0,97.2
517782,1572.0,32561.0,128.0,97.2
517782,1564.0,32561.0,128.0,97.2
517799,1796.0,32560.0,128.0,97.2
517800,1745.0,32560.0,128.0,97.2
517800,1733.0,32560.0,128.0,97.2
517813,2358.0,32559.0,128.0,97.2
517814,2316.0,32559.0,128.0,97.2
517814,2313.0,32559.0,128.0,97.2
517827,1915.0,32559.0,128.0,97.2
517827,1989.0,32559.0,128.0,97.2
517827,1987.0,32559.0,128.0,97.2
517844,1620.0,32559.0,128.0,97.2
517844,1653.0,32559.0,128.0,97.2
517845,1699.0,32559.0,128.0,97.2
517857,2064.0,32558.0,128.0,97.2
517858,1999.0,32558.0,128.0,97.2
517858,1962.0,32558.0,128.0,97.2
517870,2286.0,32558.0,128.0,97.2
517871,2303.0,32558.0,128.0,97.2
517871,2316.0,32558.0,128.0,97.2
517888,2047.0,32559.0,128.0,97.2
517888,2103.0,32559.0,128.0,97.2
517888,2111.0,32559.0,128.0,97.2
517901,1627.0,32558.0,128.0,97.2
517902,1603.0,32558.0,128.0,97.2
517902,1596.0,32558.0,128.0,97.2
517919,1821.0,32558.0,128.0,97.2
517920,1735.0,32558.0,128.0,97.2
517920,1740.0,32558.0,128.0,97.2
517933,2351.0,32557.0,128.0,97.2
517934,2349.0,32557.0,128.0,97.2
517934,2314.0,32557.0,128.0,97.2
517947,1936.0,32557.0,128.0,97.2
517947,2006.0,32557.0,128.0,97.2
517947,2007.0,32557.0,128.0,97.2
517964,1638.0,32556.0,128.0,97.2
517964,1665.0,32556.0,128.0,97.2
517965,1710.0,32556.0,128.0,97.2
517977,2105.0,32556.0,128.0,97.2
517978,2029.0,32556.0,128.0,97.2
517978,1998.0,32556.0,128.0,97.2
517990,2308.0,32556.0,128.0,97.2
517991,2340.0,32556.0,128.0,97.2
517991,2357.0,32556.0,108.4,97.2
518008,2108.0,32555.0,108.4,97.2
518008,2168.0,32555.0,108.4,97.2
518008,2169.0,32555.0,108.4,97.2
518021,1725.0,32555.0,108.4,97.2
518021,1711.0,32555.0,108.4,97.2
518022,1692.0,32555.0,108.4,97.2
518039,1931.0,32554.0,108.4,97.2
518039,1876.0,32554.0,108.4,97.2
518039,1870.0,32554.0,108.4,97.2
518053,2351.0,32554.0,108.4,97.2
518053,2325.0,32554.0,108.4,97.2
518053,2309.0,32554.0,108.4,97.2
518066,1883.0,32554.0,108.4,97.2
518066,1951.0,32554.0,108.4,97.2
518067,1965.0,32554.0,108.4,97.2
518083,1592.0,32553.0,108.4,97.2
518084,1632.0,32553.0,108.4,97.2
518084,1629.0,32553.0,108.4,97.2
518097,2160.0,32553.0,108.4,97.2
518097,2076.0,32553.0,108.4,97.2
518097,2050.0,32553.0,108.4,97.2
518110,2302.0,32553.0,108.4,97.2
518110,2330.0,32553.0,108.4,97.2
518110,2341.0,32553.0,108.4,97.2
518127,2714.0,32552.0,108.4,97.2
518128,2782.0,32552.0,108.4,97.2
518128,2824.0,32552.0,108.4,97.2
518140,2383.0,32552.0,108.4,97.2
518141,2322.0,32552.0,108.4,97.2
518141,2257.0,32552.0,108.4,97.2
518158,1769.0,32552.0,108.4,97.2
518159,1736.0,32552.0,108.4,97.2
518159,1723.0,32552.0,108.4,97.2
518172,2406.0,32552.0,108.4,97.2
518173,2382.0,32552.0,108.4,97.2
518173,2405.0,32552.0,108.4,97.2
518185,1831.0,32552.0,108.4,97.2
518186,1883.0,32552.0,108.4,97.2
518186,1851.0,32552.0,108.4,97.2
518203,1562.0,32552.0,108.4,97.2
518203,1620.0,32552.0,108.4,97.2
518203,1677.0,32552.0,108.4,97.2
518216,2255.0,32552.0,108.4,97.2
518216,2139.0,32552.0,108.4,97.2
518217,2106.0,32552.0,108.4,97.2
518229,2279.0,32552.0,108.4,97.2
518230,2351.0,32552.0,108.4,97.2
518230,2354.0,32552.0,108.4,97.2
518247,2009.0,32552.0,108.4,97.2
518247,2060.0,32552.0,108.4,97.2
518247,2103.0,32552.0,108.4,97.2
518260,1859.0,32552.0,108.4,97.2
518260,1822.0,32552.0,108.4,97.2
518261,1774.0,32552.0,108.4,97.2
518278,2150.0,32552.0,108.4,97.2
518278,2106.0,32552.0,108.4,97.2
518278,2125.0,32552.0,108.4,97.2
518292,2621.0,32552.0,108.4,97.2
518292,2582.0,32552.0,108.4,97.2
518292,2572.0,32552.0,108.4,97.2
518305,2080.0,32553.0,108.4,97.2
518306,2173.0,32553.0,108.4,97.2
518306,2173.0,32553.0,108.4,97.2
518323,1939.0,32553.0,108.4,97.2
518324,1957.0,32553.0,108.4,97.2
518324,2018.0,32553.0,108.4,97.2
518337,2521.0,32553.0,108.4,97.2
518337,2443.0,32553.0,108.4,97.2
518337,2402.0,32553.0,108.4,97.2
518354,2544.0,32553.0,108.4,97.2
518355,2549.0,32553.0,108.4,97.2
518355,2554.0,32553.0,108.4,97.2
518367,2173.0,32553.0,108.4,97.2
518368,2199.0,32553.0,108.4,97.2
518368,2217.0,32553.0,108.4,97.2
518382,1620.0,32553.0,108.4,97.2
518382,1630.0,32553.0,108.4,97.2
518382,1616.0,32553.0,108.4,97.2
518399,1733.0,32553.0,108.4,97.2
518400,1638.0,32553.0,108.4,97.2
518400,1680.0,32553.0,108.4,97.2
518413,2293.0,32552.0,108.4,97.2
518414,2244.0,32552.0,108.4,97.2
518414,2212.0,32552.0,108.4,97.2
518427,1854.0,32552.0,108.4,97.2
518427,1940.0,32552.0,108.4,97.2
518427,1966.0,32552.0,108.4,97.2
518444,1575.0,32551.0,108.4,97.2
518445,1602.0,32551.0,108.4,97.2
518445,1650.0,32551.0,108.4,97.2
518457,1927.0,32550.0,108.4,97.2
518458,1845.0,32550.0,108.4,97.2
518458,1833.0,32550.0,108.4,97.2
518472,2284.0,32549.0,108.4,97.2
518472,2291.0,32549.0,108.4,97.2
518472,2314.0,32549.0,108.4,97.2
518488,2078.0,32548.0,108.4,97.2
518489,2116.0,32548.0,108.4,97.2
518489,2093.0,32548.0,108.4,97.2
518502,1523.0,32547.0,108.4,97.2
518503,1568.0,32547.0,108.4,97.2
518503,1582.0,32547.0,108.4,97.2
518519,1728.0,32547.0,108.4,97.2
518520,1651.0,32547.0,108.4,97.2
518520,1647.0,32547.0,108.4,97.2
518533,2301.0,32546.0,100.9,97.2
518534,2296.0,32546.0,100.9,97.2
518534,2268.0,32546.0,100.9,97.2
518547,1920.0,32545.0,100.9,97.2
518547,1986.0,32545.0,100.9,97.2
518547,2002.0,32545.0,100.9,97.2
518564,1648.0,32544.0,100.9,97.2
518565,1681.0,32544.0,100.9,97.2
518565,1673.0,32544.0,100.9,97.2
518577,1986.0,32543.0,100.9,97.2
518578,1928.0,32543.0,100.9,97.2
518578,1903.0,32543.0,100.9,97.2
518592,2329.0,32542.0,100.9,97.2
518592,2328.0,32542.0,100.9,97.2
518592,2349.0,32542.0,100.9,97.2
518608,2100.0,32541.0,100.9,97.2
518609,2153.0,32541.0,100.9,97.2
518609,2177.0,32541.0,100.9,97.2
518623,1564.0,32539.0,100.9,97.2
518623,1595.0,32539.0,100.9,97.2
518624,1623.0,32539.0,100.9,97.2
518641,1639.0,32538.0,100.9,97.2
518641,1573.0,32538.0,100.9,97.2
518641,1586.0,32538.0,100.9,97.2
518654,2303.0,32538.0,100.9,97.2
518655,2261.0,32538.0,100.9,97.2
518655,2249.0,32538.0,100.9,97.2
518667,2042.0,32537.0,100.9,97.2
518668,2083.0,32537.0,100.9,97.2
518668,2086.0,32537.0,100.9,97.2
518685,1707.0,32537.0,100.9,97.2
518685,1779.0,32537.0,100.9,97.2
518685,1808.0,32537.0,100.9,97.2
518698,1919.0,32536.0,100.9,97.2
518698,1857.0,32536.0,100.9,97.2
518699,1845.0,32536.0,100.9,97.2
518712,2360.0,32535.0,100.9,97.2
518712,2360.0,32535.0,100.9,97.2
518713,2351.0,32535.0,100.9,97.2
518729,2173.0,32534.0,100.9,97.2
518729,2226.0,32534.0,100.9,97.2
518729,2226.0,32534.0,100.9,97.2
518743,1640.0,32533.0,100.9,97.2
518743,1679.0,32533.0,100.9,97.2
518744,1690.0,32533.0,100.9,97.2
518761,1605.0,32532.0,100.9,97.2
518762,1584.0,32532.0,100.9,97.2
518762,1582.0,32532.0,100.9,97.2
518774,2312.0,32531.0,100.9,97.2
518775,2269.0,32531.0,100.9,97.2
518775,2275.0,32531.0,100.9,97.2
518788,2168.0,32531.0,100.9,97.2
518788,2216.0,32531.0,100.9,97.2
518788,2207.0,32531.0,100.9,97.2
518805,1807.0,32530.0,100.9,97.2
518805,1877.0,32530.0,100.9,97.2
518806,1916.0,32530.0,100.9,97.2
518818,1866.0,32529.0,100.9,97.2
518819,1793.0,32529.0,100.9,97.2
518819,1767.0,32529.0,100.9,97.2
518832,2359.0,32529.0,100.9,97.2
518833,2358.0,32529.0,100.9,97.2
518833,2362.0,32529.0,100.9,97.2
518850,2270.0,32528.0,100.9,97.2
518850,2284.0,32528.0,100.9,97.2
518850,2293.0,32528.0,100.9,97.2
518863,1627.0,32528.0,100.9,97.2
518863,1646.0,32528.0,100.9,97.2
518864,1621.0,32528.0,100.9,97.2
518881,1753.0,32527.0,100.9,97.2
518881,1720.0,32527.0,100.9,97.2
518881,1741.0,32527.0,100.9,97.2
518894,3094.0,32527.0,100.9,97.2
518894,3031.0,32527.0,100.9,97.2
518895,3084.0,32527.0,100.9,97.2
518907,2661.0,32526.0,100.9,97.2
518908,2726.0,32526.0,100.9,97.2
518908,2693.0,32526.0,100.9,97.2
518925,1508.0,32526.0,100.9,97.2
518925,1611.0,32526.0,100.9,97.2
518925,1649.0,32526.0,100.9,97.2
518938,1982.0,32525.0,100.9,97.2
518938,1892.0,32525.0,100.9,97.2
518939,1890.0,32525.0,100.9,97.2
518952,2367.0,32524.0,100.9,97.2
518953,2355.0,32524.0,100.9,97.2
518953,2332.0,32524.0,100.9,97.2
518970,2284.0,32524.0,100.9,97.2
518970,2323.0,32524.0,100.9,97.2
518970,2349.0,32524.0,100.9,97.2
518983,1649.0,32524.0,100.9,97.2
518983,1658.0,32524.0,100.9,97.2
518983,1642.0,32524.0,100.9,97.2
519001,1678.0,32523.0,100.9,97.2
519001,1660.0,32523.0,100.9,97.2
519001,1689.0,32523.0,100.9,97.2
519014,2407.0,32523.0,100.9,97.2
519014,2346.0,32523.0,100.9,97.2
519014,2354.0,32523.0,100.9,97.2
519027,2149.0,32523.0,100.9,97.2
519027,2221.0,32523.0,100.9,97.2
519028,2205.0,32523.0,100.9,97.2
519045,1865.0,32523.0,100.9,97.2
519045,1945.0,32523.0,100.9,97.2
519045,2011.0,32523.0,100.9,97.2
519059,2040.0,32523.0,100.9,97.2
519060,1954.0,32523.0,100.9,97.2
519060,1907.0,32523.0,100.9,97.2
519076,2498.0,32523.0,100.9,97.2
519076,2454.0,32523.0,100.9,97.2
519077,2461.0,32523.0,100.9,97.2
519090,2659.0,32523.0,100.9,97.2
519091,2658.0,32523.0,100.9,97.2
519091,2669.0,32523.0,100.9,97.2
519103,2013.0,32523.0,100.9,97.2
519104,2058.0,32523.0,100.9,97.2
519104,2053.0,32523.0,100.9,97.2
519122,1814.0,32523.0,100.9,97.2
519122,1820.0,32523.0,100.9,97.2
519123,1868.0,32523.0,100.9,97.2
519135,2391.0,32523.0,100.9,97.2
519136,2319.0,32523.0,100.9,97.2
519136,2264.0,32523.0,100.9,97.2
519149,2255.0,32523.0,100.9,97.2
519150,2333.0,32523.0,100.9,97.2
519150,2335.0,32523.0,100.9,97.2
519166,1853.0,32523.0,100.9,97.2
519166,1891.0,32523.0,100.9,97.2
519167,1907.0,32523.0,100.9,97.2
519180,1592.0,32522.0,100.9,97.2
519181,1562.0,32522.0,100.9,97.2
519181,1527.0,32522.0,100.9,97.2
519197,1936.0,32521.0,100.9,97.2
519197,1869.0,32521.0,100.9,97.2
519198,1887.0,32521.0,100.9,97.2
519211,2314.0,32520.0,100.9,97.2
519212,2283.0,32520.0,100.9,97.2
519212,2267.0,32520.0,100.9,97.2
519224,1657.0,32519.0,100.9,97.2
519225,1751.0,32519.0,100.9,97.2
519225,1759.0,32519.0,100.9,97.2
519243,1504.0,32517.0,100.9,97.2
519244,1557.0,32517.0,100.9,97.2
519244,1611.0,32517.0,100.9,97.2
519257,2038.0,32516.0,100.9,97.2
519257,1969.0,32516.0,100.9,97.2
519257,1901.0,32516.0,100.9,97.2
519271,2267.0,32515.0,100.9,97.2
519271,2303.0,32515.0,100.9,97.2
519271,2327.0,32515.0,100.9,97.2
519288,2156.0,32513.0,100.9,97.2
519289,2176.0,32513.0,100.9,97.2
519289,2163.0,32513.0,100.9,97.2
519301,1535.0,32512.0,100.9,97.2
519302,1559.0,32512.0,100.9,97.2
519302,1532.0,32512.0,100.9,97.2
519315,2212.0,32511.0,100.9,97.2
519315,2182.0,32511.0,100.9,97.2
519315,2202.0,32511.0,100.9,97.2
519332,2390.0,32510.0,100.9,97.2
519332,2371.0,32510.0,100.9,97.2
519333,2312.0,32510.0,100.9,97.2
519345,1748.0,32509.0,100.9,97.2
519346,1868.0,32509.0,100.9,97.2
519346,1923.0,32509.0,100.9,97.2
519363,1663.0,32508.0,100.9,97.2
519364,1660.0,32508.0,100.9,97.2
519364,1667.0,32508.0,100.9,97.2
519378,1908.0,32507.0,100.9,97.2
519378,1876.0,32507.0,100.9,97.2
519378,1836.0,32507.0,100.9,97.2
519391,2297.0,32506.0,100.9,97.2
519391,2299.0,32506.0,100.9,97.2
519391,2347.0,32506.0,100.9,97.2
519408,2206.0,32505.0,100.9,97.2
519409,2232.0,32505.0,100.9,97.2
519409,2191.0,32505.0,100.9,97.2
519421,1514.0,32504.0,100.9,97.2
519422,1569.0,32504.0,100.9,97.2
519422,1579.0,32504.0,100.9,97.2
519435,2258.0,32503.0,100.9,97.2
519435,2169.0,32503.0,100.9,97.2
519435,2183.0,32503.0,100.9,97.2
519452,2374.0,32502.0,100.9,97.2
519452,2391.0,32502.0,100.9,97.2
519453,2331.0,32502.0,100.9,97.2
519465,1754.0,32502.0,100.9,97.2
519466,1855.0,32502.0,100.9,97.2
519466,1914.0,32502.0,100.9,97.2
519483,1620.0,32500.0,100.9,97.2
519483,1620.0,32500.0,100.9,97.2
519484,1588.0,32500.0,100.9,97.2
519497,1977.0,32499.0,100.9,97.2
519498,1950.0,32499.0,100.9,97.2
519498,1941.0,32499.0,100.9,97.2
519510,2331.0,32498.0,100.9,97.2
519511,2303.0,32498.0,100.9,97.2
519511,2332.0,32498.0,100.9,97.2
519528,2176.0,32497.0,100.9,97.2
519528,2256.0,32497.0,100.9,97.2
519529,2223.0,32497.0,100.9,97.2
519541,1567.0,32496.0,100.9,97.2
519542,1590.0,32496.0,100.9,97.2
519542,1625.0,32496.0,100.9,97.2
519559,1916.0,32495.0,100.9,97.2
519559,1791.0,32495.0,100.9,97.2
519559,1764.0,32495.0,100.9,97.2
519572,2387.0,32494.0,100.9,97.2
519572,2395.0,32494.0,110.7,97.2
519573,2392.0,32494.0,110.7,97.2
519585,1795.0,32494.0,110.7,97.2
519586,1842.0,32494.0,110.7,97.2
519586,1859.0,32494.0,110.7,97.2
519604,1649.0,32493.0,110.7,97.2
519604,1710.0,32493.0,110.7,97.2
519604,1721.0,32493.0,110.7,97.2
519618,1889.0,32492.0,110.7,97.2
519618,1832.0,32492.0,110.7,97.2
519618,1824.0,32492.0,110.7,97.2
519631,2354.0,32492.0,110.7,97.2
519632,2342.0,32492.0,110.7,97.2
519632,2354.0,32492.0,110.7,97.2
519649,2566.0,32491.0,110.7,97.2
519649,2630.0,32491.0,110.7,97.2
519649,2668.0,32491.0,110.7,97.2
519662,2323.0,32491.0,110.7,97.2
519663,2390.0,32491.0,110.7,97.2
519663,2411.0,32491.0,110.7,97.2
519680,1593.0,32490.0,110.7,97.2
519681,1536.0,32490.0,110.7,97.2
519681,1504.0,32490.0,110.7,97.2
519694,2194.0,32490.0,110.7,97.2
519694,2168.0,32490.0,110.7,97.2
519694,2211.0,32490.0,110.7,97.2
519708,2215.0,32489.0,110.7,97.2
519708,2239.0,32489.0,110.7,97.2
519708,2202.0,32489.0,110.7,97.2
519725,1798.0,32489.0,110.7,97.2
519726,1913.0,32489.0,110.7,97.2
519726,1965.0,32489.0,110.7,97.2
519739,1741.0,32488.0,110.7,97.2
519740,1655.0,32488.0,110.7,97.2
519740,1649.0,32488.0,110.7,97.2
519753,2378.0,32488.0,110.7,97.2
519753,2388.0,32488.0,110.7,97.2
519753,2397.0,32488.0,110.7,97.2
519770,2386.0,32488.0,110.7,97.2
519771,2398.0,32488.0,110.7,97.2
519771,2408.0,32488.0,110.7,97.2
519783,1726.0,32488.0,110.7,97.2
519784,1789.0,32488.0,110.7,97.2
519784,1762.0,32488.0,110.7,97.2
519797,2051.0,32488.0,110.7,97.2
519798,2003.0,32488.0,110.7,97.2
519798,2013.0,32488.0,110.7,97.2
519814,2513.0,32488.0,110.7,97.2
519815,2444.0,32488.0,110.7,97.2
519815,2405.0,32488.0,110.7,97.2
519828,2440.0,32488.0,110.7,97.2
519829,2526.0,32488.0,110.7,97.2
519829,2527.0,32488.0,110.7,97.2
519846,2297.0,32488.0,110.7,97.2
519847,2343.0,32488.0,110.7,97.2
519847,2393.0,32488.0,110.7,97.2
519860,2098.0,32488.0,110.7,97.2
519860,2048.0,32488.0,110.7,97.2
519860,2012.0,32488.0,110.7,97.2
519873,2687.0,32488.0,110.7,97.2
519873,2664.0,32488.0,110.7,97.2
519873,2700.0,32488.0,110.7,97.2
519890,2583.0,32489.0,110.7,97.2
519891,2562.0,32489.0,110.7,97.2
519891,2510.0,32489.0,110.7,97.2
519904,1709.0,32489.0,110.7,97.2
519904,1809.0,32489.0,110.7,97.2
519904,1836.0,32489.0,110.7,97.2
519918,1892.0,32488.0,110.7,97.2
519918,1788.0,32488.0,110.7,97.2
519918,1809.0,32488.0,110.7,97.2
519934,2219.0,32488.0,110.7,97.2
519935,2180.0,32488.0,110.7,97.2
519935,2125.0,32488.0,110.7,97.2
519949,2076.0,32486.0,110.7,97.2
519949,2146.0,32486.0,110.7,97.2
519949,2197.0,32486.0,110.7,97.2
519966,1913.0,32485.0,110.7,97.2
519967,1946.0,32485.0,110.7,97.2
519967,1928.0,32485.0,110.7,97.2
519980,1582.0,32484.0,110.7,97.2
519980,1580.0,32484.0,110.7,97.2
519980,1554.0,32484.0,110.7,97.2
519993,2218.0,32484.0,110.7,97.2
519993,2167.0,32484.0,110.7,97.2
519994,2210.0,32484.0,110.7,97.2
520010,2314.0,32481.0,110.7,97.2
520011,2322.0,32481.0,110.7,97.2
520011,2267.0,32481.0,110.7,97.2
520024,1532.0,32481.0,110.7,97.2
520024,1623.0,32481.0,110.7,97.2
520024,1680.0,32481.0,110.7,97.2
520038,1855.0,32479.0,110.7,97.2
520038,1742.0,32479.0,110.7,97.2
520039,1731.0,32479.0,110.7,97.2
520055,2121.0,32478.0,110.7,97.2
520056,2110.0,32478.0,110.7,97.2
520056,2053.0,32478.0,110.7,97.2
520069,2112.0,32477.0,110.7,97.2
520069,2170.0,32477.0,110.7,97.2
520069,2210.0,32477.0,110.7,97.2
520086,1996.0,32475.0,110.7,97.2
520087,2036.0,32475.0,110.7,97.2
520087,2002.0,32475.0,110.7,97.2
520100,1617.0,32475.0,110.7,97.2
520100,1623.0,32475.0,110.7,97.2
520100,1634.0,32475.0,110.7,97.2
520113,2304.0,32474.0,110.7,97.2
520113,2240.0,32474.0,110.7,97.2
520113,2267.0,32474.0,110.7,97.2
520130,2322.0,32473.0,110.7,97.2
520131,2353.0,32473.0,110.7,97.2
520131,2301.0,32473.0,110.7,97.2
520144,1592.0,32472.0,110.7,97.2
520144,1671.0,32472.0,110.7,97.2
520144,1730.0,32472.0,110.7,97.2
520158,1877.0,32470.0,110.7,97.2
520158,1776.0,32470.0,110.7,97.2
520159,1753.0,32470.0,110.7,97.2
520175,2137.0,32469.0,110.7,97.2
520176,2097.0,32469.0,110.7,97.2
520176,2075.0,32469.0,110.7,97.2
520189,2188.0,32468.0,110.7,97.2
520189,2199.0,32468.0,110.7,97.2
520189,2231.0,32468.0,110.7,97.2
520206,1988.0,32467.0,110.7,97.2
520207,2048.0,32467.0,110.7,97.2
520207,2030.0,32467.0,110.7,97.2
520220,1631.0,32466.0,110.7,97.2
520220,1640.0,32466.0,110.7,97.2
520220,1643.0,32466.0,110.7,97.2
520233,2331.0,32465.0,110.7,97.2
520233,2289.0,32465.0,110.7,97.2
520233,2282.0,32465.0,110.7,97.2
520250,2370.0,32464.0,110.7,97.2
520251,2397.0,32464.0,110.7,97.2
520251,2363.0,32464.0,110.7,97.2
520264,1714.0,32462.0,110.7,97.2
520265,1813.0,32462.0,110.7,97.2
520265,1856.0,32462.0,110.7,97.2
520278,1929.0,32462.0,110.7,97.2
520278,1854.0,32462.0,110.7,97.2
520278,1830.0,32462.0,110.7,97.2
520295,2283.0,32461.0,110.7,97.2
520296,2247.0,32461.0,110.7,97.2
520296,2232.0,32461.0,110.7,97.2
520308,2249.0,32460.0,110.7,97.2
520309,2281.0,32460.0,110.7,97.2
520309,2289.0,32460.0,110.7,97.2
520326,1933.0,32459.0,110.7,97.2
520326,2005.0,32459.0,110.7,97.2
520327,2011.0,32459.0,110.7,97.2
520339,1687.0,32458.0,110.7,97.2
520340,1652.0,32458.0,110.7,97.2
520340,1654.0,32458.0,110.7,97.2
520353,2355.0,32458.0,110.7,97.2
520353,2315.0,32458.0,110.7,97.2
520353,2317.0,32458.0,110.7,97.2
520370,2342.0,32457.0,110.7,97.2
520371,2361.0,32457.0,110.7,97.2
520371,2342.0,32457.0,110.7,97.2
520384,1850.0,32456.0,110.7,97.2
520385,1944.0,32456.0,110.7,97.2
520385,1992.0,32456.0,110.7,97.2
520398,2641.0,32456.0,110.7,97.2
520398,2585.0,32456.0,110.7,97.2
520398,2580.0,32456.0,110.7,97.2
520415,2669.0,32455.0,110.7,97.2
520416,2585.0,32455.0,110.7,97.2
520416,2516.0,32455.0,110.7,97.2
520428,1917.0,32455.0,110.7,97.2
520429,1982.0,32455.0,110.7,97.2
520429,1998.0,32455.0,110.7,97.2
520446,2027.0,32454.0,110.7,97.2
520446,2073.0,32454.0,110.7,97.2
520447,2096.0,32454.0,110.7,97.2
520459,1690.0,32454.0,110.7,97.2
520460,1670.0,32454.0,110.7,97.2
520460,1627.0,32454.0,110.7,97.2
520472,2337.0,32454.0,110.7,97.2
520473,2330.0,32454.0,110.7,97.2
520473,2384.0,32454.0,110.7,97.2
520490,2388.0,32453.0,110.7,97.2
520490,2379.0,32453.0,110.7,97.2
520491,2343.0,32453.0,110.7,97.2
520504,1776.0,32452.0,110.7,97.2
520505,1901.0,32452.0,110.7,97.2
520505,1934.0,32452.0,110.7,97.2
520521,1705.0,32452.0,110.7,97.2
520521,1643.0,32452.0,110.7,97.2
520521,1666.0,32452.0,110.7,97.2
520535,2352.0,32452.0,110.7,97.2
520535,2321.0,32452.0,110.7,97.2
520535,2296.0,32452.0,110.7,97.2
520548,2373.0,32452.0,110.7,97.2
520548,2402.0,32452.0,110.7,97.2
520549,2431.0,32452.0,110.7,97.2
520566,2317.0,32452.0,110.7,100.0
520567,2364.0,32452.0,110.7,100.0
520567,2363.0,32452.0,110.7,100.0
520580,1976.0,32452.0,110.7,100.0
520580,1984.0,32452.0,110.7,100.0
520580,1963.0,32452.0,110.7,100.0
520594,2673.0,32452.0,110.7,100.0
520594,2626.0,32452.0,110.7,100.0
520595,2636.0,32452.0,110.7,100.0
520610,2760.0,32452.0,110.7,100.0
520611,2765.0,32452.0,110.7,100.0
520611,2721.0,32452.0,110.7,100.0
520625,2060.0,32453.0,110.7,100.0
520625,2148.0,32453.0,110.7,100.0
520625,2188.0,32453.0,110.7,100.0
520638,2052.0,32453.0,110.7,100.0
520638,1968.0,32453.0,110.7,100.0
520638,1952.0,32453.0,110.7,100.0
520655,2246.0,32452.0,110.7,100.0
520656,2180.0,32452.0,110.7,100.0
520656,2127.0,32452.0,110.7,100.0
520668,2137.0,32452.0,110.7,100.0
520669,2184.0,32452.0,110.7,100.0
520669,2205.0,32452.0,110.7,100.0
520686,1893.0,32451.0,110.7,100.0
520687,1972.0,32451.0,110.7,100.0
520687,1973.0,32451.0,110.7,100.0
520699,1599.0,32451.0,110.7,100.0
520700,1578.0,32451.0,110.7,100.0
520700,1582.0,32451.0,110.7,100.0
520713,2236.0,32449.0,110.7,100.0
520714,2184.0,32449.0,110.7,100.0
520714,2194.0,32449.0,110.7,100.0
520730,2273.0,32449.0,110.7,100.0
520731,2297.0,32449.0,110.7,100.0
520731,2260.0,32449.0,110.7,100.0
520744,1644.0,32446.0,110.7,100.0
520745,1724.0,32446.0,110.7,100.0
520745,1776.0,32446.0,110.7,100.0
520761,1531.0,32446.0,110.7,100.0
520762,1511.0,32446.0,110.7,100.0
520762,1495.0,32446.0,110.7,100.0
520775,2074.0,32444.0,110.7,100.0
520776,2066.0,32444.0,110.7,100.0
520776,2051.0,32444.0,110.7,100.0
520788,2189.0,32443.0,110.7,100.0
520789,2199.0,32443.0,110.7,100.0
520789,2211.0,32443.0,110.7,100.0
520807,2038.0,32442.0,110.7,100.0
520807,2105.0,32442.0,110.7,100.0
520808,2109.0,32442.0,110.7,100.0
520820,1563.0,32441.0,110.7,100.0
520821,1560.0,32441.0,110.7,100.0
520821,1553.0,32441.0,110.7,100.0
520834,2247.0,32439.0,110.7,100.0
520835,2181.0,32439.0,110.7,100.0
520835,2178.0,32439.0,110.7,100.0
520851,2334.0,32438.0,93.6,100.0
520851,2341.0,32438.0,93.6,100.0
520851,2317.0,32438.0,93.6,100.0
520865,1782.0,32437.0,93.6,100.0
520865,1854.0,32437.0,93.6,100.0
520865,1895.0,32437.0,93.6,100.0
520882,1571.0,32436.0,93.6,100.0
520883,1596.0,32436.0,93.6,100.0
520883,1597.0,32436.0,93.6,100.0
520896,2101.0,32435.0,93.6,100.0
520896,2038.0,32435.0,93.6,100.0
520896,2028.0,32435.0,93.6,100.0
520909,2238.0,32434.0,93.6,100.0
520909,2271.0,32434.0,93.6,100.0
520909,2269.0,32434.0,93.6,100.0
520927,2091.0,32433.0,93.6,100.0
520928,2152.0,32433.0,93.6,100.0
520928,2164.0,32433.0,93.6,100.0
520940,1602.0,32433.0,93.6,100.0
520941,1585.0,32433.0,93.6,100.0
520941,1582.0,32433.0,93.6,100.0
520955,2216.0,32431.0,93.6,100.0
520955,2177.0,32431.0,93.6,100.0
520955,2181.0,32431.0,93.6,100.0
520972,2382.0,32430.0,93.6,100.0
520972,2359.0,32430.0,93.6,100.0
520973,2330.0,32430.0,93.6,100.0
520985,1929.0,32429.0,93.6,100.0
520986,2017.0,32429.0,93.6,100.0
520986,2054.0,32429.0,93.6,100.0
521003,1703.0,32428.0,93.6,100.0
521003,1724.0,32428.0,93.6,100.0
521003,1743.0,32428.0,93.6,100.0
521016,2048.0,32428.0,93.6,100.0
521016,1994.0,32428.0,93.6,100.0
521017,1967.0,32428.0,93.6,100.0
521029,2260.0,32427.0,93.6,100.0
521030,2275.0,32427.0,93.6,100.0
521030,2292.0,32427.0,93.6,100.0
521048,2160.0,32426.0,93.6,100.0
521048,2200.0,32426.0,93.6,100.0
521048,2222.0,32426.0,93.6,100.0
521062,1568.0,32425.0,93.6,100.0
521062,1600.0,32425.0,93.6,100.0
521062,1634.0,32425.0,93.6,100.0
521075,2188.0,32424.0,93.6,100.0
521075,2133.0,32424.0,93.6,100.0
521076,2142.0,32424.0,93.6,100.0
521092,2975.0,32423.0,93.6,100.0
521093,2973.0,32423.0,93.6,100.0
521093,2949.0,32423.0,93.6,100.0
521106,2734.0,32423.0,93.6,100.0
521106,2800.0,32423.0,93.6,100.0
521106,2796.0,32423.0,93.6,100.0
521119,1636.0,32423.0,93.6,100.0
521119,1577.0,32423.0,93.6,100.0
521119,1514.0,32423.0,93.6,100.0
521136,2066.0,32422.0,93.6,100.0
521137,2008.0,32422.0,93.6,100.0
521137,2041.0,32422.0,93.6,100.0
521150,2337.0,32421.0,93.6,100.0
521151,2330.0,32421.0,93.6,100.0
521151,2310.0,32421.0,93.6,100.0
521168,2207.0,32420.0,93.6,100.0
521169,2280.0,32420.0,93.6,100.0
521169,2316.0,32420.0,93.6,100.0
521183,1667.0,32420.0,93.6,100.0
521183,1694.0,32420.0,93.6,100.0
521183,1703.0,32420.0,93.6,100.0
521196,2111.0,32419.0,93.6,100.0
521197,2059.0,32419.0,93.6,100.0
521197,2004.0,32419.0,93.6,100.0
521214,2340.0,32419.0,93.6,100.0
521214,2287.0,32419.0,93.6,100.0
521214,2276.0,32419.0,93.6,100.0
521227,2212.0,32419.0,93.6,100.0
521227,2256.0,32419.0,93.6,100.0
521228,2261.0,32419.0,93.6,100.0
521241,1735.0,32419.0,93.6,100.0
521242,1755.0,32419.0,93.6,100.0
521242,1778.0,32419.0,93.6,100.0
521258,2094.0,32419.0,93.6,100.0
521258,2012.0,32419.0,93.6,100.0
521258,1997.0,32419.0,93.6,100.0
521272,2653.0,32419.0,119.7,99.7
521272,2645.0,32419.0,119.7,99.7
521273,2612.0,32419.0,119.7,99.7
521289,2629.0,32419.0,119.7,99.7
521289,2670.0,32419.0,119.7,99.7
521290,2678.0,32419.0,119.7,99.7
521303,2087.0,32419.0,119.7,99.7
521304,2148.0,32419.0,119.7,99.7
521304,2157.0,32419.0,119.7,99.7
521317,2285.0,32419.0,119.7,99.7
521317,2216.0,32419.0,119.7,99.7
521317,2216.0,32419.0,119.7,99.7
521334,2431.0,32419.0,119.7,99.7
521335,2349.0,32419.0,119.7,99.7
521335,2304.0,32419.0,119.7,99.7
521347,2160.0,32419.0,119.7,99.7
521348,2219.0,32419.0,119.7,99.7
521348,2224.0,32419.0,119.7,99.7
521361,1541.0,32419.0,119.7,99.7
521362,1556.0,32419.0,119.7,99.7
521362,1559.0,32419.0,119.7,99.7
521378,1747.0,32419.0,119.7,99.7
521378,1687.0,32419.0,119.7,99.7
521379,1675.0,32419.0,119.7,99.7
521392,2269.0,32417.0,119.7,99.7
521392,2229.0,32417.0,119.7,99.7
521393,2239.0,32417.0,119.7,99.7
521409,2169.0,32416.0,119.7,99.7
521409,2222.0,32416.0,119.7,99.7
521410,2216.0,32416.0,119.7,99.7
521423,1563.0,32415.0,119.7,99.7
521424,1610.0,32415.0,119.7,99.7
521424,1650.0,32415.0,119.7,99.7
521437,1908.0,32414.0,119.7,99.7
521437,1835.0,32414.0,119.7,99.7
521437,1839.0,32414.0,119.7,99.7
521454,2157.0,32412.0,119.7,99.7
521455,2117.0,32412.0,119.7,99.7
521455,2090.0,32412.0,119.7,99.7
521468,2072.0,32411.0,119.7,99.7
521468,2117.0,32411.0,119.7,99.7
521468,2128.0,32411.0,119.7,99.7
521482,1509.0,32409.0,119.7,99.7
521482,1527.0,32409.0,119.7,99.7
521482,1524.0,32409.0,119.7,99.7
521499,1703.0,32408.0,119.7,99.7
521499,1663.0,32408.0,119.7,99.7
521499,1676.0,32408.0,119.7,99.7
521513,2294.0,32406.0,119.7,99.7
521513,2235.0,32406.0,119.7,99.7
521513,2245.0,32406.0,119.7,99.7
521531,2354.0,32405.0,119.7,99.7
521531,2356.0,32405.0,119.7,99.7
521531,2334.0,32405.0,119.7,99.7
521544,1703.0,32404.0,119.7,99.7
521544,1773.0,32404.0,119.7,99.7
521545,1806.0,32404.0,119.7,99.7
521557,1892.0,32403.0,119.7,99.7
521558,1821.0,32403.0,119.7,99.7
521558,1841.0,32403.0,119.7,99.7
521575,2160.0,32402.0,119.7,99.7
521575,2101.0,32402.0,119.7,99.7
521576,2076.0,32402.0,119.7,99.7
521588,2182.0,32401.0,119.7,99.7
521589,2225.0,32401.0,119.7,99.7
521589,2240.0,32401.0,119.7,99.7
521606,1988.0,32400.0,119.7,99.7
521606,2065.0,32400.0,119.7,99.7
521607,2067.0,32400.0,119.7,99.7
521620,1605.0,32399.0,119.7,99.7
521621,1581.0,32399.0,119.7,99.7
521621,1606.0,32399.0,119.7,99.7
521633,2286.0,32399.0,119.7,99.7
521634,2258.0,32399.0,119.7,99.7
521634,2273.0,32399.0,119.7,99.7
521652,2425.0,32397.0,146.2,99.7
521652,2404.0,32397.0,146.2,99.7
521653,2369.0,32397.0,146.2,99.7
521665,1864.0,32397.0,146.2,99.7
521666,1951.0,32397.0,146.2,99.7
521666,1978.0,32397.0,146.2,99.7
521679,1647.0,32396.0,146.2,99.7
521680,1595.0,32396.0,146.2,99.7
521680,1585.0,32396.0,146.2,99.7
521696,2041.0,32395.0,146.2,99.7
521696,1991.0,32395.0,146.2,99.7
521696,1977.0,32395.0,146.2,99.7
521710,2297.0,32394.0,146.2,99.7
521710,2304.0,32394.0,146.2,99.7
521711,2318.0,32394.0,146.2,99.7
521727,2098.0,32394.0,146.2,99.7
521727,2153.0,32394.0,146.2,99.7
521727,2154.0,32394.0,146.2,99.7
521741,1933.0,32392.0,146.2,99.7
521741,1969.0,32392.0,146.2,99.7
521742,2001.0,32392.0,146.2,99.7
521755,3096.0,32392.0,146.2,99.7
521755,3049.0,32392.0,146.2,99.7
521755,3030.0,32392.0,146.2,99.7
521773,2080.0,32391.0,146.2,99.7
521774,2051.0,32391.0,146.2,99.7
521774,1963.0,32391.0,146.2,99.7
521787,1977.0,32391.0,146.2,99.7
521787,2070.0,32391.0,146.2,99.7
521787,2174.0,32391.0,146.2,99.7
521801,1656.0,32390.0,146.2,99.7
521801,1581.0,32390.0,146.2,99.7
521801,1520.0,32390.0,146.2,99.7
521817,1849.0,32390.0,146.2,99.7
521818,1867.0,32390.0,146.2,99.7
521818,1885.0,32390.0,146.2,99.7
521831,2371.0,32389.0,146.2,99.7
521832,2288.0,32389.0,146.2,99.7
521832,2301.0,32389.0,146.2,99.7
521849,2344.0,32389.0,146.2,99.7
521849,2411.0,32389.0,146.2,99.7
521849,2362.0,32389.0,146.2,99.7
521862,1603.0,32389.0,146.2,99.7
521862,1668.0,32389.0,146.2,99.7
521863,1727.0,32389.0,146.2,99.7
521875,2239.0,32389.0,146.2,99.7
521876,2123.0,32389.0,146.2,99.7
521876,2077.0,32389.0,146.2,99.7
521894,2347.0,32389.0,146.2,98.0
521895,2350.0,32389.0,146.2,98.0
521895,2324.0,32389.0,146.2,98.0
521909,2444.0,32388.0,146.2,98.0
521909,2455.0,32388.0,146.2,98.0
521909,2501.0,32388.0,146.2,98.0
521922,1901.0,32388.0,146.2,98.0
521922,1930.0,32388.0,146.2,98.0
521922,1873.0,32388.0,146.2,98.0
521939,1956.0,32388.0,146.2,98.0
521940,1974.0,32388.0,146.2,98.0
521940,1991.0,32388.0,146.2,98.0
521953,2709.0,32388.0,146.2,98.0
521953,2622.0,32388.0,146.2,98.0
521953,2587.0,32388.0,146.2,98.0
521966,2330.0,32388.0,146.2,98.0
521966,2427.0,32388.0,146.2,98.0
521966,2428.0,32388.0,146.2,98.0
521983,1828.0,32388.0,146.2,98.0
521984,1873.0,32388.0,146.2,98.0
521984,1936.0,32388.0,146.2,98.0
521997,2050.0,32388.0,146.2,98.0
521997,1982.0,32388.0,146.2,98.0
521997,1906.0,32388.0,146.2,98.0
522014,2128.0,32387.0,146.2,98.0
522015,2108.0,32387.0,146.2,98.0
522015,2127.0,32387.0,146.2,98.0
522029,2190.0,32387.0,146.2,98.0
522029,2190.0,32387.0,146.2,98.0
522029,2190.0,32387.0,146.2,98.0
522042,1510.0,32386.0,146.2,98.0
522042,1575.0,32386.0,146.2,98.0
522042,1560.0,32386.0,146.2,98.0
522060,1518.0,32385.0,146.2,98.0
522060,1489.0,32385.0,146.2,98.0
522060,1547.0,32385.0,146.2,98.0
522073,2231.0,32384.0,146.2,98.0
522073,2168.0,32384.0,146.2,98.0
522073,2128.0,32384.0,146.2,98.0
522086,1923.0,32383.0,146.2,98.0
522086,2007.0,32383.0,146.2,98.0
522087,2035.0,32383.0,146.2,98.0
522103,1586.0,32382.0,146.2,98.0
522104,1669.0,32382.0,146.2,98.0
522104,1681.0,32382.0,146.2,98.0
522118,1767.0,32380.0,146.2,98.0
522118,1722.0,32380.0,146.2,98.0
522118,1670.0,32380.0,146.2,98.0
522134,2118.0,32379.0,146.2,98.0
522135,2066.0,32379.0,146.2,98.0
522135,2076.0,32379.0,146.2,98.0
522149,2257.0,32378.0,146.2,98.0
522149,2262.0,32378.0,146.2,98.0
522149,2233.0,32378.0,146.2,98.0
522162,1548.0,32377.0,146.2,98.0
522162,1622.0,32377.0,146.2,98.0
522163,1621.0,32377.0,146.2,98.0
522180,1602.0,32375.0,146.2,98.0
522180,1539.0,32375.0,146.2,98.0
522180,1564.0,32375.0,146.2,98.0
522193,2308.0,32374.0,146.2,98.0
522193,2265.0,32374.0,146.2,98.0
522193,2228.0,32374.0,146.2,98.0
522206,1977.0,32374.0,146.2,98.0
522207,2083.0,32374.0,146.2,98.0
522208,2128.0,32374.0,146.2,98.0
522208,2143.0,32374.0,146.2,98.0
522225,1835.0,32372.0,146.2,98.0
522225,1910.0,32372.0,146.2,98.0
522226,1938.0,32372.0,146.2,98.0
522239,1654.0,32369.0,146.2,98.0
522239,1601.0,32369.0,146.2,98.0
522240,1582.0,32369.0,146.2,98.0
522256,2020.0,32369.0,146.2,98.0
522256,1945.0,32369.0,146.2,98.0
522256,1929.0,32369.0,146.2,98.0
522270,2318.0,32367.0,146.2,98.0
522270,2312.0,32367.0,146.2,98.0
522271,2321.0,32367.0,146.2,98.0
522283,1702.0,32367.0,146.2,98.0
522283,1755.0,32367.0,146.2,98.0
522284,1753.0,32367.0,146.2,98.0
522300,1559.0,32365.0,146.2,98.0
522301,1568.0,32365.0,146.2,98.0
522301,1599.0,32365.0,146.2,98.0
522314,2246.0,32365.0,146.2,98.0
522314,2200.0,32365.0,146.2,98.0
522314,2184.0,32365.0,146.2,98.0
522328,2273.0,32363.0,146.2,98.0
522328,2336.0,32363.0,146.2,98.0
522329,2339.0,32363.0,146.2,98.0
522344,1879.0,32363.0,146.2,98.0
522345,1935.0,32363.0,146.2,98.0
522345,1970.0,32363.0,146.2,98.0
522359,1681.0,32362.0,146.2,98.0
522359,1618.0,32362.0,146.2,98.0
522359,1606.0,32362.0,146.2,98.0
522376,2003.0,32361.0,146.2,98.0
522376,1957.0,32361.0,146.2,98.0
522376,1953.0,32361.0,146.2,98.0
522390,2331.0,32360.0,146.2,98.0
522390,2325.0,32360.0,146.2,98.0
522390,2314.0,32360.0,146.2,98.0
522403,1681.0,32359.0,146.2,98.0
522403,1759.0,32359.0,146.2,98.0
522404,1768.0,32359.0,146.2,98.0
522420,1587.0,32359.0,146.2,98.0
522421,1579.0,32359.0,146.2,98.0
522421,1615.0,32359.0,146.2,98.0
522434,2846.0,32358.0,146.2,98.0
522434,2787.0,32358.0,146.2,98.0
522434,2786.0,32358.0,146.2,98.0
522448,3049.0,32358.0,146.2,98.0
522448,3090.0,32358.0,146.2,98.0
522448,3083.0,32358.0,146.2,98.0
522464,1597.0,32357.0,146.2,98.0
522465,1663.0,32357.0,146.2,98.0
522465,1664.0,32357.0,146.2,98.0
522479,1739.0,32357.0,146.2,98.0
522479,1679.0,32357.0,146.2,98.0
522480,1704.0,32357.0,146.2,98.0
522497,1922.0,32356.0,146.2,98.0
522497,1854.0,32356.0,146.2,98.0
522497,1803.0,32356.0,146.2,98.0
522510,2330.0,32356.0,146.2,98.0
522511,2373.0,32356.0,146.2,98.0
522511,2382.0,32356.0,146.2,98.0
522524,1834.0,32355.0,146.2,98.0
522524,1868.0,32355.0,146.2,98.0
522525,1867.0,32355.0,146.2,98.0
522541,1633.0,32355.0,146.2,98.0
522542,1704.0,32355.0,146.2,98.0
522542,1709.0,32355.0,146.2,98.0
522555,2213.0,32354.0,146.2,98.0
522555,2135.0,32354.0,146.2,98.0
522555,2143.0,32354.0,146.2,98.0
522569,2433.0,32354.0,146.2,98.0
522569,2446.0,32354.0,146.2,98.0
522569,2420.0,32354.0,146.2,98.0
522586,2185.0,32354.0,146.2,97.5
522587,2272.0,32354.0,146.2,97.5
522587,2318.0,32354.0,146.2,97.5
522599,1859.0,32354.0,146.2,97.5
522600,1812.0,32354.0,146.2,97.5
522600,1787.0,32354.0,146.2,97.5
522617,2165.0,32354.0,146.2,97.5
522618,2135.0,32354.0,146.2,97.5
522618,2121.0,32354.0,146.2,97.5
522631,2720.0,32353.0,146.2,97.5
522631,2663.0,32353.0,146.2,97.5
522631,2685.0,32353.0,146.2,97.5
522644,2206.0,32353.0,146.2,97.5
522644,2259.0,32353.0,146.2,97.5
522645,2236.0,32353.0,146.2,97.5
522662,1857.0,32353.0,146.2,97.5
522662,1905.0,32353.0,146.2,97.5
522662,1953.0,32353.0,146.2,97.5
522676,2219.0,32353.0,146.2,97.5
522676,2114.0,32353.0,146.2,97.5
522676,2063.0,32353.0,146.2,97.5
522692,2336.0,32353.0,146.2,97.5
522693,2334.0,32353.0,146.2,97.5
522693,2323.0,32353.0,146.2,97.5
522707,2082.0,32352.0,146.2,97.5
522707,2099.0,32352.0,146.2,97.5
522707,2130.0,32352.0,146.2,97.5
522720,1549.0,32351.0,146.2,97.5
522720,1545.0,32351.0,146.2,97.5
522721,1503.0,32351.0,146.2,97.5
522739,1588.0,32350.0,146.2,97.5
522739,1554.0,32350.0,146.2,97.5
522739,1583.0,32350.0,146.2,97.5
522752,2291.0,32349.0,146.2,97.5
522752,2239.0,32349.0,146.2,97.5
522752,2207.0,32349.0,146.2,97.5
522766,1976.0,32347.0,146.2,97.5
522766,2062.0,32347.0,146.2,97.5
522767,2066.0,32347.0,146.2,97.5
522783,1599.0,32346.0,146.2,97.5
522783,1672.0,32346.0,146.2,97.5
522783,1684.0,32346.0,146.2,97.5
522797,1839.0,32345.0,146.2,97.5
522797,1759.0,32345.0,146.2,97.5
522798,1698.0,32345.0,146.2,97.5
522814,2173.0,32344.0,146.2,97.5
522814,2138.0,32344.0,146.2,97.5
522814,2152.0,32344.0,146.2,97.5
522828,2201.0,32342.0,146.2,97.5
522828,2208.0,32342.0,146.2,97.5
522829,2206.0,32342.0,146.2,97.5
522841,1563.0,32340.0,146.2,97.5
522842,1611.0,32340.0,146.2,97.5
522842,1603.0,32340.0,146.2,97.5
522860,1551.0,32338.0,146.2,97.5
522860,1525.0,32338.0,146.2,97.5
522860,1547.0,32338.0,146.2,97.5
522873,2293.0,32337.0,146.2,97.5
522873,2226.0,32337.0,146.2,97.5
522874,2192.0,32337.0,146.2,97.5
522887,2137.0,32335.0,146.2,97.5
522887,2201.0,32335.0,146.2,97.5
522888,2228.0,32335.0,146.2,97.5
522904,1751.0,32334.0,146.2,97.5
522904,1787.0,32334.0,146.2,97.5
522904,1818.0,32334.0,146.2,97.5
522918,1773.0,32332.0,146.2,97.5
522918,1726.0,32332.0,146.2,97.5
522918,1698.0,32332.0,146.2,97.5
522935,2060.0,32330.0,146.2,97.5
522936,1995.0,32330.0,146.2,97.5
522936,1994.0,32330.0,146.2,97.5
522948,2292.0,32329.0,146.2,97.5
522949,2305.0,32329.0,146.2,97.5
522949,2297.0,32329.0,146.2,97.5
522962,1606.0,32328.0,146.2,97.5
522962,1655.0,32328.0,146.2,97.5
522962,1649.0,32328.0,146.2,97.5
522980,1582.0,32327.0,146.2,97.5
522981,1568.0,32327.0,146.2,97.5
522981,1592.0,32327.0,146.2,97.5
522993,2295.0,32326.0,146.2,97.5
522994,2255.0,32326.0,146.2,97.5
522994,2214.0,32326.0,146.2,97.5
523007,2208.0,32324.0,146.2,97.5
523008,2254.0,32324.0,146.2,97.5
523008,2271.0,32324.0,146.2,97.5
523025,1978.0,32322.0,146.2,97.5
523025,2036.0,32322.0,146.2,97.5
523026,2067.0,32322.0,146.2,97.5
523038,1825.0,32321.0,146.2,97.5
523039,1764.0,32321.0,146.2,97.5
523039,1733.0,32321.0,146.2,97.5
523051,2378.0,32320.0,146.2,97.5
523052,2349.0,32320.0,146.2,97.5
523052,2380.0,32320.0,146.2,97.5
523069,2330.0,32319.0,146.2,97.5
523070,2347.0,32319.0,146.2,97.5
523070,2311.0,32319.0,146.2,97.5
523082,1606.0,32319.0,146.2,97.5
523083,1663.0,32319.0,146.2,97.5
523083,1708.0,32319.0,146.2,97.5
523100,1603.0,32316.0,146.2,97.5
523100,1561.0,32316.0,146.2,97.5
523101,1578.0,32316.0,146.2,97.5
523114,2180.0,32315.0,146.2,97.5
523115,2135.0,32315.0,146.2,97.5
523115,2102.0,32315.0,146.2,97.5
523127,2344.0,32314.0,146.2,97.5
523128,2410.0,32314.0,142.5,97.5
523128,2452.0,32314.0,142.5,97.5
523145,2742.0,32313.0,142.5,97.5
523145,2769.0,32313.0,142.5,97.5
523145,2804.0,32313.0,142.5,97.5
523158,2038.0,32312.0,142.5,97.5
523158,1955.0,32312.0,142.5,97.5
523159,1912.0,32312.0,142.5,97.5
523171,2103.0,32312.0,142.5,97.5
523172,2096.0,32312.0,142.5,97.5
523172,2146.0,32312.0,142.5,97.5
523189,2413.0,32310.0,142.5,97.5
523189,2397.0,32310.0,142.5,97.5
523190,2359.0,32310.0,142.5,97.5
523202,1563.0,32310.0,142.5,97.5
523203,1654.0,32310.0,142.5,97.5
523203,1667.0,32310.0,142.5,97.5
523220,1598.0,32309.0,142.5,97.5
523221,1552.0,32309.0,142.5,97.5
523221,1610.0,32309.0,142.5,97.5
523234,2225.0,32308.0,142.5,97.5
523235,2157.0,32308.0,142.5,97.5
523235,2122.0,32308.0,142.5,97.5
523248,2252.0,32308.0,142.5,97.5
523248,2304.0,32308.0,142.5,97.5
523248,2339.0,32308.0,142.5,97.5
523265,2062.0,32307.0,142.5,97.5
523266,2105.0,32307.0,142.5,97.5
523266,2104.0,32307.0,142.5,97.5
523278,1836.0,32306.0,142.5,97.5
523279,1815.0,32306.0,142.5,97.5
523279,1802.0,32306.0,142.5,97.5
523291,2526.0,32306.0,142.5,97.5
523292,2489.0,32306.0,142.5,97.5
523292,2526.0,32306.0,142.5,97.5
523309,2607.0,32306.0,142.5,97.5
523309,2638.0,32306.0,142.5,97.5
523309,2579.0,32306.0,142.5,97.5
523322,1927.0,32305.0,142.5,97.5
523323,2018.0,32305.0,142.5,97.5
523323,2067.0,32305.0,142.5,97.5
523340,1981.0,32304.0,142.5,97.5
523340,1933.0,32304.0,142.5,97.5
523341,1930.0,32304.0,142.5,97.5
523354,2564.0,32304.0,142.5,97.5
523355,2533.0,32304.0,142.5,97.5
523355,2507.0,32304.0,142.5,97.5
523367,2447.0,32303.0,142.5,97.5
523368,2469.0,32303.0,142.5,97.5
523368,2477.0,32303.0,142.5,97.5
523385,2005.0,32303.0,142.5,97.5
523385,2078.0,32303.0,142.5,97.5
523385,2071.0,32303.0,142.5,97.5
523398,1710.0,32302.0,142.5,97.5
523398,1674.0,32302.0,142.5,97.5
523399,1673.0,32302.0,142.5,97.5
523411,2284.0,32301.0,142.5,97.5
523411,2244.0,32301.0,142.5,97.5
523412,2267.0,32301.0,142.5,97.5
523429,2184.0,32299.0,142.5,97.5
523429,2274.0,32299.0,142.5,97.5
523429,2242.0,32299.0,142.5,97.5
523443,1583.0,32297.0,142.5,97.5
523443,1652.0,32297.0,142.5,97.5
523443,1690.0,32297.0,142.5,97.5
523460,1545.0,32296.0,142.5,97.5
523460,1504.0,32296.0,142.5,97.5
523460,1508.0,32296.0,142.5,97.5
523474,2137.0,32293.0,142.5,97.5
523474,2108.0,32293.0,142.5,97.5
523474,2108.0,32293.0,142.5,97.5
523487,2117.0,32292.0,142.5,97.5
523487,2143.0,32292.0,142.5,97.5
523487,2137.0,32292.0,142.5,97.5
523504,1824.0,32289.0,142.5,97.5
523505,1901.0,32289.0,142.5,97.5
523505,1915.0,32289.0,142.5,97.5
523517,1721.0,32288.0,142.5,97.5
523518,1662.0,32288.0,142.5,97.5
523518,1662.0,32288.0,142.5,97.5
523531,2326.0,32286.0,142.5,97.5
523531,2296.0,32286.0,142.5,97.5
523531,2297.0,32286.0,142.5,97.5
523548,2247.0,32284.0,142.5,97.5
523549,2291.0,32284.0,142.5,97.5
523549,2285.0,32284.0,142.5,97.5
523562,1634.0,32281.0,142.5,97.5
523563,1682.0,32281.0,142.5,97.5
523563,1712.0,32281.0,142.5,97.5
523579,1584.0,32280.0,142.5,97.5
523580,1542.0,32280.0,142.5,97.5
523580,1541.0,32280.0,142.5,97.5
523594,2204.0,32278.0,142.5,97.5
523594,2153.0,32278.0,142.5,97.5
523594,2140.0,32278.0,142.5,97.5
523607,2188.0,32277.0,142.5,97.5
523608,2224.0,32277.0,142.5,97.5
523608,2247.0,32277.0,142.5,97.5
523625,1906.0,32274.0,142.5,97.5
523625,1987.0,32274.0,142.5,97.5
523625,2010.0,32274.0,142.5,97.5
523638,1711.0,32273.0,142.5,97.5
523638,1652.0,32273.0,142.5,97.5
523638,1639.0,32273.0,142.5,97.5
523651,2347.0,32272.0,142.5,97.5
523651,2338.0,32272.0,142.5,97.5
523652,2346.0,32272.0,142.5,97.5
523669,2340.0,32269.0,142.5,97.5
523669,2316.0,32269.0,142.5,97.5
523669,2314.0,32269.0,142.5,97.5
523683,1661.0,32267.0,142.5,97.5
523683,1733.0,32267.0,142.5,97.5
523683,1744.0,32267.0,142.5,97.5
523699,1611.0,32266.0,142.5,97.5
523700,1573.0,32266.0,142.5,97.5
523700,1586.0,32266.0,142.5,97.5
523713,2266.0,32264.0,142.5,97.5
523714,2207.0,32264.0,142.5,97.5
523714,2190.0,32264.0,142.5,97.5
523727,2184.0,32263.0,142.5,97.5
523727,2237.0,32263.0,142.5,97.5
523727,2241.0,32263.0,142.5,97.5
523744,1933.0,32260.0,142.5,97.5
523745,2006.0,32260.0,142.5,97.5
523745,2025.0,32260.0,142.5,97.5
523757,1868.0,32259.0,142.5,97.5
523758,1794.0,32259.0,142.5,97.5
523758,1782.0,32259.0,142.5,97.5
523771,2367.0,32258.0,142.5,97.5
523771,2358.0,32258.0,142.5,97.5
523771,2360.0,32258.0,142.5,97.5
523788,2271.0,32256.0,142.5,97.5
523788,2299.0,32256.0,142.5,97.5
523789,2294.0,32256.0,142.5,97.5
523802,1620.0,32254.0,142.5,97.5
523803,1694.0,32254.0,142.5,97.5
523803,1712.0,32254.0,142.5,97.5
523819,1632.0,32253.0,142.5,97.5
523819,1570.0,32253.0,142.5,97.5
523819,1589.0,32253.0,142.5,97.5
523833,2284.0,32251.0,142.5,97.5
523833,2239.0,32251.0,142.5,97.5
523834,2217.0,32251.0,142.5,97.5
523846,2388.0,32251.0,142.5,97.5
523847,2458.0,32251.0,142.5,97.5
523847,2477.0,32251.0,142.5,97.5
523864,2624.0,32249.0,142.5,97.5
523864,2672.0,32249.0,142.5,97.5
523864,2695.0,32249.0,142.5,97.5
523877,2005.0,32248.0,142.5,97.5
523877,1909.0,32248.0,142.5,97.5
523877,1857.0,32248.0,142.5,97.5
523890,2167.0,32247.0,142.5,97.5
523890,2177.0,32247.0,142.5,97.5
523891,2230.0,32247.0,142.5,97.5
523907,2326.0,32245.0,142.5,97.5
523908,2309.0,32245.0,142.5,97.5
523908,2309.0,32245.0,142.5,97.5
523921,1559.0,32244.0,142.5,97.5
523922,1638.0,32244.0,142.5,97.5
523922,1654.0,32244.0,142.5,97.5
523938,1694.0,32243.0,142.5,97.5
523939,1646.0,32243.0,142.5,97.5
523939,1651.0,32243.0,142.5,97.5
523952,2399.0,32242.0,142.5,97.5
523953,2335.0,32242.0,142.5,97.5
523953,2310.0,32242.0,142.5,97.5
523966,2131.0,32242.0,142.5,97.5
523966,2212.0,32242.0,142.5,97.5
523966,2232.0,32242.0,142.5,97.5
523983,1889.0,32240.0,142.5,97.5
523984,1958.0,32240.0,142.5,97.5
523984,1954.0,32240.0,142.5,97.5
523997,1979.0,32240.0,142.5,97.5
523997,1945.0,32240.0,142.5,97.5
523997,1914.0,32240.0,142.5,97.5
524011,2573.0,32239.0,142.5,97.5
524011,2558.0,32239.0,142.5,97.5
524011,2583.0,32239.0,142.5,97.5
524027,2540.0,32238.0,142.5,97.5
524028,2583.0,32238.0,142.5,97.5
524028,2561.0,32238.0,142.5,97.5
524042,1917.0,32237.0,142.5,97.5
524042,2005.0,32237.0,142.5,97.5
524042,2033.0,32237.0,142.5,97.5
524058,2049.0,32237.0,142.5,97.5
524059,1977.0,32237.0,142.5,97.5
524059,1970.0,32237.0,142.5,97.5
524073,2698.0,32236.0,142.5,97.5
524073,2659.0,32236.0,142.5,97.5
524073,2641.0,32236.0,142.5,97.5
524086,2321.0,32236.0,142.5,97.5
524086,2366.0,32236.0,142.5,97.5
524087,2386.0,32236.0,142.5,97.5
524103,1886.0,32234.0,142.5,97.5
524104,1935.0,32234.0,142.5,97.5
524104,1942.0,32234.0,142.5,97.5
524117,1839.0,32234.0,142.5,97.5
524117,1772.0,32234.0,142.5,97.5
524117,1756.0,32234.0,142.5,97.5
524131,2309.0,32232.0,142.5,97.5
524131,2289.0,32232.0,142.5,97.5
524131,2295.0,32232.0,142.5,97.5
524148,2211.0,32231.0,142.5,97.5
524148,2248.0,32231.0,142.5,97.5
524148,2238.0,32231.0,142.5,97.5
524162,1500.0,32228.0,142.5,97.5
524162,1562.0,32228.0,142.5,97.5
524162,1581.0,32228.0,142.5,97.5
524178,1574.0,32227.0,142.5,97.5
524179,1526.0,32227.0,142.5,97.5
524179,1556.0,32227.0,142.5,97.5
524193,2238.0,32224.0,142.5,97.5
524193,2202.0,32224.0,142.5,97.5
524193,2190.0,32224.0,142.5,97.5
524206,2037.0,32223.0,142.5,97.5
524206,2079.0,32223.0,142.5,97.5
524206,2089.0,32223.0,142.5,97.5
524223,1698.0,32220.0,142.5,97.5
524224,1785.0,32220.0,142.5,97.5
524224,1815.0,32220.0,142.5,97.5
524236,1820.0,32218.0,142.5,97.5
524237,1753.0,32218.0,142.5,97.5
524237,1734.0,32218.0,142.5,97.5
524250,2352.0,32215.0,142.5,97.5
524251,2327.0,32215.0,142.5,97.5
524251,2337.0,32215.0,142.5,97.5
524267,2207.0,32214.0,142.5,97.5
524268,2271.0,32214.0,142.5,97.5
524268,2275.0,32214.0,142.5,97.5
524282,1584.0,32211.0,142.5,97.5
524282,1616.0,32211.0,142.5,97.5
524282,1634.0,32211.0,142.5,97.5
524299,1591.0,32210.0,142.5,97.5
524299,1549.0,32210.0,142.5,97.5
524299,1585.0,32210.0,142.5,97.5
524313,2259.0,32207.0,142.5,97.5
524313,2183.0,32207.0,142.5,97.5
524314,2176.0,32207.0,142.5,97.5
524326,2111.0,32206.0,142.5,97.5
524327,2164.0,32206.0,142.5,97.5
524327,2174.0,32206.0,142.5,97.5
524344,1797.0,32203.0,142.5,97.5
524344,1856.0,32203.0,142.5,97.5
524344,1884.0,32203.0,142.5,97.5
524357,1781.0,32202.0,142.5,97.5
524357,1710.0,32202.0,142.5,97.5
524357,1694.0,32202.0,142.5,97.5
524371,2355.0,32200.0,142.5,97.5
524371,2339.0,32200.0,142.5,97.5
524372,2343.0,32200.0,142.5,97.5
524388,2301.0,32199.0,142.5,97.5
524388,2322.0,32199.0,142.5,97.5
524388,2319.0,32199.0,142.5,97.5
524402,1605.0,32197.0,142.5,97.5
524402,1664.0,32197.0,142.5,97.5
524402,1682.0,32197.0,142.5,97.5
524420,1545.0,32194.0,142.5,97.5
524420,1526.0,32194.0,142.5,97.5
524420,1540.0,32194.0,142.5,97.5
524433,2261.0,32193.0,198.7,97.5
524433,2209.0,32193.0,198.7,97.5
524434,2193.0,32193.0,198.7,97.5
524446,2200.0,32192.0,198.7,97.5
524447,2248.0,32192.0,198.7,97.5
524447,2260.0,32192.0,198.7,97.5
524464,1822.0,32190.0,198.7,97.5
524464,1903.0,32190.0,198.7,97.5
524464,1901.0,32190.0,198.7,97.5
524477,1825.0,32189.0,198.7,97.5
524477,1767.0,32189.0,198.7,97.5
524478,1750.0,32189.0,198.7,97.5
524491,2428.0,32187.0,198.7,97.5
524491,2401.0,32187.0,198.7,97.5
524492,2408.0,32187.0,198.7,97.5
524508,2306.0,32186.0,198.7,97.5
524508,2319.0,32186.0,198.7,97.5
524508,2305.0,32186.0,198.7,97.5
524522,1552.0,32184.0,198.7,97.5
524522,1620.0,32184.0,198.7,97.5
524522,1636.0,32184.0,198.7,97.5
524539,1541.0,32182.0,198.7,97.5
524540,1515.0,32182.0,198.7,97.5
524540,1523.0,32182.0,198.7,97.5
524553,2280.0,32181.0,198.7,97.5
524553,2233.0,32181.0,198.7,97.5
524553,2221.0,32181.0,198.7,97.5
524566,2089.0,32180.0,198.7,97.5
524566,2177.0,32180.0,198.7,97.5
524566,2164.0,32180.0,198.7,97.5
524584,2069.0,32179.0,198.7,97.5
524584,2212.0,32179.0,198.7,97.5
524584,2256.0,32179.0,198.7,97.5
524597,2602.0,32178.0,198.7,97.5
524597,2539.0,32178.0,198.7,97.5
524598,2530.0,32178.0,198.7,97.5
524611,2598.0,32176.0,198.7,97.5
524611,2552.0,32176.0,198.7,97.5
524612,2527.0,32176.0,198.7,97.5
524628,2137.0,32176.0,198.7,97.5
524628,2192.0,32176.0,198.7,97.5
524628,2184.0,32176.0,198.7,97.5
524642,1656.0,32174.0,198.7,97.5
524642,1693.0,32174.0,198.7,97.5
524642,1699.0,32174.0,198.7,97.5
524659,1561.0,32173.0,198.7,97.5
524660,1562.0,32173.0,198.7,97.5
524660,1555.0,32173.0,198.7,97.5
524673,2303.0,32173.0,198.7,97.5
524673,2251.0,32173.0,198.7,97.5
524673,2256.0,32173.0,198.7,97.5
524686,2141.0,32172.0,198.7,97.5
524686,2199.0,32172.0,198.7,97.5
524686,2192.0,32172.0,198.7,97.5
524703,1820.0,32171.0,198.7,97.5
524704,1909.0,32171.0,198.7,97.5
524704,1961.0,32171.0,198.7,97.5
524717,1910.0,32170.0,198.7,97.5
524717,1833.0,32170.0,198.7,97.5
524717,1797.0,32170.0,198.7,97.5
524731,2477.0,32170.0,198.7,97.5
524731,2478.0,32170.0,198.7,97.5
524731,2479.0,32170.0,198.7,97.5
524748,2494.0,32169.0,198.7,97.5
524749,2539.0,32169.0,198.7,97.5
524749,2539.0,32169.0,198.7,97.5
524762,1885.0,32169.0,198.7,97.5
524762,1948.0,32169.0,198.7,97.5
524762,1937.0,32169.0,198.7,97.5
524779,1870.0,32168.0,198.7,97.5
524780,1871.0,32168.0,198.7,97.5
524780,1905.0,32168.0,198.7,97.5
524793,2661.0,32168.0,198.7,97.5
524793,2601.0,32168.0,198.7,97.5
524793,2578.0,32168.0,198.7,97.5
524806,2477.0,32168.0,198.7,97.5
524806,2540.0,32168.0,198.7,97.5
524806,2536.0,32168.0,198.7,97.5
524823,2015.0,32167.0,198.7,97.5
524824,2089.0,32167.0,198.7,97.5
524824,2119.0,32167.0,198.7,97.5
524837,1919.0,32167.0,198.7,97.5
524837,1845.0,32167.0,198.7,97.5
524837,1816.0,32167.0,198.7,97.5
524851,2349.0,32165.0,198.7,97.5
524851,2340.0,32165.0,198.7,97.5
524851,2352.0,32165.0,198.7,97.5
524869,2283.0,32164.0,198.7,97.5
524869,2287.0,32164.0,198.7,97.5
524869,2266.0,32164.0,198.7,97.5
524882,1529.0,32163.0,198.7,97.5
524882,1618.0,32163.0,198.7,97.5
524883,1630.0,32163.0,198.7,97.5
524900,1446.0,32161.0,198.7,97.5
524900,1431.0,32161.0,198.7,97.5
524901,1442.0,32161.0,198.7,97.5
524913,2158.0,32160.0,198.7,97.5
524914,2115.0,32160.0,198.7,97.5
524914,2084.0,32160.0,198.7,97.5
524926,2093.0,32159.0,198.7,97.5
524927,2143.0,32159.0,198.7,97.5
524927,2158.0,32159.0,198.7,97.5
524944,1792.0,32156.0,198.7,97.5
524944,1855.0,32156.0,198.7,97.5
524944,1891.0,32156.0,198.7,97.5
524958,1612.0,32154.0,198.7,97.5
524958,1580.0,32154.0,198.7,97.5
524959,1562.0,32154.0,198.7,97.5
524974,2043.0,32153.0,198.7,97.5
524975,1968.0,32153.0,198.7,97.5
524975,1976.0,32153.0,198.7,97.5
524989,2323.0,32150.0,198.7,97.5
524989,2316.0,32150.0,198.7,97.5
524989,2298.0,32150.0,198.7,97.5
525002,1622.0,32149.0,198.7,97.5
525002,1704.0,32149.0,198.7,97.5
525003,1700.0,32149.0,198.7,97.5
525021,1515.0,32147.0,198.7,97.5
525021,1531.0,32147.0,198.7,97.5
525021,1561.0,32147.0,198.7,97.5
525034,2149.0,32146.0,198.7,97.5
525034,2085.0,32146.0,198.7,97.5
525034,2060.0,32146.0,198.7,97.5
525048,2272.0,32144.0,198.7,97.5
525049,2283.0,32144.0,198.7,97.5
525049,2318.0,32144.0,198.7,97.5
525065,1979.0,32143.0,198.7,97.5
525066,2030.0,32143.0,198.7,97.5
525066,2047.0,32143.0,198.7,97.5
525079,1573.0,32141.0,198.7,97.5
525080,1555.0,32141.0,198.7,97.5
525080,1545.0,32141.0,198.7,97.5
525096,1891.0,32140.0,198.7,97.5
525096,1821.0,32140.0,198.7,97.5
525096,1825.0,32140.0,198.7,97.5
525110,2347.0,32138.0,198.7,97.5
525110,2337.0,32138.0,198.7,97.5
525111,2313.0,32138.0,198.7,97.5
525123,1770.0,32137.0,198.7,97.5
525124,1858.0,32137.0,198.7,97.5
525124,1892.0,32137.0,198.7,97.5
525142,1581.0,32136.0,198.7,97.5
525142,1624.0,32136.0,198.7,97.5
525142,1659.0,32136.0,198.7,97.5
525155,2047.0,32135.0,198.7,97.5
525155,1964.0,32135.0,198.7,97.5
525156,1966.0,32135.0,198.7,97.5
525169,2324.0,32133.0,198.7,97.5
525170,2350.0,32133.0,198.7,97.5
525170,2363.0,32133.0,198.7,97.5
525187,2255.0,32132.0,198.7,97.5
525187,2312.0,32132.0,198.7,97.5
525187,2297.0,32132.0,198.7,97.5
525200,1660.0,32131.0,198.7,97.5
525201,1683.0,32131.0,198.7,97.5
525201,1663.0,32131.0,198.7,97.5
525218,1624.0,32130.0,198.7,97.5
525218,1565.0,32130.0,198.7,97.5
525218,1581.0,32130.0,198.7,97.5
525231,2357.0,32129.0,198.7,97.5
525231,2322.0,32129.0,198.7,97.5
525232,2312.0,32129.0,198.7,97.5
525244,1876.0,32128.0,198.7,97.5
525245,1955.0,32128.0,198.7,97.5
525245,1938.0,32128.0,198.7,97.5
525263,1683.0,32127.0,198.7,97.5
525263,1755.0,32127.0,198.7,97.5
525263,1792.0,32127.0,198.7,97.5
525277,1802.0,32126.0,198.7,97.5
525277,1737.0,32126.0,198.7,97.5
525278,1692.0,32126.0,198.7,97.5
525290,2624.0,32125.0,198.7,97.5
525290,2662.0,32125.0,198.7,97.5
525291,2717.0,32125.0,198.7,97.5
525308,3124.0,32124.0,198.7,97.5
525308,3122.0,32124.0,198.7,97.5
525308,3093.0,32124.0,198.7,97.5
525321,1482.0,32124.0,198.7,97.5
525321,1521.0,32124.0,198.7,97.5
525322,1468.0,32124.0,198.7,97.5
525334,2039.0,32123.0,198.7,97.5
525334,1994.0,32123.0,198.7,97.5
525335,2082.0,32123.0,198.7,97.5
525352,2420.0,32122.0,198.7,97.5
525352,2339.0,32122.0,198.7,97.5
525352,2225.0,32122.0,198.7,97.5
525366,2050.0,32122.0,198.7,97.5
