timestamp_ms,ecg_filtered,ppg_dc_ir,ecg_bpm,spo2_pct
664309,2040.0,437.0,159.2,0.0
664313,2054.0,437.0,159.2,0.0
664326,2018.0,437.0,159.2,0.0
664328,2036.0,437.0,159.2,0.0
664329,2049.0,437.0,159.2,0.0
664330,2029.0,437.0,159.2,0.0
664343,2025.0,437.0,159.2,0.0
664343,2023.0,437.0,159.2,0.0
664343,2055.0,437.0,159.2,0.0
664346,2038.0,437.0,159.2,0.0
664361,2050.0,437.0,159.2,0.0
664361,2027.0,437.0,159.2,0.0
664361,2043.0,437.0,159.2,0.0
664362,2055.0,437.0,159.2,0.0
664374,2068.0,436.0,159.2,0.0
664375,2047.0,436.0,159.2,0.0
664375,2057.0,436.0,159.2,0.0
664388,2023.0,437.0,159.2,0.0
664389,2050.0,437.0,159.2,0.0
664389,2041.0,437.0,159.2,0.0
664390,2042.0,437.0,159.2,0.0
664406,2017.0,437.0,159.2,0.0
664407,2025.0,437.0,159.2,0.0
664407,2037.0,437.0,159.2,0.0
664407,2034.0,437.0,159.2,0.0
664420,2046.0,437.0,159.2,0.0
664420,2029.0,437.0,159.2,0.0
664420,2010.0,437.0,159.2,0.0
664437,2065.0,437.0,159.2,0.0
664438,2060.0,437.0,159.2,0.0
664438,2050.0,437.0,159.2,0.0
664438,2048.0,437.0,159.2,0.0
664451,2068.0,437.0,159.2,0.0
664451,2048.0,437.0,159.2,0.0
664451,2058.0,437.0,159.2,0.0
664464,2030.0,436.0,159.2,0.0
664464,2027.0,436.0,159.2,0.0
664465,2028.0,436.0,159.2,0.0
664465,2035.0,436.0,159.2,0.0
664483,2033.0,436.0,159.2,0.0
664483,2023.0,436.0,159.2,0.0
664483,2019.0,436.0,159.2,0.0
664483,2028.0,436.0,159.2,0.0
664497,2066.0,436.0,159.2,0.0
664497,2060.0,436.0,159.2,0.0
664498,2061.0,436.0,159.2,0.0
664510,2035.0,436.0,159.2,0.0
664510,2044.0,436.0,159.2,0.0
664511,2040.0,436.0,159.2,0.0
664511,2045.0,436.0,159.2,0.0
664528,1991.0,436.0,159.2,0.0
664528,2030.0,436.0,159.2,0.0
664528,2030.0,436.0,159.2,0.0
664528,2030.0,436.0,159.2,0.0
664541,2046.0,436.0,159.2,0.0
664541,2042.0,436.0,159.2,0.0
664542,2038.0,436.0,159.2,0.0
664554,2064.0,436.0,159.2,0.0
664555,2071.0,436.0,159.2,0.0
664555,2072.0,436.0,159.2,0.0
664555,2066.0,436.0,159.2,0.0
664572,2063.0,435.0,159.2,0.0
664573,2069.0,435.0,159.2,0.0
664573,2062.0,435.0,159.2,0.0
664573,2061.0,435.0,159.2,0.0
664587,2020.0,435.0,159.2,0.0
664587,2022.0,435.0,159.2,0.0
664587,2027.0,435.0,159.2,0.0
664603,2053.0,435.0,159.2,0.0
664604,2024.0,435.0,159.2,0.0
664604,2029.0,435.0,159.2,0.0
664604,2035.0,435.0,159.2,0.0
664618,2060.0,435.0,159.2,0.0
664618,2058.0,435.0,159.2,0.0
664618,2052.0,435.0,159.2,0.0
664631,2042.0,435.0,159.2,0.0
664631,2060.0,435.0,159.2,0.0
664632,2041.0,435.0,159.2,0.0
664632,2067.0,435.0,159.2,0.0
664649,2033.0,435.0,159.2,0.0
664649,2034.0,435.0,159.2,0.0
664649,2030.0,435.0,159.2,0.0
664649,2034.0,435.0,159.2,0.0
664662,2045.0,435.0,159.2,0.0
664663,2036.0,435.0,159.2,0.0
664663,2041.0,435.0,159.2,0.0
664680,2054.0,435.0,159.2,0.0
664680,2050.0,435.0,159.2,0.0
664680,2052.0,435.0,159.2,0.0
664680,2047.0,435.0,159.2,0.0
664693,2061.0,435.0,159.2,0.0
664694,2058.0,435.0,159.2,0.0
664694,2056.0,435.0,159.2,0.0
664707,2028.0,435.0,159.2,0.0
664708,2016.0,435.0,159.2,0.0
664708,2027.0,435.0,159.2,0.0
664708,2011.0,435.0,159.2,0.0
664726,2024.0,434.0,159.2,0.0
664727,2029.0,434.0,159.2,0.0
664727,2030.0,434.0,159.2,0.0
664727,2028.0,434.0,159.2,0.0
664739,2051.0,434.0,159.2,0.0
664740,2053.0,434.0,159.2,0.0
664740,2053.0,434.0,159.2,0.0
664753,2058.0,434.0,159.2,0.0
664753,2063.0,434.0,159.2,0.0
664753,2065.0,434.0,159.2,0.0
664770,2039.0,434.0,159.2,0.0
664770,2054.0,434.0,159.2,0.0
664771,2058.0,434.0,159.2,0.0
664771,2056.0,434.0,159.2,0.0
664783,2035.0,434.0,159.2,0.0
664784,2029.0,434.0,159.2,0.0
664784,2033.0,434.0,159.2,0.0
664797,2061.0,433.0,159.2,0.0
664798,2056.0,433.0,159.2,0.0
664798,2059.0,433.0,159.2,0.0
664798,2062.0,433.0,159.2,0.0
664815,2068.0,432.0,159.2,0.0
664815,2056.0,432.0,159.2,0.0
664815,2072.0,432.0,159.2,0.0
664816,2068.0,432.0,159.2,0.0
664828,2027.0,432.0,159.2,0.0
664829,2029.0,432.0,159.2,0.0
664829,2031.0,432.0,159.2,0.0
664846,2023.0,431.0,159.2,0.0
664846,2030.0,431.0,159.2,0.0
664846,1999.0,431.0,159.2,0.0
664847,2016.0,431.0,159.2,0.0
664859,2059.0,431.0,159.2,0.0
664860,2039.0,431.0,159.2,0.0
664860,2057.0,431.0,159.2,0.0
664872,2056.0,431.0,159.2,0.0
664873,2057.0,431.0,159.2,0.0
664873,2056.0,431.0,159.2,0.0
664873,2059.0,431.0,159.2,0.0
664890,2040.0,430.0,159.2,0.0
664890,2041.0,430.0,159.2,0.0
664891,2046.0,430.0,159.2,0.0
664891,2053.0,430.0,159.2,0.0
664904,2026.0,429.0,159.2,0.0
664905,2030.0,429.0,159.2,0.0
664905,2037.0,429.0,159.2,0.0
664921,2057.0,429.0,159.2,0.0
664921,2058.0,429.0,159.2,0.0
664921,2049.0,429.0,159.2,0.0
664922,2051.0,429.0,159.2,0.0
664935,2073.0,429.0,159.2,0.0
664936,2055.0,429.0,159.2,0.0
664936,2064.0,429.0,159.2,0.0
664948,2025.0,428.0,159.2,0.0
664949,2030.0,428.0,159.2,0.0
664949,2030.0,428.0,159.2,0.0
664949,2035.0,428.0,159.2,0.0
664967,2022.0,428.0,159.2,0.0
664967,2021.0,428.0,159.2,0.0
664968,2036.0,428.0,159.2,0.0
664968,2030.0,428.0,159.2,0.0
664981,2058.0,428.0,159.2,0.0
664981,2053.0,428.0,159.2,0.0
664981,2084.0,428.0,159.2,0.0
664995,2070.0,428.0,159.2,0.0
664995,2069.0,428.0,159.2,0.0
664995,2069.0,428.0,159.2,0.0
664996,2065.0,428.0,159.2,0.0
665011,2033.0,427.0,159.2,0.0
665012,2043.0,427.0,159.2,0.0
665012,2056.0,427.0,159.2,0.0
665012,2055.0,427.0,159.2,0.0
665026,2036.0,426.0,159.2,0.0
665026,2026.0,426.0,159.2,0.0
665026,2032.0,426.0,159.2,0.0
665042,2051.0,426.0,159.2,0.0
665043,2043.0,426.0,159.2,0.0
665043,2053.0,426.0,159.2,0.0
665043,2043.0,426.0,159.2,0.0
665056,2065.0,426.0,159.2,0.0
665057,2061.0,426.0,159.2,0.0
665057,2063.0,426.0,159.2,0.0
665070,2040.0,426.0,159.2,0.0
665070,2016.0,426.0,159.2,0.0
665070,2047.0,426.0,159.2,0.0
665071,2053.0,426.0,159.2,0.0
665089,2023.0,426.0,159.2,0.0
665089,2030.0,426.0,159.2,0.0
665089,2031.0,426.0,159.2,0.0
665089,2043.0,426.0,159.2,0.0
665102,2036.0,426.0,159.2,0.0
665102,2037.0,426.0,159.2,0.0
665103,2030.0,426.0,159.2,0.0
665116,2075.0,425.0,159.2,0.0
665117,2067.0,425.0,159.2,0.0
665117,2064.0,425.0,159.2,0.0
665117,2090.0,425.0,159.2,0.0
665134,2063.0,425.0,159.2,0.0
665134,2069.0,425.0,159.2,0.0
665134,2067.0,425.0,159.2,0.0
665134,2070.0,425.0,159.2,0.0
665147,2028.0,425.0,159.2,0.0
665147,2025.0,425.0,159.2,0.0
665148,2033.0,425.0,159.2,0.0
665160,2054.0,425.0,159.2,0.0
665161,2050.0,425.0,159.2,0.0
665161,2052.0,425.0,159.2,0.0
665161,2044.0,425.0,159.2,0.0
665178,2071.0,426.0,159.2,0.0
665178,2060.0,426.0,159.2,0.0
665179,2063.0,426.0,159.2,0.0
665179,2064.0,426.0,159.2,0.0
665191,2049.0,426.0,159.2,0.0
665192,2055.0,426.0,159.2,0.0
665192,2051.0,426.0,159.2,0.0
665209,2029.0,426.0,159.2,0.0
665209,2033.0,426.0,159.2,0.0
665209,2033.0,426.0,159.2,0.0
665210,2042.0,426.0,159.2,0.0
665223,2040.0,426.0,159.2,0.0
665224,2040.0,426.0,159.2,0.0
665224,2042.0,426.0,159.2,0.0
665236,2073.0,426.0,159.2,0.0
665237,2064.0,426.0,159.2,0.0
665237,2046.0,426.0,159.2,0.0
665237,2060.0,426.0,159.2,0.0
665254,2069.0,426.0,159.2,0.0
665254,2070.0,426.0,159.2,0.0
665254,2073.0,426.0,159.2,0.0
665255,2073.0,426.0,159.2,0.0
665267,2027.0,426.0,159.2,0.0
665268,2031.0,426.0,159.2,0.0
665268,2029.0,426.0,159.2,0.0
665285,2042.0,427.0,159.2,0.0
665285,2038.0,427.0,159.2,0.0
665285,2023.0,427.0,159.2,0.0
665286,2037.0,427.0,159.2,0.0
665298,2063.0,427.0,159.2,0.0
665299,2032.0,427.0,159.2,0.0
665299,2067.0,427.0,159.2,0.0
665311,2046.0,427.0,159.2,0.0
665312,2057.0,427.0,159.2,0.0
665312,2063.0,427.0,159.2,0.0
665312,2055.0,427.0,159.2,0.0
665330,2027.0,426.0,159.2,0.0
665330,2045.0,426.0,159.2,0.0
665330,2044.0,426.0,159.2,0.0
665331,2044.0,426.0,159.2,0.0
665344,2037.0,427.0,159.2,0.0
665345,2039.0,427.0,159.2,0.0
665345,2033.0,427.0,159.2,0.0
665357,2067.0,427.0,159.2,0.0
665358,2061.0,427.0,159.2,0.0
665358,2067.0,427.0,159.2,0.0
665358,2064.0,427.0,159.2,0.0
665375,2073.0,427.0,159.2,0.0
665375,2070.0,427.0,159.2,0.0
665375,2071.0,427.0,159.2,0.0
665376,2070.0,427.0,159.2,0.0
665388,2028.0,427.0,159.2,0.0
665389,2030.0,427.0,159.2,0.0
665389,2028.0,427.0,159.2,0.0
665406,2033.0,427.0,159.2,0.0
665406,2034.0,427.0,159.2,0.0
665406,2039.0,427.0,159.2,0.0
665406,2027.0,427.0,159.2,0.0
665419,2057.0,428.0,159.2,0.0
665419,2043.0,428.0,159.2,0.0
665420,2064.0,428.0,159.2,0.0
665433,2067.0,428.0,159.2,0.0
665434,2061.0,428.0,159.2,0.0
665434,2069.0,428.0,159.2,0.0
665434,2063.0,428.0,159.2,0.0
665451,2038.0,428.0,159.2,0.0
665451,2054.0,428.0,159.2,0.0
665451,2048.0,428.0,159.2,0.0
665452,2049.0,428.0,159.2,0.0
665465,2036.0,428.0,159.2,0.0
665466,2027.0,428.0,159.2,0.0
665466,2038.0,428.0,159.2,0.0
665478,2070.0,428.0,159.2,0.0
665479,2058.0,428.0,159.2,0.0
665479,2049.0,428.0,159.2,0.0
665479,2068.0,428.0,159.2,0.0
665497,2070.0,428.0,159.2,0.0
665497,2066.0,428.0,159.2,0.0
665497,2074.0,428.0,159.2,0.0
665498,2061.0,428.0,159.2,0.0
665510,2040.0,428.0,159.2,0.0
665511,2041.0,428.0,159.2,0.0
665511,2038.0,428.0,159.2,0.0
665527,2035.0,428.0,159.2,0.0
665528,2038.0,428.0,159.2,0.0
665528,2033.0,428.0,159.2,0.0
665528,2046.0,428.0,159.2,0.0
665541,2053.0,428.0,159.2,0.0
665541,2051.0,428.0,159.2,0.0
665541,2051.0,428.0,159.2,0.0
665555,2063.0,428.0,159.2,0.0
665555,2052.0,428.0,159.2,0.0
665556,2056.0,428.0,159.2,0.0
665556,2060.0,428.0,159.2,0.0
665573,2057.0,428.0,159.2,0.0
665574,2062.0,428.0,159.2,0.0
665574,2069.0,428.0,159.2,0.0
665574,2070.0,428.0,159.2,0.0
665587,2027.0,428.0,159.2,0.0
665587,2024.0,428.0,159.2,0.0
665587,2031.0,428.0,159.2,0.0
665600,2056.0,428.0,159.2,0.0
665600,2146.0,428.0,158.3,0.0
665601,2052.0,428.0,158.3,0.0
665601,2058.0,428.0,158.3,0.0
665618,2082.0,428.0,158.3,0.0
665618,2060.0,428.0,158.3,0.0
665618,2061.0,428.0,158.3,0.0
665618,2055.0,428.0,158.3,0.0
665632,2054.0,429.0,158.3,0.0
665632,2057.0,429.0,158.3,0.0
665632,2044.0,429.0,158.3,0.0
665648,2022.0,429.0,158.3,0.0
665649,2027.0,429.0,158.3,0.0
665649,2037.0,429.0,158.3,0.0
665649,2038.0,429.0,158.3,0.0
665663,2044.0,429.0,158.3,0.0
665663,2046.0,429.0,158.3,0.0
665663,2051.0,429.0,158.3,0.0
665676,2071.0,429.0,158.3,0.0
665676,2070.0,429.0,158.3,0.0
665676,2060.0,429.0,158.3,0.0
665677,2059.0,429.0,158.3,0.0
665694,2067.0,429.0,158.3,0.0
665695,2068.0,429.0,158.3,0.0
665695,2093.0,429.0,158.3,0.0
665695,2064.0,429.0,158.3,0.0
665708,2027.0,429.0,158.3,0.0
665708,2022.0,429.0,158.3,0.0
665708,2035.0,429.0,158.3,0.0
665722,2051.0,429.0,158.3,0.0
665722,2043.0,429.0,158.3,0.0
665722,2045.0,429.0,158.3,0.0
665723,2054.0,429.0,158.3,0.0
665738,2074.0,429.0,158.3,0.0
665739,2060.0,429.0,158.3,0.0
665739,2057.0,429.0,158.3,0.0
665739,2063.0,429.0,158.3,0.0
665753,2063.0,430.0,158.3,0.0
665753,2056.0,430.0,158.3,0.0
665753,2053.0,430.0,158.3,0.0
665769,2027.0,430.0,158.3,0.0
665770,2034.0,430.0,158.3,0.0
665770,2041.0,430.0,158.3,0.0
665770,2036.0,430.0,158.3,0.0
665783,2038.0,430.0,158.3,0.0
665784,2039.0,430.0,158.3,0.0
665784,2040.0,430.0,158.3,0.0
665797,2069.0,430.0,158.3,0.0
665797,2085.0,430.0,158.3,0.0
665797,2076.0,430.0,158.3,0.0
665797,2074.0,430.0,158.3,0.0
665815,2070.0,431.0,158.3,0.0
665816,2069.0,431.0,158.3,0.0
665816,2065.0,431.0,158.3,0.0
665816,2068.0,431.0,158.3,0.0
665828,2025.0,431.0,158.3,0.0
665829,2033.0,431.0,158.3,0.0
665829,2032.0,431.0,158.3,0.0
665843,2039.0,431.0,158.3,0.0
665843,2041.0,431.0,158.3,0.0
665843,2043.0,431.0,158.3,0.0
665843,2043.0,431.0,158.3,0.0
665859,2061.0,431.0,158.3,0.0
665860,2067.0,431.0,158.3,0.0
665860,2032.0,431.0,158.3,0.0
665860,2054.0,431.0,158.3,0.0
665874,2053.0,431.0,158.3,0.0
665874,2061.0,431.0,158.3,0.0
665874,2057.0,431.0,158.3,0.0
665892,2023.0,431.0,158.3,0.0
665892,2015.0,431.0,158.3,0.0
665892,2017.0,431.0,158.3,0.0
665892,2020.0,431.0,158.3,0.0
665905,2029.0,431.0,158.3,0.0
665906,2027.0,431.0,158.3,0.0
665906,2030.0,431.0,158.3,0.0
665918,2063.0,431.0,158.3,0.0
665919,2058.0,431.0,158.3,0.0
665919,2058.0,431.0,158.3,0.0
665919,2058.0,431.0,158.3,0.0
665937,2070.0,431.0,158.3,0.0
665937,2062.0,431.0,158.3,0.0
665938,2083.0,431.0,158.3,0.0
665938,2063.0,431.0,158.3,0.0
665951,2037.0,432.0,158.3,0.0
665952,2051.0,432.0,158.3,0.0
665952,2043.0,432.0,158.3,0.0
665965,2030.0,432.0,158.3,0.0
665965,2026.0,432.0,158.3,0.0
665965,2035.0,432.0,158.3,0.0
665965,2000.0,432.0,158.3,0.0
665982,2047.0,432.0,158.3,0.0
665983,2041.0,432.0,158.3,0.0
665983,2041.0,432.0,158.3,0.0
665983,2047.0,432.0,158.3,0.0
665996,2073.0,432.0,158.3,0.0
665996,2076.0,432.0,158.3,0.0
665996,2085.0,432.0,144.6,0.0
666009,2023.0,433.0,144.6,0.0
666009,2028.0,433.0,144.6,0.0
666010,2032.0,433.0,144.6,0.0
666010,2025.0,433.0,144.6,0.0
666027,2027.0,433.0,144.6,0.0
666027,2026.0,433.0,144.6,0.0
666027,2043.0,433.0,144.6,0.0
666027,2040.0,433.0,144.6,0.0
666041,2065.0,433.0,144.6,0.0
666042,2062.0,433.0,144.6,0.0
666042,2050.0,433.0,144.6,0.0
666058,2054.0,433.0,144.6,0.0
666059,2058.0,433.0,144.6,0.0
666059,2052.0,433.0,144.6,0.0
666059,2046.0,433.0,144.6,0.0
666073,2060.0,434.0,144.6,0.0
666073,2060.0,434.0,144.6,0.0
666073,2060.0,434.0,144.6,0.0
666086,2032.0,434.0,144.6,0.0
666086,2022.0,434.0,144.6,0.0
666086,2026.0,434.0,144.6,0.0
666087,2029.0,434.0,144.6,0.0
666103,2048.0,435.0,144.6,0.0
666104,2040.0,435.0,144.6,0.0
666104,2038.0,435.0,144.6,0.0
666104,2037.0,435.0,144.6,0.0
666117,2068.0,435.0,144.6,0.0
666117,2076.0,435.0,144.6,0.0
666117,2059.0,435.0,144.6,0.0
666131,2032.0,435.0,144.6,0.0
666131,2037.0,435.0,144.6,0.0
666131,2040.0,435.0,144.6,0.0
666131,2034.0,435.0,144.6,0.0
666147,2021.0,436.0,144.6,0.0
666148,2023.0,436.0,144.6,0.0
666148,2028.0,436.0,144.6,0.0
666148,2015.0,436.0,144.6,0.0
666162,2059.0,436.0,144.6,0.0
666162,2050.0,436.0,144.6,0.0
666162,2045.0,436.0,144.6,0.0
666179,2062.0,436.0,144.6,0.0
666179,2063.0,436.0,144.6,0.0
666179,2054.0,436.0,144.6,0.0
666179,2056.0,436.0,144.6,0.0
666193,2058.0,436.0,144.6,0.0
666194,2051.0,436.0,144.6,0.0
666194,2063.0,436.0,144.6,0.0
666207,2028.0,436.0,144.6,0.0
666207,2008.0,436.0,144.6,0.0
666207,2022.0,436.0,144.6,0.0
666207,2014.0,436.0,144.6,0.0
666224,2057.0,438.0,144.6,0.0
666224,2039.0,438.0,144.6,0.0
666225,2046.0,438.0,144.6,0.0
666225,2043.0,438.0,144.6,0.0
666237,2062.0,438.0,144.6,0.0
666238,2061.0,438.0,144.6,0.0
666238,2065.0,438.0,144.6,0.0
666251,2044.0,438.0,144.6,0.0
666252,2036.0,438.0,144.6,0.0
666252,2046.0,438.0,144.6,0.0
666252,2050.0,438.0,144.6,0.0
666268,2035.0,438.0,144.6,0.0
666269,2016.0,438.0,144.6,0.0
666269,2030.0,438.0,144.6,0.0
666269,2057.0,438.0,144.6,0.0
666282,2042.0,438.0,144.6,0.0
666283,2054.0,438.0,144.6,0.0
666283,2057.0,438.0,144.6,0.0
666300,2056.0,438.0,144.6,0.0
666301,2057.0,438.0,144.6,0.0
666301,2055.0,438.0,144.6,0.0
666301,2057.0,438.0,144.6,0.0
666314,2059.0,438.0,144.6,0.0
666314,2059.0,438.0,144.6,0.0
666314,2057.0,438.0,144.6,0.0
666327,2004.0,438.0,144.6,0.0
666327,2028.0,438.0,144.6,0.0
666327,2035.0,438.0,144.6,0.0
666328,2022.0,438.0,144.6,0.0
666345,2034.0,437.0,144.6,0.0
666345,2024.0,437.0,144.6,0.0
666345,2026.0,437.0,144.6,0.0
666346,2035.0,437.0,144.6,0.0
666359,2062.0,437.0,144.6,0.0
666360,2058.0,437.0,144.6,0.0
666360,2058.0,437.0,144.6,0.0
666376,2072.0,437.0,144.6,0.0
666376,2077.0,437.0,164.5,0.0
666376,2059.0,437.0,164.5,0.0
666377,2065.0,437.0,164.5,0.0
666390,2033.0,437.0,164.5,0.0
666390,2033.0,437.0,164.5,0.0
666391,2040.0,437.0,164.5,0.0
666403,2042.0,437.0,164.5,0.0
666404,2040.0,437.0,164.5,0.0
666404,2040.0,437.0,164.5,0.0
666404,2045.0,437.0,164.5,0.0
666422,2056.0,437.0,164.5,0.0
666422,2050.0,437.0,164.5,0.0
666422,2075.0,437.0,164.5,0.0
666423,2050.0,437.0,164.5,0.0
666435,2058.0,436.0,164.5,0.0
666436,2060.0,436.0,164.5,0.0
666436,2072.0,436.0,164.5,0.0
666449,2028.0,436.0,164.5,0.0
666450,2031.0,436.0,164.5,0.0
666450,2032.0,436.0,164.5,0.0
666450,2034.0,436.0,164.5,0.0
666466,2043.0,436.0,164.5,0.0
666467,2034.0,436.0,164.5,0.0
666467,2042.0,436.0,164.5,0.0
666467,2030.0,436.0,164.5,0.0
666481,2052.0,436.0,164.5,0.0
666481,2048.0,436.0,164.5,0.0
666482,2054.0,436.0,164.5,0.0
666499,2074.0,436.0,164.5,0.0
666499,2073.0,436.0,164.5,0.0
666499,2069.0,436.0,164.5,0.0
666499,2067.0,436.0,164.5,0.0
666512,2043.0,436.0,164.5,0.0
666513,2049.0,436.0,164.5,0.0
666513,2048.0,436.0,164.5,0.0
666525,2035.0,436.0,164.5,0.0
666526,2037.0,436.0,164.5,0.0
666526,2035.0,436.0,164.5,0.0
666526,2048.0,436.0,164.5,0.0
666544,2041.0,436.0,164.5,0.0
666544,2051.0,436.0,164.5,0.0
666544,2052.0,436.0,164.5,0.0
666545,2051.0,436.0,164.5,0.0
666557,2069.0,436.0,164.5,0.0
666558,2063.0,436.0,164.5,0.0
666558,2060.0,436.0,164.5,0.0
666571,2037.0,435.0,164.5,0.0
666572,2045.0,435.0,164.5,0.0
666572,2047.0,435.0,164.5,0.0
666572,2053.0,435.0,164.5,0.0
666589,2024.0,435.0,164.5,0.0
666589,2031.0,435.0,164.5,0.0
666590,1912.0,435.0,164.5,0.0
666590,2032.0,435.0,164.5,0.0
666602,2046.0,435.0,164.5,0.0
666603,2036.0,435.0,164.5,0.0
666603,2045.0,435.0,164.5,0.0
666620,2067.0,435.0,164.5,0.0
666620,2067.0,435.0,164.5,0.0
666621,2059.0,435.0,164.5,0.0
666621,2063.0,435.0,164.5,0.0
666633,2053.0,435.0,164.5,0.0
666634,2056.0,435.0,164.5,0.0
666634,2052.0,435.0,164.5,0.0
666647,2036.0,435.0,164.5,0.0
666647,2037.0,435.0,164.5,0.0
666647,2067.0,435.0,164.5,0.0
666647,2042.0,435.0,164.5,0.0
666665,2051.0,435.0,164.5,0.0
666666,2039.0,435.0,164.5,0.0
666666,2032.0,435.0,164.5,0.0
666666,2035.0,435.0,164.5,0.0
666680,2059.0,435.0,164.5,0.0
666680,2056.0,435.0,164.5,0.0
666680,2056.0,435.0,164.5,0.0
666693,2054.0,435.0,164.5,0.0
666693,2053.0,435.0,164.5,0.0
666693,2058.0,435.0,164.5,0.0
666694,2058.0,435.0,164.5,0.0
666710,2034.0,435.0,164.5,0.0
666711,2034.0,435.0,164.5,0.0
666711,2062.0,435.0,164.5,0.0
666711,2041.0,435.0,164.5,0.0
666724,2052.0,435.0,164.5,0.0
666724,2032.0,435.0,164.5,0.0
666725,2040.0,435.0,164.5,0.0
666738,2062.0,435.0,164.5,0.0
666739,2058.0,435.0,164.5,0.0
666739,2062.0,435.0,164.5,0.0
666739,2063.0,435.0,164.5,0.0
666755,2074.0,435.0,164.5,0.0
666755,2062.0,435.0,164.5,0.0
666755,2061.0,435.0,164.5,0.0
666756,2067.0,435.0,164.5,0.0
666769,2025.0,436.0,164.5,0.0
666770,2025.0,436.0,164.5,0.0
666770,2028.0,436.0,164.5,0.0
666786,2033.0,436.0,164.5,0.0
666787,2028.0,436.0,164.5,0.0
666787,2029.0,436.0,164.5,0.0
666787,2034.0,436.0,164.5,0.0
666801,2061.0,436.0,164.5,0.0
666801,2058.0,436.0,164.5,0.0
666801,2057.0,436.0,164.5,0.0
666814,2056.0,436.0,164.5,0.0
666814,2054.0,436.0,164.5,0.0
666814,2057.0,436.0,164.5,0.0
666815,2043.0,436.0,164.5,0.0
666831,2026.0,435.0,164.5,0.0
666832,2041.0,435.0,164.5,0.0
666832,2040.0,435.0,164.5,0.0
666832,2040.0,435.0,164.5,0.0
666845,2042.0,435.0,164.5,0.0
666845,2039.0,435.0,164.5,0.0
666845,2026.0,435.0,164.5,0.0
666859,2060.0,436.0,164.5,0.0
666859,2093.0,436.0,164.5,0.0
666859,2063.0,436.0,164.5,0.0
666860,2068.0,436.0,164.5,0.0
666875,2064.0,436.0,164.5,0.0
666876,2045.0,436.0,164.5,0.0
666876,2064.0,436.0,164.5,0.0
666876,2063.0,436.0,164.5,0.0
666890,2032.0,436.0,164.5,0.0
666890,2033.0,436.0,164.5,0.0
666890,2025.0,436.0,164.5,0.0
666907,2023.0,435.0,164.5,0.0
666908,2030.0,435.0,164.5,0.0
666908,2037.0,435.0,164.5,0.0
666908,2039.0,435.0,164.5,0.0
666921,1964.0,435.0,164.5,0.0
666921,2033.0,435.0,164.5,0.0
666921,2053.0,435.0,133.0,0.0
666934,2058.0,435.0,133.0,0.0
666934,2065.0,435.0,133.0,0.0
666935,2059.0,435.0,133.0,0.0
666935,2063.0,435.0,133.0,0.0
666952,2044.0,436.0,133.0,0.0
666952,2053.0,436.0,133.0,0.0
666952,2051.0,436.0,133.0,0.0
666953,2062.0,436.0,133.0,0.0
666965,2024.0,436.0,133.0,0.0
666965,2026.0,436.0,133.0,0.0
666966,2032.0,436.0,133.0,0.0
666979,2065.0,436.0,133.0,0.0
666980,2057.0,436.0,133.0,0.0
666980,2066.0,436.0,133.0,0.0
666980,2064.0,436.0,133.0,0.0
666996,2065.0,436.0,133.0,0.0
666996,2066.0,436.0,133.0,0.0
666996,2074.0,436.0,133.0,0.0
666996,2061.0,436.0,133.0,0.0
667010,2022.0,435.0,133.0,0.0
667010,2044.0,435.0,133.0,0.0
667011,2030.0,435.0,133.0,0.0
667027,2035.0,435.0,133.0,0.0
667028,2026.0,435.0,133.0,0.0
667028,2026.0,435.0,133.0,0.0
667028,2031.0,435.0,133.0,0.0
667041,2055.0,435.0,133.0,0.0
667041,2050.0,435.0,133.0,0.0
667042,2045.0,435.0,133.0,0.0
667054,2055.0,435.0,133.0,0.0
667054,2060.0,435.0,133.0,0.0
667055,2059.0,435.0,133.0,0.0
667055,2062.0,435.0,133.0,0.0
667072,2038.0,434.0,133.0,0.0
667072,2044.0,434.0,133.0,0.0
667072,2056.0,434.0,133.0,0.0
667073,2057.0,434.0,133.0,0.0
667085,2029.0,434.0,133.0,0.0
667086,2011.0,434.0,133.0,0.0
667086,2034.0,434.0,133.0,0.0
667103,2056.0,434.0,133.0,0.0
667103,2041.0,434.0,133.0,0.0
667103,2060.0,434.0,133.0,0.0
667104,2062.0,434.0,133.0,0.0
667117,2056.0,433.0,133.0,0.0
667118,2058.0,433.0,133.0,0.0
667118,2057.0,433.0,133.0,0.0
667130,2039.0,433.0,133.0,0.0
667131,2038.0,433.0,133.0,0.0
667131,2039.0,433.0,133.0,0.0
667131,2034.0,433.0,133.0,0.0
667149,2028.0,433.0,133.0,0.0
667149,2028.0,433.0,133.0,0.0
667150,2036.0,433.0,133.0,0.0
667150,2036.0,433.0,133.0,0.0
667162,2067.0,433.0,133.0,0.0
667163,2048.0,433.0,133.0,0.0
667163,2049.0,433.0,133.0,0.0
667176,2045.0,432.0,133.0,0.0
667177,2065.0,432.0,133.0,0.0
667177,2070.0,432.0,133.0,0.0
667177,2068.0,432.0,133.0,0.0
667193,2045.0,432.0,133.0,0.0
667193,2062.0,432.0,133.0,0.0
667194,2055.0,432.0,133.0,0.0
667194,2055.0,432.0,133.0,0.0
667207,2027.0,431.0,133.0,0.0
667208,2038.0,431.0,133.0,0.0
667208,2033.0,431.0,133.0,0.0
667224,2042.0,431.0,133.0,0.0
667224,2041.0,431.0,133.0,0.0
667224,2043.0,431.0,133.0,0.0
667225,2026.0,431.0,133.0,0.0
667238,2091.0,430.0,133.0,0.0
667239,2082.0,430.0,133.0,0.0
667239,2070.0,430.0,133.0,0.0
667251,2024.0,430.0,133.0,0.0
667252,2046.0,430.0,133.0,0.0
667252,2046.0,430.0,133.0,0.0
667252,2033.0,430.0,133.0,0.0
667270,2023.0,429.0,133.0,0.0
667271,2035.0,429.0,133.0,0.0
667271,2039.0,429.0,133.0,0.0
667271,2037.0,429.0,133.0,0.0
667284,2035.0,429.0,133.0,0.0
667284,2034.0,429.0,133.0,0.0
667284,2044.0,429.0,133.0,0.0
667298,2072.0,428.0,133.0,0.0
667298,2062.0,428.0,133.0,0.0
667298,2061.0,428.0,133.0,0.0
667299,2059.0,428.0,133.0,0.0
667314,2056.0,428.0,133.0,0.0
667315,2063.0,428.0,133.0,0.0
667315,2057.0,428.0,133.0,0.0
667315,2057.0,428.0,133.0,0.0
667329,2022.0,428.0,133.0,0.0
667329,2029.0,428.0,133.0,0.0
667329,2036.0,428.0,133.0,0.0
667346,2040.0,427.0,133.0,0.0
667346,2035.0,427.0,133.0,0.0
667347,2042.0,427.0,133.0,0.0
667347,2040.0,427.0,133.0,0.0
667359,2055.0,427.0,133.0,0.0
667360,2056.0,427.0,133.0,0.0
667360,2056.0,427.0,133.0,0.0
667373,2041.0,427.0,133.0,0.0
667373,2048.0,427.0,133.0,0.0
667373,2031.0,427.0,133.0,0.0
667373,2050.0,427.0,133.0,0.0
667391,2041.0,428.0,133.0,0.0
667392,2042.0,428.0,133.0,0.0
667392,2048.0,428.0,133.0,0.0
667392,2049.0,428.0,133.0,0.0
667406,2044.0,427.0,133.0,0.0
667406,2041.0,427.0,133.0,0.0
667406,2037.0,427.0,133.0,0.0
667419,2055.0,427.0,133.0,0.0
667420,2065.0,427.0,133.0,0.0
667420,2066.0,427.0,133.0,0.0
667420,2058.0,427.0,133.0,0.0
667437,2068.0,427.0,133.0,0.0
667437,2073.0,427.0,133.0,0.0
667437,2071.0,427.0,133.0,0.0
667438,2060.0,427.0,133.0,0.0
667450,2003.0,427.0,133.0,0.0
667450,2029.0,427.0,133.0,0.0
667451,2030.0,427.0,133.0,0.0
667463,2045.0,427.0,133.0,0.0
667464,2048.0,427.0,133.0,0.0
667464,2044.0,427.0,133.0,0.0
667481,2061.0,427.0,133.0,0.0
667481,2074.0,427.0,133.0,0.0
667481,2068.0,427.0,133.0,0.0
667481,2060.0,427.0,133.0,0.0
667494,2049.0,427.0,133.0,0.0
667495,2044.0,427.0,133.0,0.0
667495,2057.0,427.0,133.0,0.0
667512,2037.0,426.0,133.0,0.0
667512,2051.0,426.0,133.0,0.0
667512,2052.0,426.0,133.0,0.0
667512,2045.0,426.0,133.0,0.0
667526,2039.0,426.0,133.0,0.0
667526,2039.0,426.0,133.0,0.0
667527,2033.0,426.0,133.0,0.0
667539,2074.0,426.0,133.0,0.0
667540,2073.0,426.0,133.0,0.0
667540,2080.0,426.0,133.0,0.0
667540,2071.0,426.0,133.0,0.0
667557,2062.0,426.0,133.0,0.0
667558,2065.0,426.0,133.0,0.0
667558,2066.0,426.0,133.0,0.0
667558,2059.0,426.0,133.0,0.0
667570,2028.0,426.0,133.0,0.0
667571,2038.0,426.0,133.0,0.0
667571,2039.0,426.0,133.0,0.0
667584,2037.0,426.0,133.0,0.0
667584,2058.0,426.0,133.0,0.0
667584,2043.0,426.0,133.0,0.0
667601,2071.0,425.0,133.0,0.0
667601,2056.0,425.0,133.0,0.0
667602,2057.0,425.0,133.0,0.0
667602,2063.0,425.0,133.0,0.0
667615,2043.0,425.0,133.0,0.0
667616,2060.0,425.0,133.0,0.0
667616,2056.0,425.0,133.0,0.0
667632,2045.0,425.0,133.0,0.0
667632,2040.0,425.0,133.0,0.0
667632,2038.0,425.0,133.0,0.0
667633,2042.0,425.0,133.0,0.0
667646,2034.0,426.0,133.0,0.0
667647,2035.0,426.0,133.0,0.0
667647,2036.0,426.0,133.0,0.0
667659,2061.0,426.0,133.0,0.0
667660,2059.0,426.0,133.0,0.0
667660,2064.0,426.0,133.0,0.0
667660,2061.0,426.0,133.0,0.0
667677,2056.0,426.0,133.0,0.0
667677,2055.0,426.0,133.0,0.0
667678,2068.0,426.0,133.0,0.0
667678,2067.0,426.0,133.0,0.0
667690,2030.0,426.0,133.0,0.0
667691,2032.0,426.0,133.0,0.0
667691,2030.0,426.0,133.0,0.0
667705,2039.0,427.0,133.0,0.0
667705,2050.0,427.0,133.0,0.0
667705,2038.0,427.0,133.0,0.0
667706,2040.0,427.0,133.0,0.0
667721,2070.0,427.0,133.0,0.0
667722,2056.0,427.0,133.0,0.0
667722,2055.0,427.0,133.0,0.0
667722,2061.0,427.0,133.0,0.0
667736,2058.0,427.0,133.0,0.0
667736,2053.0,427.0,133.0,0.0
667736,2052.0,427.0,133.0,0.0
667753,2018.0,427.0,133.0,0.0
667753,2047.0,427.0,133.0,0.0
667753,2065.0,427.0,133.0,0.0
667753,2056.0,427.0,133.0,0.0
667767,2031.0,427.0,133.0,0.0
667767,2032.0,427.0,133.0,0.0
667768,2037.0,427.0,133.0,0.0
667780,2073.0,427.0,133.0,0.0
667780,2057.0,427.0,133.0,0.0
667781,2058.0,427.0,133.0,0.0
667781,2054.0,427.0,133.0,0.0
667798,2073.0,427.0,133.0,0.0
667798,2070.0,427.0,133.0,0.0
667798,2067.0,427.0,133.0,0.0
667799,2068.0,427.0,133.0,0.0
667811,2039.0,427.0,133.0,0.0
667812,2014.0,427.0,133.0,0.0
667812,2037.0,427.0,133.0,0.0
667829,2026.0,428.0,133.0,0.0
667829,2025.0,428.0,133.0,0.0
667829,2035.0,428.0,133.0,0.0
667829,1973.0,428.0,133.0,0.0
667842,2054.0,428.0,133.0,0.0
667843,2052.0,428.0,133.0,0.0
667843,2056.0,428.0,133.0,0.0
667856,2069.0,428.0,133.0,0.0
667857,2072.0,428.0,133.0,0.0
667857,2067.0,428.0,133.0,0.0
667857,2064.0,428.0,133.0,0.0
667875,2057.0,428.0,133.0,0.0
667875,2068.0,428.0,133.0,0.0
667875,2067.0,428.0,133.0,0.0
667876,2062.0,428.0,133.0,0.0
667888,2027.0,428.0,133.0,0.0
667889,2030.0,428.0,133.0,0.0
667889,2031.0,428.0,133.0,0.0
667901,2058.0,428.0,133.0,0.0
667902,2053.0,428.0,133.0,0.0
667902,2051.0,428.0,133.0,0.0
667902,2061.0,428.0,133.0,0.0
667919,2073.0,428.0,133.0,0.0
667920,2072.0,428.0,133.0,0.0
667920,2073.0,428.0,133.0,0.0
667920,2066.0,428.0,133.0,0.0
667932,2039.0,428.0,133.0,0.0
667933,2042.0,428.0,133.0,0.0
667933,2047.0,428.0,133.0,0.0
667947,2031.0,427.0,133.0,0.0
667947,2040.0,427.0,133.0,0.0
667947,2043.0,427.0,133.0,0.0
667948,2040.0,427.0,133.0,0.0
667964,2047.0,427.0,133.0,0.0
667965,2042.0,427.0,133.0,0.0
667965,2040.0,427.0,133.0,0.0
667965,2043.0,427.0,133.0,0.0
667978,2067.0,427.0,133.0,0.0
667978,2068.0,427.0,133.0,0.0
667978,2066.0,427.0,133.0,0.0
667995,2058.0,428.0,133.0,0.0
667996,2058.0,428.0,133.0,0.0
667996,2059.0,428.0,133.0,0.0
667996,2066.0,428.0,133.0,0.0
668008,2027.0,428.0,133.0,0.0
668009,2032.0,428.0,133.0,0.0
668009,2028.0,428.0,133.0,0.0
668022,2055.0,428.0,133.0,0.0
668022,2055.0,428.0,133.0,0.0
668022,2045.0,428.0,133.0,0.0
668039,2074.0,428.0,133.0,0.0
668039,2072.0,428.0,133.0,0.0
668040,2068.0,428.0,133.0,0.0
668040,2044.0,428.0,133.0,0.0
668053,2041.0,428.0,133.0,0.0
668054,2044.0,428.0,133.0,0.0
668054,2052.0,428.0,133.0,0.0
668067,2037.0,428.0,133.0,0.0
668068,2035.0,428.0,133.0,0.0
668068,2031.0,428.0,133.0,0.0
668068,2036.0,428.0,133.0,0.0
668085,2026.0,428.0,133.0,0.0
668085,2027.0,428.0,133.0,0.0
668085,2046.0,428.0,133.0,0.0
668086,2044.0,428.0,133.0,0.0
668098,2071.0,428.0,133.0,0.0
668099,2070.0,428.0,133.0,0.0
668099,2067.0,428.0,133.0,0.0
668116,2063.0,428.0,133.0,0.0
668116,2061.0,428.0,133.0,0.0
668116,2066.0,428.0,133.0,0.0
668116,2066.0,428.0,133.0,0.0
668129,2030.0,429.0,133.0,0.0
668129,2030.0,429.0,133.0,0.0
668130,2027.0,429.0,133.0,0.0
668143,2055.0,429.0,133.0,0.0
668144,2039.0,429.0,133.0,0.0
668144,2050.0,429.0,133.0,0.0
668144,2060.0,429.0,133.0,0.0
668160,2076.0,429.0,133.0,0.0
668160,2066.0,429.0,133.0,0.0
668160,2060.0,429.0,133.0,0.0
668161,2069.0,429.0,133.0,0.0
668174,2048.0,430.0,133.0,0.0
668174,2055.0,430.0,133.0,0.0
668175,2055.0,430.0,133.0,0.0
668190,2032.0,430.0,133.0,0.0
668191,2039.0,430.0,133.0,0.0
668191,2040.0,430.0,133.0,0.0
668191,2054.0,430.0,133.0,0.0
668205,2055.0,430.0,133.0,0.0
668205,2040.0,430.0,133.0,0.0
668205,2040.0,430.0,133.0,0.0
668218,2071.0,430.0,133.0,0.0
668218,2068.0,430.0,133.0,0.0
668218,2059.0,430.0,133.0,0.0
668219,2071.0,430.0,133.0,0.0
668236,2070.0,430.0,133.0,0.0
668237,2068.0,430.0,133.0,0.0
668237,2065.0,430.0,133.0,0.0
668237,2083.0,430.0,133.0,0.0
668250,2035.0,430.0,133.0,0.0
668250,2029.0,430.0,133.0,0.0
668250,2030.0,430.0,133.0,0.0
668264,2041.0,431.0,133.0,0.0
668264,2031.0,431.0,133.0,0.0
668265,2038.0,431.0,133.0,0.0
668265,2045.0,431.0,133.0,0.0
668280,2070.0,431.0,133.0,0.0
668281,2067.0,431.0,133.0,0.0
668281,2066.0,431.0,133.0,0.0
668281,2074.0,431.0,133.0,0.0
668295,2060.0,431.0,133.0,0.0
668295,2062.0,431.0,133.0,0.0
668295,2084.0,431.0,133.0,0.0
668312,2039.0,432.0,133.0,0.0
668313,2043.0,432.0,133.0,0.0
668313,2056.0,432.0,133.0,0.0
668313,2047.0,432.0,133.0,0.0
668326,2036.0,432.0,133.0,0.0
668326,2030.0,432.0,133.0,0.0
668327,2035.0,432.0,133.0,0.0
668339,2063.0,432.0,133.0,0.0
668340,2061.0,432.0,133.0,0.0
668340,2064.0,432.0,133.0,0.0
668340,2067.0,432.0,133.0,0.0
668358,2071.0,433.0,133.0,0.0
668358,2079.0,433.0,133.0,0.0
668358,2075.0,433.0,133.0,0.0
668359,2068.0,433.0,133.0,0.0
668372,2054.0,434.0,133.0,0.0
668373,2038.0,434.0,133.0,0.0
668373,2038.0,434.0,133.0,0.0
668385,2043.0,434.0,133.0,0.0
668386,2036.0,434.0,133.0,0.0
668386,2035.0,434.0,133.0,0.0
668386,2042.0,434.0,133.0,0.0
668403,2062.0,434.0,133.0,0.0
668403,2056.0,434.0,133.0,0.0
668403,2049.0,434.0,133.0,0.0
668404,2054.0,434.0,133.0,0.0
668416,2061.0,435.0,133.0,0.0
668416,2064.0,435.0,133.0,0.0
668417,2048.0,435.0,133.0,0.0
668429,2021.0,435.0,133.0,0.0
668430,2029.0,435.0,133.0,0.0
668430,2028.0,435.0,133.0,0.0
668446,2042.0,436.0,133.0,0.0
668447,2041.0,436.0,133.0,0.0
668447,2037.0,436.0,133.0,0.0
668447,2040.0,436.0,133.0,0.0
668460,2061.0,436.0,133.0,0.0
668460,2065.0,436.0,133.0,0.0
668460,2058.0,436.0,133.0,0.0
668477,2068.0,437.0,133.0,0.0
668478,2076.0,437.0,133.0,0.0
668478,2075.0,437.0,133.0,0.0
668478,2070.0,437.0,133.0,0.0
668492,2027.0,437.0,133.0,0.0
668492,2026.0,437.0,133.0,0.0
668492,2034.0,437.0,133.0,0.0
668505,2040.0,437.0,133.0,0.0
668505,2042.0,437.0,133.0,0.0
668505,2041.0,437.0,133.0,0.0
668506,2026.0,437.0,133.0,0.0
668522,2052.0,438.0,133.0,0.0
668523,2060.0,438.0,133.0,0.0
668523,2056.0,438.0,133.0,0.0
668523,2056.0,438.0,133.0,0.0
668536,2055.0,438.0,133.0,0.0
668536,2058.0,438.0,133.0,0.0
668536,2064.0,438.0,133.0,0.0
668549,2036.0,438.0,133.0,0.0
668549,2038.0,438.0,133.0,0.0
668549,2040.0,438.0,133.0,0.0
668566,2045.0,439.0,133.0,0.0
668566,2042.0,439.0,133.0,0.0
668567,2042.0,439.0,133.0,0.0
668567,2043.0,439.0,133.0,0.0
668579,2067.0,440.0,133.0,0.0
668580,2059.0,440.0,133.0,0.0
668580,2055.0,440.0,133.0,0.0
668597,2065.0,440.0,133.0,0.0
668597,2070.0,440.0,133.0,0.0
668598,2072.0,440.0,133.0,0.0
668598,2052.0,440.0,133.0,0.0
668611,2029.0,440.0,133.0,0.0
668612,2033.0,440.0,133.0,0.0
668612,2034.0,440.0,133.0,0.0
668624,2049.0,440.0,133.0,0.0
668625,2044.0,440.0,133.0,0.0
668625,2041.0,440.0,133.0,0.0
668625,2042.0,440.0,133.0,0.0
668642,2063.0,440.0,133.0,0.0
668642,2058.0,440.0,133.0,0.0
668643,2068.0,440.0,133.0,0.0
668643,2068.0,440.0,133.0,0.0
668655,2048.0,440.0,133.0,0.0
668656,2054.0,440.0,133.0,0.0
668656,2056.0,440.0,133.0,0.0
668673,2038.0,440.0,133.0,0.0
668673,2050.0,440.0,133.0,0.0
668673,2042.0,440.0,133.0,0.0
668674,2050.0,440.0,133.0,0.0
668686,2040.0,440.0,133.0,0.0
668687,2038.0,440.0,133.0,0.0
668687,2041.0,440.0,133.0,0.0
668699,2070.0,440.0,133.0,0.0
668700,2067.0,440.0,133.0,0.0
668700,2065.0,440.0,133.0,0.0
668700,2070.0,440.0,133.0,0.0
668718,2078.0,440.0,133.0,0.0
668718,2070.0,440.0,133.0,0.0
668719,2072.0,440.0,133.0,0.0
668719,2073.0,440.0,133.0,0.0
668733,2046.0,441.0,133.0,0.0
668733,2047.0,441.0,133.0,0.0
668733,2050.0,441.0,133.0,0.0
668746,2042.0,441.0,133.0,0.0
668746,2034.0,441.0,133.0,0.0
668746,2030.0,441.0,133.0,0.0
668747,2035.0,441.0,133.0,0.0
668764,2067.0,441.0,133.0,0.0
668764,2052.0,441.0,133.0,0.0
668764,2067.0,441.0,133.0,0.0
668765,2069.0,441.0,133.0,0.0
668777,2053.0,440.0,133.0,0.0
668777,2051.0,440.0,133.0,0.0
668778,2051.0,440.0,133.0,0.0
668791,2025.0,440.0,133.0,0.0
668792,2045.0,440.0,133.0,0.0
668792,2038.0,440.0,133.0,0.0
668792,2037.0,440.0,133.0,0.0
668808,2045.0,440.0,133.0,0.0
668808,2041.0,440.0,133.0,0.0
668808,2035.0,440.0,133.0,0.0
668809,2035.0,440.0,133.0,0.0
668822,2043.0,441.0,133.0,0.0
668823,2049.0,441.0,133.0,0.0
668823,2045.0,441.0,133.0,0.0
668839,2074.0,441.0,133.0,0.0
668840,2068.0,441.0,133.0,0.0
668840,2067.0,441.0,133.0,0.0
668840,2069.0,441.0,133.0,0.0
668854,2033.0,440.0,133.0,0.0
668854,2047.0,440.0,133.0,0.0
668854,2045.0,440.0,133.0,0.0
668867,2054.0,440.0,133.0,0.0
668867,2055.0,440.0,133.0,0.0
668868,2058.0,440.0,133.0,0.0
668868,2048.0,440.0,133.0,0.0
668885,2047.0,440.0,133.0,0.0
668885,2040.0,440.0,133.0,0.0
668886,2037.0,440.0,133.0,0.0
668886,2030.0,440.0,133.0,0.0
668898,2063.0,440.0,133.0,0.0
668899,2058.0,440.0,133.0,0.0
668899,2063.0,440.0,133.0,0.0
668916,2053.0,440.0,133.0,0.0
668916,2063.0,440.0,133.0,0.0
668916,2058.0,440.0,133.0,0.0
668916,2068.0,440.0,133.0,0.0
668929,2028.0,440.0,133.0,0.0
668929,2032.0,440.0,133.0,0.0
668930,2028.0,440.0,133.0,0.0
668943,2044.0,439.0,133.0,0.0
668943,2042.0,439.0,133.0,0.0
668944,2053.0,439.0,133.0,0.0
668944,2056.0,439.0,133.0,0.0
668962,2062.0,439.0,133.0,0.0
668962,2060.0,439.0,133.0,0.0
668962,2053.0,439.0,133.0,0.0
668962,2059.0,439.0,133.0,0.0
668975,2050.0,439.0,133.0,0.0
668975,2058.0,439.0,133.0,0.0
668976,2054.0,439.0,133.0,0.0
668988,2027.0,439.0,133.0,0.0
668989,2014.0,439.0,133.0,0.0
668989,2036.0,439.0,133.0,0.0
668989,2054.0,439.0,151.5,0.0
669006,2039.0,439.0,151.5,0.0
669007,2038.0,439.0,151.5,0.0
669007,2039.0,439.0,151.5,0.0
669007,2049.0,439.0,151.5,0.0
669020,2056.0,439.0,151.5,0.0
669021,2056.0,439.0,151.5,0.0
669021,2056.0,439.0,151.5,0.0
669037,2085.0,439.0,151.5,0.0
669038,2073.0,439.0,151.5,0.0
669038,2072.0,439.0,151.5,0.0
669038,2082.0,439.0,151.5,0.0
669052,2025.0,439.0,151.5,0.0
669052,2024.0,439.0,151.5,0.0
669052,2023.0,439.0,151.5,0.0
669065,2038.0,439.0,151.5,0.0
669065,2070.0,439.0,151.5,0.0
669065,2045.0,439.0,151.5,0.0
669066,2057.0,439.0,151.5,0.0
669083,2058.0,439.0,151.5,0.0
669084,2048.0,439.0,151.5,0.0
669084,2052.0,439.0,151.5,0.0
669084,2063.0,439.0,151.5,0.0
669097,2070.0,438.0,151.5,0.0
669097,2066.0,438.0,151.5,0.0
669097,2051.0,438.0,151.5,0.0
669111,2012.0,439.0,151.5,0.0
669111,2039.0,439.0,151.5,0.0
669111,2025.0,439.0,151.5,0.0
669112,2031.0,439.0,151.5,0.0
669127,2033.0,439.0,151.5,0.0
669128,2031.0,439.0,151.5,0.0
669128,2036.0,439.0,151.5,0.0
669128,2029.0,439.0,151.5,0.0
669142,2054.0,439.0,151.5,0.0
669142,2052.0,439.0,151.5,0.0
669143,2056.0,439.0,151.5,0.0
669160,2068.0,439.0,151.5,0.0
669160,2059.0,439.0,151.5,0.0
669160,2066.0,439.0,151.5,0.0
669160,2059.0,439.0,151.5,0.0
669173,2073.0,439.0,151.5,0.0
669174,2055.0,439.0,151.5,0.0
669174,2072.0,439.0,151.5,0.0
669187,2043.0,438.0,151.5,0.0
669187,2032.0,438.0,151.5,0.0
669187,2023.0,438.0,151.5,0.0
669187,2035.0,438.0,151.5,0.0
669205,2047.0,439.0,151.5,0.0
669206,2034.0,439.0,151.5,0.0
669206,2032.0,439.0,151.5,0.0
669206,2039.0,439.0,151.5,0.0
669220,2066.0,439.0,151.5,0.0
669220,2062.0,439.0,151.5,0.0
669220,2055.0,439.0,151.5,0.0
669233,2039.0,439.0,151.5,0.0
669233,2036.0,439.0,151.5,0.0
669233,2041.0,439.0,151.5,0.0
669233,2040.0,439.0,151.5,0.0
669250,2048.0,439.0,151.5,0.0
669251,2030.0,439.0,151.5,0.0
669251,2035.0,439.0,151.5,0.0
669251,2023.0,439.0,151.5,0.0
669264,2048.0,439.0,151.5,0.0
669264,2044.0,439.0,151.5,0.0
669264,2056.0,439.0,151.5,0.0
669277,2063.0,439.0,151.5,0.0
669277,2060.0,439.0,151.5,0.0
669278,2064.0,439.0,151.5,0.0
669294,2044.0,439.0,151.5,0.0
669295,2056.0,439.0,151.5,0.0
669295,2059.0,439.0,151.5,0.0
669295,2050.0,439.0,151.5,0.0
669308,2027.0,439.0,151.5,0.0
669308,2027.0,439.0,151.5,0.0
669308,2027.0,439.0,151.5,0.0
669326,2057.0,438.0,151.5,0.0
669326,2053.0,438.0,151.5,0.0
669326,2041.0,438.0,151.5,0.0
669326,2024.0,438.0,151.5,0.0
669340,2066.0,438.0,151.5,0.0
669340,2069.0,438.0,151.5,0.0
669341,2068.0,438.0,151.5,0.0
669353,2035.0,438.0,151.5,0.0
669354,2042.0,438.0,151.5,0.0
669354,2039.0,438.0,151.5,0.0
669354,2026.0,438.0,151.5,0.0
669371,2010.0,437.0,151.5,0.0
669371,2040.0,437.0,151.5,0.0
669372,2040.0,437.0,151.5,0.0
669372,2031.0,437.0,151.5,0.0
669384,2042.0,437.0,151.5,0.0
669385,2032.0,437.0,151.5,0.0
669385,2047.0,437.0,151.5,0.0
669402,2069.0,437.0,151.5,0.0
669402,2064.0,437.0,151.5,0.0
669402,2064.0,437.0,151.5,0.0
669402,2054.0,437.0,151.5,0.0
669415,2041.0,437.0,151.5,0.0
669415,2047.0,437.0,151.5,0.0
669416,2056.0,437.0,151.5,0.0
669429,2025.0,437.0,151.5,0.0
669429,2034.0,437.0,151.5,0.0
669430,2030.0,437.0,151.5,0.0
669430,2022.0,437.0,151.5,0.0
669447,2043.0,436.0,151.5,0.0
669447,2036.0,436.0,151.5,0.0
669447,2038.0,436.0,151.5,0.0
669447,2041.0,436.0,151.5,0.0
669461,2063.0,436.0,151.5,0.0
669461,2059.0,436.0,151.5,0.0
669462,2055.0,436.0,151.5,0.0
669474,2013.0,436.0,151.5,0.0
669475,2008.0,436.0,151.5,0.0
669475,2004.0,436.0,151.5,0.0
669475,2039.0,436.0,151.5,0.0
669492,2030.0,435.0,151.5,0.0
669493,2040.0,435.0,151.5,0.0
669493,2042.0,435.0,151.5,0.0
669493,2040.0,435.0,151.5,0.0
669506,2028.0,435.0,151.5,0.0
669506,2034.0,435.0,151.5,0.0
669506,2030.0,435.0,151.5,0.0
669523,2058.0,434.0,151.5,0.0
669524,2055.0,434.0,151.5,0.0
669524,2049.0,434.0,151.5,0.0
669524,2051.0,434.0,151.5,0.0
669537,2061.0,434.0,151.5,0.0
669537,2062.0,434.0,151.5,0.0
669537,2053.0,434.0,151.5,0.0
669551,2023.0,433.0,151.5,0.0
669551,2021.0,433.0,151.5,0.0
669552,2026.0,433.0,151.5,0.0
669552,2040.0,433.0,151.5,0.0
669570,2035.0,433.0,151.5,0.0
669570,2031.0,433.0,151.5,0.0
669570,2032.0,433.0,151.5,0.0
669570,2032.0,433.0,151.5,0.0
669583,2053.0,432.0,151.5,0.0
669583,2044.0,432.0,151.5,0.0
669584,2051.0,432.0,151.5,0.0
669596,2058.0,432.0,151.5,0.0
669597,2058.0,432.0,151.5,0.0
669597,2067.0,432.0,151.5,0.0
669597,2060.0,432.0,151.5,0.0
669614,2065.0,432.0,151.5,0.0
669615,2047.0,432.0,151.5,0.0
669615,2072.0,432.0,151.5,0.0
669615,2060.0,432.0,151.5,0.0
669628,2032.0,431.0,151.5,0.0
669629,2027.0,431.0,151.5,0.0
669629,2027.0,431.0,151.5,0.0
669645,2056.0,431.0,151.5,0.0
669646,2055.0,431.0,151.5,0.0
669646,2043.0,431.0,151.5,0.0
669646,2046.0,431.0,151.5,0.0
669660,2062.0,431.0,151.5,0.0
669660,2061.0,431.0,151.5,0.0
669660,2061.0,431.0,151.5,0.0
669673,2028.0,431.0,151.5,0.0
669673,2031.0,431.0,151.5,0.0
669673,2033.0,431.0,151.5,0.0
669673,2050.0,431.0,151.5,0.0
669691,2021.0,430.0,151.5,0.0
669692,2015.0,430.0,151.5,0.0
669692,2036.0,430.0,151.5,0.0
669692,2029.0,430.0,151.5,0.0
669705,2047.0,430.0,151.5,0.0
669705,2042.0,430.0,151.5,0.0
669705,2043.0,430.0,151.5,0.0
669719,2062.0,430.0,152.3,0.0
669719,2067.0,430.0,152.3,0.0
669719,2069.0,430.0,152.3,0.0
669720,2065.0,430.0,152.3,0.0
669735,2052.0,430.0,152.3,0.0
669736,2060.0,430.0,152.3,0.0
669736,2050.0,430.0,152.3,0.0
669736,2054.0,430.0,152.3,0.0
669750,2024.0,430.0,152.3,0.0
669750,2026.0,430.0,152.3,0.0
669750,2024.0,430.0,152.3,0.0
669766,2034.0,430.0,152.3,0.0
669767,2031.0,430.0,152.3,0.0
669767,2037.0,430.0,152.3,0.0
669767,2039.0,430.0,152.3,0.0
669781,2054.0,430.0,152.3,0.0
669781,2022.0,430.0,152.3,0.0
669782,2033.0,430.0,152.3,0.0
669794,2053.0,429.0,152.3,0.0
669795,2054.0,429.0,152.3,0.0
669795,2057.0,429.0,152.3,0.0
669795,2054.0,429.0,152.3,0.0
669812,2039.0,430.0,152.3,0.0
669813,2032.0,430.0,152.3,0.0
669813,2036.0,430.0,152.3,0.0
669813,2041.0,430.0,152.3,0.0
669826,2044.0,430.0,152.3,0.0
669826,2037.0,430.0,152.3,0.0
669826,2040.0,430.0,152.3,0.0
669840,2067.0,430.0,152.3,0.0
669840,2052.0,430.0,152.3,0.0
669840,2058.0,430.0,152.3,0.0
669840,2067.0,430.0,152.3,0.0
669857,2062.0,430.0,152.3,0.0
669858,2067.0,430.0,152.3,0.0
669858,2066.0,430.0,152.3,0.0
669858,2064.0,430.0,152.3,0.0
669870,2023.0,429.0,152.3,0.0
669871,2027.0,429.0,152.3,0.0
669871,2030.0,429.0,152.3,0.0
669884,2044.0,429.0,152.3,0.0
669884,2063.0,429.0,152.3,0.0
669884,2055.0,429.0,152.3,0.0
669901,2070.0,429.0,152.3,0.0
669901,2067.0,429.0,152.3,0.0
669902,2065.0,429.0,152.3,0.0
669902,2055.0,429.0,152.3,0.0
669914,2039.0,429.0,152.3,0.0
669915,2053.0,429.0,152.3,0.0
669915,2040.0,429.0,152.3,0.0
669932,2021.0,429.0,152.3,0.0
669933,2035.0,429.0,152.3,0.0
669933,2029.0,429.0,152.3,0.0
669933,2039.0,429.0,152.3,0.0
669946,2045.0,429.0,152.3,0.0
669946,2039.0,429.0,152.3,0.0
669946,2036.0,429.0,152.3,0.0
669960,2067.0,428.0,152.3,0.0
669960,2071.0,428.0,152.3,0.0
669960,2047.0,428.0,152.3,0.0
669961,2061.0,428.0,152.3,0.0
669977,2058.0,428.0,152.3,0.0
669978,2068.0,428.0,152.3,0.0
669978,2060.0,428.0,152.3,0.0
669978,2069.0,428.0,152.3,0.0
669991,2035.0,428.0,152.3,0.0
669991,2022.0,428.0,152.3,0.0
669991,2030.0,428.0,152.3,0.0
670008,2021.0,429.0,152.3,0.0
670008,2035.0,429.0,152.3,0.0
670009,2030.0,429.0,152.3,0.0
670009,2037.0,429.0,152.3,0.0
670021,2056.0,429.0,172.4,0.0
670022,2045.0,429.0,172.4,0.0
670022,2060.0,429.0,172.4,0.0
670034,2041.0,429.0,172.4,0.0
670035,2036.0,429.0,172.4,0.0
670035,2044.0,429.0,172.4,0.0
670053,2036.0,429.0,172.4,0.0
670053,2040.0,429.0,172.4,0.0
670053,2035.0,429.0,172.4,0.0
670054,2040.0,429.0,172.4,0.0
670067,2026.0,429.0,172.4,0.0
670068,2040.0,429.0,172.4,0.0
670068,2034.0,429.0,172.4,0.0
670080,2063.0,429.0,172.4,0.0
670081,2065.0,429.0,172.4,0.0
670081,2066.0,429.0,172.4,0.0
670081,2065.0,429.0,172.4,0.0
670098,2066.0,429.0,172.4,0.0
670099,2063.0,429.0,172.4,0.0
670099,2066.0,429.0,172.4,0.0
670099,2058.0,429.0,172.4,0.0
670112,2024.0,429.0,172.4,0.0
670112,2030.0,429.0,172.4,0.0
670112,2039.0,429.0,172.4,0.0
670129,2026.0,429.0,172.4,0.0
670129,2034.0,429.0,172.4,0.0
670130,2032.0,429.0,172.4,0.0
670130,2037.0,429.0,172.4,0.0
670142,2029.0,429.0,172.4,0.0
670143,2051.0,429.0,172.4,0.0
670143,2060.0,429.0,172.4,0.0
670157,2046.0,429.0,172.4,0.0
670157,2059.0,429.0,172.4,0.0
670157,2059.0,429.0,172.4,0.0
670157,2051.0,429.0,172.4,0.0
670174,2038.0,429.0,172.4,0.0
670175,2044.0,429.0,172.4,0.0
670175,2047.0,429.0,172.4,0.0
670175,2052.0,429.0,172.4,0.0
670188,2034.0,429.0,172.4,0.0
670189,2027.0,429.0,172.4,0.0
670190,2033.0,429.0,172.4,0.0
670202,2066.0,429.0,172.4,0.0
670203,2058.0,429.0,172.4,0.0
670203,2059.0,429.0,172.4,0.0
670203,2063.0,429.0,172.4,0.0
670220,2071.0,429.0,172.4,0.0
670220,2072.0,429.0,172.4,0.0
670221,2066.0,429.0,172.4,0.0
670221,2067.0,429.0,172.4,0.0
670233,2037.0,429.0,172.4,0.0
670234,2006.0,429.0,172.4,0.0
670234,2034.0,429.0,172.4,0.0
670248,2062.0,429.0,172.4,0.0
670248,2049.0,429.0,172.4,0.0
670248,2057.0,429.0,172.4,0.0
670249,2050.0,429.0,172.4,0.0
670264,2054.0,429.0,172.4,0.0
670265,2040.0,429.0,172.4,0.0
670265,2039.0,429.0,172.4,0.0
670265,2043.0,429.0,172.4,0.0
670279,2055.0,429.0,172.4,0.0
670279,2045.0,429.0,172.4,0.0
670279,2054.0,429.0,172.4,0.0
670297,2043.0,429.0,172.4,0.0
670297,2069.0,429.0,172.4,0.0
670297,2073.0,429.0,172.4,0.0
670297,2054.0,429.0,172.4,0.0
670310,2026.0,429.0,172.4,0.0
670310,2034.0,429.0,172.4,0.0
670311,2026.0,429.0,172.4,0.0
670323,2060.0,429.0,172.4,0.0
670324,2053.0,429.0,172.4,0.0
670324,2051.0,429.0,172.4,0.0
670324,2051.0,429.0,172.4,0.0
670341,2073.0,430.0,172.4,0.0
670341,2074.0,430.0,172.4,0.0
670341,2065.0,430.0,172.4,0.0
670342,2061.0,430.0,172.4,0.0
670354,2027.0,430.0,172.4,0.0
670355,2027.0,430.0,172.4,0.0
670355,2037.0,430.0,172.4,0.0
670372,2024.0,429.0,172.4,0.0
670372,2033.0,429.0,172.4,0.0
670373,2029.0,429.0,172.4,0.0
670373,2031.0,429.0,172.4,0.0
670386,2045.0,430.0,172.4,0.0
670387,2050.0,430.0,172.4,0.0
670387,2038.0,430.0,172.4,0.0
670400,2063.0,430.0,167.6,0.0
670400,2063.0,430.0,167.6,0.0
670400,2057.0,430.0,167.6,0.0
670400,2053.0,430.0,167.6,0.0
670418,2060.0,430.0,167.6,0.0
670419,2067.0,430.0,167.6,0.0
670419,2060.0,430.0,167.6,0.0
670419,2069.0,430.0,167.6,0.0
670432,2032.0,430.0,167.6,0.0
670432,2037.0,430.0,167.6,0.0
670432,2025.0,430.0,167.6,0.0
670446,2069.0,430.0,167.6,0.0
670446,2037.0,430.0,167.6,0.0
670446,2041.0,430.0,167.6,0.0
670447,2043.0,430.0,167.6,0.0
670463,2072.0,430.0,167.6,0.0
670463,2057.0,430.0,167.6,0.0
670463,2066.0,430.0,167.6,0.0
670463,2066.0,430.0,167.6,0.0
670477,2047.0,429.0,167.6,0.0
670477,2056.0,429.0,167.6,0.0
670477,2053.0,429.0,167.6,0.0
670493,2028.0,429.0,167.6,0.0
670494,2037.0,429.0,167.6,0.0
670494,2037.0,429.0,167.6,0.0
670494,2037.0,429.0,167.6,0.0
670508,2036.0,430.0,167.6,0.0
670508,2032.0,430.0,167.6,0.0
670508,2035.0,430.0,167.6,0.0
670521,2073.0,430.0,167.6,0.0
670521,2060.0,430.0,167.6,0.0
670521,2064.0,430.0,167.6,0.0
670521,2065.0,430.0,167.6,0.0
670539,2071.0,430.0,167.6,0.0
670540,2070.0,430.0,167.6,0.0
670540,2069.0,430.0,167.6,0.0
670540,2072.0,430.0,167.6,0.0
670553,2034.0,430.0,167.6,0.0
670553,2031.0,430.0,167.6,0.0
670553,2038.0,430.0,167.6,0.0
670567,2041.0,430.0,167.6,0.0
670567,2038.0,430.0,167.6,0.0
670567,2040.0,430.0,167.6,0.0
670568,2042.0,430.0,167.6,0.0
670583,2068.0,430.0,167.6,0.0
670584,2059.0,430.0,167.6,0.0
670584,2056.0,430.0,167.6,0.0
670584,2061.0,430.0,167.6,0.0
670598,2049.0,430.0,167.6,0.0
670598,2066.0,430.0,167.6,0.0
670598,2041.0,430.0,167.6,0.0
670615,2041.0,431.0,167.6,0.0
670615,2053.0,431.0,167.6,0.0
670616,2054.0,431.0,167.6,0.0
670616,2053.0,431.0,167.6,0.0
670628,2026.0,431.0,167.6,0.0
670629,2035.0,431.0,167.6,0.0
670629,2040.0,431.0,167.6,0.0
670642,2070.0,431.0,167.6,0.0
670642,2060.0,431.0,167.6,0.0
670642,2068.0,431.0,167.6,0.0
670660,2068.0,431.0,167.6,0.0
670660,2084.0,431.0,167.6,0.0
670661,2070.0,431.0,167.6,0.0
670661,2070.0,431.0,167.6,0.0
670674,2051.0,431.0,167.6,0.0
670675,2057.0,431.0,167.6,0.0
670675,2042.0,431.0,167.6,0.0
670687,2039.0,432.0,167.6,0.0
670688,2025.0,432.0,167.6,0.0
670688,2037.0,432.0,167.6,0.0
670688,2036.0,432.0,167.6,0.0
670705,2055.0,432.0,167.6,0.0
670705,2058.0,432.0,167.6,0.0
670706,2045.0,432.0,167.6,0.0
670706,2040.0,432.0,167.6,0.0
670718,2065.0,432.0,172.3,0.0
670719,2066.0,432.0,172.3,0.0
670719,2066.0,432.0,172.3,0.0
670732,2028.0,433.0,172.3,0.0
670732,2024.0,433.0,172.3,0.0
670732,2030.0,433.0,172.3,0.0
670733,2033.0,433.0,172.3,0.0
670750,2037.0,433.0,172.3,0.0
670750,2047.0,433.0,172.3,0.0
670750,2039.0,433.0,172.3,0.0
670750,2040.0,433.0,172.3,0.0
670764,2059.0,434.0,172.3,0.0
670765,2051.0,434.0,172.3,0.0
670765,2059.0,434.0,172.3,0.0
670781,2064.0,434.0,172.3,0.0
670782,2070.0,434.0,172.3,0.0
670782,2065.0,434.0,172.3,0.0
670782,2069.0,434.0,172.3,0.0
670796,2041.0,434.0,172.3,0.0
670796,2054.0,434.0,172.3,0.0
670796,2053.0,434.0,172.3,0.0
670809,2030.0,435.0,172.3,0.0
670809,2032.0,435.0,172.3,0.0
670810,2053.0,435.0,172.3,0.0
670810,2040.0,435.0,172.3,0.0
670826,2053.0,435.0,172.3,0.0
670827,2043.0,435.0,172.3,0.0
670827,2044.0,435.0,172.3,0.0
670827,2048.0,435.0,172.3,0.0
670840,2075.0,435.0,172.3,0.0
670840,2066.0,435.0,172.3,0.0
670840,2062.0,435.0,172.3,0.0
670854,2041.0,436.0,172.3,0.0
670854,2048.0,436.0,172.3,0.0
670854,2040.0,436.0,172.3,0.0
670855,2044.0,436.0,172.3,0.0
670870,2035.0,436.0,172.3,0.0
670871,2050.0,436.0,172.3,0.0
670871,2036.0,436.0,172.3,0.0
670871,2033.0,436.0,172.3,0.0
670885,2081.0,436.0,172.3,0.0
670885,2050.0,436.0,172.3,0.0
670885,2054.0,436.0,172.3,0.0
670901,2073.0,437.0,172.3,0.0
670902,2071.0,437.0,172.3,0.0
670902,2055.0,437.0,172.3,0.0
670902,2071.0,437.0,172.3,0.0
670915,2044.0,437.0,172.3,0.0
670916,2049.0,437.0,172.3,0.0
670916,2047.0,437.0,172.3,0.0
670929,2032.0,437.0,172.3,0.0
670929,2047.0,437.0,172.3,0.0
670929,2042.0,437.0,172.3,0.0
670930,2032.0,437.0,172.3,0.0
670946,2054.0,437.0,172.3,0.0
670947,2054.0,437.0,172.3,0.0
670947,2042.0,437.0,172.3,0.0
670947,2044.0,437.0,172.3,0.0
670960,2061.0,437.0,172.3,0.0
670960,2065.0,437.0,172.3,0.0
670960,2074.0,437.0,172.3,0.0
670974,2034.0,437.0,172.3,0.0
670974,2040.0,437.0,172.3,0.0
670974,2042.0,437.0,172.3,0.0
670974,2038.0,437.0,172.3,0.0
670990,2042.0,437.0,172.3,0.0
670991,2026.0,437.0,172.3,0.0
670991,2039.0,437.0,172.3,0.0
670991,2038.0,437.0,172.3,0.0
671004,2052.0,438.0,172.3,0.0
671005,2049.0,438.0,172.3,0.0
671005,2052.0,438.0,172.3,0.0
671021,2076.0,438.0,172.3,0.0
671021,2074.0,438.0,172.3,0.0
671022,2072.0,438.0,172.3,0.0
671022,2070.0,438.0,172.3,0.0
671035,2042.0,438.0,172.3,0.0
671036,2047.0,438.0,172.3,0.0
671036,2048.0,438.0,172.3,0.0
671049,2042.0,438.0,172.3,0.0
671049,2047.0,438.0,172.3,0.0
671049,2042.0,438.0,172.3,0.0
671049,2041.0,438.0,172.3,0.0
671066,2055.0,438.0,172.3,0.0
671067,2043.0,438.0,172.3,0.0
671067,2052.0,438.0,172.3,0.0
671067,2050.0,438.0,172.3,0.0
671080,2069.0,438.0,172.3,0.0
671080,2073.0,438.0,172.3,0.0
671080,2067.0,438.0,172.3,0.0
671094,2033.0,438.0,172.3,0.0
671094,2041.0,438.0,172.3,0.0
671094,2040.0,438.0,172.3,0.0
671094,2041.0,438.0,172.3,0.0
671110,2036.0,438.0,172.3,0.0
671111,2037.0,438.0,172.3,0.0
671111,2039.0,438.0,172.3,0.0
671111,2037.0,438.0,172.3,0.0
671124,2057.0,437.0,172.3,0.0
671125,2056.0,437.0,172.3,0.0
671125,2059.0,437.0,170.7,0.0
671141,2085.0,437.0,170.7,0.0
671142,2072.0,437.0,170.7,0.0
671142,2072.0,437.0,170.7,0.0
671142,2067.0,437.0,170.7,0.0
671156,2040.0,437.0,170.7,0.0
671156,2051.0,437.0,170.7,0.0
671156,2051.0,437.0,170.7,0.0
671169,2041.0,437.0,170.7,0.0
671169,2036.0,437.0,170.7,0.0
671169,2041.0,437.0,170.7,0.0
671170,2050.0,437.0,170.7,0.0
671186,2056.0,437.0,170.7,0.0
671187,2051.0,437.0,170.7,0.0
671187,2070.0,437.0,170.7,0.0
671187,2044.0,437.0,170.7,0.0
671200,2061.0,437.0,170.7,0.0
671200,2070.0,437.0,170.7,0.0
671200,2061.0,437.0,170.7,0.0
671214,2034.0,437.0,170.7,0.0
671214,2011.0,437.0,170.7,0.0
671215,2042.0,437.0,170.7,0.0
671215,2041.0,437.0,170.7,0.0
671231,2041.0,437.0,170.7,0.0
671231,2041.0,437.0,170.7,0.0
671231,2039.0,437.0,170.7,0.0
671231,2039.0,437.0,170.7,0.0
671245,2052.0,437.0,170.7,0.0
671245,2049.0,437.0,170.7,0.0
671246,2045.0,437.0,170.7,0.0
671262,2073.0,437.0,170.7,0.0
671263,2068.0,437.0,170.7,0.0
671263,2069.0,437.0,170.7,0.0
671263,2060.0,437.0,170.7,0.0
671276,2043.0,437.0,170.7,0.0
671276,2055.0,437.0,170.7,0.0
671276,2058.0,437.0,170.7,0.0
671289,2048.0,437.0,170.7,0.0
671289,2036.0,437.0,170.7,0.0
671290,2040.0,437.0,170.7,0.0
671306,2054.0,437.0,170.7,0.0
671307,2051.0,437.0,170.7,0.0
671307,2044.0,437.0,170.7,0.0
671307,2045.0,437.0,170.7,0.0
671320,2063.0,437.0,170.7,0.0
671320,2068.0,437.0,170.7,0.0
671320,2066.0,437.0,170.7,0.0
671334,2023.0,437.0,170.7,0.0
671334,2038.0,437.0,170.7,0.0
671334,2037.0,437.0,170.7,0.0
671335,2038.0,437.0,170.7,0.0
671350,2037.0,437.0,170.7,0.0
671351,2044.0,437.0,170.7,0.0
671351,2038.0,437.0,170.7,0.0
671351,2034.0,437.0,170.7,0.0
671365,2056.0,437.0,170.7,0.0
671365,2055.0,437.0,170.7,0.0
671365,2053.0,437.0,170.7,0.0
671382,2068.0,437.0,170.7,0.0
671382,2067.0,437.0,170.7,0.0
671383,2090.0,437.0,170.7,0.0
671383,2064.0,437.0,170.7,0.0
671395,2045.0,437.0,170.7,0.0
671396,2055.0,437.0,170.7,0.0
671396,2049.0,437.0,170.7,0.0
671409,2037.0,437.0,170.7,0.0
671409,2036.0,437.0,170.7,0.0
671409,2040.0,437.0,170.7,0.0
671426,2070.0,438.0,170.7,0.0
671426,2056.0,438.0,170.7,0.0
671427,2057.0,438.0,170.7,0.0
671427,2055.0,438.0,170.7,0.0
671439,2063.0,438.0,170.7,0.0
671440,2061.0,438.0,170.7,0.0
671440,2066.0,438.0,170.7,0.0
671453,2034.0,438.0,170.7,0.0
671454,2040.0,438.0,170.7,0.0
671454,2029.0,438.0,170.7,0.0
671454,2034.0,438.0,170.7,0.0
671470,2038.0,438.0,170.7,0.0
671470,2036.0,438.0,170.7,0.0
671470,2040.0,438.0,170.7,0.0
671471,2034.0,438.0,170.7,0.0
671484,2053.0,438.0,170.7,0.0
671485,2051.0,438.0,170.7,0.0
671485,2052.0,438.0,170.7,0.0
671502,2070.0,437.0,162.1,0.0
671502,2071.0,437.0,162.1,0.0
671502,2069.0,437.0,162.1,0.0
671502,2070.0,437.0,162.1,0.0
671515,2043.0,437.0,162.1,0.0
671515,2060.0,437.0,162.1,0.0
671516,2046.0,437.0,162.1,0.0
671528,2041.0,437.0,162.1,0.0
671529,2034.0,437.0,162.1,0.0
671529,2029.0,437.0,162.1,0.0
671529,2037.0,437.0,162.1,0.0
671546,2055.0,438.0,162.1,0.0
671546,2050.0,438.0,162.1,0.0
671547,2055.0,438.0,162.1,0.0
671547,2053.0,438.0,162.1,0.0
671559,2062.0,438.0,162.1,0.0
671560,2066.0,438.0,162.1,0.0
671560,2058.0,438.0,162.1,0.0
671577,2059.0,438.0,162.1,0.0
671578,2064.0,438.0,162.1,0.0
671578,2062.0,438.0,162.1,0.0
671578,2059.0,438.0,162.1,0.0
671592,2027.0,438.0,162.1,0.0
671592,2028.0,438.0,162.1,0.0
671593,2026.0,438.0,162.1,0.0
671605,2054.0,438.0,162.1,0.0
671606,2051.0,438.0,162.1,0.0
671606,2045.0,438.0,162.1,0.0
671606,2055.0,438.0,162.1,0.0
671624,2059.0,438.0,162.1,0.0
671625,1998.0,438.0,162.1,0.0
671625,1988.0,438.0,162.1,0.0
671625,2024.0,438.0,162.1,0.0
671638,2049.0,438.0,162.1,0.0
671639,2050.0,438.0,162.1,0.0
671639,2056.0,438.0,162.1,0.0
671652,2036.0,438.0,162.1,0.0
671653,2029.0,438.0,162.1,0.0
671653,2024.0,438.0,162.1,0.0
671653,2033.0,438.0,162.1,0.0
671669,2033.0,438.0,162.1,0.0
671669,2042.0,438.0,162.1,0.0
671670,2039.0,438.0,162.1,0.0
671670,2037.0,438.0,162.1,0.0
671683,2064.0,437.0,162.1,0.0
671684,2107.0,437.0,162.1,0.0
671684,2057.0,437.0,162.1,0.0
671701,2068.0,437.0,162.1,0.0
671701,2062.0,437.0,162.1,0.0
671702,2064.0,437.0,162.1,0.0
671702,2055.0,437.0,162.1,0.0
671715,1996.0,437.0,162.1,0.0
671715,2039.0,437.0,162.1,0.0
671715,2042.0,437.0,162.1,0.0
671728,2030.0,437.0,162.1,0.0
671729,2031.0,437.0,162.1,0.0
671729,2039.0,437.0,162.1,0.0
671729,2031.0,437.0,162.1,0.0
671747,2053.0,436.0,162.1,0.0
671747,2052.0,436.0,162.1,0.0
671747,2055.0,436.0,162.1,0.0
671748,2055.0,436.0,162.1,0.0
671761,2069.0,435.0,162.1,0.0
671762,2027.0,435.0,162.1,0.0
671762,2057.0,435.0,162.1,0.0
671774,2027.0,435.0,162.1,0.0
671775,2039.0,435.0,162.1,0.0
671775,2045.0,435.0,162.1,0.0
671775,2034.0,435.0,162.1,0.0
671792,2033.0,435.0,162.1,0.0
671792,2032.0,435.0,162.1,0.0
671793,2031.0,435.0,162.1,0.0
671793,2037.0,435.0,162.1,0.0
671805,2051.0,435.0,162.1,0.0
671806,2044.0,435.0,162.1,0.0
671806,2052.0,435.0,162.1,0.0
671823,2065.0,434.0,162.1,0.0
671823,2064.0,434.0,162.1,0.0
671823,2064.0,434.0,162.1,0.0
671823,2061.0,434.0,162.1,0.0
671836,2050.0,434.0,162.1,0.0
671837,2056.0,434.0,162.1,0.0
671837,2058.0,434.0,162.1,0.0
671850,2034.0,434.0,162.1,0.0
671851,2033.0,434.0,162.1,0.0
671851,2037.0,434.0,162.1,0.0
671851,2037.0,434.0,162.1,0.0
671868,2043.0,433.0,162.1,0.0
671869,2031.0,433.0,162.1,0.0
671869,2058.0,433.0,162.1,0.0
671869,2058.0,433.0,162.1,0.0
671883,2069.0,433.0,162.1,0.0
671883,2060.0,433.0,162.1,0.0
671883,2053.0,433.0,162.1,0.0
671896,2041.0,433.0,162.1,0.0
671896,2037.0,433.0,162.1,0.0
671896,2053.0,433.0,162.1,0.0
671897,2047.0,433.0,162.1,0.0
671914,2035.0,432.0,162.1,0.0
671914,2031.0,432.0,162.1,0.0
671914,2038.0,432.0,162.1,0.0
671914,2037.0,432.0,162.1,0.0
671927,2058.0,432.0,162.1,0.0
671927,2043.0,432.0,162.1,0.0
671928,2044.0,432.0,162.1,0.0
671941,2086.0,432.0,162.1,0.0
671941,2068.0,432.0,162.1,0.0
671942,2070.0,432.0,162.1,0.0
671942,2072.0,432.0,162.1,0.0
671958,2057.0,432.0,162.1,0.0
671958,2054.0,432.0,162.1,0.0
671958,2058.0,432.0,162.1,0.0
671958,2060.0,432.0,162.1,0.0
671972,2040.0,432.0,162.1,0.0
671972,2033.0,432.0,162.1,0.0
671972,2029.0,432.0,162.1,0.0
671990,2027.0,431.0,162.1,0.0
671991,2032.0,431.0,162.1,0.0
671991,2025.0,431.0,162.1,0.0
671991,2031.0,431.0,162.1,0.0
672004,2052.0,431.0,162.1,0.0
672004,2051.0,431.0,162.1,0.0
672004,2053.0,431.0,162.1,0.0
672018,2011.0,431.0,162.1,0.0
672018,2055.0,431.0,162.1,0.0
672018,2053.0,431.0,162.1,0.0
672019,2059.0,431.0,162.1,0.0
672035,2052.0,431.0,162.1,0.0
672036,2048.0,431.0,162.1,0.0
672036,2044.0,431.0,162.1,0.0
672036,2049.0,431.0,162.1,0.0
672050,2031.0,430.0,162.1,0.0
672050,2033.0,430.0,162.1,0.0
672050,2028.0,430.0,162.1,0.0
672066,2056.0,430.0,162.1,0.0
672066,2058.0,430.0,162.1,0.0
672067,2051.0,430.0,162.1,0.0
672067,2053.0,430.0,162.1,0.0
672080,2060.0,430.0,162.1,0.0
672081,2065.0,430.0,142.7,0.0
672081,2062.0,430.0,142.7,0.0
672094,2028.0,430.0,142.7,0.0
672094,2036.0,430.0,142.7,0.0
672094,2031.0,430.0,142.7,0.0
672094,2007.0,430.0,142.7,0.0
672112,2034.0,430.0,142.7,0.0
672113,2035.0,430.0,142.7,0.0
672113,2028.0,430.0,142.7,0.0
672113,2041.0,430.0,142.7,0.0
672125,2053.0,430.0,142.7,0.0
672126,2049.0,430.0,142.7,0.0
672126,2059.0,430.0,142.7,0.0
672140,2062.0,429.0,142.7,0.0
672140,2065.0,429.0,142.7,0.0
672140,2061.0,429.0,142.7,0.0
672141,2057.0,429.0,142.7,0.0
672157,2049.0,429.0,142.7,0.0
672157,2028.0,429.0,142.7,0.0
672157,2059.0,429.0,142.7,0.0
672157,2056.0,429.0,142.7,0.0
672171,2008.0,429.0,142.7,0.0
672172,2014.0,429.0,142.7,0.0
672172,2026.0,429.0,142.7,0.0
672188,2055.0,429.0,142.7,0.0
672188,2042.0,429.0,142.7,0.0
672188,2040.0,429.0,142.7,0.0
672188,2044.0,429.0,142.7,0.0
672202,2064.0,428.0,142.7,0.0
672202,2053.0,428.0,142.7,0.0
672203,2059.0,428.0,142.7,0.0
672215,2036.0,428.0,142.7,0.0
672216,2039.0,428.0,142.7,0.0
672216,2053.0,428.0,142.7,0.0
672216,2053.0,428.0,142.7,0.0
672234,2035.0,428.0,142.7,0.0
672234,2037.0,428.0,142.7,0.0
672234,2038.0,428.0,142.7,0.0
672235,2043.0,428.0,142.7,0.0
672247,2049.0,428.0,142.7,0.0
672248,2044.0,428.0,142.7,0.0
672248,2052.0,428.0,142.7,0.0
672261,2064.0,429.0,142.7,0.0
672262,2076.0,429.0,142.7,0.0
672262,2066.0,429.0,142.7,0.0
672262,2066.0,429.0,142.7,0.0
672279,2066.0,429.0,142.7,0.0
672279,2071.0,429.0,142.7,0.0
672279,2076.0,429.0,142.7,0.0
672280,2068.0,429.0,142.7,0.0
672292,2025.0,429.0,142.7,0.0
672293,2027.0,429.0,142.7,0.0
672293,2031.0,429.0,142.7,0.0
672310,2038.0,429.0,142.7,0.0
672310,2037.0,429.0,142.7,0.0
672310,2037.0,429.0,142.7,0.0
672311,2035.0,429.0,142.7,0.0
672323,2070.0,429.0,142.7,0.0
672324,2065.0,429.0,142.7,0.0
672324,2057.0,429.0,142.7,0.0
672337,2039.0,429.0,142.7,0.0
672337,2048.0,429.0,142.7,0.0
672337,2046.0,429.0,142.7,0.0
672337,2043.0,429.0,142.7,0.0
672355,2037.0,429.0,142.7,0.0
672355,2056.0,429.0,142.7,0.0
672356,2046.0,429.0,142.7,0.0
672356,2041.0,429.0,142.7,0.0
672369,2032.0,430.0,142.7,0.0
672370,2033.0,430.0,142.7,0.0
672370,2028.0,430.0,142.7,0.0
672383,2073.0,430.0,142.7,0.0
672383,2062.0,430.0,142.7,0.0
672383,2067.0,430.0,142.7,0.0
672383,2071.0,430.0,142.7,0.0
672400,2067.0,430.0,142.7,0.0
672400,2067.0,430.0,142.7,0.0
672401,2061.0,430.0,142.7,0.0
672401,2067.0,430.0,142.7,0.0
672413,2029.0,430.0,142.7,0.0
672414,2045.0,430.0,142.7,0.0
672414,2043.0,430.0,142.7,0.0
672427,2058.0,430.0,142.7,0.0
672427,2047.0,430.0,142.7,0.0
672427,2042.0,430.0,142.7,0.0
672428,2073.0,430.0,142.7,0.0
672445,1937.0,429.0,142.7,0.0
672445,2071.0,429.0,139.0,0.0
672446,2070.0,429.0,139.0,0.0
672446,2071.0,429.0,139.0,0.0
672459,2047.0,429.0,139.0,0.0
672460,2058.0,429.0,139.0,0.0
672460,2052.0,429.0,139.0,0.0
672476,2039.0,429.0,139.0,0.0
672477,2052.0,429.0,139.0,0.0
672477,2059.0,429.0,139.0,0.0
672477,2063.0,429.0,139.0,0.0
672491,2008.0,430.0,139.0,0.0
672491,2028.0,430.0,139.0,0.0
672491,2031.0,430.0,139.0,0.0
672504,2073.0,430.0,139.0,0.0
672504,2072.0,430.0,139.0,0.0
672504,2059.0,430.0,139.0,0.0
672505,2052.0,430.0,139.0,0.0
672521,2064.0,430.0,139.0,0.0
672522,2065.0,430.0,139.0,0.0
672522,2076.0,430.0,139.0,0.0
672522,2063.0,430.0,139.0,0.0
672535,2066.0,430.0,139.0,0.0
672535,2027.0,430.0,139.0,0.0
672535,2028.0,430.0,139.0,0.0
672549,2043.0,431.0,139.0,0.0
672549,2039.0,431.0,139.0,0.0
672550,2037.0,431.0,139.0,0.0
672550,2032.0,431.0,139.0,0.0
672565,2062.0,431.0,139.0,0.0
672566,2052.0,431.0,139.0,0.0
672566,2083.0,431.0,139.0,0.0
672566,2056.0,431.0,139.0,0.0
672580,2068.0,431.0,139.0,0.0
672580,2066.0,431.0,139.0,0.0
672580,2062.0,431.0,139.0,0.0
672598,2049.0,431.0,139.0,0.0
672598,2048.0,431.0,139.0,0.0
672598,2057.0,431.0,139.0,0.0
672598,2057.0,431.0,139.0,0.0
672611,2037.0,431.0,139.0,0.0
672612,2023.0,431.0,139.0,0.0
672612,2025.0,431.0,139.0,0.0
672625,2065.0,431.0,139.0,0.0
672625,2058.0,431.0,139.0,0.0
672625,2060.0,431.0,139.0,0.0
672626,2063.0,431.0,139.0,0.0
672642,2028.0,431.0,139.0,0.0
672643,2059.0,431.0,139.0,0.0
672643,2051.0,431.0,139.0,0.0
672643,2070.0,431.0,139.0,0.0
672656,2038.0,431.0,139.0,0.0
672656,2038.0,431.0,139.0,0.0
672656,2031.0,431.0,139.0,0.0
672670,2033.0,431.0,139.0,0.0
672670,2032.0,431.0,139.0,0.0
672671,2031.0,431.0,139.0,0.0
672671,2035.0,431.0,139.0,0.0
672688,2050.0,431.0,139.0,0.0
672688,2048.0,431.0,139.0,0.0
672688,2051.0,431.0,139.0,0.0
672688,2045.0,431.0,139.0,0.0
672701,2056.0,431.0,139.0,0.0
672701,2058.0,431.0,139.0,0.0
672702,2064.0,431.0,139.0,0.0
672718,2060.0,431.0,139.0,0.0
672719,2064.0,431.0,139.0,0.0
672719,2059.0,431.0,139.0,0.0
672719,2063.0,431.0,139.0,0.0
672732,2026.0,431.0,139.0,0.0
672733,2026.0,431.0,139.0,0.0
672733,2041.0,431.0,139.0,0.0
672745,2060.0,431.0,139.0,0.0
672746,2050.0,431.0,139.0,0.0
672746,2056.0,431.0,139.0,0.0
672746,2058.0,431.0,139.0,0.0
672763,2095.0,432.0,139.0,0.0
672764,2088.0,432.0,139.0,0.0
672764,2101.0,432.0,139.0,0.0
672764,2084.0,432.0,139.0,0.0
672778,2040.0,432.0,139.0,0.0
672778,2049.0,432.0,139.0,0.0
672778,2045.0,432.0,139.0,0.0
672794,2031.0,432.0,139.0,0.0
672795,2028.0,432.0,139.0,0.0
672795,2031.0,432.0,139.0,0.0
672795,2030.0,432.0,139.0,0.0
672808,2039.0,432.0,139.0,0.0
672809,2034.0,432.0,139.0,0.0
672809,2033.0,432.0,139.0,0.0
672822,2072.0,432.0,139.0,0.0
672822,2073.0,432.0,139.0,0.0
672822,2065.0,432.0,139.0,0.0
672822,2063.0,432.0,139.0,0.0
672840,2061.0,433.0,139.0,0.0
672841,2068.0,433.0,139.0,0.0
672841,2070.0,433.0,139.0,0.0
672841,2066.0,433.0,139.0,0.0
672854,2026.0,433.0,139.0,0.0
672854,2028.0,433.0,139.0,0.0
672854,2035.0,433.0,139.0,0.0
672868,2045.0,433.0,139.0,0.0
672868,2039.0,433.0,139.0,0.0
672868,2038.0,433.0,139.0,0.0
672868,2041.0,433.0,139.0,0.0
672884,2074.0,433.0,139.0,0.0
672885,2065.0,433.0,139.0,0.0
672885,2065.0,433.0,139.0,0.0
672885,2062.0,433.0,139.0,0.0
672899,2046.0,433.0,139.0,0.0
672899,2057.0,433.0,139.0,0.0
672899,2063.0,433.0,139.0,0.0
672915,2031.0,434.0,139.0,0.0
672916,2035.0,434.0,139.0,0.0
672916,2045.0,434.0,139.0,0.0
672916,2038.0,434.0,139.0,0.0
672930,2053.0,434.0,139.0,0.0
672930,2043.0,434.0,139.0,0.0
672930,2046.0,434.0,139.0,0.0
672943,2064.0,434.0,139.0,0.0
672943,2061.0,434.0,139.0,0.0
672944,2059.0,434.0,139.0,0.0
672944,2063.0,434.0,139.0,0.0
672962,2070.0,434.0,139.0,0.0
672962,2077.0,434.0,139.0,0.0
672962,2075.0,434.0,139.0,0.0
672963,2065.0,434.0,139.0,0.0
672976,2051.0,434.0,139.0,0.0
672976,2035.0,434.0,139.0,0.0
672977,2036.0,434.0,139.0,0.0
672989,2039.0,434.0,139.0,0.0
672990,2036.0,434.0,139.0,0.0
672990,2042.0,434.0,139.0,0.0
672990,2038.0,434.0,139.0,0.0
673007,2057.0,435.0,139.0,0.0
673007,2052.0,435.0,139.0,0.0
673007,2049.0,435.0,139.0,0.0
673007,2042.0,435.0,139.0,0.0
673020,2055.0,435.0,139.0,0.0
673020,2058.0,435.0,139.0,0.0
673021,2054.0,435.0,139.0,0.0
673033,2039.0,435.0,139.0,0.0
673034,2030.0,435.0,139.0,0.0
673034,2029.0,435.0,139.0,0.0
673051,2039.0,436.0,139.0,0.0
673051,2035.0,436.0,139.0,0.0
673051,2039.0,436.0,139.0,0.0
673052,2042.0,436.0,139.0,0.0
673064,2028.0,437.0,139.0,0.0
673065,2024.0,437.0,139.0,0.0
673065,2025.0,437.0,139.0,0.0
673082,2049.0,438.0,139.0,0.0
673083,2055.0,438.0,139.0,0.0
673083,2060.0,438.0,139.0,0.0
673083,2053.0,438.0,139.0,0.0
673097,2048.0,438.0,139.0,0.0
673097,2037.0,438.0,139.0,0.0
673097,2052.0,438.0,139.0,0.0
673110,2047.0,438.0,139.0,0.0
673111,2052.0,438.0,139.0,0.0
673111,2035.0,438.0,139.0,0.0
673111,2032.0,438.0,139.0,0.0
673128,2050.0,439.0,139.0,0.0
673128,2045.0,439.0,139.0,0.0
673129,2050.0,439.0,139.0,0.0
673129,2050.0,439.0,139.0,0.0
673141,2064.0,439.0,139.0,0.0
673142,2060.0,439.0,139.0,0.0
673142,2060.0,439.0,139.0,0.0
673159,2055.0,439.0,139.0,0.0
673160,2057.0,439.0,139.0,0.0
673160,2057.0,439.0,139.0,0.0
673160,2060.0,439.0,139.0,0.0
673173,2026.0,440.0,139.0,0.0
673174,2055.0,440.0,139.0,0.0
673174,2027.0,440.0,139.0,0.0
673187,2051.0,440.0,139.0,0.0
673188,2053.0,440.0,139.0,0.0
673188,2046.0,440.0,139.0,0.0
673188,2047.0,440.0,139.0,0.0
673206,2061.0,440.0,139.0,0.0
673207,2058.0,440.0,139.0,0.0
673207,2055.0,440.0,139.0,0.0
673207,2061.0,440.0,139.0,0.0
673220,2056.0,440.0,139.0,0.0
673220,2057.0,440.0,139.0,0.0
673220,2052.0,440.0,139.0,0.0
673233,2028.0,440.0,139.0,0.0
673233,2027.0,440.0,139.0,0.0
673234,2030.0,440.0,139.0,0.0
673234,2028.0,440.0,139.0,0.0
673250,2032.0,441.0,139.0,0.0
673251,2033.0,441.0,139.0,0.0
673252,2029.0,441.0,139.0,0.0
673252,2031.0,441.0,139.0,0.0
673265,2056.0,441.0,139.0,0.0
673266,2055.0,441.0,139.0,0.0
673266,2052.0,441.0,139.0,0.0
673282,2068.0,441.0,139.0,0.0
673283,2071.0,441.0,139.0,0.0
673283,2068.0,441.0,139.0,0.0
673283,2067.0,441.0,139.0,0.0
673297,2034.0,441.0,139.0,0.0
673297,2039.0,441.0,139.0,0.0
673297,2043.0,441.0,139.0,0.0
673310,2042.0,441.0,139.0,0.0
673310,2030.0,441.0,139.0,0.0
673310,2035.0,441.0,139.0,0.0
673311,2033.0,441.0,139.0,0.0
673328,2047.0,441.0,139.0,0.0
673329,2042.0,441.0,139.0,0.0
673329,2042.0,441.0,139.0,0.0
673329,2042.0,441.0,139.0,0.0
673342,2070.0,441.0,139.0,0.0
673342,2076.0,441.0,139.0,0.0
673342,2064.0,441.0,139.0,0.0
673356,2024.0,441.0,139.0,0.0
673357,2036.0,441.0,139.0,0.0
673357,2047.0,441.0,139.0,0.0
673357,2037.0,441.0,139.0,0.0
673373,2026.0,441.0,139.0,0.0
673374,2020.0,441.0,139.0,0.0
673374,2027.0,441.0,139.0,0.0
673374,2028.0,441.0,139.0,0.0
673388,2057.0,440.0,139.0,0.0
673388,2038.0,440.0,139.0,0.0
673388,2039.0,440.0,139.0,0.0
673405,2072.0,440.0,139.0,0.0
673406,2054.0,440.0,139.0,0.0
673406,2063.0,440.0,139.0,0.0
673406,2065.0,440.0,139.0,0.0
673419,2057.0,440.0,139.0,0.0
673419,2056.0,440.0,139.0,0.0
673419,2055.0,440.0,139.0,0.0
673432,2035.0,440.0,139.0,0.0
673432,2025.0,440.0,139.0,0.0
673432,2022.0,440.0,139.0,0.0
673433,2033.0,440.0,139.0,0.0
673450,2046.0,441.0,139.0,0.0
673451,2048.0,441.0,139.0,0.0
673451,2038.0,441.0,139.0,0.0
673451,2039.0,441.0,139.0,0.0
673465,2067.0,441.0,139.0,0.0
673465,2056.0,441.0,139.0,0.0
673465,2059.0,441.0,139.0,0.0
673478,2049.0,441.0,139.0,0.0
673478,2056.0,441.0,139.0,0.0
673478,2054.0,441.0,139.0,0.0
673479,2050.0,441.0,139.0,0.0
673496,2047.0,440.0,139.0,0.0
673496,2037.0,440.0,139.0,0.0
673496,2039.0,440.0,139.0,0.0
673496,2036.0,440.0,139.0,0.0
673509,2042.0,440.0,139.0,0.0
673509,2035.0,440.0,139.0,0.0
673510,2037.0,440.0,139.0,0.0
673522,2073.0,440.0,139.0,0.0
673523,2062.0,440.0,139.0,0.0
673523,2064.0,440.0,139.0,0.0
673539,2053.0,440.0,139.0,0.0
673540,2056.0,440.0,139.0,0.0
673540,2072.0,440.0,139.0,0.0
673540,2073.0,440.0,139.0,0.0
673553,2031.0,440.0,139.0,0.0
673553,2034.0,440.0,139.0,0.0
673553,2028.0,440.0,139.0,0.0
673570,2040.0,440.0,139.0,0.0
673571,2041.0,440.0,139.0,0.0
673571,2044.0,440.0,139.0,0.0
673571,2043.0,440.0,139.0,0.0
673585,2060.0,439.0,139.0,0.0
673585,2056.0,439.0,139.0,0.0
673585,2061.0,439.0,139.0,0.0
673598,2054.0,439.0,139.0,0.0
673599,2043.0,439.0,139.0,0.0
673599,2031.0,439.0,139.0,0.0
673599,2056.0,439.0,139.0,0.0
673616,2026.0,439.0,139.0,0.0
673616,2039.0,439.0,139.0,0.0
673616,2039.0,439.0,139.0,0.0
673617,2047.0,439.0,139.0,0.0
673629,2040.0,439.0,139.0,0.0
673630,2032.0,439.0,139.0,0.0
673630,2051.0,439.0,139.0,0.0
673647,2059.0,439.0,139.0,0.0
673647,2056.0,439.0,139.0,0.0
673647,2054.0,439.0,139.0,0.0
673647,2053.0,439.0,139.0,0.0
673660,2053.0,439.0,139.0,0.0
673660,2061.0,439.0,139.0,0.0
673661,2071.0,439.0,139.0,0.0
673674,2020.0,439.0,139.0,0.0
673675,2024.0,439.0,139.0,0.0
673675,2027.0,439.0,139.0,0.0
673675,2025.0,439.0,139.0,0.0
673692,2034.0,439.0,139.0,0.0
673693,2035.0,439.0,139.0,0.0
673693,2035.0,439.0,139.0,0.0
673693,2030.0,439.0,139.0,0.0
673706,2054.0,439.0,139.0,0.0
673707,2055.0,439.0,139.0,0.0
673707,2053.0,439.0,139.0,0.0
673720,2070.0,439.0,139.0,0.0
673720,2066.0,439.0,139.0,0.0
673720,2058.0,439.0,139.0,0.0
673720,2072.0,439.0,139.0,0.0
673737,2045.0,438.0,139.0,0.0
673738,2055.0,438.0,139.0,0.0
673738,2054.0,438.0,139.0,0.0
673738,2052.0,438.0,139.0,0.0
673750,2048.0,438.0,139.0,0.0
673751,2036.0,438.0,139.0,0.0
673751,2046.0,438.0,139.0,0.0
673764,2069.0,439.0,139.0,0.0
673765,2067.0,439.0,139.0,0.0
673765,2069.0,439.0,139.0,0.0
673765,2062.0,439.0,139.0,0.0
673781,2078.0,439.0,139.0,0.0
673781,2069.0,439.0,139.0,0.0
673782,2063.0,439.0,139.0,0.0
673782,2069.0,439.0,139.0,0.0
673795,2029.0,438.0,139.0,0.0
673796,2036.0,438.0,139.0,0.0
673796,2033.0,438.0,139.0,0.0
673812,2036.0,438.0,139.0,0.0
673812,2028.0,438.0,139.0,0.0
673813,2039.0,438.0,139.0,0.0
673813,2016.0,438.0,139.0,0.0
673826,2024.0,438.0,139.0,0.0
673827,2053.0,438.0,139.0,0.0
673827,2059.0,438.0,139.0,0.0
673839,2072.0,437.0,139.0,0.0
673840,2059.0,437.0,139.0,0.0
673840,2072.0,437.0,139.0,0.0
673840,2058.0,437.0,139.0,0.0
673857,2021.0,437.0,139.0,0.0
673857,2048.0,437.0,139.0,0.0
673858,2048.0,437.0,139.0,0.0
673858,2044.0,437.0,139.0,0.0
673870,2040.0,437.0,139.0,0.0
673871,2038.0,437.0,139.0,0.0
673871,2030.0,437.0,139.0,0.0
673888,2059.0,438.0,139.0,0.0
673888,2055.0,438.0,139.0,0.0
673888,2050.0,438.0,139.0,0.0
673888,2052.0,438.0,139.0,0.0
673901,2064.0,438.0,139.0,0.0
673901,2061.0,438.0,139.0,0.0
673902,2053.0,438.0,139.0,0.0
673915,2035.0,438.0,139.0,0.0
673916,2036.0,438.0,139.0,0.0
673916,2039.0,438.0,139.0,0.0
673916,2036.0,438.0,139.0,0.0
673934,2028.0,438.0,139.0,0.0
673934,2033.0,438.0,139.0,0.0
673934,2031.0,438.0,139.0,0.0
673934,2029.0,438.0,139.0,0.0
673947,2057.0,437.0,139.0,0.0
673948,2053.0,437.0,139.0,0.0
673948,2037.0,437.0,139.0,0.0
673960,2074.0,437.0,139.0,0.0
673961,2063.0,437.0,139.0,0.0
673961,2060.0,437.0,139.0,0.0
673961,2060.0,437.0,139.0,0.0
673978,2052.0,436.0,139.0,0.0
673979,2039.0,436.0,139.0,0.0
673979,2047.0,436.0,139.0,0.0
673979,2010.0,436.0,139.0,0.0
673993,2032.0,436.0,139.0,0.0
673993,2013.0,436.0,139.0,0.0
673994,2025.0,436.0,139.0,0.0
674010,2054.0,436.0,139.0,0.0
674010,2040.0,436.0,139.0,0.0
674010,2039.0,436.0,139.0,0.0
674010,2039.0,436.0,139.0,0.0
674024,2059.0,436.0,139.0,0.0
674024,2059.0,436.0,139.0,0.0
674025,2067.0,436.0,139.0,0.0
674037,2036.0,436.0,139.0,0.0
674038,2036.0,436.0,139.0,0.0
674038,2041.0,436.0,139.0,0.0
674038,2034.0,436.0,139.0,0.0
674056,2028.0,436.0,139.0,0.0
674056,2034.0,436.0,139.0,0.0
674056,2042.0,436.0,139.0,0.0
674056,2037.0,436.0,139.0,0.0
674069,2036.0,436.0,139.0,0.0
674069,2053.0,436.0,139.0,0.0
674070,2042.0,436.0,139.0,0.0
674083,2073.0,436.0,139.0,0.0
674084,2065.0,436.0,139.0,0.0
674084,2088.0,436.0,139.0,0.0
674084,2058.0,436.0,139.0,0.0
674100,2061.0,435.0,139.0,0.0
674100,2061.0,435.0,139.0,0.0
674100,2059.0,435.0,139.0,0.0
674101,2052.0,435.0,139.0,0.0
674114,2028.0,434.0,139.0,0.0
674114,2026.0,434.0,139.0,0.0
674115,2030.0,434.0,139.0,0.0
674130,2040.0,434.0,139.0,0.0
674131,2041.0,434.0,139.0,0.0
674131,2045.0,434.0,139.0,0.0
674131,2045.0,434.0,139.0,0.0
674145,2039.0,434.0,139.0,0.0
674145,2057.0,434.0,139.0,0.0
674145,2055.0,434.0,139.0,0.0
674158,2058.0,433.0,139.0,0.0
674158,2058.0,433.0,139.0,0.0
674158,2056.0,433.0,139.0,0.0
674159,2049.0,433.0,139.0,0.0
674176,2033.0,433.0,139.0,0.0
674177,2054.0,433.0,139.0,0.0
674177,2045.0,433.0,139.0,0.0
674177,2044.0,433.0,139.0,0.0
674190,2036.0,433.0,139.0,0.0
674190,2036.0,433.0,139.0,0.0
674190,2036.0,433.0,139.0,0.0
674204,2066.0,432.0,139.0,0.0
674204,2061.0,432.0,139.0,0.0
674205,2064.0,432.0,139.0,0.0
674205,2063.0,432.0,139.0,0.0
674220,2056.0,432.0,139.0,0.0
674221,2077.0,432.0,139.0,0.0
674221,2064.0,432.0,139.0,0.0
674221,2065.0,432.0,139.0,0.0
674235,2028.0,431.0,139.0,0.0
674235,2027.0,431.0,139.0,0.0
674235,2022.0,431.0,139.0,0.0
674252,2039.0,431.0,139.0,0.0
674252,2041.0,431.0,139.0,0.0
674253,2043.0,431.0,139.0,0.0
674253,2046.0,431.0,139.0,0.0
674265,2052.0,430.0,139.0,0.0
674266,2057.0,430.0,139.0,0.0
674266,2055.0,430.0,139.0,0.0
674279,2058.0,430.0,139.0,0.0
674279,2056.0,430.0,139.0,0.0
674279,2054.0,430.0,139.0,0.0
674297,2035.0,431.0,139.0,0.0
674297,2043.0,431.0,139.0,0.0
674298,2084.0,431.0,139.0,0.0
674298,2047.0,431.0,139.0,0.0
674310,2042.0,430.0,139.0,0.0
674311,2035.0,430.0,139.0,0.0
674311,2032.0,430.0,139.0,0.0
674324,2084.0,430.0,139.0,0.0
674325,2066.0,430.0,139.0,0.0
674325,2068.0,430.0,139.0,0.0
674325,2072.0,430.0,139.0,0.0
674342,2065.0,429.0,139.0,0.0
674342,2067.0,429.0,139.0,0.0
674343,2083.0,429.0,139.0,0.0
674343,2074.0,429.0,139.0,0.0
674355,2029.0,429.0,139.0,0.0
674356,2014.0,429.0,139.0,0.0
674356,2031.0,429.0,139.0,0.0
674373,2036.0,429.0,139.0,0.0
674373,2040.0,429.0,139.0,0.0
674373,2037.0,429.0,139.0,0.0
674374,2038.0,429.0,139.0,0.0
674386,2058.0,429.0,159.6,0.0
674387,2051.0,429.0,159.6,0.0
674387,2073.0,429.0,159.6,0.0
674400,2059.0,429.0,159.6,0.0
674401,2071.0,429.0,159.6,0.0
674402,2073.0,429.0,159.6,0.0
674403,2074.0,429.0,159.6,0.0
674420,2044.0,428.0,159.6,0.0
674420,2047.0,428.0,159.6,0.0
674420,2054.0,428.0,159.6,0.0
674421,2050.0,428.0,159.6,0.0
674434,2026.0,428.0,159.6,0.0
674435,2036.0,428.0,159.6,0.0
674435,2032.0,428.0,159.6,0.0
674447,2054.0,428.0,159.6,0.0
674448,2041.0,428.0,159.6,0.0
674448,2050.0,428.0,159.6,0.0
674448,2059.0,428.0,159.6,0.0
674465,2068.0,428.0,159.6,0.0
674466,2065.0,428.0,159.6,0.0
674466,2064.0,428.0,159.6,0.0
674466,2065.0,428.0,159.6,0.0
674478,2045.0,428.0,159.6,0.0
674479,2041.0,428.0,159.6,0.0
674479,2050.0,428.0,159.6,0.0
674493,2034.0,427.0,159.6,0.0
674493,2035.0,427.0,159.6,0.0
674493,2040.0,427.0,159.6,0.0
674494,2033.0,427.0,159.6,0.0
674510,2050.0,427.0,159.6,0.0
674510,2047.0,427.0,159.6,0.0
674510,2043.0,427.0,159.6,0.0
674510,2053.0,427.0,159.6,0.0
674524,2058.0,427.0,159.6,0.0
674524,2058.0,427.0,159.6,0.0
674525,2051.0,427.0,159.6,0.0
674542,2070.0,427.0,159.6,0.0
674543,2077.0,427.0,159.6,0.0
674543,2076.0,427.0,159.6,0.0
674543,2073.0,427.0,159.6,0.0
674556,2003.0,427.0,159.6,0.0
674556,2024.0,427.0,159.6,0.0
674556,2020.0,427.0,159.6,0.0
674569,2053.0,427.0,159.6,0.0
674569,2043.0,427.0,159.6,0.0
674569,2044.0,427.0,159.6,0.0
674570,2044.0,427.0,159.6,0.0
674586,2043.0,427.0,159.6,0.0
674587,2058.0,427.0,159.6,0.0
674587,2080.0,427.0,159.6,0.0
674587,2057.0,427.0,159.6,0.0
674601,2062.0,427.0,159.6,0.0
674601,2057.0,427.0,159.6,0.0
674601,2054.0,427.0,159.6,0.0
674617,2036.0,427.0,159.6,0.0
674618,2044.0,427.0,159.6,0.0
674618,2042.0,427.0,159.6,0.0
674618,2041.0,427.0,159.6,0.0
674631,2029.0,427.0,159.6,0.0
674632,2021.0,427.0,159.6,0.0
674632,2038.0,427.0,159.6,0.0
674645,2067.0,427.0,159.6,0.0
674645,2060.0,427.0,159.6,0.0
674645,2064.0,427.0,159.6,0.0
674645,2058.0,427.0,159.6,0.0
674663,2068.0,427.0,159.6,0.0
674664,2059.0,427.0,159.6,0.0
674664,2068.0,427.0,159.6,0.0
674664,2084.0,427.0,159.6,0.0
674677,2039.0,427.0,159.6,0.0
674677,2025.0,427.0,159.6,0.0
674677,2039.0,427.0,159.6,0.0
674691,2035.0,428.0,159.6,0.0
674691,2033.0,428.0,159.6,0.0
674691,2023.0,428.0,159.6,0.0
674692,2030.0,428.0,159.6,0.0
674708,2073.0,428.0,171.9,0.0
674708,2063.0,428.0,171.9,0.0
674708,2042.0,428.0,171.9,0.0
674709,2068.0,428.0,171.9,0.0
674722,2067.0,427.0,171.9,0.0
674723,2057.0,427.0,171.9,0.0
674723,2060.0,427.0,171.9,0.0
674739,2051.0,427.0,171.9,0.0
674739,2047.0,427.0,171.9,0.0
674739,2052.0,427.0,171.9,0.0
674739,2048.0,427.0,171.9,0.0
674753,2048.0,427.0,171.9,0.0
674753,2020.0,427.0,171.9,0.0
674753,2027.0,427.0,171.9,0.0
674766,2061.0,427.0,171.9,0.0
674766,2054.0,427.0,171.9,0.0
674767,2049.0,427.0,171.9,0.0
674767,2063.0,427.0,171.9,0.0
674785,2071.0,427.0,171.9,0.0
674785,2060.0,427.0,171.9,0.0
674785,2058.0,427.0,171.9,0.0
674786,2073.0,427.0,171.9,0.0
674798,2035.0,427.0,171.9,0.0
674799,2042.0,427.0,171.9,0.0
674799,2072.0,427.0,171.9,0.0
674812,2032.0,428.0,171.9,0.0
674813,2005.0,428.0,171.9,0.0
674813,2035.0,428.0,171.9,0.0
674813,2034.0,428.0,171.9,0.0
674830,2041.0,428.0,171.9,0.0
674830,2039.0,428.0,171.9,0.0
674831,2040.0,428.0,171.9,0.0
674831,2042.0,428.0,171.9,0.0
674843,2061.0,428.0,171.9,0.0
674844,2058.0,428.0,171.9,0.0
674844,2066.0,428.0,171.9,0.0
674861,2070.0,428.0,171.9,0.0
674861,2079.0,428.0,171.9,0.0
674862,2086.0,428.0,171.9,0.0
674862,2080.0,428.0,171.9,0.0
674874,2023.0,428.0,171.9,0.0
674875,2024.0,428.0,171.9,0.0
674875,2016.0,428.0,171.9,0.0
674888,2054.0,428.0,171.9,0.0
674888,2039.0,428.0,171.9,0.0
674888,2037.0,428.0,171.9,0.0
674889,2059.0,428.0,171.9,0.0
674906,2072.0,428.0,171.9,0.0
674907,2047.0,428.0,171.9,0.0
674907,2053.0,428.0,171.9,0.0
674907,2044.0,428.0,171.9,0.0
674921,2060.0,429.0,171.9,0.0
674921,2061.0,429.0,171.9,0.0
674921,2057.0,429.0,171.9,0.0
674934,2032.0,429.0,171.9,0.0
674934,2033.0,429.0,171.9,0.0
674934,2017.0,429.0,171.9,0.0
674935,2028.0,429.0,171.9,0.0
674951,2048.0,429.0,171.9,0.0
674952,2049.0,429.0,171.9,0.0
674952,2047.0,429.0,171.9,0.0
674952,2057.0,429.0,171.9,0.0
674965,2072.0,429.0,171.9,0.0
674965,2068.0,429.0,171.9,0.0
674965,2058.0,429.0,171.9,0.0
674979,2052.0,429.0,171.9,0.0
674979,2081.0,429.0,171.9,0.0
674980,2055.0,429.0,171.9,0.0
674980,2054.0,429.0,171.9,0.0
674996,2023.0,429.0,171.9,0.0
674996,2039.0,429.0,171.9,0.0
674996,1896.0,429.0,171.9,0.0
674996,2026.0,429.0,171.9,0.0
675010,2058.0,429.0,171.9,0.0
675011,2059.0,429.0,171.9,0.0
675011,2072.0,429.0,171.9,0.0
675027,2062.0,429.0,171.9,0.0
675027,2051.0,429.0,171.9,0.0
675027,2036.0,429.0,171.9,0.0
675028,2038.0,429.0,171.9,0.0
675041,2057.0,429.0,171.9,0.0
675042,2068.0,429.0,171.9,0.0
675042,2061.0,429.0,171.9,0.0
675054,2021.0,429.0,171.9,0.0
675055,2030.0,429.0,171.9,0.0
675055,2031.0,429.0,171.9,0.0
675055,2039.0,429.0,171.9,0.0
675072,2043.0,429.0,171.9,0.0
675072,2032.0,429.0,171.9,0.0
675072,2029.0,429.0,171.9,0.0
675073,2043.0,429.0,171.9,0.0
675085,2050.0,430.0,171.9,0.0
675086,2083.0,430.0,171.9,0.0
675086,2052.0,430.0,171.9,0.0
675103,2066.0,430.0,171.9,0.0
675103,2073.0,430.0,171.9,0.0
675103,2062.0,430.0,171.9,0.0
675104,2070.0,430.0,171.9,0.0
675116,2021.0,430.0,171.9,0.0
675117,2023.0,430.0,171.9,0.0
675117,2029.0,430.0,171.9,0.0
675130,2041.0,430.0,171.9,0.0
675131,2039.0,430.0,171.9,0.0
675131,2034.0,430.0,171.9,0.0
675131,2039.0,430.0,171.9,0.0
675149,2055.0,430.0,171.9,0.0
675150,2056.0,430.0,171.9,0.0
675150,2048.0,430.0,171.9,0.0
675150,2048.0,430.0,171.9,0.0
675163,2060.0,430.0,171.9,0.0
675163,2074.0,430.0,171.9,0.0
675163,2092.0,430.0,171.9,0.0
675176,2010.0,431.0,171.9,0.0
675176,2023.0,431.0,171.9,0.0
675177,2021.0,431.0,171.9,0.0
675177,2022.0,431.0,171.9,0.0
675194,2009.0,431.0,171.9,0.0
675194,2028.0,431.0,171.9,0.0
675194,2037.0,431.0,171.9,0.0
675194,2011.0,431.0,171.9,0.0
675207,2066.0,431.0,171.9,0.0
675207,2053.0,431.0,171.9,0.0
675208,2052.0,431.0,171.9,0.0
675221,2056.0,430.0,171.9,0.0
675222,2066.0,430.0,171.9,0.0
675222,2059.0,430.0,171.9,0.0
675222,2065.0,430.0,171.9,0.0
675239,2044.0,431.0,171.9,0.0
675239,2046.0,431.0,171.9,0.0
675240,2037.0,431.0,171.9,0.0
675240,2065.0,431.0,171.9,0.0
675252,2038.0,431.0,171.9,0.0
675253,2033.0,431.0,171.9,0.0
675253,2036.0,431.0,171.9,0.0
675270,2056.0,431.0,171.9,0.0
675270,2042.0,431.0,171.9,0.0
675271,2049.0,431.0,171.9,0.0
675271,2046.0,431.0,171.9,0.0
675283,2067.0,431.0,171.9,0.0
675284,2050.0,431.0,171.9,0.0
675284,2066.0,431.0,171.9,0.0
675297,2090.0,432.0,171.9,0.0
675297,2028.0,432.0,171.9,0.0
675297,2001.0,432.0,171.9,0.0
675297,2029.0,432.0,171.9,0.0
675315,2024.0,432.0,171.9,0.0
675315,2040.0,432.0,171.9,0.0
675315,2036.0,432.0,171.9,0.0
675315,2035.0,432.0,171.9,0.0
675329,2043.0,432.0,171.9,0.0
675329,2033.0,432.0,171.9,0.0
675330,2034.0,432.0,171.9,0.0
675345,2071.0,433.0,171.9,0.0
675346,2071.0,433.0,171.9,0.0
675346,2069.0,433.0,171.9,0.0
675346,2063.0,433.0,171.9,0.0
675360,2040.0,433.0,171.9,0.0
675360,2041.0,433.0,171.9,0.0
675360,2048.0,433.0,171.9,0.0
675373,2035.0,433.0,171.9,0.0
675373,2030.0,433.0,171.9,0.0
675373,2027.0,433.0,171.9,0.0
675374,2039.0,433.0,171.9,0.0
675391,2042.0,434.0,171.9,0.0
675392,2034.0,434.0,171.9,0.0
675392,2022.0,434.0,171.9,0.0
675392,2036.0,434.0,171.9,0.0
675405,2066.0,434.0,171.9,0.0
675405,2067.0,434.0,171.9,0.0
675405,2056.0,434.0,171.9,0.0
675419,2038.0,435.0,171.9,0.0
675419,2041.0,435.0,171.9,0.0
675420,2046.0,435.0,171.9,0.0
675420,2050.0,435.0,171.9,0.0
675436,2034.0,435.0,171.9,0.0
675436,2027.0,435.0,171.9,0.0
675436,2028.0,435.0,171.9,0.0
675437,2033.0,435.0,171.9,0.0
675450,2044.0,436.0,171.9,0.0
675451,2036.0,436.0,171.9,0.0
675451,2037.0,436.0,171.9,0.0
675468,2060.0,436.0,171.9,0.0
675469,2072.0,436.0,171.9,0.0
675469,2058.0,436.0,171.9,0.0
675469,2060.0,436.0,171.9,0.0
675482,2057.0,436.0,171.9,0.0
675482,2052.0,436.0,171.9,0.0
675482,2056.0,436.0,171.9,0.0
675495,2024.0,437.0,171.9,0.0
675495,2026.0,437.0,171.9,0.0
675496,2034.0,437.0,171.9,0.0
675513,2052.0,437.0,171.9,0.0
675514,2041.0,437.0,171.9,0.0
675514,2039.0,437.0,171.9,0.0
675514,2041.0,437.0,171.9,0.0
675528,2055.0,437.0,171.9,0.0
675528,2052.0,437.0,171.9,0.0
675528,2052.0,437.0,171.9,0.0
675541,2061.0,437.0,171.9,0.0
675541,2057.0,437.0,171.9,0.0
675541,2058.0,437.0,171.9,0.0
675542,2049.0,437.0,171.9,0.0
675558,2034.0,437.0,171.9,0.0
675559,2041.0,437.0,171.9,0.0
675559,2047.0,437.0,171.9,0.0
675559,2045.0,437.0,171.9,0.0
675572,2030.0,437.0,171.9,0.0
675572,2035.0,437.0,171.9,0.0
675572,2026.0,437.0,171.9,0.0
675585,2061.0,437.0,171.9,0.0
675585,2065.0,437.0,171.9,0.0
675586,2065.0,437.0,171.9,0.0
675586,2056.0,437.0,171.9,0.0
675603,2067.0,437.0,171.9,0.0
675603,2069.0,437.0,171.9,0.0
675603,2059.0,437.0,171.9,0.0
675604,2060.0,437.0,171.9,0.0
675617,2033.0,437.0,171.9,0.0
675618,2040.0,437.0,171.9,0.0
675618,2054.0,437.0,171.9,0.0
675634,2042.0,437.0,171.9,0.0
675634,2022.0,437.0,171.9,0.0
675635,2043.0,437.0,171.9,0.0
675635,2022.0,437.0,171.9,0.0
675648,2052.0,437.0,171.9,0.0
675649,2042.0,437.0,171.9,0.0
675649,2049.0,437.0,171.9,0.0
675661,2059.0,437.0,171.9,0.0
675662,2062.0,437.0,171.9,0.0
675662,2056.0,437.0,171.9,0.0
675662,2063.0,437.0,171.9,0.0
675679,2043.0,437.0,171.9,0.0
675679,2046.0,437.0,171.9,0.0
675680,2066.0,437.0,171.9,0.0
675680,2040.0,437.0,171.9,0.0
675692,2035.0,437.0,171.9,0.0
675693,2042.0,437.0,171.9,0.0
675693,2035.0,437.0,171.9,0.0
675710,2057.0,437.0,171.9,0.0
675710,2051.0,437.0,171.9,0.0
675710,2049.0,437.0,171.9,0.0
675711,2051.0,437.0,171.9,0.0
675723,2061.0,437.0,171.9,0.0
675724,2067.0,437.0,171.9,0.0
675724,2059.0,437.0,171.9,0.0
675737,2034.0,437.0,171.9,0.0
675738,2042.0,437.0,171.9,0.0
675738,2037.0,437.0,171.9,0.0
675738,2040.0,437.0,171.9,0.0
675755,2027.0,437.0,171.9,0.0
675756,2025.0,437.0,171.9,0.0
675756,2027.0,437.0,171.9,0.0
675756,2025.0,437.0,171.9,0.0
675769,2024.0,437.0,171.9,0.0
675770,2035.0,437.0,171.9,0.0
675770,2039.0,437.0,171.9,0.0
675783,2051.0,437.0,171.9,0.0
675783,2073.0,437.0,171.9,0.0
675784,2050.0,437.0,171.9,0.0
675784,2063.0,437.0,171.9,0.0
675801,2053.0,437.0,171.9,0.0
675801,2067.0,437.0,171.9,0.0
675801,2058.0,437.0,171.9,0.0
675801,2054.0,437.0,171.9,0.0
675814,2027.0,437.0,171.9,0.0
675814,2030.0,437.0,171.9,0.0
675815,2030.0,437.0,171.9,0.0
675828,2059.0,437.0,171.9,0.0
675829,2056.0,437.0,171.9,0.0
675829,2056.0,437.0,171.9,0.0
675829,2061.0,437.0,171.9,0.0
675845,2060.0,437.0,171.9,0.0
675845,2064.0,437.0,171.9,0.0
675845,2063.0,437.0,171.9,0.0
675846,2060.0,437.0,171.9,0.0
675859,2039.0,436.0,171.9,0.0
675859,2043.0,436.0,171.9,0.0
675860,2041.0,436.0,171.9,0.0
675877,2031.0,436.0,171.9,0.0
675877,2029.0,436.0,171.9,0.0
675877,2037.0,436.0,171.9,0.0
675877,2025.0,436.0,171.9,0.0
675890,2040.0,436.0,171.9,0.0
675891,2041.0,436.0,171.9,0.0
675891,2040.0,436.0,171.9,0.0
675903,2066.0,436.0,171.9,0.0
675904,2063.0,436.0,171.9,0.0
675904,2064.0,436.0,171.9,0.0
675904,2063.0,436.0,171.9,0.0
675922,2060.0,435.0,171.9,0.0
675922,2061.0,435.0,171.9,0.0
675923,2066.0,435.0,171.9,0.0
675923,2058.0,435.0,171.9,0.0
675936,1996.0,435.0,171.9,0.0
675937,2022.0,435.0,171.9,0.0
675937,2028.0,435.0,171.9,0.0
675953,2037.0,435.0,171.9,0.0
675953,2032.0,435.0,171.9,0.0
675953,2035.0,435.0,171.9,0.0
675953,2037.0,435.0,171.9,0.0
675967,2069.0,435.0,171.9,0.0
675967,2059.0,435.0,171.9,0.0
675968,2052.0,435.0,171.9,0.0
675980,2044.0,435.0,171.9,0.0
675981,2078.0,435.0,171.9,0.0
675981,2027.0,435.0,171.9,0.0
675981,2052.0,435.0,171.9,0.0
675999,2036.0,435.0,171.9,0.0
675999,2069.0,435.0,171.9,0.0
676000,2054.0,435.0,171.9,0.0
676000,2044.0,435.0,171.9,0.0
676012,2033.0,435.0,171.9,0.0
676013,2039.0,435.0,171.9,0.0
676013,2035.0,435.0,171.9,0.0
676027,2065.0,435.0,171.9,0.0
676027,2057.0,435.0,171.9,0.0
676027,2039.0,435.0,171.9,0.0
676028,2065.0,435.0,171.9,0.0
676044,2084.0,435.0,171.9,0.0
676044,2070.0,435.0,171.9,0.0
676044,2069.0,435.0,171.9,0.0
676044,2069.0,435.0,171.9,0.0
676058,2056.0,435.0,171.9,0.0
676059,2038.0,435.0,171.9,0.0
676059,2040.0,435.0,171.9,0.0
676076,2027.0,435.0,171.9,0.0
676076,2036.0,435.0,171.9,0.0
676076,2025.0,435.0,171.9,0.0
676077,2028.0,435.0,171.9,0.0
676089,2051.0,435.0,171.9,0.0
676090,2046.0,435.0,171.9,0.0
676090,2054.0,435.0,171.9,0.0
676102,2063.0,435.0,171.9,0.0
676103,2056.0,435.0,171.9,0.0
676103,2057.0,435.0,171.9,0.0
676103,2059.0,435.0,171.9,0.0
676121,2060.0,435.0,171.9,0.0
676122,2055.0,435.0,171.9,0.0
676122,2056.0,435.0,171.9,0.0
676122,2056.0,435.0,171.9,0.0
676135,2023.0,435.0,171.9,0.0
676136,1992.0,435.0,171.9,0.0
676136,2024.0,435.0,171.9,0.0
676149,2053.0,435.0,171.9,0.0
676149,2065.0,435.0,171.9,0.0
676149,2058.0,435.0,171.9,0.0
676150,2065.0,435.0,171.9,0.0
676166,2069.0,435.0,171.9,0.0
676167,2059.0,435.0,171.9,0.0
676167,2053.0,435.0,171.9,0.0
676167,2044.0,435.0,171.9,0.0
676180,2041.0,435.0,171.9,0.0
676180,2031.0,435.0,171.9,0.0
676180,2038.0,435.0,171.9,0.0
676193,2031.0,434.0,171.9,0.0
676193,2039.0,434.0,171.9,0.0
676194,2038.0,434.0,171.9,0.0
676194,2037.0,434.0,171.9,0.0
676210,2048.0,434.0,171.9,0.0
676211,2057.0,434.0,171.9,0.0
676211,2040.0,434.0,171.9,0.0
676211,2048.0,434.0,171.9,0.0
676225,2066.0,434.0,171.9,0.0
676225,2067.0,434.0,171.9,0.0
676225,2067.0,434.0,171.9,0.0
676241,2055.0,434.0,171.9,0.0
676242,2082.0,434.0,171.9,0.0
676242,2070.0,434.0,171.9,0.0
676242,2086.0,434.0,171.9,0.0
676256,2009.0,434.0,171.9,0.0
676256,2016.0,434.0,171.9,0.0
676256,2017.0,434.0,171.9,0.0
676269,2059.0,434.0,171.9,0.0
676269,2058.0,434.0,171.9,0.0
676269,2055.0,434.0,171.9,0.0
676270,2064.0,434.0,171.9,0.0
676286,2069.0,434.0,171.9,0.0
676287,2073.0,434.0,171.9,0.0
676287,2064.0,434.0,171.9,0.0
676287,2071.0,434.0,171.9,0.0
676300,2037.0,433.0,171.9,0.0
676300,2043.0,433.0,171.9,0.0
676300,2036.0,433.0,171.9,0.0
676313,2035.0,433.0,171.9,0.0
676313,2039.0,433.0,171.9,0.0
676313,2049.0,433.0,171.9,0.0
676330,2065.0,433.0,171.9,0.0
676331,2056.0,433.0,171.9,0.0
676331,2043.0,433.0,171.9,0.0
676331,2053.0,433.0,171.9,0.0
676344,2061.0,433.0,171.9,0.0
676345,2058.0,433.0,171.9,0.0
676345,2063.0,433.0,171.9,0.0
676361,2040.0,433.0,171.9,0.0
676362,2049.0,433.0,171.9,0.0
676362,2062.0,433.0,171.9,0.0
676362,2068.0,433.0,171.9,0.0
676375,2025.0,432.0,171.9,0.0
676376,2009.0,432.0,171.9,0.0
676376,2003.0,432.0,171.9,0.0
676389,2062.0,432.0,171.9,0.0
676389,2061.0,432.0,171.9,0.0
676389,2057.0,432.0,171.9,0.0
676389,2056.0,432.0,171.9,0.0
676406,2072.0,432.0,171.9,0.0
676406,2071.0,432.0,171.9,0.0
676407,2069.0,432.0,171.9,0.0
676407,2060.0,432.0,171.9,0.0
676419,2036.0,431.0,171.9,0.0
676420,2039.0,431.0,171.9,0.0
676420,2050.0,431.0,171.9,0.0
676433,2050.0,431.0,171.9,0.0
676433,2042.0,431.0,171.9,0.0
676433,2043.0,431.0,171.9,0.0
676433,2047.0,431.0,171.9,0.0
676451,2056.0,430.0,171.9,0.0
676451,2054.0,430.0,171.9,0.0
676451,2049.0,430.0,171.9,0.0
676451,2053.0,430.0,171.9,0.0
676465,2062.0,429.0,171.9,0.0
676465,2061.0,429.0,171.9,0.0
676466,2060.0,429.0,171.9,0.0
676482,2052.0,429.0,171.9,0.0
676482,2057.0,429.0,171.9,0.0
676482,2059.0,429.0,171.9,0.0
676482,2051.0,429.0,171.9,0.0
676496,2012.0,429.0,171.9,0.0
676496,2027.0,429.0,171.9,0.0
676497,2012.0,429.0,171.9,0.0
676509,2045.0,428.0,171.9,0.0
676510,2058.0,428.0,171.9,0.0
676510,2064.0,428.0,171.9,0.0
676510,2059.0,428.0,171.9,0.0
676527,2068.0,428.0,171.9,0.0
676527,2069.0,428.0,171.9,0.0
676527,2065.0,428.0,171.9,0.0
676527,2066.0,428.0,171.9,0.0
676540,2034.0,428.0,171.9,0.0
676540,2040.0,428.0,171.9,0.0
676541,2049.0,428.0,171.9,0.0
676554,2036.0,427.0,171.9,0.0
676554,2036.0,427.0,171.9,0.0
676555,2037.0,427.0,171.9,0.0
676555,2031.0,427.0,171.9,0.0
676571,2064.0,427.0,171.9,0.0
676571,2040.0,427.0,171.9,0.0
676571,2051.0,427.0,171.9,0.0
676571,2045.0,427.0,171.9,0.0
676585,2062.0,428.0,171.9,0.0
676585,2063.0,428.0,171.9,0.0
676585,2059.0,428.0,171.9,0.0
676601,2054.0,428.0,171.9,0.0
676602,2059.0,428.0,171.9,0.0
676602,2058.0,428.0,171.9,0.0
676602,2059.0,428.0,171.9,0.0
676616,2022.0,427.0,171.9,0.0
676616,2027.0,427.0,171.9,0.0
676616,2026.0,427.0,171.9,0.0
676629,2055.0,427.0,171.9,0.0
676629,2069.0,427.0,171.9,0.0
676630,2057.0,427.0,171.9,0.0
676630,2059.0,427.0,171.9,0.0
676646,2078.0,427.0,171.9,0.0
676647,2075.0,427.0,171.9,0.0
676647,2070.0,427.0,171.9,0.0
676647,2069.0,427.0,171.9,0.0
676660,2032.0,427.0,171.9,0.0
676660,2039.0,427.0,171.9,0.0
676661,2036.0,427.0,171.9,0.0
676674,2033.0,426.0,171.9,0.0
676674,2029.0,426.0,171.9,0.0
676675,2038.0,426.0,171.9,0.0
676675,2033.0,426.0,171.9,0.0
676691,2055.0,426.0,171.9,0.0
676691,2060.0,426.0,171.9,0.0
676691,2051.0,426.0,171.9,0.0
676692,2064.0,426.0,171.9,0.0
676705,2069.0,425.0,171.9,0.0
676705,2065.0,425.0,171.9,0.0
676706,2060.0,425.0,171.9,0.0
676722,2054.0,425.0,171.9,0.0
676722,2059.0,425.0,171.9,0.0
676722,2058.0,425.0,171.9,0.0
676722,2059.0,425.0,171.9,0.0
676736,2024.0,425.0,171.9,0.0
676736,2034.0,425.0,171.9,0.0
676737,2037.0,425.0,171.9,0.0
676749,2061.0,425.0,171.9,0.0
676750,2052.0,425.0,171.9,0.0
676750,2053.0,425.0,171.9,0.0
676750,2057.0,425.0,171.9,0.0
676767,2073.0,425.0,171.9,0.0
676767,2074.0,425.0,171.9,0.0
676767,2067.0,425.0,171.9,0.0
676767,2067.0,425.0,171.9,0.0
676780,2039.0,425.0,171.9,0.0
676780,2043.0,425.0,171.9,0.0
676781,2046.0,425.0,171.9,0.0
676794,2041.0,426.0,171.9,0.0
676794,2035.0,426.0,171.9,0.0
676795,2041.0,426.0,171.9,0.0
676795,2041.0,426.0,171.9,0.0
676811,2061.0,426.0,171.9,0.0
676811,2054.0,426.0,171.9,0.0
676811,2052.0,426.0,171.9,0.0
676811,2060.0,426.0,171.9,0.0
676825,2072.0,426.0,171.9,0.0
676826,2059.0,426.0,171.9,0.0
676826,2061.0,426.0,171.9,0.0
676843,2055.0,426.0,171.9,0.0
676843,2073.0,426.0,171.9,0.0
676843,2071.0,426.0,171.9,0.0
676844,2069.0,426.0,171.9,0.0
676856,2058.0,426.0,171.9,0.0
676857,2072.0,426.0,171.9,0.0
676857,2055.0,426.0,171.9,0.0
676869,2042.0,427.0,171.9,0.0
676870,2067.0,427.0,171.9,0.0
676870,2041.0,427.0,171.9,0.0
676870,2048.0,427.0,171.9,0.0
676887,2086.0,428.0,171.9,0.0
676887,2071.0,428.0,171.9,0.0
676888,2074.0,428.0,171.9,0.0
676888,2069.0,428.0,171.9,0.0
676900,2040.0,428.0,171.9,0.0
676901,2041.0,428.0,171.9,0.0
676901,2046.0,428.0,171.9,0.0
676918,2033.0,428.0,171.9,0.0
676918,2037.0,428.0,171.9,0.0
676918,2041.0,428.0,171.9,0.0
676918,2044.0,428.0,171.9,0.0
676931,2040.0,428.0,171.9,0.0
676931,2042.0,428.0,171.9,0.0
676932,2025.0,428.0,171.9,0.0
676945,2060.0,428.0,171.9,0.0
676946,2068.0,428.0,171.9,0.0
676946,2069.0,428.0,171.9,0.0
676946,2065.0,428.0,171.9,0.0
676964,2074.0,428.0,171.9,0.0
676964,2060.0,428.0,171.9,0.0
676964,2074.0,428.0,171.9,0.0
676965,2072.0,428.0,171.9,0.0
676977,2024.0,428.0,171.9,0.0
676978,2028.0,428.0,171.9,0.0
676978,2023.0,428.0,171.9,0.0
676990,2057.0,428.0,171.9,0.0
676991,2054.0,428.0,171.9,0.0
676991,2056.0,428.0,171.9,0.0
676991,2052.0,428.0,171.9,0.0
677008,2068.0,428.0,171.9,0.0
677008,2072.0,428.0,171.9,0.0
677008,2056.0,428.0,171.9,0.0
677009,2061.0,428.0,171.9,0.0
677022,2058.0,428.0,171.9,0.0
677022,2066.0,428.0,171.9,0.0
677023,2056.0,428.0,171.9,0.0
677038,2028.0,428.0,171.9,0.0
677039,2037.0,428.0,171.9,0.0
677039,2046.0,428.0,171.9,0.0
677039,2032.0,428.0,171.9,0.0
677053,2036.0,428.0,171.9,0.0
677053,2028.0,428.0,171.9,0.0
677053,2054.0,428.0,171.9,0.0
677066,2072.0,428.0,171.9,0.0
677066,2089.0,428.0,171.9,0.0
677067,2064.0,428.0,171.9,0.0
677067,2069.0,428.0,171.9,0.0
677085,2072.0,428.0,171.9,0.0
677085,2068.0,428.0,171.9,0.0
677085,2065.0,428.0,171.9,0.0
677085,2055.0,428.0,171.9,0.0
677098,2035.0,428.0,171.9,0.0
677098,2035.0,428.0,171.9,0.0
677099,2038.0,428.0,171.9,0.0
677112,2044.0,428.0,171.9,0.0
677112,2039.0,428.0,171.9,0.0
677113,2030.0,428.0,171.9,0.0
677113,2046.0,428.0,171.9,0.0
677129,2069.0,429.0,171.9,0.0
677129,2056.0,429.0,171.9,0.0
677129,2058.0,429.0,171.9,0.0
677129,2063.0,429.0,171.9,0.0
677143,2062.0,429.0,171.9,0.0
677143,2055.0,429.0,171.9,0.0
677143,2053.0,429.0,171.9,0.0
677159,2035.0,429.0,171.9,0.0
677160,2056.0,429.0,171.9,0.0
677160,2043.0,429.0,171.9,0.0
677160,2033.0,429.0,171.9,0.0
677174,2039.0,430.0,171.9,0.0
677174,2037.0,430.0,171.9,0.0
677174,2038.0,430.0,171.9,0.0
677187,2068.0,430.0,171.9,0.0
677187,2086.0,430.0,171.9,0.0
677187,2072.0,430.0,171.9,0.0
677188,2065.0,430.0,171.9,0.0
677205,2071.0,430.0,171.9,0.0
677206,2070.0,430.0,171.9,0.0
677206,2079.0,430.0,171.9,0.0
677206,2068.0,430.0,171.9,0.0
677219,2028.0,430.0,171.9,0.0
677219,2030.0,430.0,171.9,0.0
677220,2013.0,430.0,171.9,0.0
677233,2035.0,430.0,171.9,0.0
677234,2034.0,430.0,171.9,0.0
677234,2042.0,430.0,171.9,0.0
677234,2050.0,430.0,171.9,0.0
677252,2057.0,430.0,171.9,0.0
677252,2034.0,430.0,171.9,0.0
677253,2056.0,430.0,171.9,0.0
677253,2055.0,430.0,171.9,0.0
677265,2072.0,430.0,171.9,0.0
677266,2066.0,430.0,171.9,0.0
677266,2065.0,430.0,171.9,0.0
677283,2049.0,431.0,171.9,0.0
677283,2060.0,431.0,171.9,0.0
677283,2061.0,431.0,171.9,0.0
677284,2058.0,431.0,171.9,0.0
677296,2028.0,431.0,171.9,0.0
677297,2031.0,431.0,171.9,0.0
677297,2034.0,431.0,171.9,0.0
677314,2053.0,431.0,171.9,0.0
677314,2045.0,431.0,171.9,0.0
677314,2048.0,431.0,171.9,0.0
677314,2043.0,431.0,171.9,0.0
677327,2085.0,431.0,171.9,0.0
677328,2062.0,431.0,171.9,0.0
677328,2067.0,431.0,171.9,0.0
677341,2023.0,431.0,171.9,0.0
677342,2047.0,431.0,171.9,0.0
677342,2050.0,431.0,171.9,0.0
677342,2054.0,431.0,171.9,0.0
677358,2036.0,431.0,171.9,0.0
677359,1988.0,431.0,171.9,0.0
677359,1997.0,431.0,171.9,0.0
677360,2001.0,431.0,171.9,0.0
677373,2033.0,432.0,171.9,0.0
677374,2032.0,432.0,171.9,0.0
677374,2034.0,432.0,171.9,0.0
677391,2014.0,432.0,171.9,0.0
677392,2048.0,432.0,171.9,0.0
677392,2042.0,432.0,171.9,0.0
677392,2042.0,432.0,171.9,0.0
677405,2062.0,432.0,171.9,0.0
677405,2063.0,432.0,171.9,0.0
677406,2056.0,432.0,171.9,0.0
677418,2019.0,432.0,171.9,0.0
677419,2023.0,432.0,171.9,0.0
677419,2024.0,432.0,171.9,0.0
677419,2025.0,432.0,171.9,0.0
677436,2031.0,432.0,171.9,0.0
677436,2036.0,432.0,171.9,0.0
677437,2039.0,432.0,171.9,0.0
677437,2030.0,432.0,171.9,0.0
677449,2052.0,432.0,171.9,0.0
677450,2051.0,432.0,171.9,0.0
677450,2041.0,432.0,171.9,0.0
677467,2071.0,432.0,171.9,0.0
677467,2072.0,432.0,171.9,0.0
677467,2062.0,432.0,171.9,0.0
677468,2081.0,432.0,171.9,0.0
677481,2040.0,432.0,171.9,0.0
677481,2062.0,432.0,171.9,0.0
677482,2042.0,432.0,171.9,0.0
677494,2044.0,433.0,171.9,0.0
677495,2033.0,433.0,171.9,0.0
677495,2038.0,433.0,171.9,0.0
677495,2034.0,433.0,171.9,0.0
677513,2039.0,433.0,171.9,0.0
677514,2040.0,433.0,171.9,0.0
677514,2037.0,433.0,171.9,0.0
677514,2036.0,433.0,171.9,0.0
677527,2077.0,433.0,171.9,0.0
677527,2069.0,433.0,171.9,0.0
677528,2058.0,433.0,171.9,0.0
677541,2044.0,434.0,171.9,0.0
677542,2067.0,434.0,171.9,0.0
677543,1980.0,434.0,171.9,0.0
677543,2025.0,434.0,171.9,0.0
677560,2027.0,434.0,171.9,0.0
677560,2031.0,434.0,171.9,0.0
677561,2034.0,434.0,171.9,0.0
677561,2038.0,434.0,171.9,0.0
677573,2038.0,435.0,171.9,0.0
677574,2028.0,435.0,171.9,0.0
677574,2025.0,435.0,171.9,0.0
677591,2055.0,435.0,159.6,0.0
677591,2053.0,435.0,159.6,0.0
677591,2053.0,435.0,159.6,0.0
677592,2057.0,435.0,159.6,0.0
677604,2066.0,435.0,159.6,0.0
677605,2064.0,435.0,159.6,0.0
677605,2061.0,435.0,159.6,0.0
677621,2043.0,436.0,159.6,0.0
677622,2045.0,436.0,159.6,0.0
677622,2040.0,436.0,159.6,0.0
677622,2050.0,436.0,159.6,0.0
677635,2033.0,436.0,159.6,0.0
677635,2036.0,436.0,159.6,0.0
677635,2033.0,436.0,159.6,0.0
677648,2063.0,436.0,159.6,0.0
677648,2052.0,436.0,159.6,0.0
677649,2057.0,436.0,159.6,0.0
677649,2134.0,436.0,159.6,0.0
677666,2035.0,437.0,159.6,0.0
677667,2045.0,437.0,159.6,0.0
677667,2041.0,437.0,159.6,0.0
677667,2035.0,437.0,159.6,0.0
677681,2030.0,437.0,159.6,0.0
677681,2029.0,437.0,159.6,0.0
677681,2035.0,437.0,159.6,0.0
677697,2032.0,437.0,159.6,0.0
677698,2032.0,437.0,159.6,0.0
677698,2037.0,437.0,159.6,0.0
677698,2037.0,437.0,159.6,0.0
677712,2043.0,438.0,159.6,0.0
677712,2040.0,438.0,159.6,0.0
677712,2041.0,438.0,159.6,0.0
677725,2060.0,438.0,159.6,0.0
677725,2069.0,438.0,159.6,0.0
677726,2065.0,438.0,159.6,0.0
677726,2065.0,438.0,159.6,0.0
677743,2058.0,438.0,159.6,0.0
677743,2056.0,438.0,159.6,0.0
677743,2064.0,438.0,159.6,0.0
677743,2059.0,438.0,159.6,0.0
677756,2023.0,438.0,159.6,0.0
677756,2034.0,438.0,159.6,0.0
677757,2030.0,438.0,159.6,0.0
677770,2043.0,438.0,159.6,0.0
677771,2069.0,438.0,159.6,0.0
677771,2059.0,438.0,159.6,0.0
677771,2062.0,438.0,159.6,0.0
677787,2071.0,438.0,159.6,0.0
677787,2069.0,438.0,159.6,0.0
677787,2069.0,438.0,159.6,0.0
677787,2069.0,438.0,159.6,0.0
677801,2037.0,438.0,159.6,0.0
677801,2039.0,438.0,159.6,0.0
677802,2037.0,438.0,159.6,0.0
677818,2038.0,438.0,159.6,0.0
677818,2033.0,438.0,159.6,0.0
677818,2035.0,438.0,159.6,0.0
677819,2034.0,438.0,159.6,0.0
677832,2041.0,438.0,159.6,0.0
677833,2048.0,438.0,159.6,0.0
677833,2046.0,438.0,159.6,0.0
677845,2062.0,438.0,159.6,0.0
677846,2072.0,438.0,159.6,0.0
677846,2072.0,438.0,159.6,0.0
677846,2070.0,438.0,159.6,0.0
677863,2057.0,438.0,159.6,0.0
677864,2068.0,438.0,159.6,0.0
677864,2066.0,438.0,159.6,0.0
677864,2064.0,438.0,159.6,0.0
677877,2026.0,438.0,159.6,0.0
677877,2012.0,438.0,159.6,0.0
677877,2026.0,438.0,159.6,0.0
677891,2055.0,437.0,159.6,0.0
677891,2056.0,437.0,159.6,0.0
677891,2053.0,437.0,159.6,0.0
677891,2062.0,437.0,159.6,0.0
677907,2071.0,437.0,159.6,0.0
677908,2065.0,437.0,159.6,0.0
677908,2062.0,437.0,159.6,0.0
677908,2072.0,437.0,159.6,0.0
677921,2044.0,437.0,159.6,0.0
677922,2044.0,437.0,159.6,0.0
677922,2041.0,437.0,159.6,0.0
677939,2029.0,436.0,159.6,0.0
677939,2032.0,436.0,159.6,0.0
677940,2036.0,436.0,159.6,0.0
677940,2040.0,436.0,159.6,0.0
677952,2049.0,436.0,159.6,0.0
677953,2029.0,436.0,159.6,0.0
677953,2034.0,436.0,159.6,0.0
677966,2075.0,436.0,159.6,0.0
677966,2071.0,436.0,159.6,0.0
677966,2067.0,436.0,159.6,0.0
677966,2069.0,436.0,159.6,0.0
677984,2062.0,437.0,159.6,0.0
677984,2069.0,437.0,159.6,0.0
677984,2070.0,437.0,159.6,0.0
677984,2073.0,437.0,159.6,0.0
677997,1985.0,437.0,159.6,0.0
677998,2025.0,437.0,159.6,0.0
677998,2028.0,437.0,159.6,0.0
678011,2056.0,437.0,159.6,0.0
678012,2047.0,437.0,159.6,0.0
678012,2051.0,437.0,159.6,0.0
678012,2052.0,437.0,159.6,0.0
678029,2068.0,437.0,159.6,0.0
678029,2064.0,437.0,159.6,0.0
678030,2058.0,437.0,159.6,0.0
678030,2065.0,437.0,159.6,0.0
678042,2046.0,437.0,159.6,0.0
678043,2056.0,437.0,159.6,0.0
678043,2042.0,437.0,159.6,0.0
678060,2030.0,437.0,159.6,0.0
678061,2004.0,437.0,159.6,0.0
678061,2061.0,437.0,159.6,0.0
678061,2021.0,437.0,159.6,0.0
678074,2035.0,436.0,159.6,0.0
678074,2042.0,436.0,159.6,0.0
678074,2051.0,436.0,159.6,0.0
678087,2055.0,436.0,159.6,0.0
678087,2071.0,436.0,159.6,0.0
678087,2066.0,436.0,159.6,0.0
678088,2068.0,436.0,159.6,0.0
678104,2068.0,436.0,159.6,0.0
678105,2063.0,436.0,159.6,0.0
678105,2069.0,436.0,159.6,0.0
678105,2068.0,436.0,159.6,0.0
678119,2025.0,436.0,159.6,0.0
678119,2008.0,436.0,159.6,0.0
678120,2024.0,436.0,159.6,0.0
678135,2042.0,436.0,159.6,0.0
678136,2031.0,436.0,159.6,0.0
678136,2026.0,436.0,159.6,0.0
678136,2036.0,436.0,159.6,0.0
678150,2068.0,435.0,159.6,0.0
678151,2065.0,435.0,159.6,0.0
678151,2065.0,435.0,159.6,0.0
678163,2038.0,435.0,159.6,0.0
678164,2058.0,435.0,159.6,0.0
678164,2062.0,435.0,159.6,0.0
678164,2049.0,435.0,159.6,0.0
678181,2037.0,435.0,159.6,0.0
678182,2047.0,435.0,159.6,0.0
678182,2049.0,435.0,159.6,0.0
678182,2049.0,435.0,159.6,0.0
678195,2029.0,435.0,159.6,0.0
678195,2033.0,435.0,159.6,0.0
678195,2030.0,435.0,159.6,0.0
678209,2071.0,435.0,159.6,0.0
678209,2075.0,435.0,159.6,0.0
678209,2061.0,435.0,159.6,0.0
678210,2064.0,435.0,159.6,0.0
678225,2069.0,435.0,159.6,0.0
678226,2059.0,435.0,159.6,0.0
678226,2065.0,435.0,159.6,0.0
678226,2065.0,435.0,159.6,0.0
678240,2028.0,435.0,159.6,0.0
678240,2040.0,435.0,159.6,0.0
678240,2036.0,435.0,159.6,0.0
678256,2030.0,435.0,159.6,0.0
678257,2027.0,435.0,159.6,0.0
678257,2022.0,435.0,159.6,0.0
678257,2030.0,435.0,159.6,0.0
678271,2056.0,435.0,159.6,0.0
678271,2051.0,435.0,159.6,0.0
678271,2053.0,435.0,159.6,0.0
678284,2057.0,435.0,159.6,0.0
678285,2064.0,435.0,159.6,0.0
678285,2075.0,435.0,159.6,0.0
678285,2065.0,435.0,159.6,0.0
678303,2054.0,435.0,159.6,0.0
678304,2066.0,435.0,159.6,0.0
678304,2070.0,435.0,159.6,0.0
678304,2070.0,435.0,159.6,0.0
678318,2021.0,434.0,159.6,0.0
678318,2024.0,434.0,159.6,0.0
678318,2024.0,434.0,159.6,0.0
678331,2024.0,434.0,159.6,0.0
678331,2053.0,434.0,159.6,0.0
678331,2058.0,434.0,159.6,0.0
678332,2053.0,434.0,159.6,0.0
678348,2064.0,434.0,159.6,0.0
678349,2070.0,434.0,159.6,0.0
678349,2067.0,434.0,159.6,0.0
678349,2091.0,434.0,159.6,0.0
678362,2048.0,434.0,159.6,0.0
678362,2038.0,434.0,159.6,0.0
678362,2040.0,434.0,159.6,0.0
678375,2036.0,434.0,159.6,0.0
678375,2037.0,434.0,159.6,0.0
678375,2049.0,434.0,159.6,0.0
678392,2062.0,434.0,159.6,0.0
678393,2055.0,434.0,159.6,0.0
678393,2058.0,434.0,159.6,0.0
678393,2057.0,434.0,159.6,0.0
678406,2060.0,434.0,159.6,0.0
678406,2064.0,434.0,159.6,0.0
678406,2067.0,434.0,159.6,0.0
678423,2042.0,433.0,159.6,0.0
678424,2052.0,433.0,159.6,0.0
678424,2048.0,433.0,159.6,0.0
678424,2070.0,433.0,159.6,0.0
678438,2025.0,433.0,159.6,0.0
678438,2023.0,433.0,159.6,0.0
678438,2020.0,433.0,159.6,0.0
678451,2007.0,433.0,159.6,0.0
678452,2057.0,433.0,159.6,0.0
678452,2055.0,433.0,159.6,0.0
678452,2052.0,433.0,159.6,0.0
678469,2066.0,432.0,159.6,0.0
678469,2058.0,432.0,159.6,0.0
678470,2061.0,432.0,159.6,0.0
678470,2059.0,432.0,159.6,0.0
678482,2041.0,432.0,159.6,0.0
678483,2055.0,432.0,159.6,0.0
678483,2049.0,432.0,159.6,0.0
678500,2028.0,432.0,159.6,0.0
678500,2028.0,432.0,159.6,0.0
678500,2032.0,432.0,159.6,0.0
678501,2033.0,432.0,159.6,0.0
678513,2031.0,432.0,159.6,0.0
678514,2035.0,432.0,159.6,0.0
678514,2055.0,432.0,159.6,0.0
678527,2066.0,432.0,159.6,0.0
678528,2065.0,432.0,159.6,0.0
678528,2064.0,432.0,159.6,0.0
678528,2072.0,432.0,159.6,0.0
678545,2058.0,431.0,159.6,0.0
678545,2060.0,431.0,159.6,0.0
678545,2055.0,431.0,159.6,0.0
678546,2054.0,431.0,159.6,0.0
678559,2026.0,431.0,159.6,0.0
678559,2025.0,431.0,159.6,0.0
678560,2022.0,431.0,159.6,0.0
678572,2057.0,431.0,159.6,0.0
678573,2035.0,431.0,159.6,0.0
678573,2061.0,431.0,159.6,0.0
678573,2037.0,431.0,159.6,0.0
678591,2066.0,430.0,159.6,0.0
678591,2065.0,430.0,159.6,0.0
678591,2068.0,430.0,159.6,0.0
678591,2066.0,430.0,159.6,0.0
678604,2023.0,430.0,159.6,0.0
678605,2045.0,430.0,159.6,0.0
678605,2040.0,430.0,159.6,0.0
678622,2037.0,429.0,159.6,0.0
678622,2036.0,429.0,159.6,0.0
678622,2057.0,429.0,159.6,0.0
678622,2049.0,429.0,159.6,0.0
678635,2029.0,429.0,159.6,0.0
678635,2022.0,429.0,159.6,0.0
678636,2035.0,429.0,159.6,0.0
678649,2069.0,428.0,159.6,0.0
678649,2059.0,428.0,159.6,0.0
678650,2049.0,428.0,159.6,0.0
678650,2061.0,428.0,159.6,0.0
678668,2074.0,428.0,159.6,0.0
678668,2071.0,428.0,159.6,0.0
678668,2083.0,428.0,159.6,0.0
678668,2066.0,428.0,159.6,0.0
678681,2033.0,427.0,159.6,0.0
678681,2039.0,427.0,159.6,0.0
678682,2036.0,427.0,159.6,0.0
678694,2036.0,427.0,159.6,0.0
678695,2042.0,427.0,159.6,0.0
678695,2038.0,427.0,159.6,0.0
678695,2037.0,427.0,159.6,0.0
678712,2061.0,427.0,159.6,0.0
678712,2057.0,427.0,159.6,0.0
678712,2052.0,427.0,159.6,0.0
678713,2056.0,427.0,159.6,0.0
678726,2069.0,427.0,159.6,0.0
678727,2065.0,427.0,159.6,0.0
678727,2054.0,427.0,159.6,0.0
678743,2052.0,426.0,159.6,0.0
678743,2038.0,426.0,159.6,0.0
678743,2048.0,426.0,159.6,0.0
678744,2049.0,426.0,159.6,0.0
678757,2028.0,427.0,159.6,0.0
678758,2033.0,427.0,159.6,0.0
678758,2036.0,427.0,159.6,0.0
678770,2057.0,427.0,159.6,0.0
678771,2053.0,427.0,159.6,0.0
678771,2054.0,427.0,159.6,0.0
678771,2053.0,427.0,159.6,0.0
678789,2074.0,426.0,159.6,0.0
678790,2067.0,426.0,159.6,0.0
678790,2069.0,426.0,159.6,0.0
678790,2056.0,426.0,159.6,0.0
678803,2052.0,426.0,159.6,0.0
678803,2047.0,426.0,159.6,0.0
678804,2051.0,426.0,159.6,0.0
678817,2027.0,427.0,159.6,0.0
678817,2031.0,427.0,159.6,0.0
678818,2025.0,427.0,159.6,0.0
678818,2010.0,427.0,159.6,0.0
678834,2046.0,426.0,159.6,0.0
678834,2047.0,426.0,159.6,0.0
678834,2043.0,426.0,159.6,0.0
678834,2046.0,426.0,159.6,0.0
678848,2063.0,426.0,159.6,0.0
678848,2042.0,426.0,159.6,0.0
678849,2073.0,426.0,159.6,0.0
678866,2056.0,426.0,159.6,0.0
678866,2062.0,426.0,159.6,0.0
678866,2072.0,426.0,159.6,0.0
678866,2058.0,426.0,159.6,0.0
678879,2012.0,426.0,159.6,0.0
678879,2027.0,426.0,159.6,0.0
678880,2025.0,426.0,159.6,0.0
678892,2057.0,426.0,159.6,0.0
678893,2041.0,426.0,159.6,0.0
678893,2054.0,426.0,159.6,0.0
678893,2045.0,426.0,159.6,0.0
678911,2057.0,426.0,159.6,0.0
678912,2045.0,426.0,159.6,0.0
678912,2050.0,426.0,159.6,0.0
678912,2054.0,426.0,159.6,0.0
678926,2059.0,426.0,159.6,0.0
678926,2057.0,426.0,159.6,0.0
678926,2057.0,426.0,159.6,0.0
678939,2028.0,426.0,159.6,0.0
678940,2029.0,426.0,159.6,0.0
678940,2026.0,426.0,159.6,0.0
678940,2027.0,426.0,159.6,0.0
678957,2036.0,426.0,159.6,0.0
678957,2034.0,426.0,159.6,0.0
678957,2035.0,426.0,159.6,0.0
678958,2037.0,426.0,159.6,0.0
678970,2056.0,426.0,159.6,0.0
678970,2036.0,426.0,159.6,0.0
678971,2056.0,426.0,159.6,0.0
678983,2044.0,426.0,159.6,0.0
678984,2045.0,426.0,159.6,0.0
678984,2044.0,426.0,159.6,0.0
679001,2026.0,427.0,159.6,0.0
679001,2025.0,427.0,159.6,0.0
679001,2043.0,427.0,159.6,0.0
679001,2032.0,427.0,159.6,0.0
679015,2036.0,427.0,159.6,0.0
679015,2036.0,427.0,159.6,0.0
679015,2027.0,427.0,159.6,0.0
679031,2054.0,427.0,159.6,0.0
679032,2057.0,427.0,159.6,0.0
679032,2065.0,427.0,157.3,0.0
679032,2055.0,427.0,157.3,0.0
679046,2054.0,427.0,157.3,0.0
679046,2059.0,427.0,157.3,0.0
679046,2055.0,427.0,157.3,0.0
679059,2042.0,427.0,157.3,0.0
679059,2033.0,427.0,157.3,0.0
679060,2028.0,427.0,157.3,0.0
679060,2024.0,427.0,157.3,0.0
679076,2034.0,427.0,157.3,0.0
679077,2035.0,427.0,157.3,0.0
679077,2035.0,427.0,157.3,0.0
679077,2045.0,427.0,157.3,0.0
679090,2066.0,427.0,157.3,0.0
679090,2058.0,427.0,157.3,0.0
679090,2056.0,427.0,157.3,0.0
679103,2040.0,427.0,157.3,0.0
679103,2051.0,427.0,157.3,0.0
679104,2041.0,427.0,157.3,0.0
679104,2048.0,427.0,157.3,0.0
679121,2036.0,428.0,157.3,0.0
679121,2034.0,428.0,157.3,0.0
679121,2035.0,428.0,157.3,0.0
679121,2033.0,428.0,157.3,0.0
679135,2039.0,428.0,157.3,0.0
679135,2025.0,428.0,157.3,0.0
679135,2044.0,428.0,157.3,0.0
679152,2072.0,428.0,157.3,0.0
679152,2066.0,428.0,157.3,0.0
679152,2051.0,428.0,157.3,0.0
679152,2067.0,428.0,157.3,0.0
679166,2067.0,429.0,157.3,0.0
679166,2057.0,429.0,157.3,0.0
679167,2057.0,429.0,157.3,0.0
679179,2030.0,429.0,157.3,0.0
679180,2034.0,429.0,157.3,0.0
679180,2024.0,429.0,157.3,0.0
679180,2033.0,429.0,157.3,0.0
679197,2050.0,429.0,157.3,0.0
679197,2047.0,429.0,157.3,0.0
679197,2046.0,429.0,157.3,0.0
679197,2046.0,429.0,157.3,0.0
679210,2070.0,429.0,157.3,0.0
679211,2051.0,429.0,157.3,0.0
679211,2057.0,429.0,157.3,0.0
679228,2070.0,429.0,157.3,0.0
679228,2055.0,429.0,157.3,0.0
679228,2068.0,429.0,157.3,0.0
679228,2085.0,429.0,157.3,0.0
679241,2039.0,429.0,157.3,0.0
679241,2043.0,429.0,157.3,0.0
679242,2036.0,429.0,157.3,0.0
679255,2049.0,430.0,157.3,0.0
679256,2049.0,430.0,157.3,0.0
679256,2044.0,430.0,157.3,0.0
679256,2056.0,430.0,157.3,0.0
679274,2060.0,430.0,157.3,0.0
679275,2065.0,430.0,157.3,0.0
679275,2045.0,430.0,157.3,0.0
679275,2035.0,430.0,157.3,0.0
679288,2069.0,430.0,157.3,0.0
679288,2074.0,430.0,157.3,0.0
679288,2068.0,430.0,157.3,0.0
679301,2030.0,430.0,157.3,0.0
679301,2042.0,430.0,157.3,0.0
679301,2014.0,430.0,157.3,0.0
679302,2037.0,430.0,157.3,0.0
679318,2036.0,431.0,157.3,0.0
679319,2032.0,431.0,157.3,0.0
679319,2038.0,431.0,157.3,0.0
679319,2034.0,431.0,157.3,0.0
679332,2053.0,431.0,157.3,0.0
679332,2048.0,431.0,157.3,0.0
679332,2054.0,431.0,157.3,0.0
679346,2059.0,431.0,157.3,0.0
679346,2061.0,431.0,157.3,0.0
679346,2077.0,431.0,164.5,0.0
679347,2061.0,431.0,164.5,0.0
679362,2038.0,431.0,164.5,0.0
679363,2059.0,431.0,164.5,0.0
679363,2047.0,431.0,164.5,0.0
679363,2044.0,431.0,164.5,0.0
679377,2027.0,431.0,164.5,0.0
679377,2033.0,431.0,164.5,0.0
679377,2042.0,431.0,164.5,0.0
679394,2052.0,431.0,164.5,0.0
679395,2050.0,431.0,164.5,0.0
679395,2048.0,431.0,164.5,0.0
679395,2048.0,431.0,164.5,0.0
679408,2068.0,431.0,164.5,0.0
679408,2069.0,431.0,164.5,0.0
679408,2069.0,431.0,164.5,0.0
679421,2049.0,431.0,164.5,0.0
679421,2032.0,431.0,164.5,0.0
679421,2036.0,431.0,164.5,0.0
679422,2036.0,431.0,164.5,0.0
679438,2037.0,431.0,164.5,0.0
679439,2035.0,431.0,164.5,0.0
679439,2033.0,431.0,164.5,0.0
679439,2034.0,431.0,164.5,0.0
679452,2058.0,431.0,164.5,0.0
679452,2057.0,431.0,164.5,0.0
679452,2029.0,431.0,164.5,0.0
679466,2066.0,432.0,164.5,0.0
679466,2061.0,432.0,164.5,0.0
679466,2060.0,432.0,164.5,0.0
679466,2059.0,432.0,164.5,0.0
679482,2039.0,432.0,164.5,0.0
679483,2044.0,432.0,164.5,0.0
679483,2046.0,432.0,164.5,0.0
679483,2049.0,432.0,164.5,0.0
679496,2054.0,432.0,164.5,0.0
679497,2044.0,432.0,164.5,0.0
679497,2040.0,432.0,164.5,0.0
679514,2053.0,432.0,164.5,0.0
679514,2046.0,432.0,164.5,0.0
679515,2042.0,432.0,164.5,0.0
679515,2049.0,432.0,164.5,0.0
679527,2068.0,432.0,164.5,0.0
679528,2067.0,432.0,164.5,0.0
679528,2059.0,432.0,164.5,0.0
679541,2032.0,432.0,164.5,0.0
679541,2036.0,432.0,164.5,0.0
679541,2037.0,432.0,164.5,0.0
679542,2037.0,432.0,164.5,0.0
679558,2033.0,432.0,164.5,0.0
679559,2034.0,432.0,164.5,0.0
679559,2040.0,432.0,164.5,0.0
679559,2037.0,432.0,164.5,0.0
679571,2059.0,432.0,164.5,0.0
679572,2056.0,432.0,164.5,0.0
679572,2056.0,432.0,164.5,0.0
679586,2062.0,432.0,164.5,0.0
679586,2059.0,432.0,164.5,0.0
679586,2062.0,432.0,164.5,0.0
679586,2057.0,432.0,164.5,0.0
679603,2044.0,432.0,164.5,0.0
679603,2054.0,432.0,164.5,0.0
679604,2052.0,432.0,164.5,0.0
679604,2047.0,432.0,164.5,0.0
679616,2038.0,432.0,164.5,0.0
679617,2035.0,432.0,164.5,0.0
679617,2036.0,432.0,164.5,0.0
679634,2054.0,432.0,164.5,0.0
679634,2064.0,432.0,164.5,0.0
679635,2049.0,432.0,164.5,0.0
679635,2056.0,432.0,164.5,0.0
679647,2067.0,433.0,164.5,0.0
679648,2066.0,433.0,164.5,0.0
679648,2063.0,433.0,164.5,0.0
679661,2032.0,433.0,164.5,0.0
679661,2029.0,433.0,164.5,0.0
679661,2034.0,433.0,164.5,0.0
679662,2032.0,433.0,164.5,0.0
679678,2041.0,433.0,164.5,0.0
679679,2037.0,433.0,164.5,0.0
679679,2039.0,433.0,164.5,0.0
679679,2035.0,433.0,164.5,0.0
679693,2056.0,434.0,164.5,0.0
679693,2050.0,434.0,164.5,0.0
679694,2055.0,434.0,164.5,0.0
679709,2070.0,434.0,160.0,0.0
679710,2099.0,434.0,160.0,0.0
679710,2063.0,434.0,160.0,0.0
679710,2066.0,434.0,160.0,0.0
679724,2038.0,435.0,160.0,0.0
679724,2047.0,435.0,160.0,0.0
679724,2049.0,435.0,160.0,0.0
679737,2040.0,435.0,160.0,0.0
679737,2037.0,435.0,160.0,0.0
679737,2040.0,435.0,160.0,0.0
679738,2041.0,435.0,160.0,0.0
679755,2042.0,436.0,160.0,0.0
679756,2024.0,436.0,160.0,0.0
679756,2041.0,436.0,160.0,0.0
679756,2041.0,436.0,160.0,0.0
679769,2070.0,436.0,160.0,0.0
679769,2069.0,436.0,160.0,0.0
679769,2072.0,436.0,160.0,0.0
679783,2034.0,436.0,160.0,0.0
679783,2039.0,436.0,160.0,0.0
679783,2043.0,436.0,160.0,0.0
679784,2031.0,436.0,160.0,0.0
679799,2039.0,437.0,160.0,0.0
679800,2033.0,437.0,160.0,0.0
679800,2026.0,437.0,160.0,0.0
679800,2036.0,437.0,160.0,0.0
679814,2054.0,438.0,160.0,0.0
679814,2038.0,438.0,160.0,0.0
679814,2051.0,438.0,160.0,0.0
679830,2073.0,438.0,160.0,0.0
679830,2061.0,438.0,160.0,0.0
679831,2081.0,438.0,160.0,0.0
679831,2066.0,438.0,160.0,0.0
679844,2053.0,438.0,160.0,0.0
679845,2063.0,438.0,160.0,0.0
679845,2053.0,438.0,160.0,0.0
679858,2036.0,438.0,160.0,0.0
679858,2049.0,438.0,160.0,0.0
679858,2037.0,438.0,160.0,0.0
679858,2035.0,438.0,160.0,0.0
679876,2045.0,439.0,160.0,0.0
679876,2040.0,439.0,160.0,0.0
679877,2036.0,439.0,160.0,0.0
679877,2043.0,439.0,160.0,0.0
679889,2072.0,439.0,160.0,0.0
679890,2050.0,439.0,160.0,0.0
679890,2059.0,439.0,160.0,0.0
679904,2042.0,438.0,160.0,0.0
679904,2042.0,438.0,160.0,0.0
679904,2041.0,438.0,160.0,0.0
679904,2044.0,438.0,160.0,0.0
679920,2021.0,438.0,160.0,0.0
679921,2028.0,438.0,160.0,0.0
679921,2030.0,438.0,160.0,0.0
679921,2010.0,438.0,160.0,0.0
679934,2051.0,439.0,160.0,0.0
679935,2050.0,439.0,160.0,0.0
679935,2052.0,439.0,160.0,0.0
679952,2092.0,439.0,160.0,0.0
679952,2062.0,439.0,160.0,0.0
679952,2057.0,439.0,160.0,0.0
679952,2063.0,439.0,160.0,0.0
679965,2055.0,439.0,160.0,0.0
679965,2054.0,439.0,160.0,0.0
679966,2056.0,439.0,160.0,0.0
679978,2038.0,439.0,160.0,0.0
679979,2041.0,439.0,160.0,0.0
679979,2030.0,439.0,160.0,0.0
679979,2033.0,439.0,160.0,0.0
679997,2043.0,439.0,160.0,0.0
679997,2043.0,439.0,160.0,0.0
679997,2043.0,439.0,160.0,0.0
679997,2043.0,439.0,160.0,0.0
680010,2045.0,438.0,160.0,0.0
680010,2069.0,438.0,160.0,0.0
680011,2058.0,438.0,160.0,0.0
680024,2050.0,438.0,160.0,0.0
680025,2051.0,438.0,160.0,0.0
680025,2057.0,438.0,160.0,0.0
680025,2058.0,438.0,160.0,0.0
680042,2036.0,438.0,160.0,0.0
680042,2038.0,438.0,160.0,0.0
680042,2028.0,438.0,160.0,0.0
680042,2036.0,438.0,160.0,0.0
680055,2041.0,438.0,160.0,0.0
680056,2034.0,438.0,160.0,0.0
680056,2042.0,438.0,160.0,0.0
680073,2057.0,437.0,160.0,0.0
680073,2060.0,437.0,160.0,0.0
680073,2091.0,437.0,161.9,0.0
680074,2058.0,437.0,161.9,0.0
680086,2058.0,437.0,161.9,0.0
680087,2058.0,437.0,161.9,0.0
680087,2075.0,437.0,161.9,0.0
680100,2023.0,437.0,161.9,0.0
680100,2025.0,437.0,161.9,0.0
680101,2028.0,437.0,161.9,0.0
680101,2025.0,437.0,161.9,0.0
680119,2032.0,437.0,161.9,0.0
680119,2036.0,437.0,161.9,0.0
680119,2029.0,437.0,161.9,0.0
680119,2035.0,437.0,161.9,0.0
680133,2048.0,438.0,161.9,0.0
680133,2052.0,438.0,161.9,0.0
680134,2054.0,438.0,161.9,0.0
680146,2055.0,438.0,161.9,0.0
680147,2057.0,438.0,161.9,0.0
680147,2060.0,438.0,161.9,0.0
680147,2066.0,438.0,161.9,0.0
680164,2043.0,437.0,161.9,0.0
680164,2045.0,437.0,161.9,0.0
680164,2046.0,437.0,161.9,0.0
680165,2051.0,437.0,161.9,0.0
680177,2026.0,437.0,161.9,0.0
680178,2032.0,437.0,161.9,0.0
680178,2040.0,437.0,161.9,0.0
680195,2052.0,437.0,161.9,0.0
680195,2041.0,437.0,161.9,0.0
680195,2050.0,437.0,161.9,0.0
680196,2042.0,437.0,161.9,0.0
680208,2062.0,437.0,161.9,0.0
680209,2059.0,437.0,161.9,0.0
680209,2060.0,437.0,161.9,0.0
680222,2026.0,437.0,161.9,0.0
680223,2035.0,437.0,161.9,0.0
680223,2036.0,437.0,161.9,0.0
680224,2042.0,437.0,161.9,0.0
680242,2022.0,437.0,161.9,0.0
680243,2036.0,437.0,161.9,0.0
680243,2037.0,437.0,161.9,0.0
680243,2031.0,437.0,161.9,0.0
680256,2039.0,437.0,161.9,0.0
680256,2035.0,437.0,161.9,0.0
680256,2038.0,437.0,161.9,0.0
680269,2065.0,437.0,161.9,0.0
680269,2061.0,437.0,161.9,0.0
680269,2064.0,437.0,161.9,0.0
680270,2064.0,437.0,161.9,0.0
680286,2066.0,437.0,161.9,0.0
680287,2061.0,437.0,161.9,0.0
680287,2059.0,437.0,161.9,0.0
680287,2057.0,437.0,161.9,0.0
680301,2028.0,437.0,161.9,0.0
680301,2028.0,437.0,161.9,0.0
680301,2023.0,437.0,161.9,0.0
680317,2043.0,437.0,161.9,0.0
680318,2043.0,437.0,161.9,0.0
680318,2040.0,437.0,161.9,0.0
680318,2039.0,437.0,161.9,0.0
680331,2061.0,437.0,161.9,0.0
680332,2056.0,437.0,161.9,0.0
680332,2057.0,437.0,161.9,0.0
680345,2049.0,437.0,161.9,0.0
680345,2056.0,437.0,161.9,0.0
680345,2050.0,437.0,161.9,0.0
680346,2054.0,437.0,161.9,0.0
680363,2042.0,436.0,161.9,0.0
680364,2043.0,436.0,161.9,0.0
680364,2040.0,436.0,161.9,0.0
680364,2034.0,436.0,161.9,0.0
680377,2033.0,436.0,161.9,0.0
680377,2026.0,436.0,161.9,0.0
680378,2034.0,436.0,161.9,0.0
680391,2069.0,436.0,176.6,0.0
680392,2067.0,436.0,176.6,0.0
680392,2067.0,436.0,176.6,0.0
680392,2054.0,436.0,176.6,0.0
680408,2069.0,436.0,176.6,0.0
680408,2069.0,436.0,176.6,0.0
680408,2071.0,436.0,176.6,0.0
680409,2064.0,436.0,176.6,0.0
680422,2029.0,436.0,176.6,0.0
680423,2034.0,436.0,176.6,0.0
680423,2031.0,436.0,176.6,0.0
680439,2016.0,436.0,176.6,0.0
680439,2029.0,436.0,176.6,0.0
680440,2038.0,436.0,176.6,0.0
680440,2039.0,436.0,176.6,0.0
680453,2053.0,436.0,176.6,0.0
680454,2054.0,436.0,176.6,0.0
680454,2051.0,436.0,176.6,0.0
680466,2058.0,436.0,176.6,0.0
680467,2072.0,436.0,176.6,0.0
680467,2069.0,436.0,176.6,0.0
680467,2057.0,436.0,176.6,0.0
680485,2037.0,436.0,176.6,0.0
680485,2055.0,436.0,176.6,0.0
680486,2071.0,436.0,176.6,0.0
680486,2058.0,436.0,176.6,0.0
680498,2033.0,436.0,176.6,0.0
680499,2011.0,436.0,176.6,0.0
680499,2034.0,436.0,176.6,0.0
680513,2058.0,435.0,176.6,0.0
680513,2054.0,435.0,176.6,0.0
680513,2060.0,435.0,176.6,0.0
680513,2059.0,435.0,176.6,0.0
680530,2058.0,435.0,176.6,0.0
680531,2051.0,435.0,176.6,0.0
680532,2058.0,435.0,176.6,0.0
680533,2024.0,435.0,176.6,0.0
680545,2045.0,435.0,176.6,0.0
680546,2062.0,435.0,176.6,0.0
680546,2042.0,435.0,176.6,0.0
680563,2038.0,435.0,176.6,0.0
680563,2036.0,435.0,176.6,0.0
680563,2040.0,435.0,176.6,0.0
680563,2038.0,435.0,176.6,0.0
680576,2041.0,435.0,176.6,0.0
680576,2041.0,435.0,176.6,0.0
680577,2042.0,435.0,176.6,0.0
680590,2089.0,435.0,176.6,0.0
680591,2045.0,435.0,176.6,0.0
680591,2067.0,435.0,176.6,0.0
680591,2047.0,435.0,176.6,0.0
680608,2061.0,434.0,176.6,0.0
680608,2066.0,434.0,176.6,0.0
680609,2065.0,434.0,176.6,0.0
680609,2059.0,434.0,176.6,0.0
680622,2028.0,434.0,176.6,0.0
680623,2034.0,434.0,176.6,0.0
680623,2038.0,434.0,176.6,0.0
680636,2038.0,434.0,176.6,0.0
680636,2038.0,434.0,176.6,0.0
680636,2061.0,434.0,176.6,0.0
680636,2051.0,434.0,176.6,0.0
680653,2066.0,433.0,176.6,0.0
680654,2058.0,433.0,176.6,0.0
680654,2071.0,433.0,176.6,0.0
680654,2056.0,433.0,176.6,0.0
680666,2054.0,433.0,176.6,0.0
680667,2056.0,433.0,176.6,0.0
680667,2051.0,433.0,176.6,0.0
680681,2025.0,433.0,176.6,0.0
680681,2034.0,433.0,176.6,0.0
680681,2029.0,433.0,176.6,0.0
680682,2036.0,433.0,176.6,0.0
680697,2039.0,433.0,176.6,0.0
680698,2029.0,433.0,176.6,0.0
680698,2029.0,433.0,176.6,0.0
680698,2025.0,433.0,176.6,0.0
680712,2066.0,432.0,175.7,0.0
680712,1957.0,432.0,175.7,0.0
680712,2060.0,432.0,175.7,0.0
680729,2057.0,432.0,175.7,0.0
680730,2081.0,432.0,175.7,0.0
680730,2074.0,432.0,175.7,0.0
680730,2070.0,432.0,175.7,0.0
680743,2033.0,432.0,175.7,0.0
680743,2031.0,432.0,175.7,0.0
680744,2036.0,432.0,175.7,0.0
680756,2050.0,431.0,175.7,0.0
680756,2034.0,431.0,175.7,0.0
680757,2052.0,431.0,175.7,0.0
680757,2042.0,431.0,175.7,0.0
680773,2064.0,431.0,175.7,0.0
680774,2057.0,431.0,175.7,0.0
680774,2059.0,431.0,175.7,0.0
680774,2056.0,431.0,175.7,0.0
680787,2056.0,431.0,175.7,0.0
680787,2053.0,431.0,175.7,0.0
680788,2067.0,431.0,175.7,0.0
680801,2034.0,430.0,175.7,0.0
680802,2028.0,430.0,175.7,0.0
680802,2027.0,430.0,175.7,0.0
680802,2034.0,430.0,175.7,0.0
680819,2034.0,430.0,175.7,0.0
680820,2037.0,430.0,175.7,0.0
680820,2040.0,430.0,175.7,0.0
680820,2045.0,430.0,175.7,0.0
680833,2053.0,430.0,175.7,0.0
680833,2052.0,430.0,175.7,0.0
680833,2058.0,430.0,175.7,0.0
680851,2077.0,429.0,175.7,0.0
680851,2071.0,429.0,175.7,0.0
680852,2068.0,429.0,175.7,0.0
680852,2094.0,429.0,175.7,0.0
680864,2052.0,429.0,175.7,0.0
680865,2045.0,429.0,175.7,0.0
680865,2044.0,429.0,175.7,0.0
680879,2027.0,429.0,175.7,0.0
680879,2033.0,429.0,175.7,0.0
680879,2039.0,429.0,175.7,0.0
680879,2038.0,429.0,175.7,0.0
680895,2058.0,428.0,175.7,0.0
680896,2053.0,428.0,175.7,0.0
680896,2046.0,428.0,175.7,0.0
680896,2038.0,428.0,175.7,0.0
680910,2074.0,429.0,175.7,0.0
680910,2064.0,429.0,175.7,0.0
680910,2063.0,429.0,175.7,0.0
680923,2022.0,429.0,175.7,0.0
680923,2040.0,429.0,175.7,0.0
680923,2039.0,429.0,175.7,0.0
680924,2027.0,429.0,175.7,0.0
680940,2031.0,428.0,175.7,0.0
680941,2035.0,428.0,175.7,0.0
680941,2041.0,428.0,175.7,0.0
680941,2033.0,428.0,175.7,0.0
680954,2051.0,428.0,175.7,0.0
680954,2057.0,428.0,175.7,0.0
680954,2060.0,428.0,175.7,0.0
680971,2071.0,428.0,175.7,0.0
680972,2071.0,428.0,175.7,0.0
680972,2067.0,428.0,175.7,0.0
680973,2061.0,428.0,175.7,0.0
680985,2063.0,428.0,175.7,0.0
680986,2041.0,428.0,175.7,0.0
680987,2009.0,428.0,175.7,0.0
681001,2032.0,428.0,175.7,0.0
681001,2028.0,428.0,175.7,0.0
681001,2034.0,428.0,175.7,0.0
681001,2030.0,428.0,175.7,0.0
681018,2040.0,428.0,175.7,0.0
681019,2040.0,428.0,175.7,0.0
681019,2034.0,428.0,175.7,0.0
681019,2042.0,428.0,175.7,0.0
681032,2039.0,428.0,175.7,0.0
681032,2068.0,428.0,175.7,0.0
681032,2055.0,428.0,175.7,0.0
681045,2056.0,428.0,175.7,0.0
681045,2024.0,428.0,175.7,0.0
681045,2040.0,428.0,175.7,0.0
681062,2025.0,428.0,175.7,0.0
681062,2031.0,428.0,175.7,0.0
681063,2028.0,428.0,175.7,0.0
681063,2028.0,428.0,175.7,0.0
681075,2048.0,428.0,175.7,0.0
681076,2053.0,428.0,175.7,0.0
681076,2044.0,428.0,175.7,0.0
681093,2071.0,428.0,175.7,0.0
681093,2058.0,428.0,175.7,0.0
681094,2073.0,428.0,175.7,0.0
681094,2069.0,428.0,175.7,0.0
681106,2047.0,428.0,175.7,0.0
681107,2051.0,428.0,175.7,0.0
681108,2064.0,428.0,175.7,0.0
681121,2024.0,428.0,175.7,0.0
681122,2029.0,428.0,175.7,0.0
681122,2064.0,428.0,175.7,0.0
681122,2077.0,428.0,175.7,0.0
681139,1994.0,428.0,175.7,0.0
681140,2045.0,428.0,175.7,0.0
681140,2043.0,428.0,175.7,0.0
681140,2039.0,428.0,175.7,0.0
681152,2049.0,428.0,166.3,0.0
681153,2058.0,428.0,166.3,0.0
681153,2062.0,428.0,166.3,0.0
681170,2074.0,428.0,166.3,0.0
681170,2067.0,428.0,166.3,0.0
681170,2069.0,428.0,166.3,0.0
681171,2073.0,428.0,166.3,0.0
681183,2043.0,428.0,166.3,0.0
681184,2030.0,428.0,166.3,0.0
681184,1991.0,428.0,166.3,0.0
681197,2043.0,428.0,166.3,0.0
681198,2036.0,428.0,166.3,0.0
681198,2046.0,428.0,166.3,0.0
681198,2043.0,428.0,166.3,0.0
681215,2053.0,428.0,166.3,0.0
681215,2049.0,428.0,166.3,0.0
681216,2054.0,428.0,166.3,0.0
681216,2060.0,428.0,166.3,0.0
681229,2074.0,428.0,166.3,0.0
681230,2063.0,428.0,166.3,0.0
681230,2062.0,428.0,166.3,0.0
681242,2032.0,428.0,166.3,0.0
681243,2043.0,428.0,166.3,0.0
681243,2028.0,428.0,166.3,0.0
681243,2030.0,428.0,166.3,0.0
681260,2018.0,428.0,166.3,0.0
681261,2021.0,428.0,166.3,0.0
681261,2034.0,428.0,166.3,0.0
681261,2025.0,428.0,166.3,0.0
681273,2050.0,428.0,166.3,0.0
681274,2059.0,428.0,166.3,0.0
681274,2064.0,428.0,166.3,0.0
681287,2061.0,428.0,166.3,0.0
681288,2069.0,428.0,166.3,0.0
681289,2057.0,428.0,166.3,0.0
681290,2089.0,428.0,166.3,0.0
681306,2053.0,428.0,166.3,0.0
681306,2060.0,428.0,166.3,0.0
681306,2060.0,428.0,166.3,0.0
681307,2047.0,428.0,166.3,0.0
681320,2037.0,428.0,166.3,0.0
681321,2018.0,428.0,166.3,0.0
681321,2032.0,428.0,166.3,0.0
681338,2044.0,428.0,166.3,0.0
681338,2041.0,428.0,166.3,0.0
681338,2028.0,428.0,166.3,0.0
681338,2042.0,428.0,166.3,0.0
681351,2069.0,428.0,166.3,0.0
681351,2058.0,428.0,166.3,0.0
681352,2061.0,428.0,166.3,0.0
681364,2031.0,428.0,166.3,0.0
681365,2039.0,428.0,166.3,0.0
681365,2040.0,428.0,166.3,0.0
681365,2049.0,428.0,166.3,0.0
681382,2029.0,429.0,166.3,0.0
681382,2032.0,429.0,166.3,0.0
681383,2040.0,429.0,166.3,0.0
681383,2036.0,429.0,166.3,0.0
681395,1886.0,429.0,166.3,0.0
681396,2044.0,429.0,166.3,0.0
681396,2037.0,429.0,166.3,0.0
681413,2065.0,428.0,166.3,0.0
681413,2074.0,428.0,166.3,0.0
681414,2079.0,428.0,166.3,0.0
681414,2070.0,428.0,166.3,0.0
681427,2047.0,428.0,166.3,0.0
681428,2055.0,428.0,166.3,0.0
681428,2062.0,428.0,166.3,0.0
681441,2039.0,428.0,166.3,0.0
681442,2009.0,428.0,166.3,0.0
681442,1988.0,428.0,166.3,0.0
681442,1994.0,428.0,166.3,0.0
681460,2042.0,428.0,166.3,0.0
681461,2057.0,428.0,166.3,0.0
681461,2020.0,428.0,166.3,0.0
681461,2033.0,428.0,166.3,0.0
681474,2039.0,428.0,166.3,0.0
681474,2057.0,428.0,166.3,0.0
681474,2056.0,428.0,166.3,0.0
681488,2039.0,428.0,166.3,0.0
681488,2066.0,428.0,166.3,0.0
681488,2058.0,428.0,166.3,0.0
681489,2060.0,428.0,166.3,0.0
681504,2013.0,428.0,166.3,0.0
681505,2041.0,428.0,166.3,0.0
681505,2062.0,428.0,166.3,0.0
681505,2035.0,428.0,166.3,0.0
681519,2013.0,428.0,166.3,0.0
681519,2030.0,428.0,166.3,0.0
681519,2034.0,428.0,166.3,0.0
681536,2064.0,428.0,166.3,0.0
681536,2049.0,428.0,166.3,0.0
681537,2063.0,428.0,166.3,0.0
681537,2051.0,428.0,166.3,0.0
681549,2062.0,429.0,166.3,0.0
681550,2061.0,429.0,166.3,0.0
681550,2059.0,429.0,166.3,0.0
681563,2023.0,429.0,166.3,0.0
681563,2034.0,429.0,166.3,0.0
681564,2020.0,429.0,166.3,0.0
681564,2027.0,429.0,166.3,0.0
681581,2023.0,430.0,166.3,0.0
681582,2036.0,430.0,166.3,0.0
681582,2027.0,430.0,166.3,0.0
681582,2023.0,430.0,166.3,0.0
681596,2054.0,430.0,166.3,0.0
681596,2037.0,430.0,166.3,0.0
681597,2059.0,430.0,166.3,0.0
681609,2063.0,430.0,166.3,0.0
681610,2059.0,430.0,166.3,0.0
681610,2054.0,430.0,166.3,0.0
681610,2054.0,430.0,166.3,0.0
681627,2059.0,430.0,166.3,0.0
681628,2063.0,430.0,166.3,0.0
681628,2066.0,430.0,166.3,0.0
681628,2056.0,430.0,166.3,0.0
681640,2019.0,430.0,166.3,0.0
681641,2026.0,430.0,166.3,0.0
681641,2026.0,430.0,166.3,0.0
681658,2044.0,430.0,166.3,0.0
681658,2037.0,430.0,166.3,0.0
681659,2034.0,430.0,166.3,0.0
681659,2042.0,430.0,166.3,0.0
681672,2073.0,430.0,166.3,0.0
681672,2059.0,430.0,166.3,0.0
681672,2061.0,430.0,166.3,0.0
681686,2042.0,430.0,166.3,0.0
681686,2053.0,430.0,166.3,0.0
681686,2049.0,430.0,166.3,0.0
681687,2043.0,430.0,166.3,0.0
681703,2020.0,431.0,166.3,0.0
681704,2035.0,431.0,166.3,0.0
681704,2030.0,431.0,166.3,0.0
681704,2042.0,431.0,166.3,0.0
681718,2040.0,431.0,166.3,0.0
681719,1990.0,431.0,166.3,0.0
681719,2034.0,431.0,166.3,0.0
681719,2035.0,431.0,166.3,0.0
681732,2083.0,431.0,166.3,0.0
681732,2073.0,431.0,166.3,0.0
681733,2065.0,431.0,166.3,0.0
681750,2068.0,431.0,166.3,0.0
681750,2057.0,431.0,166.3,0.0
681750,2069.0,431.0,166.3,0.0
681751,2058.0,431.0,166.3,0.0
681763,2022.0,431.0,166.3,0.0
681764,2030.0,431.0,166.3,0.0
681764,2039.0,431.0,166.3,0.0
681781,2039.0,431.0,166.3,0.0
681781,2029.0,431.0,166.3,0.0
681782,2036.0,431.0,166.3,0.0
681782,2041.0,431.0,166.3,0.0
681795,2050.0,432.0,166.3,0.0
681796,2051.0,432.0,166.3,0.0
681796,2050.0,432.0,166.3,0.0
681808,2060.0,432.0,166.3,0.0
681809,2068.0,432.0,166.3,0.0
681809,2072.0,432.0,166.3,0.0
681809,2063.0,432.0,166.3,0.0
681827,2052.0,432.0,166.3,0.0
681828,2065.0,432.0,166.3,0.0
681828,2066.0,432.0,166.3,0.0
681828,2057.0,432.0,166.3,0.0
681840,2034.0,433.0,166.3,0.0
681841,2024.0,433.0,166.3,0.0
681841,2032.0,433.0,166.3,0.0
681854,2066.0,433.0,166.3,0.0
681854,2056.0,433.0,166.3,0.0
681854,2057.0,433.0,166.3,0.0
681871,2073.0,433.0,166.3,0.0
681872,2059.0,433.0,166.3,0.0
681872,2082.0,433.0,166.3,0.0
681872,2074.0,433.0,166.3,0.0
681885,2028.0,434.0,166.3,0.0
681886,2035.0,434.0,166.3,0.0
681886,2039.0,434.0,166.3,0.0
681899,2036.0,434.0,166.3,0.0
681899,2038.0,434.0,166.3,0.0
681899,2042.0,434.0,166.3,0.0
681899,2023.0,434.0,166.3,0.0
681916,2053.0,434.0,166.3,0.0
681917,2056.0,434.0,166.3,0.0
681917,2039.0,434.0,166.3,0.0
681917,2054.0,434.0,166.3,0.0
681929,2063.0,435.0,166.3,0.0
681930,2066.0,435.0,166.3,0.0
681930,2066.0,435.0,166.3,0.0
681947,2052.0,435.0,166.3,0.0
681947,2060.0,435.0,166.3,0.0
681948,2061.0,435.0,166.3,0.0
681948,2056.0,435.0,166.3,0.0
681960,2040.0,435.0,166.3,0.0
681961,2035.0,435.0,166.3,0.0
681961,2034.0,435.0,166.3,0.0
681975,2050.0,436.0,166.3,0.0
681975,2052.0,436.0,166.3,0.0
681975,2051.0,436.0,166.3,0.0
681975,2058.0,436.0,166.3,0.0
681991,2059.0,436.0,166.3,0.0
681992,2072.0,436.0,166.3,0.0
681992,2068.0,436.0,166.3,0.0
681992,2074.0,436.0,166.3,0.0
682006,2039.0,436.0,166.3,0.0
682006,2040.0,436.0,166.3,0.0
682006,2040.0,436.0,166.3,0.0
682022,2019.0,437.0,166.3,0.0
682023,2024.0,437.0,166.3,0.0
682023,2033.0,437.0,166.3,0.0
682023,2036.0,437.0,166.3,0.0
682037,2055.0,437.0,166.3,0.0
682037,2042.0,437.0,166.3,0.0
682037,2052.0,437.0,166.3,0.0
682050,2068.0,437.0,166.3,0.0
682050,2077.0,437.0,166.3,0.0
682050,2075.0,437.0,166.3,0.0
682050,2069.0,437.0,166.3,0.0
682068,2055.0,437.0,166.3,0.0
682069,2050.0,437.0,166.3,0.0
682069,2062.0,437.0,166.3,0.0
682069,2057.0,437.0,166.3,0.0
682082,2021.0,437.0,166.3,0.0
682082,2027.0,437.0,166.3,0.0
682083,2028.0,437.0,166.3,0.0
682096,2056.0,437.0,166.3,0.0
682097,2048.0,437.0,166.3,0.0
682097,2047.0,437.0,166.3,0.0
682097,2046.0,437.0,166.3,0.0
682114,2045.0,437.0,166.3,0.0
682115,2058.0,437.0,166.3,0.0
682115,2058.0,437.0,166.3,0.0
682115,2063.0,437.0,166.3,0.0
682128,2045.0,437.0,166.3,0.0
682128,2045.0,437.0,166.3,0.0
682129,2056.0,437.0,166.3,0.0
682146,2030.0,437.0,166.3,0.0
682146,2038.0,437.0,166.3,0.0
682146,2044.0,437.0,166.3,0.0
682147,2047.0,437.0,166.3,0.0
682159,2037.0,437.0,166.3,0.0
682160,2037.0,437.0,166.3,0.0
682160,2044.0,437.0,166.3,0.0
682177,2055.0,437.0,166.3,0.0
682177,2057.0,437.0,166.3,0.0
682177,2054.0,437.0,166.3,0.0
682177,2047.0,437.0,166.3,0.0
682190,2064.0,437.0,166.3,0.0
682190,2061.0,437.0,166.3,0.0
682191,2062.0,437.0,166.3,0.0
682204,2033.0,437.0,166.3,0.0
682205,2050.0,437.0,166.3,0.0
682205,2044.0,437.0,166.3,0.0
682205,2032.0,437.0,166.3,0.0
682221,2043.0,437.0,166.3,0.0
682221,2038.0,437.0,166.3,0.0
682221,2033.0,437.0,166.3,0.0
682222,2028.0,437.0,166.3,0.0
682235,2056.0,437.0,166.3,0.0
682235,2055.0,437.0,166.3,0.0
682236,2057.0,437.0,166.3,0.0
682252,2071.0,437.0,166.3,0.0
682252,2069.0,437.0,166.3,0.0
682252,2082.0,437.0,166.3,0.0
682252,2073.0,437.0,166.3,0.0
682266,2042.0,437.0,166.3,0.0
682267,2038.0,437.0,166.3,0.0
682267,2042.0,437.0,166.3,0.0
682279,2051.0,437.0,166.3,0.0
682280,2045.0,437.0,166.3,0.0
682280,2042.0,437.0,166.3,0.0
682280,2044.0,437.0,166.3,0.0
682297,2056.0,437.0,166.3,0.0
682297,2048.0,437.0,166.3,0.0
682298,2054.0,437.0,166.3,0.0
682298,2052.0,437.0,166.3,0.0
682310,2058.0,437.0,166.3,0.0
682311,2059.0,437.0,166.3,0.0
682311,2059.0,437.0,166.3,0.0
682328,2054.0,437.0,166.3,0.0
682328,2063.0,437.0,166.3,0.0
682328,2060.0,437.0,166.3,0.0
682329,2059.0,437.0,166.3,0.0
682341,2031.0,437.0,166.3,0.0
682342,2038.0,437.0,166.3,0.0
682342,2038.0,437.0,166.3,0.0
682355,2059.0,437.0,166.3,0.0
682356,2054.0,437.0,166.3,0.0
682356,2055.0,437.0,166.3,0.0
682356,2056.0,437.0,166.3,0.0
682374,2068.0,437.0,166.3,0.0
682374,2059.0,437.0,166.3,0.0
682375,1996.0,437.0,166.3,0.0
682375,2064.0,437.0,166.3,0.0
682387,2042.0,437.0,166.3,0.0
682388,2053.0,437.0,166.3,0.0
682388,2053.0,437.0,166.3,0.0
682401,2041.0,437.0,166.3,0.0
682401,2041.0,437.0,166.3,0.0
682401,2038.0,437.0,166.3,0.0
682418,2045.0,437.0,166.3,0.0
682418,2044.0,437.0,166.3,0.0
682419,2041.0,437.0,166.3,0.0
682419,2055.0,437.0,166.3,0.0
682431,2066.0,437.0,166.3,0.0
682432,2067.0,437.0,166.3,0.0
682432,2067.0,437.0,166.3,0.0
682445,2033.0,437.0,166.3,0.0
682446,2044.0,437.0,166.3,0.0
682446,2037.0,437.0,166.3,0.0
682446,2039.0,437.0,166.3,0.0
682463,2035.0,437.0,166.3,0.0
682463,2038.0,437.0,166.3,0.0
682463,2029.0,437.0,166.3,0.0
682464,2033.0,437.0,166.3,0.0
682476,2049.0,437.0,166.3,0.0
682477,2055.0,437.0,166.3,0.0
682477,2054.0,437.0,166.3,0.0
682494,2077.0,437.0,166.3,0.0
682494,2069.0,437.0,166.3,0.0
682495,2059.0,437.0,166.3,0.0
682495,2068.0,437.0,166.3,0.0
682508,2046.0,437.0,166.3,0.0
682508,2046.0,437.0,166.3,0.0
682508,2063.0,437.0,166.3,0.0
682521,2048.0,437.0,166.3,0.0
682522,2042.0,437.0,166.3,0.0
682522,2037.0,437.0,166.3,0.0
682522,2034.0,437.0,166.3,0.0
682539,2047.0,437.0,166.3,0.0
682539,2040.0,437.0,166.3,0.0
682540,2034.0,437.0,166.3,0.0
682540,2058.0,437.0,166.3,0.0
682553,2060.0,437.0,166.3,0.0
682554,2066.0,437.0,166.3,0.0
682554,2064.0,437.0,166.3,0.0
682570,2067.0,437.0,166.3,0.0
682570,2066.0,437.0,166.3,0.0
682570,2062.0,437.0,166.3,0.0
682570,2058.0,437.0,166.3,0.0
682584,2031.0,437.0,166.3,0.0
682584,2028.0,437.0,166.3,0.0
682585,2033.0,437.0,166.3,0.0
682597,2054.0,437.0,166.3,0.0
682598,2045.0,437.0,166.3,0.0
682598,2051.0,437.0,166.3,0.0
682598,2052.0,437.0,166.3,0.0
682616,2063.0,437.0,166.3,0.0
682616,2068.0,437.0,166.3,0.0
682616,2052.0,437.0,166.3,0.0
682617,2059.0,437.0,166.3,0.0
682629,2039.0,437.0,166.3,0.0
682630,2064.0,437.0,166.3,0.0
682630,2059.0,437.0,166.3,0.0
682643,2033.0,437.0,166.3,0.0
682644,2033.0,437.0,166.3,0.0
682644,2031.0,437.0,166.3,0.0
682644,2039.0,437.0,166.3,0.0
682660,2038.0,437.0,166.3,0.0
682660,2038.0,437.0,166.3,0.0
682660,2027.0,437.0,166.3,0.0
682661,2043.0,437.0,166.3,0.0
682674,2056.0,436.0,166.3,0.0
682674,2061.0,436.0,166.3,0.0
682675,2066.0,436.0,166.3,0.0
682690,2067.0,436.0,166.3,0.0
682691,2056.0,436.0,166.3,0.0
682691,2068.0,436.0,166.3,0.0
682691,2065.0,436.0,166.3,0.0
682705,2028.0,436.0,166.3,0.0
682705,2041.0,436.0,166.3,0.0
682705,2040.0,436.0,166.3,0.0
682718,2054.0,436.0,166.3,0.0
682718,2041.0,436.0,166.3,0.0
682719,2043.0,436.0,166.3,0.0
682719,2031.0,436.0,166.3,0.0
682737,2063.0,436.0,166.3,0.0
682737,2066.0,436.0,166.3,0.0
682737,2080.0,436.0,166.3,0.0
682738,2063.0,436.0,166.3,0.0
682750,2055.0,436.0,166.3,0.0
682751,2064.0,436.0,166.3,0.0
682751,2059.0,436.0,166.3,0.0
682764,2005.0,436.0,166.3,0.0
682765,2033.0,436.0,166.3,0.0
682765,2036.0,436.0,166.3,0.0
682765,2030.0,436.0,166.3,0.0
682782,2033.0,435.0,166.3,0.0
682782,2039.0,435.0,166.3,0.0
682782,2037.0,435.0,166.3,0.0
682782,2037.0,435.0,166.3,0.0
682795,2059.0,435.0,166.3,0.0
682795,2055.0,435.0,166.3,0.0
682796,2051.0,435.0,166.3,0.0
682808,2061.0,435.0,166.3,0.0
682809,2069.0,435.0,166.3,0.0
682809,2066.0,435.0,166.3,0.0
682825,2032.0,435.0,166.3,0.0
682826,2035.0,435.0,166.3,0.0
682826,2035.0,435.0,166.3,0.0
682826,2039.0,435.0,166.3,0.0
682839,2044.0,435.0,166.3,0.0
682839,2037.0,435.0,166.3,0.0
682839,2039.0,435.0,166.3,0.0
682856,2061.0,434.0,166.3,0.0
682857,2046.0,434.0,166.3,0.0
682857,2059.0,434.0,166.3,0.0
682857,2057.0,434.0,166.3,0.0
682870,2080.0,434.0,166.3,0.0
682870,2054.0,434.0,166.3,0.0
682870,2067.0,434.0,166.3,0.0
682884,2036.0,434.0,166.3,0.0
682884,2030.0,434.0,166.3,0.0
682884,2031.0,434.0,166.3,0.0
682885,2028.0,434.0,166.3,0.0
682902,2034.0,433.0,166.3,0.0
682902,2039.0,433.0,166.3,0.0
682902,2037.0,433.0,166.3,0.0
682903,2031.0,433.0,166.3,0.0
682915,2058.0,433.0,166.3,0.0
682916,2054.0,433.0,166.3,0.0
682916,2052.0,433.0,166.3,0.0
682933,2072.0,432.0,166.3,0.0
682934,2073.0,432.0,166.3,0.0
682934,2070.0,432.0,166.3,0.0
682934,2073.0,432.0,166.3,0.0
682947,2042.0,432.0,166.3,0.0
682948,2043.0,432.0,166.3,0.0
682948,2061.0,432.0,166.3,0.0
682961,2037.0,431.0,166.3,0.0
682962,2034.0,431.0,166.3,0.0
682963,2051.0,431.0,166.3,0.0
682963,2041.0,431.0,166.3,0.0
682979,2047.0,431.0,166.3,0.0
682980,2035.0,431.0,166.3,0.0
682980,2040.0,431.0,166.3,0.0
682980,2040.0,431.0,166.3,0.0
682994,2082.0,431.0,166.3,0.0
682994,2067.0,431.0,166.3,0.0
682995,2074.0,431.0,166.3,0.0
683007,2041.0,430.0,166.3,0.0
683008,2048.0,430.0,166.3,0.0
683008,2048.0,430.0,166.3,0.0
683008,2041.0,430.0,166.3,0.0
683025,2022.0,430.0,166.3,0.0
683025,2029.0,430.0,166.3,0.0
683025,2027.0,430.0,166.3,0.0
683026,2022.0,430.0,166.3,0.0
683038,2040.0,430.0,166.3,0.0
683039,2048.0,430.0,166.3,0.0
683039,2042.0,430.0,166.3,0.0
683056,2062.0,429.0,166.3,0.0
683057,2064.0,429.0,166.3,0.0
683057,2061.0,429.0,166.3,0.0
683057,2072.0,429.0,166.3,0.0
683070,2056.0,429.0,166.3,0.0
683070,2060.0,429.0,166.3,0.0
683070,2057.0,429.0,166.3,0.0
683084,2032.0,429.0,166.3,0.0
683085,2028.0,429.0,166.3,0.0
683085,2032.0,429.0,166.3,0.0
683085,2028.0,429.0,166.3,0.0
683103,2029.0,429.0,166.3,0.0
683103,2018.0,429.0,166.3,0.0
683103,2032.0,429.0,166.3,0.0
683104,2030.0,429.0,166.3,0.0
683116,2052.0,428.0,166.3,0.0
683117,2049.0,428.0,166.3,0.0
683117,2052.0,428.0,166.3,0.0
683130,2059.0,428.0,166.3,0.0
683131,2074.0,428.0,166.3,0.0
683131,2063.0,428.0,166.3,0.0
683132,2064.0,428.0,166.3,0.0
683147,2051.0,428.0,166.3,0.0
683148,2055.0,428.0,166.3,0.0
683148,1867.0,428.0,166.3,0.0
683148,2049.0,428.0,166.3,0.0
683162,2017.0,429.0,166.3,0.0
683162,2020.0,429.0,166.3,0.0
683163,2030.0,429.0,166.3,0.0
683178,2065.0,429.0,166.3,0.0
683179,2042.0,429.0,166.3,0.0
683179,2034.0,429.0,166.3,0.0
683179,2038.0,429.0,166.3,0.0
683193,2065.0,428.0,166.3,0.0
683194,2047.0,428.0,166.3,0.0
683194,2073.0,428.0,166.3,0.0
683211,2046.0,428.0,166.3,0.0
683211,2053.0,428.0,166.3,0.0
683212,2052.0,428.0,166.3,0.0
683212,2067.0,428.0,166.3,0.0
683224,2025.0,428.0,166.3,0.0
683225,2020.0,428.0,166.3,0.0
683225,2021.0,428.0,166.3,0.0
683238,2049.0,428.0,166.3,0.0
683238,2049.0,428.0,166.3,0.0
683239,2040.0,428.0,166.3,0.0
683239,2032.0,428.0,166.3,0.0
683256,2060.0,428.0,166.3,0.0
683256,2060.0,428.0,166.3,0.0
683256,2063.0,428.0,166.3,0.0
683257,2062.0,428.0,166.3,0.0
683270,2052.0,428.0,166.3,0.0
683271,2052.0,428.0,166.3,0.0
683271,2055.0,428.0,166.3,0.0
683287,2056.0,428.0,166.3,0.0
683287,2044.0,428.0,166.3,0.0
683288,2043.0,428.0,166.3,0.0
683288,2039.0,428.0,166.3,0.0
683301,2036.0,429.0,166.3,0.0
683302,2038.0,429.0,166.3,0.0
683302,2036.0,429.0,166.3,0.0
683314,2061.0,429.0,166.3,0.0
683315,2055.0,429.0,166.3,0.0
683315,2037.0,429.0,166.3,0.0
683315,2062.0,429.0,166.3,0.0
683332,2060.0,429.0,166.3,0.0
683332,2064.0,429.0,166.3,0.0
683333,2062.0,429.0,166.3,0.0
683333,2061.0,429.0,166.3,0.0
683345,2038.0,429.0,166.3,0.0
683346,2038.0,429.0,166.3,0.0
683346,2021.0,429.0,166.3,0.0
683363,2035.0,429.0,166.3,0.0
683363,2030.0,429.0,166.3,0.0
683364,2032.0,429.0,166.3,0.0
683364,2028.0,429.0,166.3,0.0
683377,2063.0,429.0,166.3,0.0
683377,2045.0,429.0,166.3,0.0
683378,2052.0,429.0,166.3,0.0
683391,2066.0,429.0,166.3,0.0
683392,2067.0,429.0,166.3,0.0
683392,2061.0,429.0,166.3,0.0
683392,2055.0,429.0,166.3,0.0
683410,2065.0,429.0,166.3,0.0
683410,2065.0,429.0,166.3,0.0
683410,2063.0,429.0,166.3,0.0
683411,2063.0,429.0,166.3,0.0
683423,2022.0,429.0,166.3,0.0
683424,2030.0,429.0,166.3,0.0
683424,2037.0,429.0,166.3,0.0
683436,2065.0,429.0,166.3,0.0
683437,2054.0,429.0,166.3,0.0
683437,2049.0,429.0,166.3,0.0
683454,2074.0,430.0,166.3,0.0
683454,2072.0,430.0,166.3,0.0
683454,2061.0,430.0,166.3,0.0
683455,2054.0,430.0,166.3,0.0
683467,2035.0,430.0,166.3,0.0
683468,2036.0,430.0,166.3,0.0
683468,2048.0,430.0,166.3,0.0
683485,2036.0,430.0,166.3,0.0
683485,2035.0,430.0,166.3,0.0
683485,2042.0,430.0,166.3,0.0
683486,2034.0,430.0,166.3,0.0
683499,2055.0,430.0,166.3,0.0
683500,2048.0,430.0,166.3,0.0
683500,2038.0,430.0,166.3,0.0
683513,2060.0,430.0,166.3,0.0
683513,2069.0,430.0,166.3,0.0
683513,2072.0,430.0,166.3,0.0
683514,2072.0,430.0,166.3,0.0
683532,2094.0,431.0,166.3,0.0
683533,2083.0,431.0,166.3,0.0
683533,2105.0,431.0,166.3,0.0
683533,2104.0,431.0,166.3,0.0
683546,2008.0,431.0,166.3,0.0
683547,1997.0,431.0,166.3,0.0
683547,1994.0,431.0,166.3,0.0
683560,2030.0,432.0,166.3,0.0
683561,2035.0,432.0,166.3,0.0
683561,2038.0,432.0,166.3,0.0
683561,2038.0,432.0,166.3,0.0
683577,2044.0,432.0,166.3,0.0
683577,2039.0,432.0,166.3,0.0
683578,2049.0,432.0,166.3,0.0
683578,1975.0,432.0,166.3,0.0
683591,2057.0,432.0,166.3,0.0
683592,2047.0,432.0,166.3,0.0
683592,2054.0,432.0,166.3,0.0
683609,2040.0,432.0,166.3,0.0
683609,2057.0,432.0,166.3,0.0
683609,2051.0,432.0,166.3,0.0
683610,2046.0,432.0,166.3,0.0
683622,2029.0,432.0,166.3,0.0
683623,2024.0,432.0,166.3,0.0
683623,2030.0,432.0,166.3,0.0
683635,2061.0,432.0,166.3,0.0
683636,2057.0,432.0,166.3,0.0
683636,2052.0,432.0,166.3,0.0
683636,2058.0,432.0,166.3,0.0
683654,2070.0,432.0,166.3,0.0
683654,2077.0,432.0,166.3,0.0
683655,2069.0,432.0,166.3,0.0
683655,2070.0,432.0,166.3,0.0
683667,2030.0,432.0,166.3,0.0
683668,2039.0,432.0,166.3,0.0
683668,2038.0,432.0,166.3,0.0
683682,2039.0,432.0,166.3,0.0
683682,2038.0,432.0,166.3,0.0
683682,2044.0,432.0,166.3,0.0
683682,2045.0,432.0,166.3,0.0
683699,2039.0,432.0,166.3,0.0
683700,2038.0,432.0,166.3,0.0
683700,2045.0,432.0,166.3,0.0
683700,2045.0,432.0,166.3,0.0
683713,2060.0,432.0,166.3,0.0
683713,2057.0,432.0,166.3,0.0
683713,2056.0,432.0,166.3,0.0
683730,2054.0,432.0,166.3,0.0
683731,2059.0,432.0,166.3,0.0
683731,2062.0,432.0,166.3,0.0
683731,2056.0,432.0,166.3,0.0
683744,2030.0,432.0,166.3,0.0
683744,2033.0,432.0,166.3,0.0
683744,2040.0,432.0,166.3,0.0
683757,2055.0,432.0,166.3,0.0
683757,2073.0,432.0,166.3,0.0
683757,2047.0,432.0,166.3,0.0
683758,2050.0,432.0,166.3,0.0
683775,2079.0,432.0,166.3,0.0
683776,2070.0,432.0,166.3,0.0
683776,2057.0,432.0,166.3,0.0
683777,2056.0,432.0,166.3,0.0
683790,2049.0,433.0,166.3,0.0
683791,2055.0,433.0,166.3,0.0
683791,2051.0,433.0,166.3,0.0
683804,2023.0,433.0,166.3,0.0
683804,2035.0,433.0,166.3,0.0
683804,2038.0,433.0,166.3,0.0
683804,2029.0,433.0,166.3,0.0
683821,2059.0,433.0,166.3,0.0
683822,2053.0,433.0,166.3,0.0
683822,2053.0,433.0,166.3,0.0
683822,2057.0,433.0,166.3,0.0
683835,2052.0,433.0,166.3,0.0
683835,2038.0,433.0,166.3,0.0
683836,2056.0,433.0,166.3,0.0
683849,2042.0,434.0,166.3,0.0
683849,2041.0,434.0,166.3,0.0
683850,2047.0,434.0,166.3,0.0
683850,2048.0,434.0,166.3,0.0
683866,2031.0,434.0,166.3,0.0
683866,2033.0,434.0,166.3,0.0
683866,2013.0,434.0,166.3,0.0
683866,2028.0,434.0,166.3,0.0
683880,2034.0,434.0,166.3,0.0
683880,2034.0,434.0,166.3,0.0
683880,2036.0,434.0,166.3,0.0
683897,2056.0,434.0,166.3,0.0
683897,2067.0,434.0,166.3,0.0
683897,2051.0,434.0,166.3,0.0
683897,2055.0,434.0,166.3,0.0
683911,2049.0,434.0,166.3,0.0
683911,2058.0,434.0,166.3,0.0
683912,2055.0,434.0,166.3,0.0
683924,2026.0,434.0,166.3,0.0
683925,2032.0,434.0,166.3,0.0
683925,2034.0,434.0,166.3,0.0
683925,2024.0,434.0,166.3,0.0
683942,2037.0,434.0,166.3,0.0
683942,2027.0,434.0,166.3,0.0
683942,2037.0,434.0,166.3,0.0
683942,2034.0,434.0,166.3,0.0
683955,2056.0,435.0,166.3,0.0
683956,2060.0,435.0,166.3,0.0
683956,2057.0,435.0,166.3,0.0
683973,2061.0,435.0,166.3,0.0
683973,2059.0,435.0,166.3,0.0
683973,2060.0,435.0,166.3,0.0
683974,2074.0,435.0,166.3,0.0
683986,2029.0,435.0,166.3,0.0
683987,2032.0,435.0,166.3,0.0
683987,2035.0,435.0,166.3,0.0
684000,2027.0,435.0,166.3,0.0
684001,2025.0,435.0,166.3,0.0
684001,2031.0,435.0,166.3,0.0
684001,2032.0,435.0,166.3,0.0
684019,2054.0,435.0,166.3,0.0
684019,2043.0,435.0,166.3,0.0
684020,2050.0,435.0,166.3,0.0
684020,2052.0,435.0,166.3,0.0
684032,2059.0,436.0,166.3,0.0
684033,2056.0,436.0,166.3,0.0
684033,2057.0,436.0,166.3,0.0
684045,2027.0,436.0,166.3,0.0
684046,2031.0,436.0,166.3,0.0
684046,2033.0,436.0,166.3,0.0
684063,2027.0,437.0,166.3,0.0
684063,2036.0,437.0,166.3,0.0
684063,2035.0,437.0,166.3,0.0
684064,2035.0,437.0,166.3,0.0
684076,2060.0,437.0,166.3,0.0
684076,2051.0,437.0,166.3,0.0
684077,2052.0,437.0,166.3,0.0
684090,2053.0,437.0,166.3,0.0
684091,2061.0,437.0,166.3,0.0
684091,2059.0,437.0,166.3,0.0
684091,2055.0,437.0,166.3,0.0
684108,2037.0,437.0,166.3,0.0
684108,2046.0,437.0,166.3,0.0
684108,2043.0,437.0,166.3,0.0
684109,2043.0,437.0,166.3,0.0
684121,2019.0,438.0,166.3,0.0
684122,2033.0,438.0,166.3,0.0
684122,2031.0,438.0,166.3,0.0
684139,2039.0,438.0,166.3,0.0
684140,2044.0,438.0,166.3,0.0
684140,2040.0,438.0,166.3,0.0
684140,2050.0,438.0,166.3,0.0
684153,2069.0,438.0,166.3,0.0
684153,2059.0,438.0,166.3,0.0
684153,2059.0,438.0,166.3,0.0
684167,2025.0,438.0,166.3,0.0
684167,2026.0,438.0,166.3,0.0
684168,2034.0,438.0,166.3,0.0
684168,2036.0,438.0,166.3,0.0
684183,2038.0,438.0,166.3,0.0
684184,2043.0,438.0,166.3,0.0
684184,2033.0,438.0,166.3,0.0
684184,2035.0,438.0,166.3,0.0
684198,2050.0,439.0,166.3,0.0
684198,2053.0,439.0,166.3,0.0
684199,2046.0,439.0,166.3,0.0
684214,2070.0,439.0,166.3,0.0
684215,2067.0,439.0,166.3,0.0
684215,2067.0,439.0,166.3,0.0
684215,2069.0,439.0,166.3,0.0
684229,2040.0,439.0,166.3,0.0
684229,2043.0,439.0,166.3,0.0
684229,2042.0,439.0,166.3,0.0
684242,2032.0,439.0,166.3,0.0
684242,2035.0,439.0,166.3,0.0
684242,2044.0,439.0,166.3,0.0
684243,2042.0,439.0,166.3,0.0
684261,2043.0,438.0,166.3,0.0
684261,2049.0,438.0,166.3,0.0
684261,2040.0,438.0,166.3,0.0
684262,2040.0,438.0,166.3,0.0
684274,2062.0,438.0,166.3,0.0
684275,2059.0,438.0,166.3,0.0
684275,2057.0,438.0,166.3,0.0
684288,2042.0,438.0,166.3,0.0
684289,2044.0,438.0,166.3,0.0
684289,2043.0,438.0,166.3,0.0
684289,2049.0,438.0,166.3,0.0
684305,2022.0,438.0,166.3,0.0
684306,2028.0,438.0,166.3,0.0
684306,2028.0,438.0,166.3,0.0
684306,2025.0,438.0,166.3,0.0
684319,2046.0,438.0,166.3,0.0
684320,2047.0,438.0,166.3,0.0
684320,2041.0,438.0,166.3,0.0
684337,2069.0,437.0,166.3,0.0
684337,2059.0,437.0,166.3,0.0
684338,2057.0,437.0,166.3,0.0
684338,2055.0,437.0,166.3,0.0
684350,2050.0,437.0,166.3,0.0
684351,2045.0,437.0,166.3,0.0
684351,2051.0,437.0,166.3,0.0
684363,2031.0,437.0,166.3,0.0
684364,2034.0,437.0,166.3,0.0
684364,2032.0,437.0,166.3,0.0
684382,2040.0,437.0,166.3,0.0
684382,2050.0,437.0,166.3,0.0
684382,2054.0,437.0,166.3,0.0
684383,2036.0,437.0,166.3,0.0
684396,2061.0,437.0,166.3,0.0
684396,2056.0,437.0,166.3,0.0
684397,2056.0,437.0,166.3,0.0
684409,2043.0,437.0,166.3,0.0
684410,2045.0,437.0,166.3,0.0
684410,2044.0,437.0,166.3,0.0
684410,2055.0,437.0,166.3,0.0
684427,2038.0,437.0,166.3,0.0
684428,2038.0,437.0,166.3,0.0
684428,2043.0,437.0,166.3,0.0
684428,2044.0,437.0,166.3,0.0
684441,2028.0,437.0,166.3,0.0
684442,2037.0,437.0,166.3,0.0
684442,2038.0,437.0,166.3,0.0
684459,2052.0,437.0,166.3,0.0
684459,2070.0,437.0,166.3,0.0
684459,2055.0,437.0,166.3,0.0
684459,2055.0,437.0,166.3,0.0
684472,2054.0,437.0,166.3,0.0
684472,2064.0,437.0,166.3,0.0
684473,2066.0,437.0,166.3,0.0
684486,2034.0,437.0,166.3,0.0
684487,2035.0,437.0,166.3,0.0
684487,2032.0,437.0,166.3,0.0
684487,2025.0,437.0,166.3,0.0
684504,2026.0,437.0,166.3,0.0
684504,2039.0,437.0,166.3,0.0
684505,2026.0,437.0,166.3,0.0
684505,2025.0,437.0,166.3,0.0
684518,2043.0,437.0,166.3,0.0
684519,2051.0,437.0,166.3,0.0
684519,2049.0,437.0,166.3,0.0
684532,2061.0,436.0,166.3,0.0
684532,2053.0,436.0,166.3,0.0
684532,2065.0,436.0,166.3,0.0
684533,2063.0,436.0,166.3,0.0
684549,2044.0,436.0,166.3,0.0
684550,2057.0,436.0,166.3,0.0
684550,2053.0,436.0,166.3,0.0
684550,2041.0,436.0,166.3,0.0
684563,2036.0,436.0,166.3,0.0
684563,2026.0,436.0,166.3,0.0
684564,2030.0,436.0,166.3,0.0
684577,2058.0,436.0,166.3,0.0
684578,2056.0,436.0,166.3,0.0
684578,2056.0,436.0,166.3,0.0
684578,2063.0,436.0,166.3,0.0
684594,2063.0,436.0,166.3,0.0
684594,2066.0,436.0,166.3,0.0
684595,2065.0,436.0,166.3,0.0
684595,2068.0,436.0,166.3,0.0
684608,2038.0,436.0,166.3,0.0
684609,2039.0,436.0,166.3,0.0
684609,2037.0,436.0,166.3,0.0
684626,2029.0,436.0,166.3,0.0
684626,2032.0,436.0,166.3,0.0
684627,2033.0,436.0,166.3,0.0
684627,2014.0,436.0,166.3,0.0
684639,2056.0,436.0,166.3,0.0
684640,2046.0,436.0,166.3,0.0
684640,2043.0,436.0,166.3,0.0
684653,2064.0,436.0,166.3,0.0
684653,2063.0,436.0,166.3,0.0
684653,2056.0,436.0,166.3,0.0
684653,2061.0,436.0,166.3,0.0
684670,2044.0,435.0,166.3,0.0
684671,2060.0,435.0,166.3,0.0
684671,2047.0,435.0,166.3,0.0
684671,2067.0,435.0,166.3,0.0
684684,2030.0,435.0,166.3,0.0
684684,2034.0,435.0,166.3,0.0
684684,2041.0,435.0,166.3,0.0
684698,2050.0,435.0,166.3,0.0
684698,1960.0,435.0,166.3,0.0
684698,2057.0,435.0,188.7,0.0
684699,2051.0,435.0,188.7,0.0
684715,2071.0,435.0,188.7,0.0
684716,2072.0,435.0,188.7,0.0
684716,2074.0,435.0,188.7,0.0
684716,2067.0,435.0,188.7,0.0
684729,2036.0,435.0,188.7,0.0
684729,2038.0,435.0,188.7,0.0
684729,2044.0,435.0,188.7,0.0
684746,2035.0,434.0,188.7,0.0
684747,2029.0,434.0,188.7,0.0
684747,2033.0,434.0,188.7,0.0
684747,2034.0,434.0,188.7,0.0
684760,2052.0,434.0,188.7,0.0
684760,2032.0,434.0,188.7,0.0
684760,2040.0,434.0,188.7,0.0
684773,2065.0,434.0,188.7,0.0
684773,2061.0,434.0,188.7,0.0
684774,2066.0,434.0,188.7,0.0
684774,2067.0,434.0,188.7,0.0
684790,2038.0,434.0,188.7,0.0
684791,2056.0,434.0,188.7,0.0
684791,2059.0,434.0,188.7,0.0
684791,2057.0,434.0,188.7,0.0
684805,2033.0,434.0,188.7,0.0
684805,2030.0,434.0,188.7,0.0
684805,2032.0,434.0,188.7,0.0
684821,2043.0,434.0,188.7,0.0
684822,2042.0,434.0,188.7,0.0
684822,2053.0,434.0,188.7,0.0
684822,2034.0,434.0,188.7,0.0
684836,2061.0,434.0,188.7,0.0
684836,2066.0,434.0,188.7,0.0
684836,2063.0,434.0,188.7,0.0
684849,2044.0,434.0,188.7,0.0
684850,2043.0,434.0,188.7,0.0
684850,2039.0,434.0,188.7,0.0
684850,2042.0,434.0,188.7,0.0
684868,2033.0,434.0,188.7,0.0
684868,2036.0,434.0,188.7,0.0
684868,2028.0,434.0,188.7,0.0
684869,2039.0,434.0,188.7,0.0
684881,2048.0,433.0,188.7,0.0
684882,2041.0,433.0,188.7,0.0
684882,2037.0,433.0,188.7,0.0
684895,2071.0,433.0,188.7,0.0
684896,2066.0,433.0,188.7,0.0
684896,2073.0,433.0,188.7,0.0
684896,2069.0,433.0,188.7,0.0
684912,2063.0,433.0,188.7,0.0
684912,2060.0,433.0,188.7,0.0
684912,2070.0,433.0,188.7,0.0
684913,2065.0,433.0,188.7,0.0
684926,2026.0,433.0,188.7,0.0
684926,2013.0,433.0,188.7,0.0
684927,2036.0,433.0,188.7,0.0
684943,2048.0,433.0,188.7,0.0
684943,2028.0,433.0,188.7,0.0
684943,2038.0,433.0,188.7,0.0
684944,2043.0,433.0,188.7,0.0
684957,2061.0,432.0,188.7,0.0
684957,2060.0,432.0,188.7,0.0
684958,2061.0,432.0,188.7,0.0
684970,2053.0,432.0,188.7,0.0
684971,2054.0,432.0,188.7,0.0
684971,2047.0,432.0,188.7,0.0
684971,2057.0,432.0,188.7,0.0
684989,2040.0,432.0,188.7,0.0
684989,2044.0,432.0,188.7,0.0
684990,2047.0,432.0,188.7,0.0
684990,2058.0,432.0,188.7,0.0
685002,2031.0,432.0,188.7,0.0
685003,2037.0,432.0,188.7,0.0
685003,2036.0,432.0,188.7,0.0
685017,2071.0,431.0,188.7,0.0
685017,2038.0,431.0,188.7,0.0
685017,2063.0,431.0,188.7,0.0
685017,2064.0,431.0,188.7,0.0
685034,2079.0,431.0,188.7,0.0
685035,2077.0,431.0,188.7,0.0
685035,2068.0,431.0,188.7,0.0
685035,2065.0,431.0,188.7,0.0
685048,2029.0,431.0,188.7,0.0
685048,2028.0,431.0,188.7,0.0
685048,2036.0,431.0,188.7,0.0
685061,2046.0,430.0,188.7,0.0
685061,2046.0,430.0,188.7,0.0
685061,2042.0,430.0,188.7,0.0
685078,2074.0,430.0,188.7,0.0
685078,2068.0,430.0,188.7,0.0
685079,2069.0,430.0,188.7,0.0
685079,2057.0,430.0,188.7,0.0
685091,2039.0,430.0,188.7,0.0
685092,2056.0,430.0,188.7,0.0
685092,2044.0,430.0,188.7,0.0
685109,2038.0,430.0,188.7,0.0
685109,2039.0,430.0,188.7,0.0
685109,2049.0,430.0,188.7,0.0
685110,2044.0,430.0,188.7,0.0
685122,2037.0,429.0,188.7,0.0
685123,2039.0,429.0,188.7,0.0
685123,2032.0,429.0,188.7,0.0
685136,2068.0,428.0,188.7,0.0
685137,2070.0,428.0,188.7,0.0
685137,2068.0,428.0,188.7,0.0
685137,2074.0,428.0,188.7,0.0
685154,2067.0,428.0,188.7,0.0
685154,2066.0,428.0,188.7,0.0
685154,2069.0,428.0,188.7,0.0
685155,2067.0,428.0,188.7,0.0
685167,2024.0,428.0,188.7,0.0
685168,2024.0,428.0,188.7,0.0
685168,2018.0,428.0,188.7,0.0
685184,2037.0,427.0,188.7,0.0
685185,2037.0,427.0,188.7,0.0
685185,2034.0,427.0,188.7,0.0
685185,2036.0,427.0,188.7,0.0
685198,2055.0,427.0,188.7,0.0
685199,2058.0,427.0,188.7,0.0
685199,2061.0,427.0,188.7,0.0
685211,2057.0,427.0,188.7,0.0
685212,2060.0,427.0,188.7,0.0
685212,2058.0,427.0,188.7,0.0
685212,2058.0,427.0,188.7,0.0
685230,2045.0,427.0,188.7,0.0
685230,2056.0,427.0,188.7,0.0
685230,2050.0,427.0,188.7,0.0
685231,2053.0,427.0,188.7,0.0
685244,2037.0,427.0,188.7,0.0
685245,2040.0,427.0,188.7,0.0
685245,2045.0,427.0,188.7,0.0
685257,2061.0,427.0,188.7,0.0
685258,2058.0,427.0,188.7,0.0
685258,2060.0,427.0,188.7,0.0
685258,2060.0,427.0,188.7,0.0
685275,2075.0,427.0,188.7,0.0
685275,2074.0,427.0,188.7,0.0
685276,2069.0,427.0,188.7,0.0
685276,2069.0,427.0,188.7,0.0
685288,2031.0,427.0,188.7,0.0
685289,2029.0,427.0,188.7,0.0
685289,2044.0,427.0,188.7,0.0
685306,2008.0,426.0,188.7,0.0
685306,2030.0,426.0,188.7,0.0
685306,2029.0,426.0,188.7,0.0
685306,2031.0,426.0,188.7,0.0
685319,2060.0,426.0,188.7,0.0
685319,2050.0,426.0,188.7,0.0
685320,2060.0,426.0,188.7,0.0
685333,2072.0,426.0,188.7,0.0
685334,2044.0,426.0,188.7,0.0
685334,2066.0,426.0,188.7,0.0
685334,2055.0,426.0,188.7,0.0
685352,2094.0,426.0,188.7,0.0
685352,2093.0,426.0,188.7,0.0
685352,2119.0,426.0,188.7,0.0
685352,2090.0,426.0,188.7,0.0
685366,2008.0,426.0,188.7,0.0
685367,2014.0,426.0,188.7,0.0
685367,2003.0,426.0,188.7,0.0
685379,2053.0,426.0,188.7,0.0
685380,2063.0,426.0,188.7,0.0
685380,2056.0,426.0,188.7,0.0
685380,2057.0,426.0,188.7,0.0
685397,2069.0,426.0,188.7,0.0
685397,2211.0,426.0,188.7,0.0
685397,2061.0,426.0,188.7,0.0
685398,2072.0,426.0,188.7,0.0
685410,2046.0,426.0,188.7,0.0
685411,2047.0,426.0,188.7,0.0
685411,2045.0,426.0,188.7,0.0
685427,2027.0,425.0,188.7,0.0
685428,2041.0,425.0,188.7,0.0
685428,2049.0,425.0,188.7,0.0
685428,2045.0,425.0,188.7,0.0
685441,2038.0,425.0,188.7,0.0
685441,2040.0,425.0,188.7,0.0
685442,2044.0,425.0,188.7,0.0
685455,2079.0,426.0,188.7,0.0
685455,2068.0,426.0,188.7,0.0
685456,2066.0,426.0,188.7,0.0
685456,2178.0,426.0,188.7,0.0
685474,2071.0,426.0,188.7,0.0
685474,2067.0,426.0,188.7,0.0
685474,2064.0,426.0,188.7,0.0
685474,2050.0,426.0,188.7,0.0
685487,2031.0,426.0,188.7,0.0
685487,2026.0,426.0,188.7,0.0
685488,2040.0,426.0,188.7,0.0
685500,2054.0,426.0,188.7,0.0
685501,2043.0,426.0,188.7,0.0
685501,2046.0,426.0,188.7,0.0
685517,2070.0,426.0,188.7,0.0
685518,2069.0,426.0,188.7,0.0
685518,2072.0,426.0,188.7,0.0
685518,2062.0,426.0,188.7,0.0
685531,2044.0,426.0,188.7,0.0
685531,2048.0,426.0,188.7,0.0
685531,2055.0,426.0,188.7,0.0
685545,2037.0,426.0,188.7,0.0
685545,2028.0,426.0,188.7,0.0
685545,2023.0,426.0,188.7,0.0
685546,2035.0,426.0,188.7,0.0
685562,2050.0,426.0,188.7,0.0
685563,2036.0,426.0,188.7,0.0
685563,2039.0,426.0,188.7,0.0
685563,2036.0,426.0,188.7,0.0
685576,2068.0,426.0,188.7,0.0
685576,2071.0,426.0,188.7,0.0
685576,2072.0,426.0,188.7,0.0
685593,2060.0,426.0,188.7,0.0
685594,2062.0,426.0,188.7,0.0
685594,2074.0,426.0,188.7,0.0
685594,2076.0,426.0,188.7,0.0
685607,2028.0,426.0,188.7,0.0
685607,2024.0,426.0,188.7,0.0
685607,2006.0,426.0,188.7,0.0
685620,2056.0,426.0,188.7,0.0
685620,2057.0,426.0,188.7,0.0
685621,2057.0,426.0,188.7,0.0
685621,2051.0,426.0,188.7,0.0
685637,2065.0,427.0,188.7,0.0
685638,2068.0,427.0,188.7,0.0
685638,2061.0,427.0,188.7,0.0
685638,2067.0,427.0,188.7,0.0
685652,2052.0,427.0,188.7,0.0
685652,2053.0,427.0,188.7,0.0
685652,2056.0,427.0,188.7,0.0
685668,2037.0,427.0,188.7,0.0
685669,2046.0,427.0,188.7,0.0
685669,2034.0,427.0,188.7,0.0
685669,2033.0,427.0,188.7,0.0
685683,2040.0,427.0,188.7,0.0
685683,2024.0,427.0,188.7,0.0
685683,2039.0,427.0,188.7,0.0
685696,2069.0,427.0,188.7,0.0
685696,2070.0,427.0,188.7,0.0
685696,2058.0,427.0,188.7,0.0
685697,2068.0,427.0,188.7,0.0
685714,2070.0,427.0,188.7,0.0
685715,2068.0,427.0,188.7,0.0
685715,2069.0,427.0,188.7,0.0
685715,2072.0,427.0,188.7,0.0
685728,2035.0,427.0,188.7,0.0
685728,2035.0,427.0,188.7,0.0
685728,2035.0,427.0,188.7,0.0
685742,2035.0,428.0,188.7,0.0
685742,2036.0,428.0,188.7,0.0
685743,2051.0,428.0,188.7,0.0
685743,2044.0,428.0,188.7,0.0
685759,2033.0,428.0,188.7,0.0
685760,2071.0,428.0,188.7,0.0
685760,2084.0,428.0,188.7,0.0
685761,2090.0,428.0,188.7,0.0
685774,2048.0,428.0,188.7,0.0
685775,2045.0,428.0,188.7,0.0
685775,2042.0,428.0,188.7,0.0
685791,2046.0,428.0,188.7,0.0
685792,2055.0,428.0,188.7,0.0
685792,2067.0,428.0,188.7,0.0
685792,2058.0,428.0,188.7,0.0
685805,2019.0,428.0,188.7,0.0
685805,2003.0,428.0,188.7,0.0
685806,2023.0,428.0,188.7,0.0
685818,2071.0,428.0,188.7,0.0
685819,2059.0,428.0,188.7,0.0
685819,2064.0,428.0,188.7,0.0
685819,2071.0,428.0,188.7,0.0
685837,2075.0,429.0,188.7,0.0
685837,2052.0,429.0,188.7,0.0
685838,2064.0,429.0,188.7,0.0
685838,2058.0,429.0,188.7,0.0
685851,2045.0,429.0,188.7,0.0
685852,2060.0,429.0,188.7,0.0
685852,2056.0,429.0,188.7,0.0
685865,2059.0,429.0,188.7,0.0
685865,2058.0,429.0,188.7,0.0
685865,2055.0,429.0,188.7,0.0
685866,2035.0,429.0,188.7,0.0
685882,2027.0,429.0,188.7,0.0
685883,2027.0,429.0,188.7,0.0
685883,2029.0,429.0,188.7,0.0
685883,2045.0,429.0,188.7,0.0
685896,2068.0,429.0,188.7,0.0
685896,2059.0,429.0,188.7,0.0
685897,2082.0,429.0,188.7,0.0
685910,2027.0,429.0,188.7,0.0
685910,2034.0,429.0,188.7,0.0
685911,2041.0,429.0,188.7,0.0
685911,2041.0,429.0,188.7,0.0
685928,1996.0,429.0,188.7,0.0
685928,2026.0,429.0,188.7,0.0
685928,2026.0,429.0,188.7,0.0
685929,2019.0,429.0,188.7,0.0
685942,2039.0,430.0,188.7,0.0
685942,2042.0,430.0,188.7,0.0
685943,2041.0,430.0,188.7,0.0
685959,2062.0,430.0,188.7,0.0
685959,2053.0,430.0,188.7,0.0
685959,2054.0,430.0,188.7,0.0
685959,2055.0,430.0,188.7,0.0
685973,2056.0,430.0,188.7,0.0
685973,2068.0,430.0,188.7,0.0
685974,2058.0,430.0,188.7,0.0
685986,2028.0,430.0,188.7,0.0
685987,2014.0,430.0,188.7,0.0
685987,2033.0,430.0,188.7,0.0
685987,2027.0,430.0,188.7,0.0
686004,2048.0,431.0,188.7,0.0
686004,2040.0,431.0,188.7,0.0
686005,2052.0,431.0,188.7,0.0
686005,2040.0,431.0,188.7,0.0
686017,2054.0,431.0,188.7,0.0
686018,2058.0,431.0,188.7,0.0
686018,2054.0,431.0,188.7,0.0
686035,2074.0,431.0,188.7,0.0
686036,2072.0,431.0,188.7,0.0
686036,2064.0,431.0,188.7,0.0
686036,2072.0,431.0,188.7,0.0
686049,2033.0,431.0,188.7,0.0
686049,2029.0,431.0,188.7,0.0
686049,2024.0,431.0,188.7,0.0
686063,2047.0,431.0,188.7,0.0
686063,2039.0,431.0,188.7,0.0
686063,2044.0,431.0,188.7,0.0
686064,2047.0,431.0,188.7,0.0
686081,2046.0,432.0,188.7,0.0
686082,2038.0,432.0,188.7,0.0
686082,2037.0,432.0,188.7,0.0
686082,2042.0,432.0,188.7,0.0
686095,2063.0,432.0,188.7,0.0
686095,2059.0,432.0,188.7,0.0
686095,2062.0,432.0,188.7,0.0
686108,2027.0,432.0,188.7,0.0
686109,2028.0,432.0,188.7,0.0
686109,2036.0,432.0,188.7,0.0
686109,2034.0,432.0,188.7,0.0
686126,2036.0,433.0,188.7,0.0
686126,2036.0,433.0,188.7,0.0
686126,2038.0,433.0,188.7,0.0
686127,2036.0,433.0,188.7,0.0
686140,2052.0,433.0,188.7,0.0
686140,2053.0,433.0,188.7,0.0
686141,2034.0,433.0,188.7,0.0
686157,2075.0,434.0,188.7,0.0
686157,2067.0,434.0,188.7,0.0
686158,2065.0,434.0,188.7,0.0
686158,2064.0,434.0,188.7,0.0
686171,2044.0,435.0,188.7,0.0
686172,2052.0,435.0,188.7,0.0
686172,2052.0,435.0,188.7,0.0
686184,2046.0,435.0,188.7,0.0
686185,2027.0,435.0,188.7,0.0
686185,2027.0,435.0,188.7,0.0
686185,2044.0,435.0,188.7,0.0
686203,2037.0,436.0,188.7,0.0
686204,2026.0,436.0,188.7,0.0
686204,2028.0,436.0,188.7,0.0
686204,2037.0,436.0,188.7,0.0
686217,2059.0,436.0,188.7,0.0
686217,2069.0,436.0,188.7,0.0
686218,2071.0,436.0,188.7,0.0
686231,2041.0,437.0,188.7,0.0
686232,2042.0,437.0,188.7,0.0
686232,2051.0,437.0,188.7,0.0
686232,2042.0,437.0,188.7,0.0
686248,2031.0,437.0,188.7,0.0
686249,2037.0,437.0,188.7,0.0
686249,2036.0,437.0,188.7,0.0
686249,2036.0,437.0,188.7,0.0
686262,2038.0,438.0,188.7,0.0
686263,2039.0,438.0,188.7,0.0
686263,2040.0,438.0,188.7,0.0
686280,2066.0,438.0,188.7,0.0
686280,2069.0,438.0,188.7,0.0
686280,2052.0,438.0,188.7,0.0
686281,2055.0,438.0,188.7,0.0
686293,2062.0,438.0,188.7,0.0
686294,2051.0,438.0,188.7,0.0
686294,2055.0,438.0,188.7,0.0
686306,2035.0,439.0,188.7,0.0
686307,2033.0,439.0,188.7,0.0
686307,2036.0,439.0,188.7,0.0
686307,2043.0,439.0,188.7,0.0
686325,2036.0,439.0,188.7,0.0
686326,2041.0,439.0,188.7,0.0
686326,2035.0,439.0,188.7,0.0
686326,2039.0,439.0,188.7,0.0
686339,2057.0,439.0,188.7,0.0
686340,2056.0,439.0,188.7,0.0
686340,2056.0,439.0,188.7,0.0
686353,2054.0,440.0,188.7,0.0
686353,2057.0,440.0,188.7,0.0
686353,2044.0,440.0,188.7,0.0
686354,2052.0,440.0,188.7,0.0
686371,2041.0,440.0,188.7,0.0
686371,2042.0,440.0,188.7,0.0
686371,2051.0,440.0,188.7,0.0
686371,2044.0,440.0,188.7,0.0
686384,2037.0,440.0,188.7,0.0
686384,2034.0,440.0,188.7,0.0
686385,2040.0,440.0,188.7,0.0
686397,2066.0,440.0,188.7,0.0
686397,2057.0,440.0,188.7,0.0
686398,2065.0,440.0,188.7,0.0
686414,2066.0,440.0,188.7,0.0
686415,2085.0,440.0,188.7,0.0
686415,2101.0,440.0,58.9,0.0
686415,2083.0,440.0,58.9,0.0
686428,2027.0,440.0,58.9,0.0
686428,2030.0,440.0,58.9,0.0
686428,2027.0,440.0,58.9,0.0
686445,2035.0,439.0,58.9,0.0
686446,2046.0,439.0,58.9,0.0
686446,2041.0,439.0,58.9,0.0
686446,2030.0,439.0,58.9,0.0
686460,2059.0,439.0,58.9,0.0
686460,2054.0,439.0,58.9,0.0
686461,2053.0,439.0,58.9,0.0
686473,2055.0,439.0,58.9,0.0
686474,2058.0,439.0,58.9,0.0
686474,2059.0,439.0,58.9,0.0
686474,2051.0,439.0,58.9,0.0
686491,2034.0,439.0,58.9,0.0
686491,2044.0,439.0,58.9,0.0
686492,2047.0,439.0,58.9,0.0
686492,2035.0,439.0,58.9,0.0
686504,2032.0,438.0,58.9,0.0
686505,2031.0,438.0,58.9,0.0
686505,2036.0,438.0,58.9,0.0
686522,2060.0,438.0,58.9,0.0
686522,2054.0,438.0,58.9,0.0
686523,2022.0,438.0,58.9,0.0
686523,2044.0,438.0,58.9,0.0
686535,2065.0,438.0,58.9,0.0
686536,2068.0,438.0,58.9,0.0
686536,2072.0,438.0,58.9,0.0
686549,2027.0,438.0,58.9,0.0
686550,2036.0,438.0,58.9,0.0
686550,2035.0,438.0,58.9,0.0
686550,2023.0,438.0,58.9,0.0
686567,2036.0,438.0,58.9,0.0
686568,2038.0,438.0,58.9,0.0
686568,2037.0,438.0,58.9,0.0
686568,2041.0,438.0,58.9,0.0
686582,2053.0,438.0,58.9,0.0
686582,2049.0,438.0,58.9,0.0
686582,2048.0,438.0,58.9,0.0
686595,2065.0,438.0,58.9,0.0
686595,2070.0,438.0,58.9,0.0
686596,2075.0,438.0,58.9,0.0
686596,2083.0,438.0,58.9,0.0
686612,2054.0,438.0,58.9,0.0
686613,2061.0,438.0,58.9,0.0
686613,2053.0,438.0,58.9,0.0
686613,2056.0,438.0,58.9,0.0
686626,2026.0,437.0,58.9,0.0
686626,2028.0,437.0,58.9,0.0
686626,2033.0,437.0,58.9,0.0
686640,2060.0,437.0,58.9,0.0
686640,2066.0,437.0,58.9,0.0
686641,2054.0,437.0,58.9,0.0
686641,2059.0,437.0,58.9,0.0
686657,2070.0,437.0,58.9,0.0
686658,2066.0,437.0,58.9,0.0
686658,2062.0,437.0,58.9,0.0
686658,2066.0,437.0,58.9,0.0
686672,2052.0,437.0,58.9,0.0
686672,2058.0,437.0,58.9,0.0
686672,2046.0,437.0,58.9,0.0
686689,2024.0,437.0,58.9,0.0
686690,2036.0,437.0,58.9,0.0
686690,2035.0,437.0,58.9,0.0
686690,2039.0,437.0,58.9,0.0
686703,2043.0,437.0,58.9,0.0
686703,2039.0,437.0,58.9,0.0
686703,2054.0,437.0,58.9,0.0
686716,2070.0,437.0,58.9,0.0
686716,2065.0,437.0,58.9,0.0
686716,2063.0,437.0,58.9,0.0
686717,2063.0,437.0,58.9,0.0
686733,2053.0,437.0,58.9,0.0
686734,2060.0,437.0,58.9,0.0
686734,2067.0,437.0,58.9,0.0
686734,2058.0,437.0,58.9,0.0
686747,2031.0,437.0,58.9,0.0
686747,2033.0,437.0,58.9,0.0
686747,2030.0,437.0,58.9,0.0
686761,2057.0,436.0,58.9,0.0
686761,2050.0,436.0,58.9,0.0
686762,2055.0,436.0,58.9,0.0
686762,2053.0,436.0,58.9,0.0
686778,2071.0,436.0,58.9,0.0
686779,2060.0,436.0,58.9,0.0
686779,2065.0,436.0,58.9,0.0
686779,2066.0,436.0,58.9,0.0
686792,2046.0,436.0,58.9,0.0
686793,2044.0,436.0,58.9,0.0
686793,2049.0,436.0,58.9,0.0
686810,2027.0,436.0,58.9,0.0
686810,2032.0,436.0,58.9,0.0
686811,2025.0,436.0,58.9,0.0
686811,2054.0,436.0,58.9,0.0
686823,2046.0,436.0,58.9,0.0
686824,2048.0,436.0,58.9,0.0
686824,2027.0,436.0,58.9,0.0
686837,2071.0,436.0,58.9,0.0
686837,2060.0,436.0,58.9,0.0
686837,2062.0,436.0,58.9,0.0
686837,2054.0,436.0,58.9,0.0
686854,2055.0,435.0,58.9,0.0
686854,2063.0,435.0,58.9,0.0
686855,2072.0,435.0,58.9,0.0
686855,2051.0,435.0,58.9,0.0
686868,2023.0,435.0,58.9,0.0
686869,2029.0,435.0,58.9,0.0
686869,2030.0,435.0,58.9,0.0
686885,2041.0,435.0,58.9,0.0
686885,2030.0,435.0,58.9,0.0
686885,2032.0,435.0,58.9,0.0
686885,2035.0,435.0,58.9,0.0
686899,2040.0,436.0,58.9,0.0
686899,2053.0,436.0,58.9,0.0
686900,2052.0,436.0,58.9,0.0
686912,2039.0,436.0,58.9,0.0
686913,2044.0,436.0,58.9,0.0
686913,2053.0,436.0,58.9,0.0
686913,2069.0,436.0,58.9,0.0
686931,2035.0,436.0,58.9,0.0
686931,2039.0,436.0,58.9,0.0
686931,2045.0,436.0,58.9,0.0
686931,2042.0,436.0,58.9,0.0
686944,2031.0,436.0,58.9,0.0
686945,2020.0,436.0,58.9,0.0
686945,2036.0,436.0,58.9,0.0
686958,2073.0,436.0,58.9,0.0
686959,2065.0,436.0,58.9,0.0
686959,2067.0,436.0,58.9,0.0
686959,2056.0,436.0,58.9,0.0
686975,2069.0,436.0,58.9,0.0
686976,2072.0,436.0,58.9,0.0
686976,2069.0,436.0,58.9,0.0
686976,2069.0,436.0,58.9,0.0
686990,2022.0,435.0,58.9,0.0
686990,2032.0,435.0,58.9,0.0
686990,2026.0,435.0,58.9,0.0
687006,2037.0,435.0,58.9,0.0
687006,2020.0,435.0,58.9,0.0
687007,2037.0,435.0,58.9,0.0
687007,2038.0,435.0,58.9,0.0
687020,2058.0,435.0,58.9,0.0
687021,2053.0,435.0,58.9,0.0
687021,2051.0,435.0,58.9,0.0
687033,2055.0,435.0,58.9,0.0
687034,2052.0,435.0,58.9,0.0
687034,2067.0,435.0,58.9,0.0
687034,2068.0,435.0,58.9,0.0
687052,2042.0,435.0,58.9,0.0
687052,2046.0,435.0,58.9,0.0
687053,2052.0,435.0,58.9,0.0
687053,2050.0,435.0,58.9,0.0
687065,2021.0,434.0,58.9,0.0
687066,2037.0,434.0,58.9,0.0
687066,2040.0,434.0,58.9,0.0
687079,2061.0,434.0,58.9,0.0
687080,2059.0,434.0,58.9,0.0
687080,2048.0,434.0,58.9,0.0
687080,2053.0,434.0,58.9,0.0
687097,2068.0,434.0,58.9,0.0
687098,2068.0,434.0,58.9,0.0
687098,2063.0,434.0,58.9,0.0
687098,2065.0,434.0,58.9,0.0
687111,2032.0,434.0,58.9,0.0
687111,2037.0,434.0,58.9,0.0
687111,2035.0,434.0,58.9,0.0
687124,2055.0,434.0,58.9,0.0
687124,2047.0,434.0,58.9,0.0
687124,2058.0,434.0,58.9,0.0
687125,2053.0,434.0,58.9,0.0
687141,2025.0,434.0,58.9,0.0
687142,2052.0,434.0,58.9,0.0
687142,2045.0,434.0,58.9,0.0
687142,2052.0,434.0,58.9,0.0
687155,2058.0,434.0,58.9,0.0
687155,2062.0,434.0,58.9,0.0
687155,2055.0,434.0,58.9,0.0
687172,2037.0,434.0,58.9,0.0
687173,2044.0,434.0,58.9,0.0
687173,2049.0,434.0,58.9,0.0
687173,2051.0,434.0,58.9,0.0
687187,2023.0,433.0,58.9,0.0
687187,2031.0,433.0,58.9,0.0
687187,2024.0,433.0,58.9,0.0
687200,2061.0,433.0,58.9,0.0
687200,2054.0,433.0,58.9,0.0
687201,2073.0,433.0,58.9,0.0
687201,2059.0,433.0,58.9,0.0
687217,2073.0,433.0,58.9,0.0
687218,2069.0,433.0,58.9,0.0
687218,2069.0,433.0,58.9,0.0
687218,2071.0,433.0,58.9,0.0
687231,2025.0,432.0,58.9,0.0
687231,2032.0,432.0,58.9,0.0
687231,2033.0,432.0,58.9,0.0
687244,2029.0,432.0,58.9,0.0
687244,2036.0,432.0,58.9,0.0
687245,2038.0,432.0,58.9,0.0
687245,2028.0,432.0,58.9,0.0
687262,2061.0,431.0,58.9,0.0
687262,2064.0,431.0,58.9,0.0
687262,2055.0,431.0,58.9,0.0
687263,2055.0,431.0,58.9,0.0
687276,2070.0,430.0,58.9,0.0
687277,2074.0,430.0,58.9,0.0
687277,2071.0,430.0,58.9,0.0
687293,2053.0,430.0,58.9,0.0
687294,2055.0,430.0,58.9,0.0
687294,2057.0,430.0,58.9,0.0
687294,2055.0,430.0,58.9,0.0
687308,2020.0,430.0,58.9,0.0
687308,2013.0,430.0,58.9,0.0
687308,2028.0,430.0,58.9,0.0
687308,2019.0,430.0,58.9,0.0
687321,2046.0,430.0,58.9,0.0
687321,2052.0,430.0,58.9,0.0
687322,2056.0,430.0,58.9,0.0
687338,2071.0,430.0,58.9,0.0
687339,2065.0,430.0,58.9,0.0
687339,2063.0,430.0,58.9,0.0
687339,2068.0,430.0,58.9,0.0
687352,2042.0,430.0,58.9,0.0
687352,2039.0,430.0,58.9,0.0
687352,2036.0,430.0,58.9,0.0
687366,2030.0,429.0,58.9,0.0
687366,2029.0,429.0,58.9,0.0
687367,2034.0,429.0,58.9,0.0
687367,2028.0,429.0,58.9,0.0
687383,2057.0,429.0,58.9,0.0
687383,2070.0,429.0,58.9,0.0
687383,2051.0,429.0,58.9,0.0
687383,2057.0,429.0,58.9,0.0
687397,2073.0,429.0,58.9,0.0
687398,2076.0,429.0,58.9,0.0
687398,2079.0,429.0,60.0,0.0
687398,2074.0,429.0,60.0,0.0
687414,2053.0,429.0,60.0,0.0
687415,2058.0,429.0,60.0,0.0
687415,2056.0,429.0,60.0,0.0
687415,2050.0,429.0,60.0,0.0
687429,2026.0,428.0,60.0,0.0
687429,2047.0,428.0,60.0,0.0
687429,2047.0,428.0,60.0,0.0
687442,2043.0,428.0,60.0,0.0
687442,2045.0,428.0,60.0,0.0
687443,2056.0,428.0,60.0,0.0
687443,2058.0,428.0,60.0,0.0
687460,2067.0,428.0,60.0,0.0
687460,2067.0,428.0,60.0,0.0
687460,2061.0,428.0,60.0,0.0
687460,2065.0,428.0,60.0,0.0
687473,2037.0,428.0,60.0,0.0
687473,2048.0,428.0,60.0,0.0
687474,2040.0,428.0,60.0,0.0
687487,2064.0,427.0,60.0,0.0
687488,2032.0,427.0,60.0,0.0
687488,2034.0,427.0,60.0,0.0
687488,2037.0,427.0,60.0,0.0
687504,2041.0,427.0,60.0,0.0
687504,2033.0,427.0,60.0,0.0
687505,2039.0,427.0,60.0,0.0
687505,2045.0,427.0,60.0,0.0
687518,2091.0,427.0,60.0,0.0
687519,2063.0,427.0,60.0,0.0
687519,2065.0,427.0,60.0,0.0
687536,2072.0,427.0,60.0,0.0
687536,2063.0,427.0,60.0,0.0
687536,2060.0,427.0,60.0,0.0
687537,2070.0,427.0,60.0,0.0
687549,2008.0,427.0,60.0,0.0
687550,2027.0,427.0,60.0,0.0
687550,2029.0,427.0,60.0,0.0
687562,2065.0,427.0,60.0,0.0
687563,2050.0,427.0,60.0,0.0
687563,2041.0,427.0,60.0,0.0
687563,2057.0,427.0,60.0,0.0
687580,2069.0,428.0,60.0,0.0
687580,2063.0,428.0,60.0,0.0
687580,2063.0,428.0,60.0,0.0
687581,2065.0,428.0,60.0,0.0
687593,2053.0,428.0,60.0,0.0
687594,2047.0,428.0,60.0,0.0
687594,2056.0,428.0,60.0,0.0
687611,2031.0,429.0,60.0,0.0
687611,2041.0,429.0,60.0,0.0
687611,2040.0,429.0,60.0,0.0
687611,2037.0,429.0,60.0,0.0
687625,2039.0,429.0,60.0,0.0
687625,2053.0,429.0,60.0,0.0
687626,2032.0,429.0,60.0,0.0
687638,2068.0,429.0,60.0,0.0
687639,2085.0,429.0,60.0,0.0
687639,2068.0,429.0,60.0,0.0
687639,2068.0,429.0,60.0,0.0
687657,2069.0,429.0,60.0,0.0
687657,2077.0,429.0,60.0,0.0
687657,2071.0,429.0,60.0,0.0
687658,2056.0,429.0,60.0,0.0
687670,2039.0,429.0,60.0,0.0
687671,2036.0,429.0,60.0,0.0
687671,2045.0,429.0,60.0,0.0
687683,2055.0,429.0,60.0,0.0
687684,2048.0,429.0,60.0,0.0
687684,2051.0,429.0,60.0,0.0
687684,2053.0,429.0,60.0,0.0
687701,2065.0,428.0,60.0,0.0
687702,2057.0,428.0,60.0,0.0
687702,2064.0,428.0,60.0,0.0
687702,2057.0,428.0,60.0,0.0
687715,2059.0,429.0,60.0,0.0
687716,2061.0,429.0,60.0,0.0
687716,2058.0,429.0,60.0,0.0
687732,2039.0,429.0,60.0,0.0
687732,2034.0,429.0,60.0,0.0
687732,2034.0,429.0,60.0,0.0
687733,2038.0,429.0,60.0,0.0
687746,2031.0,429.0,60.0,0.0
687746,2036.0,429.0,60.0,0.0
687747,2034.0,429.0,60.0,0.0
687759,2065.0,429.0,60.0,0.0
687760,2067.0,429.0,60.0,0.0
687760,2063.0,429.0,60.0,0.0
687760,2066.0,429.0,60.0,0.0
687778,2070.0,429.0,60.0,0.0
687778,2066.0,429.0,60.0,0.0
687779,2058.0,429.0,60.0,0.0
687779,2055.0,429.0,60.0,0.0
687791,2035.0,429.0,60.0,0.0
687792,2035.0,429.0,60.0,0.0
687792,2034.0,429.0,60.0,0.0
687806,1968.0,430.0,60.0,0.0
687806,2000.0,430.0,60.0,0.0
687807,2011.0,430.0,60.0,0.0
687807,2003.0,430.0,60.0,0.0
687823,2056.0,430.0,60.0,0.0
687823,2034.0,430.0,60.0,0.0
687823,2068.0,430.0,60.0,0.0
687824,2052.0,430.0,60.0,0.0
687837,2065.0,430.0,60.0,0.0
687837,2060.0,430.0,60.0,0.0
687838,2058.0,430.0,60.0,0.0
687854,2050.0,431.0,60.0,0.0
687855,2061.0,431.0,60.0,0.0
687855,2053.0,431.0,60.0,0.0
687855,2069.0,431.0,60.0,0.0
687868,2038.0,431.0,60.0,0.0
687868,2036.0,431.0,60.0,0.0
687868,2036.0,431.0,60.0,0.0
687881,2058.0,431.0,60.0,0.0
687881,2058.0,431.0,60.0,0.0
687882,2063.0,431.0,60.0,0.0
687882,2062.0,431.0,60.0,0.0
687900,2070.0,431.0,60.0,0.0
687900,2056.0,431.0,60.0,0.0
687900,2072.0,431.0,60.0,0.0
687900,2060.0,431.0,60.0,0.0
687914,2062.0,431.0,60.0,0.0
687914,2043.0,431.0,60.0,0.0
687915,2047.0,431.0,60.0,0.0
687927,2035.0,431.0,60.0,0.0
687928,2034.0,431.0,60.0,0.0
687928,2024.0,431.0,60.0,0.0
687928,2035.0,431.0,60.0,0.0
687945,2050.0,431.0,60.0,0.0
687945,2049.0,431.0,60.0,0.0
687945,2048.0,431.0,60.0,0.0
687945,2055.0,431.0,60.0,0.0
687958,2060.0,431.0,60.0,0.0
687958,2057.0,431.0,60.0,0.0
687959,2064.0,431.0,60.0,0.0
687971,2056.0,432.0,60.0,0.0
687971,2035.0,432.0,60.0,0.0
687972,2034.0,432.0,60.0,0.0
687972,2031.0,432.0,60.0,0.0
687988,2033.0,432.0,60.0,0.0
687989,2036.0,432.0,60.0,0.0
687989,2043.0,432.0,60.0,0.0
687989,2025.0,432.0,60.0,0.0
688002,2054.0,432.0,60.0,0.0
688002,2048.0,432.0,60.0,0.0
688003,2053.0,432.0,60.0,0.0
688020,2067.0,432.0,60.0,0.0
688020,2068.0,432.0,60.0,0.0
688020,2052.0,432.0,60.0,0.0
688020,2067.0,432.0,60.0,0.0
688034,2048.0,432.0,60.0,0.0
688034,2063.0,432.0,60.0,0.0
688035,2058.0,432.0,60.0,0.0
688047,2033.0,432.0,60.0,0.0
688048,2030.0,432.0,60.0,0.0
688048,2037.0,432.0,60.0,0.0
688048,2038.0,432.0,60.0,0.0
688065,2051.0,432.0,60.0,0.0
688065,2042.0,432.0,60.0,0.0
688065,2042.0,432.0,60.0,0.0
688065,2065.0,432.0,60.0,0.0
688078,2059.0,432.0,60.0,0.0
688078,2088.0,432.0,60.0,0.0
688079,2055.0,432.0,60.0,0.0
688091,2038.0,433.0,60.0,0.0
688091,2028.0,433.0,60.0,0.0
688092,2029.0,433.0,60.0,0.0
688092,2035.0,433.0,60.0,0.0
688108,2018.0,433.0,60.0,0.0
688109,2034.0,433.0,60.0,0.0
688109,2056.0,433.0,60.0,0.0
688109,2038.0,433.0,60.0,0.0
688122,2052.0,433.0,60.0,0.0
688122,2054.0,433.0,60.0,0.0
688123,2044.0,433.0,60.0,0.0
688139,2072.0,432.0,60.0,0.0
688140,2070.0,432.0,60.0,0.0
688140,2081.0,432.0,60.0,0.0
688140,2075.0,432.0,60.0,0.0
688154,2041.0,433.0,60.0,0.0
688154,2046.0,433.0,60.0,0.0
688154,2055.0,433.0,60.0,0.0
688167,2036.0,433.0,60.0,0.0
688167,2039.0,433.0,60.0,0.0
688168,2037.0,433.0,60.0,0.0
688168,2034.0,433.0,60.0,0.0
688185,2042.0,433.0,60.0,0.0
688185,2042.0,433.0,60.0,0.0
688185,2038.0,433.0,60.0,0.0
688186,2040.0,433.0,60.0,0.0
688198,2073.0,433.0,60.0,0.0
688199,2058.0,433.0,60.0,0.0
688199,2062.0,433.0,60.0,0.0
688216,2058.0,433.0,60.0,0.0
688216,2062.0,433.0,60.0,0.0
688216,2059.0,433.0,60.0,0.0
688217,2056.0,433.0,60.0,0.0
688229,2036.0,433.0,60.0,0.0
688230,2033.0,433.0,60.0,0.0
688230,2040.0,433.0,60.0,0.0
688243,2053.0,434.0,60.0,0.0
688244,2048.0,434.0,60.0,0.0
688244,2053.0,434.0,60.0,0.0
688244,2045.0,434.0,60.0,0.0
688261,2071.0,434.0,60.0,0.0
688261,2071.0,434.0,60.0,0.0
688261,2064.0,434.0,60.0,0.0
688262,2065.0,434.0,60.0,0.0
688275,2055.0,434.0,60.0,0.0
688276,2058.0,434.0,60.0,0.0
688276,2058.0,434.0,60.0,0.0
688288,2030.0,435.0,60.0,0.0
688289,2042.0,435.0,60.0,0.0
688289,2034.0,435.0,60.0,0.0
688289,2034.0,435.0,60.0,0.0
688306,2048.0,435.0,60.0,0.0
688306,2046.0,435.0,60.0,0.0
688306,2044.0,435.0,60.0,0.0
688307,2052.0,435.0,60.0,0.0
688319,2066.0,435.0,60.0,0.0
688320,2071.0,435.0,60.0,0.0
688320,2067.0,435.0,60.0,0.0
688336,2071.0,436.0,60.0,0.0
688337,2066.0,436.0,60.0,0.0
688337,2070.0,436.0,60.0,0.0
688337,2038.0,436.0,60.0,0.0
688350,2024.0,436.0,60.0,0.0
688350,2032.0,436.0,60.0,0.0
688351,2032.0,436.0,60.0,0.0
688364,2055.0,436.0,60.0,0.0
688364,2055.0,436.0,60.0,0.0
688365,2052.0,436.0,60.0,0.0
688365,2056.0,436.0,60.0,0.0
688382,2061.0,437.0,60.0,0.0
688383,2055.0,437.0,60.0,0.0
688383,2052.0,437.0,60.0,0.0
688383,2057.0,437.0,60.0,0.0
688396,2061.0,437.0,60.0,0.0
688396,2057.0,437.0,60.0,0.0
688397,2057.0,437.0,60.0,0.0
688409,2024.0,437.0,60.0,0.0
688409,2037.0,437.0,60.0,0.0
688410,2034.0,437.0,60.0,0.0
688410,2030.0,437.0,60.0,0.0
688427,2047.0,438.0,60.0,0.0
688427,2047.0,438.0,60.0,0.0
688427,2051.0,438.0,60.0,0.0
688427,2037.0,438.0,60.0,0.0
688440,2061.0,438.0,60.0,0.0
688440,2058.0,438.0,60.0,0.0
688441,2054.0,438.0,60.0,0.0
688454,2052.0,439.0,60.0,0.0
688454,2052.0,439.0,60.0,0.0
688455,2053.0,439.0,60.0,0.0
688455,2049.0,439.0,60.0,0.0
688470,2026.0,439.0,60.0,0.0
688471,2043.0,439.0,60.0,0.0
688471,2035.0,439.0,60.0,0.0
688471,2034.0,439.0,60.0,0.0
688485,2039.0,439.0,60.0,0.0
688485,2042.0,439.0,60.0,0.0
688485,2040.0,439.0,60.0,0.0
688502,2061.0,439.0,60.0,0.0
688503,2063.0,439.0,60.0,0.0
688503,2058.0,439.0,60.0,0.0
688503,2056.0,439.0,60.0,0.0
688516,2053.0,439.0,60.0,0.0
688516,2051.0,439.0,60.0,0.0
688516,2064.0,439.0,60.0,0.0
688529,2042.0,439.0,60.0,0.0
688529,2038.0,439.0,60.0,0.0
688529,2033.0,439.0,60.0,0.0
688530,2035.0,439.0,60.0,0.0
688546,2038.0,440.0,60.0,0.0
688547,2030.0,440.0,60.0,0.0
688547,2042.0,440.0,60.0,0.0
688547,2041.0,440.0,60.0,0.0
688560,2064.0,440.0,60.0,0.0
688560,2072.0,440.0,60.0,0.0
688560,2064.0,440.0,60.0,0.0
688574,2045.0,440.0,60.0,0.0
688574,2047.0,440.0,60.0,0.0
688574,2053.0,440.0,60.0,0.0
688575,2050.0,440.0,60.0,0.0
688590,2034.0,440.0,60.0,0.0
688591,2028.0,440.0,60.0,0.0
688591,2035.0,440.0,60.0,0.0
688591,2025.0,440.0,60.0,0.0
688605,2061.0,440.0,60.0,0.0
688605,2051.0,440.0,60.0,0.0
688606,2050.0,440.0,60.0,0.0
688623,2060.0,440.0,60.0,0.0
688623,2056.0,440.0,60.0,0.0
688623,2052.0,440.0,60.0,0.0
688623,2069.0,440.0,60.0,0.0
688636,2024.0,440.0,60.0,0.0
688637,2029.0,440.0,60.0,0.0
688637,2026.0,440.0,60.0,0.0
688649,2025.0,440.0,60.0,0.0
688650,2021.0,440.0,60.0,0.0
688650,2026.0,440.0,60.0,0.0
688650,2026.0,440.0,60.0,0.0
688667,2041.0,439.0,60.0,0.0
688667,2021.0,439.0,60.0,0.0
688668,2034.0,439.0,60.0,0.0
688668,2040.0,439.0,60.0,0.0
688681,2067.0,439.0,60.0,0.0
688682,2055.0,439.0,60.0,0.0
688682,2055.0,439.0,60.0,0.0
688683,2064.0,439.0,60.0,0.0
688699,2072.0,439.0,60.0,0.0
688699,2071.0,439.0,60.0,0.0
688699,2067.0,439.0,60.0,0.0
688699,2064.0,439.0,60.0,0.0
688713,2039.0,439.0,60.0,0.0
688713,2041.0,439.0,60.0,0.0
688714,2038.0,439.0,60.0,0.0
688726,1958.0,439.0,60.0,0.0
688727,1961.0,439.0,60.0,0.0
688727,2021.0,439.0,60.0,0.0
688728,2017.0,439.0,60.0,0.0
688745,2045.0,439.0,58.9,0.0
688746,2042.0,439.0,58.9,0.0
688746,2002.0,439.0,58.9,0.0
688747,2002.0,439.0,58.9,0.0
688759,2064.0,439.0,58.9,0.0
688760,2064.0,439.0,58.9,0.0
688760,2066.0,439.0,58.9,0.0
688773,2044.0,439.0,58.9,0.0
688774,2045.0,439.0,58.9,0.0
688774,2038.0,439.0,58.9,0.0
688774,2042.0,439.0,58.9,0.0
688791,2038.0,439.0,58.9,0.0
688792,2035.0,439.0,58.9,0.0
688792,2037.0,439.0,58.9,0.0
688792,2034.0,439.0,58.9,0.0
688805,2047.0,439.0,58.9,0.0
688805,2043.0,439.0,58.9,0.0
688805,2045.0,439.0,58.9,0.0
688822,2066.0,439.0,58.9,0.0
688822,2063.0,439.0,58.9,0.0
688823,2057.0,439.0,58.9,0.0
688823,2065.0,439.0,58.9,0.0
688835,2053.0,438.0,58.9,0.0
688836,2057.0,438.0,58.9,0.0
688836,2050.0,438.0,58.9,0.0
688849,2040.0,438.0,58.9,0.0
688849,2021.0,438.0,58.9,0.0
688849,2040.0,438.0,58.9,0.0
688849,2034.0,438.0,58.9,0.0
688867,2065.0,438.0,58.9,0.0
688868,2045.0,438.0,58.9,0.0
688868,2042.0,438.0,58.9,0.0
688868,2054.0,438.0,58.9,0.0
688882,2061.0,438.0,58.9,0.0
688882,2055.0,438.0,58.9,0.0
688882,2073.0,438.0,58.9,0.0
688895,2046.0,438.0,58.9,0.0
688896,2056.0,438.0,58.9,0.0
688896,2053.0,438.0,58.9,0.0
688896,2048.0,438.0,58.9,0.0
688913,2029.0,438.0,58.9,0.0
688914,2009.0,438.0,58.9,0.0
688914,2038.0,438.0,58.9,0.0
688914,2033.0,438.0,58.9,0.0
688927,2035.0,438.0,58.9,0.0
688927,2032.0,438.0,58.9,0.0
688927,2042.0,438.0,58.9,0.0
688944,2071.0,438.0,58.9,0.0
688944,2046.0,438.0,58.9,0.0
688945,2046.0,438.0,58.9,0.0
688945,2051.0,438.0,58.9,0.0
688957,2070.0,438.0,58.9,0.0
688958,2062.0,438.0,58.9,0.0
688958,2066.0,438.0,58.9,0.0
688971,2027.0,439.0,58.9,0.0
688972,2034.0,439.0,58.9,0.0
688972,2062.0,439.0,58.9,0.0
688972,2024.0,439.0,58.9,0.0
688990,2020.0,438.0,58.9,0.0
688991,2034.0,438.0,58.9,0.0
688991,2027.0,438.0,58.9,0.0
688991,2034.0,438.0,58.9,0.0
689004,2054.0,438.0,58.9,0.0
689004,2050.0,438.0,58.9,0.0
689004,2050.0,438.0,58.9,0.0
689017,2054.0,438.0,58.9,0.0
689017,2108.0,438.0,58.9,0.0
689018,2061.0,438.0,58.9,0.0
689018,2057.0,438.0,58.9,0.0
689036,2074.0,438.0,58.9,0.0
689036,2040.0,438.0,58.9,0.0
689036,2074.0,438.0,58.9,0.0
689036,2054.0,438.0,58.9,0.0
689050,1984.0,438.0,58.9,0.0
689051,2014.0,438.0,58.9,0.0
689051,2041.0,438.0,58.9,0.0
689051,2009.0,438.0,58.9,0.0
689067,2042.0,438.0,58.9,0.0
689068,2038.0,438.0,58.9,0.0
689068,2037.0,438.0,58.9,0.0
689068,2041.0,438.0,58.9,0.0
689082,2053.0,438.0,58.9,0.0
689082,2061.0,438.0,58.9,0.0
689082,2062.0,438.0,58.9,0.0
689083,2062.0,438.0,58.9,0.0
689095,2052.0,438.0,58.9,0.0
689096,2040.0,438.0,58.9,0.0
689096,2055.0,438.0,58.9,0.0
689114,2038.0,438.0,58.9,0.0
689114,2042.0,438.0,58.9,0.0
689114,2039.0,438.0,58.9,0.0
689115,2030.0,438.0,58.9,0.0
689127,2039.0,438.0,58.9,0.0
689127,2025.0,438.0,58.9,0.0
689128,2034.0,438.0,58.9,0.0
689141,2059.0,437.0,58.9,0.0
689142,2062.0,437.0,58.9,0.0
689142,2059.0,437.0,58.9,0.0
689142,2070.0,437.0,58.9,0.0
689158,2072.0,437.0,58.9,0.0
689158,2058.0,437.0,58.9,0.0
689158,2070.0,437.0,58.9,0.0
689159,2070.0,437.0,58.9,0.0
689172,2025.0,437.0,58.9,0.0
689173,2015.0,437.0,58.9,0.0
689173,2031.0,437.0,58.9,0.0
689174,2023.0,437.0,58.9,0.0
689191,2040.0,437.0,58.9,0.0
689191,2022.0,437.0,58.9,0.0
689191,2038.0,437.0,58.9,0.0
689191,2033.0,437.0,58.9,0.0
689204,2008.0,436.0,58.9,0.0
689205,2052.0,436.0,58.9,0.0
689205,2056.0,436.0,58.9,0.0
689218,2059.0,436.0,58.9,0.0
689218,2066.0,436.0,58.9,0.0
689218,2062.0,436.0,58.9,0.0
689218,2054.0,436.0,58.9,0.0
689236,2056.0,436.0,58.9,0.0
689237,2068.0,436.0,58.9,0.0
689237,2055.0,436.0,58.9,0.0
689237,2051.0,436.0,58.9,0.0
689251,2033.0,435.0,58.9,0.0
689251,2034.0,435.0,58.9,0.0
689251,2024.0,435.0,58.9,0.0
689251,2021.0,435.0,58.9,0.0
689264,2054.0,435.0,58.9,0.0
689264,2057.0,435.0,58.9,0.0
689265,2062.0,435.0,58.9,0.0
689281,2071.0,435.0,58.9,0.0
689282,2066.0,435.0,58.9,0.0
689282,2063.0,435.0,58.9,0.0
689282,2068.0,435.0,58.9,0.0
689295,2042.0,435.0,58.9,0.0
689295,2055.0,435.0,58.9,0.0
689295,2044.0,435.0,58.9,0.0
689308,2035.0,435.0,58.9,0.0
689309,2036.0,435.0,58.9,0.0
689309,2040.0,435.0,58.9,0.0
689309,2040.0,435.0,58.9,0.0
689326,2054.0,434.0,58.9,0.0
689326,2049.0,434.0,58.9,0.0
689326,2039.0,434.0,58.9,0.0
689327,2043.0,434.0,58.9,0.0
689340,2070.0,434.0,58.9,0.0
689341,2064.0,434.0,58.9,0.0
689341,2069.0,434.0,58.9,0.0
689341,2072.0,434.0,58.9,0.0
689358,2063.0,433.0,58.9,0.0
689358,2086.0,433.0,58.9,0.0
689358,2062.0,433.0,58.9,0.0
689358,2063.0,433.0,58.9,0.0
689372,2033.0,433.0,58.9,0.0
689373,2032.0,433.0,58.9,0.0
689373,2038.0,433.0,58.9,0.0
689373,2031.0,433.0,58.9,0.0
689386,2044.0,432.0,58.9,0.0
689386,2038.0,432.0,58.9,0.0
689386,2056.0,432.0,58.9,0.0
689403,2061.0,432.0,58.9,0.0
689403,2022.0,432.0,58.9,0.0
689403,2055.0,432.0,58.9,0.0
689404,2056.0,432.0,58.9,0.0
689416,2046.0,432.0,58.9,0.0
689417,2052.0,432.0,58.9,0.0
689417,2054.0,432.0,58.9,0.0
689430,2030.0,431.0,58.9,0.0
689431,2027.0,431.0,58.9,0.0
689431,2039.0,431.0,58.9,0.0
689431,2013.0,431.0,58.9,0.0
689447,2052.0,431.0,58.9,0.0
689448,2035.0,431.0,58.9,0.0
689448,2037.0,431.0,58.9,0.0
689448,2029.0,431.0,58.9,0.0
689462,2059.0,431.0,58.9,0.0
689462,2055.0,431.0,58.9,0.0
689462,2042.0,431.0,58.9,0.0
689462,2067.0,431.0,58.9,0.0
689480,2073.0,430.0,58.9,0.0
689480,2065.0,430.0,58.9,0.0
689481,2067.0,430.0,58.9,0.0
689481,2070.0,430.0,58.9,0.0
689494,2034.0,430.0,58.9,0.0
689494,2042.0,430.0,58.9,0.0
689494,2038.0,430.0,58.9,0.0
689507,2040.0,430.0,58.9,0.0
689507,2041.0,430.0,58.9,0.0
689508,2040.0,430.0,58.9,0.0
689508,2036.0,430.0,58.9,0.0
689525,2053.0,430.0,58.9,0.0
689525,2036.0,430.0,58.9,0.0
689525,2051.0,430.0,58.9,0.0
689526,2058.0,430.0,58.9,0.0
689539,2064.0,430.0,58.9,0.0
689539,2060.0,430.0,58.9,0.0
689540,2062.0,430.0,58.9,0.0
689555,2050.0,430.0,58.9,0.0
689556,2058.0,430.0,58.9,0.0
689556,2048.0,430.0,58.9,0.0
689556,2050.0,430.0,58.9,0.0
689570,2029.0,430.0,58.9,0.0
689570,2030.0,430.0,58.9,0.0
689571,2030.0,430.0,58.9,0.0
689583,2058.0,430.0,58.9,0.0
689584,2057.0,430.0,58.9,0.0
689584,2053.0,430.0,58.9,0.0
689584,2038.0,430.0,58.9,0.0
689602,2072.0,429.0,58.9,0.0
689602,2075.0,429.0,58.9,0.0
689602,2069.0,429.0,58.9,0.0
689602,2062.0,429.0,58.9,0.0
689615,2043.0,429.0,58.9,0.0
689615,2044.0,429.0,58.9,0.0
689616,2039.0,429.0,58.9,0.0
689629,2035.0,430.0,58.9,0.0
689630,2022.0,430.0,58.9,0.0
689630,2035.0,430.0,58.9,0.0
689630,2036.0,430.0,58.9,0.0
689646,2058.0,430.0,58.9,0.0
689647,2042.0,430.0,58.9,0.0
689647,2007.0,430.0,58.9,0.0
689648,1999.0,430.0,58.9,0.0
689661,2067.0,430.0,58.9,0.0
689662,2065.0,430.0,58.9,0.0
689662,2065.0,430.0,58.9,0.0
689662,2060.0,430.0,58.9,0.0
689679,2066.0,430.0,58.9,0.0
689679,2064.0,430.0,58.9,0.0
689680,2054.0,430.0,58.9,0.0
689680,2061.0,430.0,58.9,0.0
689692,2028.0,430.0,58.9,0.0
689693,2031.0,430.0,58.9,0.0
689693,2036.0,430.0,58.9,0.0
689710,2031.0,430.0,58.9,0.0
689710,2037.0,430.0,58.9,0.0
689710,2034.0,430.0,58.9,0.0
689710,2030.0,430.0,58.9,0.0
689723,2060.0,430.0,58.9,0.0
689723,2039.0,430.0,58.9,0.0
689724,2061.0,430.0,58.9,0.0
689736,2055.0,430.0,58.9,0.0
689737,2026.0,430.0,58.9,0.0
689737,2052.0,430.0,58.9,0.0
689737,2050.0,430.0,58.9,0.0
689754,2044.0,430.0,58.9,0.0
689754,2025.0,430.0,58.9,0.0
689754,2032.0,430.0,58.9,0.0
689755,2040.0,430.0,58.9,0.0
689768,2034.0,430.0,58.9,0.0
689768,2028.0,430.0,58.9,0.0
689769,2037.0,430.0,58.9,0.0
689785,2065.0,430.0,58.9,0.0
689785,2058.0,430.0,58.9,0.0
689785,2052.0,430.0,58.9,0.0
689786,2057.0,430.0,58.9,0.0
689799,2063.0,430.0,58.9,0.0
689800,2069.0,430.0,58.9,0.0
689800,2059.0,430.0,58.9,0.0
689812,2029.0,431.0,58.9,0.0
689813,2033.0,431.0,58.9,0.0
689813,2039.0,431.0,58.9,0.0
689813,2041.0,431.0,58.9,0.0
689830,2033.0,431.0,58.9,0.0
689830,2022.0,431.0,58.9,0.0
689831,2024.0,431.0,58.9,0.0
689831,2039.0,431.0,58.9,0.0
689843,2052.0,431.0,58.9,0.0
689844,2050.0,431.0,58.9,0.0
689844,2051.0,431.0,58.9,0.0
689861,2059.0,431.0,58.9,0.0
689861,2071.0,431.0,58.9,0.0
689861,2072.0,431.0,58.9,0.0
689862,2069.0,431.0,58.9,0.0
689874,2034.0,431.0,58.9,0.0
689875,2033.0,431.0,58.9,0.0
689875,2026.0,431.0,58.9,0.0
689888,2040.0,431.0,58.9,0.0
689889,2026.0,431.0,58.9,0.0
689889,2040.0,431.0,58.9,0.0
689889,2035.0,431.0,58.9,0.0
689906,2072.0,432.0,58.9,0.0
689906,2044.0,432.0,58.9,0.0
689907,2049.0,432.0,58.9,0.0
689907,2050.0,432.0,58.9,0.0
689920,2065.0,431.0,58.9,0.0
689921,2057.0,431.0,58.9,0.0
689921,2059.0,431.0,58.9,0.0
689933,2032.0,431.0,58.9,0.0
689934,2031.0,431.0,58.9,0.0
689934,2045.0,431.0,58.9,0.0
689934,2034.0,431.0,58.9,0.0
689951,2029.0,431.0,58.9,0.0
689952,2024.0,431.0,58.9,0.0
689952,2032.0,431.0,58.9,0.0
689952,2027.0,431.0,58.9,0.0
689965,2060.0,431.0,58.9,0.0
689965,2066.0,431.0,58.9,0.0
689966,2054.0,431.0,58.9,0.0
689979,2049.0,431.0,58.9,0.0
689980,2051.0,431.0,58.9,0.0
689980,2043.0,431.0,58.9,0.0
689980,2047.0,431.0,58.9,0.0
689997,2038.0,432.0,58.9,0.0
689998,2053.0,432.0,58.9,0.0
689998,2068.0,432.0,58.9,0.0
689998,2059.0,432.0,58.9,0.0
690011,2032.0,432.0,58.9,0.0
690011,2028.0,432.0,58.9,0.0
690011,2022.0,432.0,58.9,0.0
690028,2026.0,432.0,58.9,0.0
690029,2033.0,432.0,58.9,0.0
690029,2038.0,432.0,58.9,0.0
690029,2040.0,432.0,58.9,0.0
690042,2055.0,432.0,58.9,0.0
690042,2067.0,432.0,58.9,0.0
690042,2070.0,432.0,58.9,0.0
690055,2026.0,432.0,58.9,0.0
690056,2042.0,432.0,58.9,0.0
690056,2043.0,432.0,58.9,0.0
690056,2040.0,432.0,58.9,0.0
690073,2030.0,432.0,58.9,0.0
690073,2044.0,432.0,58.9,0.0
690074,2033.0,432.0,58.9,0.0
690074,2033.0,432.0,58.9,0.0
690087,2047.0,432.0,58.9,0.0
690088,2037.0,432.0,58.9,0.0
690088,2051.0,432.0,58.9,0.0
690104,2063.0,432.0,58.9,0.0
690104,2055.0,432.0,58.9,0.0
690105,2053.0,432.0,58.9,0.0
690105,2054.0,432.0,58.9,0.0
690118,2060.0,432.0,58.9,0.0
690119,2066.0,432.0,58.9,0.0
690119,2060.0,432.0,58.9,0.0
690132,2021.0,432.0,58.9,0.0
690132,2024.0,432.0,58.9,0.0
690132,2035.0,432.0,58.9,0.0
690132,2029.0,432.0,58.9,0.0
690150,2040.0,432.0,58.9,0.0
690151,2035.0,432.0,58.9,0.0
690151,2028.0,432.0,58.9,0.0
690151,2036.0,432.0,58.9,0.0
690164,2054.0,432.0,58.9,0.0
690164,2052.0,432.0,58.9,0.0
690164,2051.0,432.0,58.9,0.0
690178,2060.0,431.0,80.0,0.0
690179,2065.0,431.0,80.0,0.0
690179,2066.0,431.0,80.0,0.0
690179,2063.0,431.0,80.0,0.0
690195,2036.0,432.0,80.0,0.0
690195,2034.0,432.0,80.0,0.0
690195,2033.0,432.0,80.0,0.0
690195,2031.0,432.0,80.0,0.0
690209,2025.0,432.0,80.0,0.0
690209,2032.0,432.0,80.0,0.0
690210,2027.0,432.0,80.0,0.0
690227,2054.0,432.0,80.0,0.0
690227,2041.0,432.0,80.0,0.0
690227,2051.0,432.0,80.0,0.0
690227,2045.0,432.0,80.0,0.0
690240,2059.0,432.0,80.0,0.0
690241,2056.0,432.0,80.0,0.0
690241,2057.0,432.0,80.0,0.0
690253,2019.0,432.0,80.0,0.0
690254,2034.0,432.0,80.0,0.0
690254,2020.0,432.0,80.0,0.0
690254,2040.0,432.0,80.0,0.0
690272,2023.0,432.0,80.0,0.0
690273,2038.0,432.0,80.0,0.0
690273,2042.0,432.0,80.0,0.0
690273,2033.0,432.0,80.0,0.0
690287,2047.0,432.0,80.0,0.0
690287,2051.0,432.0,80.0,0.0
690287,2040.0,432.0,80.0,0.0
690300,2063.0,432.0,80.0,0.0
690300,2046.0,432.0,80.0,0.0
690300,2063.0,432.0,80.0,0.0
690300,2068.0,432.0,80.0,0.0
690317,2058.0,433.0,80.0,0.0
690318,2062.0,433.0,80.0,0.0
690318,2059.0,433.0,80.0,0.0
690318,2055.0,433.0,80.0,0.0
690331,2025.0,433.0,80.0,0.0
690331,2029.0,433.0,80.0,0.0
690331,2027.0,433.0,80.0,0.0
690344,2064.0,433.0,80.0,0.0
690344,2059.0,433.0,80.0,0.0
690344,2049.0,433.0,80.0,0.0
690345,2056.0,433.0,80.0,0.0
690361,2073.0,433.0,80.0,0.0
690362,2067.0,433.0,80.0,0.0
690362,2074.0,433.0,80.0,0.0
690362,2069.0,433.0,80.0,0.0
690376,2035.0,434.0,80.0,0.0
690376,2045.0,434.0,80.0,0.0
690376,2025.0,434.0,80.0,0.0
690392,2035.0,434.0,80.0,0.0
690393,2033.0,434.0,80.0,0.0
690393,2037.0,434.0,80.0,0.0
690393,2025.0,434.0,80.0,0.0
690407,2048.0,435.0,80.0,0.0
690407,2037.0,435.0,80.0,0.0
690407,2037.0,435.0,80.0,0.0
690420,2072.0,435.0,80.0,0.0
690420,2068.0,435.0,80.0,0.0
690420,2057.0,435.0,80.0,0.0
690421,2080.0,435.0,80.0,0.0
690437,2043.0,436.0,80.0,0.0
690438,2053.0,436.0,80.0,0.0
690438,2055.0,436.0,80.0,0.0
690438,2052.0,436.0,80.0,0.0
690450,2032.0,436.0,80.0,0.0
690451,2031.0,436.0,80.0,0.0
690451,2021.0,436.0,80.0,0.0
690464,2069.0,436.0,80.0,0.0
690464,2061.0,436.0,80.0,0.0
690464,2073.0,436.0,80.0,0.0
690465,2060.0,436.0,80.0,0.0
690481,2073.0,436.0,80.0,0.0
690482,2072.0,436.0,80.0,0.0
690482,2064.0,436.0,80.0,0.0
690482,2079.0,436.0,80.0,0.0
690496,2040.0,437.0,80.0,0.0
690496,2046.0,437.0,80.0,0.0
690496,2040.0,437.0,80.0,0.0
690512,2024.0,437.0,80.0,0.0
690513,2022.0,437.0,80.0,0.0
690513,2036.0,437.0,80.0,0.0
690513,2016.0,437.0,80.0,0.0
690527,2052.0,437.0,80.0,0.0
690527,2040.0,437.0,80.0,0.0
690527,2038.0,437.0,80.0,0.0
690540,2063.0,438.0,97.5,0.0
690540,2071.0,438.0,97.5,0.0
690541,2072.0,438.0,97.5,0.0
690541,2080.0,438.0,97.5,0.0
690558,2042.0,438.0,97.5,0.0
690558,2067.0,438.0,97.5,0.0
690558,2063.0,438.0,97.5,0.0
690558,2062.0,438.0,97.5,0.0
690571,2030.0,438.0,97.5,0.0
690571,2034.0,438.0,97.5,0.0
690572,2043.0,438.0,97.5,0.0
690585,2059.0,438.0,97.5,0.0
690586,2054.0,438.0,97.5,0.0
690586,2051.0,438.0,97.5,0.0
690586,2054.0,438.0,97.5,0.0
690602,2078.0,439.0,97.5,0.0
690602,2069.0,439.0,97.5,0.0
690602,2064.0,439.0,97.5,0.0
690603,2061.0,439.0,97.5,0.0
690616,2025.0,439.0,97.5,0.0
690616,2042.0,439.0,97.5,0.0
690617,2039.0,439.0,97.5,0.0
690633,2033.0,440.0,97.5,0.0
690633,2034.0,440.0,97.5,0.0
690634,2038.0,440.0,97.5,0.0
690634,2039.0,440.0,97.5,0.0
690647,2054.0,440.0,97.5,0.0
690648,2042.0,440.0,97.5,0.0
690648,2035.0,440.0,97.5,0.0
690661,2082.0,440.0,97.5,0.0
690661,2071.0,440.0,97.5,0.0
690661,2070.0,440.0,97.5,0.0
690661,2080.0,440.0,97.5,0.0
690678,2054.0,440.0,97.5,0.0
690679,2058.0,440.0,97.5,0.0
690679,2054.0,440.0,97.5,0.0
690679,2063.0,440.0,97.5,0.0
690692,2028.0,440.0,97.5,0.0
690692,2038.0,440.0,97.5,0.0
690692,2030.0,440.0,97.5,0.0
690706,2056.0,440.0,97.5,0.0
690706,2054.0,440.0,97.5,0.0
690706,2064.0,440.0,97.5,0.0
690707,2051.0,440.0,97.5,0.0
690722,2069.0,440.0,97.5,0.0
690723,2071.0,440.0,97.5,0.0
690723,2058.0,440.0,97.5,0.0
690723,2052.0,440.0,97.5,0.0
690737,2044.0,440.0,97.5,0.0
690737,2046.0,440.0,97.5,0.0
690737,2044.0,440.0,97.5,0.0
690754,2024.0,439.0,97.5,0.0
690755,2032.0,439.0,97.5,0.0
690755,2034.0,439.0,97.5,0.0
690755,2029.0,439.0,97.5,0.0
690768,2047.0,439.0,97.5,0.0
690768,2040.0,439.0,97.5,0.0
690768,2043.0,439.0,97.5,0.0
690781,2085.0,439.0,97.5,0.0
690781,2076.0,439.0,97.5,0.0
690782,2069.0,439.0,97.5,0.0
690782,2066.0,439.0,97.5,0.0
690799,2043.0,440.0,97.5,0.0
690799,2058.0,440.0,97.5,0.0
690799,2072.0,440.0,97.5,0.0
690799,2053.0,440.0,97.5,0.0
690812,2034.0,440.0,97.5,0.0
690812,2036.0,440.0,97.5,0.0
690813,2029.0,440.0,97.5,0.0
690826,2050.0,440.0,97.5,0.0
690826,2051.0,440.0,97.5,0.0
690827,2051.0,440.0,97.5,0.0
690827,2056.0,440.0,97.5,0.0
690842,2075.0,440.0,97.5,0.0
690843,2066.0,440.0,97.5,0.0
690843,2066.0,440.0,97.5,0.0
690843,2045.0,440.0,97.5,0.0
690857,2038.0,439.0,97.5,0.0
690857,2043.0,439.0,97.5,0.0
690857,2041.0,439.0,97.5,0.0
690874,2020.0,439.0,97.5,0.0
690875,2037.0,439.0,97.5,0.0
690875,2037.0,439.0,97.5,0.0
690875,2038.0,439.0,97.5,0.0
690888,2038.0,439.0,97.5,0.0
690888,2038.0,439.0,97.5,0.0
690889,2041.0,439.0,97.5,0.0
690901,2099.0,439.0,131.9,0.0
690902,2064.0,439.0,131.9,0.0
690902,2064.0,439.0,131.9,0.0
690902,2066.0,439.0,131.9,0.0
690919,2054.0,439.0,131.9,0.0
690919,2055.0,439.0,131.9,0.0
690919,2055.0,439.0,131.9,0.0
690919,2056.0,439.0,131.9,0.0
690932,2032.0,439.0,131.9,0.0
690932,2027.0,439.0,131.9,0.0
690933,2032.0,439.0,131.9,0.0
690946,2051.0,439.0,131.9,0.0
690946,2051.0,439.0,131.9,0.0
690947,2065.0,439.0,131.9,0.0
690947,2057.0,439.0,131.9,0.0
690963,2073.0,439.0,131.9,0.0
690964,2072.0,439.0,131.9,0.0
690964,2063.0,439.0,131.9,0.0
690964,2095.0,439.0,131.9,0.0
690977,2037.0,439.0,131.9,0.0
690977,2043.0,439.0,131.9,0.0
690978,2062.0,439.0,131.9,0.0
690995,2028.0,439.0,131.9,0.0
690995,2031.0,439.0,131.9,0.0
690995,2038.0,439.0,131.9,0.0
690996,2038.0,439.0,131.9,0.0
691008,2050.0,439.0,131.9,0.0
691009,2034.0,439.0,131.9,0.0
691009,2035.0,439.0,131.9,0.0
691021,2076.0,439.0,131.9,0.0
691022,2068.0,439.0,131.9,0.0
691022,2063.0,439.0,131.9,0.0
691022,2054.0,439.0,131.9,0.0
691039,2069.0,439.0,131.9,0.0
691040,2067.0,439.0,131.9,0.0
691040,2068.0,439.0,131.9,0.0
691040,2067.0,439.0,131.9,0.0
691054,2024.0,439.0,131.9,0.0
691054,2024.0,439.0,131.9,0.0
691054,2026.0,439.0,131.9,0.0
691070,2049.0,439.0,131.9,0.0
691071,2037.0,439.0,131.9,0.0
691071,2035.0,439.0,131.9,0.0
691071,2033.0,439.0,131.9,0.0
691084,2060.0,439.0,131.9,0.0
691085,2061.0,439.0,131.9,0.0
691085,2057.0,439.0,131.9,0.0
691098,2044.0,439.0,131.9,0.0
691098,2043.0,439.0,131.9,0.0
691098,2052.0,439.0,131.9,0.0
691098,2048.0,439.0,131.9,0.0
691116,2032.0,439.0,131.9,0.0
691117,2051.0,439.0,131.9,0.0
691117,2046.0,439.0,131.9,0.0
691117,2038.0,439.0,131.9,0.0
691130,2035.0,439.0,131.9,0.0
691130,2036.0,439.0,131.9,0.0
691130,2036.0,439.0,131.9,0.0
691144,2071.0,439.0,131.9,0.0
691144,2066.0,439.0,131.9,0.0
691144,2069.0,439.0,131.9,0.0
691144,2069.0,439.0,131.9,0.0
691160,2055.0,439.0,131.9,0.0
691161,2073.0,439.0,131.9,0.0
691161,2067.0,439.0,131.9,0.0
691161,2045.0,439.0,131.9,0.0
691174,2031.0,438.0,131.9,0.0
691175,2034.0,438.0,131.9,0.0
691175,2030.0,438.0,131.9,0.0
691188,2051.0,438.0,131.9,0.0
691188,2041.0,438.0,131.9,0.0
691188,2040.0,438.0,131.9,0.0
691189,2061.0,438.0,131.9,0.0
691205,2072.0,438.0,131.9,0.0
691206,2060.0,438.0,131.9,0.0
691206,2062.0,438.0,131.9,0.0
691206,2063.0,438.0,131.9,0.0
691219,2062.0,438.0,131.9,0.0
691219,2051.0,438.0,131.9,0.0
691219,2050.0,438.0,131.9,0.0
691236,2029.0,438.0,131.9,0.0
691237,2040.0,438.0,131.9,0.0
691237,2045.0,438.0,131.9,0.0
691237,2038.0,438.0,131.9,0.0
691250,2033.0,438.0,131.9,0.0
691250,2035.0,438.0,131.9,0.0
691250,2035.0,438.0,131.9,0.0
691264,2068.0,438.0,149.7,0.0
691264,2069.0,438.0,149.7,0.0
691264,2071.0,438.0,149.7,0.0
691264,2073.0,438.0,149.7,0.0
691280,2059.0,438.0,149.7,0.0
691281,2067.0,438.0,149.7,0.0
691281,2068.0,438.0,149.7,0.0
691281,2063.0,438.0,149.7,0.0
691295,2034.0,438.0,149.7,0.0
691295,2028.0,438.0,149.7,0.0
691295,2033.0,438.0,149.7,0.0
691308,2048.0,438.0,149.7,0.0
691308,2057.0,438.0,149.7,0.0
691308,2054.0,438.0,149.7,0.0
691308,2046.0,438.0,149.7,0.0
691325,2068.0,438.0,149.7,0.0
691326,2058.0,438.0,149.7,0.0
691326,2111.0,438.0,149.7,0.0
691326,2060.0,438.0,149.7,0.0
691338,2054.0,437.0,149.7,0.0
691339,2054.0,437.0,149.7,0.0
691339,2053.0,437.0,149.7,0.0
691356,2034.0,437.0,149.7,0.0
691356,2037.0,437.0,149.7,0.0
691357,2038.0,437.0,149.7,0.0
691357,2042.0,437.0,149.7,0.0
691369,2035.0,437.0,149.7,0.0
691370,2032.0,437.0,149.7,0.0
691370,2036.0,437.0,149.7,0.0
691383,2073.0,436.0,149.7,0.0
691384,2066.0,436.0,149.7,0.0
691384,2065.0,436.0,149.7,0.0
691384,2066.0,436.0,149.7,0.0
691400,2065.0,436.0,149.7,0.0
691400,2069.0,436.0,149.7,0.0
691401,2061.0,436.0,149.7,0.0
691401,2062.0,436.0,149.7,0.0
691415,2019.0,436.0,149.7,0.0
691415,2026.0,436.0,149.7,0.0
691415,2028.0,436.0,149.7,0.0
691433,2032.0,436.0,149.7,0.0
691434,2025.0,436.0,149.7,0.0
691435,2034.0,436.0,149.7,0.0
691435,2036.0,436.0,149.7,0.0
691447,2038.0,435.0,149.7,0.0
691448,2047.0,435.0,149.7,0.0
691448,2041.0,435.0,149.7,0.0
691462,2066.0,435.0,149.7,0.0
691462,2070.0,435.0,149.7,0.0
691462,2066.0,435.0,149.7,0.0
691463,2070.0,435.0,149.7,0.0
691479,2043.0,435.0,149.7,0.0
691480,2055.0,435.0,149.7,0.0
691480,2060.0,435.0,149.7,0.0
691480,2060.0,435.0,149.7,0.0
691494,2032.0,434.0,149.7,0.0
691494,2027.0,434.0,149.7,0.0
691494,2026.0,434.0,149.7,0.0
691507,2056.0,433.0,149.7,0.0
691508,2059.0,433.0,149.7,0.0
691508,2066.0,433.0,149.7,0.0
691508,2053.0,433.0,149.7,0.0
691525,2070.0,433.0,149.7,0.0
691525,2071.0,433.0,149.7,0.0
691525,2055.0,433.0,149.7,0.0
691526,2056.0,433.0,149.7,0.0
691538,2041.0,433.0,149.7,0.0
691539,2042.0,433.0,149.7,0.0
691539,2039.0,433.0,149.7,0.0
691556,2037.0,432.0,149.7,0.0
691556,2026.0,432.0,149.7,0.0
691556,2050.0,432.0,149.7,0.0
691557,2034.0,432.0,149.7,0.0
691569,2043.0,432.0,149.7,0.0
691570,2036.0,432.0,149.7,0.0
691570,2040.0,432.0,149.7,0.0
691583,2056.0,432.0,149.7,0.0
691584,2057.0,432.0,149.7,0.0
691584,2066.0,432.0,149.7,0.0
691584,2060.0,432.0,149.7,0.0
691603,2070.0,432.0,149.7,0.0
691603,2090.0,432.0,168.4,0.0
691603,2080.0,432.0,168.4,0.0
691604,2071.0,432.0,168.4,0.0
691616,2008.0,431.0,168.4,0.0
691617,2028.0,431.0,168.4,0.0
691617,2026.0,431.0,168.4,0.0
691629,2038.0,431.0,168.4,0.0
691630,2031.0,431.0,168.4,0.0
691630,2044.0,431.0,168.4,0.0
691647,2036.0,431.0,168.4,0.0
691647,2070.0,431.0,168.4,0.0
691647,2055.0,431.0,168.4,0.0
691648,2041.0,431.0,168.4,0.0
691661,2071.0,431.0,168.4,0.0
691662,2062.0,431.0,168.4,0.0
691662,2062.0,431.0,168.4,0.0
691678,2038.0,431.0,168.4,0.0
691678,2053.0,431.0,168.4,0.0
691678,2055.0,431.0,168.4,0.0
691678,2055.0,431.0,168.4,0.0
691692,2030.0,430.0,168.4,0.0
691693,2032.0,430.0,168.4,0.0
691693,2028.0,430.0,168.4,0.0
691706,2070.0,430.0,168.4,0.0
691706,2058.0,430.0,168.4,0.0
691706,2051.0,430.0,168.4,0.0
691707,2059.0,430.0,168.4,0.0
691724,2067.0,430.0,168.4,0.0
691725,2069.0,430.0,168.4,0.0
691725,2072.0,430.0,168.4,0.0
691725,2063.0,430.0,168.4,0.0
691738,2040.0,430.0,168.4,0.0
691739,2048.0,430.0,168.4,0.0
691739,2052.0,430.0,168.4,0.0
691753,2036.0,430.0,168.4,0.0
691753,2031.0,430.0,168.4,0.0
691753,2022.0,430.0,168.4,0.0
691753,2021.0,430.0,168.4,0.0
691769,2047.0,430.0,168.4,0.0
691770,2039.0,430.0,168.4,0.0
691770,2040.0,430.0,168.4,0.0
691770,2046.0,430.0,168.4,0.0
691783,2068.0,430.0,168.4,0.0
691784,2063.0,430.0,168.4,0.0
691784,2070.0,430.0,168.4,0.0
691797,2037.0,430.0,168.4,0.0
691797,2042.0,430.0,168.4,0.0
691797,2035.0,430.0,168.4,0.0
691798,2027.0,430.0,168.4,0.0
691814,2034.0,430.0,168.4,0.0
691815,2038.0,430.0,168.4,0.0
691815,2038.0,430.0,168.4,0.0
691815,2032.0,430.0,168.4,0.0
691828,2052.0,430.0,168.4,0.0
691828,2049.0,430.0,168.4,0.0
691828,2042.0,430.0,168.4,0.0
691845,2074.0,430.0,168.4,0.0
691846,2066.0,430.0,168.4,0.0
691846,2058.0,430.0,168.4,0.0
691846,2068.0,430.0,168.4,0.0
691859,2039.0,430.0,168.4,0.0
691860,2054.0,430.0,168.4,0.0
691860,2052.0,430.0,168.4,0.0
691873,2031.0,429.0,168.4,0.0
691874,2035.0,429.0,168.4,0.0
691874,2029.0,429.0,168.4,0.0
691874,2031.0,429.0,168.4,0.0
691891,2019.0,429.0,168.4,0.0
691892,2011.0,429.0,168.4,0.0
691892,2011.0,429.0,168.4,0.0
691892,2014.0,429.0,168.4,0.0
691905,2060.0,429.0,168.4,0.0
691905,2066.0,429.0,168.4,0.0
691905,2058.0,429.0,168.4,0.0
691922,2067.0,429.0,173.7,0.0
691923,2070.0,429.0,173.7,0.0
691923,2055.0,429.0,173.7,0.0
691923,2067.0,429.0,173.7,0.0
691935,2029.0,429.0,173.7,0.0
691936,2043.0,429.0,173.7,0.0
691936,2043.0,429.0,173.7,0.0
691949,2047.0,429.0,173.7,0.0
691949,2038.0,429.0,173.7,0.0
691949,2041.0,429.0,173.7,0.0
691967,2060.0,429.0,173.7,0.0
691968,2064.0,429.0,173.7,0.0
691968,2057.0,429.0,173.7,0.0
691968,2059.0,429.0,173.7,0.0
691981,2054.0,430.0,173.7,0.0
691982,2059.0,430.0,173.7,0.0
691982,2065.0,430.0,173.7,0.0
691995,2034.0,430.0,173.7,0.0
691995,2032.0,430.0,173.7,0.0
691995,2036.0,430.0,173.7,0.0
691995,2028.0,430.0,173.7,0.0
692012,2039.0,430.0,173.7,0.0
692013,2031.0,430.0,173.7,0.0
692013,2037.0,430.0,173.7,0.0
692013,2036.0,430.0,173.7,0.0
692026,2071.0,430.0,173.7,0.0
692026,2056.0,430.0,173.7,0.0
692026,2060.0,430.0,173.7,0.0
692040,2005.0,430.0,173.7,0.0
692040,2061.0,430.0,173.7,0.0
692041,2057.0,430.0,173.7,0.0
692041,2057.0,430.0,173.7,0.0
692057,2037.0,430.0,173.7,0.0
692057,2038.0,430.0,173.7,0.0
692058,2037.0,430.0,173.7,0.0
692058,2029.0,430.0,173.7,0.0
692071,2031.0,430.0,173.7,0.0
692072,2054.0,430.0,173.7,0.0
692072,2031.0,430.0,173.7,0.0
692088,2051.0,430.0,173.7,0.0
692089,2049.0,430.0,173.7,0.0
692089,2047.0,430.0,173.7,0.0
692089,2050.0,430.0,173.7,0.0
692102,2067.0,430.0,173.7,0.0
692103,2068.0,430.0,173.7,0.0
692103,2063.0,430.0,173.7,0.0
692116,2036.0,431.0,173.7,0.0
692116,2012.0,431.0,173.7,0.0
692116,2035.0,431.0,173.7,0.0
692116,2039.0,431.0,173.7,0.0
692133,2022.0,431.0,173.7,0.0
692134,2040.0,431.0,173.7,0.0
692134,2035.0,431.0,173.7,0.0
692134,2036.0,431.0,173.7,0.0
692146,2063.0,431.0,173.7,0.0
692147,2054.0,431.0,173.7,0.0
692147,2035.0,431.0,173.7,0.0
692161,2061.0,432.0,173.7,0.0
692161,2062.0,432.0,173.7,0.0
692161,2058.0,432.0,173.7,0.0
692162,2060.0,432.0,173.7,0.0
692178,2040.0,432.0,173.7,0.0
692178,2044.0,432.0,173.7,0.0
692178,2038.0,432.0,173.7,0.0
692179,2040.0,432.0,173.7,0.0
692193,2029.0,432.0,173.7,0.0
692193,2032.0,432.0,173.7,0.0
692194,2061.0,432.0,173.7,0.0
692194,2039.0,432.0,173.7,0.0
692211,2042.0,432.0,173.7,0.0
692211,2038.0,432.0,173.7,0.0
692211,2033.0,432.0,173.7,0.0
692212,2041.0,432.0,173.7,0.0
692224,2068.0,432.0,173.7,0.0
692225,2063.0,432.0,173.7,0.0
692225,2073.0,432.0,173.7,0.0
692237,2035.0,432.0,173.7,0.0
692238,2040.0,432.0,173.7,0.0
692238,2043.0,432.0,173.7,0.0
692238,2044.0,432.0,173.7,0.0
692255,2037.0,432.0,173.7,0.0
692255,2035.0,432.0,173.7,0.0
692256,2040.0,432.0,173.7,0.0
692256,2037.0,432.0,173.7,0.0
692269,2040.0,432.0,173.7,0.0
692270,2039.0,432.0,173.7,0.0
692270,2036.0,432.0,173.7,0.0
692286,2071.0,432.0,173.7,0.0
692286,2072.0,432.0,173.7,0.0
692286,2064.0,432.0,173.7,0.0
692286,2062.0,432.0,173.7,0.0
692300,2057.0,433.0,173.7,0.0
692300,2057.0,433.0,173.7,0.0
692301,2065.0,433.0,173.7,0.0
692313,2033.0,433.0,173.7,0.0
692314,2036.0,433.0,173.7,0.0
692314,2037.0,433.0,173.7,0.0
692314,2031.0,433.0,173.7,0.0
692332,2038.0,433.0,173.7,0.0
692333,2037.0,433.0,173.7,0.0
692333,2036.0,433.0,173.7,0.0
692333,2041.0,433.0,173.7,0.0
692346,2074.0,433.0,173.7,0.0
692346,2063.0,433.0,173.7,0.0
692346,2064.0,433.0,173.7,0.0
692360,2050.0,434.0,173.7,0.0
692360,2056.0,434.0,173.7,0.0
692361,2050.0,434.0,173.7,0.0
692361,2051.0,434.0,173.7,0.0
692377,2025.0,434.0,173.7,0.0
692377,2029.0,434.0,173.7,0.0
692377,2039.0,434.0,173.7,0.0
692377,2034.0,434.0,173.7,0.0
692391,2035.0,434.0,173.7,0.0
692391,2029.0,434.0,173.7,0.0
692392,2036.0,434.0,173.7,0.0
692409,2057.0,434.0,173.7,0.0
692409,2053.0,434.0,173.7,0.0
692409,2047.0,434.0,173.7,0.0
692410,2026.0,434.0,173.7,0.0
692422,2061.0,434.0,157.8,0.0
692423,2059.0,434.0,157.8,0.0
692423,2055.0,434.0,157.8,0.0
692435,2034.0,434.0,157.8,0.0
692436,2032.0,434.0,157.8,0.0
692436,2028.0,434.0,157.8,0.0
692436,2026.0,434.0,157.8,0.0
692454,2037.0,435.0,157.8,0.0
692454,2036.0,435.0,157.8,0.0
692454,2034.0,435.0,157.8,0.0
692455,2036.0,435.0,157.8,0.0
692468,2057.0,435.0,157.8,0.0
692469,2052.0,435.0,157.8,0.0
692469,2052.0,435.0,157.8,0.0
692482,2058.0,436.0,157.8,0.0
692482,2061.0,436.0,157.8,0.0
692482,2064.0,436.0,157.8,0.0
692482,2052.0,436.0,157.8,0.0
692500,2054.0,436.0,157.8,0.0
692500,2060.0,436.0,157.8,0.0
692500,2061.0,436.0,157.8,0.0
692500,2059.0,436.0,157.8,0.0
692513,2025.0,436.0,157.8,0.0
692513,2024.0,436.0,157.8,0.0
692514,2036.0,436.0,157.8,0.0
692526,2037.0,436.0,157.8,0.0
692527,2053.0,436.0,157.8,0.0
692527,2057.0,436.0,157.8,0.0
692527,2058.0,436.0,157.8,0.0
692544,2066.0,437.0,157.8,0.0
692544,2068.0,437.0,157.8,0.0
692544,2059.0,437.0,157.8,0.0
692545,2058.0,437.0,157.8,0.0
692558,2029.0,438.0,157.8,0.0
692559,2019.0,438.0,157.8,0.0
692559,2032.0,438.0,157.8,0.0
692575,2035.0,438.0,157.8,0.0
692575,2031.0,438.0,157.8,0.0
692575,2012.0,438.0,157.8,0.0
692576,2034.0,438.0,157.8,0.0
692589,2055.0,439.0,157.8,0.0
692589,2092.0,439.0,157.8,0.0
692590,2081.0,439.0,157.8,0.0
692602,2059.0,439.0,157.8,0.0
692603,2061.0,439.0,157.8,0.0
692603,2057.0,439.0,157.8,0.0
692603,2055.0,439.0,157.8,0.0
692620,2058.0,440.0,157.8,0.0
692620,2073.0,440.0,157.8,0.0
692621,2077.0,440.0,157.8,0.0
692621,2073.0,440.0,157.8,0.0
692633,2023.0,440.0,157.8,0.0
692634,2025.0,440.0,157.8,0.0
692634,2023.0,440.0,157.8,0.0
692651,2050.0,440.0,157.8,0.0
692652,2039.0,440.0,157.8,0.0
692652,2047.0,440.0,157.8,0.0
692652,2052.0,440.0,157.8,0.0
692665,2066.0,440.0,157.8,0.0
692665,2057.0,440.0,157.8,0.0
692665,2040.0,440.0,157.8,0.0
692679,2035.0,441.0,157.8,0.0
692679,2041.0,441.0,157.8,0.0
692679,2043.0,441.0,157.8,0.0
692679,2054.0,441.0,157.8,0.0
692696,2030.0,441.0,157.8,0.0
692697,2023.0,441.0,157.8,0.0
692697,2027.0,441.0,157.8,0.0
692697,2028.0,441.0,157.8,0.0
692711,2041.0,442.0,157.8,0.0
692711,2038.0,442.0,157.8,0.0
692711,2031.0,442.0,157.8,0.0
692724,2065.0,442.0,164.4,0.0
692724,2068.0,442.0,164.4,0.0
692724,2071.0,442.0,164.4,0.0
692725,2065.0,442.0,164.4,0.0
692741,2060.0,442.0,164.4,0.0
692742,2060.0,442.0,164.4,0.0
692742,2057.0,442.0,164.4,0.0
692742,2059.0,442.0,164.4,0.0
692755,2027.0,442.0,164.4,0.0
692755,2003.0,442.0,164.4,0.0
692755,2033.0,442.0,164.4,0.0
692769,2050.0,441.0,164.4,0.0
692769,2047.0,441.0,164.4,0.0
692770,2053.0,441.0,164.4,0.0
692770,2058.0,441.0,164.4,0.0
692786,2069.0,441.0,164.4,0.0
692786,2062.0,441.0,164.4,0.0
692786,2057.0,441.0,164.4,0.0
692787,2051.0,441.0,164.4,0.0
692800,2058.0,441.0,164.4,0.0
692801,2060.0,441.0,164.4,0.0
692801,2057.0,441.0,164.4,0.0
692818,2038.0,441.0,164.4,0.0
692818,2033.0,441.0,164.4,0.0
692819,2037.0,441.0,164.4,0.0
692819,2022.0,441.0,164.4,0.0
692831,2049.0,441.0,164.4,0.0
692832,2031.0,441.0,164.4,0.0
692832,2037.0,441.0,164.4,0.0
692845,2068.0,441.0,164.4,0.0
692845,2060.0,441.0,164.4,0.0
692845,2055.0,441.0,164.4,0.0
692845,2066.0,441.0,164.4,0.0
692862,2067.0,441.0,164.4,0.0
692863,2074.0,441.0,164.4,0.0
692863,2068.0,441.0,164.4,0.0
692863,2063.0,441.0,164.4,0.0
692875,2020.0,441.0,164.4,0.0
692876,2029.0,441.0,164.4,0.0
692876,2025.0,441.0,164.4,0.0
692890,2048.0,440.0,164.4,0.0
692890,2038.0,440.0,164.4,0.0
692890,2040.0,440.0,164.4,0.0
692890,2045.0,440.0,164.4,0.0
692907,2061.0,440.0,164.4,0.0
692907,2053.0,440.0,164.4,0.0
692908,2050.0,440.0,164.4,0.0
692908,2058.0,440.0,164.4,0.0
692920,2041.0,440.0,164.4,0.0
692921,2040.0,440.0,164.4,0.0
692921,2050.0,440.0,164.4,0.0
692939,2031.0,440.0,164.4,0.0
692939,2037.0,440.0,164.4,0.0
692940,2036.0,440.0,164.4,0.0
692940,2038.0,440.0,164.4,0.0
692952,2053.0,440.0,164.4,0.0
692953,2040.0,440.0,164.4,0.0
692953,2043.0,440.0,164.4,0.0
692967,2059.0,439.0,164.4,0.0
692967,2056.0,439.0,164.4,0.0
692967,2050.0,439.0,164.4,0.0
692967,2046.0,439.0,164.4,0.0
692983,2070.0,439.0,164.4,0.0
692984,2074.0,439.0,164.4,0.0
692984,2068.0,439.0,164.4,0.0
692984,2062.0,439.0,164.4,0.0
692998,2023.0,440.0,164.4,0.0
692998,2024.0,440.0,164.4,0.0
692998,2026.0,440.0,164.4,0.0
693014,2036.0,440.0,164.4,0.0
693015,2037.0,440.0,164.4,0.0
693015,2034.0,440.0,164.4,0.0
693015,2060.0,440.0,164.4,0.0
693029,2061.0,440.0,164.4,0.0
693029,2050.0,440.0,164.4,0.0
693029,2053.0,440.0,164.4,0.0
693042,2019.0,440.0,164.4,0.0
693043,2058.0,440.0,166.7,0.0
693043,2057.0,440.0,166.7,0.0
693043,2064.0,440.0,166.7,0.0
693061,2056.0,439.0,166.7,0.0
693061,2057.0,439.0,166.7,0.0
693061,2054.0,439.0,166.7,0.0
693062,2058.0,439.0,166.7,0.0
693074,2023.0,439.0,166.7,0.0
693075,2024.0,439.0,166.7,0.0
693075,2027.0,439.0,166.7,0.0
693088,2057.0,439.0,166.7,0.0
693089,2052.0,439.0,166.7,0.0
693089,2054.0,439.0,166.7,0.0
693089,2053.0,439.0,166.7,0.0
693106,2071.0,439.0,166.7,0.0
693107,2070.0,439.0,166.7,0.0
693107,2067.0,439.0,166.7,0.0
693107,2065.0,439.0,166.7,0.0
693119,2013.0,439.0,166.7,0.0
693120,2040.0,439.0,166.7,0.0
693120,2037.0,439.0,166.7,0.0
693133,2031.0,439.0,166.7,0.0
693133,2035.0,439.0,166.7,0.0
693133,2038.0,439.0,166.7,0.0
693150,2055.0,439.0,166.7,0.0
693151,2039.0,439.0,166.7,0.0
693151,2034.0,439.0,166.7,0.0
693151,2043.0,439.0,166.7,0.0
693164,2062.0,439.0,166.7,0.0
693164,2058.0,439.0,166.7,0.0
693164,2059.0,439.0,166.7,0.0
693181,2055.0,439.0,166.7,0.0
693182,2065.0,439.0,166.7,0.0
693182,2059.0,439.0,166.7,0.0
693182,2060.0,439.0,166.7,0.0
693196,2026.0,439.0,166.7,0.0
693196,2032.0,439.0,166.7,0.0
693196,2026.0,439.0,166.7,0.0
693209,2055.0,439.0,166.7,0.0
693209,2052.0,439.0,166.7,0.0
693209,2052.0,439.0,166.7,0.0
693209,2050.0,439.0,166.7,0.0
693226,2087.0,439.0,166.7,0.0
693227,2067.0,439.0,166.7,0.0
693227,2070.0,439.0,166.7,0.0
693227,2054.0,439.0,166.7,0.0
693240,2041.0,439.0,166.7,0.0
693240,2043.0,439.0,166.7,0.0
693240,2043.0,439.0,166.7,0.0
693253,2040.0,439.0,166.7,0.0
693253,2039.0,439.0,166.7,0.0
693253,2043.0,439.0,166.7,0.0
693270,2051.0,438.0,166.7,0.0
693270,2051.0,438.0,166.7,0.0
693271,2041.0,438.0,166.7,0.0
693271,2046.0,438.0,166.7,0.0
693283,2059.0,438.0,166.7,0.0
693284,2058.0,438.0,166.7,0.0
693284,2062.0,438.0,166.7,0.0
693301,2050.0,438.0,166.7,0.0
693301,2061.0,438.0,166.7,0.0
693302,2054.0,438.0,166.7,0.0
693302,2050.0,438.0,166.7,0.0
693315,2022.0,438.0,166.7,0.0
693316,2031.0,438.0,166.7,0.0
693316,2029.0,438.0,166.7,0.0
693329,2053.0,438.0,166.7,0.0
693329,2053.0,438.0,166.7,0.0
693329,2058.0,438.0,166.7,0.0
693329,2049.0,438.0,166.7,0.0
693346,2070.0,437.0,166.7,0.0
693347,2052.0,437.0,166.7,0.0
693347,2063.0,437.0,166.7,0.0
693347,2067.0,437.0,166.7,0.0
693359,2027.0,437.0,166.7,0.0
693360,2041.0,437.0,166.7,0.0
693360,2036.0,437.0,166.7,0.0
693373,2028.0,437.0,166.7,0.0
693373,2039.0,437.0,166.7,0.0
693373,2039.0,437.0,166.7,0.0
693390,2057.0,436.0,166.7,0.0
693390,2059.0,436.0,166.7,0.0
693391,2053.0,436.0,166.7,0.0
693391,2043.0,436.0,166.7,0.0
693403,2060.0,436.0,162.1,0.0
693404,2060.0,436.0,162.1,0.0
693404,2039.0,436.0,162.1,0.0
693421,2073.0,436.0,162.1,0.0
693421,2053.0,436.0,162.1,0.0
693421,2055.0,436.0,162.1,0.0
693422,2066.0,436.0,162.1,0.0
693435,2031.0,436.0,162.1,0.0
693436,2029.0,436.0,162.1,0.0
693436,2031.0,436.0,162.1,0.0
693448,2058.0,436.0,162.1,0.0
693449,2058.0,436.0,162.1,0.0
693449,2059.0,436.0,162.1,0.0
693449,2065.0,436.0,162.1,0.0
693466,2065.0,436.0,162.1,0.0
693467,2065.0,436.0,162.1,0.0
693467,2068.0,436.0,162.1,0.0
693467,2065.0,436.0,162.1,0.0
693480,2031.0,435.0,162.1,0.0
693480,2036.0,435.0,162.1,0.0
693480,2038.0,435.0,162.1,0.0
693493,2033.0,435.0,162.1,0.0
693493,2033.0,435.0,162.1,0.0
693494,2043.0,435.0,162.1,0.0
693494,2034.0,435.0,162.1,0.0
693510,2052.0,435.0,162.1,0.0
693511,2051.0,435.0,162.1,0.0
693511,2057.0,435.0,162.1,0.0
693511,2048.0,435.0,162.1,0.0
693525,2065.0,435.0,162.1,0.0
693525,2066.0,435.0,162.1,0.0
693525,2058.0,435.0,162.1,0.0
693541,2056.0,434.0,162.1,0.0
693542,2056.0,434.0,162.1,0.0
693542,2067.0,434.0,162.1,0.0
693542,2038.0,434.0,162.1,0.0
693556,2024.0,434.0,162.1,0.0
693556,2023.0,434.0,162.1,0.0
693556,2031.0,434.0,162.1,0.0
693569,2054.0,434.0,162.1,0.0
693569,2051.0,434.0,162.1,0.0
693570,2031.0,434.0,162.1,0.0
693570,2045.0,434.0,162.1,0.0
693586,2069.0,434.0,162.1,0.0
693587,2066.0,434.0,162.1,0.0
693587,2065.0,434.0,162.1,0.0
693587,2072.0,434.0,162.1,0.0
693600,2034.0,433.0,162.1,0.0
693600,2033.0,433.0,162.1,0.0
693600,2017.0,433.0,162.1,0.0
693613,2035.0,433.0,162.1,0.0
693613,2035.0,433.0,162.1,0.0
693614,2040.0,433.0,162.1,0.0
693630,2075.0,432.0,162.1,0.0
693631,2051.0,432.0,162.1,0.0
693631,2049.0,432.0,162.1,0.0
693631,2060.0,432.0,162.1,0.0
693645,2068.0,432.0,162.1,0.0
693645,2067.0,432.0,162.1,0.0
693645,2063.0,432.0,162.1,0.0
693661,2049.0,431.0,162.1,0.0
693662,2054.0,431.0,162.1,0.0
693662,2039.0,431.0,162.1,0.0
693662,2053.0,431.0,162.1,0.0
693676,2022.0,431.0,162.1,0.0
693676,2026.0,431.0,162.1,0.0
693676,2026.0,431.0,162.1,0.0
693689,2057.0,431.0,162.1,0.0
693689,2057.0,431.0,162.1,0.0
693690,2059.0,431.0,162.1,0.0
693690,2072.0,431.0,162.1,0.0
693706,2088.0,430.0,162.1,0.0
693707,2069.0,430.0,162.1,0.0
693707,2073.0,430.0,162.1,0.0
693707,2066.0,430.0,162.1,0.0
693720,2045.0,430.0,162.1,0.0
693720,2029.0,430.0,162.1,0.0
693721,2012.0,430.0,162.1,0.0
693734,2035.0,430.0,162.1,0.0
693734,2029.0,430.0,162.1,0.0
693735,2036.0,430.0,162.1,0.0
693735,2039.0,430.0,162.1,0.0
693751,2056.0,430.0,162.1,0.0
693751,2049.0,430.0,162.1,0.0
693751,2055.0,430.0,162.1,0.0
693752,2026.0,430.0,162.1,0.0
693765,2063.0,430.0,178.7,0.0
693765,2063.0,430.0,178.7,0.0
693766,2062.0,430.0,178.7,0.0
693782,2050.0,430.0,178.7,0.0
693782,2057.0,430.0,178.7,0.0
693782,2068.0,430.0,178.7,0.0
693782,2053.0,430.0,178.7,0.0
693796,2029.0,430.0,178.7,0.0
693796,2023.0,430.0,178.7,0.0
693797,2034.0,430.0,178.7,0.0
693809,2065.0,430.0,178.7,0.0
693810,2057.0,430.0,178.7,0.0
693810,2065.0,430.0,178.7,0.0
693810,2056.0,430.0,178.7,0.0
693827,2074.0,429.0,178.7,0.0
693828,2066.0,429.0,178.7,0.0
693828,2058.0,429.0,178.7,0.0
693828,2058.0,429.0,178.7,0.0
693841,2037.0,429.0,178.7,0.0
693841,2044.0,429.0,178.7,0.0
693841,2044.0,429.0,178.7,0.0
693858,2031.0,429.0,178.7,0.0
693859,2021.0,429.0,178.7,0.0
693859,2027.0,429.0,178.7,0.0
693859,2028.0,429.0,178.7,0.0
693872,2049.0,429.0,178.7,0.0
693872,2022.0,429.0,178.7,0.0
693872,2039.0,429.0,178.7,0.0
693886,2059.0,429.0,178.7,0.0
693886,2061.0,429.0,178.7,0.0
693887,2051.0,429.0,178.7,0.0
693887,2064.0,429.0,178.7,0.0
693904,2059.0,429.0,178.7,0.0
693905,2065.0,429.0,178.7,0.0
693905,2088.0,429.0,178.7,0.0
693905,2059.0,429.0,178.7,0.0
693918,2033.0,429.0,178.7,0.0
693918,2042.0,429.0,178.7,0.0
693919,2026.0,429.0,178.7,0.0
693931,2049.0,430.0,178.7,0.0
693931,2071.0,430.0,178.7,0.0
693932,2043.0,430.0,178.7,0.0
693932,2050.0,430.0,178.7,0.0
693949,2066.0,430.0,178.7,0.0
693949,2072.0,430.0,178.7,0.0
693949,2060.0,430.0,178.7,0.0
693949,2060.0,430.0,178.7,0.0
693962,2046.0,430.0,178.7,0.0
693962,2052.0,430.0,178.7,0.0
693963,2036.0,430.0,178.7,0.0
693976,2026.0,430.0,178.7,0.0
693976,2034.0,430.0,178.7,0.0
693977,2034.0,430.0,178.7,0.0
693977,2036.0,430.0,178.7,0.0
693993,2032.0,430.0,178.7,0.0
693994,2039.0,430.0,178.7,0.0
693994,2030.0,430.0,178.7,0.0
693994,2041.0,430.0,178.7,0.0
694007,2060.0,430.0,178.7,0.0
694007,2057.0,430.0,178.7,0.0
694007,2058.0,430.0,178.7,0.0
694024,2060.0,430.0,178.7,0.0
694025,2060.0,430.0,178.7,0.0
694025,2067.0,430.0,178.7,0.0
694025,2050.0,430.0,178.7,0.0
694038,2019.0,430.0,178.7,0.0
694038,2024.0,430.0,178.7,0.0
694038,2014.0,430.0,178.7,0.0
694051,2050.0,430.0,178.7,0.0
694051,2046.0,430.0,178.7,0.0
694052,2032.0,430.0,178.7,0.0
694052,2051.0,430.0,178.7,0.0
694068,2065.0,430.0,178.7,0.0
694069,2055.0,430.0,178.7,0.0
694069,2055.0,430.0,178.7,0.0
694069,2061.0,430.0,178.7,0.0
694083,2055.0,430.0,178.7,0.0
694083,2054.0,430.0,178.7,0.0
694083,2055.0,430.0,178.7,0.0
694099,2029.0,430.0,178.7,0.0
694099,2041.0,430.0,178.7,0.0
694100,2038.0,430.0,178.7,0.0
694100,2029.0,430.0,178.7,0.0
694113,2049.0,430.0,178.7,0.0
694114,2032.0,430.0,178.7,0.0
694114,2036.0,430.0,178.7,0.0
694126,2070.0,430.0,171.2,0.0
694127,2050.0,430.0,171.2,0.0
694127,2057.0,430.0,171.2,0.0
694127,2054.0,430.0,171.2,0.0
694145,2068.0,431.0,171.2,0.0
694145,2073.0,431.0,171.2,0.0
694146,2069.0,431.0,171.2,0.0
694146,2067.0,431.0,171.2,0.0
694158,2032.0,431.0,171.2,0.0
694159,2025.0,431.0,171.2,0.0
694159,2027.0,431.0,171.2,0.0
694173,2051.0,431.0,171.2,0.0
694173,2047.0,431.0,171.2,0.0
694173,2038.0,431.0,171.2,0.0
694173,2042.0,431.0,171.2,0.0
694189,2069.0,431.0,171.2,0.0
694189,2058.0,431.0,171.2,0.0
694190,2066.0,431.0,171.2,0.0
694190,2058.0,431.0,171.2,0.0
694203,2059.0,431.0,171.2,0.0
694204,2055.0,431.0,171.2,0.0
694204,2053.0,431.0,171.2,0.0
694220,2031.0,431.0,171.2,0.0
694220,2028.0,431.0,171.2,0.0
694220,2046.0,431.0,171.2,0.0
694221,2038.0,431.0,171.2,0.0
694234,2035.0,431.0,171.2,0.0
694234,2031.0,431.0,171.2,0.0
694235,2033.0,431.0,171.2,0.0
694247,2066.0,431.0,171.2,0.0
694248,2067.0,431.0,171.2,0.0
694248,2073.0,431.0,171.2,0.0
694248,2070.0,431.0,171.2,0.0
694266,2077.0,431.0,171.2,0.0
694267,2077.0,431.0,171.2,0.0
694267,2081.0,431.0,171.2,0.0
694267,2071.0,431.0,171.2,0.0
694280,2012.0,431.0,171.2,0.0
694280,2035.0,431.0,171.2,0.0
694280,2037.0,431.0,171.2,0.0
694294,2037.0,431.0,171.2,0.0
694294,2033.0,431.0,171.2,0.0
694295,2042.0,431.0,171.2,0.0
694295,2039.0,431.0,171.2,0.0
694312,2050.0,432.0,171.2,0.0
694312,2041.0,432.0,171.2,0.0
694312,2033.0,432.0,171.2,0.0
694313,2041.0,432.0,171.2,0.0
694325,2054.0,432.0,171.2,0.0
694326,2059.0,432.0,171.2,0.0
694326,2056.0,432.0,171.2,0.0
694343,2049.0,432.0,171.2,0.0
694343,2055.0,432.0,171.2,0.0
694343,2056.0,432.0,171.2,0.0
694344,2055.0,432.0,171.2,0.0
694356,2025.0,432.0,171.2,0.0
694357,2025.0,432.0,171.2,0.0
694358,2006.0,432.0,171.2,0.0
694372,2049.0,432.0,171.2,0.0
694372,2041.0,432.0,171.2,0.0
694372,2039.0,432.0,171.2,0.0
694372,2044.0,432.0,171.2,0.0
694388,2066.0,432.0,171.2,0.0
694389,2052.0,432.0,171.2,0.0
694389,2058.0,432.0,171.2,0.0
694389,2136.0,432.0,171.2,0.0
694403,2047.0,433.0,171.2,0.0
694403,2044.0,433.0,171.2,0.0
694404,2055.0,433.0,171.2,0.0
694416,2002.0,433.0,171.2,0.0
694417,2007.0,433.0,171.2,0.0
694417,2040.0,433.0,171.2,0.0
694417,2036.0,433.0,171.2,0.0
694434,2038.0,433.0,171.2,0.0
694435,2032.0,433.0,171.2,0.0
694435,2035.0,433.0,171.2,0.0
694435,2025.0,433.0,171.2,0.0
694448,2058.0,433.0,171.2,0.0
694448,2055.0,433.0,171.2,0.0
694448,2058.0,433.0,171.2,0.0
694465,2058.0,433.0,171.2,0.0
694466,2066.0,433.0,171.2,0.0
694466,2069.0,433.0,171.2,0.0
694466,2067.0,433.0,171.2,0.0
694479,2025.0,433.0,171.2,0.0
694479,2027.0,433.0,171.2,0.0
694479,2025.0,433.0,171.2,0.0
694493,2043.0,433.0,171.2,0.0
694493,2042.0,433.0,171.2,0.0
694493,2037.0,433.0,171.2,0.0
694494,2042.0,433.0,171.2,0.0
694511,2052.0,433.0,171.2,0.0
694512,2052.0,433.0,171.2,0.0
694512,2044.0,433.0,171.2,0.0
694512,2048.0,433.0,171.2,0.0
694525,2059.0,433.0,171.2,0.0
694525,2049.0,433.0,171.2,0.0
694525,2056.0,433.0,171.2,0.0
694538,2033.0,434.0,171.2,0.0
694538,2027.0,434.0,171.2,0.0
694539,2024.0,434.0,171.2,0.0
694539,2030.0,434.0,171.2,0.0
694556,2036.0,435.0,171.2,0.0
694556,2036.0,435.0,171.2,0.0
694556,2025.0,435.0,171.2,0.0
694557,2034.0,435.0,171.2,0.0
694569,2018.0,435.0,171.2,0.0
694570,2027.0,435.0,171.2,0.0
694570,2059.0,435.0,171.2,0.0
694587,2053.0,435.0,171.2,0.0
694588,2036.0,435.0,171.2,0.0
694588,2050.0,435.0,171.2,0.0
694588,2052.0,435.0,171.2,0.0
694601,2032.0,436.0,171.2,0.0
694602,2038.0,436.0,171.2,0.0
694602,2042.0,436.0,171.2,0.0
694615,2030.0,436.0,171.2,0.0
694615,2021.0,436.0,171.2,0.0
694615,2026.0,436.0,171.2,0.0
694615,2034.0,436.0,171.2,0.0
694633,2037.0,436.0,171.2,0.0
694634,2038.0,436.0,171.2,0.0
694634,2020.0,436.0,171.2,0.0
694634,2043.0,436.0,171.2,0.0
694647,2065.0,437.0,171.2,0.0
694647,2060.0,437.0,171.2,0.0
694647,2058.0,437.0,171.2,0.0
694661,2027.0,437.0,171.2,0.0
694661,2038.0,437.0,171.2,0.0
694661,2038.0,437.0,171.2,0.0
694662,2035.0,437.0,171.2,0.0
694677,2034.0,437.0,171.2,0.0
694678,2029.0,437.0,171.2,0.0
694678,2041.0,437.0,171.2,0.0
694678,2029.0,437.0,171.2,0.0
694692,2042.0,439.0,171.2,0.0
694692,2045.0,439.0,171.2,0.0
694692,2043.0,439.0,171.2,0.0
694708,2065.0,439.0,171.2,0.0
694709,2062.0,439.0,171.2,0.0
694709,2062.0,439.0,171.2,0.0
694709,2060.0,439.0,171.2,0.0
694723,2035.0,439.0,171.2,0.0
694723,2053.0,439.0,171.2,0.0
694724,2040.0,439.0,171.2,0.0
694737,2030.0,439.0,171.2,0.0
694737,2023.0,439.0,171.2,0.0
694737,2031.0,439.0,171.2,0.0
694737,2032.0,439.0,171.2,0.0
694755,2025.0,440.0,171.2,0.0
694755,2030.0,440.0,171.2,0.0
694755,2035.0,440.0,171.2,0.0
694755,2028.0,440.0,171.2,0.0
694768,2057.0,440.0,171.2,0.0
694768,2053.0,440.0,171.2,0.0
694769,2056.0,440.0,171.2,0.0
694782,2054.0,440.0,171.2,0.0
694783,2047.0,440.0,171.2,0.0
694783,2045.0,440.0,171.2,0.0
694783,2031.0,440.0,171.2,0.0
694799,2026.0,440.0,171.2,0.0
694799,2027.0,440.0,171.2,0.0
694799,2027.0,440.0,171.2,0.0
694799,2024.0,440.0,171.2,0.0
694813,2038.0,440.0,171.2,0.0
694813,2031.0,440.0,171.2,0.0
694814,2012.0,440.0,171.2,0.0
694830,2053.0,440.0,171.2,0.0
694831,2053.0,440.0,171.2,0.0
694832,2047.0,440.0,171.2,0.0
694832,2043.0,440.0,171.2,0.0
694844,2055.0,441.0,171.2,0.0
694845,2074.0,441.0,171.2,0.0
694845,2058.0,441.0,171.2,0.0
694858,2022.0,441.0,171.2,0.0
694858,2023.0,441.0,171.2,0.0
694858,2026.0,441.0,171.2,0.0
694859,2021.0,441.0,171.2,0.0
694877,2069.0,441.0,171.2,0.0
694878,2008.0,441.0,171.2,0.0
694878,2015.0,441.0,171.2,0.0
694878,2038.0,441.0,171.2,0.0
694892,2049.0,441.0,171.2,0.0
694892,2036.0,441.0,171.2,0.0
694893,2041.0,441.0,171.2,0.0
694905,2061.0,441.0,171.2,0.0
694906,2068.0,441.0,171.2,0.0
694906,2058.0,441.0,171.2,0.0
694906,2052.0,441.0,171.2,0.0
694923,2048.0,441.0,171.2,0.0
694923,2053.0,441.0,171.2,0.0
694923,2052.0,441.0,171.2,0.0
694923,2042.0,441.0,171.2,0.0
694936,2023.0,441.0,171.2,0.0
694936,2024.0,441.0,171.2,0.0
694937,2036.0,441.0,171.2,0.0
694950,2056.0,441.0,171.2,0.0
694950,2049.0,441.0,171.2,0.0
694951,2049.0,441.0,171.2,0.0
694951,2055.0,441.0,171.2,0.0
694967,2068.0,441.0,171.2,0.0
694967,2058.0,441.0,171.2,0.0
694967,2062.0,441.0,171.2,0.0
694968,2041.0,441.0,171.2,0.0
694981,2027.0,441.0,171.2,0.0
694982,2024.0,441.0,171.2,0.0
694982,2036.0,441.0,171.2,0.0
694998,2034.0,441.0,171.2,0.0
694998,2027.0,441.0,171.2,0.0
694999,2025.0,441.0,171.2,0.0
694999,2025.0,441.0,171.2,0.0
695013,2051.0,440.0,171.2,0.0
695013,2044.0,440.0,171.2,0.0
695013,2040.0,440.0,171.2,0.0
695026,2064.0,440.0,171.2,0.0
695026,2070.0,440.0,171.2,0.0
695026,2062.0,440.0,171.2,0.0
695027,2053.0,440.0,171.2,0.0
695044,2050.0,440.0,171.2,0.0
695044,2055.0,440.0,171.2,0.0
695044,2052.0,440.0,171.2,0.0
695045,2054.0,440.0,171.2,0.0
695057,2019.0,440.0,171.2,0.0
695058,2021.0,440.0,171.2,0.0
695058,2023.0,440.0,171.2,0.0
695075,2032.0,440.0,171.2,0.0
695075,2040.0,440.0,171.2,0.0
695075,2040.0,440.0,171.2,0.0
695075,2035.0,440.0,171.2,0.0
695089,2062.0,440.0,171.2,0.0
695089,2059.0,440.0,171.2,0.0
695090,2053.0,440.0,171.2,0.0
695102,2032.0,440.0,171.2,0.0
695103,2041.0,440.0,171.2,0.0
695103,2044.0,440.0,171.2,0.0
695103,2041.0,440.0,171.2,0.0
695121,2033.0,440.0,171.2,0.0
695121,2037.0,440.0,171.2,0.0
695121,2040.0,440.0,171.2,0.0
695122,2040.0,440.0,171.2,0.0
695134,2039.0,440.0,171.2,0.0
695135,2050.0,440.0,171.2,0.0
695135,2039.0,440.0,171.2,0.0
695147,2062.0,439.0,171.2,0.0
695148,2060.0,439.0,171.2,0.0
695148,2064.0,439.0,171.2,0.0
695165,2064.0,439.0,171.2,0.0
695165,2056.0,439.0,171.2,0.0
695166,2046.0,439.0,171.2,0.0
695166,2069.0,439.0,171.2,0.0
695180,2027.0,439.0,171.2,0.0
695181,2031.0,439.0,171.2,0.0
695181,2001.0,439.0,171.2,0.0
695181,2006.0,439.0,171.2,0.0
695197,2026.0,438.0,171.2,0.0
695198,2017.0,438.0,171.2,0.0
695198,2011.0,438.0,171.2,0.0
695198,2012.0,438.0,171.2,0.0
695212,2051.0,438.0,171.2,0.0
695212,2043.0,438.0,171.2,0.0
695212,2024.0,438.0,171.2,0.0
695229,2069.0,438.0,171.2,0.0
695229,2061.0,438.0,171.2,0.0
695230,2070.0,438.0,171.2,0.0
695230,2064.0,438.0,171.2,0.0
695242,2039.0,438.0,171.2,0.0
695243,2034.0,438.0,171.2,0.0
695243,2037.0,438.0,171.2,0.0
695255,2036.0,438.0,171.2,0.0
695256,2032.0,438.0,171.2,0.0
695256,2037.0,438.0,171.2,0.0
695273,2054.0,439.0,171.2,0.0
695273,2043.0,439.0,171.2,0.0
695273,2052.0,439.0,171.2,0.0
695273,2048.0,439.0,171.2,0.0
695286,2055.0,439.0,171.2,0.0
695286,2053.0,439.0,171.2,0.0
695287,2065.0,439.0,171.2,0.0
695304,2051.0,438.0,171.2,0.0
695304,2048.0,438.0,171.2,0.0
695305,2055.0,438.0,171.2,0.0
695305,2056.0,438.0,171.2,0.0
695318,2023.0,438.0,171.2,0.0
695319,2025.0,438.0,171.2,0.0
695319,2021.0,438.0,171.2,0.0
695332,2051.0,438.0,171.2,0.0
695332,2018.0,438.0,171.2,0.0
695333,2020.0,438.0,171.2,0.0
695333,2045.0,438.0,171.2,0.0
695350,2065.0,438.0,171.2,0.0
695350,2049.0,438.0,171.2,0.0
695351,2055.0,438.0,171.2,0.0
695351,2055.0,438.0,171.2,0.0
695363,2041.0,438.0,171.2,0.0
695364,2027.0,438.0,171.2,0.0
695364,2051.0,438.0,171.2,0.0
695381,2033.0,438.0,171.2,0.0
695381,2033.0,438.0,171.2,0.0
695381,2026.0,438.0,171.2,0.0
695382,2034.0,438.0,171.2,0.0
695394,2044.0,438.0,171.2,0.0
695395,2031.0,438.0,171.2,0.0
695395,2033.0,438.0,171.2,0.0
695408,2067.0,438.0,171.2,0.0
695409,2065.0,438.0,171.2,0.0
695409,2063.0,438.0,171.2,0.0
695409,2065.0,438.0,171.2,0.0
695426,2039.0,438.0,171.2,0.0
695426,2057.0,438.0,171.2,0.0
695426,2054.0,438.0,171.2,0.0
695427,2056.0,438.0,171.2,0.0
695440,2021.0,437.0,171.2,0.0
695440,2025.0,437.0,171.2,0.0
695441,2003.0,437.0,171.2,0.0
695453,2046.0,437.0,171.2,0.0
695454,2050.0,437.0,171.2,0.0
695454,2041.0,437.0,171.2,0.0
695454,2049.0,437.0,171.2,0.0
695471,2059.0,437.0,171.2,0.0
695472,2052.0,437.0,171.2,0.0
695472,2048.0,437.0,171.2,0.0
695472,2054.0,437.0,171.2,0.0
695485,2062.0,437.0,171.2,0.0
695486,2057.0,437.0,171.2,0.0
695486,2045.0,437.0,171.2,0.0
695499,2017.0,436.0,171.2,0.0
695500,2011.0,436.0,171.2,0.0
695500,2024.0,436.0,171.2,0.0
695500,2010.0,436.0,171.2,0.0
695516,2028.0,436.0,171.2,0.0
695516,2029.0,436.0,171.2,0.0
695517,2035.0,436.0,171.2,0.0
695517,2033.0,436.0,171.2,0.0
695530,2059.0,436.0,171.2,0.0
695531,2051.0,436.0,171.2,0.0
695531,2052.0,436.0,171.2,0.0
695548,2059.0,436.0,171.2,0.0
695548,2070.0,436.0,171.2,0.0
695548,2052.0,436.0,171.2,0.0
695549,2056.0,436.0,171.2,0.0
695561,2029.0,435.0,171.2,0.0
695562,2032.0,435.0,171.2,0.0
695562,2018.0,435.0,171.2,0.0
695574,2050.0,435.0,171.2,0.0
695575,2033.0,435.0,171.2,0.0
695575,2034.0,435.0,171.2,0.0
695592,2062.0,436.0,171.2,0.0
695592,2045.0,436.0,171.2,0.0
695592,2057.0,436.0,171.2,0.0
695593,2052.0,436.0,171.2,0.0
695605,2071.0,436.0,171.2,0.0
695606,2046.0,436.0,171.2,0.0
695606,2056.0,436.0,171.2,0.0
695623,2037.0,436.0,171.2,0.0
695623,2044.0,436.0,171.2,0.0
695623,2028.0,436.0,171.2,0.0
695623,2053.0,436.0,171.2,0.0
695636,2039.0,435.0,171.2,0.0
695637,2003.0,435.0,171.2,0.0
695637,1990.0,435.0,171.2,0.0
695651,2052.0,435.0,171.2,0.0
695651,2055.0,435.0,171.2,0.0
695651,2060.0,435.0,171.2,0.0
695651,2049.0,435.0,171.2,0.0
695669,2063.0,434.0,171.2,0.0
695670,2044.0,434.0,171.2,0.0
695670,2051.0,434.0,171.2,0.0
695670,2063.0,434.0,171.2,0.0
695683,2032.0,434.0,171.2,0.0
695683,2042.0,434.0,171.2,0.0
695683,2032.0,434.0,171.2,0.0
695696,2038.0,433.0,171.2,0.0
695696,2027.0,433.0,171.2,0.0
695696,2044.0,433.0,171.2,0.0
695697,2037.0,433.0,171.2,0.0
695713,2050.0,432.0,171.2,0.0
695714,2052.0,432.0,171.2,0.0
695714,2049.0,432.0,171.2,0.0
695714,2045.0,432.0,171.2,0.0
695728,2060.0,432.0,171.2,0.0
695728,2056.0,432.0,171.2,0.0
695728,2054.0,432.0,171.2,0.0
695744,2054.0,432.0,171.2,0.0
695745,2047.0,432.0,171.2,0.0
695745,2057.0,432.0,171.2,0.0
695745,2051.0,432.0,171.2,0.0
695759,2028.0,431.0,171.2,0.0
695759,2026.0,431.0,171.2,0.0
695759,2023.0,431.0,171.2,0.0
695772,2056.0,431.0,171.2,0.0
695772,2048.0,431.0,171.2,0.0
695773,2062.0,431.0,171.2,0.0
695773,2065.0,431.0,171.2,0.0
695791,2071.0,431.0,171.2,0.0
695791,2056.0,431.0,171.2,0.0
695791,2054.0,431.0,171.2,0.0
695792,2059.0,431.0,171.2,0.0
695804,2047.0,431.0,171.2,0.0
695805,2042.0,431.0,171.2,0.0
695805,2047.0,431.0,171.2,0.0
695818,2023.0,429.0,171.2,0.0
695819,2020.0,429.0,171.2,0.0
695819,2025.0,429.0,171.2,0.0
695819,2026.0,429.0,171.2,0.0
695835,2038.0,429.0,171.2,0.0
695836,2033.0,429.0,171.2,0.0
695836,2047.0,429.0,171.2,0.0
695836,2045.0,429.0,171.2,0.0
695850,2062.0,429.0,171.2,0.0
695850,2049.0,429.0,171.2,0.0
695850,2055.0,429.0,171.2,0.0
695867,2057.0,429.0,171.2,0.0
695868,2064.0,429.0,171.2,0.0
695868,2059.0,429.0,171.2,0.0
695868,2056.0,429.0,171.2,0.0
695881,2018.0,428.0,171.2,0.0
695881,2024.0,428.0,171.2,0.0
695881,2032.0,428.0,171.2,0.0
695894,2046.0,428.0,171.2,0.0
695894,2041.0,428.0,171.2,0.0
695895,2041.0,428.0,171.2,0.0
695895,2046.0,428.0,171.2,0.0
695913,2068.0,428.0,164.4,0.0
695913,2051.0,428.0,164.4,0.0
695913,2056.0,428.0,164.4,0.0
695914,2041.0,428.0,164.4,0.0
695927,2057.0,428.0,164.4,0.0
695928,2060.0,428.0,164.4,0.0
695928,2057.0,428.0,164.4,0.0
695941,2004.0,428.0,164.4,0.0
695941,2035.0,428.0,164.4,0.0
695941,2037.0,428.0,164.4,0.0
695942,2039.0,428.0,164.4,0.0
695959,2037.0,428.0,164.4,0.0
695959,2032.0,428.0,164.4,0.0
695959,2031.0,428.0,164.4,0.0
695959,1997.0,428.0,164.4,0.0
695972,2070.0,428.0,164.4,0.0
695972,2033.0,428.0,164.4,0.0
695973,2036.0,428.0,164.4,0.0
695986,2056.0,428.0,164.4,0.0
695986,2053.0,428.0,164.4,0.0
695987,2056.0,428.0,164.4,0.0
695987,2058.0,428.0,164.4,0.0
696003,2045.0,428.0,164.4,0.0
696003,2033.0,428.0,164.4,0.0
696004,2036.0,428.0,164.4,0.0
696004,2036.0,428.0,164.4,0.0
696017,2028.0,428.0,164.4,0.0
696018,2027.0,428.0,164.4,0.0
696018,2025.0,428.0,164.4,0.0
696034,2049.0,428.0,164.4,0.0
696034,2037.0,428.0,164.4,0.0
696035,2032.0,428.0,164.4,0.0
696035,2038.0,428.0,164.4,0.0
696048,2057.0,429.0,164.4,0.0
696049,2059.0,429.0,164.4,0.0
696049,2058.0,429.0,164.4,0.0
696062,1898.0,429.0,164.4,0.0
696062,2028.0,429.0,164.4,0.0
696062,2025.0,429.0,164.4,0.0
696062,2024.0,429.0,164.4,0.0
696079,2026.0,429.0,164.4,0.0
696080,2031.0,429.0,164.4,0.0
696080,2017.0,429.0,164.4,0.0
696080,2025.0,429.0,164.4,0.0
696093,2050.0,429.0,164.4,0.0
696093,2038.0,429.0,164.4,0.0
696093,2049.0,429.0,164.4,0.0
696107,2059.0,430.0,164.4,0.0
696107,2057.0,430.0,164.4,0.0
696107,2052.0,430.0,164.4,0.0
696108,2060.0,430.0,164.4,0.0
696123,2049.0,430.0,164.4,0.0
696124,2047.0,430.0,164.4,0.0
696124,2045.0,430.0,164.4,0.0
696124,2045.0,430.0,164.4,0.0
696138,2022.0,430.0,164.4,0.0
696138,2033.0,430.0,164.4,0.0
696138,2033.0,430.0,164.4,0.0
696155,2046.0,430.0,164.4,0.0
696156,2039.0,430.0,164.4,0.0
696156,2022.0,430.0,164.4,0.0
696156,2049.0,430.0,164.4,0.0
696169,2064.0,430.0,164.4,0.0
696169,2052.0,430.0,164.4,0.0
696169,2053.0,430.0,164.4,0.0
696182,2026.0,430.0,164.4,0.0
696182,2046.0,430.0,164.4,0.0
696183,2029.0,430.0,164.4,0.0
696183,2031.0,430.0,164.4,0.0
696200,2013.0,430.0,164.4,0.0
696200,2021.0,430.0,164.4,0.0
696200,2028.0,430.0,164.4,0.0
696201,2023.0,430.0,164.4,0.0
696213,2043.0,430.0,164.4,0.0
696214,2039.0,430.0,164.4,0.0
696214,2052.0,430.0,164.4,0.0
696230,2059.0,431.0,164.4,0.0
696231,2061.0,431.0,164.4,0.0
696231,2045.0,431.0,164.4,0.0
696231,2057.0,431.0,164.4,0.0
696244,2037.0,431.0,164.4,0.0
696244,2043.0,431.0,164.4,0.0
696244,2043.0,431.0,164.4,0.0
696258,2030.0,430.0,164.4,0.0
696258,2022.0,430.0,164.4,0.0
696259,2034.0,430.0,164.4,0.0
696259,2031.0,430.0,164.4,0.0
696277,2028.0,430.0,164.4,0.0
696277,2031.0,430.0,164.4,0.0
696277,2032.0,430.0,164.4,0.0
696277,2029.0,430.0,164.4,0.0
696290,2066.0,430.0,164.4,0.0
696290,2059.0,430.0,164.4,0.0
696291,2063.0,430.0,164.4,0.0
696303,1994.0,430.0,164.4,0.0
696304,2032.0,430.0,164.4,0.0
696304,2009.0,430.0,164.4,0.0
696304,2000.0,430.0,164.4,0.0
696321,2018.0,431.0,164.4,0.0
696322,2000.0,431.0,164.4,0.0
696322,2024.0,431.0,164.4,0.0
696322,2031.0,431.0,164.4,0.0
696336,2048.0,431.0,164.4,0.0
696336,2032.0,431.0,164.4,0.0
696336,2033.0,431.0,164.4,0.0
696352,2062.0,431.0,164.4,0.0
696352,2064.0,431.0,164.4,0.0
696353,2055.0,431.0,164.4,0.0
696353,2049.0,431.0,164.4,0.0
696366,2052.0,431.0,164.4,0.0
696367,2042.0,431.0,164.4,0.0
696367,2060.0,431.0,164.4,0.0
696380,2026.0,431.0,164.4,0.0
696380,2022.0,431.0,164.4,0.0
696380,2023.0,431.0,164.4,0.0
696380,2039.0,431.0,164.4,0.0
696398,2039.0,431.0,164.4,0.0
696399,2034.0,431.0,164.4,0.0
696399,2025.0,431.0,164.4,0.0
696399,2033.0,431.0,164.4,0.0
696412,2054.0,431.0,164.4,0.0
696412,2053.0,431.0,164.4,0.0
696412,2052.0,431.0,164.4,0.0
696426,2045.0,432.0,164.4,0.0
696426,2050.0,432.0,164.4,0.0
696426,2031.0,432.0,164.4,0.0
696427,2034.0,432.0,164.4,0.0
696443,2032.0,432.0,164.4,0.0
696443,2032.0,432.0,164.4,0.0
696443,2040.0,432.0,164.4,0.0
696443,2036.0,432.0,164.4,0.0
696457,2036.0,432.0,164.4,0.0
696457,2038.0,432.0,164.4,0.0
696458,2024.0,432.0,164.4,0.0
696474,2054.0,432.0,164.4,0.0
696475,2046.0,432.0,164.4,0.0
696475,2050.0,432.0,164.4,0.0
696475,2043.0,432.0,164.4,0.0
696488,2061.0,432.0,164.4,0.0
696488,2057.0,432.0,164.4,0.0
696488,2062.0,432.0,164.4,0.0
696501,2024.0,432.0,164.4,0.0
696501,2042.0,432.0,164.4,0.0
696501,2018.0,432.0,164.4,0.0
696519,2036.0,432.0,164.4,0.0
696520,2041.0,432.0,164.4,0.0
696520,2034.0,432.0,164.4,0.0
696520,2046.0,432.0,164.4,0.0
696533,2055.0,432.0,164.4,0.0
696533,2043.0,432.0,164.4,0.0
696533,2045.0,432.0,164.4,0.0
696547,2054.0,433.0,164.4,0.0
696547,2058.0,433.0,164.4,0.0
696547,2058.0,433.0,164.4,0.0
696547,2051.0,433.0,164.4,0.0
696564,2044.0,433.0,164.4,0.0
696564,2053.0,433.0,164.4,0.0
696565,2051.0,433.0,164.4,0.0
696565,2049.0,433.0,164.4,0.0
696577,2027.0,433.0,164.4,0.0
696578,2023.0,433.0,164.4,0.0
696578,2036.0,433.0,164.4,0.0
696591,2057.0,433.0,164.4,0.0
696591,2064.0,433.0,164.4,0.0
696591,2064.0,433.0,164.4,0.0
696591,2064.0,433.0,164.4,0.0
696608,2067.0,434.0,164.4,0.0
696609,2059.0,434.0,164.4,0.0
696609,2057.0,434.0,164.4,0.0
696609,2066.0,434.0,164.4,0.0
696622,2036.0,434.0,164.4,0.0
696622,2028.0,434.0,164.4,0.0
696622,2026.0,434.0,164.4,0.0
696639,2030.0,434.0,164.4,0.0
696640,2036.0,434.0,164.4,0.0
696640,2032.0,434.0,164.4,0.0
696640,2025.0,434.0,164.4,0.0
696654,2054.0,434.0,164.4,0.0
696654,2047.0,434.0,164.4,0.0
696654,2038.0,434.0,164.4,0.0
696667,2058.0,435.0,164.4,0.0
696667,2046.0,435.0,164.4,0.0
696667,2053.0,435.0,164.4,0.0
696668,2053.0,435.0,164.4,0.0
696684,2034.0,435.0,164.4,0.0
696685,2049.0,435.0,164.4,0.0
696685,2054.0,435.0,164.4,0.0
696685,2043.0,435.0,164.4,0.0
696698,2026.0,435.0,164.4,0.0
696698,2027.0,435.0,164.4,0.0
696698,2017.0,435.0,164.4,0.0
696711,2067.0,435.0,164.4,0.0
696712,2072.0,435.0,164.4,0.0
696712,2064.0,435.0,164.4,0.0
696712,1998.0,435.0,164.4,0.0
696730,2062.0,435.0,164.4,0.0
696730,2042.0,435.0,164.4,0.0
696730,2054.0,435.0,164.4,0.0
696731,2056.0,435.0,164.4,0.0
696744,2031.0,436.0,164.4,0.0
696744,2040.0,436.0,164.4,0.0
696745,2033.0,436.0,164.4,0.0
696761,2017.0,436.0,164.4,0.0
696761,2020.0,436.0,164.4,0.0
696761,2017.0,436.0,164.4,0.0
696761,2026.0,436.0,164.4,0.0
696775,2050.0,437.0,164.4,0.0
696775,2036.0,437.0,164.4,0.0
696776,2041.0,437.0,164.4,0.0
696788,2043.0,437.0,164.4,0.0
696789,2061.0,437.0,164.4,0.0
696789,2057.0,437.0,164.4,0.0
696789,2061.0,437.0,164.4,0.0
696806,2051.0,437.0,164.4,0.0
696806,2055.0,437.0,164.4,0.0
696806,2070.0,437.0,164.4,0.0
696806,2051.0,437.0,164.4,0.0
696819,2038.0,437.0,164.4,0.0
696819,2021.0,437.0,164.4,0.0
696820,2030.0,437.0,164.4,0.0
696833,2060.0,438.0,164.4,0.0
696833,2050.0,438.0,164.4,0.0
696834,2040.0,438.0,164.4,0.0
696834,2052.0,438.0,164.4,0.0
696850,2062.0,438.0,164.4,0.0
696850,2077.0,438.0,164.4,0.0
696850,2061.0,438.0,164.4,0.0
696850,2061.0,438.0,164.4,0.0
696864,2041.0,438.0,164.4,0.0
696864,2043.0,438.0,164.4,0.0
696864,2043.0,438.0,164.4,0.0
696880,2020.0,438.0,164.4,0.0
696881,2023.0,438.0,164.4,0.0
696881,2029.0,438.0,164.4,0.0
696881,2028.0,438.0,164.4,0.0
696895,2057.0,438.0,164.4,0.0
696895,2051.0,438.0,164.4,0.0
696895,2056.0,438.0,164.4,0.0
696908,2061.0,438.0,164.4,0.0
696908,2064.0,438.0,164.4,0.0
696909,2068.0,438.0,164.4,0.0
696909,2062.0,438.0,164.4,0.0
696926,2048.0,438.0,164.4,0.0
696926,2057.0,438.0,164.4,0.0
696926,2059.0,438.0,164.4,0.0
696926,2055.0,438.0,164.4,0.0
696939,2021.0,439.0,164.4,0.0
696939,2012.0,439.0,164.4,0.0
696940,2030.0,439.0,164.4,0.0
696953,2059.0,439.0,164.4,0.0
696953,2050.0,439.0,164.4,0.0
696954,2058.0,439.0,164.4,0.0
696954,2055.0,439.0,164.4,0.0
696969,2076.0,439.0,164.4,0.0
696970,2051.0,439.0,164.4,0.0
696970,2067.0,439.0,164.4,0.0
696970,2047.0,439.0,164.4,0.0
696984,2027.0,439.0,164.4,0.0
696984,2040.0,439.0,164.4,0.0
696984,2035.0,439.0,164.4,0.0
697000,2027.0,439.0,164.4,0.0
697001,2023.0,439.0,164.4,0.0
697001,2029.0,439.0,164.4,0.0
697001,2027.0,439.0,164.4,0.0
697015,2051.0,439.0,164.4,0.0
697015,2050.0,439.0,164.4,0.0
697015,2049.0,439.0,164.4,0.0
697028,2040.0,439.0,164.4,0.0
697028,2052.0,439.0,164.4,0.0
697028,2069.0,439.0,164.4,0.0
697029,2056.0,439.0,164.4,0.0
697045,2040.0,439.0,164.4,0.0
697046,2055.0,439.0,164.4,0.0
697046,2055.0,439.0,164.4,0.0
697046,2058.0,439.0,164.4,0.0
697059,2039.0,439.0,164.4,0.0
697059,2039.0,439.0,164.4,0.0
697059,2042.0,439.0,164.4,0.0
697073,2060.0,439.0,164.4,0.0
697073,2053.0,439.0,164.4,0.0
697073,2053.0,439.0,164.4,0.0
697074,1932.0,439.0,164.4,0.0
697090,2070.0,439.0,164.4,0.0
697090,2066.0,439.0,164.4,0.0
697090,2060.0,439.0,164.4,0.0
697090,2068.0,439.0,164.4,0.0
697104,2034.0,439.0,164.4,0.0
697104,2026.0,439.0,164.4,0.0
697105,2037.0,439.0,164.4,0.0
697122,2003.0,439.0,164.4,0.0
697123,1979.0,439.0,164.4,0.0
697123,2086.0,439.0,164.4,0.0
697123,1993.0,439.0,164.4,0.0
697136,2035.0,439.0,164.4,0.0
697136,2031.0,439.0,164.4,0.0
697137,2034.0,439.0,164.4,0.0
697149,2069.0,439.0,164.4,0.0
697150,2061.0,439.0,164.4,0.0
697150,2063.0,439.0,164.4,0.0
697150,2057.0,439.0,164.4,0.0
697167,2050.0,439.0,164.4,0.0
697167,2058.0,439.0,164.4,0.0
697168,2073.0,439.0,164.4,0.0
697168,2071.0,439.0,164.4,0.0
697180,2022.0,439.0,164.4,0.0
697181,2026.0,439.0,164.4,0.0
697181,2017.0,439.0,164.4,0.0
697198,2041.0,439.0,164.4,0.0
697199,2033.0,439.0,164.4,0.0
697199,2049.0,439.0,164.4,0.0
697199,2042.0,439.0,164.4,0.0
697212,2061.0,439.0,164.4,0.0
697213,2054.0,439.0,164.4,0.0
697213,2051.0,439.0,164.4,0.0
697226,2004.0,439.0,164.4,0.0
697226,2042.0,439.0,164.4,0.0
697227,2044.0,439.0,164.4,0.0
697227,2059.0,439.0,164.4,0.0
697244,2035.0,439.0,164.4,0.0
697245,2038.0,439.0,164.4,0.0
697245,2042.0,439.0,164.4,0.0
697245,2045.0,439.0,164.4,0.0
697258,2033.0,438.0,164.4,0.0
697258,2024.0,438.0,164.4,0.0
697258,2023.0,438.0,164.4,0.0
697272,2068.0,438.0,164.4,0.0
697272,2059.0,438.0,164.4,0.0
697273,2059.0,438.0,164.4,0.0
697273,2058.0,438.0,164.4,0.0
697289,2067.0,438.0,164.4,0.0
697289,2070.0,438.0,164.4,0.0
697289,2057.0,438.0,164.4,0.0
697290,2058.0,438.0,164.4,0.0
697303,2029.0,438.0,164.4,0.0
697303,2027.0,438.0,164.4,0.0
697304,2029.0,438.0,164.4,0.0
697319,2026.0,438.0,164.4,0.0
697320,2033.0,438.0,164.4,0.0
697320,2032.0,438.0,164.4,0.0
697320,2035.0,438.0,164.4,0.0
697334,2053.0,438.0,164.4,0.0
697334,2044.0,438.0,164.4,0.0
697334,2049.0,438.0,164.4,0.0
697347,2012.0,438.0,164.4,0.0
697347,2060.0,438.0,164.4,0.0
697348,2055.0,438.0,164.4,0.0
697348,2051.0,438.0,164.4,0.0
697366,2041.0,438.0,164.4,0.0
697366,2046.0,438.0,164.4,0.0
697366,2047.0,438.0,164.4,0.0
697366,2044.0,438.0,164.4,0.0
697379,2022.0,438.0,164.4,0.0
697379,2021.0,438.0,164.4,0.0
697380,2025.0,438.0,164.4,0.0
697393,2054.0,438.0,164.4,0.0
697394,2054.0,438.0,164.4,0.0
697394,2054.0,438.0,164.4,0.0
697394,2045.0,438.0,164.4,0.0
697411,2074.0,438.0,164.4,0.0
697412,2061.0,438.0,164.4,0.0
697412,2068.0,438.0,164.4,0.0
697412,2066.0,438.0,164.4,0.0
697425,2039.0,438.0,164.4,0.0
697425,2036.0,438.0,164.4,0.0
697425,2043.0,438.0,164.4,0.0
697442,2009.0,438.0,164.4,0.0
697443,2025.0,438.0,164.4,0.0
697443,2027.0,438.0,164.4,0.0
697443,2029.0,438.0,164.4,0.0
697455,2041.0,437.0,164.4,0.0
697456,2074.0,437.0,164.4,0.0
697456,2037.0,437.0,164.4,0.0
697469,2063.0,437.0,164.4,0.0
697469,2063.0,437.0,164.4,0.0
697469,2052.0,437.0,164.4,0.0
697487,2049.0,437.0,164.4,0.0
697488,2056.0,437.0,164.4,0.0
697488,2058.0,437.0,164.4,0.0
697488,2067.0,437.0,164.4,0.0
697501,2022.0,437.0,164.4,0.0
697502,2020.0,437.0,164.4,0.0
697502,2038.0,437.0,164.4,0.0
697515,2045.0,437.0,164.4,0.0
697515,2042.0,437.0,164.4,0.0
697515,2028.0,437.0,164.4,0.0
697515,2051.0,437.0,164.4,0.0
697532,2067.0,437.0,164.4,0.0
697533,2067.0,437.0,164.4,0.0
697533,2068.0,437.0,164.4,0.0
697533,2070.0,437.0,164.4,0.0
697546,2040.0,437.0,164.4,0.0
697546,2037.0,437.0,164.4,0.0
697546,2034.0,437.0,164.4,0.0
697559,2035.0,437.0,164.4,0.0
697559,2028.0,437.0,164.4,0.0
697560,2024.0,437.0,164.4,0.0
697560,2035.0,437.0,164.4,0.0
697577,2049.0,437.0,164.4,0.0
697577,2045.0,437.0,164.4,0.0
697577,2070.0,437.0,164.4,0.0
697578,2056.0,437.0,164.4,0.0
697591,2059.0,437.0,164.4,0.0
697592,2056.0,437.0,164.4,0.0
697592,2069.0,437.0,164.4,0.0
697608,2057.0,436.0,164.4,0.0
697608,2055.0,436.0,164.4,0.0
697609,2040.0,436.0,164.4,0.0
697609,2060.0,436.0,164.4,0.0
697622,2012.0,436.0,164.4,0.0
697623,2024.0,436.0,164.4,0.0
697623,2027.0,436.0,164.4,0.0
697636,2044.0,436.0,164.4,0.0
697636,2055.0,436.0,164.4,0.0
697636,2052.0,436.0,164.4,0.0
697636,2055.0,436.0,164.4,0.0
697653,2061.0,435.0,164.4,0.0
697654,2064.0,435.0,164.4,0.0
697654,2057.0,435.0,164.4,0.0
697654,2058.0,435.0,164.4,0.0
697666,2042.0,435.0,164.4,0.0
697667,2043.0,435.0,164.4,0.0
697667,2049.0,435.0,164.4,0.0
697681,2031.0,435.0,164.4,0.0
697681,2033.0,435.0,164.4,0.0
697681,2030.0,435.0,164.4,0.0
697681,2027.0,435.0,164.4,0.0
697697,2042.0,435.0,164.4,0.0
697698,2034.0,435.0,164.4,0.0
697698,2043.0,435.0,164.4,0.0
697698,2042.0,435.0,164.4,0.0
697712,2071.0,434.0,164.4,0.0
697712,2051.0,434.0,164.4,0.0
697713,2067.0,434.0,164.4,0.0
697730,2089.0,434.0,164.4,0.0
697730,2101.0,434.0,164.4,0.0
697730,2073.0,434.0,164.4,0.0
697731,2073.0,434.0,164.4,0.0
697743,2020.0,434.0,164.4,0.0
697744,2029.0,434.0,164.4,0.0
697744,2020.0,434.0,164.4,0.0
697756,2045.0,434.0,164.4,0.0
697757,2053.0,434.0,164.4,0.0
697757,2042.0,434.0,164.4,0.0
697757,2043.0,434.0,164.4,0.0
697774,2063.0,433.0,164.4,0.0
697774,2054.0,433.0,164.4,0.0
697775,2034.0,433.0,164.4,0.0
697775,2056.0,433.0,164.4,0.0
697787,2052.0,433.0,164.4,0.0
697788,2050.0,433.0,164.4,0.0
697788,2049.0,433.0,164.4,0.0
697801,2027.0,431.0,164.4,0.0
697802,2029.0,431.0,164.4,0.0
697802,2024.0,431.0,164.4,0.0
697802,2026.0,431.0,164.4,0.0
697818,2034.0,431.0,164.4,0.0
697819,2044.0,431.0,164.4,0.0
697819,2039.0,431.0,164.4,0.0
697819,2045.0,431.0,164.4,0.0
697833,2068.0,431.0,164.4,0.0
697833,2065.0,431.0,164.4,0.0
697833,2046.0,431.0,164.4,0.0
697851,2059.0,430.0,164.4,0.0
697851,2076.0,430.0,164.4,0.0
697851,2065.0,430.0,164.4,0.0
697851,2065.0,430.0,164.4,0.0
697864,2010.0,430.0,164.4,0.0
697864,2008.0,430.0,164.4,0.0
697865,2014.0,430.0,164.4,0.0
697877,2042.0,430.0,164.4,0.0
697878,2042.0,430.0,164.4,0.0
697878,2039.0,430.0,164.4,0.0
697878,2043.0,430.0,164.4,0.0
697895,2042.0,430.0,164.4,0.0
697895,2054.0,430.0,164.4,0.0
697895,2050.0,430.0,164.4,0.0
697896,2047.0,430.0,164.4,0.0
697908,2060.0,429.0,164.4,0.0
697909,2058.0,429.0,164.4,0.0
697909,2056.0,429.0,164.4,0.0
697926,2033.0,429.0,164.4,0.0
697926,2046.0,429.0,164.4,0.0
697926,2047.0,429.0,164.4,0.0
697927,2039.0,429.0,164.4,0.0
697940,2025.0,428.0,164.4,0.0
697941,2027.0,428.0,164.4,0.0
697941,2031.0,428.0,164.4,0.0
697953,2064.0,428.0,164.4,0.0
697954,2060.0,428.0,164.4,0.0
697954,2058.0,428.0,164.4,0.0
697954,2053.0,428.0,164.4,0.0
697972,2068.0,428.0,164.4,0.0
697972,2060.0,428.0,164.4,0.0
697973,2056.0,428.0,164.4,0.0
697973,2069.0,428.0,164.4,0.0
697985,2026.0,428.0,164.4,0.0
697986,2040.0,428.0,164.4,0.0
697986,2026.0,428.0,164.4,0.0
698000,2047.0,428.0,164.4,0.0
698000,2032.0,428.0,164.4,0.0
698000,2028.0,428.0,164.4,0.0
698001,2039.0,428.0,164.4,0.0
698017,2040.0,427.0,164.4,0.0
698017,2041.0,427.0,164.4,0.0
698018,2042.0,427.0,164.4,0.0
698018,2026.0,427.0,164.4,0.0
698032,2057.0,427.0,164.4,0.0
698032,2060.0,427.0,164.4,0.0
698032,2064.0,427.0,164.4,0.0
698049,2059.0,427.0,164.4,0.0
698049,2061.0,427.0,164.4,0.0
698050,2065.0,427.0,164.4,0.0
698050,2066.0,427.0,164.4,0.0
698063,2021.0,427.0,164.4,0.0
698063,2022.0,427.0,164.4,0.0
698063,2011.0,427.0,164.4,0.0
698076,2041.0,427.0,164.4,0.0
698076,2041.0,427.0,164.4,0.0
698076,2039.0,427.0,164.4,0.0
698077,2042.0,427.0,164.4,0.0
698094,2095.0,428.0,164.4,0.0
698095,2052.0,428.0,164.4,0.0
698095,2057.0,428.0,164.4,0.0
698095,2052.0,428.0,164.4,0.0
698109,2052.0,428.0,164.4,0.0
698109,2052.0,428.0,164.4,0.0
698109,2046.0,428.0,164.4,0.0
698122,2026.0,428.0,164.4,0.0
698122,2025.0,428.0,164.4,0.0
698122,2027.0,428.0,164.4,0.0
698122,2031.0,428.0,164.4,0.0
698139,2039.0,428.0,164.4,0.0
698140,2039.0,428.0,164.4,0.0
698140,2027.0,428.0,164.4,0.0
698140,2037.0,428.0,164.4,0.0
698153,2059.0,428.0,164.4,0.0
698154,2045.0,428.0,164.4,0.0
698154,2046.0,428.0,164.4,0.0
698171,2007.0,428.0,164.4,0.0
698171,2030.0,428.0,164.4,0.0
698172,2054.0,428.0,164.4,0.0
698172,2069.0,428.0,164.4,0.0
698185,2034.0,428.0,164.4,0.0
698185,2027.0,428.0,164.4,0.0
698185,2034.0,428.0,164.4,0.0
698199,2033.0,428.0,164.4,0.0
698199,2030.0,428.0,164.4,0.0
698199,2034.0,428.0,164.4,0.0
698199,2039.0,428.0,164.4,0.0
698216,2053.0,428.0,164.4,0.0
698217,2032.0,428.0,164.4,0.0
698217,2042.0,428.0,164.4,0.0
698217,2046.0,428.0,164.4,0.0
698231,2059.0,429.0,164.4,0.0
698231,2046.0,429.0,164.4,0.0
698231,2057.0,429.0,164.4,0.0
698244,2033.0,429.0,164.4,0.0
698244,2043.0,429.0,164.4,0.0
698244,2026.0,429.0,164.4,0.0
698244,2024.0,429.0,164.4,0.0
698261,2033.0,429.0,164.4,0.0
698262,2023.0,429.0,164.4,0.0
698262,2029.0,429.0,164.4,0.0
698262,2029.0,429.0,164.4,0.0
698275,2056.0,429.0,164.4,0.0
698275,2054.0,429.0,164.4,0.0
698275,2038.0,429.0,164.4,0.0
698289,2054.0,429.0,164.4,0.0
698289,2055.0,429.0,164.4,0.0
698289,2049.0,429.0,164.4,0.0
698289,2052.0,429.0,164.4,0.0
698305,2010.0,429.0,164.4,0.0
698306,2035.0,429.0,164.4,0.0
698306,2036.0,429.0,164.4,0.0
698306,2036.0,429.0,164.4,0.0
698320,2030.0,429.0,164.4,0.0
698320,2026.0,429.0,164.4,0.0
698320,2013.0,429.0,164.4,0.0
698338,2038.0,429.0,164.4,0.0
698338,2033.0,429.0,164.4,0.0
698339,2026.0,429.0,164.4,0.0
698339,2034.0,429.0,164.4,0.0
698351,2061.0,429.0,164.4,0.0
698352,2061.0,429.0,164.4,0.0
698352,2057.0,429.0,164.4,0.0
698365,2035.0,429.0,164.4,0.0
698365,2027.0,429.0,164.4,0.0
698365,2033.0,429.0,164.4,0.0
698366,2036.0,429.0,164.4,0.0
698382,2021.0,430.0,164.4,0.0
698383,2012.0,430.0,164.4,0.0
698383,2011.0,430.0,164.4,0.0
698383,2032.0,430.0,164.4,0.0
698395,2032.0,430.0,164.4,0.0
698396,2047.0,430.0,164.4,0.0
698396,2052.0,430.0,164.4,0.0
698410,2061.0,430.0,164.4,0.0
698410,2062.0,430.0,164.4,0.0
698410,2061.0,430.0,164.4,0.0
698410,2043.0,430.0,164.4,0.0
698426,2038.0,430.0,164.4,0.0
698427,2047.0,430.0,164.4,0.0
698427,2039.0,430.0,164.4,0.0
698427,2037.0,430.0,164.4,0.0
698440,2028.0,430.0,164.4,0.0
698441,2033.0,430.0,164.4,0.0
698441,2035.0,430.0,164.4,0.0
698458,2054.0,430.0,164.4,0.0
698459,2045.0,430.0,164.4,0.0
698459,2043.0,430.0,164.4,0.0
698460,2062.0,430.0,164.4,0.0
698472,2058.0,430.0,164.4,0.0
698473,2061.0,430.0,164.4,0.0
698474,2006.0,430.0,164.4,0.0
698474,2021.0,430.0,164.4,0.0
698488,2051.0,430.0,164.4,0.0
698488,2050.0,430.0,164.4,0.0
698489,2054.0,430.0,164.4,0.0
698504,2040.0,430.0,164.4,0.0
698505,2034.0,430.0,164.4,0.0
698505,2033.0,430.0,164.4,0.0
698505,2034.0,430.0,164.4,0.0
698519,2041.0,431.0,164.4,0.0
698519,2037.0,431.0,164.4,0.0
698519,2035.0,431.0,164.4,0.0
698535,2051.0,431.0,164.4,0.0
698535,2056.0,431.0,164.4,0.0
698536,2053.0,431.0,164.4,0.0
698536,2052.0,431.0,164.4,0.0
698549,2061.0,431.0,164.4,0.0
698550,2053.0,431.0,164.4,0.0
698550,2054.0,431.0,164.4,0.0
698563,2024.0,431.0,164.4,0.0
698563,2031.0,431.0,164.4,0.0
698563,2035.0,431.0,164.4,0.0
698563,2020.0,431.0,164.4,0.0
698581,2032.0,431.0,164.4,0.0
698582,2028.0,431.0,164.4,0.0
698582,2030.0,431.0,164.4,0.0
698582,2039.0,431.0,164.4,0.0
698595,2050.0,431.0,164.4,0.0
698595,2052.0,431.0,164.4,0.0
698595,2050.0,431.0,164.4,0.0
698609,2057.0,431.0,164.4,0.0
698609,2057.0,431.0,164.4,0.0
698609,2054.0,431.0,164.4,0.0
698610,2055.0,431.0,164.4,0.0
698626,2041.0,431.0,164.4,0.0
698627,2039.0,431.0,164.4,0.0
698627,2053.0,431.0,164.4,0.0
698627,2036.0,431.0,164.4,0.0
698640,2034.0,431.0,164.4,0.0
698641,2033.0,431.0,164.4,0.0
698641,2037.0,431.0,164.4,0.0
698658,2047.0,432.0,164.4,0.0
698658,2073.0,432.0,164.4,0.0
698659,2037.0,432.0,164.4,0.0
698659,2044.0,432.0,164.4,0.0
698671,2064.0,432.0,164.4,0.0
698672,2060.0,432.0,164.4,0.0
698672,2052.0,432.0,164.4,0.0
698685,2010.0,432.0,164.4,0.0
698685,2028.0,432.0,164.4,0.0
698685,2028.0,432.0,164.4,0.0
698686,2029.0,432.0,164.4,0.0
698703,2034.0,432.0,164.4,0.0
698704,2012.0,432.0,164.4,0.0
698704,2029.0,432.0,164.4,0.0
698704,2027.0,432.0,164.4,0.0
698718,2037.0,433.0,164.4,0.0
698718,2040.0,433.0,164.4,0.0
698719,2039.0,433.0,164.4,0.0
698731,2062.0,433.0,164.4,0.0
698732,2062.0,433.0,164.4,0.0
698732,2088.0,433.0,164.4,0.0
698732,2064.0,433.0,164.4,0.0
698749,2062.0,433.0,164.4,0.0
698749,2063.0,433.0,164.4,0.0
698750,2062.0,433.0,164.4,0.0
698750,2052.0,433.0,164.4,0.0
698763,2023.0,433.0,164.4,0.0
698763,2016.0,433.0,164.4,0.0
698763,2038.0,433.0,164.4,0.0
698780,2021.0,434.0,164.4,0.0
698781,2016.0,434.0,164.4,0.0
698781,2024.0,434.0,164.4,0.0
698781,2016.0,434.0,164.4,0.0
698794,2053.0,434.0,164.4,0.0
698794,2052.0,434.0,164.4,0.0
698795,2054.0,434.0,164.4,0.0
698808,2046.0,434.0,164.4,0.0
698808,2054.0,434.0,164.4,0.0
698809,2057.0,434.0,164.4,0.0
698809,2054.0,434.0,164.4,0.0
698827,2033.0,435.0,164.4,0.0
698827,2040.0,435.0,164.4,0.0
698827,2045.0,435.0,164.4,0.0
698828,2052.0,435.0,164.4,0.0
698840,1987.0,435.0,164.4,0.0
698841,2027.0,435.0,164.4,0.0
698841,2032.0,435.0,164.4,0.0
698853,2066.0,435.0,164.4,0.0
698854,2044.0,435.0,164.4,0.0
698854,2063.0,435.0,164.4,0.0
698854,2055.0,435.0,164.4,0.0
698871,2057.0,436.0,164.4,0.0
698872,2050.0,436.0,164.4,0.0
698872,2075.0,436.0,164.4,0.0
698872,2068.0,436.0,164.4,0.0
698885,2032.0,436.0,164.4,0.0
698885,2026.0,436.0,164.4,0.0
698885,2025.0,436.0,164.4,0.0
698899,2039.0,436.0,164.4,0.0
698899,2041.0,436.0,164.4,0.0
698899,2041.0,436.0,164.4,0.0
698899,2043.0,436.0,164.4,0.0
698916,2055.0,437.0,164.4,0.0
698917,2054.0,437.0,164.4,0.0
698917,2049.0,437.0,164.4,0.0
698917,2058.0,437.0,164.4,0.0
698930,2055.0,437.0,164.4,0.0
698930,2055.0,437.0,164.4,0.0
698930,2055.0,437.0,164.4,0.0
698947,2049.0,437.0,164.4,0.0
698948,2042.0,437.0,164.4,0.0
698948,2037.0,437.0,164.4,0.0
698948,2040.0,437.0,164.4,0.0
698961,2035.0,437.0,164.4,0.0
698961,2025.0,437.0,164.4,0.0
698961,2036.0,437.0,164.4,0.0
698974,2060.0,438.0,164.4,0.0
698974,2067.0,438.0,164.4,0.0
698975,2058.0,438.0,164.4,0.0
698975,2056.0,438.0,164.4,0.0
698992,2071.0,438.0,164.4,0.0
698992,2060.0,438.0,164.4,0.0
698992,2068.0,438.0,164.4,0.0
698992,2072.0,438.0,164.4,0.0
699006,2027.0,438.0,164.4,0.0
699006,2030.0,438.0,164.4,0.0
699007,2032.0,438.0,164.4,0.0
699022,2039.0,438.0,164.4,0.0
699023,2025.0,438.0,164.4,0.0
699023,2028.0,438.0,164.4,0.0
699023,2022.0,438.0,164.4,0.0
699037,2058.0,439.0,164.4,0.0
699037,2052.0,439.0,164.4,0.0
699038,2055.0,439.0,164.4,0.0
699050,2057.0,439.0,164.4,0.0
699050,2054.0,439.0,164.4,0.0
699051,2055.0,439.0,164.4,0.0
699051,2056.0,439.0,164.4,0.0
699069,2053.0,439.0,164.4,0.0
699069,2045.0,439.0,164.4,0.0
699069,2059.0,439.0,164.4,0.0
699070,2057.0,439.0,164.4,0.0
699082,2038.0,439.0,164.4,0.0
699083,2030.0,439.0,164.4,0.0
699083,2029.0,439.0,164.4,0.0
699096,2059.0,440.0,164.4,0.0
699097,2051.0,440.0,164.4,0.0
699097,2053.0,440.0,164.4,0.0
699097,2055.0,440.0,164.4,0.0
699113,2071.0,440.0,164.4,0.0
699113,2067.0,440.0,164.4,0.0
699113,2065.0,440.0,164.4,0.0
699114,2069.0,440.0,164.4,0.0
699127,2036.0,439.0,164.4,0.0
699127,2042.0,439.0,164.4,0.0
699128,2039.0,439.0,164.4,0.0
699144,2021.0,439.0,164.4,0.0
699144,2027.0,439.0,164.4,0.0
699145,2033.0,439.0,164.4,0.0
699145,2033.0,439.0,164.4,0.0
699158,2046.0,439.0,164.4,0.0
699159,2047.0,439.0,164.4,0.0
699159,2042.0,439.0,164.4,0.0
699171,2063.0,439.0,164.4,0.0
699172,2077.0,439.0,164.4,0.0
699172,2074.0,439.0,164.4,0.0
699172,2058.0,439.0,164.4,0.0
699190,2058.0,439.0,164.4,0.0
699191,2073.0,439.0,164.4,0.0
699191,2060.0,439.0,164.4,0.0
699191,2059.0,439.0,164.4,0.0
699204,2025.0,439.0,164.4,0.0
699204,1987.0,439.0,164.4,0.0
699204,2027.0,439.0,164.4,0.0
699218,2049.0,438.0,82.9,0.0
699218,2044.0,438.0,82.9,0.0
699218,2043.0,438.0,82.9,0.0
699219,2048.0,438.0,82.9,0.0
699235,2063.0,438.0,82.9,0.0
699236,2058.0,438.0,82.9,0.0
699236,2052.0,438.0,82.9,0.0
699236,2059.0,438.0,82.9,0.0
699249,2051.0,438.0,82.9,0.0
699249,2046.0,438.0,82.9,0.0
699249,2055.0,438.0,82.9,0.0
699266,2028.0,438.0,82.9,0.0
699266,2035.0,438.0,82.9,0.0
699267,2038.0,438.0,82.9,0.0
699267,2029.0,438.0,82.9,0.0
699279,2036.0,438.0,82.9,0.0
699280,2042.0,438.0,82.9,0.0
699280,2035.0,438.0,82.9,0.0
699293,2070.0,438.0,82.9,0.0
699293,2066.0,438.0,82.9,0.0
699293,2059.0,438.0,82.9,0.0
699294,2069.0,438.0,82.9,0.0
699311,2048.0,438.0,82.9,0.0
699312,2069.0,438.0,82.9,0.0
699312,2069.0,438.0,82.9,0.0
699312,2066.0,438.0,82.9,0.0
699326,2028.0,438.0,82.9,0.0
699326,2025.0,438.0,82.9,0.0
699326,2027.0,438.0,82.9,0.0
699339,2036.0,438.0,82.9,0.0
699339,2039.0,438.0,82.9,0.0
699339,2046.0,438.0,82.9,0.0
699340,2045.0,438.0,82.9,0.0
699356,2069.0,438.0,82.9,0.0
699357,2064.0,438.0,82.9,0.0
699357,2065.0,438.0,82.9,0.0
699357,2084.0,438.0,82.9,0.0
699370,2048.0,438.0,82.9,0.0
699370,2064.0,438.0,82.9,0.0
699370,2050.0,438.0,82.9,0.0
699383,2023.0,438.0,82.9,0.0
699383,2051.0,438.0,82.9,0.0
699383,2029.0,438.0,82.9,0.0
699384,2030.0,438.0,82.9,0.0
699400,2048.0,437.0,82.9,0.0
699401,2033.0,437.0,82.9,0.0
699401,2034.0,437.0,82.9,0.0
699401,2031.0,437.0,82.9,0.0
699415,2074.0,437.0,82.9,0.0
699415,2058.0,437.0,82.9,0.0
699415,2059.0,437.0,82.9,0.0
699431,2060.0,437.0,82.9,0.0
699432,2069.0,437.0,82.9,0.0
699432,2060.0,437.0,82.9,0.0
699432,2059.0,437.0,82.9,0.0
699445,2020.0,438.0,82.9,0.0
699446,2036.0,438.0,82.9,0.0
699446,2039.0,438.0,82.9,0.0
699459,2050.0,437.0,82.9,0.0
699459,2043.0,437.0,82.9,0.0
699459,2045.0,437.0,82.9,0.0
699459,2047.0,437.0,82.9,0.0
699476,2060.0,437.0,82.9,0.0
699477,2056.0,437.0,82.9,0.0
699477,2054.0,437.0,82.9,0.0
699477,2057.0,437.0,82.9,0.0
699490,2057.0,437.0,82.9,0.0
699490,2044.0,437.0,82.9,0.0
699490,2058.0,437.0,82.9,0.0
699504,2032.0,437.0,82.9,0.0
699504,2028.0,437.0,82.9,0.0
699504,2037.0,437.0,82.9,0.0
699505,2028.0,437.0,82.9,0.0
699520,2039.0,437.0,82.9,0.0
699521,2037.0,437.0,82.9,0.0
699521,2052.0,437.0,82.9,0.0
699521,2039.0,437.0,82.9,0.0
699535,2061.0,437.0,82.9,0.0
699535,2057.0,437.0,82.9,0.0
699535,2059.0,437.0,82.9,0.0
699552,2054.0,437.0,82.9,0.0
699552,2065.0,437.0,82.9,0.0
699552,2067.0,437.0,82.9,0.0
699552,2060.0,437.0,82.9,0.0
699566,2026.0,437.0,82.9,0.0
699566,2031.0,437.0,82.9,0.0
699567,2036.0,437.0,82.9,0.0
699579,2052.0,437.0,82.9,0.0
699580,2051.0,437.0,82.9,0.0
699580,2036.0,437.0,82.9,0.0
699580,2042.0,437.0,82.9,0.0
699597,2045.0,437.0,82.9,0.0
699597,2053.0,437.0,82.9,0.0
699597,2053.0,437.0,82.9,0.0
699598,2057.0,437.0,82.9,0.0
699610,2049.0,437.0,82.9,0.0
699610,2076.0,437.0,82.9,0.0
699611,2059.0,437.0,82.9,0.0
699624,2043.0,436.0,82.9,0.0
699625,2034.0,436.0,82.9,0.0
699625,2037.0,436.0,82.9,0.0
699625,2036.0,436.0,82.9,0.0
699641,2033.0,436.0,82.9,0.0
699641,2034.0,436.0,82.9,0.0
699641,2057.0,436.0,82.9,0.0
699641,2040.0,436.0,82.9,0.0
699655,2063.0,436.0,82.9,0.0
699655,2056.0,436.0,82.9,0.0
699656,2042.0,436.0,82.9,0.0
699672,2060.0,436.0,82.9,0.0
699672,2052.0,436.0,82.9,0.0
699672,2063.0,436.0,82.9,0.0
699672,2057.0,436.0,82.9,0.0
699686,2024.0,436.0,82.9,0.0
699686,2034.0,436.0,82.9,0.0
699687,2028.0,436.0,82.9,0.0
699699,2042.0,436.0,82.9,0.0
699700,2039.0,436.0,82.9,0.0
699700,2043.0,436.0,82.9,0.0
699700,2053.0,436.0,82.9,0.0
699717,2064.0,435.0,82.9,0.0
699717,2056.0,435.0,82.9,0.0
699717,2055.0,435.0,82.9,0.0
699717,2056.0,435.0,82.9,0.0
699730,2061.0,435.0,82.9,0.0
699730,2056.0,435.0,82.9,0.0
699731,2036.0,435.0,82.9,0.0
699744,2028.0,436.0,82.9,0.0
699744,2027.0,436.0,82.9,0.0
699745,2026.0,436.0,82.9,0.0
699745,2015.0,436.0,82.9,0.0
699761,2036.0,436.0,82.9,0.0
699761,2039.0,436.0,82.9,0.0
699761,2041.0,436.0,82.9,0.0
699761,2039.0,436.0,82.9,0.0
699775,2057.0,435.0,91.9,0.0
699775,2059.0,435.0,91.9,0.0
699775,2059.0,435.0,91.9,0.0
699791,2059.0,435.0,91.9,0.0
699792,2063.0,435.0,91.9,0.0
699792,2073.0,435.0,91.9,0.0
699792,2059.0,435.0,91.9,0.0
699806,2028.0,434.0,91.9,0.0
699806,2042.0,434.0,91.9,0.0
699806,2028.0,434.0,91.9,0.0
699819,2052.0,434.0,91.9,0.0
699819,2040.0,434.0,91.9,0.0
699820,2043.0,434.0,91.9,0.0
699820,2053.0,434.0,91.9,0.0
699836,2062.0,434.0,91.9,0.0
699837,2061.0,434.0,91.9,0.0
699837,2065.0,434.0,91.9,0.0
699837,2060.0,434.0,91.9,0.0
699850,2055.0,433.0,91.9,0.0
699850,2046.0,433.0,91.9,0.0
699850,2035.0,433.0,91.9,0.0
699864,2033.0,434.0,91.9,0.0
699864,2028.0,434.0,91.9,0.0
699864,2034.0,434.0,91.9,0.0
699865,2028.0,434.0,91.9,0.0
699880,2045.0,433.0,91.9,0.0
699881,2042.0,433.0,91.9,0.0
699881,2035.0,433.0,91.9,0.0
699881,2047.0,433.0,91.9,0.0
699895,2062.0,433.0,91.9,0.0
699895,2060.0,433.0,91.9,0.0
699895,2054.0,433.0,91.9,0.0
699911,2058.0,433.0,91.9,0.0
699912,2059.0,433.0,91.9,0.0
699912,2060.0,433.0,91.9,0.0
699912,2061.0,433.0,91.9,0.0
699926,2026.0,432.0,91.9,0.0
699926,2024.0,432.0,91.9,0.0
699926,2030.0,432.0,91.9,0.0
699939,2053.0,432.0,91.9,0.0
699939,2058.0,432.0,91.9,0.0
699939,2050.0,432.0,91.9,0.0
699940,2045.0,432.0,91.9,0.0
699957,2063.0,431.0,91.9,0.0
699958,2065.0,431.0,91.9,0.0
699958,2055.0,431.0,91.9,0.0
699958,2073.0,431.0,91.9,0.0
699971,2046.0,431.0,91.9,0.0
699971,2054.0,431.0,91.9,0.0
699971,2036.0,431.0,91.9,0.0
699988,2035.0,431.0,91.9,0.0
699989,2036.0,431.0,91.9,0.0
699989,2053.0,431.0,91.9,0.0
699989,2038.0,431.0,91.9,0.0
700003,2028.0,430.0,91.9,0.0
700004,2024.0,430.0,91.9,0.0
700004,2023.0,430.0,91.9,0.0
700004,2024.0,430.0,91.9,0.0
700020,2041.0,430.0,91.9,0.0
700020,2040.0,430.0,91.9,0.0
700020,2042.0,430.0,91.9,0.0
700020,2035.0,430.0,91.9,0.0
700034,2068.0,430.0,91.9,0.0
700034,2066.0,430.0,91.9,0.0
700035,2058.0,430.0,91.9,0.0
700047,2029.0,430.0,91.9,0.0
700048,2054.0,430.0,91.9,0.0
700048,2040.0,430.0,91.9,0.0
700048,2029.0,430.0,91.9,0.0
700065,2024.0,430.0,91.9,0.0
700066,2030.0,430.0,91.9,0.0
700066,2028.0,430.0,91.9,0.0
700066,2027.0,430.0,91.9,0.0
700079,2051.0,429.0,91.9,0.0
700079,2035.0,429.0,91.9,0.0
700079,2038.0,429.0,91.9,0.0
700097,2073.0,430.0,91.9,0.0
700097,2063.0,430.0,91.9,0.0
700097,2061.0,430.0,91.9,0.0
700098,2066.0,430.0,91.9,0.0
700112,2051.0,429.0,91.9,0.0
700112,2060.0,429.0,91.9,0.0
700112,2053.0,429.0,91.9,0.0
700112,2045.0,429.0,91.9,0.0
700125,2024.0,429.0,91.9,0.0
700125,2020.0,429.0,91.9,0.0
700126,2022.0,429.0,91.9,0.0
700142,2038.0,429.0,91.9,0.0
700143,2034.0,429.0,91.9,0.0
700143,2038.0,429.0,91.9,0.0
700143,2031.0,429.0,91.9,0.0
700156,2061.0,429.0,91.9,0.0
700156,2038.0,429.0,91.9,0.0
700156,2052.0,429.0,91.9,0.0
700169,2026.0,429.0,91.9,0.0
700169,2044.0,429.0,91.9,0.0
700169,2040.0,429.0,91.9,0.0
700170,2044.0,429.0,91.9,0.0
700186,2026.0,429.0,91.9,0.0
700187,2031.0,429.0,91.9,0.0
700187,2028.0,429.0,91.9,0.0
700187,2024.0,429.0,91.9,0.0
700200,2038.0,429.0,91.9,0.0
700200,2038.0,429.0,91.9,0.0
700201,2035.0,429.0,91.9,0.0
700217,2069.0,429.0,91.9,0.0
700218,2056.0,429.0,91.9,0.0
700218,2044.0,429.0,91.9,0.0
700218,2060.0,429.0,91.9,0.0
700232,2058.0,430.0,91.9,0.0
700232,2059.0,430.0,91.9,0.0
700233,2056.0,430.0,91.9,0.0
700233,2058.0,430.0,91.9,0.0
700246,2022.0,430.0,91.9,0.0
700246,2032.0,430.0,91.9,0.0
700247,2026.0,430.0,91.9,0.0
700264,2036.0,430.0,91.9,0.0
700264,2034.0,430.0,91.9,0.0
700264,2033.0,430.0,91.9,0.0
700264,2028.0,430.0,91.9,0.0
700277,2064.0,430.0,91.9,0.0
700278,2050.0,430.0,91.9,0.0
700278,2034.0,430.0,91.9,0.0
700291,2056.0,430.0,91.9,0.0
700292,2060.0,430.0,91.9,0.0
700292,2045.0,430.0,91.9,0.0
700292,2062.0,430.0,91.9,0.0
700308,2034.0,430.0,91.9,0.0
700308,2036.0,430.0,91.9,0.0
700308,2028.0,430.0,91.9,0.0
700309,2035.0,430.0,91.9,0.0
700322,2036.0,430.0,91.9,0.0
700322,2022.0,430.0,91.9,0.0
700323,2038.0,430.0,91.9,0.0
700339,2063.0,430.0,91.9,0.0
700339,2053.0,430.0,91.9,0.0
700339,2048.0,430.0,91.9,0.0
700339,2043.0,430.0,91.9,0.0
700353,2064.0,430.0,91.9,0.0
700353,2062.0,430.0,91.9,0.0
700354,2061.0,430.0,91.9,0.0
700366,2010.0,430.0,91.9,0.0
700366,2016.0,430.0,91.9,0.0
700367,2029.0,430.0,91.9,0.0
700367,2034.0,430.0,91.9,0.0
700384,2032.0,430.0,91.9,0.0
700384,2034.0,430.0,91.9,0.0
700384,2027.0,430.0,91.9,0.0
700385,2031.0,430.0,91.9,0.0
700397,2053.0,430.0,107.7,0.0
700398,2065.0,430.0,107.7,0.0
700398,2058.0,430.0,107.7,0.0
700415,2075.0,430.0,107.7,0.0
700416,2062.0,430.0,107.7,0.0
700416,2058.0,430.0,107.7,0.0
700416,2059.0,430.0,107.7,0.0
700428,2036.0,430.0,107.7,0.0
700429,2032.0,430.0,107.7,0.0
700429,2036.0,430.0,107.7,0.0
700443,2034.0,431.0,107.7,0.0
700443,2033.0,431.0,107.7,0.0
700443,2052.0,431.0,107.7,0.0
700443,2017.0,431.0,107.7,0.0
700461,2056.0,431.0,107.7,0.0
700462,2035.0,431.0,107.7,0.0
700462,2038.0,431.0,107.7,0.0
700462,2066.0,431.0,107.7,0.0
700475,2069.0,431.0,107.7,0.0
700475,2058.0,431.0,107.7,0.0
700475,2058.0,431.0,107.7,0.0
700488,2022.0,431.0,107.7,0.0
700488,2037.0,431.0,107.7,0.0
700488,2027.0,431.0,107.7,0.0
700489,2037.0,431.0,107.7,0.0
700505,2024.0,431.0,107.7,0.0
700506,2024.0,431.0,107.7,0.0
700506,2033.0,431.0,107.7,0.0
700506,2042.0,431.0,107.7,0.0
700519,2025.0,431.0,107.7,0.0
700519,2045.0,431.0,107.7,0.0
700519,2033.0,431.0,107.7,0.0
700533,2059.0,431.0,107.7,0.0
700533,2061.0,431.0,107.7,0.0
700534,2062.0,431.0,107.7,0.0
700534,2058.0,431.0,107.7,0.0
700551,2054.0,431.0,107.7,0.0
700551,2055.0,431.0,107.7,0.0
700551,2056.0,431.0,107.7,0.0
700551,2056.0,431.0,107.7,0.0
700564,2036.0,431.0,107.7,0.0
700565,2024.0,431.0,107.7,0.0
700565,2034.0,431.0,107.7,0.0
700582,2038.0,431.0,107.7,0.0
700582,2040.0,431.0,107.7,0.0
700582,2036.0,431.0,107.7,0.0
700583,2034.0,431.0,107.7,0.0
700595,2061.0,431.0,107.7,0.0
700596,2058.0,431.0,107.7,0.0
700596,2071.0,431.0,107.7,0.0
700608,2035.0,431.0,107.7,0.0
700609,2034.0,431.0,107.7,0.0
700609,2039.0,431.0,107.7,0.0
700609,2033.0,431.0,107.7,0.0
700626,2021.0,431.0,107.7,0.0
700626,2027.0,431.0,107.7,0.0
700627,2035.0,431.0,107.7,0.0
700627,2024.0,431.0,107.7,0.0
700640,2041.0,431.0,107.7,0.0
700641,2040.0,431.0,107.7,0.0
700641,2039.0,431.0,107.7,0.0
700657,2062.0,431.0,107.7,0.0
700657,2054.0,431.0,107.7,0.0
700657,2055.0,431.0,107.7,0.0
700657,2067.0,431.0,107.7,0.0
700671,2045.0,431.0,107.7,0.0
700672,2056.0,431.0,107.7,0.0
700672,2052.0,431.0,107.7,0.0
700684,2028.0,431.0,107.7,0.0
700685,2034.0,431.0,107.7,0.0
700685,2027.0,431.0,107.7,0.0
700685,2035.0,431.0,107.7,0.0
700703,2031.0,432.0,107.7,0.0
700704,2025.0,432.0,107.7,0.0
700704,2034.0,432.0,107.7,0.0
700704,2028.0,432.0,107.7,0.0
700717,2086.0,432.0,137.1,0.0
700718,2074.0,432.0,137.1,0.0
700718,2056.0,432.0,137.1,0.0
700731,2042.0,431.0,137.1,0.0
700732,2045.0,431.0,137.1,0.0
700732,2043.0,431.0,137.1,0.0
700732,2042.0,431.0,137.1,0.0
700748,2032.0,431.0,137.1,0.0
700748,2037.0,431.0,137.1,0.0
700749,2037.0,431.0,137.1,0.0
700749,2033.0,431.0,137.1,0.0
700762,2031.0,431.0,137.1,0.0
700763,2024.0,431.0,137.1,0.0
700763,2005.0,431.0,137.1,0.0
700780,2059.0,432.0,137.1,0.0
700780,2050.0,432.0,137.1,0.0
700780,2048.0,432.0,137.1,0.0
700780,2044.0,432.0,137.1,0.0
700793,2063.0,432.0,137.1,0.0
700794,2067.0,432.0,137.1,0.0
700794,2059.0,432.0,137.1,0.0
700806,2019.0,432.0,137.1,0.0
700807,2031.0,432.0,137.1,0.0
700807,2030.0,432.0,137.1,0.0
700807,2014.0,432.0,137.1,0.0
700825,2036.0,433.0,137.1,0.0
700825,2033.0,433.0,137.1,0.0
700826,2055.0,433.0,137.1,0.0
700826,2032.0,433.0,137.1,0.0
700839,2045.0,433.0,137.1,0.0
700840,2036.0,433.0,137.1,0.0
700840,2042.0,433.0,137.1,0.0
700853,2061.0,433.0,137.1,0.0
700853,2071.0,433.0,137.1,0.0
700853,2062.0,433.0,137.1,0.0
700854,2067.0,433.0,137.1,0.0
700870,2042.0,434.0,137.1,0.0
700871,2048.0,434.0,137.1,0.0
700871,2049.0,434.0,137.1,0.0
700871,2050.0,434.0,137.1,0.0
700884,2024.0,434.0,137.1,0.0
700884,2027.0,434.0,137.1,0.0
700885,2025.0,434.0,137.1,0.0
700897,2070.0,434.0,137.1,0.0
700898,2023.0,434.0,137.1,0.0
700898,2049.0,434.0,137.1,0.0
700898,2062.0,434.0,137.1,0.0
700915,2068.0,435.0,137.1,0.0
700915,2063.0,435.0,137.1,0.0
700915,2042.0,435.0,137.1,0.0
700915,2066.0,435.0,137.1,0.0
700929,2029.0,436.0,137.1,0.0
700929,2034.0,436.0,137.1,0.0
700930,2035.0,436.0,137.1,0.0
700945,2028.0,436.0,137.1,0.0
700946,2011.0,436.0,137.1,0.0
700946,2015.0,436.0,137.1,0.0
700946,2025.0,436.0,137.1,0.0
700960,2073.0,437.0,137.1,0.0
700960,2044.0,437.0,137.1,0.0
700960,2043.0,437.0,137.1,0.0
700973,2059.0,437.0,137.1,0.0
700973,2060.0,437.0,137.1,0.0
700974,2058.0,437.0,137.1,0.0
700974,2056.0,437.0,137.1,0.0
700991,2054.0,437.0,137.1,0.0
700991,2049.0,437.0,137.1,0.0
700991,2057.0,437.0,137.1,0.0
700992,2052.0,437.0,137.1,0.0
701004,2021.0,437.0,137.1,0.0
701005,2027.0,437.0,137.1,0.0
701005,2025.0,437.0,137.1,0.0
701022,2038.0,438.0,137.1,0.0
701022,2038.0,438.0,137.1,0.0
701022,2029.0,438.0,137.1,0.0
701023,2039.0,438.0,137.1,0.0
701035,2062.0,438.0,150.6,0.0
701036,2060.0,438.0,150.6,0.0
701036,2064.0,438.0,150.6,0.0
701049,2031.0,438.0,150.6,0.0
701050,2038.0,438.0,150.6,0.0
701050,2039.0,438.0,150.6,0.0
701050,2043.0,438.0,150.6,0.0
701067,2022.0,439.0,150.6,0.0
701067,2025.0,439.0,150.6,0.0
701067,2029.0,439.0,150.6,0.0
701068,2029.0,439.0,150.6,0.0
701081,2041.0,439.0,150.6,0.0
701082,2037.0,439.0,150.6,0.0
701082,2046.0,439.0,150.6,0.0
701094,2056.0,439.0,150.6,0.0
701095,2062.0,439.0,150.6,0.0
701095,2059.0,439.0,150.6,0.0
701095,2097.0,439.0,150.6,0.0
701112,2054.0,439.0,150.6,0.0
701112,2073.0,439.0,150.6,0.0
701112,2058.0,439.0,150.6,0.0
701113,2054.0,439.0,150.6,0.0
701125,2032.0,439.0,150.6,0.0
701126,2011.0,439.0,150.6,0.0
701126,2031.0,439.0,150.6,0.0
701143,2043.0,440.0,150.6,0.0
701143,2024.0,440.0,150.6,0.0
701143,2026.0,440.0,150.6,0.0
701144,2038.0,440.0,150.6,0.0
701156,2060.0,440.0,150.6,0.0
701157,2065.0,440.0,150.6,0.0
701157,2056.0,440.0,150.6,0.0
701171,2039.0,440.0,150.6,0.0
701171,2043.0,440.0,150.6,0.0
701171,2043.0,440.0,150.6,0.0
701172,2042.0,440.0,150.6,0.0
701189,2028.0,440.0,150.6,0.0
701190,2036.0,440.0,150.6,0.0
701190,2042.0,440.0,150.6,0.0
701190,2041.0,440.0,150.6,0.0
701203,2034.0,440.0,150.6,0.0
701203,2032.0,440.0,150.6,0.0
701203,2032.0,440.0,150.6,0.0
701216,2070.0,439.0,150.6,0.0
701216,2064.0,439.0,150.6,0.0
701216,2067.0,439.0,150.6,0.0
701217,2060.0,439.0,150.6,0.0
701234,2071.0,439.0,150.6,0.0
701234,2061.0,439.0,150.6,0.0
701234,2064.0,439.0,150.6,0.0
701234,2060.0,439.0,150.6,0.0
701248,2022.0,439.0,150.6,0.0
701248,2026.0,439.0,150.6,0.0
701248,2029.0,439.0,150.6,0.0
701264,2036.0,439.0,150.6,0.0
701265,2036.0,439.0,150.6,0.0
701265,2033.0,439.0,150.6,0.0
701265,2036.0,439.0,150.6,0.0
701279,2037.0,439.0,150.6,0.0
701279,2050.0,439.0,150.6,0.0
701279,2052.0,439.0,150.6,0.0
701292,2051.0,439.0,150.6,0.0
701292,2058.0,439.0,150.6,0.0
701292,2059.0,439.0,150.6,0.0
701293,2058.0,439.0,150.6,0.0
701311,2036.0,439.0,150.6,0.0
701311,2041.0,439.0,150.6,0.0
701312,2062.0,439.0,150.6,0.0
701312,2056.0,439.0,150.6,0.0
701325,2030.0,439.0,150.6,0.0
701326,2024.0,439.0,150.6,0.0
701326,2024.0,439.0,150.6,0.0
701339,2051.0,439.0,150.6,0.0
701340,2054.0,439.0,150.6,0.0
701340,2054.0,439.0,150.6,0.0
701340,2052.0,439.0,150.6,0.0
701356,2063.0,439.0,150.6,0.0
701356,2062.0,439.0,150.6,0.0
701356,2062.0,439.0,150.6,0.0
701357,2069.0,439.0,187.8,0.0
701370,2029.0,439.0,187.8,0.0
701370,2038.0,439.0,187.8,0.0
701371,2041.0,439.0,187.8,0.0
701387,2014.0,439.0,187.8,0.0
701388,2023.0,439.0,187.8,0.0
701388,2028.0,439.0,187.8,0.0
701388,2025.0,439.0,187.8,0.0
701401,2051.0,438.0,187.8,0.0
701401,2045.0,438.0,187.8,0.0
701401,2037.0,438.0,187.8,0.0
701414,2069.0,438.0,187.8,0.0
701414,2061.0,438.0,187.8,0.0
701415,2059.0,438.0,187.8,0.0
701415,2052.0,438.0,187.8,0.0
701433,2054.0,439.0,187.8,0.0
701433,2054.0,439.0,187.8,0.0
701433,2058.0,439.0,187.8,0.0
701434,2058.0,439.0,187.8,0.0
701447,2028.0,439.0,187.8,0.0
701447,2017.0,439.0,187.8,0.0
701448,2024.0,439.0,187.8,0.0
701460,2054.0,439.0,187.8,0.0
701461,2037.0,439.0,187.8,0.0
701461,2053.0,439.0,187.8,0.0
701461,2043.0,439.0,187.8,0.0
701479,2062.0,439.0,187.8,0.0
701479,2053.0,439.0,187.8,0.0
701479,2053.0,439.0,187.8,0.0
701480,2053.0,439.0,187.8,0.0
701492,2048.0,439.0,187.8,0.0
701493,2055.0,439.0,187.8,0.0
701493,2058.0,439.0,187.8,0.0
701510,2032.0,438.0,187.8,0.0
701510,2036.0,438.0,187.8,0.0
701510,2042.0,438.0,187.8,0.0
701510,2041.0,438.0,187.8,0.0
701523,2036.0,438.0,187.8,0.0
701523,2029.0,438.0,187.8,0.0
701524,2029.0,438.0,187.8,0.0
701537,2063.0,438.0,187.8,0.0
701538,2056.0,438.0,187.8,0.0
701538,2056.0,438.0,187.8,0.0
701538,2073.0,438.0,187.8,0.0
701555,2063.0,438.0,187.8,0.0
701555,2061.0,438.0,187.8,0.0
701556,2059.0,438.0,187.8,0.0
701556,2060.0,438.0,187.8,0.0
701569,2023.0,438.0,187.8,0.0
701570,2032.0,438.0,187.8,0.0
701570,2033.0,438.0,187.8,0.0
701582,2045.0,438.0,187.8,0.0
701583,2021.0,438.0,187.8,0.0
701583,2050.0,438.0,187.8,0.0
701584,2016.0,438.0,187.8,0.0
701601,2063.0,438.0,187.8,0.0
701601,2056.0,438.0,187.8,0.0
701602,2042.0,438.0,187.8,0.0
701602,2059.0,438.0,187.8,0.0
701614,2062.0,438.0,187.8,0.0
701615,2058.0,438.0,187.8,0.0
701615,2058.0,438.0,187.8,0.0
701632,2048.0,438.0,187.8,0.0
701632,2040.0,438.0,187.8,0.0
701633,2056.0,438.0,187.8,0.0
701633,2047.0,438.0,187.8,0.0
701646,2009.0,438.0,187.8,0.0
701647,2011.0,438.0,187.8,0.0
701647,2035.0,438.0,187.8,0.0
701663,2045.0,438.0,187.8,0.0
701663,2039.0,438.0,187.8,0.0
701663,2053.0,438.0,187.8,0.0
701663,2042.0,438.0,187.8,0.0
701677,2069.0,437.0,187.5,0.0
701677,2061.0,437.0,187.5,0.0
701678,2067.0,437.0,187.5,0.0
701690,2030.0,437.0,187.5,0.0
701690,2035.0,437.0,187.5,0.0
701691,2027.0,437.0,187.5,0.0
701691,2036.0,437.0,187.5,0.0
701707,2030.0,437.0,187.5,0.0
701708,2035.0,437.0,187.5,0.0
701708,2028.0,437.0,187.5,0.0
701708,2031.0,437.0,187.5,0.0
701721,2038.0,437.0,187.5,0.0
701721,2039.0,437.0,187.5,0.0
701722,2047.0,437.0,187.5,0.0
701739,2059.0,437.0,187.5,0.0
701740,2055.0,437.0,187.5,0.0
701740,2168.0,437.0,187.5,0.0
701740,2049.0,437.0,187.5,0.0
701753,2044.0,437.0,187.5,0.0
701753,2063.0,437.0,187.5,0.0
701753,2055.0,437.0,187.5,0.0
701767,2023.0,437.0,187.5,0.0
701767,2026.0,437.0,187.5,0.0
701767,2028.0,437.0,187.5,0.0
701767,2027.0,437.0,187.5,0.0
701783,2041.0,436.0,187.5,0.0
701784,2036.0,436.0,187.5,0.0
701784,2038.0,436.0,187.5,0.0
701784,2040.0,436.0,187.5,0.0
701797,2065.0,436.0,187.5,0.0
701798,2064.0,436.0,187.5,0.0
701798,2057.0,436.0,187.5,0.0
701814,2063.0,436.0,187.5,0.0
701814,2065.0,436.0,187.5,0.0
701814,2062.0,436.0,187.5,0.0
701815,2057.0,436.0,187.5,0.0
701828,2012.0,435.0,187.5,0.0
701829,2028.0,435.0,187.5,0.0
701829,2018.0,435.0,187.5,0.0
701841,2067.0,435.0,187.5,0.0
701842,2039.0,435.0,187.5,0.0
701842,2039.0,435.0,187.5,0.0
701842,2044.0,435.0,187.5,0.0
701860,2060.0,435.0,187.5,0.0
701861,2054.0,435.0,187.5,0.0
701861,2054.0,435.0,187.5,0.0
701861,2058.0,435.0,187.5,0.0
701874,2058.0,435.0,187.5,0.0
701874,2066.0,435.0,187.5,0.0
701874,2058.0,435.0,187.5,0.0
701888,2020.0,434.0,187.5,0.0
701888,2023.0,434.0,187.5,0.0
701888,2029.0,434.0,187.5,0.0
701889,2027.0,434.0,187.5,0.0
701905,2036.0,433.0,187.5,0.0
701906,2032.0,433.0,187.5,0.0
701906,2040.0,433.0,187.5,0.0
701906,2033.0,433.0,187.5,0.0
701919,2057.0,433.0,187.5,0.0
701919,2054.0,433.0,187.5,0.0
701919,2050.0,433.0,187.5,0.0
701936,2067.0,432.0,187.5,0.0
701937,2071.0,432.0,187.5,0.0
701937,2068.0,432.0,187.5,0.0
701937,2067.0,432.0,187.5,0.0
701950,2019.0,432.0,187.5,0.0
701950,2040.0,432.0,187.5,0.0
701950,2031.0,432.0,187.5,0.0
701963,2040.0,432.0,187.5,0.0
701963,2037.0,432.0,187.5,0.0
701963,2040.0,432.0,187.5,0.0
701981,2070.0,431.0,187.5,0.0
701982,2048.0,431.0,187.5,0.0
701982,2037.0,431.0,187.5,0.0
701982,2058.0,431.0,187.5,0.0
701996,2055.0,430.0,187.5,0.0
701996,2060.0,430.0,187.5,0.0
701996,2062.0,430.0,187.5,0.0
702009,2027.0,430.0,187.5,0.0
702009,2015.0,430.0,187.5,0.0
702010,2025.0,430.0,187.5,0.0
702010,2029.0,430.0,187.5,0.0
702026,2027.0,429.0,187.5,0.0
702027,2030.0,429.0,187.5,0.0
702027,2028.0,429.0,187.5,0.0
702027,2029.0,429.0,187.5,0.0
702040,2053.0,429.0,187.5,0.0
702040,2047.0,429.0,187.5,0.0
702041,2064.0,429.0,187.5,0.0
702053,2054.0,429.0,187.5,0.0
702053,2055.0,429.0,187.5,0.0
702054,2054.0,429.0,187.5,0.0
702054,2058.0,429.0,187.5,0.0
702071,2045.0,429.0,187.5,0.0
702071,2036.0,429.0,187.5,0.0
702071,2032.0,429.0,187.5,0.0
702071,2034.0,429.0,187.5,0.0
702085,2029.0,428.0,187.5,0.0
702085,2030.0,428.0,187.5,0.0
702085,2028.0,428.0,187.5,0.0
702101,2051.0,428.0,187.5,0.0
702102,2052.0,428.0,187.5,0.0
702102,2050.0,428.0,187.5,0.0
702102,2055.0,428.0,187.5,0.0
702116,2065.0,428.0,187.5,0.0
702116,2072.0,428.0,187.5,0.0
702116,2064.0,428.0,187.5,0.0
702129,2026.0,428.0,187.5,0.0
702129,2018.0,428.0,187.5,0.0
702129,2029.0,428.0,187.5,0.0
702130,2026.0,428.0,187.5,0.0
702147,2033.0,428.0,187.5,0.0
702147,2030.0,428.0,187.5,0.0
702147,2033.0,428.0,187.5,0.0
702147,2029.0,428.0,187.5,0.0
702160,2056.0,428.0,187.5,0.0
702160,2063.0,428.0,187.5,0.0
702161,2053.0,428.0,187.5,0.0
702173,2052.0,428.0,187.5,0.0
702174,2053.0,428.0,187.5,0.0
702174,2044.0,428.0,187.5,0.0
702174,2052.0,428.0,187.5,0.0
702191,2030.0,427.0,187.5,0.0
702191,2036.0,427.0,187.5,0.0
702191,2047.0,427.0,187.5,0.0
702191,2031.0,427.0,187.5,0.0
702205,2033.0,427.0,187.5,0.0
702205,2036.0,427.0,187.5,0.0
702205,2047.0,427.0,187.5,0.0
702221,2062.0,427.0,187.5,0.0
702222,2044.0,427.0,187.5,0.0
702222,2044.0,427.0,187.5,0.0
702222,2047.0,427.0,187.5,0.0
702236,2065.0,428.0,187.5,0.0
702236,2072.0,428.0,187.5,0.0
702236,2058.0,428.0,187.5,0.0
702249,2019.0,428.0,187.5,0.0
702249,2030.0,428.0,187.5,0.0
702250,2030.0,428.0,187.5,0.0
702250,2026.0,428.0,187.5,0.0
702267,2033.0,428.0,187.5,0.0
702267,2028.0,428.0,187.5,0.0
702267,2034.0,428.0,187.5,0.0
702267,2030.0,428.0,187.5,0.0
702280,2132.0,428.0,187.5,0.0
702280,2050.0,428.0,187.5,0.0
702281,2049.0,428.0,187.5,0.0
702294,2065.0,428.0,187.5,0.0
702295,2057.0,428.0,187.5,0.0
702295,2056.0,428.0,187.5,0.0
702295,2052.0,428.0,187.5,0.0
702311,2030.0,428.0,187.5,0.0
702311,2046.0,428.0,187.5,0.0
702311,2039.0,428.0,187.5,0.0
702311,2032.0,428.0,187.5,0.0
702325,2026.0,428.0,187.5,0.0
702325,2027.0,428.0,187.5,0.0
702326,2041.0,428.0,187.5,0.0
702342,2056.0,428.0,187.5,0.0
702342,2042.0,428.0,187.5,0.0
702342,2044.0,428.0,187.5,0.0
702343,2049.0,428.0,187.5,0.0
702356,2066.0,428.0,187.5,0.0
702357,2069.0,428.0,187.5,0.0
702357,2066.0,428.0,187.5,0.0
702369,2019.0,428.0,187.5,0.0
702370,2048.0,428.0,187.5,0.0
702370,2028.0,428.0,187.5,0.0
702370,2024.0,428.0,187.5,0.0
702387,2022.0,428.0,187.5,0.0
702387,2021.0,428.0,187.5,0.0
702388,2026.0,428.0,187.5,0.0
702388,2031.0,428.0,187.5,0.0
702400,2058.0,428.0,187.5,0.0
702401,2043.0,428.0,187.5,0.0
702401,2049.0,428.0,187.5,0.0
702415,2063.0,429.0,187.5,0.0
702415,2049.0,429.0,187.5,0.0
702415,2059.0,429.0,187.5,0.0
702415,2055.0,429.0,187.5,0.0
702431,2036.0,429.0,187.5,0.0
702432,2041.0,429.0,187.5,0.0
702432,2048.0,429.0,187.5,0.0
702432,2039.0,429.0,187.5,0.0
702445,2028.0,429.0,187.5,0.0
702446,2032.0,429.0,187.5,0.0
702446,2031.0,429.0,187.5,0.0
702462,2056.0,429.0,187.5,0.0
702463,2038.0,429.0,187.5,0.0
702463,2043.0,429.0,187.5,0.0
702463,2039.0,429.0,187.5,0.0
702476,2059.0,429.0,187.5,0.0
702477,2059.0,429.0,187.5,0.0
702477,2057.0,429.0,187.5,0.0
702490,2018.0,429.0,187.5,0.0
702490,2028.0,429.0,187.5,0.0
702490,2044.0,429.0,187.5,0.0
702490,2035.0,429.0,187.5,0.0
702507,2032.0,429.0,187.5,0.0
702507,2027.0,429.0,187.5,0.0
702508,2030.0,429.0,187.5,0.0
702508,2032.0,429.0,187.5,0.0
702520,2059.0,429.0,187.5,0.0
702521,2042.0,429.0,187.5,0.0
702521,2046.0,429.0,187.5,0.0
702534,2061.0,430.0,187.5,0.0
702535,2061.0,430.0,187.5,0.0
702535,2052.0,430.0,187.5,0.0
702535,2059.0,430.0,187.5,0.0
702551,2028.0,430.0,187.5,0.0
702551,2032.0,430.0,187.5,0.0
702552,2037.0,430.0,187.5,0.0
702552,2034.0,430.0,187.5,0.0
702565,2023.0,430.0,187.5,0.0
702566,2026.0,430.0,187.5,0.0
702566,2029.0,430.0,187.5,0.0
702582,2058.0,430.0,187.5,0.0
702582,2051.0,430.0,187.5,0.0
702582,2053.0,430.0,187.5,0.0
702583,2046.0,430.0,187.5,0.0
702596,2056.0,430.0,187.5,0.0
702597,2062.0,430.0,187.5,0.0
702597,2051.0,430.0,187.5,0.0
702609,2005.0,430.0,187.5,0.0
702610,2041.0,430.0,187.5,0.0
702610,2037.0,430.0,187.5,0.0
702610,2027.0,430.0,187.5,0.0
702627,2034.0,430.0,187.5,0.0
702627,2035.0,430.0,187.5,0.0
702627,2031.0,430.0,187.5,0.0
702628,2037.0,430.0,187.5,0.0
702640,2056.0,430.0,187.5,0.0
702641,2051.0,430.0,187.5,0.0
702641,2051.0,430.0,187.5,0.0
702658,2070.0,430.0,187.5,0.0
702658,2064.0,430.0,187.5,0.0
702658,2066.0,430.0,187.5,0.0
702658,2067.0,430.0,187.5,0.0
702671,2028.0,430.0,187.5,0.0
702671,2026.0,430.0,187.5,0.0
702672,2034.0,430.0,187.5,0.0
702685,2024.0,431.0,187.5,0.0
702686,2027.0,431.0,187.5,0.0
702686,2028.0,431.0,187.5,0.0
702686,2030.0,431.0,187.5,0.0
702704,2047.0,431.0,187.5,0.0
702704,2039.0,431.0,187.5,0.0
702704,2070.0,431.0,187.5,0.0
702704,2030.0,431.0,187.5,0.0
702717,2045.0,431.0,187.5,0.0
702717,2058.0,431.0,187.5,0.0
702718,2069.0,431.0,187.5,0.0
702730,2013.0,431.0,187.5,0.0
702731,2029.0,431.0,187.5,0.0
702731,2031.0,431.0,187.5,0.0
702731,2028.0,431.0,187.5,0.0
702748,2036.0,431.0,187.5,0.0
702748,2011.0,431.0,187.5,0.0
702748,2009.0,431.0,187.5,0.0
702749,2040.0,431.0,187.5,0.0
702761,2051.0,431.0,187.5,0.0
702762,2052.0,431.0,187.5,0.0
702762,2052.0,431.0,187.5,0.0
702779,2066.0,431.0,187.5,0.0
702779,2052.0,431.0,187.5,0.0
702779,2067.0,431.0,187.5,0.0
702779,2062.0,431.0,187.5,0.0
702793,2054.0,431.0,187.5,0.0
702794,2060.0,431.0,187.5,0.0
702794,2057.0,431.0,187.5,0.0
702806,2021.0,431.0,187.5,0.0
702807,2019.0,431.0,187.5,0.0
702807,2026.0,431.0,187.5,0.0
702807,2029.0,431.0,187.5,0.0
702825,2040.0,432.0,187.5,0.0
702826,2025.0,432.0,187.5,0.0
702826,2032.0,432.0,187.5,0.0
702826,2027.0,432.0,187.5,0.0
702839,2063.0,432.0,187.5,0.0
702839,2055.0,432.0,187.5,0.0
702839,2057.0,432.0,187.5,0.0
702853,2039.0,432.0,187.5,0.0
702853,2041.0,432.0,187.5,0.0
702853,2050.0,432.0,187.5,0.0
702854,2058.0,432.0,187.5,0.0
702870,2043.0,432.0,187.5,0.0
702870,2040.0,432.0,187.5,0.0
702870,2044.0,432.0,187.5,0.0
702871,2043.0,432.0,187.5,0.0
702884,2028.0,432.0,187.5,0.0
702885,2013.0,432.0,187.5,0.0
702885,2024.0,432.0,187.5,0.0
702901,2045.0,433.0,187.5,0.0
702901,2073.0,433.0,187.5,0.0
702901,2056.0,433.0,187.5,0.0
702902,2056.0,433.0,187.5,0.0
702915,2055.0,433.0,187.5,0.0
702916,2035.0,433.0,187.5,0.0
702916,2059.0,433.0,187.5,0.0
702933,2028.0,433.0,187.5,0.0
702934,2044.0,433.0,187.5,0.0
702934,2047.0,433.0,187.5,0.0
702934,2054.0,433.0,187.5,0.0
702947,2036.0,434.0,187.5,0.0
702947,2035.0,434.0,187.5,0.0
702947,2032.0,434.0,187.5,0.0
702960,2041.0,434.0,187.5,0.0
702960,2051.0,434.0,187.5,0.0
702961,2055.0,434.0,187.5,0.0
702961,2045.0,434.0,187.5,0.0
702977,2074.0,435.0,187.5,0.0
702978,2068.0,435.0,187.5,0.0
702978,2062.0,435.0,187.5,0.0
702978,2067.0,435.0,187.5,0.0
702992,2069.0,435.0,187.5,0.0
702992,2028.0,435.0,187.5,0.0
702992,2033.0,435.0,187.5,0.0
703008,2035.0,436.0,187.5,0.0
703009,2016.0,436.0,187.5,0.0
703009,2017.0,436.0,187.5,0.0
703009,2017.0,436.0,187.5,0.0
703023,2046.0,437.0,187.5,0.0
703023,2039.0,437.0,187.5,0.0
703023,2043.0,437.0,187.5,0.0
703036,2055.0,437.0,187.5,0.0
703037,2059.0,437.0,187.5,0.0
703037,2043.0,437.0,187.5,0.0
703037,2059.0,437.0,187.5,0.0
703054,2043.0,437.0,187.5,0.0
703054,2049.0,437.0,187.5,0.0
703054,2049.0,437.0,187.5,0.0
703055,2058.0,437.0,187.5,0.0
703067,2041.0,437.0,187.5,0.0
703068,2041.0,437.0,187.5,0.0
703068,2043.0,437.0,187.5,0.0
703085,2009.0,438.0,187.5,0.0
703085,2027.0,438.0,187.5,0.0
703085,2033.0,438.0,187.5,0.0
703085,2028.0,438.0,187.5,0.0
703098,2065.0,438.0,187.5,0.0
703099,2069.0,438.0,187.5,0.0
703099,2070.0,438.0,187.5,0.0
703112,2023.0,439.0,187.5,0.0
703113,2048.0,439.0,187.5,0.0
703113,2030.0,439.0,187.5,0.0
703113,2030.0,439.0,187.5,0.0
703130,2024.0,439.0,187.5,0.0
703130,2023.0,439.0,187.5,0.0
703130,2012.0,439.0,187.5,0.0
703131,2030.0,439.0,187.5,0.0
703144,2037.0,439.0,187.5,0.0
703145,2034.0,439.0,187.5,0.0
703145,2029.0,439.0,187.5,0.0
703157,2056.0,439.0,187.5,0.0
703158,2069.0,439.0,187.5,0.0
703158,2071.0,439.0,187.5,0.0
703158,2061.0,439.0,187.5,0.0
703175,2057.0,439.0,187.5,0.0
703175,2058.0,439.0,187.5,0.0
703176,2057.0,439.0,187.5,0.0
703176,2058.0,439.0,187.5,0.0
703188,2029.0,439.0,187.5,0.0
703189,2024.0,439.0,187.5,0.0
703189,2011.0,439.0,187.5,0.0
703206,2036.0,439.0,187.5,0.0
703206,2034.0,439.0,187.5,0.0
703206,2031.0,439.0,187.5,0.0
703206,2037.0,439.0,187.5,0.0
703219,2059.0,439.0,187.5,0.0
703220,2059.0,439.0,187.5,0.0
703220,2058.0,439.0,187.5,0.0
703233,2044.0,439.0,187.5,0.0
703234,2045.0,439.0,187.5,0.0
703234,2050.0,439.0,187.5,0.0
703234,2064.0,439.0,187.5,0.0
703252,2051.0,439.0,187.5,0.0
703253,2046.0,439.0,187.5,0.0
703253,2048.0,439.0,187.5,0.0
703253,2045.0,439.0,187.5,0.0
703266,2014.0,439.0,187.5,0.0
703266,2003.0,439.0,187.5,0.0
703266,2031.0,439.0,187.5,0.0
703279,2062.0,439.0,187.5,0.0
703279,2062.0,439.0,187.5,0.0
703280,2059.0,439.0,187.5,0.0
703280,2070.0,439.0,186.3,0.0
703296,2065.0,439.0,186.3,0.0
703297,2055.0,439.0,186.3,0.0
703297,2053.0,439.0,186.3,0.0
703297,2061.0,439.0,186.3,0.0
703311,2036.0,439.0,186.3,0.0
703311,2018.0,439.0,186.3,0.0
703311,2028.0,439.0,186.3,0.0
703327,2050.0,439.0,186.3,0.0
703328,2019.0,439.0,186.3,0.0
703328,2023.0,439.0,186.3,0.0
703328,2019.0,439.0,186.3,0.0
703342,2057.0,439.0,186.3,0.0
703342,2043.0,439.0,186.3,0.0
703342,2067.0,439.0,186.3,0.0
703355,2048.0,439.0,186.3,0.0
703355,2058.0,439.0,186.3,0.0
703355,2043.0,439.0,186.3,0.0
703356,2051.0,439.0,186.3,0.0
703374,2060.0,439.0,186.3,0.0
703374,2068.0,439.0,186.3,0.0
703375,2079.0,439.0,186.3,0.0
703375,2080.0,439.0,186.3,0.0
703388,2005.0,439.0,186.3,0.0
703388,1997.0,439.0,186.3,0.0
703388,2009.0,439.0,186.3,0.0
703402,2063.0,439.0,186.3,0.0
703402,2056.0,439.0,186.3,0.0
703403,2055.0,439.0,186.3,0.0
703403,2056.0,439.0,186.3,0.0
703419,2059.0,439.0,186.3,0.0
703419,2059.0,439.0,186.3,0.0
703419,2058.0,439.0,186.3,0.0
703420,2047.0,439.0,186.3,0.0
703433,2032.0,438.0,186.3,0.0
703433,2032.0,438.0,186.3,0.0
703434,2041.0,438.0,186.3,0.0
703450,2022.0,438.0,186.3,0.0
703451,2026.0,438.0,186.3,0.0
703451,2025.0,438.0,186.3,0.0
703451,2025.0,438.0,186.3,0.0
703464,2045.0,438.0,186.3,0.0
703464,2041.0,438.0,186.3,0.0
703464,2042.0,438.0,186.3,0.0
703477,2065.0,438.0,186.3,0.0
703477,2061.0,438.0,186.3,0.0
703478,2066.0,438.0,186.3,0.0
703478,2057.0,438.0,186.3,0.0
703496,2064.0,438.0,186.3,0.0
703496,2062.0,438.0,186.3,0.0
703496,2053.0,438.0,186.3,0.0
703497,2062.0,438.0,186.3,0.0
703510,2015.0,438.0,186.3,0.0
703510,2012.0,438.0,186.3,0.0
703511,2027.0,438.0,186.3,0.0
703523,2055.0,438.0,186.3,0.0
703524,2050.0,438.0,186.3,0.0
703524,2056.0,438.0,186.3,0.0
703524,2052.0,438.0,186.3,0.0
703541,2063.0,438.0,186.3,0.0
703542,2040.0,438.0,186.3,0.0
703542,2050.0,438.0,186.3,0.0
703542,2055.0,438.0,186.3,0.0
703555,2049.0,438.0,186.3,0.0
703555,2054.0,438.0,186.3,0.0
703555,2056.0,438.0,186.3,0.0
703572,2020.0,438.0,186.3,0.0
703572,2026.0,438.0,186.3,0.0
703573,2026.0,438.0,186.3,0.0
703573,2036.0,438.0,186.3,0.0
703586,2033.0,438.0,186.3,0.0
703586,2026.0,438.0,186.3,0.0
703586,2042.0,438.0,186.3,0.0
703600,2064.0,437.0,186.3,0.0
703600,2059.0,437.0,186.3,0.0
703600,2059.0,437.0,186.3,0.0
703601,2059.0,437.0,186.3,0.0
703617,2063.0,437.0,186.3,0.0
703618,2063.0,437.0,186.3,0.0
703618,2068.0,437.0,186.3,0.0
703618,2060.0,437.0,186.3,0.0
703632,2026.0,437.0,186.3,0.0
703632,2028.0,437.0,186.3,0.0
703632,2026.0,437.0,186.3,0.0
703645,2014.0,437.0,186.3,0.0
703646,2033.0,437.0,186.3,0.0
703646,2029.0,437.0,186.3,0.0
703646,2039.0,437.0,186.3,0.0
703663,2060.0,437.0,186.3,0.0
703663,2055.0,437.0,186.3,0.0
703664,2051.0,437.0,186.3,0.0
703664,2053.0,437.0,186.3,0.0
703677,1985.0,437.0,186.3,0.0
703677,2026.0,437.0,186.3,0.0
703677,2009.0,437.0,186.3,0.0
703691,2008.0,437.0,186.3,0.0
703691,2016.0,437.0,186.3,0.0
703691,2025.0,437.0,186.3,0.0
703692,2023.0,437.0,186.3,0.0
703708,2029.0,437.0,186.3,0.0
703708,2035.0,437.0,186.3,0.0
703708,2030.0,437.0,186.3,0.0
703709,2029.0,437.0,186.3,0.0
703722,2049.0,436.0,186.3,0.0
703722,2027.0,436.0,186.3,0.0
703723,2050.0,436.0,186.3,0.0
703740,2063.0,436.0,186.3,0.0
703740,2064.0,436.0,186.3,0.0
703740,2059.0,436.0,186.3,0.0
703740,2059.0,436.0,186.3,0.0
703753,2023.0,436.0,186.3,0.0
703753,2025.0,436.0,186.3,0.0
703754,2038.0,436.0,186.3,0.0
703766,2032.0,436.0,186.3,0.0
703767,2024.0,436.0,186.3,0.0
703767,2027.0,436.0,186.3,0.0
703767,2027.0,436.0,186.3,0.0
703784,2058.0,436.0,186.3,0.0
703784,2038.0,436.0,186.3,0.0
703784,2039.0,436.0,186.3,0.0
703785,2037.0,436.0,186.3,0.0
703797,2049.0,436.0,186.3,0.0
703798,2059.0,436.0,186.3,0.0
703798,2056.0,436.0,186.3,0.0
703814,1937.0,436.0,186.3,0.0
703815,2042.0,436.0,186.3,0.0
703815,2045.0,436.0,186.3,0.0
703815,2040.0,436.0,186.3,0.0
703829,2031.0,436.0,186.3,0.0
703829,2020.0,436.0,186.3,0.0
703830,2028.0,436.0,186.3,0.0
703842,2052.0,435.0,186.3,0.0
703843,2044.0,435.0,186.3,0.0
703843,2047.0,435.0,186.3,0.0
703843,2050.0,435.0,186.3,0.0
703861,2062.0,435.0,186.3,0.0
703862,2056.0,435.0,186.3,0.0
703862,2052.0,435.0,186.3,0.0
703862,2059.0,435.0,186.3,0.0
703875,2051.0,435.0,186.3,0.0
703875,2038.0,435.0,186.3,0.0
703875,2027.0,435.0,186.3,0.0
703889,2022.0,435.0,186.3,0.0
703889,2013.0,435.0,186.3,0.0
703889,2020.0,435.0,186.3,0.0
703889,2028.0,435.0,186.3,0.0
703905,2056.0,434.0,186.3,0.0
703906,2036.0,434.0,186.3,0.0
703906,2044.0,434.0,186.3,0.0
703906,2045.0,434.0,186.3,0.0
703920,2061.0,435.0,186.3,0.0
703920,2053.0,435.0,186.3,0.0
703920,2064.0,435.0,186.3,0.0
703933,2029.0,435.0,186.3,0.0
703933,2030.0,435.0,186.3,0.0
703933,2015.0,435.0,186.3,0.0
703933,2027.0,435.0,186.3,0.0
703950,2021.0,434.0,186.3,0.0
703951,2030.0,434.0,186.3,0.0
703951,2020.0,434.0,186.3,0.0
703951,2026.0,434.0,186.3,0.0
703964,2038.0,434.0,186.3,0.0
703964,2051.0,434.0,186.3,0.0
703964,2048.0,434.0,186.3,0.0
703982,2064.0,433.0,186.3,0.0
703982,2056.0,433.0,186.3,0.0
703982,2049.0,433.0,186.3,0.0
703983,2053.0,433.0,186.3,0.0
703995,2048.0,433.0,186.3,0.0
703996,2062.0,433.0,186.3,0.0
703996,2059.0,433.0,186.3,0.0
704010,1959.0,432.0,186.3,0.0
704010,1966.0,432.0,186.3,0.0
704011,1962.0,432.0,186.3,0.0
704011,1965.0,432.0,186.3,0.0
704028,2005.0,432.0,186.3,0.0
704028,1996.0,432.0,186.3,0.0
704028,1979.0,432.0,186.3,0.0
704029,2000.0,432.0,186.3,0.0
704041,2037.0,432.0,186.3,0.0
704042,2033.0,432.0,186.3,0.0
704042,2032.0,432.0,186.3,0.0
704058,2056.0,431.0,186.3,0.0
704059,2050.0,431.0,186.3,0.0
704059,2056.0,431.0,186.3,0.0
704059,2046.0,431.0,186.3,0.0
704072,2003.0,431.0,186.3,0.0
704072,2013.0,431.0,186.3,0.0
704073,2013.0,431.0,186.3,0.0
704085,2037.0,431.0,186.3,0.0
704086,2023.0,431.0,186.3,0.0
704086,2052.0,431.0,186.3,0.0
704086,2027.0,431.0,186.3,0.0
704104,2065.0,431.0,186.3,0.0
704104,2046.0,431.0,186.3,0.0
704104,2036.0,431.0,186.3,0.0
704104,2055.0,431.0,186.3,0.0
704118,2041.0,430.0,186.3,0.0
704119,2049.0,430.0,186.3,0.0
704119,2048.0,430.0,186.3,0.0
704132,2008.0,430.0,186.3,0.0
704132,2012.0,430.0,186.3,0.0
704132,2047.0,430.0,186.3,0.0
704133,2017.0,430.0,186.3,0.0
704150,1975.0,430.0,186.3,0.0
704150,1990.0,430.0,186.3,0.0
704150,2025.0,430.0,186.3,0.0
704151,2008.0,430.0,186.3,0.0
704163,2047.0,430.0,186.3,0.0
704164,2042.0,430.0,186.3,0.0
704164,2039.0,430.0,186.3,0.0
704181,2052.0,429.0,186.3,0.0
704181,2058.0,429.0,186.3,0.0
704181,2056.0,429.0,186.3,0.0
704181,2062.0,429.0,186.3,0.0
704194,2029.0,429.0,186.3,0.0
704195,2029.0,429.0,186.3,0.0
704195,2030.0,429.0,186.3,0.0
704208,2025.0,430.0,186.3,0.0
704209,2030.0,430.0,186.3,0.0
704209,2019.0,430.0,186.3,0.0
704209,2034.0,430.0,186.3,0.0
704226,2024.0,429.0,186.3,0.0
704226,2035.0,429.0,186.3,0.0
704227,2018.0,429.0,186.3,0.0
704227,2026.0,429.0,186.3,0.0
704240,2056.0,429.0,186.3,0.0
704241,2052.0,429.0,186.3,0.0
704241,2054.0,429.0,186.3,0.0
704253,2031.0,429.0,186.3,0.0
704254,2041.0,429.0,186.3,0.0
704254,2040.0,429.0,186.3,0.0
704254,2034.0,429.0,186.3,0.0
704271,2013.0,429.0,186.3,0.0
704272,2036.0,429.0,186.3,0.0
704272,2018.0,429.0,186.3,0.0
704272,2016.0,429.0,186.3,0.0
704284,2041.0,429.0,186.3,0.0
704285,2031.0,429.0,186.3,0.0
704285,2049.0,429.0,186.3,0.0
704299,2073.0,428.0,186.3,0.0
704299,2075.0,428.0,186.3,0.0
704299,2070.0,428.0,186.3,0.0
704300,2074.0,428.0,186.3,0.0
704317,2052.0,428.0,186.3,0.0
704317,2046.0,428.0,186.3,0.0
704318,2043.0,428.0,186.3,0.0
704318,2045.0,428.0,186.3,0.0
704330,2005.0,428.0,186.3,0.0
704331,2014.0,428.0,186.3,0.0
704331,2017.0,428.0,186.3,0.0
704348,2022.0,429.0,186.3,0.0
704348,2021.0,429.0,186.3,0.0
704349,2027.0,429.0,186.3,0.0
704349,2021.0,429.0,186.3,0.0
704361,2061.0,429.0,186.3,0.0
704362,2052.0,429.0,186.3,0.0
704362,2066.0,429.0,186.3,0.0
704375,2030.0,429.0,186.3,0.0
704375,2042.0,429.0,186.3,0.0
704375,2033.0,429.0,186.3,0.0
704375,2035.0,429.0,186.3,0.0
704392,2029.0,429.0,186.3,0.0
704393,2028.0,429.0,186.3,0.0
704393,2023.0,429.0,186.3,0.0
704393,2027.0,429.0,186.3,0.0
704407,2026.0,429.0,186.3,0.0
704407,2030.0,429.0,186.3,0.0
704407,2029.0,429.0,186.3,0.0
704423,2066.0,429.0,186.3,0.0
704424,2047.0,429.0,186.3,0.0
704424,2045.0,429.0,186.3,0.0
704424,2046.0,429.0,186.3,0.0
704438,2062.0,430.0,186.3,0.0
704438,2069.0,430.0,186.3,0.0
704438,2060.0,430.0,186.3,0.0
704451,2010.0,430.0,186.3,0.0
704451,2009.0,430.0,186.3,0.0
704452,2033.0,430.0,186.3,0.0
704453,2030.0,430.0,186.3,0.0
704471,2017.0,430.0,186.3,0.0
704471,2022.0,430.0,186.3,0.0
704471,2015.0,430.0,186.3,0.0
704471,2023.0,430.0,186.3,0.0
704484,2044.0,430.0,186.3,0.0
704484,2047.0,430.0,186.3,0.0
704485,2040.0,430.0,186.3,0.0
704498,2059.0,430.0,186.3,0.0
704499,2044.0,430.0,186.3,0.0
704499,2059.0,430.0,186.3,0.0
704499,2073.0,430.0,186.3,0.0
704515,2045.0,430.0,186.3,0.0
704515,2043.0,430.0,186.3,0.0
704515,2046.0,430.0,186.3,0.0
704516,2048.0,430.0,186.3,0.0
704529,2026.0,430.0,186.3,0.0
704529,2015.0,430.0,186.3,0.0
704530,2012.0,430.0,186.3,0.0
704547,2045.0,430.0,186.3,0.0
704547,2040.0,430.0,186.3,0.0
704547,2038.0,430.0,186.3,0.0
704547,2032.0,430.0,186.3,0.0
704560,2055.0,430.0,186.3,0.0
704560,2046.0,430.0,186.3,0.0
704561,2056.0,430.0,186.3,0.0
704577,2055.0,430.0,186.3,0.0
704578,2058.0,430.0,186.3,0.0
704578,2059.0,430.0,186.3,0.0
704578,2054.0,430.0,186.3,0.0
704591,2016.0,430.0,186.3,0.0
704591,2025.0,430.0,186.3,0.0
704591,2026.0,430.0,186.3,0.0
704604,2046.0,430.0,186.3,0.0
704604,2046.0,430.0,186.3,0.0
704605,2046.0,430.0,186.3,0.0
704621,2063.0,431.0,186.3,0.0
704622,2051.0,431.0,186.3,0.0
704622,2060.0,431.0,186.3,0.0
704622,2067.0,431.0,186.3,0.0
704636,2040.0,431.0,186.3,0.0
704636,2047.0,431.0,186.3,0.0
704636,2046.0,431.0,186.3,0.0
704653,2038.0,431.0,186.3,0.0
704653,2028.0,431.0,186.3,0.0
704653,2029.0,431.0,186.3,0.0
704653,2029.0,431.0,186.3,0.0
704667,2037.0,431.0,186.3,0.0
704667,2036.0,431.0,186.3,0.0
704668,2034.0,431.0,186.3,0.0
704680,2063.0,431.0,186.3,0.0
704681,2063.0,431.0,186.3,0.0
704681,2059.0,431.0,186.3,0.0
704681,2061.0,431.0,186.3,0.0
704698,2060.0,432.0,186.3,0.0
704698,2065.0,432.0,186.3,0.0
704699,2059.0,432.0,186.3,0.0
704699,2064.0,432.0,186.3,0.0
704711,2041.0,432.0,186.3,0.0
704712,2009.0,432.0,186.3,0.0
704712,2017.0,432.0,186.3,0.0
704729,2040.0,432.0,186.3,0.0
704729,2010.0,432.0,186.3,0.0
704729,2043.0,432.0,186.3,0.0
704730,2027.0,432.0,186.3,0.0
704742,2065.0,432.0,186.3,0.0
704743,2040.0,432.0,186.3,0.0
704743,2055.0,432.0,186.3,0.0
704756,2048.0,433.0,186.3,0.0
704757,2046.0,433.0,186.3,0.0
704757,2055.0,433.0,186.3,0.0
704757,2054.0,433.0,186.3,0.0
704774,2036.0,433.0,186.3,0.0
704774,2040.0,433.0,186.3,0.0
704775,2042.0,433.0,186.3,0.0
704775,2044.0,433.0,186.3,0.0
704788,2024.0,433.0,186.3,0.0
704789,2029.0,433.0,186.3,0.0
704789,2030.0,433.0,186.3,0.0
704802,2065.0,433.0,186.3,0.0
704802,2070.0,433.0,186.3,0.0
704802,2064.0,433.0,186.3,0.0
704802,2048.0,433.0,186.3,0.0
704819,2065.0,433.0,186.3,0.0
704820,2068.0,433.0,186.3,0.0
704820,2061.0,433.0,186.3,0.0
704820,2068.0,433.0,186.3,0.0
704833,2021.0,433.0,186.3,0.0
704833,2040.0,433.0,186.3,0.0
704833,2016.0,433.0,186.3,0.0
704847,2041.0,433.0,186.3,0.0
704847,2041.0,433.0,186.3,0.0
704848,2049.0,433.0,186.3,0.0
704848,2042.0,433.0,186.3,0.0
704864,2057.0,433.0,186.3,0.0
704864,2059.0,433.0,186.3,0.0
704864,2055.0,433.0,186.3,0.0
704864,2056.0,433.0,186.3,0.0
704878,2059.0,433.0,186.3,0.0
704878,2056.0,433.0,186.3,0.0
704878,2050.0,433.0,186.3,0.0
704895,2036.0,434.0,186.3,0.0
704896,2052.0,434.0,186.3,0.0
704896,2045.0,434.0,186.3,0.0
704896,2041.0,434.0,186.3,0.0
704909,2027.0,434.0,186.3,0.0
704909,2014.0,434.0,186.3,0.0
704909,2050.0,434.0,186.3,0.0
704922,2066.0,434.0,186.3,0.0
704922,2060.0,434.0,186.3,0.0
704923,2060.0,434.0,186.3,0.0
704923,2058.0,434.0,186.3,0.0
704940,2061.0,434.0,186.3,0.0
704940,2063.0,434.0,186.3,0.0
704940,2062.0,434.0,186.3,0.0
704940,2072.0,434.0,186.3,0.0
704953,2028.0,434.0,186.3,0.0
704953,2066.0,434.0,186.3,0.0
704954,2018.0,434.0,186.3,0.0
704967,2034.0,435.0,186.3,0.0
704968,2025.0,435.0,186.3,0.0
704968,2058.0,435.0,186.3,0.0
704968,2034.0,435.0,186.3,0.0
704985,2064.0,435.0,186.3,0.0
704985,2047.0,435.0,186.3,0.0
704985,2053.0,435.0,186.3,0.0
704985,2057.0,435.0,186.3,0.0
704998,2056.0,436.0,186.3,0.0
704998,2060.0,436.0,186.3,0.0
704999,2057.0,436.0,186.3,0.0
705016,2048.0,436.0,186.3,0.0
705016,2050.0,436.0,186.3,0.0
705016,2047.0,436.0,186.3,0.0
705017,2047.0,436.0,186.3,0.0
705029,2029.0,436.0,186.3,0.0
705030,2030.0,436.0,186.3,0.0
705030,2030.0,436.0,186.3,0.0
705042,2063.0,437.0,186.3,0.0
705043,2060.0,437.0,186.3,0.0
705043,2049.0,437.0,186.3,0.0
705043,2063.0,437.0,186.3,0.0
705060,2066.0,437.0,186.3,0.0
705060,2075.0,437.0,186.3,0.0
705060,2064.0,437.0,186.3,0.0
705061,2062.0,437.0,186.3,0.0
705073,2033.0,437.0,186.3,0.0
705074,2015.0,437.0,186.3,0.0
705074,2031.0,437.0,186.3,0.0
705087,2040.0,437.0,186.3,0.0
705088,2023.0,437.0,186.3,0.0
705088,2034.0,437.0,186.3,0.0
705088,2041.0,437.0,186.3,0.0
705105,2047.0,438.0,186.3,0.0
705105,2058.0,438.0,186.3,0.0
705105,2056.0,438.0,186.3,0.0
705106,2056.0,438.0,186.3,0.0
705118,2058.0,438.0,186.3,0.0
705119,2062.0,438.0,186.3,0.0
705119,2054.0,438.0,186.3,0.0
705136,2040.0,438.0,186.3,0.0
705136,2048.0,438.0,186.3,0.0
705136,2046.0,438.0,186.3,0.0
705137,2049.0,438.0,186.3,0.0
705149,2012.0,438.0,186.3,0.0
705150,2031.0,438.0,186.3,0.0
705150,2039.0,438.0,186.3,0.0
705162,2061.0,438.0,186.3,0.0
705163,2059.0,438.0,186.3,0.0
705163,2067.0,438.0,186.3,0.0
705163,2063.0,438.0,186.3,0.0
705180,2088.0,438.0,186.3,0.0
705180,2058.0,438.0,186.3,0.0
705180,2068.0,438.0,186.3,0.0
705181,2064.0,438.0,186.3,0.0
705194,2038.0,438.0,186.3,0.0
705194,2037.0,438.0,186.3,0.0
705195,2036.0,438.0,186.3,0.0
705211,2035.0,438.0,186.3,0.0
705211,2016.0,438.0,186.3,0.0
705212,1989.0,438.0,186.3,0.0
705213,1992.0,438.0,186.3,0.0
705226,2028.0,439.0,186.3,0.0
705227,2038.0,439.0,186.3,0.0
705227,2035.0,439.0,186.3,0.0
705227,2029.0,439.0,186.3,0.0
705244,2062.0,439.0,186.3,0.0
705245,2055.0,439.0,186.3,0.0
705245,2045.0,439.0,186.3,0.0
705245,2052.0,439.0,186.3,0.0
705257,2052.0,439.0,186.3,0.0
705258,2044.0,439.0,186.3,0.0
705258,2047.0,439.0,186.3,0.0
705271,2035.0,438.0,186.3,0.0
705271,2027.0,438.0,186.3,0.0
705271,2029.0,438.0,186.3,0.0
705288,2041.0,439.0,186.3,0.0
705288,2041.0,439.0,186.3,0.0
705288,2035.0,439.0,186.3,0.0
705289,2041.0,439.0,186.3,0.0
705301,2066.0,439.0,186.3,0.0
705302,2062.0,439.0,186.3,0.0
705302,2063.0,439.0,186.3,0.0
705319,2051.0,439.0,186.3,0.0
705319,2073.0,439.0,186.3,0.0
705319,2068.0,439.0,186.3,0.0
705320,2051.0,439.0,186.3,0.0
705332,2016.0,439.0,186.3,0.0
705333,2025.0,439.0,186.3,0.0
705333,2030.0,439.0,186.3,0.0
705346,2046.0,439.0,186.3,0.0
705347,2048.0,439.0,186.3,0.0
705347,2045.0,439.0,186.3,0.0
705347,2048.0,439.0,186.3,0.0
705364,2049.0,439.0,186.3,0.0
705364,2059.0,439.0,186.3,0.0
705364,2059.0,439.0,186.3,0.0
705364,2053.0,439.0,186.3,0.0
705377,2045.0,439.0,186.3,0.0
705377,2046.0,439.0,186.3,0.0
705378,2049.0,439.0,186.3,0.0
705390,2037.0,439.0,186.3,0.0
705391,2029.0,439.0,186.3,0.0
705391,2031.0,439.0,186.3,0.0
705407,2046.0,439.0,186.3,0.0
705408,2034.0,439.0,186.3,0.0
705408,2044.0,439.0,186.3,0.0
705408,2041.0,439.0,186.3,0.0
705421,2057.0,439.0,186.3,0.0
705421,2057.0,439.0,186.3,0.0
705421,2057.0,439.0,186.3,0.0
705438,2058.0,439.0,186.3,0.0
705439,2073.0,439.0,186.3,0.0
705439,2064.0,439.0,186.3,0.0
705439,2053.0,439.0,186.3,0.0
705453,2026.0,439.0,186.3,0.0
705453,2019.0,439.0,186.3,0.0
705453,2028.0,439.0,186.3,0.0
705466,2051.0,439.0,186.3,0.0
705466,2053.0,439.0,186.3,0.0
705466,2048.0,439.0,186.3,0.0
705467,2030.0,439.0,186.3,0.0
705483,2065.0,439.0,186.3,0.0
705484,2060.0,439.0,186.3,0.0
705484,2062.0,439.0,186.3,0.0
705484,2063.0,439.0,186.3,0.0
705497,2046.0,439.0,186.3,0.0
705497,2044.0,439.0,186.3,0.0
705497,2042.0,439.0,186.3,0.0
705510,2044.0,438.0,186.3,0.0
705510,2036.0,438.0,186.3,0.0
705510,2034.0,438.0,186.3,0.0
705527,2048.0,439.0,186.3,0.0
705527,2043.0,439.0,186.3,0.0
705528,2042.0,439.0,186.3,0.0
705528,2047.0,439.0,186.3,0.0
705540,2066.0,439.0,186.3,0.0
705541,2069.0,439.0,186.3,0.0
705541,2059.0,439.0,186.3,0.0
705558,2055.0,439.0,186.3,0.0
705558,2063.0,439.0,186.3,0.0
705559,2077.0,439.0,186.3,0.0
705559,2058.0,439.0,186.3,0.0
705572,2016.0,439.0,186.3,0.0
705573,2013.0,439.0,186.3,0.0
705573,2025.0,439.0,186.3,0.0
705585,2057.0,439.0,176.0,0.0
705586,2052.0,439.0,176.0,0.0
705586,2052.0,439.0,176.0,0.0
705586,2072.0,439.0,176.0,0.0
705603,2065.0,439.0,176.0,0.0
705604,2065.0,439.0,176.0,0.0
705604,2057.0,439.0,176.0,0.0
705604,2064.0,439.0,176.0,0.0
705616,2038.0,439.0,176.0,0.0
705617,2046.0,439.0,176.0,0.0
705617,2044.0,439.0,176.0,0.0
705630,2029.0,439.0,176.0,0.0
705630,2037.0,439.0,176.0,0.0
705631,2042.0,439.0,176.0,0.0
705631,2038.0,439.0,176.0,0.0
705647,2041.0,438.0,176.0,0.0
705648,2041.0,438.0,176.0,0.0
705648,2042.0,438.0,176.0,0.0
705648,2032.0,438.0,176.0,0.0
705661,2050.0,438.0,176.0,0.0
705662,2056.0,438.0,176.0,0.0
705662,2057.0,438.0,176.0,0.0
705679,2052.0,437.0,176.0,0.0
705679,2076.0,437.0,176.0,0.0
705679,2058.0,437.0,176.0,0.0
705679,2059.0,437.0,176.0,0.0
705693,2024.0,437.0,176.0,0.0
705693,2017.0,437.0,176.0,0.0
705694,2032.0,437.0,176.0,0.0
705706,2048.0,437.0,176.0,0.0
705707,2048.0,437.0,176.0,0.0
705707,2037.0,437.0,176.0,0.0
705707,2046.0,437.0,176.0,0.0
705724,2013.0,437.0,176.0,0.0
705725,1994.0,437.0,176.0,0.0
705725,2026.0,437.0,176.0,0.0
705725,2051.0,437.0,176.0,0.0
705738,2048.0,437.0,176.0,0.0
705738,2039.0,437.0,176.0,0.0
705739,2055.0,437.0,176.0,0.0
705752,2030.0,437.0,176.0,0.0
705753,2015.0,437.0,176.0,0.0
705753,2025.0,437.0,176.0,0.0
705769,2034.0,437.0,176.0,0.0
705769,2037.0,437.0,176.0,0.0
705769,2029.0,437.0,176.0,0.0
705783,2063.0,437.0,176.0,0.0
705783,2068.0,437.0,176.0,0.0
705784,2063.0,437.0,176.0,0.0
705800,2063.0,437.0,176.0,0.0
705800,2057.0,437.0,176.0,0.0
705800,2056.0,437.0,176.0,0.0
705814,2006.0,437.0,176.0,0.0
705814,2025.0,437.0,176.0,0.0
705815,2029.0,437.0,176.0,0.0
705827,2047.0,437.0,176.0,0.0
705828,2039.0,437.0,176.0,0.0
705828,2042.0,437.0,176.0,0.0
705845,2056.0,437.0,176.0,0.0
705845,2054.0,437.0,176.0,0.0
705845,2056.0,437.0,176.0,0.0
705858,2079.0,437.0,176.0,0.0
705858,2038.0,437.0,176.0,0.0
705859,2063.0,437.0,176.0,0.0
705872,2025.0,436.0,176.0,0.0
705873,2015.0,436.0,176.0,0.0
705873,2015.0,436.0,176.0,0.0
705888,2055.0,436.0,186.3,0.0
705889,2042.0,436.0,186.3,0.0
705889,2044.0,436.0,186.3,0.0
705903,2061.0,436.0,186.3,0.0
705903,2060.0,436.0,186.3,0.0
705903,2058.0,436.0,186.3,0.0
705919,2060.0,436.0,186.3,0.0
705920,2065.0,436.0,186.3,0.0
705920,2062.0,436.0,186.3,0.0
705934,2046.0,436.0,186.3,0.0
705934,2059.0,436.0,186.3,0.0
705935,2049.0,436.0,186.3,0.0
705947,2048.0,436.0,186.3,0.0
705948,2025.0,436.0,186.3,0.0
705948,2026.0,436.0,186.3,0.0
705964,2057.0,435.0,186.3,0.0
705965,2057.0,435.0,186.3,0.0
705965,2064.0,435.0,186.3,0.0
705978,2044.0,435.0,186.3,0.0
705978,2047.0,435.0,186.3,0.0
705978,2037.0,435.0,186.3,0.0
705992,2029.0,434.0,186.3,0.0
705992,2026.0,434.0,186.3,0.0
705992,2025.0,434.0,186.3,0.0
706008,2048.0,434.0,186.3,0.0
706009,2045.0,434.0,186.3,0.0
706009,2043.0,434.0,186.3,0.0
706022,2066.0,434.0,186.3,0.0
706023,2064.0,434.0,186.3,0.0
706023,2063.0,434.0,186.3,0.0
706039,2058.0,433.0,186.3,0.0
706039,2055.0,433.0,186.3,0.0
706040,2058.0,433.0,186.3,0.0
706053,2024.0,433.0,186.3,0.0
706054,2025.0,433.0,186.3,0.0
706054,2026.0,433.0,186.3,0.0
706066,2056.0,433.0,186.3,0.0
706067,2054.0,433.0,186.3,0.0
706067,2048.0,433.0,186.3,0.0
706084,2070.0,432.0,186.3,0.0
706084,2049.0,432.0,186.3,0.0
706085,2062.0,432.0,186.3,0.0
706097,2043.0,432.0,186.3,0.0
706098,2041.0,432.0,186.3,0.0
706098,2044.0,432.0,186.3,0.0
706114,2028.0,432.0,186.3,0.0
706115,2036.0,432.0,186.3,0.0
706115,1991.0,432.0,186.3,0.0
706128,2041.0,431.0,186.3,0.0
706128,2018.0,431.0,186.3,0.0
706128,2037.0,431.0,186.3,0.0
706142,2064.0,432.0,186.3,0.0
706142,2069.0,432.0,186.3,0.0
706142,2067.0,432.0,186.3,0.0
706159,2056.0,432.0,186.3,0.0
706159,2060.0,432.0,186.3,0.0
706160,2057.0,432.0,186.3,0.0
706160,2056.0,432.0,186.3,0.0
706173,2025.0,431.0,186.3,0.0
706174,2017.0,431.0,186.3,0.0
706174,2026.0,431.0,186.3,0.0
706186,2046.0,431.0,186.3,0.0
706187,2051.0,431.0,186.3,0.0
706187,2057.0,431.0,186.3,0.0
706187,2061.0,431.0,186.3,0.0
706204,2061.0,431.0,186.3,0.0
706205,2059.0,431.0,186.3,0.0
706205,2053.0,431.0,186.3,0.0
706205,2063.0,431.0,186.3,0.0
706218,2016.0,430.0,186.3,0.0
706218,2050.0,430.0,186.3,0.0
706218,2038.0,430.0,186.3,0.0
706232,2027.0,429.0,186.3,0.0
706233,2047.0,429.0,186.3,0.0
706233,2036.0,429.0,186.3,0.0
706233,2031.0,429.0,186.3,0.0
706249,2040.0,429.0,186.3,0.0
706249,2037.0,429.0,186.3,0.0
706250,2032.0,429.0,186.3,0.0
706250,2042.0,429.0,186.3,0.0
706263,2059.0,429.0,186.3,0.0
706264,2055.0,429.0,186.3,0.0
706264,2059.0,429.0,186.3,0.0
706281,2060.0,429.0,186.3,0.0
706281,2066.0,429.0,186.3,0.0
706281,2064.0,429.0,186.3,0.0
706281,2060.0,429.0,186.3,0.0
706294,2029.0,429.0,186.3,0.0
706294,2033.0,429.0,186.3,0.0
706295,2030.0,429.0,186.3,0.0
706307,2047.0,429.0,186.3,0.0
706308,2039.0,429.0,186.3,0.0
706308,2042.0,429.0,186.3,0.0
706325,2066.0,429.0,186.3,0.0
706325,2066.0,429.0,186.3,0.0
706325,2059.0,429.0,186.3,0.0
706326,2066.0,429.0,186.3,0.0
706338,2040.0,429.0,186.3,0.0
706339,2053.0,429.0,186.3,0.0
706339,2047.0,429.0,186.3,0.0
706356,2038.0,429.0,186.3,0.0
706356,2029.0,429.0,186.3,0.0
706357,2039.0,429.0,186.3,0.0
706357,2045.0,429.0,186.3,0.0
706370,2043.0,429.0,186.3,0.0
706371,2045.0,429.0,186.3,0.0
706371,2035.0,429.0,186.3,0.0
706384,2018.0,429.0,186.3,0.0
706384,2047.0,429.0,186.3,0.0
706384,2016.0,429.0,186.3,0.0
706385,2059.0,429.0,186.3,0.0
706403,2060.0,429.0,186.3,0.0
706403,2071.0,429.0,186.3,0.0
706403,2065.0,429.0,186.3,0.0
706403,2060.0,429.0,186.3,0.0
706416,2026.0,429.0,186.3,0.0
706416,2021.0,429.0,186.3,0.0
706417,2047.0,429.0,186.3,0.0
706430,2154.0,429.0,186.3,0.0
706431,2039.0,429.0,186.3,0.0
706431,2056.0,429.0,186.3,0.0
706431,2038.0,429.0,186.3,0.0
706447,2061.0,429.0,186.3,0.0
706448,2044.0,429.0,186.3,0.0
706448,2057.0,429.0,186.3,0.0
706448,2052.0,429.0,186.3,0.0
706461,2064.0,429.0,186.3,0.0
706462,2055.0,429.0,186.3,0.0
706462,2064.0,429.0,186.3,0.0
706478,2048.0,429.0,186.3,0.0
706478,2056.0,429.0,186.3,0.0
706479,2071.0,429.0,186.3,0.0
706479,2048.0,429.0,186.3,0.0
706492,2030.0,429.0,186.3,0.0
706493,2033.0,429.0,186.3,0.0
706493,2029.0,429.0,186.3,0.0
706506,2057.0,429.0,186.3,0.0
706506,2058.0,429.0,186.3,0.0
706506,2066.0,429.0,186.3,0.0
706506,2053.0,429.0,186.3,0.0
706525,2074.0,430.0,186.3,0.0
706525,2060.0,430.0,186.3,0.0
706525,2060.0,430.0,186.3,0.0
706525,2060.0,430.0,186.3,0.0
706539,2067.0,430.0,186.3,0.0
706540,2077.0,430.0,186.3,0.0
706540,2076.0,430.0,186.3,0.0
706552,2022.0,430.0,186.3,0.0
706553,2014.0,430.0,186.3,0.0
706553,2028.0,430.0,186.3,0.0
706553,2017.0,430.0,186.3,0.0
706570,2043.0,430.0,186.3,0.0
706570,2046.0,430.0,186.3,0.0
706571,2069.0,430.0,186.3,0.0
706571,2044.0,430.0,186.3,0.0
706583,2060.0,430.0,186.3,0.0
706584,2059.0,430.0,186.3,0.0
706584,2054.0,430.0,186.3,0.0
706601,2058.0,430.0,186.3,0.0
706601,2066.0,430.0,186.3,0.0
706601,2070.0,430.0,186.3,0.0
706601,2060.0,430.0,186.3,0.0
706614,2016.0,430.0,186.3,0.0
706615,2039.0,430.0,186.3,0.0
706615,2019.0,430.0,186.3,0.0
706627,2056.0,430.0,186.3,0.0
706628,2050.0,430.0,186.3,0.0
706628,2048.0,430.0,186.3,0.0
706628,2057.0,430.0,186.3,0.0
706646,2065.0,430.0,186.3,0.0
706646,2056.0,430.0,186.3,0.0
706647,2052.0,430.0,186.3,0.0
706647,2052.0,430.0,186.3,0.0
706660,2049.0,430.0,186.3,0.0
706661,2063.0,430.0,186.3,0.0
706661,2060.0,430.0,186.3,0.0
706674,2015.0,430.0,186.3,0.0
706674,2027.0,430.0,186.3,0.0
706674,2019.0,430.0,186.3,0.0
706674,2035.0,430.0,186.3,0.0
706692,2040.0,430.0,186.3,0.0
706692,2040.0,430.0,186.3,0.0
706692,2047.0,430.0,186.3,0.0
706692,2041.0,430.0,186.3,0.0
706705,2065.0,430.0,186.3,0.0
706705,2056.0,430.0,186.3,0.0
706705,2060.0,430.0,186.3,0.0
706719,2048.0,430.0,186.3,0.0
706719,2050.0,430.0,186.3,0.0
706720,2053.0,430.0,186.3,0.0
706720,2046.0,430.0,186.3,0.0
706735,2039.0,430.0,186.3,0.0
706736,2032.0,430.0,186.3,0.0
706736,2033.0,430.0,186.3,0.0
706736,2036.0,430.0,186.3,0.0
706750,2040.0,431.0,186.3,0.0
706750,2025.0,431.0,186.3,0.0
706750,2039.0,431.0,186.3,0.0
706766,2060.0,431.0,186.3,0.0
706767,2054.0,431.0,186.3,0.0
706767,2055.0,431.0,186.3,0.0
706767,2056.0,431.0,186.3,0.0
706781,2063.0,431.0,186.3,0.0
706781,2060.0,431.0,186.3,0.0
706781,2054.0,431.0,186.3,0.0
706794,2015.0,431.0,186.3,0.0
706794,2031.0,431.0,186.3,0.0
706794,2027.0,431.0,186.3,0.0
706795,2012.0,431.0,186.3,0.0
706812,2031.0,431.0,186.3,0.0
706812,2035.0,431.0,186.3,0.0
706812,2033.0,431.0,186.3,0.0
706813,2034.0,431.0,186.3,0.0
706825,2072.0,432.0,186.3,0.0
706826,2053.0,432.0,186.3,0.0
706826,2053.0,432.0,186.3,0.0
706843,2071.0,432.0,186.3,0.0
706843,2073.0,432.0,186.3,0.0
706843,2076.0,432.0,186.3,0.0
706844,2062.0,432.0,186.3,0.0
706856,2024.0,433.0,186.3,0.0
706857,2019.0,433.0,186.3,0.0
706857,2040.0,433.0,186.3,0.0
706870,2041.0,433.0,186.3,0.0
706871,2041.0,433.0,186.3,0.0
706871,2046.0,433.0,186.3,0.0
706871,2041.0,433.0,186.3,0.0
706889,2040.0,433.0,186.3,0.0
706889,2048.0,433.0,186.3,0.0
706889,2045.0,433.0,186.3,0.0
706890,2049.0,433.0,186.3,0.0
706902,2061.0,433.0,186.3,0.0
706903,2058.0,433.0,186.3,0.0
706903,2057.0,433.0,186.3,0.0
706915,2028.0,433.0,186.3,0.0
706916,2032.0,433.0,186.3,0.0
706916,2031.0,433.0,186.3,0.0
706933,2033.0,434.0,186.3,0.0
706933,2035.0,434.0,186.3,0.0
706933,2035.0,434.0,186.3,0.0
706934,2044.0,434.0,186.3,0.0
706946,2057.0,434.0,186.3,0.0
706946,2049.0,434.0,186.3,0.0
706947,2055.0,434.0,186.3,0.0
706960,2055.0,434.0,186.3,0.0
706961,2060.0,434.0,186.3,0.0
706961,2063.0,434.0,186.3,0.0
706961,2061.0,434.0,186.3,0.0
706978,2041.0,434.0,186.3,0.0
706978,2047.0,434.0,186.3,0.0
706978,2046.0,434.0,186.3,0.0
706979,2043.0,434.0,186.3,0.0
706991,2038.0,435.0,186.3,0.0
706992,2031.0,435.0,186.3,0.0
706992,2031.0,435.0,186.3,0.0
707009,2057.0,435.0,186.3,0.0
707009,2049.0,435.0,186.3,0.0
707009,2045.0,435.0,186.3,0.0
707010,2047.0,435.0,186.3,0.0
707022,2057.0,435.0,186.3,0.0
707023,2058.0,435.0,186.3,0.0
707023,2064.0,435.0,186.3,0.0
707035,2018.0,436.0,186.3,0.0
707036,2033.0,436.0,186.3,0.0
707036,2025.0,436.0,186.3,0.0
707036,2008.0,436.0,186.3,0.0
707053,2041.0,436.0,186.3,0.0
707053,2016.0,436.0,186.3,0.0
707054,2038.0,436.0,186.3,0.0
707054,2006.0,436.0,186.3,0.0
707067,2042.0,437.0,186.3,0.0
707068,2045.0,437.0,186.3,0.0
707068,2047.0,437.0,186.3,0.0
707084,2072.0,437.0,186.3,0.0
707084,2073.0,437.0,186.3,0.0
707084,2068.0,437.0,186.3,0.0
707085,2065.0,437.0,186.3,0.0
707098,2030.0,438.0,186.3,0.0
707098,2041.0,438.0,186.3,0.0
707099,2039.0,438.0,186.3,0.0
707111,2063.0,438.0,186.3,0.0
707112,2035.0,438.0,186.3,0.0
707112,2043.0,438.0,186.3,0.0
707112,2043.0,438.0,186.3,0.0
707130,2043.0,438.0,186.3,0.0
707131,2046.0,438.0,186.3,0.0
707131,2042.0,438.0,186.3,0.0
707131,2039.0,438.0,186.3,0.0
707144,2068.0,438.0,186.3,0.0
707144,2070.0,438.0,186.3,0.0
707144,2057.0,438.0,186.3,0.0
707158,2027.0,439.0,186.3,0.0
707158,2033.0,439.0,186.3,0.0
707159,2038.0,439.0,186.3,0.0
707159,2038.0,439.0,186.3,0.0
707175,2024.0,439.0,186.3,0.0
707175,2030.0,439.0,186.3,0.0
707175,2035.0,439.0,186.3,0.0
707176,2031.0,439.0,186.3,0.0
707190,2039.0,439.0,186.3,0.0
707190,2037.0,439.0,186.3,0.0
707190,2044.0,439.0,186.3,0.0
707207,2062.0,439.0,186.3,0.0
707207,2056.0,439.0,186.3,0.0
707208,2055.0,439.0,186.3,0.0
707208,2052.0,439.0,186.3,0.0
707220,2045.0,440.0,186.3,0.0
707221,2060.0,440.0,186.3,0.0
707221,2053.0,440.0,186.3,0.0
707234,2038.0,440.0,186.3,0.0
707234,2022.0,440.0,186.3,0.0
707234,2030.0,440.0,186.3,0.0
707252,2038.0,440.0,186.3,0.0
707253,2025.0,440.0,186.3,0.0
707253,2036.0,440.0,186.3,0.0
707254,2038.0,440.0,186.3,0.0
707267,2057.0,440.0,186.3,0.0
707268,2051.0,440.0,186.3,0.0
707268,2057.0,440.0,186.3,0.0
707280,2048.0,440.0,186.3,0.0
707281,2055.0,440.0,186.3,0.0
707281,2064.0,440.0,186.3,0.0
707281,2056.0,440.0,186.3,0.0
707298,2034.0,440.0,186.3,0.0
707299,2039.0,440.0,186.3,0.0
707299,2040.0,440.0,186.3,0.0
707299,2041.0,440.0,186.3,0.0
707311,2028.0,440.0,186.3,0.0
707312,2017.0,440.0,186.3,0.0
707312,2027.0,440.0,186.3,0.0
707325,2063.0,440.0,186.3,0.0
707325,2066.0,440.0,186.3,0.0
707325,2074.0,440.0,186.3,0.0
707342,2050.0,440.0,186.3,0.0
707342,2074.0,440.0,186.3,0.0
707342,2063.0,440.0,186.3,0.0
707343,2069.0,440.0,186.3,0.0
707356,2028.0,440.0,186.3,0.0
707357,2033.0,440.0,186.3,0.0
707357,2032.0,440.0,186.3,0.0
707373,2033.0,440.0,186.3,0.0
707373,2021.0,440.0,186.3,0.0
707374,2030.0,440.0,186.3,0.0
707374,2029.0,440.0,186.3,0.0
707387,2058.0,440.0,186.3,0.0
707388,2029.0,440.0,186.3,0.0
707388,2047.0,440.0,186.3,0.0
707401,2052.0,440.0,186.3,0.0
707401,2058.0,440.0,186.3,0.0
707401,2056.0,440.0,186.3,0.0
707401,2054.0,440.0,186.3,0.0
707418,2032.0,440.0,186.3,0.0
707418,2042.0,440.0,186.3,0.0
707419,2042.0,440.0,186.3,0.0
707419,2040.0,440.0,186.3,0.0
707431,2036.0,440.0,186.3,0.0
707432,2044.0,440.0,186.3,0.0
707432,2041.0,440.0,186.3,0.0
707446,2067.0,440.0,186.3,0.0
707446,2058.0,440.0,186.3,0.0
707446,2066.0,440.0,186.3,0.0
707446,2059.0,440.0,186.3,0.0
707462,2068.0,440.0,186.3,0.0
707463,2065.0,440.0,186.3,0.0
707463,2068.0,440.0,186.3,0.0
707463,2055.0,440.0,186.3,0.0
707477,2018.0,439.0,186.3,0.0
707477,2041.0,439.0,186.3,0.0
707477,2031.0,439.0,186.3,0.0
707494,2027.0,439.0,186.3,0.0
707494,2042.0,439.0,186.3,0.0
707494,2027.0,439.0,186.3,0.0
707494,2035.0,439.0,186.3,0.0
707508,2058.0,439.0,186.3,0.0
707508,2058.0,439.0,186.3,0.0
707509,2069.0,439.0,186.3,0.0
707521,2057.0,439.0,186.3,0.0
707522,2077.0,439.0,186.3,0.0
707522,2058.0,439.0,186.3,0.0
707522,2056.0,439.0,186.3,0.0
707539,2037.0,439.0,186.3,0.0
707539,2047.0,439.0,186.3,0.0
707539,2051.0,439.0,186.3,0.0
707539,2042.0,439.0,186.3,0.0
707552,2034.0,439.0,186.3,0.0
707552,2036.0,439.0,186.3,0.0
707553,2042.0,439.0,186.3,0.0
707566,2067.0,439.0,186.3,0.0
707567,2059.0,439.0,186.3,0.0
707567,2059.0,439.0,186.3,0.0
707567,2060.0,439.0,186.3,0.0
707583,2063.0,439.0,186.3,0.0
707583,2071.0,439.0,186.3,0.0
707584,2065.0,439.0,186.3,0.0
707584,2071.0,439.0,186.3,0.0
707597,2041.0,438.0,186.3,0.0
707598,2031.0,438.0,186.3,0.0
707598,2033.0,438.0,186.3,0.0
707614,2036.0,438.0,186.3,0.0
707615,2030.0,438.0,186.3,0.0
707615,2027.0,438.0,186.3,0.0
707615,2036.0,438.0,186.3,0.0
707628,2056.0,438.0,186.3,0.0
707629,2044.0,438.0,186.3,0.0
707630,2044.0,438.0,186.3,0.0
707642,2063.0,438.0,186.3,0.0
707643,2061.0,438.0,186.3,0.0
707643,2063.0,438.0,186.3,0.0
707643,2058.0,438.0,186.3,0.0
707660,2040.0,438.0,186.3,0.0
707660,2044.0,438.0,186.3,0.0
707661,2057.0,438.0,186.3,0.0
707661,2063.0,438.0,186.3,0.0
707674,1972.0,438.0,186.3,0.0
707674,1969.0,438.0,186.3,0.0
707674,1970.0,438.0,186.3,0.0
707691,2055.0,437.0,186.3,0.0
707692,2044.0,437.0,186.3,0.0
707692,2052.0,437.0,186.3,0.0
707692,2060.0,437.0,176.0,0.0
707706,2060.0,437.0,176.0,0.0
707706,2057.0,437.0,176.0,0.0
707706,2053.0,437.0,176.0,0.0
707719,2038.0,437.0,176.0,0.0
707719,2042.0,437.0,176.0,0.0
707719,2039.0,437.0,176.0,0.0
707720,2023.0,437.0,176.0,0.0
707737,2026.0,437.0,176.0,0.0
707738,2034.0,437.0,176.0,0.0
707738,2034.0,437.0,176.0,0.0
707738,2031.0,437.0,176.0,0.0
707751,2045.0,437.0,176.0,0.0
707751,2030.0,437.0,176.0,0.0
707751,2038.0,437.0,176.0,0.0
707765,2068.0,437.0,176.0,0.0
707765,2065.0,437.0,176.0,0.0
707765,2061.0,437.0,176.0,0.0
707766,2059.0,437.0,176.0,0.0
707782,2064.0,437.0,176.0,0.0
707782,2052.0,437.0,176.0,0.0
707783,2061.0,437.0,176.0,0.0
707783,2063.0,437.0,176.0,0.0
707797,2017.0,437.0,176.0,0.0
707797,2012.0,437.0,176.0,0.0
707797,2034.0,437.0,176.0,0.0
707813,2030.0,437.0,176.0,0.0
707813,2022.0,437.0,176.0,0.0
707814,2035.0,437.0,176.0,0.0
707814,2020.0,437.0,176.0,0.0
707827,2051.0,437.0,176.0,0.0
707828,2049.0,437.0,176.0,0.0
707828,2044.0,437.0,176.0,0.0
707840,2055.0,437.0,176.0,0.0
707841,2050.0,437.0,176.0,0.0
707841,2050.0,437.0,176.0,0.0
707841,2038.0,437.0,176.0,0.0
707859,2027.0,437.0,176.0,0.0
707859,2044.0,437.0,176.0,0.0
707860,2042.0,437.0,176.0,0.0
707860,2045.0,437.0,176.0,0.0
707872,2031.0,436.0,176.0,0.0
707873,2028.0,436.0,176.0,0.0
707873,2029.0,436.0,176.0,0.0
707886,2035.0,436.0,176.0,0.0
707887,2061.0,436.0,176.0,0.0
707887,2059.0,436.0,176.0,0.0
707887,2062.0,436.0,176.0,0.0
707903,2066.0,436.0,176.0,0.0
707904,2067.0,436.0,176.0,0.0
707904,2060.0,436.0,176.0,0.0
707904,2068.0,436.0,176.0,0.0
707917,2010.0,435.0,176.0,0.0
707918,2030.0,435.0,176.0,0.0
707918,2029.0,435.0,176.0,0.0
707935,2042.0,435.0,176.0,0.0
707935,2029.0,435.0,176.0,0.0
707935,2059.0,435.0,176.0,0.0
707935,2033.0,435.0,176.0,0.0
707948,2060.0,435.0,176.0,0.0
707949,2056.0,435.0,176.0,0.0
707949,2042.0,435.0,176.0,0.0
707961,2057.0,435.0,176.0,0.0
707962,2057.0,435.0,176.0,0.0
707962,2058.0,435.0,176.0,0.0
707962,2060.0,435.0,176.0,0.0
707980,2042.0,434.0,176.0,0.0
707980,2050.0,434.0,176.0,0.0
707981,2051.0,434.0,176.0,0.0
707981,2062.0,434.0,176.0,0.0
707994,2027.0,434.0,176.0,0.0
707995,2018.0,434.0,176.0,0.0
707995,2028.0,434.0,176.0,0.0
708007,2063.0,434.0,176.0,0.0
708008,2052.0,434.0,176.0,0.0
708008,2055.0,434.0,176.0,0.0
708008,2059.0,434.0,176.0,0.0
708025,2066.0,433.0,176.0,0.0
708025,2063.0,433.0,176.0,0.0
708026,2070.0,433.0,176.0,0.0
708026,2065.0,433.0,176.0,0.0
708038,2029.0,433.0,176.0,0.0
708039,2034.0,433.0,176.0,0.0
708039,2030.0,433.0,176.0,0.0
708051,2043.0,433.0,176.0,0.0
708052,2040.0,433.0,176.0,0.0
708052,2040.0,433.0,176.0,0.0
708052,2046.0,433.0,176.0,0.0
708069,2043.0,432.0,176.0,0.0
708070,2054.0,432.0,176.0,0.0
708070,2056.0,432.0,176.0,0.0
708070,2059.0,432.0,176.0,0.0
708084,2061.0,432.0,176.0,0.0
708084,2057.0,432.0,176.0,0.0
708084,2052.0,432.0,176.0,0.0
708100,2031.0,431.0,176.0,0.0
708101,2050.0,431.0,176.0,0.0
708101,2039.0,431.0,176.0,0.0
708101,2048.0,431.0,176.0,0.0
708115,2021.0,431.0,176.0,0.0
708115,2026.0,431.0,176.0,0.0
708115,2020.0,431.0,176.0,0.0
708128,2063.0,431.0,176.0,0.0
708128,2059.0,431.0,176.0,0.0
708128,2061.0,431.0,176.0,0.0
708129,2067.0,431.0,176.0,0.0
708145,2066.0,431.0,176.0,0.0
708146,2066.0,431.0,176.0,0.0
708146,2063.0,431.0,176.0,0.0
708146,2060.0,431.0,176.0,0.0
708159,2034.0,431.0,176.0,0.0
708159,2052.0,431.0,176.0,0.0
708159,2045.0,431.0,176.0,0.0
708172,2043.0,430.0,176.0,0.0
708172,2044.0,430.0,176.0,0.0
708173,2045.0,430.0,176.0,0.0
708189,2061.0,430.0,176.0,0.0
708190,2063.0,430.0,176.0,0.0
708190,2051.0,430.0,176.0,0.0
708190,2059.0,430.0,176.0,0.0
708204,2040.0,429.0,176.0,0.0
708204,2064.0,429.0,176.0,0.0
708204,2064.0,429.0,176.0,0.0
708220,2046.0,429.0,176.0,0.0
708221,2049.0,429.0,176.0,0.0
708221,2048.0,429.0,176.0,0.0
708221,2050.0,429.0,176.0,0.0
708234,2057.0,430.0,176.0,0.0
708235,2029.0,430.0,176.0,0.0
708235,2028.0,430.0,176.0,0.0
708248,2062.0,430.0,176.0,0.0
708248,2058.0,430.0,176.0,0.0
708248,2057.0,430.0,176.0,0.0
708248,2055.0,430.0,176.0,0.0
708265,2072.0,429.0,176.0,0.0
708265,2068.0,429.0,176.0,0.0
708266,2070.0,429.0,176.0,0.0
708266,2059.0,429.0,176.0,0.0
708278,2011.0,429.0,176.0,0.0
708279,2049.0,429.0,176.0,0.0
708279,2038.0,429.0,176.0,0.0
708292,2046.0,429.0,176.0,0.0
708292,2030.0,429.0,176.0,0.0
708292,2040.0,429.0,176.0,0.0
708309,2055.0,428.0,176.0,0.0
708309,2057.0,428.0,176.0,0.0
708309,2060.0,428.0,176.0,0.0
708310,2062.0,428.0,176.0,0.0
708323,2058.0,428.0,176.0,0.0
708324,2059.0,428.0,176.0,0.0
708324,2077.0,428.0,176.0,0.0
708340,2043.0,428.0,176.0,0.0
708340,2028.0,428.0,176.0,0.0
708340,2045.0,428.0,176.0,0.0
708341,2043.0,428.0,176.0,0.0
708354,2037.0,429.0,176.0,0.0
708354,2041.0,429.0,176.0,0.0
708355,2034.0,429.0,176.0,0.0
708367,2063.0,429.0,176.0,0.0
708368,2061.0,429.0,176.0,0.0
708368,2060.0,429.0,176.0,0.0
708368,2048.0,429.0,176.0,0.0
708385,2072.0,429.0,176.0,0.0
708385,2070.0,429.0,176.0,0.0
708385,2062.0,429.0,176.0,0.0
708386,2068.0,429.0,176.0,0.0
708398,2044.0,429.0,176.0,0.0
708399,2037.0,429.0,176.0,0.0
708399,2031.0,429.0,176.0,0.0
708415,2030.0,429.0,176.0,0.0
708416,2016.0,429.0,176.0,0.0
708416,2025.0,429.0,176.0,0.0
708416,2027.0,429.0,176.0,0.0
708429,2055.0,429.0,176.0,0.0
708429,2057.0,429.0,176.0,0.0
708430,2064.0,429.0,176.0,0.0
708443,2061.0,429.0,176.0,0.0
708444,2063.0,429.0,176.0,0.0
708444,2058.0,429.0,176.0,0.0
708444,2075.0,429.0,176.0,0.0
708461,2042.0,429.0,176.0,0.0
708461,2051.0,429.0,176.0,0.0
708462,2059.0,429.0,176.0,0.0
708462,2056.0,429.0,176.0,0.0
708475,2040.0,429.0,176.0,0.0
708476,2044.0,429.0,176.0,0.0
708476,2043.0,429.0,176.0,0.0
708489,2046.0,429.0,176.0,0.0
708490,2010.0,429.0,176.0,0.0
708490,2012.0,429.0,176.0,0.0
708490,2008.0,429.0,176.0,0.0
708507,2060.0,429.0,176.0,0.0
708507,2049.0,429.0,176.0,0.0
708508,2053.0,429.0,176.0,0.0
708508,2061.0,429.0,176.0,0.0
708520,2043.0,429.0,176.0,0.0
708521,2038.0,429.0,176.0,0.0
708521,2033.0,429.0,176.0,0.0
708538,2039.0,430.0,176.0,0.0
708538,2027.0,430.0,176.0,0.0
708539,2031.0,430.0,176.0,0.0
708539,2028.0,430.0,176.0,0.0
708552,2039.0,430.0,176.0,0.0
708553,2037.0,430.0,176.0,0.0
708553,2041.0,430.0,176.0,0.0
708565,2075.0,430.0,176.0,0.0
708566,2069.0,430.0,176.0,0.0
708566,2070.0,430.0,176.0,0.0
708566,2063.0,430.0,176.0,0.0
708584,2059.0,430.0,176.0,0.0
708585,2059.0,430.0,176.0,0.0
708585,2061.0,430.0,176.0,0.0
708585,2061.0,430.0,176.0,0.0
708598,2038.0,430.0,176.0,0.0
708598,2039.0,430.0,176.0,0.0
708599,2036.0,430.0,176.0,0.0
708612,2039.0,430.0,176.0,0.0
708612,2037.0,430.0,176.0,0.0
708613,2032.0,430.0,176.0,0.0
708613,2035.0,430.0,176.0,0.0
708629,2065.0,430.0,176.0,0.0
708629,2046.0,430.0,176.0,0.0
708629,2014.0,430.0,176.0,0.0
708630,2040.0,430.0,176.0,0.0
708643,2054.0,431.0,176.0,0.0
708644,2051.0,431.0,176.0,0.0
708644,2071.0,431.0,176.0,0.0
708660,2027.0,431.0,176.0,0.0
708660,2031.0,431.0,176.0,0.0
708660,2034.0,431.0,176.0,0.0
708661,2034.0,431.0,176.0,0.0
708674,2027.0,431.0,176.0,0.0
708674,2049.0,431.0,176.0,0.0
708675,2011.0,431.0,176.0,0.0
708687,2065.0,431.0,176.0,0.0
708688,2053.0,431.0,176.0,0.0
708688,2054.0,431.0,176.0,0.0
708688,2067.0,431.0,176.0,0.0
708706,2067.0,431.0,176.0,0.0
708706,2064.0,431.0,176.0,0.0
708706,2068.0,431.0,176.0,0.0
708707,2061.0,431.0,176.0,0.0
708719,2020.0,431.0,176.0,0.0
708720,2022.0,431.0,176.0,0.0
708720,2029.0,431.0,176.0,0.0
708733,2035.0,431.0,176.0,0.0
708734,2038.0,431.0,176.0,0.0
708734,2035.0,431.0,176.0,0.0
708734,2039.0,431.0,176.0,0.0
708751,2055.0,431.0,176.0,0.0
708752,2044.0,431.0,176.0,0.0
708752,2046.0,431.0,176.0,0.0
708752,2035.0,431.0,176.0,0.0
708765,2065.0,431.0,176.0,0.0
708765,2060.0,431.0,176.0,0.0
708765,2052.0,431.0,176.0,0.0
708783,2055.0,431.0,176.0,0.0
708783,2065.0,431.0,176.0,0.0
708783,2063.0,431.0,176.0,0.0
708783,2045.0,431.0,176.0,0.0
708796,2020.0,431.0,176.0,0.0
708796,2017.0,431.0,176.0,0.0
708797,2029.0,431.0,176.0,0.0
708809,2060.0,432.0,176.0,0.0
708810,2056.0,432.0,176.0,0.0
708810,2054.0,432.0,176.0,0.0
708810,2078.0,432.0,176.0,0.0
708828,2072.0,432.0,176.0,0.0
708828,2073.0,432.0,176.0,0.0
708828,2062.0,432.0,176.0,0.0
708828,2058.0,432.0,176.0,0.0
708842,2038.0,432.0,176.0,0.0
708842,2060.0,432.0,176.0,0.0
708843,2059.0,432.0,176.0,0.0
708855,2037.0,432.0,176.0,0.0
708856,2034.0,432.0,176.0,0.0
708856,2030.0,432.0,176.0,0.0
708856,2034.0,432.0,176.0,0.0
708873,2042.0,432.0,176.0,0.0
708873,2037.0,432.0,176.0,0.0
708873,2027.0,432.0,176.0,0.0
708874,2038.0,432.0,176.0,0.0
708886,2067.0,432.0,176.0,0.0
708887,2072.0,432.0,176.0,0.0
708887,2063.0,432.0,176.0,0.0
708904,2074.0,432.0,176.0,0.0
708905,2073.0,432.0,176.0,0.0
708905,2075.0,432.0,176.0,0.0
708905,2071.0,432.0,176.0,0.0
708918,2028.0,433.0,176.0,0.0
708919,2016.0,433.0,176.0,0.0
708919,2015.0,433.0,176.0,0.0
708933,2039.0,434.0,176.0,0.0
708933,2037.0,434.0,176.0,0.0
708933,2042.0,434.0,176.0,0.0
708934,2041.0,434.0,176.0,0.0
708951,2050.0,434.0,176.0,0.0
708952,2047.0,434.0,176.0,0.0
708952,2061.0,434.0,176.0,0.0
708952,2043.0,434.0,176.0,0.0
708965,2057.0,434.0,176.0,0.0
708965,2061.0,434.0,176.0,0.0
708966,2057.0,434.0,176.0,0.0
708978,2028.0,434.0,176.0,0.0
708979,2044.0,434.0,176.0,0.0
708979,2019.0,434.0,176.0,0.0
708979,2026.0,434.0,176.0,0.0
708996,2032.0,434.0,176.0,0.0
708996,2028.0,434.0,176.0,0.0
708997,2016.0,434.0,176.0,0.0
708997,2030.0,434.0,176.0,0.0
709010,2050.0,435.0,176.0,0.0
709011,2047.0,435.0,176.0,0.0
709011,2047.0,435.0,176.0,0.0
709027,2066.0,435.0,174.9,0.0
709027,2073.0,435.0,174.9,0.0
709027,2076.0,435.0,174.9,0.0
709028,2070.0,435.0,174.9,0.0
709041,2033.0,435.0,174.9,0.0
709042,2049.0,435.0,174.9,0.0
709042,2041.0,435.0,174.9,0.0
709054,2043.0,436.0,174.9,0.0
709055,2032.0,436.0,174.9,0.0
709055,2027.0,436.0,174.9,0.0
709055,2048.0,436.0,174.9,0.0
709073,2046.0,436.0,174.9,0.0
709074,2037.0,436.0,174.9,0.0
709074,2044.0,436.0,174.9,0.0
709074,2049.0,436.0,174.9,0.0
709087,2062.0,436.0,174.9,0.0
709087,2051.0,436.0,174.9,0.0
709088,2053.0,436.0,174.9,0.0
709101,2044.0,437.0,174.9,0.0
709101,2037.0,437.0,174.9,0.0
709102,2045.0,437.0,174.9,0.0
709102,2047.0,437.0,174.9,0.0
709118,2017.0,438.0,174.9,0.0
709118,2028.0,438.0,174.9,0.0
709118,2035.0,438.0,174.9,0.0
709119,2030.0,438.0,174.9,0.0
709132,2042.0,438.0,174.9,0.0
709133,2035.0,438.0,174.9,0.0
709133,2058.0,438.0,174.9,0.0
709148,2061.0,438.0,174.9,0.0
709149,2053.0,438.0,174.9,0.0
709149,2066.0,438.0,174.9,0.0
709149,2057.0,438.0,174.9,0.0
709163,2049.0,438.0,174.9,0.0
709163,2054.0,438.0,174.9,0.0
709163,2038.0,438.0,174.9,0.0
709176,2025.0,439.0,174.9,0.0
709176,2018.0,439.0,174.9,0.0
709177,2027.0,439.0,174.9,0.0
709177,2036.0,439.0,174.9,0.0
709195,2039.0,439.0,174.9,0.0
709195,2049.0,439.0,174.9,0.0
709195,2048.0,439.0,174.9,0.0
709196,2056.0,439.0,174.9,0.0
709208,2058.0,439.0,174.9,0.0
709209,2055.0,439.0,174.9,0.0
709209,2061.0,439.0,174.9,0.0
709223,1980.0,439.0,174.9,0.0
709223,2011.0,439.0,174.9,0.0
709223,2045.0,439.0,174.9,0.0
709224,2057.0,439.0,174.9,0.0
709241,2030.0,439.0,174.9,0.0
709241,2042.0,439.0,174.9,0.0
709241,2033.0,439.0,174.9,0.0
709242,2031.0,439.0,174.9,0.0
709254,2032.0,439.0,174.9,0.0
709255,2032.0,439.0,174.9,0.0
709255,2042.0,439.0,174.9,0.0
709271,2058.0,439.0,174.9,0.0
709272,2058.0,439.0,174.9,0.0
709272,2036.0,439.0,174.9,0.0
709272,2035.0,439.0,174.9,0.0
709285,2062.0,439.0,174.9,0.0
709285,2059.0,439.0,174.9,0.0
709286,2058.0,439.0,174.9,0.0
709298,2015.0,439.0,174.9,0.0
709299,2032.0,439.0,174.9,0.0
709299,2039.0,439.0,174.9,0.0
709299,2024.0,439.0,174.9,0.0
709317,2055.0,439.0,174.9,0.0
709317,2035.0,439.0,174.9,0.0
709317,2033.0,439.0,174.9,0.0
709318,2031.0,439.0,174.9,0.0
709331,2045.0,438.0,174.9,0.0
709332,2042.0,438.0,174.9,0.0
709332,2037.0,438.0,174.9,0.0
709344,2069.0,438.0,174.9,0.0
709345,2061.0,438.0,174.9,0.0
709345,2057.0,438.0,174.9,0.0
709345,2058.0,438.0,174.9,0.0
709362,2044.0,438.0,174.9,0.0
709363,2051.0,438.0,174.9,0.0
709363,2057.0,438.0,174.9,0.0
709363,2056.0,438.0,174.9,0.0
709376,2012.0,438.0,174.9,0.0
709376,2029.0,438.0,174.9,0.0
709376,2028.0,438.0,174.9,0.0
709393,2039.0,438.0,174.9,0.0
709394,2036.0,438.0,174.9,0.0
709394,2035.0,438.0,174.9,0.0
709394,2038.0,438.0,174.9,0.0
709406,2059.0,438.0,174.9,0.0
709407,2062.0,438.0,174.9,0.0
709407,2060.0,438.0,174.9,0.0
709421,2031.0,438.0,174.9,0.0
709421,2039.0,438.0,174.9,0.0
709421,2018.0,438.0,174.9,0.0
709421,2034.0,438.0,174.9,0.0
709439,2027.0,438.0,174.9,0.0
709440,2028.0,438.0,174.9,0.0
709440,2032.0,438.0,174.9,0.0
709440,2034.0,438.0,174.9,0.0
709453,2040.0,438.0,174.9,0.0
709453,2042.0,438.0,174.9,0.0
709453,2038.0,438.0,174.9,0.0
709466,2061.0,438.0,174.9,0.0
709466,2063.0,438.0,174.9,0.0
709466,2063.0,438.0,174.9,0.0
709467,2060.0,438.0,174.9,0.0
709483,2055.0,439.0,174.9,0.0
709484,2055.0,439.0,174.9,0.0
709484,2057.0,439.0,174.9,0.0
709484,2045.0,439.0,174.9,0.0
709497,2017.0,439.0,174.9,0.0
709497,2030.0,439.0,174.9,0.0
709497,2028.0,439.0,174.9,0.0
709511,2056.0,438.0,174.9,0.0
709511,2056.0,438.0,174.9,0.0
709512,2055.0,438.0,174.9,0.0
709512,2045.0,438.0,174.9,0.0
709529,2075.0,438.0,174.9,0.0
709530,2073.0,438.0,174.9,0.0
709530,2068.0,438.0,174.9,0.0
709530,2070.0,438.0,174.9,0.0
709543,2043.0,438.0,174.9,0.0
709543,2039.0,438.0,174.9,0.0
709544,2035.0,438.0,174.9,0.0
709560,2024.0,438.0,174.9,0.0
709561,2037.0,438.0,174.9,0.0
709561,2031.0,438.0,174.9,0.0
709561,2034.0,438.0,174.9,0.0
709574,2032.0,438.0,174.9,0.0
709574,2042.0,438.0,174.9,0.0
709574,2039.0,438.0,174.9,0.0
709587,2060.0,438.0,174.9,0.0
709587,2063.0,438.0,174.9,0.0
709588,2063.0,438.0,174.9,0.0
709588,2062.0,438.0,174.9,0.0
709604,2058.0,437.0,174.9,0.0
709605,2059.0,437.0,174.9,0.0
709605,2060.0,437.0,174.9,0.0
709605,2056.0,437.0,174.9,0.0
709619,2026.0,437.0,174.9,0.0
709619,2028.0,437.0,174.9,0.0
709619,2027.0,437.0,174.9,0.0
709635,2055.0,437.0,174.9,0.0
709636,2040.0,437.0,174.9,0.0
709636,2035.0,437.0,174.9,0.0
709636,2043.0,437.0,174.9,0.0
709649,2061.0,438.0,174.9,0.0
709650,2052.0,438.0,174.9,0.0
709650,2055.0,438.0,174.9,0.0
709663,2042.0,437.0,174.9,0.0
709663,2049.0,437.0,174.9,0.0
709663,2048.0,437.0,174.9,0.0
709664,2048.0,437.0,174.9,0.0
709682,2038.0,437.0,174.9,0.0
709682,2040.0,437.0,174.9,0.0
709682,2048.0,437.0,174.9,0.0
709682,2047.0,437.0,174.9,0.0
709695,2032.0,437.0,174.9,0.0
709695,2017.0,437.0,174.9,0.0
709696,2017.0,437.0,174.9,0.0
709709,2065.0,438.0,174.9,0.0
709710,2061.0,438.0,174.9,0.0
709710,2059.0,438.0,174.9,0.0
709710,2059.0,438.0,174.9,0.0
709726,2062.0,438.0,174.9,0.0
709726,2065.0,438.0,174.9,0.0
709726,2061.0,438.0,174.9,0.0
709727,2065.0,438.0,174.9,0.0
709740,2018.0,438.0,174.9,0.0
709740,2022.0,438.0,174.9,0.0
709741,2016.0,438.0,174.9,0.0
709756,2026.0,438.0,174.9,0.0
709757,2013.0,438.0,174.9,0.0
709757,2029.0,438.0,174.9,0.0
709757,2034.0,438.0,174.9,0.0
709771,2055.0,437.0,174.9,0.0
709771,2044.0,437.0,174.9,0.0
709771,2032.0,437.0,174.9,0.0
709784,2061.0,437.0,174.9,0.0
709784,2057.0,437.0,174.9,0.0
709784,2055.0,437.0,174.9,0.0
709785,2057.0,437.0,174.9,0.0
709803,2043.0,437.0,174.9,0.0
709803,2049.0,437.0,174.9,0.0
709803,2046.0,437.0,174.9,0.0
709803,2049.0,437.0,174.9,0.0
709816,2023.0,437.0,174.9,0.0
709816,2018.0,437.0,174.9,0.0
709817,2027.0,437.0,174.9,0.0
709830,2078.0,437.0,174.9,0.0
709831,2069.0,437.0,174.9,0.0
709831,2070.0,437.0,174.9,0.0
709831,2089.0,437.0,174.9,0.0
709848,2064.0,437.0,174.9,0.0
709848,2059.0,437.0,174.9,0.0
709848,2056.0,437.0,174.9,0.0
709849,2054.0,437.0,174.9,0.0
709861,2027.0,437.0,174.9,0.0
709862,2037.0,437.0,174.9,0.0
709862,2031.0,437.0,174.9,0.0
709878,2027.0,437.0,174.9,0.0
709879,2023.0,437.0,174.9,0.0
709879,2028.0,437.0,174.9,0.0
709879,2022.0,437.0,174.9,0.0
709892,2042.0,437.0,174.9,0.0
709892,2040.0,437.0,174.9,0.0
709893,2039.0,437.0,174.9,0.0
709905,2066.0,437.0,174.9,0.0
709905,2063.0,437.0,174.9,0.0
709906,2063.0,437.0,174.9,0.0
709924,2041.0,437.0,174.9,0.0
709924,2052.0,437.0,174.9,0.0
709924,2057.0,437.0,174.9,0.0
709924,2058.0,437.0,174.9,0.0
709938,2030.0,436.0,174.9,0.0
709939,2028.0,436.0,174.9,0.0
709939,2025.0,436.0,174.9,0.0
709951,2049.0,436.0,174.9,0.0
709952,2049.0,436.0,174.9,0.0
709952,2048.0,436.0,174.9,0.0
709952,2049.0,436.0,174.9,0.0
709969,2062.0,436.0,174.9,0.0
709970,1967.0,436.0,174.9,0.0
709970,2058.0,436.0,174.9,0.0
709970,2060.0,436.0,174.9,0.0
709983,2039.0,436.0,174.9,0.0
709983,2050.0,436.0,174.9,0.0
709983,2045.0,436.0,174.9,0.0
710000,2034.0,435.0,174.9,0.0
710001,2013.0,435.0,174.9,0.0
710001,2028.0,435.0,174.9,0.0
710001,2029.0,435.0,174.9,0.0
710014,2041.0,435.0,174.9,0.0
710014,2040.0,435.0,174.9,0.0
710014,2043.0,435.0,174.9,0.0
710028,2054.0,435.0,174.9,0.0
710028,2059.0,435.0,174.9,0.0
710029,2075.0,435.0,174.9,0.0
710029,2068.0,435.0,174.9,0.0
710047,2062.0,434.0,174.9,0.0
710047,2061.0,434.0,174.9,0.0
710047,2059.0,434.0,174.9,0.0
710048,2063.0,434.0,174.9,0.0
710060,2029.0,434.0,174.9,0.0
710061,2027.0,434.0,174.9,0.0
710061,2027.0,434.0,174.9,0.0
710073,2040.0,434.0,174.9,0.0
710074,2046.0,434.0,174.9,0.0
710074,2039.0,434.0,174.9,0.0
710075,2040.0,434.0,174.9,0.0
710092,2056.0,433.0,174.9,0.0
710092,2047.0,433.0,174.9,0.0
710092,2050.0,433.0,174.9,0.0
710092,2060.0,433.0,174.9,0.0
710105,2052.0,433.0,174.9,0.0
710106,2061.0,433.0,174.9,0.0
710106,2051.0,433.0,174.9,0.0
710122,2046.0,433.0,174.9,0.0
710123,2046.0,433.0,174.9,0.0
710123,2049.0,433.0,174.9,0.0
710123,2044.0,433.0,174.9,0.0
710137,2025.0,432.0,174.9,0.0
710137,2026.0,432.0,174.9,0.0
710138,2019.0,432.0,174.9,0.0
710150,2056.0,432.0,174.9,0.0
710151,2052.0,432.0,174.9,0.0
710151,2056.0,432.0,174.9,0.0
710151,2049.0,432.0,174.9,0.0
710169,2068.0,431.0,174.9,0.0
710169,2059.0,431.0,174.9,0.0
710169,2057.0,431.0,174.9,0.0
710170,2064.0,431.0,174.9,0.0
710182,2042.0,431.0,174.9,0.0
710183,2046.0,431.0,174.9,0.0
710183,2032.0,431.0,174.9,0.0
710196,2028.0,431.0,174.9,0.0
710197,2028.0,431.0,174.9,0.0
710197,2014.0,431.0,174.9,0.0
710197,2037.0,431.0,174.9,0.0
710213,2053.0,431.0,174.9,0.0
710213,2057.0,431.0,174.9,0.0
710213,2046.0,431.0,174.9,0.0
710214,2046.0,431.0,174.9,0.0
710227,2063.0,430.0,174.9,0.0
710228,2060.0,430.0,174.9,0.0
710228,2059.0,430.0,174.9,0.0
710244,2059.0,430.0,174.9,0.0
710244,2047.0,430.0,174.9,0.0
710244,2054.0,430.0,174.9,0.0
710244,2048.0,430.0,174.9,0.0
710258,2013.0,430.0,174.9,0.0
710258,2032.0,430.0,174.9,0.0
710259,2029.0,430.0,174.9,0.0
710271,2057.0,430.0,174.9,0.0
710272,2053.0,430.0,174.9,0.0
710272,2061.0,430.0,174.9,0.0
710272,2065.0,430.0,174.9,0.0
710290,2063.0,429.0,174.9,0.0
710290,2064.0,429.0,174.9,0.0
710290,2060.0,429.0,174.9,0.0
710291,2047.0,429.0,174.9,0.0
710303,2042.0,429.0,174.9,0.0
710304,2046.0,429.0,174.9,0.0
710304,2044.0,429.0,174.9,0.0
710317,2039.0,429.0,174.9,0.0
710318,2036.0,429.0,174.9,0.0
710318,2030.0,429.0,174.9,0.0
710318,2022.0,429.0,174.9,0.0
710334,2059.0,429.0,174.9,0.0
710334,2045.0,429.0,174.9,0.0
710334,2045.0,429.0,174.9,0.0
710335,2036.0,429.0,174.9,0.0
710348,2064.0,429.0,174.9,0.0
710348,2056.0,429.0,174.9,0.0
710349,2058.0,429.0,174.9,0.0
710364,2052.0,429.0,174.9,0.0
710365,2060.0,429.0,174.9,0.0
710365,2053.0,429.0,174.9,0.0
710365,2059.0,429.0,174.9,0.0
710379,2044.0,429.0,174.9,0.0
710379,2024.0,429.0,174.9,0.0
710379,2033.0,429.0,174.9,0.0
710392,2060.0,429.0,174.9,0.0
710393,2058.0,429.0,174.9,0.0
710393,2053.0,429.0,174.9,0.0
710393,2050.0,429.0,174.9,0.0
710411,2067.0,429.0,174.9,0.0
710411,2075.0,429.0,174.9,0.0
710411,2063.0,429.0,174.9,0.0
710411,2072.0,429.0,174.9,0.0
710424,2047.0,429.0,174.9,0.0
710424,2050.0,429.0,174.9,0.0
710425,2040.0,429.0,174.9,0.0
710438,2029.0,428.0,174.9,0.0
710439,2028.0,428.0,174.9,0.0
710439,2028.0,428.0,174.9,0.0
710439,2031.0,428.0,174.9,0.0
710456,2039.0,429.0,174.9,0.0
710456,2038.0,429.0,174.9,0.0
710456,2044.0,429.0,174.9,0.0
710457,2040.0,429.0,174.9,0.0
710469,2064.0,429.0,174.9,0.0
710470,2064.0,429.0,174.9,0.0
710470,2061.0,429.0,174.9,0.0
710487,2063.0,429.0,174.9,0.0
710487,2067.0,429.0,174.9,0.0
710487,2067.0,429.0,174.9,0.0
710487,2064.0,429.0,174.9,0.0
710500,2022.0,429.0,174.9,0.0
710501,2028.0,429.0,174.9,0.0
710501,2030.0,429.0,174.9,0.0
710518,2039.0,429.0,174.9,0.0
710518,2034.0,429.0,174.9,0.0
710518,2031.0,429.0,174.9,0.0
710519,2025.0,429.0,174.9,0.0
710531,2064.0,429.0,174.9,0.0
710532,2060.0,429.0,174.9,0.0
710532,2048.0,429.0,174.9,0.0
710545,2066.0,429.0,174.9,0.0
710546,2062.0,429.0,174.9,0.0
710546,2064.0,429.0,174.9,0.0
710546,2063.0,429.0,174.9,0.0
710562,2045.0,429.0,174.9,0.0
710563,2036.0,429.0,174.9,0.0
710563,2037.0,429.0,174.9,0.0
710563,2037.0,429.0,174.9,0.0
710576,2031.0,430.0,174.9,0.0
710577,2032.0,430.0,174.9,0.0
710577,2013.0,430.0,174.9,0.0
710593,2057.0,430.0,174.9,0.0
710594,2048.0,430.0,174.9,0.0
710594,2061.0,430.0,174.9,0.0
710594,2060.0,430.0,174.9,0.0
710607,2067.0,430.0,174.9,0.0
710608,2063.0,430.0,174.9,0.0
710608,2056.0,430.0,174.9,0.0
710621,2045.0,430.0,174.9,0.0
710621,2034.0,430.0,174.9,0.0
710621,2009.0,430.0,174.9,0.0
710621,2031.0,430.0,174.9,0.0
710638,2030.0,430.0,174.9,0.0
710639,2029.0,430.0,174.9,0.0
710639,2028.0,430.0,174.9,0.0
710639,2032.0,430.0,174.9,0.0
710652,2029.0,430.0,174.9,0.0
710652,2047.0,430.0,156.7,0.0
710652,2048.0,430.0,156.7,0.0
710666,2058.0,431.0,156.7,0.0
710666,2061.0,431.0,156.7,0.0
710666,2058.0,431.0,156.7,0.0
710667,2057.0,431.0,156.7,0.0
710682,2027.0,431.0,156.7,0.0
710683,2038.0,431.0,156.7,0.0
710683,2042.0,431.0,156.7,0.0
710683,2037.0,431.0,156.7,0.0
710697,2029.0,431.0,156.7,0.0
710697,2032.0,431.0,156.7,0.0
710697,2034.0,431.0,156.7,0.0
710713,2063.0,431.0,156.7,0.0
710714,2054.0,431.0,156.7,0.0
710714,2054.0,431.0,156.7,0.0
710714,2054.0,431.0,156.7,0.0
710728,2062.0,431.0,156.7,0.0
710728,2061.0,431.0,156.7,0.0
710728,2054.0,431.0,156.7,0.0
710741,1998.0,431.0,156.7,0.0
710741,2034.0,431.0,156.7,0.0
710741,2045.0,431.0,156.7,0.0
710742,2031.0,431.0,156.7,0.0
710759,2025.0,431.0,156.7,0.0
710759,2037.0,431.0,156.7,0.0
710759,2032.0,431.0,156.7,0.0
710759,2028.0,431.0,156.7,0.0
710772,2060.0,431.0,156.7,0.0
710772,2053.0,431.0,156.7,0.0
710773,2054.0,431.0,156.7,0.0
710786,2060.0,431.0,156.7,0.0
710787,2055.0,431.0,156.7,0.0
710787,2058.0,431.0,156.7,0.0
710787,2061.0,431.0,156.7,0.0
710803,2040.0,431.0,156.7,0.0
710803,2037.0,431.0,156.7,0.0
710803,2039.0,431.0,156.7,0.0
710803,2042.0,431.0,156.7,0.0
710817,2035.0,431.0,156.7,0.0
710817,2044.0,431.0,156.7,0.0
710817,2035.0,431.0,156.7,0.0
710834,2051.0,431.0,156.7,0.0
710835,2045.0,431.0,156.7,0.0
710835,2044.0,431.0,156.7,0.0
710835,2049.0,431.0,156.7,0.0
710848,2045.0,431.0,156.7,0.0
710848,2063.0,431.0,156.7,0.0
710849,2063.0,431.0,156.7,0.0
710861,2016.0,431.0,156.7,0.0
710861,2030.0,431.0,156.7,0.0
710862,2034.0,431.0,156.7,0.0
710862,2027.0,431.0,156.7,0.0
710878,2028.0,433.0,156.7,0.0
710879,2026.0,433.0,156.7,0.0
710879,2032.0,433.0,156.7,0.0
710879,2028.0,433.0,156.7,0.0
710892,2063.0,433.0,156.7,0.0
710893,2050.0,433.0,156.7,0.0
710893,2047.0,433.0,156.7,0.0
710910,2078.0,433.0,156.7,0.0
710910,2064.0,433.0,156.7,0.0
710911,2053.0,433.0,156.7,0.0
710911,2055.0,433.0,156.7,0.0
710925,2045.0,433.0,156.7,0.0
710925,2050.0,433.0,156.7,0.0
710925,2051.0,433.0,156.7,0.0
710938,2028.0,433.0,156.7,0.0
710938,2028.0,433.0,156.7,0.0
710939,2030.0,433.0,156.7,0.0
710939,2039.0,433.0,156.7,0.0
710956,2047.0,434.0,156.7,0.0
710957,2045.0,434.0,156.7,0.0
710957,2042.0,434.0,156.7,0.0
710957,2047.0,434.0,156.7,0.0
710970,2063.0,434.0,156.7,0.0
710970,2061.0,434.0,156.7,0.0
710971,2061.0,434.0,156.7,0.0
710984,2047.0,434.0,156.7,0.0
710984,2045.0,434.0,156.7,0.0
710985,2045.0,434.0,156.7,0.0
710985,2055.0,434.0,156.7,0.0
711000,2026.0,434.0,156.7,0.0
711001,2031.0,434.0,156.7,0.0
711001,2048.0,434.0,156.7,0.0
711001,2034.0,434.0,156.7,0.0
711015,2044.0,435.0,156.7,0.0
711015,2037.0,435.0,156.7,0.0
711015,2046.0,435.0,156.7,0.0
711031,2060.0,435.0,156.7,0.0
711031,2062.0,435.0,156.7,0.0
711032,2064.0,435.0,156.7,0.0
711032,2060.0,435.0,156.7,0.0
711045,2048.0,435.0,156.7,0.0
711046,2074.0,435.0,156.7,0.0
711046,2058.0,435.0,156.7,0.0
711059,2034.0,435.0,156.7,0.0
711059,2041.0,435.0,156.7,0.0
711059,2044.0,435.0,156.7,0.0
711059,2015.0,435.0,156.7,0.0
711077,2039.0,436.0,156.7,0.0
711078,2040.0,436.0,156.7,0.0
711078,2039.0,436.0,156.7,0.0
711078,2035.0,436.0,156.7,0.0
711091,2062.0,436.0,156.7,0.0
711091,2045.0,436.0,156.7,0.0
711091,2062.0,436.0,156.7,0.0
711105,2049.0,436.0,156.7,0.0
711105,2051.0,436.0,156.7,0.0
711105,2050.0,436.0,156.7,0.0
711105,2059.0,436.0,156.7,0.0
711121,2058.0,436.0,156.7,0.0
711122,2018.0,436.0,156.7,0.0
711122,2035.0,436.0,156.7,0.0
711122,2037.0,436.0,156.7,0.0
711135,2039.0,437.0,156.7,0.0
711136,2043.0,437.0,156.7,0.0
711136,2042.0,437.0,156.7,0.0
711152,2062.0,437.0,156.7,0.0
711152,2029.0,437.0,156.7,0.0
711152,2046.0,437.0,156.7,0.0
711153,2054.0,437.0,156.7,0.0
711166,2059.0,437.0,156.7,0.0
711166,2064.0,437.0,156.7,0.0
711167,2060.0,437.0,156.7,0.0
711179,2037.0,437.0,156.7,0.0
711180,2034.0,437.0,156.7,0.0
711180,2047.0,437.0,156.7,0.0
711180,2035.0,437.0,156.7,0.0
711198,2044.0,438.0,156.7,0.0
711198,2059.0,438.0,156.7,0.0
711198,2034.0,438.0,156.7,0.0
711199,2018.0,438.0,156.7,0.0
711211,2051.0,438.0,156.7,0.0
711212,2056.0,438.0,156.7,0.0
711212,2052.0,438.0,156.7,0.0
711225,2049.0,439.0,156.7,0.0
711226,2053.0,439.0,156.7,0.0
711226,2055.0,439.0,156.7,0.0
711226,2052.0,439.0,156.7,0.0
711243,2030.0,439.0,156.7,0.0
711243,2041.0,439.0,156.7,0.0
711243,2042.0,439.0,156.7,0.0
711243,2036.0,439.0,156.7,0.0
711256,2040.0,439.0,156.7,0.0
711256,2040.0,439.0,156.7,0.0
711257,2035.0,439.0,156.7,0.0
711269,2068.0,439.0,156.7,0.0
711270,2073.0,439.0,156.7,0.0
711270,2064.0,439.0,156.7,0.0
711287,2063.0,440.0,156.7,0.0
711287,2068.0,440.0,156.7,0.0
711287,2067.0,440.0,156.7,0.0
711288,2064.0,440.0,156.7,0.0
711300,2023.0,440.0,156.7,0.0
711301,2026.0,440.0,156.7,0.0
711301,2026.0,440.0,156.7,0.0
711319,2034.0,440.0,156.7,0.0
711320,2037.0,440.0,156.7,0.0
711320,1999.0,440.0,156.7,0.0
711320,2002.0,440.0,156.7,0.0
711334,2039.0,441.0,156.7,0.0
711334,2046.0,441.0,156.7,0.0
711334,2039.0,441.0,156.7,0.0
711347,2059.0,440.0,156.7,0.0
711347,2066.0,440.0,156.7,0.0
711348,2061.0,440.0,156.7,0.0
711348,2065.0,440.0,156.7,0.0
711365,2048.0,440.0,156.7,0.0
711365,2049.0,440.0,156.7,0.0
711365,2060.0,440.0,156.7,0.0
711366,2056.0,440.0,156.7,0.0
711378,2038.0,440.0,156.7,0.0
711379,2030.0,440.0,156.7,0.0
711379,2029.0,440.0,156.7,0.0
711396,1982.0,440.0,156.7,0.0
711396,1981.0,440.0,156.7,0.0
711397,1943.0,440.0,156.7,0.0
711397,1922.0,440.0,156.7,0.0
711410,2072.0,440.0,156.7,0.0
711410,2070.0,440.0,156.7,0.0
711410,2076.0,440.0,156.7,0.0
711424,2019.0,439.0,156.7,0.0
711424,2022.0,439.0,156.7,0.0
711425,2024.0,439.0,156.7,0.0
711425,2025.0,439.0,156.7,0.0
711443,2027.0,439.0,156.7,0.0
711443,2036.0,439.0,156.7,0.0
711443,2022.0,439.0,156.7,0.0
711444,2043.0,439.0,156.7,0.0
711457,2025.0,439.0,156.7,0.0
711457,2031.0,439.0,156.7,0.0
711457,2032.0,439.0,156.7,0.0
711470,2097.0,439.0,156.7,0.0
711470,2079.0,439.0,156.7,0.0
711470,2076.0,439.0,156.7,0.0
711471,2082.0,439.0,156.7,0.0
711487,2049.0,439.0,156.7,0.0
711488,2053.0,439.0,156.7,0.0
711488,2055.0,439.0,156.7,0.0
711488,2045.0,439.0,156.7,0.0
711502,2015.0,439.0,156.7,0.0
711502,2024.0,439.0,156.7,0.0
711502,2035.0,439.0,156.7,0.0
711518,2022.0,439.0,156.7,0.0
711518,2035.0,439.0,156.7,0.0
711519,2035.0,439.0,156.7,0.0
711519,2032.0,439.0,156.7,0.0
711532,2052.0,439.0,156.7,0.0
711533,2043.0,439.0,156.7,0.0
711533,2037.0,439.0,156.7,0.0
711546,2042.0,438.0,156.7,0.0
711546,2056.0,438.0,156.7,0.0
711546,2057.0,438.0,156.7,0.0
711546,2042.0,438.0,156.7,0.0
711564,2035.0,438.0,156.7,0.0
711565,2040.0,438.0,156.7,0.0
711565,2049.0,438.0,156.7,0.0
711565,2048.0,438.0,156.7,0.0
711578,2013.0,438.0,156.7,0.0
711578,2027.0,438.0,156.7,0.0
711578,2040.0,438.0,156.7,0.0
711592,2065.0,438.0,156.7,0.0
711592,2056.0,438.0,156.7,0.0
711593,2059.0,438.0,156.7,0.0
711593,2057.0,438.0,156.7,0.0
711609,2021.0,438.0,156.7,0.0
711610,2065.0,438.0,156.7,0.0
711610,2069.0,438.0,156.7,0.0
711610,2066.0,438.0,156.7,0.0
711623,2030.0,438.0,156.7,0.0
711624,2031.0,438.0,156.7,0.0
711624,2031.0,438.0,156.7,0.0
711640,2028.0,438.0,156.7,0.0
711641,2029.0,438.0,156.7,0.0
711641,2026.0,438.0,156.7,0.0
711641,2033.0,438.0,156.7,0.0
711655,2047.0,438.0,156.7,0.0
711655,2059.0,438.0,156.7,0.0
711655,2044.0,438.0,156.7,0.0
711668,2064.0,437.0,156.7,0.0
711668,2069.0,437.0,156.7,0.0
711668,2066.0,437.0,156.7,0.0
711669,2058.0,437.0,156.7,0.0
711686,2035.0,437.0,156.7,0.0
711687,2063.0,437.0,156.7,0.0
711687,2060.0,437.0,156.7,0.0
711687,2066.0,437.0,156.7,0.0
711700,2024.0,437.0,156.7,0.0
711700,2024.0,437.0,156.7,0.0
711700,2017.0,437.0,156.7,0.0
711714,2062.0,436.0,156.7,0.0
711714,2054.0,436.0,156.7,0.0
711715,2053.0,436.0,156.7,0.0
711715,2055.0,436.0,156.7,0.0
711732,2071.0,436.0,156.7,0.0
711732,2061.0,436.0,156.7,0.0
711732,2064.0,436.0,156.7,0.0
711733,2059.0,436.0,156.7,0.0
711745,2009.0,436.0,156.7,0.0
711746,2045.0,436.0,156.7,0.0
711746,2045.0,436.0,156.7,0.0
711763,2032.0,436.0,156.7,0.0
711763,2029.0,436.0,156.7,0.0
711764,2042.0,436.0,156.7,0.0
711764,2043.0,436.0,156.7,0.0
711776,2030.0,436.0,156.7,0.0
711777,2041.0,436.0,156.7,0.0
711777,2031.0,436.0,156.7,0.0
711790,2066.0,436.0,156.7,0.0
711790,2064.0,436.0,156.7,0.0
711790,2062.0,436.0,156.7,0.0
711790,2062.0,436.0,156.7,0.0
711808,2060.0,436.0,156.7,0.0
711808,2061.0,436.0,156.7,0.0
711809,2062.0,436.0,156.7,0.0
711809,2062.0,436.0,156.7,0.0
711822,2020.0,435.0,156.7,0.0
711823,2029.0,435.0,156.7,0.0
711823,2028.0,435.0,156.7,0.0
711836,2033.0,435.0,156.7,0.0
711836,2040.0,435.0,156.7,0.0
711836,2039.0,435.0,156.7,0.0
711836,2046.0,435.0,156.7,0.0
711853,2063.0,435.0,156.7,0.0
711853,2075.0,435.0,156.7,0.0
711854,2061.0,435.0,156.7,0.0
711854,1920.0,435.0,156.7,0.0
711866,2048.0,435.0,94.9,0.0
711867,2042.0,435.0,94.9,0.0
711867,2043.0,435.0,94.9,0.0
711881,2033.0,435.0,94.9,0.0
711881,2036.0,435.0,94.9,0.0
711881,2036.0,435.0,94.9,0.0
711881,2022.0,435.0,94.9,0.0
711897,2043.0,435.0,94.9,0.0
711898,2040.0,435.0,94.9,0.0
711898,2049.0,435.0,94.9,0.0
711898,2046.0,435.0,94.9,0.0
711912,2060.0,436.0,94.9,0.0
711912,2066.0,436.0,94.9,0.0
711913,2067.0,436.0,94.9,0.0
711913,2067.0,436.0,94.9,0.0
711929,2063.0,435.0,94.9,0.0
711929,2039.0,435.0,94.9,0.0
711930,2052.0,435.0,94.9,0.0
711930,2061.0,435.0,94.9,0.0
711943,2037.0,435.0,94.9,0.0
711944,2038.0,435.0,94.9,0.0
711944,2030.0,435.0,94.9,0.0
711956,2037.0,435.0,94.9,0.0
711957,2037.0,435.0,94.9,0.0
711957,2049.0,435.0,94.9,0.0
711957,2045.0,435.0,94.9,0.0
711974,2056.0,435.0,94.9,0.0
711975,2050.0,435.0,94.9,0.0
711975,2049.0,435.0,94.9,0.0
711975,2054.0,435.0,94.9,0.0
711988,2061.0,435.0,94.9,0.0
711988,2060.0,435.0,94.9,0.0
711988,2050.0,435.0,94.9,0.0
712005,2042.0,434.0,94.9,0.0
712006,2044.0,434.0,94.9,0.0
712006,2058.0,434.0,94.9,0.0
712006,2045.0,434.0,94.9,0.0
712019,2026.0,434.0,94.9,0.0
712019,2031.0,434.0,94.9,0.0
712020,2034.0,434.0,94.9,0.0
712033,2060.0,433.0,94.9,0.0
712034,2075.0,433.0,94.9,0.0
712034,2035.0,433.0,94.9,0.0
712034,2059.0,433.0,94.9,0.0
712052,2077.0,433.0,94.9,0.0
712052,2062.0,433.0,94.9,0.0
712053,2058.0,433.0,94.9,0.0
712053,2087.0,433.0,94.9,0.0
712065,2041.0,433.0,94.9,0.0
712066,2057.0,433.0,94.9,0.0
712066,2048.0,433.0,94.9,0.0
712080,2028.0,432.0,94.9,0.0
712080,2014.0,432.0,94.9,0.0
712080,2027.0,432.0,94.9,0.0
712080,2031.0,432.0,94.9,0.0
712096,2051.0,432.0,94.9,0.0
712097,2043.0,432.0,94.9,0.0
712097,2043.0,432.0,94.9,0.0
712097,2051.0,432.0,94.9,0.0
712111,2067.0,432.0,94.9,0.0
712111,2062.0,432.0,94.9,0.0
712111,2087.0,432.0,94.9,0.0
712127,2055.0,432.0,94.9,0.0
712128,2062.0,432.0,94.9,0.0
712128,2063.0,432.0,94.9,0.0
712128,2058.0,432.0,94.9,0.0
712141,2023.0,431.0,94.9,0.0
712142,2025.0,431.0,94.9,0.0
712143,2034.0,431.0,94.9,0.0
712143,1917.0,431.0,94.9,0.0
712156,2054.0,430.0,94.9,0.0
712156,2032.0,430.0,94.9,0.0
712156,2044.0,430.0,94.9,0.0
712174,2067.0,430.0,94.9,0.0
712174,2058.0,430.0,94.9,0.0
712174,2056.0,430.0,94.9,0.0
712175,2053.0,430.0,94.9,0.0
712187,2051.0,430.0,94.9,0.0
712188,2061.0,430.0,94.9,0.0
712188,2063.0,430.0,94.9,0.0
712201,2027.0,429.0,94.9,0.0
712202,2013.0,429.0,94.9,0.0
712202,2021.0,429.0,94.9,0.0
712202,2029.0,429.0,94.9,0.0
712219,2052.0,429.0,94.9,0.0
712220,2045.0,429.0,94.9,0.0
712220,2034.0,429.0,94.9,0.0
712220,2038.0,429.0,94.9,0.0
712233,2060.0,429.0,94.9,0.0
712233,2054.0,429.0,94.9,0.0
712233,2047.0,429.0,94.9,0.0
712250,2062.0,428.0,94.9,0.0
712250,2068.0,428.0,94.9,0.0
712251,2068.0,428.0,94.9,0.0
712251,2076.0,428.0,94.9,0.0
712263,2032.0,428.0,94.9,0.0
712264,2024.0,428.0,94.9,0.0
712264,2026.0,428.0,94.9,0.0
712277,2049.0,428.0,94.9,0.0
712277,2040.0,428.0,94.9,0.0
712277,2040.0,428.0,94.9,0.0
712278,2037.0,428.0,94.9,0.0
712295,2041.0,427.0,94.9,0.0
712296,2066.0,427.0,94.9,0.0
712296,2066.0,427.0,94.9,0.0
712296,2061.0,427.0,94.9,0.0
712310,2062.0,426.0,94.9,0.0
712310,2060.0,426.0,94.9,0.0
712310,2059.0,426.0,94.9,0.0
712323,2032.0,426.0,94.9,0.0
712323,2035.0,426.0,94.9,0.0
712324,2030.0,426.0,94.9,0.0
712324,2026.0,426.0,94.9,0.0
712341,2032.0,426.0,94.9,0.0
712341,2060.0,426.0,94.9,0.0
712341,2034.0,426.0,94.9,0.0
712342,2039.0,426.0,94.9,0.0
712354,2056.0,426.0,94.9,0.0
712355,2038.0,426.0,94.9,0.0
712355,2059.0,426.0,94.9,0.0
712372,2077.0,426.0,94.9,0.0
712372,2080.0,426.0,94.9,0.0
712373,2071.0,426.0,94.9,0.0
712373,2072.0,426.0,94.9,0.0
712385,2029.0,426.0,94.9,0.0
712386,2043.0,426.0,94.9,0.0
712386,2033.0,426.0,94.9,0.0
712400,2036.0,426.0,94.9,0.0
712400,2027.0,426.0,94.9,0.0
712401,2033.0,426.0,94.9,0.0
712401,2036.0,426.0,94.9,0.0
712419,2018.0,426.0,94.9,0.0
712419,2056.0,426.0,94.9,0.0
712419,2042.0,426.0,94.9,0.0
712419,2043.0,426.0,94.9,0.0
712432,2075.0,426.0,94.9,0.0
712432,2058.0,426.0,94.9,0.0
712433,2058.0,426.0,94.9,0.0
712445,2029.0,426.0,94.9,0.0
712446,2034.0,426.0,94.9,0.0
712446,2042.0,426.0,94.9,0.0
712446,2058.0,426.0,94.9,0.0
712463,2033.0,426.0,94.9,0.0
712463,2045.0,426.0,94.9,0.0
712463,2036.0,426.0,94.9,0.0
712464,2049.0,426.0,94.9,0.0
712476,2039.0,426.0,94.9,0.0
712476,2038.0,426.0,94.9,0.0
712477,2034.0,426.0,94.9,0.0
712490,2074.0,426.0,94.9,0.0
712491,2070.0,426.0,94.9,0.0
712491,2067.0,426.0,94.9,0.0
712491,2065.0,426.0,94.9,0.0
712507,2060.0,426.0,94.9,0.0
712507,2063.0,426.0,94.9,0.0
712508,2058.0,426.0,94.9,0.0
712508,2038.0,426.0,94.9,0.0
712521,2036.0,426.0,94.9,0.0
712522,2041.0,426.0,94.9,0.0
712522,2040.0,426.0,94.9,0.0
712539,2032.0,426.0,94.9,0.0
712539,2036.0,426.0,94.9,0.0
712540,2032.0,426.0,94.9,0.0
712540,2032.0,426.0,94.9,0.0
712552,2062.0,426.0,94.9,0.0
712553,2057.0,426.0,94.9,0.0
712553,2057.0,426.0,94.9,0.0
712566,2039.0,426.0,94.9,0.0
712566,2044.0,426.0,94.9,0.0
712566,2042.0,426.0,94.9,0.0
712566,2040.0,426.0,94.9,0.0
712583,2036.0,426.0,94.9,0.0
712584,2035.0,426.0,94.9,0.0
712584,2034.0,426.0,94.9,0.0
712584,2043.0,426.0,94.9,0.0
712597,2044.0,426.0,94.9,0.0
712597,2060.0,426.0,94.9,0.0
712597,2041.0,426.0,94.9,0.0
712611,2068.0,425.0,94.9,0.0
712611,2083.0,425.0,94.9,0.0
712611,2060.0,425.0,94.9,0.0
712612,2055.0,425.0,94.9,0.0
712628,2060.0,425.0,94.9,0.0
712629,2063.0,425.0,94.9,0.0
712629,2058.0,425.0,94.9,0.0
712629,2061.0,425.0,94.9,0.0
712642,2028.0,425.0,94.9,0.0
712642,2035.0,425.0,94.9,0.0
712642,2017.0,425.0,94.9,0.0
712660,2040.0,425.0,94.9,0.0
712660,2034.0,425.0,94.9,0.0
712661,2037.0,425.0,94.9,0.0
712661,2043.0,425.0,94.9,0.0
712674,2073.0,426.0,94.9,0.0
712674,2055.0,426.0,94.9,0.0
712674,2077.0,426.0,94.9,0.0
712688,2046.0,426.0,94.9,0.0
712688,2054.0,426.0,94.9,0.0
712688,2059.0,426.0,94.9,0.0
712689,2052.0,426.0,94.9,0.0
712704,2026.0,426.0,94.9,0.0
712705,2038.0,426.0,94.9,0.0
712705,2036.0,426.0,94.9,0.0
712705,2035.0,426.0,94.9,0.0
712719,2030.0,427.0,94.9,0.0
712719,2029.0,427.0,94.9,0.0
712720,2031.0,427.0,94.9,0.0
712735,2067.0,427.0,94.9,0.0
712736,2063.0,427.0,94.9,0.0
712736,2049.0,427.0,94.9,0.0
712736,2058.0,427.0,94.9,0.0
712750,2052.0,427.0,94.9,0.0
712750,2064.0,427.0,94.9,0.0
712750,2058.0,427.0,94.9,0.0
712763,2026.0,427.0,94.9,0.0
712763,2032.0,427.0,94.9,0.0
712763,2045.0,427.0,94.9,0.0
712764,2044.0,427.0,94.9,0.0
712781,2031.0,427.0,94.9,0.0
712782,2029.0,427.0,94.9,0.0
712782,2031.0,427.0,94.9,0.0
712782,2039.0,427.0,94.9,0.0
712795,2048.0,427.0,94.9,0.0
712795,2046.0,427.0,94.9,0.0
712795,2055.0,427.0,94.9,0.0
712809,2061.0,426.0,94.9,0.0
712809,2059.0,426.0,94.9,0.0
712810,2066.0,426.0,94.9,0.0
712810,2064.0,426.0,94.9,0.0
712826,2029.0,426.0,94.9,0.0
712826,2019.0,426.0,94.9,0.0
712827,2039.0,426.0,94.9,0.0
712827,2033.0,426.0,94.9,0.0
712840,2031.0,426.0,94.9,0.0
712841,2030.0,426.0,94.9,0.0
712841,2033.0,426.0,94.9,0.0
712858,2042.0,426.0,94.9,0.0
712858,2048.0,426.0,94.9,0.0
712859,2049.0,426.0,94.9,0.0
712859,2049.0,426.0,94.9,0.0
712871,2057.0,427.0,94.9,0.0
712872,2059.0,427.0,94.9,0.0
712872,2061.0,427.0,94.9,0.0
712885,2039.0,427.0,94.9,0.0
712885,2033.0,427.0,94.9,0.0
712885,2035.0,427.0,94.9,0.0
712886,2029.0,427.0,94.9,0.0
712903,2026.0,427.0,94.9,0.0
712904,2034.0,427.0,94.9,0.0
712904,2035.0,427.0,94.9,0.0
712904,2033.0,427.0,94.9,0.0
712918,2044.0,427.0,94.9,0.0
712918,2037.0,427.0,94.9,0.0
712918,2038.0,427.0,94.9,0.0
712931,2072.0,427.0,94.9,0.0
712931,2066.0,427.0,94.9,0.0
712931,2060.0,427.0,94.9,0.0
712932,2065.0,427.0,94.9,0.0
712949,2058.0,427.0,94.9,0.0
712949,2068.0,427.0,94.9,0.0
712949,2063.0,427.0,94.9,0.0
712949,2057.0,427.0,94.9,0.0
712962,2016.0,427.0,94.9,0.0
712962,2025.0,427.0,94.9,0.0
712963,2033.0,427.0,94.9,0.0
712975,2056.0,427.0,94.9,0.0
712976,2055.0,427.0,94.9,0.0
712976,2056.0,427.0,94.9,0.0
712976,2061.0,427.0,94.9,0.0
712993,2061.0,427.0,94.9,0.0
712993,2050.0,427.0,94.9,0.0
712994,2075.0,427.0,94.9,0.0
712994,2066.0,427.0,94.9,0.0
713007,2040.0,427.0,94.9,0.0
713008,2045.0,427.0,94.9,0.0
713008,2040.0,427.0,94.9,0.0
713024,2040.0,427.0,94.9,0.0
713024,2028.0,427.0,94.9,0.0
713025,2030.0,427.0,94.9,0.0
713025,2029.0,427.0,94.9,0.0
713038,2046.0,428.0,94.9,0.0
713039,2042.0,428.0,94.9,0.0
713039,2048.0,428.0,94.9,0.0
713052,2065.0,428.0,94.9,0.0
713052,2066.0,428.0,94.9,0.0
713052,2073.0,428.0,94.9,0.0
713052,2072.0,428.0,94.9,0.0
713069,2059.0,428.0,94.9,0.0
713070,2063.0,428.0,94.9,0.0
713070,2064.0,428.0,94.9,0.0
713070,2061.0,428.0,94.9,0.0
713082,2027.0,429.0,94.9,0.0
713083,2031.0,429.0,94.9,0.0
713083,2035.0,429.0,94.9,0.0
713097,2055.0,429.0,94.9,0.0
713097,2054.0,429.0,94.9,0.0
713097,2053.0,429.0,94.9,0.0
713097,2075.0,429.0,94.9,0.0
713113,2082.0,429.0,94.9,0.0
713114,2059.0,429.0,94.9,0.0
713114,2063.0,429.0,94.9,0.0
713114,2037.0,429.0,94.9,0.0
713128,2048.0,430.0,94.9,0.0
713128,2060.0,430.0,94.9,0.0
713128,2038.0,430.0,94.9,0.0
713144,2026.0,431.0,94.9,0.0
713145,2025.0,431.0,94.9,0.0
713145,2019.0,431.0,94.9,0.0
713145,2027.0,431.0,94.9,0.0
713158,2041.0,431.0,94.9,0.0
713159,2037.0,431.0,94.9,0.0
713160,2033.0,431.0,94.9,0.0
713160,2039.0,431.0,94.9,0.0
713172,2066.0,431.0,94.9,0.0
713173,2054.0,431.0,94.9,0.0
713173,2061.0,431.0,94.9,0.0
713190,2066.0,432.0,94.9,0.0
713190,2045.0,432.0,94.9,0.0
713190,2106.0,432.0,94.9,0.0
713191,2060.0,432.0,94.9,0.0
713203,2030.0,432.0,94.9,0.0
713204,2022.0,432.0,94.9,0.0
713204,2028.0,432.0,94.9,0.0
713221,2039.0,433.0,94.9,0.0
713221,2035.0,433.0,94.9,0.0
713221,2026.0,433.0,94.9,0.0
713221,2044.0,433.0,94.9,0.0
713234,2060.0,433.0,94.9,0.0
713234,2059.0,433.0,94.9,0.0
713235,2057.0,433.0,94.9,0.0
713248,2060.0,434.0,94.9,0.0
713249,2052.0,434.0,94.9,0.0
713249,2058.0,434.0,94.9,0.0
713249,2051.0,434.0,94.9,0.0
713267,2039.0,434.0,94.9,0.0
713267,2050.0,434.0,94.9,0.0
713267,2054.0,434.0,94.9,0.0
713268,2047.0,434.0,94.9,0.0
713280,2029.0,434.0,94.9,0.0
713281,2030.0,434.0,94.9,0.0
713281,2033.0,434.0,94.9,0.0
713293,2049.0,435.0,94.9,0.0
713294,2064.0,435.0,94.9,0.0
713294,2061.0,435.0,94.9,0.0
713294,2061.0,435.0,94.9,0.0
713311,2062.0,435.0,94.9,0.0
713312,2074.0,435.0,94.9,0.0
713312,2074.0,435.0,94.9,0.0
713312,2061.0,435.0,94.9,0.0
713326,2030.0,436.0,94.9,0.0
713326,2034.0,436.0,94.9,0.0
713326,2034.0,436.0,94.9,0.0
713342,2009.0,436.0,94.9,0.0
713343,2027.0,436.0,94.9,0.0
713343,2018.0,436.0,94.9,0.0
713343,2021.0,436.0,94.9,0.0
713357,2058.0,436.0,94.9,0.0
713357,2046.0,436.0,94.9,0.0
713358,2046.0,436.0,94.9,0.0
713358,2041.0,436.0,94.9,0.0
713371,2063.0,436.0,94.9,0.0
713371,2062.0,436.0,94.9,0.0
713371,2068.0,436.0,94.9,0.0
713388,2048.0,436.0,94.9,0.0
713389,2060.0,436.0,94.9,0.0
713389,2057.0,436.0,94.9,0.0
713389,2058.0,436.0,94.9,0.0
713402,2024.0,436.0,94.9,0.0
713402,2032.0,436.0,94.9,0.0
713402,2012.0,436.0,94.9,0.0
713416,2069.0,436.0,94.9,0.0
713417,2039.0,436.0,94.9,0.0
713417,2053.0,436.0,94.9,0.0
713417,2058.0,436.0,94.9,0.0
713433,2073.0,436.0,94.9,0.0
713433,2065.0,436.0,94.9,0.0
713433,2065.0,436.0,94.9,0.0
713434,2064.0,436.0,94.9,0.0
713447,2045.0,436.0,94.9,0.0
713448,2040.0,436.0,94.9,0.0
713448,2046.0,436.0,94.9,0.0
713463,2031.0,436.0,94.9,0.0
713464,2029.0,436.0,94.9,0.0
713464,2029.0,436.0,94.9,0.0
713464,2032.0,436.0,94.9,0.0
713478,2048.0,436.0,94.9,0.0
713478,2035.0,436.0,94.9,0.0
713478,2042.0,436.0,94.9,0.0
713491,2055.0,436.0,94.9,0.0
713491,2063.0,436.0,94.9,0.0
713491,2070.0,436.0,94.9,0.0
713492,2074.0,436.0,94.9,0.0
713510,2050.0,436.0,94.9,0.0
713510,2059.0,436.0,94.9,0.0
713510,2061.0,436.0,94.9,0.0
713510,2057.0,436.0,94.9,0.0
713523,2030.0,436.0,94.9,0.0
713523,2032.0,436.0,94.9,0.0
713524,2033.0,436.0,94.9,0.0
713537,2050.0,436.0,94.9,0.0
713538,2052.0,436.0,94.9,0.0
713538,2051.0,436.0,94.9,0.0
713538,2056.0,436.0,94.9,0.0
713555,2052.0,436.0,94.9,0.0
713555,2064.0,436.0,94.9,0.0
713555,2062.0,436.0,94.9,0.0
713555,2079.0,436.0,94.9,0.0
713568,2050.0,436.0,94.9,0.0
713568,2041.0,436.0,94.9,0.0
713569,2044.0,436.0,94.9,0.0
713581,2047.0,436.0,94.9,0.0
713581,2057.0,436.0,94.9,0.0
713582,2044.0,436.0,94.9,0.0
713582,2036.0,436.0,94.9,0.0
713598,2051.0,436.0,94.9,0.0
713599,2041.0,436.0,94.9,0.0
713599,2058.0,436.0,94.9,0.0
713599,2040.0,436.0,94.9,0.0
713612,2064.0,436.0,94.9,0.0
713612,2049.0,436.0,94.9,0.0
713613,2056.0,436.0,94.9,0.0
713630,2062.0,436.0,94.9,0.0
713630,2072.0,436.0,94.9,0.0
713630,2080.0,436.0,94.9,0.0
713631,2067.0,436.0,94.9,0.0
713643,2017.0,436.0,94.9,0.0
713644,2008.0,436.0,94.9,0.0
713644,2027.0,436.0,94.9,0.0
713657,2059.0,435.0,94.9,0.0
713658,2025.0,435.0,94.9,0.0
713658,2048.0,435.0,94.9,0.0
713658,2051.0,435.0,94.9,0.0
713675,2072.0,435.0,94.9,0.0
713675,2066.0,435.0,94.9,0.0
713675,2049.0,435.0,94.9,0.0
713676,2067.0,435.0,94.9,0.0
713688,2035.0,435.0,94.9,0.0
713688,2043.0,435.0,94.9,0.0
713689,2038.0,435.0,94.9,0.0
713701,2040.0,435.0,94.9,0.0
713702,2031.0,435.0,94.9,0.0
713702,2035.0,435.0,94.9,0.0
713702,2051.0,435.0,94.9,0.0
713719,2039.0,436.0,94.9,0.0
713720,2042.0,436.0,94.9,0.0
713720,2039.0,436.0,94.9,0.0
713720,2045.0,436.0,94.9,0.0
713733,2069.0,436.0,94.9,0.0
713733,2069.0,436.0,94.9,0.0
713733,2060.0,436.0,94.9,0.0
713750,2061.0,435.0,94.9,0.0
713751,2061.0,435.0,94.9,0.0
713751,2087.0,435.0,94.9,0.0
713751,2070.0,435.0,94.9,0.0
713765,2020.0,435.0,94.9,0.0
713765,2032.0,435.0,94.9,0.0
713765,2029.0,435.0,94.9,0.0
713778,2053.0,435.0,94.9,0.0
713778,2047.0,435.0,94.9,0.0
713778,2064.0,435.0,94.9,0.0
713779,2055.0,435.0,94.9,0.0
713795,2071.0,434.0,94.9,0.0
713796,2059.0,434.0,94.9,0.0
713796,2057.0,434.0,94.9,0.0
713796,2060.0,434.0,94.9,0.0
713808,2020.0,434.0,94.9,0.0
713809,2046.0,434.0,94.9,0.0
713809,2052.0,434.0,94.9,0.0
713822,2026.0,434.0,94.9,0.0
713822,2037.0,434.0,94.9,0.0
713822,2044.0,434.0,94.9,0.0
713823,2017.0,434.0,94.9,0.0
713839,2046.0,434.0,94.9,0.0
713840,2054.0,434.0,94.9,0.0
713840,2046.0,434.0,94.9,0.0
713840,2054.0,434.0,94.9,0.0
713853,2067.0,434.0,94.9,0.0
713854,2057.0,434.0,94.9,0.0
713854,2060.0,434.0,94.9,0.0
713870,2078.0,434.0,94.9,0.0
713871,2080.0,434.0,94.9,0.0
713871,2075.0,434.0,94.9,0.0
713871,2057.0,434.0,94.9,0.0
713884,2026.0,434.0,94.9,0.0
713885,2034.0,434.0,94.9,0.0
713885,2032.0,434.0,94.9,0.0
713897,2046.0,434.0,94.9,0.0
713898,2054.0,434.0,94.9,0.0
713898,2054.0,434.0,94.9,0.0
713898,2045.0,434.0,94.9,0.0
713915,2074.0,433.0,94.9,0.0
713916,2065.0,433.0,94.9,0.0
713916,2057.0,433.0,94.9,0.0
713916,2064.0,433.0,94.9,0.0
713928,2043.0,433.0,94.9,0.0
713929,2053.0,433.0,94.9,0.0
713929,2053.0,433.0,94.9,0.0
713942,2028.0,433.0,94.9,0.0
713942,2032.0,433.0,94.9,0.0
713942,2038.0,433.0,94.9,0.0
713942,2034.0,433.0,94.9,0.0
713959,2053.0,433.0,94.9,0.0
713959,2040.0,433.0,94.9,0.0
713960,2045.0,433.0,94.9,0.0
713960,2045.0,433.0,94.9,0.0
713973,2068.0,433.0,94.9,0.0
713974,2064.0,433.0,94.9,0.0
713974,2066.0,433.0,94.9,0.0
713990,2038.0,433.0,94.9,0.0
713990,2077.0,433.0,94.9,0.0
713991,2061.0,433.0,94.9,0.0
713991,2058.0,433.0,94.9,0.0
714004,2023.0,433.0,94.9,0.0
714005,2026.0,433.0,94.9,0.0
714005,2036.0,433.0,94.9,0.0
714017,2060.0,433.0,94.9,0.0
714018,2054.0,433.0,94.9,0.0
714018,2047.0,433.0,94.9,0.0
714018,2059.0,433.0,94.9,0.0
714035,2070.0,433.0,94.9,0.0
714035,2063.0,433.0,94.9,0.0
714036,2061.0,433.0,94.9,0.0
714036,2064.0,433.0,94.9,0.0
714048,2043.0,433.0,94.9,0.0
714049,2058.0,433.0,94.9,0.0
714049,2050.0,433.0,94.9,0.0
714066,2027.0,432.0,94.9,0.0
714066,2027.0,432.0,94.9,0.0
714066,2033.0,432.0,94.9,0.0
714066,2041.0,432.0,94.9,0.0
714079,2049.0,432.0,94.9,0.0
714079,2041.0,432.0,94.9,0.0
714080,2043.0,432.0,94.9,0.0
714093,2072.0,432.0,94.9,0.0
714093,2066.0,432.0,94.9,0.0
714094,2065.0,432.0,94.9,0.0
714094,2068.0,432.0,94.9,0.0
714111,2062.0,432.0,94.9,0.0
714111,2066.0,432.0,94.9,0.0
714111,2080.0,432.0,94.9,0.0
714111,2065.0,432.0,94.9,0.0
714125,2033.0,432.0,94.9,0.0
714126,2041.0,432.0,94.9,0.0
714126,2040.0,432.0,94.9,0.0
714126,2038.0,432.0,94.9,0.0
714139,2052.0,432.0,94.9,0.0
714139,2041.0,432.0,94.9,0.0
714139,2040.0,432.0,94.9,0.0
714157,2058.0,431.0,94.9,0.0
714157,2061.0,431.0,94.9,0.0
714157,2056.0,431.0,94.9,0.0
714157,2040.0,431.0,94.9,0.0
714170,2048.0,431.0,94.9,0.0
714170,2059.0,431.0,94.9,0.0
714171,2049.0,431.0,94.9,0.0
714184,2024.0,431.0,94.9,0.0
714185,2029.0,431.0,94.9,0.0
714185,2044.0,431.0,94.9,0.0
714185,2027.0,431.0,94.9,0.0
714201,2047.0,430.0,94.9,0.0
714201,2039.0,430.0,94.9,0.0
714202,2039.0,430.0,94.9,0.0
714202,2033.0,430.0,94.9,0.0
714215,2063.0,429.0,94.9,0.0
714216,2057.0,429.0,94.9,0.0
714216,2059.0,429.0,94.9,0.0
714233,2099.0,429.0,94.9,0.0
714234,2063.0,429.0,94.9,0.0
714234,2082.0,429.0,94.9,0.0
714234,2077.0,429.0,94.9,0.0
714247,2016.0,429.0,94.9,0.0
714247,2017.0,429.0,94.9,0.0
714247,2016.0,429.0,94.9,0.0
714260,2042.0,428.0,94.9,0.0
714260,2040.0,428.0,94.9,0.0
714260,2042.0,428.0,94.9,0.0
714260,2044.0,428.0,94.9,0.0
714277,2053.0,427.0,94.9,0.0
714278,2048.0,427.0,94.9,0.0
714278,2040.0,427.0,94.9,0.0
714278,2048.0,427.0,94.9,0.0
714291,2053.0,427.0,94.9,0.0
714291,2056.0,427.0,94.9,0.0
714292,2062.0,427.0,94.9,0.0
714305,1969.0,426.0,94.9,0.0
714306,1971.0,426.0,94.9,0.0
714306,1977.0,426.0,94.9,0.0
714306,1974.0,426.0,94.9,0.0
714323,2037.0,426.0,94.9,0.0
714323,2034.0,426.0,94.9,0.0
714323,2041.0,426.0,94.9,0.0
714323,2035.0,426.0,94.9,0.0
714336,2056.0,426.0,88.4,0.0
714336,2051.0,426.0,88.4,0.0
714337,2055.0,426.0,88.4,0.0
714354,2069.0,425.0,88.4,0.0
714354,2069.0,425.0,88.4,0.0
714354,2066.0,425.0,88.4,0.0
714354,2046.0,425.0,88.4,0.0
714367,2006.0,425.0,88.4,0.0
714367,2021.0,425.0,88.4,0.0
714368,2037.0,425.0,88.4,0.0
714380,2042.0,425.0,88.4,0.0
714381,2030.0,425.0,88.4,0.0
714381,2043.0,425.0,88.4,0.0
714381,2042.0,425.0,88.4,0.0
714398,2065.0,425.0,88.4,0.0
714398,2053.0,425.0,88.4,0.0
714398,2040.0,425.0,88.4,0.0
714399,2063.0,425.0,88.4,0.0
714412,2048.0,425.0,88.4,0.0
714412,2064.0,425.0,88.4,0.0
714413,2073.0,425.0,88.4,0.0
714429,2069.0,425.0,88.4,0.0
714429,2049.0,425.0,88.4,0.0
714429,2047.0,425.0,88.4,0.0
714430,2045.0,425.0,88.4,0.0
714444,2052.0,425.0,88.4,0.0
714445,2044.0,425.0,88.4,0.0
714445,2016.0,425.0,88.4,0.0
714445,2002.0,425.0,88.4,0.0
714458,2040.0,425.0,88.4,0.0
714459,2025.0,425.0,88.4,0.0
714459,2035.0,425.0,88.4,0.0
714476,2068.0,425.0,88.4,0.0
714476,2052.0,425.0,88.4,0.0
714477,2053.0,425.0,88.4,0.0
714477,2054.0,425.0,88.4,0.0
714490,2026.0,425.0,88.4,0.0
714490,2052.0,425.0,88.4,0.0
714490,2053.0,425.0,88.4,0.0
714504,2032.0,425.0,88.4,0.0
714504,2022.0,425.0,88.4,0.0
714504,2025.0,425.0,88.4,0.0
714505,2027.0,425.0,88.4,0.0
714521,2046.0,425.0,88.4,0.0
714522,2036.0,425.0,88.4,0.0
714522,2030.0,425.0,88.4,0.0
714522,2047.0,425.0,88.4,0.0
714535,2064.0,425.0,88.4,0.0
714535,2065.0,425.0,88.4,0.0
714535,2063.0,425.0,88.4,0.0
714552,2033.0,425.0,88.4,0.0
714553,2061.0,425.0,88.4,0.0
714553,2060.0,425.0,88.4,0.0
714553,2065.0,425.0,88.4,0.0
714566,2028.0,425.0,88.4,0.0
714566,2031.0,425.0,88.4,0.0
714566,1999.0,425.0,88.4,0.0
714579,2061.0,425.0,88.4,0.0
714579,2059.0,425.0,88.4,0.0
714579,2058.0,425.0,88.4,0.0
714580,2074.0,425.0,88.4,0.0
714598,2044.0,426.0,88.4,0.0
714598,2054.0,426.0,88.4,0.0
714599,2054.0,426.0,88.4,0.0
714599,2055.0,426.0,88.4,0.0
714612,2051.0,426.0,88.4,0.0
714613,2060.0,426.0,88.4,0.0
714613,2058.0,426.0,88.4,0.0
714625,2030.0,426.0,88.4,0.0
714626,2040.0,426.0,88.4,0.0
714626,2034.0,426.0,88.4,0.0
714626,2025.0,426.0,88.4,0.0
714643,2033.0,426.0,88.4,0.0
714643,2038.0,426.0,88.4,0.0
714644,2032.0,426.0,88.4,0.0
714644,2039.0,426.0,88.4,0.0
714656,2061.0,427.0,88.4,0.0
714657,2074.0,427.0,88.4,0.0
714657,2062.0,427.0,88.4,0.0
714674,2060.0,427.0,88.4,0.0
714674,2072.0,427.0,88.4,0.0
714675,2081.0,427.0,88.4,0.0
714675,2063.0,427.0,88.4,0.0
714687,2014.0,427.0,88.4,0.0
714688,2042.0,427.0,88.4,0.0
714688,2038.0,427.0,88.4,0.0
714701,2021.0,427.0,88.4,0.0
714702,2032.0,427.0,88.4,0.0
714702,2014.0,427.0,88.4,0.0
714702,2042.0,427.0,88.4,0.0
714719,2057.0,427.0,88.4,0.0
714720,2050.0,427.0,88.4,0.0
714720,2054.0,427.0,88.4,0.0
714720,2053.0,427.0,88.4,0.0
714734,2070.0,427.0,88.4,0.0
714734,2055.0,427.0,88.4,0.0
714735,2061.0,427.0,88.4,0.0
714735,2063.0,427.0,88.4,0.0
714748,1980.0,427.0,88.4,0.0
714748,2008.0,427.0,88.4,0.0
714748,2055.0,427.0,110.0,0.0
714765,2012.0,428.0,110.0,0.0
714766,2015.0,428.0,110.0,0.0
714766,2020.0,428.0,110.0,0.0
714766,2017.0,428.0,110.0,0.0
714779,2053.0,428.0,110.0,0.0
714779,2065.0,428.0,110.0,0.0
714779,2053.0,428.0,110.0,0.0
714793,2069.0,428.0,110.0,0.0
714793,2070.0,428.0,110.0,0.0
714793,2041.0,428.0,110.0,0.0
714793,2054.0,428.0,110.0,0.0
714810,2049.0,428.0,110.0,0.0
714811,2061.0,428.0,110.0,0.0
714811,2061.0,428.0,110.0,0.0
714811,2058.0,428.0,110.0,0.0
714824,2020.0,428.0,110.0,0.0
714824,2019.0,428.0,110.0,0.0
714824,2034.0,428.0,110.0,0.0
714841,2045.0,428.0,110.0,0.0
714842,2037.0,428.0,110.0,0.0
714842,2036.0,428.0,110.0,0.0
714842,2043.0,428.0,110.0,0.0
714855,2069.0,428.0,110.0,0.0
714855,2064.0,428.0,110.0,0.0
714855,2059.0,428.0,110.0,0.0
714868,2033.0,428.0,110.0,0.0
714869,2034.0,428.0,110.0,0.0
714869,2043.0,428.0,110.0,0.0
714869,2039.0,428.0,110.0,0.0
714886,2037.0,428.0,110.0,0.0
714886,2026.0,428.0,110.0,0.0
714886,2036.0,428.0,110.0,0.0
714887,2037.0,428.0,110.0,0.0
714900,2061.0,429.0,110.0,0.0
714901,2043.0,429.0,110.0,0.0
714901,2044.0,429.0,110.0,0.0
714917,2067.0,429.0,110.0,0.0
714918,2068.0,429.0,110.0,0.0
714918,2048.0,429.0,110.0,0.0
714918,2032.0,429.0,110.0,0.0
714932,2054.0,429.0,110.0,0.0
714932,2061.0,429.0,110.0,0.0
714932,2057.0,429.0,110.0,0.0
714945,2021.0,429.0,110.0,0.0
714945,2016.0,429.0,110.0,0.0
714946,2027.0,429.0,110.0,0.0
714946,2027.0,429.0,110.0,0.0
714964,2038.0,429.0,110.0,0.0
714964,2033.0,429.0,110.0,0.0
714964,2028.0,429.0,110.0,0.0
714964,2031.0,429.0,110.0,0.0
714977,2058.0,429.0,110.0,0.0
714977,2058.0,429.0,110.0,0.0
714978,2059.0,429.0,110.0,0.0
714991,2049.0,429.0,110.0,0.0
714992,2054.0,429.0,110.0,0.0
714992,2047.0,429.0,110.0,0.0
714992,2043.0,429.0,110.0,0.0
715008,2028.0,429.0,110.0,0.0
715008,2034.0,429.0,110.0,0.0
715008,2031.0,429.0,110.0,0.0
715009,2038.0,429.0,110.0,0.0
715022,2038.0,429.0,110.0,0.0
715023,2050.0,429.0,110.0,0.0
715023,2031.0,429.0,110.0,0.0
715040,2054.0,429.0,110.0,0.0
715040,2033.0,429.0,110.0,0.0
715041,2047.0,429.0,110.0,0.0
715041,2046.0,429.0,110.0,0.0
715054,2065.0,430.0,110.0,0.0
715054,2071.0,430.0,110.0,0.0
715054,2062.0,430.0,110.0,0.0
715067,2016.0,430.0,110.0,0.0
715067,1998.0,430.0,110.0,0.0
715068,2019.0,430.0,110.0,0.0
715068,2013.0,430.0,110.0,0.0
715086,2025.0,429.0,110.0,0.0
715086,2026.0,429.0,110.0,0.0
715086,2046.0,429.0,110.0,0.0
715086,2035.0,429.0,110.0,0.0
715100,2047.0,429.0,110.0,0.0
715100,2044.0,429.0,110.0,0.0
715101,2050.0,429.0,124.7,0.0
715113,2069.0,430.0,124.7,0.0
715114,2063.0,430.0,124.7,0.0
715114,2059.0,430.0,124.7,0.0
715114,2065.0,430.0,124.7,0.0
715131,2050.0,430.0,124.7,0.0
715131,2054.0,430.0,124.7,0.0
715131,2055.0,430.0,124.7,0.0
715131,2053.0,430.0,124.7,0.0
715144,2023.0,430.0,124.7,0.0
715145,2021.0,430.0,124.7,0.0
715145,2013.0,430.0,124.7,0.0
715157,2050.0,430.0,124.7,0.0
715158,2052.0,430.0,124.7,0.0
715158,2050.0,430.0,124.7,0.0
715158,2058.0,430.0,124.7,0.0
715175,2079.0,431.0,124.7,0.0
715175,2069.0,431.0,124.7,0.0
715176,2040.0,431.0,124.7,0.0
715176,2061.0,431.0,124.7,0.0
715189,2037.0,431.0,124.7,0.0
715190,2046.0,431.0,124.7,0.0
715190,2037.0,431.0,124.7,0.0
715206,2040.0,431.0,124.7,0.0
715207,2038.0,431.0,124.7,0.0
715207,2044.0,431.0,124.7,0.0
715207,2035.0,431.0,124.7,0.0
715221,2039.0,432.0,124.7,0.0
715221,2033.0,432.0,124.7,0.0
715221,2038.0,432.0,124.7,0.0
715234,2067.0,432.0,124.7,0.0
715234,2064.0,432.0,124.7,0.0
715234,2079.0,432.0,124.7,0.0
715234,2080.0,432.0,124.7,0.0
715251,2055.0,432.0,124.7,0.0
715252,2062.0,432.0,124.7,0.0
715252,2058.0,432.0,124.7,0.0
715252,2057.0,432.0,124.7,0.0
715265,2036.0,433.0,124.7,0.0
715265,2032.0,433.0,124.7,0.0
715265,2022.0,433.0,124.7,0.0
715279,2082.0,433.0,124.7,0.0
715279,2053.0,433.0,124.7,0.0
715279,2056.0,433.0,124.7,0.0
715279,2051.0,433.0,124.7,0.0
715295,2074.0,434.0,124.7,0.0
715296,2106.0,434.0,124.7,0.0
715296,2165.0,434.0,124.7,0.0
715296,2057.0,434.0,124.7,0.0
715310,2046.0,434.0,124.7,0.0
715310,2049.0,434.0,124.7,0.0
715310,2034.0,434.0,124.7,0.0
715326,2019.0,434.0,124.7,0.0
715327,2028.0,434.0,124.7,0.0
715327,2025.0,434.0,124.7,0.0
715327,2035.0,434.0,124.7,0.0
715341,2045.0,435.0,124.7,0.0
715341,2038.0,435.0,124.7,0.0
715341,2040.0,435.0,124.7,0.0
715354,2083.0,435.0,124.7,0.0
715355,2077.0,435.0,124.7,0.0
715355,2061.0,435.0,124.7,0.0
715355,2068.0,435.0,124.7,0.0
715372,2060.0,435.0,124.7,0.0
715373,2063.0,435.0,124.7,0.0
715373,2056.0,435.0,124.7,0.0
715373,2046.0,435.0,124.7,0.0
715386,1997.0,436.0,124.7,0.0
715386,2019.0,436.0,124.7,0.0
715386,2037.0,436.0,124.7,0.0
715400,2059.0,436.0,124.7,0.0
715400,2052.0,436.0,124.7,0.0
715400,2045.0,436.0,124.7,0.0
715400,2051.0,436.0,124.7,0.0
715416,2069.0,436.0,124.7,0.0
715417,2067.0,436.0,124.7,0.0
715417,2066.0,436.0,124.7,0.0
715417,1912.0,436.0,124.7,0.0
715430,2044.0,436.0,124.7,0.0
715431,2043.0,436.0,124.7,0.0
715431,2040.0,436.0,124.7,0.0
715448,2036.0,436.0,124.7,0.0
715448,2035.0,436.0,124.7,0.0
715449,2035.0,436.0,124.7,0.0
715449,2038.0,436.0,124.7,0.0
715461,2038.0,436.0,124.7,0.0
715462,2046.0,436.0,124.7,0.0
715462,2041.0,436.0,124.7,0.0
715475,2082.0,436.0,132.0,0.0
715475,2066.0,436.0,132.0,0.0
715476,2061.0,436.0,132.0,0.0
715476,2063.0,436.0,132.0,0.0
715493,2057.0,437.0,132.0,0.0
715493,2067.0,437.0,132.0,0.0
715493,2061.0,437.0,132.0,0.0
715494,2061.0,437.0,132.0,0.0
715506,2028.0,437.0,132.0,0.0
715507,2032.0,437.0,132.0,0.0
715507,2029.0,437.0,132.0,0.0
715524,2035.0,437.0,132.0,0.0
715524,2028.0,437.0,132.0,0.0
715524,2024.0,437.0,132.0,0.0
715525,2038.0,437.0,132.0,0.0
715538,2059.0,437.0,132.0,0.0
715538,2056.0,437.0,132.0,0.0
715539,2054.0,437.0,132.0,0.0
715551,2046.0,437.0,132.0,0.0
715552,2050.0,437.0,132.0,0.0
715552,2056.0,437.0,132.0,0.0
715552,2058.0,437.0,132.0,0.0
715570,2046.0,437.0,132.0,0.0
715571,2044.0,437.0,132.0,0.0
715571,2047.0,437.0,132.0,0.0
715571,2048.0,437.0,132.0,0.0
715583,2037.0,437.0,132.0,0.0
715584,2028.0,437.0,132.0,0.0
715584,2015.0,437.0,132.0,0.0
715598,2059.0,437.0,132.0,0.0
715598,2059.0,437.0,132.0,0.0
715598,2058.0,437.0,132.0,0.0
715598,2057.0,437.0,132.0,0.0
715614,2048.0,437.0,132.0,0.0
715615,2076.0,437.0,132.0,0.0
715615,2063.0,437.0,132.0,0.0
715615,2059.0,437.0,132.0,0.0
715629,2027.0,437.0,132.0,0.0
715629,2036.0,437.0,132.0,0.0
715629,2033.0,437.0,132.0,0.0
715642,2040.0,437.0,132.0,0.0
715642,2036.0,437.0,132.0,0.0
715642,2040.0,437.0,132.0,0.0
715643,2035.0,437.0,132.0,0.0
715660,2063.0,436.0,132.0,0.0
715660,2061.0,436.0,132.0,0.0
715660,2024.0,436.0,132.0,0.0
715661,2063.0,436.0,132.0,0.0
715673,2031.0,436.0,132.0,0.0
715674,2056.0,436.0,132.0,0.0
715674,2048.0,436.0,132.0,0.0
715691,2041.0,436.0,132.0,0.0
715691,2075.0,436.0,132.0,0.0
715691,2052.0,436.0,132.0,0.0
715692,2053.0,436.0,132.0,0.0
715704,2038.0,436.0,132.0,0.0
715705,2028.0,436.0,132.0,0.0
715705,2031.0,436.0,132.0,0.0
715718,2061.0,437.0,132.0,0.0
715719,2057.0,437.0,132.0,0.0
715720,2054.0,437.0,132.0,0.0
715720,2059.0,437.0,132.0,0.0
715736,2049.0,437.0,132.0,0.0
715736,2068.0,437.0,132.0,0.0
715736,2066.0,437.0,132.0,0.0
715737,2060.0,437.0,132.0,0.0
715750,2038.0,436.0,132.0,0.0
715750,2039.0,436.0,132.0,0.0
715751,2043.0,436.0,132.0,0.0
715768,2028.0,436.0,132.0,0.0
715768,2028.0,436.0,132.0,0.0
715768,2031.0,436.0,132.0,0.0
715768,2028.0,436.0,132.0,0.0
715781,2052.0,436.0,132.0,0.0
715781,2043.0,436.0,132.0,0.0
715782,2047.0,436.0,132.0,0.0
715794,2060.0,436.0,132.0,0.0
715795,2064.0,436.0,132.0,0.0
715795,2066.0,436.0,132.0,0.0
715795,2062.0,436.0,132.0,0.0
715813,2066.0,436.0,132.0,0.0
715813,2063.0,436.0,132.0,0.0
715814,2076.0,436.0,132.0,0.0
715814,2068.0,436.0,132.0,0.0
715827,2033.0,436.0,132.0,0.0
715828,2025.0,436.0,132.0,0.0
715828,2026.0,436.0,132.0,0.0
715840,2077.0,436.0,132.0,0.0
715841,2046.0,436.0,132.0,0.0
715841,2040.0,436.0,132.0,0.0
715841,2048.0,436.0,132.0,0.0
715858,2065.0,435.0,132.0,0.0
715859,2075.0,435.0,132.0,0.0
715859,2063.0,435.0,132.0,0.0
715859,2065.0,435.0,132.0,0.0
715871,2045.0,435.0,132.0,0.0
715872,2044.0,435.0,132.0,0.0
715872,2036.0,435.0,132.0,0.0
715885,2039.0,435.0,132.0,0.0
715885,2043.0,435.0,132.0,0.0
715885,2037.0,435.0,132.0,0.0
715886,2038.0,435.0,132.0,0.0
715902,2058.0,435.0,132.0,0.0
715903,2045.0,435.0,132.0,0.0
715903,2047.0,435.0,132.0,0.0
715903,2054.0,435.0,132.0,0.0
715917,2060.0,435.0,132.0,0.0
715917,2059.0,435.0,132.0,0.0
715917,2065.0,435.0,132.0,0.0
715933,2067.0,435.0,132.0,0.0
715934,2067.0,435.0,132.0,0.0
715934,2066.0,435.0,132.0,0.0
715934,2060.0,435.0,132.0,0.0
715948,2026.0,436.0,132.0,0.0
715948,2037.0,436.0,132.0,0.0
715948,2033.0,436.0,132.0,0.0
715961,2053.0,436.0,132.0,0.0
715961,2048.0,436.0,132.0,0.0
715961,2047.0,436.0,132.0,0.0
715962,2052.0,436.0,132.0,0.0
715978,2078.0,436.0,132.0,0.0
715979,2027.0,436.0,132.0,0.0
715979,2060.0,436.0,132.0,0.0
715979,2060.0,436.0,132.0,0.0
715992,2049.0,435.0,132.0,0.0
715992,2057.0,435.0,132.0,0.0
715992,2037.0,435.0,132.0,0.0
716005,2028.0,435.0,132.0,0.0
716005,2036.0,435.0,132.0,0.0
716006,2030.0,435.0,132.0,0.0
716022,2058.0,435.0,132.0,0.0
716023,2049.0,435.0,132.0,0.0
716023,2025.0,435.0,132.0,0.0
716023,2047.0,435.0,132.0,0.0
716037,2071.0,435.0,132.0,0.0
716037,2065.0,435.0,132.0,0.0
716037,2063.0,435.0,132.0,0.0
716053,2064.0,435.0,132.0,0.0
716054,2063.0,435.0,132.0,0.0
716054,2061.0,435.0,132.0,0.0
716054,2081.0,435.0,132.0,0.0
716068,2030.0,435.0,132.0,0.0
716068,2104.0,435.0,132.0,0.0
716068,2016.0,435.0,132.0,0.0
716081,2051.0,434.0,132.0,0.0
716081,2056.0,434.0,132.0,0.0
716081,2060.0,434.0,132.0,0.0
716082,2071.0,434.0,132.0,0.0
716098,2064.0,434.0,132.0,0.0
716099,2065.0,434.0,132.0,0.0
716099,2062.0,434.0,132.0,0.0
716099,2062.0,434.0,132.0,0.0
716112,2047.0,434.0,132.0,0.0
716112,2015.0,434.0,132.0,0.0
716112,2049.0,434.0,132.0,0.0
716126,2031.0,434.0,132.0,0.0
716126,2028.0,434.0,132.0,0.0
716126,2028.0,434.0,132.0,0.0
716127,2031.0,434.0,132.0,0.0
716142,2050.0,434.0,132.0,0.0
716143,2048.0,434.0,132.0,0.0
716143,2040.0,434.0,132.0,0.0
716143,2044.0,434.0,132.0,0.0
716157,2067.0,434.0,132.0,0.0
716157,2065.0,434.0,132.0,0.0
716157,2063.0,434.0,132.0,0.0
716174,2048.0,434.0,132.0,0.0
716174,2052.0,434.0,132.0,0.0
716174,2078.0,434.0,132.0,0.0
716175,2070.0,434.0,132.0,0.0
716188,2014.0,433.0,132.0,0.0
716189,2014.0,433.0,132.0,0.0
716189,2014.0,433.0,132.0,0.0
716201,2047.0,433.0,132.0,0.0
716202,2046.0,433.0,132.0,0.0
716202,2044.0,433.0,132.0,0.0
716202,2058.0,433.0,132.0,0.0
716219,2068.0,433.0,132.0,0.0
716219,2057.0,433.0,132.0,0.0
716220,2053.0,433.0,132.0,0.0
716220,2057.0,433.0,132.0,0.0
716232,2059.0,433.0,132.0,0.0
716233,2052.0,433.0,132.0,0.0
716233,2048.0,433.0,132.0,0.0
716250,2039.0,433.0,132.0,0.0
716250,2046.0,433.0,132.0,0.0
716250,2038.0,433.0,132.0,0.0
716251,2039.0,433.0,132.0,0.0
716263,2040.0,432.0,132.0,0.0
716263,2041.0,432.0,132.0,0.0
716264,2038.0,432.0,132.0,0.0
716277,2064.0,432.0,132.0,0.0
716278,2065.0,432.0,132.0,0.0
716278,2065.0,432.0,132.0,0.0
716278,2069.0,432.0,132.0,0.0
716296,2067.0,431.0,132.0,0.0
716296,2064.0,431.0,132.0,0.0
716296,2059.0,431.0,132.0,0.0
716297,2062.0,431.0,132.0,0.0
716309,2030.0,431.0,132.0,0.0
716310,2029.0,431.0,132.0,0.0
716310,2031.0,431.0,132.0,0.0
716322,2044.0,431.0,132.0,0.0
716323,2043.0,431.0,132.0,0.0
716323,2042.0,431.0,132.0,0.0
716323,2044.0,431.0,132.0,0.0
716340,2065.0,431.0,132.0,0.0
716340,2059.0,431.0,132.0,0.0
716341,2059.0,431.0,132.0,0.0
716341,2062.0,431.0,132.0,0.0
716353,2066.0,430.0,132.0,0.0
716354,2057.0,430.0,132.0,0.0
716354,2055.0,430.0,132.0,0.0
716371,2045.0,430.0,132.0,0.0
716371,2044.0,430.0,132.0,0.0
716371,2050.0,430.0,132.0,0.0
716371,2051.0,430.0,132.0,0.0
716385,2047.0,430.0,132.0,0.0
716385,2040.0,430.0,132.0,0.0
716386,2031.0,430.0,132.0,0.0
716398,2065.0,430.0,132.0,0.0
716399,2059.0,430.0,132.0,0.0
716399,2062.0,430.0,132.0,0.0
716399,2061.0,430.0,132.0,0.0
716417,2064.0,429.0,132.0,0.0
716417,2073.0,429.0,132.0,0.0
716417,2065.0,429.0,132.0,0.0
716418,2065.0,429.0,132.0,0.0
716430,2016.0,429.0,132.0,0.0
716431,2046.0,429.0,132.0,0.0
716431,2038.0,429.0,132.0,0.0
716443,2040.0,429.0,132.0,0.0
716444,2041.0,429.0,132.0,0.0
716444,2045.0,429.0,132.0,0.0
716461,2067.0,428.0,132.0,0.0
716461,2050.0,428.0,132.0,0.0
716461,2053.0,428.0,132.0,0.0
716461,2050.0,428.0,132.0,0.0
716475,2083.0,428.0,132.0,0.0
716475,2069.0,428.0,132.0,0.0
716475,2063.0,428.0,132.0,0.0
716491,2047.0,428.0,132.0,0.0
716492,2041.0,428.0,132.0,0.0
716492,2049.0,428.0,132.0,0.0
716492,2047.0,428.0,132.0,0.0
716506,2032.0,428.0,132.0,0.0
716506,2028.0,428.0,132.0,0.0
716506,2039.0,428.0,132.0,0.0
716519,2064.0,428.0,132.0,0.0
716519,2049.0,428.0,132.0,0.0
716520,2058.0,428.0,132.0,0.0
716520,2057.0,428.0,132.0,0.0
716537,2065.0,428.0,132.0,0.0
716538,2062.0,428.0,132.0,0.0
716538,2072.0,428.0,132.0,0.0
716538,2066.0,428.0,132.0,0.0
716551,2036.0,428.0,132.0,0.0
716551,2046.0,428.0,132.0,0.0
716552,2037.0,428.0,132.0,0.0
716565,2029.0,428.0,132.0,0.0
716566,2028.0,428.0,132.0,0.0
716566,2030.0,428.0,132.0,0.0
716566,2043.0,428.0,132.0,0.0
716582,2054.0,428.0,132.0,0.0
716582,2058.0,428.0,132.0,0.0
716582,2049.0,428.0,132.0,0.0
716583,2059.0,428.0,132.0,0.0
716596,2075.0,428.0,132.0,0.0
716597,2072.0,428.0,132.0,0.0
716597,2072.0,428.0,132.0,0.0
716613,2045.0,428.0,132.0,0.0
716613,2044.0,428.0,132.0,0.0
716613,2048.0,428.0,132.0,0.0
716613,2047.0,428.0,132.0,0.0
716627,2028.0,428.0,132.0,0.0
716627,2031.0,428.0,132.0,0.0
716628,2034.0,428.0,132.0,0.0
716640,2059.0,428.0,132.0,0.0
716641,2058.0,428.0,132.0,0.0
716641,2046.0,428.0,132.0,0.0
716641,2064.0,428.0,132.0,0.0
716659,2073.0,428.0,132.0,0.0
716659,2071.0,428.0,132.0,0.0
716659,2058.0,428.0,132.0,0.0
716659,2064.0,428.0,132.0,0.0
716672,2046.0,428.0,132.0,0.0
716672,2045.0,428.0,132.0,0.0
716673,2043.0,428.0,132.0,0.0
716686,2038.0,429.0,132.0,0.0
716687,2033.0,429.0,132.0,0.0
716687,2036.0,429.0,132.0,0.0
716687,2037.0,429.0,132.0,0.0
716704,2041.0,429.0,132.0,0.0
716704,2034.0,429.0,132.0,0.0
716704,2029.0,429.0,132.0,0.0
716704,2052.0,429.0,132.0,0.0
716717,2067.0,429.0,132.0,0.0
716717,2058.0,429.0,132.0,0.0
716718,2059.0,429.0,132.0,0.0
716730,2039.0,429.0,132.0,0.0
716731,2047.0,429.0,132.0,0.0
716731,2035.0,429.0,132.0,0.0
716747,2051.0,429.0,132.0,0.0
716748,2027.0,429.0,132.0,0.0
716748,2030.0,429.0,132.0,0.0
716748,2044.0,429.0,132.0,0.0
716761,2059.0,429.0,132.0,0.0
716761,2051.0,429.0,132.0,0.0
716761,2055.0,429.0,132.0,0.0
716778,2072.0,428.0,132.0,0.0
716779,2068.0,428.0,132.0,0.0
716779,2067.0,428.0,132.0,0.0
716779,2063.0,428.0,132.0,0.0
716792,2035.0,428.0,132.0,0.0
716792,2040.0,428.0,132.0,0.0
716792,2039.0,428.0,132.0,0.0
716806,2028.0,429.0,132.0,0.0
716806,2027.0,429.0,132.0,0.0
716807,2042.0,429.0,132.0,0.0
716807,1987.0,429.0,132.0,0.0
716823,2050.0,429.0,132.0,0.0
716824,2043.0,429.0,132.0,0.0
716824,2040.0,429.0,132.0,0.0
716824,2039.0,429.0,132.0,0.0
716837,2067.0,429.0,132.0,0.0
716837,2065.0,429.0,132.0,0.0
716837,2061.0,429.0,132.0,0.0
716854,2057.0,429.0,132.0,0.0
716854,2058.0,429.0,132.0,0.0
716855,2059.0,429.0,132.0,0.0
716855,2047.0,429.0,132.0,0.0
716867,2012.0,429.0,132.0,0.0
716868,2017.0,429.0,132.0,0.0
716868,2023.0,429.0,132.0,0.0
716881,2063.0,429.0,132.0,0.0
716881,2059.0,429.0,132.0,0.0
716881,2055.0,429.0,132.0,0.0
716899,2066.0,429.0,132.0,0.0
716899,2062.0,429.0,132.0,0.0
716900,2065.0,429.0,132.0,0.0
716900,2065.0,429.0,132.0,0.0
716913,2048.0,429.0,132.0,0.0
716914,2051.0,429.0,132.0,0.0
716914,2055.0,429.0,132.0,0.0
716926,2030.0,429.0,132.0,0.0
716927,2035.0,429.0,132.0,0.0
716927,2027.0,429.0,132.0,0.0
716927,1996.0,429.0,132.0,0.0
716944,2046.0,429.0,132.0,0.0
716944,2055.0,429.0,132.0,0.0
716945,2046.0,429.0,132.0,0.0
716945,2046.0,429.0,132.0,0.0
716957,2067.0,429.0,132.0,0.0
716958,2057.0,429.0,132.0,0.0
716958,2045.0,429.0,132.0,0.0
716975,2048.0,429.0,132.0,0.0
716975,2064.0,429.0,132.0,0.0
716976,2070.0,429.0,132.0,0.0
716976,2064.0,429.0,132.0,0.0
716989,1969.0,429.0,132.0,0.0
716989,1971.0,429.0,132.0,0.0
716990,1980.0,429.0,132.0,0.0
717003,2045.0,429.0,132.0,0.0
717004,2049.0,429.0,132.0,0.0
717004,2048.0,429.0,132.0,0.0
717004,2047.0,429.0,132.0,0.0
717021,2059.0,429.0,132.0,0.0
717021,2053.0,429.0,132.0,0.0
717021,2051.0,429.0,132.0,0.0
717022,2060.0,429.0,132.0,0.0
717035,2066.0,430.0,132.0,0.0
717036,2062.0,430.0,132.0,0.0
717036,2051.0,430.0,132.0,0.0
717048,2038.0,430.0,132.0,0.0
717049,2034.0,430.0,132.0,0.0
717049,2033.0,430.0,132.0,0.0
717049,2020.0,430.0,132.0,0.0
717066,2023.0,430.0,132.0,0.0
717067,2035.0,430.0,132.0,0.0
717067,2040.0,430.0,132.0,0.0
717067,2044.0,430.0,132.0,0.0
717079,2066.0,430.0,132.0,0.0
717080,2052.0,430.0,132.0,0.0
717080,2056.0,430.0,132.0,0.0
717097,2072.0,431.0,132.0,0.0
717098,2076.0,431.0,132.0,0.0
717098,2064.0,431.0,132.0,0.0
717098,2035.0,431.0,132.0,0.0
717112,2028.0,431.0,132.0,0.0
717113,2040.0,431.0,132.0,0.0
717113,2047.0,431.0,132.0,0.0
717128,2031.0,431.0,132.0,0.0
717129,2053.0,431.0,132.0,0.0
717129,2035.0,431.0,132.0,0.0
717129,2030.0,431.0,132.0,0.0
717143,2047.0,431.0,132.0,0.0
717144,2045.0,431.0,132.0,0.0
717144,2037.0,431.0,132.0,0.0
717157,2055.0,431.0,132.0,0.0
717157,2062.0,431.0,132.0,0.0
717157,2067.0,431.0,132.0,0.0
717157,2067.0,431.0,132.0,0.0
717174,2042.0,431.0,132.0,0.0
717175,2050.0,431.0,132.0,0.0
717175,2047.0,431.0,132.0,0.0
717175,2061.0,431.0,132.0,0.0
717187,2026.0,432.0,132.0,0.0
717188,2029.0,432.0,132.0,0.0
717188,2025.0,432.0,132.0,0.0
717205,2029.0,432.0,132.0,0.0
717206,2057.0,432.0,132.0,0.0
717206,2050.0,432.0,132.0,0.0
717206,2039.0,432.0,132.0,0.0
717219,2060.0,432.0,132.0,0.0
717219,2070.0,432.0,132.0,0.0
717219,2060.0,432.0,132.0,0.0
717233,2044.0,433.0,132.0,0.0
717233,2047.0,433.0,132.0,0.0
717233,2055.0,433.0,132.0,0.0
717233,2056.0,433.0,132.0,0.0
717249,2020.0,433.0,132.0,0.0
717250,2033.0,433.0,132.0,0.0
717250,2031.0,433.0,132.0,0.0
717250,2028.0,433.0,132.0,0.0
717264,2039.0,433.0,132.0,0.0
717264,2039.0,433.0,132.0,0.0
717264,2036.0,433.0,132.0,0.0
717280,2054.0,433.0,132.0,0.0
717281,2056.0,433.0,132.0,0.0
717281,2059.0,433.0,132.0,0.0
717281,2061.0,433.0,132.0,0.0
717295,2061.0,434.0,132.0,0.0
717295,2049.0,434.0,132.0,0.0
717295,2052.0,434.0,132.0,0.0
717308,2029.0,434.0,132.0,0.0
717308,2029.0,434.0,132.0,0.0
717309,2035.0,434.0,132.0,0.0
717309,2036.0,434.0,132.0,0.0
717326,2028.0,434.0,132.0,0.0
717327,2032.0,434.0,132.0,0.0
717327,2032.0,434.0,132.0,0.0
717327,2047.0,434.0,132.0,0.0
717340,2059.0,435.0,132.0,0.0
717340,2070.0,435.0,132.0,0.0
717340,2053.0,435.0,132.0,0.0
717354,2053.0,435.0,132.0,0.0
717354,2059.0,435.0,132.0,0.0
717355,2053.0,435.0,132.0,0.0
717355,2057.0,435.0,132.0,0.0
717372,2038.0,436.0,132.0,0.0
717372,2038.0,436.0,132.0,0.0
717372,2047.0,436.0,132.0,0.0
717372,2040.0,436.0,132.0,0.0
717385,2035.0,436.0,132.0,0.0
717385,2033.0,436.0,132.0,0.0
717386,2037.0,436.0,132.0,0.0
717398,2052.0,436.0,132.0,0.0
717399,2056.0,436.0,132.0,0.0
717399,2063.0,436.0,132.0,0.0
717399,2073.0,436.0,132.0,0.0
717416,2068.0,437.0,132.0,0.0
717416,2064.0,437.0,132.0,0.0
717417,2064.0,437.0,132.0,0.0
717417,2068.0,437.0,132.0,0.0
717429,2033.0,438.0,132.0,0.0
717430,2032.0,438.0,132.0,0.0
717431,2027.0,438.0,132.0,0.0
717448,2023.0,438.0,132.0,0.0
717448,2030.0,438.0,132.0,0.0
717448,2006.0,438.0,132.0,0.0
717449,2034.0,438.0,132.0,0.0
717462,2050.0,439.0,132.0,0.0
717463,2042.0,439.0,132.0,0.0
717463,2050.0,439.0,132.0,0.0
717475,2039.0,439.0,132.0,0.0
717476,2061.0,439.0,93.9,0.0
717476,2074.0,439.0,93.9,0.0
717476,2060.0,439.0,93.9,0.0
717493,2048.0,439.0,93.9,0.0
717494,2059.0,439.0,93.9,0.0
717494,2059.0,439.0,93.9,0.0
717494,2050.0,439.0,93.9,0.0
717507,2036.0,439.0,93.9,0.0
717507,2026.0,439.0,93.9,0.0
717507,2033.0,439.0,93.9,0.0
717521,2063.0,439.0,93.9,0.0
717521,2060.0,439.0,93.9,0.0
717522,2057.0,439.0,93.9,0.0
717522,2054.0,439.0,93.9,0.0
717537,2067.0,439.0,93.9,0.0
717538,2074.0,439.0,93.9,0.0
717538,2057.0,439.0,93.9,0.0
717538,2063.0,439.0,93.9,0.0
717552,2058.0,439.0,93.9,0.0
717552,2042.0,439.0,93.9,0.0
717552,2027.0,439.0,93.9,0.0
717569,2029.0,439.0,93.9,0.0
717569,2025.0,439.0,93.9,0.0
717569,2038.0,439.0,93.9,0.0
717570,2015.0,439.0,93.9,0.0
717583,2054.0,439.0,93.9,0.0
717584,2042.0,439.0,93.9,0.0
717584,2045.0,439.0,93.9,0.0
717596,2074.0,439.0,93.9,0.0
717597,2068.0,439.0,93.9,0.0
717597,2077.0,439.0,93.9,0.0
717597,2077.0,439.0,93.9,0.0
717614,2049.0,439.0,93.9,0.0
717614,2046.0,439.0,93.9,0.0
717615,2058.0,439.0,93.9,0.0
717615,2055.0,439.0,93.9,0.0
717627,2041.0,439.0,93.9,0.0
717628,2023.0,439.0,93.9,0.0
717628,2034.0,439.0,93.9,0.0
717645,2049.0,439.0,93.9,0.0
717645,2050.0,439.0,93.9,0.0
717645,2041.0,439.0,93.9,0.0
717646,2041.0,439.0,93.9,0.0
717658,2063.0,439.0,93.9,0.0
717659,2059.0,439.0,93.9,0.0
717659,2060.0,439.0,93.9,0.0
717672,2037.0,439.0,93.9,0.0
717673,2037.0,439.0,93.9,0.0
717673,2043.0,439.0,93.9,0.0
717673,2044.0,439.0,93.9,0.0
717691,2125.0,439.0,93.9,0.0
717691,2031.0,439.0,93.9,0.0
717692,2042.0,439.0,93.9,0.0
717692,2042.0,439.0,93.9,0.0
717704,2043.0,439.0,93.9,0.0
717705,2037.0,439.0,93.9,0.0
717705,2038.0,439.0,93.9,0.0
717718,2094.0,439.0,93.9,0.0
717718,2065.0,439.0,93.9,0.0
717718,2064.0,439.0,93.9,0.0
717718,2064.0,439.0,93.9,0.0
717735,2060.0,438.0,93.9,0.0
717736,2068.0,438.0,93.9,0.0
717736,2058.0,438.0,93.9,0.0
717737,2076.0,438.0,93.9,0.0
717751,2029.0,438.0,93.9,0.0
717751,2030.0,438.0,93.9,0.0
717751,2038.0,438.0,93.9,0.0
717752,2038.0,438.0,93.9,0.0
717767,2008.0,438.0,93.9,0.0
717768,2030.0,438.0,93.9,0.0
717768,2011.0,438.0,93.9,0.0
717768,2029.0,438.0,93.9,0.0
717782,2071.0,438.0,93.9,0.0
717782,2053.0,438.0,93.9,0.0
717782,2048.0,438.0,93.9,0.0
717795,2059.0,437.0,93.9,0.0
717796,2073.0,437.0,93.9,0.0
717796,2075.0,437.0,93.9,0.0
717796,2058.0,437.0,93.9,0.0
717814,2046.0,437.0,93.9,0.0
717814,2058.0,437.0,93.9,0.0
717814,2046.0,437.0,93.9,0.0
717815,2044.0,437.0,93.9,0.0
717827,2031.0,437.0,93.9,0.0
717828,2034.0,437.0,93.9,0.0
717828,2041.0,437.0,93.9,0.0
717841,2056.0,436.0,93.9,0.0
717842,2057.0,436.0,93.9,0.0
717842,2054.0,436.0,93.9,0.0
717842,2063.0,436.0,93.9,0.0
717858,2069.0,436.0,93.9,0.0
717859,2061.0,436.0,93.9,0.0
717859,2067.0,436.0,93.9,0.0
717859,2065.0,436.0,93.9,0.0
717872,2041.0,436.0,93.9,0.0
717873,2041.0,436.0,93.9,0.0
717873,2042.0,436.0,93.9,0.0
717890,2041.0,436.0,93.9,0.0
717891,2031.0,436.0,93.9,0.0
717891,2037.0,436.0,93.9,0.0
717891,2039.0,436.0,93.9,0.0
717904,2044.0,436.0,93.9,0.0
717904,2038.0,436.0,93.9,0.0
717905,2034.0,436.0,93.9,0.0
717917,2065.0,436.0,93.9,0.0
717918,2066.0,436.0,93.9,0.0
717918,2066.0,436.0,93.9,0.0
717918,2062.0,436.0,93.9,0.0
717936,2057.0,436.0,93.9,0.0
717936,2059.0,436.0,93.9,0.0
717936,2071.0,436.0,93.9,0.0
717936,2056.0,436.0,93.9,0.0
717950,2023.0,436.0,93.9,0.0
717950,2028.0,436.0,93.9,0.0
717951,2021.0,436.0,93.9,0.0
717963,2056.0,436.0,93.9,0.0
717964,2059.0,436.0,93.9,0.0
717964,2044.0,436.0,93.9,0.0
717964,2052.0,436.0,93.9,0.0
717981,2067.0,436.0,93.9,0.0
717981,2063.0,436.0,93.9,0.0
717981,2051.0,436.0,93.9,0.0
717982,2069.0,436.0,93.9,0.0
717994,2049.0,436.0,93.9,0.0
717994,2051.0,436.0,93.9,0.0
717995,2046.0,436.0,93.9,0.0
718007,2036.0,436.0,93.9,0.0
718008,2033.0,436.0,93.9,0.0
718008,2035.0,436.0,93.9,0.0
718008,2033.0,436.0,93.9,0.0
718025,2050.0,436.0,93.9,0.0
718026,2043.0,436.0,93.9,0.0
718026,2049.0,436.0,93.9,0.0
718026,2022.0,436.0,93.9,0.0
718040,2059.0,436.0,93.9,0.0
718040,2028.0,436.0,93.9,0.0
718040,2021.0,436.0,93.9,0.0
718041,2063.0,436.0,93.9,0.0
718057,2060.0,436.0,93.9,0.0
718057,2061.0,436.0,93.9,0.0
718058,2042.0,436.0,93.9,0.0
718058,2060.0,436.0,93.9,0.0
718071,2040.0,435.0,93.9,0.0
718072,2030.0,435.0,93.9,0.0
718072,2030.0,435.0,93.9,0.0
718084,2055.0,435.0,93.9,0.0
718085,2056.0,435.0,93.9,0.0
718085,2041.0,435.0,93.9,0.0
718085,2044.0,435.0,93.9,0.0
718102,2054.0,435.0,93.9,0.0
718102,2047.0,435.0,93.9,0.0
718103,2052.0,435.0,93.9,0.0
718103,2056.0,435.0,93.9,0.0
718115,2051.0,435.0,93.9,0.0
718116,2095.0,435.0,93.8,0.0
718116,2052.0,435.0,93.8,0.0
718133,2030.0,435.0,93.8,0.0
718133,2020.0,435.0,93.8,0.0
718133,2039.0,435.0,93.8,0.0
718134,2042.0,435.0,93.8,0.0
718146,2035.0,435.0,93.8,0.0
718146,2033.0,435.0,93.8,0.0
718147,2034.0,435.0,93.8,0.0
718160,2063.0,434.0,93.8,0.0
718161,2061.0,434.0,93.8,0.0
718161,2060.0,434.0,93.8,0.0
718161,2064.0,434.0,93.8,0.0
718179,2068.0,433.0,93.8,0.0
718179,2072.0,433.0,93.8,0.0
718180,2069.0,433.0,93.8,0.0
718180,2067.0,433.0,93.8,0.0
718193,2029.0,433.0,93.8,0.0
718193,2044.0,433.0,93.8,0.0
718194,2039.0,433.0,93.8,0.0
718206,2012.0,433.0,93.8,0.0
718207,2032.0,433.0,93.8,0.0
718207,2038.0,433.0,93.8,0.0
718207,2036.0,433.0,93.8,0.0
718224,2057.0,433.0,93.8,0.0
718224,2055.0,433.0,93.8,0.0
718224,2058.0,433.0,93.8,0.0
718225,2047.0,433.0,93.8,0.0
718237,2064.0,433.0,93.8,0.0
718237,2061.0,433.0,93.8,0.0
718238,2048.0,433.0,93.8,0.0
718251,2029.0,432.0,93.8,0.0
718252,2030.0,432.0,93.8,0.0
718252,2028.0,432.0,93.8,0.0
718252,2030.0,432.0,93.8,0.0
718269,2028.0,432.0,93.8,0.0
718269,2028.0,432.0,93.8,0.0
718269,2034.0,432.0,93.8,0.0
718269,2030.0,432.0,93.8,0.0
718282,2058.0,431.0,93.8,0.0
718282,2060.0,431.0,93.8,0.0
718283,2055.0,431.0,93.8,0.0
718299,2072.0,431.0,93.8,0.0
718300,2063.0,431.0,93.8,0.0
718300,2065.0,431.0,93.8,0.0
718300,2070.0,431.0,93.8,0.0
718313,2032.0,431.0,93.8,0.0
718314,2043.0,431.0,93.8,0.0
718314,2065.0,431.0,93.8,0.0
718326,2074.0,430.0,93.8,0.0
718327,2063.0,430.0,93.8,0.0
718327,2073.0,430.0,93.8,0.0
718327,2062.0,430.0,93.8,0.0
718344,2042.0,430.0,93.8,0.0
718345,2044.0,430.0,93.8,0.0
718345,2029.0,430.0,93.8,0.0
718345,2038.0,430.0,93.8,0.0
718359,2057.0,429.0,93.8,0.0
718359,2060.0,429.0,93.8,0.0
718359,2064.0,429.0,93.8,0.0
718375,2044.0,429.0,93.8,0.0
718375,2047.0,429.0,93.8,0.0
718376,2057.0,429.0,93.8,0.0
718376,2050.0,429.0,93.8,0.0
718389,2030.0,429.0,93.8,0.0
718390,2025.0,429.0,93.8,0.0
718390,2041.0,429.0,93.8,0.0
718403,2049.0,428.0,93.8,0.0
718403,2049.0,428.0,93.8,0.0
718403,2047.0,428.0,93.8,0.0
718403,2055.0,428.0,93.8,0.0
718421,2068.0,428.0,93.8,0.0
718422,2068.0,428.0,93.8,0.0
718422,2038.0,428.0,93.8,0.0
718422,2059.0,428.0,93.8,0.0
718435,2043.0,428.0,93.8,0.0
718435,2039.0,428.0,93.8,0.0
718435,2044.0,428.0,93.8,0.0
718449,2033.0,428.0,93.8,0.0
718449,2026.0,428.0,93.8,0.0
718449,2030.0,428.0,93.8,0.0
718449,2025.0,428.0,93.8,0.0
718465,2043.0,428.0,93.8,0.0
718466,2032.0,428.0,93.8,0.0
718466,2009.0,428.0,93.8,0.0
718466,2031.0,428.0,93.8,0.0
718480,2063.0,428.0,93.8,0.0
718480,2047.0,428.0,93.8,0.0
718480,2070.0,428.0,93.8,0.0
718497,2063.0,428.0,93.8,0.0
718498,2063.0,428.0,93.8,0.0
718498,2051.0,428.0,93.8,0.0
718498,2063.0,428.0,93.8,0.0
718511,2019.0,427.0,93.8,0.0
718511,2021.0,427.0,93.8,0.0
718511,2027.0,427.0,93.8,0.0
718524,2068.0,427.0,93.8,0.0
718525,2047.0,427.0,93.8,0.0
718525,2049.0,427.0,93.8,0.0
718525,2054.0,427.0,93.8,0.0
718543,2063.0,428.0,93.8,0.0
718543,2044.0,428.0,93.8,0.0
718544,2052.0,428.0,93.8,0.0
718544,2059.0,428.0,93.8,0.0
718557,2051.0,428.0,93.8,0.0
718558,2047.0,428.0,93.8,0.0
718558,2044.0,428.0,93.8,0.0
718570,2024.0,427.0,93.8,0.0
718571,2012.0,427.0,93.8,0.0
718571,2037.0,427.0,93.8,0.0
718571,2038.0,427.0,93.8,0.0
718588,2035.0,427.0,93.8,0.0
718589,2037.0,427.0,93.8,0.0
718589,2044.0,427.0,93.8,0.0
718589,2035.0,427.0,93.8,0.0
718601,2050.0,427.0,93.8,0.0
718602,2048.0,427.0,93.8,0.0
718602,2043.0,427.0,93.8,0.0
718615,2051.0,427.0,93.8,0.0
718616,2057.0,427.0,93.8,0.0
718616,2054.0,427.0,93.8,0.0
718616,2061.0,427.0,93.8,0.0
718633,2045.0,427.0,93.8,0.0
718634,2059.0,427.0,93.8,0.0
718634,2057.0,427.0,93.8,0.0
718634,2049.0,427.0,93.8,0.0
718648,2024.0,427.0,93.8,0.0
718648,2018.0,427.0,93.8,0.0
718648,2014.0,427.0,93.8,0.0
718649,2016.0,427.0,93.8,0.0
718665,2043.0,427.0,93.8,0.0
718665,2056.0,427.0,93.8,0.0
718665,2048.0,427.0,93.8,0.0
718665,2052.0,427.0,93.8,0.0
718679,2064.0,428.0,93.8,0.0
718679,2060.0,428.0,93.8,0.0
718680,2057.0,428.0,93.8,0.0
718692,2029.0,428.0,93.8,0.0
718693,2051.0,428.0,93.8,0.0
718693,2040.0,428.0,93.8,0.0
718693,2004.0,428.0,93.8,0.0
718710,2030.0,428.0,93.8,0.0
718710,2031.0,428.0,93.8,0.0
718710,2011.0,428.0,93.8,0.0
718711,2028.0,428.0,93.8,0.0
718723,2048.0,428.0,93.8,0.0
718724,2054.0,428.0,93.8,0.0
718724,2049.0,428.0,93.8,0.0
718741,2068.0,428.0,93.8,0.0
718741,2072.0,428.0,93.8,0.0
718741,2062.0,428.0,93.8,0.0
718742,2060.0,428.0,93.8,0.0
718754,2029.0,428.0,93.8,0.0
718755,2043.0,428.0,93.8,0.0
718755,2041.0,428.0,93.8,0.0
718768,2027.0,428.0,93.8,0.0
718769,2037.0,428.0,93.8,0.0
718769,2039.0,428.0,93.8,0.0
718769,2029.0,428.0,93.8,0.0
718787,2049.0,428.0,93.8,0.0
718787,2040.0,428.0,93.8,0.0
718787,2035.0,428.0,93.8,0.0
718788,2048.0,428.0,93.8,0.0
718800,2064.0,428.0,93.9,0.0
718801,2064.0,428.0,93.9,0.0
718801,2055.0,428.0,93.9,0.0
718813,2033.0,428.0,93.9,0.0
718814,2041.0,428.0,93.9,0.0
718814,2045.0,428.0,93.9,0.0
718814,2043.0,428.0,93.9,0.0
718831,2027.0,429.0,93.9,0.0
718831,2026.0,429.0,93.9,0.0
718832,2016.0,429.0,93.9,0.0
718832,2031.0,429.0,93.9,0.0
718844,2054.0,429.0,93.9,0.0
718845,2041.0,429.0,93.9,0.0
718845,2050.0,429.0,93.9,0.0
718862,2070.0,430.0,93.9,0.0
718862,2066.0,430.0,93.9,0.0
718862,2061.0,430.0,93.9,0.0
718862,2055.0,430.0,93.9,0.0
718876,2055.0,430.0,93.9,0.0
718876,2063.0,430.0,93.9,0.0
718877,2059.0,430.0,93.9,0.0
718877,2057.0,430.0,93.9,0.0
718889,2032.0,430.0,93.9,0.0
718890,2033.0,430.0,93.9,0.0
718890,2033.0,430.0,93.9,0.0
718908,2044.0,430.0,93.9,0.0
718908,2040.0,430.0,93.9,0.0
718908,2042.0,430.0,93.9,0.0
718909,2039.0,430.0,93.9,0.0
718921,2076.0,430.0,93.9,0.0
718922,2074.0,430.0,93.9,0.0
718922,2061.0,430.0,93.9,0.0
718934,2038.0,430.0,93.9,0.0
718935,2051.0,430.0,93.9,0.0
718935,2045.0,430.0,93.9,0.0
718935,2043.0,430.0,93.9,0.0
718952,2033.0,430.0,93.9,0.0
718953,2013.0,430.0,93.9,0.0
718953,2029.0,430.0,93.9,0.0
718953,2039.0,430.0,93.9,0.0
718966,2036.0,430.0,93.9,0.0
718967,2039.0,430.0,93.9,0.0
718967,2040.0,430.0,93.9,0.0
718983,2072.0,430.0,93.9,0.0
718983,2058.0,430.0,93.9,0.0
718983,2057.0,430.0,93.9,0.0
718984,2064.0,430.0,93.9,0.0
718997,2066.0,430.0,93.9,0.0
718998,2061.0,430.0,93.9,0.0
718998,2066.0,430.0,93.9,0.0
719010,2031.0,430.0,93.9,0.0
719011,2027.0,430.0,93.9,0.0
719011,2010.0,430.0,93.9,0.0
719011,2039.0,430.0,93.9,0.0
719029,2040.0,430.0,93.9,0.0
719030,2048.0,430.0,93.9,0.0
719030,2045.0,430.0,93.9,0.0
719030,2037.0,430.0,93.9,0.0
719043,2081.0,431.0,93.9,0.0
719043,2068.0,431.0,93.9,0.0
719043,2065.0,431.0,93.9,0.0
719057,2049.0,432.0,93.9,0.0
719057,2054.0,432.0,93.9,0.0
719057,2046.0,432.0,93.9,0.0
719057,2051.0,432.0,93.9,0.0
719073,2032.0,432.0,93.9,0.0
719074,2032.0,432.0,93.9,0.0
719074,2036.0,432.0,93.9,0.0
719074,2037.0,432.0,93.9,0.0
719088,2037.0,432.0,93.9,0.0
719088,2035.0,432.0,93.9,0.0
719088,2043.0,432.0,93.9,0.0
719104,2059.0,432.0,93.9,0.0
719104,2042.0,432.0,93.9,0.0
719105,2055.0,432.0,93.9,0.0
719105,2054.0,432.0,93.9,0.0
719118,2061.0,432.0,93.9,0.0
719119,2065.0,432.0,93.9,0.0
719119,2064.0,432.0,93.9,0.0
719132,2025.0,432.0,93.9,0.0
719132,2038.0,432.0,93.9,0.0
719132,2040.0,432.0,93.9,0.0
719132,2032.0,432.0,93.9,0.0
719150,2030.0,432.0,93.9,0.0
719151,2030.0,432.0,93.9,0.0
719151,2028.0,432.0,93.9,0.0
719151,2042.0,432.0,93.9,0.0
719163,2059.0,432.0,93.9,0.0
719164,2059.0,432.0,93.9,0.0
719164,2045.0,432.0,93.9,0.0
719178,2063.0,432.0,93.8,0.0
719178,2061.0,432.0,93.8,0.0
719178,2063.0,432.0,93.8,0.0
719178,2061.0,432.0,93.8,0.0
719195,2042.0,432.0,93.8,0.0
719196,2046.0,432.0,93.8,0.0
719196,2041.0,432.0,93.8,0.0
719196,2047.0,432.0,93.8,0.0
719208,2037.0,432.0,93.8,0.0
719209,2038.0,432.0,93.8,0.0
719209,2034.0,432.0,93.8,0.0
719222,2047.0,432.0,93.8,0.0
719222,2069.0,432.0,93.8,0.0
719222,2059.0,432.0,93.8,0.0
719222,2091.0,432.0,93.8,0.0
719239,2050.0,433.0,93.8,0.0
719240,2063.0,433.0,93.8,0.0
719240,2065.0,433.0,93.8,0.0
719240,2069.0,433.0,93.8,0.0
719253,2028.0,433.0,93.8,0.0
719253,2034.0,433.0,93.8,0.0
719253,2033.0,433.0,93.8,0.0
719270,2035.0,433.0,93.8,0.0
719271,2031.0,433.0,93.8,0.0
719271,2027.0,433.0,93.8,0.0
719271,2028.0,433.0,93.8,0.0
719285,2051.0,433.0,93.8,0.0
719285,2047.0,433.0,93.8,0.0
719285,2047.0,433.0,93.8,0.0
719298,2059.0,433.0,93.8,0.0
719298,2060.0,433.0,93.8,0.0
719298,2068.0,433.0,93.8,0.0
719299,2060.0,433.0,93.8,0.0
719315,2042.0,434.0,93.8,0.0
719316,2052.0,434.0,93.8,0.0
719316,2053.0,434.0,93.8,0.0
719316,2052.0,434.0,93.8,0.0
719329,2060.0,434.0,93.8,0.0
719329,2015.0,434.0,93.8,0.0
719329,2035.0,434.0,93.8,0.0
719342,2065.0,434.0,93.8,0.0
719342,2065.0,434.0,93.8,0.0
719343,2063.0,434.0,93.8,0.0
719343,2070.0,434.0,93.8,0.0
719359,2069.0,434.0,93.8,0.0
719360,2064.0,434.0,93.8,0.0
719360,2069.0,434.0,93.8,0.0
719360,2071.0,434.0,93.8,0.0
719373,2011.0,435.0,93.8,0.0
719373,2029.0,435.0,93.8,0.0
719373,2026.0,435.0,93.8,0.0
719390,2044.0,435.0,93.8,0.0
719391,2030.0,435.0,93.8,0.0
719391,2047.0,435.0,93.8,0.0
719391,2049.0,435.0,93.8,0.0
719405,2056.0,435.0,93.8,0.0
719405,2055.0,435.0,93.8,0.0
719405,2048.0,435.0,93.8,0.0
719406,2050.0,435.0,93.8,0.0
719418,2068.0,435.0,93.8,0.0
719419,2064.0,435.0,93.8,0.0
719419,2063.0,435.0,93.8,0.0
719436,2048.0,436.0,93.8,0.0
719436,2053.0,436.0,93.8,0.0
719437,2048.0,436.0,93.8,0.0
719437,2059.0,436.0,93.8,0.0
719449,2039.0,436.0,93.8,0.0
719450,2035.0,436.0,93.8,0.0
719450,2027.0,436.0,93.8,0.0
719467,2077.0,437.0,93.8,0.0
719467,2049.0,437.0,93.8,0.0
719467,2048.0,437.0,93.8,0.0
719467,2048.0,437.0,93.8,0.0
719480,2072.0,437.0,93.8,0.0
719480,2064.0,437.0,93.8,0.0
719481,2073.0,437.0,93.8,0.0
719494,2039.0,437.0,93.8,0.0
719495,2039.0,437.0,93.8,0.0
719495,2039.0,437.0,93.8,0.0
719495,2043.0,437.0,93.8,0.0
719512,2031.0,437.0,93.8,0.0
719512,2032.0,437.0,93.8,0.0
719512,2042.0,437.0,93.8,0.0
719513,2038.0,437.0,93.8,0.0
719526,2051.0,438.0,93.8,0.0
719526,2045.0,438.0,93.8,0.0
719527,2046.0,438.0,93.8,0.0
719539,2067.0,438.0,136.3,0.0
719540,2061.0,438.0,136.3,0.0
719540,2071.0,438.0,136.3,0.0
719540,2063.0,438.0,136.3,0.0
719557,2047.0,438.0,136.3,0.0
719557,2058.0,438.0,136.3,0.0
719557,2056.0,438.0,136.3,0.0
719558,2058.0,438.0,136.3,0.0
719570,2034.0,438.0,136.3,0.0
719570,2035.0,438.0,136.3,0.0
719571,2043.0,438.0,136.3,0.0
719584,2056.0,438.0,136.3,0.0
719585,2057.0,438.0,136.3,0.0
719585,2058.0,438.0,136.3,0.0
719585,2059.0,438.0,136.3,0.0
719601,2108.0,438.0,136.3,0.0
719601,2070.0,438.0,136.3,0.0
719601,2064.0,438.0,136.3,0.0
719601,2067.0,438.0,136.3,0.0
719615,2034.0,439.0,136.3,0.0
719615,2040.0,439.0,136.3,0.0
719616,2041.0,439.0,136.3,0.0
719631,2032.0,439.0,136.3,0.0
719632,2039.0,439.0,136.3,0.0
719632,2040.0,439.0,136.3,0.0
719632,2056.0,439.0,136.3,0.0
719646,2052.0,438.0,136.3,0.0
719646,2054.0,438.0,136.3,0.0
719646,2052.0,438.0,136.3,0.0
719659,2071.0,438.0,136.3,0.0
719659,2071.0,438.0,136.3,0.0
719660,2061.0,438.0,136.3,0.0
719660,2066.0,438.0,136.3,0.0
719677,2052.0,438.0,136.3,0.0
719677,2056.0,438.0,136.3,0.0
719677,2055.0,438.0,136.3,0.0
719677,2055.0,438.0,136.3,0.0
719690,2034.0,438.0,136.3,0.0
719690,2044.0,438.0,136.3,0.0
719691,2028.0,438.0,136.3,0.0
719704,2061.0,438.0,136.3,0.0
719704,2054.0,438.0,136.3,0.0
719705,2058.0,438.0,136.3,0.0
719705,2061.0,438.0,136.3,0.0
719720,2062.0,438.0,136.3,0.0
719721,2072.0,438.0,136.3,0.0
719721,2068.0,438.0,136.3,0.0
719721,2073.0,438.0,136.3,0.0
719735,2042.0,438.0,136.3,0.0
719735,2037.0,438.0,136.3,0.0
719735,2040.0,438.0,136.3,0.0
719751,2025.0,438.0,136.3,0.0
719752,2034.0,438.0,136.3,0.0
719752,2036.0,438.0,136.3,0.0
719752,2021.0,438.0,136.3,0.0
719766,2056.0,438.0,136.3,0.0
719766,2054.0,438.0,136.3,0.0
719766,2050.0,438.0,136.3,0.0
719779,2070.0,437.0,136.3,0.0
719779,2067.0,437.0,136.3,0.0
719780,2078.0,437.0,136.3,0.0
719780,2054.0,437.0,136.3,0.0
719797,2052.0,437.0,136.3,0.0
719797,2050.0,437.0,136.3,0.0
719797,2062.0,437.0,136.3,0.0
719798,2045.0,437.0,136.3,0.0
719810,2029.0,437.0,136.3,0.0
719811,2030.0,437.0,136.3,0.0
719811,2034.0,437.0,136.3,0.0
719829,2050.0,437.0,136.3,0.0
719829,2040.0,437.0,136.3,0.0
719829,2042.0,437.0,136.3,0.0
719829,2052.0,437.0,136.3,0.0
719843,2066.0,437.0,136.3,0.0
719843,2065.0,437.0,136.3,0.0
719844,2057.0,437.0,136.3,0.0
719856,2002.0,437.0,136.3,0.0
719857,2016.0,437.0,136.3,0.0
719857,2003.0,437.0,136.3,0.0
719857,2005.0,437.0,136.3,0.0
719875,2036.0,437.0,136.3,0.0
719876,2044.0,437.0,136.3,0.0
719876,2048.0,437.0,136.3,0.0
719876,2048.0,437.0,136.3,0.0
719889,2045.0,437.0,136.3,0.0
719889,2030.0,437.0,136.3,0.0
719889,2029.0,437.0,136.3,0.0
719903,2064.0,437.0,136.3,0.0
719903,2069.0,437.0,168.7,0.0
719903,2062.0,437.0,168.7,0.0
719904,2062.0,437.0,168.7,0.0
719919,2074.0,437.0,168.7,0.0
719920,2094.0,437.0,168.7,0.0
719920,2066.0,437.0,168.7,0.0
719920,2064.0,437.0,168.7,0.0
719934,2028.0,438.0,168.7,0.0
719934,2014.0,438.0,168.7,0.0
719934,2039.0,438.0,168.7,0.0
719950,2032.0,438.0,168.7,0.0
719951,2032.0,438.0,168.7,0.0
719951,2032.0,438.0,168.7,0.0
719951,2029.0,438.0,168.7,0.0
719965,2070.0,437.0,168.7,0.0
719965,2063.0,437.0,168.7,0.0
719966,2064.0,437.0,168.7,0.0
719978,2068.0,437.0,168.7,0.0
719979,2057.0,437.0,168.7,0.0
719979,2056.0,437.0,168.7,0.0
719979,2063.0,437.0,168.7,0.0
719997,2045.0,437.0,168.7,0.0
719997,2049.0,437.0,168.7,0.0
719997,2055.0,437.0,168.7,0.0
719998,2049.0,437.0,168.7,0.0
720010,2033.0,437.0,168.7,0.0
720011,2032.0,437.0,168.7,0.0
720011,2042.0,437.0,168.7,0.0
720024,2058.0,436.0,168.7,0.0
720025,2039.0,436.0,168.7,0.0
720025,2054.0,436.0,168.7,0.0
720026,2057.0,436.0,168.7,0.0
720042,2064.0,436.0,168.7,0.0
720043,2066.0,436.0,168.7,0.0
720043,2073.0,436.0,168.7,0.0
720043,2066.0,436.0,168.7,0.0
720056,2038.0,436.0,168.7,0.0
720056,2036.0,436.0,168.7,0.0
720056,2040.0,436.0,168.7,0.0
720073,2028.0,436.0,168.7,0.0
720073,2026.0,436.0,168.7,0.0
720074,2030.0,436.0,168.7,0.0
720074,2031.0,436.0,168.7,0.0
720086,2045.0,436.0,168.7,0.0
720087,2056.0,436.0,168.7,0.0
720087,2042.0,436.0,168.7,0.0
720100,2064.0,436.0,168.7,0.0
720100,2063.0,436.0,168.7,0.0
720100,2053.0,436.0,168.7,0.0
720100,2068.0,436.0,168.7,0.0
720118,2058.0,436.0,168.7,0.0
720119,2074.0,436.0,168.7,0.0
720119,2064.0,436.0,168.7,0.0
720119,2061.0,436.0,168.7,0.0
720133,2016.0,436.0,168.7,0.0
720133,2033.0,436.0,168.7,0.0
720133,2040.0,436.0,168.7,0.0
720146,2049.0,436.0,168.7,0.0
720147,2055.0,436.0,168.7,0.0
720147,2050.0,436.0,168.7,0.0
720147,2056.0,436.0,168.7,0.0
720164,2063.0,436.0,168.7,0.0
720164,2053.0,436.0,168.7,0.0
720164,2057.0,436.0,168.7,0.0
720165,2059.0,436.0,168.7,0.0
720177,2045.0,435.0,168.7,0.0
720177,2048.0,435.0,168.7,0.0
720178,2030.0,435.0,168.7,0.0
720190,2032.0,435.0,168.7,0.0
720191,2031.0,435.0,168.7,0.0
720191,2030.0,435.0,168.7,0.0
720208,2051.0,435.0,168.7,0.0
720208,2045.0,435.0,168.7,0.0
720208,2053.0,435.0,168.7,0.0
720208,2045.0,435.0,168.7,0.0
720222,2065.0,434.0,168.7,0.0
720222,2066.0,434.0,168.7,0.0
720223,2061.0,434.0,168.7,0.0
720238,2062.0,434.0,168.7,0.0
720239,2063.0,434.0,168.7,0.0
720239,2060.0,434.0,168.7,0.0
720239,2060.0,434.0,168.7,0.0
720253,2028.0,434.0,168.7,0.0
720253,2029.0,434.0,168.7,0.0
720254,2027.0,434.0,168.7,0.0
720266,2003.0,434.0,168.7,0.0
720267,2013.0,434.0,168.7,0.0
720267,2011.0,434.0,168.7,0.0
720267,2011.0,434.0,168.7,0.0
720284,2096.0,434.0,161.7,0.0
720285,2088.0,434.0,161.7,0.0
720285,2094.0,434.0,161.7,0.0
720285,2092.0,434.0,161.7,0.0
720298,2034.0,434.0,161.7,0.0
720298,2043.0,434.0,161.7,0.0
720298,2038.0,434.0,161.7,0.0
720315,2044.0,434.0,161.7,0.0
720316,2037.0,434.0,161.7,0.0
720316,2043.0,434.0,161.7,0.0
720316,2039.0,434.0,161.7,0.0
720329,2034.0,433.0,161.7,0.0
720329,2035.0,433.0,161.7,0.0
720329,2039.0,433.0,161.7,0.0
720343,2068.0,432.0,161.7,0.0
720343,2066.0,432.0,161.7,0.0
720343,2063.0,432.0,161.7,0.0
720344,2061.0,432.0,161.7,0.0
720362,2065.0,432.0,161.7,0.0
720362,2063.0,432.0,161.7,0.0
720362,2066.0,432.0,161.7,0.0
720362,2068.0,432.0,161.7,0.0
720375,2030.0,432.0,161.7,0.0
720376,2034.0,432.0,161.7,0.0
720376,2035.0,432.0,161.7,0.0
720388,2040.0,431.0,161.7,0.0
720389,2071.0,431.0,161.7,0.0
720389,2050.0,431.0,161.7,0.0
720389,2049.0,431.0,161.7,0.0
720406,2058.0,430.0,161.7,0.0
720407,2064.0,430.0,161.7,0.0
720407,2057.0,430.0,161.7,0.0
720407,2049.0,430.0,161.7,0.0
720419,2047.0,430.0,161.7,0.0
720420,2060.0,430.0,161.7,0.0
720420,2055.0,430.0,161.7,0.0
720434,2035.0,429.0,161.7,0.0
720434,2028.0,429.0,161.7,0.0
720434,2036.0,429.0,161.7,0.0
720435,2031.0,429.0,161.7,0.0
720451,2025.0,428.0,161.7,0.0
720452,2023.0,428.0,161.7,0.0
720452,2027.0,428.0,161.7,0.0
720452,2031.0,428.0,161.7,0.0
720465,2045.0,428.0,161.7,0.0
720465,2055.0,428.0,161.7,0.0
720465,2052.0,428.0,161.7,0.0
720482,2074.0,428.0,161.7,0.0
720483,2052.0,428.0,161.7,0.0
720483,2066.0,428.0,161.7,0.0
720483,2064.0,428.0,161.7,0.0
720496,2029.0,427.0,161.7,0.0
720496,2035.0,427.0,161.7,0.0
720496,2046.0,427.0,161.7,0.0
720509,2040.0,427.0,161.7,0.0
720509,2039.0,427.0,161.7,0.0
720510,2038.0,427.0,161.7,0.0
720510,2042.0,427.0,161.7,0.0
720526,2065.0,426.0,161.7,0.0
720527,2058.0,426.0,161.7,0.0
720527,2040.0,426.0,161.7,0.0
720527,2057.0,426.0,161.7,0.0
720541,2061.0,426.0,161.7,0.0
720541,2067.0,426.0,161.7,0.0
720541,2066.0,426.0,161.7,0.0
720557,2056.0,426.0,161.7,0.0
720558,2050.0,426.0,161.7,0.0
720558,2059.0,426.0,161.7,0.0
720558,2056.0,426.0,161.7,0.0
720572,2042.0,426.0,161.7,0.0
720573,2011.0,426.0,161.7,0.0
720573,1991.0,426.0,161.7,0.0
720573,1995.0,426.0,161.7,0.0
720586,2074.0,426.0,170.5,0.0
720586,2050.0,426.0,170.5,0.0
720587,2054.0,426.0,170.5,0.0
720604,2064.0,426.0,170.5,0.0
720604,2063.0,426.0,170.5,0.0
720604,2063.0,426.0,170.5,0.0
720605,2065.0,426.0,170.5,0.0
720617,2044.0,426.0,170.5,0.0
720618,2050.0,426.0,170.5,0.0
720618,2050.0,426.0,170.5,0.0
720631,2046.0,426.0,170.5,0.0
720632,2023.0,426.0,170.5,0.0
720633,2027.0,426.0,170.5,0.0
720633,2040.0,426.0,170.5,0.0
720649,2048.0,426.0,170.5,0.0
720649,2051.0,426.0,170.5,0.0
720649,2047.0,426.0,170.5,0.0
720650,2043.0,426.0,170.5,0.0
720663,2066.0,425.0,170.5,0.0
720664,2043.0,425.0,170.5,0.0
720664,2056.0,425.0,170.5,0.0
720680,2063.0,425.0,170.5,0.0
720681,2066.0,425.0,170.5,0.0
720681,2067.0,425.0,170.5,0.0
720681,2093.0,425.0,170.5,0.0
720694,2036.0,425.0,170.5,0.0
720694,2025.0,425.0,170.5,0.0
720695,2017.0,425.0,170.5,0.0
720707,2056.0,425.0,170.5,0.0
720708,2056.0,425.0,170.5,0.0
720708,2048.0,425.0,170.5,0.0
720708,2047.0,425.0,170.5,0.0
720726,2068.0,425.0,170.5,0.0
720727,2012.0,425.0,170.5,0.0
720727,2029.0,425.0,170.5,0.0
720730,2036.0,425.0,170.5,0.0
720743,2076.0,425.0,170.5,0.0
720743,2063.0,425.0,170.5,0.0
720743,2060.0,425.0,170.5,0.0
720744,2047.0,425.0,170.5,0.0
720761,2060.0,425.0,170.5,0.0
720761,2067.0,425.0,170.5,0.0
720761,2070.0,425.0,170.5,0.0
720762,2075.0,425.0,170.5,0.0
720774,2021.0,425.0,170.5,0.0
720775,2018.0,425.0,170.5,0.0
720775,2025.0,425.0,170.5,0.0
720787,2053.0,425.0,170.5,0.0
720788,2067.0,425.0,170.5,0.0
720788,2039.0,425.0,170.5,0.0
720805,2075.0,425.0,170.5,0.0
720805,2065.0,425.0,170.5,0.0
720805,2064.0,425.0,170.5,0.0
720805,2059.0,425.0,170.5,0.0
720818,2051.0,425.0,170.5,0.0
720818,2050.0,425.0,170.5,0.0
720819,2045.0,425.0,170.5,0.0
720836,2032.0,425.0,170.5,0.0
720836,2044.0,425.0,170.5,0.0
720836,2045.0,425.0,170.5,0.0
720837,2035.0,425.0,170.5,0.0
720850,2040.0,425.0,170.5,0.0
720851,2032.0,425.0,170.5,0.0
720851,2039.0,425.0,170.5,0.0
720864,2075.0,425.0,170.5,0.0
720864,2060.0,425.0,170.5,0.0
720864,2068.0,425.0,170.5,0.0
720864,2055.0,425.0,170.5,0.0
720882,2066.0,425.0,170.5,0.0
720882,2075.0,425.0,170.5,0.0
720882,2066.0,425.0,170.5,0.0
720883,2063.0,425.0,170.5,0.0
720895,2038.0,425.0,170.5,0.0
720895,2028.0,425.0,170.5,0.0
720896,2018.0,425.0,170.5,0.0
720909,2037.0,425.0,170.5,0.0
720910,2004.0,425.0,170.5,0.0
720910,2060.0,425.0,175.1,0.0
720910,2020.0,425.0,175.1,0.0
720926,2064.0,426.0,175.1,0.0
720926,2042.0,426.0,175.1,0.0
720926,2058.0,426.0,175.1,0.0
720927,2062.0,426.0,175.1,0.0
720940,2058.0,426.0,175.1,0.0
720940,2058.0,426.0,175.1,0.0
720941,2072.0,426.0,175.1,0.0
720957,2035.0,426.0,175.1,0.0
720957,2040.0,426.0,175.1,0.0
720957,2058.0,426.0,175.1,0.0
720957,2041.0,426.0,175.1,0.0
720971,2031.0,426.0,175.1,0.0
720971,2032.0,426.0,175.1,0.0
720972,2034.0,426.0,175.1,0.0
720984,2066.0,427.0,175.1,0.0
720985,2071.0,427.0,175.1,0.0
720985,2075.0,427.0,175.1,0.0
720985,2058.0,427.0,175.1,0.0
721002,2065.0,427.0,175.1,0.0
721002,2066.0,427.0,175.1,0.0
721002,2069.0,427.0,175.1,0.0
721003,2066.0,427.0,175.1,0.0
721015,2031.0,427.0,175.1,0.0
721016,2034.0,427.0,175.1,0.0
721016,2019.0,427.0,175.1,0.0
721033,2032.0,427.0,175.1,0.0
721034,2040.0,427.0,175.1,0.0
721034,2037.0,427.0,175.1,0.0
721034,2035.0,427.0,175.1,0.0
721046,2057.0,427.0,175.1,0.0
721047,2046.0,427.0,175.1,0.0
721047,2045.0,427.0,175.1,0.0
721061,2061.0,427.0,175.1,0.0
721061,2069.0,427.0,175.1,0.0
721061,2056.0,427.0,175.1,0.0
721061,2060.0,427.0,175.1,0.0
721079,2056.0,427.0,175.1,0.0
721079,2048.0,427.0,175.1,0.0
721080,2048.0,427.0,175.1,0.0
721080,2050.0,427.0,175.1,0.0
721092,2031.0,427.0,175.1,0.0
721093,2025.0,427.0,175.1,0.0
721093,2027.0,427.0,175.1,0.0
721106,2065.0,427.0,175.1,0.0
721106,2049.0,427.0,175.1,0.0
721106,2061.0,427.0,175.1,0.0
721106,2062.0,427.0,175.1,0.0
721123,2074.0,427.0,175.1,0.0
721124,2078.0,427.0,175.1,0.0
721124,2063.0,427.0,175.1,0.0
721124,2074.0,427.0,175.1,0.0
721136,2034.0,427.0,175.1,0.0
721137,2030.0,427.0,175.1,0.0
721137,2043.0,427.0,175.1,0.0
721151,2046.0,428.0,175.1,0.0
721151,2042.0,428.0,175.1,0.0
721151,2043.0,428.0,175.1,0.0
721152,2045.0,428.0,175.1,0.0
721169,2047.0,428.0,175.1,0.0
721169,2042.0,428.0,175.1,0.0
721169,2042.0,428.0,175.1,0.0
721169,2043.0,428.0,175.1,0.0
721182,2068.0,428.0,175.1,0.0
721183,2059.0,428.0,175.1,0.0
721183,2073.0,428.0,175.1,0.0
721200,2048.0,428.0,175.1,0.0
721201,2058.0,428.0,175.1,0.0
721201,2062.0,428.0,175.1,0.0
721201,2063.0,428.0,175.1,0.0
721214,2038.0,428.0,175.1,0.0
721214,2028.0,428.0,175.1,0.0
721215,2029.0,428.0,175.1,0.0
721228,2049.0,429.0,175.1,0.0
721228,2040.0,429.0,175.1,0.0
721229,2055.0,429.0,175.1,0.0
721229,2039.0,429.0,175.1,0.0
721245,2068.0,429.0,175.1,0.0
721245,2064.0,429.0,175.1,0.0
721245,2058.0,429.0,175.1,0.0
721245,2071.0,429.0,175.1,0.0
721259,2036.0,429.0,175.1,0.0
721259,2017.0,429.0,175.1,0.0
721259,2054.0,429.0,175.1,0.0
721275,2026.0,430.0,175.1,0.0
721276,2026.0,430.0,175.1,0.0
721276,2032.0,430.0,175.1,0.0
721276,2021.0,430.0,175.1,0.0
721290,2040.0,430.0,175.1,0.0
721290,2036.0,430.0,175.1,0.0
721290,2042.0,430.0,175.1,0.0
721303,2066.0,430.0,171.4,0.0
721304,2066.0,430.0,171.4,0.0
721304,2056.0,430.0,171.4,0.0
721304,2057.0,430.0,171.4,0.0
721322,2063.0,430.0,171.4,0.0
721322,2063.0,430.0,171.4,0.0
721323,2065.0,430.0,171.4,0.0
721323,2066.0,430.0,171.4,0.0
721335,2024.0,430.0,171.4,0.0
721336,2031.0,430.0,171.4,0.0
721336,2025.0,430.0,171.4,0.0
721350,2030.0,431.0,171.4,0.0
721350,2035.0,431.0,171.4,0.0
721350,2036.0,431.0,171.4,0.0
721350,2032.0,431.0,171.4,0.0
721367,2056.0,431.0,171.4,0.0
721368,2055.0,431.0,171.4,0.0
721368,2053.0,431.0,171.4,0.0
721368,2057.0,431.0,171.4,0.0
721381,2054.0,431.0,171.4,0.0
721381,2061.0,431.0,171.4,0.0
721381,2059.0,431.0,171.4,0.0
721394,2031.0,431.0,171.4,0.0
721394,2027.0,431.0,171.4,0.0
721395,2027.0,431.0,171.4,0.0
721395,2028.0,431.0,171.4,0.0
721412,2031.0,432.0,171.4,0.0
721412,2031.0,432.0,171.4,0.0
721412,2033.0,432.0,171.4,0.0
721413,2028.0,432.0,171.4,0.0
721425,2064.0,432.0,171.4,0.0
721425,2059.0,432.0,171.4,0.0
721426,2061.0,432.0,171.4,0.0
721443,2076.0,433.0,171.4,0.0
721443,2056.0,433.0,171.4,0.0
721444,2066.0,433.0,171.4,0.0
721444,2056.0,433.0,171.4,0.0
721457,2034.0,433.0,171.4,0.0
721458,2039.0,433.0,171.4,0.0
721458,2027.0,433.0,171.4,0.0
721471,2044.0,433.0,171.4,0.0
721471,2037.0,433.0,171.4,0.0
721471,2044.0,433.0,171.4,0.0
721471,2031.0,433.0,171.4,0.0
721488,2056.0,434.0,171.4,0.0
721489,2045.0,434.0,171.4,0.0
721489,2045.0,434.0,171.4,0.0
721489,2044.0,434.0,171.4,0.0
721502,2065.0,434.0,171.4,0.0
721502,2064.0,434.0,171.4,0.0
721502,2059.0,434.0,171.4,0.0
721515,2014.0,434.0,171.4,0.0
721515,2028.0,434.0,171.4,0.0
721516,2032.0,434.0,171.4,0.0
721516,2017.0,434.0,171.4,0.0
721532,2042.0,435.0,171.4,0.0
721533,2033.0,435.0,171.4,0.0
721533,2041.0,435.0,171.4,0.0
721533,2027.0,435.0,171.4,0.0
721547,2071.0,435.0,171.4,0.0
721547,2049.0,435.0,171.4,0.0
721548,2051.0,435.0,171.4,0.0
721564,2076.0,435.0,171.4,0.0
721564,2066.0,435.0,171.4,0.0
721564,2064.0,435.0,171.4,0.0
721565,2061.0,435.0,171.4,0.0
721578,2040.0,436.0,171.4,0.0
721578,2045.0,436.0,171.4,0.0
721579,2046.0,436.0,171.4,0.0
721591,2024.0,437.0,171.4,0.0
721592,2015.0,437.0,171.4,0.0
721592,2025.0,437.0,171.4,0.0
721592,2042.0,437.0,171.4,0.0
721609,2047.0,437.0,171.4,0.0
721610,2046.0,437.0,171.4,0.0
721610,2054.0,437.0,171.4,0.0
721610,2050.0,437.0,171.4,0.0
721623,2063.0,437.0,179.2,0.0
721623,2057.0,437.0,179.2,0.0
721623,2068.0,437.0,179.2,0.0
721640,2058.0,437.0,179.2,0.0
721641,2064.0,437.0,179.2,0.0
721641,2057.0,437.0,179.2,0.0
721641,2063.0,437.0,179.2,0.0
721654,2035.0,437.0,179.2,0.0
721654,2019.0,437.0,179.2,0.0
721654,2019.0,437.0,179.2,0.0
721668,2058.0,437.0,179.2,0.0
721668,2054.0,437.0,179.2,0.0
721668,2054.0,437.0,179.2,0.0
721668,2052.0,437.0,179.2,0.0
721686,2075.0,437.0,179.2,0.0
721687,2060.0,437.0,179.2,0.0
721687,2057.0,437.0,179.2,0.0
721687,2063.0,437.0,179.2,0.0
721700,2048.0,437.0,179.2,0.0
721700,2053.0,437.0,179.2,0.0
721700,2051.0,437.0,179.2,0.0
721713,2035.0,437.0,179.2,0.0
721713,2028.0,437.0,179.2,0.0
721714,2040.0,437.0,179.2,0.0
721714,2040.0,437.0,179.2,0.0
721731,2039.0,437.0,179.2,0.0
721731,2032.0,437.0,179.2,0.0
721731,2036.0,437.0,179.2,0.0
721731,2038.0,437.0,179.2,0.0
721744,2061.0,437.0,179.2,0.0
721745,2057.0,437.0,179.2,0.0
721745,2058.0,437.0,179.2,0.0
721758,2043.0,437.0,179.2,0.0
721759,2049.0,437.0,179.2,0.0
721759,2045.0,437.0,179.2,0.0
721759,2046.0,437.0,179.2,0.0
721776,2026.0,436.0,179.2,0.0
721776,2035.0,436.0,179.2,0.0
721777,2037.0,436.0,179.2,0.0
721777,2033.0,436.0,179.2,0.0
721789,2054.0,436.0,179.2,0.0
721790,2049.0,436.0,179.2,0.0
721790,2041.0,436.0,179.2,0.0
721807,2053.0,436.0,179.2,0.0
721807,2062.0,436.0,179.2,0.0
721808,2053.0,436.0,179.2,0.0
721808,2056.0,436.0,179.2,0.0
721820,2066.0,436.0,179.2,0.0
721821,2057.0,436.0,179.2,0.0
721821,2060.0,436.0,179.2,0.0
721834,2038.0,436.0,179.2,0.0
721834,2033.0,436.0,179.2,0.0
721834,2033.0,436.0,179.2,0.0
721834,2034.0,436.0,179.2,0.0
721851,2039.0,436.0,179.2,0.0
721852,2035.0,436.0,179.2,0.0
721852,2039.0,436.0,179.2,0.0
721852,2044.0,436.0,179.2,0.0
721866,2077.0,436.0,179.2,0.0
721866,2057.0,436.0,179.2,0.0
721866,2053.0,436.0,179.2,0.0
721882,2058.0,436.0,179.2,0.0
721883,2059.0,436.0,179.2,0.0
721883,2102.0,436.0,179.2,0.0
721883,2080.0,436.0,179.2,0.0
721897,2009.0,436.0,179.2,0.0
721898,2017.0,436.0,179.2,0.0
721898,2027.0,436.0,179.2,0.0
721910,2031.0,436.0,179.2,0.0
721911,2028.0,436.0,179.2,0.0
721911,2032.0,436.0,179.2,0.0
721911,2045.0,436.0,179.2,0.0
721929,2045.0,436.0,179.2,0.0
721929,2037.0,436.0,179.2,0.0
721929,2048.0,436.0,179.2,0.0
721930,2039.0,436.0,179.2,0.0
721942,2067.0,436.0,179.2,0.0
721943,2057.0,436.0,179.2,0.0
721943,2054.0,436.0,179.2,0.0
721957,2032.0,437.0,179.2,0.0
721957,2033.0,437.0,179.2,0.0
721957,2037.0,437.0,179.2,0.0
721957,2031.0,437.0,179.2,0.0
721973,2036.0,436.0,179.2,0.0
721973,2037.0,436.0,179.2,0.0
721974,2040.0,436.0,179.2,0.0
721974,2042.0,436.0,179.2,0.0
721987,2042.0,436.0,179.2,0.0
721988,2045.0,436.0,179.2,0.0
721988,2047.0,436.0,179.2,0.0
722004,2068.0,436.0,179.2,0.0
722004,2068.0,436.0,179.2,0.0
722004,2064.0,436.0,179.2,0.0
722004,2062.0,436.0,179.2,0.0
722018,2033.0,436.0,179.2,0.0
722018,2066.0,436.0,179.2,0.0
722019,2032.0,436.0,179.2,0.0
722031,2042.0,436.0,179.2,0.0
722032,1998.0,436.0,179.2,0.0
722032,2041.0,436.0,179.2,0.0
722032,2042.0,436.0,179.2,0.0
722050,2050.0,436.0,179.2,0.0
722050,2003.0,436.0,179.2,0.0
722050,2041.0,436.0,179.2,0.0
722051,2039.0,436.0,179.2,0.0
722063,2062.0,436.0,179.2,0.0
722064,2070.0,436.0,162.4,0.0
722064,2074.0,436.0,162.4,0.0
722077,2021.0,436.0,162.4,0.0
722078,2031.0,436.0,162.4,0.0
722078,2031.0,436.0,162.4,0.0
722078,2037.0,436.0,162.4,0.0
722095,2032.0,436.0,162.4,0.0
722095,2030.0,436.0,162.4,0.0
722096,2031.0,436.0,162.4,0.0
722096,2028.0,436.0,162.4,0.0
722108,2052.0,436.0,162.4,0.0
722109,2056.0,436.0,162.4,0.0
722109,2057.0,436.0,162.4,0.0
722126,2074.0,436.0,162.4,0.0
722126,2057.0,436.0,162.4,0.0
722127,2063.0,436.0,162.4,0.0
722127,2056.0,436.0,162.4,0.0
722139,2045.0,436.0,162.4,0.0
722140,2064.0,436.0,162.4,0.0
722140,2045.0,436.0,162.4,0.0
722152,2028.0,436.0,162.4,0.0
722153,2029.0,436.0,162.4,0.0
722153,2036.0,436.0,162.4,0.0
722171,2043.0,436.0,162.4,0.0
722171,2040.0,436.0,162.4,0.0
722171,2046.0,436.0,162.4,0.0
722172,2046.0,436.0,162.4,0.0
722185,2066.0,435.0,162.4,0.0
722186,2073.0,435.0,162.4,0.0
722186,2052.0,435.0,162.4,0.0
722198,2038.0,435.0,162.4,0.0
722199,2040.0,435.0,162.4,0.0
722199,2041.0,435.0,162.4,0.0
722199,2038.0,435.0,162.4,0.0
722216,2027.0,435.0,162.4,0.0
722216,2030.0,435.0,162.4,0.0
722217,2034.0,435.0,162.4,0.0
722217,2017.0,435.0,162.4,0.0
722229,2044.0,435.0,162.4,0.0
722230,2032.0,435.0,162.4,0.0
722230,2048.0,435.0,162.4,0.0
722247,2052.0,435.0,162.4,0.0
722247,2061.0,435.0,162.4,0.0
722248,2061.0,435.0,162.4,0.0
722248,2058.0,435.0,162.4,0.0
722260,2055.0,435.0,162.4,0.0
722261,2058.0,435.0,162.4,0.0
722261,2047.0,435.0,162.4,0.0
722275,2030.0,435.0,162.4,0.0
722275,2031.0,435.0,162.4,0.0
722275,2030.0,435.0,162.4,0.0
722275,2031.0,435.0,162.4,0.0
722292,2047.0,434.0,162.4,0.0
722293,2037.0,434.0,162.4,0.0
722293,2042.0,434.0,162.4,0.0
722293,2050.0,434.0,162.4,0.0
722306,2049.0,434.0,162.4,0.0
722307,2058.0,434.0,162.4,0.0
722307,2059.0,434.0,162.4,0.0
722320,2042.0,434.0,162.4,0.0
722320,2059.0,434.0,162.4,0.0
722320,2065.0,434.0,162.4,0.0
722320,2057.0,434.0,162.4,0.0
722337,2032.0,434.0,162.4,0.0
722338,2039.0,434.0,162.4,0.0
722338,2031.0,434.0,162.4,0.0
722338,2040.0,434.0,162.4,0.0
722350,2047.0,433.0,162.4,0.0
722351,2056.0,433.0,162.4,0.0
722351,2045.0,433.0,162.4,0.0
722364,2064.0,433.0,162.4,0.0
722365,2062.0,433.0,162.4,0.0
722365,2065.0,433.0,162.4,0.0
722365,2064.0,433.0,162.4,0.0
722381,2063.0,433.0,162.4,0.0
722381,2063.0,433.0,162.4,0.0
722382,2060.0,433.0,162.4,0.0
722382,2059.0,433.0,162.4,0.0
722395,2019.0,433.0,162.4,0.0
722396,2029.0,433.0,162.4,0.0
722396,2027.0,433.0,162.4,0.0
722412,2040.0,433.0,162.4,0.0
722412,2036.0,433.0,162.4,0.0
722412,2025.0,433.0,162.4,0.0
722413,2030.0,433.0,162.4,0.0
722426,2063.0,432.0,158.3,0.0
722427,2055.0,432.0,158.3,0.0
722427,2062.0,432.0,158.3,0.0
722439,2052.0,432.0,158.3,0.0
722440,2050.0,432.0,158.3,0.0
722440,2048.0,432.0,158.3,0.0
722440,2042.0,432.0,158.3,0.0
722457,2031.0,431.0,158.3,0.0
722457,2029.0,431.0,158.3,0.0
722457,2032.0,431.0,158.3,0.0
722458,2028.0,431.0,158.3,0.0
722470,2043.0,431.0,158.3,0.0
722471,2048.0,431.0,158.3,0.0
722471,2044.0,431.0,158.3,0.0
722487,2067.0,431.0,158.3,0.0
722488,2062.0,431.0,158.3,0.0
722488,2058.0,431.0,158.3,0.0
722488,2055.0,431.0,158.3,0.0
722501,2061.0,431.0,158.3,0.0
722501,2051.0,431.0,158.3,0.0
722502,2051.0,431.0,158.3,0.0
722515,2035.0,430.0,158.3,0.0
722515,2043.0,430.0,158.3,0.0
722516,2038.0,430.0,158.3,0.0
722516,2034.0,430.0,158.3,0.0
722534,2040.0,429.0,158.3,0.0
722534,2029.0,429.0,158.3,0.0
722534,2031.0,429.0,158.3,0.0
722534,2028.0,429.0,158.3,0.0
722547,2064.0,429.0,158.3,0.0
722547,2062.0,429.0,158.3,0.0
722548,2057.0,429.0,158.3,0.0
722560,2050.0,429.0,158.3,0.0
722560,2049.0,429.0,158.3,0.0
722561,2064.0,429.0,158.3,0.0
722577,2038.0,429.0,158.3,0.0
722578,2032.0,429.0,158.3,0.0
722578,2031.0,429.0,158.3,0.0
722578,2045.0,429.0,158.3,0.0
722591,2045.0,429.0,158.3,0.0
722591,2038.0,429.0,158.3,0.0
722591,2038.0,429.0,158.3,0.0
722605,2090.0,429.0,158.3,0.0
722605,2066.0,429.0,158.3,0.0
722605,2065.0,429.0,158.3,0.0
722606,2060.0,429.0,158.3,0.0
722621,2049.0,428.0,158.3,0.0
722622,2057.0,428.0,158.3,0.0
722622,2062.0,428.0,158.3,0.0
722622,2063.0,428.0,158.3,0.0
722636,2033.0,428.0,158.3,0.0
722636,2034.0,428.0,158.3,0.0
722636,2030.0,428.0,158.3,0.0
722653,2046.0,428.0,158.3,0.0
722654,2042.0,428.0,158.3,0.0
722654,2050.0,428.0,158.3,0.0
722654,2041.0,428.0,158.3,0.0
722667,2069.0,428.0,158.3,0.0
722667,2065.0,428.0,158.3,0.0
722667,2089.0,428.0,158.3,0.0
722680,2035.0,428.0,158.3,0.0
722681,2047.0,428.0,158.3,0.0
722681,2046.0,428.0,158.3,0.0
722681,2043.0,428.0,158.3,0.0
722698,2040.0,427.0,158.3,0.0
722699,2034.0,427.0,158.3,0.0
722699,2039.0,427.0,158.3,0.0
722699,2030.0,427.0,158.3,0.0
722711,2036.0,427.0,158.3,0.0
722712,2028.0,427.0,158.3,0.0
722712,2033.0,427.0,158.3,0.0
722726,2069.0,427.0,168.7,0.0
722726,2072.0,427.0,168.7,0.0
722727,2076.0,427.0,168.7,0.0
722727,2077.0,427.0,168.7,0.0
722744,2063.0,427.0,168.7,0.0
722744,2068.0,427.0,168.7,0.0
722744,2049.0,427.0,168.7,0.0
722745,2059.0,427.0,168.7,0.0
722757,2019.0,427.0,168.7,0.0
722758,2031.0,427.0,168.7,0.0
722758,2032.0,427.0,168.7,0.0
722775,2035.0,427.0,168.7,0.0
722775,2027.0,427.0,168.7,0.0
722775,2033.0,427.0,168.7,0.0
722776,2037.0,427.0,168.7,0.0
722788,2061.0,427.0,168.7,0.0
722789,2047.0,427.0,168.7,0.0
722789,2046.0,427.0,168.7,0.0
722802,2052.0,427.0,168.7,0.0
722803,2065.0,427.0,168.7,0.0
722803,2062.0,427.0,168.7,0.0
722803,2070.0,427.0,168.7,0.0
722819,1998.0,427.0,168.7,0.0
722820,2001.0,427.0,168.7,0.0
722820,2013.0,427.0,168.7,0.0
722820,2009.0,427.0,168.7,0.0
722834,2040.0,428.0,168.7,0.0
722834,2042.0,428.0,168.7,0.0
722834,2044.0,428.0,168.7,0.0
722850,2047.0,428.0,168.7,0.0
722851,2039.0,428.0,168.7,0.0
722851,2043.0,428.0,168.7,0.0
722851,2049.0,428.0,168.7,0.0
722864,2057.0,428.0,168.7,0.0
722865,2069.0,428.0,168.7,0.0
722865,2069.0,428.0,168.7,0.0
722878,2027.0,428.0,168.7,0.0
722878,2040.0,428.0,168.7,0.0
722878,2037.0,428.0,168.7,0.0
722878,2034.0,428.0,168.7,0.0
722896,2031.0,428.0,168.7,0.0
722897,2029.0,428.0,168.7,0.0
722897,2040.0,428.0,168.7,0.0
722897,2037.0,428.0,168.7,0.0
722910,2052.0,429.0,168.7,0.0
722910,2048.0,429.0,168.7,0.0
722910,2042.0,429.0,168.7,0.0
722924,2057.0,429.0,168.7,0.0
722924,2064.0,429.0,168.7,0.0
722924,2064.0,429.0,168.7,0.0
722925,2061.0,429.0,168.7,0.0
722942,2060.0,429.0,168.7,0.0
722942,2062.0,429.0,168.7,0.0
722942,2064.0,429.0,168.7,0.0
722943,2065.0,429.0,168.7,0.0
722955,2037.0,429.0,168.7,0.0
722955,2030.0,429.0,168.7,0.0
722956,2029.0,429.0,168.7,0.0
722968,2064.0,429.0,168.7,0.0
722969,2065.0,429.0,168.7,0.0
722969,2055.0,429.0,168.7,0.0
722969,2051.0,429.0,168.7,0.0
722986,2068.0,429.0,168.7,0.0
722987,2070.0,429.0,168.7,0.0
722987,2065.0,429.0,168.7,0.0
722987,2066.0,429.0,168.7,0.0
722999,2028.0,429.0,168.7,0.0
723000,2033.0,429.0,168.7,0.0
723000,2033.0,429.0,168.7,0.0
723017,2022.0,430.0,168.7,0.0
723018,2036.0,430.0,168.7,0.0
723018,2032.0,430.0,168.7,0.0
723018,2026.0,430.0,168.7,0.0
723032,2034.0,430.0,168.7,0.0
723032,2040.0,430.0,168.7,0.0
723032,2037.0,430.0,168.7,0.0
723045,2075.0,430.0,168.8,0.0
723045,2066.0,430.0,168.8,0.0
723045,2050.0,430.0,168.8,0.0
723046,2069.0,430.0,168.8,0.0
723062,2053.0,430.0,168.8,0.0
723063,2065.0,430.0,168.8,0.0
723063,2058.0,430.0,168.8,0.0
723063,2060.0,430.0,168.8,0.0
723076,2026.0,430.0,168.8,0.0
723076,2027.0,430.0,168.8,0.0
723076,2027.0,430.0,168.8,0.0
723089,2056.0,430.0,168.8,0.0
723090,2054.0,430.0,168.8,0.0
723090,2055.0,430.0,168.8,0.0
723090,2057.0,430.0,168.8,0.0
723107,2089.0,430.0,168.8,0.0
723108,2063.0,430.0,168.8,0.0
723108,2063.0,430.0,168.8,0.0
723108,2076.0,430.0,168.8,0.0
723122,2057.0,430.0,168.8,0.0
723122,2049.0,430.0,168.8,0.0
723122,2057.0,430.0,168.8,0.0
723138,2043.0,430.0,168.8,0.0
723139,2038.0,430.0,168.8,0.0
723139,2042.0,430.0,168.8,0.0
723139,2044.0,430.0,168.8,0.0
723153,2036.0,431.0,168.8,0.0
723153,2032.0,431.0,168.8,0.0
723153,2028.0,431.0,168.8,0.0
723166,2062.0,431.0,168.8,0.0
723166,2065.0,431.0,168.8,0.0
723166,2068.0,431.0,168.8,0.0
723167,2067.0,431.0,168.8,0.0
723183,2060.0,431.0,168.8,0.0
723184,2061.0,431.0,168.8,0.0
723184,2063.0,431.0,168.8,0.0
723184,2059.0,431.0,168.8,0.0
723197,2040.0,431.0,168.8,0.0
723197,2033.0,431.0,168.8,0.0
723197,2031.0,431.0,168.8,0.0
723211,2042.0,431.0,168.8,0.0
723211,2047.0,431.0,168.8,0.0
723211,2045.0,431.0,168.8,0.0
723212,2044.0,431.0,168.8,0.0
723227,2067.0,431.0,168.8,0.0
723228,2077.0,431.0,168.8,0.0
723228,2067.0,431.0,168.8,0.0
723228,2067.0,431.0,168.8,0.0
723242,2063.0,431.0,168.8,0.0
723242,2072.0,431.0,168.8,0.0
723243,2062.0,431.0,168.8,0.0
723259,2013.0,431.0,168.8,0.0
723259,2015.0,431.0,168.8,0.0
723259,2027.0,431.0,168.8,0.0
723259,2017.0,431.0,168.8,0.0
723273,2036.0,432.0,168.8,0.0
723274,2029.0,432.0,168.8,0.0
723274,2037.0,432.0,168.8,0.0
723286,2063.0,432.0,168.8,0.0
723287,2070.0,432.0,168.8,0.0
723287,2057.0,432.0,168.8,0.0
723287,2058.0,432.0,168.8,0.0
723304,2065.0,432.0,168.8,0.0
723304,2062.0,432.0,168.8,0.0
723304,2062.0,432.0,168.8,0.0
723305,2061.0,432.0,168.8,0.0
723317,2027.0,432.0,168.8,0.0
723317,2037.0,432.0,168.8,0.0
723318,2027.0,432.0,168.8,0.0
723331,2052.0,432.0,168.8,0.0
723332,2055.0,432.0,168.8,0.0
723332,2051.0,432.0,168.8,0.0
723332,2056.0,432.0,168.8,0.0
723348,2062.0,432.0,168.8,0.0
723348,2059.0,432.0,168.8,0.0
723349,2060.0,432.0,168.8,0.0
723349,2061.0,432.0,168.8,0.0
723362,2055.0,432.0,168.8,0.0
723363,2062.0,432.0,168.8,0.0
723363,2052.0,432.0,168.8,0.0
723379,2030.0,432.0,168.8,0.0
723379,2034.0,432.0,168.8,0.0
723379,2035.0,432.0,168.8,0.0
723380,2033.0,432.0,168.8,0.0
723393,2014.0,433.0,168.8,0.0
723394,2034.0,433.0,168.8,0.0
723394,2033.0,433.0,168.8,0.0
723406,2066.0,433.0,178.8,0.0
723407,2063.0,433.0,178.8,0.0
723407,2071.0,433.0,178.8,0.0
723407,2101.0,433.0,178.8,0.0
723424,2062.0,433.0,178.8,0.0
723425,2069.0,433.0,178.8,0.0
723425,2068.0,433.0,178.8,0.0
723425,2062.0,433.0,178.8,0.0
723438,2013.0,433.0,178.8,0.0
723438,2021.0,433.0,178.8,0.0
723439,2030.0,433.0,178.8,0.0
723455,2037.0,434.0,178.8,0.0
723456,2029.0,434.0,178.8,0.0
723456,2038.0,434.0,178.8,0.0
723456,2031.0,434.0,178.8,0.0
723470,2066.0,434.0,178.8,0.0
723471,2047.0,434.0,178.8,0.0
723471,2046.0,434.0,178.8,0.0
723483,2055.0,435.0,178.8,0.0
723484,2054.0,435.0,178.8,0.0
723484,2061.0,435.0,178.8,0.0
723484,2063.0,435.0,178.8,0.0
723502,2036.0,435.0,178.8,0.0
723502,2056.0,435.0,178.8,0.0
723503,2060.0,435.0,178.8,0.0
723503,2061.0,435.0,178.8,0.0
723515,2027.0,435.0,178.8,0.0
723516,2038.0,435.0,178.8,0.0
723516,2029.0,435.0,178.8,0.0
723530,2056.0,436.0,178.8,0.0
723530,2052.0,436.0,178.8,0.0
723530,2048.0,436.0,178.8,0.0
723531,2057.0,436.0,178.8,0.0
723547,2080.0,436.0,178.8,0.0
723547,2072.0,436.0,178.8,0.0
723547,2082.0,436.0,178.8,0.0
723548,2078.0,436.0,178.8,0.0
723561,2030.0,438.0,178.8,0.0
723562,2031.0,438.0,178.8,0.0
723562,2042.0,438.0,178.8,0.0
723578,2033.0,438.0,178.8,0.0
723579,2043.0,438.0,178.8,0.0
723579,2032.0,438.0,178.8,0.0
723579,2033.0,438.0,178.8,0.0
723593,2034.0,438.0,178.8,0.0
723593,2043.0,438.0,178.8,0.0
723593,2040.0,438.0,178.8,0.0
723606,2062.0,438.0,178.8,0.0
723606,2066.0,438.0,178.8,0.0
723606,2074.0,438.0,178.8,0.0
723606,2078.0,438.0,178.8,0.0
723624,2059.0,438.0,178.8,0.0
723625,2064.0,438.0,178.8,0.0
723625,2064.0,438.0,178.8,0.0
723625,2087.0,438.0,178.8,0.0
723638,2018.0,439.0,178.8,0.0
723638,2018.0,439.0,178.8,0.0
723638,2004.0,439.0,178.8,0.0
723652,2048.0,439.0,178.8,0.0
723652,2041.0,439.0,178.8,0.0
723653,2050.0,439.0,178.8,0.0
723653,2046.0,439.0,178.8,0.0
723670,2050.0,439.0,178.8,0.0
723670,2056.0,439.0,178.8,0.0
723670,2023.0,439.0,178.8,0.0
723671,2060.0,439.0,178.8,0.0
723683,2048.0,439.0,178.8,0.0
723683,2057.0,439.0,178.8,0.0
723684,2047.0,439.0,178.8,0.0
723696,1993.0,439.0,178.8,0.0
723697,1996.0,439.0,178.8,0.0
723697,2020.0,439.0,178.8,0.0
723697,2017.0,439.0,178.8,0.0
723714,2035.0,440.0,178.8,0.0
723714,2037.0,440.0,178.8,0.0
723715,2041.0,440.0,178.8,0.0
723715,2043.0,440.0,178.8,0.0
723728,2061.0,440.0,184.5,0.0
723728,2056.0,440.0,184.5,0.0
723728,2057.0,440.0,184.5,0.0
723745,2060.0,440.0,184.5,0.0
723746,2064.0,440.0,184.5,0.0
723746,2059.0,440.0,184.5,0.0
723746,2068.0,440.0,184.5,0.0
723759,2029.0,439.0,184.5,0.0
723760,2036.0,439.0,184.5,0.0
723760,2032.0,439.0,184.5,0.0
723773,2040.0,439.0,184.5,0.0
723773,2029.0,439.0,184.5,0.0
723773,2042.0,439.0,184.5,0.0
723773,2011.0,439.0,184.5,0.0
723790,2064.0,439.0,184.5,0.0
723791,2055.0,439.0,184.5,0.0
723791,2042.0,439.0,184.5,0.0
723791,2051.0,439.0,184.5,0.0
723803,2047.0,439.0,184.5,0.0
723804,2056.0,439.0,184.5,0.0
723804,2043.0,439.0,184.5,0.0
723817,2028.0,439.0,184.5,0.0
723817,2033.0,439.0,184.5,0.0
723817,2035.0,439.0,184.5,0.0
723834,2045.0,439.0,184.5,0.0
723834,2035.0,439.0,184.5,0.0
723834,2040.0,439.0,184.5,0.0
723835,2044.0,439.0,184.5,0.0
723847,2062.0,439.0,184.5,0.0
723848,2056.0,439.0,184.5,0.0
723848,2059.0,439.0,184.5,0.0
723866,2062.0,438.0,184.5,0.0
723866,2060.0,438.0,184.5,0.0
723866,2060.0,438.0,184.5,0.0
723866,2047.0,438.0,184.5,0.0
723880,2024.0,439.0,184.5,0.0
723880,2027.0,439.0,184.5,0.0
723881,2034.0,439.0,184.5,0.0
723893,2042.0,439.0,184.5,0.0
723894,2034.0,439.0,184.5,0.0
723894,2031.0,439.0,184.5,0.0
723894,2027.0,439.0,184.5,0.0
723911,2061.0,439.0,184.5,0.0
723911,2061.0,439.0,184.5,0.0
723911,2054.0,439.0,184.5,0.0
723912,2053.0,439.0,184.5,0.0
723924,2048.0,439.0,184.5,0.0
723924,2060.0,439.0,184.5,0.0
723925,2056.0,439.0,184.5,0.0
723938,2028.0,438.0,184.5,0.0
723939,2027.0,438.0,184.5,0.0
723939,2026.0,438.0,184.5,0.0
723939,2026.0,438.0,184.5,0.0
723955,2032.0,438.0,184.5,0.0
723955,2030.0,438.0,184.5,0.0
723955,2040.0,438.0,184.5,0.0
723956,2032.0,438.0,184.5,0.0
723969,2056.0,438.0,184.5,0.0
723969,2059.0,438.0,184.5,0.0
723970,2057.0,438.0,184.5,0.0
723986,2075.0,438.0,184.5,0.0
723986,2072.0,438.0,184.5,0.0
723986,2073.0,438.0,184.5,0.0
723986,2072.0,438.0,184.5,0.0
724000,2016.0,438.0,184.5,0.0
724000,2020.0,438.0,184.5,0.0
724001,2026.0,438.0,184.5,0.0
724013,2036.0,438.0,184.5,0.0
724014,2039.0,438.0,184.5,0.0
724014,2034.0,438.0,184.5,0.0
724014,2047.0,438.0,184.5,0.0
724031,2056.0,438.0,184.5,0.0
724032,2054.0,438.0,184.5,0.0
724032,2056.0,438.0,184.5,0.0
724032,2060.0,438.0,184.5,0.0
724045,2053.0,438.0,184.5,0.0
724045,2056.0,438.0,184.5,0.0
724045,2055.0,438.0,184.5,0.0
724062,2044.0,438.0,184.5,0.0
724062,2049.0,438.0,184.5,0.0
724063,2059.0,438.0,184.5,0.0
724063,2046.0,438.0,184.5,0.0
724075,2017.0,438.0,184.5,0.0
724076,2017.0,438.0,184.5,0.0
724076,2020.0,438.0,184.5,0.0
724089,2064.0,437.0,176.1,0.0
724090,2056.0,437.0,176.1,0.0
724090,2050.0,437.0,176.1,0.0
724090,2059.0,437.0,176.1,0.0
724108,2074.0,437.0,176.1,0.0
724108,2062.0,437.0,176.1,0.0
724109,2062.0,437.0,176.1,0.0
724109,2061.0,437.0,176.1,0.0
724121,2040.0,437.0,176.1,0.0
724122,2032.0,437.0,176.1,0.0
724122,2044.0,437.0,176.1,0.0
724134,2039.0,437.0,176.1,0.0
724135,2033.0,437.0,176.1,0.0
724135,2034.0,437.0,176.1,0.0
724152,2064.0,437.0,176.1,0.0
724153,2049.0,437.0,176.1,0.0
724153,2036.0,437.0,176.1,0.0
724153,2043.0,437.0,176.1,0.0
724166,2064.0,437.0,176.1,0.0
724166,2072.0,437.0,176.1,0.0
724166,2070.0,437.0,176.1,0.0
724180,2033.0,438.0,176.1,0.0
724180,2032.0,438.0,176.1,0.0
724181,2035.0,438.0,176.1,0.0
724181,2038.0,438.0,176.1,0.0
724197,2027.0,437.0,176.1,0.0
724198,2024.0,437.0,176.1,0.0
724198,2028.0,437.0,176.1,0.0
724198,2028.0,437.0,176.1,0.0
724211,2041.0,437.0,176.1,0.0
724211,2049.0,437.0,176.1,0.0
724212,2048.0,437.0,176.1,0.0
724229,2095.0,437.0,176.1,0.0
724229,2067.0,437.0,176.1,0.0
724229,2064.0,437.0,176.1,0.0
724229,2072.0,437.0,176.1,0.0
724242,2047.0,437.0,176.1,0.0
724242,2036.0,437.0,176.1,0.0
724243,2042.0,437.0,176.1,0.0
724255,2033.0,437.0,176.1,0.0
724256,2029.0,437.0,176.1,0.0
724256,2030.0,437.0,176.1,0.0
724256,2028.0,437.0,176.1,0.0
724273,2044.0,436.0,176.1,0.0
724273,2043.0,436.0,176.1,0.0
724274,2045.0,436.0,176.1,0.0
724274,2042.0,436.0,176.1,0.0
724287,2062.0,436.0,176.1,0.0
724288,2062.0,436.0,176.1,0.0
724288,2062.0,436.0,176.1,0.0
724304,2061.0,436.0,176.1,0.0
